tier,lens,role_unit_key,dominant_role,occurrences,distinct_lines,distinct_token_types,status_standard,dominant_role_share,stratified_role_purity,metadata_concentration_risk_max_share,top_tokens
low_reliability_or_unlikely,surface_token,chey,R06,54,50,1,STABLE_BUT_LOCAL_OR_THRESHOLD_SENSITIVE,1.0,1.0,0.963,chey
low_reliability_or_unlikely,surface_token,lchedy,R00,27,27,1,STABLE_BUT_LOCAL_OR_THRESHOLD_SENSITIVE,1.0,1.0,1.0,lchedy
low_reliability_or_unlikely,surface_token,cheey,R06,25,24,1,STABLE_BUT_LOCAL_OR_THRESHOLD_SENSITIVE,1.0,1.0,0.92,cheey
low_reliability_or_unlikely,surface_token,chy,R00,21,20,1,STABLE_BUT_LOCAL_OR_THRESHOLD_SENSITIVE,1.0,1.0,0.857,chy
low_reliability_or_unlikely,surface_token,shy,R06,21,20,1,STABLE_BUT_LOCAL_OR_THRESHOLD_SENSITIVE,1.0,1.0,0.619,shy
low_reliability_or_unlikely,surface_token,sain,R06,20,20,1,STABLE_BUT_LOCAL_OR_THRESHOLD_SENSITIVE,1.0,1.0,1.0,sain
low_reliability_or_unlikely,surface_token,chody,R00,18,18,1,CONTEXTUAL_ROLE_SIGNAL,1.0,1.0,0.889,chody
low_reliability_or_unlikely,surface_token,o,R00,14,14,1,CONTEXTUAL_ROLE_SIGNAL,1.0,1.0,0.571,o
low_reliability_or_unlikely,surface_token,sar,R06,14,14,1,CONTEXTUAL_ROLE_SIGNAL,1.0,1.0,0.786,sar
low_reliability_or_unlikely,surface_token,shckhy,R06,14,14,1,CONTEXTUAL_ROLE_SIGNAL,1.0,1.0,1.0,shckhy
low_reliability_or_unlikely,surface_token,cheor,R00,13,13,1,CONTEXTUAL_ROLE_SIGNAL,1.0,1.0,0.923,cheor
low_reliability_or_unlikely,surface_token,otar,R01,13,13,1,CONTEXTUAL_ROLE_SIGNAL,1.0,1.0,1.0,otar
low_reliability_or_unlikely,surface_token,oteey,R01,13,12,1,CONTEXTUAL_ROLE_SIGNAL,1.0,1.0,0.923,oteey
low_reliability_or_unlikely,surface_token,raiin,R00,13,13,1,CONTEXTUAL_ROLE_SIGNAL,1.0,1.0,1.0,raiin
low_reliability_or_unlikely,surface_token,ain,R06,12,11,1,CONTEXTUAL_ROLE_SIGNAL,1.0,1.0,0.75,ain
low_reliability_or_unlikely,surface_token,chal,R00,12,12,1,CONTEXTUAL_ROLE_SIGNAL,1.0,1.0,0.917,chal
low_reliability_or_unlikely,surface_token,char,R11,12,12,1,CONTEXTUAL_ROLE_SIGNAL,1.0,1.0,0.75,char
low_reliability_or_unlikely,surface_token,chear,R00,12,11,1,CONTEXTUAL_ROLE_SIGNAL,1.0,1.0,1.0,chear
low_reliability_or_unlikely,surface_token,cho,R00,12,12,1,CONTEXTUAL_ROLE_SIGNAL,1.0,1.0,0.917,cho
low_reliability_or_unlikely,surface_token,choky,R00,12,11,1,CONTEXTUAL_ROLE_SIGNAL,1.0,1.0,0.917,choky
low_reliability_or_unlikely,surface_token,cthor,R04,12,12,1,CONTEXTUAL_ROLE_SIGNAL,1.0,1.0,1.0,cthor
low_reliability_or_unlikely,surface_token,dary,R06,12,12,1,CONTEXTUAL_ROLE_SIGNAL,1.0,1.0,0.583,dary
low_reliability_or_unlikely,surface_token,dor,R06,12,12,1,CONTEXTUAL_ROLE_SIGNAL,1.0,1.0,0.917,dor
low_reliability_or_unlikely,surface_token,lkeedy,R00,12,12,1,CONTEXTUAL_ROLE_SIGNAL,1.0,1.0,1.0,lkeedy
low_reliability_or_unlikely,surface_token,okeody,R00,12,12,1,CONTEXTUAL_ROLE_SIGNAL,1.0,1.0,0.583,okeody
low_reliability_or_unlikely,surface_token,okey,R00,12,12,1,CONTEXTUAL_ROLE_SIGNAL,1.0,1.0,0.833,okey
low_reliability_or_unlikely,surface_token,otor,R00,12,11,1,CONTEXTUAL_ROLE_SIGNAL,1.0,1.0,0.667,otor
low_reliability_or_unlikely,surface_token,qotaiin,H13,12,12,1,CONTEXTUAL_ROLE_SIGNAL,1.0,1.0,0.917,qotaiin
low_reliability_or_unlikely,surface_token,qotal,H13,12,12,1,CONTEXTUAL_ROLE_SIGNAL,1.0,1.0,1.0,qotal
low_reliability_or_unlikely,surface_token,r,R00,12,12,1,CONTEXTUAL_ROLE_SIGNAL,1.0,1.0,0.583,r
low_reliability_or_unlikely,surface_token,am,R06,11,11,1,CONTEXTUAL_ROLE_SIGNAL,1.0,1.0,0.818,am
low_reliability_or_unlikely,surface_token,cheedy,R06,11,11,1,CONTEXTUAL_ROLE_SIGNAL,1.0,1.0,1.0,cheedy
low_reliability_or_unlikely,surface_token,cthey,R04,11,11,1,CONTEXTUAL_ROLE_SIGNAL,1.0,1.0,1.0,cthey
low_reliability_or_unlikely,surface_token,dair,R06,11,11,1,CONTEXTUAL_ROLE_SIGNAL,1.0,1.0,0.818,dair
low_reliability_or_unlikely,surface_token,lkain,R00,11,10,1,CONTEXTUAL_ROLE_SIGNAL,1.0,1.0,1.0,lkain
low_reliability_or_unlikely,surface_token,lor,R00,11,11,1,CONTEXTUAL_ROLE_SIGNAL,1.0,1.0,1.0,lor
low_reliability_or_unlikely,surface_token,lshedy,R00,11,11,1,CONTEXTUAL_ROLE_SIGNAL,1.0,1.0,1.0,lshedy
low_reliability_or_unlikely,surface_token,olkeedy,R00,11,11,1,CONTEXTUAL_ROLE_SIGNAL,1.0,1.0,1.0,olkeedy
low_reliability_or_unlikely,surface_token,oty,R01,11,11,1,CONTEXTUAL_ROLE_SIGNAL,1.0,1.0,1.0,oty
low_reliability_or_unlikely,surface_token,qotchy,H13,11,11,1,CONTEXTUAL_ROLE_SIGNAL,1.0,1.0,0.909,qotchy
low_reliability_or_unlikely,surface_token,sal,R06,11,11,1,CONTEXTUAL_ROLE_SIGNAL,1.0,1.0,0.727,sal
low_reliability_or_unlikely,surface_token,shor,R06,11,11,1,CONTEXTUAL_ROLE_SIGNAL,1.0,1.0,0.818,shor
low_reliability_or_unlikely,surface_token,ykaiin,R06,11,11,1,CONTEXTUAL_ROLE_SIGNAL,1.0,1.0,1.0,ykaiin
low_reliability_or_unlikely,surface_token,chodaiin,R00,10,9,1,CONTEXTUAL_ROLE_SIGNAL,1.0,1.0,0.9,chodaiin
low_reliability_or_unlikely,surface_token,dshedy,R06,10,10,1,CONTEXTUAL_ROLE_SIGNAL,1.0,1.0,1.0,dshedy
low_reliability_or_unlikely,surface_token,lol,R00,10,10,1,CONTEXTUAL_ROLE_SIGNAL,1.0,1.0,1.0,lol
low_reliability_or_unlikely,surface_token,otey,R01,10,10,1,CONTEXTUAL_ROLE_SIGNAL,1.0,1.0,1.0,otey
low_reliability_or_unlikely,surface_token,qokchy,H08,10,10,1,CONTEXTUAL_ROLE_SIGNAL,1.0,1.0,0.9,qokchy
low_reliability_or_unlikely,surface_token,qotar,H13,10,10,1,CONTEXTUAL_ROLE_SIGNAL,1.0,1.0,1.0,qotar
low_reliability_or_unlikely,surface_token,shdy,R06,10,10,1,CONTEXTUAL_ROLE_SIGNAL,1.0,1.0,1.0,shdy
low_reliability_or_unlikely,surface_token,sor,R06,10,10,1,CONTEXTUAL_ROLE_SIGNAL,1.0,1.0,0.9,sor
low_reliability_or_unlikely,surface_token,tedy,R06,10,9,1,CONTEXTUAL_ROLE_SIGNAL,1.0,1.0,1.0,tedy
low_reliability_or_unlikely,surface_token,chaiin,R00,9,8,1,LOW_POWER_OR_UNSTABLE,1.0,1.0,1.0,chaiin
low_reliability_or_unlikely,surface_token,ckhy,R00,9,9,1,LOW_POWER_OR_UNSTABLE,1.0,1.0,1.0,ckhy
low_reliability_or_unlikely,surface_token,kar,R06,9,9,1,LOW_POWER_OR_UNSTABLE,1.0,1.0,0.889,kar
low_reliability_or_unlikely,surface_token,lkaiin,R00,9,9,1,LOW_POWER_OR_UNSTABLE,1.0,1.0,1.0,lkaiin
low_reliability_or_unlikely,surface_token,lkeey,R00,9,9,1,LOW_POWER_OR_UNSTABLE,1.0,1.0,1.0,lkeey
low_reliability_or_unlikely,surface_token,odaiin,R10,9,9,1,LOW_POWER_OR_UNSTABLE,1.0,1.0,0.778,odaiin
low_reliability_or_unlikely,surface_token,okchy,R00,9,9,1,LOW_POWER_OR_UNSTABLE,1.0,1.0,0.667,okchy
low_reliability_or_unlikely,surface_token,okeol,R06,9,9,1,LOW_POWER_OR_UNSTABLE,1.0,1.0,0.667,okeol
low_reliability_or_unlikely,surface_token,olkeey,R00,9,9,1,LOW_POWER_OR_UNSTABLE,1.0,1.0,1.0,olkeey
low_reliability_or_unlikely,surface_token,opchey,R00,9,9,1,LOW_POWER_OR_UNSTABLE,1.0,1.0,0.667,opchey
low_reliability_or_unlikely,surface_token,otal,R01,9,8,1,LOW_POWER_OR_UNSTABLE,1.0,1.0,1.0,otal
low_reliability_or_unlikely,surface_token,otaly,R00,9,9,1,LOW_POWER_OR_UNSTABLE,1.0,1.0,0.556,otaly
low_reliability_or_unlikely,surface_token,otchdy,R00,9,9,1,LOW_POWER_OR_UNSTABLE,1.0,1.0,0.778,otchdy
low_reliability_or_unlikely,surface_token,pchedy,R06,9,9,1,LOW_POWER_OR_UNSTABLE,1.0,1.0,1.0,pchedy
low_reliability_or_unlikely,surface_token,qokchey,H08,9,9,1,LOW_POWER_OR_UNSTABLE,1.0,1.0,1.0,qokchey
low_reliability_or_unlikely,surface_token,qokeol,H08,9,9,1,LOW_POWER_OR_UNSTABLE,1.0,1.0,1.0,qokeol
low_reliability_or_unlikely,surface_token,d,R06,8,8,1,LOW_POWER_OR_UNSTABLE,1.0,1.0,0.625,d
low_reliability_or_unlikely,surface_token,keedy,R06,8,8,1,LOW_POWER_OR_UNSTABLE,1.0,1.0,0.875,keedy
low_reliability_or_unlikely,surface_token,lshey,R00,8,8,1,LOW_POWER_OR_UNSTABLE,1.0,1.0,1.0,lshey
low_reliability_or_unlikely,surface_token,ody,R00,8,8,1,LOW_POWER_OR_UNSTABLE,1.0,1.0,0.875,ody
low_reliability_or_unlikely,surface_token,okaly,R00,8,8,1,LOW_POWER_OR_UNSTABLE,1.0,1.0,0.5,okaly
low_reliability_or_unlikely,surface_token,okary,R00,8,8,1,LOW_POWER_OR_UNSTABLE,1.0,1.0,0.375,okary
low_reliability_or_unlikely,surface_token,okchdy,R00,8,8,1,LOW_POWER_OR_UNSTABLE,1.0,1.0,0.875,okchdy
low_reliability_or_unlikely,surface_token,olchedy,R00,8,8,1,LOW_POWER_OR_UNSTABLE,1.0,1.0,1.0,olchedy
low_reliability_or_unlikely,surface_token,opchedy,R00,8,7,1,LOW_POWER_OR_UNSTABLE,1.0,1.0,1.0,opchedy
low_reliability_or_unlikely,surface_token,otam,R06,8,8,1,LOW_POWER_OR_UNSTABLE,1.0,1.0,0.875,otam
low_reliability_or_unlikely,surface_token,otol,R01,8,7,1,LOW_POWER_OR_UNSTABLE,1.0,1.0,1.0,otol
low_reliability_or_unlikely,surface_token,qokeody,H11,8,6,1,LOW_POWER_OR_UNSTABLE,1.0,1.0,1.0,qokeody
low_reliability_or_unlikely,surface_token,sheody,R06,8,8,1,LOW_POWER_OR_UNSTABLE,1.0,1.0,0.875,sheody
low_reliability_or_unlikely,surface_token,ykar,R06,8,8,1,LOW_POWER_OR_UNSTABLE,1.0,1.0,0.875,ykar
low_reliability_or_unlikely,surface_token,ykedy,R00,8,8,1,LOW_POWER_OR_UNSTABLE,1.0,1.0,1.0,ykedy
low_reliability_or_unlikely,surface_token,air,R00,7,7,1,LOW_POWER_OR_UNSTABLE,1.0,1.0,0.571,air
low_reliability_or_unlikely,surface_token,ary,R00,7,7,1,LOW_POWER_OR_UNSTABLE,1.0,1.0,0.714,ary
low_reliability_or_unlikely,surface_token,checkhy,R00,7,7,1,LOW_POWER_OR_UNSTABLE,1.0,1.0,1.0,checkhy
low_reliability_or_unlikely,surface_token,chky,R00,7,6,1,LOW_POWER_OR_UNSTABLE,1.0,1.0,0.857,chky
low_reliability_or_unlikely,surface_token,chocthy,R00,7,7,1,LOW_POWER_OR_UNSTABLE,1.0,1.0,1.0,chocthy
low_reliability_or_unlikely,surface_token,chos,R00,7,7,1,LOW_POWER_OR_UNSTABLE,1.0,1.0,1.0,chos
low_reliability_or_unlikely,surface_token,da,R06,7,7,1,LOW_POWER_OR_UNSTABLE,1.0,1.0,1.0,da
low_reliability_or_unlikely,surface_token,daly,R09,7,7,1,LOW_POWER_OR_UNSTABLE,1.0,1.0,0.857,daly
low_reliability_or_unlikely,surface_token,kaiin,R06,7,6,1,LOW_POWER_OR_UNSTABLE,1.0,1.0,1.0,kaiin
low_reliability_or_unlikely,surface_token,kol,R06,7,7,1,LOW_POWER_OR_UNSTABLE,1.0,1.0,0.857,kol
low_reliability_or_unlikely,surface_token,lchey,R00,7,7,1,LOW_POWER_OR_UNSTABLE,1.0,1.0,1.0,lchey
low_reliability_or_unlikely,surface_token,lkedy,R00,7,7,1,LOW_POWER_OR_UNSTABLE,1.0,1.0,1.0,lkedy
low_reliability_or_unlikely,surface_token,oiin,R00,7,7,1,LOW_POWER_OR_UNSTABLE,1.0,1.0,1.0,oiin
low_reliability_or_unlikely,surface_token,okaldy,R00,7,7,1,LOW_POWER_OR_UNSTABLE,1.0,1.0,0.571,okaldy
low_reliability_or_unlikely,surface_token,okor,R00,7,7,1,LOW_POWER_OR_UNSTABLE,1.0,1.0,0.714,okor
low_reliability_or_unlikely,surface_token,olchey,R00,7,7,1,LOW_POWER_OR_UNSTABLE,1.0,1.0,1.0,olchey
low_reliability_or_unlikely,surface_token,oldy,R00,7,7,1,LOW_POWER_OR_UNSTABLE,1.0,1.0,0.571,oldy
low_reliability_or_unlikely,surface_token,olkedy,R00,7,7,1,LOW_POWER_OR_UNSTABLE,1.0,1.0,1.0,olkedy
low_reliability_or_unlikely,surface_token,ory,R00,7,7,1,LOW_POWER_OR_UNSTABLE,1.0,1.0,0.714,ory
low_reliability_or_unlikely,surface_token,qockhey,H07,7,7,1,LOW_POWER_OR_UNSTABLE,1.0,1.0,1.0,qockhey
low_reliability_or_unlikely,surface_token,qotol,H13,7,7,1,LOW_POWER_OR_UNSTABLE,1.0,1.0,0.857,qotol
low_reliability_or_unlikely,surface_token,sair,R06,7,7,1,LOW_POWER_OR_UNSTABLE,1.0,1.0,0.857,sair
low_reliability_or_unlikely,surface_token,sheky,R06,7,7,1,LOW_POWER_OR_UNSTABLE,1.0,1.0,0.857,sheky
low_reliability_or_unlikely,surface_token,sheo,R06,7,7,1,LOW_POWER_OR_UNSTABLE,1.0,1.0,0.857,sheo
low_reliability_or_unlikely,surface_token,sheor,R06,7,7,1,LOW_POWER_OR_UNSTABLE,1.0,1.0,1.0,sheor
low_reliability_or_unlikely,surface_token,sy,R06,7,7,1,LOW_POWER_OR_UNSTABLE,1.0,1.0,1.0,sy
low_reliability_or_unlikely,surface_token,taiin,R06,7,7,1,LOW_POWER_OR_UNSTABLE,1.0,1.0,1.0,taiin
low_reliability_or_unlikely,surface_token,yteedy,R00,7,7,1,LOW_POWER_OR_UNSTABLE,1.0,1.0,0.857,yteedy
low_reliability_or_unlikely,surface_token,chckhey,R00,6,6,1,LOW_POWER_OR_UNSTABLE,1.0,1.0,1.0,chckhey
low_reliability_or_unlikely,surface_token,cheal,R00,6,6,1,LOW_POWER_OR_UNSTABLE,1.0,1.0,1.0,cheal
low_reliability_or_unlikely,surface_token,chedaiin,R00,6,6,1,LOW_POWER_OR_UNSTABLE,1.0,1.0,1.0,chedaiin
low_reliability_or_unlikely,surface_token,chockhy,R00,6,6,1,LOW_POWER_OR_UNSTABLE,1.0,1.0,0.667,chockhy
low_reliability_or_unlikely,surface_token,choty,R00,6,6,1,LOW_POWER_OR_UNSTABLE,1.0,1.0,1.0,choty
low_reliability_or_unlikely,surface_token,dchor,R06,6,6,1,LOW_POWER_OR_UNSTABLE,1.0,1.0,0.833,dchor
low_reliability_or_unlikely,surface_token,kain,R06,6,6,1,LOW_POWER_OR_UNSTABLE,1.0,1.0,1.0,kain
low_reliability_or_unlikely,surface_token,kchy,R06,6,5,1,LOW_POWER_OR_UNSTABLE,1.0,1.0,1.0,kchy
low_reliability_or_unlikely,surface_token,kedy,R06,6,5,1,LOW_POWER_OR_UNSTABLE,1.0,1.0,1.0,kedy
low_reliability_or_unlikely,surface_token,keol,R06,6,6,1,LOW_POWER_OR_UNSTABLE,1.0,1.0,0.833,keol
low_reliability_or_unlikely,surface_token,lcheey,R00,6,6,1,LOW_POWER_OR_UNSTABLE,1.0,1.0,1.0,lcheey
low_reliability_or_unlikely,surface_token,lkeeey,R00,6,6,1,LOW_POWER_OR_UNSTABLE,1.0,1.0,1.0,lkeeey
low_reliability_or_unlikely,surface_token,odal,R00,6,6,1,LOW_POWER_OR_UNSTABLE,1.0,1.0,0.5,odal
low_reliability_or_unlikely,surface_token,okeor,R00,6,6,1,LOW_POWER_OR_UNSTABLE,1.0,1.0,0.833,okeor
low_reliability_or_unlikely,surface_token,okody,R00,6,6,1,LOW_POWER_OR_UNSTABLE,1.0,1.0,0.833,okody
low_reliability_or_unlikely,surface_token,olkar,R00,6,6,1,LOW_POWER_OR_UNSTABLE,1.0,1.0,0.833,olkar
low_reliability_or_unlikely,surface_token,opar,R00,6,6,1,LOW_POWER_OR_UNSTABLE,1.0,1.0,0.833,opar
low_reliability_or_unlikely,surface_token,otchedy,R00,6,6,1,LOW_POWER_OR_UNSTABLE,1.0,1.0,1.0,otchedy
low_reliability_or_unlikely,surface_token,otody,R00,6,6,1,LOW_POWER_OR_UNSTABLE,1.0,1.0,0.667,otody
low_reliability_or_unlikely,surface_token,qoeedy,R00,6,6,1,LOW_POWER_OR_UNSTABLE,1.0,1.0,1.0,qoeedy
low_reliability_or_unlikely,surface_token,qokam,H08,6,6,1,LOW_POWER_OR_UNSTABLE,1.0,1.0,1.0,qokam
low_reliability_or_unlikely,surface_token,qokeed,H08,6,6,1,LOW_POWER_OR_UNSTABLE,1.0,1.0,1.0,qokeed
low_reliability_or_unlikely,surface_token,qotchedy,H15,6,6,1,LOW_POWER_OR_UNSTABLE,1.0,1.0,1.0,qotchedy
low_reliability_or_unlikely,surface_token,shed,R06,6,6,1,LOW_POWER_OR_UNSTABLE,1.0,1.0,1.0,shed
low_reliability_or_unlikely,surface_token,shody,R06,6,6,1,LOW_POWER_OR_UNSTABLE,1.0,1.0,1.0,shody
low_reliability_or_unlikely,surface_token,tchor,R06,6,6,1,LOW_POWER_OR_UNSTABLE,1.0,1.0,1.0,tchor
low_reliability_or_unlikely,surface_token,ykeeody,R00,6,6,1,LOW_POWER_OR_UNSTABLE,1.0,1.0,0.667,ykeeody
low_reliability_or_unlikely,surface_token,ykeey,R06,6,6,1,LOW_POWER_OR_UNSTABLE,1.0,1.0,0.667,ykeey
low_reliability_or_unlikely,surface_token,yteey,R06,6,6,1,LOW_POWER_OR_UNSTABLE,1.0,1.0,1.0,yteey
low_reliability_or_unlikely,surface_token,aiiin,R00,5,5,1,LOW_POWER_OR_UNSTABLE,1.0,1.0,1.0,aiiin
low_reliability_or_unlikely,surface_token,aral,R00,5,5,1,LOW_POWER_OR_UNSTABLE,1.0,1.0,0.6,aral
low_reliability_or_unlikely,surface_token,chckhdy,R00,5,5,1,LOW_POWER_OR_UNSTABLE,1.0,1.0,1.0,chckhdy
low_reliability_or_unlikely,surface_token,checthy,R00,5,5,1,LOW_POWER_OR_UNSTABLE,1.0,1.0,1.0,checthy
low_reliability_or_unlikely,surface_token,cheo,R00,5,5,1,LOW_POWER_OR_UNSTABLE,1.0,1.0,1.0,cheo
low_reliability_or_unlikely,surface_token,cheos,R00,5,5,1,LOW_POWER_OR_UNSTABLE,1.0,1.0,1.0,cheos
low_reliability_or_unlikely,surface_token,chl,R00,5,5,1,LOW_POWER_OR_UNSTABLE,1.0,1.0,1.0,chl
low_reliability_or_unlikely,surface_token,daldy,R09,5,5,1,LOW_POWER_OR_UNSTABLE,1.0,1.0,0.8,daldy
low_reliability_or_unlikely,surface_token,e,R00,5,5,1,LOW_POWER_OR_UNSTABLE,1.0,1.0,0.8,e
low_reliability_or_unlikely,surface_token,f,R06,5,5,1,LOW_POWER_OR_UNSTABLE,1.0,1.0,0.8,f
low_reliability_or_unlikely,surface_token,kchey,R06,5,5,1,LOW_POWER_OR_UNSTABLE,1.0,1.0,0.8,kchey
low_reliability_or_unlikely,surface_token,koldy,R06,5,5,1,LOW_POWER_OR_UNSTABLE,1.0,1.0,0.8,koldy
low_reliability_or_unlikely,surface_token,lkar,R00,5,5,1,LOW_POWER_OR_UNSTABLE,1.0,1.0,1.0,lkar
low_reliability_or_unlikely,surface_token,lky,R00,5,5,1,LOW_POWER_OR_UNSTABLE,1.0,1.0,1.0,lky
low_reliability_or_unlikely,surface_token,ockhy,R00,5,5,1,LOW_POWER_OR_UNSTABLE,1.0,1.0,0.8,ockhy
low_reliability_or_unlikely,surface_token,okam,R00,5,5,1,LOW_POWER_OR_UNSTABLE,1.0,1.0,0.6,okam
low_reliability_or_unlikely,surface_token,okchey,R00,5,5,1,LOW_POWER_OR_UNSTABLE,1.0,1.0,0.8,okchey
low_reliability_or_unlikely,surface_token,okeoly,R00,5,5,1,LOW_POWER_OR_UNSTABLE,1.0,1.0,0.6,okeoly
low_reliability_or_unlikely,surface_token,olkaiin,R00,5,5,1,LOW_POWER_OR_UNSTABLE,1.0,1.0,1.0,olkaiin
low_reliability_or_unlikely,surface_token,olkeeey,R00,5,5,1,LOW_POWER_OR_UNSTABLE,1.0,1.0,1.0,olkeeey
low_reliability_or_unlikely,surface_token,olky,R00,5,5,1,LOW_POWER_OR_UNSTABLE,1.0,1.0,0.8,olky
low_reliability_or_unlikely,surface_token,olshedy,R00,5,5,1,LOW_POWER_OR_UNSTABLE,1.0,1.0,1.0,olshedy
low_reliability_or_unlikely,surface_token,oror,R00,5,5,1,LOW_POWER_OR_UNSTABLE,1.0,1.0,0.6,oror
low_reliability_or_unlikely,surface_token,qoeey,H07,5,5,1,LOW_POWER_OR_UNSTABLE,1.0,1.0,1.0,qoeey
low_reliability_or_unlikely,surface_token,qokair,H08,5,5,1,LOW_POWER_OR_UNSTABLE,1.0,1.0,1.0,qokair
low_reliability_or_unlikely,surface_token,qokchedy,H10,5,5,1,LOW_POWER_OR_UNSTABLE,1.0,1.0,1.0,qokchedy
low_reliability_or_unlikely,surface_token,qokeeey,H08,5,5,1,LOW_POWER_OR_UNSTABLE,1.0,1.0,1.0,qokeeey
low_reliability_or_unlikely,surface_token,qokor,H08,5,5,1,LOW_POWER_OR_UNSTABLE,1.0,1.0,1.0,qokor
low_reliability_or_unlikely,surface_token,qolchey,H07,5,5,1,LOW_POWER_OR_UNSTABLE,1.0,1.0,1.0,qolchey
low_reliability_or_unlikely,surface_token,qolkeedy,H21,5,5,1,LOW_POWER_OR_UNSTABLE,1.0,1.0,1.0,qolkeedy
low_reliability_or_unlikely,surface_token,qor,R00,5,5,1,LOW_POWER_OR_UNSTABLE,1.0,1.0,1.0,qor
low_reliability_or_unlikely,surface_token,qoteey,H13,5,4,1,LOW_POWER_OR_UNSTABLE,1.0,1.0,1.0,qoteey
low_reliability_or_unlikely,surface_token,qotey,H13,5,5,1,LOW_POWER_OR_UNSTABLE,1.0,1.0,1.0,qotey
low_reliability_or_unlikely,surface_token,rain,R00,5,5,1,LOW_POWER_OR_UNSTABLE,1.0,1.0,1.0,rain
low_reliability_or_unlikely,surface_token,rar,R00,5,5,1,LOW_POWER_OR_UNSTABLE,1.0,1.0,1.0,rar
low_reliability_or_unlikely,surface_token,shar,R06,5,5,1,LOW_POWER_OR_UNSTABLE,1.0,1.0,0.6,shar
low_reliability_or_unlikely,surface_token,shcthy,R06,5,5,1,LOW_POWER_OR_UNSTABLE,1.0,1.0,1.0,shcthy
low_reliability_or_unlikely,surface_token,sheal,R06,5,5,1,LOW_POWER_OR_UNSTABLE,1.0,1.0,1.0,sheal
low_reliability_or_unlikely,surface_token,shear,R06,5,5,1,LOW_POWER_OR_UNSTABLE,1.0,1.0,0.8,shear
low_reliability_or_unlikely,surface_token,sheckhy,R00,5,5,1,LOW_POWER_OR_UNSTABLE,1.0,1.0,1.0,sheckhy
low_reliability_or_unlikely,surface_token,tchedy,R06,5,5,1,LOW_POWER_OR_UNSTABLE,1.0,1.0,1.0,tchedy
low_reliability_or_unlikely,surface_token,ychol,R06,5,5,1,LOW_POWER_OR_UNSTABLE,1.0,1.0,1.0,ychol
low_reliability_or_unlikely,surface_token,ydaiin,R06,5,5,1,LOW_POWER_OR_UNSTABLE,1.0,1.0,1.0,ydaiin
low_reliability_or_unlikely,surface_token,ykchy,R06,5,5,1,LOW_POWER_OR_UNSTABLE,1.0,1.0,0.6,ykchy
low_reliability_or_unlikely,surface_token,ykeody,R00,5,5,1,LOW_POWER_OR_UNSTABLE,1.0,1.0,0.8,ykeody
low_reliability_or_unlikely,surface_token,ch,R00,4,4,1,LOW_POWER_OR_UNSTABLE,1.0,1.0,1.0,ch
low_reliability_or_unlikely,surface_token,chedain,R00,4,4,1,LOW_POWER_OR_UNSTABLE,1.0,1.0,1.0,chedain
low_reliability_or_unlikely,surface_token,chedar,R00,4,4,1,LOW_POWER_OR_UNSTABLE,1.0,1.0,1.0,chedar
low_reliability_or_unlikely,surface_token,cheeor,R00,4,4,1,LOW_POWER_OR_UNSTABLE,1.0,1.0,1.0,cheeor
low_reliability_or_unlikely,surface_token,chees,R00,4,4,1,LOW_POWER_OR_UNSTABLE,1.0,1.0,1.0,chees
low_reliability_or_unlikely,surface_token,chekain,R00,4,4,1,LOW_POWER_OR_UNSTABLE,1.0,1.0,1.0,chekain
low_reliability_or_unlikely,surface_token,ches,R00,4,4,1,LOW_POWER_OR_UNSTABLE,1.0,1.0,0.75,ches
low_reliability_or_unlikely,surface_token,chockhey,R00,4,4,1,LOW_POWER_OR_UNSTABLE,1.0,1.0,0.75,chockhey
low_reliability_or_unlikely,surface_token,chokchy,R00,4,4,1,LOW_POWER_OR_UNSTABLE,1.0,1.0,0.75,chokchy
low_reliability_or_unlikely,surface_token,chotal,R00,4,4,1,LOW_POWER_OR_UNSTABLE,1.0,1.0,0.75,chotal
low_reliability_or_unlikely,surface_token,chs,R00,4,4,1,LOW_POWER_OR_UNSTABLE,1.0,1.0,0.75,chs
low_reliability_or_unlikely,surface_token,ckhey,R00,4,4,1,LOW_POWER_OR_UNSTABLE,1.0,1.0,1.0,ckhey
low_reliability_or_unlikely,surface_token,cphol,R00,4,4,1,LOW_POWER_OR_UNSTABLE,1.0,1.0,1.0,cphol
low_reliability_or_unlikely,surface_token,cphy,R00,4,4,1,LOW_POWER_OR_UNSTABLE,1.0,1.0,0.75,cphy
low_reliability_or_unlikely,surface_token,cthaiin,R04,4,4,1,LOW_POWER_OR_UNSTABLE,1.0,1.0,1.0,cthaiin
low_reliability_or_unlikely,surface_token,dan,R06,4,4,1,LOW_POWER_OR_UNSTABLE,1.0,1.0,0.75,dan
low_reliability_or_unlikely,surface_token,dchedy,R06,4,4,1,LOW_POWER_OR_UNSTABLE,1.0,1.0,1.0,dchedy
low_reliability_or_unlikely,surface_token,dchey,R06,4,4,1,LOW_POWER_OR_UNSTABLE,1.0,1.0,1.0,dchey
low_reliability_or_unlikely,surface_token,dchol,R06,4,4,1,LOW_POWER_OR_UNSTABLE,1.0,1.0,0.75,dchol
low_reliability_or_unlikely,surface_token,keody,R06,4,3,1,LOW_POWER_OR_UNSTABLE,1.0,1.0,1.0,keody
low_reliability_or_unlikely,surface_token,kody,R06,4,4,1,LOW_POWER_OR_UNSTABLE,1.0,1.0,0.75,kody
low_reliability_or_unlikely,surface_token,lchdy,R00,4,4,1,LOW_POWER_OR_UNSTABLE,1.0,1.0,1.0,lchdy
low_reliability_or_unlikely,surface_token,lo,R00,4,4,1,LOW_POWER_OR_UNSTABLE,1.0,1.0,1.0,lo
low_reliability_or_unlikely,surface_token,ly,R00,4,4,1,LOW_POWER_OR_UNSTABLE,1.0,1.0,0.75,ly
low_reliability_or_unlikely,surface_token,oaiin,R00,4,4,1,LOW_POWER_OR_UNSTABLE,1.0,1.0,0.75,oaiin
low_reliability_or_unlikely,surface_token,oeedy,R00,4,4,1,LOW_POWER_OR_UNSTABLE,1.0,1.0,0.5,oeedy
low_reliability_or_unlikely,surface_token,oeees,R00,4,4,1,LOW_POWER_OR_UNSTABLE,1.0,1.0,0.75,oeees
low_reliability_or_unlikely,surface_token,okair,R00,4,4,1,LOW_POWER_OR_UNSTABLE,1.0,1.0,0.75,okair
low_reliability_or_unlikely,surface_token,okchor,R00,4,4,1,LOW_POWER_OR_UNSTABLE,1.0,1.0,0.75,okchor
low_reliability_or_unlikely,surface_token,okeod,R00,4,4,1,LOW_POWER_OR_UNSTABLE,1.0,1.0,1.0,okeod
low_reliability_or_unlikely,surface_token,oko,R00,4,4,1,LOW_POWER_OR_UNSTABLE,1.0,1.0,0.5,oko
low_reliability_or_unlikely,surface_token,olaiin,R10,4,4,1,LOW_POWER_OR_UNSTABLE,1.0,1.0,0.75,olaiin
low_reliability_or_unlikely,surface_token,olkain,R00,4,4,1,LOW_POWER_OR_UNSTABLE,1.0,1.0,1.0,olkain
low_reliability_or_unlikely,surface_token,olkam,R00,4,4,1,LOW_POWER_OR_UNSTABLE,1.0,1.0,1.0,olkam
low_reliability_or_unlikely,surface_token,olol,R00,4,4,1,LOW_POWER_OR_UNSTABLE,1.0,1.0,0.75,olol
low_reliability_or_unlikely,surface_token,olor,R00,4,4,1,LOW_POWER_OR_UNSTABLE,1.0,1.0,0.75,olor
low_reliability_or_unlikely,surface_token,opchdy,R00,4,4,1,LOW_POWER_OR_UNSTABLE,1.0,1.0,1.0,opchdy
low_reliability_or_unlikely,surface_token,oraiin,R10,4,4,1,LOW_POWER_OR_UNSTABLE,1.0,1.0,1.0,oraiin
low_reliability_or_unlikely,surface_token,oram,R00,4,4,1,LOW_POWER_OR_UNSTABLE,1.0,1.0,0.75,oram
low_reliability_or_unlikely,surface_token,otalam,R00,4,4,1,LOW_POWER_OR_UNSTABLE,1.0,1.0,0.5,otalam
low_reliability_or_unlikely,surface_token,otaldy,R00,4,4,1,LOW_POWER_OR_UNSTABLE,1.0,1.0,0.5,otaldy
low_reliability_or_unlikely,surface_token,otchey,R00,4,4,1,LOW_POWER_OR_UNSTABLE,1.0,1.0,1.0,otchey
low_reliability_or_unlikely,surface_token,otchol,R07,4,4,1,LOW_POWER_OR_UNSTABLE,1.0,1.0,1.0,otchol
low_reliability_or_unlikely,surface_token,otchy,R01,4,4,1,LOW_POWER_OR_UNSTABLE,1.0,1.0,1.0,otchy
low_reliability_or_unlikely,surface_token,oteody,R01,4,4,1,LOW_POWER_OR_UNSTABLE,1.0,1.0,1.0,oteody
low_reliability_or_unlikely,surface_token,qo,H07,4,4,1,LOW_POWER_OR_UNSTABLE,1.0,1.0,1.0,qo
low_reliability_or_unlikely,surface_token,qoaiin,H07,4,4,1,LOW_POWER_OR_UNSTABLE,1.0,1.0,0.75,qoaiin
low_reliability_or_unlikely,surface_token,qokan,H08,4,4,1,LOW_POWER_OR_UNSTABLE,1.0,1.0,1.0,qokan
low_reliability_or_unlikely,surface_token,qokechy,H08,4,4,1,LOW_POWER_OR_UNSTABLE,1.0,1.0,1.0,qokechy
low_reliability_or_unlikely,surface_token,qolchedy,R00,4,4,1,LOW_POWER_OR_UNSTABLE,1.0,1.0,1.0,qolchedy
low_reliability_or_unlikely,surface_token,ral,R00,4,4,1,LOW_POWER_OR_UNSTABLE,1.0,1.0,1.0,ral
low_reliability_or_unlikely,surface_token,rchey,R00,4,3,1,LOW_POWER_OR_UNSTABLE,1.0,1.0,1.0,rchey
low_reliability_or_unlikely,surface_token,rol,R00,4,4,1,LOW_POWER_OR_UNSTABLE,1.0,1.0,1.0,rol
low_reliability_or_unlikely,surface_token,sh,R06,4,4,1,LOW_POWER_OR_UNSTABLE,1.0,1.0,0.75,sh
low_reliability_or_unlikely,surface_token,she,R06,4,4,1,LOW_POWER_OR_UNSTABLE,1.0,1.0,0.75,she
low_reliability_or_unlikely,surface_token,shecthy,R00,4,4,1,LOW_POWER_OR_UNSTABLE,1.0,1.0,1.0,shecthy
low_reliability_or_unlikely,surface_token,sheeky,R06,4,4,1,LOW_POWER_OR_UNSTABLE,1.0,1.0,1.0,sheeky
low_reliability_or_unlikely,surface_token,sodar,R06,4,4,1,LOW_POWER_OR_UNSTABLE,1.0,1.0,0.75,sodar
low_reliability_or_unlikely,surface_token,soiin,R06,4,4,1,LOW_POWER_OR_UNSTABLE,1.0,1.0,1.0,soiin
low_reliability_or_unlikely,surface_token,solchedy,R00,4,4,1,LOW_POWER_OR_UNSTABLE,1.0,1.0,1.0,solchedy
low_reliability_or_unlikely,surface_token,tair,R06,4,4,1,LOW_POWER_OR_UNSTABLE,1.0,1.0,1.0,tair
low_reliability_or_unlikely,surface_token,tchy,R06,4,4,1,LOW_POWER_OR_UNSTABLE,1.0,1.0,1.0,tchy
low_reliability_or_unlikely,surface_token,teol,R06,4,4,1,LOW_POWER_OR_UNSTABLE,1.0,1.0,1.0,teol
low_reliability_or_unlikely,surface_token,tol,R06,4,4,1,LOW_POWER_OR_UNSTABLE,1.0,1.0,0.75,tol
low_reliability_or_unlikely,surface_token,tor,R06,4,4,1,LOW_POWER_OR_UNSTABLE,1.0,1.0,1.0,tor
low_reliability_or_unlikely,surface_token,ycheey,R06,4,4,1,LOW_POWER_OR_UNSTABLE,1.0,1.0,1.0,ycheey
low_reliability_or_unlikely,surface_token,ycheol,R06,4,4,1,LOW_POWER_OR_UNSTABLE,1.0,1.0,1.0,ycheol
low_reliability_or_unlikely,surface_token,ychor,R06,4,4,1,LOW_POWER_OR_UNSTABLE,1.0,1.0,1.0,ychor
low_reliability_or_unlikely,surface_token,ykchol,R07,4,4,1,LOW_POWER_OR_UNSTABLE,1.0,1.0,1.0,ykchol
low_reliability_or_unlikely,surface_token,ykeedy,R00,4,4,1,LOW_POWER_OR_UNSTABLE,1.0,1.0,0.75,ykeedy
low_reliability_or_unlikely,surface_token,ykor,R06,4,4,1,LOW_POWER_OR_UNSTABLE,1.0,1.0,0.75,ykor
low_reliability_or_unlikely,surface_token,yky,R06,4,4,1,LOW_POWER_OR_UNSTABLE,1.0,1.0,0.75,yky
low_reliability_or_unlikely,surface_token,yshedy,R00,4,4,1,LOW_POWER_OR_UNSTABLE,1.0,1.0,1.0,yshedy
low_reliability_or_unlikely,surface_token,ytaiin,R06,4,4,1,LOW_POWER_OR_UNSTABLE,1.0,1.0,1.0,ytaiin
low_reliability_or_unlikely,surface_token,ytain,R06,4,4,1,LOW_POWER_OR_UNSTABLE,1.0,1.0,1.0,ytain
low_reliability_or_unlikely,surface_token,ytam,R06,4,4,1,LOW_POWER_OR_UNSTABLE,1.0,1.0,1.0,ytam
low_reliability_or_unlikely,surface_token,ytchy,R06,4,3,1,LOW_POWER_OR_UNSTABLE,1.0,1.0,1.0,ytchy
low_reliability_or_unlikely,surface_token,ytedy,R00,4,3,1,LOW_POWER_OR_UNSTABLE,1.0,1.0,1.0,ytedy
low_reliability_or_unlikely,surface_token,a,R00,3,3,1,LOW_POWER_OR_UNSTABLE,1.0,1.0,0.667,a
low_reliability_or_unlikely,surface_token,alam,R00,3,3,1,LOW_POWER_OR_UNSTABLE,1.0,1.0,1.0,alam
low_reliability_or_unlikely,surface_token,arody,R00,3,3,1,LOW_POWER_OR_UNSTABLE,1.0,1.0,1.0,arody
low_reliability_or_unlikely,surface_token,arol,R00,3,3,1,LOW_POWER_OR_UNSTABLE,1.0,1.0,0.667,arol
low_reliability_or_unlikely,surface_token,cfhy,R00,3,3,1,LOW_POWER_OR_UNSTABLE,1.0,1.0,1.0,cfhy
low_reliability_or_unlikely,surface_token,chdal,R09,3,3,1,LOW_POWER_OR_UNSTABLE,1.0,1.0,1.0,chdal
low_reliability_or_unlikely,surface_token,chdar,R00,3,3,1,LOW_POWER_OR_UNSTABLE,1.0,1.0,1.0,chdar
low_reliability_or_unlikely,surface_token,checkhey,R00,3,3,1,LOW_POWER_OR_UNSTABLE,1.0,1.0,1.0,checkhey
low_reliability_or_unlikely,surface_token,cheekey,R00,3,3,1,LOW_POWER_OR_UNSTABLE,1.0,1.0,1.0,cheekey
low_reliability_or_unlikely,surface_token,cheeo,R00,3,3,1,LOW_POWER_OR_UNSTABLE,1.0,1.0,1.0,cheeo
low_reliability_or_unlikely,surface_token,chek,R00,3,3,1,LOW_POWER_OR_UNSTABLE,1.0,1.0,1.0,chek
low_reliability_or_unlikely,surface_token,chekeedy,R00,3,3,1,LOW_POWER_OR_UNSTABLE,1.0,1.0,1.0,chekeedy
low_reliability_or_unlikely,surface_token,chetar,R00,3,3,1,LOW_POWER_OR_UNSTABLE,1.0,1.0,0.667,chetar
low_reliability_or_unlikely,surface_token,chety,R00,3,3,1,LOW_POWER_OR_UNSTABLE,1.0,1.0,0.667,chety
low_reliability_or_unlikely,surface_token,chkal,R00,3,3,1,LOW_POWER_OR_UNSTABLE,1.0,1.0,1.0,chkal
low_reliability_or_unlikely,surface_token,chodar,R00,3,3,1,LOW_POWER_OR_UNSTABLE,1.0,1.0,0.667,chodar
low_reliability_or_unlikely,surface_token,cholkaiin,R07,3,3,1,LOW_POWER_OR_UNSTABLE,1.0,1.0,1.0,cholkaiin
low_reliability_or_unlikely,surface_token,choly,R00,3,3,1,LOW_POWER_OR_UNSTABLE,1.0,1.0,1.0,choly
low_reliability_or_unlikely,surface_token,ckhaiin,R00,3,3,1,LOW_POWER_OR_UNSTABLE,1.0,1.0,1.0,ckhaiin
low_reliability_or_unlikely,surface_token,ckhol,R00,3,3,1,LOW_POWER_OR_UNSTABLE,1.0,1.0,1.0,ckhol
low_reliability_or_unlikely,surface_token,ckhor,R00,3,3,1,LOW_POWER_OR_UNSTABLE,1.0,1.0,1.0,ckhor
low_reliability_or_unlikely,surface_token,daim,R06,3,3,1,LOW_POWER_OR_UNSTABLE,1.0,1.0,0.667,daim
low_reliability_or_unlikely,surface_token,dairal,R06,3,3,1,LOW_POWER_OR_UNSTABLE,1.0,1.0,0.667,dairal
low_reliability_or_unlikely,surface_token,dalshedy,R09,3,3,1,LOW_POWER_OR_UNSTABLE,1.0,1.0,1.0,dalshedy
low_reliability_or_unlikely,surface_token,dchdy,R06,3,3,1,LOW_POWER_OR_UNSTABLE,1.0,1.0,0.667,dchdy
low_reliability_or_unlikely,surface_token,dcho,R06,3,3,1,LOW_POWER_OR_UNSTABLE,1.0,1.0,1.0,dcho
low_reliability_or_unlikely,surface_token,dl,R06,3,3,1,LOW_POWER_OR_UNSTABLE,1.0,1.0,1.0,dl
low_reliability_or_unlikely,surface_token,doiin,R06,3,3,1,LOW_POWER_OR_UNSTABLE,1.0,1.0,1.0,doiin
low_reliability_or_unlikely,surface_token,dsheey,R06,3,3,1,LOW_POWER_OR_UNSTABLE,1.0,1.0,1.0,dsheey
low_reliability_or_unlikely,surface_token,dshey,R06,3,3,1,LOW_POWER_OR_UNSTABLE,1.0,1.0,1.0,dshey
low_reliability_or_unlikely,surface_token,dshor,R06,3,3,1,LOW_POWER_OR_UNSTABLE,1.0,1.0,1.0,dshor
low_reliability_or_unlikely,surface_token,k,R06,3,3,1,LOW_POWER_OR_UNSTABLE,1.0,1.0,1.0,k
low_reliability_or_unlikely,surface_token,kal,R06,3,3,1,LOW_POWER_OR_UNSTABLE,1.0,1.0,1.0,kal
low_reliability_or_unlikely,surface_token,kchaiin,R00,3,3,1,LOW_POWER_OR_UNSTABLE,1.0,1.0,1.0,kchaiin
low_reliability_or_unlikely,surface_token,kchor,R06,3,3,1,LOW_POWER_OR_UNSTABLE,1.0,1.0,1.0,kchor
low_reliability_or_unlikely,surface_token,keey,R06,3,3,1,LOW_POWER_OR_UNSTABLE,1.0,1.0,1.0,keey
low_reliability_or_unlikely,surface_token,kor,R06,3,3,1,LOW_POWER_OR_UNSTABLE,1.0,1.0,1.0,kor
low_reliability_or_unlikely,surface_token,lchy,R00,3,3,1,LOW_POWER_OR_UNSTABLE,1.0,1.0,1.0,lchy
low_reliability_or_unlikely,surface_token,ldy,R00,3,3,1,LOW_POWER_OR_UNSTABLE,1.0,1.0,1.0,ldy
low_reliability_or_unlikely,surface_token,lkchedy,R00,3,3,1,LOW_POWER_OR_UNSTABLE,1.0,1.0,1.0,lkchedy
low_reliability_or_unlikely,surface_token,lsheedy,R00,3,3,1,LOW_POWER_OR_UNSTABLE,1.0,1.0,1.0,lsheedy
low_reliability_or_unlikely,surface_token,oain,R00,3,3,1,LOW_POWER_OR_UNSTABLE,1.0,1.0,1.0,oain
low_reliability_or_unlikely,surface_token,ochor,R00,3,3,1,LOW_POWER_OR_UNSTABLE,1.0,1.0,0.667,ochor
low_reliability_or_unlikely,surface_token,okeal,R00,3,3,1,LOW_POWER_OR_UNSTABLE,1.0,1.0,0.667,okeal
low_reliability_or_unlikely,surface_token,okear,R00,3,3,1,LOW_POWER_OR_UNSTABLE,1.0,1.0,0.667,okear
low_reliability_or_unlikely,surface_token,okeeey,R00,3,3,1,LOW_POWER_OR_UNSTABLE,1.0,1.0,0.667,okeeey
low_reliability_or_unlikely,surface_token,okeeol,R00,3,3,1,LOW_POWER_OR_UNSTABLE,1.0,1.0,0.667,okeeol
low_reliability_or_unlikely,surface_token,okees,R00,3,3,1,LOW_POWER_OR_UNSTABLE,1.0,1.0,1.0,okees
low_reliability_or_unlikely,surface_token,okeos,R00,3,3,1,LOW_POWER_OR_UNSTABLE,1.0,1.0,0.667,okeos
low_reliability_or_unlikely,surface_token,okolar,R00,3,3,1,LOW_POWER_OR_UNSTABLE,1.0,1.0,1.0,okolar
low_reliability_or_unlikely,surface_token,okoldy,R00,3,3,1,LOW_POWER_OR_UNSTABLE,1.0,1.0,0.667,okoldy
low_reliability_or_unlikely,surface_token,okshy,R00,3,3,1,LOW_POWER_OR_UNSTABLE,1.0,1.0,0.667,okshy
low_reliability_or_unlikely,surface_token,olain,R00,3,3,1,LOW_POWER_OR_UNSTABLE,1.0,1.0,1.0,olain
low_reliability_or_unlikely,surface_token,olam,R00,3,3,1,LOW_POWER_OR_UNSTABLE,1.0,1.0,1.0,olam
low_reliability_or_unlikely,surface_token,olcheey,R00,3,3,1,LOW_POWER_OR_UNSTABLE,1.0,1.0,1.0,olcheey
low_reliability_or_unlikely,surface_token,olcheol,R00,3,3,1,LOW_POWER_OR_UNSTABLE,1.0,1.0,1.0,olcheol
low_reliability_or_unlikely,surface_token,olchy,R00,3,3,1,LOW_POWER_OR_UNSTABLE,1.0,1.0,1.0,olchy
low_reliability_or_unlikely,surface_token,olo,R00,3,3,1,LOW_POWER_OR_UNSTABLE,1.0,1.0,1.0,olo
low_reliability_or_unlikely,surface_token,ols,R00,3,3,1,LOW_POWER_OR_UNSTABLE,1.0,1.0,0.667,ols
low_reliability_or_unlikely,surface_token,olshey,R00,3,3,1,LOW_POWER_OR_UNSTABLE,1.0,1.0,1.0,olshey
low_reliability_or_unlikely,surface_token,om,R06,3,3,1,LOW_POWER_OR_UNSTABLE,1.0,1.0,1.0,om
low_reliability_or_unlikely,surface_token,opchy,R00,3,3,1,LOW_POWER_OR_UNSTABLE,1.0,1.0,1.0,opchy
low_reliability_or_unlikely,surface_token,opy,R00,3,3,1,LOW_POWER_OR_UNSTABLE,1.0,1.0,1.0,opy
low_reliability_or_unlikely,surface_token,orchey,R00,3,3,1,LOW_POWER_OR_UNSTABLE,1.0,1.0,0.333,orchey
low_reliability_or_unlikely,surface_token,orol,R00,3,3,1,LOW_POWER_OR_UNSTABLE,1.0,1.0,0.333,orol
low_reliability_or_unlikely,surface_token,os,R00,3,3,1,LOW_POWER_OR_UNSTABLE,1.0,1.0,0.667,os
low_reliability_or_unlikely,surface_token,otair,R00,3,3,1,LOW_POWER_OR_UNSTABLE,1.0,1.0,0.667,otair
low_reliability_or_unlikely,surface_token,otcheody,R00,3,3,1,LOW_POWER_OR_UNSTABLE,1.0,1.0,1.0,otcheody
low_reliability_or_unlikely,surface_token,otdy,R00,3,3,1,LOW_POWER_OR_UNSTABLE,1.0,1.0,0.667,otdy
low_reliability_or_unlikely,surface_token,otedal,R09,3,3,1,LOW_POWER_OR_UNSTABLE,1.0,1.0,1.0,otedal
low_reliability_or_unlikely,surface_token,otoky,R00,3,3,1,LOW_POWER_OR_UNSTABLE,1.0,1.0,0.667,otoky
low_reliability_or_unlikely,surface_token,otshey,R00,3,3,1,LOW_POWER_OR_UNSTABLE,1.0,1.0,0.667,otshey
low_reliability_or_unlikely,surface_token,p,R06,3,3,1,LOW_POWER_OR_UNSTABLE,1.0,1.0,0.667,p
low_reliability_or_unlikely,surface_token,qeeey,R00,3,3,1,LOW_POWER_OR_UNSTABLE,1.0,1.0,1.0,qeeey
low_reliability_or_unlikely,surface_token,qekchdy,R00,3,3,1,LOW_POWER_OR_UNSTABLE,1.0,1.0,1.0,qekchdy
low_reliability_or_unlikely,surface_token,qochey,H07,3,3,1,LOW_POWER_OR_UNSTABLE,1.0,1.0,1.0,qochey
low_reliability_or_unlikely,surface_token,qockhy,H07,3,3,1,LOW_POWER_OR_UNSTABLE,1.0,1.0,1.0,qockhy
low_reliability_or_unlikely,surface_token,qod,R00,3,3,1,LOW_POWER_OR_UNSTABLE,1.0,1.0,0.667,qod
low_reliability_or_unlikely,surface_token,qodaiin,H07,3,3,1,LOW_POWER_OR_UNSTABLE,1.0,1.0,0.667,qodaiin
low_reliability_or_unlikely,surface_token,qodar,H07,3,2,1,LOW_POWER_OR_UNSTABLE,1.0,1.0,1.0,qodar
low_reliability_or_unlikely,surface_token,qokaldy,H11,3,3,1,LOW_POWER_OR_UNSTABLE,1.0,1.0,1.0,qokaldy
low_reliability_or_unlikely,surface_token,qokaly,H08,3,3,1,LOW_POWER_OR_UNSTABLE,1.0,1.0,1.0,qokaly
low_reliability_or_unlikely,surface_token,qokear,H08,3,3,1,LOW_POWER_OR_UNSTABLE,1.0,1.0,1.0,qokear
low_reliability_or_unlikely,surface_token,qokedar,H08,3,3,1,LOW_POWER_OR_UNSTABLE,1.0,1.0,1.0,qokedar
low_reliability_or_unlikely,surface_token,qokeeody,H11,3,2,1,LOW_POWER_OR_UNSTABLE,1.0,1.0,1.0,qokeeody
low_reliability_or_unlikely,surface_token,qokl,R00,3,3,1,LOW_POWER_OR_UNSTABLE,1.0,1.0,1.0,qokl
low_reliability_or_unlikely,surface_token,qokody,R00,3,3,1,LOW_POWER_OR_UNSTABLE,1.0,1.0,1.0,qokody
low_reliability_or_unlikely,surface_token,qoteol,H13,3,3,1,LOW_POWER_OR_UNSTABLE,1.0,1.0,0.667,qoteol
low_reliability_or_unlikely,surface_token,qotor,H13,3,3,1,LOW_POWER_OR_UNSTABLE,1.0,1.0,1.0,qotor
low_reliability_or_unlikely,surface_token,ror,R00,3,3,1,LOW_POWER_OR_UNSTABLE,1.0,1.0,1.0,ror
low_reliability_or_unlikely,surface_token,saral,R06,3,3,1,LOW_POWER_OR_UNSTABLE,1.0,1.0,0.667,saral
low_reliability_or_unlikely,surface_token,sary,R06,3,3,1,LOW_POWER_OR_UNSTABLE,1.0,1.0,0.667,sary
low_reliability_or_unlikely,surface_token,shain,R06,3,3,1,LOW_POWER_OR_UNSTABLE,1.0,1.0,1.0,shain
low_reliability_or_unlikely,surface_token,shal,R06,3,3,1,LOW_POWER_OR_UNSTABLE,1.0,1.0,1.0,shal
low_reliability_or_unlikely,surface_token,shedal,R06,3,3,1,LOW_POWER_OR_UNSTABLE,1.0,1.0,1.0,shedal
low_reliability_or_unlikely,surface_token,sheeol,R06,3,3,1,LOW_POWER_OR_UNSTABLE,1.0,1.0,1.0,sheeol
low_reliability_or_unlikely,surface_token,sheety,R06,3,3,1,LOW_POWER_OR_UNSTABLE,1.0,1.0,1.0,sheety
low_reliability_or_unlikely,surface_token,shl,R06,3,3,1,LOW_POWER_OR_UNSTABLE,1.0,1.0,1.0,shl
low_reliability_or_unlikely,surface_token,shocthy,R00,3,3,1,LOW_POWER_OR_UNSTABLE,1.0,1.0,1.0,shocthy
low_reliability_or_unlikely,surface_token,solkeedy,R00,3,3,1,LOW_POWER_OR_UNSTABLE,1.0,1.0,1.0,solkeedy
low_reliability_or_unlikely,surface_token,tar,R06,3,3,1,LOW_POWER_OR_UNSTABLE,1.0,1.0,1.0,tar
low_reliability_or_unlikely,surface_token,tshol,R06,3,3,1,LOW_POWER_OR_UNSTABLE,1.0,1.0,1.0,tshol
low_reliability_or_unlikely,surface_token,x,R00,3,3,1,LOW_POWER_OR_UNSTABLE,1.0,1.0,1.0,x
low_reliability_or_unlikely,surface_token,ychedy,R00,3,3,1,LOW_POWER_OR_UNSTABLE,1.0,1.0,1.0,ychedy
low_reliability_or_unlikely,surface_token,ychey,R06,3,3,1,LOW_POWER_OR_UNSTABLE,1.0,1.0,1.0,ychey
low_reliability_or_unlikely,surface_token,ydam,R06,3,3,1,LOW_POWER_OR_UNSTABLE,1.0,1.0,1.0,ydam
low_reliability_or_unlikely,surface_token,ykaly,R06,3,3,1,LOW_POWER_OR_UNSTABLE,1.0,1.0,0.667,ykaly
low_reliability_or_unlikely,surface_token,ykchdy,R00,3,3,1,LOW_POWER_OR_UNSTABLE,1.0,1.0,0.667,ykchdy
low_reliability_or_unlikely,surface_token,ykeeor,R06,3,3,1,LOW_POWER_OR_UNSTABLE,1.0,1.0,0.667,ykeeor
low_reliability_or_unlikely,surface_token,ykey,R06,3,3,1,LOW_POWER_OR_UNSTABLE,1.0,1.0,0.667,ykey
low_reliability_or_unlikely,surface_token,yshey,R06,3,3,1,LOW_POWER_OR_UNSTABLE,1.0,1.0,1.0,yshey
low_reliability_or_unlikely,surface_token,ytar,R06,3,3,1,LOW_POWER_OR_UNSTABLE,1.0,1.0,0.667,ytar
low_reliability_or_unlikely,surface_token,ytchey,R06,3,3,1,LOW_POWER_OR_UNSTABLE,1.0,1.0,0.667,ytchey
low_reliability_or_unlikely,surface_token,ytchol,R06,3,3,1,LOW_POWER_OR_UNSTABLE,1.0,1.0,0.667,ytchol
low_reliability_or_unlikely,surface_token,yteody,R00,3,3,1,LOW_POWER_OR_UNSTABLE,1.0,1.0,1.0,yteody
low_reliability_or_unlikely,surface_token,ytor,R06,3,3,1,LOW_POWER_OR_UNSTABLE,1.0,1.0,1.0,ytor
low_reliability_or_unlikely,surface_token,yty,R06,3,2,1,LOW_POWER_OR_UNSTABLE,1.0,1.0,1.0,yty
low_reliability_or_unlikely,surface_token,aiir,R00,2,2,1,LOW_POWER_OR_UNSTABLE,1.0,1.0,0.5,aiir
low_reliability_or_unlikely,surface_token,airal,R00,2,2,1,LOW_POWER_OR_UNSTABLE,1.0,1.0,0.5,airal
low_reliability_or_unlikely,surface_token,alkain,R00,2,2,1,LOW_POWER_OR_UNSTABLE,1.0,1.0,1.0,alkain
low_reliability_or_unlikely,surface_token,aloly,R00,2,2,1,LOW_POWER_OR_UNSTABLE,1.0,1.0,0.5,aloly
low_reliability_or_unlikely,surface_token,alor,R00,2,2,1,LOW_POWER_OR_UNSTABLE,1.0,1.0,1.0,alor
low_reliability_or_unlikely,surface_token,aly,R00,2,2,1,LOW_POWER_OR_UNSTABLE,1.0,1.0,1.0,aly
low_reliability_or_unlikely,surface_token,arom,R00,2,2,1,LOW_POWER_OR_UNSTABLE,1.0,1.0,1.0,arom
low_reliability_or_unlikely,surface_token,as,R00,2,2,1,LOW_POWER_OR_UNSTABLE,1.0,1.0,1.0,as
low_reliability_or_unlikely,surface_token,chain,R00,2,2,1,LOW_POWER_OR_UNSTABLE,1.0,1.0,1.0,chain
low_reliability_or_unlikely,surface_token,cham,R00,2,2,1,LOW_POWER_OR_UNSTABLE,1.0,1.0,1.0,cham
low_reliability_or_unlikely,surface_token,chan,R00,2,2,1,LOW_POWER_OR_UNSTABLE,1.0,1.0,1.0,chan
low_reliability_or_unlikely,surface_token,chckhaiin,R00,2,2,1,LOW_POWER_OR_UNSTABLE,1.0,1.0,1.0,chckhaiin
low_reliability_or_unlikely,surface_token,chckhor,R00,2,2,1,LOW_POWER_OR_UNSTABLE,1.0,1.0,1.0,chckhor
low_reliability_or_unlikely,surface_token,chcthdy,R04,2,2,1,LOW_POWER_OR_UNSTABLE,1.0,1.0,1.0,chcthdy
low_reliability_or_unlikely,surface_token,chcthedy,R04,2,2,1,LOW_POWER_OR_UNSTABLE,1.0,1.0,1.0,chcthedy
low_reliability_or_unlikely,surface_token,chdain,R00,2,2,1,LOW_POWER_OR_UNSTABLE,1.0,1.0,1.0,chdain
low_reliability_or_unlikely,surface_token,ched,R00,2,2,1,LOW_POWER_OR_UNSTABLE,1.0,1.0,1.0,ched
low_reliability_or_unlikely,surface_token,chedal,R00,2,2,1,LOW_POWER_OR_UNSTABLE,1.0,1.0,1.0,chedal
low_reliability_or_unlikely,surface_token,chedam,R00,2,2,1,LOW_POWER_OR_UNSTABLE,1.0,1.0,1.0,chedam
low_reliability_or_unlikely,surface_token,cheeal,R00,2,2,1,LOW_POWER_OR_UNSTABLE,1.0,1.0,1.0,cheeal
low_reliability_or_unlikely,surface_token,cheedaiin,R10,2,2,1,LOW_POWER_OR_UNSTABLE,1.0,1.0,1.0,cheedaiin
low_reliability_or_unlikely,surface_token,cheeky,R00,2,2,1,LOW_POWER_OR_UNSTABLE,1.0,1.0,1.0,cheeky
low_reliability_or_unlikely,surface_token,cheeol,R00,2,2,1,LOW_POWER_OR_UNSTABLE,1.0,1.0,1.0,cheeol
low_reliability_or_unlikely,surface_token,chekal,R00,2,2,1,LOW_POWER_OR_UNSTABLE,1.0,1.0,1.0,chekal
low_reliability_or_unlikely,surface_token,chekey,R00,2,2,1,LOW_POWER_OR_UNSTABLE,1.0,1.0,0.5,chekey
low_reliability_or_unlikely,surface_token,chekody,R00,2,2,1,LOW_POWER_OR_UNSTABLE,1.0,1.0,1.0,chekody
low_reliability_or_unlikely,surface_token,cheockhy,R00,2,2,1,LOW_POWER_OR_UNSTABLE,1.0,1.0,1.0,cheockhy
low_reliability_or_unlikely,surface_token,cheocthy,R04,2,2,1,LOW_POWER_OR_UNSTABLE,1.0,1.0,1.0,cheocthy
low_reliability_or_unlikely,surface_token,cheodaiin,R10,2,2,1,LOW_POWER_OR_UNSTABLE,1.0,1.0,0.5,cheodaiin
low_reliability_or_unlikely,surface_token,cheodain,R00,2,2,1,LOW_POWER_OR_UNSTABLE,1.0,1.0,1.0,cheodain
low_reliability_or_unlikely,surface_token,cheodar,R00,2,2,1,LOW_POWER_OR_UNSTABLE,1.0,1.0,1.0,cheodar
low_reliability_or_unlikely,surface_token,cheokedy,R00,2,2,1,LOW_POWER_OR_UNSTABLE,1.0,1.0,1.0,cheokedy
low_reliability_or_unlikely,surface_token,cheoky,R00,2,2,1,LOW_POWER_OR_UNSTABLE,1.0,1.0,1.0,cheoky
low_reliability_or_unlikely,surface_token,cheoldy,R00,2,2,1,LOW_POWER_OR_UNSTABLE,1.0,1.0,0.5,cheoldy
low_reliability_or_unlikely,surface_token,chkaiin,R00,2,2,1,LOW_POWER_OR_UNSTABLE,1.0,1.0,1.0,chkaiin
low_reliability_or_unlikely,surface_token,chkchy,R00,2,2,1,LOW_POWER_OR_UNSTABLE,1.0,1.0,1.0,chkchy
low_reliability_or_unlikely,surface_token,chkeedy,R00,2,2,1,LOW_POWER_OR_UNSTABLE,1.0,1.0,1.0,chkeedy
low_reliability_or_unlikely,surface_token,chkeey,R00,2,2,1,LOW_POWER_OR_UNSTABLE,1.0,1.0,1.0,chkeey
low_reliability_or_unlikely,surface_token,chkey,R00,2,2,1,LOW_POWER_OR_UNSTABLE,1.0,1.0,1.0,chkey
low_reliability_or_unlikely,surface_token,chll,R00,2,2,1,LOW_POWER_OR_UNSTABLE,1.0,1.0,1.0,chll
low_reliability_or_unlikely,surface_token,chocfhy,R00,2,2,1,LOW_POWER_OR_UNSTABLE,1.0,1.0,1.0,chocfhy
low_reliability_or_unlikely,surface_token,chodal,R00,2,2,1,LOW_POWER_OR_UNSTABLE,1.0,1.0,0.5,chodal
low_reliability_or_unlikely,surface_token,chodaly,R00,2,2,1,LOW_POWER_OR_UNSTABLE,1.0,1.0,1.0,chodaly
low_reliability_or_unlikely,surface_token,choiin,R00,2,2,1,LOW_POWER_OR_UNSTABLE,1.0,1.0,1.0,choiin
low_reliability_or_unlikely,surface_token,chok,R00,2,2,1,LOW_POWER_OR_UNSTABLE,1.0,1.0,0.5,chok
low_reliability_or_unlikely,surface_token,chokaiin,R10,2,2,1,LOW_POWER_OR_UNSTABLE,1.0,1.0,1.0,chokaiin
low_reliability_or_unlikely,surface_token,chokain,R00,2,2,1,LOW_POWER_OR_UNSTABLE,1.0,1.0,1.0,chokain
low_reliability_or_unlikely,surface_token,chokam,R00,2,2,1,LOW_POWER_OR_UNSTABLE,1.0,1.0,0.5,chokam
low_reliability_or_unlikely,surface_token,chokor,R00,2,2,1,LOW_POWER_OR_UNSTABLE,1.0,1.0,1.0,chokor
low_reliability_or_unlikely,surface_token,choldy,R07,2,2,1,LOW_POWER_OR_UNSTABLE,1.0,1.0,1.0,choldy
low_reliability_or_unlikely,surface_token,cholky,R07,2,2,1,LOW_POWER_OR_UNSTABLE,1.0,1.0,1.0,cholky
low_reliability_or_unlikely,surface_token,chols,R00,2,2,1,LOW_POWER_OR_UNSTABLE,1.0,1.0,1.0,chols
low_reliability_or_unlikely,surface_token,chom,R00,2,2,1,LOW_POWER_OR_UNSTABLE,1.0,1.0,1.0,chom
low_reliability_or_unlikely,surface_token,chory,R00,2,2,1,LOW_POWER_OR_UNSTABLE,1.0,1.0,1.0,chory
low_reliability_or_unlikely,surface_token,chotaiin,R10,2,2,1,LOW_POWER_OR_UNSTABLE,1.0,1.0,1.0,chotaiin
low_reliability_or_unlikely,surface_token,choy,R00,2,2,1,LOW_POWER_OR_UNSTABLE,1.0,1.0,1.0,choy
low_reliability_or_unlikely,surface_token,chr,R00,2,2,1,LOW_POWER_OR_UNSTABLE,1.0,1.0,1.0,chr
low_reliability_or_unlikely,surface_token,chso,R00,2,2,1,LOW_POWER_OR_UNSTABLE,1.0,1.0,0.5,chso
low_reliability_or_unlikely,surface_token,chyty,R00,2,2,1,LOW_POWER_OR_UNSTABLE,1.0,1.0,1.0,chyty
low_reliability_or_unlikely,surface_token,ckheey,R00,2,2,1,LOW_POWER_OR_UNSTABLE,1.0,1.0,1.0,ckheey
low_reliability_or_unlikely,surface_token,ckheody,R00,2,2,1,LOW_POWER_OR_UNSTABLE,1.0,1.0,1.0,ckheody
low_reliability_or_unlikely,surface_token,cphey,R00,2,2,1,LOW_POWER_OR_UNSTABLE,1.0,1.0,1.0,cphey
low_reliability_or_unlikely,surface_token,cthain,R04,2,1,1,LOW_POWER_OR_UNSTABLE,1.0,1.0,1.0,cthain
low_reliability_or_unlikely,surface_token,cthar,R04,2,2,1,LOW_POWER_OR_UNSTABLE,1.0,1.0,1.0,cthar
low_reliability_or_unlikely,surface_token,ctheey,R04,2,2,1,LOW_POWER_OR_UNSTABLE,1.0,1.0,1.0,ctheey
low_reliability_or_unlikely,surface_token,ctho,R04,2,2,1,LOW_POWER_OR_UNSTABLE,1.0,1.0,1.0,ctho
low_reliability_or_unlikely,surface_token,cthory,R04,2,2,1,LOW_POWER_OR_UNSTABLE,1.0,1.0,1.0,cthory
low_reliability_or_unlikely,surface_token,daiindy,R10,2,2,1,LOW_POWER_OR_UNSTABLE,1.0,1.0,0.5,daiindy
low_reliability_or_unlikely,surface_token,daiiny,R06,2,2,1,LOW_POWER_OR_UNSTABLE,1.0,1.0,0.5,daiiny
low_reliability_or_unlikely,surface_token,daiir,R06,2,2,1,LOW_POWER_OR_UNSTABLE,1.0,1.0,0.5,daiir
low_reliability_or_unlikely,surface_token,dail,R06,2,2,1,LOW_POWER_OR_UNSTABLE,1.0,1.0,1.0,dail
low_reliability_or_unlikely,surface_token,dalal,R06,2,2,1,LOW_POWER_OR_UNSTABLE,1.0,1.0,1.0,dalal
low_reliability_or_unlikely,surface_token,dalam,R06,2,2,1,LOW_POWER_OR_UNSTABLE,1.0,1.0,1.0,dalam
low_reliability_or_unlikely,surface_token,dalary,R06,2,2,1,LOW_POWER_OR_UNSTABLE,1.0,1.0,0.5,dalary
low_reliability_or_unlikely,surface_token,dals,R09,2,2,1,LOW_POWER_OR_UNSTABLE,1.0,1.0,1.0,dals
low_reliability_or_unlikely,surface_token,daraiin,R00,2,2,1,LOW_POWER_OR_UNSTABLE,1.0,1.0,0.5,daraiin
low_reliability_or_unlikely,surface_token,darchedy,R00,2,2,1,LOW_POWER_OR_UNSTABLE,1.0,1.0,1.0,darchedy
low_reliability_or_unlikely,surface_token,darol,R06,2,2,1,LOW_POWER_OR_UNSTABLE,1.0,1.0,1.0,darol
low_reliability_or_unlikely,surface_token,dchaiin,R00,2,2,1,LOW_POWER_OR_UNSTABLE,1.0,1.0,1.0,dchaiin
low_reliability_or_unlikely,surface_token,dcheey,R06,2,2,1,LOW_POWER_OR_UNSTABLE,1.0,1.0,1.0,dcheey
low_reliability_or_unlikely,surface_token,dchy,R06,2,2,1,LOW_POWER_OR_UNSTABLE,1.0,1.0,1.0,dchy
low_reliability_or_unlikely,surface_token,ddy,R06,2,2,1,LOW_POWER_OR_UNSTABLE,1.0,1.0,0.5,ddy
low_reliability_or_unlikely,surface_token,deey,R06,2,2,1,LOW_POWER_OR_UNSTABLE,1.0,1.0,1.0,deey
low_reliability_or_unlikely,surface_token,do,R06,2,2,1,LOW_POWER_OR_UNSTABLE,1.0,1.0,1.0,do
low_reliability_or_unlikely,surface_token,doly,R06,2,2,1,LOW_POWER_OR_UNSTABLE,1.0,1.0,0.5,doly
low_reliability_or_unlikely,surface_token,dr,R06,2,2,1,LOW_POWER_OR_UNSTABLE,1.0,1.0,1.0,dr
low_reliability_or_unlikely,surface_token,dshdy,R06,2,2,1,LOW_POWER_OR_UNSTABLE,1.0,1.0,1.0,dshdy
low_reliability_or_unlikely,surface_token,dsheody,R00,2,2,1,LOW_POWER_OR_UNSTABLE,1.0,1.0,1.0,dsheody
low_reliability_or_unlikely,surface_token,dsho,R06,2,2,1,LOW_POWER_OR_UNSTABLE,1.0,1.0,1.0,dsho
low_reliability_or_unlikely,surface_token,dshy,R06,2,2,1,LOW_POWER_OR_UNSTABLE,1.0,1.0,1.0,dshy
low_reliability_or_unlikely,surface_token,dyty,R06,2,2,1,LOW_POWER_OR_UNSTABLE,1.0,1.0,1.0,dyty
low_reliability_or_unlikely,surface_token,eees,R00,2,2,1,LOW_POWER_OR_UNSTABLE,1.0,1.0,1.0,eees
low_reliability_or_unlikely,surface_token,g,R00,2,2,1,LOW_POWER_OR_UNSTABLE,1.0,1.0,1.0,g
low_reliability_or_unlikely,surface_token,kaiiin,R06,2,2,1,LOW_POWER_OR_UNSTABLE,1.0,1.0,1.0,kaiiin
low_reliability_or_unlikely,surface_token,kary,R06,2,2,1,LOW_POWER_OR_UNSTABLE,1.0,1.0,1.0,kary
low_reliability_or_unlikely,surface_token,kchedy,R06,2,2,1,LOW_POWER_OR_UNSTABLE,1.0,1.0,1.0,kchedy
low_reliability_or_unlikely,surface_token,kchod,R06,2,2,1,LOW_POWER_OR_UNSTABLE,1.0,1.0,1.0,kchod
low_reliability_or_unlikely,surface_token,kchol,R06,2,2,1,LOW_POWER_OR_UNSTABLE,1.0,1.0,1.0,kchol
low_reliability_or_unlikely,surface_token,kechedy,R00,2,2,1,LOW_POWER_OR_UNSTABLE,1.0,1.0,1.0,kechedy
low_reliability_or_unlikely,surface_token,keeey,R06,2,2,1,LOW_POWER_OR_UNSTABLE,1.0,1.0,1.0,keeey
low_reliability_or_unlikely,surface_token,key,R06,2,2,1,LOW_POWER_OR_UNSTABLE,1.0,1.0,1.0,key
low_reliability_or_unlikely,surface_token,kos,R06,2,2,1,LOW_POWER_OR_UNSTABLE,1.0,1.0,1.0,kos
low_reliability_or_unlikely,surface_token,kshedy,R06,2,2,1,LOW_POWER_OR_UNSTABLE,1.0,1.0,1.0,kshedy
low_reliability_or_unlikely,surface_token,lain,R00,2,2,1,LOW_POWER_OR_UNSTABLE,1.0,1.0,1.0,lain
low_reliability_or_unlikely,surface_token,lched,R00,2,2,1,LOW_POWER_OR_UNSTABLE,1.0,1.0,1.0,lched
low_reliability_or_unlikely,surface_token,lchedam,R00,2,2,1,LOW_POWER_OR_UNSTABLE,1.0,1.0,1.0,lchedam
low_reliability_or_unlikely,surface_token,lchor,R00,2,2,1,LOW_POWER_OR_UNSTABLE,1.0,1.0,1.0,lchor
low_reliability_or_unlikely,surface_token,ldaiin,R00,2,2,1,LOW_POWER_OR_UNSTABLE,1.0,1.0,1.0,ldaiin
low_reliability_or_unlikely,surface_token,lkam,R00,2,2,1,LOW_POWER_OR_UNSTABLE,1.0,1.0,1.0,lkam
low_reliability_or_unlikely,surface_token,lkeol,R00,2,2,1,LOW_POWER_OR_UNSTABLE,1.0,1.0,1.0,lkeol
low_reliability_or_unlikely,surface_token,lolkaiin,R00,2,2,1,LOW_POWER_OR_UNSTABLE,1.0,1.0,1.0,lolkaiin
low_reliability_or_unlikely,surface_token,loly,R00,2,2,1,LOW_POWER_OR_UNSTABLE,1.0,1.0,1.0,loly
low_reliability_or_unlikely,surface_token,ltain,R00,2,2,1,LOW_POWER_OR_UNSTABLE,1.0,1.0,1.0,ltain
low_reliability_or_unlikely,surface_token,lteedy,R00,2,2,1,LOW_POWER_OR_UNSTABLE,1.0,1.0,1.0,lteedy
low_reliability_or_unlikely,surface_token,oaro,R00,2,2,1,LOW_POWER_OR_UNSTABLE,1.0,1.0,1.0,oaro
low_reliability_or_unlikely,surface_token,ochedy,R00,2,2,1,LOW_POWER_OR_UNSTABLE,1.0,1.0,1.0,ochedy
low_reliability_or_unlikely,surface_token,ochey,R00,2,2,1,LOW_POWER_OR_UNSTABLE,1.0,1.0,1.0,ochey
low_reliability_or_unlikely,surface_token,ochol,R00,2,2,1,LOW_POWER_OR_UNSTABLE,1.0,1.0,1.0,ochol
low_reliability_or_unlikely,surface_token,ockhey,R00,2,2,1,LOW_POWER_OR_UNSTABLE,1.0,1.0,1.0,ockhey
low_reliability_or_unlikely,surface_token,odain,R00,2,2,1,LOW_POWER_OR_UNSTABLE,1.0,1.0,1.0,odain
low_reliability_or_unlikely,surface_token,odair,R00,2,2,1,LOW_POWER_OR_UNSTABLE,1.0,1.0,1.0,odair
low_reliability_or_unlikely,surface_token,odeey,R00,2,2,1,LOW_POWER_OR_UNSTABLE,1.0,1.0,0.5,odeey
low_reliability_or_unlikely,surface_token,oees,R00,2,2,1,LOW_POWER_OR_UNSTABLE,1.0,1.0,0.5,oees
low_reliability_or_unlikely,surface_token,ofar,R00,2,2,1,LOW_POWER_OR_UNSTABLE,1.0,1.0,1.0,ofar
low_reliability_or_unlikely,surface_token,oiiin,R00,2,2,1,LOW_POWER_OR_UNSTABLE,1.0,1.0,1.0,oiiin
low_reliability_or_unlikely,surface_token,okalar,R00,2,2,1,LOW_POWER_OR_UNSTABLE,1.0,1.0,1.0,okalar
low_reliability_or_unlikely,surface_token,okalchy,R00,2,2,1,LOW_POWER_OR_UNSTABLE,1.0,1.0,0.5,okalchy
low_reliability_or_unlikely,surface_token,okaram,R03,2,2,1,LOW_POWER_OR_UNSTABLE,1.0,1.0,1.0,okaram
low_reliability_or_unlikely,surface_token,okchedy,R00,2,2,1,LOW_POWER_OR_UNSTABLE,1.0,1.0,1.0,okchedy
low_reliability_or_unlikely,surface_token,okchody,R00,2,2,1,LOW_POWER_OR_UNSTABLE,1.0,1.0,0.5,okchody
low_reliability_or_unlikely,surface_token,okchol,R07,2,2,1,LOW_POWER_OR_UNSTABLE,1.0,1.0,0.5,okchol
low_reliability_or_unlikely,surface_token,okedor,R00,2,2,1,LOW_POWER_OR_UNSTABLE,1.0,1.0,1.0,okedor
low_reliability_or_unlikely,surface_token,okeeedy,R00,2,2,1,LOW_POWER_OR_UNSTABLE,1.0,1.0,1.0,okeeedy
low_reliability_or_unlikely,surface_token,okeeo,R00,2,2,1,LOW_POWER_OR_UNSTABLE,1.0,1.0,0.5,okeeo
low_reliability_or_unlikely,surface_token,okeeos,R00,2,2,1,LOW_POWER_OR_UNSTABLE,1.0,1.0,0.5,okeeos
low_reliability_or_unlikely,surface_token,okeo,R00,2,2,1,LOW_POWER_OR_UNSTABLE,1.0,1.0,1.0,okeo
low_reliability_or_unlikely,surface_token,okeoldy,R00,2,2,1,LOW_POWER_OR_UNSTABLE,1.0,1.0,0.5,okeoldy
low_reliability_or_unlikely,surface_token,okolo,R00,2,2,1,LOW_POWER_OR_UNSTABLE,1.0,1.0,0.5,okolo
low_reliability_or_unlikely,surface_token,okolshy,R00,2,2,1,LOW_POWER_OR_UNSTABLE,1.0,1.0,0.5,okolshy
low_reliability_or_unlikely,surface_token,okos,R00,2,2,1,LOW_POWER_OR_UNSTABLE,1.0,1.0,1.0,okos
low_reliability_or_unlikely,surface_token,okshey,R00,2,2,1,LOW_POWER_OR_UNSTABLE,1.0,1.0,1.0,okshey
low_reliability_or_unlikely,surface_token,okshor,R00,2,2,1,LOW_POWER_OR_UNSTABLE,1.0,1.0,0.5,okshor
low_reliability_or_unlikely,surface_token,okydy,R00,2,2,1,LOW_POWER_OR_UNSTABLE,1.0,1.0,1.0,okydy
low_reliability_or_unlikely,surface_token,olar,R00,2,2,1,LOW_POWER_OR_UNSTABLE,1.0,1.0,0.5,olar
low_reliability_or_unlikely,surface_token,olchcthy,R04,2,2,1,LOW_POWER_OR_UNSTABLE,1.0,1.0,1.0,olchcthy
low_reliability_or_unlikely,surface_token,olchdy,R00,2,2,1,LOW_POWER_OR_UNSTABLE,1.0,1.0,1.0,olchdy
low_reliability_or_unlikely,surface_token,olcheody,R00,2,2,1,LOW_POWER_OR_UNSTABLE,1.0,1.0,1.0,olcheody
low_reliability_or_unlikely,surface_token,olcheor,R00,2,2,1,LOW_POWER_OR_UNSTABLE,1.0,1.0,1.0,olcheor
low_reliability_or_unlikely,surface_token,oldaiin,R10,2,2,1,LOW_POWER_OR_UNSTABLE,1.0,1.0,1.0,oldaiin
low_reliability_or_unlikely,surface_token,oldam,R00,2,2,1,LOW_POWER_OR_UNSTABLE,1.0,1.0,0.5,oldam
low_reliability_or_unlikely,surface_token,olkchy,R00,2,2,1,LOW_POWER_OR_UNSTABLE,1.0,1.0,1.0,olkchy
low_reliability_or_unlikely,surface_token,olkees,R00,2,2,1,LOW_POWER_OR_UNSTABLE,1.0,1.0,1.0,olkees
low_reliability_or_unlikely,surface_token,olkeol,R00,2,2,1,LOW_POWER_OR_UNSTABLE,1.0,1.0,1.0,olkeol
low_reliability_or_unlikely,surface_token,olkey,R00,2,2,1,LOW_POWER_OR_UNSTABLE,1.0,1.0,1.0,olkey
low_reliability_or_unlikely,surface_token,olr,R00,2,2,1,LOW_POWER_OR_UNSTABLE,1.0,1.0,1.0,olr
low_reliability_or_unlikely,surface_token,olsaiin,R00,2,2,1,LOW_POWER_OR_UNSTABLE,1.0,1.0,0.5,olsaiin
low_reliability_or_unlikely,surface_token,olshdy,R00,2,2,1,LOW_POWER_OR_UNSTABLE,1.0,1.0,1.0,olshdy
low_reliability_or_unlikely,surface_token,opaiin,R00,2,2,1,LOW_POWER_OR_UNSTABLE,1.0,1.0,0.5,opaiin
low_reliability_or_unlikely,surface_token,opchar,R00,2,2,1,LOW_POWER_OR_UNSTABLE,1.0,1.0,0.5,opchar
low_reliability_or_unlikely,surface_token,opcheedy,R00,2,2,1,LOW_POWER_OR_UNSTABLE,1.0,1.0,1.0,opcheedy
low_reliability_or_unlikely,surface_token,opchor,R00,2,2,1,LOW_POWER_OR_UNSTABLE,1.0,1.0,1.0,opchor
low_reliability_or_unlikely,surface_token,orar,R00,2,2,1,LOW_POWER_OR_UNSTABLE,1.0,1.0,0.5,orar
low_reliability_or_unlikely,surface_token,orary,R00,2,2,1,LOW_POWER_OR_UNSTABLE,1.0,1.0,1.0,orary
low_reliability_or_unlikely,surface_token,osain,R00,2,2,1,LOW_POWER_OR_UNSTABLE,1.0,1.0,0.5,osain
low_reliability_or_unlikely,surface_token,oshey,R00,2,2,1,LOW_POWER_OR_UNSTABLE,1.0,1.0,1.0,oshey
low_reliability_or_unlikely,surface_token,ot,R00,2,2,1,LOW_POWER_OR_UNSTABLE,1.0,1.0,1.0,ot
low_reliability_or_unlikely,surface_token,otalaiin,R00,2,2,1,LOW_POWER_OR_UNSTABLE,1.0,1.0,1.0,otalaiin
low_reliability_or_unlikely,surface_token,otaldar,R00,2,2,1,LOW_POWER_OR_UNSTABLE,1.0,1.0,1.0,otaldar
low_reliability_or_unlikely,surface_token,otaral,R00,2,2,1,LOW_POWER_OR_UNSTABLE,1.0,1.0,0.5,otaral
low_reliability_or_unlikely,surface_token,otaraldy,R00,2,2,1,LOW_POWER_OR_UNSTABLE,1.0,1.0,1.0,otaraldy
low_reliability_or_unlikely,surface_token,otchar,R00,2,2,1,LOW_POWER_OR_UNSTABLE,1.0,1.0,1.0,otchar
low_reliability_or_unlikely,surface_token,otchody,R00,2,2,1,LOW_POWER_OR_UNSTABLE,1.0,1.0,0.5,otchody
low_reliability_or_unlikely,surface_token,otchor,R00,2,2,1,LOW_POWER_OR_UNSTABLE,1.0,1.0,1.0,otchor
low_reliability_or_unlikely,surface_token,oteed,R01,2,2,1,LOW_POWER_OR_UNSTABLE,1.0,1.0,1.0,oteed
low_reliability_or_unlikely,surface_token,oteeor,R01,2,2,1,LOW_POWER_OR_UNSTABLE,1.0,1.0,1.0,oteeor
low_reliability_or_unlikely,surface_token,oteol,R01,2,2,1,LOW_POWER_OR_UNSTABLE,1.0,1.0,1.0,oteol
low_reliability_or_unlikely,surface_token,oteos,R01,2,2,1,LOW_POWER_OR_UNSTABLE,1.0,1.0,1.0,oteos
low_reliability_or_unlikely,surface_token,otly,R00,2,2,1,LOW_POWER_OR_UNSTABLE,1.0,1.0,0.5,otly
low_reliability_or_unlikely,surface_token,otodar,R00,2,2,1,LOW_POWER_OR_UNSTABLE,1.0,1.0,1.0,otodar
low_reliability_or_unlikely,surface_token,otoly,R00,2,2,1,LOW_POWER_OR_UNSTABLE,1.0,1.0,1.0,otoly
low_reliability_or_unlikely,surface_token,otoram,R00,2,2,1,LOW_POWER_OR_UNSTABLE,1.0,1.0,1.0,otoram
low_reliability_or_unlikely,surface_token,otory,R00,2,2,1,LOW_POWER_OR_UNSTABLE,1.0,1.0,1.0,otory
low_reliability_or_unlikely,surface_token,otydy,R00,2,2,1,LOW_POWER_OR_UNSTABLE,1.0,1.0,0.5,otydy
low_reliability_or_unlikely,surface_token,oy,R00,2,2,1,LOW_POWER_OR_UNSTABLE,1.0,1.0,1.0,oy
low_reliability_or_unlikely,surface_token,pchedain,R00,2,2,1,LOW_POWER_OR_UNSTABLE,1.0,1.0,1.0,pchedain
low_reliability_or_unlikely,surface_token,pcheor,R06,2,2,1,LOW_POWER_OR_UNSTABLE,1.0,1.0,1.0,pcheor
low_reliability_or_unlikely,surface_token,pchodaiin,R10,2,2,1,LOW_POWER_OR_UNSTABLE,1.0,1.0,1.0,pchodaiin
low_reliability_or_unlikely,surface_token,pshol,R06,2,2,1,LOW_POWER_OR_UNSTABLE,1.0,1.0,0.5,pshol
low_reliability_or_unlikely,surface_token,qoal,H07,2,2,1,LOW_POWER_OR_UNSTABLE,1.0,1.0,1.0,qoal
low_reliability_or_unlikely,surface_token,qoar,H07,2,2,1,LOW_POWER_OR_UNSTABLE,1.0,1.0,1.0,qoar
low_reliability_or_unlikely,surface_token,qockhedy,H21,2,2,1,LOW_POWER_OR_UNSTABLE,1.0,1.0,1.0,qockhedy
low_reliability_or_unlikely,surface_token,qody,H20,2,2,1,LOW_POWER_OR_UNSTABLE,1.0,1.0,1.0,qody
low_reliability_or_unlikely,surface_token,qoedy,R00,2,2,1,LOW_POWER_OR_UNSTABLE,1.0,1.0,1.0,qoedy
low_reliability_or_unlikely,surface_token,qokchd,H08,2,2,1,LOW_POWER_OR_UNSTABLE,1.0,1.0,1.0,qokchd
low_reliability_or_unlikely,surface_token,qokcheedy,H12,2,2,1,LOW_POWER_OR_UNSTABLE,1.0,1.0,1.0,qokcheedy
low_reliability_or_unlikely,surface_token,qokcheo,H08,2,2,1,LOW_POWER_OR_UNSTABLE,1.0,1.0,1.0,qokcheo
low_reliability_or_unlikely,surface_token,qokcho,H08,2,2,1,LOW_POWER_OR_UNSTABLE,1.0,1.0,1.0,qokcho
low_reliability_or_unlikely,surface_token,qokchor,H08,2,2,1,LOW_POWER_OR_UNSTABLE,1.0,1.0,1.0,qokchor
low_reliability_or_unlikely,surface_token,qoked,H08,2,2,1,LOW_POWER_OR_UNSTABLE,1.0,1.0,1.0,qoked
low_reliability_or_unlikely,surface_token,qokeear,H08,2,2,1,LOW_POWER_OR_UNSTABLE,1.0,1.0,1.0,qokeear
low_reliability_or_unlikely,surface_token,qokeeo,H08,2,2,1,LOW_POWER_OR_UNSTABLE,1.0,1.0,1.0,qokeeo
low_reliability_or_unlikely,surface_token,qokees,H08,2,2,1,LOW_POWER_OR_UNSTABLE,1.0,1.0,1.0,qokees
low_reliability_or_unlikely,surface_token,qokeo,H08,2,2,1,LOW_POWER_OR_UNSTABLE,1.0,1.0,1.0,qokeo
low_reliability_or_unlikely,surface_token,qokeod,H08,2,2,1,LOW_POWER_OR_UNSTABLE,1.0,1.0,1.0,qokeod
low_reliability_or_unlikely,surface_token,qokolchey,H08,2,2,1,LOW_POWER_OR_UNSTABLE,1.0,1.0,0.5,qokolchey
low_reliability_or_unlikely,surface_token,qokoldy,H11,2,2,1,LOW_POWER_OR_UNSTABLE,1.0,1.0,1.0,qokoldy
low_reliability_or_unlikely,surface_token,qokshdy,H11,2,2,1,LOW_POWER_OR_UNSTABLE,1.0,1.0,1.0,qokshdy
low_reliability_or_unlikely,surface_token,qoor,H07,2,2,1,LOW_POWER_OR_UNSTABLE,1.0,1.0,1.0,qoor
low_reliability_or_unlikely,surface_token,qopchdy,R00,2,2,1,LOW_POWER_OR_UNSTABLE,1.0,1.0,1.0,qopchdy
low_reliability_or_unlikely,surface_token,qopchy,H07,2,2,1,LOW_POWER_OR_UNSTABLE,1.0,1.0,1.0,qopchy
low_reliability_or_unlikely,surface_token,qopshedy,H21,2,2,1,LOW_POWER_OR_UNSTABLE,1.0,1.0,1.0,qopshedy
low_reliability_or_unlikely,surface_token,qot,H13,2,2,1,LOW_POWER_OR_UNSTABLE,1.0,1.0,1.0,qot
low_reliability_or_unlikely,surface_token,qotair,H13,2,2,1,LOW_POWER_OR_UNSTABLE,1.0,1.0,1.0,qotair
low_reliability_or_unlikely,surface_token,qotchdy,H14,2,2,1,LOW_POWER_OR_UNSTABLE,1.0,1.0,1.0,qotchdy
low_reliability_or_unlikely,surface_token,qotcheaiin,H13,2,2,1,LOW_POWER_OR_UNSTABLE,1.0,1.0,1.0,qotcheaiin
low_reliability_or_unlikely,surface_token,qotcheedy,H17,2,2,1,LOW_POWER_OR_UNSTABLE,1.0,1.0,1.0,qotcheedy
low_reliability_or_unlikely,surface_token,qotchol,H13,2,2,1,LOW_POWER_OR_UNSTABLE,1.0,1.0,1.0,qotchol
low_reliability_or_unlikely,surface_token,qoted,H13,2,2,1,LOW_POWER_OR_UNSTABLE,1.0,1.0,1.0,qoted
low_reliability_or_unlikely,surface_token,qotody,R00,2,2,1,LOW_POWER_OR_UNSTABLE,1.0,1.0,1.0,qotody
low_reliability_or_unlikely,surface_token,qotydy,R00,2,2,1,LOW_POWER_OR_UNSTABLE,1.0,1.0,1.0,qotydy
low_reliability_or_unlikely,surface_token,raly,R00,2,2,1,LOW_POWER_OR_UNSTABLE,1.0,1.0,1.0,raly
low_reliability_or_unlikely,surface_token,ram,R00,2,2,1,LOW_POWER_OR_UNSTABLE,1.0,1.0,1.0,ram
low_reliability_or_unlikely,surface_token,ro,R00,2,2,1,LOW_POWER_OR_UNSTABLE,1.0,1.0,1.0,ro
low_reliability_or_unlikely,surface_token,saii,R06,2,2,1,LOW_POWER_OR_UNSTABLE,1.0,1.0,0.5,saii
low_reliability_or_unlikely,surface_token,sairy,R06,2,2,1,LOW_POWER_OR_UNSTABLE,1.0,1.0,1.0,sairy
low_reliability_or_unlikely,surface_token,salchedy,R00,2,2,1,LOW_POWER_OR_UNSTABLE,1.0,1.0,1.0,salchedy
low_reliability_or_unlikely,surface_token,saldy,R06,2,2,1,LOW_POWER_OR_UNSTABLE,1.0,1.0,1.0,saldy
low_reliability_or_unlikely,surface_token,sam,R06,2,2,1,LOW_POWER_OR_UNSTABLE,1.0,1.0,0.5,sam
low_reliability_or_unlikely,surface_token,schey,R06,2,2,1,LOW_POWER_OR_UNSTABLE,1.0,1.0,1.0,schey
low_reliability_or_unlikely,surface_token,shaiin,R06,2,2,1,LOW_POWER_OR_UNSTABLE,1.0,1.0,1.0,shaiin
low_reliability_or_unlikely,surface_token,sham,R06,2,2,1,LOW_POWER_OR_UNSTABLE,1.0,1.0,1.0,sham
low_reliability_or_unlikely,surface_token,shan,R06,2,2,1,LOW_POWER_OR_UNSTABLE,1.0,1.0,1.0,shan
low_reliability_or_unlikely,surface_token,shdar,R06,2,2,1,LOW_POWER_OR_UNSTABLE,1.0,1.0,0.5,shdar
low_reliability_or_unlikely,surface_token,shedain,R00,2,2,1,LOW_POWER_OR_UNSTABLE,1.0,1.0,1.0,shedain
low_reliability_or_unlikely,surface_token,shedam,R06,2,2,1,LOW_POWER_OR_UNSTABLE,1.0,1.0,1.0,shedam
low_reliability_or_unlikely,surface_token,shek,R06,2,2,1,LOW_POWER_OR_UNSTABLE,1.0,1.0,1.0,shek
low_reliability_or_unlikely,surface_token,shekal,R06,2,2,1,LOW_POWER_OR_UNSTABLE,1.0,1.0,0.5,shekal
low_reliability_or_unlikely,surface_token,sheod,R06,2,2,1,LOW_POWER_OR_UNSTABLE,1.0,1.0,1.0,sheod
low_reliability_or_unlikely,surface_token,shepchy,R00,2,2,1,LOW_POWER_OR_UNSTABLE,1.0,1.0,1.0,shepchy
low_reliability_or_unlikely,surface_token,shes,R06,2,2,1,LOW_POWER_OR_UNSTABLE,1.0,1.0,0.5,shes
low_reliability_or_unlikely,surface_token,shky,R06,2,2,1,LOW_POWER_OR_UNSTABLE,1.0,1.0,1.0,shky
low_reliability_or_unlikely,surface_token,shodaiin,R05,2,2,1,LOW_POWER_OR_UNSTABLE,1.0,1.0,1.0,shodaiin
low_reliability_or_unlikely,surface_token,shokaiin,R10,2,2,1,LOW_POWER_OR_UNSTABLE,1.0,1.0,1.0,shokaiin
low_reliability_or_unlikely,surface_token,shokar,R06,2,2,1,LOW_POWER_OR_UNSTABLE,1.0,1.0,1.0,shokar
low_reliability_or_unlikely,surface_token,shokchy,R00,2,2,1,LOW_POWER_OR_UNSTABLE,1.0,1.0,1.0,shokchy
low_reliability_or_unlikely,surface_token,soaiin,R06,2,2,1,LOW_POWER_OR_UNSTABLE,1.0,1.0,0.5,soaiin
low_reliability_or_unlikely,surface_token,sodaiin,R10,2,2,1,LOW_POWER_OR_UNSTABLE,1.0,1.0,1.0,sodaiin
low_reliability_or_unlikely,surface_token,soiiin,R06,2,2,1,LOW_POWER_OR_UNSTABLE,1.0,1.0,1.0,soiiin
low_reliability_or_unlikely,surface_token,sokeedy,R00,2,2,1,LOW_POWER_OR_UNSTABLE,1.0,1.0,1.0,sokeedy
low_reliability_or_unlikely,surface_token,solkain,R00,2,2,1,LOW_POWER_OR_UNSTABLE,1.0,1.0,1.0,solkain
low_reliability_or_unlikely,surface_token,sols,R06,2,2,1,LOW_POWER_OR_UNSTABLE,1.0,1.0,1.0,sols
low_reliability_or_unlikely,surface_token,sshedy,R06,2,2,1,LOW_POWER_OR_UNSTABLE,1.0,1.0,1.0,sshedy
low_reliability_or_unlikely,surface_token,sshey,R06,2,2,1,LOW_POWER_OR_UNSTABLE,1.0,1.0,1.0,sshey
low_reliability_or_unlikely,surface_token,t,R06,2,2,1,LOW_POWER_OR_UNSTABLE,1.0,1.0,1.0,t
low_reliability_or_unlikely,surface_token,tain,R06,2,2,1,LOW_POWER_OR_UNSTABLE,1.0,1.0,1.0,tain
low_reliability_or_unlikely,surface_token,tchdy,R06,2,2,1,LOW_POWER_OR_UNSTABLE,1.0,1.0,1.0,tchdy
low_reliability_or_unlikely,surface_token,tcheody,R00,2,2,1,LOW_POWER_OR_UNSTABLE,1.0,1.0,1.0,tcheody
low_reliability_or_unlikely,surface_token,tcheor,R06,2,2,1,LOW_POWER_OR_UNSTABLE,1.0,1.0,1.0,tcheor
low_reliability_or_unlikely,surface_token,tchey,R06,2,2,1,LOW_POWER_OR_UNSTABLE,1.0,1.0,1.0,tchey
low_reliability_or_unlikely,surface_token,tchody,R06,2,2,1,LOW_POWER_OR_UNSTABLE,1.0,1.0,1.0,tchody
low_reliability_or_unlikely,surface_token,tchol,R06,2,2,1,LOW_POWER_OR_UNSTABLE,1.0,1.0,1.0,tchol
low_reliability_or_unlikely,surface_token,tedain,R06,2,2,1,LOW_POWER_OR_UNSTABLE,1.0,1.0,1.0,tedain
low_reliability_or_unlikely,surface_token,teedy,R06,2,2,1,LOW_POWER_OR_UNSTABLE,1.0,1.0,1.0,teedy
low_reliability_or_unlikely,surface_token,teey,R06,2,2,1,LOW_POWER_OR_UNSTABLE,1.0,1.0,1.0,teey
low_reliability_or_unlikely,surface_token,teody,R06,2,2,1,LOW_POWER_OR_UNSTABLE,1.0,1.0,0.5,teody
low_reliability_or_unlikely,surface_token,tody,R06,2,2,1,LOW_POWER_OR_UNSTABLE,1.0,1.0,1.0,tody
low_reliability_or_unlikely,surface_token,toees,R06,2,2,1,LOW_POWER_OR_UNSTABLE,1.0,1.0,0.5,toees
low_reliability_or_unlikely,surface_token,ychear,R06,2,2,1,LOW_POWER_OR_UNSTABLE,1.0,1.0,1.0,ychear
low_reliability_or_unlikely,surface_token,ycheedy,R00,2,2,1,LOW_POWER_OR_UNSTABLE,1.0,1.0,1.0,ycheedy
low_reliability_or_unlikely,surface_token,ycheeo,R06,2,2,1,LOW_POWER_OR_UNSTABLE,1.0,1.0,1.0,ycheeo
low_reliability_or_unlikely,surface_token,ycheeody,R00,2,2,1,LOW_POWER_OR_UNSTABLE,1.0,1.0,1.0,ycheeody
low_reliability_or_unlikely,surface_token,ycheo,R06,2,2,1,LOW_POWER_OR_UNSTABLE,1.0,1.0,1.0,ycheo
low_reliability_or_unlikely,surface_token,ycheody,R00,2,2,1,LOW_POWER_OR_UNSTABLE,1.0,1.0,1.0,ycheody
low_reliability_or_unlikely,surface_token,ycheor,R06,2,2,1,LOW_POWER_OR_UNSTABLE,1.0,1.0,1.0,ycheor
low_reliability_or_unlikely,surface_token,ydy,R06,2,2,1,LOW_POWER_OR_UNSTABLE,1.0,1.0,1.0,ydy
low_reliability_or_unlikely,surface_token,ykair,R06,2,2,1,LOW_POWER_OR_UNSTABLE,1.0,1.0,1.0,ykair
low_reliability_or_unlikely,surface_token,ykal,R06,2,2,1,LOW_POWER_OR_UNSTABLE,1.0,1.0,1.0,ykal
low_reliability_or_unlikely,surface_token,ykam,R06,2,2,1,LOW_POWER_OR_UNSTABLE,1.0,1.0,1.0,ykam
low_reliability_or_unlikely,surface_token,ykch,R06,2,2,1,LOW_POWER_OR_UNSTABLE,1.0,1.0,1.0,ykch
low_reliability_or_unlikely,surface_token,ykchedy,R00,2,2,1,LOW_POWER_OR_UNSTABLE,1.0,1.0,1.0,ykchedy
low_reliability_or_unlikely,surface_token,ykchey,R06,2,2,1,LOW_POWER_OR_UNSTABLE,1.0,1.0,1.0,ykchey
low_reliability_or_unlikely,surface_token,ykeeey,R06,2,2,1,LOW_POWER_OR_UNSTABLE,1.0,1.0,1.0,ykeeey
low_reliability_or_unlikely,surface_token,ykeeol,R06,2,2,1,LOW_POWER_OR_UNSTABLE,1.0,1.0,0.5,ykeeol
low_reliability_or_unlikely,surface_token,ykees,R06,2,2,1,LOW_POWER_OR_UNSTABLE,1.0,1.0,1.0,ykees
low_reliability_or_unlikely,surface_token,ykeol,R06,2,2,1,LOW_POWER_OR_UNSTABLE,1.0,1.0,0.5,ykeol
low_reliability_or_unlikely,surface_token,ykol,R06,2,2,1,LOW_POWER_OR_UNSTABLE,1.0,1.0,1.0,ykol
low_reliability_or_unlikely,surface_token,ykshy,R06,2,2,1,LOW_POWER_OR_UNSTABLE,1.0,1.0,1.0,ykshy
low_reliability_or_unlikely,surface_token,yol,R06,2,2,1,LOW_POWER_OR_UNSTABLE,1.0,1.0,1.0,yol
low_reliability_or_unlikely,surface_token,ypaiin,R06,2,2,1,LOW_POWER_OR_UNSTABLE,1.0,1.0,1.0,ypaiin
low_reliability_or_unlikely,surface_token,ypal,R06,2,2,1,LOW_POWER_OR_UNSTABLE,1.0,1.0,1.0,ypal
low_reliability_or_unlikely,surface_token,ypchey,R06,2,1,1,LOW_POWER_OR_UNSTABLE,1.0,1.0,1.0,ypchey
low_reliability_or_unlikely,surface_token,ysheor,R06,2,2,1,LOW_POWER_OR_UNSTABLE,1.0,1.0,1.0,ysheor
low_reliability_or_unlikely,surface_token,ytal,R06,2,2,1,LOW_POWER_OR_UNSTABLE,1.0,1.0,0.5,ytal
low_reliability_or_unlikely,surface_token,ytchor,R06,2,2,1,LOW_POWER_OR_UNSTABLE,1.0,1.0,1.0,ytchor
low_reliability_or_unlikely,surface_token,ytedar,R06,2,2,1,LOW_POWER_OR_UNSTABLE,1.0,1.0,1.0,ytedar
low_reliability_or_unlikely,surface_token,yteeody,R00,2,2,1,LOW_POWER_OR_UNSTABLE,1.0,1.0,0.5,yteeody
low_reliability_or_unlikely,surface_token,ytey,R06,2,2,1,LOW_POWER_OR_UNSTABLE,1.0,1.0,0.5,ytey
low_reliability_or_unlikely,surface_token,ytody,R00,2,2,1,LOW_POWER_OR_UNSTABLE,1.0,1.0,1.0,ytody
low_reliability_or_unlikely,surface_token,adairchdy,R00,1,1,1,LOW_POWER_OR_UNSTABLE,1.0,1.0,1.0,adairchdy
low_reliability_or_unlikely,surface_token,adashgasain,R00,1,1,1,LOW_POWER_OR_UNSTABLE,1.0,1.0,1.0,adashgasain
low_reliability_or_unlikely,surface_token,aiinal,R00,1,1,1,LOW_POWER_OR_UNSTABLE,1.0,1.0,1.0,aiinal
low_reliability_or_unlikely,surface_token,aiinod,R00,1,1,1,LOW_POWER_OR_UNSTABLE,1.0,1.0,1.0,aiinod
low_reliability_or_unlikely,surface_token,aiip,R00,1,1,1,LOW_POWER_OR_UNSTABLE,1.0,1.0,1.0,aiip
low_reliability_or_unlikely,surface_token,aiiraly,R00,1,1,1,LOW_POWER_OR_UNSTABLE,1.0,1.0,1.0,aiiraly
low_reliability_or_unlikely,surface_token,aiky,R00,1,1,1,LOW_POWER_OR_UNSTABLE,1.0,1.0,1.0,aiky
low_reliability_or_unlikely,surface_token,ainaly,R00,1,1,1,LOW_POWER_OR_UNSTABLE,1.0,1.0,1.0,ainaly
low_reliability_or_unlikely,surface_token,airykeey,R00,1,1,1,LOW_POWER_OR_UNSTABLE,1.0,1.0,1.0,airykeey
low_reliability_or_unlikely,surface_token,akain,R00,1,1,1,LOW_POWER_OR_UNSTABLE,1.0,1.0,1.0,akain
low_reliability_or_unlikely,surface_token,akchy,R00,1,1,1,LOW_POWER_OR_UNSTABLE,1.0,1.0,1.0,akchy
low_reliability_or_unlikely,surface_token,akeom,R00,1,1,1,LOW_POWER_OR_UNSTABLE,1.0,1.0,1.0,akeom
low_reliability_or_unlikely,surface_token,akey,R00,1,1,1,LOW_POWER_OR_UNSTABLE,1.0,1.0,1.0,akey
low_reliability_or_unlikely,surface_token,aky,R00,1,1,1,LOW_POWER_OR_UNSTABLE,1.0,1.0,1.0,aky
low_reliability_or_unlikely,surface_token,alaiiin,R00,1,1,1,LOW_POWER_OR_UNSTABLE,1.0,1.0,1.0,alaiiin
low_reliability_or_unlikely,surface_token,alal,R00,1,1,1,LOW_POWER_OR_UNSTABLE,1.0,1.0,1.0,alal
low_reliability_or_unlikely,surface_token,alaly,R00,1,1,1,LOW_POWER_OR_UNSTABLE,1.0,1.0,1.0,alaly
low_reliability_or_unlikely,surface_token,alchdy,R00,1,1,1,LOW_POWER_OR_UNSTABLE,1.0,1.0,1.0,alchdy
low_reliability_or_unlikely,surface_token,alchedar,R00,1,1,1,LOW_POWER_OR_UNSTABLE,1.0,1.0,1.0,alchedar
low_reliability_or_unlikely,surface_token,alchedy,R00,1,1,1,LOW_POWER_OR_UNSTABLE,1.0,1.0,1.0,alchedy
low_reliability_or_unlikely,surface_token,alchey,R00,1,1,1,LOW_POWER_OR_UNSTABLE,1.0,1.0,1.0,alchey
low_reliability_or_unlikely,surface_token,alchor,R00,1,1,1,LOW_POWER_OR_UNSTABLE,1.0,1.0,1.0,alchor
low_reliability_or_unlikely,surface_token,alcphy,R00,1,1,1,LOW_POWER_OR_UNSTABLE,1.0,1.0,1.0,alcphy
low_reliability_or_unlikely,surface_token,ald,R00,1,1,1,LOW_POWER_OR_UNSTABLE,1.0,1.0,1.0,ald
low_reliability_or_unlikely,surface_token,aldaiin,R10,1,1,1,LOW_POWER_OR_UNSTABLE,1.0,1.0,1.0,aldaiin
low_reliability_or_unlikely,surface_token,aldy,R00,1,1,1,LOW_POWER_OR_UNSTABLE,1.0,1.0,1.0,aldy
low_reliability_or_unlikely,surface_token,alet,R00,1,1,1,LOW_POWER_OR_UNSTABLE,1.0,1.0,1.0,alet
low_reliability_or_unlikely,surface_token,alif,R00,1,1,1,LOW_POWER_OR_UNSTABLE,1.0,1.0,1.0,alif
low_reliability_or_unlikely,surface_token,alkaiin,R00,1,1,1,LOW_POWER_OR_UNSTABLE,1.0,1.0,1.0,alkaiin
low_reliability_or_unlikely,surface_token,alkam,R00,1,1,1,LOW_POWER_OR_UNSTABLE,1.0,1.0,1.0,alkam
low_reliability_or_unlikely,surface_token,alkchdy,R00,1,1,1,LOW_POWER_OR_UNSTABLE,1.0,1.0,1.0,alkchdy
low_reliability_or_unlikely,surface_token,alkeedy,R00,1,1,1,LOW_POWER_OR_UNSTABLE,1.0,1.0,1.0,alkeedy
low_reliability_or_unlikely,surface_token,alky,R00,1,1,1,LOW_POWER_OR_UNSTABLE,1.0,1.0,1.0,alky
low_reliability_or_unlikely,surface_token,alo,R00,1,1,1,LOW_POWER_OR_UNSTABLE,1.0,1.0,1.0,alo
low_reliability_or_unlikely,surface_token,aloees,R00,1,1,1,LOW_POWER_OR_UNSTABLE,1.0,1.0,1.0,aloees
low_reliability_or_unlikely,surface_token,aloiin,R00,1,1,1,LOW_POWER_OR_UNSTABLE,1.0,1.0,1.0,aloiin
low_reliability_or_unlikely,surface_token,alol,R00,1,1,1,LOW_POWER_OR_UNSTABLE,1.0,1.0,1.0,alol
low_reliability_or_unlikely,surface_token,alolor,R00,1,1,1,LOW_POWER_OR_UNSTABLE,1.0,1.0,1.0,alolor
low_reliability_or_unlikely,surface_token,alolshedy,R00,1,1,1,LOW_POWER_OR_UNSTABLE,1.0,1.0,1.0,alolshedy
low_reliability_or_unlikely,surface_token,alom,R00,1,1,1,LOW_POWER_OR_UNSTABLE,1.0,1.0,1.0,alom
low_reliability_or_unlikely,surface_token,als,R00,1,1,1,LOW_POWER_OR_UNSTABLE,1.0,1.0,1.0,als
low_reliability_or_unlikely,surface_token,alys,R00,1,1,1,LOW_POWER_OR_UNSTABLE,1.0,1.0,1.0,alys
low_reliability_or_unlikely,surface_token,amy,R00,1,1,1,LOW_POWER_OR_UNSTABLE,1.0,1.0,1.0,amy
low_reliability_or_unlikely,surface_token,an,R00,1,1,1,LOW_POWER_OR_UNSTABLE,1.0,1.0,1.0,an
low_reliability_or_unlikely,surface_token,araiin,R00,1,1,1,LOW_POWER_OR_UNSTABLE,1.0,1.0,1.0,araiin
low_reliability_or_unlikely,surface_token,araly,R00,1,1,1,LOW_POWER_OR_UNSTABLE,1.0,1.0,1.0,araly
low_reliability_or_unlikely,surface_token,aram,R00,1,1,1,LOW_POWER_OR_UNSTABLE,1.0,1.0,1.0,aram
low_reliability_or_unlikely,surface_token,arar,R00,1,1,1,LOW_POWER_OR_UNSTABLE,1.0,1.0,1.0,arar
low_reliability_or_unlikely,surface_token,araral,R00,1,1,1,LOW_POWER_OR_UNSTABLE,1.0,1.0,1.0,araral
low_reliability_or_unlikely,surface_token,ararchodaiin,R00,1,1,1,LOW_POWER_OR_UNSTABLE,1.0,1.0,1.0,ararchodaiin
low_reliability_or_unlikely,surface_token,archol,R07,1,1,1,LOW_POWER_OR_UNSTABLE,1.0,1.0,1.0,archol
low_reliability_or_unlikely,surface_token,ardas,R00,1,1,1,LOW_POWER_OR_UNSTABLE,1.0,1.0,1.0,ardas
low_reliability_or_unlikely,surface_token,arl,R00,1,1,1,LOW_POWER_OR_UNSTABLE,1.0,1.0,1.0,arl
low_reliability_or_unlikely,surface_token,aro,R00,1,1,1,LOW_POWER_OR_UNSTABLE,1.0,1.0,1.0,aro
low_reliability_or_unlikely,surface_token,arodl,R00,1,1,1,LOW_POWER_OR_UNSTABLE,1.0,1.0,1.0,arodl
low_reliability_or_unlikely,surface_token,aroky,R00,1,1,1,LOW_POWER_OR_UNSTABLE,1.0,1.0,1.0,aroky
low_reliability_or_unlikely,surface_token,aropam,R00,1,1,1,LOW_POWER_OR_UNSTABLE,1.0,1.0,1.0,aropam
low_reliability_or_unlikely,surface_token,aror,R00,1,1,1,LOW_POWER_OR_UNSTABLE,1.0,1.0,1.0,aror
low_reliability_or_unlikely,surface_token,arorochees,R00,1,1,1,LOW_POWER_OR_UNSTABLE,1.0,1.0,1.0,arorochees
low_reliability_or_unlikely,surface_token,arory,R00,1,1,1,LOW_POWER_OR_UNSTABLE,1.0,1.0,1.0,arory
low_reliability_or_unlikely,surface_token,c,R00,1,1,1,LOW_POWER_OR_UNSTABLE,1.0,1.0,1.0,c
low_reliability_or_unlikely,surface_token,cfhaiin,R00,1,1,1,LOW_POWER_OR_UNSTABLE,1.0,1.0,1.0,cfhaiin
low_reliability_or_unlikely,surface_token,cfham,R00,1,1,1,LOW_POWER_OR_UNSTABLE,1.0,1.0,1.0,cfham
low_reliability_or_unlikely,surface_token,cfhar,R00,1,1,1,LOW_POWER_OR_UNSTABLE,1.0,1.0,1.0,cfhar
low_reliability_or_unlikely,surface_token,cfhodar,R00,1,1,1,LOW_POWER_OR_UNSTABLE,1.0,1.0,1.0,cfhodar
low_reliability_or_unlikely,surface_token,cfhol,R00,1,1,1,LOW_POWER_OR_UNSTABLE,1.0,1.0,1.0,cfhol
low_reliability_or_unlikely,surface_token,chaiiin,R00,1,1,1,LOW_POWER_OR_UNSTABLE,1.0,1.0,1.0,chaiiin
low_reliability_or_unlikely,surface_token,chald,R00,1,1,1,LOW_POWER_OR_UNSTABLE,1.0,1.0,1.0,chald
low_reliability_or_unlikely,surface_token,chalkar,R00,1,1,1,LOW_POWER_OR_UNSTABLE,1.0,1.0,1.0,chalkar
low_reliability_or_unlikely,surface_token,chalsain,R00,1,1,1,LOW_POWER_OR_UNSTABLE,1.0,1.0,1.0,chalsain
low_reliability_or_unlikely,surface_token,chaly,R00,1,1,1,LOW_POWER_OR_UNSTABLE,1.0,1.0,1.0,chaly
low_reliability_or_unlikely,surface_token,charochy,R00,1,1,1,LOW_POWER_OR_UNSTABLE,1.0,1.0,1.0,charochy
low_reliability_or_unlikely,surface_token,chary,R00,1,1,1,LOW_POWER_OR_UNSTABLE,1.0,1.0,1.0,chary
low_reliability_or_unlikely,surface_token,chcfhey,R00,1,1,1,LOW_POWER_OR_UNSTABLE,1.0,1.0,1.0,chcfhey
low_reliability_or_unlikely,surface_token,chcfhol,R00,1,1,1,LOW_POWER_OR_UNSTABLE,1.0,1.0,1.0,chcfhol
low_reliability_or_unlikely,surface_token,chchdy,R00,1,1,1,LOW_POWER_OR_UNSTABLE,1.0,1.0,1.0,chchdy
low_reliability_or_unlikely,surface_token,chckh,R00,1,1,1,LOW_POWER_OR_UNSTABLE,1.0,1.0,1.0,chckh
low_reliability_or_unlikely,surface_token,chckhal,R00,1,1,1,LOW_POWER_OR_UNSTABLE,1.0,1.0,1.0,chckhal
low_reliability_or_unlikely,surface_token,chckhaly,R00,1,1,1,LOW_POWER_OR_UNSTABLE,1.0,1.0,1.0,chckhaly
low_reliability_or_unlikely,surface_token,chckham,R00,1,1,1,LOW_POWER_OR_UNSTABLE,1.0,1.0,1.0,chckham
low_reliability_or_unlikely,surface_token,chckhan,R00,1,1,1,LOW_POWER_OR_UNSTABLE,1.0,1.0,1.0,chckhan
low_reliability_or_unlikely,surface_token,chckhedy,R00,1,1,1,LOW_POWER_OR_UNSTABLE,1.0,1.0,1.0,chckhedy
low_reliability_or_unlikely,surface_token,chckho,R00,1,1,1,LOW_POWER_OR_UNSTABLE,1.0,1.0,1.0,chckho
low_reliability_or_unlikely,surface_token,chckhol,R00,1,1,1,LOW_POWER_OR_UNSTABLE,1.0,1.0,1.0,chckhol
low_reliability_or_unlikely,surface_token,chckhyfchy,R00,1,1,1,LOW_POWER_OR_UNSTABLE,1.0,1.0,1.0,chckhyfchy
low_reliability_or_unlikely,surface_token,chcphedy,R00,1,1,1,LOW_POWER_OR_UNSTABLE,1.0,1.0,1.0,chcphedy
low_reliability_or_unlikely,surface_token,chcthain,R04,1,1,1,LOW_POWER_OR_UNSTABLE,1.0,1.0,1.0,chcthain
low_reliability_or_unlikely,surface_token,chctham,R04,1,1,1,LOW_POWER_OR_UNSTABLE,1.0,1.0,1.0,chctham
low_reliability_or_unlikely,surface_token,chcthar,R04,1,1,1,LOW_POWER_OR_UNSTABLE,1.0,1.0,1.0,chcthar
low_reliability_or_unlikely,surface_token,chcthd,R04,1,1,1,LOW_POWER_OR_UNSTABLE,1.0,1.0,1.0,chcthd
low_reliability_or_unlikely,surface_token,chctho,R04,1,1,1,LOW_POWER_OR_UNSTABLE,1.0,1.0,1.0,chctho
low_reliability_or_unlikely,surface_token,chcthor,R04,1,1,1,LOW_POWER_OR_UNSTABLE,1.0,1.0,1.0,chcthor
low_reliability_or_unlikely,surface_token,chd,R00,1,1,1,LOW_POWER_OR_UNSTABLE,1.0,1.0,1.0,chd
low_reliability_or_unlikely,surface_token,chdaiin,R10,1,1,1,LOW_POWER_OR_UNSTABLE,1.0,1.0,1.0,chdaiin
low_reliability_or_unlikely,surface_token,chdaiirdainy,R00,1,1,1,LOW_POWER_OR_UNSTABLE,1.0,1.0,1.0,chdaiirdainy
low_reliability_or_unlikely,surface_token,chdail,R00,1,1,1,LOW_POWER_OR_UNSTABLE,1.0,1.0,1.0,chdail
low_reliability_or_unlikely,surface_token,chdalal,R09,1,1,1,LOW_POWER_OR_UNSTABLE,1.0,1.0,1.0,chdalal
low_reliability_or_unlikely,surface_token,chddy,R00,1,1,1,LOW_POWER_OR_UNSTABLE,1.0,1.0,1.0,chddy
low_reliability_or_unlikely,surface_token,cheain,R00,1,1,1,LOW_POWER_OR_UNSTABLE,1.0,1.0,1.0,cheain
low_reliability_or_unlikely,surface_token,chealpy,R00,1,1,1,LOW_POWER_OR_UNSTABLE,1.0,1.0,1.0,chealpy
low_reliability_or_unlikely,surface_token,cheam,R00,1,1,1,LOW_POWER_OR_UNSTABLE,1.0,1.0,1.0,cheam
low_reliability_or_unlikely,surface_token,cheary,R00,1,1,1,LOW_POWER_OR_UNSTABLE,1.0,1.0,1.0,cheary
low_reliability_or_unlikely,surface_token,chechdaiin,R00,1,1,1,LOW_POWER_OR_UNSTABLE,1.0,1.0,1.0,chechdaiin
low_reliability_or_unlikely,surface_token,chechey,R00,1,1,1,LOW_POWER_OR_UNSTABLE,1.0,1.0,1.0,chechey
low_reliability_or_unlikely,surface_token,checholtar,R00,1,1,1,LOW_POWER_OR_UNSTABLE,1.0,1.0,1.0,checholtar
low_reliability_or_unlikely,surface_token,chechy,R00,1,1,1,LOW_POWER_OR_UNSTABLE,1.0,1.0,1.0,chechy
low_reliability_or_unlikely,surface_token,checkhdy,R00,1,1,1,LOW_POWER_OR_UNSTABLE,1.0,1.0,1.0,checkhdy
low_reliability_or_unlikely,surface_token,checkhed,R00,1,1,1,LOW_POWER_OR_UNSTABLE,1.0,1.0,1.0,checkhed
low_reliability_or_unlikely,surface_token,checkhedy,R00,1,1,1,LOW_POWER_OR_UNSTABLE,1.0,1.0,1.0,checkhedy
low_reliability_or_unlikely,surface_token,checkhol,R00,1,1,1,LOW_POWER_OR_UNSTABLE,1.0,1.0,1.0,checkhol
low_reliability_or_unlikely,surface_token,checthey,R00,1,1,1,LOW_POWER_OR_UNSTABLE,1.0,1.0,1.0,checthey
low_reliability_or_unlikely,surface_token,chedaly,R00,1,1,1,LOW_POWER_OR_UNSTABLE,1.0,1.0,1.0,chedaly
low_reliability_or_unlikely,surface_token,chedchey,R00,1,1,1,LOW_POWER_OR_UNSTABLE,1.0,1.0,1.0,chedchey
low_reliability_or_unlikely,surface_token,chedchy,R00,1,1,1,LOW_POWER_OR_UNSTABLE,1.0,1.0,1.0,chedchy
low_reliability_or_unlikely,surface_token,chedkain,R00,1,1,1,LOW_POWER_OR_UNSTABLE,1.0,1.0,1.0,chedkain
low_reliability_or_unlikely,surface_token,chedkaly,R00,1,1,1,LOW_POWER_OR_UNSTABLE,1.0,1.0,1.0,chedkaly
low_reliability_or_unlikely,surface_token,chedor,R00,1,1,1,LOW_POWER_OR_UNSTABLE,1.0,1.0,1.0,chedor
low_reliability_or_unlikely,surface_token,chedydy,R00,1,1,1,LOW_POWER_OR_UNSTABLE,1.0,1.0,1.0,chedydy
low_reliability_or_unlikely,surface_token,chedykar,R00,1,1,1,LOW_POWER_OR_UNSTABLE,1.0,1.0,1.0,chedykar
low_reliability_or_unlikely,surface_token,chedyl,R00,1,1,1,LOW_POWER_OR_UNSTABLE,1.0,1.0,1.0,chedyl
low_reliability_or_unlikely,surface_token,cheear,R00,1,1,1,LOW_POWER_OR_UNSTABLE,1.0,1.0,1.0,cheear
low_reliability_or_unlikely,surface_token,cheecthy,R04,1,1,1,LOW_POWER_OR_UNSTABLE,1.0,1.0,1.0,cheecthy
low_reliability_or_unlikely,surface_token,cheedals,R09,1,1,1,LOW_POWER_OR_UNSTABLE,1.0,1.0,1.0,cheedals
low_reliability_or_unlikely,surface_token,cheeekan,R00,1,1,1,LOW_POWER_OR_UNSTABLE,1.0,1.0,1.0,cheeekan
low_reliability_or_unlikely,surface_token,cheeeorain,R00,1,1,1,LOW_POWER_OR_UNSTABLE,1.0,1.0,1.0,cheeeorain
low_reliability_or_unlikely,surface_token,cheeety,R00,1,1,1,LOW_POWER_OR_UNSTABLE,1.0,1.0,1.0,cheeety
low_reliability_or_unlikely,surface_token,cheekain,R00,1,1,1,LOW_POWER_OR_UNSTABLE,1.0,1.0,1.0,cheekain
low_reliability_or_unlikely,surface_token,cheeodam,R00,1,1,1,LOW_POWER_OR_UNSTABLE,1.0,1.0,1.0,cheeodam
low_reliability_or_unlikely,surface_token,cheeoldair,R00,1,1,1,LOW_POWER_OR_UNSTABLE,1.0,1.0,1.0,cheeoldair
low_reliability_or_unlikely,surface_token,cheeoy,R00,1,1,1,LOW_POWER_OR_UNSTABLE,1.0,1.0,1.0,cheeoy
low_reliability_or_unlikely,surface_token,cheeteey,R00,1,1,1,LOW_POWER_OR_UNSTABLE,1.0,1.0,1.0,cheeteey
low_reliability_or_unlikely,surface_token,cheety,R00,1,1,1,LOW_POWER_OR_UNSTABLE,1.0,1.0,1.0,cheety
low_reliability_or_unlikely,surface_token,chef,R00,1,1,1,LOW_POWER_OR_UNSTABLE,1.0,1.0,1.0,chef
low_reliability_or_unlikely,surface_token,chefaiin,R00,1,1,1,LOW_POWER_OR_UNSTABLE,1.0,1.0,1.0,chefaiin
low_reliability_or_unlikely,surface_token,chefain,R00,1,1,1,LOW_POWER_OR_UNSTABLE,1.0,1.0,1.0,chefain
low_reliability_or_unlikely,surface_token,chefy,R00,1,1,1,LOW_POWER_OR_UNSTABLE,1.0,1.0,1.0,chefy
low_reliability_or_unlikely,surface_token,chekaim,R00,1,1,1,LOW_POWER_OR_UNSTABLE,1.0,1.0,1.0,chekaim
low_reliability_or_unlikely,surface_token,chekam,R00,1,1,1,LOW_POWER_OR_UNSTABLE,1.0,1.0,1.0,chekam
low_reliability_or_unlikely,surface_token,chekeody,R00,1,1,1,LOW_POWER_OR_UNSTABLE,1.0,1.0,1.0,chekeody
low_reliability_or_unlikely,surface_token,chekeys,R00,1,1,1,LOW_POWER_OR_UNSTABLE,1.0,1.0,1.0,chekeys
low_reliability_or_unlikely,surface_token,chel,R00,1,1,1,LOW_POWER_OR_UNSTABLE,1.0,1.0,1.0,chel
low_reliability_or_unlikely,surface_token,cheoaiin,R00,1,1,1,LOW_POWER_OR_UNSTABLE,1.0,1.0,1.0,cheoaiin
low_reliability_or_unlikely,surface_token,cheocthedy,R04,1,1,1,LOW_POWER_OR_UNSTABLE,1.0,1.0,1.0,cheocthedy
low_reliability_or_unlikely,surface_token,cheod,R00,1,1,1,LOW_POWER_OR_UNSTABLE,1.0,1.0,1.0,cheod
low_reliability_or_unlikely,surface_token,cheodal,R09,1,1,1,LOW_POWER_OR_UNSTABLE,1.0,1.0,1.0,cheodal
low_reliability_or_unlikely,surface_token,cheoepy,R00,1,1,1,LOW_POWER_OR_UNSTABLE,1.0,1.0,1.0,cheoepy
low_reliability_or_unlikely,surface_token,cheokaiin,R00,1,1,1,LOW_POWER_OR_UNSTABLE,1.0,1.0,1.0,cheokaiin
low_reliability_or_unlikely,surface_token,cheokain,R00,1,1,1,LOW_POWER_OR_UNSTABLE,1.0,1.0,1.0,cheokain
low_reliability_or_unlikely,surface_token,cheokam,R00,1,1,1,LOW_POWER_OR_UNSTABLE,1.0,1.0,1.0,cheokam
low_reliability_or_unlikely,surface_token,cheokey,R00,1,1,1,LOW_POWER_OR_UNSTABLE,1.0,1.0,1.0,cheokey
low_reliability_or_unlikely,surface_token,cheokor,R00,1,1,1,LOW_POWER_OR_UNSTABLE,1.0,1.0,1.0,cheokor
low_reliability_or_unlikely,surface_token,cheolchal,R00,1,1,1,LOW_POWER_OR_UNSTABLE,1.0,1.0,1.0,cheolchal
low_reliability_or_unlikely,surface_token,cheolchey,R00,1,1,1,LOW_POWER_OR_UNSTABLE,1.0,1.0,1.0,cheolchey
low_reliability_or_unlikely,surface_token,cheolkaiin,R00,1,1,1,LOW_POWER_OR_UNSTABLE,1.0,1.0,1.0,cheolkaiin
low_reliability_or_unlikely,surface_token,cheolkeey,R00,1,1,1,LOW_POWER_OR_UNSTABLE,1.0,1.0,1.0,cheolkeey
low_reliability_or_unlikely,surface_token,cheolor,R00,1,1,1,LOW_POWER_OR_UNSTABLE,1.0,1.0,1.0,cheolor
low_reliability_or_unlikely,surface_token,cheoly,R00,1,1,1,LOW_POWER_OR_UNSTABLE,1.0,1.0,1.0,cheoly
low_reliability_or_unlikely,surface_token,cheopaiin,R00,1,1,1,LOW_POWER_OR_UNSTABLE,1.0,1.0,1.0,cheopaiin
low_reliability_or_unlikely,surface_token,cheorol,R00,1,1,1,LOW_POWER_OR_UNSTABLE,1.0,1.0,1.0,cheorol
low_reliability_or_unlikely,surface_token,cheory,R00,1,1,1,LOW_POWER_OR_UNSTABLE,1.0,1.0,1.0,cheory
low_reliability_or_unlikely,surface_token,cheosdy,R00,1,1,1,LOW_POWER_OR_UNSTABLE,1.0,1.0,1.0,cheosdy
low_reliability_or_unlikely,surface_token,cheosy,R00,1,1,1,LOW_POWER_OR_UNSTABLE,1.0,1.0,1.0,cheosy
low_reliability_or_unlikely,surface_token,cheotchey,R00,1,1,1,LOW_POWER_OR_UNSTABLE,1.0,1.0,1.0,cheotchey
low_reliability_or_unlikely,surface_token,cheotchy,R00,1,1,1,LOW_POWER_OR_UNSTABLE,1.0,1.0,1.0,cheotchy
low_reliability_or_unlikely,surface_token,cheoy,R00,1,1,1,LOW_POWER_OR_UNSTABLE,1.0,1.0,1.0,cheoy
low_reliability_or_unlikely,surface_token,chepcham,R00,1,1,1,LOW_POWER_OR_UNSTABLE,1.0,1.0,1.0,chepcham
low_reliability_or_unlikely,surface_token,chepchedy,R00,1,1,1,LOW_POWER_OR_UNSTABLE,1.0,1.0,1.0,chepchedy
low_reliability_or_unlikely,surface_token,chepoty,R00,1,1,1,LOW_POWER_OR_UNSTABLE,1.0,1.0,1.0,chepoty
low_reliability_or_unlikely,surface_token,chepy,R00,1,1,1,LOW_POWER_OR_UNSTABLE,1.0,1.0,1.0,chepy
low_reliability_or_unlikely,surface_token,cher,R00,1,1,1,LOW_POWER_OR_UNSTABLE,1.0,1.0,1.0,cher
low_reliability_or_unlikely,surface_token,chetaiin,R00,1,1,1,LOW_POWER_OR_UNSTABLE,1.0,1.0,1.0,chetaiin
low_reliability_or_unlikely,surface_token,chetain,R00,1,1,1,LOW_POWER_OR_UNSTABLE,1.0,1.0,1.0,chetain
low_reliability_or_unlikely,surface_token,chetal,R00,1,1,1,LOW_POWER_OR_UNSTABLE,1.0,1.0,1.0,chetal
low_reliability_or_unlikely,surface_token,chetalshy,R00,1,1,1,LOW_POWER_OR_UNSTABLE,1.0,1.0,1.0,chetalshy
low_reliability_or_unlikely,surface_token,chetchaiin,R00,1,1,1,LOW_POWER_OR_UNSTABLE,1.0,1.0,1.0,chetchaiin
low_reliability_or_unlikely,surface_token,chetedy,R00,1,1,1,LOW_POWER_OR_UNSTABLE,1.0,1.0,1.0,chetedy
low_reliability_or_unlikely,surface_token,chetey,R00,1,1,1,LOW_POWER_OR_UNSTABLE,1.0,1.0,1.0,chetey
low_reliability_or_unlikely,surface_token,chetyry,R00,1,1,1,LOW_POWER_OR_UNSTABLE,1.0,1.0,1.0,chetyry
low_reliability_or_unlikely,surface_token,cheychear,R00,1,1,1,LOW_POWER_OR_UNSTABLE,1.0,1.0,1.0,cheychear
low_reliability_or_unlikely,surface_token,cheydy,R00,1,1,1,LOW_POWER_OR_UNSTABLE,1.0,1.0,1.0,cheydy
low_reliability_or_unlikely,surface_token,cheykechey,R00,1,1,1,LOW_POWER_OR_UNSTABLE,1.0,1.0,1.0,cheykechey
low_reliability_or_unlikely,surface_token,cheykedy,R00,1,1,1,LOW_POWER_OR_UNSTABLE,1.0,1.0,1.0,cheykedy
low_reliability_or_unlikely,surface_token,cheys,R00,1,1,1,LOW_POWER_OR_UNSTABLE,1.0,1.0,1.0,cheys
low_reliability_or_unlikely,surface_token,chfaly,R00,1,1,1,LOW_POWER_OR_UNSTABLE,1.0,1.0,1.0,chfaly
low_reliability_or_unlikely,surface_token,chiin,R00,1,1,1,LOW_POWER_OR_UNSTABLE,1.0,1.0,1.0,chiin
low_reliability_or_unlikely,surface_token,chkain,R00,1,1,1,LOW_POWER_OR_UNSTABLE,1.0,1.0,1.0,chkain
low_reliability_or_unlikely,surface_token,chkchdar,R00,1,1,1,LOW_POWER_OR_UNSTABLE,1.0,1.0,1.0,chkchdar
low_reliability_or_unlikely,surface_token,chkchory,R00,1,1,1,LOW_POWER_OR_UNSTABLE,1.0,1.0,1.0,chkchory
low_reliability_or_unlikely,surface_token,chkchykoly,R00,1,1,1,LOW_POWER_OR_UNSTABLE,1.0,1.0,1.0,chkchykoly
low_reliability_or_unlikely,surface_token,chkedy,R00,1,1,1,LOW_POWER_OR_UNSTABLE,1.0,1.0,1.0,chkedy
low_reliability_or_unlikely,surface_token,chkeeody,R00,1,1,1,LOW_POWER_OR_UNSTABLE,1.0,1.0,1.0,chkeeody
low_reliability_or_unlikely,surface_token,chkeor,R00,1,1,1,LOW_POWER_OR_UNSTABLE,1.0,1.0,1.0,chkeor
low_reliability_or_unlikely,surface_token,chkol,R00,1,1,1,LOW_POWER_OR_UNSTABLE,1.0,1.0,1.0,chkol
low_reliability_or_unlikely,surface_token,chkoldy,R00,1,1,1,LOW_POWER_OR_UNSTABLE,1.0,1.0,1.0,chkoldy
low_reliability_or_unlikely,surface_token,chkor,R00,1,1,1,LOW_POWER_OR_UNSTABLE,1.0,1.0,1.0,chkor
low_reliability_or_unlikely,surface_token,chlam,R00,1,1,1,LOW_POWER_OR_UNSTABLE,1.0,1.0,1.0,chlam
low_reliability_or_unlikely,surface_token,chllo,R00,1,1,1,LOW_POWER_OR_UNSTABLE,1.0,1.0,1.0,chllo
low_reliability_or_unlikely,surface_token,chlor,R00,1,1,1,LOW_POWER_OR_UNSTABLE,1.0,1.0,1.0,chlor
low_reliability_or_unlikely,surface_token,chochor,R00,1,1,1,LOW_POWER_OR_UNSTABLE,1.0,1.0,1.0,chochor
low_reliability_or_unlikely,surface_token,chochy,R00,1,1,1,LOW_POWER_OR_UNSTABLE,1.0,1.0,1.0,chochy
low_reliability_or_unlikely,surface_token,chockhdy,R00,1,1,1,LOW_POWER_OR_UNSTABLE,1.0,1.0,1.0,chockhdy
low_reliability_or_unlikely,surface_token,chockhol,R00,1,1,1,LOW_POWER_OR_UNSTABLE,1.0,1.0,1.0,chockhol
low_reliability_or_unlikely,surface_token,chockhor,R00,1,1,1,LOW_POWER_OR_UNSTABLE,1.0,1.0,1.0,chockhor
low_reliability_or_unlikely,surface_token,chocthedy,R00,1,1,1,LOW_POWER_OR_UNSTABLE,1.0,1.0,1.0,chocthedy
low_reliability_or_unlikely,surface_token,chodchy,R00,1,1,1,LOW_POWER_OR_UNSTABLE,1.0,1.0,1.0,chodchy
low_reliability_or_unlikely,surface_token,choee,R00,1,1,1,LOW_POWER_OR_UNSTABLE,1.0,1.0,1.0,choee
low_reliability_or_unlikely,surface_token,choeesy,R00,1,1,1,LOW_POWER_OR_UNSTABLE,1.0,1.0,1.0,choeesy
low_reliability_or_unlikely,surface_token,choekeey,R00,1,1,1,LOW_POWER_OR_UNSTABLE,1.0,1.0,1.0,choekeey
low_reliability_or_unlikely,surface_token,choekey,R00,1,1,1,LOW_POWER_OR_UNSTABLE,1.0,1.0,1.0,choekey
low_reliability_or_unlikely,surface_token,choetchy,R00,1,1,1,LOW_POWER_OR_UNSTABLE,1.0,1.0,1.0,choetchy
low_reliability_or_unlikely,surface_token,choety,R00,1,1,1,LOW_POWER_OR_UNSTABLE,1.0,1.0,1.0,choety
low_reliability_or_unlikely,surface_token,chokal,R00,1,1,1,LOW_POWER_OR_UNSTABLE,1.0,1.0,1.0,chokal
low_reliability_or_unlikely,surface_token,chokan,R00,1,1,1,LOW_POWER_OR_UNSTABLE,1.0,1.0,1.0,chokan
low_reliability_or_unlikely,surface_token,chokar,R03,1,1,1,LOW_POWER_OR_UNSTABLE,1.0,1.0,1.0,chokar
low_reliability_or_unlikely,surface_token,chokaro,R00,1,1,1,LOW_POWER_OR_UNSTABLE,1.0,1.0,1.0,chokaro
low_reliability_or_unlikely,surface_token,chokch,R00,1,1,1,LOW_POWER_OR_UNSTABLE,1.0,1.0,1.0,chokch
low_reliability_or_unlikely,surface_token,chokchedy,R00,1,1,1,LOW_POWER_OR_UNSTABLE,1.0,1.0,1.0,chokchedy
low_reliability_or_unlikely,surface_token,chokcheey,R00,1,1,1,LOW_POWER_OR_UNSTABLE,1.0,1.0,1.0,chokcheey
low_reliability_or_unlikely,surface_token,chokchol,R07,1,1,1,LOW_POWER_OR_UNSTABLE,1.0,1.0,1.0,chokchol
low_reliability_or_unlikely,surface_token,chokedair,R00,1,1,1,LOW_POWER_OR_UNSTABLE,1.0,1.0,1.0,chokedair
low_reliability_or_unlikely,surface_token,chokeey,R00,1,1,1,LOW_POWER_OR_UNSTABLE,1.0,1.0,1.0,chokeey
low_reliability_or_unlikely,surface_token,chokeod,R00,1,1,1,LOW_POWER_OR_UNSTABLE,1.0,1.0,1.0,chokeod
low_reliability_or_unlikely,surface_token,chokeol,R00,1,1,1,LOW_POWER_OR_UNSTABLE,1.0,1.0,1.0,chokeol
low_reliability_or_unlikely,surface_token,chokey,R00,1,1,1,LOW_POWER_OR_UNSTABLE,1.0,1.0,1.0,chokey
low_reliability_or_unlikely,surface_token,chokody,R00,1,1,1,LOW_POWER_OR_UNSTABLE,1.0,1.0,1.0,chokody
low_reliability_or_unlikely,surface_token,chokolg,R00,1,1,1,LOW_POWER_OR_UNSTABLE,1.0,1.0,1.0,chokolg
low_reliability_or_unlikely,surface_token,chokshor,R00,1,1,1,LOW_POWER_OR_UNSTABLE,1.0,1.0,1.0,chokshor
low_reliability_or_unlikely,surface_token,cholal,R07,1,1,1,LOW_POWER_OR_UNSTABLE,1.0,1.0,1.0,cholal
low_reliability_or_unlikely,surface_token,cholam,R07,1,1,1,LOW_POWER_OR_UNSTABLE,1.0,1.0,1.0,cholam
low_reliability_or_unlikely,surface_token,cholar,R07,1,1,1,LOW_POWER_OR_UNSTABLE,1.0,1.0,1.0,cholar
low_reliability_or_unlikely,surface_token,cholcheky,R07,1,1,1,LOW_POWER_OR_UNSTABLE,1.0,1.0,1.0,cholcheky
low_reliability_or_unlikely,surface_token,cholcthom,R07,1,1,1,LOW_POWER_OR_UNSTABLE,1.0,1.0,1.0,cholcthom
low_reliability_or_unlikely,surface_token,choldaiin,R07,1,1,1,LOW_POWER_OR_UNSTABLE,1.0,1.0,1.0,choldaiin
low_reliability_or_unlikely,surface_token,choldam,R07,1,1,1,LOW_POWER_OR_UNSTABLE,1.0,1.0,1.0,choldam
low_reliability_or_unlikely,surface_token,choldydy,R07,1,1,1,LOW_POWER_OR_UNSTABLE,1.0,1.0,1.0,choldydy
low_reliability_or_unlikely,surface_token,choleey,R07,1,1,1,LOW_POWER_OR_UNSTABLE,1.0,1.0,1.0,choleey
low_reliability_or_unlikely,surface_token,cholkar,R07,1,1,1,LOW_POWER_OR_UNSTABLE,1.0,1.0,1.0,cholkar
low_reliability_or_unlikely,surface_token,cholkeechy,R07,1,1,1,LOW_POWER_OR_UNSTABLE,1.0,1.0,1.0,cholkeechy
low_reliability_or_unlikely,surface_token,cholkshedy,R07,1,1,1,LOW_POWER_OR_UNSTABLE,1.0,1.0,1.0,cholkshedy
low_reliability_or_unlikely,surface_token,cholo,R00,1,1,1,LOW_POWER_OR_UNSTABLE,1.0,1.0,1.0,cholo
low_reliability_or_unlikely,surface_token,cholol,R07,1,1,1,LOW_POWER_OR_UNSTABLE,1.0,1.0,1.0,cholol
low_reliability_or_unlikely,surface_token,chololy,R07,1,1,1,LOW_POWER_OR_UNSTABLE,1.0,1.0,1.0,chololy
low_reliability_or_unlikely,surface_token,cholor,R07,1,1,1,LOW_POWER_OR_UNSTABLE,1.0,1.0,1.0,cholor
low_reliability_or_unlikely,surface_token,cholshal,R07,1,1,1,LOW_POWER_OR_UNSTABLE,1.0,1.0,1.0,cholshal
low_reliability_or_unlikely,surface_token,choltar,R07,1,1,1,LOW_POWER_OR_UNSTABLE,1.0,1.0,1.0,choltar
low_reliability_or_unlikely,surface_token,chopchey,R00,1,1,1,LOW_POWER_OR_UNSTABLE,1.0,1.0,1.0,chopchey
low_reliability_or_unlikely,surface_token,chopchy,R00,1,1,1,LOW_POWER_OR_UNSTABLE,1.0,1.0,1.0,chopchy
low_reliability_or_unlikely,surface_token,chopol,R00,1,1,1,LOW_POWER_OR_UNSTABLE,1.0,1.0,1.0,chopol
low_reliability_or_unlikely,surface_token,chopy,R00,1,1,1,LOW_POWER_OR_UNSTABLE,1.0,1.0,1.0,chopy
low_reliability_or_unlikely,surface_token,choraiin,R00,1,1,1,LOW_POWER_OR_UNSTABLE,1.0,1.0,1.0,choraiin
low_reliability_or_unlikely,surface_token,chorcheey,R00,1,1,1,LOW_POWER_OR_UNSTABLE,1.0,1.0,1.0,chorcheey
low_reliability_or_unlikely,surface_token,chorcholsal,R07,1,1,1,LOW_POWER_OR_UNSTABLE,1.0,1.0,1.0,chorcholsal
low_reliability_or_unlikely,surface_token,chordy,R00,1,1,1,LOW_POWER_OR_UNSTABLE,1.0,1.0,1.0,chordy
low_reliability_or_unlikely,surface_token,chorly,R00,1,1,1,LOW_POWER_OR_UNSTABLE,1.0,1.0,1.0,chorly
low_reliability_or_unlikely,surface_token,chorol,R00,1,1,1,LOW_POWER_OR_UNSTABLE,1.0,1.0,1.0,chorol
low_reliability_or_unlikely,surface_token,choror,R00,1,1,1,LOW_POWER_OR_UNSTABLE,1.0,1.0,1.0,choror
low_reliability_or_unlikely,surface_token,choross,R00,1,1,1,LOW_POWER_OR_UNSTABLE,1.0,1.0,1.0,choross
low_reliability_or_unlikely,surface_token,chosar,R00,1,1,1,LOW_POWER_OR_UNSTABLE,1.0,1.0,1.0,chosar
low_reliability_or_unlikely,surface_token,chosaroshol,R00,1,1,1,LOW_POWER_OR_UNSTABLE,1.0,1.0,1.0,chosaroshol
low_reliability_or_unlikely,surface_token,chosolols,R00,1,1,1,LOW_POWER_OR_UNSTABLE,1.0,1.0,1.0,chosolols
low_reliability_or_unlikely,surface_token,chot,R00,1,1,1,LOW_POWER_OR_UNSTABLE,1.0,1.0,1.0,chot
low_reliability_or_unlikely,surface_token,chotain,R00,1,1,1,LOW_POWER_OR_UNSTABLE,1.0,1.0,1.0,chotain
low_reliability_or_unlikely,surface_token,chotals,R00,1,1,1,LOW_POWER_OR_UNSTABLE,1.0,1.0,1.0,chotals
low_reliability_or_unlikely,surface_token,chotar,R00,1,1,1,LOW_POWER_OR_UNSTABLE,1.0,1.0,1.0,chotar
low_reliability_or_unlikely,surface_token,chotchedy,R00,1,1,1,LOW_POWER_OR_UNSTABLE,1.0,1.0,1.0,chotchedy
low_reliability_or_unlikely,surface_token,chotchy,R01,1,1,1,LOW_POWER_OR_UNSTABLE,1.0,1.0,1.0,chotchy
low_reliability_or_unlikely,surface_token,chotols,R00,1,1,1,LOW_POWER_OR_UNSTABLE,1.0,1.0,1.0,chotols
low_reliability_or_unlikely,surface_token,chotom,R00,1,1,1,LOW_POWER_OR_UNSTABLE,1.0,1.0,1.0,chotom
low_reliability_or_unlikely,surface_token,chotor,R00,1,1,1,LOW_POWER_OR_UNSTABLE,1.0,1.0,1.0,chotor
low_reliability_or_unlikely,surface_token,chots,R00,1,1,1,LOW_POWER_OR_UNSTABLE,1.0,1.0,1.0,chots
low_reliability_or_unlikely,surface_token,chotshol,R08,1,1,1,LOW_POWER_OR_UNSTABLE,1.0,1.0,1.0,chotshol
low_reliability_or_unlikely,surface_token,chotyr,R00,1,1,1,LOW_POWER_OR_UNSTABLE,1.0,1.0,1.0,chotyr
low_reliability_or_unlikely,surface_token,chpcheor,R00,1,1,1,LOW_POWER_OR_UNSTABLE,1.0,1.0,1.0,chpcheor
low_reliability_or_unlikely,surface_token,chpcheos,R00,1,1,1,LOW_POWER_OR_UNSTABLE,1.0,1.0,1.0,chpcheos
low_reliability_or_unlikely,surface_token,chsaly,R00,1,1,1,LOW_POWER_OR_UNSTABLE,1.0,1.0,1.0,chsaly
low_reliability_or_unlikely,surface_token,chshoty,R00,1,1,1,LOW_POWER_OR_UNSTABLE,1.0,1.0,1.0,chshoty
low_reliability_or_unlikely,surface_token,chtain,R00,1,1,1,LOW_POWER_OR_UNSTABLE,1.0,1.0,1.0,chtain
low_reliability_or_unlikely,surface_token,chtairy,R00,1,1,1,LOW_POWER_OR_UNSTABLE,1.0,1.0,1.0,chtairy
low_reliability_or_unlikely,surface_token,chtalsam,R00,1,1,1,LOW_POWER_OR_UNSTABLE,1.0,1.0,1.0,chtalsam
low_reliability_or_unlikely,surface_token,chtaly,R00,1,1,1,LOW_POWER_OR_UNSTABLE,1.0,1.0,1.0,chtaly
low_reliability_or_unlikely,surface_token,chtam,R00,1,1,1,LOW_POWER_OR_UNSTABLE,1.0,1.0,1.0,chtam
low_reliability_or_unlikely,surface_token,chtchor,R00,1,1,1,LOW_POWER_OR_UNSTABLE,1.0,1.0,1.0,chtchor
low_reliability_or_unlikely,surface_token,chtchy,R00,1,1,1,LOW_POWER_OR_UNSTABLE,1.0,1.0,1.0,chtchy
low_reliability_or_unlikely,surface_token,chtey,R00,1,1,1,LOW_POWER_OR_UNSTABLE,1.0,1.0,1.0,chtey
low_reliability_or_unlikely,surface_token,chtody,R00,1,1,1,LOW_POWER_OR_UNSTABLE,1.0,1.0,1.0,chtody
low_reliability_or_unlikely,surface_token,chtol,R00,1,1,1,LOW_POWER_OR_UNSTABLE,1.0,1.0,1.0,chtol
low_reliability_or_unlikely,surface_token,chtols,R00,1,1,1,LOW_POWER_OR_UNSTABLE,1.0,1.0,1.0,chtols
low_reliability_or_unlikely,surface_token,chtorol,R00,1,1,1,LOW_POWER_OR_UNSTABLE,1.0,1.0,1.0,chtorol
low_reliability_or_unlikely,surface_token,chtshar,R00,1,1,1,LOW_POWER_OR_UNSTABLE,1.0,1.0,1.0,chtshar
low_reliability_or_unlikely,surface_token,chty,R00,1,1,1,LOW_POWER_OR_UNSTABLE,1.0,1.0,1.0,chty
low_reliability_or_unlikely,surface_token,chykchy,R00,1,1,1,LOW_POWER_OR_UNSTABLE,1.0,1.0,1.0,chykchy
low_reliability_or_unlikely,surface_token,chykey,R00,1,1,1,LOW_POWER_OR_UNSTABLE,1.0,1.0,1.0,chykey
low_reliability_or_unlikely,surface_token,chyky,R00,1,1,1,LOW_POWER_OR_UNSTABLE,1.0,1.0,1.0,chyky
low_reliability_or_unlikely,surface_token,chypcham,R00,1,1,1,LOW_POWER_OR_UNSTABLE,1.0,1.0,1.0,chypcham
low_reliability_or_unlikely,surface_token,chytos,R00,1,1,1,LOW_POWER_OR_UNSTABLE,1.0,1.0,1.0,chytos
low_reliability_or_unlikely,surface_token,ckh,R00,1,1,1,LOW_POWER_OR_UNSTABLE,1.0,1.0,1.0,ckh
low_reliability_or_unlikely,surface_token,ckhal,R00,1,1,1,LOW_POWER_OR_UNSTABLE,1.0,1.0,1.0,ckhal
low_reliability_or_unlikely,surface_token,ckham,R00,1,1,1,LOW_POWER_OR_UNSTABLE,1.0,1.0,1.0,ckham
low_reliability_or_unlikely,surface_token,ckheo,R00,1,1,1,LOW_POWER_OR_UNSTABLE,1.0,1.0,1.0,ckheo
low_reliability_or_unlikely,surface_token,ckhockhy,R00,1,1,1,LOW_POWER_OR_UNSTABLE,1.0,1.0,1.0,ckhockhy
low_reliability_or_unlikely,surface_token,ckhocthy,R04,1,1,1,LOW_POWER_OR_UNSTABLE,1.0,1.0,1.0,ckhocthy
low_reliability_or_unlikely,surface_token,ckhody,R00,1,1,1,LOW_POWER_OR_UNSTABLE,1.0,1.0,1.0,ckhody
low_reliability_or_unlikely,surface_token,ckhos,R00,1,1,1,LOW_POWER_OR_UNSTABLE,1.0,1.0,1.0,ckhos
low_reliability_or_unlikely,surface_token,ckhs,R00,1,1,1,LOW_POWER_OR_UNSTABLE,1.0,1.0,1.0,ckhs
low_reliability_or_unlikely,surface_token,cphaiin,R00,1,1,1,LOW_POWER_OR_UNSTABLE,1.0,1.0,1.0,cphaiin
low_reliability_or_unlikely,surface_token,cphar,R00,1,1,1,LOW_POWER_OR_UNSTABLE,1.0,1.0,1.0,cphar
low_reliability_or_unlikely,surface_token,cpharom,R00,1,1,1,LOW_POWER_OR_UNSTABLE,1.0,1.0,1.0,cpharom
low_reliability_or_unlikely,surface_token,cpheal,R00,1,1,1,LOW_POWER_OR_UNSTABLE,1.0,1.0,1.0,cpheal
low_reliability_or_unlikely,surface_token,cphecthy,R04,1,1,1,LOW_POWER_OR_UNSTABLE,1.0,1.0,1.0,cphecthy
low_reliability_or_unlikely,surface_token,cphedy,R00,1,1,1,LOW_POWER_OR_UNSTABLE,1.0,1.0,1.0,cphedy
low_reliability_or_unlikely,surface_token,cpheey,R00,1,1,1,LOW_POWER_OR_UNSTABLE,1.0,1.0,1.0,cpheey
low_reliability_or_unlikely,surface_token,cpheodar,R00,1,1,1,LOW_POWER_OR_UNSTABLE,1.0,1.0,1.0,cpheodar
low_reliability_or_unlikely,surface_token,cpheor,R00,1,1,1,LOW_POWER_OR_UNSTABLE,1.0,1.0,1.0,cpheor
low_reliability_or_unlikely,surface_token,cphl,R00,1,1,1,LOW_POWER_OR_UNSTABLE,1.0,1.0,1.0,cphl
low_reliability_or_unlikely,surface_token,cphody,R05,1,1,1,LOW_POWER_OR_UNSTABLE,1.0,1.0,1.0,cphody
low_reliability_or_unlikely,surface_token,cphorods,R00,1,1,1,LOW_POWER_OR_UNSTABLE,1.0,1.0,1.0,cphorods
low_reliability_or_unlikely,surface_token,cphoy,R00,1,1,1,LOW_POWER_OR_UNSTABLE,1.0,1.0,1.0,cphoy
low_reliability_or_unlikely,surface_token,cphydy,R00,1,1,1,LOW_POWER_OR_UNSTABLE,1.0,1.0,1.0,cphydy
low_reliability_or_unlikely,surface_token,cth,R04,1,1,1,LOW_POWER_OR_UNSTABLE,1.0,1.0,1.0,cth
low_reliability_or_unlikely,surface_token,cthan,R04,1,1,1,LOW_POWER_OR_UNSTABLE,1.0,1.0,1.0,cthan
low_reliability_or_unlikely,surface_token,cthdaly,R09,1,1,1,LOW_POWER_OR_UNSTABLE,1.0,1.0,1.0,cthdaly
low_reliability_or_unlikely,surface_token,ctheody,R04,1,1,1,LOW_POWER_OR_UNSTABLE,1.0,1.0,1.0,ctheody
low_reliability_or_unlikely,surface_token,ctheol,R04,1,1,1,LOW_POWER_OR_UNSTABLE,1.0,1.0,1.0,ctheol
low_reliability_or_unlikely,surface_token,ctheoly,R04,1,1,1,LOW_POWER_OR_UNSTABLE,1.0,1.0,1.0,ctheoly
low_reliability_or_unlikely,surface_token,cther,R04,1,1,1,LOW_POWER_OR_UNSTABLE,1.0,1.0,1.0,cther
low_reliability_or_unlikely,surface_token,cthes,R04,1,1,1,LOW_POWER_OR_UNSTABLE,1.0,1.0,1.0,cthes
low_reliability_or_unlikely,surface_token,cthoary,R04,1,1,1,LOW_POWER_OR_UNSTABLE,1.0,1.0,1.0,cthoary
low_reliability_or_unlikely,surface_token,cthockhy,R04,1,1,1,LOW_POWER_OR_UNSTABLE,1.0,1.0,1.0,cthockhy
low_reliability_or_unlikely,surface_token,cthod,R04,1,1,1,LOW_POWER_OR_UNSTABLE,1.0,1.0,1.0,cthod
low_reliability_or_unlikely,surface_token,cthodal,R04,1,1,1,LOW_POWER_OR_UNSTABLE,1.0,1.0,1.0,cthodal
low_reliability_or_unlikely,surface_token,cthodam,R04,1,1,1,LOW_POWER_OR_UNSTABLE,1.0,1.0,1.0,cthodam
low_reliability_or_unlikely,surface_token,cthody,R04,1,1,1,LOW_POWER_OR_UNSTABLE,1.0,1.0,1.0,cthody
low_reliability_or_unlikely,surface_token,cthoj,R04,1,1,1,LOW_POWER_OR_UNSTABLE,1.0,1.0,1.0,cthoj
low_reliability_or_unlikely,surface_token,cthold,R04,1,1,1,LOW_POWER_OR_UNSTABLE,1.0,1.0,1.0,cthold
low_reliability_or_unlikely,surface_token,ctholdg,R07,1,1,1,LOW_POWER_OR_UNSTABLE,1.0,1.0,1.0,ctholdg
low_reliability_or_unlikely,surface_token,ctholo,R04,1,1,1,LOW_POWER_OR_UNSTABLE,1.0,1.0,1.0,ctholo
low_reliability_or_unlikely,surface_token,ctholy,R04,1,1,1,LOW_POWER_OR_UNSTABLE,1.0,1.0,1.0,ctholy
low_reliability_or_unlikely,surface_token,cthom,R04,1,1,1,LOW_POWER_OR_UNSTABLE,1.0,1.0,1.0,cthom
low_reliability_or_unlikely,surface_token,cthororaiin,R04,1,1,1,LOW_POWER_OR_UNSTABLE,1.0,1.0,1.0,cthororaiin
low_reliability_or_unlikely,surface_token,cths,R04,1,1,1,LOW_POWER_OR_UNSTABLE,1.0,1.0,1.0,cths
low_reliability_or_unlikely,surface_token,daaldy,R06,1,1,1,LOW_POWER_OR_UNSTABLE,1.0,1.0,1.0,daaldy
low_reliability_or_unlikely,surface_token,dackhy,R06,1,1,1,LOW_POWER_OR_UNSTABLE,1.0,1.0,1.0,dackhy
low_reliability_or_unlikely,surface_token,dady,R06,1,1,1,LOW_POWER_OR_UNSTABLE,1.0,1.0,1.0,dady
low_reliability_or_unlikely,surface_token,dag,R06,1,1,1,LOW_POWER_OR_UNSTABLE,1.0,1.0,1.0,dag
low_reliability_or_unlikely,surface_token,dago,R06,1,1,1,LOW_POWER_OR_UNSTABLE,1.0,1.0,1.0,dago
low_reliability_or_unlikely,surface_token,daid,R06,1,1,1,LOW_POWER_OR_UNSTABLE,1.0,1.0,1.0,daid
low_reliability_or_unlikely,surface_token,daii,R06,1,1,1,LOW_POWER_OR_UNSTABLE,1.0,1.0,1.0,daii
low_reliability_or_unlikely,surface_token,daiidal,R09,1,1,1,LOW_POWER_OR_UNSTABLE,1.0,1.0,1.0,daiidal
low_reliability_or_unlikely,surface_token,daiidy,R06,1,1,1,LOW_POWER_OR_UNSTABLE,1.0,1.0,1.0,daiidy
low_reliability_or_unlikely,surface_token,daiiin,R06,1,1,1,LOW_POWER_OR_UNSTABLE,1.0,1.0,1.0,daiiin
low_reliability_or_unlikely,surface_token,daiim,R06,1,1,1,LOW_POWER_OR_UNSTABLE,1.0,1.0,1.0,daiim
low_reliability_or_unlikely,surface_token,daiinar,R10,1,1,1,LOW_POWER_OR_UNSTABLE,1.0,1.0,1.0,daiinar
low_reliability_or_unlikely,surface_token,daiinodaim,R10,1,1,1,LOW_POWER_OR_UNSTABLE,1.0,1.0,1.0,daiinodaim
low_reliability_or_unlikely,surface_token,daiinody,R00,1,1,1,LOW_POWER_OR_UNSTABLE,1.0,1.0,1.0,daiinody
low_reliability_or_unlikely,surface_token,daiinoty,R10,1,1,1,LOW_POWER_OR_UNSTABLE,1.0,1.0,1.0,daiinoty
low_reliability_or_unlikely,surface_token,daiisaly,R00,1,1,1,LOW_POWER_OR_UNSTABLE,1.0,1.0,1.0,daiisaly
low_reliability_or_unlikely,surface_token,daikam,R06,1,1,1,LOW_POWER_OR_UNSTABLE,1.0,1.0,1.0,daikam
low_reliability_or_unlikely,surface_token,dainod,R06,1,1,1,LOW_POWER_OR_UNSTABLE,1.0,1.0,1.0,dainod
low_reliability_or_unlikely,surface_token,dainy,R06,1,1,1,LOW_POWER_OR_UNSTABLE,1.0,1.0,1.0,dainy
low_reliability_or_unlikely,surface_token,dairdy,R06,1,1,1,LOW_POWER_OR_UNSTABLE,1.0,1.0,1.0,dairdy
low_reliability_or_unlikely,surface_token,dairkal,R00,1,1,1,LOW_POWER_OR_UNSTABLE,1.0,1.0,1.0,dairkal
low_reliability_or_unlikely,surface_token,dairl,R06,1,1,1,LOW_POWER_OR_UNSTABLE,1.0,1.0,1.0,dairl
low_reliability_or_unlikely,surface_token,dairol,R06,1,1,1,LOW_POWER_OR_UNSTABLE,1.0,1.0,1.0,dairol
low_reliability_or_unlikely,surface_token,dait,R06,1,1,1,LOW_POWER_OR_UNSTABLE,1.0,1.0,1.0,dait
low_reliability_or_unlikely,surface_token,dalaiin,R09,1,1,1,LOW_POWER_OR_UNSTABLE,1.0,1.0,1.0,dalaiin
low_reliability_or_unlikely,surface_token,dalar,R06,1,1,1,LOW_POWER_OR_UNSTABLE,1.0,1.0,1.0,dalar
low_reliability_or_unlikely,surface_token,daldaiin,R09,1,1,1,LOW_POWER_OR_UNSTABLE,1.0,1.0,1.0,daldaiin
low_reliability_or_unlikely,surface_token,daldal,R06,1,1,1,LOW_POWER_OR_UNSTABLE,1.0,1.0,1.0,daldal
low_reliability_or_unlikely,surface_token,daldalol,R09,1,1,1,LOW_POWER_OR_UNSTABLE,1.0,1.0,1.0,daldalol
low_reliability_or_unlikely,surface_token,daldar,R06,1,1,1,LOW_POWER_OR_UNSTABLE,1.0,1.0,1.0,daldar
low_reliability_or_unlikely,surface_token,dalfchy,R09,1,1,1,LOW_POWER_OR_UNSTABLE,1.0,1.0,1.0,dalfchy
low_reliability_or_unlikely,surface_token,dalg,R09,1,1,1,LOW_POWER_OR_UNSTABLE,1.0,1.0,1.0,dalg
low_reliability_or_unlikely,surface_token,dalkar,R06,1,1,1,LOW_POWER_OR_UNSTABLE,1.0,1.0,1.0,dalkar
low_reliability_or_unlikely,surface_token,dalkedy,R09,1,1,1,LOW_POWER_OR_UNSTABLE,1.0,1.0,1.0,dalkedy
low_reliability_or_unlikely,surface_token,dalol,R06,1,1,1,LOW_POWER_OR_UNSTABLE,1.0,1.0,1.0,dalol
low_reliability_or_unlikely,surface_token,dalor,R09,1,1,1,LOW_POWER_OR_UNSTABLE,1.0,1.0,1.0,dalor
low_reliability_or_unlikely,surface_token,dalshd,R06,1,1,1,LOW_POWER_OR_UNSTABLE,1.0,1.0,1.0,dalshd
low_reliability_or_unlikely,surface_token,dalshdy,R09,1,1,1,LOW_POWER_OR_UNSTABLE,1.0,1.0,1.0,dalshdy
low_reliability_or_unlikely,surface_token,dalshey,R09,1,1,1,LOW_POWER_OR_UNSTABLE,1.0,1.0,1.0,dalshey
low_reliability_or_unlikely,surface_token,dalsy,R06,1,1,1,LOW_POWER_OR_UNSTABLE,1.0,1.0,1.0,dalsy
low_reliability_or_unlikely,surface_token,dalychs,R09,1,1,1,LOW_POWER_OR_UNSTABLE,1.0,1.0,1.0,dalychs
low_reliability_or_unlikely,surface_token,dama,R06,1,1,1,LOW_POWER_OR_UNSTABLE,1.0,1.0,1.0,dama
low_reliability_or_unlikely,surface_token,damamm,R06,1,1,1,LOW_POWER_OR_UNSTABLE,1.0,1.0,1.0,damamm
low_reliability_or_unlikely,surface_token,daor,R06,1,1,1,LOW_POWER_OR_UNSTABLE,1.0,1.0,1.0,daor
low_reliability_or_unlikely,surface_token,dara,R06,1,1,1,LOW_POWER_OR_UNSTABLE,1.0,1.0,1.0,dara
low_reliability_or_unlikely,surface_token,daraiiin,R00,1,1,1,LOW_POWER_OR_UNSTABLE,1.0,1.0,1.0,daraiiin
low_reliability_or_unlikely,surface_token,daral,R06,1,1,1,LOW_POWER_OR_UNSTABLE,1.0,1.0,1.0,daral
low_reliability_or_unlikely,surface_token,darall,R06,1,1,1,LOW_POWER_OR_UNSTABLE,1.0,1.0,1.0,darall
low_reliability_or_unlikely,surface_token,daramdal,R00,1,1,1,LOW_POWER_OR_UNSTABLE,1.0,1.0,1.0,daramdal
low_reliability_or_unlikely,surface_token,darar,R06,1,1,1,LOW_POWER_OR_UNSTABLE,1.0,1.0,1.0,darar
low_reliability_or_unlikely,surface_token,dararda,R00,1,1,1,LOW_POWER_OR_UNSTABLE,1.0,1.0,1.0,dararda
low_reliability_or_unlikely,surface_token,darchdar,R00,1,1,1,LOW_POWER_OR_UNSTABLE,1.0,1.0,1.0,darchdar
low_reliability_or_unlikely,surface_token,darcheor,R00,1,1,1,LOW_POWER_OR_UNSTABLE,1.0,1.0,1.0,darcheor
low_reliability_or_unlikely,surface_token,darchey,R00,1,1,1,LOW_POWER_OR_UNSTABLE,1.0,1.0,1.0,darchey
low_reliability_or_unlikely,surface_token,darchy,R06,1,1,1,LOW_POWER_OR_UNSTABLE,1.0,1.0,1.0,darchy
low_reliability_or_unlikely,surface_token,dardyr,R06,1,1,1,LOW_POWER_OR_UNSTABLE,1.0,1.0,1.0,dardyr
low_reliability_or_unlikely,surface_token,darody,R06,1,1,1,LOW_POWER_OR_UNSTABLE,1.0,1.0,1.0,darody
low_reliability_or_unlikely,surface_token,darolaly,R00,1,1,1,LOW_POWER_OR_UNSTABLE,1.0,1.0,1.0,darolaly
low_reliability_or_unlikely,surface_token,darolsy,R00,1,1,1,LOW_POWER_OR_UNSTABLE,1.0,1.0,1.0,darolsy
low_reliability_or_unlikely,surface_token,darom,R06,1,1,1,LOW_POWER_OR_UNSTABLE,1.0,1.0,1.0,darom
low_reliability_or_unlikely,surface_token,daror,R06,1,1,1,LOW_POWER_OR_UNSTABLE,1.0,1.0,1.0,daror
low_reliability_or_unlikely,surface_token,darshody,R00,1,1,1,LOW_POWER_OR_UNSTABLE,1.0,1.0,1.0,darshody
low_reliability_or_unlikely,surface_token,dchain,R06,1,1,1,LOW_POWER_OR_UNSTABLE,1.0,1.0,1.0,dchain
low_reliability_or_unlikely,surface_token,dchal,R06,1,1,1,LOW_POWER_OR_UNSTABLE,1.0,1.0,1.0,dchal
low_reliability_or_unlikely,surface_token,dchar,R06,1,1,1,LOW_POWER_OR_UNSTABLE,1.0,1.0,1.0,dchar
low_reliability_or_unlikely,surface_token,dchckhy,R00,1,1,1,LOW_POWER_OR_UNSTABLE,1.0,1.0,1.0,dchckhy
low_reliability_or_unlikely,surface_token,dchcthy,R00,1,1,1,LOW_POWER_OR_UNSTABLE,1.0,1.0,1.0,dchcthy
low_reliability_or_unlikely,surface_token,dchdaldy,R00,1,1,1,LOW_POWER_OR_UNSTABLE,1.0,1.0,1.0,dchdaldy
low_reliability_or_unlikely,surface_token,dchdar,R06,1,1,1,LOW_POWER_OR_UNSTABLE,1.0,1.0,1.0,dchdar
low_reliability_or_unlikely,surface_token,dched,R06,1,1,1,LOW_POWER_OR_UNSTABLE,1.0,1.0,1.0,dched
low_reliability_or_unlikely,surface_token,dchedain,R00,1,1,1,LOW_POWER_OR_UNSTABLE,1.0,1.0,1.0,dchedain
low_reliability_or_unlikely,surface_token,dchedal,R09,1,1,1,LOW_POWER_OR_UNSTABLE,1.0,1.0,1.0,dchedal
low_reliability_or_unlikely,surface_token,dchedaly,R09,1,1,1,LOW_POWER_OR_UNSTABLE,1.0,1.0,1.0,dchedaly
low_reliability_or_unlikely,surface_token,dcheeckhos,R00,1,1,1,LOW_POWER_OR_UNSTABLE,1.0,1.0,1.0,dcheeckhos
low_reliability_or_unlikely,surface_token,dcheedy,R00,1,1,1,LOW_POWER_OR_UNSTABLE,1.0,1.0,1.0,dcheedy
low_reliability_or_unlikely,surface_token,dcheeody,R00,1,1,1,LOW_POWER_OR_UNSTABLE,1.0,1.0,1.0,dcheeody
low_reliability_or_unlikely,surface_token,dcheeor,R00,1,1,1,LOW_POWER_OR_UNSTABLE,1.0,1.0,1.0,dcheeor
low_reliability_or_unlikely,surface_token,dchekeedy,R00,1,1,1,LOW_POWER_OR_UNSTABLE,1.0,1.0,1.0,dchekeedy
low_reliability_or_unlikely,surface_token,dcheoaiin,R00,1,1,1,LOW_POWER_OR_UNSTABLE,1.0,1.0,1.0,dcheoaiin
low_reliability_or_unlikely,surface_token,dcheodaiin,R00,1,1,1,LOW_POWER_OR_UNSTABLE,1.0,1.0,1.0,dcheodaiin
low_reliability_or_unlikely,surface_token,dcheodain,R00,1,1,1,LOW_POWER_OR_UNSTABLE,1.0,1.0,1.0,dcheodain
low_reliability_or_unlikely,surface_token,dcheoldy,R00,1,1,1,LOW_POWER_OR_UNSTABLE,1.0,1.0,1.0,dcheoldy
low_reliability_or_unlikely,surface_token,dchesykchy,R00,1,1,1,LOW_POWER_OR_UNSTABLE,1.0,1.0,1.0,dchesykchy
low_reliability_or_unlikely,surface_token,dchetay,R00,1,1,1,LOW_POWER_OR_UNSTABLE,1.0,1.0,1.0,dchetay
low_reliability_or_unlikely,surface_token,dchg,R06,1,1,1,LOW_POWER_OR_UNSTABLE,1.0,1.0,1.0,dchg
low_reliability_or_unlikely,surface_token,dchl,R06,1,1,1,LOW_POWER_OR_UNSTABLE,1.0,1.0,1.0,dchl
low_reliability_or_unlikely,surface_token,dchodaiin,R10,1,1,1,LOW_POWER_OR_UNSTABLE,1.0,1.0,1.0,dchodaiin
low_reliability_or_unlikely,surface_token,dchokchy,R00,1,1,1,LOW_POWER_OR_UNSTABLE,1.0,1.0,1.0,dchokchy
low_reliability_or_unlikely,surface_token,dchokey,R00,1,1,1,LOW_POWER_OR_UNSTABLE,1.0,1.0,1.0,dchokey
low_reliability_or_unlikely,surface_token,dchoty,R06,1,1,1,LOW_POWER_OR_UNSTABLE,1.0,1.0,1.0,dchoty
low_reliability_or_unlikely,surface_token,dchykchy,R00,1,1,1,LOW_POWER_OR_UNSTABLE,1.0,1.0,1.0,dchykchy
low_reliability_or_unlikely,surface_token,dckhy,R06,1,1,1,LOW_POWER_OR_UNSTABLE,1.0,1.0,1.0,dckhy
low_reliability_or_unlikely,surface_token,dcthy,R06,1,1,1,LOW_POWER_OR_UNSTABLE,1.0,1.0,1.0,dcthy
low_reliability_or_unlikely,surface_token,dd,R06,1,1,1,LOW_POWER_OR_UNSTABLE,1.0,1.0,1.0,dd
low_reliability_or_unlikely,surface_token,ddary,R06,1,1,1,LOW_POWER_OR_UNSTABLE,1.0,1.0,1.0,ddary
low_reliability_or_unlikely,surface_token,dedy,R06,1,1,1,LOW_POWER_OR_UNSTABLE,1.0,1.0,1.0,dedy
low_reliability_or_unlikely,surface_token,deeeoskol,R00,1,1,1,LOW_POWER_OR_UNSTABLE,1.0,1.0,1.0,deeeoskol
low_reliability_or_unlikely,surface_token,deeol,R06,1,1,1,LOW_POWER_OR_UNSTABLE,1.0,1.0,1.0,deeol
low_reliability_or_unlikely,surface_token,deol,R06,1,1,1,LOW_POWER_OR_UNSTABLE,1.0,1.0,1.0,deol
low_reliability_or_unlikely,surface_token,depcheky,R00,1,1,1,LOW_POWER_OR_UNSTABLE,1.0,1.0,1.0,depcheky
low_reliability_or_unlikely,surface_token,desey,R06,1,1,1,LOW_POWER_OR_UNSTABLE,1.0,1.0,1.0,desey
low_reliability_or_unlikely,surface_token,diin,R06,1,1,1,LOW_POWER_OR_UNSTABLE,1.0,1.0,1.0,diin
low_reliability_or_unlikely,surface_token,dindy,R06,1,1,1,LOW_POWER_OR_UNSTABLE,1.0,1.0,1.0,dindy
low_reliability_or_unlikely,surface_token,dkair,R06,1,1,1,LOW_POWER_OR_UNSTABLE,1.0,1.0,1.0,dkair
low_reliability_or_unlikely,surface_token,dkar,R06,1,1,1,LOW_POWER_OR_UNSTABLE,1.0,1.0,1.0,dkar
low_reliability_or_unlikely,surface_token,dksheey,R00,1,1,1,LOW_POWER_OR_UNSTABLE,1.0,1.0,1.0,dksheey
low_reliability_or_unlikely,surface_token,dlaiin,R06,1,1,1,LOW_POWER_OR_UNSTABLE,1.0,1.0,1.0,dlaiin
low_reliability_or_unlikely,surface_token,dlod,R06,1,1,1,LOW_POWER_OR_UNSTABLE,1.0,1.0,1.0,dlod
low_reliability_or_unlikely,surface_token,dly,R06,1,1,1,LOW_POWER_OR_UNSTABLE,1.0,1.0,1.0,dly
low_reliability_or_unlikely,surface_token,doaiin,R06,1,1,1,LOW_POWER_OR_UNSTABLE,1.0,1.0,1.0,doaiin
low_reliability_or_unlikely,surface_token,doaro,R06,1,1,1,LOW_POWER_OR_UNSTABLE,1.0,1.0,1.0,doaro
low_reliability_or_unlikely,surface_token,docheeo,R00,1,1,1,LOW_POWER_OR_UNSTABLE,1.0,1.0,1.0,docheeo
low_reliability_or_unlikely,surface_token,dochod,R06,1,1,1,LOW_POWER_OR_UNSTABLE,1.0,1.0,1.0,dochod
low_reliability_or_unlikely,surface_token,dodaiin,R10,1,1,1,LOW_POWER_OR_UNSTABLE,1.0,1.0,1.0,dodaiin
low_reliability_or_unlikely,surface_token,doeey,R06,1,1,1,LOW_POWER_OR_UNSTABLE,1.0,1.0,1.0,doeey
low_reliability_or_unlikely,surface_token,doiir,R06,1,1,1,LOW_POWER_OR_UNSTABLE,1.0,1.0,1.0,doiir
low_reliability_or_unlikely,surface_token,dokal,R06,1,1,1,LOW_POWER_OR_UNSTABLE,1.0,1.0,1.0,dokal
low_reliability_or_unlikely,surface_token,dokan,R06,1,1,1,LOW_POWER_OR_UNSTABLE,1.0,1.0,1.0,dokan
low_reliability_or_unlikely,surface_token,dokechy,R00,1,1,1,LOW_POWER_OR_UNSTABLE,1.0,1.0,1.0,dokechy
low_reliability_or_unlikely,surface_token,dokedy,R06,1,1,1,LOW_POWER_OR_UNSTABLE,1.0,1.0,1.0,dokedy
low_reliability_or_unlikely,surface_token,dokor,R06,1,1,1,LOW_POWER_OR_UNSTABLE,1.0,1.0,1.0,dokor
low_reliability_or_unlikely,surface_token,dolaiin,R00,1,1,1,LOW_POWER_OR_UNSTABLE,1.0,1.0,1.0,dolaiin
low_reliability_or_unlikely,surface_token,dolaram,R00,1,1,1,LOW_POWER_OR_UNSTABLE,1.0,1.0,1.0,dolaram
low_reliability_or_unlikely,surface_token,dolary,R06,1,1,1,LOW_POWER_OR_UNSTABLE,1.0,1.0,1.0,dolary
low_reliability_or_unlikely,surface_token,dolchedy,R00,1,1,1,LOW_POWER_OR_UNSTABLE,1.0,1.0,1.0,dolchedy
low_reliability_or_unlikely,surface_token,dolchsody,R00,1,1,1,LOW_POWER_OR_UNSTABLE,1.0,1.0,1.0,dolchsody
low_reliability_or_unlikely,surface_token,doldaiin,R00,1,1,1,LOW_POWER_OR_UNSTABLE,1.0,1.0,1.0,doldaiin
low_reliability_or_unlikely,surface_token,doldam,R06,1,1,1,LOW_POWER_OR_UNSTABLE,1.0,1.0,1.0,doldam
low_reliability_or_unlikely,surface_token,dolds,R06,1,1,1,LOW_POWER_OR_UNSTABLE,1.0,1.0,1.0,dolds
low_reliability_or_unlikely,surface_token,dolkeedy,R00,1,1,1,LOW_POWER_OR_UNSTABLE,1.0,1.0,1.0,dolkeedy
low_reliability_or_unlikely,surface_token,dolol,R06,1,1,1,LOW_POWER_OR_UNSTABLE,1.0,1.0,1.0,dolol
low_reliability_or_unlikely,surface_token,dolor,R06,1,1,1,LOW_POWER_OR_UNSTABLE,1.0,1.0,1.0,dolor
low_reliability_or_unlikely,surface_token,dolshedy,R00,1,1,1,LOW_POWER_OR_UNSTABLE,1.0,1.0,1.0,dolshedy
low_reliability_or_unlikely,surface_token,dom,R06,1,1,1,LOW_POWER_OR_UNSTABLE,1.0,1.0,1.0,dom
low_reliability_or_unlikely,surface_token,dorain,R06,1,1,1,LOW_POWER_OR_UNSTABLE,1.0,1.0,1.0,dorain
low_reliability_or_unlikely,surface_token,dotedy,R06,1,1,1,LOW_POWER_OR_UNSTABLE,1.0,1.0,1.0,dotedy
low_reliability_or_unlikely,surface_token,dshcheal,R00,1,1,1,LOW_POWER_OR_UNSTABLE,1.0,1.0,1.0,dshcheal
low_reliability_or_unlikely,surface_token,dsheckhy,R00,1,1,1,LOW_POWER_OR_UNSTABLE,1.0,1.0,1.0,dsheckhy
low_reliability_or_unlikely,surface_token,dsheedy,R00,1,1,1,LOW_POWER_OR_UNSTABLE,1.0,1.0,1.0,dsheedy
low_reliability_or_unlikely,surface_token,dsheeo,R06,1,1,1,LOW_POWER_OR_UNSTABLE,1.0,1.0,1.0,dsheeo
low_reliability_or_unlikely,surface_token,dshees,R06,1,1,1,LOW_POWER_OR_UNSTABLE,1.0,1.0,1.0,dshees
low_reliability_or_unlikely,surface_token,dsheog,R06,1,1,1,LOW_POWER_OR_UNSTABLE,1.0,1.0,1.0,dsheog
low_reliability_or_unlikely,surface_token,dsheol,R06,1,1,1,LOW_POWER_OR_UNSTABLE,1.0,1.0,1.0,dsheol
low_reliability_or_unlikely,surface_token,dsheoy,R06,1,1,1,LOW_POWER_OR_UNSTABLE,1.0,1.0,1.0,dsheoy
low_reliability_or_unlikely,surface_token,dtedg,R06,1,1,1,LOW_POWER_OR_UNSTABLE,1.0,1.0,1.0,dtedg
low_reliability_or_unlikely,surface_token,dxar,R06,1,1,1,LOW_POWER_OR_UNSTABLE,1.0,1.0,1.0,dxar
low_reliability_or_unlikely,surface_token,dykaiin,R00,1,1,1,LOW_POWER_OR_UNSTABLE,1.0,1.0,1.0,dykaiin
low_reliability_or_unlikely,surface_token,dykain,R06,1,1,1,LOW_POWER_OR_UNSTABLE,1.0,1.0,1.0,dykain
low_reliability_or_unlikely,surface_token,dykaran,R00,1,1,1,LOW_POWER_OR_UNSTABLE,1.0,1.0,1.0,dykaran
low_reliability_or_unlikely,surface_token,dykchal,R00,1,1,1,LOW_POWER_OR_UNSTABLE,1.0,1.0,1.0,dykchal
low_reliability_or_unlikely,surface_token,dykchy,R06,1,1,1,LOW_POWER_OR_UNSTABLE,1.0,1.0,1.0,dykchy
low_reliability_or_unlikely,surface_token,dykeedy,R00,1,1,1,LOW_POWER_OR_UNSTABLE,1.0,1.0,1.0,dykeedy
low_reliability_or_unlikely,surface_token,dykshy,R06,1,1,1,LOW_POWER_OR_UNSTABLE,1.0,1.0,1.0,dykshy
low_reliability_or_unlikely,surface_token,dyky,R06,1,1,1,LOW_POWER_OR_UNSTABLE,1.0,1.0,1.0,dyky
low_reliability_or_unlikely,surface_token,dyotyds,R00,1,1,1,LOW_POWER_OR_UNSTABLE,1.0,1.0,1.0,dyotyds
low_reliability_or_unlikely,surface_token,dypchy,R06,1,1,1,LOW_POWER_OR_UNSTABLE,1.0,1.0,1.0,dypchy
low_reliability_or_unlikely,surface_token,dytain,R06,1,1,1,LOW_POWER_OR_UNSTABLE,1.0,1.0,1.0,dytain
low_reliability_or_unlikely,surface_token,dytchor,R00,1,1,1,LOW_POWER_OR_UNSTABLE,1.0,1.0,1.0,dytchor
low_reliability_or_unlikely,surface_token,dytchy,R06,1,1,1,LOW_POWER_OR_UNSTABLE,1.0,1.0,1.0,dytchy
low_reliability_or_unlikely,surface_token,dytedy,R06,1,1,1,LOW_POWER_OR_UNSTABLE,1.0,1.0,1.0,dytedy
low_reliability_or_unlikely,surface_token,dytolg,R06,1,1,1,LOW_POWER_OR_UNSTABLE,1.0,1.0,1.0,dytolg
low_reliability_or_unlikely,surface_token,dytshedy,R00,1,1,1,LOW_POWER_OR_UNSTABLE,1.0,1.0,1.0,dytshedy
low_reliability_or_unlikely,surface_token,dytshy,R06,1,1,1,LOW_POWER_OR_UNSTABLE,1.0,1.0,1.0,dytshy
low_reliability_or_unlikely,surface_token,ear,R00,1,1,1,LOW_POWER_OR_UNSTABLE,1.0,1.0,1.0,ear
low_reliability_or_unlikely,surface_token,echkalal,R00,1,1,1,LOW_POWER_OR_UNSTABLE,1.0,1.0,1.0,echkalal
low_reliability_or_unlikely,surface_token,eeckhy,R00,1,1,1,LOW_POWER_OR_UNSTABLE,1.0,1.0,1.0,eeckhy
low_reliability_or_unlikely,surface_token,eeed,R00,1,1,1,LOW_POWER_OR_UNSTABLE,1.0,1.0,1.0,eeed
low_reliability_or_unlikely,surface_token,eeeody,R00,1,1,1,LOW_POWER_OR_UNSTABLE,1.0,1.0,1.0,eeeody
low_reliability_or_unlikely,surface_token,eeesal,R00,1,1,1,LOW_POWER_OR_UNSTABLE,1.0,1.0,1.0,eeesal
low_reliability_or_unlikely,surface_token,eeesaly,R00,1,1,1,LOW_POWER_OR_UNSTABLE,1.0,1.0,1.0,eeesaly
low_reliability_or_unlikely,surface_token,eeey,R00,1,1,1,LOW_POWER_OR_UNSTABLE,1.0,1.0,1.0,eeey
low_reliability_or_unlikely,surface_token,eeor,R00,1,1,1,LOW_POWER_OR_UNSTABLE,1.0,1.0,1.0,eeor
low_reliability_or_unlikely,surface_token,eesydy,R00,1,1,1,LOW_POWER_OR_UNSTABLE,1.0,1.0,1.0,eesydy
low_reliability_or_unlikely,surface_token,eol,R00,1,1,1,LOW_POWER_OR_UNSTABLE,1.0,1.0,1.0,eol
low_reliability_or_unlikely,surface_token,es,R00,1,1,1,LOW_POWER_OR_UNSTABLE,1.0,1.0,1.0,es
low_reliability_or_unlikely,surface_token,etaiin,R00,1,1,1,LOW_POWER_OR_UNSTABLE,1.0,1.0,1.0,etaiin
low_reliability_or_unlikely,surface_token,ety,R00,1,1,1,LOW_POWER_OR_UNSTABLE,1.0,1.0,1.0,ety
low_reliability_or_unlikely,surface_token,ey,R00,1,1,1,LOW_POWER_OR_UNSTABLE,1.0,1.0,1.0,ey
low_reliability_or_unlikely,surface_token,faimy,R06,1,1,1,LOW_POWER_OR_UNSTABLE,1.0,1.0,1.0,faimy
low_reliability_or_unlikely,surface_token,far,R06,1,1,1,LOW_POWER_OR_UNSTABLE,1.0,1.0,1.0,far
low_reliability_or_unlikely,surface_token,fary,R06,1,1,1,LOW_POWER_OR_UNSTABLE,1.0,1.0,1.0,fary
low_reliability_or_unlikely,surface_token,fchedey,R00,1,1,1,LOW_POWER_OR_UNSTABLE,1.0,1.0,1.0,fchedey
low_reliability_or_unlikely,surface_token,fchedy,R06,1,1,1,LOW_POWER_OR_UNSTABLE,1.0,1.0,1.0,fchedy
low_reliability_or_unlikely,surface_token,fcheey,R06,1,1,1,LOW_POWER_OR_UNSTABLE,1.0,1.0,1.0,fcheey
low_reliability_or_unlikely,surface_token,fchey,R06,1,1,1,LOW_POWER_OR_UNSTABLE,1.0,1.0,1.0,fchey
low_reliability_or_unlikely,surface_token,fcho,R06,1,1,1,LOW_POWER_OR_UNSTABLE,1.0,1.0,1.0,fcho
low_reliability_or_unlikely,surface_token,fchodaiin,R10,1,1,1,LOW_POWER_OR_UNSTABLE,1.0,1.0,1.0,fchodaiin
low_reliability_or_unlikely,surface_token,fchol,R06,1,1,1,LOW_POWER_OR_UNSTABLE,1.0,1.0,1.0,fchol
low_reliability_or_unlikely,surface_token,fchor,R06,1,1,1,LOW_POWER_OR_UNSTABLE,1.0,1.0,1.0,fchor
low_reliability_or_unlikely,surface_token,fdeechdy,R00,1,1,1,LOW_POWER_OR_UNSTABLE,1.0,1.0,1.0,fdeechdy
low_reliability_or_unlikely,surface_token,fshor,R06,1,1,1,LOW_POWER_OR_UNSTABLE,1.0,1.0,1.0,fshor
low_reliability_or_unlikely,surface_token,iin,R00,1,1,1,LOW_POWER_OR_UNSTABLE,1.0,1.0,1.0,iin
low_reliability_or_unlikely,surface_token,iinal,R00,1,1,1,LOW_POWER_OR_UNSTABLE,1.0,1.0,1.0,iinal
low_reliability_or_unlikely,surface_token,iir,R00,1,1,1,LOW_POWER_OR_UNSTABLE,1.0,1.0,1.0,iir
low_reliability_or_unlikely,surface_token,in,R00,1,1,1,LOW_POWER_OR_UNSTABLE,1.0,1.0,1.0,in
low_reliability_or_unlikely,surface_token,ios,R00,1,1,1,LOW_POWER_OR_UNSTABLE,1.0,1.0,1.0,ios
low_reliability_or_unlikely,surface_token,ka,R06,1,1,1,LOW_POWER_OR_UNSTABLE,1.0,1.0,1.0,ka
low_reliability_or_unlikely,surface_token,kair,R06,1,1,1,LOW_POWER_OR_UNSTABLE,1.0,1.0,1.0,kair
low_reliability_or_unlikely,surface_token,kairam,R06,1,1,1,LOW_POWER_OR_UNSTABLE,1.0,1.0,1.0,kairam
low_reliability_or_unlikely,surface_token,kaldaiin,R00,1,1,1,LOW_POWER_OR_UNSTABLE,1.0,1.0,1.0,kaldaiin
low_reliability_or_unlikely,surface_token,kaldaim,R00,1,1,1,LOW_POWER_OR_UNSTABLE,1.0,1.0,1.0,kaldaim
low_reliability_or_unlikely,surface_token,kan,R06,1,1,1,LOW_POWER_OR_UNSTABLE,1.0,1.0,1.0,kan
low_reliability_or_unlikely,surface_token,kchar,R06,1,1,1,LOW_POWER_OR_UNSTABLE,1.0,1.0,1.0,kchar
low_reliability_or_unlikely,surface_token,kchdal,R06,1,1,1,LOW_POWER_OR_UNSTABLE,1.0,1.0,1.0,kchdal
low_reliability_or_unlikely,surface_token,kchdar,R06,1,1,1,LOW_POWER_OR_UNSTABLE,1.0,1.0,1.0,kchdar
low_reliability_or_unlikely,surface_token,kchdy,R06,1,1,1,LOW_POWER_OR_UNSTABLE,1.0,1.0,1.0,kchdy
low_reliability_or_unlikely,surface_token,kcheedy,R00,1,1,1,LOW_POWER_OR_UNSTABLE,1.0,1.0,1.0,kcheedy
low_reliability_or_unlikely,surface_token,kcheeky,R00,1,1,1,LOW_POWER_OR_UNSTABLE,1.0,1.0,1.0,kcheeky
low_reliability_or_unlikely,surface_token,kchekain,R00,1,1,1,LOW_POWER_OR_UNSTABLE,1.0,1.0,1.0,kchekain
low_reliability_or_unlikely,surface_token,kcheo,R06,1,1,1,LOW_POWER_OR_UNSTABLE,1.0,1.0,1.0,kcheo
low_reliability_or_unlikely,surface_token,kcheoey,R00,1,1,1,LOW_POWER_OR_UNSTABLE,1.0,1.0,1.0,kcheoey
low_reliability_or_unlikely,surface_token,kcho,R06,1,1,1,LOW_POWER_OR_UNSTABLE,1.0,1.0,1.0,kcho
low_reliability_or_unlikely,surface_token,kchochaiin,R00,1,1,1,LOW_POWER_OR_UNSTABLE,1.0,1.0,1.0,kchochaiin
low_reliability_or_unlikely,surface_token,kchodan,R00,1,1,1,LOW_POWER_OR_UNSTABLE,1.0,1.0,1.0,kchodan
low_reliability_or_unlikely,surface_token,kcholchdar,R00,1,1,1,LOW_POWER_OR_UNSTABLE,1.0,1.0,1.0,kcholchdar
low_reliability_or_unlikely,surface_token,kcholy,R06,1,1,1,LOW_POWER_OR_UNSTABLE,1.0,1.0,1.0,kcholy
low_reliability_or_unlikely,surface_token,kchos,R06,1,1,1,LOW_POWER_OR_UNSTABLE,1.0,1.0,1.0,kchos
low_reliability_or_unlikely,surface_token,kchoy,R06,1,1,1,LOW_POWER_OR_UNSTABLE,1.0,1.0,1.0,kchoy
low_reliability_or_unlikely,surface_token,kchydy,R06,1,1,1,LOW_POWER_OR_UNSTABLE,1.0,1.0,1.0,kchydy
low_reliability_or_unlikely,surface_token,kchyty,R06,1,1,1,LOW_POWER_OR_UNSTABLE,1.0,1.0,1.0,kchyty
low_reliability_or_unlikely,surface_token,keaiin,R06,1,1,1,LOW_POWER_OR_UNSTABLE,1.0,1.0,1.0,keaiin
low_reliability_or_unlikely,surface_token,kechdy,R06,1,1,1,LOW_POWER_OR_UNSTABLE,1.0,1.0,1.0,kechdy
low_reliability_or_unlikely,surface_token,kedal,R06,1,1,1,LOW_POWER_OR_UNSTABLE,1.0,1.0,1.0,kedal
low_reliability_or_unlikely,surface_token,kedarxy,R00,1,1,1,LOW_POWER_OR_UNSTABLE,1.0,1.0,1.0,kedarxy
low_reliability_or_unlikely,surface_token,keear,R06,1,1,1,LOW_POWER_OR_UNSTABLE,1.0,1.0,1.0,keear
low_reliability_or_unlikely,surface_token,keechey,R00,1,1,1,LOW_POWER_OR_UNSTABLE,1.0,1.0,1.0,keechey
low_reliability_or_unlikely,surface_token,keedor,R06,1,1,1,LOW_POWER_OR_UNSTABLE,1.0,1.0,1.0,keedor
low_reliability_or_unlikely,surface_token,keeo,R06,1,1,1,LOW_POWER_OR_UNSTABLE,1.0,1.0,1.0,keeo
low_reliability_or_unlikely,surface_token,keeochy,R00,1,1,1,LOW_POWER_OR_UNSTABLE,1.0,1.0,1.0,keeochy
low_reliability_or_unlikely,surface_token,keeody,R06,1,1,1,LOW_POWER_OR_UNSTABLE,1.0,1.0,1.0,keeody
low_reliability_or_unlikely,surface_token,keeol,R06,1,1,1,LOW_POWER_OR_UNSTABLE,1.0,1.0,1.0,keeol
low_reliability_or_unlikely,surface_token,keeshody,R00,1,1,1,LOW_POWER_OR_UNSTABLE,1.0,1.0,1.0,keeshody
low_reliability_or_unlikely,surface_token,keocthy,R00,1,1,1,LOW_POWER_OR_UNSTABLE,1.0,1.0,1.0,keocthy
low_reliability_or_unlikely,surface_token,keoraiiin,R00,1,1,1,LOW_POWER_OR_UNSTABLE,1.0,1.0,1.0,keoraiiin
low_reliability_or_unlikely,surface_token,kochardy,R00,1,1,1,LOW_POWER_OR_UNSTABLE,1.0,1.0,1.0,kochardy
low_reliability_or_unlikely,surface_token,kocheor,R00,1,1,1,LOW_POWER_OR_UNSTABLE,1.0,1.0,1.0,kocheor
low_reliability_or_unlikely,surface_token,kochor,R06,1,1,1,LOW_POWER_OR_UNSTABLE,1.0,1.0,1.0,kochor
low_reliability_or_unlikely,surface_token,kod,R06,1,1,1,LOW_POWER_OR_UNSTABLE,1.0,1.0,1.0,kod
low_reliability_or_unlikely,surface_token,kodary,R06,1,1,1,LOW_POWER_OR_UNSTABLE,1.0,1.0,1.0,kodary
low_reliability_or_unlikely,surface_token,koeeorain,R00,1,1,1,LOW_POWER_OR_UNSTABLE,1.0,1.0,1.0,koeeorain
low_reliability_or_unlikely,surface_token,kokaiin,R00,1,1,1,LOW_POWER_OR_UNSTABLE,1.0,1.0,1.0,kokaiin
low_reliability_or_unlikely,surface_token,koldarod,R00,1,1,1,LOW_POWER_OR_UNSTABLE,1.0,1.0,1.0,koldarod
low_reliability_or_unlikely,surface_token,koleearol,R00,1,1,1,LOW_POWER_OR_UNSTABLE,1.0,1.0,1.0,koleearol
low_reliability_or_unlikely,surface_token,kolfchdy,R00,1,1,1,LOW_POWER_OR_UNSTABLE,1.0,1.0,1.0,kolfchdy
low_reliability_or_unlikely,surface_token,kolkedy,R00,1,1,1,LOW_POWER_OR_UNSTABLE,1.0,1.0,1.0,kolkedy
low_reliability_or_unlikely,surface_token,kolpy,R06,1,1,1,LOW_POWER_OR_UNSTABLE,1.0,1.0,1.0,kolpy
low_reliability_or_unlikely,surface_token,kolshd,R06,1,1,1,LOW_POWER_OR_UNSTABLE,1.0,1.0,1.0,kolshd
low_reliability_or_unlikely,surface_token,kolyky,R06,1,1,1,LOW_POWER_OR_UNSTABLE,1.0,1.0,1.0,kolyky
low_reliability_or_unlikely,surface_token,korainy,R00,1,1,1,LOW_POWER_OR_UNSTABLE,1.0,1.0,1.0,korainy
low_reliability_or_unlikely,surface_token,korchy,R06,1,1,1,LOW_POWER_OR_UNSTABLE,1.0,1.0,1.0,korchy
low_reliability_or_unlikely,surface_token,korshey,R00,1,1,1,LOW_POWER_OR_UNSTABLE,1.0,1.0,1.0,korshey
low_reliability_or_unlikely,surface_token,kotchody,R00,1,1,1,LOW_POWER_OR_UNSTABLE,1.0,1.0,1.0,kotchody
low_reliability_or_unlikely,surface_token,kshd,R06,1,1,1,LOW_POWER_OR_UNSTABLE,1.0,1.0,1.0,kshd
low_reliability_or_unlikely,surface_token,ksheo,R06,1,1,1,LOW_POWER_OR_UNSTABLE,1.0,1.0,1.0,ksheo
low_reliability_or_unlikely,surface_token,ksheodl,R00,1,1,1,LOW_POWER_OR_UNSTABLE,1.0,1.0,1.0,ksheodl
low_reliability_or_unlikely,surface_token,ksheody,R00,1,1,1,LOW_POWER_OR_UNSTABLE,1.0,1.0,1.0,ksheody
low_reliability_or_unlikely,surface_token,ksheol,R06,1,1,1,LOW_POWER_OR_UNSTABLE,1.0,1.0,1.0,ksheol
low_reliability_or_unlikely,surface_token,kshey,R06,1,1,1,LOW_POWER_OR_UNSTABLE,1.0,1.0,1.0,kshey
low_reliability_or_unlikely,surface_token,ksho,R06,1,1,1,LOW_POWER_OR_UNSTABLE,1.0,1.0,1.0,ksho
low_reliability_or_unlikely,surface_token,kshy,R06,1,1,1,LOW_POWER_OR_UNSTABLE,1.0,1.0,1.0,kshy
low_reliability_or_unlikely,surface_token,laiiin,R00,1,1,1,LOW_POWER_OR_UNSTABLE,1.0,1.0,1.0,laiiin
low_reliability_or_unlikely,surface_token,laiin,R00,1,1,1,LOW_POWER_OR_UNSTABLE,1.0,1.0,1.0,laiin
low_reliability_or_unlikely,surface_token,laly,R00,1,1,1,LOW_POWER_OR_UNSTABLE,1.0,1.0,1.0,laly
low_reliability_or_unlikely,surface_token,lam,R00,1,1,1,LOW_POWER_OR_UNSTABLE,1.0,1.0,1.0,lam
low_reliability_or_unlikely,surface_token,lashalg,R00,1,1,1,LOW_POWER_OR_UNSTABLE,1.0,1.0,1.0,lashalg
low_reliability_or_unlikely,surface_token,lch,R00,1,1,1,LOW_POWER_OR_UNSTABLE,1.0,1.0,1.0,lch
low_reliability_or_unlikely,surface_token,lchal,R00,1,1,1,LOW_POWER_OR_UNSTABLE,1.0,1.0,1.0,lchal
low_reliability_or_unlikely,surface_token,lchar,R00,1,1,1,LOW_POWER_OR_UNSTABLE,1.0,1.0,1.0,lchar
low_reliability_or_unlikely,surface_token,lcheam,R00,1,1,1,LOW_POWER_OR_UNSTABLE,1.0,1.0,1.0,lcheam
low_reliability_or_unlikely,surface_token,lcheckhy,R00,1,1,1,LOW_POWER_OR_UNSTABLE,1.0,1.0,1.0,lcheckhy
low_reliability_or_unlikely,surface_token,lchedar,R00,1,1,1,LOW_POWER_OR_UNSTABLE,1.0,1.0,1.0,lchedar
low_reliability_or_unlikely,surface_token,lchedo,R00,1,1,1,LOW_POWER_OR_UNSTABLE,1.0,1.0,1.0,lchedo
low_reliability_or_unlikely,surface_token,lchedykeeor,R00,1,1,1,LOW_POWER_OR_UNSTABLE,1.0,1.0,1.0,lchedykeeor
low_reliability_or_unlikely,surface_token,lchedylol,R00,1,1,1,LOW_POWER_OR_UNSTABLE,1.0,1.0,1.0,lchedylol
low_reliability_or_unlikely,surface_token,lcheedy,R00,1,1,1,LOW_POWER_OR_UNSTABLE,1.0,1.0,1.0,lcheedy
low_reliability_or_unlikely,surface_token,lcheel,R00,1,1,1,LOW_POWER_OR_UNSTABLE,1.0,1.0,1.0,lcheel
low_reliability_or_unlikely,surface_token,lcheo,R00,1,1,1,LOW_POWER_OR_UNSTABLE,1.0,1.0,1.0,lcheo
low_reliability_or_unlikely,surface_token,lcheody,R00,1,1,1,LOW_POWER_OR_UNSTABLE,1.0,1.0,1.0,lcheody
low_reliability_or_unlikely,surface_token,lcheol,R00,1,1,1,LOW_POWER_OR_UNSTABLE,1.0,1.0,1.0,lcheol
low_reliability_or_unlikely,surface_token,lchg,R00,1,1,1,LOW_POWER_OR_UNSTABLE,1.0,1.0,1.0,lchg
low_reliability_or_unlikely,surface_token,lchl,R00,1,1,1,LOW_POWER_OR_UNSTABLE,1.0,1.0,1.0,lchl
low_reliability_or_unlikely,surface_token,lchol,R00,1,1,1,LOW_POWER_OR_UNSTABLE,1.0,1.0,1.0,lchol
low_reliability_or_unlikely,surface_token,lcholkaiin,R00,1,1,1,LOW_POWER_OR_UNSTABLE,1.0,1.0,1.0,lcholkaiin
low_reliability_or_unlikely,surface_token,lchpchdy,R00,1,1,1,LOW_POWER_OR_UNSTABLE,1.0,1.0,1.0,lchpchdy
low_reliability_or_unlikely,surface_token,lchsl,R00,1,1,1,LOW_POWER_OR_UNSTABLE,1.0,1.0,1.0,lchsl
low_reliability_or_unlikely,surface_token,ldals,R00,1,1,1,LOW_POWER_OR_UNSTABLE,1.0,1.0,1.0,ldals
low_reliability_or_unlikely,surface_token,ldol,R00,1,1,1,LOW_POWER_OR_UNSTABLE,1.0,1.0,1.0,ldol
low_reliability_or_unlikely,surface_token,ldyr,R00,1,1,1,LOW_POWER_OR_UNSTABLE,1.0,1.0,1.0,ldyr
low_reliability_or_unlikely,surface_token,lfchy,R00,1,1,1,LOW_POWER_OR_UNSTABLE,1.0,1.0,1.0,lfchy
low_reliability_or_unlikely,surface_token,lk,R00,1,1,1,LOW_POWER_OR_UNSTABLE,1.0,1.0,1.0,lk
low_reliability_or_unlikely,surface_token,lkarary,R00,1,1,1,LOW_POWER_OR_UNSTABLE,1.0,1.0,1.0,lkarary
low_reliability_or_unlikely,surface_token,lkchdy,R00,1,1,1,LOW_POWER_OR_UNSTABLE,1.0,1.0,1.0,lkchdy
low_reliability_or_unlikely,surface_token,lkchey,R00,1,1,1,LOW_POWER_OR_UNSTABLE,1.0,1.0,1.0,lkchey
low_reliability_or_unlikely,surface_token,lkechy,R00,1,1,1,LOW_POWER_OR_UNSTABLE,1.0,1.0,1.0,lkechy
low_reliability_or_unlikely,surface_token,lkedar,R00,1,1,1,LOW_POWER_OR_UNSTABLE,1.0,1.0,1.0,lkedar
low_reliability_or_unlikely,surface_token,lkedey,R00,1,1,1,LOW_POWER_OR_UNSTABLE,1.0,1.0,1.0,lkedey
low_reliability_or_unlikely,surface_token,lkedlkey,R00,1,1,1,LOW_POWER_OR_UNSTABLE,1.0,1.0,1.0,lkedlkey
low_reliability_or_unlikely,surface_token,lkeeal,R00,1,1,1,LOW_POWER_OR_UNSTABLE,1.0,1.0,1.0,lkeeal
low_reliability_or_unlikely,surface_token,lkeeed,R00,1,1,1,LOW_POWER_OR_UNSTABLE,1.0,1.0,1.0,lkeeed
low_reliability_or_unlikely,surface_token,lkeeody,R00,1,1,1,LOW_POWER_OR_UNSTABLE,1.0,1.0,1.0,lkeeody
low_reliability_or_unlikely,surface_token,lkeeol,R00,1,1,1,LOW_POWER_OR_UNSTABLE,1.0,1.0,1.0,lkeeol
low_reliability_or_unlikely,surface_token,lkeeor,R00,1,1,1,LOW_POWER_OR_UNSTABLE,1.0,1.0,1.0,lkeeor
low_reliability_or_unlikely,surface_token,lkeody,R00,1,1,1,LOW_POWER_OR_UNSTABLE,1.0,1.0,1.0,lkeody
low_reliability_or_unlikely,surface_token,lkey,R00,1,1,1,LOW_POWER_OR_UNSTABLE,1.0,1.0,1.0,lkey
low_reliability_or_unlikely,surface_token,lkl,R00,1,1,1,LOW_POWER_OR_UNSTABLE,1.0,1.0,1.0,lkl
low_reliability_or_unlikely,surface_token,lkody,R00,1,1,1,LOW_POWER_OR_UNSTABLE,1.0,1.0,1.0,lkody
low_reliability_or_unlikely,surface_token,lkol,R00,1,1,1,LOW_POWER_OR_UNSTABLE,1.0,1.0,1.0,lkol
low_reliability_or_unlikely,surface_token,lkor,R00,1,1,1,LOW_POWER_OR_UNSTABLE,1.0,1.0,1.0,lkor
low_reliability_or_unlikely,surface_token,lkshykchy,R00,1,1,1,LOW_POWER_OR_UNSTABLE,1.0,1.0,1.0,lkshykchy
low_reliability_or_unlikely,surface_token,llchey,R00,1,1,1,LOW_POWER_OR_UNSTABLE,1.0,1.0,1.0,llchey
low_reliability_or_unlikely,surface_token,llm,R00,1,1,1,LOW_POWER_OR_UNSTABLE,1.0,1.0,1.0,llm
low_reliability_or_unlikely,surface_token,llod,R00,1,1,1,LOW_POWER_OR_UNSTABLE,1.0,1.0,1.0,llod
low_reliability_or_unlikely,surface_token,llsan,R00,1,1,1,LOW_POWER_OR_UNSTABLE,1.0,1.0,1.0,llsan
low_reliability_or_unlikely,surface_token,loar,R00,1,1,1,LOW_POWER_OR_UNSTABLE,1.0,1.0,1.0,loar
low_reliability_or_unlikely,surface_token,lochedy,R00,1,1,1,LOW_POWER_OR_UNSTABLE,1.0,1.0,1.0,lochedy
low_reliability_or_unlikely,surface_token,lochey,R00,1,1,1,LOW_POWER_OR_UNSTABLE,1.0,1.0,1.0,lochey
low_reliability_or_unlikely,surface_token,loda,R00,1,1,1,LOW_POWER_OR_UNSTABLE,1.0,1.0,1.0,loda
low_reliability_or_unlikely,surface_token,lodaiin,R10,1,1,1,LOW_POWER_OR_UNSTABLE,1.0,1.0,1.0,lodaiin
low_reliability_or_unlikely,surface_token,loeees,R00,1,1,1,LOW_POWER_OR_UNSTABLE,1.0,1.0,1.0,loeees
low_reliability_or_unlikely,surface_token,loeey,R00,1,1,1,LOW_POWER_OR_UNSTABLE,1.0,1.0,1.0,loeey
low_reliability_or_unlikely,surface_token,loety,R00,1,1,1,LOW_POWER_OR_UNSTABLE,1.0,1.0,1.0,loety
low_reliability_or_unlikely,surface_token,loiiin,R00,1,1,1,LOW_POWER_OR_UNSTABLE,1.0,1.0,1.0,loiiin
low_reliability_or_unlikely,surface_token,lokam,R00,1,1,1,LOW_POWER_OR_UNSTABLE,1.0,1.0,1.0,lokam
low_reliability_or_unlikely,surface_token,lokar,R00,1,1,1,LOW_POWER_OR_UNSTABLE,1.0,1.0,1.0,lokar
low_reliability_or_unlikely,surface_token,lokedshs,R00,1,1,1,LOW_POWER_OR_UNSTABLE,1.0,1.0,1.0,lokedshs
low_reliability_or_unlikely,surface_token,lokeedy,R00,1,1,1,LOW_POWER_OR_UNSTABLE,1.0,1.0,1.0,lokeedy
low_reliability_or_unlikely,surface_token,lokeey,R00,1,1,1,LOW_POWER_OR_UNSTABLE,1.0,1.0,1.0,lokeey
low_reliability_or_unlikely,surface_token,lolaiin,R00,1,1,1,LOW_POWER_OR_UNSTABLE,1.0,1.0,1.0,lolaiin
low_reliability_or_unlikely,surface_token,lolor,R00,1,1,1,LOW_POWER_OR_UNSTABLE,1.0,1.0,1.0,lolor
low_reliability_or_unlikely,surface_token,loraiir,R00,1,1,1,LOW_POWER_OR_UNSTABLE,1.0,1.0,1.0,loraiir
low_reliability_or_unlikely,surface_token,loralody,R00,1,1,1,LOW_POWER_OR_UNSTABLE,1.0,1.0,1.0,loralody
low_reliability_or_unlikely,surface_token,lory,R00,1,1,1,LOW_POWER_OR_UNSTABLE,1.0,1.0,1.0,lory
low_reliability_or_unlikely,surface_token,losaiin,R00,1,1,1,LOW_POWER_OR_UNSTABLE,1.0,1.0,1.0,losaiin
low_reliability_or_unlikely,surface_token,loty,R00,1,1,1,LOW_POWER_OR_UNSTABLE,1.0,1.0,1.0,loty
low_reliability_or_unlikely,surface_token,lpchdy,R00,1,1,1,LOW_POWER_OR_UNSTABLE,1.0,1.0,1.0,lpchdy
low_reliability_or_unlikely,surface_token,lr,R00,1,1,1,LOW_POWER_OR_UNSTABLE,1.0,1.0,1.0,lr
low_reliability_or_unlikely,surface_token,lror,R00,1,1,1,LOW_POWER_OR_UNSTABLE,1.0,1.0,1.0,lror
low_reliability_or_unlikely,surface_token,ls,R00,1,1,1,LOW_POWER_OR_UNSTABLE,1.0,1.0,1.0,ls
low_reliability_or_unlikely,surface_token,lsaiin,R00,1,1,1,LOW_POWER_OR_UNSTABLE,1.0,1.0,1.0,lsaiin
low_reliability_or_unlikely,surface_token,lsh,R00,1,1,1,LOW_POWER_OR_UNSTABLE,1.0,1.0,1.0,lsh
low_reliability_or_unlikely,surface_token,lshcthy,R00,1,1,1,LOW_POWER_OR_UNSTABLE,1.0,1.0,1.0,lshcthy
low_reliability_or_unlikely,surface_token,lsheckhy,R00,1,1,1,LOW_POWER_OR_UNSTABLE,1.0,1.0,1.0,lsheckhy
low_reliability_or_unlikely,surface_token,lshedary,R00,1,1,1,LOW_POWER_OR_UNSTABLE,1.0,1.0,1.0,lshedary
low_reliability_or_unlikely,surface_token,lshekain,R00,1,1,1,LOW_POWER_OR_UNSTABLE,1.0,1.0,1.0,lshekain
low_reliability_or_unlikely,surface_token,lsheol,R00,1,1,1,LOW_POWER_OR_UNSTABLE,1.0,1.0,1.0,lsheol
low_reliability_or_unlikely,surface_token,lshodair,R00,1,1,1,LOW_POWER_OR_UNSTABLE,1.0,1.0,1.0,lshodair
low_reliability_or_unlikely,surface_token,lshor,R00,1,1,1,LOW_POWER_OR_UNSTABLE,1.0,1.0,1.0,lshor
low_reliability_or_unlikely,surface_token,ltary,R00,1,1,1,LOW_POWER_OR_UNSTABLE,1.0,1.0,1.0,ltary
low_reliability_or_unlikely,surface_token,ltedy,R00,1,1,1,LOW_POWER_OR_UNSTABLE,1.0,1.0,1.0,ltedy
low_reliability_or_unlikely,surface_token,lteey,R00,1,1,1,LOW_POWER_OR_UNSTABLE,1.0,1.0,1.0,lteey
low_reliability_or_unlikely,surface_token,oa,R00,1,1,1,LOW_POWER_OR_UNSTABLE,1.0,1.0,1.0,oa
low_reliability_or_unlikely,surface_token,oaiir,R00,1,1,1,LOW_POWER_OR_UNSTABLE,1.0,1.0,1.0,oaiir
low_reliability_or_unlikely,surface_token,oaiiralchedy,R00,1,1,1,LOW_POWER_OR_UNSTABLE,1.0,1.0,1.0,oaiiralchedy
low_reliability_or_unlikely,surface_token,oal,R00,1,1,1,LOW_POWER_OR_UNSTABLE,1.0,1.0,1.0,oal
low_reliability_or_unlikely,surface_token,oalcheg,R00,1,1,1,LOW_POWER_OR_UNSTABLE,1.0,1.0,1.0,oalcheg
low_reliability_or_unlikely,surface_token,oalcheol,R00,1,1,1,LOW_POWER_OR_UNSTABLE,1.0,1.0,1.0,oalcheol
low_reliability_or_unlikely,surface_token,oam,R00,1,1,1,LOW_POWER_OR_UNSTABLE,1.0,1.0,1.0,oam
low_reliability_or_unlikely,surface_token,oaorar,R00,1,1,1,LOW_POWER_OR_UNSTABLE,1.0,1.0,1.0,oaorar
low_reliability_or_unlikely,surface_token,oar,R00,1,1,1,LOW_POWER_OR_UNSTABLE,1.0,1.0,1.0,oar
low_reliability_or_unlikely,surface_token,oary,R00,1,1,1,LOW_POWER_OR_UNSTABLE,1.0,1.0,1.0,oary
low_reliability_or_unlikely,surface_token,ochaiin,R00,1,1,1,LOW_POWER_OR_UNSTABLE,1.0,1.0,1.0,ochaiin
low_reliability_or_unlikely,surface_token,ochdy,R00,1,1,1,LOW_POWER_OR_UNSTABLE,1.0,1.0,1.0,ochdy
low_reliability_or_unlikely,surface_token,ocheain,R00,1,1,1,LOW_POWER_OR_UNSTABLE,1.0,1.0,1.0,ocheain
low_reliability_or_unlikely,surface_token,ochedal,R09,1,1,1,LOW_POWER_OR_UNSTABLE,1.0,1.0,1.0,ochedal
low_reliability_or_unlikely,surface_token,ochedar,R00,1,1,1,LOW_POWER_OR_UNSTABLE,1.0,1.0,1.0,ochedar
low_reliability_or_unlikely,surface_token,ocheey,R00,1,1,1,LOW_POWER_OR_UNSTABLE,1.0,1.0,1.0,ocheey
low_reliability_or_unlikely,surface_token,ochepalain,R00,1,1,1,LOW_POWER_OR_UNSTABLE,1.0,1.0,1.0,ochepalain
low_reliability_or_unlikely,surface_token,ochockhy,R00,1,1,1,LOW_POWER_OR_UNSTABLE,1.0,1.0,1.0,ochockhy
low_reliability_or_unlikely,surface_token,ochodare,R00,1,1,1,LOW_POWER_OR_UNSTABLE,1.0,1.0,1.0,ochodare
low_reliability_or_unlikely,surface_token,ochody,R00,1,1,1,LOW_POWER_OR_UNSTABLE,1.0,1.0,1.0,ochody
low_reliability_or_unlikely,surface_token,ocholsharam,R00,1,1,1,LOW_POWER_OR_UNSTABLE,1.0,1.0,1.0,ocholsharam
low_reliability_or_unlikely,surface_token,ochory,R00,1,1,1,LOW_POWER_OR_UNSTABLE,1.0,1.0,1.0,ochory
low_reliability_or_unlikely,surface_token,ochos,R00,1,1,1,LOW_POWER_OR_UNSTABLE,1.0,1.0,1.0,ochos
low_reliability_or_unlikely,surface_token,ochoyk,R00,1,1,1,LOW_POWER_OR_UNSTABLE,1.0,1.0,1.0,ochoyk
low_reliability_or_unlikely,surface_token,ochy,R00,1,1,1,LOW_POWER_OR_UNSTABLE,1.0,1.0,1.0,ochy
low_reliability_or_unlikely,surface_token,ockey,R00,1,1,1,LOW_POWER_OR_UNSTABLE,1.0,1.0,1.0,ockey
low_reliability_or_unlikely,surface_token,ockhedy,R00,1,1,1,LOW_POWER_OR_UNSTABLE,1.0,1.0,1.0,ockhedy
low_reliability_or_unlikely,surface_token,ockhoees,R00,1,1,1,LOW_POWER_OR_UNSTABLE,1.0,1.0,1.0,ockhoees
low_reliability_or_unlikely,surface_token,ockhol,R00,1,1,1,LOW_POWER_OR_UNSTABLE,1.0,1.0,1.0,ockhol
low_reliability_or_unlikely,surface_token,ockhosam,R00,1,1,1,LOW_POWER_OR_UNSTABLE,1.0,1.0,1.0,ockhosam
low_reliability_or_unlikely,surface_token,ockhydar,R00,1,1,1,LOW_POWER_OR_UNSTABLE,1.0,1.0,1.0,ockhydar
low_reliability_or_unlikely,surface_token,ocphy,R00,1,1,1,LOW_POWER_OR_UNSTABLE,1.0,1.0,1.0,ocphy
low_reliability_or_unlikely,surface_token,octham,R00,1,1,1,LOW_POWER_OR_UNSTABLE,1.0,1.0,1.0,octham
low_reliability_or_unlikely,surface_token,octhedy,R00,1,1,1,LOW_POWER_OR_UNSTABLE,1.0,1.0,1.0,octhedy
low_reliability_or_unlikely,surface_token,octhey,R00,1,1,1,LOW_POWER_OR_UNSTABLE,1.0,1.0,1.0,octhey
low_reliability_or_unlikely,surface_token,octho,R00,1,1,1,LOW_POWER_OR_UNSTABLE,1.0,1.0,1.0,octho
low_reliability_or_unlikely,surface_token,octhy,R00,1,1,1,LOW_POWER_OR_UNSTABLE,1.0,1.0,1.0,octhy
low_reliability_or_unlikely,surface_token,octhys,R00,1,1,1,LOW_POWER_OR_UNSTABLE,1.0,1.0,1.0,octhys
low_reliability_or_unlikely,surface_token,od,R00,1,1,1,LOW_POWER_OR_UNSTABLE,1.0,1.0,1.0,od
low_reliability_or_unlikely,surface_token,oda,R00,1,1,1,LOW_POWER_OR_UNSTABLE,1.0,1.0,1.0,oda
low_reliability_or_unlikely,surface_token,odaiiin,R00,1,1,1,LOW_POWER_OR_UNSTABLE,1.0,1.0,1.0,odaiiin
low_reliability_or_unlikely,surface_token,odaiim,R00,1,1,1,LOW_POWER_OR_UNSTABLE,1.0,1.0,1.0,odaiim
low_reliability_or_unlikely,surface_token,odairan,R00,1,1,1,LOW_POWER_OR_UNSTABLE,1.0,1.0,1.0,odairan
low_reliability_or_unlikely,surface_token,odaly,R00,1,1,1,LOW_POWER_OR_UNSTABLE,1.0,1.0,1.0,odaly
low_reliability_or_unlikely,surface_token,odalydary,R00,1,1,1,LOW_POWER_OR_UNSTABLE,1.0,1.0,1.0,odalydary
low_reliability_or_unlikely,surface_token,odam,R00,1,1,1,LOW_POWER_OR_UNSTABLE,1.0,1.0,1.0,odam
low_reliability_or_unlikely,surface_token,odar,R00,1,1,1,LOW_POWER_OR_UNSTABLE,1.0,1.0,1.0,odar
low_reliability_or_unlikely,surface_token,odchecthy,R00,1,1,1,LOW_POWER_OR_UNSTABLE,1.0,1.0,1.0,odchecthy
low_reliability_or_unlikely,surface_token,odchey,R00,1,1,1,LOW_POWER_OR_UNSTABLE,1.0,1.0,1.0,odchey
low_reliability_or_unlikely,surface_token,odeeeodl,R00,1,1,1,LOW_POWER_OR_UNSTABLE,1.0,1.0,1.0,odeeeodl
low_reliability_or_unlikely,surface_token,odeeey,R00,1,1,1,LOW_POWER_OR_UNSTABLE,1.0,1.0,1.0,odeeey
low_reliability_or_unlikely,surface_token,odees,R00,1,1,1,LOW_POWER_OR_UNSTABLE,1.0,1.0,1.0,odees
low_reliability_or_unlikely,surface_token,odor,R00,1,1,1,LOW_POWER_OR_UNSTABLE,1.0,1.0,1.0,odor
low_reliability_or_unlikely,surface_token,odory,R00,1,1,1,LOW_POWER_OR_UNSTABLE,1.0,1.0,1.0,odory
low_reliability_or_unlikely,surface_token,oear,R00,1,1,1,LOW_POWER_OR_UNSTABLE,1.0,1.0,1.0,oear
low_reliability_or_unlikely,surface_token,oedady,R00,1,1,1,LOW_POWER_OR_UNSTABLE,1.0,1.0,1.0,oedady
low_reliability_or_unlikely,surface_token,oeeaiin,R00,1,1,1,LOW_POWER_OR_UNSTABLE,1.0,1.0,1.0,oeeaiin
low_reliability_or_unlikely,surface_token,oeear,R00,1,1,1,LOW_POWER_OR_UNSTABLE,1.0,1.0,1.0,oeear
low_reliability_or_unlikely,surface_token,oeecthy,R00,1,1,1,LOW_POWER_OR_UNSTABLE,1.0,1.0,1.0,oeecthy
low_reliability_or_unlikely,surface_token,oeedaly,R00,1,1,1,LOW_POWER_OR_UNSTABLE,1.0,1.0,1.0,oeedaly
low_reliability_or_unlikely,surface_token,oeedey,R00,1,1,1,LOW_POWER_OR_UNSTABLE,1.0,1.0,1.0,oeedey
low_reliability_or_unlikely,surface_token,oeeedain,R00,1,1,1,LOW_POWER_OR_UNSTABLE,1.0,1.0,1.0,oeeedain
low_reliability_or_unlikely,surface_token,oeeees,R00,1,1,1,LOW_POWER_OR_UNSTABLE,1.0,1.0,1.0,oeeees
low_reliability_or_unlikely,surface_token,oeeeos,R00,1,1,1,LOW_POWER_OR_UNSTABLE,1.0,1.0,1.0,oeeeos
low_reliability_or_unlikely,surface_token,oeeesary,R00,1,1,1,LOW_POWER_OR_UNSTABLE,1.0,1.0,1.0,oeeesary
low_reliability_or_unlikely,surface_token,oeeey,R00,1,1,1,LOW_POWER_OR_UNSTABLE,1.0,1.0,1.0,oeeey
low_reliability_or_unlikely,surface_token,oeeodaiin,R10,1,1,1,LOW_POWER_OR_UNSTABLE,1.0,1.0,1.0,oeeodaiin
low_reliability_or_unlikely,surface_token,oeeody,R00,1,1,1,LOW_POWER_OR_UNSTABLE,1.0,1.0,1.0,oeeody
low_reliability_or_unlikely,surface_token,oeeoly,R00,1,1,1,LOW_POWER_OR_UNSTABLE,1.0,1.0,1.0,oeeoly
low_reliability_or_unlikely,surface_token,oeeos,R00,1,1,1,LOW_POWER_OR_UNSTABLE,1.0,1.0,1.0,oeeos
low_reliability_or_unlikely,surface_token,oeeoty,R00,1,1,1,LOW_POWER_OR_UNSTABLE,1.0,1.0,1.0,oeeoty
low_reliability_or_unlikely,surface_token,oeesaiin,R00,1,1,1,LOW_POWER_OR_UNSTABLE,1.0,1.0,1.0,oeesaiin
low_reliability_or_unlikely,surface_token,oeesody,R00,1,1,1,LOW_POWER_OR_UNSTABLE,1.0,1.0,1.0,oeesody
low_reliability_or_unlikely,surface_token,oeesy,R00,1,1,1,LOW_POWER_OR_UNSTABLE,1.0,1.0,1.0,oeesy
low_reliability_or_unlikely,surface_token,oeey,R00,1,1,1,LOW_POWER_OR_UNSTABLE,1.0,1.0,1.0,oeey
low_reliability_or_unlikely,surface_token,oekchdy,R00,1,1,1,LOW_POWER_OR_UNSTABLE,1.0,1.0,1.0,oekchdy
low_reliability_or_unlikely,surface_token,oekeedy,R00,1,1,1,LOW_POWER_OR_UNSTABLE,1.0,1.0,1.0,oekeedy
low_reliability_or_unlikely,surface_token,oekey,R00,1,1,1,LOW_POWER_OR_UNSTABLE,1.0,1.0,1.0,oekey
low_reliability_or_unlikely,surface_token,oeoldan,R00,1,1,1,LOW_POWER_OR_UNSTABLE,1.0,1.0,1.0,oeoldan
low_reliability_or_unlikely,surface_token,oepchod,R00,1,1,1,LOW_POWER_OR_UNSTABLE,1.0,1.0,1.0,oepchod
low_reliability_or_unlikely,surface_token,oetalchg,R00,1,1,1,LOW_POWER_OR_UNSTABLE,1.0,1.0,1.0,oetalchg
low_reliability_or_unlikely,surface_token,oetear,R00,1,1,1,LOW_POWER_OR_UNSTABLE,1.0,1.0,1.0,oetear
low_reliability_or_unlikely,surface_token,of,R00,1,1,1,LOW_POWER_OR_UNSTABLE,1.0,1.0,1.0,of
low_reliability_or_unlikely,surface_token,ofaiin,R00,1,1,1,LOW_POWER_OR_UNSTABLE,1.0,1.0,1.0,ofaiin
low_reliability_or_unlikely,surface_token,ofaiino,R00,1,1,1,LOW_POWER_OR_UNSTABLE,1.0,1.0,1.0,ofaiino
low_reliability_or_unlikely,surface_token,ofainain,R00,1,1,1,LOW_POWER_OR_UNSTABLE,1.0,1.0,1.0,ofainain
low_reliability_or_unlikely,surface_token,ofair,R00,1,1,1,LOW_POWER_OR_UNSTABLE,1.0,1.0,1.0,ofair
low_reliability_or_unlikely,surface_token,ofakal,R00,1,1,1,LOW_POWER_OR_UNSTABLE,1.0,1.0,1.0,ofakal
low_reliability_or_unlikely,surface_token,ofalals,R00,1,1,1,LOW_POWER_OR_UNSTABLE,1.0,1.0,1.0,ofalals
low_reliability_or_unlikely,surface_token,ofaldo,R00,1,1,1,LOW_POWER_OR_UNSTABLE,1.0,1.0,1.0,ofaldo
low_reliability_or_unlikely,surface_token,ofals,R00,1,1,1,LOW_POWER_OR_UNSTABLE,1.0,1.0,1.0,ofals
low_reliability_or_unlikely,surface_token,ofaraiin,R00,1,1,1,LOW_POWER_OR_UNSTABLE,1.0,1.0,1.0,ofaraiin
low_reliability_or_unlikely,surface_token,ofaralar,R00,1,1,1,LOW_POWER_OR_UNSTABLE,1.0,1.0,1.0,ofaralar
low_reliability_or_unlikely,surface_token,ofardy,R00,1,1,1,LOW_POWER_OR_UNSTABLE,1.0,1.0,1.0,ofardy
low_reliability_or_unlikely,surface_token,ofary,R00,1,1,1,LOW_POWER_OR_UNSTABLE,1.0,1.0,1.0,ofary
low_reliability_or_unlikely,surface_token,ofchar,R00,1,1,1,LOW_POWER_OR_UNSTABLE,1.0,1.0,1.0,ofchar
low_reliability_or_unlikely,surface_token,ofchdar,R00,1,1,1,LOW_POWER_OR_UNSTABLE,1.0,1.0,1.0,ofchdar
low_reliability_or_unlikely,surface_token,ofchdy,R00,1,1,1,LOW_POWER_OR_UNSTABLE,1.0,1.0,1.0,ofchdy
low_reliability_or_unlikely,surface_token,ofchdysd,R00,1,1,1,LOW_POWER_OR_UNSTABLE,1.0,1.0,1.0,ofchdysd
low_reliability_or_unlikely,surface_token,ofcheay,R00,1,1,1,LOW_POWER_OR_UNSTABLE,1.0,1.0,1.0,ofcheay
low_reliability_or_unlikely,surface_token,ofchedaiin,R00,1,1,1,LOW_POWER_OR_UNSTABLE,1.0,1.0,1.0,ofchedaiin
low_reliability_or_unlikely,surface_token,ofchedy,R00,1,1,1,LOW_POWER_OR_UNSTABLE,1.0,1.0,1.0,ofchedy
low_reliability_or_unlikely,surface_token,ofcheesy,R00,1,1,1,LOW_POWER_OR_UNSTABLE,1.0,1.0,1.0,ofcheesy
low_reliability_or_unlikely,surface_token,ofcheody,R00,1,1,1,LOW_POWER_OR_UNSTABLE,1.0,1.0,1.0,ofcheody
low_reliability_or_unlikely,surface_token,ofcheor,R00,1,1,1,LOW_POWER_OR_UNSTABLE,1.0,1.0,1.0,ofcheor
low_reliability_or_unlikely,surface_token,ofchol,R07,1,1,1,LOW_POWER_OR_UNSTABLE,1.0,1.0,1.0,ofchol
low_reliability_or_unlikely,surface_token,ofchy,R00,1,1,1,LOW_POWER_OR_UNSTABLE,1.0,1.0,1.0,ofchy
low_reliability_or_unlikely,surface_token,ofydy,R00,1,1,1,LOW_POWER_OR_UNSTABLE,1.0,1.0,1.0,ofydy
low_reliability_or_unlikely,surface_token,ofyskydal,R09,1,1,1,LOW_POWER_OR_UNSTABLE,1.0,1.0,1.0,ofyskydal
low_reliability_or_unlikely,surface_token,og,R00,1,1,1,LOW_POWER_OR_UNSTABLE,1.0,1.0,1.0,og
low_reliability_or_unlikely,surface_token,oiinar,R00,1,1,1,LOW_POWER_OR_UNSTABLE,1.0,1.0,1.0,oiinar
low_reliability_or_unlikely,surface_token,oiiny,R00,1,1,1,LOW_POWER_OR_UNSTABLE,1.0,1.0,1.0,oiiny
low_reliability_or_unlikely,surface_token,oiir,R00,1,1,1,LOW_POWER_OR_UNSTABLE,1.0,1.0,1.0,oiir
low_reliability_or_unlikely,surface_token,ok,R00,1,1,1,LOW_POWER_OR_UNSTABLE,1.0,1.0,1.0,ok
low_reliability_or_unlikely,surface_token,okaiiin,R00,1,1,1,LOW_POWER_OR_UNSTABLE,1.0,1.0,1.0,okaiiin
low_reliability_or_unlikely,surface_token,okaiir,R00,1,1,1,LOW_POWER_OR_UNSTABLE,1.0,1.0,1.0,okaiir
low_reliability_or_unlikely,surface_token,okaircham,R00,1,1,1,LOW_POWER_OR_UNSTABLE,1.0,1.0,1.0,okaircham
low_reliability_or_unlikely,surface_token,okairy,R00,1,1,1,LOW_POWER_OR_UNSTABLE,1.0,1.0,1.0,okairy
low_reliability_or_unlikely,surface_token,okala,R00,1,1,1,LOW_POWER_OR_UNSTABLE,1.0,1.0,1.0,okala
low_reliability_or_unlikely,surface_token,okalaiin,R00,1,1,1,LOW_POWER_OR_UNSTABLE,1.0,1.0,1.0,okalaiin
low_reliability_or_unlikely,surface_token,okalair,R00,1,1,1,LOW_POWER_OR_UNSTABLE,1.0,1.0,1.0,okalair
low_reliability_or_unlikely,surface_token,okalal,R00,1,1,1,LOW_POWER_OR_UNSTABLE,1.0,1.0,1.0,okalal
low_reliability_or_unlikely,surface_token,okalam,R00,1,1,1,LOW_POWER_OR_UNSTABLE,1.0,1.0,1.0,okalam
low_reliability_or_unlikely,surface_token,okalchedy,R00,1,1,1,LOW_POWER_OR_UNSTABLE,1.0,1.0,1.0,okalchedy
low_reliability_or_unlikely,surface_token,okalchey,R00,1,1,1,LOW_POWER_OR_UNSTABLE,1.0,1.0,1.0,okalchey
low_reliability_or_unlikely,surface_token,okaldal,R09,1,1,1,LOW_POWER_OR_UNSTABLE,1.0,1.0,1.0,okaldal
low_reliability_or_unlikely,surface_token,okalo,R00,1,1,1,LOW_POWER_OR_UNSTABLE,1.0,1.0,1.0,okalo
low_reliability_or_unlikely,surface_token,okalshdy,R00,1,1,1,LOW_POWER_OR_UNSTABLE,1.0,1.0,1.0,okalshdy
low_reliability_or_unlikely,surface_token,okan,R00,1,1,1,LOW_POWER_OR_UNSTABLE,1.0,1.0,1.0,okan
low_reliability_or_unlikely,surface_token,okaraiin,R03,1,1,1,LOW_POWER_OR_UNSTABLE,1.0,1.0,1.0,okaraiin
low_reliability_or_unlikely,surface_token,okaral,R03,1,1,1,LOW_POWER_OR_UNSTABLE,1.0,1.0,1.0,okaral
low_reliability_or_unlikely,surface_token,okarcham,R03,1,1,1,LOW_POWER_OR_UNSTABLE,1.0,1.0,1.0,okarcham
low_reliability_or_unlikely,surface_token,okarchy,R03,1,1,1,LOW_POWER_OR_UNSTABLE,1.0,1.0,1.0,okarchy
low_reliability_or_unlikely,surface_token,okardy,R03,1,1,1,LOW_POWER_OR_UNSTABLE,1.0,1.0,1.0,okardy
low_reliability_or_unlikely,surface_token,okas,R00,1,1,1,LOW_POWER_OR_UNSTABLE,1.0,1.0,1.0,okas
low_reliability_or_unlikely,surface_token,okchain,R00,1,1,1,LOW_POWER_OR_UNSTABLE,1.0,1.0,1.0,okchain
low_reliability_or_unlikely,surface_token,okchal,R00,1,1,1,LOW_POWER_OR_UNSTABLE,1.0,1.0,1.0,okchal
low_reliability_or_unlikely,surface_token,okchan,R00,1,1,1,LOW_POWER_OR_UNSTABLE,1.0,1.0,1.0,okchan
low_reliability_or_unlikely,surface_token,okchd,R00,1,1,1,LOW_POWER_OR_UNSTABLE,1.0,1.0,1.0,okchd
low_reliability_or_unlikely,surface_token,okchdal,R09,1,1,1,LOW_POWER_OR_UNSTABLE,1.0,1.0,1.0,okchdal
low_reliability_or_unlikely,surface_token,okchdarar,R00,1,1,1,LOW_POWER_OR_UNSTABLE,1.0,1.0,1.0,okchdarar
low_reliability_or_unlikely,surface_token,okchdldlo,R00,1,1,1,LOW_POWER_OR_UNSTABLE,1.0,1.0,1.0,okchdldlo
low_reliability_or_unlikely,surface_token,okchechy,R00,1,1,1,LOW_POWER_OR_UNSTABLE,1.0,1.0,1.0,okchechy
low_reliability_or_unlikely,surface_token,okchedyoror,R00,1,1,1,LOW_POWER_OR_UNSTABLE,1.0,1.0,1.0,okchedyoror
low_reliability_or_unlikely,surface_token,okcheey,R00,1,1,1,LOW_POWER_OR_UNSTABLE,1.0,1.0,1.0,okcheey
low_reliability_or_unlikely,surface_token,okcheor,R00,1,1,1,LOW_POWER_OR_UNSTABLE,1.0,1.0,1.0,okcheor
low_reliability_or_unlikely,surface_token,okcho,R00,1,1,1,LOW_POWER_OR_UNSTABLE,1.0,1.0,1.0,okcho
low_reliability_or_unlikely,surface_token,okchoiiin,R00,1,1,1,LOW_POWER_OR_UNSTABLE,1.0,1.0,1.0,okchoiiin
low_reliability_or_unlikely,surface_token,okchokshy,R00,1,1,1,LOW_POWER_OR_UNSTABLE,1.0,1.0,1.0,okchokshy
low_reliability_or_unlikely,surface_token,okchorchky,R00,1,1,1,LOW_POWER_OR_UNSTABLE,1.0,1.0,1.0,okchorchky
low_reliability_or_unlikely,surface_token,okchoroiin,R00,1,1,1,LOW_POWER_OR_UNSTABLE,1.0,1.0,1.0,okchoroiin
low_reliability_or_unlikely,surface_token,okchosam,R00,1,1,1,LOW_POWER_OR_UNSTABLE,1.0,1.0,1.0,okchosam
low_reliability_or_unlikely,surface_token,okchoy,R00,1,1,1,LOW_POWER_OR_UNSTABLE,1.0,1.0,1.0,okchoy
low_reliability_or_unlikely,surface_token,okchshy,R00,1,1,1,LOW_POWER_OR_UNSTABLE,1.0,1.0,1.0,okchshy
low_reliability_or_unlikely,surface_token,okchyd,R00,1,1,1,LOW_POWER_OR_UNSTABLE,1.0,1.0,1.0,okchyd
low_reliability_or_unlikely,surface_token,okdy,R00,1,1,1,LOW_POWER_OR_UNSTABLE,1.0,1.0,1.0,okdy
low_reliability_or_unlikely,surface_token,okeady,R00,1,1,1,LOW_POWER_OR_UNSTABLE,1.0,1.0,1.0,okeady
low_reliability_or_unlikely,surface_token,okeaiin,R00,1,1,1,LOW_POWER_OR_UNSTABLE,1.0,1.0,1.0,okeaiin
low_reliability_or_unlikely,surface_token,okealar,R00,1,1,1,LOW_POWER_OR_UNSTABLE,1.0,1.0,1.0,okealar
low_reliability_or_unlikely,surface_token,okechdaral,R00,1,1,1,LOW_POWER_OR_UNSTABLE,1.0,1.0,1.0,okechdaral
low_reliability_or_unlikely,surface_token,okechdy,R00,1,1,1,LOW_POWER_OR_UNSTABLE,1.0,1.0,1.0,okechdy
low_reliability_or_unlikely,surface_token,okechedy,R00,1,1,1,LOW_POWER_OR_UNSTABLE,1.0,1.0,1.0,okechedy
low_reliability_or_unlikely,surface_token,okechey,R00,1,1,1,LOW_POWER_OR_UNSTABLE,1.0,1.0,1.0,okechey
low_reliability_or_unlikely,surface_token,okechy,R00,1,1,1,LOW_POWER_OR_UNSTABLE,1.0,1.0,1.0,okechy
low_reliability_or_unlikely,surface_token,okedain,R00,1,1,1,LOW_POWER_OR_UNSTABLE,1.0,1.0,1.0,okedain
low_reliability_or_unlikely,surface_token,okedal,R00,1,1,1,LOW_POWER_OR_UNSTABLE,1.0,1.0,1.0,okedal
low_reliability_or_unlikely,surface_token,okedalor,R00,1,1,1,LOW_POWER_OR_UNSTABLE,1.0,1.0,1.0,okedalor
low_reliability_or_unlikely,surface_token,okedam,R00,1,1,1,LOW_POWER_OR_UNSTABLE,1.0,1.0,1.0,okedam
low_reliability_or_unlikely,surface_token,okedl,R00,1,1,1,LOW_POWER_OR_UNSTABLE,1.0,1.0,1.0,okedl
low_reliability_or_unlikely,surface_token,okee,R00,1,1,1,LOW_POWER_OR_UNSTABLE,1.0,1.0,1.0,okee
low_reliability_or_unlikely,surface_token,okeeaiin,R00,1,1,1,LOW_POWER_OR_UNSTABLE,1.0,1.0,1.0,okeeaiin
low_reliability_or_unlikely,surface_token,okeear,R00,1,1,1,LOW_POWER_OR_UNSTABLE,1.0,1.0,1.0,okeear
low_reliability_or_unlikely,surface_token,okeed,R00,1,1,1,LOW_POWER_OR_UNSTABLE,1.0,1.0,1.0,okeed
low_reliability_or_unlikely,surface_token,okeedain,R00,1,1,1,LOW_POWER_OR_UNSTABLE,1.0,1.0,1.0,okeedain
low_reliability_or_unlikely,surface_token,okeedal,R09,1,1,1,LOW_POWER_OR_UNSTABLE,1.0,1.0,1.0,okeedal
low_reliability_or_unlikely,surface_token,okeedykey,R00,1,1,1,LOW_POWER_OR_UNSTABLE,1.0,1.0,1.0,okeedykey
low_reliability_or_unlikely,surface_token,okeedyqol,R00,1,1,1,LOW_POWER_OR_UNSTABLE,1.0,1.0,1.0,okeedyqol
low_reliability_or_unlikely,surface_token,okeeeody,R00,1,1,1,LOW_POWER_OR_UNSTABLE,1.0,1.0,1.0,okeeeody
low_reliability_or_unlikely,surface_token,okeees,R00,1,1,1,LOW_POWER_OR_UNSTABLE,1.0,1.0,1.0,okeees
low_reliability_or_unlikely,surface_token,okeely,R00,1,1,1,LOW_POWER_OR_UNSTABLE,1.0,1.0,1.0,okeely
low_reliability_or_unlikely,surface_token,okeeocthy,R00,1,1,1,LOW_POWER_OR_UNSTABLE,1.0,1.0,1.0,okeeocthy
low_reliability_or_unlikely,surface_token,okeeodaiin,R00,1,1,1,LOW_POWER_OR_UNSTABLE,1.0,1.0,1.0,okeeodaiin
low_reliability_or_unlikely,surface_token,okeeodal,R00,1,1,1,LOW_POWER_OR_UNSTABLE,1.0,1.0,1.0,okeeodal
low_reliability_or_unlikely,surface_token,okeeody,R00,1,1,1,LOW_POWER_OR_UNSTABLE,1.0,1.0,1.0,okeeody
low_reliability_or_unlikely,surface_token,okeeokaiin,R10,1,1,1,LOW_POWER_OR_UNSTABLE,1.0,1.0,1.0,okeeokaiin
low_reliability_or_unlikely,surface_token,okeeolkeey,R00,1,1,1,LOW_POWER_OR_UNSTABLE,1.0,1.0,1.0,okeeolkeey
low_reliability_or_unlikely,surface_token,okeeoly,R00,1,1,1,LOW_POWER_OR_UNSTABLE,1.0,1.0,1.0,okeeoly
low_reliability_or_unlikely,surface_token,okeeom,R00,1,1,1,LOW_POWER_OR_UNSTABLE,1.0,1.0,1.0,okeeom
low_reliability_or_unlikely,surface_token,okeeoraiin,R00,1,1,1,LOW_POWER_OR_UNSTABLE,1.0,1.0,1.0,okeeoraiin
low_reliability_or_unlikely,surface_token,okeeoy,R00,1,1,1,LOW_POWER_OR_UNSTABLE,1.0,1.0,1.0,okeeoy
low_reliability_or_unlikely,surface_token,okeesodar,R00,1,1,1,LOW_POWER_OR_UNSTABLE,1.0,1.0,1.0,okeesodar
low_reliability_or_unlikely,surface_token,okel,R00,1,1,1,LOW_POWER_OR_UNSTABLE,1.0,1.0,1.0,okel
low_reliability_or_unlikely,surface_token,okeoaly,R00,1,1,1,LOW_POWER_OR_UNSTABLE,1.0,1.0,1.0,okeoaly
low_reliability_or_unlikely,surface_token,okeodor,R00,1,1,1,LOW_POWER_OR_UNSTABLE,1.0,1.0,1.0,okeodor
low_reliability_or_unlikely,surface_token,okeodsho,R00,1,1,1,LOW_POWER_OR_UNSTABLE,1.0,1.0,1.0,okeodsho
low_reliability_or_unlikely,surface_token,okeoeeey,R00,1,1,1,LOW_POWER_OR_UNSTABLE,1.0,1.0,1.0,okeoeeey
low_reliability_or_unlikely,surface_token,okeokain,R00,1,1,1,LOW_POWER_OR_UNSTABLE,1.0,1.0,1.0,okeokain
low_reliability_or_unlikely,surface_token,okeolor,R00,1,1,1,LOW_POWER_OR_UNSTABLE,1.0,1.0,1.0,okeolor
low_reliability_or_unlikely,surface_token,okeolyd,R00,1,1,1,LOW_POWER_OR_UNSTABLE,1.0,1.0,1.0,okeolyd
low_reliability_or_unlikely,surface_token,okeoram,R00,1,1,1,LOW_POWER_OR_UNSTABLE,1.0,1.0,1.0,okeoram
low_reliability_or_unlikely,surface_token,okeorar,R00,1,1,1,LOW_POWER_OR_UNSTABLE,1.0,1.0,1.0,okeorar
low_reliability_or_unlikely,surface_token,okeshos,R00,1,1,1,LOW_POWER_OR_UNSTABLE,1.0,1.0,1.0,okeshos
low_reliability_or_unlikely,surface_token,okeshy,R00,1,1,1,LOW_POWER_OR_UNSTABLE,1.0,1.0,1.0,okeshy
low_reliability_or_unlikely,surface_token,okeytam,R00,1,1,1,LOW_POWER_OR_UNSTABLE,1.0,1.0,1.0,okeytam
low_reliability_or_unlikely,surface_token,okio,R00,1,1,1,LOW_POWER_OR_UNSTABLE,1.0,1.0,1.0,okio
low_reliability_or_unlikely,surface_token,oklairdy,R00,1,1,1,LOW_POWER_OR_UNSTABLE,1.0,1.0,1.0,oklairdy
low_reliability_or_unlikely,surface_token,okldam,R00,1,1,1,LOW_POWER_OR_UNSTABLE,1.0,1.0,1.0,okldam
low_reliability_or_unlikely,surface_token,okoaly,R00,1,1,1,LOW_POWER_OR_UNSTABLE,1.0,1.0,1.0,okoaly
low_reliability_or_unlikely,surface_token,okockhy,R00,1,1,1,LOW_POWER_OR_UNSTABLE,1.0,1.0,1.0,okockhy
low_reliability_or_unlikely,surface_token,okod,R00,1,1,1,LOW_POWER_OR_UNSTABLE,1.0,1.0,1.0,okod
low_reliability_or_unlikely,surface_token,okodaly,R00,1,1,1,LOW_POWER_OR_UNSTABLE,1.0,1.0,1.0,okodaly
low_reliability_or_unlikely,surface_token,okodar,R00,1,1,1,LOW_POWER_OR_UNSTABLE,1.0,1.0,1.0,okodar
low_reliability_or_unlikely,surface_token,okodchy,R00,1,1,1,LOW_POWER_OR_UNSTABLE,1.0,1.0,1.0,okodchy
low_reliability_or_unlikely,surface_token,okokchodg,R00,1,1,1,LOW_POWER_OR_UNSTABLE,1.0,1.0,1.0,okokchodg
low_reliability_or_unlikely,surface_token,okolaly,R00,1,1,1,LOW_POWER_OR_UNSTABLE,1.0,1.0,1.0,okolaly
low_reliability_or_unlikely,surface_token,okolchy,R00,1,1,1,LOW_POWER_OR_UNSTABLE,1.0,1.0,1.0,okolchy
low_reliability_or_unlikely,surface_token,okoldody,R00,1,1,1,LOW_POWER_OR_UNSTABLE,1.0,1.0,1.0,okoldody
low_reliability_or_unlikely,surface_token,okolky,R00,1,1,1,LOW_POWER_OR_UNSTABLE,1.0,1.0,1.0,okolky
low_reliability_or_unlikely,surface_token,okolor,R00,1,1,1,LOW_POWER_OR_UNSTABLE,1.0,1.0,1.0,okolor
low_reliability_or_unlikely,surface_token,okols,R00,1,1,1,LOW_POWER_OR_UNSTABLE,1.0,1.0,1.0,okols
low_reliability_or_unlikely,surface_token,okoly,R00,1,1,1,LOW_POWER_OR_UNSTABLE,1.0,1.0,1.0,okoly
low_reliability_or_unlikely,surface_token,okom,R00,1,1,1,LOW_POWER_OR_UNSTABLE,1.0,1.0,1.0,okom
low_reliability_or_unlikely,surface_token,okool,R00,1,1,1,LOW_POWER_OR_UNSTABLE,1.0,1.0,1.0,okool
low_reliability_or_unlikely,surface_token,okoraldy,R00,1,1,1,LOW_POWER_OR_UNSTABLE,1.0,1.0,1.0,okoraldy
low_reliability_or_unlikely,surface_token,okoroeey,R00,1,1,1,LOW_POWER_OR_UNSTABLE,1.0,1.0,1.0,okoroeey
low_reliability_or_unlikely,surface_token,okorory,R00,1,1,1,LOW_POWER_OR_UNSTABLE,1.0,1.0,1.0,okorory
low_reliability_or_unlikely,surface_token,okory,R00,1,1,1,LOW_POWER_OR_UNSTABLE,1.0,1.0,1.0,okory
low_reliability_or_unlikely,surface_token,okosy,R00,1,1,1,LOW_POWER_OR_UNSTABLE,1.0,1.0,1.0,okosy
low_reliability_or_unlikely,surface_token,okr,R00,1,1,1,LOW_POWER_OR_UNSTABLE,1.0,1.0,1.0,okr
low_reliability_or_unlikely,surface_token,okshdchos,R00,1,1,1,LOW_POWER_OR_UNSTABLE,1.0,1.0,1.0,okshdchos
low_reliability_or_unlikely,surface_token,okshed,R00,1,1,1,LOW_POWER_OR_UNSTABLE,1.0,1.0,1.0,okshed
low_reliability_or_unlikely,surface_token,okshedy,R00,1,1,1,LOW_POWER_OR_UNSTABLE,1.0,1.0,1.0,okshedy
low_reliability_or_unlikely,surface_token,oksheeody,R00,1,1,1,LOW_POWER_OR_UNSTABLE,1.0,1.0,1.0,oksheeody
low_reliability_or_unlikely,surface_token,okshes,R00,1,1,1,LOW_POWER_OR_UNSTABLE,1.0,1.0,1.0,okshes
low_reliability_or_unlikely,surface_token,oksho,R00,1,1,1,LOW_POWER_OR_UNSTABLE,1.0,1.0,1.0,oksho
low_reliability_or_unlikely,surface_token,okshody,R00,1,1,1,LOW_POWER_OR_UNSTABLE,1.0,1.0,1.0,okshody
low_reliability_or_unlikely,surface_token,okyd,R00,1,1,1,LOW_POWER_OR_UNSTABLE,1.0,1.0,1.0,okyd
low_reliability_or_unlikely,surface_token,okyddor,R00,1,1,1,LOW_POWER_OR_UNSTABLE,1.0,1.0,1.0,okyddor
low_reliability_or_unlikely,surface_token,okyeeshy,R00,1,1,1,LOW_POWER_OR_UNSTABLE,1.0,1.0,1.0,okyeeshy
low_reliability_or_unlikely,surface_token,okykaiin,R00,1,1,1,LOW_POWER_OR_UNSTABLE,1.0,1.0,1.0,okykaiin
low_reliability_or_unlikely,surface_token,okytaiin,R00,1,1,1,LOW_POWER_OR_UNSTABLE,1.0,1.0,1.0,okytaiin
low_reliability_or_unlikely,surface_token,olaiiin,R00,1,1,1,LOW_POWER_OR_UNSTABLE,1.0,1.0,1.0,olaiiin
low_reliability_or_unlikely,surface_token,olaiiny,R00,1,1,1,LOW_POWER_OR_UNSTABLE,1.0,1.0,1.0,olaiiny
low_reliability_or_unlikely,surface_token,olainy,R00,1,1,1,LOW_POWER_OR_UNSTABLE,1.0,1.0,1.0,olainy
low_reliability_or_unlikely,surface_token,olal,R00,1,1,1,LOW_POWER_OR_UNSTABLE,1.0,1.0,1.0,olal
low_reliability_or_unlikely,surface_token,olalade,R00,1,1,1,LOW_POWER_OR_UNSTABLE,1.0,1.0,1.0,olalade
low_reliability_or_unlikely,surface_token,olalsy,R00,1,1,1,LOW_POWER_OR_UNSTABLE,1.0,1.0,1.0,olalsy
low_reliability_or_unlikely,surface_token,olaly,R00,1,1,1,LOW_POWER_OR_UNSTABLE,1.0,1.0,1.0,olaly
low_reliability_or_unlikely,surface_token,olaran,R00,1,1,1,LOW_POWER_OR_UNSTABLE,1.0,1.0,1.0,olaran
low_reliability_or_unlikely,surface_token,olchain,R00,1,1,1,LOW_POWER_OR_UNSTABLE,1.0,1.0,1.0,olchain
low_reliability_or_unlikely,surface_token,olchdar,R00,1,1,1,LOW_POWER_OR_UNSTABLE,1.0,1.0,1.0,olchdar
low_reliability_or_unlikely,surface_token,olchedaiin,R00,1,1,1,LOW_POWER_OR_UNSTABLE,1.0,1.0,1.0,olchedaiin
low_reliability_or_unlikely,surface_token,olcheesey,R00,1,1,1,LOW_POWER_OR_UNSTABLE,1.0,1.0,1.0,olcheesey
low_reliability_or_unlikely,surface_token,olcheo,R00,1,1,1,LOW_POWER_OR_UNSTABLE,1.0,1.0,1.0,olcheo
low_reliability_or_unlikely,surface_token,olcheom,R00,1,1,1,LOW_POWER_OR_UNSTABLE,1.0,1.0,1.0,olcheom
low_reliability_or_unlikely,surface_token,olchoiin,R00,1,1,1,LOW_POWER_OR_UNSTABLE,1.0,1.0,1.0,olchoiin
low_reliability_or_unlikely,surface_token,olcthdy,R04,1,1,1,LOW_POWER_OR_UNSTABLE,1.0,1.0,1.0,olcthdy
low_reliability_or_unlikely,surface_token,oldaig,R00,1,1,1,LOW_POWER_OR_UNSTABLE,1.0,1.0,1.0,oldaig
low_reliability_or_unlikely,surface_token,oldal,R09,1,1,1,LOW_POWER_OR_UNSTABLE,1.0,1.0,1.0,oldal
low_reliability_or_unlikely,surface_token,oldar,R00,1,1,1,LOW_POWER_OR_UNSTABLE,1.0,1.0,1.0,oldar
low_reliability_or_unlikely,surface_token,oleedy,R00,1,1,1,LOW_POWER_OR_UNSTABLE,1.0,1.0,1.0,oleedy
low_reliability_or_unlikely,surface_token,oleeeb,R00,1,1,1,LOW_POWER_OR_UNSTABLE,1.0,1.0,1.0,oleeeb
low_reliability_or_unlikely,surface_token,oleeedy,R00,1,1,1,LOW_POWER_OR_UNSTABLE,1.0,1.0,1.0,oleeedy
low_reliability_or_unlikely,surface_token,oleey,R00,1,1,1,LOW_POWER_OR_UNSTABLE,1.0,1.0,1.0,oleey
low_reliability_or_unlikely,surface_token,olekor,R00,1,1,1,LOW_POWER_OR_UNSTABLE,1.0,1.0,1.0,olekor
low_reliability_or_unlikely,surface_token,oletal,R00,1,1,1,LOW_POWER_OR_UNSTABLE,1.0,1.0,1.0,oletal
low_reliability_or_unlikely,surface_token,olfchedy,R00,1,1,1,LOW_POWER_OR_UNSTABLE,1.0,1.0,1.0,olfchedy
low_reliability_or_unlikely,surface_token,olfchey,R00,1,1,1,LOW_POWER_OR_UNSTABLE,1.0,1.0,1.0,olfchey
low_reliability_or_unlikely,surface_token,olfchor,R00,1,1,1,LOW_POWER_OR_UNSTABLE,1.0,1.0,1.0,olfchor
low_reliability_or_unlikely,surface_token,olfsheoral,R00,1,1,1,LOW_POWER_OR_UNSTABLE,1.0,1.0,1.0,olfsheoral
low_reliability_or_unlikely,surface_token,olkair,R00,1,1,1,LOW_POWER_OR_UNSTABLE,1.0,1.0,1.0,olkair
low_reliability_or_unlikely,surface_token,olkal,R00,1,1,1,LOW_POWER_OR_UNSTABLE,1.0,1.0,1.0,olkal
low_reliability_or_unlikely,surface_token,olkalaiin,R00,1,1,1,LOW_POWER_OR_UNSTABLE,1.0,1.0,1.0,olkalaiin
low_reliability_or_unlikely,surface_token,olkao,R00,1,1,1,LOW_POWER_OR_UNSTABLE,1.0,1.0,1.0,olkao
low_reliability_or_unlikely,surface_token,olkaycthy,R00,1,1,1,LOW_POWER_OR_UNSTABLE,1.0,1.0,1.0,olkaycthy
low_reliability_or_unlikely,surface_token,olkchedy,R00,1,1,1,LOW_POWER_OR_UNSTABLE,1.0,1.0,1.0,olkchedy
low_reliability_or_unlikely,surface_token,olkchs,R00,1,1,1,LOW_POWER_OR_UNSTABLE,1.0,1.0,1.0,olkchs
low_reliability_or_unlikely,surface_token,olkeechdy,R00,1,1,1,LOW_POWER_OR_UNSTABLE,1.0,1.0,1.0,olkeechdy
low_reliability_or_unlikely,surface_token,olkeedal,R00,1,1,1,LOW_POWER_OR_UNSTABLE,1.0,1.0,1.0,olkeedal
low_reliability_or_unlikely,surface_token,olkeeo,R00,1,1,1,LOW_POWER_OR_UNSTABLE,1.0,1.0,1.0,olkeeo
low_reliability_or_unlikely,surface_token,olkeeolkeeo,R00,1,1,1,LOW_POWER_OR_UNSTABLE,1.0,1.0,1.0,olkeeolkeeo
low_reliability_or_unlikely,surface_token,olkeeoly,R00,1,1,1,LOW_POWER_OR_UNSTABLE,1.0,1.0,1.0,olkeeoly
low_reliability_or_unlikely,surface_token,olkol,R00,1,1,1,LOW_POWER_OR_UNSTABLE,1.0,1.0,1.0,olkol
low_reliability_or_unlikely,surface_token,olkor,R00,1,1,1,LOW_POWER_OR_UNSTABLE,1.0,1.0,1.0,olkor
low_reliability_or_unlikely,surface_token,olkshdy,R00,1,1,1,LOW_POWER_OR_UNSTABLE,1.0,1.0,1.0,olkshdy
low_reliability_or_unlikely,surface_token,olkshey,R00,1,1,1,LOW_POWER_OR_UNSTABLE,1.0,1.0,1.0,olkshey
low_reliability_or_unlikely,surface_token,oloaiin,R00,1,1,1,LOW_POWER_OR_UNSTABLE,1.0,1.0,1.0,oloaiin
low_reliability_or_unlikely,surface_token,olockhy,R00,1,1,1,LOW_POWER_OR_UNSTABLE,1.0,1.0,1.0,olockhy
low_reliability_or_unlikely,surface_token,oloky,R00,1,1,1,LOW_POWER_OR_UNSTABLE,1.0,1.0,1.0,oloky
low_reliability_or_unlikely,surface_token,ololal,R00,1,1,1,LOW_POWER_OR_UNSTABLE,1.0,1.0,1.0,ololal
low_reliability_or_unlikely,surface_token,ololary,R00,1,1,1,LOW_POWER_OR_UNSTABLE,1.0,1.0,1.0,ololary
low_reliability_or_unlikely,surface_token,olom,R00,1,1,1,LOW_POWER_OR_UNSTABLE,1.0,1.0,1.0,olom
low_reliability_or_unlikely,surface_token,olos,R00,1,1,1,LOW_POWER_OR_UNSTABLE,1.0,1.0,1.0,olos
low_reliability_or_unlikely,surface_token,olotchedy,R00,1,1,1,LOW_POWER_OR_UNSTABLE,1.0,1.0,1.0,olotchedy
low_reliability_or_unlikely,surface_token,olpchey,R00,1,1,1,LOW_POWER_OR_UNSTABLE,1.0,1.0,1.0,olpchey
low_reliability_or_unlikely,surface_token,olrodar,R00,1,1,1,LOW_POWER_OR_UNSTABLE,1.0,1.0,1.0,olrodar
low_reliability_or_unlikely,surface_token,olsaiiny,R00,1,1,1,LOW_POWER_OR_UNSTABLE,1.0,1.0,1.0,olsaiiny
low_reliability_or_unlikely,surface_token,olsar,R00,1,1,1,LOW_POWER_OR_UNSTABLE,1.0,1.0,1.0,olsar
low_reliability_or_unlikely,surface_token,olshed,R00,1,1,1,LOW_POWER_OR_UNSTABLE,1.0,1.0,1.0,olshed
low_reliability_or_unlikely,surface_token,olsheed,R00,1,1,1,LOW_POWER_OR_UNSTABLE,1.0,1.0,1.0,olsheed
low_reliability_or_unlikely,surface_token,olsheey,R00,1,1,1,LOW_POWER_OR_UNSTABLE,1.0,1.0,1.0,olsheey
low_reliability_or_unlikely,surface_token,olsheor,R00,1,1,1,LOW_POWER_OR_UNSTABLE,1.0,1.0,1.0,olsheor
low_reliability_or_unlikely,surface_token,olshy,R00,1,1,1,LOW_POWER_OR_UNSTABLE,1.0,1.0,1.0,olshy
low_reliability_or_unlikely,surface_token,olsy,R00,1,1,1,LOW_POWER_OR_UNSTABLE,1.0,1.0,1.0,olsy
low_reliability_or_unlikely,surface_token,oltaiin,R00,1,1,1,LOW_POWER_OR_UNSTABLE,1.0,1.0,1.0,oltaiin
low_reliability_or_unlikely,surface_token,oltain,R00,1,1,1,LOW_POWER_OR_UNSTABLE,1.0,1.0,1.0,oltain
low_reliability_or_unlikely,surface_token,oltchedy,R00,1,1,1,LOW_POWER_OR_UNSTABLE,1.0,1.0,1.0,oltchedy
low_reliability_or_unlikely,surface_token,oltcheey,R00,1,1,1,LOW_POWER_OR_UNSTABLE,1.0,1.0,1.0,oltcheey
low_reliability_or_unlikely,surface_token,oltedy,R00,1,1,1,LOW_POWER_OR_UNSTABLE,1.0,1.0,1.0,oltedy
low_reliability_or_unlikely,surface_token,olteedy,R00,1,1,1,LOW_POWER_OR_UNSTABLE,1.0,1.0,1.0,olteedy
low_reliability_or_unlikely,surface_token,olteey,R00,1,1,1,LOW_POWER_OR_UNSTABLE,1.0,1.0,1.0,olteey
low_reliability_or_unlikely,surface_token,oltey,R00,1,1,1,LOW_POWER_OR_UNSTABLE,1.0,1.0,1.0,oltey
low_reliability_or_unlikely,surface_token,oltshsey,R00,1,1,1,LOW_POWER_OR_UNSTABLE,1.0,1.0,1.0,oltshsey
low_reliability_or_unlikely,surface_token,olz,R00,1,1,1,LOW_POWER_OR_UNSTABLE,1.0,1.0,1.0,olz
low_reliability_or_unlikely,surface_token,on,R00,1,1,1,LOW_POWER_OR_UNSTABLE,1.0,1.0,1.0,on
low_reliability_or_unlikely,surface_token,opaiino,R00,1,1,1,LOW_POWER_OR_UNSTABLE,1.0,1.0,1.0,opaiino
low_reliability_or_unlikely,surface_token,opair,R00,1,1,1,LOW_POWER_OR_UNSTABLE,1.0,1.0,1.0,opair
low_reliability_or_unlikely,surface_token,opal,R00,1,1,1,LOW_POWER_OR_UNSTABLE,1.0,1.0,1.0,opal
low_reliability_or_unlikely,surface_token,opalal,R00,1,1,1,LOW_POWER_OR_UNSTABLE,1.0,1.0,1.0,opalal
low_reliability_or_unlikely,surface_token,opalar,R00,1,1,1,LOW_POWER_OR_UNSTABLE,1.0,1.0,1.0,opalar
low_reliability_or_unlikely,surface_token,opaldaiin,R10,1,1,1,LOW_POWER_OR_UNSTABLE,1.0,1.0,1.0,opaldaiin
low_reliability_or_unlikely,surface_token,opalg,R00,1,1,1,LOW_POWER_OR_UNSTABLE,1.0,1.0,1.0,opalg
low_reliability_or_unlikely,surface_token,opaloiiry,R00,1,1,1,LOW_POWER_OR_UNSTABLE,1.0,1.0,1.0,opaloiiry
low_reliability_or_unlikely,surface_token,opalor,R00,1,1,1,LOW_POWER_OR_UNSTABLE,1.0,1.0,1.0,opalor
low_reliability_or_unlikely,surface_token,oparairdly,R00,1,1,1,LOW_POWER_OR_UNSTABLE,1.0,1.0,1.0,oparairdly
low_reliability_or_unlikely,surface_token,oparal,R00,1,1,1,LOW_POWER_OR_UNSTABLE,1.0,1.0,1.0,oparal
low_reliability_or_unlikely,surface_token,oparam,R00,1,1,1,LOW_POWER_OR_UNSTABLE,1.0,1.0,1.0,oparam
low_reliability_or_unlikely,surface_token,oparod,R00,1,1,1,LOW_POWER_OR_UNSTABLE,1.0,1.0,1.0,oparod
low_reliability_or_unlikely,surface_token,oparodam,R00,1,1,1,LOW_POWER_OR_UNSTABLE,1.0,1.0,1.0,oparodam
low_reliability_or_unlikely,surface_token,opary,R00,1,1,1,LOW_POWER_OR_UNSTABLE,1.0,1.0,1.0,opary
low_reliability_or_unlikely,surface_token,opchd,R00,1,1,1,LOW_POWER_OR_UNSTABLE,1.0,1.0,1.0,opchd
low_reliability_or_unlikely,surface_token,opchdain,R00,1,1,1,LOW_POWER_OR_UNSTABLE,1.0,1.0,1.0,opchdain
low_reliability_or_unlikely,surface_token,opchdard,R00,1,1,1,LOW_POWER_OR_UNSTABLE,1.0,1.0,1.0,opchdard
low_reliability_or_unlikely,surface_token,opcheda,R00,1,1,1,LOW_POWER_OR_UNSTABLE,1.0,1.0,1.0,opcheda
low_reliability_or_unlikely,surface_token,opchedaiin,R00,1,1,1,LOW_POWER_OR_UNSTABLE,1.0,1.0,1.0,opchedaiin
low_reliability_or_unlikely,surface_token,opcheed,R00,1,1,1,LOW_POWER_OR_UNSTABLE,1.0,1.0,1.0,opcheed
low_reliability_or_unlikely,surface_token,opcheedey,R00,1,1,1,LOW_POWER_OR_UNSTABLE,1.0,1.0,1.0,opcheedey
low_reliability_or_unlikely,surface_token,opchees,R00,1,1,1,LOW_POWER_OR_UNSTABLE,1.0,1.0,1.0,opchees
low_reliability_or_unlikely,surface_token,opcheey,R00,1,1,1,LOW_POWER_OR_UNSTABLE,1.0,1.0,1.0,opcheey
low_reliability_or_unlikely,surface_token,opcheor,R00,1,1,1,LOW_POWER_OR_UNSTABLE,1.0,1.0,1.0,opcheor
low_reliability_or_unlikely,surface_token,opcholdg,R00,1,1,1,LOW_POWER_OR_UNSTABLE,1.0,1.0,1.0,opcholdg
low_reliability_or_unlikely,surface_token,opcholdy,R07,1,1,1,LOW_POWER_OR_UNSTABLE,1.0,1.0,1.0,opcholdy
low_reliability_or_unlikely,surface_token,opchosam,R00,1,1,1,LOW_POWER_OR_UNSTABLE,1.0,1.0,1.0,opchosam
low_reliability_or_unlikely,surface_token,opchsd,R00,1,1,1,LOW_POWER_OR_UNSTABLE,1.0,1.0,1.0,opchsd
low_reliability_or_unlikely,surface_token,opchsy,R00,1,1,1,LOW_POWER_OR_UNSTABLE,1.0,1.0,1.0,opchsy
low_reliability_or_unlikely,surface_token,opocphor,R00,1,1,1,LOW_POWER_OR_UNSTABLE,1.0,1.0,1.0,opocphor
low_reliability_or_unlikely,surface_token,opodchol,R07,1,1,1,LOW_POWER_OR_UNSTABLE,1.0,1.0,1.0,opodchol
low_reliability_or_unlikely,surface_token,opoeey,R00,1,1,1,LOW_POWER_OR_UNSTABLE,1.0,1.0,1.0,opoeey
low_reliability_or_unlikely,surface_token,opoly,R00,1,1,1,LOW_POWER_OR_UNSTABLE,1.0,1.0,1.0,opoly
low_reliability_or_unlikely,surface_token,opor,R00,1,1,1,LOW_POWER_OR_UNSTABLE,1.0,1.0,1.0,opor
low_reliability_or_unlikely,surface_token,opshed,R00,1,1,1,LOW_POWER_OR_UNSTABLE,1.0,1.0,1.0,opshed
low_reliability_or_unlikely,surface_token,opydsh,R00,1,1,1,LOW_POWER_OR_UNSTABLE,1.0,1.0,1.0,opydsh
low_reliability_or_unlikely,surface_token,opysam,R00,1,1,1,LOW_POWER_OR_UNSTABLE,1.0,1.0,1.0,opysam
low_reliability_or_unlikely,surface_token,oqokain,R00,1,1,1,LOW_POWER_OR_UNSTABLE,1.0,1.0,1.0,oqokain
low_reliability_or_unlikely,surface_token,oqokeey,R00,1,1,1,LOW_POWER_OR_UNSTABLE,1.0,1.0,1.0,oqokeey
low_reliability_or_unlikely,surface_token,oqol,R00,1,1,1,LOW_POWER_OR_UNSTABLE,1.0,1.0,1.0,oqol
low_reliability_or_unlikely,surface_token,oraeep,R00,1,1,1,LOW_POWER_OR_UNSTABLE,1.0,1.0,1.0,oraeep
low_reliability_or_unlikely,surface_token,oraiiny,R00,1,1,1,LOW_POWER_OR_UNSTABLE,1.0,1.0,1.0,oraiiny
low_reliability_or_unlikely,surface_token,orain,R00,1,1,1,LOW_POWER_OR_UNSTABLE,1.0,1.0,1.0,orain
low_reliability_or_unlikely,surface_token,oralar,R00,1,1,1,LOW_POWER_OR_UNSTABLE,1.0,1.0,1.0,oralar
low_reliability_or_unlikely,surface_token,oralas,R00,1,1,1,LOW_POWER_OR_UNSTABLE,1.0,1.0,1.0,oralas
low_reliability_or_unlikely,surface_token,orald,R00,1,1,1,LOW_POWER_OR_UNSTABLE,1.0,1.0,1.0,orald
low_reliability_or_unlikely,surface_token,oralody,R00,1,1,1,LOW_POWER_OR_UNSTABLE,1.0,1.0,1.0,oralody
low_reliability_or_unlikely,surface_token,oraly,R00,1,1,1,LOW_POWER_OR_UNSTABLE,1.0,1.0,1.0,oraly
low_reliability_or_unlikely,surface_token,oran,R00,1,1,1,LOW_POWER_OR_UNSTABLE,1.0,1.0,1.0,oran
low_reliability_or_unlikely,surface_token,orara,R00,1,1,1,LOW_POWER_OR_UNSTABLE,1.0,1.0,1.0,orara
low_reliability_or_unlikely,surface_token,oraram,R00,1,1,1,LOW_POWER_OR_UNSTABLE,1.0,1.0,1.0,oraram
low_reliability_or_unlikely,surface_token,orarol,R00,1,1,1,LOW_POWER_OR_UNSTABLE,1.0,1.0,1.0,orarol
low_reliability_or_unlikely,surface_token,orchedar,R00,1,1,1,LOW_POWER_OR_UNSTABLE,1.0,1.0,1.0,orchedar
low_reliability_or_unlikely,surface_token,orcheey,R00,1,1,1,LOW_POWER_OR_UNSTABLE,1.0,1.0,1.0,orcheey
low_reliability_or_unlikely,surface_token,orchochor,R00,1,1,1,LOW_POWER_OR_UNSTABLE,1.0,1.0,1.0,orchochor
low_reliability_or_unlikely,surface_token,ore,R00,1,1,1,LOW_POWER_OR_UNSTABLE,1.0,1.0,1.0,ore
low_reliability_or_unlikely,surface_token,oreees,R00,1,1,1,LOW_POWER_OR_UNSTABLE,1.0,1.0,1.0,oreees
low_reliability_or_unlikely,surface_token,oreeey,R00,1,1,1,LOW_POWER_OR_UNSTABLE,1.0,1.0,1.0,oreeey
low_reliability_or_unlikely,surface_token,org,R00,1,1,1,LOW_POWER_OR_UNSTABLE,1.0,1.0,1.0,org
low_reliability_or_unlikely,surface_token,orkeeey,R00,1,1,1,LOW_POWER_OR_UNSTABLE,1.0,1.0,1.0,orkeeey
low_reliability_or_unlikely,surface_token,orky,R00,1,1,1,LOW_POWER_OR_UNSTABLE,1.0,1.0,1.0,orky
low_reliability_or_unlikely,surface_token,orsheedy,R00,1,1,1,LOW_POWER_OR_UNSTABLE,1.0,1.0,1.0,orsheedy
low_reliability_or_unlikely,surface_token,orsheey,R00,1,1,1,LOW_POWER_OR_UNSTABLE,1.0,1.0,1.0,orsheey
low_reliability_or_unlikely,surface_token,orshy,R00,1,1,1,LOW_POWER_OR_UNSTABLE,1.0,1.0,1.0,orshy
low_reliability_or_unlikely,surface_token,osaiin,R00,1,1,1,LOW_POWER_OR_UNSTABLE,1.0,1.0,1.0,osaiin
low_reliability_or_unlikely,surface_token,osair,R00,1,1,1,LOW_POWER_OR_UNSTABLE,1.0,1.0,1.0,osair
low_reliability_or_unlikely,surface_token,osal,R00,1,1,1,LOW_POWER_OR_UNSTABLE,1.0,1.0,1.0,osal
low_reliability_or_unlikely,surface_token,osar,R00,1,1,1,LOW_POWER_OR_UNSTABLE,1.0,1.0,1.0,osar
low_reliability_or_unlikely,surface_token,osaram,R00,1,1,1,LOW_POWER_OR_UNSTABLE,1.0,1.0,1.0,osaram
low_reliability_or_unlikely,surface_token,osarsheeeo,R00,1,1,1,LOW_POWER_OR_UNSTABLE,1.0,1.0,1.0,osarsheeeo
low_reliability_or_unlikely,surface_token,osary,R00,1,1,1,LOW_POWER_OR_UNSTABLE,1.0,1.0,1.0,osary
low_reliability_or_unlikely,surface_token,oscheor,R00,1,1,1,LOW_POWER_OR_UNSTABLE,1.0,1.0,1.0,oscheor
low_reliability_or_unlikely,surface_token,oschoer,R00,1,1,1,LOW_POWER_OR_UNSTABLE,1.0,1.0,1.0,oschoer
low_reliability_or_unlikely,surface_token,oschotshl,R00,1,1,1,LOW_POWER_OR_UNSTABLE,1.0,1.0,1.0,oschotshl
low_reliability_or_unlikely,surface_token,oschy,R00,1,1,1,LOW_POWER_OR_UNSTABLE,1.0,1.0,1.0,oschy
low_reliability_or_unlikely,surface_token,osdaiin,R10,1,1,1,LOW_POWER_OR_UNSTABLE,1.0,1.0,1.0,osdaiin
low_reliability_or_unlikely,surface_token,oshar,R00,1,1,1,LOW_POWER_OR_UNSTABLE,1.0,1.0,1.0,oshar
low_reliability_or_unlikely,surface_token,osheal,R00,1,1,1,LOW_POWER_OR_UNSTABLE,1.0,1.0,1.0,osheal
low_reliability_or_unlikely,surface_token,osheedy,R00,1,1,1,LOW_POWER_OR_UNSTABLE,1.0,1.0,1.0,osheedy
low_reliability_or_unlikely,surface_token,osheey,R00,1,1,1,LOW_POWER_OR_UNSTABLE,1.0,1.0,1.0,osheey
low_reliability_or_unlikely,surface_token,oshesy,R00,1,1,1,LOW_POWER_OR_UNSTABLE,1.0,1.0,1.0,oshesy
low_reliability_or_unlikely,surface_token,osho,R00,1,1,1,LOW_POWER_OR_UNSTABLE,1.0,1.0,1.0,osho
low_reliability_or_unlikely,surface_token,oshol,R00,1,1,1,LOW_POWER_OR_UNSTABLE,1.0,1.0,1.0,oshol
low_reliability_or_unlikely,surface_token,osocthor,R00,1,1,1,LOW_POWER_OR_UNSTABLE,1.0,1.0,1.0,osocthor
low_reliability_or_unlikely,surface_token,osy,R00,1,1,1,LOW_POWER_OR_UNSTABLE,1.0,1.0,1.0,osy
low_reliability_or_unlikely,surface_token,otacphy,R00,1,1,1,LOW_POWER_OR_UNSTABLE,1.0,1.0,1.0,otacphy
low_reliability_or_unlikely,surface_token,otaiindaiin,R10,1,1,1,LOW_POWER_OR_UNSTABLE,1.0,1.0,1.0,otaiindaiin
low_reliability_or_unlikely,surface_token,otaiir,R00,1,1,1,LOW_POWER_OR_UNSTABLE,1.0,1.0,1.0,otaiir
low_reliability_or_unlikely,surface_token,otaim,R00,1,1,1,LOW_POWER_OR_UNSTABLE,1.0,1.0,1.0,otaim
low_reliability_or_unlikely,surface_token,otainy,R00,1,1,1,LOW_POWER_OR_UNSTABLE,1.0,1.0,1.0,otainy
low_reliability_or_unlikely,surface_token,otairdy,R00,1,1,1,LOW_POWER_OR_UNSTABLE,1.0,1.0,1.0,otairdy
low_reliability_or_unlikely,surface_token,otairo,R00,1,1,1,LOW_POWER_OR_UNSTABLE,1.0,1.0,1.0,otairo
low_reliability_or_unlikely,surface_token,otalalg,R00,1,1,1,LOW_POWER_OR_UNSTABLE,1.0,1.0,1.0,otalalg
low_reliability_or_unlikely,surface_token,otalaly,R00,1,1,1,LOW_POWER_OR_UNSTABLE,1.0,1.0,1.0,otalaly
low_reliability_or_unlikely,surface_token,otalar,R00,1,1,1,LOW_POWER_OR_UNSTABLE,1.0,1.0,1.0,otalar
low_reliability_or_unlikely,surface_token,otald,R00,1,1,1,LOW_POWER_OR_UNSTABLE,1.0,1.0,1.0,otald
low_reliability_or_unlikely,surface_token,otaldal,R09,1,1,1,LOW_POWER_OR_UNSTABLE,1.0,1.0,1.0,otaldal
low_reliability_or_unlikely,surface_token,otaleky,R00,1,1,1,LOW_POWER_OR_UNSTABLE,1.0,1.0,1.0,otaleky
low_reliability_or_unlikely,surface_token,otalody,R00,1,1,1,LOW_POWER_OR_UNSTABLE,1.0,1.0,1.0,otalody
low_reliability_or_unlikely,surface_token,otalsar,R00,1,1,1,LOW_POWER_OR_UNSTABLE,1.0,1.0,1.0,otalsar
low_reliability_or_unlikely,surface_token,otalshdy,R00,1,1,1,LOW_POWER_OR_UNSTABLE,1.0,1.0,1.0,otalshdy
low_reliability_or_unlikely,surface_token,otalshedy,R00,1,1,1,LOW_POWER_OR_UNSTABLE,1.0,1.0,1.0,otalshedy
low_reliability_or_unlikely,surface_token,otalshy,R00,1,1,1,LOW_POWER_OR_UNSTABLE,1.0,1.0,1.0,otalshy
low_reliability_or_unlikely,surface_token,otalsy,R00,1,1,1,LOW_POWER_OR_UNSTABLE,1.0,1.0,1.0,otalsy
low_reliability_or_unlikely,surface_token,otaraiin,R00,1,1,1,LOW_POWER_OR_UNSTABLE,1.0,1.0,1.0,otaraiin
low_reliability_or_unlikely,surface_token,otaram,R00,1,1,1,LOW_POWER_OR_UNSTABLE,1.0,1.0,1.0,otaram
low_reliability_or_unlikely,surface_token,otarar,R00,1,1,1,LOW_POWER_OR_UNSTABLE,1.0,1.0,1.0,otarar
low_reliability_or_unlikely,surface_token,otararain,R00,1,1,1,LOW_POWER_OR_UNSTABLE,1.0,1.0,1.0,otararain
low_reliability_or_unlikely,surface_token,otardaly,R09,1,1,1,LOW_POWER_OR_UNSTABLE,1.0,1.0,1.0,otardaly
low_reliability_or_unlikely,surface_token,otardy,R00,1,1,1,LOW_POWER_OR_UNSTABLE,1.0,1.0,1.0,otardy
low_reliability_or_unlikely,surface_token,otary,R00,1,1,1,LOW_POWER_OR_UNSTABLE,1.0,1.0,1.0,otary
low_reliability_or_unlikely,surface_token,otay,R00,1,1,1,LOW_POWER_OR_UNSTABLE,1.0,1.0,1.0,otay
low_reliability_or_unlikely,surface_token,otchal,R00,1,1,1,LOW_POWER_OR_UNSTABLE,1.0,1.0,1.0,otchal
low_reliability_or_unlikely,surface_token,otchald,R00,1,1,1,LOW_POWER_OR_UNSTABLE,1.0,1.0,1.0,otchald
low_reliability_or_unlikely,surface_token,otcham,R00,1,1,1,LOW_POWER_OR_UNSTABLE,1.0,1.0,1.0,otcham
low_reliability_or_unlikely,surface_token,otchdal,R09,1,1,1,LOW_POWER_OR_UNSTABLE,1.0,1.0,1.0,otchdal
low_reliability_or_unlikely,surface_token,otchdam,R00,1,1,1,LOW_POWER_OR_UNSTABLE,1.0,1.0,1.0,otchdam
low_reliability_or_unlikely,surface_token,otchedey,R00,1,1,1,LOW_POWER_OR_UNSTABLE,1.0,1.0,1.0,otchedey
low_reliability_or_unlikely,surface_token,otcheey,R00,1,1,1,LOW_POWER_OR_UNSTABLE,1.0,1.0,1.0,otcheey
low_reliability_or_unlikely,surface_token,otcheodar,R00,1,1,1,LOW_POWER_OR_UNSTABLE,1.0,1.0,1.0,otcheodar
low_reliability_or_unlikely,surface_token,otcheoly,R00,1,1,1,LOW_POWER_OR_UNSTABLE,1.0,1.0,1.0,otcheoly
low_reliability_or_unlikely,surface_token,otcheylldy,R00,1,1,1,LOW_POWER_OR_UNSTABLE,1.0,1.0,1.0,otcheylldy
low_reliability_or_unlikely,surface_token,otcho,R00,1,1,1,LOW_POWER_OR_UNSTABLE,1.0,1.0,1.0,otcho
low_reliability_or_unlikely,surface_token,otchodals,R00,1,1,1,LOW_POWER_OR_UNSTABLE,1.0,1.0,1.0,otchodals
low_reliability_or_unlikely,surface_token,otcholcheaiin,R07,1,1,1,LOW_POWER_OR_UNSTABLE,1.0,1.0,1.0,otcholcheaiin
low_reliability_or_unlikely,surface_token,otcholocthol,R07,1,1,1,LOW_POWER_OR_UNSTABLE,1.0,1.0,1.0,otcholocthol
low_reliability_or_unlikely,surface_token,otchoshy,R00,1,1,1,LOW_POWER_OR_UNSTABLE,1.0,1.0,1.0,otchoshy
low_reliability_or_unlikely,surface_token,otdar,R00,1,1,1,LOW_POWER_OR_UNSTABLE,1.0,1.0,1.0,otdar
low_reliability_or_unlikely,surface_token,otdordy,R00,1,1,1,LOW_POWER_OR_UNSTABLE,1.0,1.0,1.0,otdordy
low_reliability_or_unlikely,surface_token,oteaiin,R01,1,1,1,LOW_POWER_OR_UNSTABLE,1.0,1.0,1.0,oteaiin
low_reliability_or_unlikely,surface_token,oteain,R01,1,1,1,LOW_POWER_OR_UNSTABLE,1.0,1.0,1.0,oteain
low_reliability_or_unlikely,surface_token,otechys,R01,1,1,1,LOW_POWER_OR_UNSTABLE,1.0,1.0,1.0,otechys
low_reliability_or_unlikely,surface_token,otedar,R01,1,1,1,LOW_POWER_OR_UNSTABLE,1.0,1.0,1.0,otedar
low_reliability_or_unlikely,surface_token,otedeey,R01,1,1,1,LOW_POWER_OR_UNSTABLE,1.0,1.0,1.0,otedeey
low_reliability_or_unlikely,surface_token,otedol,R01,1,1,1,LOW_POWER_OR_UNSTABLE,1.0,1.0,1.0,otedol
low_reliability_or_unlikely,surface_token,otedyl,R01,1,1,1,LOW_POWER_OR_UNSTABLE,1.0,1.0,1.0,otedyl
low_reliability_or_unlikely,surface_token,otee,R01,1,1,1,LOW_POWER_OR_UNSTABLE,1.0,1.0,1.0,otee
low_reliability_or_unlikely,surface_token,oteeam,R01,1,1,1,LOW_POWER_OR_UNSTABLE,1.0,1.0,1.0,oteeam
low_reliability_or_unlikely,surface_token,oteedain,R01,1,1,1,LOW_POWER_OR_UNSTABLE,1.0,1.0,1.0,oteedain
low_reliability_or_unlikely,surface_token,oteedal,R01,1,1,1,LOW_POWER_OR_UNSTABLE,1.0,1.0,1.0,oteedal
low_reliability_or_unlikely,surface_token,oteeedchey,R01,1,1,1,LOW_POWER_OR_UNSTABLE,1.0,1.0,1.0,oteeedchey
low_reliability_or_unlikely,surface_token,oteeey,R01,1,1,1,LOW_POWER_OR_UNSTABLE,1.0,1.0,1.0,oteeey
low_reliability_or_unlikely,surface_token,oteeyldaiin,R01,1,1,1,LOW_POWER_OR_UNSTABLE,1.0,1.0,1.0,oteeyldaiin
low_reliability_or_unlikely,surface_token,oteodaiin,R01,1,1,1,LOW_POWER_OR_UNSTABLE,1.0,1.0,1.0,oteodaiin
low_reliability_or_unlikely,surface_token,oteolair,R01,1,1,1,LOW_POWER_OR_UNSTABLE,1.0,1.0,1.0,oteolair
low_reliability_or_unlikely,surface_token,oteor,R01,1,1,1,LOW_POWER_OR_UNSTABLE,1.0,1.0,1.0,oteor
low_reliability_or_unlikely,surface_token,otes,R01,1,1,1,LOW_POWER_OR_UNSTABLE,1.0,1.0,1.0,otes
low_reliability_or_unlikely,surface_token,oto,R00,1,1,1,LOW_POWER_OR_UNSTABLE,1.0,1.0,1.0,oto
low_reliability_or_unlikely,surface_token,otoaiin,R00,1,1,1,LOW_POWER_OR_UNSTABLE,1.0,1.0,1.0,otoaiin
low_reliability_or_unlikely,surface_token,otochedy,R00,1,1,1,LOW_POWER_OR_UNSTABLE,1.0,1.0,1.0,otochedy
low_reliability_or_unlikely,surface_token,otochedysy,R00,1,1,1,LOW_POWER_OR_UNSTABLE,1.0,1.0,1.0,otochedysy
low_reliability_or_unlikely,surface_token,otodedy,R00,1,1,1,LOW_POWER_OR_UNSTABLE,1.0,1.0,1.0,otodedy
low_reliability_or_unlikely,surface_token,otodeeodor,R00,1,1,1,LOW_POWER_OR_UNSTABLE,1.0,1.0,1.0,otodeeodor
low_reliability_or_unlikely,surface_token,otodey,R00,1,1,1,LOW_POWER_OR_UNSTABLE,1.0,1.0,1.0,otodey
low_reliability_or_unlikely,surface_token,otodol,R00,1,1,1,LOW_POWER_OR_UNSTABLE,1.0,1.0,1.0,otodol
low_reliability_or_unlikely,surface_token,otoeeo,R00,1,1,1,LOW_POWER_OR_UNSTABLE,1.0,1.0,1.0,otoeeo
low_reliability_or_unlikely,surface_token,otokol,R00,1,1,1,LOW_POWER_OR_UNSTABLE,1.0,1.0,1.0,otokol
low_reliability_or_unlikely,surface_token,otold,R00,1,1,1,LOW_POWER_OR_UNSTABLE,1.0,1.0,1.0,otold
low_reliability_or_unlikely,surface_token,otorain,R00,1,1,1,LOW_POWER_OR_UNSTABLE,1.0,1.0,1.0,otorain
low_reliability_or_unlikely,surface_token,otorchety,R00,1,1,1,LOW_POWER_OR_UNSTABLE,1.0,1.0,1.0,otorchety
low_reliability_or_unlikely,surface_token,otork,R00,1,1,1,LOW_POWER_OR_UNSTABLE,1.0,1.0,1.0,otork
low_reliability_or_unlikely,surface_token,otorkeol,R00,1,1,1,LOW_POWER_OR_UNSTABLE,1.0,1.0,1.0,otorkeol
low_reliability_or_unlikely,surface_token,otorshos,R00,1,1,1,LOW_POWER_OR_UNSTABLE,1.0,1.0,1.0,otorshos
low_reliability_or_unlikely,surface_token,otos,R00,1,1,1,LOW_POWER_OR_UNSTABLE,1.0,1.0,1.0,otos
low_reliability_or_unlikely,surface_token,otosaiin,R00,1,1,1,LOW_POWER_OR_UNSTABLE,1.0,1.0,1.0,otosaiin
low_reliability_or_unlikely,surface_token,otosey,R00,1,1,1,LOW_POWER_OR_UNSTABLE,1.0,1.0,1.0,otosey
low_reliability_or_unlikely,surface_token,otoshol,R00,1,1,1,LOW_POWER_OR_UNSTABLE,1.0,1.0,1.0,otoshol
low_reliability_or_unlikely,surface_token,otosy,R00,1,1,1,LOW_POWER_OR_UNSTABLE,1.0,1.0,1.0,otosy
low_reliability_or_unlikely,surface_token,otshal,R00,1,1,1,LOW_POWER_OR_UNSTABLE,1.0,1.0,1.0,otshal
low_reliability_or_unlikely,surface_token,otshdy,R00,1,1,1,LOW_POWER_OR_UNSTABLE,1.0,1.0,1.0,otshdy
low_reliability_or_unlikely,surface_token,otsheody,R00,1,1,1,LOW_POWER_OR_UNSTABLE,1.0,1.0,1.0,otsheody
low_reliability_or_unlikely,surface_token,otshor,R00,1,1,1,LOW_POWER_OR_UNSTABLE,1.0,1.0,1.0,otshor
low_reliability_or_unlikely,surface_token,otshshdy,R00,1,1,1,LOW_POWER_OR_UNSTABLE,1.0,1.0,1.0,otshshdy
low_reliability_or_unlikely,surface_token,otshy,R00,1,1,1,LOW_POWER_OR_UNSTABLE,1.0,1.0,1.0,otshy
low_reliability_or_unlikely,surface_token,otyda,R00,1,1,1,LOW_POWER_OR_UNSTABLE,1.0,1.0,1.0,otyda
low_reliability_or_unlikely,surface_token,otydary,R00,1,1,1,LOW_POWER_OR_UNSTABLE,1.0,1.0,1.0,otydary
low_reliability_or_unlikely,surface_token,otydg,R00,1,1,1,LOW_POWER_OR_UNSTABLE,1.0,1.0,1.0,otydg
low_reliability_or_unlikely,surface_token,otykchs,R00,1,1,1,LOW_POWER_OR_UNSTABLE,1.0,1.0,1.0,otykchs
low_reliability_or_unlikely,surface_token,otyky,R00,1,1,1,LOW_POWER_OR_UNSTABLE,1.0,1.0,1.0,otyky
low_reliability_or_unlikely,surface_token,otylor,R00,1,1,1,LOW_POWER_OR_UNSTABLE,1.0,1.0,1.0,otylor
low_reliability_or_unlikely,surface_token,otys,R00,1,1,1,LOW_POWER_OR_UNSTABLE,1.0,1.0,1.0,otys
low_reliability_or_unlikely,surface_token,otytchy,R00,1,1,1,LOW_POWER_OR_UNSTABLE,1.0,1.0,1.0,otytchy
low_reliability_or_unlikely,surface_token,oydchy,R00,1,1,1,LOW_POWER_OR_UNSTABLE,1.0,1.0,1.0,oydchy
low_reliability_or_unlikely,surface_token,oygy,R00,1,1,1,LOW_POWER_OR_UNSTABLE,1.0,1.0,1.0,oygy
low_reliability_or_unlikely,surface_token,oykchor,R00,1,1,1,LOW_POWER_OR_UNSTABLE,1.0,1.0,1.0,oykchor
low_reliability_or_unlikely,surface_token,oykeey,R00,1,1,1,LOW_POWER_OR_UNSTABLE,1.0,1.0,1.0,oykeey
low_reliability_or_unlikely,surface_token,oyteedy,R00,1,1,1,LOW_POWER_OR_UNSTABLE,1.0,1.0,1.0,oyteedy
low_reliability_or_unlikely,surface_token,oyteey,R00,1,1,1,LOW_POWER_OR_UNSTABLE,1.0,1.0,1.0,oyteey
low_reliability_or_unlikely,surface_token,paichy,R06,1,1,1,LOW_POWER_OR_UNSTABLE,1.0,1.0,1.0,paichy
low_reliability_or_unlikely,surface_token,parchdy,R00,1,1,1,LOW_POWER_OR_UNSTABLE,1.0,1.0,1.0,parchdy
low_reliability_or_unlikely,surface_token,pchar,R06,1,1,1,LOW_POWER_OR_UNSTABLE,1.0,1.0,1.0,pchar
low_reliability_or_unlikely,surface_token,pchdlar,R00,1,1,1,LOW_POWER_OR_UNSTABLE,1.0,1.0,1.0,pchdlar
low_reliability_or_unlikely,surface_token,pchdoiin,R00,1,1,1,LOW_POWER_OR_UNSTABLE,1.0,1.0,1.0,pchdoiin
low_reliability_or_unlikely,surface_token,pchdy,R06,1,1,1,LOW_POWER_OR_UNSTABLE,1.0,1.0,1.0,pchdy
low_reliability_or_unlikely,surface_token,pchear,R06,1,1,1,LOW_POWER_OR_UNSTABLE,1.0,1.0,1.0,pchear
low_reliability_or_unlikely,surface_token,pchecfhey,R00,1,1,1,LOW_POWER_OR_UNSTABLE,1.0,1.0,1.0,pchecfhey
low_reliability_or_unlikely,surface_token,pchedar,R00,1,1,1,LOW_POWER_OR_UNSTABLE,1.0,1.0,1.0,pchedar
low_reliability_or_unlikely,surface_token,pchedchdy,R00,1,1,1,LOW_POWER_OR_UNSTABLE,1.0,1.0,1.0,pchedchdy
low_reliability_or_unlikely,surface_token,pchedeey,R00,1,1,1,LOW_POWER_OR_UNSTABLE,1.0,1.0,1.0,pchedeey
low_reliability_or_unlikely,surface_token,pcheedy,R00,1,1,1,LOW_POWER_OR_UNSTABLE,1.0,1.0,1.0,pcheedy
low_reliability_or_unlikely,surface_token,pchey,R06,1,1,1,LOW_POWER_OR_UNSTABLE,1.0,1.0,1.0,pchey
low_reliability_or_unlikely,surface_token,pcheykeeor,R00,1,1,1,LOW_POWER_OR_UNSTABLE,1.0,1.0,1.0,pcheykeeor
low_reliability_or_unlikely,surface_token,pchodain,R00,1,1,1,LOW_POWER_OR_UNSTABLE,1.0,1.0,1.0,pchodain
low_reliability_or_unlikely,surface_token,pchodal,R09,1,1,1,LOW_POWER_OR_UNSTABLE,1.0,1.0,1.0,pchodal
low_reliability_or_unlikely,surface_token,pchody,R06,1,1,1,LOW_POWER_OR_UNSTABLE,1.0,1.0,1.0,pchody
low_reliability_or_unlikely,surface_token,pchoetal,R00,1,1,1,LOW_POWER_OR_UNSTABLE,1.0,1.0,1.0,pchoetal
low_reliability_or_unlikely,surface_token,pchol,R06,1,1,1,LOW_POWER_OR_UNSTABLE,1.0,1.0,1.0,pchol
low_reliability_or_unlikely,surface_token,pcholkeedy,R00,1,1,1,LOW_POWER_OR_UNSTABLE,1.0,1.0,1.0,pcholkeedy
low_reliability_or_unlikely,surface_token,pcholky,R00,1,1,1,LOW_POWER_OR_UNSTABLE,1.0,1.0,1.0,pcholky
low_reliability_or_unlikely,surface_token,pcholor,R00,1,1,1,LOW_POWER_OR_UNSTABLE,1.0,1.0,1.0,pcholor
low_reliability_or_unlikely,surface_token,pchom,R06,1,1,1,LOW_POWER_OR_UNSTABLE,1.0,1.0,1.0,pchom
low_reliability_or_unlikely,surface_token,pchooiin,R00,1,1,1,LOW_POWER_OR_UNSTABLE,1.0,1.0,1.0,pchooiin
low_reliability_or_unlikely,surface_token,pchoraiin,R00,1,1,1,LOW_POWER_OR_UNSTABLE,1.0,1.0,1.0,pchoraiin
low_reliability_or_unlikely,surface_token,pchsed,R06,1,1,1,LOW_POWER_OR_UNSTABLE,1.0,1.0,1.0,pchsed
low_reliability_or_unlikely,surface_token,pchshy,R06,1,1,1,LOW_POWER_OR_UNSTABLE,1.0,1.0,1.0,pchshy
low_reliability_or_unlikely,surface_token,pchy,R06,1,1,1,LOW_POWER_OR_UNSTABLE,1.0,1.0,1.0,pchy
low_reliability_or_unlikely,surface_token,pdalshor,R00,1,1,1,LOW_POWER_OR_UNSTABLE,1.0,1.0,1.0,pdalshor
low_reliability_or_unlikely,surface_token,poaly,R06,1,1,1,LOW_POWER_OR_UNSTABLE,1.0,1.0,1.0,poaly
low_reliability_or_unlikely,surface_token,pochaiin,R00,1,1,1,LOW_POWER_OR_UNSTABLE,1.0,1.0,1.0,pochaiin
low_reliability_or_unlikely,surface_token,pochedy,R00,1,1,1,LOW_POWER_OR_UNSTABLE,1.0,1.0,1.0,pochedy
low_reliability_or_unlikely,surface_token,pochey,R06,1,1,1,LOW_POWER_OR_UNSTABLE,1.0,1.0,1.0,pochey
low_reliability_or_unlikely,surface_token,podair,R06,1,1,1,LOW_POWER_OR_UNSTABLE,1.0,1.0,1.0,podair
low_reliability_or_unlikely,surface_token,poeokeey,R00,1,1,1,LOW_POWER_OR_UNSTABLE,1.0,1.0,1.0,poeokeey
low_reliability_or_unlikely,surface_token,poiin,R06,1,1,1,LOW_POWER_OR_UNSTABLE,1.0,1.0,1.0,poiin
low_reliability_or_unlikely,surface_token,pol,R06,1,1,1,LOW_POWER_OR_UNSTABLE,1.0,1.0,1.0,pol
low_reliability_or_unlikely,surface_token,polaiin,R00,1,1,1,LOW_POWER_OR_UNSTABLE,1.0,1.0,1.0,polaiin
low_reliability_or_unlikely,surface_token,polar,R06,1,1,1,LOW_POWER_OR_UNSTABLE,1.0,1.0,1.0,polar
low_reliability_or_unlikely,surface_token,poleedaran,R00,1,1,1,LOW_POWER_OR_UNSTABLE,1.0,1.0,1.0,poleedaran
low_reliability_or_unlikely,surface_token,polkedy,R00,1,1,1,LOW_POWER_OR_UNSTABLE,1.0,1.0,1.0,polkedy
low_reliability_or_unlikely,surface_token,polkiin,R00,1,1,1,LOW_POWER_OR_UNSTABLE,1.0,1.0,1.0,polkiin
low_reliability_or_unlikely,surface_token,pollaiin,R00,1,1,1,LOW_POWER_OR_UNSTABLE,1.0,1.0,1.0,pollaiin
low_reliability_or_unlikely,surface_token,polshy,R06,1,1,1,LOW_POWER_OR_UNSTABLE,1.0,1.0,1.0,polshy
low_reliability_or_unlikely,surface_token,polteshol,R00,1,1,1,LOW_POWER_OR_UNSTABLE,1.0,1.0,1.0,polteshol
low_reliability_or_unlikely,surface_token,poly,R06,1,1,1,LOW_POWER_OR_UNSTABLE,1.0,1.0,1.0,poly
low_reliability_or_unlikely,surface_token,porchey,R00,1,1,1,LOW_POWER_OR_UNSTABLE,1.0,1.0,1.0,porchey
low_reliability_or_unlikely,surface_token,porory,R06,1,1,1,LOW_POWER_OR_UNSTABLE,1.0,1.0,1.0,porory
low_reliability_or_unlikely,surface_token,porshols,R00,1,1,1,LOW_POWER_OR_UNSTABLE,1.0,1.0,1.0,porshols
low_reliability_or_unlikely,surface_token,posaiin,R00,1,1,1,LOW_POWER_OR_UNSTABLE,1.0,1.0,1.0,posaiin
low_reliability_or_unlikely,surface_token,pshar,R06,1,1,1,LOW_POWER_OR_UNSTABLE,1.0,1.0,1.0,pshar
low_reliability_or_unlikely,surface_token,pshdar,R06,1,1,1,LOW_POWER_OR_UNSTABLE,1.0,1.0,1.0,pshdar
low_reliability_or_unlikely,surface_token,pshdy,R06,1,1,1,LOW_POWER_OR_UNSTABLE,1.0,1.0,1.0,pshdy
low_reliability_or_unlikely,surface_token,psheedy,R00,1,1,1,LOW_POWER_OR_UNSTABLE,1.0,1.0,1.0,psheedy
low_reliability_or_unlikely,surface_token,psheody,R00,1,1,1,LOW_POWER_OR_UNSTABLE,1.0,1.0,1.0,psheody
low_reliability_or_unlikely,surface_token,pshod,R06,1,1,1,LOW_POWER_OR_UNSTABLE,1.0,1.0,1.0,pshod
low_reliability_or_unlikely,surface_token,pykchy,R06,1,1,1,LOW_POWER_OR_UNSTABLE,1.0,1.0,1.0,pykchy
low_reliability_or_unlikely,surface_token,pysaiinor,R00,1,1,1,LOW_POWER_OR_UNSTABLE,1.0,1.0,1.0,pysaiinor
low_reliability_or_unlikely,surface_token,q,R00,1,1,1,LOW_POWER_OR_UNSTABLE,1.0,1.0,1.0,q
low_reliability_or_unlikely,surface_token,qaiin,R00,1,1,1,LOW_POWER_OR_UNSTABLE,1.0,1.0,1.0,qaiin
low_reliability_or_unlikely,surface_token,qchodal,R09,1,1,1,LOW_POWER_OR_UNSTABLE,1.0,1.0,1.0,qchodal
low_reliability_or_unlikely,surface_token,qckhedy,R00,1,1,1,LOW_POWER_OR_UNSTABLE,1.0,1.0,1.0,qckhedy
low_reliability_or_unlikely,surface_token,qckhsy,R00,1,1,1,LOW_POWER_OR_UNSTABLE,1.0,1.0,1.0,qckhsy
low_reliability_or_unlikely,surface_token,qcthdys,R00,1,1,1,LOW_POWER_OR_UNSTABLE,1.0,1.0,1.0,qcthdys
low_reliability_or_unlikely,surface_token,qcthy,R00,1,1,1,LOW_POWER_OR_UNSTABLE,1.0,1.0,1.0,qcthy
low_reliability_or_unlikely,surface_token,qear,R00,1,1,1,LOW_POWER_OR_UNSTABLE,1.0,1.0,1.0,qear
low_reliability_or_unlikely,surface_token,qechy,R00,1,1,1,LOW_POWER_OR_UNSTABLE,1.0,1.0,1.0,qechy
low_reliability_or_unlikely,surface_token,qeear,R00,1,1,1,LOW_POWER_OR_UNSTABLE,1.0,1.0,1.0,qeear
low_reliability_or_unlikely,surface_token,qeeedy,R00,1,1,1,LOW_POWER_OR_UNSTABLE,1.0,1.0,1.0,qeeedy
low_reliability_or_unlikely,surface_token,qekchy,R00,1,1,1,LOW_POWER_OR_UNSTABLE,1.0,1.0,1.0,qekchy
low_reliability_or_unlikely,surface_token,qekeody,R00,1,1,1,LOW_POWER_OR_UNSTABLE,1.0,1.0,1.0,qekeody
low_reliability_or_unlikely,surface_token,qeol,R00,1,1,1,LOW_POWER_OR_UNSTABLE,1.0,1.0,1.0,qeol
low_reliability_or_unlikely,surface_token,qetain,R00,1,1,1,LOW_POWER_OR_UNSTABLE,1.0,1.0,1.0,qetain
low_reliability_or_unlikely,surface_token,qetam,R00,1,1,1,LOW_POWER_OR_UNSTABLE,1.0,1.0,1.0,qetam
low_reliability_or_unlikely,surface_token,qetedy,R00,1,1,1,LOW_POWER_OR_UNSTABLE,1.0,1.0,1.0,qetedy
low_reliability_or_unlikely,surface_token,qey,R00,1,1,1,LOW_POWER_OR_UNSTABLE,1.0,1.0,1.0,qey
low_reliability_or_unlikely,surface_token,qkain,R00,1,1,1,LOW_POWER_OR_UNSTABLE,1.0,1.0,1.0,qkain
low_reliability_or_unlikely,surface_token,qkeeey,R00,1,1,1,LOW_POWER_OR_UNSTABLE,1.0,1.0,1.0,qkeeey
low_reliability_or_unlikely,surface_token,qko,R00,1,1,1,LOW_POWER_OR_UNSTABLE,1.0,1.0,1.0,qko
low_reliability_or_unlikely,surface_token,qkol,R00,1,1,1,LOW_POWER_OR_UNSTABLE,1.0,1.0,1.0,qkol
low_reliability_or_unlikely,surface_token,qoain,H07,1,1,1,LOW_POWER_OR_UNSTABLE,1.0,1.0,1.0,qoain
low_reliability_or_unlikely,surface_token,qochy,H07,1,1,1,LOW_POWER_OR_UNSTABLE,1.0,1.0,1.0,qochy
low_reliability_or_unlikely,surface_token,qockhal,H07,1,1,1,LOW_POWER_OR_UNSTABLE,1.0,1.0,1.0,qockhal
low_reliability_or_unlikely,surface_token,qockhed,H07,1,1,1,LOW_POWER_OR_UNSTABLE,1.0,1.0,1.0,qockhed
low_reliability_or_unlikely,surface_token,qockheedy,H21,1,1,1,LOW_POWER_OR_UNSTABLE,1.0,1.0,1.0,qockheedy
low_reliability_or_unlikely,surface_token,qockhol,H07,1,1,1,LOW_POWER_OR_UNSTABLE,1.0,1.0,1.0,qockhol
low_reliability_or_unlikely,surface_token,qocthedy,H21,1,1,1,LOW_POWER_OR_UNSTABLE,1.0,1.0,1.0,qocthedy
low_reliability_or_unlikely,surface_token,qocthes,H07,1,1,1,LOW_POWER_OR_UNSTABLE,1.0,1.0,1.0,qocthes
low_reliability_or_unlikely,surface_token,qocthey,H07,1,1,1,LOW_POWER_OR_UNSTABLE,1.0,1.0,1.0,qocthey
low_reliability_or_unlikely,surface_token,qocthy,H07,1,1,1,LOW_POWER_OR_UNSTABLE,1.0,1.0,1.0,qocthy
low_reliability_or_unlikely,surface_token,qodain,H07,1,1,1,LOW_POWER_OR_UNSTABLE,1.0,1.0,1.0,qodain
low_reliability_or_unlikely,surface_token,qodal,R09,1,1,1,LOW_POWER_OR_UNSTABLE,1.0,1.0,1.0,qodal
low_reliability_or_unlikely,surface_token,qodeey,H07,1,1,1,LOW_POWER_OR_UNSTABLE,1.0,1.0,1.0,qodeey
low_reliability_or_unlikely,surface_token,qoeeedy,H21,1,1,1,LOW_POWER_OR_UNSTABLE,1.0,1.0,1.0,qoeeedy
low_reliability_or_unlikely,surface_token,qoeeor,H07,1,1,1,LOW_POWER_OR_UNSTABLE,1.0,1.0,1.0,qoeeor
low_reliability_or_unlikely,surface_token,qoekedy,H21,1,1,1,LOW_POWER_OR_UNSTABLE,1.0,1.0,1.0,qoekedy
low_reliability_or_unlikely,surface_token,qoekeey,H07,1,1,1,LOW_POWER_OR_UNSTABLE,1.0,1.0,1.0,qoekeey
low_reliability_or_unlikely,surface_token,qoekeol,H07,1,1,1,LOW_POWER_OR_UNSTABLE,1.0,1.0,1.0,qoekeol
low_reliability_or_unlikely,surface_token,qoetam,H07,1,1,1,LOW_POWER_OR_UNSTABLE,1.0,1.0,1.0,qoetam
low_reliability_or_unlikely,surface_token,qofchedy,R00,1,1,1,LOW_POWER_OR_UNSTABLE,1.0,1.0,1.0,qofchedy
low_reliability_or_unlikely,surface_token,qoiiin,H07,1,1,1,LOW_POWER_OR_UNSTABLE,1.0,1.0,1.0,qoiiin
low_reliability_or_unlikely,surface_token,qok,H08,1,1,1,LOW_POWER_OR_UNSTABLE,1.0,1.0,1.0,qok
low_reliability_or_unlikely,surface_token,qokady,R00,1,1,1,LOW_POWER_OR_UNSTABLE,1.0,1.0,1.0,qokady
low_reliability_or_unlikely,surface_token,qokaiinos,H08,1,1,1,LOW_POWER_OR_UNSTABLE,1.0,1.0,1.0,qokaiinos
low_reliability_or_unlikely,surface_token,qokaiir,H08,1,1,1,LOW_POWER_OR_UNSTABLE,1.0,1.0,1.0,qokaiir
low_reliability_or_unlikely,surface_token,qokairortas,H08,1,1,1,LOW_POWER_OR_UNSTABLE,1.0,1.0,1.0,qokairortas
low_reliability_or_unlikely,surface_token,qokalar,H08,1,1,1,LOW_POWER_OR_UNSTABLE,1.0,1.0,1.0,qokalar
low_reliability_or_unlikely,surface_token,qokaldar,H08,1,1,1,LOW_POWER_OR_UNSTABLE,1.0,1.0,1.0,qokaldar
low_reliability_or_unlikely,surface_token,qokalor,H08,1,1,1,LOW_POWER_OR_UNSTABLE,1.0,1.0,1.0,qokalor
low_reliability_or_unlikely,surface_token,qokaloro,H08,1,1,1,LOW_POWER_OR_UNSTABLE,1.0,1.0,1.0,qokaloro
low_reliability_or_unlikely,surface_token,qokals,H08,1,1,1,LOW_POWER_OR_UNSTABLE,1.0,1.0,1.0,qokals
low_reliability_or_unlikely,surface_token,qokarary,R03,1,1,1,LOW_POWER_OR_UNSTABLE,1.0,1.0,1.0,qokarary
low_reliability_or_unlikely,surface_token,qokardy,R03,1,1,1,LOW_POWER_OR_UNSTABLE,1.0,1.0,1.0,qokardy
low_reliability_or_unlikely,surface_token,qokcheololain,H08,1,1,1,LOW_POWER_OR_UNSTABLE,1.0,1.0,1.0,qokcheololain
low_reliability_or_unlikely,surface_token,qokechdy,R00,1,1,1,LOW_POWER_OR_UNSTABLE,1.0,1.0,1.0,qokechdy
low_reliability_or_unlikely,surface_token,qokechedy,R00,1,1,1,LOW_POWER_OR_UNSTABLE,1.0,1.0,1.0,qokechedy
low_reliability_or_unlikely,surface_token,qokechey,H08,1,1,1,LOW_POWER_OR_UNSTABLE,1.0,1.0,1.0,qokechey
low_reliability_or_unlikely,surface_token,qokedain,H08,1,1,1,LOW_POWER_OR_UNSTABLE,1.0,1.0,1.0,qokedain
low_reliability_or_unlikely,surface_token,qokedal,H08,1,1,1,LOW_POWER_OR_UNSTABLE,1.0,1.0,1.0,qokedal
low_reliability_or_unlikely,surface_token,qokededy,H12,1,1,1,LOW_POWER_OR_UNSTABLE,1.0,1.0,1.0,qokededy
low_reliability_or_unlikely,surface_token,qokeeal,H08,1,1,1,LOW_POWER_OR_UNSTABLE,1.0,1.0,1.0,qokeeal
low_reliability_or_unlikely,surface_token,qokeechom,H08,1,1,1,LOW_POWER_OR_UNSTABLE,1.0,1.0,1.0,qokeechom
low_reliability_or_unlikely,surface_token,qokeedar,H08,1,1,1,LOW_POWER_OR_UNSTABLE,1.0,1.0,1.0,qokeedar
low_reliability_or_unlikely,surface_token,qokeedykey,H08,1,1,1,LOW_POWER_OR_UNSTABLE,1.0,1.0,1.0,qokeedykey
low_reliability_or_unlikely,surface_token,qokeeod,H08,1,1,1,LOW_POWER_OR_UNSTABLE,1.0,1.0,1.0,qokeeod
low_reliability_or_unlikely,surface_token,qokeeor,H08,1,1,1,LOW_POWER_OR_UNSTABLE,1.0,1.0,1.0,qokeeor
low_reliability_or_unlikely,surface_token,qokeeos,H08,1,1,1,LOW_POWER_OR_UNSTABLE,1.0,1.0,1.0,qokeeos
low_reliability_or_unlikely,surface_token,qokeg,H08,1,1,1,LOW_POWER_OR_UNSTABLE,1.0,1.0,1.0,qokeg
low_reliability_or_unlikely,surface_token,qokeog,H08,1,1,1,LOW_POWER_OR_UNSTABLE,1.0,1.0,1.0,qokeog
low_reliability_or_unlikely,surface_token,qokeolchey,H08,1,1,1,LOW_POWER_OR_UNSTABLE,1.0,1.0,1.0,qokeolchey
low_reliability_or_unlikely,surface_token,qokeolo,H08,1,1,1,LOW_POWER_OR_UNSTABLE,1.0,1.0,1.0,qokeolo
low_reliability_or_unlikely,surface_token,qokeom,H08,1,1,1,LOW_POWER_OR_UNSTABLE,1.0,1.0,1.0,qokeom
low_reliability_or_unlikely,surface_token,qokeor,H08,1,1,1,LOW_POWER_OR_UNSTABLE,1.0,1.0,1.0,qokeor
low_reliability_or_unlikely,surface_token,qokeory,H08,1,1,1,LOW_POWER_OR_UNSTABLE,1.0,1.0,1.0,qokeory
low_reliability_or_unlikely,surface_token,qokesdy,H11,1,1,1,LOW_POWER_OR_UNSTABLE,1.0,1.0,1.0,qokesdy
low_reliability_or_unlikely,surface_token,qokeshey,H08,1,1,1,LOW_POWER_OR_UNSTABLE,1.0,1.0,1.0,qokeshey
low_reliability_or_unlikely,surface_token,qokiin,H08,1,1,1,LOW_POWER_OR_UNSTABLE,1.0,1.0,1.0,qokiin
low_reliability_or_unlikely,surface_token,qoko,R00,1,1,1,LOW_POWER_OR_UNSTABLE,1.0,1.0,1.0,qoko
low_reliability_or_unlikely,surface_token,qokoiir,H08,1,1,1,LOW_POWER_OR_UNSTABLE,1.0,1.0,1.0,qokoiir
low_reliability_or_unlikely,surface_token,qokoin,H08,1,1,1,LOW_POWER_OR_UNSTABLE,1.0,1.0,1.0,qokoin
low_reliability_or_unlikely,surface_token,qokom,H08,1,1,1,LOW_POWER_OR_UNSTABLE,1.0,1.0,1.0,qokom
low_reliability_or_unlikely,surface_token,qokshd,H08,1,1,1,LOW_POWER_OR_UNSTABLE,1.0,1.0,1.0,qokshd
low_reliability_or_unlikely,surface_token,qokshe,H08,1,1,1,LOW_POWER_OR_UNSTABLE,1.0,1.0,1.0,qokshe
low_reliability_or_unlikely,surface_token,qokshedy,H12,1,1,1,LOW_POWER_OR_UNSTABLE,1.0,1.0,1.0,qokshedy
low_reliability_or_unlikely,surface_token,qoksheo,H08,1,1,1,LOW_POWER_OR_UNSTABLE,1.0,1.0,1.0,qoksheo
low_reliability_or_unlikely,surface_token,qokshey,H08,1,1,1,LOW_POWER_OR_UNSTABLE,1.0,1.0,1.0,qokshey
low_reliability_or_unlikely,surface_token,qokshol,H08,1,1,1,LOW_POWER_OR_UNSTABLE,1.0,1.0,1.0,qokshol
low_reliability_or_unlikely,surface_token,qokshy,H08,1,1,1,LOW_POWER_OR_UNSTABLE,1.0,1.0,1.0,qokshy
low_reliability_or_unlikely,surface_token,qokydy,R00,1,1,1,LOW_POWER_OR_UNSTABLE,1.0,1.0,1.0,qokydy
low_reliability_or_unlikely,surface_token,qokylddy,H11,1,1,1,LOW_POWER_OR_UNSTABLE,1.0,1.0,1.0,qokylddy
low_reliability_or_unlikely,surface_token,qokytchedy,H10,1,1,1,LOW_POWER_OR_UNSTABLE,1.0,1.0,1.0,qokytchedy
low_reliability_or_unlikely,surface_token,qolaiin,H07,1,1,1,LOW_POWER_OR_UNSTABLE,1.0,1.0,1.0,qolaiin
low_reliability_or_unlikely,surface_token,qolcheedy,H21,1,1,1,LOW_POWER_OR_UNSTABLE,1.0,1.0,1.0,qolcheedy
low_reliability_or_unlikely,surface_token,qoldy,R00,1,1,1,LOW_POWER_OR_UNSTABLE,1.0,1.0,1.0,qoldy
low_reliability_or_unlikely,surface_token,qolin,H07,1,1,1,LOW_POWER_OR_UNSTABLE,1.0,1.0,1.0,qolin
low_reliability_or_unlikely,surface_token,qolkary,H07,1,1,1,LOW_POWER_OR_UNSTABLE,1.0,1.0,1.0,qolkary
low_reliability_or_unlikely,surface_token,qolkeeoly,H07,1,1,1,LOW_POWER_OR_UNSTABLE,1.0,1.0,1.0,qolkeeoly
low_reliability_or_unlikely,surface_token,qolkeey,H07,1,1,1,LOW_POWER_OR_UNSTABLE,1.0,1.0,1.0,qolkeey
low_reliability_or_unlikely,surface_token,qolr,H07,1,1,1,LOW_POWER_OR_UNSTABLE,1.0,1.0,1.0,qolr
low_reliability_or_unlikely,surface_token,qolsheedy,H21,1,1,1,LOW_POWER_OR_UNSTABLE,1.0,1.0,1.0,qolsheedy
low_reliability_or_unlikely,surface_token,qoltedy,H21,1,1,1,LOW_POWER_OR_UNSTABLE,1.0,1.0,1.0,qoltedy
low_reliability_or_unlikely,surface_token,qolteedy,H21,1,1,1,LOW_POWER_OR_UNSTABLE,1.0,1.0,1.0,qolteedy
low_reliability_or_unlikely,surface_token,qoly,H07,1,1,1,LOW_POWER_OR_UNSTABLE,1.0,1.0,1.0,qoly
low_reliability_or_unlikely,surface_token,qoos,H07,1,1,1,LOW_POWER_OR_UNSTABLE,1.0,1.0,1.0,qoos
low_reliability_or_unlikely,surface_token,qop,R00,1,1,1,LOW_POWER_OR_UNSTABLE,1.0,1.0,1.0,qop
low_reliability_or_unlikely,surface_token,qopar,H07,1,1,1,LOW_POWER_OR_UNSTABLE,1.0,1.0,1.0,qopar
low_reliability_or_unlikely,surface_token,qopchair,H07,1,1,1,LOW_POWER_OR_UNSTABLE,1.0,1.0,1.0,qopchair
low_reliability_or_unlikely,surface_token,qopchcfhy,H07,1,1,1,LOW_POWER_OR_UNSTABLE,1.0,1.0,1.0,qopchcfhy
low_reliability_or_unlikely,surface_token,qopchedy,R00,1,1,1,LOW_POWER_OR_UNSTABLE,1.0,1.0,1.0,qopchedy
low_reliability_or_unlikely,surface_token,qopcheedy,H21,1,1,1,LOW_POWER_OR_UNSTABLE,1.0,1.0,1.0,qopcheedy
low_reliability_or_unlikely,surface_token,qopcheeody,H20,1,1,1,LOW_POWER_OR_UNSTABLE,1.0,1.0,1.0,qopcheeody
low_reliability_or_unlikely,surface_token,qorain,H07,1,1,1,LOW_POWER_OR_UNSTABLE,1.0,1.0,1.0,qorain
low_reliability_or_unlikely,surface_token,qorchedy,R00,1,1,1,LOW_POWER_OR_UNSTABLE,1.0,1.0,1.0,qorchedy
low_reliability_or_unlikely,surface_token,qotaiior,H13,1,1,1,LOW_POWER_OR_UNSTABLE,1.0,1.0,1.0,qotaiior
low_reliability_or_unlikely,surface_token,qotail,H13,1,1,1,LOW_POWER_OR_UNSTABLE,1.0,1.0,1.0,qotail
low_reliability_or_unlikely,surface_token,qotalody,H16,1,1,1,LOW_POWER_OR_UNSTABLE,1.0,1.0,1.0,qotalody
low_reliability_or_unlikely,surface_token,qotalom,H13,1,1,1,LOW_POWER_OR_UNSTABLE,1.0,1.0,1.0,qotalom
low_reliability_or_unlikely,surface_token,qotam,H13,1,1,1,LOW_POWER_OR_UNSTABLE,1.0,1.0,1.0,qotam
low_reliability_or_unlikely,surface_token,qotan,H13,1,1,1,LOW_POWER_OR_UNSTABLE,1.0,1.0,1.0,qotan
low_reliability_or_unlikely,surface_token,qotched,H13,1,1,1,LOW_POWER_OR_UNSTABLE,1.0,1.0,1.0,qotched
low_reliability_or_unlikely,surface_token,qotchedar,H13,1,1,1,LOW_POWER_OR_UNSTABLE,1.0,1.0,1.0,qotchedar
low_reliability_or_unlikely,surface_token,qotchey,H13,1,1,1,LOW_POWER_OR_UNSTABLE,1.0,1.0,1.0,qotchey
low_reliability_or_unlikely,surface_token,qotchod,H13,1,1,1,LOW_POWER_OR_UNSTABLE,1.0,1.0,1.0,qotchod
low_reliability_or_unlikely,surface_token,qotchr,H13,1,1,1,LOW_POWER_OR_UNSTABLE,1.0,1.0,1.0,qotchr
low_reliability_or_unlikely,surface_token,qotechoep,H13,1,1,1,LOW_POWER_OR_UNSTABLE,1.0,1.0,1.0,qotechoep
low_reliability_or_unlikely,surface_token,qotedal,H13,1,1,1,LOW_POWER_OR_UNSTABLE,1.0,1.0,1.0,qotedal
low_reliability_or_unlikely,surface_token,qotedol,H13,1,1,1,LOW_POWER_OR_UNSTABLE,1.0,1.0,1.0,qotedol
low_reliability_or_unlikely,surface_token,qotee,H13,1,1,1,LOW_POWER_OR_UNSTABLE,1.0,1.0,1.0,qotee
low_reliability_or_unlikely,surface_token,qoteed,H13,1,1,1,LOW_POWER_OR_UNSTABLE,1.0,1.0,1.0,qoteed
low_reliability_or_unlikely,surface_token,qoteedaiin,H13,1,1,1,LOW_POWER_OR_UNSTABLE,1.0,1.0,1.0,qoteedaiin
low_reliability_or_unlikely,surface_token,qoteeey,R00,1,1,1,LOW_POWER_OR_UNSTABLE,1.0,1.0,1.0,qoteeey
low_reliability_or_unlikely,surface_token,qoteeody,H16,1,1,1,LOW_POWER_OR_UNSTABLE,1.0,1.0,1.0,qoteeody
low_reliability_or_unlikely,surface_token,qoteeol,H13,1,1,1,LOW_POWER_OR_UNSTABLE,1.0,1.0,1.0,qoteeol
low_reliability_or_unlikely,surface_token,qoteeosoiiin,H13,1,1,1,LOW_POWER_OR_UNSTABLE,1.0,1.0,1.0,qoteeosoiiin
low_reliability_or_unlikely,surface_token,qoteody,H16,1,1,1,LOW_POWER_OR_UNSTABLE,1.0,1.0,1.0,qoteody
low_reliability_or_unlikely,surface_token,qoteoly,H13,1,1,1,LOW_POWER_OR_UNSTABLE,1.0,1.0,1.0,qoteoly
low_reliability_or_unlikely,surface_token,qoteos,H13,1,1,1,LOW_POWER_OR_UNSTABLE,1.0,1.0,1.0,qoteos
low_reliability_or_unlikely,surface_token,qotir,H13,1,1,1,LOW_POWER_OR_UNSTABLE,1.0,1.0,1.0,qotir
low_reliability_or_unlikely,surface_token,qotl,R00,1,1,1,LOW_POWER_OR_UNSTABLE,1.0,1.0,1.0,qotl
low_reliability_or_unlikely,surface_token,qoto,R00,1,1,1,LOW_POWER_OR_UNSTABLE,1.0,1.0,1.0,qoto
low_reliability_or_unlikely,surface_token,qotod,H13,1,1,1,LOW_POWER_OR_UNSTABLE,1.0,1.0,1.0,qotod
low_reliability_or_unlikely,surface_token,qotodaiin,H13,1,1,1,LOW_POWER_OR_UNSTABLE,1.0,1.0,1.0,qotodaiin
low_reliability_or_unlikely,surface_token,qotoiin,H13,1,1,1,LOW_POWER_OR_UNSTABLE,1.0,1.0,1.0,qotoiin
low_reliability_or_unlikely,surface_token,qotolchd,H13,1,1,1,LOW_POWER_OR_UNSTABLE,1.0,1.0,1.0,qotolchd
low_reliability_or_unlikely,surface_token,qototeeey,H13,1,1,1,LOW_POWER_OR_UNSTABLE,1.0,1.0,1.0,qototeeey
low_reliability_or_unlikely,surface_token,qotshedy,H17,1,1,1,LOW_POWER_OR_UNSTABLE,1.0,1.0,1.0,qotshedy
low_reliability_or_unlikely,surface_token,qotshey,H13,1,1,1,LOW_POWER_OR_UNSTABLE,1.0,1.0,1.0,qotshey
low_reliability_or_unlikely,surface_token,qoy,R00,1,1,1,LOW_POWER_OR_UNSTABLE,1.0,1.0,1.0,qoy
low_reliability_or_unlikely,surface_token,qsolkeedy,R00,1,1,1,LOW_POWER_OR_UNSTABLE,1.0,1.0,1.0,qsolkeedy
low_reliability_or_unlikely,surface_token,qyoeey,R00,1,1,1,LOW_POWER_OR_UNSTABLE,1.0,1.0,1.0,qyoeey
low_reliability_or_unlikely,surface_token,rag,R00,1,1,1,LOW_POWER_OR_UNSTABLE,1.0,1.0,1.0,rag
low_reliability_or_unlikely,surface_token,rair,R00,1,1,1,LOW_POWER_OR_UNSTABLE,1.0,1.0,1.0,rair
low_reliability_or_unlikely,surface_token,ralal,R00,1,1,1,LOW_POWER_OR_UNSTABLE,1.0,1.0,1.0,ralal
low_reliability_or_unlikely,surface_token,ralkchedy,R00,1,1,1,LOW_POWER_OR_UNSTABLE,1.0,1.0,1.0,ralkchedy
low_reliability_or_unlikely,surface_token,ralol,R00,1,1,1,LOW_POWER_OR_UNSTABLE,1.0,1.0,1.0,ralol
low_reliability_or_unlikely,surface_token,raraiin,R00,1,1,1,LOW_POWER_OR_UNSTABLE,1.0,1.0,1.0,raraiin
low_reliability_or_unlikely,surface_token,raral,R00,1,1,1,LOW_POWER_OR_UNSTABLE,1.0,1.0,1.0,raral
low_reliability_or_unlikely,surface_token,rary,R00,1,1,1,LOW_POWER_OR_UNSTABLE,1.0,1.0,1.0,rary
low_reliability_or_unlikely,surface_token,rchedar,R00,1,1,1,LOW_POWER_OR_UNSTABLE,1.0,1.0,1.0,rchedar
low_reliability_or_unlikely,surface_token,rchedy,R00,1,1,1,LOW_POWER_OR_UNSTABLE,1.0,1.0,1.0,rchedy
low_reliability_or_unlikely,surface_token,rcheky,R00,1,1,1,LOW_POWER_OR_UNSTABLE,1.0,1.0,1.0,rcheky
low_reliability_or_unlikely,surface_token,rcheyet,R00,1,1,1,LOW_POWER_OR_UNSTABLE,1.0,1.0,1.0,rcheyet
low_reliability_or_unlikely,surface_token,rchy,R00,1,1,1,LOW_POWER_OR_UNSTABLE,1.0,1.0,1.0,rchy
low_reliability_or_unlikely,surface_token,reeey,R00,1,1,1,LOW_POWER_OR_UNSTABLE,1.0,1.0,1.0,reeey
low_reliability_or_unlikely,surface_token,rkal,R00,1,1,1,LOW_POWER_OR_UNSTABLE,1.0,1.0,1.0,rkal
low_reliability_or_unlikely,surface_token,rkchdy,R00,1,1,1,LOW_POWER_OR_UNSTABLE,1.0,1.0,1.0,rkchdy
low_reliability_or_unlikely,surface_token,rkeey,R00,1,1,1,LOW_POWER_OR_UNSTABLE,1.0,1.0,1.0,rkeey
low_reliability_or_unlikely,surface_token,rky,R00,1,1,1,LOW_POWER_OR_UNSTABLE,1.0,1.0,1.0,rky
low_reliability_or_unlikely,surface_token,rl,R00,1,1,1,LOW_POWER_OR_UNSTABLE,1.0,1.0,1.0,rl
low_reliability_or_unlikely,surface_token,rlaiin,R00,1,1,1,LOW_POWER_OR_UNSTABLE,1.0,1.0,1.0,rlaiin
low_reliability_or_unlikely,surface_token,rody,R00,1,1,1,LOW_POWER_OR_UNSTABLE,1.0,1.0,1.0,rody
low_reliability_or_unlikely,surface_token,rolky,R00,1,1,1,LOW_POWER_OR_UNSTABLE,1.0,1.0,1.0,rolky
low_reliability_or_unlikely,surface_token,rolsheedy,R00,1,1,1,LOW_POWER_OR_UNSTABLE,1.0,1.0,1.0,rolsheedy
low_reliability_or_unlikely,surface_token,rorol,R00,1,1,1,LOW_POWER_OR_UNSTABLE,1.0,1.0,1.0,rorol
low_reliability_or_unlikely,surface_token,rotaiin,R00,1,1,1,LOW_POWER_OR_UNSTABLE,1.0,1.0,1.0,rotaiin
low_reliability_or_unlikely,surface_token,rshdy,R00,1,1,1,LOW_POWER_OR_UNSTABLE,1.0,1.0,1.0,rshdy
low_reliability_or_unlikely,surface_token,rsheal,R00,1,1,1,LOW_POWER_OR_UNSTABLE,1.0,1.0,1.0,rsheal
low_reliability_or_unlikely,surface_token,rshedy,R00,1,1,1,LOW_POWER_OR_UNSTABLE,1.0,1.0,1.0,rshedy
low_reliability_or_unlikely,surface_token,rsheedy,R00,1,1,1,LOW_POWER_OR_UNSTABLE,1.0,1.0,1.0,rsheedy
low_reliability_or_unlikely,surface_token,ry,R00,1,1,1,LOW_POWER_OR_UNSTABLE,1.0,1.0,1.0,ry
low_reliability_or_unlikely,surface_token,sachy,R06,1,1,1,LOW_POWER_OR_UNSTABLE,1.0,1.0,1.0,sachy
low_reliability_or_unlikely,surface_token,saeeasa,R00,1,1,1,LOW_POWER_OR_UNSTABLE,1.0,1.0,1.0,saeeasa
low_reliability_or_unlikely,surface_token,saiinchy,R00,1,1,1,LOW_POWER_OR_UNSTABLE,1.0,1.0,1.0,saiinchy
low_reliability_or_unlikely,surface_token,saiino,R06,1,1,1,LOW_POWER_OR_UNSTABLE,1.0,1.0,1.0,saiino
low_reliability_or_unlikely,surface_token,saiiny,R06,1,1,1,LOW_POWER_OR_UNSTABLE,1.0,1.0,1.0,saiiny
low_reliability_or_unlikely,surface_token,saiir,R06,1,1,1,LOW_POWER_OR_UNSTABLE,1.0,1.0,1.0,saiir
low_reliability_or_unlikely,surface_token,saim,R06,1,1,1,LOW_POWER_OR_UNSTABLE,1.0,1.0,1.0,saim
low_reliability_or_unlikely,surface_token,saino,R06,1,1,1,LOW_POWER_OR_UNSTABLE,1.0,1.0,1.0,saino
low_reliability_or_unlikely,surface_token,sairam,R06,1,1,1,LOW_POWER_OR_UNSTABLE,1.0,1.0,1.0,sairam
low_reliability_or_unlikely,surface_token,saisal,R06,1,1,1,LOW_POWER_OR_UNSTABLE,1.0,1.0,1.0,saisal
low_reliability_or_unlikely,surface_token,salal,R06,1,1,1,LOW_POWER_OR_UNSTABLE,1.0,1.0,1.0,salal
low_reliability_or_unlikely,surface_token,saldam,R06,1,1,1,LOW_POWER_OR_UNSTABLE,1.0,1.0,1.0,saldam
low_reliability_or_unlikely,surface_token,salf,R06,1,1,1,LOW_POWER_OR_UNSTABLE,1.0,1.0,1.0,salf
low_reliability_or_unlikely,surface_token,salkeedy,R00,1,1,1,LOW_POWER_OR_UNSTABLE,1.0,1.0,1.0,salkeedy
low_reliability_or_unlikely,surface_token,salo,R06,1,1,1,LOW_POWER_OR_UNSTABLE,1.0,1.0,1.0,salo
low_reliability_or_unlikely,surface_token,saloiinsheol,R00,1,1,1,LOW_POWER_OR_UNSTABLE,1.0,1.0,1.0,saloiinsheol
low_reliability_or_unlikely,surface_token,salols,R06,1,1,1,LOW_POWER_OR_UNSTABLE,1.0,1.0,1.0,salols
low_reliability_or_unlikely,surface_token,salshcthdy,R00,1,1,1,LOW_POWER_OR_UNSTABLE,1.0,1.0,1.0,salshcthdy
low_reliability_or_unlikely,surface_token,salxarshy,R00,1,1,1,LOW_POWER_OR_UNSTABLE,1.0,1.0,1.0,salxarshy
low_reliability_or_unlikely,surface_token,saly,R06,1,1,1,LOW_POWER_OR_UNSTABLE,1.0,1.0,1.0,saly
low_reliability_or_unlikely,surface_token,saraiin,R00,1,1,1,LOW_POWER_OR_UNSTABLE,1.0,1.0,1.0,saraiin
low_reliability_or_unlikely,surface_token,sarchar,R00,1,1,1,LOW_POWER_OR_UNSTABLE,1.0,1.0,1.0,sarchar
low_reliability_or_unlikely,surface_token,sarchcphdy,R00,1,1,1,LOW_POWER_OR_UNSTABLE,1.0,1.0,1.0,sarchcphdy
low_reliability_or_unlikely,surface_token,sarol,R06,1,1,1,LOW_POWER_OR_UNSTABLE,1.0,1.0,1.0,sarol
low_reliability_or_unlikely,surface_token,sarols,R06,1,1,1,LOW_POWER_OR_UNSTABLE,1.0,1.0,1.0,sarols
low_reliability_or_unlikely,surface_token,sarydy,R06,1,1,1,LOW_POWER_OR_UNSTABLE,1.0,1.0,1.0,sarydy
low_reliability_or_unlikely,surface_token,saykchom,R00,1,1,1,LOW_POWER_OR_UNSTABLE,1.0,1.0,1.0,saykchom
low_reliability_or_unlikely,surface_token,schaiin,R00,1,1,1,LOW_POWER_OR_UNSTABLE,1.0,1.0,1.0,schaiin
low_reliability_or_unlikely,surface_token,scharchy,R00,1,1,1,LOW_POWER_OR_UNSTABLE,1.0,1.0,1.0,scharchy
low_reliability_or_unlikely,surface_token,scheaiin,R00,1,1,1,LOW_POWER_OR_UNSTABLE,1.0,1.0,1.0,scheaiin
low_reliability_or_unlikely,surface_token,schedy,R06,1,1,1,LOW_POWER_OR_UNSTABLE,1.0,1.0,1.0,schedy
low_reliability_or_unlikely,surface_token,scheeol,R00,1,1,1,LOW_POWER_OR_UNSTABLE,1.0,1.0,1.0,scheeol
low_reliability_or_unlikely,surface_token,scheey,R06,1,1,1,LOW_POWER_OR_UNSTABLE,1.0,1.0,1.0,scheey
low_reliability_or_unlikely,surface_token,schekol,R00,1,1,1,LOW_POWER_OR_UNSTABLE,1.0,1.0,1.0,schekol
low_reliability_or_unlikely,surface_token,schoal,R06,1,1,1,LOW_POWER_OR_UNSTABLE,1.0,1.0,1.0,schoal
low_reliability_or_unlikely,surface_token,schokey,R00,1,1,1,LOW_POWER_OR_UNSTABLE,1.0,1.0,1.0,schokey
low_reliability_or_unlikely,surface_token,schol,R06,1,1,1,LOW_POWER_OR_UNSTABLE,1.0,1.0,1.0,schol
low_reliability_or_unlikely,surface_token,seeaiir,R00,1,1,1,LOW_POWER_OR_UNSTABLE,1.0,1.0,1.0,seeaiir
low_reliability_or_unlikely,surface_token,shakol,R06,1,1,1,LOW_POWER_OR_UNSTABLE,1.0,1.0,1.0,shakol
low_reliability_or_unlikely,surface_token,shalg,R06,1,1,1,LOW_POWER_OR_UNSTABLE,1.0,1.0,1.0,shalg
low_reliability_or_unlikely,surface_token,shara,R06,1,1,1,LOW_POWER_OR_UNSTABLE,1.0,1.0,1.0,shara
low_reliability_or_unlikely,surface_token,shchy,R06,1,1,1,LOW_POWER_OR_UNSTABLE,1.0,1.0,1.0,shchy
low_reliability_or_unlikely,surface_token,shckhdy,R00,1,1,1,LOW_POWER_OR_UNSTABLE,1.0,1.0,1.0,shckhdy
low_reliability_or_unlikely,surface_token,shckhedy,R00,1,1,1,LOW_POWER_OR_UNSTABLE,1.0,1.0,1.0,shckhedy
low_reliability_or_unlikely,surface_token,shckhey,R00,1,1,1,LOW_POWER_OR_UNSTABLE,1.0,1.0,1.0,shckhey
low_reliability_or_unlikely,surface_token,shcthey,R04,1,1,1,LOW_POWER_OR_UNSTABLE,1.0,1.0,1.0,shcthey
low_reliability_or_unlikely,surface_token,shealdar,R00,1,1,1,LOW_POWER_OR_UNSTABLE,1.0,1.0,1.0,shealdar
low_reliability_or_unlikely,surface_token,sheckhdy,R00,1,1,1,LOW_POWER_OR_UNSTABLE,1.0,1.0,1.0,sheckhdy
low_reliability_or_unlikely,surface_token,sheckhedy,R00,1,1,1,LOW_POWER_OR_UNSTABLE,1.0,1.0,1.0,sheckhedy
low_reliability_or_unlikely,surface_token,shecthey,R00,1,1,1,LOW_POWER_OR_UNSTABLE,1.0,1.0,1.0,shecthey
low_reliability_or_unlikely,surface_token,shedaiin,R00,1,1,1,LOW_POWER_OR_UNSTABLE,1.0,1.0,1.0,shedaiin
low_reliability_or_unlikely,surface_token,shedaitain,R00,1,1,1,LOW_POWER_OR_UNSTABLE,1.0,1.0,1.0,shedaitain
low_reliability_or_unlikely,surface_token,shedol,R06,1,1,1,LOW_POWER_OR_UNSTABLE,1.0,1.0,1.0,shedol
low_reliability_or_unlikely,surface_token,shedytedy,R00,1,1,1,LOW_POWER_OR_UNSTABLE,1.0,1.0,1.0,shedytedy
low_reliability_or_unlikely,surface_token,sheeckhy,R00,1,1,1,LOW_POWER_OR_UNSTABLE,1.0,1.0,1.0,sheeckhy
low_reliability_or_unlikely,surface_token,sheed,R06,1,1,1,LOW_POWER_OR_UNSTABLE,1.0,1.0,1.0,sheed
low_reliability_or_unlikely,surface_token,sheees,R06,1,1,1,LOW_POWER_OR_UNSTABLE,1.0,1.0,1.0,sheees
low_reliability_or_unlikely,surface_token,sheefy,R06,1,1,1,LOW_POWER_OR_UNSTABLE,1.0,1.0,1.0,sheefy
low_reliability_or_unlikely,surface_token,sheek,R06,1,1,1,LOW_POWER_OR_UNSTABLE,1.0,1.0,1.0,sheek
low_reliability_or_unlikely,surface_token,sheekain,R00,1,1,1,LOW_POWER_OR_UNSTABLE,1.0,1.0,1.0,sheekain
low_reliability_or_unlikely,surface_token,sheekey,R00,1,1,1,LOW_POWER_OR_UNSTABLE,1.0,1.0,1.0,sheekey
low_reliability_or_unlikely,surface_token,sheeo,R06,1,1,1,LOW_POWER_OR_UNSTABLE,1.0,1.0,1.0,sheeo
low_reliability_or_unlikely,surface_token,sheeod,R06,1,1,1,LOW_POWER_OR_UNSTABLE,1.0,1.0,1.0,sheeod
low_reliability_or_unlikely,surface_token,sheeodain,R00,1,1,1,LOW_POWER_OR_UNSTABLE,1.0,1.0,1.0,sheeodain
low_reliability_or_unlikely,surface_token,sheeoldy,R00,1,1,1,LOW_POWER_OR_UNSTABLE,1.0,1.0,1.0,sheeoldy
low_reliability_or_unlikely,surface_token,sheeor,R06,1,1,1,LOW_POWER_OR_UNSTABLE,1.0,1.0,1.0,sheeor
low_reliability_or_unlikely,surface_token,sheepshey,R00,1,1,1,LOW_POWER_OR_UNSTABLE,1.0,1.0,1.0,sheepshey
low_reliability_or_unlikely,surface_token,sheer,R06,1,1,1,LOW_POWER_OR_UNSTABLE,1.0,1.0,1.0,sheer
low_reliability_or_unlikely,surface_token,shefchdy,R00,1,1,1,LOW_POWER_OR_UNSTABLE,1.0,1.0,1.0,shefchdy
low_reliability_or_unlikely,surface_token,shekain,R00,1,1,1,LOW_POWER_OR_UNSTABLE,1.0,1.0,1.0,shekain
low_reliability_or_unlikely,surface_token,shekchy,R00,1,1,1,LOW_POWER_OR_UNSTABLE,1.0,1.0,1.0,shekchy
low_reliability_or_unlikely,surface_token,shekealy,R00,1,1,1,LOW_POWER_OR_UNSTABLE,1.0,1.0,1.0,shekealy
low_reliability_or_unlikely,surface_token,shekeefy,R00,1,1,1,LOW_POWER_OR_UNSTABLE,1.0,1.0,1.0,shekeefy
low_reliability_or_unlikely,surface_token,shekey,R06,1,1,1,LOW_POWER_OR_UNSTABLE,1.0,1.0,1.0,shekey
low_reliability_or_unlikely,surface_token,shekody,R00,1,1,1,LOW_POWER_OR_UNSTABLE,1.0,1.0,1.0,shekody
low_reliability_or_unlikely,surface_token,shekol,R06,1,1,1,LOW_POWER_OR_UNSTABLE,1.0,1.0,1.0,shekol
low_reliability_or_unlikely,surface_token,shekshol,R08,1,1,1,LOW_POWER_OR_UNSTABLE,1.0,1.0,1.0,shekshol
low_reliability_or_unlikely,surface_token,sheoal,R06,1,1,1,LOW_POWER_OR_UNSTABLE,1.0,1.0,1.0,sheoal
low_reliability_or_unlikely,surface_token,sheockhy,R00,1,1,1,LOW_POWER_OR_UNSTABLE,1.0,1.0,1.0,sheockhy
low_reliability_or_unlikely,surface_token,sheodol,R00,1,1,1,LOW_POWER_OR_UNSTABLE,1.0,1.0,1.0,sheodol
low_reliability_or_unlikely,surface_token,sheoeky,R00,1,1,1,LOW_POWER_OR_UNSTABLE,1.0,1.0,1.0,sheoeky
low_reliability_or_unlikely,surface_token,sheokeedy,R00,1,1,1,LOW_POWER_OR_UNSTABLE,1.0,1.0,1.0,sheokeedy
low_reliability_or_unlikely,surface_token,sheolcheky,R00,1,1,1,LOW_POWER_OR_UNSTABLE,1.0,1.0,1.0,sheolcheky
low_reliability_or_unlikely,surface_token,sheoldam,R00,1,1,1,LOW_POWER_OR_UNSTABLE,1.0,1.0,1.0,sheoldam
low_reliability_or_unlikely,surface_token,sheoldy,R00,1,1,1,LOW_POWER_OR_UNSTABLE,1.0,1.0,1.0,sheoldy
low_reliability_or_unlikely,surface_token,sheolkeal,R00,1,1,1,LOW_POWER_OR_UNSTABLE,1.0,1.0,1.0,sheolkeal
low_reliability_or_unlikely,surface_token,sheolol,R00,1,1,1,LOW_POWER_OR_UNSTABLE,1.0,1.0,1.0,sheolol
low_reliability_or_unlikely,surface_token,sheolor,R00,1,1,1,LOW_POWER_OR_UNSTABLE,1.0,1.0,1.0,sheolor
low_reliability_or_unlikely,surface_token,sheols,R06,1,1,1,LOW_POWER_OR_UNSTABLE,1.0,1.0,1.0,sheols
low_reliability_or_unlikely,surface_token,sheoltey,R00,1,1,1,LOW_POWER_OR_UNSTABLE,1.0,1.0,1.0,sheoltey
low_reliability_or_unlikely,surface_token,sheoly,R06,1,1,1,LOW_POWER_OR_UNSTABLE,1.0,1.0,1.0,sheoly
low_reliability_or_unlikely,surface_token,sheopchey,R00,1,1,1,LOW_POWER_OR_UNSTABLE,1.0,1.0,1.0,sheopchey
low_reliability_or_unlikely,surface_token,sheos,R06,1,1,1,LOW_POWER_OR_UNSTABLE,1.0,1.0,1.0,sheos
low_reliability_or_unlikely,surface_token,sheosam,R00,1,1,1,LOW_POWER_OR_UNSTABLE,1.0,1.0,1.0,sheosam
low_reliability_or_unlikely,surface_token,sheoy,R06,1,1,1,LOW_POWER_OR_UNSTABLE,1.0,1.0,1.0,sheoy
low_reliability_or_unlikely,surface_token,shet,R06,1,1,1,LOW_POWER_OR_UNSTABLE,1.0,1.0,1.0,shet
low_reliability_or_unlikely,surface_token,shetcheodchs,R00,1,1,1,LOW_POWER_OR_UNSTABLE,1.0,1.0,1.0,shetcheodchs
low_reliability_or_unlikely,surface_token,sheykain,R00,1,1,1,LOW_POWER_OR_UNSTABLE,1.0,1.0,1.0,sheykain
low_reliability_or_unlikely,surface_token,sheyteedy,R00,1,1,1,LOW_POWER_OR_UNSTABLE,1.0,1.0,1.0,sheyteedy
low_reliability_or_unlikely,surface_token,shfydaiin,R10,1,1,1,LOW_POWER_OR_UNSTABLE,1.0,1.0,1.0,shfydaiin
low_reliability_or_unlikely,surface_token,shkaiin,R00,1,1,1,LOW_POWER_OR_UNSTABLE,1.0,1.0,1.0,shkaiin
low_reliability_or_unlikely,surface_token,shkain,R06,1,1,1,LOW_POWER_OR_UNSTABLE,1.0,1.0,1.0,shkain
low_reliability_or_unlikely,surface_token,shkchodyal,R00,1,1,1,LOW_POWER_OR_UNSTABLE,1.0,1.0,1.0,shkchodyal
low_reliability_or_unlikely,surface_token,shkchor,R00,1,1,1,LOW_POWER_OR_UNSTABLE,1.0,1.0,1.0,shkchor
low_reliability_or_unlikely,surface_token,shkchy,R06,1,1,1,LOW_POWER_OR_UNSTABLE,1.0,1.0,1.0,shkchy
low_reliability_or_unlikely,surface_token,shkshy,R06,1,1,1,LOW_POWER_OR_UNSTABLE,1.0,1.0,1.0,shkshy
low_reliability_or_unlikely,surface_token,shockhey,R00,1,1,1,LOW_POWER_OR_UNSTABLE,1.0,1.0,1.0,shockhey
low_reliability_or_unlikely,surface_token,shockho,R00,1,1,1,LOW_POWER_OR_UNSTABLE,1.0,1.0,1.0,shockho
low_reliability_or_unlikely,surface_token,shockhy,R00,1,1,1,LOW_POWER_OR_UNSTABLE,1.0,1.0,1.0,shockhy
low_reliability_or_unlikely,surface_token,shocthol,R00,1,1,1,LOW_POWER_OR_UNSTABLE,1.0,1.0,1.0,shocthol
low_reliability_or_unlikely,surface_token,shod,R06,1,1,1,LOW_POWER_OR_UNSTABLE,1.0,1.0,1.0,shod
low_reliability_or_unlikely,surface_token,shodain,R05,1,1,1,LOW_POWER_OR_UNSTABLE,1.0,1.0,1.0,shodain
low_reliability_or_unlikely,surface_token,shoefy,R06,1,1,1,LOW_POWER_OR_UNSTABLE,1.0,1.0,1.0,shoefy
low_reliability_or_unlikely,surface_token,shofol,R06,1,1,1,LOW_POWER_OR_UNSTABLE,1.0,1.0,1.0,shofol
low_reliability_or_unlikely,surface_token,shoiin,R06,1,1,1,LOW_POWER_OR_UNSTABLE,1.0,1.0,1.0,shoiin
low_reliability_or_unlikely,surface_token,shok,R06,1,1,1,LOW_POWER_OR_UNSTABLE,1.0,1.0,1.0,shok
low_reliability_or_unlikely,surface_token,shokain,R00,1,1,1,LOW_POWER_OR_UNSTABLE,1.0,1.0,1.0,shokain
low_reliability_or_unlikely,surface_token,shokal,R06,1,1,1,LOW_POWER_OR_UNSTABLE,1.0,1.0,1.0,shokal
low_reliability_or_unlikely,surface_token,shokeedar,R00,1,1,1,LOW_POWER_OR_UNSTABLE,1.0,1.0,1.0,shokeedar
low_reliability_or_unlikely,surface_token,shokey,R06,1,1,1,LOW_POWER_OR_UNSTABLE,1.0,1.0,1.0,shokey
low_reliability_or_unlikely,surface_token,shokshor,R00,1,1,1,LOW_POWER_OR_UNSTABLE,1.0,1.0,1.0,shokshor
low_reliability_or_unlikely,surface_token,shoky,R06,1,1,1,LOW_POWER_OR_UNSTABLE,1.0,1.0,1.0,shoky
low_reliability_or_unlikely,surface_token,sholdaiin,R10,1,1,1,LOW_POWER_OR_UNSTABLE,1.0,1.0,1.0,sholdaiin
low_reliability_or_unlikely,surface_token,sholkcheol,R08,1,1,1,LOW_POWER_OR_UNSTABLE,1.0,1.0,1.0,sholkcheol
low_reliability_or_unlikely,surface_token,sholkeedy,R08,1,1,1,LOW_POWER_OR_UNSTABLE,1.0,1.0,1.0,sholkeedy
low_reliability_or_unlikely,surface_token,sholor,R06,1,1,1,LOW_POWER_OR_UNSTABLE,1.0,1.0,1.0,sholor
low_reliability_or_unlikely,surface_token,shom,R06,1,1,1,LOW_POWER_OR_UNSTABLE,1.0,1.0,1.0,shom
low_reliability_or_unlikely,surface_token,shopalchedy,R00,1,1,1,LOW_POWER_OR_UNSTABLE,1.0,1.0,1.0,shopalchedy
low_reliability_or_unlikely,surface_token,shopchey,R00,1,1,1,LOW_POWER_OR_UNSTABLE,1.0,1.0,1.0,shopchey
low_reliability_or_unlikely,surface_token,shorshy,R00,1,1,1,LOW_POWER_OR_UNSTABLE,1.0,1.0,1.0,shorshy
low_reliability_or_unlikely,surface_token,shosaiin,R00,1,1,1,LOW_POWER_OR_UNSTABLE,1.0,1.0,1.0,shosaiin
low_reliability_or_unlikely,surface_token,shoshy,R06,1,1,1,LOW_POWER_OR_UNSTABLE,1.0,1.0,1.0,shoshy
low_reliability_or_unlikely,surface_token,shotoly,R00,1,1,1,LOW_POWER_OR_UNSTABLE,1.0,1.0,1.0,shotoly
low_reliability_or_unlikely,surface_token,shoyty,R06,1,1,1,LOW_POWER_OR_UNSTABLE,1.0,1.0,1.0,shoyty
low_reliability_or_unlikely,surface_token,shs,R06,1,1,1,LOW_POWER_OR_UNSTABLE,1.0,1.0,1.0,shs
low_reliability_or_unlikely,surface_token,shtol,R06,1,1,1,LOW_POWER_OR_UNSTABLE,1.0,1.0,1.0,shtol
low_reliability_or_unlikely,surface_token,shty,R06,1,1,1,LOW_POWER_OR_UNSTABLE,1.0,1.0,1.0,shty
low_reliability_or_unlikely,surface_token,shykaiin,R00,1,1,1,LOW_POWER_OR_UNSTABLE,1.0,1.0,1.0,shykaiin
low_reliability_or_unlikely,surface_token,shykol,R06,1,1,1,LOW_POWER_OR_UNSTABLE,1.0,1.0,1.0,shykol
low_reliability_or_unlikely,surface_token,shytchor,R00,1,1,1,LOW_POWER_OR_UNSTABLE,1.0,1.0,1.0,shytchor
low_reliability_or_unlikely,surface_token,skaiin,R06,1,1,1,LOW_POWER_OR_UNSTABLE,1.0,1.0,1.0,skaiin
low_reliability_or_unlikely,surface_token,skaiiodar,R00,1,1,1,LOW_POWER_OR_UNSTABLE,1.0,1.0,1.0,skaiiodar
low_reliability_or_unlikely,surface_token,skeeal,R06,1,1,1,LOW_POWER_OR_UNSTABLE,1.0,1.0,1.0,skeeal
low_reliability_or_unlikely,surface_token,skeey,R06,1,1,1,LOW_POWER_OR_UNSTABLE,1.0,1.0,1.0,skeey
low_reliability_or_unlikely,surface_token,skey,R06,1,1,1,LOW_POWER_OR_UNSTABLE,1.0,1.0,1.0,skey
low_reliability_or_unlikely,surface_token,sochorcfhy,R00,1,1,1,LOW_POWER_OR_UNSTABLE,1.0,1.0,1.0,sochorcfhy
low_reliability_or_unlikely,surface_token,socths,R06,1,1,1,LOW_POWER_OR_UNSTABLE,1.0,1.0,1.0,socths
low_reliability_or_unlikely,surface_token,sodal,R06,1,1,1,LOW_POWER_OR_UNSTABLE,1.0,1.0,1.0,sodal
low_reliability_or_unlikely,surface_token,soeedoy,R00,1,1,1,LOW_POWER_OR_UNSTABLE,1.0,1.0,1.0,soeedoy
low_reliability_or_unlikely,surface_token,soeeol,R06,1,1,1,LOW_POWER_OR_UNSTABLE,1.0,1.0,1.0,soeeol
low_reliability_or_unlikely,surface_token,soeey,R06,1,1,1,LOW_POWER_OR_UNSTABLE,1.0,1.0,1.0,soeey
low_reliability_or_unlikely,surface_token,soes,R06,1,1,1,LOW_POWER_OR_UNSTABLE,1.0,1.0,1.0,soes
low_reliability_or_unlikely,surface_token,soiindy,R00,1,1,1,LOW_POWER_OR_UNSTABLE,1.0,1.0,1.0,soiindy
low_reliability_or_unlikely,surface_token,soity,R06,1,1,1,LOW_POWER_OR_UNSTABLE,1.0,1.0,1.0,soity
low_reliability_or_unlikely,surface_token,sokar,R06,1,1,1,LOW_POWER_OR_UNSTABLE,1.0,1.0,1.0,sokar
low_reliability_or_unlikely,surface_token,sokcheey,R00,1,1,1,LOW_POWER_OR_UNSTABLE,1.0,1.0,1.0,sokcheey
low_reliability_or_unlikely,surface_token,sokchol,R00,1,1,1,LOW_POWER_OR_UNSTABLE,1.0,1.0,1.0,sokchol
low_reliability_or_unlikely,surface_token,sokeey,R06,1,1,1,LOW_POWER_OR_UNSTABLE,1.0,1.0,1.0,sokeey
low_reliability_or_unlikely,surface_token,sokoly,R06,1,1,1,LOW_POWER_OR_UNSTABLE,1.0,1.0,1.0,sokoly
low_reliability_or_unlikely,surface_token,solaiin,R00,1,1,1,LOW_POWER_OR_UNSTABLE,1.0,1.0,1.0,solaiin
low_reliability_or_unlikely,surface_token,solair,R06,1,1,1,LOW_POWER_OR_UNSTABLE,1.0,1.0,1.0,solair
low_reliability_or_unlikely,surface_token,solal,R06,1,1,1,LOW_POWER_OR_UNSTABLE,1.0,1.0,1.0,solal
low_reliability_or_unlikely,surface_token,solchey,R00,1,1,1,LOW_POWER_OR_UNSTABLE,1.0,1.0,1.0,solchey
low_reliability_or_unlikely,surface_token,solcthy,R00,1,1,1,LOW_POWER_OR_UNSTABLE,1.0,1.0,1.0,solcthy
low_reliability_or_unlikely,surface_token,soleesos,R00,1,1,1,LOW_POWER_OR_UNSTABLE,1.0,1.0,1.0,soleesos
low_reliability_or_unlikely,surface_token,solkchy,R00,1,1,1,LOW_POWER_OR_UNSTABLE,1.0,1.0,1.0,solkchy
low_reliability_or_unlikely,surface_token,solkedy,R00,1,1,1,LOW_POWER_OR_UNSTABLE,1.0,1.0,1.0,solkedy
low_reliability_or_unlikely,surface_token,solshed,R00,1,1,1,LOW_POWER_OR_UNSTABLE,1.0,1.0,1.0,solshed
low_reliability_or_unlikely,surface_token,solshedy,R00,1,1,1,LOW_POWER_OR_UNSTABLE,1.0,1.0,1.0,solshedy
low_reliability_or_unlikely,surface_token,solsheol,R00,1,1,1,LOW_POWER_OR_UNSTABLE,1.0,1.0,1.0,solsheol
low_reliability_or_unlikely,surface_token,solshey,R00,1,1,1,LOW_POWER_OR_UNSTABLE,1.0,1.0,1.0,solshey
low_reliability_or_unlikely,surface_token,solsy,R06,1,1,1,LOW_POWER_OR_UNSTABLE,1.0,1.0,1.0,solsy
low_reliability_or_unlikely,surface_token,soly,R06,1,1,1,LOW_POWER_OR_UNSTABLE,1.0,1.0,1.0,soly
low_reliability_or_unlikely,surface_token,sorain,R06,1,1,1,LOW_POWER_OR_UNSTABLE,1.0,1.0,1.0,sorain
low_reliability_or_unlikely,surface_token,soral,R06,1,1,1,LOW_POWER_OR_UNSTABLE,1.0,1.0,1.0,soral
low_reliability_or_unlikely,surface_token,soraly,R06,1,1,1,LOW_POWER_OR_UNSTABLE,1.0,1.0,1.0,soraly
low_reliability_or_unlikely,surface_token,sororl,R06,1,1,1,LOW_POWER_OR_UNSTABLE,1.0,1.0,1.0,sororl
low_reliability_or_unlikely,surface_token,sorory,R06,1,1,1,LOW_POWER_OR_UNSTABLE,1.0,1.0,1.0,sorory
low_reliability_or_unlikely,surface_token,sory,R06,1,1,1,LOW_POWER_OR_UNSTABLE,1.0,1.0,1.0,sory
low_reliability_or_unlikely,surface_token,sosaiir,R00,1,1,1,LOW_POWER_OR_UNSTABLE,1.0,1.0,1.0,sosaiir
low_reliability_or_unlikely,surface_token,sosam,R06,1,1,1,LOW_POWER_OR_UNSTABLE,1.0,1.0,1.0,sosam
low_reliability_or_unlikely,surface_token,sosho,R06,1,1,1,LOW_POWER_OR_UNSTABLE,1.0,1.0,1.0,sosho
low_reliability_or_unlikely,surface_token,soshy,R06,1,1,1,LOW_POWER_OR_UNSTABLE,1.0,1.0,1.0,soshy
low_reliability_or_unlikely,surface_token,sotchaiin,R00,1,1,1,LOW_POWER_OR_UNSTABLE,1.0,1.0,1.0,sotchaiin
low_reliability_or_unlikely,surface_token,sotchy,R06,1,1,1,LOW_POWER_OR_UNSTABLE,1.0,1.0,1.0,sotchy
low_reliability_or_unlikely,surface_token,soteol,R06,1,1,1,LOW_POWER_OR_UNSTABLE,1.0,1.0,1.0,soteol
low_reliability_or_unlikely,surface_token,sotoiiin,R00,1,1,1,LOW_POWER_OR_UNSTABLE,1.0,1.0,1.0,sotoiiin
low_reliability_or_unlikely,surface_token,soy,R06,1,1,1,LOW_POWER_OR_UNSTABLE,1.0,1.0,1.0,soy
low_reliability_or_unlikely,surface_token,soysar,R06,1,1,1,LOW_POWER_OR_UNSTABLE,1.0,1.0,1.0,soysar
low_reliability_or_unlikely,surface_token,ssheol,R06,1,1,1,LOW_POWER_OR_UNSTABLE,1.0,1.0,1.0,ssheol
low_reliability_or_unlikely,surface_token,sshkchdy,R00,1,1,1,LOW_POWER_OR_UNSTABLE,1.0,1.0,1.0,sshkchdy
low_reliability_or_unlikely,surface_token,ssho,R06,1,1,1,LOW_POWER_OR_UNSTABLE,1.0,1.0,1.0,ssho
low_reliability_or_unlikely,surface_token,sshok,R06,1,1,1,LOW_POWER_OR_UNSTABLE,1.0,1.0,1.0,sshok
low_reliability_or_unlikely,surface_token,syaiir,R06,1,1,1,LOW_POWER_OR_UNSTABLE,1.0,1.0,1.0,syaiir
low_reliability_or_unlikely,surface_token,sydy,R06,1,1,1,LOW_POWER_OR_UNSTABLE,1.0,1.0,1.0,sydy
low_reliability_or_unlikely,surface_token,sykos,R06,1,1,1,LOW_POWER_OR_UNSTABLE,1.0,1.0,1.0,sykos
low_reliability_or_unlikely,surface_token,syty,R06,1,1,1,LOW_POWER_OR_UNSTABLE,1.0,1.0,1.0,syty
low_reliability_or_unlikely,surface_token,tal,R06,1,1,1,LOW_POWER_OR_UNSTABLE,1.0,1.0,1.0,tal
low_reliability_or_unlikely,surface_token,talar,R06,1,1,1,LOW_POWER_OR_UNSTABLE,1.0,1.0,1.0,talar
low_reliability_or_unlikely,surface_token,talchos,R00,1,1,1,LOW_POWER_OR_UNSTABLE,1.0,1.0,1.0,talchos
low_reliability_or_unlikely,surface_token,talol,R06,1,1,1,LOW_POWER_OR_UNSTABLE,1.0,1.0,1.0,talol
low_reliability_or_unlikely,surface_token,tam,R06,1,1,1,LOW_POWER_OR_UNSTABLE,1.0,1.0,1.0,tam
low_reliability_or_unlikely,surface_token,taraiin,R00,1,1,1,LOW_POWER_OR_UNSTABLE,1.0,1.0,1.0,taraiin
low_reliability_or_unlikely,surface_token,tarair,R06,1,1,1,LOW_POWER_OR_UNSTABLE,1.0,1.0,1.0,tarair
low_reliability_or_unlikely,surface_token,taral,R06,1,1,1,LOW_POWER_OR_UNSTABLE,1.0,1.0,1.0,taral
low_reliability_or_unlikely,surface_token,tarol,R06,1,1,1,LOW_POWER_OR_UNSTABLE,1.0,1.0,1.0,tarol
low_reliability_or_unlikely,surface_token,tchalody,R00,1,1,1,LOW_POWER_OR_UNSTABLE,1.0,1.0,1.0,tchalody
low_reliability_or_unlikely,surface_token,tchaly,R06,1,1,1,LOW_POWER_OR_UNSTABLE,1.0,1.0,1.0,tchaly
low_reliability_or_unlikely,surface_token,tchedal,R09,1,1,1,LOW_POWER_OR_UNSTABLE,1.0,1.0,1.0,tchedal
low_reliability_or_unlikely,surface_token,tcheey,R06,1,1,1,LOW_POWER_OR_UNSTABLE,1.0,1.0,1.0,tcheey
low_reliability_or_unlikely,surface_token,tcheol,R06,1,1,1,LOW_POWER_OR_UNSTABLE,1.0,1.0,1.0,tcheol
low_reliability_or_unlikely,surface_token,tcheychedy,R00,1,1,1,LOW_POWER_OR_UNSTABLE,1.0,1.0,1.0,tcheychedy
low_reliability_or_unlikely,surface_token,tchodain,R00,1,1,1,LOW_POWER_OR_UNSTABLE,1.0,1.0,1.0,tchodain
low_reliability_or_unlikely,surface_token,tcholy,R06,1,1,1,LOW_POWER_OR_UNSTABLE,1.0,1.0,1.0,tcholy
low_reliability_or_unlikely,surface_token,tchory,R06,1,1,1,LOW_POWER_OR_UNSTABLE,1.0,1.0,1.0,tchory
low_reliability_or_unlikely,surface_token,tdaiin,R06,1,1,1,LOW_POWER_OR_UNSTABLE,1.0,1.0,1.0,tdaiin
low_reliability_or_unlikely,surface_token,techy,R06,1,1,1,LOW_POWER_OR_UNSTABLE,1.0,1.0,1.0,techy
low_reliability_or_unlikely,surface_token,tedam,R06,1,1,1,LOW_POWER_OR_UNSTABLE,1.0,1.0,1.0,tedam
low_reliability_or_unlikely,surface_token,tedyol,R06,1,1,1,LOW_POWER_OR_UNSTABLE,1.0,1.0,1.0,tedyol
low_reliability_or_unlikely,surface_token,teed,R06,1,1,1,LOW_POWER_OR_UNSTABLE,1.0,1.0,1.0,teed
low_reliability_or_unlikely,surface_token,teedam,R06,1,1,1,LOW_POWER_OR_UNSTABLE,1.0,1.0,1.0,teedam
low_reliability_or_unlikely,surface_token,teedar,R06,1,1,1,LOW_POWER_OR_UNSTABLE,1.0,1.0,1.0,teedar
low_reliability_or_unlikely,surface_token,teeedy,R06,1,1,1,LOW_POWER_OR_UNSTABLE,1.0,1.0,1.0,teeedy
low_reliability_or_unlikely,surface_token,teeoar,R06,1,1,1,LOW_POWER_OR_UNSTABLE,1.0,1.0,1.0,teeoar
low_reliability_or_unlikely,surface_token,teeodaiin,R10,1,1,1,LOW_POWER_OR_UNSTABLE,1.0,1.0,1.0,teeodaiin
low_reliability_or_unlikely,surface_token,teeodain,R00,1,1,1,LOW_POWER_OR_UNSTABLE,1.0,1.0,1.0,teeodain
low_reliability_or_unlikely,surface_token,teeody,R06,1,1,1,LOW_POWER_OR_UNSTABLE,1.0,1.0,1.0,teeody
low_reliability_or_unlikely,surface_token,teeol,R06,1,1,1,LOW_POWER_OR_UNSTABLE,1.0,1.0,1.0,teeol
low_reliability_or_unlikely,surface_token,teeolain,R00,1,1,1,LOW_POWER_OR_UNSTABLE,1.0,1.0,1.0,teeolain
low_reliability_or_unlikely,surface_token,teeos,R06,1,1,1,LOW_POWER_OR_UNSTABLE,1.0,1.0,1.0,teeos
low_reliability_or_unlikely,surface_token,teo,R06,1,1,1,LOW_POWER_OR_UNSTABLE,1.0,1.0,1.0,teo
low_reliability_or_unlikely,surface_token,teodarody,R00,1,1,1,LOW_POWER_OR_UNSTABLE,1.0,1.0,1.0,teodarody
low_reliability_or_unlikely,surface_token,to,R06,1,1,1,LOW_POWER_OR_UNSTABLE,1.0,1.0,1.0,to
low_reliability_or_unlikely,surface_token,tochey,R06,1,1,1,LOW_POWER_OR_UNSTABLE,1.0,1.0,1.0,tochey
low_reliability_or_unlikely,surface_token,tockhy,R06,1,1,1,LOW_POWER_OR_UNSTABLE,1.0,1.0,1.0,tockhy
low_reliability_or_unlikely,surface_token,todain,R06,1,1,1,LOW_POWER_OR_UNSTABLE,1.0,1.0,1.0,todain
low_reliability_or_unlikely,surface_token,todal,R06,1,1,1,LOW_POWER_OR_UNSTABLE,1.0,1.0,1.0,todal
low_reliability_or_unlikely,surface_token,todaraiily,R00,1,1,1,LOW_POWER_OR_UNSTABLE,1.0,1.0,1.0,todaraiily
low_reliability_or_unlikely,surface_token,todeeey,R00,1,1,1,LOW_POWER_OR_UNSTABLE,1.0,1.0,1.0,todeeey
low_reliability_or_unlikely,surface_token,toealchs,R00,1,1,1,LOW_POWER_OR_UNSTABLE,1.0,1.0,1.0,toealchs
low_reliability_or_unlikely,surface_token,toeeedchy,R00,1,1,1,LOW_POWER_OR_UNSTABLE,1.0,1.0,1.0,toeeedchy
low_reliability_or_unlikely,surface_token,toiin,R06,1,1,1,LOW_POWER_OR_UNSTABLE,1.0,1.0,1.0,toiin
low_reliability_or_unlikely,surface_token,toky,R06,1,1,1,LOW_POWER_OR_UNSTABLE,1.0,1.0,1.0,toky
low_reliability_or_unlikely,surface_token,tolair,R06,1,1,1,LOW_POWER_OR_UNSTABLE,1.0,1.0,1.0,tolair
low_reliability_or_unlikely,surface_token,tolchd,R06,1,1,1,LOW_POWER_OR_UNSTABLE,1.0,1.0,1.0,tolchd
low_reliability_or_unlikely,surface_token,tolkey,R06,1,1,1,LOW_POWER_OR_UNSTABLE,1.0,1.0,1.0,tolkey
low_reliability_or_unlikely,surface_token,tolol,R06,1,1,1,LOW_POWER_OR_UNSTABLE,1.0,1.0,1.0,tolol
low_reliability_or_unlikely,surface_token,tolsasy,R00,1,1,1,LOW_POWER_OR_UNSTABLE,1.0,1.0,1.0,tolsasy
low_reliability_or_unlikely,surface_token,torchy,R06,1,1,1,LOW_POWER_OR_UNSTABLE,1.0,1.0,1.0,torchy
low_reliability_or_unlikely,surface_token,torolshsdy,R00,1,1,1,LOW_POWER_OR_UNSTABLE,1.0,1.0,1.0,torolshsdy
low_reliability_or_unlikely,surface_token,torshor,R00,1,1,1,LOW_POWER_OR_UNSTABLE,1.0,1.0,1.0,torshor
low_reliability_or_unlikely,surface_token,tos,R06,1,1,1,LOW_POWER_OR_UNSTABLE,1.0,1.0,1.0,tos
low_reliability_or_unlikely,surface_token,tosheo,R06,1,1,1,LOW_POWER_OR_UNSTABLE,1.0,1.0,1.0,tosheo
low_reliability_or_unlikely,surface_token,toshy,R06,1,1,1,LOW_POWER_OR_UNSTABLE,1.0,1.0,1.0,toshy
low_reliability_or_unlikely,surface_token,tshda,R06,1,1,1,LOW_POWER_OR_UNSTABLE,1.0,1.0,1.0,tshda
low_reliability_or_unlikely,surface_token,tshedal,R09,1,1,1,LOW_POWER_OR_UNSTABLE,1.0,1.0,1.0,tshedal
low_reliability_or_unlikely,surface_token,tshedar,R00,1,1,1,LOW_POWER_OR_UNSTABLE,1.0,1.0,1.0,tshedar
low_reliability_or_unlikely,surface_token,tshedky,R00,1,1,1,LOW_POWER_OR_UNSTABLE,1.0,1.0,1.0,tshedky
low_reliability_or_unlikely,surface_token,tshedy,R06,1,1,1,LOW_POWER_OR_UNSTABLE,1.0,1.0,1.0,tshedy
low_reliability_or_unlikely,surface_token,tsheeor,R00,1,1,1,LOW_POWER_OR_UNSTABLE,1.0,1.0,1.0,tsheeor
low_reliability_or_unlikely,surface_token,tshey,R06,1,1,1,LOW_POWER_OR_UNSTABLE,1.0,1.0,1.0,tshey
low_reliability_or_unlikely,surface_token,tshod,R06,1,1,1,LOW_POWER_OR_UNSTABLE,1.0,1.0,1.0,tshod
low_reliability_or_unlikely,surface_token,tsholdy,R00,1,1,1,LOW_POWER_OR_UNSTABLE,1.0,1.0,1.0,tsholdy
low_reliability_or_unlikely,surface_token,tsholol,R00,1,1,1,LOW_POWER_OR_UNSTABLE,1.0,1.0,1.0,tsholol
low_reliability_or_unlikely,surface_token,tshor,R06,1,1,1,LOW_POWER_OR_UNSTABLE,1.0,1.0,1.0,tshor
low_reliability_or_unlikely,surface_token,ty,R06,1,1,1,LOW_POWER_OR_UNSTABLE,1.0,1.0,1.0,ty
low_reliability_or_unlikely,surface_token,tydlo,R06,1,1,1,LOW_POWER_OR_UNSTABLE,1.0,1.0,1.0,tydlo
low_reliability_or_unlikely,surface_token,tyky,R06,1,1,1,LOW_POWER_OR_UNSTABLE,1.0,1.0,1.0,tyky
low_reliability_or_unlikely,surface_token,vor,R00,1,1,1,LOW_POWER_OR_UNSTABLE,1.0,1.0,1.0,vor
low_reliability_or_unlikely,surface_token,yaiin,R06,1,1,1,LOW_POWER_OR_UNSTABLE,1.0,1.0,1.0,yaiin
low_reliability_or_unlikely,surface_token,ychaies,R00,1,1,1,LOW_POWER_OR_UNSTABLE,1.0,1.0,1.0,ychaies
low_reliability_or_unlikely,surface_token,ychain,R06,1,1,1,LOW_POWER_OR_UNSTABLE,1.0,1.0,1.0,ychain
low_reliability_or_unlikely,surface_token,ychais,R06,1,1,1,LOW_POWER_OR_UNSTABLE,1.0,1.0,1.0,ychais
low_reliability_or_unlikely,surface_token,ychckhy,R00,1,1,1,LOW_POWER_OR_UNSTABLE,1.0,1.0,1.0,ychckhy
low_reliability_or_unlikely,surface_token,ycheain,R00,1,1,1,LOW_POWER_OR_UNSTABLE,1.0,1.0,1.0,ycheain
low_reliability_or_unlikely,surface_token,ychealod,R00,1,1,1,LOW_POWER_OR_UNSTABLE,1.0,1.0,1.0,ychealod
low_reliability_or_unlikely,surface_token,ychecthy,R04,1,1,1,LOW_POWER_OR_UNSTABLE,1.0,1.0,1.0,ychecthy
low_reliability_or_unlikely,surface_token,ychedal,R09,1,1,1,LOW_POWER_OR_UNSTABLE,1.0,1.0,1.0,ychedal
low_reliability_or_unlikely,surface_token,ycheedaiin,R00,1,1,1,LOW_POWER_OR_UNSTABLE,1.0,1.0,1.0,ycheedaiin
low_reliability_or_unlikely,surface_token,ycheekeey,R00,1,1,1,LOW_POWER_OR_UNSTABLE,1.0,1.0,1.0,ycheekeey
low_reliability_or_unlikely,surface_token,ycheeolcheeo,R00,1,1,1,LOW_POWER_OR_UNSTABLE,1.0,1.0,1.0,ycheeolcheeo
low_reliability_or_unlikely,surface_token,ycheety,R00,1,1,1,LOW_POWER_OR_UNSTABLE,1.0,1.0,1.0,ycheety
low_reliability_or_unlikely,surface_token,ychekchy,R00,1,1,1,LOW_POWER_OR_UNSTABLE,1.0,1.0,1.0,ychekchy
low_reliability_or_unlikely,surface_token,ycheockhy,R00,1,1,1,LOW_POWER_OR_UNSTABLE,1.0,1.0,1.0,ycheockhy
low_reliability_or_unlikely,surface_token,ycheod,R06,1,1,1,LOW_POWER_OR_UNSTABLE,1.0,1.0,1.0,ycheod
low_reliability_or_unlikely,surface_token,ycheoraiin,R00,1,1,1,LOW_POWER_OR_UNSTABLE,1.0,1.0,1.0,ycheoraiin
low_reliability_or_unlikely,surface_token,ycho,R06,1,1,1,LOW_POWER_OR_UNSTABLE,1.0,1.0,1.0,ycho
low_reliability_or_unlikely,surface_token,ychody,R00,1,1,1,LOW_POWER_OR_UNSTABLE,1.0,1.0,1.0,ychody
low_reliability_or_unlikely,surface_token,ychom,R06,1,1,1,LOW_POWER_OR_UNSTABLE,1.0,1.0,1.0,ychom
low_reliability_or_unlikely,surface_token,ychopordg,R00,1,1,1,LOW_POWER_OR_UNSTABLE,1.0,1.0,1.0,ychopordg
low_reliability_or_unlikely,surface_token,ychos,R06,1,1,1,LOW_POWER_OR_UNSTABLE,1.0,1.0,1.0,ychos
low_reliability_or_unlikely,surface_token,ychosar,R00,1,1,1,LOW_POWER_OR_UNSTABLE,1.0,1.0,1.0,ychosar
low_reliability_or_unlikely,surface_token,ychoy,R06,1,1,1,LOW_POWER_OR_UNSTABLE,1.0,1.0,1.0,ychoy
low_reliability_or_unlikely,surface_token,ychty,R06,1,1,1,LOW_POWER_OR_UNSTABLE,1.0,1.0,1.0,ychty
low_reliability_or_unlikely,surface_token,ydaiil,R06,1,1,1,LOW_POWER_OR_UNSTABLE,1.0,1.0,1.0,ydaiil
low_reliability_or_unlikely,surface_token,ydairol,R00,1,1,1,LOW_POWER_OR_UNSTABLE,1.0,1.0,1.0,ydairol
low_reliability_or_unlikely,surface_token,ydal,R06,1,1,1,LOW_POWER_OR_UNSTABLE,1.0,1.0,1.0,ydal
low_reliability_or_unlikely,surface_token,ydar,R06,1,1,1,LOW_POWER_OR_UNSTABLE,1.0,1.0,1.0,ydar
low_reliability_or_unlikely,surface_token,ydaraishy,R00,1,1,1,LOW_POWER_OR_UNSTABLE,1.0,1.0,1.0,ydaraishy
low_reliability_or_unlikely,surface_token,ydchos,R06,1,1,1,LOW_POWER_OR_UNSTABLE,1.0,1.0,1.0,ydchos
low_reliability_or_unlikely,surface_token,ydekam,R06,1,1,1,LOW_POWER_OR_UNSTABLE,1.0,1.0,1.0,ydekam
low_reliability_or_unlikely,surface_token,yekees,R06,1,1,1,LOW_POWER_OR_UNSTABLE,1.0,1.0,1.0,yekees
low_reliability_or_unlikely,surface_token,yfaiiny,R00,1,1,1,LOW_POWER_OR_UNSTABLE,1.0,1.0,1.0,yfaiiny
low_reliability_or_unlikely,surface_token,yfain,R06,1,1,1,LOW_POWER_OR_UNSTABLE,1.0,1.0,1.0,yfain
low_reliability_or_unlikely,surface_token,yfary,R06,1,1,1,LOW_POWER_OR_UNSTABLE,1.0,1.0,1.0,yfary
low_reliability_or_unlikely,surface_token,yfchedy,R00,1,1,1,LOW_POWER_OR_UNSTABLE,1.0,1.0,1.0,yfchedy
low_reliability_or_unlikely,surface_token,yfcheodly,R00,1,1,1,LOW_POWER_OR_UNSTABLE,1.0,1.0,1.0,yfcheodly
low_reliability_or_unlikely,surface_token,yfchor,R06,1,1,1,LOW_POWER_OR_UNSTABLE,1.0,1.0,1.0,yfchor
low_reliability_or_unlikely,surface_token,yhal,R06,1,1,1,LOW_POWER_OR_UNSTABLE,1.0,1.0,1.0,yhal
low_reliability_or_unlikely,surface_token,yk,R06,1,1,1,LOW_POWER_OR_UNSTABLE,1.0,1.0,1.0,yk
low_reliability_or_unlikely,surface_token,yka,R06,1,1,1,LOW_POWER_OR_UNSTABLE,1.0,1.0,1.0,yka
low_reliability_or_unlikely,surface_token,ykaiilg,R00,1,1,1,LOW_POWER_OR_UNSTABLE,1.0,1.0,1.0,ykaiilg
low_reliability_or_unlikely,surface_token,ykaiir,R06,1,1,1,LOW_POWER_OR_UNSTABLE,1.0,1.0,1.0,ykaiir
low_reliability_or_unlikely,surface_token,ykain,R06,1,1,1,LOW_POWER_OR_UNSTABLE,1.0,1.0,1.0,ykain
low_reliability_or_unlikely,surface_token,ykalkal,R00,1,1,1,LOW_POWER_OR_UNSTABLE,1.0,1.0,1.0,ykalkal
low_reliability_or_unlikely,surface_token,ykaraiin,R00,1,1,1,LOW_POWER_OR_UNSTABLE,1.0,1.0,1.0,ykaraiin
low_reliability_or_unlikely,surface_token,ykaralam,R00,1,1,1,LOW_POWER_OR_UNSTABLE,1.0,1.0,1.0,ykaralam
low_reliability_or_unlikely,surface_token,ykchdar,R00,1,1,1,LOW_POWER_OR_UNSTABLE,1.0,1.0,1.0,ykchdar
low_reliability_or_unlikely,surface_token,ykcheor,R00,1,1,1,LOW_POWER_OR_UNSTABLE,1.0,1.0,1.0,ykcheor
low_reliability_or_unlikely,surface_token,ykcho,R06,1,1,1,LOW_POWER_OR_UNSTABLE,1.0,1.0,1.0,ykcho
low_reliability_or_unlikely,surface_token,ykchochdy,R00,1,1,1,LOW_POWER_OR_UNSTABLE,1.0,1.0,1.0,ykchochdy
low_reliability_or_unlikely,surface_token,ykchody,R00,1,1,1,LOW_POWER_OR_UNSTABLE,1.0,1.0,1.0,ykchody
low_reliability_or_unlikely,surface_token,ykchokeo,R00,1,1,1,LOW_POWER_OR_UNSTABLE,1.0,1.0,1.0,ykchokeo
low_reliability_or_unlikely,surface_token,ykcholqod,R07,1,1,1,LOW_POWER_OR_UNSTABLE,1.0,1.0,1.0,ykcholqod
low_reliability_or_unlikely,surface_token,ykchos,R06,1,1,1,LOW_POWER_OR_UNSTABLE,1.0,1.0,1.0,ykchos
low_reliability_or_unlikely,surface_token,ykchys,R06,1,1,1,LOW_POWER_OR_UNSTABLE,1.0,1.0,1.0,ykchys
low_reliability_or_unlikely,surface_token,ykeal,R06,1,1,1,LOW_POWER_OR_UNSTABLE,1.0,1.0,1.0,ykeal
low_reliability_or_unlikely,surface_token,ykechey,R00,1,1,1,LOW_POWER_OR_UNSTABLE,1.0,1.0,1.0,ykechey
low_reliability_or_unlikely,surface_token,ykecho,R06,1,1,1,LOW_POWER_OR_UNSTABLE,1.0,1.0,1.0,ykecho
low_reliability_or_unlikely,surface_token,ykeear,R06,1,1,1,LOW_POWER_OR_UNSTABLE,1.0,1.0,1.0,ykeear
low_reliability_or_unlikely,surface_token,ykeeb,R06,1,1,1,LOW_POWER_OR_UNSTABLE,1.0,1.0,1.0,ykeeb
low_reliability_or_unlikely,surface_token,ykeedaiin,R10,1,1,1,LOW_POWER_OR_UNSTABLE,1.0,1.0,1.0,ykeedaiin
low_reliability_or_unlikely,surface_token,ykeedan,R00,1,1,1,LOW_POWER_OR_UNSTABLE,1.0,1.0,1.0,ykeedan
low_reliability_or_unlikely,surface_token,ykeee,R06,1,1,1,LOW_POWER_OR_UNSTABLE,1.0,1.0,1.0,ykeee
low_reliability_or_unlikely,surface_token,ykeeepol,R00,1,1,1,LOW_POWER_OR_UNSTABLE,1.0,1.0,1.0,ykeeepol
low_reliability_or_unlikely,surface_token,ykeeoldarchody,R00,1,1,1,LOW_POWER_OR_UNSTABLE,1.0,1.0,1.0,ykeeoldarchody
low_reliability_or_unlikely,surface_token,ykeeory,R00,1,1,1,LOW_POWER_OR_UNSTABLE,1.0,1.0,1.0,ykeeory
low_reliability_or_unlikely,surface_token,ykeo,R06,1,1,1,LOW_POWER_OR_UNSTABLE,1.0,1.0,1.0,ykeo
low_reliability_or_unlikely,surface_token,ykeockhey,R00,1,1,1,LOW_POWER_OR_UNSTABLE,1.0,1.0,1.0,ykeockhey
low_reliability_or_unlikely,surface_token,ykeodar,R00,1,1,1,LOW_POWER_OR_UNSTABLE,1.0,1.0,1.0,ykeodar
low_reliability_or_unlikely,surface_token,ykeor,R06,1,1,1,LOW_POWER_OR_UNSTABLE,1.0,1.0,1.0,ykeor
low_reliability_or_unlikely,surface_token,ykeos,R06,1,1,1,LOW_POWER_OR_UNSTABLE,1.0,1.0,1.0,ykeos
low_reliability_or_unlikely,surface_token,ykeoshe,R00,1,1,1,LOW_POWER_OR_UNSTABLE,1.0,1.0,1.0,ykeoshe
low_reliability_or_unlikely,surface_token,ykeydy,R00,1,1,1,LOW_POWER_OR_UNSTABLE,1.0,1.0,1.0,ykeydy
low_reliability_or_unlikely,surface_token,yko,R06,1,1,1,LOW_POWER_OR_UNSTABLE,1.0,1.0,1.0,yko
low_reliability_or_unlikely,surface_token,ykocfhy,R00,1,1,1,LOW_POWER_OR_UNSTABLE,1.0,1.0,1.0,ykocfhy
low_reliability_or_unlikely,surface_token,ykolaiin,R00,1,1,1,LOW_POWER_OR_UNSTABLE,1.0,1.0,1.0,ykolaiin
low_reliability_or_unlikely,surface_token,ykolairol,R00,1,1,1,LOW_POWER_OR_UNSTABLE,1.0,1.0,1.0,ykolairol
low_reliability_or_unlikely,surface_token,ykoldy,R00,1,1,1,LOW_POWER_OR_UNSTABLE,1.0,1.0,1.0,ykoldy
low_reliability_or_unlikely,surface_token,ykoly,R06,1,1,1,LOW_POWER_OR_UNSTABLE,1.0,1.0,1.0,ykoly
low_reliability_or_unlikely,surface_token,ykshedy,R00,1,1,1,LOW_POWER_OR_UNSTABLE,1.0,1.0,1.0,ykshedy
low_reliability_or_unlikely,surface_token,yksheor,R00,1,1,1,LOW_POWER_OR_UNSTABLE,1.0,1.0,1.0,yksheor
low_reliability_or_unlikely,surface_token,ykyd,R06,1,1,1,LOW_POWER_OR_UNSTABLE,1.0,1.0,1.0,ykyd
low_reliability_or_unlikely,surface_token,ylaiiny,R00,1,1,1,LOW_POWER_OR_UNSTABLE,1.0,1.0,1.0,ylaiiny
low_reliability_or_unlikely,surface_token,ylcheey,R00,1,1,1,LOW_POWER_OR_UNSTABLE,1.0,1.0,1.0,ylcheey
low_reliability_or_unlikely,surface_token,yodaiin,R10,1,1,1,LOW_POWER_OR_UNSTABLE,1.0,1.0,1.0,yodaiin
low_reliability_or_unlikely,surface_token,yoees,R06,1,1,1,LOW_POWER_OR_UNSTABLE,1.0,1.0,1.0,yoees
low_reliability_or_unlikely,surface_token,yokee,R06,1,1,1,LOW_POWER_OR_UNSTABLE,1.0,1.0,1.0,yokee
low_reliability_or_unlikely,surface_token,yoky,R06,1,1,1,LOW_POWER_OR_UNSTABLE,1.0,1.0,1.0,yoky
low_reliability_or_unlikely,surface_token,yorain,R06,1,1,1,LOW_POWER_OR_UNSTABLE,1.0,1.0,1.0,yorain
low_reliability_or_unlikely,surface_token,ypaim,R06,1,1,1,LOW_POWER_OR_UNSTABLE,1.0,1.0,1.0,ypaim
low_reliability_or_unlikely,surface_token,ypchdyldo,R00,1,1,1,LOW_POWER_OR_UNSTABLE,1.0,1.0,1.0,ypchdyldo
low_reliability_or_unlikely,surface_token,ypchedy,R00,1,1,1,LOW_POWER_OR_UNSTABLE,1.0,1.0,1.0,ypchedy
low_reliability_or_unlikely,surface_token,ypchy,R06,1,1,1,LOW_POWER_OR_UNSTABLE,1.0,1.0,1.0,ypchy
low_reliability_or_unlikely,surface_token,ypolol,R06,1,1,1,LOW_POWER_OR_UNSTABLE,1.0,1.0,1.0,ypolol
low_reliability_or_unlikely,surface_token,yqokain,R00,1,1,1,LOW_POWER_OR_UNSTABLE,1.0,1.0,1.0,yqokain
low_reliability_or_unlikely,surface_token,ysaikchy,R00,1,1,1,LOW_POWER_OR_UNSTABLE,1.0,1.0,1.0,ysaikchy
low_reliability_or_unlikely,surface_token,ysaldal,R09,1,1,1,LOW_POWER_OR_UNSTABLE,1.0,1.0,1.0,ysaldal
low_reliability_or_unlikely,surface_token,yshedair,R00,1,1,1,LOW_POWER_OR_UNSTABLE,1.0,1.0,1.0,yshedair
low_reliability_or_unlikely,surface_token,ysheedy,R00,1,1,1,LOW_POWER_OR_UNSTABLE,1.0,1.0,1.0,ysheedy
low_reliability_or_unlikely,surface_token,ysheey,R06,1,1,1,LOW_POWER_OR_UNSTABLE,1.0,1.0,1.0,ysheey
low_reliability_or_unlikely,surface_token,ysheod,R06,1,1,1,LOW_POWER_OR_UNSTABLE,1.0,1.0,1.0,ysheod
low_reliability_or_unlikely,surface_token,yshesas,R00,1,1,1,LOW_POWER_OR_UNSTABLE,1.0,1.0,1.0,yshesas
low_reliability_or_unlikely,surface_token,yshor,R06,1,1,1,LOW_POWER_OR_UNSTABLE,1.0,1.0,1.0,yshor
low_reliability_or_unlikely,surface_token,yt,R06,1,1,1,LOW_POWER_OR_UNSTABLE,1.0,1.0,1.0,yt
low_reliability_or_unlikely,surface_token,ytaiir,R06,1,1,1,LOW_POWER_OR_UNSTABLE,1.0,1.0,1.0,ytaiir
low_reliability_or_unlikely,surface_token,ytairal,R00,1,1,1,LOW_POWER_OR_UNSTABLE,1.0,1.0,1.0,ytairal
low_reliability_or_unlikely,surface_token,ytals,R06,1,1,1,LOW_POWER_OR_UNSTABLE,1.0,1.0,1.0,ytals
low_reliability_or_unlikely,surface_token,ytaly,R06,1,1,1,LOW_POWER_OR_UNSTABLE,1.0,1.0,1.0,ytaly
low_reliability_or_unlikely,surface_token,ytapy,R06,1,1,1,LOW_POWER_OR_UNSTABLE,1.0,1.0,1.0,ytapy
low_reliability_or_unlikely,surface_token,ytarem,R06,1,1,1,LOW_POWER_OR_UNSTABLE,1.0,1.0,1.0,ytarem
low_reliability_or_unlikely,surface_token,ytarody,R00,1,1,1,LOW_POWER_OR_UNSTABLE,1.0,1.0,1.0,ytarody
low_reliability_or_unlikely,surface_token,ytchdy,R00,1,1,1,LOW_POWER_OR_UNSTABLE,1.0,1.0,1.0,ytchdy
low_reliability_or_unlikely,surface_token,ytchedy,R00,1,1,1,LOW_POWER_OR_UNSTABLE,1.0,1.0,1.0,ytchedy
low_reliability_or_unlikely,surface_token,ytcheey,R00,1,1,1,LOW_POWER_OR_UNSTABLE,1.0,1.0,1.0,ytcheey
low_reliability_or_unlikely,surface_token,ytcheodar,R00,1,1,1,LOW_POWER_OR_UNSTABLE,1.0,1.0,1.0,ytcheodar
low_reliability_or_unlikely,surface_token,ytcheodytor,R00,1,1,1,LOW_POWER_OR_UNSTABLE,1.0,1.0,1.0,ytcheodytor
low_reliability_or_unlikely,surface_token,ytcho,R06,1,1,1,LOW_POWER_OR_UNSTABLE,1.0,1.0,1.0,ytcho
low_reliability_or_unlikely,surface_token,ytchocthol,R07,1,1,1,LOW_POWER_OR_UNSTABLE,1.0,1.0,1.0,ytchocthol
low_reliability_or_unlikely,surface_token,ytchodly,R00,1,1,1,LOW_POWER_OR_UNSTABLE,1.0,1.0,1.0,ytchodly
low_reliability_or_unlikely,surface_token,ytchody,R00,1,1,1,LOW_POWER_OR_UNSTABLE,1.0,1.0,1.0,ytchody
low_reliability_or_unlikely,surface_token,ytchord,R06,1,1,1,LOW_POWER_OR_UNSTABLE,1.0,1.0,1.0,ytchord
low_reliability_or_unlikely,surface_token,ytchoy,R06,1,1,1,LOW_POWER_OR_UNSTABLE,1.0,1.0,1.0,ytchoy
low_reliability_or_unlikely,surface_token,ytdy,R00,1,1,1,LOW_POWER_OR_UNSTABLE,1.0,1.0,1.0,ytdy
low_reliability_or_unlikely,surface_token,yteal,R06,1,1,1,LOW_POWER_OR_UNSTABLE,1.0,1.0,1.0,yteal
low_reliability_or_unlikely,surface_token,yteeeor,R00,1,1,1,LOW_POWER_OR_UNSTABLE,1.0,1.0,1.0,yteeeor
low_reliability_or_unlikely,surface_token,yteeey,R06,1,1,1,LOW_POWER_OR_UNSTABLE,1.0,1.0,1.0,yteeey
low_reliability_or_unlikely,surface_token,yteod,R06,1,1,1,LOW_POWER_OR_UNSTABLE,1.0,1.0,1.0,yteod
low_reliability_or_unlikely,surface_token,yteodam,R00,1,1,1,LOW_POWER_OR_UNSTABLE,1.0,1.0,1.0,yteodam
low_reliability_or_unlikely,surface_token,yteol,R06,1,1,1,LOW_POWER_OR_UNSTABLE,1.0,1.0,1.0,yteol
low_reliability_or_unlikely,surface_token,yteold,R06,1,1,1,LOW_POWER_OR_UNSTABLE,1.0,1.0,1.0,yteold
low_reliability_or_unlikely,surface_token,yteoldy,R00,1,1,1,LOW_POWER_OR_UNSTABLE,1.0,1.0,1.0,yteoldy
low_reliability_or_unlikely,surface_token,yteoor,R06,1,1,1,LOW_POWER_OR_UNSTABLE,1.0,1.0,1.0,yteoor
low_reliability_or_unlikely,surface_token,yteor,R06,1,1,1,LOW_POWER_OR_UNSTABLE,1.0,1.0,1.0,yteor
low_reliability_or_unlikely,surface_token,yteos,R06,1,1,1,LOW_POWER_OR_UNSTABLE,1.0,1.0,1.0,yteos
low_reliability_or_unlikely,surface_token,ytl,R06,1,1,1,LOW_POWER_OR_UNSTABLE,1.0,1.0,1.0,ytl
low_reliability_or_unlikely,surface_token,yto,R06,1,1,1,LOW_POWER_OR_UNSTABLE,1.0,1.0,1.0,yto
low_reliability_or_unlikely,surface_token,ytoaiin,R00,1,1,1,LOW_POWER_OR_UNSTABLE,1.0,1.0,1.0,ytoaiin
low_reliability_or_unlikely,surface_token,ytoail,R06,1,1,1,LOW_POWER_OR_UNSTABLE,1.0,1.0,1.0,ytoail
low_reliability_or_unlikely,surface_token,ytoar,R06,1,1,1,LOW_POWER_OR_UNSTABLE,1.0,1.0,1.0,ytoar
low_reliability_or_unlikely,surface_token,ytodaiir,R00,1,1,1,LOW_POWER_OR_UNSTABLE,1.0,1.0,1.0,ytodaiir
low_reliability_or_unlikely,surface_token,ytodal,R09,1,1,1,LOW_POWER_OR_UNSTABLE,1.0,1.0,1.0,ytodal
low_reliability_or_unlikely,surface_token,ytoeopchey,R00,1,1,1,LOW_POWER_OR_UNSTABLE,1.0,1.0,1.0,ytoeopchey
low_reliability_or_unlikely,surface_token,ytoiiin,R00,1,1,1,LOW_POWER_OR_UNSTABLE,1.0,1.0,1.0,ytoiiin
low_reliability_or_unlikely,surface_token,ytokar,R06,1,1,1,LOW_POWER_OR_UNSTABLE,1.0,1.0,1.0,ytokar
low_reliability_or_unlikely,surface_token,ytol,R06,1,1,1,LOW_POWER_OR_UNSTABLE,1.0,1.0,1.0,ytol
low_reliability_or_unlikely,surface_token,ytoldy,R00,1,1,1,LOW_POWER_OR_UNSTABLE,1.0,1.0,1.0,ytoldy
low_reliability_or_unlikely,surface_token,ytshy,R06,1,1,1,LOW_POWER_OR_UNSTABLE,1.0,1.0,1.0,ytshy
low_reliability_or_unlikely,surface_token,ytychy,R06,1,1,1,LOW_POWER_OR_UNSTABLE,1.0,1.0,1.0,ytychy
low_reliability_or_unlikely,surface_token,ytydy,R00,1,1,1,LOW_POWER_OR_UNSTABLE,1.0,1.0,1.0,ytydy
low_reliability_or_unlikely,conservative_morphology,a|iin|O,R10,380,297,15,LOW_POWER_OR_UNSTABLE,0.545,0.568,0.929,"daiin, aiin, qokaiin, okaiin, saiin, otaiin"
low_reliability_or_unlikely,conservative_morphology,e|dy|E,R06,367,232,8,LOW_POWER_OR_UNSTABLE,0.262,0.365,0.997,"shedy, chedy, qokedy, okedy, otedy, qotedy"
low_reliability_or_unlikely,conservative_morphology,o|l|O,R07,314,235,13,LOW_POWER_OR_UNSTABLE,0.379,0.576,0.933,"chol, ol, okol, qol, shol, qokol"
low_reliability_or_unlikely,conservative_morphology,a|in|O,R06,226,179,13,LOW_POWER_OR_UNSTABLE,0.367,0.451,0.947,"qokain, dain, okain, otain, sain, qotain"
low_reliability_or_unlikely,conservative_morphology,a|r|O,R06,224,183,13,LOW_POWER_OR_UNSTABLE,0.562,0.616,0.835,"ar, dar, qokar, okar, sar, otar"
low_reliability_or_unlikely,conservative_morphology,e|edy|E,H01,203,153,9,LOW_POWER_OR_UNSTABLE,0.542,0.581,0.98,"qokeedy, okeedy, qoteedy, sheedy, oteedy, cheedy"
low_reliability_or_unlikely,conservative_morphology,e|ey|E,R06,195,159,10,LOW_POWER_OR_UNSTABLE,0.477,0.564,0.897,"qokeey, okeey, sheey, cheey, oteey, qoteey"
low_reliability_or_unlikely,conservative_morphology,a|l|O,R06,192,157,12,LOW_POWER_OR_UNSTABLE,0.234,0.448,0.901,"dal, qokal, okal, al, qotal, chal"
low_reliability_or_unlikely,conservative_morphology,o|r|O,R06,172,150,13,LOW_POWER_OR_UNSTABLE,0.471,0.576,0.849,"or, chor, otor, dor, shor, sor"
low_reliability_or_unlikely,conservative_morphology,e|y|E,R06,156,137,8,LOW_POWER_OR_UNSTABLE,0.654,0.667,0.929,"chey, shey, qokey, okey, otey, qotey"
low_reliability_or_unlikely,conservative_morphology,d|y|D,R02,92,86,10,CONTEXTUAL_ROLE_SIGNAL,0.62,0.707,0.848,"dy, chdy, shdy, ody, oldy, otdy"
low_reliability_or_unlikely,conservative_morphology,k|y|G,H01,91,85,7,CONTEXTUAL_ROLE_SIGNAL,0.473,0.736,0.824,"qoky, oky, chky, olky, yky, shky"
low_reliability_or_unlikely,conservative_morphology,ckh|y|XGX,R00,73,69,6,STABLE_BUT_LOCAL_OR_THRESHOLD_SENSITIVE,0.753,0.767,0.986,"chckhy, shckhy, ckhy, ockhy, qockhy, dckhy"
low_reliability_or_unlikely,conservative_morphology,e|ol|E,R00,68,62,9,LOW_POWER_OR_UNSTABLE,0.397,0.662,0.868,"cheol, sheol, okeol, qokeol, qoteol, oteol"
low_reliability_or_unlikely,conservative_morphology,a|m|O,R06,63,61,12,LOW_POWER_OR_UNSTABLE,0.651,0.667,0.81,"dam, am, otam, qokam, okam, oram"
low_reliability_or_unlikely,conservative_morphology,ch|y|B,R00,63,60,10,LOW_POWER_OR_UNSTABLE,0.54,0.619,0.873,"chy, qotchy, qokchy, okchy, otchy, olchy"
low_reliability_or_unlikely,conservative_morphology,eo|dy|EO,R00,50,44,6,LOW_POWER_OR_UNSTABLE,0.58,0.66,0.74,"cheody, okeody, sheody, qokeody, oteody, qoteody"
low_reliability_or_unlikely,conservative_morphology,ch|ey|B,R00,43,42,11,LOW_POWER_OR_UNSTABLE,0.488,0.535,0.907,"qokchey, olchey, okchey, dchey, otchey, orchey"
low_reliability_or_unlikely,conservative_morphology,ch|dy|B,R00,42,37,8,CONTEXTUAL_ROLE_SIGNAL,0.5,0.762,0.857,"qokchdy, otchdy, okchdy, dchdy, olchdy, qotchdy"
low_reliability_or_unlikely,conservative_morphology,cth|y|XGX,R04,40,39,7,STABLE_BUT_LOCAL_OR_THRESHOLD_SENSITIVE,0.775,0.85,0.95,"chcthy, cthy, shcthy, dcthy, octhy, qcthy"
low_reliability_or_unlikely,conservative_morphology,s|NONE|X,R06,39,39,1,CONTEXTUAL_ROLE_SIGNAL,1.0,1.0,0.692,s
low_reliability_or_unlikely,conservative_morphology,ai|r|OE,R06,39,37,7,CONTEXTUAL_ROLE_SIGNAL,0.462,0.744,0.795,"dair, sair, air, qokair, okair, otair"
low_reliability_or_unlikely,conservative_morphology,ch|edy|B,R00,37,35,9,LOW_POWER_OR_UNSTABLE,0.568,0.649,1.0,"olchedy, otchedy, qotchedy, qokchedy, dchedy, ychedy"
low_reliability_or_unlikely,conservative_morphology,ar|y|OL,R00,35,35,8,CONTEXTUAL_ROLE_SIGNAL,0.571,0.829,0.429,"dary, okary, ary, sary, orary, otary"
low_reliability_or_unlikely,conservative_morphology,al|y|OL,R00,33,31,9,CONTEXTUAL_ROLE_SIGNAL,0.667,0.818,0.545,"otaly, okaly, daly, qokaly, aly, olaly"
low_reliability_or_unlikely,conservative_morphology,t|y|G,H01,33,30,6,LOW_POWER_OR_UNSTABLE,0.485,0.606,0.97,"qoty, oty, yty, ty, chty, shty"
low_reliability_or_unlikely,conservative_morphology,lch|edy|LB,R00,31,31,2,STABLE_BUT_LOCAL_OR_THRESHOLD_SENSITIVE,1.0,1.0,0.968,"lchedy, qolchedy"
low_reliability_or_unlikely,conservative_morphology,e|or|E,R00,28,28,5,CONTEXTUAL_ROLE_SIGNAL,0.679,0.714,0.929,"cheor, sheor, okeor, oteor, qokeor"
low_reliability_or_unlikely,conservative_morphology,k|aiin|G,R06,27,26,6,CONTEXTUAL_ROLE_SIGNAL,0.704,0.704,1.0,"ykaiin, kaiin, olkaiin, chkaiin, shkaiin, skaiin"
low_reliability_or_unlikely,conservative_morphology,e|ar|E,R00,26,25,7,CONTEXTUAL_ROLE_SIGNAL,0.692,0.731,0.846,"chear, shear, okear, qokear, oear, qear"
low_reliability_or_unlikely,conservative_morphology,y|NONE|Y,R06,25,25,1,CONTEXTUAL_ROLE_SIGNAL,1.0,1.0,0.6,y
low_reliability_or_unlikely,conservative_morphology,k|eedy|G,R00,25,25,4,CONTEXTUAL_ROLE_SIGNAL,0.68,0.8,0.92,"olkeedy, keedy, ykeedy, chkeedy"
low_reliability_or_unlikely,conservative_morphology,k|ar|G,R06,24,23,4,STABLE_BUT_LOCAL_OR_THRESHOLD_SENSITIVE,0.75,0.792,0.875,"kar, ykar, olkar, dkar"
low_reliability_or_unlikely,conservative_morphology,sh|edy|B,R06,24,22,7,LOW_POWER_OR_UNSTABLE,0.5,0.625,1.0,"dshedy, olshedy, yshedy, sshedy, okshedy, qokshedy"
low_reliability_or_unlikely,conservative_morphology,l|y|L,R06,23,23,5,CONTEXTUAL_ROLE_SIGNAL,0.696,0.826,0.783,"oly, ly, otly, dly, qoly"
low_reliability_or_unlikely,conservative_morphology,ho|NONE|XO,R06,22,21,1,CONTEXTUAL_ROLE_SIGNAL,1.0,1.0,1.0,sho
low_reliability_or_unlikely,conservative_morphology,k|edy|G,R00,22,20,4,CONTEXTUAL_ROLE_SIGNAL,0.727,0.818,1.0,"ykedy, olkedy, kedy, chkedy"
low_reliability_or_unlikely,conservative_morphology,al|dy|OL,R00,22,22,6,CONTEXTUAL_ROLE_SIGNAL,0.545,0.818,0.545,"okaldy, daldy, otaldy, qokaldy, saldy, aldy"
low_reliability_or_unlikely,conservative_morphology,h|y|X,R06,21,20,1,CONTEXTUAL_ROLE_SIGNAL,1.0,1.0,0.619,shy
low_reliability_or_unlikely,conservative_morphology,k|eey|G,R00,21,21,5,CONTEXTUAL_ROLE_SIGNAL,0.524,0.857,0.905,"olkeey, ykeey, keey, chkeey, skeey"
low_reliability_or_unlikely,conservative_morphology,ch|or|B,R06,21,21,6,LOW_POWER_OR_UNSTABLE,0.476,0.667,0.857,"dchor, ychor, okchor, ochor, otchor, qokchor"
low_reliability_or_unlikely,conservative_morphology,cho|NONE|BO,R00,20,19,6,CONTEXTUAL_ROLE_SIGNAL,0.7,0.75,0.9,"cho, dcho, qokcho, otcho, ycho, okcho"
low_reliability_or_unlikely,conservative_morphology,ckh|ey|XGX,R00,20,20,5,CONTEXTUAL_ROLE_SIGNAL,0.65,0.75,1.0,"qockhey, chckhey, ckhey, ockhey, shckhey"
low_reliability_or_unlikely,conservative_morphology,d|aiin|D,R10,20,19,5,CONTEXTUAL_ROLE_SIGNAL,0.6,0.7,0.85,"odaiin, ydaiin, qodaiin, oldaiin, chdaiin"
low_reliability_or_unlikely,conservative_morphology,ch|ol|B,R06,20,20,7,LOW_POWER_OR_UNSTABLE,0.5,0.65,0.85,"ychol, otchol, dchol, qotchol, okchol, ochol"
low_reliability_or_unlikely,conservative_morphology,sh|ey|B,R00,20,20,9,LOW_POWER_OR_UNSTABLE,0.5,0.6,0.95,"yshey, olshey, otshey, dshey, sshey, oshey"
low_reliability_or_unlikely,conservative_morphology,pch|edy|GB,R00,19,18,4,CONTEXTUAL_ROLE_SIGNAL,0.526,0.789,1.0,"pchedy, opchedy, qopchedy, ypchedy"
low_reliability_or_unlikely,conservative_morphology,cth|ol|XGX,R07,18,18,1,CONTEXTUAL_ROLE_SIGNAL,1.0,1.0,1.0,cthol
low_reliability_or_unlikely,conservative_morphology,ok|y|OG,R00,18,17,5,CONTEXTUAL_ROLE_SIGNAL,0.889,0.889,0.778,"choky, otoky, shoky, oloky, yoky"
low_reliability_or_unlikely,conservative_morphology,lk|eedy|LG,R00,17,17,2,CONTEXTUAL_ROLE_SIGNAL,0.706,1.0,1.0,"lkeedy, qolkeedy"
low_reliability_or_unlikely,conservative_morphology,od|aiin|OD,R00,17,16,6,LOW_POWER_OR_UNSTABLE,0.588,0.588,0.941,"chodaiin, shodaiin, sodaiin, yodaiin, dodaiin, qotodaiin"
low_reliability_or_unlikely,conservative_morphology,kch|y|GB,R06,16,13,5,CONTEXTUAL_ROLE_SIGNAL,0.75,0.875,0.812,"kchy, ykchy, chkchy, olkchy, shkchy"
low_reliability_or_unlikely,conservative_morphology,e|eey|E,R00,16,16,8,LOW_POWER_OR_UNSTABLE,0.625,0.688,0.938,"qokeeey, qeeey, okeeey, oreeey, oeeey, eeey"
low_reliability_or_unlikely,conservative_morphology,eo|NONE|EO,R00,16,15,4,LOW_POWER_OR_UNSTABLE,0.438,0.688,0.875,"sheo, cheo, okeo, qokeo"
low_reliability_or_unlikely,conservative_morphology,a|n|O,R06,16,15,8,CONTEXTUAL_ROLE_SIGNAL,0.375,0.812,0.75,"dan, qokan, chan, shan, an, oran"
low_reliability_or_unlikely,conservative_morphology,l|NONE|L,R06,15,15,1,CONTEXTUAL_ROLE_SIGNAL,1.0,1.0,0.8,l
low_reliability_or_unlikely,conservative_morphology,t|edy|G,R06,15,13,3,CONTEXTUAL_ROLE_SIGNAL,0.667,0.867,1.0,"tedy, ytedy, oltedy"
low_reliability_or_unlikely,conservative_morphology,o|NONE|O,R00,14,14,1,CONTEXTUAL_ROLE_SIGNAL,1.0,1.0,0.571,o
low_reliability_or_unlikely,conservative_morphology,cth|ey|XGX,R04,14,14,4,CONTEXTUAL_ROLE_SIGNAL,0.857,0.929,0.929,"cthey, octhey, shcthey, qocthey"
low_reliability_or_unlikely,conservative_morphology,e|al|E,R00,14,14,3,CONTEXTUAL_ROLE_SIGNAL,0.643,0.714,0.929,"cheal, sheal, okeal"
low_reliability_or_unlikely,conservative_morphology,k|ain|G,R06,14,13,6,LOW_POWER_OR_UNSTABLE,0.571,0.643,1.0,"kain, olkain, shkain, qkain, ykain, chkain"
low_reliability_or_unlikely,conservative_morphology,ch|eey|B,R00,14,14,8,LOW_POWER_OR_UNSTABLE,0.5,0.571,1.0,"ycheey, olcheey, dcheey, orcheey, scheey, okcheey"
low_reliability_or_unlikely,conservative_morphology,cth|or|XGX,R04,13,13,2,CONTEXTUAL_ROLE_SIGNAL,1.0,1.0,1.0,"cthor, chcthor"
low_reliability_or_unlikely,conservative_morphology,r|aiin|L,R00,13,13,1,CONTEXTUAL_ROLE_SIGNAL,1.0,1.0,1.0,raiin
low_reliability_or_unlikely,conservative_morphology,pch|ey|GB,R00,13,12,4,CONTEXTUAL_ROLE_SIGNAL,0.769,0.846,0.692,"opchey, ypchey, pchey, olpchey"
low_reliability_or_unlikely,conservative_morphology,eckh|y|EXGX,R00,12,12,2,CONTEXTUAL_ROLE_SIGNAL,1.0,1.0,1.0,"checkhy, sheckhy"
low_reliability_or_unlikely,conservative_morphology,l|or|L,R00,12,12,2,CONTEXTUAL_ROLE_SIGNAL,1.0,1.0,1.0,"lor, chlor"
low_reliability_or_unlikely,conservative_morphology,r|NONE|L,R00,12,12,1,CONTEXTUAL_ROLE_SIGNAL,1.0,1.0,0.583,r
low_reliability_or_unlikely,conservative_morphology,t|aiin|G,R06,12,12,3,CONTEXTUAL_ROLE_SIGNAL,0.917,0.917,1.0,"taiin, ytaiin, oltaiin"
low_reliability_or_unlikely,conservative_morphology,k|ol|G,R06,12,12,5,CONTEXTUAL_ROLE_SIGNAL,0.75,0.917,0.75,"kol, ykol, chkol, olkol, qkol"
low_reliability_or_unlikely,conservative_morphology,eos|NONE|EOX,R00,12,12,5,CONTEXTUAL_ROLE_SIGNAL,0.667,0.75,0.75,"cheos, okeos, oteos, sheos, qoteos"
low_reliability_or_unlikely,conservative_morphology,ar|al|OL,R00,12,12,5,CONTEXTUAL_ROLE_SIGNAL,0.583,1.0,0.5,"aral, saral, otaral, okaral, daral"
low_reliability_or_unlikely,conservative_morphology,lch|ey|LB,R00,12,12,2,CONTEXTUAL_ROLE_SIGNAL,0.583,0.833,1.0,"lchey, qolchey"
low_reliability_or_unlikely,conservative_morphology,d|al|D,R00,12,12,5,CONTEXTUAL_ROLE_SIGNAL,0.5,0.833,0.75,"odal, chdal, ydal, qodal, oldal"
low_reliability_or_unlikely,conservative_morphology,d|ar|D,R00,12,11,7,CONTEXTUAL_ROLE_SIGNAL,0.5,0.833,0.75,"chdar, qodar, shdar, odar, ydar, oldar"
low_reliability_or_unlikely,conservative_morphology,ed|NONE|ED,R06,12,12,4,CONTEXTUAL_ROLE_SIGNAL,0.5,0.75,1.0,"shed, ched, qoked, qoted"
low_reliability_or_unlikely,conservative_morphology,lk|ain|LG,R00,11,10,1,CONTEXTUAL_ROLE_SIGNAL,1.0,1.0,1.0,lkain
low_reliability_or_unlikely,conservative_morphology,lsh|edy|LB,R00,11,11,1,CONTEXTUAL_ROLE_SIGNAL,1.0,1.0,1.0,lshedy
low_reliability_or_unlikely,conservative_morphology,ees|NONE|EX,R00,11,11,4,CONTEXTUAL_ROLE_SIGNAL,0.818,1.0,0.909,"chees, okees, oees, qokees"
low_reliability_or_unlikely,conservative_morphology,i|in|E,R00,11,11,5,CONTEXTUAL_ROLE_SIGNAL,0.818,0.909,0.909,"oiin, diin, chiin, iin, qokiin"
low_reliability_or_unlikely,conservative_morphology,o|iin|O,R06,11,11,5,CONTEXTUAL_ROLE_SIGNAL,0.727,0.818,0.909,"soiin, doiin, choiin, shoiin, qotoiin"
low_reliability_or_unlikely,conservative_morphology,ke|eey|GE,R00,11,11,5,LOW_POWER_OR_UNSTABLE,0.636,0.636,0.909,"olkeeey, keeey, ykeeey, orkeeey, qkeeey"
low_reliability_or_unlikely,conservative_morphology,eed|NONE|ED,H08,11,10,5,LOW_POWER_OR_UNSTABLE,0.545,0.636,1.0,"qokeed, oteed, okeed, qoteed, sheed"
low_reliability_or_unlikely,conservative_morphology,ed|al|ED,R00,11,11,6,LOW_POWER_OR_UNSTABLE,0.273,0.636,0.909,"otedal, shedal, chedal, qokedal, qotedal, okedal"
low_reliability_or_unlikely,conservative_morphology,l|ol|L,R00,10,10,1,CONTEXTUAL_ROLE_SIGNAL,1.0,1.0,1.0,lol
low_reliability_or_unlikely,conservative_morphology,octh|y|OXGX,R00,10,10,2,CONTEXTUAL_ROLE_SIGNAL,1.0,1.0,0.8,"chocthy, shocthy"
low_reliability_or_unlikely,conservative_morphology,lk|eey|LG,R00,10,10,2,CONTEXTUAL_ROLE_SIGNAL,0.9,0.9,1.0,"lkeey, qolkeey"
low_reliability_or_unlikely,conservative_morphology,ala|m|OLO,R00,10,10,4,CONTEXTUAL_ROLE_SIGNAL,0.8,1.0,0.5,"otalam, alam, dalam, okalam"
low_reliability_or_unlikely,conservative_morphology,ke|ol|GE,R06,10,10,3,CONTEXTUAL_ROLE_SIGNAL,0.8,1.0,0.8,"keol, ykeol, olkeol"
low_reliability_or_unlikely,conservative_morphology,t|eedy|G,R00,10,10,3,CONTEXTUAL_ROLE_SIGNAL,0.8,0.8,0.9,"yteedy, teedy, olteedy"
low_reliability_or_unlikely,conservative_morphology,k|ey|G,R06,10,10,5,CONTEXTUAL_ROLE_SIGNAL,0.6,0.8,0.7,"ykey, key, olkey, chkey, skey"
low_reliability_or_unlikely,conservative_morphology,od|ar|OD,R00,10,10,4,CONTEXTUAL_ROLE_SIGNAL,0.6,0.9,0.7,"sodar, chodar, otodar, okodar"
low_reliability_or_unlikely,conservative_morphology,ee|ol|E,R00,10,10,5,CONTEXTUAL_ROLE_SIGNAL,0.5,0.7,0.9,"okeeol, sheeol, cheeol, deeol, qoteeol"
low_reliability_or_unlikely,conservative_morphology,ee|or|E,R00,10,10,6,LOW_POWER_OR_UNSTABLE,0.5,0.6,0.9,"cheeor, oteeor, sheeor, eeor, qoeeor, qokeeor"
low_reliability_or_unlikely,conservative_morphology,o|m|O,R06,10,10,7,LOW_POWER_OR_UNSTABLE,0.5,0.5,1.0,"om, chom, okom, shom, olom, qokom"
low_reliability_or_unlikely,conservative_morphology,ecth|y|EXGX,R00,9,9,2,LOW_POWER_OR_UNSTABLE,1.0,1.0,1.0,"checthy, shecthy"
low_reliability_or_unlikely,conservative_morphology,lk|aiin|LG,R00,9,9,1,LOW_POWER_OR_UNSTABLE,1.0,1.0,1.0,lkaiin
low_reliability_or_unlikely,conservative_morphology,ockh|y|OXGX,R00,9,9,4,LOW_POWER_OR_UNSTABLE,1.0,1.0,0.667,"chockhy, shockhy, olockhy, okockhy"
low_reliability_or_unlikely,conservative_morphology,ai|iin|OE,R00,9,9,5,LOW_POWER_OR_UNSTABLE,0.889,0.889,1.0,"aiiin, okaiiin, olaiiin, chaiiin, daiiin"
low_reliability_or_unlikely,conservative_morphology,eees|NONE|EX,R00,9,9,5,LOW_POWER_OR_UNSTABLE,0.889,0.889,0.889,"oeees, eees, oreees, okeees, sheees"
low_reliability_or_unlikely,conservative_morphology,tch|or|GB,R06,9,9,3,LOW_POWER_OR_UNSTABLE,0.889,0.889,1.0,"tchor, ytchor, chtchor"
low_reliability_or_unlikely,conservative_morphology,tch|y|GB,R06,9,8,3,LOW_POWER_OR_UNSTABLE,0.889,1.0,1.0,"tchy, ytchy, chtchy"
low_reliability_or_unlikely,conservative_morphology,t|eey|G,R06,9,9,3,LOW_POWER_OR_UNSTABLE,0.889,0.889,1.0,"yteey, teey, olteey"
low_reliability_or_unlikely,conservative_morphology,k|or|G,R06,9,9,4,LOW_POWER_OR_UNSTABLE,0.778,0.889,0.889,"ykor, kor, chkor, olkor"
low_reliability_or_unlikely,conservative_morphology,s|y|X,R06,9,9,3,LOW_POWER_OR_UNSTABLE,0.778,1.0,0.778,"sy, osy, olsy"
low_reliability_or_unlikely,conservative_morphology,ol|y|OL,R00,9,9,5,LOW_POWER_OR_UNSTABLE,0.667,1.0,0.444,"choly, doly, otoly, okoly, soly"
low_reliability_or_unlikely,conservative_morphology,sh|y|B,R00,9,8,6,LOW_POWER_OR_UNSTABLE,0.667,0.667,0.778,"okshy, dshy, orshy, qokshy, otshy, olshy"
low_reliability_or_unlikely,conservative_morphology,aii|r|OI,R00,9,9,7,LOW_POWER_OR_UNSTABLE,0.556,0.778,0.556,"daiir, aiir, oaiir, okaiir, otaiir, qokaiir"
low_reliability_or_unlikely,conservative_morphology,eod|NONE|EOD,R00,9,9,4,LOW_POWER_OR_UNSTABLE,0.556,0.889,0.556,"okeod, sheod, qokeod, cheod"
low_reliability_or_unlikely,conservative_morphology,keo|dy|GEO,R00,9,8,2,LOW_POWER_OR_UNSTABLE,0.556,1.0,0.667,"ykeody, keody"
low_reliability_or_unlikely,conservative_morphology,k|al|G,R06,9,9,4,LOW_POWER_OR_UNSTABLE,0.556,0.667,1.0,"chkal, kal, ykal, olkal"
low_reliability_or_unlikely,conservative_morphology,d|NONE|D,R06,8,8,1,LOW_POWER_OR_UNSTABLE,1.0,1.0,0.625,d
low_reliability_or_unlikely,conservative_morphology,lsh|ey|LB,R00,8,8,1,LOW_POWER_OR_UNSTABLE,1.0,1.0,1.0,lshey
low_reliability_or_unlikely,conservative_morphology,r|y|L,R00,8,8,2,LOW_POWER_OR_UNSTABLE,1.0,1.0,0.75,"ory, ry"
low_reliability_or_unlikely,conservative_morphology,da|NONE|DO,R06,8,8,2,LOW_POWER_OR_UNSTABLE,0.875,1.0,0.875,"da, oda"
low_reliability_or_unlikely,conservative_morphology,ed|ain|ED,R00,8,7,4,LOW_POWER_OR_UNSTABLE,0.875,0.875,1.0,"chedain, shedain, okedain, qokedain"
low_reliability_or_unlikely,conservative_morphology,keeo|dy|GEO,R00,8,8,3,LOW_POWER_OR_UNSTABLE,0.875,0.875,0.625,"ykeeody, keeody, chkeeody"
low_reliability_or_unlikely,conservative_morphology,y|dy|Y,R00,8,8,5,LOW_POWER_OR_UNSTABLE,0.875,1.0,0.625,"qotydy, otydy, okydy, sydy, qokydy"
low_reliability_or_unlikely,conservative_morphology,eol|y|EOL,R00,8,8,4,LOW_POWER_OR_UNSTABLE,0.75,1.0,0.5,"okeoly, qoteoly, cheoly, sheoly"
low_reliability_or_unlikely,conservative_morphology,t|ain|G,R06,8,8,4,LOW_POWER_OR_UNSTABLE,0.75,0.75,1.0,"ytain, tain, chtain, oltain"
low_reliability_or_unlikely,conservative_morphology,eeo|NONE|EO,R00,8,8,4,LOW_POWER_OR_UNSTABLE,0.625,0.875,0.875,"cheeo, okeeo, qokeeo, sheeo"
low_reliability_or_unlikely,conservative_morphology,es|NONE|EX,R00,8,8,4,LOW_POWER_OR_UNSTABLE,0.625,1.0,0.75,"ches, shes, es, otes"
low_reliability_or_unlikely,conservative_morphology,ed|ar|ED,R00,8,8,3,LOW_POWER_OR_UNSTABLE,0.5,0.75,1.0,"chedar, qokedar, otedar"
low_reliability_or_unlikely,conservative_morphology,cheo|dy|BEO,R00,7,7,3,LOW_POWER_OR_UNSTABLE,1.0,1.0,0.571,"otcheody, ycheody, olcheody"
low_reliability_or_unlikely,conservative_morphology,ed|aiin|ED,R00,7,7,2,LOW_POWER_OR_UNSTABLE,1.0,1.0,1.0,"chedaiin, shedaiin"
low_reliability_or_unlikely,conservative_morphology,kch|ey|GB,R06,7,7,2,LOW_POWER_OR_UNSTABLE,1.0,1.0,0.857,"kchey, ykchey"
low_reliability_or_unlikely,conservative_morphology,lch|eey|LB,R00,7,7,2,LOW_POWER_OR_UNSTABLE,1.0,1.0,1.0,"lcheey, ylcheey"
low_reliability_or_unlikely,conservative_morphology,lk|edy|LG,R00,7,7,1,LOW_POWER_OR_UNSTABLE,1.0,1.0,1.0,lkedy
low_reliability_or_unlikely,conservative_morphology,lo|NONE|LO,R00,7,7,2,LOW_POWER_OR_UNSTABLE,1.0,1.0,1.0,"lo, olo"
low_reliability_or_unlikely,conservative_morphology,t|or|G,R06,7,7,2,LOW_POWER_OR_UNSTABLE,1.0,1.0,1.0,"tor, ytor"
low_reliability_or_unlikely,conservative_morphology,ko|NONE|GO,R00,7,7,4,LOW_POWER_OR_UNSTABLE,0.857,1.0,0.571,"oko, qko, qoko, yko"
low_reliability_or_unlikely,conservative_morphology,pch|dy|GB,R00,7,7,3,LOW_POWER_OR_UNSTABLE,0.857,1.0,1.0,"opchdy, qopchdy, pchdy"
low_reliability_or_unlikely,conservative_morphology,p|ar|G,R00,7,7,2,LOW_POWER_OR_UNSTABLE,0.857,0.857,0.857,"opar, qopar"
low_reliability_or_unlikely,conservative_morphology,t|ol|G,R06,7,7,4,LOW_POWER_OR_UNSTABLE,0.857,0.857,0.857,"tol, chtol, shtol, ytol"
low_reliability_or_unlikely,conservative_morphology,kol|dy|GOL,R06,7,7,3,LOW_POWER_OR_UNSTABLE,0.714,0.857,0.857,"koldy, chkoldy, ykoldy"
low_reliability_or_unlikely,conservative_morphology,od|NONE|OD,R00,7,7,5,LOW_POWER_OR_UNSTABLE,0.714,0.857,0.857,"qod, shod, qotod, od, okod"
low_reliability_or_unlikely,conservative_morphology,tch|edy|GB,R06,7,7,3,LOW_POWER_OR_UNSTABLE,0.714,0.857,1.0,"tchedy, oltchedy, ytchedy"
low_reliability_or_unlikely,conservative_morphology,ar|ol|OL,R00,7,7,4,LOW_POWER_OR_UNSTABLE,0.571,0.857,0.714,"arol, darol, orarol, sarol"
low_reliability_or_unlikely,conservative_morphology,che|ol|BE,R06,7,7,2,LOW_POWER_OR_UNSTABLE,0.571,0.714,1.0,"ycheol, olcheol"
low_reliability_or_unlikely,conservative_morphology,ech|y|EB,H08,7,7,4,LOW_POWER_OR_UNSTABLE,0.571,0.857,0.857,"qokechy, qechy, okechy, chechy"
low_reliability_or_unlikely,conservative_morphology,sh|eey|B,R06,7,7,5,LOW_POWER_OR_UNSTABLE,0.571,0.857,0.714,"dsheey, orsheey, osheey, ysheey, olsheey"
low_reliability_or_unlikely,conservative_morphology,sh|or|B,R06,7,7,4,LOW_POWER_OR_UNSTABLE,0.571,0.714,0.857,"dshor, okshor, yshor, otshor"
low_reliability_or_unlikely,conservative_morphology,ch|eedy|B,R00,7,7,4,LOW_POWER_OR_UNSTABLE,0.429,0.571,1.0,"qokcheedy, qotcheedy, ycheedy, dcheedy"
low_reliability_or_unlikely,conservative_morphology,ol|dy|OL,R00,7,7,3,LOW_POWER_OR_UNSTABLE,0.429,0.714,0.714,"okoldy, choldy, qokoldy"
low_reliability_or_unlikely,conservative_morphology,pch|y|GB,R00,7,6,4,LOW_POWER_OR_UNSTABLE,0.429,0.857,0.714,"opchy, qopchy, pchy, ypchy"
low_reliability_or_unlikely,conservative_morphology,sh|dy|B,R00,7,7,4,LOW_POWER_OR_UNSTABLE,0.429,0.857,1.0,"dshdy, qokshdy, olshdy, otshdy"
low_reliability_or_unlikely,conservative_morphology,cho|dy|BO,R00,6,6,4,LOW_POWER_OR_UNSTABLE,1.0,1.0,0.667,"otchody, okchody, ochody, ychody"
low_reliability_or_unlikely,conservative_morphology,ckh|dy|XGX,R00,6,6,2,LOW_POWER_OR_UNSTABLE,1.0,1.0,1.0,"chckhdy, shckhdy"
low_reliability_or_unlikely,conservative_morphology,lke|eey|LGE,R00,6,6,1,LOW_POWER_OR_UNSTABLE,1.0,1.0,1.0,lkeeey
low_reliability_or_unlikely,conservative_morphology,okch|y|OGB,R00,6,6,2,LOW_POWER_OR_UNSTABLE,1.0,1.0,0.833,"chokchy, shokchy"
low_reliability_or_unlikely,conservative_morphology,ot|y|OG,R00,6,6,1,LOW_POWER_OR_UNSTABLE,1.0,1.0,1.0,choty
low_reliability_or_unlikely,conservative_morphology,t|ar|G,R06,6,6,2,LOW_POWER_OR_UNSTABLE,1.0,1.0,0.833,"ytar, tar"
low_reliability_or_unlikely,conservative_morphology,ar|aiin|OL,R00,6,6,5,LOW_POWER_OR_UNSTABLE,0.833,1.0,0.667,"daraiin, okaraiin, otaraiin, araiin, saraiin"
low_reliability_or_unlikely,conservative_morphology,ch|l|B,R00,6,6,2,LOW_POWER_OR_UNSTABLE,0.833,0.833,1.0,"chl, dchl"
low_reliability_or_unlikely,conservative_morphology,ckh|ol|XGX,R00,6,6,4,LOW_POWER_OR_UNSTABLE,0.833,0.833,0.833,"ckhol, chckhol, ockhol, qockhol"
low_reliability_or_unlikely,conservative_morphology,or|y|OL,R00,6,6,4,LOW_POWER_OR_UNSTABLE,0.833,0.833,0.833,"chory, otory, okory, sory"
low_reliability_or_unlikely,conservative_morphology,o|y|O,R00,6,5,4,LOW_POWER_OR_UNSTABLE,0.833,0.833,1.0,"choy, oy, soy, qoy"
low_reliability_or_unlikely,conservative_morphology,r|ain|L,R00,6,6,2,LOW_POWER_OR_UNSTABLE,0.833,0.833,1.0,"rain, qorain"
low_reliability_or_unlikely,conservative_morphology,ta|m|GO,R06,6,6,3,LOW_POWER_OR_UNSTABLE,0.833,1.0,1.0,"ytam, tam, chtam"
low_reliability_or_unlikely,conservative_morphology,al|ar|OL,R00,6,6,5,LOW_POWER_OR_UNSTABLE,0.667,1.0,0.5,"okalar, qokalar, otalar, dalar, oralar"
low_reliability_or_unlikely,conservative_morphology,ckh|edy|XGX,R00,6,6,5,LOW_POWER_OR_UNSTABLE,0.667,0.667,1.0,"qockhedy, qckhedy, shckhedy, chckhedy, ockhedy"
low_reliability_or_unlikely,conservative_morphology,eek|y|EG,R06,6,6,2,LOW_POWER_OR_UNSTABLE,0.667,0.833,1.0,"sheeky, cheeky"
low_reliability_or_unlikely,conservative_morphology,ee|ar|E,R00,6,6,5,LOW_POWER_OR_UNSTABLE,0.667,0.667,0.833,"qokeear, oeear, okeear, cheear, qeear"
low_reliability_or_unlikely,conservative_morphology,ka|m|GO,R00,6,6,2,LOW_POWER_OR_UNSTABLE,0.667,1.0,1.0,"olkam, ykam"
low_reliability_or_unlikely,conservative_morphology,kch|ol|GB,R07,6,6,2,LOW_POWER_OR_UNSTABLE,0.667,0.667,1.0,"ykchol, kchol"
low_reliability_or_unlikely,conservative_morphology,da|m|DO,R00,6,6,3,LOW_POWER_OR_UNSTABLE,0.5,0.833,0.833,"ydam, oldam, odam"
low_reliability_or_unlikely,conservative_morphology,eeo|dy|EO,H11,6,5,4,LOW_POWER_OR_UNSTABLE,0.5,1.0,0.667,"qokeeody, oeeody, okeeody, qoteeody"
low_reliability_or_unlikely,conservative_morphology,ckh|aiin|XGX,R00,5,5,2,LOW_POWER_OR_UNSTABLE,1.0,1.0,1.0,"ckhaiin, chckhaiin"
low_reliability_or_unlikely,conservative_morphology,ckh|or|XGX,R00,5,5,2,LOW_POWER_OR_UNSTABLE,1.0,1.0,1.0,"ckhor, chckhor"
low_reliability_or_unlikely,conservative_morphology,cph|y|XGX,R00,5,5,2,LOW_POWER_OR_UNSTABLE,1.0,1.0,0.6,"cphy, ocphy"
low_reliability_or_unlikely,conservative_morphology,ek|ain|EG,R00,5,5,2,LOW_POWER_OR_UNSTABLE,1.0,1.0,1.0,"chekain, shekain"
low_reliability_or_unlikely,conservative_morphology,eol|dy|EOL,R00,5,5,3,LOW_POWER_OR_UNSTABLE,1.0,1.0,0.6,"cheoldy, okeoldy, sheoldy"
low_reliability_or_unlikely,conservative_morphology,e|NONE|E,R00,5,5,1,LOW_POWER_OR_UNSTABLE,1.0,1.0,0.8,e
low_reliability_or_unlikely,conservative_morphology,f|NONE|G,R06,5,5,1,LOW_POWER_OR_UNSTABLE,1.0,1.0,0.8,f
low_reliability_or_unlikely,conservative_morphology,lk|ar|LG,R00,5,5,1,LOW_POWER_OR_UNSTABLE,1.0,1.0,1.0,lkar
low_reliability_or_unlikely,conservative_morphology,lk|y|LG,R00,5,5,1,LOW_POWER_OR_UNSTABLE,1.0,1.0,1.0,lky
low_reliability_or_unlikely,conservative_morphology,ockh|ey|OXGX,R00,5,5,2,LOW_POWER_OR_UNSTABLE,1.0,1.0,0.8,"chockhey, shockhey"
low_reliability_or_unlikely,conservative_morphology,olch|edy|OLB,R00,5,5,2,LOW_POWER_OR_UNSTABLE,1.0,1.0,0.8,"solchedy, dolchedy"
low_reliability_or_unlikely,conservative_morphology,r|ar|L,R00,5,5,1,LOW_POWER_OR_UNSTABLE,1.0,1.0,1.0,rar
low_reliability_or_unlikely,conservative_morphology,tch|ey|GB,R06,5,5,2,LOW_POWER_OR_UNSTABLE,1.0,1.0,0.8,"ytchey, tchey"
low_reliability_or_unlikely,conservative_morphology,tch|ol|GB,R06,5,5,2,LOW_POWER_OR_UNSTABLE,1.0,1.0,0.8,"ytchol, tchol"
low_reliability_or_unlikely,conservative_morphology,te|ol|GE,R06,5,5,2,LOW_POWER_OR_UNSTABLE,1.0,1.0,1.0,"teol, yteol"
low_reliability_or_unlikely,conservative_morphology,ai|m|OE,R06,5,5,3,LOW_POWER_OR_UNSTABLE,0.8,0.8,0.6,"daim, saim, otaim"
low_reliability_or_unlikely,conservative_morphology,d|ain|D,R00,5,5,3,LOW_POWER_OR_UNSTABLE,0.8,1.0,0.8,"chdain, odain, qodain"
low_reliability_or_unlikely,conservative_morphology,e|eedy|E,R00,5,4,4,LOW_POWER_OR_UNSTABLE,0.8,0.8,1.0,"okeeedy, oleeedy, qoeeedy, qeeedy"
low_reliability_or_unlikely,conservative_morphology,fch|edy|GB,R00,5,5,5,LOW_POWER_OR_UNSTABLE,0.8,1.0,1.0,"olfchedy, ofchedy, qofchedy, yfchedy, fchedy"
low_reliability_or_unlikely,conservative_morphology,kai|r|GOE,R06,5,5,4,LOW_POWER_OR_UNSTABLE,0.8,0.8,1.0,"ykair, olkair, kair, dkair"
low_reliability_or_unlikely,conservative_morphology,olk|eedy|OLG,R00,5,5,3,LOW_POWER_OR_UNSTABLE,0.8,1.0,1.0,"solkeedy, sholkeedy, dolkeedy"
low_reliability_or_unlikely,conservative_morphology,aiin|y|OIL,R06,5,5,4,LOW_POWER_OR_UNSTABLE,0.6,1.0,0.4,"daiiny, oraiiny, olaiiny, saiiny"
low_reliability_or_unlikely,conservative_morphology,air|al|OEL,R06,5,5,2,LOW_POWER_OR_UNSTABLE,0.6,0.8,0.6,"dairal, airal"
low_reliability_or_unlikely,conservative_morphology,al|al|OL,R06,5,5,4,LOW_POWER_OR_UNSTABLE,0.6,1.0,0.6,"dalal, salal, alal, okalal"
low_reliability_or_unlikely,conservative_morphology,ara|m|OLO,R00,5,5,4,LOW_POWER_OR_UNSTABLE,0.6,1.0,0.4,"okaram, otaram, oraram, aram"
low_reliability_or_unlikely,conservative_morphology,che|or|BE,R00,5,5,3,LOW_POWER_OR_UNSTABLE,0.6,1.0,0.8,"ycheor, olcheor, okcheor"
low_reliability_or_unlikely,conservative_morphology,eda|m|EDO,R00,5,5,3,LOW_POWER_OR_UNSTABLE,0.6,0.8,1.0,"shedam, chedam, okedam"
low_reliability_or_unlikely,conservative_morphology,ek|NONE|EG,R00,5,5,2,LOW_POWER_OR_UNSTABLE,0.6,1.0,0.6,"chek, shek"
low_reliability_or_unlikely,conservative_morphology,kch|edy|GB,R00,5,5,3,LOW_POWER_OR_UNSTABLE,0.6,0.8,1.0,"ykchedy, kchedy, olkchedy"
low_reliability_or_unlikely,conservative_morphology,ok|NONE|OG,R00,5,5,4,LOW_POWER_OR_UNSTABLE,0.6,1.0,0.6,"chok, shok, ok, qok"
low_reliability_or_unlikely,conservative_morphology,ols|NONE|OLX,R00,5,5,3,LOW_POWER_OR_UNSTABLE,0.6,1.0,0.8,"chols, sols, okols"
low_reliability_or_unlikely,conservative_morphology,ot|NONE|OG,R00,5,5,3,LOW_POWER_OR_UNSTABLE,0.6,1.0,0.8,"qot, ot, chot"
low_reliability_or_unlikely,conservative_morphology,o|aiin|O,R06,5,5,4,LOW_POWER_OR_UNSTABLE,0.6,1.0,0.6,"soaiin, oloaiin, otoaiin, doaiin"
low_reliability_or_unlikely,conservative_morphology,sho|NONE|BO,R06,5,5,4,LOW_POWER_OR_UNSTABLE,0.6,0.6,1.0,"dsho, osho, ssho, oksho"
low_reliability_or_unlikely,conservative_morphology,teo|dy|GEO,R00,5,5,2,LOW_POWER_OR_UNSTABLE,0.6,1.0,0.6,"yteody, teody"
low_reliability_or_unlikely,conservative_morphology,to|dy|GO,R00,5,5,3,LOW_POWER_OR_UNSTABLE,0.6,1.0,0.6,"tody, ytody, chtody"
low_reliability_or_unlikely,conservative_morphology,yt|y|YG,R06,5,5,3,LOW_POWER_OR_UNSTABLE,0.6,0.6,1.0,"chyty, dyty, syty"
low_reliability_or_unlikely,conservative_morphology,cheo|NONE|BEO,H08,5,5,3,LOW_POWER_OR_UNSTABLE,0.4,0.8,1.0,"qokcheo, ycheo, olcheo"
low_reliability_or_unlikely,conservative_morphology,alch|edy|OLB,R00,4,4,3,LOW_POWER_OR_UNSTABLE,1.0,1.0,1.0,"salchedy, okalchedy, alchedy"
low_reliability_or_unlikely,conservative_morphology,ald|NONE|OLD,R00,4,4,4,LOW_POWER_OR_UNSTABLE,1.0,1.0,0.5,"chald, otald, orald, ald"
low_reliability_or_unlikely,conservative_morphology,chs|NONE|BX,R00,4,4,1,LOW_POWER_OR_UNSTABLE,1.0,1.0,0.75,chs
low_reliability_or_unlikely,conservative_morphology,ch|NONE|B,R00,4,4,1,LOW_POWER_OR_UNSTABLE,1.0,1.0,1.0,ch
low_reliability_or_unlikely,conservative_morphology,ch|aiin|B,R00,4,4,3,LOW_POWER_OR_UNSTABLE,1.0,1.0,1.0,"dchaiin, ochaiin, schaiin"
low_reliability_or_unlikely,conservative_morphology,cph|ol|XGX,R00,4,4,1,LOW_POWER_OR_UNSTABLE,1.0,1.0,1.0,cphol
low_reliability_or_unlikely,conservative_morphology,cth|aiin|XGX,R04,4,4,1,LOW_POWER_OR_UNSTABLE,1.0,1.0,1.0,cthaiin
low_reliability_or_unlikely,conservative_morphology,eek|ey|EG,R00,4,4,2,LOW_POWER_OR_UNSTABLE,1.0,1.0,1.0,"cheekey, sheekey"
low_reliability_or_unlikely,conservative_morphology,ekch|dy|EGB,R00,4,4,2,LOW_POWER_OR_UNSTABLE,1.0,1.0,0.75,"qekchdy, oekchdy"
low_reliability_or_unlikely,conservative_morphology,ek|eedy|EG,R00,4,4,2,LOW_POWER_OR_UNSTABLE,1.0,1.0,1.0,"chekeedy, oekeedy"
low_reliability_or_unlikely,conservative_morphology,et|y|EG,R00,4,4,2,LOW_POWER_OR_UNSTABLE,1.0,1.0,0.75,"chety, ety"
low_reliability_or_unlikely,conservative_morphology,h|e|X,R06,4,4,1,LOW_POWER_OR_UNSTABLE,1.0,1.0,0.75,she
low_reliability_or_unlikely,conservative_morphology,ko|dy|GO,R06,4,4,1,LOW_POWER_OR_UNSTABLE,1.0,1.0,0.75,kody
low_reliability_or_unlikely,conservative_morphology,ksh|y|GB,R06,4,4,3,LOW_POWER_OR_UNSTABLE,1.0,1.0,1.0,"ykshy, shkshy, kshy"
low_reliability_or_unlikely,conservative_morphology,lch|dy|LB,R00,4,4,1,LOW_POWER_OR_UNSTABLE,1.0,1.0,1.0,lchdy
low_reliability_or_unlikely,conservative_morphology,ls|NONE|LX,R00,4,4,2,LOW_POWER_OR_UNSTABLE,1.0,1.0,0.75,"ols, ls"
low_reliability_or_unlikely,conservative_morphology,l|dy|L,R00,4,4,2,LOW_POWER_OR_UNSTABLE,1.0,1.0,1.0,"ldy, qoldy"
low_reliability_or_unlikely,conservative_morphology,ok|aiin|OG,R10,4,4,2,LOW_POWER_OR_UNSTABLE,1.0,1.0,1.0,"shokaiin, chokaiin"
low_reliability_or_unlikely,conservative_morphology,ot|al|OG,R00,4,4,1,LOW_POWER_OR_UNSTABLE,1.0,1.0,0.75,chotal
low_reliability_or_unlikely,conservative_morphology,qo|NONE|QO,H07,4,4,1,LOW_POWER_OR_UNSTABLE,1.0,1.0,1.0,qo
low_reliability_or_unlikely,conservative_morphology,rch|ey|LB,R00,4,3,1,LOW_POWER_OR_UNSTABLE,1.0,1.0,1.0,rchey
low_reliability_or_unlikely,conservative_morphology,r|al|L,R00,4,4,1,LOW_POWER_OR_UNSTABLE,1.0,1.0,1.0,ral
low_reliability_or_unlikely,conservative_morphology,r|ol|L,R00,4,4,1,LOW_POWER_OR_UNSTABLE,1.0,1.0,1.0,rol
low_reliability_or_unlikely,conservative_morphology,sh|NONE|B,R06,4,4,1,LOW_POWER_OR_UNSTABLE,1.0,1.0,0.75,sh
low_reliability_or_unlikely,conservative_morphology,sh|eedy|B,R00,4,4,4,LOW_POWER_OR_UNSTABLE,1.0,1.0,1.0,"orsheedy, osheedy, dsheedy, ysheedy"
low_reliability_or_unlikely,conservative_morphology,tai|r|GOE,R06,4,4,1,LOW_POWER_OR_UNSTABLE,1.0,1.0,1.0,tair
low_reliability_or_unlikely,conservative_morphology,alsh|edy|OLB,R09,4,4,2,LOW_POWER_OR_UNSTABLE,0.75,1.0,1.0,"dalshedy, otalshedy"
low_reliability_or_unlikely,conservative_morphology,al|aiin|OL,R00,4,4,3,LOW_POWER_OR_UNSTABLE,0.75,1.0,0.5,"otalaiin, dalaiin, okalaiin"
low_reliability_or_unlikely,conservative_morphology,aro|dy|OLO,R00,4,4,2,LOW_POWER_OR_UNSTABLE,0.75,1.0,1.0,"arody, darody"
low_reliability_or_unlikely,conservative_morphology,ctho|NONE|XGXO,R04,4,4,3,LOW_POWER_OR_UNSTABLE,0.75,1.0,0.75,"ctho, chctho, octho"
low_reliability_or_unlikely,conservative_morphology,eeos|NONE|EOX,R00,4,4,3,LOW_POWER_OR_UNSTABLE,0.75,1.0,0.5,"okeeos, qokeeos, oeeos"
low_reliability_or_unlikely,conservative_morphology,eet|y|EG,R06,4,4,2,LOW_POWER_OR_UNSTABLE,0.75,0.75,1.0,"sheety, cheety"
low_reliability_or_unlikely,conservative_morphology,ek|ey|EG,R00,4,4,3,LOW_POWER_OR_UNSTABLE,0.75,1.0,0.5,"chekey, shekey, oekey"
low_reliability_or_unlikely,conservative_morphology,kch|dy|GB,R00,4,4,2,LOW_POWER_OR_UNSTABLE,0.75,1.0,0.5,"ykchdy, kchdy"
low_reliability_or_unlikely,conservative_morphology,kch|or|GB,R06,4,4,2,LOW_POWER_OR_UNSTABLE,0.75,0.75,1.0,"kchor, shkchor"
low_reliability_or_unlikely,conservative_morphology,lsh|eedy|LB,R00,4,4,2,LOW_POWER_OR_UNSTABLE,0.75,0.75,1.0,"lsheedy, qolsheedy"
low_reliability_or_unlikely,conservative_morphology,l|r|L,R00,4,4,3,LOW_POWER_OR_UNSTABLE,0.75,0.75,1.0,"olr, lr, qolr"
low_reliability_or_unlikely,conservative_morphology,ok|ar|OG,R06,4,4,3,LOW_POWER_OR_UNSTABLE,0.75,0.75,1.0,"shokar, sokar, chokar"
low_reliability_or_unlikely,conservative_morphology,ol|ar|OL,R00,4,4,2,LOW_POWER_OR_UNSTABLE,0.75,1.0,1.0,"okolar, cholar"
low_reliability_or_unlikely,conservative_morphology,or|ain|OL,R06,4,4,4,LOW_POWER_OR_UNSTABLE,0.75,1.0,1.0,"sorain, dorain, otorain, yorain"
low_reliability_or_unlikely,conservative_morphology,pch|eedy|GB,R00,4,4,3,LOW_POWER_OR_UNSTABLE,0.75,0.75,1.0,"opcheedy, qopcheedy, pcheedy"
low_reliability_or_unlikely,conservative_morphology,ald|ar|OLD,R00,4,4,3,LOW_POWER_OR_UNSTABLE,0.5,1.0,0.75,"otaldar, qokaldar, daldar"
low_reliability_or_unlikely,conservative_morphology,als|NONE|OLX,R09,4,4,3,LOW_POWER_OR_UNSTABLE,0.5,1.0,0.75,"dals, qokals, als"
low_reliability_or_unlikely,conservative_morphology,al|or|OL,R00,4,4,3,LOW_POWER_OR_UNSTABLE,0.5,0.75,1.0,"alor, dalor, qokalor"
low_reliability_or_unlikely,conservative_morphology,chd|NONE|BD,H08,4,4,3,LOW_POWER_OR_UNSTABLE,0.5,1.0,1.0,"qokchd, chd, okchd"
low_reliability_or_unlikely,conservative_morphology,ch|ain|B,R00,4,4,4,LOW_POWER_OR_UNSTABLE,0.5,0.75,1.0,"ychain, okchain, dchain, olchain"
low_reliability_or_unlikely,conservative_morphology,cth|edy|XGX,R04,4,4,3,LOW_POWER_OR_UNSTABLE,0.5,1.0,1.0,"chcthedy, octhedy, qocthedy"
low_reliability_or_unlikely,conservative_morphology,ek|al|EG,R00,4,4,2,LOW_POWER_OR_UNSTABLE,0.5,0.75,0.75,"shekal, chekal"
low_reliability_or_unlikely,conservative_morphology,kees|NONE|GEX,R00,4,4,2,LOW_POWER_OR_UNSTABLE,0.5,1.0,0.5,"ykees, olkees"
low_reliability_or_unlikely,conservative_morphology,ol|or|OL,R06,4,4,4,LOW_POWER_OR_UNSTABLE,0.5,1.0,1.0,"okolor, dolor, sholor, cholor"
low_reliability_or_unlikely,conservative_morphology,pche|or|GBE,R00,4,3,3,LOW_POWER_OR_UNSTABLE,0.5,0.75,0.75,"pcheor, opcheor, chpcheor"
low_reliability_or_unlikely,conservative_morphology,p|aiin|G,R00,4,4,2,LOW_POWER_OR_UNSTABLE,0.5,0.75,0.75,"ypaiin, opaiin"
low_reliability_or_unlikely,conservative_morphology,to|NONE|GO,R00,4,4,4,LOW_POWER_OR_UNSTABLE,0.5,1.0,0.5,"qoto, yto, oto, to"
low_reliability_or_unlikely,conservative_morphology,t|ey|G,R00,4,4,3,LOW_POWER_OR_UNSTABLE,0.5,1.0,0.75,"ytey, oltey, chtey"
low_reliability_or_unlikely,conservative_morphology,aii|NONE|OI,R06,3,3,2,LOW_POWER_OR_UNSTABLE,1.0,1.0,0.667,"saii, daii"
low_reliability_or_unlikely,conservative_morphology,aro|NONE|OLO,R00,3,3,2,LOW_POWER_OR_UNSTABLE,1.0,1.0,1.0,"oaro, aro"
low_reliability_or_unlikely,conservative_morphology,as|NONE|OX,R00,3,3,2,LOW_POWER_OR_UNSTABLE,1.0,1.0,1.0,"as, okas"
low_reliability_or_unlikely,conservative_morphology,a|NONE|O,R00,3,3,1,LOW_POWER_OR_UNSTABLE,1.0,1.0,0.667,a
low_reliability_or_unlikely,conservative_morphology,cfh|y|XGX,R00,3,3,1,LOW_POWER_OR_UNSTABLE,1.0,1.0,1.0,cfhy
low_reliability_or_unlikely,conservative_morphology,ched|al|BED,R09,3,3,3,LOW_POWER_OR_UNSTABLE,1.0,1.0,0.667,"dchedal, ochedal, ychedal"
low_reliability_or_unlikely,conservative_morphology,cheeo|dy|BEO,R00,3,3,2,LOW_POWER_OR_UNSTABLE,1.0,1.0,1.0,"ycheeody, dcheeody"
low_reliability_or_unlikely,conservative_morphology,cth|ain|XGX,R04,3,2,2,LOW_POWER_OR_UNSTABLE,1.0,1.0,1.0,"cthain, chcthain"
low_reliability_or_unlikely,conservative_morphology,cth|ar|XGX,R04,3,3,2,LOW_POWER_OR_UNSTABLE,1.0,1.0,1.0,"cthar, chcthar"
low_reliability_or_unlikely,conservative_morphology,cth|dy|XGX,R04,3,3,2,LOW_POWER_OR_UNSTABLE,1.0,1.0,1.0,"chcthdy, olcthdy"
low_reliability_or_unlikely,conservative_morphology,d|l|D,R06,3,3,1,LOW_POWER_OR_UNSTABLE,1.0,1.0,1.0,dl
low_reliability_or_unlikely,conservative_morphology,eckh|ey|EXGX,R00,3,3,1,LOW_POWER_OR_UNSTABLE,1.0,1.0,1.0,checkhey
low_reliability_or_unlikely,conservative_morphology,ed|or|ED,R00,3,3,2,LOW_POWER_OR_UNSTABLE,1.0,1.0,1.0,"okedor, chedor"
low_reliability_or_unlikely,conservative_morphology,eko|dy|EGO,R00,3,3,2,LOW_POWER_OR_UNSTABLE,1.0,1.0,0.667,"chekody, shekody"
low_reliability_or_unlikely,conservative_morphology,eockh|y|EOXGX,R00,3,3,2,LOW_POWER_OR_UNSTABLE,1.0,1.0,1.0,"cheockhy, sheockhy"
low_reliability_or_unlikely,conservative_morphology,eol|or|EOL,R00,3,3,3,LOW_POWER_OR_UNSTABLE,1.0,1.0,1.0,"okeolor, sheolor, cheolor"
low_reliability_or_unlikely,conservative_morphology,et|ar|EG,R00,3,3,1,LOW_POWER_OR_UNSTABLE,1.0,1.0,0.667,chetar
low_reliability_or_unlikely,conservative_morphology,h|l|X,R06,3,3,1,LOW_POWER_OR_UNSTABLE,1.0,1.0,1.0,shl
low_reliability_or_unlikely,conservative_morphology,kal|y|GOL,R06,3,3,1,LOW_POWER_OR_UNSTABLE,1.0,1.0,0.667,ykaly
low_reliability_or_unlikely,conservative_morphology,kch|aiin|GB,R00,3,3,1,LOW_POWER_OR_UNSTABLE,1.0,1.0,1.0,kchaiin
low_reliability_or_unlikely,conservative_morphology,kee|ol|GE,R06,3,3,2,LOW_POWER_OR_UNSTABLE,1.0,1.0,0.333,"ykeeol, keeol"
low_reliability_or_unlikely,conservative_morphology,kee|or|GE,R06,3,3,1,LOW_POWER_OR_UNSTABLE,1.0,1.0,0.667,ykeeor
low_reliability_or_unlikely,conservative_morphology,k|NONE|G,R06,3,3,1,LOW_POWER_OR_UNSTABLE,1.0,1.0,1.0,k
low_reliability_or_unlikely,conservative_morphology,k|l|G,R00,3,3,1,LOW_POWER_OR_UNSTABLE,1.0,1.0,1.0,qokl
low_reliability_or_unlikely,conservative_morphology,lch|y|LB,R00,3,3,1,LOW_POWER_OR_UNSTABLE,1.0,1.0,1.0,lchy
low_reliability_or_unlikely,conservative_morphology,lkch|edy|LGB,R00,3,3,1,LOW_POWER_OR_UNSTABLE,1.0,1.0,1.0,lkchedy
low_reliability_or_unlikely,conservative_morphology,odal|y|ODOL,R00,3,3,2,LOW_POWER_OR_UNSTABLE,1.0,1.0,0.667,"chodaly, okodaly"
low_reliability_or_unlikely,conservative_morphology,ok|ain|OG,R00,3,3,2,LOW_POWER_OR_UNSTABLE,1.0,1.0,1.0,"chokain, shokain"
low_reliability_or_unlikely,conservative_morphology,olk|aiin|OLG,R07,3,3,1,LOW_POWER_OR_UNSTABLE,1.0,1.0,1.0,cholkaiin
low_reliability_or_unlikely,conservative_morphology,olo|NONE|OLO,R00,3,3,2,LOW_POWER_OR_UNSTABLE,1.0,1.0,0.667,"okolo, cholo"
low_reliability_or_unlikely,conservative_morphology,p|NONE|G,R06,3,3,1,LOW_POWER_OR_UNSTABLE,1.0,1.0,0.667,p
low_reliability_or_unlikely,conservative_morphology,p|y|G,R00,3,3,1,LOW_POWER_OR_UNSTABLE,1.0,1.0,1.0,opy
low_reliability_or_unlikely,conservative_morphology,r|or|L,R00,3,3,1,LOW_POWER_OR_UNSTABLE,1.0,1.0,1.0,ror
low_reliability_or_unlikely,conservative_morphology,sheo|dy|BEO,R00,3,3,2,LOW_POWER_OR_UNSTABLE,1.0,1.0,1.0,"dsheody, otsheody"
low_reliability_or_unlikely,conservative_morphology,s|aiin|X,R00,3,3,2,LOW_POWER_OR_UNSTABLE,1.0,1.0,0.667,"olsaiin, osaiin"
low_reliability_or_unlikely,conservative_morphology,tsh|ol|GB,R06,3,3,1,LOW_POWER_OR_UNSTABLE,1.0,1.0,1.0,tshol
low_reliability_or_unlikely,conservative_morphology,t|al|G,R06,3,3,2,LOW_POWER_OR_UNSTABLE,1.0,1.0,0.333,"ytal, tal"
low_reliability_or_unlikely,conservative_morphology,x|NONE|X,R00,3,3,1,LOW_POWER_OR_UNSTABLE,1.0,1.0,1.0,x
low_reliability_or_unlikely,conservative_morphology,yk|aiin|YG,R00,3,3,3,LOW_POWER_OR_UNSTABLE,1.0,1.0,1.0,"okykaiin, dykaiin, shykaiin"
low_reliability_or_unlikely,conservative_morphology,ain|y|OEL,R00,3,3,3,LOW_POWER_OR_UNSTABLE,0.667,1.0,0.667,"otainy, dainy, olainy"
low_reliability_or_unlikely,conservative_morphology,air|y|OEL,R06,3,3,2,LOW_POWER_OR_UNSTABLE,0.667,1.0,0.667,"sairy, okairy"
low_reliability_or_unlikely,conservative_morphology,ai|l|OE,R06,3,3,2,LOW_POWER_OR_UNSTABLE,0.667,1.0,1.0,"dail, qotail"
low_reliability_or_unlikely,conservative_morphology,ald|al|OLD,R09,3,3,3,LOW_POWER_OR_UNSTABLE,0.667,1.0,1.0,"otaldal, okaldal, daldal"
low_reliability_or_unlikely,conservative_morphology,alo|NONE|OLO,R00,3,3,3,LOW_POWER_OR_UNSTABLE,0.667,1.0,0.667,"alo, okalo, salo"
low_reliability_or_unlikely,conservative_morphology,alo|dy|OLO,R00,3,3,3,LOW_POWER_OR_UNSTABLE,0.667,1.0,0.667,"oralody, qotalody, otalody"
low_reliability_or_unlikely,conservative_morphology,alsh|dy|OLB,R00,3,3,3,LOW_POWER_OR_UNSTABLE,0.667,1.0,1.0,"okalshdy, otalshdy, dalshdy"
low_reliability_or_unlikely,conservative_morphology,als|y|OLX,R00,3,3,3,LOW_POWER_OR_UNSTABLE,0.667,0.667,0.667,"olalsy, otalsy, dalsy"
low_reliability_or_unlikely,conservative_morphology,ara|NONE|OLO,R06,3,3,3,LOW_POWER_OR_UNSTABLE,0.667,1.0,0.667,"orara, dara, shara"
low_reliability_or_unlikely,conservative_morphology,aro|m|OLO,R00,3,3,2,LOW_POWER_OR_UNSTABLE,0.667,1.0,0.667,"arom, darom"
low_reliability_or_unlikely,conservative_morphology,ar|ar|OL,R00,3,3,3,LOW_POWER_OR_UNSTABLE,0.667,0.667,0.667,"arar, darar, otarar"
low_reliability_or_unlikely,conservative_morphology,ar|dy|OL,R03,3,3,3,LOW_POWER_OR_UNSTABLE,0.667,1.0,0.667,"otardy, okardy, qokardy"
low_reliability_or_unlikely,conservative_morphology,chcth|y|BXGX,R04,3,3,2,LOW_POWER_OR_UNSTABLE,0.667,1.0,1.0,"olchcthy, dchcthy"
low_reliability_or_unlikely,conservative_morphology,ched|ar|BED,R00,3,3,3,LOW_POWER_OR_UNSTABLE,0.667,1.0,1.0,"ochedar, qotchedar, orchedar"
low_reliability_or_unlikely,conservative_morphology,che|aiin|BE,H13,3,3,2,LOW_POWER_OR_UNSTABLE,0.667,0.667,1.0,"qotcheaiin, scheaiin"
low_reliability_or_unlikely,conservative_morphology,ch|al|B,R00,3,3,3,LOW_POWER_OR_UNSTABLE,0.667,1.0,0.667,"otchal, okchal, dchal"
low_reliability_or_unlikely,conservative_morphology,ch|ar|B,R00,3,3,2,LOW_POWER_OR_UNSTABLE,0.667,0.667,1.0,"otchar, dchar"
low_reliability_or_unlikely,conservative_morphology,ch|r|B,R00,3,3,2,LOW_POWER_OR_UNSTABLE,0.667,0.667,1.0,"chr, qotchr"
low_reliability_or_unlikely,conservative_morphology,ckh|al|XGX,R00,3,3,3,LOW_POWER_OR_UNSTABLE,0.667,0.667,1.0,"ckhal, qockhal, chckhal"
low_reliability_or_unlikely,conservative_morphology,d|eey|D,R00,3,3,2,LOW_POWER_OR_UNSTABLE,0.667,1.0,0.667,"odeey, qodeey"
low_reliability_or_unlikely,conservative_morphology,ech|ey|EB,R00,3,3,3,LOW_POWER_OR_UNSTABLE,0.667,1.0,0.667,"okechey, qokechey, chechey"
low_reliability_or_unlikely,conservative_morphology,eed|aiin|ED,R10,3,3,2,LOW_POWER_OR_UNSTABLE,0.667,0.667,1.0,"cheedaiin, qoteedaiin"
low_reliability_or_unlikely,conservative_morphology,ee|al|E,R00,3,3,2,LOW_POWER_OR_UNSTABLE,0.667,0.667,1.0,"cheeal, qokeeal"
low_reliability_or_unlikely,conservative_morphology,eod|aiin|EOD,R10,3,3,2,LOW_POWER_OR_UNSTABLE,0.667,1.0,0.667,"cheodaiin, oteodaiin"
low_reliability_or_unlikely,conservative_morphology,far|y|GOL,R06,3,3,3,LOW_POWER_OR_UNSTABLE,0.667,1.0,0.667,"fary, yfary, ofary"
low_reliability_or_unlikely,conservative_morphology,fch|or|GB,R06,3,2,3,LOW_POWER_OR_UNSTABLE,0.667,0.667,1.0,"yfchor, olfchor, fchor"
low_reliability_or_unlikely,conservative_morphology,f|ar|G,R00,3,3,2,LOW_POWER_OR_UNSTABLE,0.667,1.0,0.667,"ofar, far"
low_reliability_or_unlikely,conservative_morphology,i|iin|E,R00,3,3,2,LOW_POWER_OR_UNSTABLE,0.667,1.0,1.0,"oiiin, qoiiin"
low_reliability_or_unlikely,conservative_morphology,kchd|ar|GBD,R00,3,3,3,LOW_POWER_OR_UNSTABLE,0.667,1.0,0.667,"chkchdar, ykchdar, kchdar"
low_reliability_or_unlikely,conservative_morphology,ksh|edy|GB,R06,3,3,2,LOW_POWER_OR_UNSTABLE,0.667,1.0,1.0,"kshedy, ykshedy"
low_reliability_or_unlikely,conservative_morphology,lt|eedy|LG,R00,3,3,2,LOW_POWER_OR_UNSTABLE,0.667,0.667,1.0,"lteedy, qolteedy"
low_reliability_or_unlikely,conservative_morphology,od|al|OD,R00,3,3,2,LOW_POWER_OR_UNSTABLE,0.667,0.667,0.667,"chodal, sodal"
low_reliability_or_unlikely,conservative_morphology,ok|al|OG,R06,3,3,3,LOW_POWER_OR_UNSTABLE,0.667,1.0,0.667,"chokal, dokal, shokal"
low_reliability_or_unlikely,conservative_morphology,ok|or|OG,R00,3,3,2,LOW_POWER_OR_UNSTABLE,0.667,1.0,0.667,"chokor, dokor"
low_reliability_or_unlikely,conservative_morphology,olch|ey|OLB,H08,3,3,2,LOW_POWER_OR_UNSTABLE,0.667,1.0,0.667,"qokolchey, solchey"
low_reliability_or_unlikely,conservative_morphology,olk|y|OLG,R07,3,3,2,LOW_POWER_OR_UNSTABLE,0.667,1.0,0.667,"cholky, okolky"
low_reliability_or_unlikely,conservative_morphology,pch|ar|GB,R00,3,3,2,LOW_POWER_OR_UNSTABLE,0.667,1.0,0.667,"opchar, pchar"
low_reliability_or_unlikely,conservative_morphology,p|al|G,R06,3,3,2,LOW_POWER_OR_UNSTABLE,0.667,0.667,1.0,"ypal, opal"
low_reliability_or_unlikely,conservative_morphology,she|or|BE,R06,3,3,2,LOW_POWER_OR_UNSTABLE,0.667,1.0,1.0,"ysheor, olsheor"
low_reliability_or_unlikely,conservative_morphology,tcho|dy|GBO,R06,3,3,2,LOW_POWER_OR_UNSTABLE,0.667,1.0,0.667,"tchody, ytchody"
low_reliability_or_unlikely,conservative_morphology,tch|dy|GB,R06,3,3,2,LOW_POWER_OR_UNSTABLE,0.667,0.667,1.0,"tchdy, ytchdy"
low_reliability_or_unlikely,conservative_morphology,tch|eey|GB,R00,3,3,3,LOW_POWER_OR_UNSTABLE,0.667,1.0,0.667,"ytcheey, tcheey, oltcheey"
low_reliability_or_unlikely,conservative_morphology,teeo|dy|GEO,R00,3,3,2,LOW_POWER_OR_UNSTABLE,0.667,1.0,0.667,"yteeody, teeody"
low_reliability_or_unlikely,conservative_morphology,yk|y|YG,R00,3,3,3,LOW_POWER_OR_UNSTABLE,0.667,1.0,1.0,"chyky, otyky, dyky"
low_reliability_or_unlikely,conservative_morphology,ed|ol|ED,H13,3,3,3,LOW_POWER_OR_UNSTABLE,0.333,1.0,1.0,"otedol, shedol, qotedol"
low_reliability_or_unlikely,conservative_morphology,e|e|E,H13,3,3,3,LOW_POWER_OR_UNSTABLE,0.333,1.0,0.667,"okee, qotee, otee"
low_reliability_or_unlikely,conservative_morphology,l|aiin|L,H07,3,3,3,LOW_POWER_OR_UNSTABLE,0.333,1.0,1.0,"laiin, qolaiin, dlaiin"
low_reliability_or_unlikely,conservative_morphology,old|aiin|OLD,R00,3,3,3,LOW_POWER_OR_UNSTABLE,0.333,0.667,1.0,"doldaiin, choldaiin, sholdaiin"
low_reliability_or_unlikely,conservative_morphology,ol|al|OL,R00,3,3,3,LOW_POWER_OR_UNSTABLE,0.333,1.0,0.667,"cholal, solal, ololal"
low_reliability_or_unlikely,conservative_morphology,aiin|dy|OIL,R10,2,2,1,LOW_POWER_OR_UNSTABLE,1.0,1.0,0.5,daiindy
low_reliability_or_unlikely,conservative_morphology,alal|y|OLOL,R00,2,2,2,LOW_POWER_OR_UNSTABLE,1.0,1.0,1.0,"otalaly, alaly"
low_reliability_or_unlikely,conservative_morphology,alar|y|OLOL,R06,2,2,1,LOW_POWER_OR_UNSTABLE,1.0,1.0,0.5,dalary
low_reliability_or_unlikely,conservative_morphology,alch|ey|OLB,R00,2,2,2,LOW_POWER_OR_UNSTABLE,1.0,1.0,1.0,"alchey, okalchey"
low_reliability_or_unlikely,conservative_morphology,alch|y|OLB,R00,2,2,1,LOW_POWER_OR_UNSTABLE,1.0,1.0,0.5,okalchy
low_reliability_or_unlikely,conservative_morphology,alk|ain|OLG,R00,2,2,1,LOW_POWER_OR_UNSTABLE,1.0,1.0,1.0,alkain
low_reliability_or_unlikely,conservative_morphology,alk|eedy|OLG,R00,2,2,2,LOW_POWER_OR_UNSTABLE,1.0,1.0,1.0,"salkeedy, alkeedy"
low_reliability_or_unlikely,conservative_morphology,alol|y|OLOL,R00,2,2,1,LOW_POWER_OR_UNSTABLE,1.0,1.0,0.5,aloly
low_reliability_or_unlikely,conservative_morphology,aral|dy|OLOL,R00,2,2,1,LOW_POWER_OR_UNSTABLE,1.0,1.0,1.0,otaraldy
low_reliability_or_unlikely,conservative_morphology,arch|edy|OLB,R00,2,2,1,LOW_POWER_OR_UNSTABLE,1.0,1.0,1.0,darchedy
low_reliability_or_unlikely,conservative_morphology,cfh|ol|XGX,R00,2,2,2,LOW_POWER_OR_UNSTABLE,1.0,1.0,1.0,"cfhol, chcfhol"
low_reliability_or_unlikely,conservative_morphology,chckh|y|BXGX,R00,2,2,2,LOW_POWER_OR_UNSTABLE,1.0,1.0,1.0,"dchckhy, ychckhy"
low_reliability_or_unlikely,conservative_morphology,chd|al|BD,R09,2,2,2,LOW_POWER_OR_UNSTABLE,1.0,1.0,0.5,"otchdal, okchdal"
low_reliability_or_unlikely,conservative_morphology,cheeo|NONE|BEO,R06,2,2,1,LOW_POWER_OR_UNSTABLE,1.0,1.0,1.0,ycheeo
low_reliability_or_unlikely,conservative_morphology,che|ain|BE,R00,2,2,2,LOW_POWER_OR_UNSTABLE,1.0,1.0,1.0,"ocheain, ycheain"
low_reliability_or_unlikely,conservative_morphology,che|ar|BE,R06,2,2,1,LOW_POWER_OR_UNSTABLE,1.0,1.0,1.0,ychear
low_reliability_or_unlikely,conservative_morphology,chok|ey|BOG,R00,2,2,2,LOW_POWER_OR_UNSTABLE,1.0,1.0,0.5,"schokey, dchokey"
low_reliability_or_unlikely,conservative_morphology,ckha|m|XGXO,R00,2,2,2,LOW_POWER_OR_UNSTABLE,1.0,1.0,1.0,"ckham, chckham"
low_reliability_or_unlikely,conservative_morphology,ckheo|dy|XGXEO,R00,2,2,1,LOW_POWER_OR_UNSTABLE,1.0,1.0,1.0,ckheody
low_reliability_or_unlikely,conservative_morphology,ckh|NONE|XGX,R00,2,2,2,LOW_POWER_OR_UNSTABLE,1.0,1.0,1.0,"ckh, chckh"
low_reliability_or_unlikely,conservative_morphology,ckh|eey|XGX,R00,2,2,1,LOW_POWER_OR_UNSTABLE,1.0,1.0,1.0,ckheey
low_reliability_or_unlikely,conservative_morphology,cph|edy|XGX,R00,2,2,2,LOW_POWER_OR_UNSTABLE,1.0,1.0,1.0,"cphedy, chcphedy"
low_reliability_or_unlikely,conservative_morphology,cph|ey|XGX,R00,2,2,1,LOW_POWER_OR_UNSTABLE,1.0,1.0,1.0,cphey
low_reliability_or_unlikely,conservative_morphology,cthor|y|XGXOL,R04,2,2,1,LOW_POWER_OR_UNSTABLE,1.0,1.0,1.0,cthory
low_reliability_or_unlikely,conservative_morphology,cth|eey|XGX,R04,2,2,1,LOW_POWER_OR_UNSTABLE,1.0,1.0,1.0,ctheey
low_reliability_or_unlikely,conservative_morphology,dai|r|DOE,R00,2,2,1,LOW_POWER_OR_UNSTABLE,1.0,1.0,1.0,odair
low_reliability_or_unlikely,conservative_morphology,do|NONE|DO,R06,2,2,1,LOW_POWER_OR_UNSTABLE,1.0,1.0,1.0,do
low_reliability_or_unlikely,conservative_morphology,d|r|D,R06,2,2,1,LOW_POWER_OR_UNSTABLE,1.0,1.0,1.0,dr
low_reliability_or_unlikely,conservative_morphology,ech|dy|EB,R00,2,2,2,LOW_POWER_OR_UNSTABLE,1.0,1.0,1.0,"qokechdy, okechdy"
low_reliability_or_unlikely,conservative_morphology,ech|edy|EB,R00,2,1,2,LOW_POWER_OR_UNSTABLE,1.0,1.0,1.0,"okechedy, qokechedy"
low_reliability_or_unlikely,conservative_morphology,eckh|dy|EXGX,R00,2,2,2,LOW_POWER_OR_UNSTABLE,1.0,1.0,1.0,"sheckhdy, checkhdy"
low_reliability_or_unlikely,conservative_morphology,eckh|edy|EXGX,R00,2,2,2,LOW_POWER_OR_UNSTABLE,1.0,1.0,1.0,"checkhedy, sheckhedy"
low_reliability_or_unlikely,conservative_morphology,ecth|ey|EXGX,R00,2,2,2,LOW_POWER_OR_UNSTABLE,1.0,1.0,1.0,"checthey, shecthey"
low_reliability_or_unlikely,conservative_morphology,eeckh|y|EXGX,R00,2,2,2,LOW_POWER_OR_UNSTABLE,1.0,1.0,1.0,"eeckhy, sheeckhy"
low_reliability_or_unlikely,conservative_morphology,eeeo|dy|EO,R00,2,2,2,LOW_POWER_OR_UNSTABLE,1.0,1.0,1.0,"okeeeody, eeeody"
low_reliability_or_unlikely,conservative_morphology,eek|ain|EG,R00,2,2,2,LOW_POWER_OR_UNSTABLE,1.0,1.0,1.0,"cheekain, sheekain"
low_reliability_or_unlikely,conservative_morphology,eeol|y|EOL,R00,2,2,2,LOW_POWER_OR_UNSTABLE,1.0,1.0,1.0,"okeeoly, oeeoly"
low_reliability_or_unlikely,conservative_morphology,eeo|y|EO,R00,2,2,2,LOW_POWER_OR_UNSTABLE,1.0,1.0,1.0,"cheeoy, okeeoy"
low_reliability_or_unlikely,conservative_morphology,ee|aiin|E,R00,2,2,2,LOW_POWER_OR_UNSTABLE,1.0,1.0,1.0,"okeeaiin, oeeaiin"
low_reliability_or_unlikely,conservative_morphology,ekch|y|EGB,R00,2,2,2,LOW_POWER_OR_UNSTABLE,1.0,1.0,0.5,"shekchy, qekchy"
low_reliability_or_unlikely,conservative_morphology,ekeo|dy|EGEO,R00,2,2,2,LOW_POWER_OR_UNSTABLE,1.0,1.0,1.0,"chekeody, qekeody"
low_reliability_or_unlikely,conservative_morphology,eocth|y|EOXGX,R04,2,2,1,LOW_POWER_OR_UNSTABLE,1.0,1.0,1.0,cheocthy
low_reliability_or_unlikely,conservative_morphology,eod|ain|EOD,R00,2,2,1,LOW_POWER_OR_UNSTABLE,1.0,1.0,1.0,cheodain
low_reliability_or_unlikely,conservative_morphology,eod|ar|EOD,R00,2,2,1,LOW_POWER_OR_UNSTABLE,1.0,1.0,1.0,cheodar
low_reliability_or_unlikely,conservative_morphology,eok|ain|EOG,R00,2,2,2,LOW_POWER_OR_UNSTABLE,1.0,1.0,1.0,"cheokain, okeokain"
low_reliability_or_unlikely,conservative_morphology,eok|edy|EOG,R00,2,2,1,LOW_POWER_OR_UNSTABLE,1.0,1.0,1.0,cheokedy
low_reliability_or_unlikely,conservative_morphology,eok|y|EOG,R00,2,2,1,LOW_POWER_OR_UNSTABLE,1.0,1.0,1.0,cheoky
low_reliability_or_unlikely,conservative_morphology,epch|y|EGB,R00,2,2,1,LOW_POWER_OR_UNSTABLE,1.0,1.0,1.0,shepchy
low_reliability_or_unlikely,conservative_morphology,et|aiin|EG,R00,2,2,2,LOW_POWER_OR_UNSTABLE,1.0,1.0,1.0,"etaiin, chetaiin"
low_reliability_or_unlikely,conservative_morphology,et|ain|EG,R00,2,2,2,LOW_POWER_OR_UNSTABLE,1.0,1.0,1.0,"chetain, qetain"
low_reliability_or_unlikely,conservative_morphology,et|al|EG,R00,2,2,2,LOW_POWER_OR_UNSTABLE,1.0,1.0,1.0,"chetal, oletal"
low_reliability_or_unlikely,conservative_morphology,et|edy|EG,R00,2,2,2,LOW_POWER_OR_UNSTABLE,1.0,1.0,1.0,"qetedy, chetedy"
low_reliability_or_unlikely,conservative_morphology,e|l|E,R00,2,2,2,LOW_POWER_OR_UNSTABLE,1.0,1.0,0.5,"okel, chel"
low_reliability_or_unlikely,conservative_morphology,g|NONE|X,R00,2,2,1,LOW_POWER_OR_UNSTABLE,1.0,1.0,1.0,g
low_reliability_or_unlikely,conservative_morphology,ii|r|I,R00,2,2,2,LOW_POWER_OR_UNSTABLE,1.0,1.0,1.0,"oiir, iir"
low_reliability_or_unlikely,conservative_morphology,kar|y|GOL,R06,2,2,1,LOW_POWER_OR_UNSTABLE,1.0,1.0,1.0,kary
low_reliability_or_unlikely,conservative_morphology,ka|NONE|GO,R06,2,2,2,LOW_POWER_OR_UNSTABLE,1.0,1.0,1.0,"yka, ka"
low_reliability_or_unlikely,conservative_morphology,kchod|NONE|GBOD,R06,2,2,1,LOW_POWER_OR_UNSTABLE,1.0,1.0,1.0,kchod
low_reliability_or_unlikely,conservative_morphology,kchos|NONE|GBOX,R06,2,2,2,LOW_POWER_OR_UNSTABLE,1.0,1.0,0.5,"kchos, ykchos"
low_reliability_or_unlikely,conservative_morphology,kcho|NONE|GBO,R06,2,2,2,LOW_POWER_OR_UNSTABLE,1.0,1.0,1.0,"kcho, ykcho"
low_reliability_or_unlikely,conservative_morphology,kch|NONE|GB,R06,2,2,1,LOW_POWER_OR_UNSTABLE,1.0,1.0,1.0,ykch
low_reliability_or_unlikely,conservative_morphology,kech|edy|GEB,R00,2,2,1,LOW_POWER_OR_UNSTABLE,1.0,1.0,1.0,kechedy
low_reliability_or_unlikely,conservative_morphology,kee|ar|GE,R06,2,2,2,LOW_POWER_OR_UNSTABLE,1.0,1.0,0.5,"ykeear, keear"
low_reliability_or_unlikely,conservative_morphology,kos|NONE|GOX,R06,2,2,1,LOW_POWER_OR_UNSTABLE,1.0,1.0,1.0,kos
low_reliability_or_unlikely,conservative_morphology,k|aiiin|G,R06,2,2,1,LOW_POWER_OR_UNSTABLE,1.0,1.0,1.0,kaiiin
low_reliability_or_unlikely,conservative_morphology,la|m|LO,R00,2,2,2,LOW_POWER_OR_UNSTABLE,1.0,1.0,1.0,"lam, chlam"
low_reliability_or_unlikely,conservative_morphology,lcheda|m|LBEDO,R00,2,2,1,LOW_POWER_OR_UNSTABLE,1.0,1.0,1.0,lchedam
low_reliability_or_unlikely,conservative_morphology,lched|NONE|LBED,R00,2,2,1,LOW_POWER_OR_UNSTABLE,1.0,1.0,1.0,lched
low_reliability_or_unlikely,conservative_morphology,lch|or|LB,R00,2,2,1,LOW_POWER_OR_UNSTABLE,1.0,1.0,1.0,lchor
low_reliability_or_unlikely,conservative_morphology,ld|aiin|LD,R00,2,2,1,LOW_POWER_OR_UNSTABLE,1.0,1.0,1.0,ldaiin
low_reliability_or_unlikely,conservative_morphology,lka|m|LGO,R00,2,2,1,LOW_POWER_OR_UNSTABLE,1.0,1.0,1.0,lkam
low_reliability_or_unlikely,conservative_morphology,lke|ol|LGE,R00,2,2,1,LOW_POWER_OR_UNSTABLE,1.0,1.0,1.0,lkeol
low_reliability_or_unlikely,conservative_morphology,lolk|aiin|LOLG,R00,2,2,1,LOW_POWER_OR_UNSTABLE,1.0,1.0,1.0,lolkaiin
low_reliability_or_unlikely,conservative_morphology,lol|y|LOL,R00,2,2,1,LOW_POWER_OR_UNSTABLE,1.0,1.0,1.0,loly
low_reliability_or_unlikely,conservative_morphology,lt|ain|LG,R00,2,2,1,LOW_POWER_OR_UNSTABLE,1.0,1.0,1.0,ltain
low_reliability_or_unlikely,conservative_morphology,l|ain|L,R00,2,2,1,LOW_POWER_OR_UNSTABLE,1.0,1.0,1.0,lain
low_reliability_or_unlikely,conservative_morphology,l|l|L,R00,2,2,1,LOW_POWER_OR_UNSTABLE,1.0,1.0,1.0,chll
low_reliability_or_unlikely,conservative_morphology,ocfh|y|OXGX,R00,2,2,1,LOW_POWER_OR_UNSTABLE,1.0,1.0,1.0,chocfhy
low_reliability_or_unlikely,conservative_morphology,odch|y|ODB,R00,2,2,2,LOW_POWER_OR_UNSTABLE,1.0,1.0,1.0,"chodchy, okodchy"
low_reliability_or_unlikely,conservative_morphology,oi|iin|OE,R06,2,2,1,LOW_POWER_OR_UNSTABLE,1.0,1.0,1.0,soiiin
low_reliability_or_unlikely,conservative_morphology,oka|m|OGO,R00,2,2,1,LOW_POWER_OR_UNSTABLE,1.0,1.0,0.5,chokam
low_reliability_or_unlikely,conservative_morphology,okch|eey|OGB,R00,2,2,2,LOW_POWER_OR_UNSTABLE,1.0,1.0,1.0,"chokcheey, sokcheey"
low_reliability_or_unlikely,conservative_morphology,oksh|or|OGB,R00,2,2,2,LOW_POWER_OR_UNSTABLE,1.0,1.0,1.0,"shokshor, chokshor"
low_reliability_or_unlikely,conservative_morphology,ok|eedy|OG,R00,2,2,1,LOW_POWER_OR_UNSTABLE,1.0,1.0,1.0,sokeedy
low_reliability_or_unlikely,conservative_morphology,olk|ain|OLG,R00,2,2,1,LOW_POWER_OR_UNSTABLE,1.0,1.0,1.0,solkain
low_reliability_or_unlikely,conservative_morphology,olsh|edy|OLB,R00,2,1,2,LOW_POWER_OR_UNSTABLE,1.0,1.0,1.0,"solshedy, dolshedy"
low_reliability_or_unlikely,conservative_morphology,olsh|y|OLB,R00,2,2,1,LOW_POWER_OR_UNSTABLE,1.0,1.0,0.5,okolshy
low_reliability_or_unlikely,conservative_morphology,ol|aiin|OL,R00,2,2,2,LOW_POWER_OR_UNSTABLE,1.0,1.0,0.5,"solaiin, dolaiin"
low_reliability_or_unlikely,conservative_morphology,opch|ey|OGB,R00,2,2,2,LOW_POWER_OR_UNSTABLE,1.0,1.0,0.5,"shopchey, chopchey"
low_reliability_or_unlikely,conservative_morphology,ora|m|OLO,R00,2,2,1,LOW_POWER_OR_UNSTABLE,1.0,1.0,1.0,otoram
low_reliability_or_unlikely,conservative_morphology,osh|y|OB,R06,2,2,2,LOW_POWER_OR_UNSTABLE,1.0,1.0,1.0,"soshy, shoshy"
low_reliability_or_unlikely,conservative_morphology,os|aiin|OX,R00,2,2,2,LOW_POWER_OR_UNSTABLE,1.0,1.0,0.5,"shosaiin, otosaiin"
low_reliability_or_unlikely,conservative_morphology,os|y|OX,R00,2,2,2,LOW_POWER_OR_UNSTABLE,1.0,1.0,0.5,"otosy, okosy"
low_reliability_or_unlikely,conservative_morphology,otch|edy|OGB,R00,2,2,2,LOW_POWER_OR_UNSTABLE,1.0,1.0,1.0,"olotchedy, chotchedy"
low_reliability_or_unlikely,conservative_morphology,ot|aiin|OG,R10,2,2,1,LOW_POWER_OR_UNSTABLE,1.0,1.0,1.0,chotaiin
low_reliability_or_unlikely,conservative_morphology,o|eey|O,R06,2,2,2,LOW_POWER_OR_UNSTABLE,1.0,1.0,1.0,"soeey, doeey"
low_reliability_or_unlikely,conservative_morphology,pched|ain|GBED,R00,2,2,1,LOW_POWER_OR_UNSTABLE,1.0,1.0,1.0,pchedain
low_reliability_or_unlikely,conservative_morphology,pchod|aiin|GBOD,R10,2,2,1,LOW_POWER_OR_UNSTABLE,1.0,1.0,1.0,pchodaiin
low_reliability_or_unlikely,conservative_morphology,pch|or|GB,R00,2,2,1,LOW_POWER_OR_UNSTABLE,1.0,1.0,1.0,opchor
low_reliability_or_unlikely,conservative_morphology,psh|edy|GB,H21,2,2,1,LOW_POWER_OR_UNSTABLE,1.0,1.0,1.0,qopshedy
low_reliability_or_unlikely,conservative_morphology,psh|ol|GB,R06,2,2,1,LOW_POWER_OR_UNSTABLE,1.0,1.0,0.5,pshol
low_reliability_or_unlikely,conservative_morphology,qok|ain|QOG,R00,2,2,2,LOW_POWER_OR_UNSTABLE,1.0,1.0,1.0,"oqokain, yqokain"
low_reliability_or_unlikely,conservative_morphology,ral|y|LOL,R00,2,2,1,LOW_POWER_OR_UNSTABLE,1.0,1.0,1.0,raly
low_reliability_or_unlikely,conservative_morphology,ra|m|LO,R00,2,2,1,LOW_POWER_OR_UNSTABLE,1.0,1.0,1.0,ram
low_reliability_or_unlikely,conservative_morphology,rch|edy|LB,R00,2,2,2,LOW_POWER_OR_UNSTABLE,1.0,1.0,1.0,"rchedy, qorchedy"
low_reliability_or_unlikely,conservative_morphology,ro|NONE|LO,R00,2,2,1,LOW_POWER_OR_UNSTABLE,1.0,1.0,1.0,ro
low_reliability_or_unlikely,conservative_morphology,shed|NONE|BED,R00,2,2,2,LOW_POWER_OR_UNSTABLE,1.0,1.0,1.0,"olshed, okshed"
low_reliability_or_unlikely,conservative_morphology,she|ol|BE,R06,2,2,2,LOW_POWER_OR_UNSTABLE,1.0,1.0,1.0,"ssheol, dsheol"
low_reliability_or_unlikely,conservative_morphology,so|NONE|XO,R00,2,2,1,LOW_POWER_OR_UNSTABLE,1.0,1.0,0.5,chso
low_reliability_or_unlikely,conservative_morphology,s|ain|X,R00,2,2,1,LOW_POWER_OR_UNSTABLE,1.0,1.0,0.5,osain
low_reliability_or_unlikely,conservative_morphology,s|ar|X,R00,2,2,2,LOW_POWER_OR_UNSTABLE,1.0,1.0,0.5,"olsar, osar"
low_reliability_or_unlikely,conservative_morphology,tcheo|dy|GBEO,R00,2,2,1,LOW_POWER_OR_UNSTABLE,1.0,1.0,1.0,tcheody
low_reliability_or_unlikely,conservative_morphology,tche|or|GBE,R06,2,2,1,LOW_POWER_OR_UNSTABLE,1.0,1.0,1.0,tcheor
low_reliability_or_unlikely,conservative_morphology,ted|ain|GED,R06,2,2,1,LOW_POWER_OR_UNSTABLE,1.0,1.0,1.0,tedain
low_reliability_or_unlikely,conservative_morphology,ted|ar|GED,R06,2,2,1,LOW_POWER_OR_UNSTABLE,1.0,1.0,1.0,ytedar
low_reliability_or_unlikely,conservative_morphology,toees|NONE|GOEX,R06,2,2,1,LOW_POWER_OR_UNSTABLE,1.0,1.0,0.5,toees
low_reliability_or_unlikely,conservative_morphology,t|NONE|G,R06,2,2,1,LOW_POWER_OR_UNSTABLE,1.0,1.0,1.0,t
low_reliability_or_unlikely,conservative_morphology,ytch|or|YGB,R00,2,2,2,LOW_POWER_OR_UNSTABLE,1.0,1.0,1.0,"shytchor, dytchor"
low_reliability_or_unlikely,conservative_morphology,air|dy|OEL,R00,2,2,2,LOW_POWER_OR_UNSTABLE,0.5,1.0,1.0,"otairdy, dairdy"
low_reliability_or_unlikely,conservative_morphology,ald|aiin|OLD,R09,2,2,2,LOW_POWER_OR_UNSTABLE,0.5,1.0,0.5,"aldaiin, daldaiin"
low_reliability_or_unlikely,conservative_morphology,alg|NONE|OLX,R06,2,2,2,LOW_POWER_OR_UNSTABLE,0.5,1.0,1.0,"dalg, shalg"
low_reliability_or_unlikely,conservative_morphology,alk|ar|OLG,R00,2,2,2,LOW_POWER_OR_UNSTABLE,0.5,1.0,1.0,"dalkar, chalkar"
low_reliability_or_unlikely,conservative_morphology,alo|m|OLO,H13,2,2,2,LOW_POWER_OR_UNSTABLE,0.5,1.0,1.0,"qotalom, alom"
low_reliability_or_unlikely,conservative_morphology,al|ol|OL,R00,2,2,2,LOW_POWER_OR_UNSTABLE,0.5,1.0,1.0,"dalol, alol"
low_reliability_or_unlikely,conservative_morphology,arch|y|OLB,R03,2,2,2,LOW_POWER_OR_UNSTABLE,0.5,1.0,1.0,"okarchy, darchy"
low_reliability_or_unlikely,conservative_morphology,ar|or|OL,R00,2,2,2,LOW_POWER_OR_UNSTABLE,0.5,1.0,1.0,"daror, aror"
low_reliability_or_unlikely,conservative_morphology,a|dy|O,R00,2,2,2,LOW_POWER_OR_UNSTABLE,0.5,1.0,1.0,"dady, qokady"
low_reliability_or_unlikely,conservative_morphology,chd|ar|BD,R00,2,2,2,LOW_POWER_OR_UNSTABLE,0.5,1.0,1.0,"dchdar, olchdar"
low_reliability_or_unlikely,conservative_morphology,ched|NONE|BED,H13,2,2,2,LOW_POWER_OR_UNSTABLE,0.5,0.5,1.0,"qotched, dched"
low_reliability_or_unlikely,conservative_morphology,chos|NONE|BOX,R00,2,2,2,LOW_POWER_OR_UNSTABLE,0.5,0.5,1.0,"ochos, ychos"
low_reliability_or_unlikely,conservative_morphology,cho|y|BO,R00,2,2,2,LOW_POWER_OR_UNSTABLE,0.5,1.0,1.0,"okchoy, ychoy"
low_reliability_or_unlikely,conservative_morphology,ctha|m|XGXO,R00,2,2,2,LOW_POWER_OR_UNSTABLE,0.5,1.0,1.0,"octham, chctham"
low_reliability_or_unlikely,conservative_morphology,cthes|NONE|XGXEX,H07,2,2,2,LOW_POWER_OR_UNSTABLE,0.5,1.0,1.0,"cthes, qocthes"
low_reliability_or_unlikely,conservative_morphology,edy|l|EDY,R00,2,2,2,LOW_POWER_OR_UNSTABLE,0.5,1.0,1.0,"otedyl, chedyl"
low_reliability_or_unlikely,conservative_morphology,eecth|y|EXGX,R00,2,2,2,LOW_POWER_OR_UNSTABLE,0.5,1.0,1.0,"cheecthy, oeecthy"
low_reliability_or_unlikely,conservative_morphology,eedyk|ey|EDYG,H08,2,2,2,LOW_POWER_OR_UNSTABLE,0.5,0.5,1.0,"qokeedykey, okeedykey"
low_reliability_or_unlikely,conservative_morphology,eed|ain|ED,R00,2,2,2,LOW_POWER_OR_UNSTABLE,0.5,1.0,1.0,"oteedain, okeedain"
low_reliability_or_unlikely,conservative_morphology,eed|al|ED,R01,2,2,2,LOW_POWER_OR_UNSTABLE,0.5,1.0,1.0,"okeedal, oteedal"
low_reliability_or_unlikely,conservative_morphology,eeod|NONE|EOD,H08,2,2,2,LOW_POWER_OR_UNSTABLE,0.5,1.0,0.5,"sheeod, qokeeod"
low_reliability_or_unlikely,conservative_morphology,eeod|aiin|EOD,R00,2,2,2,LOW_POWER_OR_UNSTABLE,0.5,1.0,1.0,"okeeodaiin, oeeodaiin"
low_reliability_or_unlikely,conservative_morphology,eolch|ey|EOLB,H08,2,2,2,LOW_POWER_OR_UNSTABLE,0.5,1.0,1.0,"cheolchey, qokeolchey"
low_reliability_or_unlikely,conservative_morphology,eor|y|EOL,H08,2,2,2,LOW_POWER_OR_UNSTABLE,0.5,1.0,1.0,"cheory, qokeory"
low_reliability_or_unlikely,conservative_morphology,eo|y|EO,R00,2,2,2,LOW_POWER_OR_UNSTABLE,0.5,1.0,1.0,"sheoy, cheoy"
low_reliability_or_unlikely,conservative_morphology,eta|m|EGO,H07,2,2,2,LOW_POWER_OR_UNSTABLE,0.5,1.0,1.0,"qoetam, qetam"
low_reliability_or_unlikely,conservative_morphology,e|aiin|E,R00,2,2,2,LOW_POWER_OR_UNSTABLE,0.5,0.5,1.0,"oteaiin, okeaiin"
low_reliability_or_unlikely,conservative_morphology,e|ain|E,R00,2,2,2,LOW_POWER_OR_UNSTABLE,0.5,1.0,1.0,"cheain, oteain"
low_reliability_or_unlikely,conservative_morphology,fch|ey|GB,R00,2,2,2,LOW_POWER_OR_UNSTABLE,0.5,1.0,0.5,"fchey, olfchey"
low_reliability_or_unlikely,conservative_morphology,fch|ol|GB,R06,2,2,2,LOW_POWER_OR_UNSTABLE,0.5,0.5,1.0,"fchol, ofchol"
low_reliability_or_unlikely,conservative_morphology,keeo|NONE|GEO,R00,2,2,2,LOW_POWER_OR_UNSTABLE,0.5,1.0,1.0,"keeo, olkeeo"
low_reliability_or_unlikely,conservative_morphology,ke|or|GE,R00,2,2,2,LOW_POWER_OR_UNSTABLE,0.5,1.0,1.0,"ykeor, chkeor"
low_reliability_or_unlikely,conservative_morphology,ksh|ey|GB,R00,2,2,2,LOW_POWER_OR_UNSTABLE,0.5,1.0,1.0,"olkshey, kshey"
low_reliability_or_unlikely,conservative_morphology,lch|eedy|LB,H21,2,2,2,LOW_POWER_OR_UNSTABLE,0.5,1.0,1.0,"qolcheedy, lcheedy"
low_reliability_or_unlikely,conservative_morphology,lt|edy|LG,H21,2,2,2,LOW_POWER_OR_UNSTABLE,0.5,0.5,1.0,"ltedy, qoltedy"
low_reliability_or_unlikely,conservative_morphology,oii|r|OI,H08,2,2,2,LOW_POWER_OR_UNSTABLE,0.5,1.0,0.5,"qokoiir, doiir"
low_reliability_or_unlikely,conservative_morphology,oka|n|OGO,R00,2,2,2,LOW_POWER_OR_UNSTABLE,0.5,1.0,1.0,"chokan, dokan"
low_reliability_or_unlikely,conservative_morphology,okch|ol|OGB,R00,2,2,2,LOW_POWER_OR_UNSTABLE,0.5,0.5,1.0,"chokchol, sokchol"
low_reliability_or_unlikely,conservative_morphology,ok|eey|OG,R00,2,2,2,LOW_POWER_OR_UNSTABLE,0.5,1.0,1.0,"chokeey, sokeey"
low_reliability_or_unlikely,conservative_morphology,ok|ey|OG,R00,2,2,2,LOW_POWER_OR_UNSTABLE,0.5,1.0,0.5,"chokey, shokey"
low_reliability_or_unlikely,conservative_morphology,olar|y|OLOL,R00,2,2,2,LOW_POWER_OR_UNSTABLE,0.5,1.0,1.0,"ololary, dolary"
low_reliability_or_unlikely,conservative_morphology,olda|m|OLDO,R06,2,2,2,LOW_POWER_OR_UNSTABLE,0.5,1.0,1.0,"choldam, doldam"
low_reliability_or_unlikely,conservative_morphology,ol|ol|OL,R06,2,2,2,LOW_POWER_OR_UNSTABLE,0.5,1.0,0.5,"cholol, dolol"
low_reliability_or_unlikely,conservative_morphology,oror|y|OLOL,R00,2,2,2,LOW_POWER_OR_UNSTABLE,0.5,1.0,1.0,"okorory, sorory"
low_reliability_or_unlikely,conservative_morphology,otch|y|OGB,R01,2,2,2,LOW_POWER_OR_UNSTABLE,0.5,0.5,1.0,"sotchy, chotchy"
low_reliability_or_unlikely,conservative_morphology,pol|y|GOL,R00,2,2,2,LOW_POWER_OR_UNSTABLE,0.5,1.0,1.0,"opoly, poly"
low_reliability_or_unlikely,conservative_morphology,sh|ol|B,H08,2,2,2,LOW_POWER_OR_UNSTABLE,0.5,0.5,1.0,"qokshol, oshol"
low_reliability_or_unlikely,conservative_morphology,tal|y|GOL,R00,2,2,2,LOW_POWER_OR_UNSTABLE,0.5,1.0,1.0,"chtaly, ytaly"
low_reliability_or_unlikely,conservative_morphology,tod|al|GOD,R06,2,2,2,LOW_POWER_OR_UNSTABLE,0.5,1.0,0.5,"ytodal, todal"
low_reliability_or_unlikely,conservative_morphology,t|l|G,R00,2,2,2,LOW_POWER_OR_UNSTABLE,0.5,1.0,1.0,"ytl, qotl"
low_reliability_or_unlikely,conservative_morphology,ykch|y|YGB,R00,2,2,2,LOW_POWER_OR_UNSTABLE,0.5,1.0,1.0,"dykchy, chykchy"
low_reliability_or_unlikely,conservative_morphology,ytch|y|YGB,R00,2,2,2,LOW_POWER_OR_UNSTABLE,0.5,0.5,1.0,"dytchy, otytchy"
low_reliability_or_unlikely,conservative_morphology,aal|dy|OL,R06,1,1,1,LOW_POWER_OR_UNSTABLE,1.0,1.0,1.0,daaldy
low_reliability_or_unlikely,conservative_morphology,ach|y|OB,R06,1,1,1,LOW_POWER_OR_UNSTABLE,1.0,1.0,1.0,sachy
low_reliability_or_unlikely,conservative_morphology,ackh|y|OXGX,R06,1,1,1,LOW_POWER_OR_UNSTABLE,1.0,1.0,1.0,dackhy
low_reliability_or_unlikely,conservative_morphology,acph|y|OXGX,R00,1,1,1,LOW_POWER_OR_UNSTABLE,1.0,1.0,1.0,otacphy
low_reliability_or_unlikely,conservative_morphology,adairch|dy|ODOELB,R00,1,1,1,LOW_POWER_OR_UNSTABLE,1.0,1.0,1.0,adairchdy
low_reliability_or_unlikely,conservative_morphology,adashgas|ain|ODOBXOX,R00,1,1,1,LOW_POWER_OR_UNSTABLE,1.0,1.0,1.0,adashgasain
low_reliability_or_unlikely,conservative_morphology,aeeasa|NONE|OEOXO,R00,1,1,1,LOW_POWER_OR_UNSTABLE,1.0,1.0,1.0,saeeasa
low_reliability_or_unlikely,conservative_morphology,aeep|NONE|OEG,R00,1,1,1,LOW_POWER_OR_UNSTABLE,1.0,1.0,1.0,oraeep
low_reliability_or_unlikely,conservative_morphology,ago|NONE|OXO,R06,1,1,1,LOW_POWER_OR_UNSTABLE,1.0,1.0,1.0,dago
low_reliability_or_unlikely,conservative_morphology,ag|NONE|OX,R06,1,1,1,LOW_POWER_OR_UNSTABLE,1.0,1.0,1.0,dag
low_reliability_or_unlikely,conservative_morphology,aid|NONE|OED,R06,1,1,1,LOW_POWER_OR_UNSTABLE,1.0,1.0,1.0,daid
low_reliability_or_unlikely,conservative_morphology,aiid|al|OID,R09,1,1,1,LOW_POWER_OR_UNSTABLE,1.0,1.0,1.0,daiidal
low_reliability_or_unlikely,conservative_morphology,aiinch|y|OILB,R00,1,1,1,LOW_POWER_OR_UNSTABLE,1.0,1.0,1.0,saiinchy
low_reliability_or_unlikely,conservative_morphology,aiind|aiin|OILD,R10,1,1,1,LOW_POWER_OR_UNSTABLE,1.0,1.0,1.0,otaiindaiin
low_reliability_or_unlikely,conservative_morphology,aiinodai|m|OILODOE,R10,1,1,1,LOW_POWER_OR_UNSTABLE,1.0,1.0,1.0,daiinodaim
low_reliability_or_unlikely,conservative_morphology,aiinod|NONE|OILOD,R00,1,1,1,LOW_POWER_OR_UNSTABLE,1.0,1.0,1.0,aiinod
low_reliability_or_unlikely,conservative_morphology,aiinos|NONE|OILOX,H08,1,1,1,LOW_POWER_OR_UNSTABLE,1.0,1.0,1.0,qokaiinos
low_reliability_or_unlikely,conservative_morphology,aiinot|y|OILOG,R10,1,1,1,LOW_POWER_OR_UNSTABLE,1.0,1.0,1.0,daiinoty
low_reliability_or_unlikely,conservative_morphology,aiino|NONE|OILO,R06,1,1,1,LOW_POWER_OR_UNSTABLE,1.0,1.0,1.0,saiino
low_reliability_or_unlikely,conservative_morphology,aiino|dy|OILO,R00,1,1,1,LOW_POWER_OR_UNSTABLE,1.0,1.0,1.0,daiinody
low_reliability_or_unlikely,conservative_morphology,aiin|al|OIL,R00,1,1,1,LOW_POWER_OR_UNSTABLE,1.0,1.0,1.0,aiinal
low_reliability_or_unlikely,conservative_morphology,aiin|ar|OIL,R10,1,1,1,LOW_POWER_OR_UNSTABLE,1.0,1.0,1.0,daiinar
low_reliability_or_unlikely,conservative_morphology,aiip|NONE|OIG,R00,1,1,1,LOW_POWER_OR_UNSTABLE,1.0,1.0,1.0,aiip
low_reliability_or_unlikely,conservative_morphology,aiiralch|edy|OILOLB,R00,1,1,1,LOW_POWER_OR_UNSTABLE,1.0,1.0,1.0,oaiiralchedy
low_reliability_or_unlikely,conservative_morphology,aiiral|y|OILOL,R00,1,1,1,LOW_POWER_OR_UNSTABLE,1.0,1.0,1.0,aiiraly
low_reliability_or_unlikely,conservative_morphology,aiisal|y|OIXOL,R00,1,1,1,LOW_POWER_OR_UNSTABLE,1.0,1.0,1.0,daiisaly
low_reliability_or_unlikely,conservative_morphology,aii|dy|OI,R06,1,1,1,LOW_POWER_OR_UNSTABLE,1.0,1.0,1.0,daiidy
low_reliability_or_unlikely,conservative_morphology,aii|m|OI,R06,1,1,1,LOW_POWER_OR_UNSTABLE,1.0,1.0,1.0,daiim
low_reliability_or_unlikely,conservative_morphology,aii|or|OI,H13,1,1,1,LOW_POWER_OR_UNSTABLE,1.0,1.0,1.0,qotaiior
low_reliability_or_unlikely,conservative_morphology,aika|m|OEGO,R06,1,1,1,LOW_POWER_OR_UNSTABLE,1.0,1.0,1.0,daikam
low_reliability_or_unlikely,conservative_morphology,aik|y|OEG,R00,1,1,1,LOW_POWER_OR_UNSTABLE,1.0,1.0,1.0,aiky
low_reliability_or_unlikely,conservative_morphology,ainal|y|OELOL,R00,1,1,1,LOW_POWER_OR_UNSTABLE,1.0,1.0,1.0,ainaly
low_reliability_or_unlikely,conservative_morphology,ainod|NONE|OELOD,R06,1,1,1,LOW_POWER_OR_UNSTABLE,1.0,1.0,1.0,dainod
low_reliability_or_unlikely,conservative_morphology,aino|NONE|OELO,R06,1,1,1,LOW_POWER_OR_UNSTABLE,1.0,1.0,1.0,saino
low_reliability_or_unlikely,conservative_morphology,aira|m|OELO,R06,1,1,1,LOW_POWER_OR_UNSTABLE,1.0,1.0,1.0,sairam
low_reliability_or_unlikely,conservative_morphology,aircha|m|OELBO,R00,1,1,1,LOW_POWER_OR_UNSTABLE,1.0,1.0,1.0,okaircham
low_reliability_or_unlikely,conservative_morphology,airk|al|OELG,R00,1,1,1,LOW_POWER_OR_UNSTABLE,1.0,1.0,1.0,dairkal
low_reliability_or_unlikely,conservative_morphology,airortas|NONE|OELOLGOX,H08,1,1,1,LOW_POWER_OR_UNSTABLE,1.0,1.0,1.0,qokairortas
low_reliability_or_unlikely,conservative_morphology,airo|NONE|OELO,R00,1,1,1,LOW_POWER_OR_UNSTABLE,1.0,1.0,1.0,otairo
low_reliability_or_unlikely,conservative_morphology,airyk|eey|OELYG,R00,1,1,1,LOW_POWER_OR_UNSTABLE,1.0,1.0,1.0,airykeey
low_reliability_or_unlikely,conservative_morphology,air|l|OEL,R06,1,1,1,LOW_POWER_OR_UNSTABLE,1.0,1.0,1.0,dairl
low_reliability_or_unlikely,conservative_morphology,air|ol|OEL,R06,1,1,1,LOW_POWER_OR_UNSTABLE,1.0,1.0,1.0,dairol
low_reliability_or_unlikely,conservative_morphology,ais|al|OEX,R06,1,1,1,LOW_POWER_OR_UNSTABLE,1.0,1.0,1.0,saisal
low_reliability_or_unlikely,conservative_morphology,ait|NONE|OEG,R06,1,1,1,LOW_POWER_OR_UNSTABLE,1.0,1.0,1.0,dait
low_reliability_or_unlikely,conservative_morphology,akch|y|OGB,R00,1,1,1,LOW_POWER_OR_UNSTABLE,1.0,1.0,1.0,akchy
low_reliability_or_unlikely,conservative_morphology,akeo|m|OGEO,R00,1,1,1,LOW_POWER_OR_UNSTABLE,1.0,1.0,1.0,akeom
low_reliability_or_unlikely,conservative_morphology,ak|ain|OG,R00,1,1,1,LOW_POWER_OR_UNSTABLE,1.0,1.0,1.0,akain
low_reliability_or_unlikely,conservative_morphology,ak|ey|OG,R00,1,1,1,LOW_POWER_OR_UNSTABLE,1.0,1.0,1.0,akey
low_reliability_or_unlikely,conservative_morphology,ak|ol|OG,R06,1,1,1,LOW_POWER_OR_UNSTABLE,1.0,1.0,1.0,shakol
low_reliability_or_unlikely,conservative_morphology,ak|y|OG,R00,1,1,1,LOW_POWER_OR_UNSTABLE,1.0,1.0,1.0,aky
low_reliability_or_unlikely,conservative_morphology,alad|e|OLOD,R00,1,1,1,LOW_POWER_OR_UNSTABLE,1.0,1.0,1.0,olalade
low_reliability_or_unlikely,conservative_morphology,alai|r|OLOE,R00,1,1,1,LOW_POWER_OR_UNSTABLE,1.0,1.0,1.0,okalair
low_reliability_or_unlikely,conservative_morphology,alalg|NONE|OLOLX,R00,1,1,1,LOW_POWER_OR_UNSTABLE,1.0,1.0,1.0,otalalg
low_reliability_or_unlikely,conservative_morphology,alas|NONE|OLOX,R00,1,1,1,LOW_POWER_OR_UNSTABLE,1.0,1.0,1.0,oralas
low_reliability_or_unlikely,conservative_morphology,ala|NONE|OLO,R00,1,1,1,LOW_POWER_OR_UNSTABLE,1.0,1.0,1.0,okala
low_reliability_or_unlikely,conservative_morphology,alched|ar|OLBED,R00,1,1,1,LOW_POWER_OR_UNSTABLE,1.0,1.0,1.0,alchedar
low_reliability_or_unlikely,conservative_morphology,alcheg|NONE|OLBEX,R00,1,1,1,LOW_POWER_OR_UNSTABLE,1.0,1.0,1.0,oalcheg
low_reliability_or_unlikely,conservative_morphology,alche|ol|OLBE,R00,1,1,1,LOW_POWER_OR_UNSTABLE,1.0,1.0,1.0,oalcheol
low_reliability_or_unlikely,conservative_morphology,alch|dy|OLB,R00,1,1,1,LOW_POWER_OR_UNSTABLE,1.0,1.0,1.0,alchdy
low_reliability_or_unlikely,conservative_morphology,alch|or|OLB,R00,1,1,1,LOW_POWER_OR_UNSTABLE,1.0,1.0,1.0,alchor
low_reliability_or_unlikely,conservative_morphology,alcph|y|OLXGX,R00,1,1,1,LOW_POWER_OR_UNSTABLE,1.0,1.0,1.0,alcphy
low_reliability_or_unlikely,conservative_morphology,aldal|ol|OLDOL,R09,1,1,1,LOW_POWER_OR_UNSTABLE,1.0,1.0,1.0,daldalol
low_reliability_or_unlikely,conservative_morphology,alda|m|OLDO,R06,1,1,1,LOW_POWER_OR_UNSTABLE,1.0,1.0,1.0,saldam
low_reliability_or_unlikely,conservative_morphology,alek|y|OLEG,R00,1,1,1,LOW_POWER_OR_UNSTABLE,1.0,1.0,1.0,otaleky
low_reliability_or_unlikely,conservative_morphology,alet|NONE|OLEG,R00,1,1,1,LOW_POWER_OR_UNSTABLE,1.0,1.0,1.0,alet
low_reliability_or_unlikely,conservative_morphology,alfch|y|OLGB,R09,1,1,1,LOW_POWER_OR_UNSTABLE,1.0,1.0,1.0,dalfchy
low_reliability_or_unlikely,conservative_morphology,alf|NONE|OLG,R06,1,1,1,LOW_POWER_OR_UNSTABLE,1.0,1.0,1.0,salf
low_reliability_or_unlikely,conservative_morphology,alif|NONE|OLEG,R00,1,1,1,LOW_POWER_OR_UNSTABLE,1.0,1.0,1.0,alif
low_reliability_or_unlikely,conservative_morphology,alka|m|OLGO,R00,1,1,1,LOW_POWER_OR_UNSTABLE,1.0,1.0,1.0,alkam
low_reliability_or_unlikely,conservative_morphology,alkch|dy|OLGB,R00,1,1,1,LOW_POWER_OR_UNSTABLE,1.0,1.0,1.0,alkchdy
low_reliability_or_unlikely,conservative_morphology,alk|aiin|OLG,R00,1,1,1,LOW_POWER_OR_UNSTABLE,1.0,1.0,1.0,alkaiin
low_reliability_or_unlikely,conservative_morphology,alk|edy|OLG,R09,1,1,1,LOW_POWER_OR_UNSTABLE,1.0,1.0,1.0,dalkedy
low_reliability_or_unlikely,conservative_morphology,alk|y|OLG,R00,1,1,1,LOW_POWER_OR_UNSTABLE,1.0,1.0,1.0,alky
low_reliability_or_unlikely,conservative_morphology,aloees|NONE|OLOEX,R00,1,1,1,LOW_POWER_OR_UNSTABLE,1.0,1.0,1.0,aloees
low_reliability_or_unlikely,conservative_morphology,aloiinshe|ol|OLOILBE,R00,1,1,1,LOW_POWER_OR_UNSTABLE,1.0,1.0,1.0,saloiinsheol
low_reliability_or_unlikely,conservative_morphology,alolsh|edy|OLOLB,R00,1,1,1,LOW_POWER_OR_UNSTABLE,1.0,1.0,1.0,alolshedy
low_reliability_or_unlikely,conservative_morphology,alols|NONE|OLOLX,R06,1,1,1,LOW_POWER_OR_UNSTABLE,1.0,1.0,1.0,salols
low_reliability_or_unlikely,conservative_morphology,alol|or|OLOL,R00,1,1,1,LOW_POWER_OR_UNSTABLE,1.0,1.0,1.0,alolor
low_reliability_or_unlikely,conservative_morphology,aloro|NONE|OLOLO,H08,1,1,1,LOW_POWER_OR_UNSTABLE,1.0,1.0,1.0,qokaloro
low_reliability_or_unlikely,conservative_morphology,alo|iin|OLO,R00,1,1,1,LOW_POWER_OR_UNSTABLE,1.0,1.0,1.0,aloiin
low_reliability_or_unlikely,conservative_morphology,alshcth|dy|OLBXGX,R00,1,1,1,LOW_POWER_OR_UNSTABLE,1.0,1.0,1.0,salshcthdy
low_reliability_or_unlikely,conservative_morphology,alshd|NONE|OLBD,R06,1,1,1,LOW_POWER_OR_UNSTABLE,1.0,1.0,1.0,dalshd
low_reliability_or_unlikely,conservative_morphology,alsh|ey|OLB,R09,1,1,1,LOW_POWER_OR_UNSTABLE,1.0,1.0,1.0,dalshey
low_reliability_or_unlikely,conservative_morphology,alsh|y|OLB,R00,1,1,1,LOW_POWER_OR_UNSTABLE,1.0,1.0,1.0,otalshy
low_reliability_or_unlikely,conservative_morphology,als|ain|OLX,R00,1,1,1,LOW_POWER_OR_UNSTABLE,1.0,1.0,1.0,chalsain
low_reliability_or_unlikely,conservative_morphology,als|ar|OLX,R00,1,1,1,LOW_POWER_OR_UNSTABLE,1.0,1.0,1.0,otalsar
low_reliability_or_unlikely,conservative_morphology,alxarsh|y|OLXOLB,R00,1,1,1,LOW_POWER_OR_UNSTABLE,1.0,1.0,1.0,salxarshy
low_reliability_or_unlikely,conservative_morphology,alychs|NONE|OLYBX,R09,1,1,1,LOW_POWER_OR_UNSTABLE,1.0,1.0,1.0,dalychs
low_reliability_or_unlikely,conservative_morphology,alys|NONE|OLYX,R00,1,1,1,LOW_POWER_OR_UNSTABLE,1.0,1.0,1.0,alys
low_reliability_or_unlikely,conservative_morphology,al|aiiin|OL,R00,1,1,1,LOW_POWER_OR_UNSTABLE,1.0,1.0,1.0,alaiiin
low_reliability_or_unlikely,conservative_morphology,amam|m|OLOL,R06,1,1,1,LOW_POWER_OR_UNSTABLE,1.0,1.0,1.0,damamm
low_reliability_or_unlikely,conservative_morphology,ama|NONE|OLO,R06,1,1,1,LOW_POWER_OR_UNSTABLE,1.0,1.0,1.0,dama
low_reliability_or_unlikely,conservative_morphology,am|y|OL,R00,1,1,1,LOW_POWER_OR_UNSTABLE,1.0,1.0,1.0,amy
low_reliability_or_unlikely,conservative_morphology,aor|ar|OL,R00,1,1,1,LOW_POWER_OR_UNSTABLE,1.0,1.0,1.0,oaorar
low_reliability_or_unlikely,conservative_morphology,aral|l|OLOL,R06,1,1,1,LOW_POWER_OR_UNSTABLE,1.0,1.0,1.0,darall
low_reliability_or_unlikely,conservative_morphology,aral|y|OLOL,R00,1,1,1,LOW_POWER_OR_UNSTABLE,1.0,1.0,1.0,araly
low_reliability_or_unlikely,conservative_morphology,aramd|al|OLOLD,R00,1,1,1,LOW_POWER_OR_UNSTABLE,1.0,1.0,1.0,daramdal
low_reliability_or_unlikely,conservative_morphology,ararchod|aiin|OLOLBOD,R00,1,1,1,LOW_POWER_OR_UNSTABLE,1.0,1.0,1.0,ararchodaiin
low_reliability_or_unlikely,conservative_morphology,ararda|NONE|OLOLDO,R00,1,1,1,LOW_POWER_OR_UNSTABLE,1.0,1.0,1.0,dararda
low_reliability_or_unlikely,conservative_morphology,arar|ain|OLOL,R00,1,1,1,LOW_POWER_OR_UNSTABLE,1.0,1.0,1.0,otararain
low_reliability_or_unlikely,conservative_morphology,arar|al|OLOL,R00,1,1,1,LOW_POWER_OR_UNSTABLE,1.0,1.0,1.0,araral
low_reliability_or_unlikely,conservative_morphology,arar|y|OLOL,R03,1,1,1,LOW_POWER_OR_UNSTABLE,1.0,1.0,1.0,qokarary
low_reliability_or_unlikely,conservative_morphology,ara|n|OLO,R00,1,1,1,LOW_POWER_OR_UNSTABLE,1.0,1.0,1.0,olaran
low_reliability_or_unlikely,conservative_morphology,archa|m|OLBO,R03,1,1,1,LOW_POWER_OR_UNSTABLE,1.0,1.0,1.0,okarcham
low_reliability_or_unlikely,conservative_morphology,archcph|dy|OLBXGX,R00,1,1,1,LOW_POWER_OR_UNSTABLE,1.0,1.0,1.0,sarchcphdy
low_reliability_or_unlikely,conservative_morphology,archd|ar|OLBD,R00,1,1,1,LOW_POWER_OR_UNSTABLE,1.0,1.0,1.0,darchdar
low_reliability_or_unlikely,conservative_morphology,arche|or|OLBE,R00,1,1,1,LOW_POWER_OR_UNSTABLE,1.0,1.0,1.0,darcheor
low_reliability_or_unlikely,conservative_morphology,arch|ar|OLB,R00,1,1,1,LOW_POWER_OR_UNSTABLE,1.0,1.0,1.0,sarchar
low_reliability_or_unlikely,conservative_morphology,arch|ey|OLB,R00,1,1,1,LOW_POWER_OR_UNSTABLE,1.0,1.0,1.0,darchey
low_reliability_or_unlikely,conservative_morphology,arch|ol|OLB,R07,1,1,1,LOW_POWER_OR_UNSTABLE,1.0,1.0,1.0,archol
low_reliability_or_unlikely,conservative_morphology,ardal|y|OLDOL,R09,1,1,1,LOW_POWER_OR_UNSTABLE,1.0,1.0,1.0,otardaly
low_reliability_or_unlikely,conservative_morphology,ardas|NONE|OLDOX,R00,1,1,1,LOW_POWER_OR_UNSTABLE,1.0,1.0,1.0,ardas
low_reliability_or_unlikely,conservative_morphology,ardy|r|OLDY,R06,1,1,1,LOW_POWER_OR_UNSTABLE,1.0,1.0,1.0,dardyr
low_reliability_or_unlikely,conservative_morphology,aroch|y|OLOB,R00,1,1,1,LOW_POWER_OR_UNSTABLE,1.0,1.0,1.0,charochy
low_reliability_or_unlikely,conservative_morphology,arod|l|OLOD,R00,1,1,1,LOW_POWER_OR_UNSTABLE,1.0,1.0,1.0,arodl
low_reliability_or_unlikely,conservative_morphology,arok|y|OLOG,R00,1,1,1,LOW_POWER_OR_UNSTABLE,1.0,1.0,1.0,aroky
low_reliability_or_unlikely,conservative_morphology,arolal|y|OLOLOL,R00,1,1,1,LOW_POWER_OR_UNSTABLE,1.0,1.0,1.0,darolaly
low_reliability_or_unlikely,conservative_morphology,arols|NONE|OLOLX,R06,1,1,1,LOW_POWER_OR_UNSTABLE,1.0,1.0,1.0,sarols
low_reliability_or_unlikely,conservative_morphology,arols|y|OLOLX,R00,1,1,1,LOW_POWER_OR_UNSTABLE,1.0,1.0,1.0,darolsy
low_reliability_or_unlikely,conservative_morphology,aropa|m|OLOGO,R00,1,1,1,LOW_POWER_OR_UNSTABLE,1.0,1.0,1.0,aropam
low_reliability_or_unlikely,conservative_morphology,arorochees|NONE|OLOLOBEX,R00,1,1,1,LOW_POWER_OR_UNSTABLE,1.0,1.0,1.0,arorochees
low_reliability_or_unlikely,conservative_morphology,aror|y|OLOL,R00,1,1,1,LOW_POWER_OR_UNSTABLE,1.0,1.0,1.0,arory
low_reliability_or_unlikely,conservative_morphology,arsho|dy|OLBO,R00,1,1,1,LOW_POWER_OR_UNSTABLE,1.0,1.0,1.0,darshody
low_reliability_or_unlikely,conservative_morphology,ary|dy|OLY,R06,1,1,1,LOW_POWER_OR_UNSTABLE,1.0,1.0,1.0,sarydy
low_reliability_or_unlikely,conservative_morphology,ar|aiiin|OL,R00,1,1,1,LOW_POWER_OR_UNSTABLE,1.0,1.0,1.0,daraiiin
low_reliability_or_unlikely,conservative_morphology,ar|l|OL,R00,1,1,1,LOW_POWER_OR_UNSTABLE,1.0,1.0,1.0,arl
low_reliability_or_unlikely,conservative_morphology,aykcho|m|OYGBO,R00,1,1,1,LOW_POWER_OR_UNSTABLE,1.0,1.0,1.0,saykchom
low_reliability_or_unlikely,conservative_morphology,a|or|O,R06,1,1,1,LOW_POWER_OR_UNSTABLE,1.0,1.0,1.0,daor
low_reliability_or_unlikely,conservative_morphology,a|y|O,R00,1,1,1,LOW_POWER_OR_UNSTABLE,1.0,1.0,1.0,otay
low_reliability_or_unlikely,conservative_morphology,cfha|m|XGXO,R00,1,1,1,LOW_POWER_OR_UNSTABLE,1.0,1.0,1.0,cfham
low_reliability_or_unlikely,conservative_morphology,cfhod|ar|XGXOD,R00,1,1,1,LOW_POWER_OR_UNSTABLE,1.0,1.0,1.0,cfhodar
low_reliability_or_unlikely,conservative_morphology,cfh|aiin|XGX,R00,1,1,1,LOW_POWER_OR_UNSTABLE,1.0,1.0,1.0,cfhaiin
low_reliability_or_unlikely,conservative_morphology,cfh|ar|XGX,R00,1,1,1,LOW_POWER_OR_UNSTABLE,1.0,1.0,1.0,cfhar
low_reliability_or_unlikely,conservative_morphology,cfh|ey|XGX,R00,1,1,1,LOW_POWER_OR_UNSTABLE,1.0,1.0,1.0,chcfhey
low_reliability_or_unlikely,conservative_morphology,chaies|NONE|BOEX,R00,1,1,1,LOW_POWER_OR_UNSTABLE,1.0,1.0,1.0,ychaies
low_reliability_or_unlikely,conservative_morphology,chais|NONE|BOEX,R06,1,1,1,LOW_POWER_OR_UNSTABLE,1.0,1.0,1.0,ychais
low_reliability_or_unlikely,conservative_morphology,chald|NONE|BOLD,R00,1,1,1,LOW_POWER_OR_UNSTABLE,1.0,1.0,1.0,otchald
low_reliability_or_unlikely,conservative_morphology,charch|y|BOLB,R00,1,1,1,LOW_POWER_OR_UNSTABLE,1.0,1.0,1.0,scharchy
low_reliability_or_unlikely,conservative_morphology,cha|m|BO,R00,1,1,1,LOW_POWER_OR_UNSTABLE,1.0,1.0,1.0,otcham
low_reliability_or_unlikely,conservative_morphology,cha|n|BO,R00,1,1,1,LOW_POWER_OR_UNSTABLE,1.0,1.0,1.0,okchan
low_reliability_or_unlikely,conservative_morphology,chdal|dy|BDOL,R00,1,1,1,LOW_POWER_OR_UNSTABLE,1.0,1.0,1.0,dchdaldy
low_reliability_or_unlikely,conservative_morphology,chdar|ar|BDOL,R00,1,1,1,LOW_POWER_OR_UNSTABLE,1.0,1.0,1.0,okchdarar
low_reliability_or_unlikely,conservative_morphology,chda|m|BDO,R00,1,1,1,LOW_POWER_OR_UNSTABLE,1.0,1.0,1.0,otchdam
low_reliability_or_unlikely,conservative_morphology,chdldlo|NONE|BDLDLO,R00,1,1,1,LOW_POWER_OR_UNSTABLE,1.0,1.0,1.0,okchdldlo
low_reliability_or_unlikely,conservative_morphology,chealod|NONE|BEOLOD,R00,1,1,1,LOW_POWER_OR_UNSTABLE,1.0,1.0,1.0,ychealod
low_reliability_or_unlikely,conservative_morphology,chech|y|BEB,R00,1,1,1,LOW_POWER_OR_UNSTABLE,1.0,1.0,1.0,okchechy
low_reliability_or_unlikely,conservative_morphology,checth|y|BEXGX,R04,1,1,1,LOW_POWER_OR_UNSTABLE,1.0,1.0,1.0,ychecthy
low_reliability_or_unlikely,conservative_morphology,chedal|y|BEDOL,R09,1,1,1,LOW_POWER_OR_UNSTABLE,1.0,1.0,1.0,dchedaly
low_reliability_or_unlikely,conservative_morphology,chedyor|or|BEDYOL,R00,1,1,1,LOW_POWER_OR_UNSTABLE,1.0,1.0,1.0,okchedyoror
low_reliability_or_unlikely,conservative_morphology,ched|aiin|BED,R00,1,1,1,LOW_POWER_OR_UNSTABLE,1.0,1.0,1.0,olchedaiin
low_reliability_or_unlikely,conservative_morphology,ched|ain|BED,R00,1,1,1,LOW_POWER_OR_UNSTABLE,1.0,1.0,1.0,dchedain
low_reliability_or_unlikely,conservative_morphology,ched|ey|BED,R00,1,1,1,LOW_POWER_OR_UNSTABLE,1.0,1.0,1.0,otchedey
low_reliability_or_unlikely,conservative_morphology,cheeckhos|NONE|BEXGXOX,R00,1,1,1,LOW_POWER_OR_UNSTABLE,1.0,1.0,1.0,dcheeckhos
low_reliability_or_unlikely,conservative_morphology,cheed|aiin|BED,R00,1,1,1,LOW_POWER_OR_UNSTABLE,1.0,1.0,1.0,ycheedaiin
low_reliability_or_unlikely,conservative_morphology,cheek|eey|BEG,R00,1,1,1,LOW_POWER_OR_UNSTABLE,1.0,1.0,1.0,ycheekeey
low_reliability_or_unlikely,conservative_morphology,cheeolcheeo|NONE|BEOLBEO,R00,1,1,1,LOW_POWER_OR_UNSTABLE,1.0,1.0,1.0,ycheeolcheeo
low_reliability_or_unlikely,conservative_morphology,chees|ey|BEX,R00,1,1,1,LOW_POWER_OR_UNSTABLE,1.0,1.0,1.0,olcheesey
low_reliability_or_unlikely,conservative_morphology,cheet|y|BEG,R00,1,1,1,LOW_POWER_OR_UNSTABLE,1.0,1.0,1.0,ycheety
low_reliability_or_unlikely,conservative_morphology,chee|ol|BE,R00,1,1,1,LOW_POWER_OR_UNSTABLE,1.0,1.0,1.0,scheeol
low_reliability_or_unlikely,conservative_morphology,chee|or|BE,R00,1,1,1,LOW_POWER_OR_UNSTABLE,1.0,1.0,1.0,dcheeor
low_reliability_or_unlikely,conservative_morphology,chekch|y|BEGB,R00,1,1,1,LOW_POWER_OR_UNSTABLE,1.0,1.0,1.0,ychekchy
low_reliability_or_unlikely,conservative_morphology,chek|eedy|BEG,R00,1,1,1,LOW_POWER_OR_UNSTABLE,1.0,1.0,1.0,dchekeedy
low_reliability_or_unlikely,conservative_morphology,chek|ol|BEG,R00,1,1,1,LOW_POWER_OR_UNSTABLE,1.0,1.0,1.0,schekol
low_reliability_or_unlikely,conservative_morphology,cheockh|y|BEOXGX,R00,1,1,1,LOW_POWER_OR_UNSTABLE,1.0,1.0,1.0,ycheockhy
low_reliability_or_unlikely,conservative_morphology,cheod|NONE|BEOD,R06,1,1,1,LOW_POWER_OR_UNSTABLE,1.0,1.0,1.0,ycheod
low_reliability_or_unlikely,conservative_morphology,cheod|aiin|BEOD,R00,1,1,1,LOW_POWER_OR_UNSTABLE,1.0,1.0,1.0,dcheodaiin
low_reliability_or_unlikely,conservative_morphology,cheod|ain|BEOD,R00,1,1,1,LOW_POWER_OR_UNSTABLE,1.0,1.0,1.0,dcheodain
low_reliability_or_unlikely,conservative_morphology,cheod|ar|BEOD,R00,1,1,1,LOW_POWER_OR_UNSTABLE,1.0,1.0,1.0,otcheodar
low_reliability_or_unlikely,conservative_morphology,cheolol|ain|BEOLOL,H08,1,1,1,LOW_POWER_OR_UNSTABLE,1.0,1.0,1.0,qokcheololain
low_reliability_or_unlikely,conservative_morphology,cheol|dy|BEOL,R00,1,1,1,LOW_POWER_OR_UNSTABLE,1.0,1.0,1.0,dcheoldy
low_reliability_or_unlikely,conservative_morphology,cheol|y|BEOL,R00,1,1,1,LOW_POWER_OR_UNSTABLE,1.0,1.0,1.0,otcheoly
low_reliability_or_unlikely,conservative_morphology,cheor|aiin|BEOL,R00,1,1,1,LOW_POWER_OR_UNSTABLE,1.0,1.0,1.0,ycheoraiin
low_reliability_or_unlikely,conservative_morphology,cheo|aiin|BEO,R00,1,1,1,LOW_POWER_OR_UNSTABLE,1.0,1.0,1.0,dcheoaiin
low_reliability_or_unlikely,conservative_morphology,cheo|m|BEO,R00,1,1,1,LOW_POWER_OR_UNSTABLE,1.0,1.0,1.0,olcheom
low_reliability_or_unlikely,conservative_morphology,chepal|ain|BEGOL,R00,1,1,1,LOW_POWER_OR_UNSTABLE,1.0,1.0,1.0,ochepalain
low_reliability_or_unlikely,conservative_morphology,chesykch|y|BEXYGB,R00,1,1,1,LOW_POWER_OR_UNSTABLE,1.0,1.0,1.0,dchesykchy
low_reliability_or_unlikely,conservative_morphology,cheta|y|BEGO,R00,1,1,1,LOW_POWER_OR_UNSTABLE,1.0,1.0,1.0,dchetay
low_reliability_or_unlikely,conservative_morphology,cheyll|dy|BEYL,R00,1,1,1,LOW_POWER_OR_UNSTABLE,1.0,1.0,1.0,otcheylldy
low_reliability_or_unlikely,conservative_morphology,chg|NONE|BX,R06,1,1,1,LOW_POWER_OR_UNSTABLE,1.0,1.0,1.0,dchg
low_reliability_or_unlikely,conservative_morphology,choch|or|BOB,R00,1,1,1,LOW_POWER_OR_UNSTABLE,1.0,1.0,1.0,orchochor
low_reliability_or_unlikely,conservative_morphology,chockh|y|BOXGX,R00,1,1,1,LOW_POWER_OR_UNSTABLE,1.0,1.0,1.0,ochockhy
low_reliability_or_unlikely,conservative_morphology,chodals|NONE|BODOLX,R00,1,1,1,LOW_POWER_OR_UNSTABLE,1.0,1.0,1.0,otchodals
low_reliability_or_unlikely,conservative_morphology,chodar|e|BODOL,R00,1,1,1,LOW_POWER_OR_UNSTABLE,1.0,1.0,1.0,ochodare
low_reliability_or_unlikely,conservative_morphology,chod|NONE|BOD,H13,1,1,1,LOW_POWER_OR_UNSTABLE,1.0,1.0,1.0,qotchod
low_reliability_or_unlikely,conservative_morphology,chod|aiin|BOD,R10,1,1,1,LOW_POWER_OR_UNSTABLE,1.0,1.0,1.0,dchodaiin
low_reliability_or_unlikely,conservative_morphology,chod|al|BOD,R09,1,1,1,LOW_POWER_OR_UNSTABLE,1.0,1.0,1.0,qchodal
low_reliability_or_unlikely,conservative_morphology,choi|iin|BOE,R00,1,1,1,LOW_POWER_OR_UNSTABLE,1.0,1.0,1.0,okchoiiin
low_reliability_or_unlikely,conservative_morphology,chokch|y|BOGB,R00,1,1,1,LOW_POWER_OR_UNSTABLE,1.0,1.0,1.0,dchokchy
low_reliability_or_unlikely,conservative_morphology,choksh|y|BOGB,R00,1,1,1,LOW_POWER_OR_UNSTABLE,1.0,1.0,1.0,okchokshy
low_reliability_or_unlikely,conservative_morphology,cholche|aiin|BOLBE,R07,1,1,1,LOW_POWER_OR_UNSTABLE,1.0,1.0,1.0,otcholcheaiin
low_reliability_or_unlikely,conservative_morphology,cholocth|ol|BOLOXGX,R07,1,1,1,LOW_POWER_OR_UNSTABLE,1.0,1.0,1.0,otcholocthol
low_reliability_or_unlikely,conservative_morphology,cholshara|m|BOLBOLO,R00,1,1,1,LOW_POWER_OR_UNSTABLE,1.0,1.0,1.0,ocholsharam
low_reliability_or_unlikely,conservative_morphology,chopordg|NONE|BOGOLDX,R00,1,1,1,LOW_POWER_OR_UNSTABLE,1.0,1.0,1.0,ychopordg
low_reliability_or_unlikely,conservative_morphology,chorchk|y|BOLBG,R00,1,1,1,LOW_POWER_OR_UNSTABLE,1.0,1.0,1.0,okchorchky
low_reliability_or_unlikely,conservative_morphology,choro|iin|BOLO,R00,1,1,1,LOW_POWER_OR_UNSTABLE,1.0,1.0,1.0,okchoroiin
low_reliability_or_unlikely,conservative_morphology,chor|y|BOL,R00,1,1,1,LOW_POWER_OR_UNSTABLE,1.0,1.0,1.0,ochory
low_reliability_or_unlikely,conservative_morphology,chosa|m|BOXO,R00,1,1,1,LOW_POWER_OR_UNSTABLE,1.0,1.0,1.0,okchosam
low_reliability_or_unlikely,conservative_morphology,chosh|y|BOB,R00,1,1,1,LOW_POWER_OR_UNSTABLE,1.0,1.0,1.0,otchoshy
low_reliability_or_unlikely,conservative_morphology,chos|ar|BOX,R00,1,1,1,LOW_POWER_OR_UNSTABLE,1.0,1.0,1.0,ychosar
low_reliability_or_unlikely,conservative_morphology,chot|y|BOG,R06,1,1,1,LOW_POWER_OR_UNSTABLE,1.0,1.0,1.0,dchoty
low_reliability_or_unlikely,conservative_morphology,choyk|NONE|BOYG,R00,1,1,1,LOW_POWER_OR_UNSTABLE,1.0,1.0,1.0,ochoyk
low_reliability_or_unlikely,conservative_morphology,cho|al|BO,R06,1,1,1,LOW_POWER_OR_UNSTABLE,1.0,1.0,1.0,schoal
low_reliability_or_unlikely,conservative_morphology,cho|iin|BO,R00,1,1,1,LOW_POWER_OR_UNSTABLE,1.0,1.0,1.0,olchoiin
low_reliability_or_unlikely,conservative_morphology,cho|m|BO,R06,1,1,1,LOW_POWER_OR_UNSTABLE,1.0,1.0,1.0,ychom
low_reliability_or_unlikely,conservative_morphology,chsh|y|B,R00,1,1,1,LOW_POWER_OR_UNSTABLE,1.0,1.0,1.0,okchshy
low_reliability_or_unlikely,conservative_morphology,cht|y|BG,R06,1,1,1,LOW_POWER_OR_UNSTABLE,1.0,1.0,1.0,ychty
low_reliability_or_unlikely,conservative_morphology,chyd|NONE|BYD,R00,1,1,1,LOW_POWER_OR_UNSTABLE,1.0,1.0,1.0,okchyd
low_reliability_or_unlikely,conservative_morphology,chykch|y|BYGB,R00,1,1,1,LOW_POWER_OR_UNSTABLE,1.0,1.0,1.0,dchykchy
low_reliability_or_unlikely,conservative_morphology,ckhal|y|XGXOL,R00,1,1,1,LOW_POWER_OR_UNSTABLE,1.0,1.0,1.0,chckhaly
low_reliability_or_unlikely,conservative_morphology,ckha|n|XGXO,R00,1,1,1,LOW_POWER_OR_UNSTABLE,1.0,1.0,1.0,chckhan
low_reliability_or_unlikely,conservative_morphology,ckhed|NONE|XGXED,H07,1,1,1,LOW_POWER_OR_UNSTABLE,1.0,1.0,1.0,qockhed
low_reliability_or_unlikely,conservative_morphology,ckheo|NONE|XGXEO,R00,1,1,1,LOW_POWER_OR_UNSTABLE,1.0,1.0,1.0,ckheo
low_reliability_or_unlikely,conservative_morphology,ckhockh|y|XGXOXGX,R00,1,1,1,LOW_POWER_OR_UNSTABLE,1.0,1.0,1.0,ckhockhy
low_reliability_or_unlikely,conservative_morphology,ckhocth|y|XGXOXGX,R04,1,1,1,LOW_POWER_OR_UNSTABLE,1.0,1.0,1.0,ckhocthy
low_reliability_or_unlikely,conservative_morphology,ckhoees|NONE|XGXOEX,R00,1,1,1,LOW_POWER_OR_UNSTABLE,1.0,1.0,1.0,ockhoees
low_reliability_or_unlikely,conservative_morphology,ckhosa|m|XGXOXO,R00,1,1,1,LOW_POWER_OR_UNSTABLE,1.0,1.0,1.0,ockhosam
low_reliability_or_unlikely,conservative_morphology,ckhos|NONE|XGXOX,R00,1,1,1,LOW_POWER_OR_UNSTABLE,1.0,1.0,1.0,ckhos
low_reliability_or_unlikely,conservative_morphology,ckho|NONE|XGXO,R00,1,1,1,LOW_POWER_OR_UNSTABLE,1.0,1.0,1.0,chckho
low_reliability_or_unlikely,conservative_morphology,ckho|dy|XGXO,R00,1,1,1,LOW_POWER_OR_UNSTABLE,1.0,1.0,1.0,ckhody
low_reliability_or_unlikely,conservative_morphology,ckhs|NONE|XGX,R00,1,1,1,LOW_POWER_OR_UNSTABLE,1.0,1.0,1.0,ckhs
low_reliability_or_unlikely,conservative_morphology,ckhs|y|XGX,R00,1,1,1,LOW_POWER_OR_UNSTABLE,1.0,1.0,1.0,qckhsy
low_reliability_or_unlikely,conservative_morphology,ckhyd|ar|XGXYD,R00,1,1,1,LOW_POWER_OR_UNSTABLE,1.0,1.0,1.0,ockhydar
low_reliability_or_unlikely,conservative_morphology,ckhyfch|y|XGXYGB,R00,1,1,1,LOW_POWER_OR_UNSTABLE,1.0,1.0,1.0,chckhyfchy
low_reliability_or_unlikely,conservative_morphology,ckh|eedy|XGX,H21,1,1,1,LOW_POWER_OR_UNSTABLE,1.0,1.0,1.0,qockheedy
low_reliability_or_unlikely,conservative_morphology,ck|ey|XG,R00,1,1,1,LOW_POWER_OR_UNSTABLE,1.0,1.0,1.0,ockey
low_reliability_or_unlikely,conservative_morphology,cpharo|m|XGXOLO,R00,1,1,1,LOW_POWER_OR_UNSTABLE,1.0,1.0,1.0,cpharom
low_reliability_or_unlikely,conservative_morphology,cphecth|y|XGXEXGX,R04,1,1,1,LOW_POWER_OR_UNSTABLE,1.0,1.0,1.0,cphecthy
low_reliability_or_unlikely,conservative_morphology,cpheod|ar|XGXEOD,R00,1,1,1,LOW_POWER_OR_UNSTABLE,1.0,1.0,1.0,cpheodar
low_reliability_or_unlikely,conservative_morphology,cphe|al|XGXE,R00,1,1,1,LOW_POWER_OR_UNSTABLE,1.0,1.0,1.0,cpheal
low_reliability_or_unlikely,conservative_morphology,cphe|or|XGXE,R00,1,1,1,LOW_POWER_OR_UNSTABLE,1.0,1.0,1.0,cpheor
low_reliability_or_unlikely,conservative_morphology,cphorods|NONE|XGXOLODX,R00,1,1,1,LOW_POWER_OR_UNSTABLE,1.0,1.0,1.0,cphorods
low_reliability_or_unlikely,conservative_morphology,cpho|dy|XGXO,R05,1,1,1,LOW_POWER_OR_UNSTABLE,1.0,1.0,1.0,cphody
low_reliability_or_unlikely,conservative_morphology,cpho|y|XGXO,R00,1,1,1,LOW_POWER_OR_UNSTABLE,1.0,1.0,1.0,cphoy
low_reliability_or_unlikely,conservative_morphology,cphy|dy|XGXY,R00,1,1,1,LOW_POWER_OR_UNSTABLE,1.0,1.0,1.0,cphydy
low_reliability_or_unlikely,conservative_morphology,cph|aiin|XGX,R00,1,1,1,LOW_POWER_OR_UNSTABLE,1.0,1.0,1.0,cphaiin
low_reliability_or_unlikely,conservative_morphology,cph|ar|XGX,R00,1,1,1,LOW_POWER_OR_UNSTABLE,1.0,1.0,1.0,cphar
low_reliability_or_unlikely,conservative_morphology,cph|eey|XGX,R00,1,1,1,LOW_POWER_OR_UNSTABLE,1.0,1.0,1.0,cpheey
low_reliability_or_unlikely,conservative_morphology,cph|l|XGX,R00,1,1,1,LOW_POWER_OR_UNSTABLE,1.0,1.0,1.0,cphl
low_reliability_or_unlikely,conservative_morphology,ctha|n|XGXO,R04,1,1,1,LOW_POWER_OR_UNSTABLE,1.0,1.0,1.0,cthan
low_reliability_or_unlikely,conservative_morphology,cthdal|y|XGXDOL,R09,1,1,1,LOW_POWER_OR_UNSTABLE,1.0,1.0,1.0,cthdaly
low_reliability_or_unlikely,conservative_morphology,cthdys|NONE|XGXDYX,R00,1,1,1,LOW_POWER_OR_UNSTABLE,1.0,1.0,1.0,qcthdys
low_reliability_or_unlikely,conservative_morphology,cthd|NONE|XGXD,R04,1,1,1,LOW_POWER_OR_UNSTABLE,1.0,1.0,1.0,chcthd
low_reliability_or_unlikely,conservative_morphology,ctheol|y|XGXEOL,R04,1,1,1,LOW_POWER_OR_UNSTABLE,1.0,1.0,1.0,ctheoly
low_reliability_or_unlikely,conservative_morphology,ctheo|dy|XGXEO,R04,1,1,1,LOW_POWER_OR_UNSTABLE,1.0,1.0,1.0,ctheody
low_reliability_or_unlikely,conservative_morphology,cthe|ol|XGXE,R04,1,1,1,LOW_POWER_OR_UNSTABLE,1.0,1.0,1.0,ctheol
low_reliability_or_unlikely,conservative_morphology,cthe|r|XGXE,R04,1,1,1,LOW_POWER_OR_UNSTABLE,1.0,1.0,1.0,cther
low_reliability_or_unlikely,conservative_morphology,cthoar|y|XGXOL,R04,1,1,1,LOW_POWER_OR_UNSTABLE,1.0,1.0,1.0,cthoary
low_reliability_or_unlikely,conservative_morphology,cthockh|y|XGXOXGX,R04,1,1,1,LOW_POWER_OR_UNSTABLE,1.0,1.0,1.0,cthockhy
low_reliability_or_unlikely,conservative_morphology,cthoda|m|XGXODO,R04,1,1,1,LOW_POWER_OR_UNSTABLE,1.0,1.0,1.0,cthodam
low_reliability_or_unlikely,conservative_morphology,cthod|NONE|XGXOD,R04,1,1,1,LOW_POWER_OR_UNSTABLE,1.0,1.0,1.0,cthod
low_reliability_or_unlikely,conservative_morphology,cthod|al|XGXOD,R04,1,1,1,LOW_POWER_OR_UNSTABLE,1.0,1.0,1.0,cthodal
low_reliability_or_unlikely,conservative_morphology,cthoj|NONE|XGXOX,R04,1,1,1,LOW_POWER_OR_UNSTABLE,1.0,1.0,1.0,cthoj
low_reliability_or_unlikely,conservative_morphology,ctholdg|NONE|XGXOLDX,R07,1,1,1,LOW_POWER_OR_UNSTABLE,1.0,1.0,1.0,ctholdg
low_reliability_or_unlikely,conservative_morphology,cthold|NONE|XGXOLD,R04,1,1,1,LOW_POWER_OR_UNSTABLE,1.0,1.0,1.0,cthold
low_reliability_or_unlikely,conservative_morphology,ctholo|NONE|XGXOLO,R04,1,1,1,LOW_POWER_OR_UNSTABLE,1.0,1.0,1.0,ctholo
low_reliability_or_unlikely,conservative_morphology,cthol|y|XGXOL,R04,1,1,1,LOW_POWER_OR_UNSTABLE,1.0,1.0,1.0,ctholy
low_reliability_or_unlikely,conservative_morphology,cthoror|aiin|XGXOLOL,R04,1,1,1,LOW_POWER_OR_UNSTABLE,1.0,1.0,1.0,cthororaiin
low_reliability_or_unlikely,conservative_morphology,ctho|dy|XGXO,R04,1,1,1,LOW_POWER_OR_UNSTABLE,1.0,1.0,1.0,cthody
low_reliability_or_unlikely,conservative_morphology,ctho|m|XGXO,R04,1,1,1,LOW_POWER_OR_UNSTABLE,1.0,1.0,1.0,cthom
low_reliability_or_unlikely,conservative_morphology,cths|NONE|XGX,R04,1,1,1,LOW_POWER_OR_UNSTABLE,1.0,1.0,1.0,cths
low_reliability_or_unlikely,conservative_morphology,cthys|NONE|XGXYX,R00,1,1,1,LOW_POWER_OR_UNSTABLE,1.0,1.0,1.0,octhys
low_reliability_or_unlikely,conservative_morphology,cth|NONE|XGX,R04,1,1,1,LOW_POWER_OR_UNSTABLE,1.0,1.0,1.0,cth
low_reliability_or_unlikely,conservative_morphology,c|NONE|X,R00,1,1,1,LOW_POWER_OR_UNSTABLE,1.0,1.0,1.0,c
low_reliability_or_unlikely,conservative_morphology,daig|NONE|DOEX,R00,1,1,1,LOW_POWER_OR_UNSTABLE,1.0,1.0,1.0,oldaig
low_reliability_or_unlikely,conservative_morphology,daiirdain|y|DOILDOEL,R00,1,1,1,LOW_POWER_OR_UNSTABLE,1.0,1.0,1.0,chdaiirdainy
low_reliability_or_unlikely,conservative_morphology,daii|l|DOI,R06,1,1,1,LOW_POWER_OR_UNSTABLE,1.0,1.0,1.0,ydaiil
low_reliability_or_unlikely,conservative_morphology,daii|m|DOI,R00,1,1,1,LOW_POWER_OR_UNSTABLE,1.0,1.0,1.0,odaiim
low_reliability_or_unlikely,conservative_morphology,daira|n|DOELO,R00,1,1,1,LOW_POWER_OR_UNSTABLE,1.0,1.0,1.0,odairan
low_reliability_or_unlikely,conservative_morphology,dair|ol|DOEL,R00,1,1,1,LOW_POWER_OR_UNSTABLE,1.0,1.0,1.0,ydairol
low_reliability_or_unlikely,conservative_morphology,dai|l|DOE,R00,1,1,1,LOW_POWER_OR_UNSTABLE,1.0,1.0,1.0,chdail
low_reliability_or_unlikely,conservative_morphology,dalydar|y|DOLYDOL,R00,1,1,1,LOW_POWER_OR_UNSTABLE,1.0,1.0,1.0,odalydary
low_reliability_or_unlikely,conservative_morphology,dal|al|DOL,R09,1,1,1,LOW_POWER_OR_UNSTABLE,1.0,1.0,1.0,chdalal
low_reliability_or_unlikely,conservative_morphology,dal|y|DOL,R00,1,1,1,LOW_POWER_OR_UNSTABLE,1.0,1.0,1.0,odaly
low_reliability_or_unlikely,conservative_morphology,daraish|y|DOLOEB,R00,1,1,1,LOW_POWER_OR_UNSTABLE,1.0,1.0,1.0,ydaraishy
low_reliability_or_unlikely,conservative_morphology,dar|y|DOL,R06,1,1,1,LOW_POWER_OR_UNSTABLE,1.0,1.0,1.0,ddary
low_reliability_or_unlikely,conservative_morphology,dchecth|y|DBEXGX,R00,1,1,1,LOW_POWER_OR_UNSTABLE,1.0,1.0,1.0,odchecthy
low_reliability_or_unlikely,conservative_morphology,dchos|NONE|DBOX,R06,1,1,1,LOW_POWER_OR_UNSTABLE,1.0,1.0,1.0,ydchos
low_reliability_or_unlikely,conservative_morphology,dch|ey|DB,R00,1,1,1,LOW_POWER_OR_UNSTABLE,1.0,1.0,1.0,odchey
low_reliability_or_unlikely,conservative_morphology,dd|NONE|D,R06,1,1,1,LOW_POWER_OR_UNSTABLE,1.0,1.0,1.0,dd
low_reliability_or_unlikely,conservative_morphology,deeeod|l|DEOD,R00,1,1,1,LOW_POWER_OR_UNSTABLE,1.0,1.0,1.0,odeeeodl
low_reliability_or_unlikely,conservative_morphology,dees|NONE|DEX,R00,1,1,1,LOW_POWER_OR_UNSTABLE,1.0,1.0,1.0,odees
low_reliability_or_unlikely,conservative_morphology,deka|m|DEGO,R06,1,1,1,LOW_POWER_OR_UNSTABLE,1.0,1.0,1.0,ydekam
low_reliability_or_unlikely,conservative_morphology,de|eey|DE,R00,1,1,1,LOW_POWER_OR_UNSTABLE,1.0,1.0,1.0,odeeey
low_reliability_or_unlikely,conservative_morphology,dor|dy|DOL,R00,1,1,1,LOW_POWER_OR_UNSTABLE,1.0,1.0,1.0,otdordy
low_reliability_or_unlikely,conservative_morphology,dor|y|DOL,R00,1,1,1,LOW_POWER_OR_UNSTABLE,1.0,1.0,1.0,odory
low_reliability_or_unlikely,conservative_morphology,d|aiiin|D,R00,1,1,1,LOW_POWER_OR_UNSTABLE,1.0,1.0,1.0,odaiiin
low_reliability_or_unlikely,conservative_morphology,d|dy|D,R00,1,1,1,LOW_POWER_OR_UNSTABLE,1.0,1.0,1.0,chddy
low_reliability_or_unlikely,conservative_morphology,d|or|D,R00,1,1,1,LOW_POWER_OR_UNSTABLE,1.0,1.0,1.0,odor
low_reliability_or_unlikely,conservative_morphology,eald|ar|EOLD,R00,1,1,1,LOW_POWER_OR_UNSTABLE,1.0,1.0,1.0,shealdar
low_reliability_or_unlikely,conservative_morphology,ealp|y|EOLG,R00,1,1,1,LOW_POWER_OR_UNSTABLE,1.0,1.0,1.0,chealpy
low_reliability_or_unlikely,conservative_morphology,eal|ar|EOL,R00,1,1,1,LOW_POWER_OR_UNSTABLE,1.0,1.0,1.0,okealar
low_reliability_or_unlikely,conservative_morphology,ear|y|EOL,R00,1,1,1,LOW_POWER_OR_UNSTABLE,1.0,1.0,1.0,cheary
low_reliability_or_unlikely,conservative_morphology,ea|dy|EO,R00,1,1,1,LOW_POWER_OR_UNSTABLE,1.0,1.0,1.0,okeady
low_reliability_or_unlikely,conservative_morphology,ea|m|EO,R00,1,1,1,LOW_POWER_OR_UNSTABLE,1.0,1.0,1.0,cheam
low_reliability_or_unlikely,conservative_morphology,echdar|al|EBDOL,R00,1,1,1,LOW_POWER_OR_UNSTABLE,1.0,1.0,1.0,okechdaral
low_reliability_or_unlikely,conservative_morphology,echd|aiin|EBD,R00,1,1,1,LOW_POWER_OR_UNSTABLE,1.0,1.0,1.0,chechdaiin
low_reliability_or_unlikely,conservative_morphology,echkal|al|EBGOL,R00,1,1,1,LOW_POWER_OR_UNSTABLE,1.0,1.0,1.0,echkalal
low_reliability_or_unlikely,conservative_morphology,echoep|NONE|EBOEG,H13,1,1,1,LOW_POWER_OR_UNSTABLE,1.0,1.0,1.0,qotechoep
low_reliability_or_unlikely,conservative_morphology,echolt|ar|EBOLG,R00,1,1,1,LOW_POWER_OR_UNSTABLE,1.0,1.0,1.0,checholtar
low_reliability_or_unlikely,conservative_morphology,echys|NONE|EBYX,R01,1,1,1,LOW_POWER_OR_UNSTABLE,1.0,1.0,1.0,otechys
low_reliability_or_unlikely,conservative_morphology,eckhed|NONE|EXGXED,R00,1,1,1,LOW_POWER_OR_UNSTABLE,1.0,1.0,1.0,checkhed
low_reliability_or_unlikely,conservative_morphology,eckh|ol|EXGX,R00,1,1,1,LOW_POWER_OR_UNSTABLE,1.0,1.0,1.0,checkhol
low_reliability_or_unlikely,conservative_morphology,edait|ain|EDOEG,R00,1,1,1,LOW_POWER_OR_UNSTABLE,1.0,1.0,1.0,shedaitain
low_reliability_or_unlikely,conservative_morphology,edal|or|EDOL,R00,1,1,1,LOW_POWER_OR_UNSTABLE,1.0,1.0,1.0,okedalor
low_reliability_or_unlikely,conservative_morphology,edal|y|EDOL,R00,1,1,1,LOW_POWER_OR_UNSTABLE,1.0,1.0,1.0,chedaly
low_reliability_or_unlikely,conservative_morphology,eda|dy|EDO,R00,1,1,1,LOW_POWER_OR_UNSTABLE,1.0,1.0,1.0,oedady
low_reliability_or_unlikely,conservative_morphology,edch|ey|EDB,R00,1,1,1,LOW_POWER_OR_UNSTABLE,1.0,1.0,1.0,chedchey
low_reliability_or_unlikely,conservative_morphology,edch|y|EDB,R00,1,1,1,LOW_POWER_OR_UNSTABLE,1.0,1.0,1.0,chedchy
low_reliability_or_unlikely,conservative_morphology,edkal|y|EDGOL,R00,1,1,1,LOW_POWER_OR_UNSTABLE,1.0,1.0,1.0,chedkaly
low_reliability_or_unlikely,conservative_morphology,edk|ain|EDG,R00,1,1,1,LOW_POWER_OR_UNSTABLE,1.0,1.0,1.0,chedkain
low_reliability_or_unlikely,conservative_morphology,edyk|ar|EDYG,R00,1,1,1,LOW_POWER_OR_UNSTABLE,1.0,1.0,1.0,chedykar
low_reliability_or_unlikely,conservative_morphology,edyt|edy|EDYG,R00,1,1,1,LOW_POWER_OR_UNSTABLE,1.0,1.0,1.0,shedytedy
low_reliability_or_unlikely,conservative_morphology,edy|dy|EDY,R00,1,1,1,LOW_POWER_OR_UNSTABLE,1.0,1.0,1.0,chedydy
low_reliability_or_unlikely,conservative_morphology,ed|edy|ED,H12,1,1,1,LOW_POWER_OR_UNSTABLE,1.0,1.0,1.0,qokededy
low_reliability_or_unlikely,conservative_morphology,ed|eey|ED,R01,1,1,1,LOW_POWER_OR_UNSTABLE,1.0,1.0,1.0,otedeey
low_reliability_or_unlikely,conservative_morphology,ed|l|ED,R00,1,1,1,LOW_POWER_OR_UNSTABLE,1.0,1.0,1.0,okedl
low_reliability_or_unlikely,conservative_morphology,eeaii|r|EOI,R00,1,1,1,LOW_POWER_OR_UNSTABLE,1.0,1.0,1.0,seeaiir
low_reliability_or_unlikely,conservative_morphology,eea|m|EO,R01,1,1,1,LOW_POWER_OR_UNSTABLE,1.0,1.0,1.0,oteeam
low_reliability_or_unlikely,conservative_morphology,eecho|m|EBO,H08,1,1,1,LOW_POWER_OR_UNSTABLE,1.0,1.0,1.0,qokeechom
low_reliability_or_unlikely,conservative_morphology,eedals|NONE|EDOLX,R09,1,1,1,LOW_POWER_OR_UNSTABLE,1.0,1.0,1.0,cheedals
low_reliability_or_unlikely,conservative_morphology,eedal|y|EDOL,R00,1,1,1,LOW_POWER_OR_UNSTABLE,1.0,1.0,1.0,oeedaly
low_reliability_or_unlikely,conservative_morphology,eedyq|ol|EDYQ,R00,1,1,1,LOW_POWER_OR_UNSTABLE,1.0,1.0,1.0,okeedyqol
low_reliability_or_unlikely,conservative_morphology,eed|ar|ED,H08,1,1,1,LOW_POWER_OR_UNSTABLE,1.0,1.0,1.0,qokeedar
low_reliability_or_unlikely,conservative_morphology,eed|ey|ED,R00,1,1,1,LOW_POWER_OR_UNSTABLE,1.0,1.0,1.0,oeedey
low_reliability_or_unlikely,conservative_morphology,eeeb|NONE|EX,R00,1,1,1,LOW_POWER_OR_UNSTABLE,1.0,1.0,1.0,oleeeb
low_reliability_or_unlikely,conservative_morphology,eeedch|ey|EDB,R01,1,1,1,LOW_POWER_OR_UNSTABLE,1.0,1.0,1.0,oteeedchey
low_reliability_or_unlikely,conservative_morphology,eeed|NONE|ED,R00,1,1,1,LOW_POWER_OR_UNSTABLE,1.0,1.0,1.0,eeed
low_reliability_or_unlikely,conservative_morphology,eeed|ain|ED,R00,1,1,1,LOW_POWER_OR_UNSTABLE,1.0,1.0,1.0,oeeedain
low_reliability_or_unlikely,conservative_morphology,eeees|NONE|EX,R00,1,1,1,LOW_POWER_OR_UNSTABLE,1.0,1.0,1.0,oeeees
low_reliability_or_unlikely,conservative_morphology,eeeka|n|EGO,R00,1,1,1,LOW_POWER_OR_UNSTABLE,1.0,1.0,1.0,cheeekan
low_reliability_or_unlikely,conservative_morphology,eeeor|ain|EOL,R00,1,1,1,LOW_POWER_OR_UNSTABLE,1.0,1.0,1.0,cheeeorain
low_reliability_or_unlikely,conservative_morphology,eeeosk|ol|EOXG,R00,1,1,1,LOW_POWER_OR_UNSTABLE,1.0,1.0,1.0,deeeoskol
low_reliability_or_unlikely,conservative_morphology,eeeos|NONE|EOX,R00,1,1,1,LOW_POWER_OR_UNSTABLE,1.0,1.0,1.0,oeeeos
low_reliability_or_unlikely,conservative_morphology,eeesal|y|EXOL,R00,1,1,1,LOW_POWER_OR_UNSTABLE,1.0,1.0,1.0,eeesaly
low_reliability_or_unlikely,conservative_morphology,eeesar|y|EXOL,R00,1,1,1,LOW_POWER_OR_UNSTABLE,1.0,1.0,1.0,oeeesary
low_reliability_or_unlikely,conservative_morphology,eees|al|EX,R00,1,1,1,LOW_POWER_OR_UNSTABLE,1.0,1.0,1.0,eeesal
low_reliability_or_unlikely,conservative_morphology,eeet|y|EG,R00,1,1,1,LOW_POWER_OR_UNSTABLE,1.0,1.0,1.0,cheeety
low_reliability_or_unlikely,conservative_morphology,eef|y|EG,R06,1,1,1,LOW_POWER_OR_UNSTABLE,1.0,1.0,1.0,sheefy
low_reliability_or_unlikely,conservative_morphology,eek|NONE|EG,R06,1,1,1,LOW_POWER_OR_UNSTABLE,1.0,1.0,1.0,sheek
low_reliability_or_unlikely,conservative_morphology,eel|y|EL,R00,1,1,1,LOW_POWER_OR_UNSTABLE,1.0,1.0,1.0,okeely
low_reliability_or_unlikely,conservative_morphology,eeocth|y|EOXGX,R00,1,1,1,LOW_POWER_OR_UNSTABLE,1.0,1.0,1.0,okeeocthy
low_reliability_or_unlikely,conservative_morphology,eeoda|m|EODO,R00,1,1,1,LOW_POWER_OR_UNSTABLE,1.0,1.0,1.0,cheeodam
low_reliability_or_unlikely,conservative_morphology,eeod|ain|EOD,R00,1,1,1,LOW_POWER_OR_UNSTABLE,1.0,1.0,1.0,sheeodain
low_reliability_or_unlikely,conservative_morphology,eeod|al|EOD,R00,1,1,1,LOW_POWER_OR_UNSTABLE,1.0,1.0,1.0,okeeodal
low_reliability_or_unlikely,conservative_morphology,eeok|aiin|EOG,R10,1,1,1,LOW_POWER_OR_UNSTABLE,1.0,1.0,1.0,okeeokaiin
low_reliability_or_unlikely,conservative_morphology,eeoldai|r|EOLDOE,R00,1,1,1,LOW_POWER_OR_UNSTABLE,1.0,1.0,1.0,cheeoldair
low_reliability_or_unlikely,conservative_morphology,eeolk|eey|EOLG,R00,1,1,1,LOW_POWER_OR_UNSTABLE,1.0,1.0,1.0,okeeolkeey
low_reliability_or_unlikely,conservative_morphology,eeol|dy|EOL,R00,1,1,1,LOW_POWER_OR_UNSTABLE,1.0,1.0,1.0,sheeoldy
low_reliability_or_unlikely,conservative_morphology,eeor|aiin|EOL,R00,1,1,1,LOW_POWER_OR_UNSTABLE,1.0,1.0,1.0,okeeoraiin
low_reliability_or_unlikely,conservative_morphology,eeosoi|iin|EOXOE,H13,1,1,1,LOW_POWER_OR_UNSTABLE,1.0,1.0,1.0,qoteeosoiiin
low_reliability_or_unlikely,conservative_morphology,eeot|y|EOG,R00,1,1,1,LOW_POWER_OR_UNSTABLE,1.0,1.0,1.0,oeeoty
low_reliability_or_unlikely,conservative_morphology,eeo|m|EO,R00,1,1,1,LOW_POWER_OR_UNSTABLE,1.0,1.0,1.0,okeeom
low_reliability_or_unlikely,conservative_morphology,eepsh|ey|EGB,R00,1,1,1,LOW_POWER_OR_UNSTABLE,1.0,1.0,1.0,sheepshey
low_reliability_or_unlikely,conservative_morphology,eesod|ar|EXOD,R00,1,1,1,LOW_POWER_OR_UNSTABLE,1.0,1.0,1.0,okeesodar
low_reliability_or_unlikely,conservative_morphology,eeso|dy|EXO,R00,1,1,1,LOW_POWER_OR_UNSTABLE,1.0,1.0,1.0,oeesody
low_reliability_or_unlikely,conservative_morphology,eesy|dy|EXY,R00,1,1,1,LOW_POWER_OR_UNSTABLE,1.0,1.0,1.0,eesydy
low_reliability_or_unlikely,conservative_morphology,ees|aiin|EX,R00,1,1,1,LOW_POWER_OR_UNSTABLE,1.0,1.0,1.0,oeesaiin
low_reliability_or_unlikely,conservative_morphology,ees|y|EX,R00,1,1,1,LOW_POWER_OR_UNSTABLE,1.0,1.0,1.0,oeesy
low_reliability_or_unlikely,conservative_morphology,eet|eey|EG,R00,1,1,1,LOW_POWER_OR_UNSTABLE,1.0,1.0,1.0,cheeteey
low_reliability_or_unlikely,conservative_morphology,eeyld|aiin|EYLD,R01,1,1,1,LOW_POWER_OR_UNSTABLE,1.0,1.0,1.0,oteeyldaiin
low_reliability_or_unlikely,conservative_morphology,ee|r|E,R06,1,1,1,LOW_POWER_OR_UNSTABLE,1.0,1.0,1.0,sheer
low_reliability_or_unlikely,conservative_morphology,efch|dy|EGB,R00,1,1,1,LOW_POWER_OR_UNSTABLE,1.0,1.0,1.0,shefchdy
low_reliability_or_unlikely,conservative_morphology,ef|NONE|EG,R00,1,1,1,LOW_POWER_OR_UNSTABLE,1.0,1.0,1.0,chef
low_reliability_or_unlikely,conservative_morphology,ef|aiin|EG,R00,1,1,1,LOW_POWER_OR_UNSTABLE,1.0,1.0,1.0,chefaiin
low_reliability_or_unlikely,conservative_morphology,ef|ain|EG,R00,1,1,1,LOW_POWER_OR_UNSTABLE,1.0,1.0,1.0,chefain
low_reliability_or_unlikely,conservative_morphology,ef|y|EG,R00,1,1,1,LOW_POWER_OR_UNSTABLE,1.0,1.0,1.0,chefy
low_reliability_or_unlikely,conservative_morphology,eg|NONE|EX,H08,1,1,1,LOW_POWER_OR_UNSTABLE,1.0,1.0,1.0,qokeg
low_reliability_or_unlikely,conservative_morphology,ekai|m|EGOE,R00,1,1,1,LOW_POWER_OR_UNSTABLE,1.0,1.0,1.0,chekaim
low_reliability_or_unlikely,conservative_morphology,eka|m|EGO,R00,1,1,1,LOW_POWER_OR_UNSTABLE,1.0,1.0,1.0,chekam
low_reliability_or_unlikely,conservative_morphology,ekeal|y|EGEOL,R00,1,1,1,LOW_POWER_OR_UNSTABLE,1.0,1.0,1.0,shekealy
low_reliability_or_unlikely,conservative_morphology,ekeef|y|EGEG,R00,1,1,1,LOW_POWER_OR_UNSTABLE,1.0,1.0,1.0,shekeefy
low_reliability_or_unlikely,conservative_morphology,ekees|NONE|EGEX,R06,1,1,1,LOW_POWER_OR_UNSTABLE,1.0,1.0,1.0,yekees
low_reliability_or_unlikely,conservative_morphology,ekeys|NONE|EGEYX,R00,1,1,1,LOW_POWER_OR_UNSTABLE,1.0,1.0,1.0,chekeys
low_reliability_or_unlikely,conservative_morphology,eke|ol|EGE,H07,1,1,1,LOW_POWER_OR_UNSTABLE,1.0,1.0,1.0,qoekeol
low_reliability_or_unlikely,conservative_morphology,eksh|ol|EGB,R08,1,1,1,LOW_POWER_OR_UNSTABLE,1.0,1.0,1.0,shekshol
low_reliability_or_unlikely,conservative_morphology,ek|edy|EG,H21,1,1,1,LOW_POWER_OR_UNSTABLE,1.0,1.0,1.0,qoekedy
low_reliability_or_unlikely,conservative_morphology,ek|eey|EG,H07,1,1,1,LOW_POWER_OR_UNSTABLE,1.0,1.0,1.0,qoekeey
low_reliability_or_unlikely,conservative_morphology,ek|ol|EG,R06,1,1,1,LOW_POWER_OR_UNSTABLE,1.0,1.0,1.0,shekol
low_reliability_or_unlikely,conservative_morphology,ek|or|EG,R00,1,1,1,LOW_POWER_OR_UNSTABLE,1.0,1.0,1.0,olekor
low_reliability_or_unlikely,conservative_morphology,eoal|y|EOL,R00,1,1,1,LOW_POWER_OR_UNSTABLE,1.0,1.0,1.0,okeoaly
low_reliability_or_unlikely,conservative_morphology,eocth|edy|EOXGX,R04,1,1,1,LOW_POWER_OR_UNSTABLE,1.0,1.0,1.0,cheocthedy
low_reliability_or_unlikely,conservative_morphology,eodsho|NONE|EODBO,R00,1,1,1,LOW_POWER_OR_UNSTABLE,1.0,1.0,1.0,okeodsho
low_reliability_or_unlikely,conservative_morphology,eod|al|EOD,R09,1,1,1,LOW_POWER_OR_UNSTABLE,1.0,1.0,1.0,cheodal
low_reliability_or_unlikely,conservative_morphology,eod|ol|EOD,R00,1,1,1,LOW_POWER_OR_UNSTABLE,1.0,1.0,1.0,sheodol
low_reliability_or_unlikely,conservative_morphology,eod|or|EOD,R00,1,1,1,LOW_POWER_OR_UNSTABLE,1.0,1.0,1.0,okeodor
low_reliability_or_unlikely,conservative_morphology,eoek|y|EOEG,R00,1,1,1,LOW_POWER_OR_UNSTABLE,1.0,1.0,1.0,sheoeky
low_reliability_or_unlikely,conservative_morphology,eoep|y|EOEG,R00,1,1,1,LOW_POWER_OR_UNSTABLE,1.0,1.0,1.0,cheoepy
low_reliability_or_unlikely,conservative_morphology,eoe|eey|EOE,R00,1,1,1,LOW_POWER_OR_UNSTABLE,1.0,1.0,1.0,okeoeeey
low_reliability_or_unlikely,conservative_morphology,eog|NONE|EOX,H08,1,1,1,LOW_POWER_OR_UNSTABLE,1.0,1.0,1.0,qokeog
low_reliability_or_unlikely,conservative_morphology,eoka|m|EOGO,R00,1,1,1,LOW_POWER_OR_UNSTABLE,1.0,1.0,1.0,cheokam
low_reliability_or_unlikely,conservative_morphology,eok|aiin|EOG,R00,1,1,1,LOW_POWER_OR_UNSTABLE,1.0,1.0,1.0,cheokaiin
low_reliability_or_unlikely,conservative_morphology,eok|eedy|EOG,R00,1,1,1,LOW_POWER_OR_UNSTABLE,1.0,1.0,1.0,sheokeedy
low_reliability_or_unlikely,conservative_morphology,eok|ey|EOG,R00,1,1,1,LOW_POWER_OR_UNSTABLE,1.0,1.0,1.0,cheokey
low_reliability_or_unlikely,conservative_morphology,eok|or|EOG,R00,1,1,1,LOW_POWER_OR_UNSTABLE,1.0,1.0,1.0,cheokor
low_reliability_or_unlikely,conservative_morphology,eolai|r|EOLOE,R01,1,1,1,LOW_POWER_OR_UNSTABLE,1.0,1.0,1.0,oteolair
low_reliability_or_unlikely,conservative_morphology,eolchek|y|EOLBEG,R00,1,1,1,LOW_POWER_OR_UNSTABLE,1.0,1.0,1.0,sheolcheky
low_reliability_or_unlikely,conservative_morphology,eolch|al|EOLB,R00,1,1,1,LOW_POWER_OR_UNSTABLE,1.0,1.0,1.0,cheolchal
low_reliability_or_unlikely,conservative_morphology,eolda|m|EOLDO,R00,1,1,1,LOW_POWER_OR_UNSTABLE,1.0,1.0,1.0,sheoldam
low_reliability_or_unlikely,conservative_morphology,eolda|n|EOLDO,R00,1,1,1,LOW_POWER_OR_UNSTABLE,1.0,1.0,1.0,oeoldan
low_reliability_or_unlikely,conservative_morphology,eolke|al|EOLGE,R00,1,1,1,LOW_POWER_OR_UNSTABLE,1.0,1.0,1.0,sheolkeal
low_reliability_or_unlikely,conservative_morphology,eolk|aiin|EOLG,R00,1,1,1,LOW_POWER_OR_UNSTABLE,1.0,1.0,1.0,cheolkaiin
low_reliability_or_unlikely,conservative_morphology,eolk|eey|EOLG,R00,1,1,1,LOW_POWER_OR_UNSTABLE,1.0,1.0,1.0,cheolkeey
low_reliability_or_unlikely,conservative_morphology,eolo|NONE|EOLO,H08,1,1,1,LOW_POWER_OR_UNSTABLE,1.0,1.0,1.0,qokeolo
low_reliability_or_unlikely,conservative_morphology,eols|NONE|EOLX,R06,1,1,1,LOW_POWER_OR_UNSTABLE,1.0,1.0,1.0,sheols
low_reliability_or_unlikely,conservative_morphology,eolt|ey|EOLG,R00,1,1,1,LOW_POWER_OR_UNSTABLE,1.0,1.0,1.0,sheoltey
low_reliability_or_unlikely,conservative_morphology,eolyd|NONE|EOLYD,R00,1,1,1,LOW_POWER_OR_UNSTABLE,1.0,1.0,1.0,okeolyd
low_reliability_or_unlikely,conservative_morphology,eol|ol|EOL,R00,1,1,1,LOW_POWER_OR_UNSTABLE,1.0,1.0,1.0,sheolol
low_reliability_or_unlikely,conservative_morphology,eopch|ey|EOGB,R00,1,1,1,LOW_POWER_OR_UNSTABLE,1.0,1.0,1.0,sheopchey
low_reliability_or_unlikely,conservative_morphology,eop|aiin|EOG,R00,1,1,1,LOW_POWER_OR_UNSTABLE,1.0,1.0,1.0,cheopaiin
low_reliability_or_unlikely,conservative_morphology,eora|m|EOLO,R00,1,1,1,LOW_POWER_OR_UNSTABLE,1.0,1.0,1.0,okeoram
low_reliability_or_unlikely,conservative_morphology,eor|ar|EOL,R00,1,1,1,LOW_POWER_OR_UNSTABLE,1.0,1.0,1.0,okeorar
low_reliability_or_unlikely,conservative_morphology,eor|ol|EOL,R00,1,1,1,LOW_POWER_OR_UNSTABLE,1.0,1.0,1.0,cheorol
low_reliability_or_unlikely,conservative_morphology,eosa|m|EOXO,R00,1,1,1,LOW_POWER_OR_UNSTABLE,1.0,1.0,1.0,sheosam
low_reliability_or_unlikely,conservative_morphology,eos|dy|EOX,R00,1,1,1,LOW_POWER_OR_UNSTABLE,1.0,1.0,1.0,cheosdy
low_reliability_or_unlikely,conservative_morphology,eos|y|EOX,R00,1,1,1,LOW_POWER_OR_UNSTABLE,1.0,1.0,1.0,cheosy
low_reliability_or_unlikely,conservative_morphology,eotch|ey|EOGB,R00,1,1,1,LOW_POWER_OR_UNSTABLE,1.0,1.0,1.0,cheotchey
low_reliability_or_unlikely,conservative_morphology,eotch|y|EOGB,R00,1,1,1,LOW_POWER_OR_UNSTABLE,1.0,1.0,1.0,cheotchy
low_reliability_or_unlikely,conservative_morphology,eo|aiin|EO,R00,1,1,1,LOW_POWER_OR_UNSTABLE,1.0,1.0,1.0,cheoaiin
low_reliability_or_unlikely,conservative_morphology,eo|al|EO,R06,1,1,1,LOW_POWER_OR_UNSTABLE,1.0,1.0,1.0,sheoal
low_reliability_or_unlikely,conservative_morphology,eo|m|EO,H08,1,1,1,LOW_POWER_OR_UNSTABLE,1.0,1.0,1.0,qokeom
low_reliability_or_unlikely,conservative_morphology,epcha|m|EGBO,R00,1,1,1,LOW_POWER_OR_UNSTABLE,1.0,1.0,1.0,chepcham
low_reliability_or_unlikely,conservative_morphology,epchek|y|EGBEG,R00,1,1,1,LOW_POWER_OR_UNSTABLE,1.0,1.0,1.0,depcheky
low_reliability_or_unlikely,conservative_morphology,epchod|NONE|EGBOD,R00,1,1,1,LOW_POWER_OR_UNSTABLE,1.0,1.0,1.0,oepchod
low_reliability_or_unlikely,conservative_morphology,epch|edy|EGB,R00,1,1,1,LOW_POWER_OR_UNSTABLE,1.0,1.0,1.0,chepchedy
low_reliability_or_unlikely,conservative_morphology,epot|y|EGOG,R00,1,1,1,LOW_POWER_OR_UNSTABLE,1.0,1.0,1.0,chepoty
low_reliability_or_unlikely,conservative_morphology,ep|y|EG,R00,1,1,1,LOW_POWER_OR_UNSTABLE,1.0,1.0,1.0,chepy
low_reliability_or_unlikely,conservative_morphology,eshos|NONE|EBOX,R00,1,1,1,LOW_POWER_OR_UNSTABLE,1.0,1.0,1.0,okeshos
low_reliability_or_unlikely,conservative_morphology,esh|ey|EB,H08,1,1,1,LOW_POWER_OR_UNSTABLE,1.0,1.0,1.0,qokeshey
low_reliability_or_unlikely,conservative_morphology,esh|y|EB,R00,1,1,1,LOW_POWER_OR_UNSTABLE,1.0,1.0,1.0,okeshy
low_reliability_or_unlikely,conservative_morphology,es|dy|EX,H11,1,1,1,LOW_POWER_OR_UNSTABLE,1.0,1.0,1.0,qokesdy
low_reliability_or_unlikely,conservative_morphology,es|ey|EX,R06,1,1,1,LOW_POWER_OR_UNSTABLE,1.0,1.0,1.0,desey
low_reliability_or_unlikely,conservative_morphology,etalchg|NONE|EGOLBX,R00,1,1,1,LOW_POWER_OR_UNSTABLE,1.0,1.0,1.0,oetalchg
low_reliability_or_unlikely,conservative_morphology,etalsh|y|EGOLB,R00,1,1,1,LOW_POWER_OR_UNSTABLE,1.0,1.0,1.0,chetalshy
low_reliability_or_unlikely,conservative_morphology,etcheodchs|NONE|EGBEODBX,R00,1,1,1,LOW_POWER_OR_UNSTABLE,1.0,1.0,1.0,shetcheodchs
low_reliability_or_unlikely,conservative_morphology,etch|aiin|EGB,R00,1,1,1,LOW_POWER_OR_UNSTABLE,1.0,1.0,1.0,chetchaiin
low_reliability_or_unlikely,conservative_morphology,ete|ar|EGE,R00,1,1,1,LOW_POWER_OR_UNSTABLE,1.0,1.0,1.0,oetear
low_reliability_or_unlikely,conservative_morphology,etyr|y|EGYL,R00,1,1,1,LOW_POWER_OR_UNSTABLE,1.0,1.0,1.0,chetyry
low_reliability_or_unlikely,conservative_morphology,et|NONE|EG,R06,1,1,1,LOW_POWER_OR_UNSTABLE,1.0,1.0,1.0,shet
low_reliability_or_unlikely,conservative_morphology,et|ey|EG,R00,1,1,1,LOW_POWER_OR_UNSTABLE,1.0,1.0,1.0,chetey
low_reliability_or_unlikely,conservative_morphology,eyche|ar|EYBE,R00,1,1,1,LOW_POWER_OR_UNSTABLE,1.0,1.0,1.0,cheychear
low_reliability_or_unlikely,conservative_morphology,eykech|ey|EYGEB,R00,1,1,1,LOW_POWER_OR_UNSTABLE,1.0,1.0,1.0,cheykechey
low_reliability_or_unlikely,conservative_morphology,eyk|ain|EYG,R00,1,1,1,LOW_POWER_OR_UNSTABLE,1.0,1.0,1.0,sheykain
low_reliability_or_unlikely,conservative_morphology,eyk|edy|EYG,R00,1,1,1,LOW_POWER_OR_UNSTABLE,1.0,1.0,1.0,cheykedy
low_reliability_or_unlikely,conservative_morphology,eys|NONE|EYX,R00,1,1,1,LOW_POWER_OR_UNSTABLE,1.0,1.0,1.0,cheys
low_reliability_or_unlikely,conservative_morphology,eyta|m|EYGO,R00,1,1,1,LOW_POWER_OR_UNSTABLE,1.0,1.0,1.0,okeytam
low_reliability_or_unlikely,conservative_morphology,eyt|eedy|EYG,R00,1,1,1,LOW_POWER_OR_UNSTABLE,1.0,1.0,1.0,sheyteedy
low_reliability_or_unlikely,conservative_morphology,ey|dy|EY,R00,1,1,1,LOW_POWER_OR_UNSTABLE,1.0,1.0,1.0,cheydy
low_reliability_or_unlikely,conservative_morphology,e|r|E,R00,1,1,1,LOW_POWER_OR_UNSTABLE,1.0,1.0,1.0,cher
low_reliability_or_unlikely,conservative_morphology,faiino|NONE|GOILO,R00,1,1,1,LOW_POWER_OR_UNSTABLE,1.0,1.0,1.0,ofaiino
low_reliability_or_unlikely,conservative_morphology,faiin|y|GOIL,R00,1,1,1,LOW_POWER_OR_UNSTABLE,1.0,1.0,1.0,yfaiiny
low_reliability_or_unlikely,conservative_morphology,faim|y|GOEL,R06,1,1,1,LOW_POWER_OR_UNSTABLE,1.0,1.0,1.0,faimy
low_reliability_or_unlikely,conservative_morphology,fain|ain|GOEL,R00,1,1,1,LOW_POWER_OR_UNSTABLE,1.0,1.0,1.0,ofainain
low_reliability_or_unlikely,conservative_morphology,fai|r|GOE,R00,1,1,1,LOW_POWER_OR_UNSTABLE,1.0,1.0,1.0,ofair
low_reliability_or_unlikely,conservative_morphology,fak|al|GOG,R00,1,1,1,LOW_POWER_OR_UNSTABLE,1.0,1.0,1.0,ofakal
low_reliability_or_unlikely,conservative_morphology,falals|NONE|GOLOLX,R00,1,1,1,LOW_POWER_OR_UNSTABLE,1.0,1.0,1.0,ofalals
low_reliability_or_unlikely,conservative_morphology,faldo|NONE|GOLDO,R00,1,1,1,LOW_POWER_OR_UNSTABLE,1.0,1.0,1.0,ofaldo
low_reliability_or_unlikely,conservative_morphology,fals|NONE|GOLX,R00,1,1,1,LOW_POWER_OR_UNSTABLE,1.0,1.0,1.0,ofals
low_reliability_or_unlikely,conservative_morphology,fal|y|GOL,R00,1,1,1,LOW_POWER_OR_UNSTABLE,1.0,1.0,1.0,chfaly
low_reliability_or_unlikely,conservative_morphology,faral|ar|GOLOL,R00,1,1,1,LOW_POWER_OR_UNSTABLE,1.0,1.0,1.0,ofaralar
low_reliability_or_unlikely,conservative_morphology,far|aiin|GOL,R00,1,1,1,LOW_POWER_OR_UNSTABLE,1.0,1.0,1.0,ofaraiin
low_reliability_or_unlikely,conservative_morphology,far|dy|GOL,R00,1,1,1,LOW_POWER_OR_UNSTABLE,1.0,1.0,1.0,ofardy
low_reliability_or_unlikely,conservative_morphology,fchdysd|NONE|GBDYXD,R00,1,1,1,LOW_POWER_OR_UNSTABLE,1.0,1.0,1.0,ofchdysd
low_reliability_or_unlikely,conservative_morphology,fchd|ar|GBD,R00,1,1,1,LOW_POWER_OR_UNSTABLE,1.0,1.0,1.0,ofchdar
low_reliability_or_unlikely,conservative_morphology,fchea|y|GBEO,R00,1,1,1,LOW_POWER_OR_UNSTABLE,1.0,1.0,1.0,ofcheay
low_reliability_or_unlikely,conservative_morphology,fched|aiin|GBED,R00,1,1,1,LOW_POWER_OR_UNSTABLE,1.0,1.0,1.0,ofchedaiin
low_reliability_or_unlikely,conservative_morphology,fched|ey|GBED,R00,1,1,1,LOW_POWER_OR_UNSTABLE,1.0,1.0,1.0,fchedey
low_reliability_or_unlikely,conservative_morphology,fchees|y|GBEX,R00,1,1,1,LOW_POWER_OR_UNSTABLE,1.0,1.0,1.0,ofcheesy
low_reliability_or_unlikely,conservative_morphology,fcheodl|y|GBEODL,R00,1,1,1,LOW_POWER_OR_UNSTABLE,1.0,1.0,1.0,yfcheodly
low_reliability_or_unlikely,conservative_morphology,fcheo|dy|GBEO,R00,1,1,1,LOW_POWER_OR_UNSTABLE,1.0,1.0,1.0,ofcheody
low_reliability_or_unlikely,conservative_morphology,fche|or|GBE,R00,1,1,1,LOW_POWER_OR_UNSTABLE,1.0,1.0,1.0,ofcheor
low_reliability_or_unlikely,conservative_morphology,fchod|aiin|GBOD,R10,1,1,1,LOW_POWER_OR_UNSTABLE,1.0,1.0,1.0,fchodaiin
low_reliability_or_unlikely,conservative_morphology,fcho|NONE|GBO,R06,1,1,1,LOW_POWER_OR_UNSTABLE,1.0,1.0,1.0,fcho
low_reliability_or_unlikely,conservative_morphology,fch|ar|GB,R00,1,1,1,LOW_POWER_OR_UNSTABLE,1.0,1.0,1.0,ofchar
low_reliability_or_unlikely,conservative_morphology,fch|dy|GB,R00,1,1,1,LOW_POWER_OR_UNSTABLE,1.0,1.0,1.0,ofchdy
low_reliability_or_unlikely,conservative_morphology,fch|eey|GB,R06,1,1,1,LOW_POWER_OR_UNSTABLE,1.0,1.0,1.0,fcheey
low_reliability_or_unlikely,conservative_morphology,fch|y|GB,R00,1,1,1,LOW_POWER_OR_UNSTABLE,1.0,1.0,1.0,ofchy
low_reliability_or_unlikely,conservative_morphology,fdeech|dy|GDEB,R00,1,1,1,LOW_POWER_OR_UNSTABLE,1.0,1.0,1.0,fdeechdy
low_reliability_or_unlikely,conservative_morphology,fsheor|al|GBEOL,R00,1,1,1,LOW_POWER_OR_UNSTABLE,1.0,1.0,1.0,olfsheoral
low_reliability_or_unlikely,conservative_morphology,fsh|or|GB,R06,1,1,1,LOW_POWER_OR_UNSTABLE,1.0,1.0,1.0,fshor
low_reliability_or_unlikely,conservative_morphology,fyd|aiin|GYD,R10,1,1,1,LOW_POWER_OR_UNSTABLE,1.0,1.0,1.0,shfydaiin
low_reliability_or_unlikely,conservative_morphology,fyskyd|al|GYXGYD,R09,1,1,1,LOW_POWER_OR_UNSTABLE,1.0,1.0,1.0,ofyskydal
low_reliability_or_unlikely,conservative_morphology,fy|dy|GY,R00,1,1,1,LOW_POWER_OR_UNSTABLE,1.0,1.0,1.0,ofydy
low_reliability_or_unlikely,conservative_morphology,f|aiin|G,R00,1,1,1,LOW_POWER_OR_UNSTABLE,1.0,1.0,1.0,ofaiin
low_reliability_or_unlikely,conservative_morphology,f|ain|G,R06,1,1,1,LOW_POWER_OR_UNSTABLE,1.0,1.0,1.0,yfain
low_reliability_or_unlikely,conservative_morphology,hs|NONE|X,R06,1,1,1,LOW_POWER_OR_UNSTABLE,1.0,1.0,1.0,shs
low_reliability_or_unlikely,conservative_morphology,h|al|X,R06,1,1,1,LOW_POWER_OR_UNSTABLE,1.0,1.0,1.0,yhal
low_reliability_or_unlikely,conservative_morphology,iin|al|IL,R00,1,1,1,LOW_POWER_OR_UNSTABLE,1.0,1.0,1.0,iinal
low_reliability_or_unlikely,conservative_morphology,iin|ar|IL,R00,1,1,1,LOW_POWER_OR_UNSTABLE,1.0,1.0,1.0,oiinar
low_reliability_or_unlikely,conservative_morphology,iin|y|IL,R00,1,1,1,LOW_POWER_OR_UNSTABLE,1.0,1.0,1.0,oiiny
low_reliability_or_unlikely,conservative_morphology,in|dy|EL,R06,1,1,1,LOW_POWER_OR_UNSTABLE,1.0,1.0,1.0,dindy
low_reliability_or_unlikely,conservative_morphology,ios|NONE|EOX,R00,1,1,1,LOW_POWER_OR_UNSTABLE,1.0,1.0,1.0,ios
low_reliability_or_unlikely,conservative_morphology,io|NONE|EO,R00,1,1,1,LOW_POWER_OR_UNSTABLE,1.0,1.0,1.0,okio
low_reliability_or_unlikely,conservative_morphology,i|n|E,R00,1,1,1,LOW_POWER_OR_UNSTABLE,1.0,1.0,1.0,in
low_reliability_or_unlikely,conservative_morphology,i|r|E,H13,1,1,1,LOW_POWER_OR_UNSTABLE,1.0,1.0,1.0,qotir
low_reliability_or_unlikely,conservative_morphology,kaiilg|NONE|GOILX,R00,1,1,1,LOW_POWER_OR_UNSTABLE,1.0,1.0,1.0,ykaiilg
low_reliability_or_unlikely,conservative_morphology,kaiiod|ar|GOIOD,R00,1,1,1,LOW_POWER_OR_UNSTABLE,1.0,1.0,1.0,skaiiodar
low_reliability_or_unlikely,conservative_morphology,kaii|r|GOI,R06,1,1,1,LOW_POWER_OR_UNSTABLE,1.0,1.0,1.0,ykaiir
low_reliability_or_unlikely,conservative_morphology,kaira|m|GOELO,R06,1,1,1,LOW_POWER_OR_UNSTABLE,1.0,1.0,1.0,kairam
low_reliability_or_unlikely,conservative_morphology,kaldai|m|GOLDOE,R00,1,1,1,LOW_POWER_OR_UNSTABLE,1.0,1.0,1.0,kaldaim
low_reliability_or_unlikely,conservative_morphology,kald|aiin|GOLD,R00,1,1,1,LOW_POWER_OR_UNSTABLE,1.0,1.0,1.0,kaldaiin
low_reliability_or_unlikely,conservative_morphology,kalk|al|GOLG,R00,1,1,1,LOW_POWER_OR_UNSTABLE,1.0,1.0,1.0,ykalkal
low_reliability_or_unlikely,conservative_morphology,kal|aiin|GOL,R00,1,1,1,LOW_POWER_OR_UNSTABLE,1.0,1.0,1.0,olkalaiin
low_reliability_or_unlikely,conservative_morphology,kao|NONE|GO,R00,1,1,1,LOW_POWER_OR_UNSTABLE,1.0,1.0,1.0,olkao
low_reliability_or_unlikely,conservative_morphology,karala|m|GOLOLO,R00,1,1,1,LOW_POWER_OR_UNSTABLE,1.0,1.0,1.0,ykaralam
low_reliability_or_unlikely,conservative_morphology,kar|aiin|GOL,R00,1,1,1,LOW_POWER_OR_UNSTABLE,1.0,1.0,1.0,ykaraiin
low_reliability_or_unlikely,conservative_morphology,kaycth|y|GOYXGX,R00,1,1,1,LOW_POWER_OR_UNSTABLE,1.0,1.0,1.0,olkaycthy
low_reliability_or_unlikely,conservative_morphology,ka|n|GO,R06,1,1,1,LOW_POWER_OR_UNSTABLE,1.0,1.0,1.0,kan
low_reliability_or_unlikely,conservative_morphology,kchd|al|GBD,R06,1,1,1,LOW_POWER_OR_UNSTABLE,1.0,1.0,1.0,kchdal
low_reliability_or_unlikely,conservative_morphology,kcheek|y|GBEG,R00,1,1,1,LOW_POWER_OR_UNSTABLE,1.0,1.0,1.0,kcheeky
low_reliability_or_unlikely,conservative_morphology,kchek|ain|GBEG,R00,1,1,1,LOW_POWER_OR_UNSTABLE,1.0,1.0,1.0,kchekain
low_reliability_or_unlikely,conservative_morphology,kcheo|NONE|GBEO,R06,1,1,1,LOW_POWER_OR_UNSTABLE,1.0,1.0,1.0,kcheo
low_reliability_or_unlikely,conservative_morphology,kcheo|ey|GBEO,R00,1,1,1,LOW_POWER_OR_UNSTABLE,1.0,1.0,1.0,kcheoey
low_reliability_or_unlikely,conservative_morphology,kche|or|GBE,R00,1,1,1,LOW_POWER_OR_UNSTABLE,1.0,1.0,1.0,ykcheor
low_reliability_or_unlikely,conservative_morphology,kchoch|aiin|GBOB,R00,1,1,1,LOW_POWER_OR_UNSTABLE,1.0,1.0,1.0,kchochaiin
low_reliability_or_unlikely,conservative_morphology,kchoch|dy|GBOB,R00,1,1,1,LOW_POWER_OR_UNSTABLE,1.0,1.0,1.0,ykchochdy
low_reliability_or_unlikely,conservative_morphology,kchoda|n|GBODO,R00,1,1,1,LOW_POWER_OR_UNSTABLE,1.0,1.0,1.0,kchodan
low_reliability_or_unlikely,conservative_morphology,kchody|al|GBODY,R00,1,1,1,LOW_POWER_OR_UNSTABLE,1.0,1.0,1.0,shkchodyal
low_reliability_or_unlikely,conservative_morphology,kchokeo|NONE|GBOGEO,R00,1,1,1,LOW_POWER_OR_UNSTABLE,1.0,1.0,1.0,ykchokeo
low_reliability_or_unlikely,conservative_morphology,kcholchd|ar|GBOLBD,R00,1,1,1,LOW_POWER_OR_UNSTABLE,1.0,1.0,1.0,kcholchdar
low_reliability_or_unlikely,conservative_morphology,kcholqod|NONE|GBOLQOD,R07,1,1,1,LOW_POWER_OR_UNSTABLE,1.0,1.0,1.0,ykcholqod
low_reliability_or_unlikely,conservative_morphology,kchol|y|GBOL,R06,1,1,1,LOW_POWER_OR_UNSTABLE,1.0,1.0,1.0,kcholy
low_reliability_or_unlikely,conservative_morphology,kchor|y|GBOL,R00,1,1,1,LOW_POWER_OR_UNSTABLE,1.0,1.0,1.0,chkchory
low_reliability_or_unlikely,conservative_morphology,kcho|dy|GBO,R00,1,1,1,LOW_POWER_OR_UNSTABLE,1.0,1.0,1.0,ykchody
low_reliability_or_unlikely,conservative_morphology,kcho|y|GBO,R06,1,1,1,LOW_POWER_OR_UNSTABLE,1.0,1.0,1.0,kchoy
low_reliability_or_unlikely,conservative_morphology,kchs|NONE|GBX,R00,1,1,1,LOW_POWER_OR_UNSTABLE,1.0,1.0,1.0,olkchs
low_reliability_or_unlikely,conservative_morphology,kchykol|y|GBYGOL,R00,1,1,1,LOW_POWER_OR_UNSTABLE,1.0,1.0,1.0,chkchykoly
low_reliability_or_unlikely,conservative_morphology,kchys|NONE|GBYX,R06,1,1,1,LOW_POWER_OR_UNSTABLE,1.0,1.0,1.0,ykchys
low_reliability_or_unlikely,conservative_morphology,kchyt|y|GBYG,R06,1,1,1,LOW_POWER_OR_UNSTABLE,1.0,1.0,1.0,kchyty
low_reliability_or_unlikely,conservative_morphology,kchy|dy|GBY,R06,1,1,1,LOW_POWER_OR_UNSTABLE,1.0,1.0,1.0,kchydy
low_reliability_or_unlikely,conservative_morphology,kch|ar|GB,R06,1,1,1,LOW_POWER_OR_UNSTABLE,1.0,1.0,1.0,kchar
low_reliability_or_unlikely,conservative_morphology,kch|eedy|GB,R00,1,1,1,LOW_POWER_OR_UNSTABLE,1.0,1.0,1.0,kcheedy
low_reliability_or_unlikely,conservative_morphology,kecho|NONE|GEBO,R06,1,1,1,LOW_POWER_OR_UNSTABLE,1.0,1.0,1.0,ykecho
low_reliability_or_unlikely,conservative_morphology,kech|dy|GEB,R06,1,1,1,LOW_POWER_OR_UNSTABLE,1.0,1.0,1.0,kechdy
low_reliability_or_unlikely,conservative_morphology,kech|ey|GEB,R00,1,1,1,LOW_POWER_OR_UNSTABLE,1.0,1.0,1.0,ykechey
low_reliability_or_unlikely,conservative_morphology,kedarx|y|GEDOLX,R00,1,1,1,LOW_POWER_OR_UNSTABLE,1.0,1.0,1.0,kedarxy
low_reliability_or_unlikely,conservative_morphology,ked|al|GED,R06,1,1,1,LOW_POWER_OR_UNSTABLE,1.0,1.0,1.0,kedal
low_reliability_or_unlikely,conservative_morphology,keeb|NONE|GEX,R06,1,1,1,LOW_POWER_OR_UNSTABLE,1.0,1.0,1.0,ykeeb
low_reliability_or_unlikely,conservative_morphology,keech|dy|GEB,R00,1,1,1,LOW_POWER_OR_UNSTABLE,1.0,1.0,1.0,olkeechdy
low_reliability_or_unlikely,conservative_morphology,keech|ey|GEB,R00,1,1,1,LOW_POWER_OR_UNSTABLE,1.0,1.0,1.0,keechey
low_reliability_or_unlikely,conservative_morphology,keeda|n|GEDO,R00,1,1,1,LOW_POWER_OR_UNSTABLE,1.0,1.0,1.0,ykeedan
low_reliability_or_unlikely,conservative_morphology,keed|aiin|GED,R10,1,1,1,LOW_POWER_OR_UNSTABLE,1.0,1.0,1.0,ykeedaiin
low_reliability_or_unlikely,conservative_morphology,keed|al|GED,R00,1,1,1,LOW_POWER_OR_UNSTABLE,1.0,1.0,1.0,olkeedal
low_reliability_or_unlikely,conservative_morphology,keed|or|GED,R06,1,1,1,LOW_POWER_OR_UNSTABLE,1.0,1.0,1.0,keedor
low_reliability_or_unlikely,conservative_morphology,keeep|ol|GEG,R00,1,1,1,LOW_POWER_OR_UNSTABLE,1.0,1.0,1.0,ykeeepol
low_reliability_or_unlikely,conservative_morphology,keeoch|y|GEOB,R00,1,1,1,LOW_POWER_OR_UNSTABLE,1.0,1.0,1.0,keeochy
low_reliability_or_unlikely,conservative_morphology,keeoldarcho|dy|GEOLDOLBO,R00,1,1,1,LOW_POWER_OR_UNSTABLE,1.0,1.0,1.0,ykeeoldarchody
low_reliability_or_unlikely,conservative_morphology,keeolkeeo|NONE|GEOLGEO,R00,1,1,1,LOW_POWER_OR_UNSTABLE,1.0,1.0,1.0,olkeeolkeeo
low_reliability_or_unlikely,conservative_morphology,keeol|y|GEOL,R00,1,1,1,LOW_POWER_OR_UNSTABLE,1.0,1.0,1.0,olkeeoly
low_reliability_or_unlikely,conservative_morphology,keeor|y|GEOL,R00,1,1,1,LOW_POWER_OR_UNSTABLE,1.0,1.0,1.0,ykeeory
low_reliability_or_unlikely,conservative_morphology,keesho|dy|GEBO,R00,1,1,1,LOW_POWER_OR_UNSTABLE,1.0,1.0,1.0,keeshody
low_reliability_or_unlikely,conservative_morphology,kee|al|GE,R06,1,1,1,LOW_POWER_OR_UNSTABLE,1.0,1.0,1.0,skeeal
low_reliability_or_unlikely,conservative_morphology,keockh|ey|GEOXGX,R00,1,1,1,LOW_POWER_OR_UNSTABLE,1.0,1.0,1.0,ykeockhey
low_reliability_or_unlikely,conservative_morphology,keocth|y|GEOXGX,R00,1,1,1,LOW_POWER_OR_UNSTABLE,1.0,1.0,1.0,keocthy
low_reliability_or_unlikely,conservative_morphology,keod|ar|GEOD,R00,1,1,1,LOW_POWER_OR_UNSTABLE,1.0,1.0,1.0,ykeodar
low_reliability_or_unlikely,conservative_morphology,keor|aiiin|GEOL,R00,1,1,1,LOW_POWER_OR_UNSTABLE,1.0,1.0,1.0,keoraiiin
low_reliability_or_unlikely,conservative_morphology,keosh|e|GEOB,R00,1,1,1,LOW_POWER_OR_UNSTABLE,1.0,1.0,1.0,ykeoshe
low_reliability_or_unlikely,conservative_morphology,keos|NONE|GEOX,R06,1,1,1,LOW_POWER_OR_UNSTABLE,1.0,1.0,1.0,ykeos
low_reliability_or_unlikely,conservative_morphology,keo|NONE|GEO,R06,1,1,1,LOW_POWER_OR_UNSTABLE,1.0,1.0,1.0,ykeo
low_reliability_or_unlikely,conservative_morphology,key|dy|GEY,R00,1,1,1,LOW_POWER_OR_UNSTABLE,1.0,1.0,1.0,ykeydy
low_reliability_or_unlikely,conservative_morphology,ke|aiin|GE,R06,1,1,1,LOW_POWER_OR_UNSTABLE,1.0,1.0,1.0,keaiin
low_reliability_or_unlikely,conservative_morphology,ke|al|GE,R06,1,1,1,LOW_POWER_OR_UNSTABLE,1.0,1.0,1.0,ykeal
low_reliability_or_unlikely,conservative_morphology,ke|ee|GE,R06,1,1,1,LOW_POWER_OR_UNSTABLE,1.0,1.0,1.0,ykeee
low_reliability_or_unlikely,conservative_morphology,kocfh|y|GOXGX,R00,1,1,1,LOW_POWER_OR_UNSTABLE,1.0,1.0,1.0,ykocfhy
low_reliability_or_unlikely,conservative_morphology,kochar|dy|GOBOL,R00,1,1,1,LOW_POWER_OR_UNSTABLE,1.0,1.0,1.0,kochardy
low_reliability_or_unlikely,conservative_morphology,koche|or|GOBE,R00,1,1,1,LOW_POWER_OR_UNSTABLE,1.0,1.0,1.0,kocheor
low_reliability_or_unlikely,conservative_morphology,koch|or|GOB,R06,1,1,1,LOW_POWER_OR_UNSTABLE,1.0,1.0,1.0,kochor
low_reliability_or_unlikely,conservative_morphology,kodar|y|GODOL,R06,1,1,1,LOW_POWER_OR_UNSTABLE,1.0,1.0,1.0,kodary
low_reliability_or_unlikely,conservative_morphology,kod|NONE|GOD,R06,1,1,1,LOW_POWER_OR_UNSTABLE,1.0,1.0,1.0,kod
low_reliability_or_unlikely,conservative_morphology,koeeor|ain|GOEOL,R00,1,1,1,LOW_POWER_OR_UNSTABLE,1.0,1.0,1.0,koeeorain
low_reliability_or_unlikely,conservative_morphology,kok|aiin|GOG,R00,1,1,1,LOW_POWER_OR_UNSTABLE,1.0,1.0,1.0,kokaiin
low_reliability_or_unlikely,conservative_morphology,kolair|ol|GOLOEL,R00,1,1,1,LOW_POWER_OR_UNSTABLE,1.0,1.0,1.0,ykolairol
low_reliability_or_unlikely,conservative_morphology,koldarod|NONE|GOLDOLOD,R00,1,1,1,LOW_POWER_OR_UNSTABLE,1.0,1.0,1.0,koldarod
low_reliability_or_unlikely,conservative_morphology,koleear|ol|GOLEOL,R00,1,1,1,LOW_POWER_OR_UNSTABLE,1.0,1.0,1.0,koleearol
low_reliability_or_unlikely,conservative_morphology,kolfch|dy|GOLGB,R00,1,1,1,LOW_POWER_OR_UNSTABLE,1.0,1.0,1.0,kolfchdy
low_reliability_or_unlikely,conservative_morphology,kolk|edy|GOLG,R00,1,1,1,LOW_POWER_OR_UNSTABLE,1.0,1.0,1.0,kolkedy
low_reliability_or_unlikely,conservative_morphology,kolp|y|GOLG,R06,1,1,1,LOW_POWER_OR_UNSTABLE,1.0,1.0,1.0,kolpy
low_reliability_or_unlikely,conservative_morphology,kolshd|NONE|GOLBD,R06,1,1,1,LOW_POWER_OR_UNSTABLE,1.0,1.0,1.0,kolshd
low_reliability_or_unlikely,conservative_morphology,kolyk|y|GOLYG,R06,1,1,1,LOW_POWER_OR_UNSTABLE,1.0,1.0,1.0,kolyky
low_reliability_or_unlikely,conservative_morphology,kol|aiin|GOL,R00,1,1,1,LOW_POWER_OR_UNSTABLE,1.0,1.0,1.0,ykolaiin
low_reliability_or_unlikely,conservative_morphology,kol|y|GOL,R06,1,1,1,LOW_POWER_OR_UNSTABLE,1.0,1.0,1.0,ykoly
low_reliability_or_unlikely,conservative_morphology,korain|y|GOLOEL,R00,1,1,1,LOW_POWER_OR_UNSTABLE,1.0,1.0,1.0,korainy
low_reliability_or_unlikely,conservative_morphology,korch|y|GOLB,R06,1,1,1,LOW_POWER_OR_UNSTABLE,1.0,1.0,1.0,korchy
low_reliability_or_unlikely,conservative_morphology,korsh|ey|GOLB,R00,1,1,1,LOW_POWER_OR_UNSTABLE,1.0,1.0,1.0,korshey
low_reliability_or_unlikely,conservative_morphology,kotcho|dy|GOGBO,R00,1,1,1,LOW_POWER_OR_UNSTABLE,1.0,1.0,1.0,kotchody
low_reliability_or_unlikely,conservative_morphology,kshd|NONE|GBD,R06,1,1,1,LOW_POWER_OR_UNSTABLE,1.0,1.0,1.0,kshd
low_reliability_or_unlikely,conservative_morphology,ksheod|l|GBEOD,R00,1,1,1,LOW_POWER_OR_UNSTABLE,1.0,1.0,1.0,ksheodl
low_reliability_or_unlikely,conservative_morphology,ksheo|NONE|GBEO,R06,1,1,1,LOW_POWER_OR_UNSTABLE,1.0,1.0,1.0,ksheo
low_reliability_or_unlikely,conservative_morphology,ksheo|dy|GBEO,R00,1,1,1,LOW_POWER_OR_UNSTABLE,1.0,1.0,1.0,ksheody
low_reliability_or_unlikely,conservative_morphology,kshe|ol|GBE,R06,1,1,1,LOW_POWER_OR_UNSTABLE,1.0,1.0,1.0,ksheol
low_reliability_or_unlikely,conservative_morphology,kshe|or|GBE,R00,1,1,1,LOW_POWER_OR_UNSTABLE,1.0,1.0,1.0,yksheor
low_reliability_or_unlikely,conservative_morphology,ksho|NONE|GBO,R06,1,1,1,LOW_POWER_OR_UNSTABLE,1.0,1.0,1.0,ksho
low_reliability_or_unlikely,conservative_morphology,ksh|dy|GB,R00,1,1,1,LOW_POWER_OR_UNSTABLE,1.0,1.0,1.0,olkshdy
low_reliability_or_unlikely,conservative_morphology,ksh|eey|GB,R00,1,1,1,LOW_POWER_OR_UNSTABLE,1.0,1.0,1.0,dksheey
low_reliability_or_unlikely,conservative_morphology,kyd|NONE|GYD,R06,1,1,1,LOW_POWER_OR_UNSTABLE,1.0,1.0,1.0,ykyd
low_reliability_or_unlikely,conservative_morphology,k|r|G,R00,1,1,1,LOW_POWER_OR_UNSTABLE,1.0,1.0,1.0,okr
low_reliability_or_unlikely,conservative_morphology,laiin|y|LOIL,R00,1,1,1,LOW_POWER_OR_UNSTABLE,1.0,1.0,1.0,ylaiiny
low_reliability_or_unlikely,conservative_morphology,lair|dy|LOEL,R00,1,1,1,LOW_POWER_OR_UNSTABLE,1.0,1.0,1.0,oklairdy
low_reliability_or_unlikely,conservative_morphology,lal|y|LOL,R00,1,1,1,LOW_POWER_OR_UNSTABLE,1.0,1.0,1.0,laly
low_reliability_or_unlikely,conservative_morphology,lashalg|NONE|LOBOLX,R00,1,1,1,LOW_POWER_OR_UNSTABLE,1.0,1.0,1.0,lashalg
low_reliability_or_unlikely,conservative_morphology,lchea|m|LBEO,R00,1,1,1,LOW_POWER_OR_UNSTABLE,1.0,1.0,1.0,lcheam
low_reliability_or_unlikely,conservative_morphology,lcheckh|y|LBEXGX,R00,1,1,1,LOW_POWER_OR_UNSTABLE,1.0,1.0,1.0,lcheckhy
low_reliability_or_unlikely,conservative_morphology,lchedo|NONE|LBEDO,R00,1,1,1,LOW_POWER_OR_UNSTABLE,1.0,1.0,1.0,lchedo
low_reliability_or_unlikely,conservative_morphology,lchedykee|or|LBEDYGE,R00,1,1,1,LOW_POWER_OR_UNSTABLE,1.0,1.0,1.0,lchedykeeor
low_reliability_or_unlikely,conservative_morphology,lchedyl|ol|LBEDYL,R00,1,1,1,LOW_POWER_OR_UNSTABLE,1.0,1.0,1.0,lchedylol
low_reliability_or_unlikely,conservative_morphology,lched|ar|LBED,R00,1,1,1,LOW_POWER_OR_UNSTABLE,1.0,1.0,1.0,lchedar
low_reliability_or_unlikely,conservative_morphology,lchee|l|LBE,R00,1,1,1,LOW_POWER_OR_UNSTABLE,1.0,1.0,1.0,lcheel
low_reliability_or_unlikely,conservative_morphology,lcheo|NONE|LBEO,R00,1,1,1,LOW_POWER_OR_UNSTABLE,1.0,1.0,1.0,lcheo
low_reliability_or_unlikely,conservative_morphology,lcheo|dy|LBEO,R00,1,1,1,LOW_POWER_OR_UNSTABLE,1.0,1.0,1.0,lcheody
low_reliability_or_unlikely,conservative_morphology,lche|ol|LBE,R00,1,1,1,LOW_POWER_OR_UNSTABLE,1.0,1.0,1.0,lcheol
low_reliability_or_unlikely,conservative_morphology,lchg|NONE|LBX,R00,1,1,1,LOW_POWER_OR_UNSTABLE,1.0,1.0,1.0,lchg
low_reliability_or_unlikely,conservative_morphology,lcholk|aiin|LBOLG,R00,1,1,1,LOW_POWER_OR_UNSTABLE,1.0,1.0,1.0,lcholkaiin
low_reliability_or_unlikely,conservative_morphology,lchpch|dy|LBGB,R00,1,1,1,LOW_POWER_OR_UNSTABLE,1.0,1.0,1.0,lchpchdy
low_reliability_or_unlikely,conservative_morphology,lchs|l|LBX,R00,1,1,1,LOW_POWER_OR_UNSTABLE,1.0,1.0,1.0,lchsl
low_reliability_or_unlikely,conservative_morphology,lch|NONE|LB,R00,1,1,1,LOW_POWER_OR_UNSTABLE,1.0,1.0,1.0,lch
low_reliability_or_unlikely,conservative_morphology,lch|al|LB,R00,1,1,1,LOW_POWER_OR_UNSTABLE,1.0,1.0,1.0,lchal
low_reliability_or_unlikely,conservative_morphology,lch|ar|LB,R00,1,1,1,LOW_POWER_OR_UNSTABLE,1.0,1.0,1.0,lchar
low_reliability_or_unlikely,conservative_morphology,lch|l|LB,R00,1,1,1,LOW_POWER_OR_UNSTABLE,1.0,1.0,1.0,lchl
low_reliability_or_unlikely,conservative_morphology,lch|ol|LB,R00,1,1,1,LOW_POWER_OR_UNSTABLE,1.0,1.0,1.0,lchol
low_reliability_or_unlikely,conservative_morphology,ldals|NONE|LDOLX,R00,1,1,1,LOW_POWER_OR_UNSTABLE,1.0,1.0,1.0,ldals
low_reliability_or_unlikely,conservative_morphology,lda|m|LDO,R00,1,1,1,LOW_POWER_OR_UNSTABLE,1.0,1.0,1.0,okldam
low_reliability_or_unlikely,conservative_morphology,ldy|r|LDY,R00,1,1,1,LOW_POWER_OR_UNSTABLE,1.0,1.0,1.0,ldyr
low_reliability_or_unlikely,conservative_morphology,ld|ol|LD,R00,1,1,1,LOW_POWER_OR_UNSTABLE,1.0,1.0,1.0,ldol
low_reliability_or_unlikely,conservative_morphology,lfch|y|LGB,R00,1,1,1,LOW_POWER_OR_UNSTABLE,1.0,1.0,1.0,lfchy
low_reliability_or_unlikely,conservative_morphology,lkarar|y|LGOLOL,R00,1,1,1,LOW_POWER_OR_UNSTABLE,1.0,1.0,1.0,lkarary
low_reliability_or_unlikely,conservative_morphology,lkar|y|LGOL,H07,1,1,1,LOW_POWER_OR_UNSTABLE,1.0,1.0,1.0,qolkary
low_reliability_or_unlikely,conservative_morphology,lkch|dy|LGB,R00,1,1,1,LOW_POWER_OR_UNSTABLE,1.0,1.0,1.0,lkchdy
low_reliability_or_unlikely,conservative_morphology,lkch|ey|LGB,R00,1,1,1,LOW_POWER_OR_UNSTABLE,1.0,1.0,1.0,lkchey
low_reliability_or_unlikely,conservative_morphology,lkech|y|LGEB,R00,1,1,1,LOW_POWER_OR_UNSTABLE,1.0,1.0,1.0,lkechy
low_reliability_or_unlikely,conservative_morphology,lkedlk|ey|LGEDLG,R00,1,1,1,LOW_POWER_OR_UNSTABLE,1.0,1.0,1.0,lkedlkey
low_reliability_or_unlikely,conservative_morphology,lked|ar|LGED,R00,1,1,1,LOW_POWER_OR_UNSTABLE,1.0,1.0,1.0,lkedar
low_reliability_or_unlikely,conservative_morphology,lked|ey|LGED,R00,1,1,1,LOW_POWER_OR_UNSTABLE,1.0,1.0,1.0,lkedey
low_reliability_or_unlikely,conservative_morphology,lkeeed|NONE|LGED,R00,1,1,1,LOW_POWER_OR_UNSTABLE,1.0,1.0,1.0,lkeeed
low_reliability_or_unlikely,conservative_morphology,lkeeol|y|LGEOL,H07,1,1,1,LOW_POWER_OR_UNSTABLE,1.0,1.0,1.0,qolkeeoly
low_reliability_or_unlikely,conservative_morphology,lkeeo|dy|LGEO,R00,1,1,1,LOW_POWER_OR_UNSTABLE,1.0,1.0,1.0,lkeeody
low_reliability_or_unlikely,conservative_morphology,lkee|al|LGE,R00,1,1,1,LOW_POWER_OR_UNSTABLE,1.0,1.0,1.0,lkeeal
low_reliability_or_unlikely,conservative_morphology,lkee|ol|LGE,R00,1,1,1,LOW_POWER_OR_UNSTABLE,1.0,1.0,1.0,lkeeol
low_reliability_or_unlikely,conservative_morphology,lkee|or|LGE,R00,1,1,1,LOW_POWER_OR_UNSTABLE,1.0,1.0,1.0,lkeeor
low_reliability_or_unlikely,conservative_morphology,lkeo|dy|LGEO,R00,1,1,1,LOW_POWER_OR_UNSTABLE,1.0,1.0,1.0,lkeody
low_reliability_or_unlikely,conservative_morphology,lko|dy|LGO,R00,1,1,1,LOW_POWER_OR_UNSTABLE,1.0,1.0,1.0,lkody
low_reliability_or_unlikely,conservative_morphology,lkshykch|y|LGBYGB,R00,1,1,1,LOW_POWER_OR_UNSTABLE,1.0,1.0,1.0,lkshykchy
low_reliability_or_unlikely,conservative_morphology,lk|NONE|LG,R00,1,1,1,LOW_POWER_OR_UNSTABLE,1.0,1.0,1.0,lk
low_reliability_or_unlikely,conservative_morphology,lk|ey|LG,R00,1,1,1,LOW_POWER_OR_UNSTABLE,1.0,1.0,1.0,lkey
low_reliability_or_unlikely,conservative_morphology,lk|l|LG,R00,1,1,1,LOW_POWER_OR_UNSTABLE,1.0,1.0,1.0,lkl
low_reliability_or_unlikely,conservative_morphology,lk|ol|LG,R00,1,1,1,LOW_POWER_OR_UNSTABLE,1.0,1.0,1.0,lkol
low_reliability_or_unlikely,conservative_morphology,lk|or|LG,R00,1,1,1,LOW_POWER_OR_UNSTABLE,1.0,1.0,1.0,lkor
low_reliability_or_unlikely,conservative_morphology,llch|ey|LB,R00,1,1,1,LOW_POWER_OR_UNSTABLE,1.0,1.0,1.0,llchey
low_reliability_or_unlikely,conservative_morphology,llod|NONE|LOD,R00,1,1,1,LOW_POWER_OR_UNSTABLE,1.0,1.0,1.0,llod
low_reliability_or_unlikely,conservative_morphology,llo|NONE|LO,R00,1,1,1,LOW_POWER_OR_UNSTABLE,1.0,1.0,1.0,chllo
low_reliability_or_unlikely,conservative_morphology,llsa|n|LXO,R00,1,1,1,LOW_POWER_OR_UNSTABLE,1.0,1.0,1.0,llsan
low_reliability_or_unlikely,conservative_morphology,ll|m|L,R00,1,1,1,LOW_POWER_OR_UNSTABLE,1.0,1.0,1.0,llm
low_reliability_or_unlikely,conservative_morphology,loch|edy|LOB,R00,1,1,1,LOW_POWER_OR_UNSTABLE,1.0,1.0,1.0,lochedy
low_reliability_or_unlikely,conservative_morphology,loch|ey|LOB,R00,1,1,1,LOW_POWER_OR_UNSTABLE,1.0,1.0,1.0,lochey
low_reliability_or_unlikely,conservative_morphology,loda|NONE|LODO,R00,1,1,1,LOW_POWER_OR_UNSTABLE,1.0,1.0,1.0,loda
low_reliability_or_unlikely,conservative_morphology,lod|NONE|LOD,R06,1,1,1,LOW_POWER_OR_UNSTABLE,1.0,1.0,1.0,dlod
low_reliability_or_unlikely,conservative_morphology,lod|aiin|LOD,R10,1,1,1,LOW_POWER_OR_UNSTABLE,1.0,1.0,1.0,lodaiin
low_reliability_or_unlikely,conservative_morphology,loeees|NONE|LOEX,R00,1,1,1,LOW_POWER_OR_UNSTABLE,1.0,1.0,1.0,loeees
low_reliability_or_unlikely,conservative_morphology,loet|y|LOEG,R00,1,1,1,LOW_POWER_OR_UNSTABLE,1.0,1.0,1.0,loety
low_reliability_or_unlikely,conservative_morphology,loi|iin|LOE,R00,1,1,1,LOW_POWER_OR_UNSTABLE,1.0,1.0,1.0,loiiin
low_reliability_or_unlikely,conservative_morphology,loka|m|LOGO,R00,1,1,1,LOW_POWER_OR_UNSTABLE,1.0,1.0,1.0,lokam
low_reliability_or_unlikely,conservative_morphology,lokedshs|NONE|LOGEDBX,R00,1,1,1,LOW_POWER_OR_UNSTABLE,1.0,1.0,1.0,lokedshs
low_reliability_or_unlikely,conservative_morphology,lok|ar|LOG,R00,1,1,1,LOW_POWER_OR_UNSTABLE,1.0,1.0,1.0,lokar
low_reliability_or_unlikely,conservative_morphology,lok|eedy|LOG,R00,1,1,1,LOW_POWER_OR_UNSTABLE,1.0,1.0,1.0,lokeedy
low_reliability_or_unlikely,conservative_morphology,lok|eey|LOG,R00,1,1,1,LOW_POWER_OR_UNSTABLE,1.0,1.0,1.0,lokeey
low_reliability_or_unlikely,conservative_morphology,lol|aiin|LOL,R00,1,1,1,LOW_POWER_OR_UNSTABLE,1.0,1.0,1.0,lolaiin
low_reliability_or_unlikely,conservative_morphology,lol|or|LOL,R00,1,1,1,LOW_POWER_OR_UNSTABLE,1.0,1.0,1.0,lolor
low_reliability_or_unlikely,conservative_morphology,loraii|r|LOLOI,R00,1,1,1,LOW_POWER_OR_UNSTABLE,1.0,1.0,1.0,loraiir
low_reliability_or_unlikely,conservative_morphology,loralo|dy|LOLOLO,R00,1,1,1,LOW_POWER_OR_UNSTABLE,1.0,1.0,1.0,loralody
low_reliability_or_unlikely,conservative_morphology,lor|y|LOL,R00,1,1,1,LOW_POWER_OR_UNSTABLE,1.0,1.0,1.0,lory
low_reliability_or_unlikely,conservative_morphology,los|aiin|LOX,R00,1,1,1,LOW_POWER_OR_UNSTABLE,1.0,1.0,1.0,losaiin
low_reliability_or_unlikely,conservative_morphology,lot|y|LOG,R00,1,1,1,LOW_POWER_OR_UNSTABLE,1.0,1.0,1.0,loty
low_reliability_or_unlikely,conservative_morphology,lo|ar|LO,R00,1,1,1,LOW_POWER_OR_UNSTABLE,1.0,1.0,1.0,loar
low_reliability_or_unlikely,conservative_morphology,lo|eey|LO,R00,1,1,1,LOW_POWER_OR_UNSTABLE,1.0,1.0,1.0,loeey
low_reliability_or_unlikely,conservative_morphology,lpch|dy|LGB,R00,1,1,1,LOW_POWER_OR_UNSTABLE,1.0,1.0,1.0,lpchdy
low_reliability_or_unlikely,conservative_morphology,lr|or|L,R00,1,1,1,LOW_POWER_OR_UNSTABLE,1.0,1.0,1.0,lror
low_reliability_or_unlikely,conservative_morphology,lshcth|y|LBXGX,R00,1,1,1,LOW_POWER_OR_UNSTABLE,1.0,1.0,1.0,lshcthy
low_reliability_or_unlikely,conservative_morphology,lsheckh|y|LBEXGX,R00,1,1,1,LOW_POWER_OR_UNSTABLE,1.0,1.0,1.0,lsheckhy
low_reliability_or_unlikely,conservative_morphology,lshedar|y|LBEDOL,R00,1,1,1,LOW_POWER_OR_UNSTABLE,1.0,1.0,1.0,lshedary
low_reliability_or_unlikely,conservative_morphology,lshek|ain|LBEG,R00,1,1,1,LOW_POWER_OR_UNSTABLE,1.0,1.0,1.0,lshekain
low_reliability_or_unlikely,conservative_morphology,lshe|ol|LBE,R00,1,1,1,LOW_POWER_OR_UNSTABLE,1.0,1.0,1.0,lsheol
low_reliability_or_unlikely,conservative_morphology,lshodai|r|LBODOE,R00,1,1,1,LOW_POWER_OR_UNSTABLE,1.0,1.0,1.0,lshodair
low_reliability_or_unlikely,conservative_morphology,lsh|NONE|LB,R00,1,1,1,LOW_POWER_OR_UNSTABLE,1.0,1.0,1.0,lsh
low_reliability_or_unlikely,conservative_morphology,lsh|or|LB,R00,1,1,1,LOW_POWER_OR_UNSTABLE,1.0,1.0,1.0,lshor
low_reliability_or_unlikely,conservative_morphology,ls|aiin|LX,R00,1,1,1,LOW_POWER_OR_UNSTABLE,1.0,1.0,1.0,lsaiin
low_reliability_or_unlikely,conservative_morphology,ltar|y|LGOL,R00,1,1,1,LOW_POWER_OR_UNSTABLE,1.0,1.0,1.0,ltary
low_reliability_or_unlikely,conservative_morphology,lt|eey|LG,R00,1,1,1,LOW_POWER_OR_UNSTABLE,1.0,1.0,1.0,lteey
low_reliability_or_unlikely,conservative_morphology,lz|NONE|LX,R00,1,1,1,LOW_POWER_OR_UNSTABLE,1.0,1.0,1.0,olz
low_reliability_or_unlikely,conservative_morphology,l|aiiin|L,R00,1,1,1,LOW_POWER_OR_UNSTABLE,1.0,1.0,1.0,laiiin
low_reliability_or_unlikely,conservative_morphology,l|in|L,H07,1,1,1,LOW_POWER_OR_UNSTABLE,1.0,1.0,1.0,qolin
low_reliability_or_unlikely,conservative_morphology,oal|y|OL,R00,1,1,1,LOW_POWER_OR_UNSTABLE,1.0,1.0,1.0,okoaly
low_reliability_or_unlikely,conservative_morphology,oaro|NONE|OLO,R06,1,1,1,LOW_POWER_OR_UNSTABLE,1.0,1.0,1.0,doaro
low_reliability_or_unlikely,conservative_morphology,oa|NONE|O,R00,1,1,1,LOW_POWER_OR_UNSTABLE,1.0,1.0,1.0,oa
low_reliability_or_unlikely,conservative_morphology,ochedys|y|OBEDYX,R00,1,1,1,LOW_POWER_OR_UNSTABLE,1.0,1.0,1.0,otochedysy
low_reliability_or_unlikely,conservative_morphology,ocheeo|NONE|OBEO,R00,1,1,1,LOW_POWER_OR_UNSTABLE,1.0,1.0,1.0,docheeo
low_reliability_or_unlikely,conservative_morphology,ochod|NONE|OBOD,R06,1,1,1,LOW_POWER_OR_UNSTABLE,1.0,1.0,1.0,dochod
low_reliability_or_unlikely,conservative_morphology,ochorcfh|y|OBOLXGX,R00,1,1,1,LOW_POWER_OR_UNSTABLE,1.0,1.0,1.0,sochorcfhy
low_reliability_or_unlikely,conservative_morphology,och|edy|OB,R00,1,1,1,LOW_POWER_OR_UNSTABLE,1.0,1.0,1.0,otochedy
low_reliability_or_unlikely,conservative_morphology,och|or|OB,R00,1,1,1,LOW_POWER_OR_UNSTABLE,1.0,1.0,1.0,chochor
low_reliability_or_unlikely,conservative_morphology,och|y|OB,R00,1,1,1,LOW_POWER_OR_UNSTABLE,1.0,1.0,1.0,chochy
low_reliability_or_unlikely,conservative_morphology,ockho|NONE|OXGXO,R00,1,1,1,LOW_POWER_OR_UNSTABLE,1.0,1.0,1.0,shockho
low_reliability_or_unlikely,conservative_morphology,ockh|dy|OXGX,R00,1,1,1,LOW_POWER_OR_UNSTABLE,1.0,1.0,1.0,chockhdy
low_reliability_or_unlikely,conservative_morphology,ockh|ol|OXGX,R00,1,1,1,LOW_POWER_OR_UNSTABLE,1.0,1.0,1.0,chockhol
low_reliability_or_unlikely,conservative_morphology,ockh|or|OXGX,R00,1,1,1,LOW_POWER_OR_UNSTABLE,1.0,1.0,1.0,chockhor
low_reliability_or_unlikely,conservative_morphology,ocths|NONE|OXGX,R06,1,1,1,LOW_POWER_OR_UNSTABLE,1.0,1.0,1.0,socths
low_reliability_or_unlikely,conservative_morphology,octh|edy|OXGX,R00,1,1,1,LOW_POWER_OR_UNSTABLE,1.0,1.0,1.0,chocthedy
low_reliability_or_unlikely,conservative_morphology,octh|ol|OXGX,R00,1,1,1,LOW_POWER_OR_UNSTABLE,1.0,1.0,1.0,shocthol
low_reliability_or_unlikely,conservative_morphology,odeeod|or|ODEOD,R00,1,1,1,LOW_POWER_OR_UNSTABLE,1.0,1.0,1.0,otodeeodor
low_reliability_or_unlikely,conservative_morphology,od|ain|OD,R05,1,1,1,LOW_POWER_OR_UNSTABLE,1.0,1.0,1.0,shodain
low_reliability_or_unlikely,conservative_morphology,od|edy|OD,R00,1,1,1,LOW_POWER_OR_UNSTABLE,1.0,1.0,1.0,otodedy
low_reliability_or_unlikely,conservative_morphology,od|ey|OD,R00,1,1,1,LOW_POWER_OR_UNSTABLE,1.0,1.0,1.0,otodey
low_reliability_or_unlikely,conservative_morphology,od|ol|OD,R00,1,1,1,LOW_POWER_OR_UNSTABLE,1.0,1.0,1.0,otodol
low_reliability_or_unlikely,conservative_morphology,oeedo|y|OEDO,R00,1,1,1,LOW_POWER_OR_UNSTABLE,1.0,1.0,1.0,soeedoy
low_reliability_or_unlikely,conservative_morphology,oeeo|NONE|OEO,R00,1,1,1,LOW_POWER_OR_UNSTABLE,1.0,1.0,1.0,otoeeo
low_reliability_or_unlikely,conservative_morphology,oees|NONE|OEX,R06,1,1,1,LOW_POWER_OR_UNSTABLE,1.0,1.0,1.0,yoees
low_reliability_or_unlikely,conservative_morphology,oees|y|OEX,R00,1,1,1,LOW_POWER_OR_UNSTABLE,1.0,1.0,1.0,choeesy
low_reliability_or_unlikely,conservative_morphology,oee|ol|OE,R06,1,1,1,LOW_POWER_OR_UNSTABLE,1.0,1.0,1.0,soeeol
low_reliability_or_unlikely,conservative_morphology,oef|y|OEG,R06,1,1,1,LOW_POWER_OR_UNSTABLE,1.0,1.0,1.0,shoefy
low_reliability_or_unlikely,conservative_morphology,oek|eey|OEG,R00,1,1,1,LOW_POWER_OR_UNSTABLE,1.0,1.0,1.0,choekeey
low_reliability_or_unlikely,conservative_morphology,oek|ey|OEG,R00,1,1,1,LOW_POWER_OR_UNSTABLE,1.0,1.0,1.0,choekey
low_reliability_or_unlikely,conservative_morphology,oes|NONE|OEX,R06,1,1,1,LOW_POWER_OR_UNSTABLE,1.0,1.0,1.0,soes
low_reliability_or_unlikely,conservative_morphology,oetch|y|OEGB,R00,1,1,1,LOW_POWER_OR_UNSTABLE,1.0,1.0,1.0,choetchy
low_reliability_or_unlikely,conservative_morphology,oet|y|OEG,R00,1,1,1,LOW_POWER_OR_UNSTABLE,1.0,1.0,1.0,choety
low_reliability_or_unlikely,conservative_morphology,of|NONE|OG,R00,1,1,1,LOW_POWER_OR_UNSTABLE,1.0,1.0,1.0,of
low_reliability_or_unlikely,conservative_morphology,of|ol|OG,R06,1,1,1,LOW_POWER_OR_UNSTABLE,1.0,1.0,1.0,shofol
low_reliability_or_unlikely,conservative_morphology,og|NONE|OX,R00,1,1,1,LOW_POWER_OR_UNSTABLE,1.0,1.0,1.0,og
low_reliability_or_unlikely,conservative_morphology,oiin|dy|OIL,R00,1,1,1,LOW_POWER_OR_UNSTABLE,1.0,1.0,1.0,soiindy
low_reliability_or_unlikely,conservative_morphology,oit|y|OEG,R06,1,1,1,LOW_POWER_OR_UNSTABLE,1.0,1.0,1.0,soity
low_reliability_or_unlikely,conservative_morphology,okaro|NONE|OGOLO,R00,1,1,1,LOW_POWER_OR_UNSTABLE,1.0,1.0,1.0,chokaro
low_reliability_or_unlikely,conservative_morphology,okchodg|NONE|OGBODX,R00,1,1,1,LOW_POWER_OR_UNSTABLE,1.0,1.0,1.0,okokchodg
low_reliability_or_unlikely,conservative_morphology,okch|NONE|OGB,R00,1,1,1,LOW_POWER_OR_UNSTABLE,1.0,1.0,1.0,chokch
low_reliability_or_unlikely,conservative_morphology,okch|edy|OGB,R00,1,1,1,LOW_POWER_OR_UNSTABLE,1.0,1.0,1.0,chokchedy
low_reliability_or_unlikely,conservative_morphology,okech|y|OGEB,R00,1,1,1,LOW_POWER_OR_UNSTABLE,1.0,1.0,1.0,dokechy
low_reliability_or_unlikely,conservative_morphology,okedai|r|OGEDOE,R00,1,1,1,LOW_POWER_OR_UNSTABLE,1.0,1.0,1.0,chokedair
low_reliability_or_unlikely,conservative_morphology,okeed|ar|OGED,R00,1,1,1,LOW_POWER_OR_UNSTABLE,1.0,1.0,1.0,shokeedar
low_reliability_or_unlikely,conservative_morphology,okeod|NONE|OGEOD,R00,1,1,1,LOW_POWER_OR_UNSTABLE,1.0,1.0,1.0,chokeod
low_reliability_or_unlikely,conservative_morphology,oke|ol|OGE,R00,1,1,1,LOW_POWER_OR_UNSTABLE,1.0,1.0,1.0,chokeol
low_reliability_or_unlikely,conservative_morphology,okolg|NONE|OGOLX,R00,1,1,1,LOW_POWER_OR_UNSTABLE,1.0,1.0,1.0,chokolg
low_reliability_or_unlikely,conservative_morphology,okol|y|OGOL,R06,1,1,1,LOW_POWER_OR_UNSTABLE,1.0,1.0,1.0,sokoly
low_reliability_or_unlikely,conservative_morphology,oko|dy|OGO,R00,1,1,1,LOW_POWER_OR_UNSTABLE,1.0,1.0,1.0,chokody
low_reliability_or_unlikely,conservative_morphology,ok|edy|OG,R06,1,1,1,LOW_POWER_OR_UNSTABLE,1.0,1.0,1.0,dokedy
low_reliability_or_unlikely,conservative_morphology,ok|ee|OG,R06,1,1,1,LOW_POWER_OR_UNSTABLE,1.0,1.0,1.0,yokee
low_reliability_or_unlikely,conservative_morphology,ok|ol|OG,R00,1,1,1,LOW_POWER_OR_UNSTABLE,1.0,1.0,1.0,otokol
low_reliability_or_unlikely,conservative_morphology,olai|r|OLOE,R06,1,1,1,LOW_POWER_OR_UNSTABLE,1.0,1.0,1.0,solair
low_reliability_or_unlikely,conservative_morphology,olal|y|OLOL,R00,1,1,1,LOW_POWER_OR_UNSTABLE,1.0,1.0,1.0,okolaly
low_reliability_or_unlikely,conservative_morphology,olara|m|OLOLO,R00,1,1,1,LOW_POWER_OR_UNSTABLE,1.0,1.0,1.0,dolaram
low_reliability_or_unlikely,conservative_morphology,ola|m|OLO,R07,1,1,1,LOW_POWER_OR_UNSTABLE,1.0,1.0,1.0,cholam
low_reliability_or_unlikely,conservative_morphology,olchd|NONE|OLBD,H13,1,1,1,LOW_POWER_OR_UNSTABLE,1.0,1.0,1.0,qotolchd
low_reliability_or_unlikely,conservative_morphology,olchek|y|OLBEG,R07,1,1,1,LOW_POWER_OR_UNSTABLE,1.0,1.0,1.0,cholcheky
low_reliability_or_unlikely,conservative_morphology,olchso|dy|OLBXO,R00,1,1,1,LOW_POWER_OR_UNSTABLE,1.0,1.0,1.0,dolchsody
low_reliability_or_unlikely,conservative_morphology,olch|y|OLB,R00,1,1,1,LOW_POWER_OR_UNSTABLE,1.0,1.0,1.0,okolchy
low_reliability_or_unlikely,conservative_morphology,olctho|m|OLXGXO,R07,1,1,1,LOW_POWER_OR_UNSTABLE,1.0,1.0,1.0,cholcthom
low_reliability_or_unlikely,conservative_morphology,olcth|y|OLXGX,R00,1,1,1,LOW_POWER_OR_UNSTABLE,1.0,1.0,1.0,solcthy
low_reliability_or_unlikely,conservative_morphology,oldo|dy|OLDO,R00,1,1,1,LOW_POWER_OR_UNSTABLE,1.0,1.0,1.0,okoldody
low_reliability_or_unlikely,conservative_morphology,olds|NONE|OLDX,R06,1,1,1,LOW_POWER_OR_UNSTABLE,1.0,1.0,1.0,dolds
low_reliability_or_unlikely,conservative_morphology,oldy|dy|OLDY,R07,1,1,1,LOW_POWER_OR_UNSTABLE,1.0,1.0,1.0,choldydy
low_reliability_or_unlikely,conservative_morphology,old|NONE|OLD,R00,1,1,1,LOW_POWER_OR_UNSTABLE,1.0,1.0,1.0,otold
low_reliability_or_unlikely,conservative_morphology,oleesos|NONE|OLEXOX,R00,1,1,1,LOW_POWER_OR_UNSTABLE,1.0,1.0,1.0,soleesos
low_reliability_or_unlikely,conservative_morphology,olkche|ol|OLGBE,R08,1,1,1,LOW_POWER_OR_UNSTABLE,1.0,1.0,1.0,sholkcheol
low_reliability_or_unlikely,conservative_morphology,olkch|y|OLGB,R00,1,1,1,LOW_POWER_OR_UNSTABLE,1.0,1.0,1.0,solkchy
low_reliability_or_unlikely,conservative_morphology,olkeech|y|OLGEB,R07,1,1,1,LOW_POWER_OR_UNSTABLE,1.0,1.0,1.0,cholkeechy
low_reliability_or_unlikely,conservative_morphology,olksh|edy|OLGB,R07,1,1,1,LOW_POWER_OR_UNSTABLE,1.0,1.0,1.0,cholkshedy
low_reliability_or_unlikely,conservative_morphology,olk|ar|OLG,R07,1,1,1,LOW_POWER_OR_UNSTABLE,1.0,1.0,1.0,cholkar
low_reliability_or_unlikely,conservative_morphology,olk|edy|OLG,R00,1,1,1,LOW_POWER_OR_UNSTABLE,1.0,1.0,1.0,solkedy
low_reliability_or_unlikely,conservative_morphology,olol|y|OLOL,R07,1,1,1,LOW_POWER_OR_UNSTABLE,1.0,1.0,1.0,chololy
low_reliability_or_unlikely,conservative_morphology,olshed|NONE|OLBED,R00,1,1,1,LOW_POWER_OR_UNSTABLE,1.0,1.0,1.0,solshed
low_reliability_or_unlikely,conservative_morphology,olshe|ol|OLBE,R00,1,1,1,LOW_POWER_OR_UNSTABLE,1.0,1.0,1.0,solsheol
low_reliability_or_unlikely,conservative_morphology,olsh|al|OLB,R07,1,1,1,LOW_POWER_OR_UNSTABLE,1.0,1.0,1.0,cholshal
low_reliability_or_unlikely,conservative_morphology,olsh|ey|OLB,R00,1,1,1,LOW_POWER_OR_UNSTABLE,1.0,1.0,1.0,solshey
low_reliability_or_unlikely,conservative_morphology,ols|y|OLX,R06,1,1,1,LOW_POWER_OR_UNSTABLE,1.0,1.0,1.0,solsy
low_reliability_or_unlikely,conservative_morphology,olt|ar|OLG,R07,1,1,1,LOW_POWER_OR_UNSTABLE,1.0,1.0,1.0,choltar
low_reliability_or_unlikely,conservative_morphology,ol|eey|OL,R07,1,1,1,LOW_POWER_OR_UNSTABLE,1.0,1.0,1.0,choleey
low_reliability_or_unlikely,conservative_morphology,opalch|edy|OGOLB,R00,1,1,1,LOW_POWER_OR_UNSTABLE,1.0,1.0,1.0,shopalchedy
low_reliability_or_unlikely,conservative_morphology,opch|y|OGB,R00,1,1,1,LOW_POWER_OR_UNSTABLE,1.0,1.0,1.0,chopchy
low_reliability_or_unlikely,conservative_morphology,op|NONE|OG,R00,1,1,1,LOW_POWER_OR_UNSTABLE,1.0,1.0,1.0,qop
low_reliability_or_unlikely,conservative_morphology,op|ol|OG,R00,1,1,1,LOW_POWER_OR_UNSTABLE,1.0,1.0,1.0,chopol
low_reliability_or_unlikely,conservative_morphology,op|y|OG,R00,1,1,1,LOW_POWER_OR_UNSTABLE,1.0,1.0,1.0,chopy
low_reliability_or_unlikely,conservative_morphology,oral|dy|OLOL,R00,1,1,1,LOW_POWER_OR_UNSTABLE,1.0,1.0,1.0,okoraldy
low_reliability_or_unlikely,conservative_morphology,oral|y|OLOL,R06,1,1,1,LOW_POWER_OR_UNSTABLE,1.0,1.0,1.0,soraly
low_reliability_or_unlikely,conservative_morphology,orchet|y|OLBEG,R00,1,1,1,LOW_POWER_OR_UNSTABLE,1.0,1.0,1.0,otorchety
low_reliability_or_unlikely,conservative_morphology,orchols|al|OLBOLX,R07,1,1,1,LOW_POWER_OR_UNSTABLE,1.0,1.0,1.0,chorcholsal
low_reliability_or_unlikely,conservative_morphology,orch|eey|OLB,R00,1,1,1,LOW_POWER_OR_UNSTABLE,1.0,1.0,1.0,chorcheey
low_reliability_or_unlikely,conservative_morphology,orke|ol|OLGE,R00,1,1,1,LOW_POWER_OR_UNSTABLE,1.0,1.0,1.0,otorkeol
low_reliability_or_unlikely,conservative_morphology,ork|NONE|OLG,R00,1,1,1,LOW_POWER_OR_UNSTABLE,1.0,1.0,1.0,otork
low_reliability_or_unlikely,conservative_morphology,orl|y|OL,R00,1,1,1,LOW_POWER_OR_UNSTABLE,1.0,1.0,1.0,chorly
low_reliability_or_unlikely,conservative_morphology,oror|l|OLOL,R06,1,1,1,LOW_POWER_OR_UNSTABLE,1.0,1.0,1.0,sororl
low_reliability_or_unlikely,conservative_morphology,oross|NONE|OLOX,R00,1,1,1,LOW_POWER_OR_UNSTABLE,1.0,1.0,1.0,choross
low_reliability_or_unlikely,conservative_morphology,oro|eey|OLO,R00,1,1,1,LOW_POWER_OR_UNSTABLE,1.0,1.0,1.0,okoroeey
low_reliability_or_unlikely,conservative_morphology,orshos|NONE|OLBOX,R00,1,1,1,LOW_POWER_OR_UNSTABLE,1.0,1.0,1.0,otorshos
low_reliability_or_unlikely,conservative_morphology,orsh|y|OLB,R00,1,1,1,LOW_POWER_OR_UNSTABLE,1.0,1.0,1.0,shorshy
low_reliability_or_unlikely,conservative_morphology,or|aiin|OL,R00,1,1,1,LOW_POWER_OR_UNSTABLE,1.0,1.0,1.0,choraiin
low_reliability_or_unlikely,conservative_morphology,or|al|OL,R06,1,1,1,LOW_POWER_OR_UNSTABLE,1.0,1.0,1.0,soral
low_reliability_or_unlikely,conservative_morphology,or|dy|OL,R00,1,1,1,LOW_POWER_OR_UNSTABLE,1.0,1.0,1.0,chordy
low_reliability_or_unlikely,conservative_morphology,or|ol|OL,R00,1,1,1,LOW_POWER_OR_UNSTABLE,1.0,1.0,1.0,chorol
low_reliability_or_unlikely,conservative_morphology,or|or|OL,R00,1,1,1,LOW_POWER_OR_UNSTABLE,1.0,1.0,1.0,choror
low_reliability_or_unlikely,conservative_morphology,osaii|r|OXOI,R00,1,1,1,LOW_POWER_OR_UNSTABLE,1.0,1.0,1.0,sosaiir
low_reliability_or_unlikely,conservative_morphology,osarosh|ol|OXOLOB,R00,1,1,1,LOW_POWER_OR_UNSTABLE,1.0,1.0,1.0,chosaroshol
low_reliability_or_unlikely,conservative_morphology,osa|m|OXO,R06,1,1,1,LOW_POWER_OR_UNSTABLE,1.0,1.0,1.0,sosam
low_reliability_or_unlikely,conservative_morphology,osho|NONE|OBO,R06,1,1,1,LOW_POWER_OR_UNSTABLE,1.0,1.0,1.0,sosho
low_reliability_or_unlikely,conservative_morphology,osh|ol|OB,R00,1,1,1,LOW_POWER_OR_UNSTABLE,1.0,1.0,1.0,otoshol
low_reliability_or_unlikely,conservative_morphology,osolols|NONE|OXOLOLX,R00,1,1,1,LOW_POWER_OR_UNSTABLE,1.0,1.0,1.0,chosolols
low_reliability_or_unlikely,conservative_morphology,os|ar|OX,R00,1,1,1,LOW_POWER_OR_UNSTABLE,1.0,1.0,1.0,chosar
low_reliability_or_unlikely,conservative_morphology,os|ey|OX,R00,1,1,1,LOW_POWER_OR_UNSTABLE,1.0,1.0,1.0,otosey
low_reliability_or_unlikely,conservative_morphology,otals|NONE|OGOLX,R00,1,1,1,LOW_POWER_OR_UNSTABLE,1.0,1.0,1.0,chotals
low_reliability_or_unlikely,conservative_morphology,otch|aiin|OGB,R00,1,1,1,LOW_POWER_OR_UNSTABLE,1.0,1.0,1.0,sotchaiin
low_reliability_or_unlikely,conservative_morphology,ote|eey|OGE,H13,1,1,1,LOW_POWER_OR_UNSTABLE,1.0,1.0,1.0,qototeeey
low_reliability_or_unlikely,conservative_morphology,ote|ol|OGE,R06,1,1,1,LOW_POWER_OR_UNSTABLE,1.0,1.0,1.0,soteol
low_reliability_or_unlikely,conservative_morphology,otoi|iin|OGOE,R00,1,1,1,LOW_POWER_OR_UNSTABLE,1.0,1.0,1.0,sotoiiin
low_reliability_or_unlikely,conservative_morphology,otols|NONE|OGOLX,R00,1,1,1,LOW_POWER_OR_UNSTABLE,1.0,1.0,1.0,chotols
low_reliability_or_unlikely,conservative_morphology,otol|y|OGOL,R00,1,1,1,LOW_POWER_OR_UNSTABLE,1.0,1.0,1.0,shotoly
low_reliability_or_unlikely,conservative_morphology,oto|m|OGO,R00,1,1,1,LOW_POWER_OR_UNSTABLE,1.0,1.0,1.0,chotom
low_reliability_or_unlikely,conservative_morphology,otsh|ol|OGB,R08,1,1,1,LOW_POWER_OR_UNSTABLE,1.0,1.0,1.0,chotshol
low_reliability_or_unlikely,conservative_morphology,ots|NONE|OGX,R00,1,1,1,LOW_POWER_OR_UNSTABLE,1.0,1.0,1.0,chots
low_reliability_or_unlikely,conservative_morphology,oty|r|OGY,R00,1,1,1,LOW_POWER_OR_UNSTABLE,1.0,1.0,1.0,chotyr
low_reliability_or_unlikely,conservative_morphology,ot|ain|OG,R00,1,1,1,LOW_POWER_OR_UNSTABLE,1.0,1.0,1.0,chotain
low_reliability_or_unlikely,conservative_morphology,ot|ar|OG,R00,1,1,1,LOW_POWER_OR_UNSTABLE,1.0,1.0,1.0,chotar
low_reliability_or_unlikely,conservative_morphology,ot|edy|OG,R06,1,1,1,LOW_POWER_OR_UNSTABLE,1.0,1.0,1.0,dotedy
low_reliability_or_unlikely,conservative_morphology,ot|or|OG,R00,1,1,1,LOW_POWER_OR_UNSTABLE,1.0,1.0,1.0,chotor
low_reliability_or_unlikely,conservative_morphology,oys|ar|OYX,R06,1,1,1,LOW_POWER_OR_UNSTABLE,1.0,1.0,1.0,soysar
low_reliability_or_unlikely,conservative_morphology,oyt|y|OYG,R06,1,1,1,LOW_POWER_OR_UNSTABLE,1.0,1.0,1.0,shoyty
low_reliability_or_unlikely,conservative_morphology,o|ee|O,R00,1,1,1,LOW_POWER_OR_UNSTABLE,1.0,1.0,1.0,choee
low_reliability_or_unlikely,conservative_morphology,o|in|O,H08,1,1,1,LOW_POWER_OR_UNSTABLE,1.0,1.0,1.0,qokoin
low_reliability_or_unlikely,conservative_morphology,o|n|O,R00,1,1,1,LOW_POWER_OR_UNSTABLE,1.0,1.0,1.0,on
low_reliability_or_unlikely,conservative_morphology,o|ol|O,R00,1,1,1,LOW_POWER_OR_UNSTABLE,1.0,1.0,1.0,okool
low_reliability_or_unlikely,conservative_morphology,paich|y|GOEB,R06,1,1,1,LOW_POWER_OR_UNSTABLE,1.0,1.0,1.0,paichy
low_reliability_or_unlikely,conservative_morphology,paiino|NONE|GOILO,R00,1,1,1,LOW_POWER_OR_UNSTABLE,1.0,1.0,1.0,opaiino
low_reliability_or_unlikely,conservative_morphology,pai|m|GOE,R06,1,1,1,LOW_POWER_OR_UNSTABLE,1.0,1.0,1.0,ypaim
low_reliability_or_unlikely,conservative_morphology,pai|r|GOE,R00,1,1,1,LOW_POWER_OR_UNSTABLE,1.0,1.0,1.0,opair
low_reliability_or_unlikely,conservative_morphology,pald|aiin|GOLD,R10,1,1,1,LOW_POWER_OR_UNSTABLE,1.0,1.0,1.0,opaldaiin
low_reliability_or_unlikely,conservative_morphology,palg|NONE|GOLX,R00,1,1,1,LOW_POWER_OR_UNSTABLE,1.0,1.0,1.0,opalg
low_reliability_or_unlikely,conservative_morphology,paloiir|y|GOLOIL,R00,1,1,1,LOW_POWER_OR_UNSTABLE,1.0,1.0,1.0,opaloiiry
low_reliability_or_unlikely,conservative_morphology,pal|al|GOL,R00,1,1,1,LOW_POWER_OR_UNSTABLE,1.0,1.0,1.0,opalal
low_reliability_or_unlikely,conservative_morphology,pal|ar|GOL,R00,1,1,1,LOW_POWER_OR_UNSTABLE,1.0,1.0,1.0,opalar
low_reliability_or_unlikely,conservative_morphology,pal|or|GOL,R00,1,1,1,LOW_POWER_OR_UNSTABLE,1.0,1.0,1.0,opalor
low_reliability_or_unlikely,conservative_morphology,parairdl|y|GOLOELDL,R00,1,1,1,LOW_POWER_OR_UNSTABLE,1.0,1.0,1.0,oparairdly
low_reliability_or_unlikely,conservative_morphology,para|m|GOLO,R00,1,1,1,LOW_POWER_OR_UNSTABLE,1.0,1.0,1.0,oparam
low_reliability_or_unlikely,conservative_morphology,parch|dy|GOLB,R00,1,1,1,LOW_POWER_OR_UNSTABLE,1.0,1.0,1.0,parchdy
low_reliability_or_unlikely,conservative_morphology,paroda|m|GOLODO,R00,1,1,1,LOW_POWER_OR_UNSTABLE,1.0,1.0,1.0,oparodam
low_reliability_or_unlikely,conservative_morphology,parod|NONE|GOLOD,R00,1,1,1,LOW_POWER_OR_UNSTABLE,1.0,1.0,1.0,oparod
low_reliability_or_unlikely,conservative_morphology,par|al|GOL,R00,1,1,1,LOW_POWER_OR_UNSTABLE,1.0,1.0,1.0,oparal
low_reliability_or_unlikely,conservative_morphology,par|y|GOL,R00,1,1,1,LOW_POWER_OR_UNSTABLE,1.0,1.0,1.0,opary
low_reliability_or_unlikely,conservative_morphology,pchai|r|GBOE,H07,1,1,1,LOW_POWER_OR_UNSTABLE,1.0,1.0,1.0,qopchair
low_reliability_or_unlikely,conservative_morphology,pchcfh|y|GBXGX,H07,1,1,1,LOW_POWER_OR_UNSTABLE,1.0,1.0,1.0,qopchcfhy
low_reliability_or_unlikely,conservative_morphology,pchdard|NONE|GBDOLD,R00,1,1,1,LOW_POWER_OR_UNSTABLE,1.0,1.0,1.0,opchdard
low_reliability_or_unlikely,conservative_morphology,pchdl|ar|GBDL,R00,1,1,1,LOW_POWER_OR_UNSTABLE,1.0,1.0,1.0,pchdlar
low_reliability_or_unlikely,conservative_morphology,pchdo|iin|GBDO,R00,1,1,1,LOW_POWER_OR_UNSTABLE,1.0,1.0,1.0,pchdoiin
low_reliability_or_unlikely,conservative_morphology,pchdyldo|NONE|GBDYLDO,R00,1,1,1,LOW_POWER_OR_UNSTABLE,1.0,1.0,1.0,ypchdyldo
low_reliability_or_unlikely,conservative_morphology,pchd|NONE|GBD,R00,1,1,1,LOW_POWER_OR_UNSTABLE,1.0,1.0,1.0,opchd
low_reliability_or_unlikely,conservative_morphology,pchd|ain|GBD,R00,1,1,1,LOW_POWER_OR_UNSTABLE,1.0,1.0,1.0,opchdain
low_reliability_or_unlikely,conservative_morphology,pchecfh|ey|GBEXGX,R00,1,1,1,LOW_POWER_OR_UNSTABLE,1.0,1.0,1.0,pchecfhey
low_reliability_or_unlikely,conservative_morphology,pcheda|NONE|GBEDO,R00,1,1,1,LOW_POWER_OR_UNSTABLE,1.0,1.0,1.0,opcheda
low_reliability_or_unlikely,conservative_morphology,pchedch|dy|GBEDB,R00,1,1,1,LOW_POWER_OR_UNSTABLE,1.0,1.0,1.0,pchedchdy
low_reliability_or_unlikely,conservative_morphology,pched|aiin|GBED,R00,1,1,1,LOW_POWER_OR_UNSTABLE,1.0,1.0,1.0,opchedaiin
low_reliability_or_unlikely,conservative_morphology,pched|ar|GBED,R00,1,1,1,LOW_POWER_OR_UNSTABLE,1.0,1.0,1.0,pchedar
low_reliability_or_unlikely,conservative_morphology,pched|eey|GBED,R00,1,1,1,LOW_POWER_OR_UNSTABLE,1.0,1.0,1.0,pchedeey
low_reliability_or_unlikely,conservative_morphology,pcheed|NONE|GBED,R00,1,1,1,LOW_POWER_OR_UNSTABLE,1.0,1.0,1.0,opcheed
low_reliability_or_unlikely,conservative_morphology,pcheed|ey|GBED,R00,1,1,1,LOW_POWER_OR_UNSTABLE,1.0,1.0,1.0,opcheedey
low_reliability_or_unlikely,conservative_morphology,pcheeo|dy|GBEO,H20,1,1,1,LOW_POWER_OR_UNSTABLE,1.0,1.0,1.0,qopcheeody
low_reliability_or_unlikely,conservative_morphology,pchees|NONE|GBEX,R00,1,1,1,LOW_POWER_OR_UNSTABLE,1.0,1.0,1.0,opchees
low_reliability_or_unlikely,conservative_morphology,pcheos|NONE|GBEOX,R00,1,1,1,LOW_POWER_OR_UNSTABLE,1.0,1.0,1.0,chpcheos
low_reliability_or_unlikely,conservative_morphology,pcheykee|or|GBEYGE,R00,1,1,1,LOW_POWER_OR_UNSTABLE,1.0,1.0,1.0,pcheykeeor
low_reliability_or_unlikely,conservative_morphology,pche|ar|GBE,R06,1,1,1,LOW_POWER_OR_UNSTABLE,1.0,1.0,1.0,pchear
low_reliability_or_unlikely,conservative_morphology,pchod|ain|GBOD,R00,1,1,1,LOW_POWER_OR_UNSTABLE,1.0,1.0,1.0,pchodain
low_reliability_or_unlikely,conservative_morphology,pchod|al|GBOD,R09,1,1,1,LOW_POWER_OR_UNSTABLE,1.0,1.0,1.0,pchodal
low_reliability_or_unlikely,conservative_morphology,pchoet|al|GBOEG,R00,1,1,1,LOW_POWER_OR_UNSTABLE,1.0,1.0,1.0,pchoetal
low_reliability_or_unlikely,conservative_morphology,pcholdg|NONE|GBOLDX,R00,1,1,1,LOW_POWER_OR_UNSTABLE,1.0,1.0,1.0,opcholdg
low_reliability_or_unlikely,conservative_morphology,pcholk|eedy|GBOLG,R00,1,1,1,LOW_POWER_OR_UNSTABLE,1.0,1.0,1.0,pcholkeedy
low_reliability_or_unlikely,conservative_morphology,pcholk|y|GBOLG,R00,1,1,1,LOW_POWER_OR_UNSTABLE,1.0,1.0,1.0,pcholky
low_reliability_or_unlikely,conservative_morphology,pchol|dy|GBOL,R07,1,1,1,LOW_POWER_OR_UNSTABLE,1.0,1.0,1.0,opcholdy
low_reliability_or_unlikely,conservative_morphology,pchol|or|GBOL,R00,1,1,1,LOW_POWER_OR_UNSTABLE,1.0,1.0,1.0,pcholor
low_reliability_or_unlikely,conservative_morphology,pchoo|iin|GBO,R00,1,1,1,LOW_POWER_OR_UNSTABLE,1.0,1.0,1.0,pchooiin
low_reliability_or_unlikely,conservative_morphology,pchor|aiin|GBOL,R00,1,1,1,LOW_POWER_OR_UNSTABLE,1.0,1.0,1.0,pchoraiin
low_reliability_or_unlikely,conservative_morphology,pchosa|m|GBOXO,R00,1,1,1,LOW_POWER_OR_UNSTABLE,1.0,1.0,1.0,opchosam
low_reliability_or_unlikely,conservative_morphology,pcho|dy|GBO,R06,1,1,1,LOW_POWER_OR_UNSTABLE,1.0,1.0,1.0,pchody
low_reliability_or_unlikely,conservative_morphology,pcho|m|GBO,R06,1,1,1,LOW_POWER_OR_UNSTABLE,1.0,1.0,1.0,pchom
low_reliability_or_unlikely,conservative_morphology,pchsd|NONE|GBXD,R00,1,1,1,LOW_POWER_OR_UNSTABLE,1.0,1.0,1.0,opchsd
low_reliability_or_unlikely,conservative_morphology,pchsed|NONE|GBXED,R06,1,1,1,LOW_POWER_OR_UNSTABLE,1.0,1.0,1.0,pchsed
low_reliability_or_unlikely,conservative_morphology,pchsh|y|GB,R06,1,1,1,LOW_POWER_OR_UNSTABLE,1.0,1.0,1.0,pchshy
low_reliability_or_unlikely,conservative_morphology,pchs|y|GBX,R00,1,1,1,LOW_POWER_OR_UNSTABLE,1.0,1.0,1.0,opchsy
low_reliability_or_unlikely,conservative_morphology,pch|eey|GB,R00,1,1,1,LOW_POWER_OR_UNSTABLE,1.0,1.0,1.0,opcheey
low_reliability_or_unlikely,conservative_morphology,pch|ol|GB,R06,1,1,1,LOW_POWER_OR_UNSTABLE,1.0,1.0,1.0,pchol
low_reliability_or_unlikely,conservative_morphology,pdalsh|or|GDOLB,R00,1,1,1,LOW_POWER_OR_UNSTABLE,1.0,1.0,1.0,pdalshor
low_reliability_or_unlikely,conservative_morphology,poal|y|GOL,R06,1,1,1,LOW_POWER_OR_UNSTABLE,1.0,1.0,1.0,poaly
low_reliability_or_unlikely,conservative_morphology,poch|aiin|GOB,R00,1,1,1,LOW_POWER_OR_UNSTABLE,1.0,1.0,1.0,pochaiin
low_reliability_or_unlikely,conservative_morphology,poch|edy|GOB,R00,1,1,1,LOW_POWER_OR_UNSTABLE,1.0,1.0,1.0,pochedy
low_reliability_or_unlikely,conservative_morphology,poch|ey|GOB,R06,1,1,1,LOW_POWER_OR_UNSTABLE,1.0,1.0,1.0,pochey
low_reliability_or_unlikely,conservative_morphology,pocph|or|GOXGX,R00,1,1,1,LOW_POWER_OR_UNSTABLE,1.0,1.0,1.0,opocphor
low_reliability_or_unlikely,conservative_morphology,podai|r|GODOE,R06,1,1,1,LOW_POWER_OR_UNSTABLE,1.0,1.0,1.0,podair
low_reliability_or_unlikely,conservative_morphology,podch|ol|GODB,R07,1,1,1,LOW_POWER_OR_UNSTABLE,1.0,1.0,1.0,opodchol
low_reliability_or_unlikely,conservative_morphology,poeok|eey|GOEOG,R00,1,1,1,LOW_POWER_OR_UNSTABLE,1.0,1.0,1.0,poeokeey
low_reliability_or_unlikely,conservative_morphology,poleedara|n|GOLEDOLO,R00,1,1,1,LOW_POWER_OR_UNSTABLE,1.0,1.0,1.0,poleedaran
low_reliability_or_unlikely,conservative_morphology,polk|edy|GOLG,R00,1,1,1,LOW_POWER_OR_UNSTABLE,1.0,1.0,1.0,polkedy
low_reliability_or_unlikely,conservative_morphology,polk|iin|GOLG,R00,1,1,1,LOW_POWER_OR_UNSTABLE,1.0,1.0,1.0,polkiin
low_reliability_or_unlikely,conservative_morphology,poll|aiin|GOL,R00,1,1,1,LOW_POWER_OR_UNSTABLE,1.0,1.0,1.0,pollaiin
low_reliability_or_unlikely,conservative_morphology,polsh|y|GOLB,R06,1,1,1,LOW_POWER_OR_UNSTABLE,1.0,1.0,1.0,polshy
low_reliability_or_unlikely,conservative_morphology,poltesh|ol|GOLGEB,R00,1,1,1,LOW_POWER_OR_UNSTABLE,1.0,1.0,1.0,polteshol
low_reliability_or_unlikely,conservative_morphology,pol|aiin|GOL,R00,1,1,1,LOW_POWER_OR_UNSTABLE,1.0,1.0,1.0,polaiin
low_reliability_or_unlikely,conservative_morphology,pol|ar|GOL,R06,1,1,1,LOW_POWER_OR_UNSTABLE,1.0,1.0,1.0,polar
low_reliability_or_unlikely,conservative_morphology,pol|ol|GOL,R06,1,1,1,LOW_POWER_OR_UNSTABLE,1.0,1.0,1.0,ypolol
low_reliability_or_unlikely,conservative_morphology,porch|ey|GOLB,R00,1,1,1,LOW_POWER_OR_UNSTABLE,1.0,1.0,1.0,porchey
low_reliability_or_unlikely,conservative_morphology,poror|y|GOLOL,R06,1,1,1,LOW_POWER_OR_UNSTABLE,1.0,1.0,1.0,porory
low_reliability_or_unlikely,conservative_morphology,porshols|NONE|GOLBOLX,R00,1,1,1,LOW_POWER_OR_UNSTABLE,1.0,1.0,1.0,porshols
low_reliability_or_unlikely,conservative_morphology,pos|aiin|GOX,R00,1,1,1,LOW_POWER_OR_UNSTABLE,1.0,1.0,1.0,posaiin
low_reliability_or_unlikely,conservative_morphology,po|eey|GO,R00,1,1,1,LOW_POWER_OR_UNSTABLE,1.0,1.0,1.0,opoeey
low_reliability_or_unlikely,conservative_morphology,po|iin|GO,R06,1,1,1,LOW_POWER_OR_UNSTABLE,1.0,1.0,1.0,poiin
low_reliability_or_unlikely,conservative_morphology,pshd|ar|GBD,R06,1,1,1,LOW_POWER_OR_UNSTABLE,1.0,1.0,1.0,pshdar
low_reliability_or_unlikely,conservative_morphology,pshed|NONE|GBED,R00,1,1,1,LOW_POWER_OR_UNSTABLE,1.0,1.0,1.0,opshed
low_reliability_or_unlikely,conservative_morphology,psheo|dy|GBEO,R00,1,1,1,LOW_POWER_OR_UNSTABLE,1.0,1.0,1.0,psheody
low_reliability_or_unlikely,conservative_morphology,pshod|NONE|GBOD,R06,1,1,1,LOW_POWER_OR_UNSTABLE,1.0,1.0,1.0,pshod
low_reliability_or_unlikely,conservative_morphology,psh|ar|GB,R06,1,1,1,LOW_POWER_OR_UNSTABLE,1.0,1.0,1.0,pshar
low_reliability_or_unlikely,conservative_morphology,psh|dy|GB,R06,1,1,1,LOW_POWER_OR_UNSTABLE,1.0,1.0,1.0,pshdy
low_reliability_or_unlikely,conservative_morphology,psh|eedy|GB,R00,1,1,1,LOW_POWER_OR_UNSTABLE,1.0,1.0,1.0,psheedy
low_reliability_or_unlikely,conservative_morphology,pydsh|NONE|GYDB,R00,1,1,1,LOW_POWER_OR_UNSTABLE,1.0,1.0,1.0,opydsh
low_reliability_or_unlikely,conservative_morphology,pykch|y|GYGB,R06,1,1,1,LOW_POWER_OR_UNSTABLE,1.0,1.0,1.0,pykchy
low_reliability_or_unlikely,conservative_morphology,pysaiin|or|GYXOIL,R00,1,1,1,LOW_POWER_OR_UNSTABLE,1.0,1.0,1.0,pysaiinor
low_reliability_or_unlikely,conservative_morphology,pysa|m|GYXO,R00,1,1,1,LOW_POWER_OR_UNSTABLE,1.0,1.0,1.0,opysam
low_reliability_or_unlikely,conservative_morphology,p|ol|G,R06,1,1,1,LOW_POWER_OR_UNSTABLE,1.0,1.0,1.0,pol
low_reliability_or_unlikely,conservative_morphology,p|or|G,R00,1,1,1,LOW_POWER_OR_UNSTABLE,1.0,1.0,1.0,opor
low_reliability_or_unlikely,conservative_morphology,qok|eey|QOG,R00,1,1,1,LOW_POWER_OR_UNSTABLE,1.0,1.0,1.0,oqokeey
low_reliability_or_unlikely,conservative_morphology,q|NONE|Q,R00,1,1,1,LOW_POWER_OR_UNSTABLE,1.0,1.0,1.0,q
low_reliability_or_unlikely,conservative_morphology,q|ol|Q,R00,1,1,1,LOW_POWER_OR_UNSTABLE,1.0,1.0,1.0,oqol
low_reliability_or_unlikely,conservative_morphology,rag|NONE|LOX,R00,1,1,1,LOW_POWER_OR_UNSTABLE,1.0,1.0,1.0,rag
low_reliability_or_unlikely,conservative_morphology,rai|r|LOE,R00,1,1,1,LOW_POWER_OR_UNSTABLE,1.0,1.0,1.0,rair
low_reliability_or_unlikely,conservative_morphology,ralkch|edy|LOLGB,R00,1,1,1,LOW_POWER_OR_UNSTABLE,1.0,1.0,1.0,ralkchedy
low_reliability_or_unlikely,conservative_morphology,ral|al|LOL,R00,1,1,1,LOW_POWER_OR_UNSTABLE,1.0,1.0,1.0,ralal
low_reliability_or_unlikely,conservative_morphology,ral|ol|LOL,R00,1,1,1,LOW_POWER_OR_UNSTABLE,1.0,1.0,1.0,ralol
low_reliability_or_unlikely,conservative_morphology,rar|aiin|LOL,R00,1,1,1,LOW_POWER_OR_UNSTABLE,1.0,1.0,1.0,raraiin
low_reliability_or_unlikely,conservative_morphology,rar|al|LOL,R00,1,1,1,LOW_POWER_OR_UNSTABLE,1.0,1.0,1.0,raral
low_reliability_or_unlikely,conservative_morphology,rar|y|LOL,R00,1,1,1,LOW_POWER_OR_UNSTABLE,1.0,1.0,1.0,rary
low_reliability_or_unlikely,conservative_morphology,rched|ar|LBED,R00,1,1,1,LOW_POWER_OR_UNSTABLE,1.0,1.0,1.0,rchedar
low_reliability_or_unlikely,conservative_morphology,rchek|y|LBEG,R00,1,1,1,LOW_POWER_OR_UNSTABLE,1.0,1.0,1.0,rcheky
low_reliability_or_unlikely,conservative_morphology,rcheyet|NONE|LBEYEG,R00,1,1,1,LOW_POWER_OR_UNSTABLE,1.0,1.0,1.0,rcheyet
low_reliability_or_unlikely,conservative_morphology,rch|y|LB,R00,1,1,1,LOW_POWER_OR_UNSTABLE,1.0,1.0,1.0,rchy
low_reliability_or_unlikely,conservative_morphology,re|eey|LE,R00,1,1,1,LOW_POWER_OR_UNSTABLE,1.0,1.0,1.0,reeey
low_reliability_or_unlikely,conservative_morphology,rg|NONE|LX,R00,1,1,1,LOW_POWER_OR_UNSTABLE,1.0,1.0,1.0,org
low_reliability_or_unlikely,conservative_morphology,rkch|dy|LGB,R00,1,1,1,LOW_POWER_OR_UNSTABLE,1.0,1.0,1.0,rkchdy
low_reliability_or_unlikely,conservative_morphology,rk|al|LG,R00,1,1,1,LOW_POWER_OR_UNSTABLE,1.0,1.0,1.0,rkal
low_reliability_or_unlikely,conservative_morphology,rk|eey|LG,R00,1,1,1,LOW_POWER_OR_UNSTABLE,1.0,1.0,1.0,rkeey
low_reliability_or_unlikely,conservative_morphology,rk|y|LG,R00,1,1,1,LOW_POWER_OR_UNSTABLE,1.0,1.0,1.0,rky
low_reliability_or_unlikely,conservative_morphology,rl|aiin|L,R00,1,1,1,LOW_POWER_OR_UNSTABLE,1.0,1.0,1.0,rlaiin
low_reliability_or_unlikely,conservative_morphology,rod|ar|LOD,R00,1,1,1,LOW_POWER_OR_UNSTABLE,1.0,1.0,1.0,olrodar
low_reliability_or_unlikely,conservative_morphology,rolk|y|LOLG,R00,1,1,1,LOW_POWER_OR_UNSTABLE,1.0,1.0,1.0,rolky
low_reliability_or_unlikely,conservative_morphology,rolsh|eedy|LOLB,R00,1,1,1,LOW_POWER_OR_UNSTABLE,1.0,1.0,1.0,rolsheedy
low_reliability_or_unlikely,conservative_morphology,ror|ol|LOL,R00,1,1,1,LOW_POWER_OR_UNSTABLE,1.0,1.0,1.0,rorol
low_reliability_or_unlikely,conservative_morphology,rot|aiin|LOG,R00,1,1,1,LOW_POWER_OR_UNSTABLE,1.0,1.0,1.0,rotaiin
low_reliability_or_unlikely,conservative_morphology,ro|dy|LO,R00,1,1,1,LOW_POWER_OR_UNSTABLE,1.0,1.0,1.0,rody
low_reliability_or_unlikely,conservative_morphology,rshe|al|LBE,R00,1,1,1,LOW_POWER_OR_UNSTABLE,1.0,1.0,1.0,rsheal
low_reliability_or_unlikely,conservative_morphology,rsh|dy|LB,R00,1,1,1,LOW_POWER_OR_UNSTABLE,1.0,1.0,1.0,rshdy
low_reliability_or_unlikely,conservative_morphology,rsh|edy|LB,R00,1,1,1,LOW_POWER_OR_UNSTABLE,1.0,1.0,1.0,rshedy
low_reliability_or_unlikely,conservative_morphology,rsh|eedy|LB,R00,1,1,1,LOW_POWER_OR_UNSTABLE,1.0,1.0,1.0,rsheedy
low_reliability_or_unlikely,conservative_morphology,r|e|L,R00,1,1,1,LOW_POWER_OR_UNSTABLE,1.0,1.0,1.0,ore
low_reliability_or_unlikely,conservative_morphology,r|l|L,R00,1,1,1,LOW_POWER_OR_UNSTABLE,1.0,1.0,1.0,rl
low_reliability_or_unlikely,conservative_morphology,saiin|y|XOIL,R00,1,1,1,LOW_POWER_OR_UNSTABLE,1.0,1.0,1.0,olsaiiny
low_reliability_or_unlikely,conservative_morphology,saikch|y|XOEGB,R00,1,1,1,LOW_POWER_OR_UNSTABLE,1.0,1.0,1.0,ysaikchy
low_reliability_or_unlikely,conservative_morphology,sai|r|XOE,R00,1,1,1,LOW_POWER_OR_UNSTABLE,1.0,1.0,1.0,osair
low_reliability_or_unlikely,conservative_morphology,sald|al|XOLD,R09,1,1,1,LOW_POWER_OR_UNSTABLE,1.0,1.0,1.0,ysaldal
low_reliability_or_unlikely,conservative_morphology,sal|y|XOL,R00,1,1,1,LOW_POWER_OR_UNSTABLE,1.0,1.0,1.0,chsaly
low_reliability_or_unlikely,conservative_morphology,sara|m|XOLO,R00,1,1,1,LOW_POWER_OR_UNSTABLE,1.0,1.0,1.0,osaram
low_reliability_or_unlikely,conservative_morphology,sarsheeeo|NONE|XOLBEO,R00,1,1,1,LOW_POWER_OR_UNSTABLE,1.0,1.0,1.0,osarsheeeo
low_reliability_or_unlikely,conservative_morphology,sar|y|XOL,R00,1,1,1,LOW_POWER_OR_UNSTABLE,1.0,1.0,1.0,osary
low_reliability_or_unlikely,conservative_morphology,sche|or|XBE,R00,1,1,1,LOW_POWER_OR_UNSTABLE,1.0,1.0,1.0,oscheor
low_reliability_or_unlikely,conservative_morphology,schoe|r|XBOE,R00,1,1,1,LOW_POWER_OR_UNSTABLE,1.0,1.0,1.0,oschoer
low_reliability_or_unlikely,conservative_morphology,schotsh|l|XBOGB,R00,1,1,1,LOW_POWER_OR_UNSTABLE,1.0,1.0,1.0,oschotshl
low_reliability_or_unlikely,conservative_morphology,sch|y|XB,R00,1,1,1,LOW_POWER_OR_UNSTABLE,1.0,1.0,1.0,oschy
low_reliability_or_unlikely,conservative_morphology,sd|aiin|XD,R10,1,1,1,LOW_POWER_OR_UNSTABLE,1.0,1.0,1.0,osdaiin
low_reliability_or_unlikely,conservative_morphology,shche|al|BE,R00,1,1,1,LOW_POWER_OR_UNSTABLE,1.0,1.0,1.0,dshcheal
low_reliability_or_unlikely,conservative_morphology,shdchos|NONE|BDBOX,R00,1,1,1,LOW_POWER_OR_UNSTABLE,1.0,1.0,1.0,okshdchos
low_reliability_or_unlikely,conservative_morphology,shd|NONE|BD,H08,1,1,1,LOW_POWER_OR_UNSTABLE,1.0,1.0,1.0,qokshd
low_reliability_or_unlikely,conservative_morphology,sheckh|y|BEXGX,R00,1,1,1,LOW_POWER_OR_UNSTABLE,1.0,1.0,1.0,dsheckhy
low_reliability_or_unlikely,conservative_morphology,shedai|r|BEDOE,R00,1,1,1,LOW_POWER_OR_UNSTABLE,1.0,1.0,1.0,yshedair
low_reliability_or_unlikely,conservative_morphology,sheed|NONE|BED,R00,1,1,1,LOW_POWER_OR_UNSTABLE,1.0,1.0,1.0,olsheed
low_reliability_or_unlikely,conservative_morphology,sheeo|NONE|BEO,R06,1,1,1,LOW_POWER_OR_UNSTABLE,1.0,1.0,1.0,dsheeo
low_reliability_or_unlikely,conservative_morphology,sheeo|dy|BEO,R00,1,1,1,LOW_POWER_OR_UNSTABLE,1.0,1.0,1.0,oksheeody
low_reliability_or_unlikely,conservative_morphology,shees|NONE|BEX,R06,1,1,1,LOW_POWER_OR_UNSTABLE,1.0,1.0,1.0,dshees
low_reliability_or_unlikely,conservative_morphology,sheod|NONE|BEOD,R06,1,1,1,LOW_POWER_OR_UNSTABLE,1.0,1.0,1.0,ysheod
low_reliability_or_unlikely,conservative_morphology,sheog|NONE|BEOX,R06,1,1,1,LOW_POWER_OR_UNSTABLE,1.0,1.0,1.0,dsheog
low_reliability_or_unlikely,conservative_morphology,sheo|NONE|BEO,H08,1,1,1,LOW_POWER_OR_UNSTABLE,1.0,1.0,1.0,qoksheo
low_reliability_or_unlikely,conservative_morphology,sheo|y|BEO,R06,1,1,1,LOW_POWER_OR_UNSTABLE,1.0,1.0,1.0,dsheoy
low_reliability_or_unlikely,conservative_morphology,shesas|NONE|BEXOX,R00,1,1,1,LOW_POWER_OR_UNSTABLE,1.0,1.0,1.0,yshesas
low_reliability_or_unlikely,conservative_morphology,shes|NONE|BEX,R00,1,1,1,LOW_POWER_OR_UNSTABLE,1.0,1.0,1.0,okshes
low_reliability_or_unlikely,conservative_morphology,shes|y|BEX,R00,1,1,1,LOW_POWER_OR_UNSTABLE,1.0,1.0,1.0,oshesy
low_reliability_or_unlikely,conservative_morphology,she|al|BE,R00,1,1,1,LOW_POWER_OR_UNSTABLE,1.0,1.0,1.0,osheal
low_reliability_or_unlikely,conservative_morphology,shkch|dy|BGB,R00,1,1,1,LOW_POWER_OR_UNSTABLE,1.0,1.0,1.0,sshkchdy
low_reliability_or_unlikely,conservative_morphology,shok|NONE|BOG,R06,1,1,1,LOW_POWER_OR_UNSTABLE,1.0,1.0,1.0,sshok
low_reliability_or_unlikely,conservative_morphology,shot|y|BOG,R00,1,1,1,LOW_POWER_OR_UNSTABLE,1.0,1.0,1.0,chshoty
low_reliability_or_unlikely,conservative_morphology,sho|dy|BO,R00,1,1,1,LOW_POWER_OR_UNSTABLE,1.0,1.0,1.0,okshody
low_reliability_or_unlikely,conservative_morphology,shsh|dy|B,R00,1,1,1,LOW_POWER_OR_UNSTABLE,1.0,1.0,1.0,otshshdy
low_reliability_or_unlikely,conservative_morphology,sh|al|B,R00,1,1,1,LOW_POWER_OR_UNSTABLE,1.0,1.0,1.0,otshal
low_reliability_or_unlikely,conservative_morphology,sh|ar|B,R00,1,1,1,LOW_POWER_OR_UNSTABLE,1.0,1.0,1.0,oshar
low_reliability_or_unlikely,conservative_morphology,sh|e|B,H08,1,1,1,LOW_POWER_OR_UNSTABLE,1.0,1.0,1.0,qokshe
low_reliability_or_unlikely,conservative_morphology,socth|or|XOXGX,R00,1,1,1,LOW_POWER_OR_UNSTABLE,1.0,1.0,1.0,osocthor
low_reliability_or_unlikely,conservative_morphology,solk|eedy|XOLG,R00,1,1,1,LOW_POWER_OR_UNSTABLE,1.0,1.0,1.0,qsolkeedy
low_reliability_or_unlikely,conservative_morphology,s|al|X,R00,1,1,1,LOW_POWER_OR_UNSTABLE,1.0,1.0,1.0,osal
low_reliability_or_unlikely,conservative_morphology,taii|r|GOI,R06,1,1,1,LOW_POWER_OR_UNSTABLE,1.0,1.0,1.0,ytaiir
low_reliability_or_unlikely,conservative_morphology,tair|al|GOEL,R00,1,1,1,LOW_POWER_OR_UNSTABLE,1.0,1.0,1.0,ytairal
low_reliability_or_unlikely,conservative_morphology,tair|y|GOEL,R00,1,1,1,LOW_POWER_OR_UNSTABLE,1.0,1.0,1.0,chtairy
low_reliability_or_unlikely,conservative_morphology,talchos|NONE|GOLBOX,R00,1,1,1,LOW_POWER_OR_UNSTABLE,1.0,1.0,1.0,talchos
low_reliability_or_unlikely,conservative_morphology,talsa|m|GOLXO,R00,1,1,1,LOW_POWER_OR_UNSTABLE,1.0,1.0,1.0,chtalsam
low_reliability_or_unlikely,conservative_morphology,tals|NONE|GOLX,R06,1,1,1,LOW_POWER_OR_UNSTABLE,1.0,1.0,1.0,ytals
low_reliability_or_unlikely,conservative_morphology,tal|ar|GOL,R06,1,1,1,LOW_POWER_OR_UNSTABLE,1.0,1.0,1.0,talar
low_reliability_or_unlikely,conservative_morphology,tal|ol|GOL,R06,1,1,1,LOW_POWER_OR_UNSTABLE,1.0,1.0,1.0,talol
low_reliability_or_unlikely,conservative_morphology,tap|y|GOG,R06,1,1,1,LOW_POWER_OR_UNSTABLE,1.0,1.0,1.0,ytapy
low_reliability_or_unlikely,conservative_morphology,tarai|r|GOLOE,R06,1,1,1,LOW_POWER_OR_UNSTABLE,1.0,1.0,1.0,tarair
low_reliability_or_unlikely,conservative_morphology,tare|m|GOLE,R06,1,1,1,LOW_POWER_OR_UNSTABLE,1.0,1.0,1.0,ytarem
low_reliability_or_unlikely,conservative_morphology,taro|dy|GOLO,R00,1,1,1,LOW_POWER_OR_UNSTABLE,1.0,1.0,1.0,ytarody
low_reliability_or_unlikely,conservative_morphology,tar|aiin|GOL,R00,1,1,1,LOW_POWER_OR_UNSTABLE,1.0,1.0,1.0,taraiin
low_reliability_or_unlikely,conservative_morphology,tar|al|GOL,R06,1,1,1,LOW_POWER_OR_UNSTABLE,1.0,1.0,1.0,taral
low_reliability_or_unlikely,conservative_morphology,tar|ol|GOL,R06,1,1,1,LOW_POWER_OR_UNSTABLE,1.0,1.0,1.0,tarol
low_reliability_or_unlikely,conservative_morphology,tchalo|dy|GBOLO,R00,1,1,1,LOW_POWER_OR_UNSTABLE,1.0,1.0,1.0,tchalody
low_reliability_or_unlikely,conservative_morphology,tchal|y|GBOL,R06,1,1,1,LOW_POWER_OR_UNSTABLE,1.0,1.0,1.0,tchaly
low_reliability_or_unlikely,conservative_morphology,tched|al|GBED,R09,1,1,1,LOW_POWER_OR_UNSTABLE,1.0,1.0,1.0,tchedal
low_reliability_or_unlikely,conservative_morphology,tcheodyt|or|GBEODYG,R00,1,1,1,LOW_POWER_OR_UNSTABLE,1.0,1.0,1.0,ytcheodytor
low_reliability_or_unlikely,conservative_morphology,tcheod|ar|GBEOD,R00,1,1,1,LOW_POWER_OR_UNSTABLE,1.0,1.0,1.0,ytcheodar
low_reliability_or_unlikely,conservative_morphology,tcheych|edy|GBEYB,R00,1,1,1,LOW_POWER_OR_UNSTABLE,1.0,1.0,1.0,tcheychedy
low_reliability_or_unlikely,conservative_morphology,tche|ol|GBE,R06,1,1,1,LOW_POWER_OR_UNSTABLE,1.0,1.0,1.0,tcheol
low_reliability_or_unlikely,conservative_morphology,tchocth|ol|GBOXGX,R07,1,1,1,LOW_POWER_OR_UNSTABLE,1.0,1.0,1.0,ytchocthol
low_reliability_or_unlikely,conservative_morphology,tchodl|y|GBODL,R00,1,1,1,LOW_POWER_OR_UNSTABLE,1.0,1.0,1.0,ytchodly
low_reliability_or_unlikely,conservative_morphology,tchod|ain|GBOD,R00,1,1,1,LOW_POWER_OR_UNSTABLE,1.0,1.0,1.0,tchodain
low_reliability_or_unlikely,conservative_morphology,tchol|y|GBOL,R06,1,1,1,LOW_POWER_OR_UNSTABLE,1.0,1.0,1.0,tcholy
low_reliability_or_unlikely,conservative_morphology,tchord|NONE|GBOLD,R06,1,1,1,LOW_POWER_OR_UNSTABLE,1.0,1.0,1.0,ytchord
low_reliability_or_unlikely,conservative_morphology,tchor|y|GBOL,R06,1,1,1,LOW_POWER_OR_UNSTABLE,1.0,1.0,1.0,tchory
low_reliability_or_unlikely,conservative_morphology,tcho|NONE|GBO,R06,1,1,1,LOW_POWER_OR_UNSTABLE,1.0,1.0,1.0,ytcho
low_reliability_or_unlikely,conservative_morphology,tcho|y|GBO,R06,1,1,1,LOW_POWER_OR_UNSTABLE,1.0,1.0,1.0,ytchoy
low_reliability_or_unlikely,conservative_morphology,td|aiin|GD,R06,1,1,1,LOW_POWER_OR_UNSTABLE,1.0,1.0,1.0,tdaiin
low_reliability_or_unlikely,conservative_morphology,tech|y|GEB,R06,1,1,1,LOW_POWER_OR_UNSTABLE,1.0,1.0,1.0,techy
low_reliability_or_unlikely,conservative_morphology,teda|m|GEDO,R06,1,1,1,LOW_POWER_OR_UNSTABLE,1.0,1.0,1.0,tedam
low_reliability_or_unlikely,conservative_morphology,tedg|NONE|GEDX,R06,1,1,1,LOW_POWER_OR_UNSTABLE,1.0,1.0,1.0,dtedg
low_reliability_or_unlikely,conservative_morphology,tedy|ol|GEDY,R06,1,1,1,LOW_POWER_OR_UNSTABLE,1.0,1.0,1.0,tedyol
low_reliability_or_unlikely,conservative_morphology,teeda|m|GEDO,R06,1,1,1,LOW_POWER_OR_UNSTABLE,1.0,1.0,1.0,teedam
low_reliability_or_unlikely,conservative_morphology,teed|NONE|GED,R06,1,1,1,LOW_POWER_OR_UNSTABLE,1.0,1.0,1.0,teed
low_reliability_or_unlikely,conservative_morphology,teed|ar|GED,R06,1,1,1,LOW_POWER_OR_UNSTABLE,1.0,1.0,1.0,teedar
low_reliability_or_unlikely,conservative_morphology,teee|or|GE,R00,1,1,1,LOW_POWER_OR_UNSTABLE,1.0,1.0,1.0,yteeeor
low_reliability_or_unlikely,conservative_morphology,teeod|aiin|GEOD,R10,1,1,1,LOW_POWER_OR_UNSTABLE,1.0,1.0,1.0,teeodaiin
low_reliability_or_unlikely,conservative_morphology,teeod|ain|GEOD,R00,1,1,1,LOW_POWER_OR_UNSTABLE,1.0,1.0,1.0,teeodain
low_reliability_or_unlikely,conservative_morphology,teeol|ain|GEOL,R00,1,1,1,LOW_POWER_OR_UNSTABLE,1.0,1.0,1.0,teeolain
low_reliability_or_unlikely,conservative_morphology,teeos|NONE|GEOX,R06,1,1,1,LOW_POWER_OR_UNSTABLE,1.0,1.0,1.0,teeos
low_reliability_or_unlikely,conservative_morphology,teeo|ar|GEO,R06,1,1,1,LOW_POWER_OR_UNSTABLE,1.0,1.0,1.0,teeoar
low_reliability_or_unlikely,conservative_morphology,tee|ol|GE,R06,1,1,1,LOW_POWER_OR_UNSTABLE,1.0,1.0,1.0,teeol
low_reliability_or_unlikely,conservative_morphology,teodaro|dy|GEODOLO,R00,1,1,1,LOW_POWER_OR_UNSTABLE,1.0,1.0,1.0,teodarody
low_reliability_or_unlikely,conservative_morphology,teoda|m|GEODO,R00,1,1,1,LOW_POWER_OR_UNSTABLE,1.0,1.0,1.0,yteodam
low_reliability_or_unlikely,conservative_morphology,teod|NONE|GEOD,R06,1,1,1,LOW_POWER_OR_UNSTABLE,1.0,1.0,1.0,yteod
low_reliability_or_unlikely,conservative_morphology,teold|NONE|GEOLD,R06,1,1,1,LOW_POWER_OR_UNSTABLE,1.0,1.0,1.0,yteold
low_reliability_or_unlikely,conservative_morphology,teol|dy|GEOL,R00,1,1,1,LOW_POWER_OR_UNSTABLE,1.0,1.0,1.0,yteoldy
low_reliability_or_unlikely,conservative_morphology,teos|NONE|GEOX,R06,1,1,1,LOW_POWER_OR_UNSTABLE,1.0,1.0,1.0,yteos
low_reliability_or_unlikely,conservative_morphology,teo|NONE|GEO,R06,1,1,1,LOW_POWER_OR_UNSTABLE,1.0,1.0,1.0,teo
low_reliability_or_unlikely,conservative_morphology,teo|or|GEO,R06,1,1,1,LOW_POWER_OR_UNSTABLE,1.0,1.0,1.0,yteoor
low_reliability_or_unlikely,conservative_morphology,te|al|GE,R06,1,1,1,LOW_POWER_OR_UNSTABLE,1.0,1.0,1.0,yteal
low_reliability_or_unlikely,conservative_morphology,te|eedy|GE,R06,1,1,1,LOW_POWER_OR_UNSTABLE,1.0,1.0,1.0,teeedy
low_reliability_or_unlikely,conservative_morphology,te|eey|GE,R06,1,1,1,LOW_POWER_OR_UNSTABLE,1.0,1.0,1.0,yteeey
low_reliability_or_unlikely,conservative_morphology,te|or|GE,R06,1,1,1,LOW_POWER_OR_UNSTABLE,1.0,1.0,1.0,yteor
low_reliability_or_unlikely,conservative_morphology,toai|l|GOE,R06,1,1,1,LOW_POWER_OR_UNSTABLE,1.0,1.0,1.0,ytoail
low_reliability_or_unlikely,conservative_morphology,toch|ey|GOB,R06,1,1,1,LOW_POWER_OR_UNSTABLE,1.0,1.0,1.0,tochey
low_reliability_or_unlikely,conservative_morphology,tockh|y|GOXGX,R06,1,1,1,LOW_POWER_OR_UNSTABLE,1.0,1.0,1.0,tockhy
low_reliability_or_unlikely,conservative_morphology,todaii|r|GODOI,R00,1,1,1,LOW_POWER_OR_UNSTABLE,1.0,1.0,1.0,ytodaiir
low_reliability_or_unlikely,conservative_morphology,todaraiil|y|GODOLOIL,R00,1,1,1,LOW_POWER_OR_UNSTABLE,1.0,1.0,1.0,todaraiily
low_reliability_or_unlikely,conservative_morphology,tode|eey|GODE,R00,1,1,1,LOW_POWER_OR_UNSTABLE,1.0,1.0,1.0,todeeey
low_reliability_or_unlikely,conservative_morphology,tod|ain|GOD,R06,1,1,1,LOW_POWER_OR_UNSTABLE,1.0,1.0,1.0,todain
low_reliability_or_unlikely,conservative_morphology,toealchs|NONE|GOEOLBX,R00,1,1,1,LOW_POWER_OR_UNSTABLE,1.0,1.0,1.0,toealchs
low_reliability_or_unlikely,conservative_morphology,toeeedch|y|GOEDB,R00,1,1,1,LOW_POWER_OR_UNSTABLE,1.0,1.0,1.0,toeeedchy
low_reliability_or_unlikely,conservative_morphology,toeopch|ey|GOEOGB,R00,1,1,1,LOW_POWER_OR_UNSTABLE,1.0,1.0,1.0,ytoeopchey
low_reliability_or_unlikely,conservative_morphology,toi|iin|GOE,R00,1,1,1,LOW_POWER_OR_UNSTABLE,1.0,1.0,1.0,ytoiiin
low_reliability_or_unlikely,conservative_morphology,tok|ar|GOG,R06,1,1,1,LOW_POWER_OR_UNSTABLE,1.0,1.0,1.0,ytokar
low_reliability_or_unlikely,conservative_morphology,tok|y|GOG,R06,1,1,1,LOW_POWER_OR_UNSTABLE,1.0,1.0,1.0,toky
low_reliability_or_unlikely,conservative_morphology,tolai|r|GOLOE,R06,1,1,1,LOW_POWER_OR_UNSTABLE,1.0,1.0,1.0,tolair
low_reliability_or_unlikely,conservative_morphology,tolchd|NONE|GOLBD,R06,1,1,1,LOW_POWER_OR_UNSTABLE,1.0,1.0,1.0,tolchd
low_reliability_or_unlikely,conservative_morphology,tolk|ey|GOLG,R06,1,1,1,LOW_POWER_OR_UNSTABLE,1.0,1.0,1.0,tolkey
low_reliability_or_unlikely,conservative_morphology,tolsas|y|GOLXOX,R00,1,1,1,LOW_POWER_OR_UNSTABLE,1.0,1.0,1.0,tolsasy
low_reliability_or_unlikely,conservative_morphology,tols|NONE|GOLX,R00,1,1,1,LOW_POWER_OR_UNSTABLE,1.0,1.0,1.0,chtols
low_reliability_or_unlikely,conservative_morphology,tol|dy|GOL,R00,1,1,1,LOW_POWER_OR_UNSTABLE,1.0,1.0,1.0,ytoldy
low_reliability_or_unlikely,conservative_morphology,tol|ol|GOL,R06,1,1,1,LOW_POWER_OR_UNSTABLE,1.0,1.0,1.0,tolol
low_reliability_or_unlikely,conservative_morphology,torch|y|GOLB,R06,1,1,1,LOW_POWER_OR_UNSTABLE,1.0,1.0,1.0,torchy
low_reliability_or_unlikely,conservative_morphology,torolshs|dy|GOLOLBX,R00,1,1,1,LOW_POWER_OR_UNSTABLE,1.0,1.0,1.0,torolshsdy
low_reliability_or_unlikely,conservative_morphology,torsh|or|GOLB,R00,1,1,1,LOW_POWER_OR_UNSTABLE,1.0,1.0,1.0,torshor
low_reliability_or_unlikely,conservative_morphology,tor|ol|GOL,R00,1,1,1,LOW_POWER_OR_UNSTABLE,1.0,1.0,1.0,chtorol
low_reliability_or_unlikely,conservative_morphology,tosheo|NONE|GOBEO,R06,1,1,1,LOW_POWER_OR_UNSTABLE,1.0,1.0,1.0,tosheo
low_reliability_or_unlikely,conservative_morphology,tosh|y|GOB,R06,1,1,1,LOW_POWER_OR_UNSTABLE,1.0,1.0,1.0,toshy
low_reliability_or_unlikely,conservative_morphology,tos|NONE|GOX,R06,1,1,1,LOW_POWER_OR_UNSTABLE,1.0,1.0,1.0,tos
low_reliability_or_unlikely,conservative_morphology,to|aiin|GO,R00,1,1,1,LOW_POWER_OR_UNSTABLE,1.0,1.0,1.0,ytoaiin
low_reliability_or_unlikely,conservative_morphology,to|ar|GO,R06,1,1,1,LOW_POWER_OR_UNSTABLE,1.0,1.0,1.0,ytoar
low_reliability_or_unlikely,conservative_morphology,to|iin|GO,R06,1,1,1,LOW_POWER_OR_UNSTABLE,1.0,1.0,1.0,toiin
low_reliability_or_unlikely,conservative_morphology,tshda|NONE|GBDO,R06,1,1,1,LOW_POWER_OR_UNSTABLE,1.0,1.0,1.0,tshda
low_reliability_or_unlikely,conservative_morphology,tshedk|y|GBEDG,R00,1,1,1,LOW_POWER_OR_UNSTABLE,1.0,1.0,1.0,tshedky
low_reliability_or_unlikely,conservative_morphology,tshed|al|GBED,R09,1,1,1,LOW_POWER_OR_UNSTABLE,1.0,1.0,1.0,tshedal
low_reliability_or_unlikely,conservative_morphology,tshed|ar|GBED,R00,1,1,1,LOW_POWER_OR_UNSTABLE,1.0,1.0,1.0,tshedar
low_reliability_or_unlikely,conservative_morphology,tshee|or|GBE,R00,1,1,1,LOW_POWER_OR_UNSTABLE,1.0,1.0,1.0,tsheeor
low_reliability_or_unlikely,conservative_morphology,tshod|NONE|GBOD,R06,1,1,1,LOW_POWER_OR_UNSTABLE,1.0,1.0,1.0,tshod
low_reliability_or_unlikely,conservative_morphology,tshol|dy|GBOL,R00,1,1,1,LOW_POWER_OR_UNSTABLE,1.0,1.0,1.0,tsholdy
low_reliability_or_unlikely,conservative_morphology,tshol|ol|GBOL,R00,1,1,1,LOW_POWER_OR_UNSTABLE,1.0,1.0,1.0,tsholol
low_reliability_or_unlikely,conservative_morphology,tshs|ey|GBX,R00,1,1,1,LOW_POWER_OR_UNSTABLE,1.0,1.0,1.0,oltshsey
low_reliability_or_unlikely,conservative_morphology,tsh|ar|GB,R00,1,1,1,LOW_POWER_OR_UNSTABLE,1.0,1.0,1.0,chtshar
low_reliability_or_unlikely,conservative_morphology,tsh|edy|GB,R06,1,1,1,LOW_POWER_OR_UNSTABLE,1.0,1.0,1.0,tshedy
low_reliability_or_unlikely,conservative_morphology,tsh|ey|GB,R06,1,1,1,LOW_POWER_OR_UNSTABLE,1.0,1.0,1.0,tshey
low_reliability_or_unlikely,conservative_morphology,tsh|or|GB,R06,1,1,1,LOW_POWER_OR_UNSTABLE,1.0,1.0,1.0,tshor
low_reliability_or_unlikely,conservative_morphology,tsh|y|GB,R06,1,1,1,LOW_POWER_OR_UNSTABLE,1.0,1.0,1.0,ytshy
low_reliability_or_unlikely,conservative_morphology,tych|y|GYB,R06,1,1,1,LOW_POWER_OR_UNSTABLE,1.0,1.0,1.0,ytychy
low_reliability_or_unlikely,conservative_morphology,tydlo|NONE|GYDLO,R06,1,1,1,LOW_POWER_OR_UNSTABLE,1.0,1.0,1.0,tydlo
low_reliability_or_unlikely,conservative_morphology,tyk|y|GYG,R06,1,1,1,LOW_POWER_OR_UNSTABLE,1.0,1.0,1.0,tyky
low_reliability_or_unlikely,conservative_morphology,ty|dy|GY,R00,1,1,1,LOW_POWER_OR_UNSTABLE,1.0,1.0,1.0,ytydy
low_reliability_or_unlikely,conservative_morphology,t|dy|G,R00,1,1,1,LOW_POWER_OR_UNSTABLE,1.0,1.0,1.0,ytdy
low_reliability_or_unlikely,conservative_morphology,v|or|X,R00,1,1,1,LOW_POWER_OR_UNSTABLE,1.0,1.0,1.0,vor
low_reliability_or_unlikely,conservative_morphology,x|ar|X,R06,1,1,1,LOW_POWER_OR_UNSTABLE,1.0,1.0,1.0,dxar
low_reliability_or_unlikely,conservative_morphology,yaii|r|YOI,R06,1,1,1,LOW_POWER_OR_UNSTABLE,1.0,1.0,1.0,syaiir
low_reliability_or_unlikely,conservative_morphology,ydar|y|YDOL,R00,1,1,1,LOW_POWER_OR_UNSTABLE,1.0,1.0,1.0,otydary
low_reliability_or_unlikely,conservative_morphology,yda|NONE|YDO,R00,1,1,1,LOW_POWER_OR_UNSTABLE,1.0,1.0,1.0,otyda
low_reliability_or_unlikely,conservative_morphology,ydch|y|YDB,R00,1,1,1,LOW_POWER_OR_UNSTABLE,1.0,1.0,1.0,oydchy
low_reliability_or_unlikely,conservative_morphology,ydd|or|YD,R00,1,1,1,LOW_POWER_OR_UNSTABLE,1.0,1.0,1.0,okyddor
low_reliability_or_unlikely,conservative_morphology,ydg|NONE|YDX,R00,1,1,1,LOW_POWER_OR_UNSTABLE,1.0,1.0,1.0,otydg
low_reliability_or_unlikely,conservative_morphology,yd|NONE|YD,R00,1,1,1,LOW_POWER_OR_UNSTABLE,1.0,1.0,1.0,okyd
low_reliability_or_unlikely,conservative_morphology,yeesh|y|YEB,R00,1,1,1,LOW_POWER_OR_UNSTABLE,1.0,1.0,1.0,okyeeshy
low_reliability_or_unlikely,conservative_morphology,yg|y|YX,R00,1,1,1,LOW_POWER_OR_UNSTABLE,1.0,1.0,1.0,oygy
low_reliability_or_unlikely,conservative_morphology,ykara|n|YGOLO,R00,1,1,1,LOW_POWER_OR_UNSTABLE,1.0,1.0,1.0,dykaran
low_reliability_or_unlikely,conservative_morphology,ykchs|NONE|YGBX,R00,1,1,1,LOW_POWER_OR_UNSTABLE,1.0,1.0,1.0,otykchs
low_reliability_or_unlikely,conservative_morphology,ykch|al|YGB,R00,1,1,1,LOW_POWER_OR_UNSTABLE,1.0,1.0,1.0,dykchal
low_reliability_or_unlikely,conservative_morphology,ykch|or|YGB,R00,1,1,1,LOW_POWER_OR_UNSTABLE,1.0,1.0,1.0,oykchor
low_reliability_or_unlikely,conservative_morphology,ykos|NONE|YGOX,R06,1,1,1,LOW_POWER_OR_UNSTABLE,1.0,1.0,1.0,sykos
low_reliability_or_unlikely,conservative_morphology,yksh|y|YGB,R06,1,1,1,LOW_POWER_OR_UNSTABLE,1.0,1.0,1.0,dykshy
low_reliability_or_unlikely,conservative_morphology,yk|NONE|YG,R06,1,1,1,LOW_POWER_OR_UNSTABLE,1.0,1.0,1.0,yk
low_reliability_or_unlikely,conservative_morphology,yk|ain|YG,R06,1,1,1,LOW_POWER_OR_UNSTABLE,1.0,1.0,1.0,dykain
low_reliability_or_unlikely,conservative_morphology,yk|eedy|YG,R00,1,1,1,LOW_POWER_OR_UNSTABLE,1.0,1.0,1.0,dykeedy
low_reliability_or_unlikely,conservative_morphology,yk|eey|YG,R00,1,1,1,LOW_POWER_OR_UNSTABLE,1.0,1.0,1.0,oykeey
low_reliability_or_unlikely,conservative_morphology,yk|ey|YG,R00,1,1,1,LOW_POWER_OR_UNSTABLE,1.0,1.0,1.0,chykey
low_reliability_or_unlikely,conservative_morphology,yk|ol|YG,R06,1,1,1,LOW_POWER_OR_UNSTABLE,1.0,1.0,1.0,shykol
low_reliability_or_unlikely,conservative_morphology,yld|dy|YLD,H11,1,1,1,LOW_POWER_OR_UNSTABLE,1.0,1.0,1.0,qokylddy
low_reliability_or_unlikely,conservative_morphology,yl|or|YL,R00,1,1,1,LOW_POWER_OR_UNSTABLE,1.0,1.0,1.0,otylor
low_reliability_or_unlikely,conservative_morphology,yotyds|NONE|YOGYDX,R00,1,1,1,LOW_POWER_OR_UNSTABLE,1.0,1.0,1.0,dyotyds
low_reliability_or_unlikely,conservative_morphology,yo|eey|YO,R00,1,1,1,LOW_POWER_OR_UNSTABLE,1.0,1.0,1.0,qyoeey
low_reliability_or_unlikely,conservative_morphology,ypcha|m|YGBO,R00,1,1,1,LOW_POWER_OR_UNSTABLE,1.0,1.0,1.0,chypcham
low_reliability_or_unlikely,conservative_morphology,ypch|y|YGB,R06,1,1,1,LOW_POWER_OR_UNSTABLE,1.0,1.0,1.0,dypchy
low_reliability_or_unlikely,conservative_morphology,ys|NONE|YX,R00,1,1,1,LOW_POWER_OR_UNSTABLE,1.0,1.0,1.0,otys
low_reliability_or_unlikely,conservative_morphology,ytch|edy|YGB,H10,1,1,1,LOW_POWER_OR_UNSTABLE,1.0,1.0,1.0,qokytchedy
low_reliability_or_unlikely,conservative_morphology,ytolg|NONE|YGOLX,R06,1,1,1,LOW_POWER_OR_UNSTABLE,1.0,1.0,1.0,dytolg
low_reliability_or_unlikely,conservative_morphology,ytos|NONE|YGOX,R00,1,1,1,LOW_POWER_OR_UNSTABLE,1.0,1.0,1.0,chytos
low_reliability_or_unlikely,conservative_morphology,ytsh|edy|YGB,R00,1,1,1,LOW_POWER_OR_UNSTABLE,1.0,1.0,1.0,dytshedy
low_reliability_or_unlikely,conservative_morphology,ytsh|y|YGB,R06,1,1,1,LOW_POWER_OR_UNSTABLE,1.0,1.0,1.0,dytshy
low_reliability_or_unlikely,conservative_morphology,yt|NONE|YG,R06,1,1,1,LOW_POWER_OR_UNSTABLE,1.0,1.0,1.0,yt
low_reliability_or_unlikely,conservative_morphology,yt|aiin|YG,R00,1,1,1,LOW_POWER_OR_UNSTABLE,1.0,1.0,1.0,okytaiin
low_reliability_or_unlikely,conservative_morphology,yt|ain|YG,R06,1,1,1,LOW_POWER_OR_UNSTABLE,1.0,1.0,1.0,dytain
low_reliability_or_unlikely,conservative_morphology,yt|edy|YG,R06,1,1,1,LOW_POWER_OR_UNSTABLE,1.0,1.0,1.0,dytedy
low_reliability_or_unlikely,conservative_morphology,yt|eedy|YG,R00,1,1,1,LOW_POWER_OR_UNSTABLE,1.0,1.0,1.0,oyteedy
low_reliability_or_unlikely,conservative_morphology,yt|eey|YG,R00,1,1,1,LOW_POWER_OR_UNSTABLE,1.0,1.0,1.0,oyteey
low_reliability_or_unlikely,broad_shape,O|l,R07,506,353,25,LOW_POWER_OR_UNSTABLE,0.306,0.47,0.921,"chol, ol, dal, qokal, okal, al"
low_reliability_or_unlikely,broad_shape,O|r,R06,396,299,26,LOW_POWER_OR_UNSTABLE,0.523,0.566,0.841,"ar, dar, chor, or, qokar, okar"
low_reliability_or_unlikely,broad_shape,O|iin,R10,391,305,20,LOW_POWER_OR_UNSTABLE,0.529,0.555,0.928,"daiin, aiin, qokaiin, okaiin, saiin, otaiin"
low_reliability_or_unlikely,broad_shape,E|dy,R06,367,232,8,LOW_POWER_OR_UNSTABLE,0.262,0.365,0.997,"shedy, chedy, qokedy, okedy, otedy, qotedy"
low_reliability_or_unlikely,broad_shape,O|in,R06,227,179,14,LOW_POWER_OR_UNSTABLE,0.366,0.454,0.947,"qokain, dain, okain, otain, sain, qotain"
low_reliability_or_unlikely,broad_shape,E|edy,H01,203,153,9,LOW_POWER_OR_UNSTABLE,0.542,0.581,0.98,"qokeedy, okeedy, qoteedy, sheedy, oteedy, cheedy"
low_reliability_or_unlikely,broad_shape,E|ey,R06,195,159,10,LOW_POWER_OR_UNSTABLE,0.477,0.564,0.897,"qokeey, okeey, sheey, cheey, oteey, qoteey"
low_reliability_or_unlikely,broad_shape,E|y,R06,156,137,8,LOW_POWER_OR_UNSTABLE,0.654,0.667,0.929,"chey, shey, qokey, okey, otey, qotey"
low_reliability_or_unlikely,broad_shape,G|y,H01,127,115,14,LOW_POWER_OR_UNSTABLE,0.465,0.63,0.85,"qoky, oky, qoty, oty, chky, olky"
low_reliability_or_unlikely,broad_shape,XGX|y,R00,122,110,17,LOW_POWER_OR_UNSTABLE,0.541,0.598,0.943,"chckhy, chcthy, cthy, shckhy, ckhy, ockhy"
low_reliability_or_unlikely,broad_shape,D|y,R02,92,86,10,CONTEXTUAL_ROLE_SIGNAL,0.62,0.707,0.848,"dy, chdy, shdy, ody, oldy, otdy"
low_reliability_or_unlikely,broad_shape,OL|y,R00,86,82,29,CONTEXTUAL_ROLE_SIGNAL,0.651,0.744,0.419,"dary, otaly, okary, okaly, daly, ary"
low_reliability_or_unlikely,broad_shape,E|ol,R00,78,70,14,LOW_POWER_OR_UNSTABLE,0.41,0.628,0.872,"cheol, sheol, qokeol, okeol, sheeol, okeeol"
low_reliability_or_unlikely,broad_shape,O|m,R06,73,70,19,LOW_POWER_OR_UNSTABLE,0.63,0.644,0.836,"dam, am, otam, qokam, okam, oram"
low_reliability_or_unlikely,broad_shape,B|y,R00,73,68,17,LOW_POWER_OR_UNSTABLE,0.562,0.63,0.849,"chy, qotchy, qokchy, okchy, otchy, olchy"
low_reliability_or_unlikely,broad_shape,B|ey,R00,63,61,20,LOW_POWER_OR_UNSTABLE,0.492,0.54,0.921,"qokchey, olchey, okchey, dchey, otchey, orchey"
low_reliability_or_unlikely,broad_shape,B|edy,R00,61,57,16,LOW_POWER_OR_UNSTABLE,0.508,0.59,1.0,"dshedy, olchedy, qotchedy, otchedy, olshedy, qokchedy"
low_reliability_or_unlikely,broad_shape,EO|dy,R00,59,49,13,LOW_POWER_OR_UNSTABLE,0.576,0.678,0.712,"cheody, okeody, sheody, qokeody, oteody, qokeeody"
low_reliability_or_unlikely,broad_shape,B|dy,R00,50,45,13,LOW_POWER_OR_UNSTABLE,0.5,0.68,0.86,"qokchdy, otchdy, okchdy, dchdy, dshdy, olshdy"
low_reliability_or_unlikely,broad_shape,G|aiin,R06,44,43,12,CONTEXTUAL_ROLE_SIGNAL,0.727,0.727,0.909,"ykaiin, kaiin, taiin, olkaiin, ytaiin, chkaiin"
low_reliability_or_unlikely,broad_shape,GB|edy,R00,42,40,19,LOW_POWER_OR_UNSTABLE,0.476,0.667,1.0,"pchedy, opchedy, tchedy, kshedy, kchedy, qopshedy"
low_reliability_or_unlikely,broad_shape,EG|y,R06,40,39,12,STABLE_BUT_LOCAL_OR_THRESHOLD_SENSITIVE,0.75,0.825,0.875,"cheky, sheky, sheeky, chety, sheety, cheeky"
low_reliability_or_unlikely,broad_shape,G|ar,R06,40,37,10,CONTEXTUAL_ROLE_SIGNAL,0.625,0.825,0.8,"kar, ykar, olkar, opar, tar, ytar"
low_reliability_or_unlikely,broad_shape,GB|y,R06,39,31,18,CONTEXTUAL_ROLE_SIGNAL,0.718,0.872,0.795,"kchy, ykchy, ytchy, tchy, opchy, ykshy"
low_reliability_or_unlikely,broad_shape,OE|r,R06,39,37,7,CONTEXTUAL_ROLE_SIGNAL,0.462,0.744,0.795,"dair, sair, air, qokair, okair, otair"
low_reliability_or_unlikely,broad_shape,E|or,R00,38,37,11,LOW_POWER_OR_UNSTABLE,0.632,0.684,0.921,"cheor, sheor, okeor, cheeor, oteeor, sheeor"
low_reliability_or_unlikely,broad_shape,G|edy,R00,37,33,7,LOW_POWER_OR_UNSTABLE,0.568,0.649,1.0,"tedy, ykedy, olkedy, kedy, ytedy, chkedy"
low_reliability_or_unlikely,broad_shape,XGX|ey,R00,37,36,11,LOW_POWER_OR_UNSTABLE,0.459,0.595,0.973,"cthey, qockhey, chckhey, ckhey, cphey, ockhey"
low_reliability_or_unlikely,broad_shape,G|eedy,R00,35,34,7,CONTEXTUAL_ROLE_SIGNAL,0.714,0.714,0.914,"olkeedy, keedy, yteedy, ykeedy, teedy, chkeedy"
low_reliability_or_unlikely,broad_shape,OL|dy,R00,34,34,14,LOW_POWER_OR_UNSTABLE,0.5,0.676,0.559,"okaldy, daldy, otaldy, qokaldy, okoldy, choldy"
low_reliability_or_unlikely,broad_shape,E|ar,R00,32,30,12,LOW_POWER_OR_UNSTABLE,0.688,0.688,0.844,"chear, shear, okear, qokear, qokeear, oeear"
low_reliability_or_unlikely,broad_shape,EX|NONE,R00,31,31,16,STABLE_BUT_LOCAL_OR_THRESHOLD_SENSITIVE,0.774,0.903,0.871,"ches, oeees, chees, okees, eees, qokees"
low_reliability_or_unlikely,broad_shape,L|y,R06,31,31,7,CONTEXTUAL_ROLE_SIGNAL,0.516,0.742,0.774,"oly, ory, ly, otly, ry, dly"
low_reliability_or_unlikely,broad_shape,GB|ey,R06,30,28,13,CONTEXTUAL_ROLE_SIGNAL,0.6,0.767,0.7,"opchey, kchey, ytchey, tchey, ykchey, ypchey"
low_reliability_or_unlikely,broad_shape,G|eey,R06,30,29,8,CONTEXTUAL_ROLE_SIGNAL,0.6,0.7,0.933,"olkeey, yteey, ykeey, keey, chkeey, teey"
low_reliability_or_unlikely,broad_shape,XGX|ol,R07,30,29,8,CONTEXTUAL_ROLE_SIGNAL,0.6,0.733,0.967,"cthol, cphol, ckhol, chckhol, cfhol, ockhol"
low_reliability_or_unlikely,broad_shape,B|or,R06,28,28,10,LOW_POWER_OR_UNSTABLE,0.5,0.679,0.857,"dchor, ychor, okchor, ochor, dshor, otchor"
low_reliability_or_unlikely,broad_shape,L|NONE,R06,27,27,2,CONTEXTUAL_ROLE_SIGNAL,0.556,0.815,0.704,"l, r"
low_reliability_or_unlikely,broad_shape,Y|NONE,R06,25,25,1,CONTEXTUAL_ROLE_SIGNAL,1.0,1.0,0.6,y
low_reliability_or_unlikely,broad_shape,LB|ey,R00,25,24,5,STABLE_BUT_LOCAL_OR_THRESHOLD_SENSITIVE,0.8,0.88,1.0,"lshey, lchey, qolchey, rchey, llchey"
low_reliability_or_unlikely,broad_shape,GEO|dy,R00,25,24,9,CONTEXTUAL_ROLE_SIGNAL,0.68,0.92,0.52,"ykeeody, ykeody, keody, yteody, teody, yteeody"
low_reliability_or_unlikely,broad_shape,BO|NONE,R00,25,24,10,LOW_POWER_OR_UNSTABLE,0.64,0.68,0.92,"cho, dcho, qokcho, dsho, ycho, otcho"
low_reliability_or_unlikely,broad_shape,EO|NONE,R00,25,24,9,CONTEXTUAL_ROLE_SIGNAL,0.52,0.72,0.88,"sheo, cheo, cheeo, qokeeo, okeeo, qokeo"
low_reliability_or_unlikely,broad_shape,ED|NONE,H08,24,23,10,LOW_POWER_OR_UNSTABLE,0.333,0.583,0.917,"shed, qokeed, oteed, ched, qoked, qoted"
low_reliability_or_unlikely,broad_shape,OLO|m,R00,23,23,14,CONTEXTUAL_ROLE_SIGNAL,0.696,0.87,0.391,"otalam, alam, arom, okaram, otoram, dalam"
low_reliability_or_unlikely,broad_shape,G|ain,R06,23,22,11,LOW_POWER_OR_UNSTABLE,0.652,0.696,0.957,"kain, olkain, ytain, tain, chtain, yfain"
low_reliability_or_unlikely,broad_shape,B|ol,R06,22,22,9,LOW_POWER_OR_UNSTABLE,0.455,0.591,0.864,"ychol, otchol, dchol, okchol, qotchol, ochol"
low_reliability_or_unlikely,broad_shape,B|eey,R06,21,21,13,LOW_POWER_OR_UNSTABLE,0.524,0.667,0.905,"ycheey, olcheey, dsheey, dcheey, orcheey, osheey"
low_reliability_or_unlikely,broad_shape,OL|al,R00,21,21,13,CONTEXTUAL_ROLE_SIGNAL,0.476,0.857,0.476,"aral, saral, otaral, dalal, cholal, solal"
low_reliability_or_unlikely,broad_shape,G|ol,R06,20,20,10,STABLE_BUT_LOCAL_OR_THRESHOLD_SENSITIVE,0.8,0.9,0.8,"kol, tol, ykol, chtol, chkol, shtol"
low_reliability_or_unlikely,broad_shape,GB|or,R06,20,19,11,STABLE_BUT_LOCAL_OR_THRESHOLD_SENSITIVE,0.75,0.8,0.85,"tchor, kchor, opchor, ytchor, shkchor, chtchor"
low_reliability_or_unlikely,broad_shape,LG|eedy,R00,20,20,4,CONTEXTUAL_ROLE_SIGNAL,0.7,0.95,1.0,"lkeedy, qolkeedy, lteedy, qolteedy"
low_reliability_or_unlikely,broad_shape,D|aiin,R10,20,19,5,CONTEXTUAL_ROLE_SIGNAL,0.6,0.7,0.85,"odaiin, ydaiin, qodaiin, oldaiin, chdaiin"
low_reliability_or_unlikely,broad_shape,GE|ol,R06,19,19,8,STABLE_BUT_LOCAL_OR_THRESHOLD_SENSITIVE,0.895,0.947,0.789,"keol, teol, olkeol, ykeol, ykeeol, yteol"
low_reliability_or_unlikely,broad_shape,GB|ol,R06,19,19,9,CONTEXTUAL_ROLE_SIGNAL,0.737,0.842,0.842,"ykchol, ytchol, tshol, pshol, kchol, tchol"
low_reliability_or_unlikely,broad_shape,EOX|NONE,R00,19,18,11,CONTEXTUAL_ROLE_SIGNAL,0.684,0.789,0.632,"cheos, okeos, oteos, okeeos, ios, qokeeos"
low_reliability_or_unlikely,broad_shape,XGX|or,R04,18,18,4,CONTEXTUAL_ROLE_SIGNAL,0.722,0.778,0.944,"cthor, ckhor, chckhor, chcthor"
low_reliability_or_unlikely,broad_shape,L|aiin,R00,17,17,5,CONTEXTUAL_ROLE_SIGNAL,0.882,0.941,0.941,"raiin, laiin, qolaiin, dlaiin, rlaiin"
low_reliability_or_unlikely,broad_shape,G|or,R06,17,17,7,CONTEXTUAL_ROLE_SIGNAL,0.824,0.941,0.824,"tor, ykor, kor, ytor, chkor, opor"
low_reliability_or_unlikely,broad_shape,OLB|edy,R00,17,16,10,CONTEXTUAL_ROLE_SIGNAL,0.824,0.882,0.941,"solchedy, dalshedy, darchedy, salchedy, okalchedy, dolchedy"
low_reliability_or_unlikely,broad_shape,GB|dy,R00,17,16,10,CONTEXTUAL_ROLE_SIGNAL,0.706,0.765,0.882,"opchdy, ykchdy, qopchdy, tchdy, pshdy, ofchdy"
low_reliability_or_unlikely,broad_shape,E|al,R00,17,17,5,CONTEXTUAL_ROLE_SIGNAL,0.647,0.706,0.941,"cheal, sheal, okeal, cheeal, qokeeal"
low_reliability_or_unlikely,broad_shape,OD|aiin,R00,17,16,6,LOW_POWER_OR_UNSTABLE,0.588,0.588,0.941,"chodaiin, shodaiin, sodaiin, yodaiin, dodaiin, qotodaiin"
low_reliability_or_unlikely,broad_shape,O|n,R00,17,15,9,CONTEXTUAL_ROLE_SIGNAL,0.353,0.824,0.706,"dan, qokan, shan, chan, an, on"
low_reliability_or_unlikely,broad_shape,GOL|y,R06,16,16,13,CONTEXTUAL_ROLE_SIGNAL,0.688,0.812,0.5,"ykaly, kary, ykoly, fary, poaly, chtaly"
low_reliability_or_unlikely,broad_shape,E|eey,R00,16,16,8,LOW_POWER_OR_UNSTABLE,0.625,0.688,0.938,"qokeeey, qeeey, okeeey, oreeey, oeeey, eeey"
low_reliability_or_unlikely,broad_shape,OLOL|y,R00,16,16,14,CONTEXTUAL_ROLE_SIGNAL,0.562,0.75,0.5,"aloly, dalary, okorory, chololy, araly, otalaly"
low_reliability_or_unlikely,broad_shape,G|al,R06,15,15,8,LOW_POWER_OR_UNSTABLE,0.667,0.667,0.667,"kal, chkal, ykal, ytal, ypal, opal"
low_reliability_or_unlikely,broad_shape,OLO|NONE,R00,15,15,13,CONTEXTUAL_ROLE_SIGNAL,0.667,0.867,0.467,"okolo, oaro, okala, doaro, alo, dara"
low_reliability_or_unlikely,broad_shape,BEO|dy,R00,14,14,8,CONTEXTUAL_ROLE_SIGNAL,1.0,1.0,0.714,"otcheody, ycheody, dsheody, ycheeody, olcheody, oksheeody"
low_reliability_or_unlikely,broad_shape,L|ol,R00,14,14,2,CONTEXTUAL_ROLE_SIGNAL,1.0,1.0,1.0,"lol, rol"
low_reliability_or_unlikely,broad_shape,EOL|y,R00,14,14,10,CONTEXTUAL_ROLE_SIGNAL,0.786,1.0,0.5,"okeoly, cheory, qoteoly, okeoaly, cheary, cheoly"
low_reliability_or_unlikely,broad_shape,OL|ar,R00,14,14,11,CONTEXTUAL_ROLE_SIGNAL,0.714,0.857,0.5,"okolar, okalar, oaorar, cholar, qokalar, otalar"
low_reliability_or_unlikely,broad_shape,GO|NONE,R00,14,13,11,CONTEXTUAL_ROLE_SIGNAL,0.643,0.929,0.5,"oko, qko, yka, qoto, qoko, ka"
low_reliability_or_unlikely,broad_shape,G|ey,R06,14,14,8,CONTEXTUAL_ROLE_SIGNAL,0.571,0.786,0.714,"ykey, olkey, ytey, key, chkey, chtey"
low_reliability_or_unlikely,broad_shape,G|NONE,R06,13,13,4,CONTEXTUAL_ROLE_SIGNAL,1.0,1.0,0.615,"f, k, p, t"
low_reliability_or_unlikely,broad_shape,LG|ain,R00,13,12,2,CONTEXTUAL_ROLE_SIGNAL,1.0,1.0,1.0,"lkain, ltain"
low_reliability_or_unlikely,broad_shape,OL|aiin,R00,13,13,11,CONTEXTUAL_ROLE_SIGNAL,0.846,0.923,0.615,"daraiin, otalaiin, solaiin, dolaiin, okaraiin, dalaiin"
low_reliability_or_unlikely,broad_shape,ED|al,R09,13,13,8,LOW_POWER_OR_UNSTABLE,0.308,0.615,0.923,"shedal, otedal, chedal, okeedal, qokedal, qotedal"
low_reliability_or_unlikely,broad_shape,LG|eey,R00,12,12,4,CONTEXTUAL_ROLE_SIGNAL,0.917,0.917,1.0,"lkeey, qolkeey, lteey, rkeey"
low_reliability_or_unlikely,broad_shape,OG|NONE,R00,12,12,9,CONTEXTUAL_ROLE_SIGNAL,0.667,0.833,0.667,"qot, ot, chok, shok, of, ok"
low_reliability_or_unlikely,broad_shape,GE|eey,R00,12,12,6,LOW_POWER_OR_UNSTABLE,0.583,0.667,0.833,"olkeeey, ykeeey, keeey, yteeey, orkeeey, qkeeey"
low_reliability_or_unlikely,broad_shape,GO|m,R06,12,12,5,CONTEXTUAL_ROLE_SIGNAL,0.583,0.833,1.0,"ytam, olkam, ykam, tam, chtam"
low_reliability_or_unlikely,broad_shape,XGX|edy,R00,12,12,10,LOW_POWER_OR_UNSTABLE,0.583,0.583,1.0,"qockhedy, chcthedy, qocthedy, octhedy, cphedy, qckhedy"
low_reliability_or_unlikely,broad_shape,D|al,R00,12,12,5,CONTEXTUAL_ROLE_SIGNAL,0.5,0.833,0.75,"odal, chdal, ydal, qodal, oldal"
low_reliability_or_unlikely,broad_shape,D|ar,R00,12,11,7,CONTEXTUAL_ROLE_SIGNAL,0.5,0.833,0.75,"chdar, qodar, shdar, odar, ydar, oldar"
low_reliability_or_unlikely,broad_shape,OL|ol,R00,12,12,9,CONTEXTUAL_ROLE_SIGNAL,0.5,0.917,0.75,"arol, darol, cholol, dalol, alol, dolol"
low_reliability_or_unlikely,broad_shape,ED|ain,R00,11,10,7,CONTEXTUAL_ROLE_SIGNAL,0.818,0.818,1.0,"chedain, shedain, oeeedain, okedain, oteedain, qokedain"
low_reliability_or_unlikely,broad_shape,E|in,R00,11,11,5,CONTEXTUAL_ROLE_SIGNAL,0.818,0.909,0.909,"oiin, diin, chiin, iin, qokiin"
low_reliability_or_unlikely,broad_shape,GOE|r,R06,11,11,7,CONTEXTUAL_ROLE_SIGNAL,0.727,0.727,1.0,"tair, ykair, ofair, olkair, kair, opair"
low_reliability_or_unlikely,broad_shape,OE|iin,R00,11,11,6,CONTEXTUAL_ROLE_SIGNAL,0.727,0.909,1.0,"aiiin, soiiin, okaiiin, olaiiin, chaiiin, daiiin"
low_reliability_or_unlikely,broad_shape,B|eedy,R00,11,11,8,LOW_POWER_OR_UNSTABLE,0.636,0.636,1.0,"qokcheedy, qotcheedy, ycheedy, dcheedy, osheedy, orsheedy"
low_reliability_or_unlikely,broad_shape,XGX|aiin,R00,11,10,5,LOW_POWER_OR_UNSTABLE,0.636,0.636,1.0,"cthaiin, ckhaiin, chckhaiin, cfhaiin, cphaiin"
low_reliability_or_unlikely,broad_shape,EOD|NONE,R00,11,11,6,CONTEXTUAL_ROLE_SIGNAL,0.455,0.909,0.545,"okeod, sheod, qokeod, cheod, sheeod, qokeeod"
low_reliability_or_unlikely,broad_shape,OI|r,R00,11,11,9,CONTEXTUAL_ROLE_SIGNAL,0.455,0.727,0.545,"daiir, aiir, oaiir, okaiir, qokoiir, otaiir"
low_reliability_or_unlikely,broad_shape,OL|or,R00,11,10,10,LOW_POWER_OR_UNSTABLE,0.455,0.545,1.0,"alor, dalor, okolor, daror, choror, qokalor"
low_reliability_or_unlikely,broad_shape,OLX|NONE,R00,11,11,8,CONTEXTUAL_ROLE_SIGNAL,0.364,1.0,0.636,"chols, dals, sols, qokals, als, dalg"
low_reliability_or_unlikely,broad_shape,EG|ain,R00,10,9,7,CONTEXTUAL_ROLE_SIGNAL,1.0,1.0,1.0,"chekain, chefain, cheekain, shekain, chetain, sheekain"
low_reliability_or_unlikely,broad_shape,LO|NONE,R00,10,10,4,CONTEXTUAL_ROLE_SIGNAL,1.0,1.0,1.0,"lo, olo, ro, chllo"
low_reliability_or_unlikely,broad_shape,DO|NONE,R06,10,10,3,CONTEXTUAL_ROLE_SIGNAL,0.9,1.0,0.9,"da, do, oda"
low_reliability_or_unlikely,broad_shape,OGB|y,R00,10,10,6,CONTEXTUAL_ROLE_SIGNAL,0.8,0.8,0.8,"chokchy, shokchy, chopchy, sotchy, chotchy, akchy"
low_reliability_or_unlikely,broad_shape,ED|aiin,R00,10,10,4,CONTEXTUAL_ROLE_SIGNAL,0.7,0.7,1.0,"chedaiin, cheedaiin, shedaiin, qoteedaiin"
low_reliability_or_unlikely,broad_shape,BE|ol,R06,10,10,5,LOW_POWER_OR_UNSTABLE,0.6,0.6,1.0,"ycheol, olcheol, ssheol, dsheol, scheeol"
low_reliability_or_unlikely,broad_shape,GBE|or,R00,10,9,8,CONTEXTUAL_ROLE_SIGNAL,0.6,0.8,0.7,"tcheor, pcheor, yksheor, ykcheor, ofcheor, tsheeor"
low_reliability_or_unlikely,broad_shape,OD|ar,R00,10,10,4,CONTEXTUAL_ROLE_SIGNAL,0.6,0.9,0.7,"sodar, chodar, otodar, okodar"
low_reliability_or_unlikely,broad_shape,D|NONE,R06,9,9,2,LOW_POWER_OR_UNSTABLE,1.0,1.0,0.556,"d, dd"
low_reliability_or_unlikely,broad_shape,LG|aiin,R00,9,9,1,LOW_POWER_OR_UNSTABLE,1.0,1.0,1.0,lkaiin
low_reliability_or_unlikely,broad_shape,EG|ey,R00,9,9,6,LOW_POWER_OR_UNSTABLE,0.889,1.0,0.667,"cheekey, chekey, shekey, chetey, sheekey, oekey"
low_reliability_or_unlikely,broad_shape,LG|edy,R00,9,9,3,LOW_POWER_OR_UNSTABLE,0.889,0.889,1.0,"lkedy, ltedy, qoltedy"
low_reliability_or_unlikely,broad_shape,OLB|y,R00,9,9,7,LOW_POWER_OR_UNSTABLE,0.778,0.889,0.444,"okalchy, okolshy, shorshy, okolchy, otalshy, okarchy"
low_reliability_or_unlikely,broad_shape,GO|dy,R06,9,9,4,LOW_POWER_OR_UNSTABLE,0.667,0.778,0.667,"kody, tody, ytody, chtody"
low_reliability_or_unlikely,broad_shape,XGX|dy,R00,9,9,4,LOW_POWER_OR_UNSTABLE,0.667,0.778,1.0,"chckhdy, chcthdy, olcthdy, shckhdy"
low_reliability_or_unlikely,broad_shape,BEO|NONE,R06,9,9,6,LOW_POWER_OR_UNSTABLE,0.556,0.778,1.0,"qokcheo, ycheo, ycheeo, olcheo, dsheeo, qoksheo"
low_reliability_or_unlikely,broad_shape,BE|or,R00,9,9,6,LOW_POWER_OR_UNSTABLE,0.556,1.0,0.778,"ysheor, ycheor, olcheor, olsheor, dcheeor, okcheor"
low_reliability_or_unlikely,broad_shape,GOL|dy,R06,9,9,5,LOW_POWER_OR_UNSTABLE,0.556,0.889,0.778,"koldy, ytoldy, chkoldy, ofardy, ykoldy"
low_reliability_or_unlikely,broad_shape,ED|ar,H08,9,9,4,LOW_POWER_OR_UNSTABLE,0.444,0.778,1.0,"chedar, qokedar, qokeedar, otedar"
low_reliability_or_unlikely,broad_shape,L|ain,R00,8,8,3,LOW_POWER_OR_UNSTABLE,0.875,0.875,1.0,"rain, lain, qorain"
low_reliability_or_unlikely,broad_shape,Y|dy,R00,8,8,5,LOW_POWER_OR_UNSTABLE,0.875,1.0,0.625,"qotydy, otydy, okydy, sydy, qokydy"
low_reliability_or_unlikely,broad_shape,OLB|ey,R00,8,8,7,LOW_POWER_OR_UNSTABLE,0.625,1.0,0.75,"qokolchey, dalshey, darchey, solshey, alchey, solchey"
low_reliability_or_unlikely,broad_shape,B|NONE,R00,8,8,2,LOW_POWER_OR_UNSTABLE,0.5,0.875,0.75,"sh, ch"
low_reliability_or_unlikely,broad_shape,EB|y,H08,8,8,5,LOW_POWER_OR_UNSTABLE,0.5,0.875,0.875,"qokechy, qechy, okeshy, okechy, chechy"
low_reliability_or_unlikely,broad_shape,EG|NONE,R00,8,8,5,LOW_POWER_OR_UNSTABLE,0.5,1.0,0.625,"chek, shek, chef, shet, sheek"
low_reliability_or_unlikely,broad_shape,YG|y,R00,8,8,6,LOW_POWER_OR_UNSTABLE,0.5,0.75,1.0,"chyty, dyty, chyky, otyky, dyky, syty"
low_reliability_or_unlikely,broad_shape,BO|dy,R00,7,7,5,LOW_POWER_OR_UNSTABLE,1.0,1.0,0.714,"otchody, okchody, ochody, okshody, ychody"
low_reliability_or_unlikely,broad_shape,GOL|aiin,R00,7,7,7,LOW_POWER_OR_UNSTABLE,1.0,1.0,0.571,"taraiin, ykolaiin, olkalaiin, ykaraiin, ofaraiin, polaiin"
low_reliability_or_unlikely,broad_shape,LB|eey,R00,7,7,2,LOW_POWER_OR_UNSTABLE,1.0,1.0,1.0,"lcheey, ylcheey"
low_reliability_or_unlikely,broad_shape,LOL|y,R00,7,7,5,LOW_POWER_OR_UNSTABLE,1.0,1.0,0.857,"loly, raly, rary, laly, lory"
low_reliability_or_unlikely,broad_shape,OLG|eedy,R00,7,7,5,LOW_POWER_OR_UNSTABLE,0.857,0.857,1.0,"solkeedy, sholkeedy, salkeedy, alkeedy, dolkeedy"
low_reliability_or_unlikely,broad_shape,O|y,R00,7,6,5,LOW_POWER_OR_UNSTABLE,0.857,0.857,1.0,"choy, oy, soy, qoy, otay"
low_reliability_or_unlikely,broad_shape,GE|or,R06,7,7,5,LOW_POWER_OR_UNSTABLE,0.714,0.714,0.857,"ykeeor, ykeor, chkeor, yteor, yteeeor"
low_reliability_or_unlikely,broad_shape,LB|eedy,R00,7,6,5,LOW_POWER_OR_UNSTABLE,0.714,0.714,1.0,"lsheedy, qolsheedy, qolcheedy, rsheedy, lcheedy"
low_reliability_or_unlikely,broad_shape,OD|NONE,R00,7,7,5,LOW_POWER_OR_UNSTABLE,0.714,0.857,0.857,"qod, shod, qotod, od, okod"
low_reliability_or_unlikely,broad_shape,OG|al,R00,7,7,4,LOW_POWER_OR_UNSTABLE,0.714,1.0,0.714,"chotal, chokal, dokal, shokal"
low_reliability_or_unlikely,broad_shape,OLO|dy,R00,7,7,5,LOW_POWER_OR_UNSTABLE,0.714,1.0,0.857,"arody, darody, oralody, qotalody, otalody"
low_reliability_or_unlikely,broad_shape,YGB|y,R06,7,7,7,LOW_POWER_OR_UNSTABLE,0.714,0.857,0.857,"dypchy, dykchy, dytchy, otytchy, chykchy, dykshy"
low_reliability_or_unlikely,broad_shape,GB|ar,R00,7,7,6,LOW_POWER_OR_UNSTABLE,0.571,0.857,0.714,"opchar, pchar, kchar, ofchar, chtshar, pshar"
low_reliability_or_unlikely,broad_shape,EOL|dy,R00,6,6,4,LOW_POWER_OR_UNSTABLE,1.0,1.0,0.667,"cheoldy, okeoldy, sheoldy, sheeoldy"
low_reliability_or_unlikely,broad_shape,LGE|eey,R00,6,6,1,LOW_POWER_OR_UNSTABLE,1.0,1.0,1.0,lkeeey
low_reliability_or_unlikely,broad_shape,LG|y,R00,6,6,2,LOW_POWER_OR_UNSTABLE,1.0,1.0,1.0,"lky, rky"
low_reliability_or_unlikely,broad_shape,LX|NONE,R00,6,6,4,LOW_POWER_OR_UNSTABLE,1.0,1.0,0.667,"ols, org, olz, ls"
low_reliability_or_unlikely,broad_shape,OG|aiin,R10,6,6,3,LOW_POWER_OR_UNSTABLE,1.0,1.0,1.0,"shokaiin, chotaiin, chokaiin"
low_reliability_or_unlikely,broad_shape,B|l,R00,6,6,2,LOW_POWER_OR_UNSTABLE,0.833,0.833,1.0,"chl, dchl"
low_reliability_or_unlikely,broad_shape,GBEO|dy,R00,6,6,5,LOW_POWER_OR_UNSTABLE,0.833,1.0,0.667,"tcheody, psheody, ofcheody, qopcheeody, ksheody"
low_reliability_or_unlikely,broad_shape,GB|eedy,R00,6,6,5,LOW_POWER_OR_UNSTABLE,0.833,0.833,1.0,"opcheedy, psheedy, qopcheedy, kcheedy, pcheedy"
low_reliability_or_unlikely,broad_shape,EG|al,R00,6,6,4,LOW_POWER_OR_UNSTABLE,0.667,0.667,0.5,"chekal, shekal, oletal, chetal"
low_reliability_or_unlikely,broad_shape,EOXGX|y,R00,6,6,4,LOW_POWER_OR_UNSTABLE,0.667,1.0,0.833,"cheocthy, cheockhy, okeeocthy, sheockhy"
low_reliability_or_unlikely,broad_shape,GB|eey,R00,6,6,6,LOW_POWER_OR_UNSTABLE,0.667,1.0,0.5,"dksheey, ytcheey, opcheey, tcheey, fcheey, oltcheey"
low_reliability_or_unlikely,broad_shape,XGXO|m,R00,6,6,6,LOW_POWER_OR_UNSTABLE,0.667,0.833,1.0,"cfham, cthom, ckham, octham, chckham, chctham"
low_reliability_or_unlikely,broad_shape,DO|m,R00,6,6,3,LOW_POWER_OR_UNSTABLE,0.5,0.833,0.833,"ydam, oldam, odam"
low_reliability_or_unlikely,broad_shape,OEL|y,R00,6,6,5,LOW_POWER_OR_UNSTABLE,0.5,0.833,0.667,"sairy, otainy, okairy, dainy, olainy"
low_reliability_or_unlikely,broad_shape,EGB|dy,R00,5,5,3,LOW_POWER_OR_UNSTABLE,1.0,1.0,0.8,"qekchdy, oekchdy, shefchdy"
low_reliability_or_unlikely,broad_shape,EXGX|ey,R00,5,5,3,LOW_POWER_OR_UNSTABLE,1.0,1.0,1.0,"checkhey, checthey, shecthey"
low_reliability_or_unlikely,broad_shape,E|NONE,R00,5,5,1,LOW_POWER_OR_UNSTABLE,1.0,1.0,0.8,e
low_reliability_or_unlikely,broad_shape,GBO|NONE,R06,5,5,5,LOW_POWER_OR_UNSTABLE,1.0,1.0,1.0,"ksho, ytcho, fcho, kcho, ykcho"
low_reliability_or_unlikely,broad_shape,LB|dy,R00,5,5,2,LOW_POWER_OR_UNSTABLE,1.0,1.0,1.0,"lchdy, rshdy"
low_reliability_or_unlikely,broad_shape,LG|ar,R00,5,5,1,LOW_POWER_OR_UNSTABLE,1.0,1.0,1.0,lkar
low_reliability_or_unlikely,broad_shape,L|ar,R00,5,5,1,LOW_POWER_OR_UNSTABLE,1.0,1.0,1.0,rar
low_reliability_or_unlikely,broad_shape,OG|ain,R00,5,5,4,LOW_POWER_OR_UNSTABLE,1.0,1.0,1.0,"chokain, chotain, shokain, akain"
low_reliability_or_unlikely,broad_shape,OLD|NONE,R00,5,5,5,LOW_POWER_OR_UNSTABLE,1.0,1.0,0.6,"chald, otald, orald, otold, ald"
low_reliability_or_unlikely,broad_shape,OXGX|ey,R00,5,5,2,LOW_POWER_OR_UNSTABLE,1.0,1.0,0.8,"chockhey, shockhey"
low_reliability_or_unlikely,broad_shape,BX|NONE,R00,5,5,2,LOW_POWER_OR_UNSTABLE,0.8,1.0,0.8,"chs, dchg"
low_reliability_or_unlikely,broad_shape,D|ain,R00,5,5,3,LOW_POWER_OR_UNSTABLE,0.8,1.0,0.8,"chdain, odain, qodain"
low_reliability_or_unlikely,broad_shape,E|eedy,R00,5,4,4,LOW_POWER_OR_UNSTABLE,0.8,0.8,1.0,"okeeedy, oleeedy, qoeeedy, qeeedy"
low_reliability_or_unlikely,broad_shape,GBOL|y,R06,5,5,5,LOW_POWER_OR_UNSTABLE,0.8,0.8,1.0,"tchaly, tchory, chkchory, kcholy, tcholy"
low_reliability_or_unlikely,broad_shape,GOL|ol,R06,5,4,5,LOW_POWER_OR_UNSTABLE,0.8,1.0,0.6,"tolol, ypolol, chtorol, talol, tarol"
low_reliability_or_unlikely,broad_shape,G|l,R00,5,5,3,LOW_POWER_OR_UNSTABLE,0.8,1.0,1.0,"qokl, ytl, qotl"
low_reliability_or_unlikely,broad_shape,OE|m,R06,5,5,3,LOW_POWER_OR_UNSTABLE,0.8,0.8,0.6,"daim, saim, otaim"
low_reliability_or_unlikely,broad_shape,XGXOL|y,R04,5,5,4,LOW_POWER_OR_UNSTABLE,0.8,0.8,1.0,"cthory, cthoary, chckhaly, ctholy"
low_reliability_or_unlikely,broad_shape,BD|NONE,H08,5,5,4,LOW_POWER_OR_UNSTABLE,0.6,1.0,1.0,"qokchd, qokshd, chd, okchd"
low_reliability_or_unlikely,broad_shape,BED|NONE,R00,5,5,5,LOW_POWER_OR_UNSTABLE,0.6,0.8,1.0,"olsheed, olshed, qotched, okshed, dched"
low_reliability_or_unlikely,broad_shape,BXGX|y,R00,5,5,4,LOW_POWER_OR_UNSTABLE,0.6,0.8,1.0,"olchcthy, dchckhy, dchcthy, ychckhy"
low_reliability_or_unlikely,broad_shape,EDO|m,R00,5,5,3,LOW_POWER_OR_UNSTABLE,0.6,0.8,1.0,"shedam, chedam, okedam"
low_reliability_or_unlikely,broad_shape,EOD|aiin,R10,5,5,4,LOW_POWER_OR_UNSTABLE,0.6,1.0,0.4,"cheodaiin, okeeodaiin, oeeodaiin, oteodaiin"
low_reliability_or_unlikely,broad_shape,GBD|ar,R00,5,5,5,LOW_POWER_OR_UNSTABLE,0.6,1.0,0.8,"chkchdar, ykchdar, kchdar, ofchdar, pshdar"
low_reliability_or_unlikely,broad_shape,GBO|dy,R06,5,5,4,LOW_POWER_OR_UNSTABLE,0.6,0.8,0.8,"tchody, pchody, ykchody, ytchody"
low_reliability_or_unlikely,broad_shape,GEX|NONE,R06,5,5,3,LOW_POWER_OR_UNSTABLE,0.6,1.0,0.6,"ykees, olkees, ykeeb"
low_reliability_or_unlikely,broad_shape,OEL|al,R06,5,5,2,LOW_POWER_OR_UNSTABLE,0.6,0.8,0.6,"dairal, airal"
low_reliability_or_unlikely,broad_shape,OG|ar,R06,5,5,4,LOW_POWER_OR_UNSTABLE,0.6,0.6,1.0,"shokar, sokar, chotar, chokar"
low_reliability_or_unlikely,broad_shape,OIL|y,R06,5,5,4,LOW_POWER_OR_UNSTABLE,0.6,1.0,0.4,"daiiny, oraiiny, olaiiny, saiiny"
low_reliability_or_unlikely,broad_shape,O|aiin,R06,5,5,4,LOW_POWER_OR_UNSTABLE,0.6,1.0,0.6,"soaiin, oloaiin, otoaiin, doaiin"
low_reliability_or_unlikely,broad_shape,XGXO|NONE,R04,5,5,4,LOW_POWER_OR_UNSTABLE,0.6,0.8,0.8,"ctho, chckho, chctho, octho"
low_reliability_or_unlikely,broad_shape,XGX|NONE,R00,5,5,5,LOW_POWER_OR_UNSTABLE,0.6,0.6,1.0,"ckh, cth, cths, chckh, ckhs"
low_reliability_or_unlikely,broad_shape,XGX|ar,R04,5,5,4,LOW_POWER_OR_UNSTABLE,0.6,0.8,1.0,"cthar, cphar, cfhar, chcthar"
low_reliability_or_unlikely,broad_shape,XGX|eey,R00,5,5,3,LOW_POWER_OR_UNSTABLE,0.6,0.8,0.8,"ctheey, ckheey, cpheey"
low_reliability_or_unlikely,broad_shape,OLD|aiin,R10,5,5,5,LOW_POWER_OR_UNSTABLE,0.4,0.8,0.8,"doldaiin, choldaiin, aldaiin, daldaiin, sholdaiin"
low_reliability_or_unlikely,broad_shape,B|aiin,R00,4,4,3,LOW_POWER_OR_UNSTABLE,1.0,1.0,1.0,"dchaiin, ochaiin, schaiin"
low_reliability_or_unlikely,broad_shape,EGB|y,R00,4,4,3,LOW_POWER_OR_UNSTABLE,1.0,1.0,0.75,"shepchy, shekchy, qekchy"
low_reliability_or_unlikely,broad_shape,EG|eedy,R00,4,4,2,LOW_POWER_OR_UNSTABLE,1.0,1.0,1.0,"chekeedy, oekeedy"
low_reliability_or_unlikely,broad_shape,GBOD|NONE,R06,4,4,3,LOW_POWER_OR_UNSTABLE,1.0,1.0,1.0,"kchod, pshod, tshod"
low_reliability_or_unlikely,broad_shape,LB|y,R00,4,4,2,LOW_POWER_OR_UNSTABLE,1.0,1.0,1.0,"lchy, rchy"
low_reliability_or_unlikely,broad_shape,LO|m,R00,4,4,3,LOW_POWER_OR_UNSTABLE,1.0,1.0,1.0,"ram, lam, chlam"
low_reliability_or_unlikely,broad_shape,L|al,R00,4,4,1,LOW_POWER_OR_UNSTABLE,1.0,1.0,1.0,ral
low_reliability_or_unlikely,broad_shape,L|dy,R00,4,4,2,LOW_POWER_OR_UNSTABLE,1.0,1.0,1.0,"ldy, qoldy"
low_reliability_or_unlikely,broad_shape,OLG|ain,R00,4,4,2,LOW_POWER_OR_UNSTABLE,1.0,1.0,1.0,"solkain, alkain"
low_reliability_or_unlikely,broad_shape,QO|NONE,H07,4,4,1,LOW_POWER_OR_UNSTABLE,1.0,1.0,1.0,qo
low_reliability_or_unlikely,broad_shape,X|e,R06,4,4,1,LOW_POWER_OR_UNSTABLE,1.0,1.0,0.75,she
low_reliability_or_unlikely,broad_shape,YG|aiin,R00,4,4,4,LOW_POWER_OR_UNSTABLE,1.0,1.0,1.0,"okykaiin, okytaiin, dykaiin, shykaiin"
low_reliability_or_unlikely,broad_shape,B|al,R00,4,4,4,LOW_POWER_OR_UNSTABLE,0.75,1.0,0.75,"otchal, otshal, okchal, dchal"
low_reliability_or_unlikely,broad_shape,B|ar,R00,4,4,3,LOW_POWER_OR_UNSTABLE,0.75,0.75,1.0,"otchar, dchar, oshar"
low_reliability_or_unlikely,broad_shape,EO|y,R00,4,4,4,LOW_POWER_OR_UNSTABLE,0.75,1.0,1.0,"cheeoy, sheoy, cheoy, okeeoy"
low_reliability_or_unlikely,broad_shape,E|aiin,R00,4,4,4,LOW_POWER_OR_UNSTABLE,0.75,0.75,1.0,"okeeaiin, oeeaiin, oteaiin, okeaiin"
low_reliability_or_unlikely,broad_shape,GEO|NONE,R06,4,3,4,LOW_POWER_OR_UNSTABLE,0.75,0.75,1.0,"keeo, ykeo, teo, olkeeo"
low_reliability_or_unlikely,broad_shape,GOLX|NONE,R00,4,4,4,LOW_POWER_OR_UNSTABLE,0.75,1.0,0.75,"chtols, ytals, opalg, ofals"
low_reliability_or_unlikely,broad_shape,L|r,R00,4,4,3,LOW_POWER_OR_UNSTABLE,0.75,0.75,1.0,"olr, lr, qolr"
low_reliability_or_unlikely,broad_shape,OB|y,R06,4,4,4,LOW_POWER_OR_UNSTABLE,0.75,0.75,1.0,"chochy, soshy, shoshy, sachy"
low_reliability_or_unlikely,broad_shape,OG|or,R00,4,4,3,LOW_POWER_OR_UNSTABLE,0.75,1.0,0.75,"chokor, chotor, dokor"
low_reliability_or_unlikely,broad_shape,OLB|dy,R00,4,4,4,LOW_POWER_OR_UNSTABLE,0.75,1.0,1.0,"okalshdy, alchdy, otalshdy, dalshdy"
low_reliability_or_unlikely,broad_shape,OLG|aiin,R07,4,4,2,LOW_POWER_OR_UNSTABLE,0.75,0.75,1.0,"cholkaiin, alkaiin"
low_reliability_or_unlikely,broad_shape,OL|ain,R06,4,4,4,LOW_POWER_OR_UNSTABLE,0.75,1.0,1.0,"sorain, dorain, otorain, yorain"
low_reliability_or_unlikely,broad_shape,B|ain,R00,4,4,4,LOW_POWER_OR_UNSTABLE,0.5,0.75,1.0,"ychain, okchain, dchain, olchain"
low_reliability_or_unlikely,broad_shape,EB|ey,H08,4,4,4,LOW_POWER_OR_UNSTABLE,0.5,0.75,0.75,"okechey, qokechey, qokeshey, chechey"
low_reliability_or_unlikely,broad_shape,EO|m,R00,4,4,4,LOW_POWER_OR_UNSTABLE,0.5,0.75,0.75,"okeeom, qokeom, oteeam, cheam"
low_reliability_or_unlikely,broad_shape,OEG|y,R00,4,4,4,LOW_POWER_OR_UNSTABLE,0.5,0.75,0.75,"choety, soity, aiky, shoefy"
low_reliability_or_unlikely,broad_shape,OG|ol,R00,4,4,4,LOW_POWER_OR_UNSTABLE,0.5,0.75,0.75,"chopol, shofol, otokol, shakol"
low_reliability_or_unlikely,broad_shape,OLD|ar,R00,4,4,3,LOW_POWER_OR_UNSTABLE,0.5,1.0,0.75,"otaldar, qokaldar, daldar"
low_reliability_or_unlikely,broad_shape,OLG|ar,R07,4,4,4,LOW_POWER_OR_UNSTABLE,0.5,1.0,1.0,"dalkar, cholkar, chalkar, choltar"
low_reliability_or_unlikely,broad_shape,OLG|y,R00,4,4,3,LOW_POWER_OR_UNSTABLE,0.5,0.75,0.75,"cholky, okolky, alky"
low_reliability_or_unlikely,broad_shape,OLX|y,R00,4,4,4,LOW_POWER_OR_UNSTABLE,0.5,0.75,0.75,"olalsy, otalsy, solsy, dalsy"
low_reliability_or_unlikely,broad_shape,BED|al,R09,3,3,3,LOW_POWER_OR_UNSTABLE,1.0,1.0,0.667,"dchedal, ochedal, ychedal"
low_reliability_or_unlikely,broad_shape,D|l,R06,3,3,1,LOW_POWER_OR_UNSTABLE,1.0,1.0,1.0,dl
low_reliability_or_unlikely,broad_shape,ED|or,R00,3,3,2,LOW_POWER_OR_UNSTABLE,1.0,1.0,1.0,"okedor, chedor"
low_reliability_or_unlikely,broad_shape,EGO|dy,R00,3,3,2,LOW_POWER_OR_UNSTABLE,1.0,1.0,0.667,"chekody, shekody"
low_reliability_or_unlikely,broad_shape,EG|aiin,R00,3,3,3,LOW_POWER_OR_UNSTABLE,1.0,1.0,0.667,"etaiin, chefaiin, chetaiin"
low_reliability_or_unlikely,broad_shape,EG|ar,R00,3,3,1,LOW_POWER_OR_UNSTABLE,1.0,1.0,0.667,chetar
low_reliability_or_unlikely,broad_shape,EOD|ain,R00,3,3,2,LOW_POWER_OR_UNSTABLE,1.0,1.0,1.0,"cheodain, sheeodain"
low_reliability_or_unlikely,broad_shape,EOG|y,R00,3,3,2,LOW_POWER_OR_UNSTABLE,1.0,1.0,0.667,"cheoky, oeeoty"
low_reliability_or_unlikely,broad_shape,EOL|or,R00,3,3,3,LOW_POWER_OR_UNSTABLE,1.0,1.0,1.0,"okeolor, sheolor, cheolor"
low_reliability_or_unlikely,broad_shape,GBOD|aiin,R10,3,3,2,LOW_POWER_OR_UNSTABLE,1.0,1.0,1.0,"pchodaiin, fchodaiin"
low_reliability_or_unlikely,broad_shape,GB|aiin,R00,3,3,1,LOW_POWER_OR_UNSTABLE,1.0,1.0,1.0,kchaiin
low_reliability_or_unlikely,broad_shape,GED|ar,R06,3,3,2,LOW_POWER_OR_UNSTABLE,1.0,1.0,1.0,"ytedar, teedar"
low_reliability_or_unlikely,broad_shape,GEOX|NONE,R06,3,3,3,LOW_POWER_OR_UNSTABLE,1.0,1.0,1.0,"ykeos, yteos, teeos"
low_reliability_or_unlikely,broad_shape,GE|al,R06,3,3,3,LOW_POWER_OR_UNSTABLE,1.0,1.0,0.667,"yteal, ykeal, skeeal"
low_reliability_or_unlikely,broad_shape,GOLB|y,R06,3,3,3,LOW_POWER_OR_UNSTABLE,1.0,1.0,0.667,"torchy, korchy, polshy"
low_reliability_or_unlikely,broad_shape,GOX|NONE,R06,3,3,2,LOW_POWER_OR_UNSTABLE,1.0,1.0,1.0,"kos, tos"
low_reliability_or_unlikely,broad_shape,LB|or,R00,3,3,2,LOW_POWER_OR_UNSTABLE,1.0,1.0,1.0,"lchor, lshor"
low_reliability_or_unlikely,broad_shape,LGB|dy,R00,3,3,3,LOW_POWER_OR_UNSTABLE,1.0,1.0,1.0,"lpchdy, rkchdy, lkchdy"
low_reliability_or_unlikely,broad_shape,LGB|edy,R00,3,3,1,LOW_POWER_OR_UNSTABLE,1.0,1.0,1.0,lkchedy
low_reliability_or_unlikely,broad_shape,LGE|ol,R00,3,3,2,LOW_POWER_OR_UNSTABLE,1.0,1.0,1.0,"lkeol, lkeeol"
low_reliability_or_unlikely,broad_shape,L|l,R00,3,3,2,LOW_POWER_OR_UNSTABLE,1.0,1.0,1.0,"chll, rl"
low_reliability_or_unlikely,broad_shape,ODOL|y,R00,3,3,2,LOW_POWER_OR_UNSTABLE,1.0,1.0,0.667,"chodaly, okodaly"
low_reliability_or_unlikely,broad_shape,OGB|edy,R00,3,3,3,LOW_POWER_OR_UNSTABLE,1.0,1.0,1.0,"olotchedy, chokchedy, chotchedy"
low_reliability_or_unlikely,broad_shape,OGOLX|NONE,R00,3,3,3,LOW_POWER_OR_UNSTABLE,1.0,1.0,1.0,"chotols, chokolg, chotals"
low_reliability_or_unlikely,broad_shape,OGO|m,R00,3,3,2,LOW_POWER_OR_UNSTABLE,1.0,1.0,0.667,"chokam, chotom"
low_reliability_or_unlikely,broad_shape,OI|NONE,R06,3,3,2,LOW_POWER_OR_UNSTABLE,1.0,1.0,0.667,"saii, daii"
low_reliability_or_unlikely,broad_shape,OLOL|dy,R00,3,3,2,LOW_POWER_OR_UNSTABLE,1.0,1.0,0.667,"otaraldy, okoraldy"
low_reliability_or_unlikely,broad_shape,XGX|ain,R04,3,2,2,LOW_POWER_OR_UNSTABLE,1.0,1.0,1.0,"cthain, chcthain"
low_reliability_or_unlikely,broad_shape,X|aiin,R00,3,3,2,LOW_POWER_OR_UNSTABLE,1.0,1.0,0.667,"olsaiin, osaiin"
low_reliability_or_unlikely,broad_shape,X|l,R06,3,3,1,LOW_POWER_OR_UNSTABLE,1.0,1.0,1.0,shl
low_reliability_or_unlikely,broad_shape,YGB|or,R00,3,3,3,LOW_POWER_OR_UNSTABLE,1.0,1.0,1.0,"oykchor, shytchor, dytchor"
low_reliability_or_unlikely,broad_shape,BED|ar,R00,3,3,3,LOW_POWER_OR_UNSTABLE,0.667,1.0,1.0,"ochedar, qotchedar, orchedar"
low_reliability_or_unlikely,broad_shape,BE|aiin,H13,3,3,2,LOW_POWER_OR_UNSTABLE,0.667,0.667,1.0,"qotcheaiin, scheaiin"
low_reliability_or_unlikely,broad_shape,B|r,R00,3,3,2,LOW_POWER_OR_UNSTABLE,0.667,0.667,1.0,"chr, qotchr"
low_reliability_or_unlikely,broad_shape,DOL|y,R00,3,3,3,LOW_POWER_OR_UNSTABLE,0.667,1.0,0.667,"ddary, odory, odaly"
low_reliability_or_unlikely,broad_shape,D|eey,R00,3,3,2,LOW_POWER_OR_UNSTABLE,0.667,1.0,0.667,"odeey, qodeey"
low_reliability_or_unlikely,broad_shape,EGO|m,R00,3,3,3,LOW_POWER_OR_UNSTABLE,0.667,1.0,1.0,"qoetam, chekam, qetam"
low_reliability_or_unlikely,broad_shape,EG|edy,R00,3,3,3,LOW_POWER_OR_UNSTABLE,0.667,1.0,1.0,"qoekedy, qetedy, chetedy"
low_reliability_or_unlikely,broad_shape,EOG|aiin,R00,3,3,3,LOW_POWER_OR_UNSTABLE,0.667,0.667,1.0,"cheopaiin, cheokaiin, okeeokaiin"
low_reliability_or_unlikely,broad_shape,E|iin,R00,3,3,2,LOW_POWER_OR_UNSTABLE,0.667,1.0,1.0,"oiiin, qoiiin"
low_reliability_or_unlikely,broad_shape,GOL|al,R00,3,3,3,LOW_POWER_OR_UNSTABLE,0.667,1.0,0.667,"opalal, taral, oparal"
low_reliability_or_unlikely,broad_shape,GOL|ar,R06,3,3,3,LOW_POWER_OR_UNSTABLE,0.667,1.0,0.667,"talar, opalar, polar"
low_reliability_or_unlikely,broad_shape,OD|al,R00,3,3,2,LOW_POWER_OR_UNSTABLE,0.667,0.667,0.667,"chodal, sodal"
low_reliability_or_unlikely,broad_shape,OE|l,R06,3,3,2,LOW_POWER_OR_UNSTABLE,0.667,1.0,1.0,"dail, qotail"
low_reliability_or_unlikely,broad_shape,OG|ey,R00,3,3,3,LOW_POWER_OR_UNSTABLE,0.667,1.0,0.667,"chokey, shokey, akey"
low_reliability_or_unlikely,broad_shape,OIL|dy,R10,3,3,2,LOW_POWER_OR_UNSTABLE,0.667,1.0,0.667,"daiindy, soiindy"
low_reliability_or_unlikely,broad_shape,OLDO|m,R06,3,3,3,LOW_POWER_OR_UNSTABLE,0.667,1.0,1.0,"choldam, saldam, doldam"
low_reliability_or_unlikely,broad_shape,OLD|al,R09,3,3,3,LOW_POWER_OR_UNSTABLE,0.667,1.0,1.0,"otaldal, okaldal, daldal"
low_reliability_or_unlikely,broad_shape,OLOLX|NONE,R06,3,3,3,LOW_POWER_OR_UNSTABLE,0.667,1.0,0.667,"sarols, otalalg, salols"
low_reliability_or_unlikely,broad_shape,XGXEO|dy,R00,3,3,2,LOW_POWER_OR_UNSTABLE,0.667,1.0,1.0,"ckheody, ctheody"
low_reliability_or_unlikely,broad_shape,XGXOXGX|y,R04,3,3,3,LOW_POWER_OR_UNSTABLE,0.667,0.667,1.0,"ckhockhy, cthockhy, ckhocthy"
low_reliability_or_unlikely,broad_shape,XGX|al,R00,3,3,3,LOW_POWER_OR_UNSTABLE,0.667,0.667,1.0,"ckhal, qockhal, chckhal"
low_reliability_or_unlikely,broad_shape,X|ar,R00,3,3,3,LOW_POWER_OR_UNSTABLE,0.667,1.0,0.667,"olsar, osar, dxar"
low_reliability_or_unlikely,broad_shape,ED|ol,H13,3,3,3,LOW_POWER_OR_UNSTABLE,0.333,1.0,1.0,"otedol, shedol, qotedol"
low_reliability_or_unlikely,broad_shape,E|e,H13,3,3,3,LOW_POWER_OR_UNSTABLE,0.333,1.0,0.667,"okee, qotee, otee"
low_reliability_or_unlikely,broad_shape,E|r,H13,3,3,3,LOW_POWER_OR_UNSTABLE,0.333,0.667,1.0,"cher, qotir, sheer"
low_reliability_or_unlikely,broad_shape,OGB|ol,R00,3,3,3,LOW_POWER_OR_UNSTABLE,0.333,0.667,1.0,"chotshol, chokchol, sokchol"
low_reliability_or_unlikely,broad_shape,XGXO|dy,R00,3,3,3,LOW_POWER_OR_UNSTABLE,0.333,0.667,1.0,"cphody, ckhody, cthody"
low_reliability_or_unlikely,broad_shape,BD|al,R09,2,2,2,LOW_POWER_OR_UNSTABLE,1.0,1.0,0.5,"otchdal, okchdal"
low_reliability_or_unlikely,broad_shape,BED|aiin,R00,2,2,2,LOW_POWER_OR_UNSTABLE,1.0,1.0,1.0,"olchedaiin, ycheedaiin"
low_reliability_or_unlikely,broad_shape,BEOD|NONE,R06,2,2,2,LOW_POWER_OR_UNSTABLE,1.0,1.0,1.0,"ysheod, ycheod"
low_reliability_or_unlikely,broad_shape,BE|ain,R00,2,2,2,LOW_POWER_OR_UNSTABLE,1.0,1.0,1.0,"ocheain, ycheain"
low_reliability_or_unlikely,broad_shape,BE|al,R00,2,2,2,LOW_POWER_OR_UNSTABLE,1.0,1.0,1.0,"dshcheal, osheal"
low_reliability_or_unlikely,broad_shape,BE|ar,R06,2,2,1,LOW_POWER_OR_UNSTABLE,1.0,1.0,1.0,ychear
low_reliability_or_unlikely,broad_shape,BOGB|y,R00,2,2,2,LOW_POWER_OR_UNSTABLE,1.0,1.0,1.0,"okchokshy, dchokchy"
low_reliability_or_unlikely,broad_shape,BOG|ey,R00,2,2,2,LOW_POWER_OR_UNSTABLE,1.0,1.0,0.5,"schokey, dchokey"
low_reliability_or_unlikely,broad_shape,DOE|r,R00,2,2,1,LOW_POWER_OR_UNSTABLE,1.0,1.0,1.0,odair
low_reliability_or_unlikely,broad_shape,D|r,R06,2,2,1,LOW_POWER_OR_UNSTABLE,1.0,1.0,1.0,dr
low_reliability_or_unlikely,broad_shape,EB|dy,R00,2,2,2,LOW_POWER_OR_UNSTABLE,1.0,1.0,1.0,"qokechdy, okechdy"
low_reliability_or_unlikely,broad_shape,EB|edy,R00,2,1,2,LOW_POWER_OR_UNSTABLE,1.0,1.0,1.0,"okechedy, qokechedy"
low_reliability_or_unlikely,broad_shape,EDOL|y,R00,2,2,2,LOW_POWER_OR_UNSTABLE,1.0,1.0,1.0,"chedaly, oeedaly"
low_reliability_or_unlikely,broad_shape,EGEO|dy,R00,2,2,2,LOW_POWER_OR_UNSTABLE,1.0,1.0,1.0,"chekeody, qekeody"
low_reliability_or_unlikely,broad_shape,EOD|ar,R00,2,2,1,LOW_POWER_OR_UNSTABLE,1.0,1.0,1.0,cheodar
low_reliability_or_unlikely,broad_shape,EOEG|y,R00,2,2,2,LOW_POWER_OR_UNSTABLE,1.0,1.0,1.0,"sheoeky, cheoepy"
low_reliability_or_unlikely,broad_shape,EOGB|ey,R00,2,2,2,LOW_POWER_OR_UNSTABLE,1.0,1.0,1.0,"sheopchey, cheotchey"
low_reliability_or_unlikely,broad_shape,EOG|ain,R00,2,2,2,LOW_POWER_OR_UNSTABLE,1.0,1.0,1.0,"cheokain, okeokain"
low_reliability_or_unlikely,broad_shape,EOG|edy,R00,2,2,1,LOW_POWER_OR_UNSTABLE,1.0,1.0,1.0,cheokedy
low_reliability_or_unlikely,broad_shape,EOLG|eey,R00,2,2,2,LOW_POWER_OR_UNSTABLE,1.0,1.0,1.0,"okeeolkeey, cheolkeey"
low_reliability_or_unlikely,broad_shape,EOL|ar,R00,2,2,2,LOW_POWER_OR_UNSTABLE,1.0,1.0,1.0,"okealar, okeorar"
low_reliability_or_unlikely,broad_shape,EOL|ol,R00,2,2,2,LOW_POWER_OR_UNSTABLE,1.0,1.0,0.5,"cheorol, sheolol"
low_reliability_or_unlikely,broad_shape,EXGX|dy,R00,2,2,2,LOW_POWER_OR_UNSTABLE,1.0,1.0,1.0,"sheckhdy, checkhdy"
low_reliability_or_unlikely,broad_shape,EXGX|edy,R00,2,2,2,LOW_POWER_OR_UNSTABLE,1.0,1.0,1.0,"checkhedy, sheckhedy"
low_reliability_or_unlikely,broad_shape,EXOL|y,R00,2,2,2,LOW_POWER_OR_UNSTABLE,1.0,1.0,0.5,"eeesaly, oeeesary"
low_reliability_or_unlikely,broad_shape,E|l,R00,2,2,2,LOW_POWER_OR_UNSTABLE,1.0,1.0,0.5,"okel, chel"
low_reliability_or_unlikely,broad_shape,GBED|NONE,R00,2,2,2,LOW_POWER_OR_UNSTABLE,1.0,1.0,1.0,"opshed, opcheed"
low_reliability_or_unlikely,broad_shape,GBED|aiin,R00,2,2,2,LOW_POWER_OR_UNSTABLE,1.0,1.0,1.0,"ofchedaiin, opchedaiin"
low_reliability_or_unlikely,broad_shape,GBED|ain,R00,2,2,1,LOW_POWER_OR_UNSTABLE,1.0,1.0,1.0,pchedain
low_reliability_or_unlikely,broad_shape,GBED|al,R09,2,2,2,LOW_POWER_OR_UNSTABLE,1.0,1.0,1.0,"tshedal, tchedal"
low_reliability_or_unlikely,broad_shape,GBED|ar,R00,2,2,2,LOW_POWER_OR_UNSTABLE,1.0,1.0,1.0,"pchedar, tshedar"
low_reliability_or_unlikely,broad_shape,GBED|ey,R00,2,2,2,LOW_POWER_OR_UNSTABLE,1.0,1.0,0.5,"opcheedey, fchedey"
low_reliability_or_unlikely,broad_shape,GBEO|NONE,R06,2,2,2,LOW_POWER_OR_UNSTABLE,1.0,1.0,0.5,"ksheo, kcheo"
low_reliability_or_unlikely,broad_shape,GBE|ol,R06,2,2,2,LOW_POWER_OR_UNSTABLE,1.0,1.0,1.0,"ksheol, tcheol"
low_reliability_or_unlikely,broad_shape,GBOD|ain,R00,2,2,2,LOW_POWER_OR_UNSTABLE,1.0,1.0,1.0,"tchodain, pchodain"
low_reliability_or_unlikely,broad_shape,GBOX|NONE,R06,2,2,2,LOW_POWER_OR_UNSTABLE,1.0,1.0,0.5,"kchos, ykchos"
low_reliability_or_unlikely,broad_shape,GBO|y,R06,2,2,2,LOW_POWER_OR_UNSTABLE,1.0,1.0,1.0,"kchoy, ytchoy"
low_reliability_or_unlikely,broad_shape,GB|NONE,R06,2,2,1,LOW_POWER_OR_UNSTABLE,1.0,1.0,1.0,ykch
low_reliability_or_unlikely,broad_shape,GEB|edy,R00,2,2,1,LOW_POWER_OR_UNSTABLE,1.0,1.0,1.0,kechedy
low_reliability_or_unlikely,broad_shape,GEB|ey,R00,2,2,2,LOW_POWER_OR_UNSTABLE,1.0,1.0,0.5,"keechey, ykechey"
low_reliability_or_unlikely,broad_shape,GEDO|m,R06,2,2,2,LOW_POWER_OR_UNSTABLE,1.0,1.0,1.0,"teedam, tedam"
low_reliability_or_unlikely,broad_shape,GED|ain,R06,2,2,1,LOW_POWER_OR_UNSTABLE,1.0,1.0,1.0,tedain
low_reliability_or_unlikely,broad_shape,GEOL|y,R00,2,2,2,LOW_POWER_OR_UNSTABLE,1.0,1.0,1.0,"olkeeoly, ykeeory"
low_reliability_or_unlikely,broad_shape,GE|ar,R06,2,2,2,LOW_POWER_OR_UNSTABLE,1.0,1.0,0.5,"ykeear, keear"
low_reliability_or_unlikely,broad_shape,GOB|ey,R06,2,2,2,LOW_POWER_OR_UNSTABLE,1.0,1.0,1.0,"tochey, pochey"
low_reliability_or_unlikely,broad_shape,GOEX|NONE,R06,2,2,1,LOW_POWER_OR_UNSTABLE,1.0,1.0,0.5,toees
low_reliability_or_unlikely,broad_shape,GOG|y,R06,2,2,2,LOW_POWER_OR_UNSTABLE,1.0,1.0,1.0,"ytapy, toky"
low_reliability_or_unlikely,broad_shape,GOILO|NONE,R00,2,2,2,LOW_POWER_OR_UNSTABLE,1.0,1.0,1.0,"opaiino, ofaiino"
low_reliability_or_unlikely,broad_shape,GOI|r,R06,2,2,2,LOW_POWER_OR_UNSTABLE,1.0,1.0,1.0,"ykaiir, ytaiir"
low_reliability_or_unlikely,broad_shape,GOLBD|NONE,R06,2,2,2,LOW_POWER_OR_UNSTABLE,1.0,1.0,0.5,"kolshd, tolchd"
low_reliability_or_unlikely,broad_shape,GOLB|ey,R00,2,2,2,LOW_POWER_OR_UNSTABLE,1.0,1.0,1.0,"korshey, porchey"
low_reliability_or_unlikely,broad_shape,GOLG|edy,R00,2,2,2,LOW_POWER_OR_UNSTABLE,1.0,1.0,1.0,"kolkedy, polkedy"
low_reliability_or_unlikely,broad_shape,GOLOE|r,R06,2,2,2,LOW_POWER_OR_UNSTABLE,1.0,1.0,1.0,"tolair, tarair"
low_reliability_or_unlikely,broad_shape,GO|iin,R06,2,2,2,LOW_POWER_OR_UNSTABLE,1.0,1.0,1.0,"toiin, poiin"
low_reliability_or_unlikely,broad_shape,GY|dy,R00,2,2,2,LOW_POWER_OR_UNSTABLE,1.0,1.0,0.5,"ytydy, ofydy"
low_reliability_or_unlikely,broad_shape,G|aiiin,R06,2,2,1,LOW_POWER_OR_UNSTABLE,1.0,1.0,1.0,kaiiin
low_reliability_or_unlikely,broad_shape,I|r,R00,2,2,2,LOW_POWER_OR_UNSTABLE,1.0,1.0,1.0,"oiir, iir"
low_reliability_or_unlikely,broad_shape,LBEDO|m,R00,2,2,1,LOW_POWER_OR_UNSTABLE,1.0,1.0,1.0,lchedam
low_reliability_or_unlikely,broad_shape,LBED|NONE,R00,2,2,1,LOW_POWER_OR_UNSTABLE,1.0,1.0,1.0,lched
low_reliability_or_unlikely,broad_shape,LBED|ar,R00,2,2,2,LOW_POWER_OR_UNSTABLE,1.0,1.0,1.0,"lchedar, rchedar"
low_reliability_or_unlikely,broad_shape,LBEXGX|y,R00,2,2,2,LOW_POWER_OR_UNSTABLE,1.0,1.0,1.0,"lsheckhy, lcheckhy"
low_reliability_or_unlikely,broad_shape,LBE|ol,R00,2,2,2,LOW_POWER_OR_UNSTABLE,1.0,1.0,1.0,"lsheol, lcheol"
low_reliability_or_unlikely,broad_shape,LB|NONE,R00,2,2,2,LOW_POWER_OR_UNSTABLE,1.0,1.0,1.0,"lch, lsh"
low_reliability_or_unlikely,broad_shape,LD|aiin,R00,2,2,1,LOW_POWER_OR_UNSTABLE,1.0,1.0,1.0,ldaiin
low_reliability_or_unlikely,broad_shape,LGEO|dy,R00,2,2,2,LOW_POWER_OR_UNSTABLE,1.0,1.0,1.0,"lkeody, lkeeody"
low_reliability_or_unlikely,broad_shape,LGO|m,R00,2,2,1,LOW_POWER_OR_UNSTABLE,1.0,1.0,1.0,lkam
low_reliability_or_unlikely,broad_shape,LOLG|aiin,R00,2,2,1,LOW_POWER_OR_UNSTABLE,1.0,1.0,1.0,lolkaiin
low_reliability_or_unlikely,broad_shape,LOL|aiin,R00,2,2,2,LOW_POWER_OR_UNSTABLE,1.0,1.0,1.0,"lolaiin, raraiin"
low_reliability_or_unlikely,broad_shape,LOL|al,R00,2,2,2,LOW_POWER_OR_UNSTABLE,1.0,1.0,0.5,"raral, ralal"
low_reliability_or_unlikely,broad_shape,LOL|ol,R00,2,2,2,LOW_POWER_OR_UNSTABLE,1.0,1.0,0.5,"ralol, rorol"
low_reliability_or_unlikely,broad_shape,ODB|y,R00,2,2,2,LOW_POWER_OR_UNSTABLE,1.0,1.0,1.0,"chodchy, okodchy"
low_reliability_or_unlikely,broad_shape,OEX|NONE,R06,2,2,2,LOW_POWER_OR_UNSTABLE,1.0,1.0,1.0,"yoees, soes"
low_reliability_or_unlikely,broad_shape,OGB|eey,R00,2,2,2,LOW_POWER_OR_UNSTABLE,1.0,1.0,1.0,"chokcheey, sokcheey"
low_reliability_or_unlikely,broad_shape,OGB|ey,R00,2,2,2,LOW_POWER_OR_UNSTABLE,1.0,1.0,0.5,"shopchey, chopchey"
low_reliability_or_unlikely,broad_shape,OGB|or,R00,2,2,2,LOW_POWER_OR_UNSTABLE,1.0,1.0,1.0,"shokshor, chokshor"
low_reliability_or_unlikely,broad_shape,OG|edy,R06,2,2,2,LOW_POWER_OR_UNSTABLE,1.0,1.0,1.0,"dotedy, dokedy"
low_reliability_or_unlikely,broad_shape,OG|eedy,R00,2,2,1,LOW_POWER_OR_UNSTABLE,1.0,1.0,1.0,sokeedy
low_reliability_or_unlikely,broad_shape,OLBE|ol,R00,2,2,2,LOW_POWER_OR_UNSTABLE,1.0,1.0,0.5,"oalcheol, solsheol"
low_reliability_or_unlikely,broad_shape,OLBXGX|dy,R00,2,2,2,LOW_POWER_OR_UNSTABLE,1.0,1.0,1.0,"salshcthdy, sarchcphdy"
low_reliability_or_unlikely,broad_shape,OLEG|NONE,R00,2,2,2,LOW_POWER_OR_UNSTABLE,1.0,1.0,1.0,"alet, alif"
low_reliability_or_unlikely,broad_shape,OLOL|l,R06,2,2,2,LOW_POWER_OR_UNSTABLE,1.0,1.0,0.5,"darall, sororl"
low_reliability_or_unlikely,broad_shape,OLOX|NONE,R00,2,2,2,LOW_POWER_OR_UNSTABLE,1.0,1.0,1.0,"choross, oralas"
low_reliability_or_unlikely,broad_shape,OLXGX|y,R00,2,2,2,LOW_POWER_OR_UNSTABLE,1.0,1.0,0.5,"alcphy, solcthy"
low_reliability_or_unlikely,broad_shape,OL|aiiin,R00,2,2,2,LOW_POWER_OR_UNSTABLE,1.0,1.0,1.0,"alaiiin, daraiiin"
low_reliability_or_unlikely,broad_shape,OXGX|ol,R00,2,2,2,LOW_POWER_OR_UNSTABLE,1.0,1.0,1.0,"shocthol, chockhol"
low_reliability_or_unlikely,broad_shape,OX|aiin,R00,2,2,2,LOW_POWER_OR_UNSTABLE,1.0,1.0,0.5,"shosaiin, otosaiin"
low_reliability_or_unlikely,broad_shape,OX|y,R00,2,2,2,LOW_POWER_OR_UNSTABLE,1.0,1.0,0.5,"otosy, okosy"
low_reliability_or_unlikely,broad_shape,O|eey,R06,2,2,2,LOW_POWER_OR_UNSTABLE,1.0,1.0,1.0,"soeey, doeey"
low_reliability_or_unlikely,broad_shape,QOG|ain,R00,2,2,2,LOW_POWER_OR_UNSTABLE,1.0,1.0,1.0,"oqokain, yqokain"
low_reliability_or_unlikely,broad_shape,XOL|y,R00,2,2,2,LOW_POWER_OR_UNSTABLE,1.0,1.0,0.5,"osary, chsaly"
low_reliability_or_unlikely,broad_shape,X|ain,R00,2,2,1,LOW_POWER_OR_UNSTABLE,1.0,1.0,0.5,osain
low_reliability_or_unlikely,broad_shape,YG|NONE,R06,2,2,2,LOW_POWER_OR_UNSTABLE,1.0,1.0,0.5,"yk, yt"
low_reliability_or_unlikely,broad_shape,YG|ain,R06,2,2,2,LOW_POWER_OR_UNSTABLE,1.0,1.0,1.0,"dytain, dykain"
low_reliability_or_unlikely,broad_shape,YG|eedy,R00,2,2,2,LOW_POWER_OR_UNSTABLE,1.0,1.0,0.5,"oyteedy, dykeedy"
low_reliability_or_unlikely,broad_shape,YG|eey,R00,2,2,2,LOW_POWER_OR_UNSTABLE,1.0,1.0,1.0,"oykeey, oyteey"
low_reliability_or_unlikely,broad_shape,BD|ar,R00,2,2,2,LOW_POWER_OR_UNSTABLE,0.5,1.0,1.0,"dchdar, olchdar"
low_reliability_or_unlikely,broad_shape,BEXGX|y,R00,2,2,2,LOW_POWER_OR_UNSTABLE,0.5,0.5,1.0,"dsheckhy, ychecthy"
low_reliability_or_unlikely,broad_shape,BEX|NONE,R00,2,2,2,LOW_POWER_OR_UNSTABLE,0.5,1.0,1.0,"okshes, dshees"
low_reliability_or_unlikely,broad_shape,BOEX|NONE,R00,2,2,2,LOW_POWER_OR_UNSTABLE,0.5,1.0,0.5,"ychaies, ychais"
low_reliability_or_unlikely,broad_shape,BOG|y,R00,2,2,2,LOW_POWER_OR_UNSTABLE,0.5,0.5,1.0,"chshoty, dchoty"
low_reliability_or_unlikely,broad_shape,BOX|NONE,R00,2,2,2,LOW_POWER_OR_UNSTABLE,0.5,0.5,1.0,"ochos, ychos"
low_reliability_or_unlikely,broad_shape,BO|m,R00,2,2,2,LOW_POWER_OR_UNSTABLE,0.5,0.5,1.0,"otcham, ychom"
low_reliability_or_unlikely,broad_shape,BO|y,R00,2,2,2,LOW_POWER_OR_UNSTABLE,0.5,1.0,1.0,"okchoy, ychoy"
low_reliability_or_unlikely,broad_shape,EDB|ey,R00,2,2,2,LOW_POWER_OR_UNSTABLE,0.5,1.0,1.0,"chedchey, oteeedchey"
low_reliability_or_unlikely,broad_shape,EDYG|ey,H08,2,2,2,LOW_POWER_OR_UNSTABLE,0.5,0.5,1.0,"qokeedykey, okeedykey"
low_reliability_or_unlikely,broad_shape,EDY|l,R00,2,2,2,LOW_POWER_OR_UNSTABLE,0.5,1.0,1.0,"otedyl, chedyl"
low_reliability_or_unlikely,broad_shape,EG|eey,H07,2,2,2,LOW_POWER_OR_UNSTABLE,0.5,1.0,0.5,"qoekeey, cheeteey"
low_reliability_or_unlikely,broad_shape,EOD|al,R00,2,2,2,LOW_POWER_OR_UNSTABLE,0.5,1.0,0.5,"okeeodal, cheodal"
low_reliability_or_unlikely,broad_shape,EOLB|ey,H08,2,2,2,LOW_POWER_OR_UNSTABLE,0.5,1.0,1.0,"cheolchey, qokeolchey"
low_reliability_or_unlikely,broad_shape,E|ain,R00,2,2,2,LOW_POWER_OR_UNSTABLE,0.5,1.0,1.0,"cheain, oteain"
low_reliability_or_unlikely,broad_shape,GBD|NONE,R00,2,2,2,LOW_POWER_OR_UNSTABLE,0.5,1.0,1.0,"opchd, kshd"
low_reliability_or_unlikely,broad_shape,GBOL|dy,R00,2,2,2,LOW_POWER_OR_UNSTABLE,0.5,1.0,0.5,"opcholdy, tsholdy"
low_reliability_or_unlikely,broad_shape,GEB|dy,R00,2,2,2,LOW_POWER_OR_UNSTABLE,0.5,1.0,1.0,"kechdy, olkeechdy"
low_reliability_or_unlikely,broad_shape,GED|al,R00,2,2,2,LOW_POWER_OR_UNSTABLE,0.5,1.0,1.0,"olkeedal, kedal"
low_reliability_or_unlikely,broad_shape,GOD|al,R06,2,2,2,LOW_POWER_OR_UNSTABLE,0.5,1.0,0.5,"ytodal, todal"
low_reliability_or_unlikely,broad_shape,GOEL|y,R00,2,2,2,LOW_POWER_OR_UNSTABLE,0.5,1.0,0.5,"faimy, chtairy"
low_reliability_or_unlikely,broad_shape,GOLD|aiin,R00,2,2,2,LOW_POWER_OR_UNSTABLE,0.5,1.0,0.5,"kaldaiin, opaldaiin"
low_reliability_or_unlikely,broad_shape,GOXGX|y,R00,2,2,2,LOW_POWER_OR_UNSTABLE,0.5,1.0,0.5,"ykocfhy, tockhy"
low_reliability_or_unlikely,broad_shape,LGOL|y,H07,2,2,2,LOW_POWER_OR_UNSTABLE,0.5,0.5,1.0,"qolkary, ltary"
low_reliability_or_unlikely,broad_shape,LOD|NONE,R00,2,2,2,LOW_POWER_OR_UNSTABLE,0.5,1.0,0.5,"dlod, llod"
low_reliability_or_unlikely,broad_shape,OEG|NONE,R00,2,2,2,LOW_POWER_OR_UNSTABLE,0.5,1.0,1.0,"dait, oraeep"
low_reliability_or_unlikely,broad_shape,OELO|NONE,R00,2,2,2,LOW_POWER_OR_UNSTABLE,0.5,1.0,0.5,"otairo, saino"
low_reliability_or_unlikely,broad_shape,OEL|dy,R00,2,2,2,LOW_POWER_OR_UNSTABLE,0.5,1.0,1.0,"otairdy, dairdy"
low_reliability_or_unlikely,broad_shape,OGE|ol,R00,2,2,2,LOW_POWER_OR_UNSTABLE,0.5,1.0,1.0,"chokeol, soteol"
low_reliability_or_unlikely,broad_shape,OGOL|y,R00,2,2,2,LOW_POWER_OR_UNSTABLE,0.5,1.0,0.5,"shotoly, sokoly"
low_reliability_or_unlikely,broad_shape,OGO|n,R00,2,2,2,LOW_POWER_OR_UNSTABLE,0.5,1.0,1.0,"chokan, dokan"
low_reliability_or_unlikely,broad_shape,OG|eey,R00,2,2,2,LOW_POWER_OR_UNSTABLE,0.5,1.0,1.0,"chokeey, sokeey"
low_reliability_or_unlikely,broad_shape,OLBD|NONE,H13,2,2,2,LOW_POWER_OR_UNSTABLE,0.5,1.0,1.0,"dalshd, qotolchd"
low_reliability_or_unlikely,broad_shape,OLBEG|y,R00,2,2,2,LOW_POWER_OR_UNSTABLE,0.5,1.0,1.0,"cholcheky, otorchety"
low_reliability_or_unlikely,broad_shape,OLGB|y,R00,2,2,2,LOW_POWER_OR_UNSTABLE,0.5,1.0,1.0,"solkchy, dalfchy"
low_reliability_or_unlikely,broad_shape,OLG|NONE,R00,2,2,2,LOW_POWER_OR_UNSTABLE,0.5,1.0,1.0,"salf, otork"
low_reliability_or_unlikely,broad_shape,OLG|edy,R00,2,2,2,LOW_POWER_OR_UNSTABLE,0.5,1.0,1.0,"solkedy, dalkedy"
low_reliability_or_unlikely,broad_shape,OLOE|r,R00,2,2,2,LOW_POWER_OR_UNSTABLE,0.5,1.0,1.0,"solair, okalair"
low_reliability_or_unlikely,broad_shape,XGXEX|NONE,H07,2,2,2,LOW_POWER_OR_UNSTABLE,0.5,1.0,1.0,"cthes, qocthes"
low_reliability_or_unlikely,broad_shape,XGXOX|NONE,R00,2,2,2,LOW_POWER_OR_UNSTABLE,0.5,0.5,1.0,"cthoj, ckhos"
low_reliability_or_unlikely,broad_shape,XGXO|n,R00,2,2,2,LOW_POWER_OR_UNSTABLE,0.5,1.0,1.0,"chckhan, cthan"
low_reliability_or_unlikely,broad_shape,X|al,R00,2,2,2,LOW_POWER_OR_UNSTABLE,0.5,1.0,0.5,"osal, yhal"
low_reliability_or_unlikely,broad_shape,YGB|edy,H10,2,2,2,LOW_POWER_OR_UNSTABLE,0.5,1.0,1.0,"qokytchedy, dytshedy"
low_reliability_or_unlikely,broad_shape,YGOX|NONE,R00,2,2,2,LOW_POWER_OR_UNSTABLE,0.5,1.0,1.0,"sykos, chytos"
low_reliability_or_unlikely,broad_shape,BDBOX|NONE,R00,1,1,1,LOW_POWER_OR_UNSTABLE,1.0,1.0,1.0,okshdchos
low_reliability_or_unlikely,broad_shape,BDLDLO|NONE,R00,1,1,1,LOW_POWER_OR_UNSTABLE,1.0,1.0,1.0,okchdldlo
low_reliability_or_unlikely,broad_shape,BDOL|ar,R00,1,1,1,LOW_POWER_OR_UNSTABLE,1.0,1.0,1.0,okchdarar
low_reliability_or_unlikely,broad_shape,BDOL|dy,R00,1,1,1,LOW_POWER_OR_UNSTABLE,1.0,1.0,1.0,dchdaldy
low_reliability_or_unlikely,broad_shape,BDO|m,R00,1,1,1,LOW_POWER_OR_UNSTABLE,1.0,1.0,1.0,otchdam
low_reliability_or_unlikely,broad_shape,BEB|y,R00,1,1,1,LOW_POWER_OR_UNSTABLE,1.0,1.0,1.0,okchechy
low_reliability_or_unlikely,broad_shape,BEDOE|r,R00,1,1,1,LOW_POWER_OR_UNSTABLE,1.0,1.0,1.0,yshedair
low_reliability_or_unlikely,broad_shape,BEDOL|y,R09,1,1,1,LOW_POWER_OR_UNSTABLE,1.0,1.0,1.0,dchedaly
low_reliability_or_unlikely,broad_shape,BEDYOL|or,R00,1,1,1,LOW_POWER_OR_UNSTABLE,1.0,1.0,1.0,okchedyoror
low_reliability_or_unlikely,broad_shape,BED|ain,R00,1,1,1,LOW_POWER_OR_UNSTABLE,1.0,1.0,1.0,dchedain
low_reliability_or_unlikely,broad_shape,BED|ey,R00,1,1,1,LOW_POWER_OR_UNSTABLE,1.0,1.0,1.0,otchedey
low_reliability_or_unlikely,broad_shape,BEGB|y,R00,1,1,1,LOW_POWER_OR_UNSTABLE,1.0,1.0,1.0,ychekchy
low_reliability_or_unlikely,broad_shape,BEGOL|ain,R00,1,1,1,LOW_POWER_OR_UNSTABLE,1.0,1.0,1.0,ochepalain
low_reliability_or_unlikely,broad_shape,BEGO|y,R00,1,1,1,LOW_POWER_OR_UNSTABLE,1.0,1.0,1.0,dchetay
low_reliability_or_unlikely,broad_shape,BEG|eedy,R00,1,1,1,LOW_POWER_OR_UNSTABLE,1.0,1.0,1.0,dchekeedy
low_reliability_or_unlikely,broad_shape,BEG|eey,R00,1,1,1,LOW_POWER_OR_UNSTABLE,1.0,1.0,1.0,ycheekeey
low_reliability_or_unlikely,broad_shape,BEG|ol,R00,1,1,1,LOW_POWER_OR_UNSTABLE,1.0,1.0,1.0,schekol
low_reliability_or_unlikely,broad_shape,BEG|y,R00,1,1,1,LOW_POWER_OR_UNSTABLE,1.0,1.0,1.0,ycheety
low_reliability_or_unlikely,broad_shape,BEOD|aiin,R00,1,1,1,LOW_POWER_OR_UNSTABLE,1.0,1.0,1.0,dcheodaiin
low_reliability_or_unlikely,broad_shape,BEOD|ain,R00,1,1,1,LOW_POWER_OR_UNSTABLE,1.0,1.0,1.0,dcheodain
low_reliability_or_unlikely,broad_shape,BEOD|ar,R00,1,1,1,LOW_POWER_OR_UNSTABLE,1.0,1.0,1.0,otcheodar
low_reliability_or_unlikely,broad_shape,BEOLBEO|NONE,R00,1,1,1,LOW_POWER_OR_UNSTABLE,1.0,1.0,1.0,ycheeolcheeo
low_reliability_or_unlikely,broad_shape,BEOLOD|NONE,R00,1,1,1,LOW_POWER_OR_UNSTABLE,1.0,1.0,1.0,ychealod
low_reliability_or_unlikely,broad_shape,BEOLOL|ain,H08,1,1,1,LOW_POWER_OR_UNSTABLE,1.0,1.0,1.0,qokcheololain
low_reliability_or_unlikely,broad_shape,BEOL|aiin,R00,1,1,1,LOW_POWER_OR_UNSTABLE,1.0,1.0,1.0,ycheoraiin
low_reliability_or_unlikely,broad_shape,BEOL|dy,R00,1,1,1,LOW_POWER_OR_UNSTABLE,1.0,1.0,1.0,dcheoldy
low_reliability_or_unlikely,broad_shape,BEOL|y,R00,1,1,1,LOW_POWER_OR_UNSTABLE,1.0,1.0,1.0,otcheoly
low_reliability_or_unlikely,broad_shape,BEOXGX|y,R00,1,1,1,LOW_POWER_OR_UNSTABLE,1.0,1.0,1.0,ycheockhy
low_reliability_or_unlikely,broad_shape,BEOX|NONE,R06,1,1,1,LOW_POWER_OR_UNSTABLE,1.0,1.0,1.0,dsheog
low_reliability_or_unlikely,broad_shape,BEO|aiin,R00,1,1,1,LOW_POWER_OR_UNSTABLE,1.0,1.0,1.0,dcheoaiin
low_reliability_or_unlikely,broad_shape,BEO|m,R00,1,1,1,LOW_POWER_OR_UNSTABLE,1.0,1.0,1.0,olcheom
low_reliability_or_unlikely,broad_shape,BEO|y,R06,1,1,1,LOW_POWER_OR_UNSTABLE,1.0,1.0,1.0,dsheoy
low_reliability_or_unlikely,broad_shape,BEXGXOX|NONE,R00,1,1,1,LOW_POWER_OR_UNSTABLE,1.0,1.0,1.0,dcheeckhos
low_reliability_or_unlikely,broad_shape,BEXOX|NONE,R00,1,1,1,LOW_POWER_OR_UNSTABLE,1.0,1.0,1.0,yshesas
low_reliability_or_unlikely,broad_shape,BEXYGB|y,R00,1,1,1,LOW_POWER_OR_UNSTABLE,1.0,1.0,1.0,dchesykchy
low_reliability_or_unlikely,broad_shape,BEX|ey,R00,1,1,1,LOW_POWER_OR_UNSTABLE,1.0,1.0,1.0,olcheesey
low_reliability_or_unlikely,broad_shape,BEX|y,R00,1,1,1,LOW_POWER_OR_UNSTABLE,1.0,1.0,1.0,oshesy
low_reliability_or_unlikely,broad_shape,BEYL|dy,R00,1,1,1,LOW_POWER_OR_UNSTABLE,1.0,1.0,1.0,otcheylldy
low_reliability_or_unlikely,broad_shape,BGB|dy,R00,1,1,1,LOW_POWER_OR_UNSTABLE,1.0,1.0,1.0,sshkchdy
low_reliability_or_unlikely,broad_shape,BG|y,R06,1,1,1,LOW_POWER_OR_UNSTABLE,1.0,1.0,1.0,ychty
low_reliability_or_unlikely,broad_shape,BOB|or,R00,1,1,1,LOW_POWER_OR_UNSTABLE,1.0,1.0,1.0,orchochor
low_reliability_or_unlikely,broad_shape,BOB|y,R00,1,1,1,LOW_POWER_OR_UNSTABLE,1.0,1.0,1.0,otchoshy
low_reliability_or_unlikely,broad_shape,BODOLX|NONE,R00,1,1,1,LOW_POWER_OR_UNSTABLE,1.0,1.0,1.0,otchodals
low_reliability_or_unlikely,broad_shape,BODOL|e,R00,1,1,1,LOW_POWER_OR_UNSTABLE,1.0,1.0,1.0,ochodare
low_reliability_or_unlikely,broad_shape,BOD|NONE,H13,1,1,1,LOW_POWER_OR_UNSTABLE,1.0,1.0,1.0,qotchod
low_reliability_or_unlikely,broad_shape,BOD|aiin,R10,1,1,1,LOW_POWER_OR_UNSTABLE,1.0,1.0,1.0,dchodaiin
low_reliability_or_unlikely,broad_shape,BOD|al,R09,1,1,1,LOW_POWER_OR_UNSTABLE,1.0,1.0,1.0,qchodal
low_reliability_or_unlikely,broad_shape,BOE|iin,R00,1,1,1,LOW_POWER_OR_UNSTABLE,1.0,1.0,1.0,okchoiiin
low_reliability_or_unlikely,broad_shape,BOGOLDX|NONE,R00,1,1,1,LOW_POWER_OR_UNSTABLE,1.0,1.0,1.0,ychopordg
low_reliability_or_unlikely,broad_shape,BOG|NONE,R06,1,1,1,LOW_POWER_OR_UNSTABLE,1.0,1.0,1.0,sshok
low_reliability_or_unlikely,broad_shape,BOLBE|aiin,R07,1,1,1,LOW_POWER_OR_UNSTABLE,1.0,1.0,1.0,otcholcheaiin
low_reliability_or_unlikely,broad_shape,BOLBG|y,R00,1,1,1,LOW_POWER_OR_UNSTABLE,1.0,1.0,1.0,okchorchky
low_reliability_or_unlikely,broad_shape,BOLBOLO|m,R00,1,1,1,LOW_POWER_OR_UNSTABLE,1.0,1.0,1.0,ocholsharam
low_reliability_or_unlikely,broad_shape,BOLB|y,R00,1,1,1,LOW_POWER_OR_UNSTABLE,1.0,1.0,1.0,scharchy
low_reliability_or_unlikely,broad_shape,BOLD|NONE,R00,1,1,1,LOW_POWER_OR_UNSTABLE,1.0,1.0,1.0,otchald
low_reliability_or_unlikely,broad_shape,BOLOXGX|ol,R07,1,1,1,LOW_POWER_OR_UNSTABLE,1.0,1.0,1.0,otcholocthol
low_reliability_or_unlikely,broad_shape,BOLO|iin,R00,1,1,1,LOW_POWER_OR_UNSTABLE,1.0,1.0,1.0,okchoroiin
low_reliability_or_unlikely,broad_shape,BOL|y,R00,1,1,1,LOW_POWER_OR_UNSTABLE,1.0,1.0,1.0,ochory
low_reliability_or_unlikely,broad_shape,BOXGX|y,R00,1,1,1,LOW_POWER_OR_UNSTABLE,1.0,1.0,1.0,ochockhy
low_reliability_or_unlikely,broad_shape,BOXO|m,R00,1,1,1,LOW_POWER_OR_UNSTABLE,1.0,1.0,1.0,okchosam
low_reliability_or_unlikely,broad_shape,BOX|ar,R00,1,1,1,LOW_POWER_OR_UNSTABLE,1.0,1.0,1.0,ychosar
low_reliability_or_unlikely,broad_shape,BOYG|NONE,R00,1,1,1,LOW_POWER_OR_UNSTABLE,1.0,1.0,1.0,ochoyk
low_reliability_or_unlikely,broad_shape,BO|al,R06,1,1,1,LOW_POWER_OR_UNSTABLE,1.0,1.0,1.0,schoal
low_reliability_or_unlikely,broad_shape,BO|iin,R00,1,1,1,LOW_POWER_OR_UNSTABLE,1.0,1.0,1.0,olchoiin
low_reliability_or_unlikely,broad_shape,BO|n,R00,1,1,1,LOW_POWER_OR_UNSTABLE,1.0,1.0,1.0,okchan
low_reliability_or_unlikely,broad_shape,BYD|NONE,R00,1,1,1,LOW_POWER_OR_UNSTABLE,1.0,1.0,1.0,okchyd
low_reliability_or_unlikely,broad_shape,BYGB|y,R00,1,1,1,LOW_POWER_OR_UNSTABLE,1.0,1.0,1.0,dchykchy
low_reliability_or_unlikely,broad_shape,B|e,H08,1,1,1,LOW_POWER_OR_UNSTABLE,1.0,1.0,1.0,qokshe
low_reliability_or_unlikely,broad_shape,DBEXGX|y,R00,1,1,1,LOW_POWER_OR_UNSTABLE,1.0,1.0,1.0,odchecthy
low_reliability_or_unlikely,broad_shape,DBOX|NONE,R06,1,1,1,LOW_POWER_OR_UNSTABLE,1.0,1.0,1.0,ydchos
low_reliability_or_unlikely,broad_shape,DB|ey,R00,1,1,1,LOW_POWER_OR_UNSTABLE,1.0,1.0,1.0,odchey
low_reliability_or_unlikely,broad_shape,DEGO|m,R06,1,1,1,LOW_POWER_OR_UNSTABLE,1.0,1.0,1.0,ydekam
low_reliability_or_unlikely,broad_shape,DEOD|l,R00,1,1,1,LOW_POWER_OR_UNSTABLE,1.0,1.0,1.0,odeeeodl
low_reliability_or_unlikely,broad_shape,DEX|NONE,R00,1,1,1,LOW_POWER_OR_UNSTABLE,1.0,1.0,1.0,odees
low_reliability_or_unlikely,broad_shape,DE|eey,R00,1,1,1,LOW_POWER_OR_UNSTABLE,1.0,1.0,1.0,odeeey
low_reliability_or_unlikely,broad_shape,DOELO|n,R00,1,1,1,LOW_POWER_OR_UNSTABLE,1.0,1.0,1.0,odairan
low_reliability_or_unlikely,broad_shape,DOEL|ol,R00,1,1,1,LOW_POWER_OR_UNSTABLE,1.0,1.0,1.0,ydairol
low_reliability_or_unlikely,broad_shape,DOEX|NONE,R00,1,1,1,LOW_POWER_OR_UNSTABLE,1.0,1.0,1.0,oldaig
low_reliability_or_unlikely,broad_shape,DOE|l,R00,1,1,1,LOW_POWER_OR_UNSTABLE,1.0,1.0,1.0,chdail
low_reliability_or_unlikely,broad_shape,DOILDOEL|y,R00,1,1,1,LOW_POWER_OR_UNSTABLE,1.0,1.0,1.0,chdaiirdainy
low_reliability_or_unlikely,broad_shape,DOI|l,R06,1,1,1,LOW_POWER_OR_UNSTABLE,1.0,1.0,1.0,ydaiil
low_reliability_or_unlikely,broad_shape,DOI|m,R00,1,1,1,LOW_POWER_OR_UNSTABLE,1.0,1.0,1.0,odaiim
low_reliability_or_unlikely,broad_shape,DOLOEB|y,R00,1,1,1,LOW_POWER_OR_UNSTABLE,1.0,1.0,1.0,ydaraishy
low_reliability_or_unlikely,broad_shape,DOLYDOL|y,R00,1,1,1,LOW_POWER_OR_UNSTABLE,1.0,1.0,1.0,odalydary
low_reliability_or_unlikely,broad_shape,DOL|al,R09,1,1,1,LOW_POWER_OR_UNSTABLE,1.0,1.0,1.0,chdalal
low_reliability_or_unlikely,broad_shape,DOL|dy,R00,1,1,1,LOW_POWER_OR_UNSTABLE,1.0,1.0,1.0,otdordy
low_reliability_or_unlikely,broad_shape,D|aiiin,R00,1,1,1,LOW_POWER_OR_UNSTABLE,1.0,1.0,1.0,odaiiin
low_reliability_or_unlikely,broad_shape,D|dy,R00,1,1,1,LOW_POWER_OR_UNSTABLE,1.0,1.0,1.0,chddy
low_reliability_or_unlikely,broad_shape,D|or,R00,1,1,1,LOW_POWER_OR_UNSTABLE,1.0,1.0,1.0,odor
low_reliability_or_unlikely,broad_shape,EBDOL|al,R00,1,1,1,LOW_POWER_OR_UNSTABLE,1.0,1.0,1.0,okechdaral
low_reliability_or_unlikely,broad_shape,EBD|aiin,R00,1,1,1,LOW_POWER_OR_UNSTABLE,1.0,1.0,1.0,chechdaiin
low_reliability_or_unlikely,broad_shape,EBGOL|al,R00,1,1,1,LOW_POWER_OR_UNSTABLE,1.0,1.0,1.0,echkalal
low_reliability_or_unlikely,broad_shape,EBOEG|NONE,H13,1,1,1,LOW_POWER_OR_UNSTABLE,1.0,1.0,1.0,qotechoep
low_reliability_or_unlikely,broad_shape,EBOLG|ar,R00,1,1,1,LOW_POWER_OR_UNSTABLE,1.0,1.0,1.0,checholtar
low_reliability_or_unlikely,broad_shape,EBOX|NONE,R00,1,1,1,LOW_POWER_OR_UNSTABLE,1.0,1.0,1.0,okeshos
low_reliability_or_unlikely,broad_shape,EBO|m,H08,1,1,1,LOW_POWER_OR_UNSTABLE,1.0,1.0,1.0,qokeechom
low_reliability_or_unlikely,broad_shape,EBYX|NONE,R01,1,1,1,LOW_POWER_OR_UNSTABLE,1.0,1.0,1.0,otechys
low_reliability_or_unlikely,broad_shape,EDB|y,R00,1,1,1,LOW_POWER_OR_UNSTABLE,1.0,1.0,1.0,chedchy
low_reliability_or_unlikely,broad_shape,EDGOL|y,R00,1,1,1,LOW_POWER_OR_UNSTABLE,1.0,1.0,1.0,chedkaly
low_reliability_or_unlikely,broad_shape,EDG|ain,R00,1,1,1,LOW_POWER_OR_UNSTABLE,1.0,1.0,1.0,chedkain
low_reliability_or_unlikely,broad_shape,EDOEG|ain,R00,1,1,1,LOW_POWER_OR_UNSTABLE,1.0,1.0,1.0,shedaitain
low_reliability_or_unlikely,broad_shape,EDOLX|NONE,R09,1,1,1,LOW_POWER_OR_UNSTABLE,1.0,1.0,1.0,cheedals
low_reliability_or_unlikely,broad_shape,EDOL|or,R00,1,1,1,LOW_POWER_OR_UNSTABLE,1.0,1.0,1.0,okedalor
low_reliability_or_unlikely,broad_shape,EDO|dy,R00,1,1,1,LOW_POWER_OR_UNSTABLE,1.0,1.0,1.0,oedady
low_reliability_or_unlikely,broad_shape,EDYG|ar,R00,1,1,1,LOW_POWER_OR_UNSTABLE,1.0,1.0,1.0,chedykar
low_reliability_or_unlikely,broad_shape,EDYG|edy,R00,1,1,1,LOW_POWER_OR_UNSTABLE,1.0,1.0,1.0,shedytedy
low_reliability_or_unlikely,broad_shape,EDYQ|ol,R00,1,1,1,LOW_POWER_OR_UNSTABLE,1.0,1.0,1.0,okeedyqol
low_reliability_or_unlikely,broad_shape,EDY|dy,R00,1,1,1,LOW_POWER_OR_UNSTABLE,1.0,1.0,1.0,chedydy
low_reliability_or_unlikely,broad_shape,ED|edy,H12,1,1,1,LOW_POWER_OR_UNSTABLE,1.0,1.0,1.0,qokededy
low_reliability_or_unlikely,broad_shape,ED|eey,R01,1,1,1,LOW_POWER_OR_UNSTABLE,1.0,1.0,1.0,otedeey
low_reliability_or_unlikely,broad_shape,ED|ey,R00,1,1,1,LOW_POWER_OR_UNSTABLE,1.0,1.0,1.0,oeedey
low_reliability_or_unlikely,broad_shape,ED|l,R00,1,1,1,LOW_POWER_OR_UNSTABLE,1.0,1.0,1.0,okedl
low_reliability_or_unlikely,broad_shape,EGBEG|y,R00,1,1,1,LOW_POWER_OR_UNSTABLE,1.0,1.0,1.0,depcheky
low_reliability_or_unlikely,broad_shape,EGBEODBX|NONE,R00,1,1,1,LOW_POWER_OR_UNSTABLE,1.0,1.0,1.0,shetcheodchs
low_reliability_or_unlikely,broad_shape,EGBOD|NONE,R00,1,1,1,LOW_POWER_OR_UNSTABLE,1.0,1.0,1.0,oepchod
low_reliability_or_unlikely,broad_shape,EGBO|m,R00,1,1,1,LOW_POWER_OR_UNSTABLE,1.0,1.0,1.0,chepcham
low_reliability_or_unlikely,broad_shape,EGB|aiin,R00,1,1,1,LOW_POWER_OR_UNSTABLE,1.0,1.0,1.0,chetchaiin
low_reliability_or_unlikely,broad_shape,EGB|edy,R00,1,1,1,LOW_POWER_OR_UNSTABLE,1.0,1.0,1.0,chepchedy
low_reliability_or_unlikely,broad_shape,EGB|ey,R00,1,1,1,LOW_POWER_OR_UNSTABLE,1.0,1.0,1.0,sheepshey
low_reliability_or_unlikely,broad_shape,EGB|ol,R08,1,1,1,LOW_POWER_OR_UNSTABLE,1.0,1.0,1.0,shekshol
low_reliability_or_unlikely,broad_shape,EGEG|y,R00,1,1,1,LOW_POWER_OR_UNSTABLE,1.0,1.0,1.0,shekeefy
low_reliability_or_unlikely,broad_shape,EGEOL|y,R00,1,1,1,LOW_POWER_OR_UNSTABLE,1.0,1.0,1.0,shekealy
low_reliability_or_unlikely,broad_shape,EGEX|NONE,R06,1,1,1,LOW_POWER_OR_UNSTABLE,1.0,1.0,1.0,yekees
low_reliability_or_unlikely,broad_shape,EGEYX|NONE,R00,1,1,1,LOW_POWER_OR_UNSTABLE,1.0,1.0,1.0,chekeys
low_reliability_or_unlikely,broad_shape,EGE|ar,R00,1,1,1,LOW_POWER_OR_UNSTABLE,1.0,1.0,1.0,oetear
low_reliability_or_unlikely,broad_shape,EGE|ol,H07,1,1,1,LOW_POWER_OR_UNSTABLE,1.0,1.0,1.0,qoekeol
low_reliability_or_unlikely,broad_shape,EGOE|m,R00,1,1,1,LOW_POWER_OR_UNSTABLE,1.0,1.0,1.0,chekaim
low_reliability_or_unlikely,broad_shape,EGOG|y,R00,1,1,1,LOW_POWER_OR_UNSTABLE,1.0,1.0,1.0,chepoty
low_reliability_or_unlikely,broad_shape,EGOLBX|NONE,R00,1,1,1,LOW_POWER_OR_UNSTABLE,1.0,1.0,1.0,oetalchg
low_reliability_or_unlikely,broad_shape,EGOLB|y,R00,1,1,1,LOW_POWER_OR_UNSTABLE,1.0,1.0,1.0,chetalshy
low_reliability_or_unlikely,broad_shape,EGO|n,R00,1,1,1,LOW_POWER_OR_UNSTABLE,1.0,1.0,1.0,cheeekan
low_reliability_or_unlikely,broad_shape,EGYL|y,R00,1,1,1,LOW_POWER_OR_UNSTABLE,1.0,1.0,1.0,chetyry
low_reliability_or_unlikely,broad_shape,EG|ol,R06,1,1,1,LOW_POWER_OR_UNSTABLE,1.0,1.0,1.0,shekol
low_reliability_or_unlikely,broad_shape,EG|or,R00,1,1,1,LOW_POWER_OR_UNSTABLE,1.0,1.0,1.0,olekor
low_reliability_or_unlikely,broad_shape,EL|dy,R06,1,1,1,LOW_POWER_OR_UNSTABLE,1.0,1.0,1.0,dindy
low_reliability_or_unlikely,broad_shape,EL|y,R00,1,1,1,LOW_POWER_OR_UNSTABLE,1.0,1.0,1.0,okeely
low_reliability_or_unlikely,broad_shape,EODBO|NONE,R00,1,1,1,LOW_POWER_OR_UNSTABLE,1.0,1.0,1.0,okeodsho
low_reliability_or_unlikely,broad_shape,EODO|m,R00,1,1,1,LOW_POWER_OR_UNSTABLE,1.0,1.0,1.0,cheeodam
low_reliability_or_unlikely,broad_shape,EOD|ol,R00,1,1,1,LOW_POWER_OR_UNSTABLE,1.0,1.0,1.0,sheodol
low_reliability_or_unlikely,broad_shape,EOD|or,R00,1,1,1,LOW_POWER_OR_UNSTABLE,1.0,1.0,1.0,okeodor
low_reliability_or_unlikely,broad_shape,EOE|eey,R00,1,1,1,LOW_POWER_OR_UNSTABLE,1.0,1.0,1.0,okeoeeey
low_reliability_or_unlikely,broad_shape,EOGB|y,R00,1,1,1,LOW_POWER_OR_UNSTABLE,1.0,1.0,1.0,cheotchy
low_reliability_or_unlikely,broad_shape,EOGO|m,R00,1,1,1,LOW_POWER_OR_UNSTABLE,1.0,1.0,1.0,cheokam
low_reliability_or_unlikely,broad_shape,EOG|eedy,R00,1,1,1,LOW_POWER_OR_UNSTABLE,1.0,1.0,1.0,sheokeedy
low_reliability_or_unlikely,broad_shape,EOG|ey,R00,1,1,1,LOW_POWER_OR_UNSTABLE,1.0,1.0,1.0,cheokey
low_reliability_or_unlikely,broad_shape,EOG|or,R00,1,1,1,LOW_POWER_OR_UNSTABLE,1.0,1.0,1.0,cheokor
low_reliability_or_unlikely,broad_shape,EOI|r,R00,1,1,1,LOW_POWER_OR_UNSTABLE,1.0,1.0,1.0,seeaiir
low_reliability_or_unlikely,broad_shape,EOLBEG|y,R00,1,1,1,LOW_POWER_OR_UNSTABLE,1.0,1.0,1.0,sheolcheky
low_reliability_or_unlikely,broad_shape,EOLB|al,R00,1,1,1,LOW_POWER_OR_UNSTABLE,1.0,1.0,1.0,cheolchal
low_reliability_or_unlikely,broad_shape,EOLDOE|r,R00,1,1,1,LOW_POWER_OR_UNSTABLE,1.0,1.0,1.0,cheeoldair
low_reliability_or_unlikely,broad_shape,EOLDO|m,R00,1,1,1,LOW_POWER_OR_UNSTABLE,1.0,1.0,1.0,sheoldam
low_reliability_or_unlikely,broad_shape,EOLDO|n,R00,1,1,1,LOW_POWER_OR_UNSTABLE,1.0,1.0,1.0,oeoldan
low_reliability_or_unlikely,broad_shape,EOLD|ar,R00,1,1,1,LOW_POWER_OR_UNSTABLE,1.0,1.0,1.0,shealdar
low_reliability_or_unlikely,broad_shape,EOLGE|al,R00,1,1,1,LOW_POWER_OR_UNSTABLE,1.0,1.0,1.0,sheolkeal
low_reliability_or_unlikely,broad_shape,EOLG|aiin,R00,1,1,1,LOW_POWER_OR_UNSTABLE,1.0,1.0,1.0,cheolkaiin
low_reliability_or_unlikely,broad_shape,EOLG|ey,R00,1,1,1,LOW_POWER_OR_UNSTABLE,1.0,1.0,1.0,sheoltey
low_reliability_or_unlikely,broad_shape,EOLG|y,R00,1,1,1,LOW_POWER_OR_UNSTABLE,1.0,1.0,1.0,chealpy
low_reliability_or_unlikely,broad_shape,EOLOE|r,R01,1,1,1,LOW_POWER_OR_UNSTABLE,1.0,1.0,1.0,oteolair
low_reliability_or_unlikely,broad_shape,EOLO|NONE,H08,1,1,1,LOW_POWER_OR_UNSTABLE,1.0,1.0,1.0,qokeolo
low_reliability_or_unlikely,broad_shape,EOLO|m,R00,1,1,1,LOW_POWER_OR_UNSTABLE,1.0,1.0,1.0,okeoram
low_reliability_or_unlikely,broad_shape,EOLX|NONE,R06,1,1,1,LOW_POWER_OR_UNSTABLE,1.0,1.0,1.0,sheols
low_reliability_or_unlikely,broad_shape,EOLYD|NONE,R00,1,1,1,LOW_POWER_OR_UNSTABLE,1.0,1.0,1.0,okeolyd
low_reliability_or_unlikely,broad_shape,EOL|aiin,R00,1,1,1,LOW_POWER_OR_UNSTABLE,1.0,1.0,1.0,okeeoraiin
low_reliability_or_unlikely,broad_shape,EOL|ain,R00,1,1,1,LOW_POWER_OR_UNSTABLE,1.0,1.0,1.0,cheeeorain
low_reliability_or_unlikely,broad_shape,EOXGX|edy,R04,1,1,1,LOW_POWER_OR_UNSTABLE,1.0,1.0,1.0,cheocthedy
low_reliability_or_unlikely,broad_shape,EOXG|ol,R00,1,1,1,LOW_POWER_OR_UNSTABLE,1.0,1.0,1.0,deeeoskol
low_reliability_or_unlikely,broad_shape,EOXOE|iin,H13,1,1,1,LOW_POWER_OR_UNSTABLE,1.0,1.0,1.0,qoteeosoiiin
low_reliability_or_unlikely,broad_shape,EOXO|m,R00,1,1,1,LOW_POWER_OR_UNSTABLE,1.0,1.0,1.0,sheosam
low_reliability_or_unlikely,broad_shape,EOX|dy,R00,1,1,1,LOW_POWER_OR_UNSTABLE,1.0,1.0,1.0,cheosdy
low_reliability_or_unlikely,broad_shape,EOX|y,R00,1,1,1,LOW_POWER_OR_UNSTABLE,1.0,1.0,1.0,cheosy
low_reliability_or_unlikely,broad_shape,EO|aiin,R00,1,1,1,LOW_POWER_OR_UNSTABLE,1.0,1.0,1.0,cheoaiin
low_reliability_or_unlikely,broad_shape,EO|al,R06,1,1,1,LOW_POWER_OR_UNSTABLE,1.0,1.0,1.0,sheoal
low_reliability_or_unlikely,broad_shape,EXGXED|NONE,R00,1,1,1,LOW_POWER_OR_UNSTABLE,1.0,1.0,1.0,checkhed
low_reliability_or_unlikely,broad_shape,EXGX|ol,R00,1,1,1,LOW_POWER_OR_UNSTABLE,1.0,1.0,1.0,checkhol
low_reliability_or_unlikely,broad_shape,EXOD|ar,R00,1,1,1,LOW_POWER_OR_UNSTABLE,1.0,1.0,1.0,okeesodar
low_reliability_or_unlikely,broad_shape,EXO|dy,R00,1,1,1,LOW_POWER_OR_UNSTABLE,1.0,1.0,1.0,oeesody
low_reliability_or_unlikely,broad_shape,EXY|dy,R00,1,1,1,LOW_POWER_OR_UNSTABLE,1.0,1.0,1.0,eesydy
low_reliability_or_unlikely,broad_shape,EX|aiin,R00,1,1,1,LOW_POWER_OR_UNSTABLE,1.0,1.0,1.0,oeesaiin
low_reliability_or_unlikely,broad_shape,EX|al,R00,1,1,1,LOW_POWER_OR_UNSTABLE,1.0,1.0,1.0,eeesal
low_reliability_or_unlikely,broad_shape,EX|dy,H11,1,1,1,LOW_POWER_OR_UNSTABLE,1.0,1.0,1.0,qokesdy
low_reliability_or_unlikely,broad_shape,EX|ey,R06,1,1,1,LOW_POWER_OR_UNSTABLE,1.0,1.0,1.0,desey
low_reliability_or_unlikely,broad_shape,EX|y,R00,1,1,1,LOW_POWER_OR_UNSTABLE,1.0,1.0,1.0,oeesy
low_reliability_or_unlikely,broad_shape,EYBE|ar,R00,1,1,1,LOW_POWER_OR_UNSTABLE,1.0,1.0,1.0,cheychear
low_reliability_or_unlikely,broad_shape,EYGEB|ey,R00,1,1,1,LOW_POWER_OR_UNSTABLE,1.0,1.0,1.0,cheykechey
low_reliability_or_unlikely,broad_shape,EYGO|m,R00,1,1,1,LOW_POWER_OR_UNSTABLE,1.0,1.0,1.0,okeytam
low_reliability_or_unlikely,broad_shape,EYG|ain,R00,1,1,1,LOW_POWER_OR_UNSTABLE,1.0,1.0,1.0,sheykain
low_reliability_or_unlikely,broad_shape,EYG|edy,R00,1,1,1,LOW_POWER_OR_UNSTABLE,1.0,1.0,1.0,cheykedy
low_reliability_or_unlikely,broad_shape,EYG|eedy,R00,1,1,1,LOW_POWER_OR_UNSTABLE,1.0,1.0,1.0,sheyteedy
low_reliability_or_unlikely,broad_shape,EYLD|aiin,R01,1,1,1,LOW_POWER_OR_UNSTABLE,1.0,1.0,1.0,oteeyldaiin
low_reliability_or_unlikely,broad_shape,EYX|NONE,R00,1,1,1,LOW_POWER_OR_UNSTABLE,1.0,1.0,1.0,cheys
low_reliability_or_unlikely,broad_shape,EY|dy,R00,1,1,1,LOW_POWER_OR_UNSTABLE,1.0,1.0,1.0,cheydy
low_reliability_or_unlikely,broad_shape,E|n,R00,1,1,1,LOW_POWER_OR_UNSTABLE,1.0,1.0,1.0,in
low_reliability_or_unlikely,broad_shape,GBDL|ar,R00,1,1,1,LOW_POWER_OR_UNSTABLE,1.0,1.0,1.0,pchdlar
low_reliability_or_unlikely,broad_shape,GBDOLD|NONE,R00,1,1,1,LOW_POWER_OR_UNSTABLE,1.0,1.0,1.0,opchdard
low_reliability_or_unlikely,broad_shape,GBDO|NONE,R06,1,1,1,LOW_POWER_OR_UNSTABLE,1.0,1.0,1.0,tshda
low_reliability_or_unlikely,broad_shape,GBDO|iin,R00,1,1,1,LOW_POWER_OR_UNSTABLE,1.0,1.0,1.0,pchdoiin
low_reliability_or_unlikely,broad_shape,GBDYLDO|NONE,R00,1,1,1,LOW_POWER_OR_UNSTABLE,1.0,1.0,1.0,ypchdyldo
low_reliability_or_unlikely,broad_shape,GBDYXD|NONE,R00,1,1,1,LOW_POWER_OR_UNSTABLE,1.0,1.0,1.0,ofchdysd
low_reliability_or_unlikely,broad_shape,GBD|ain,R00,1,1,1,LOW_POWER_OR_UNSTABLE,1.0,1.0,1.0,opchdain
low_reliability_or_unlikely,broad_shape,GBD|al,R06,1,1,1,LOW_POWER_OR_UNSTABLE,1.0,1.0,1.0,kchdal
low_reliability_or_unlikely,broad_shape,GBEDB|dy,R00,1,1,1,LOW_POWER_OR_UNSTABLE,1.0,1.0,1.0,pchedchdy
low_reliability_or_unlikely,broad_shape,GBEDG|y,R00,1,1,1,LOW_POWER_OR_UNSTABLE,1.0,1.0,1.0,tshedky
low_reliability_or_unlikely,broad_shape,GBEDO|NONE,R00,1,1,1,LOW_POWER_OR_UNSTABLE,1.0,1.0,1.0,opcheda
low_reliability_or_unlikely,broad_shape,GBED|eey,R00,1,1,1,LOW_POWER_OR_UNSTABLE,1.0,1.0,1.0,pchedeey
low_reliability_or_unlikely,broad_shape,GBEG|ain,R00,1,1,1,LOW_POWER_OR_UNSTABLE,1.0,1.0,1.0,kchekain
low_reliability_or_unlikely,broad_shape,GBEG|y,R00,1,1,1,LOW_POWER_OR_UNSTABLE,1.0,1.0,1.0,kcheeky
low_reliability_or_unlikely,broad_shape,GBEODL|y,R00,1,1,1,LOW_POWER_OR_UNSTABLE,1.0,1.0,1.0,yfcheodly
low_reliability_or_unlikely,broad_shape,GBEODYG|or,R00,1,1,1,LOW_POWER_OR_UNSTABLE,1.0,1.0,1.0,ytcheodytor
low_reliability_or_unlikely,broad_shape,GBEOD|ar,R00,1,1,1,LOW_POWER_OR_UNSTABLE,1.0,1.0,1.0,ytcheodar
low_reliability_or_unlikely,broad_shape,GBEOD|l,R00,1,1,1,LOW_POWER_OR_UNSTABLE,1.0,1.0,1.0,ksheodl
low_reliability_or_unlikely,broad_shape,GBEOL|al,R00,1,1,1,LOW_POWER_OR_UNSTABLE,1.0,1.0,1.0,olfsheoral
low_reliability_or_unlikely,broad_shape,GBEOX|NONE,R00,1,1,1,LOW_POWER_OR_UNSTABLE,1.0,1.0,1.0,chpcheos
low_reliability_or_unlikely,broad_shape,GBEO|ey,R00,1,1,1,LOW_POWER_OR_UNSTABLE,1.0,1.0,1.0,kcheoey
low_reliability_or_unlikely,broad_shape,GBEO|y,R00,1,1,1,LOW_POWER_OR_UNSTABLE,1.0,1.0,1.0,ofcheay
low_reliability_or_unlikely,broad_shape,GBEXGX|ey,R00,1,1,1,LOW_POWER_OR_UNSTABLE,1.0,1.0,1.0,pchecfhey
low_reliability_or_unlikely,broad_shape,GBEX|NONE,R00,1,1,1,LOW_POWER_OR_UNSTABLE,1.0,1.0,1.0,opchees
low_reliability_or_unlikely,broad_shape,GBEX|y,R00,1,1,1,LOW_POWER_OR_UNSTABLE,1.0,1.0,1.0,ofcheesy
low_reliability_or_unlikely,broad_shape,GBEYB|edy,R00,1,1,1,LOW_POWER_OR_UNSTABLE,1.0,1.0,1.0,tcheychedy
low_reliability_or_unlikely,broad_shape,GBEYGE|or,R00,1,1,1,LOW_POWER_OR_UNSTABLE,1.0,1.0,1.0,pcheykeeor
low_reliability_or_unlikely,broad_shape,GBE|ar,R06,1,1,1,LOW_POWER_OR_UNSTABLE,1.0,1.0,1.0,pchear
low_reliability_or_unlikely,broad_shape,GBOB|aiin,R00,1,1,1,LOW_POWER_OR_UNSTABLE,1.0,1.0,1.0,kchochaiin
low_reliability_or_unlikely,broad_shape,GBOB|dy,R00,1,1,1,LOW_POWER_OR_UNSTABLE,1.0,1.0,1.0,ykchochdy
low_reliability_or_unlikely,broad_shape,GBODL|y,R00,1,1,1,LOW_POWER_OR_UNSTABLE,1.0,1.0,1.0,ytchodly
low_reliability_or_unlikely,broad_shape,GBODO|n,R00,1,1,1,LOW_POWER_OR_UNSTABLE,1.0,1.0,1.0,kchodan
low_reliability_or_unlikely,broad_shape,GBODY|al,R00,1,1,1,LOW_POWER_OR_UNSTABLE,1.0,1.0,1.0,shkchodyal
low_reliability_or_unlikely,broad_shape,GBOD|al,R09,1,1,1,LOW_POWER_OR_UNSTABLE,1.0,1.0,1.0,pchodal
low_reliability_or_unlikely,broad_shape,GBOEG|al,R00,1,1,1,LOW_POWER_OR_UNSTABLE,1.0,1.0,1.0,pchoetal
low_reliability_or_unlikely,broad_shape,GBOE|r,H07,1,1,1,LOW_POWER_OR_UNSTABLE,1.0,1.0,1.0,qopchair
low_reliability_or_unlikely,broad_shape,GBOGEO|NONE,R00,1,1,1,LOW_POWER_OR_UNSTABLE,1.0,1.0,1.0,ykchokeo
low_reliability_or_unlikely,broad_shape,GBOLBD|ar,R00,1,1,1,LOW_POWER_OR_UNSTABLE,1.0,1.0,1.0,kcholchdar
low_reliability_or_unlikely,broad_shape,GBOLDX|NONE,R00,1,1,1,LOW_POWER_OR_UNSTABLE,1.0,1.0,1.0,opcholdg
low_reliability_or_unlikely,broad_shape,GBOLD|NONE,R06,1,1,1,LOW_POWER_OR_UNSTABLE,1.0,1.0,1.0,ytchord
low_reliability_or_unlikely,broad_shape,GBOLG|eedy,R00,1,1,1,LOW_POWER_OR_UNSTABLE,1.0,1.0,1.0,pcholkeedy
low_reliability_or_unlikely,broad_shape,GBOLG|y,R00,1,1,1,LOW_POWER_OR_UNSTABLE,1.0,1.0,1.0,pcholky
low_reliability_or_unlikely,broad_shape,GBOLO|dy,R00,1,1,1,LOW_POWER_OR_UNSTABLE,1.0,1.0,1.0,tchalody
low_reliability_or_unlikely,broad_shape,GBOLQOD|NONE,R07,1,1,1,LOW_POWER_OR_UNSTABLE,1.0,1.0,1.0,ykcholqod
low_reliability_or_unlikely,broad_shape,GBOL|aiin,R00,1,1,1,LOW_POWER_OR_UNSTABLE,1.0,1.0,1.0,pchoraiin
low_reliability_or_unlikely,broad_shape,GBOL|ol,R00,1,1,1,LOW_POWER_OR_UNSTABLE,1.0,1.0,1.0,tsholol
low_reliability_or_unlikely,broad_shape,GBOL|or,R00,1,1,1,LOW_POWER_OR_UNSTABLE,1.0,1.0,1.0,pcholor
low_reliability_or_unlikely,broad_shape,GBOXGX|ol,R07,1,1,1,LOW_POWER_OR_UNSTABLE,1.0,1.0,1.0,ytchocthol
low_reliability_or_unlikely,broad_shape,GBOXO|m,R00,1,1,1,LOW_POWER_OR_UNSTABLE,1.0,1.0,1.0,opchosam
low_reliability_or_unlikely,broad_shape,GBO|iin,R00,1,1,1,LOW_POWER_OR_UNSTABLE,1.0,1.0,1.0,pchooiin
low_reliability_or_unlikely,broad_shape,GBO|m,R06,1,1,1,LOW_POWER_OR_UNSTABLE,1.0,1.0,1.0,pchom
low_reliability_or_unlikely,broad_shape,GBXD|NONE,R00,1,1,1,LOW_POWER_OR_UNSTABLE,1.0,1.0,1.0,opchsd
low_reliability_or_unlikely,broad_shape,GBXED|NONE,R06,1,1,1,LOW_POWER_OR_UNSTABLE,1.0,1.0,1.0,pchsed
low_reliability_or_unlikely,broad_shape,GBXGX|y,H07,1,1,1,LOW_POWER_OR_UNSTABLE,1.0,1.0,1.0,qopchcfhy
low_reliability_or_unlikely,broad_shape,GBX|NONE,R00,1,1,1,LOW_POWER_OR_UNSTABLE,1.0,1.0,1.0,olkchs
low_reliability_or_unlikely,broad_shape,GBX|ey,R00,1,1,1,LOW_POWER_OR_UNSTABLE,1.0,1.0,1.0,oltshsey
low_reliability_or_unlikely,broad_shape,GBX|y,R00,1,1,1,LOW_POWER_OR_UNSTABLE,1.0,1.0,1.0,opchsy
low_reliability_or_unlikely,broad_shape,GBYGOL|y,R00,1,1,1,LOW_POWER_OR_UNSTABLE,1.0,1.0,1.0,chkchykoly
low_reliability_or_unlikely,broad_shape,GBYG|y,R06,1,1,1,LOW_POWER_OR_UNSTABLE,1.0,1.0,1.0,kchyty
low_reliability_or_unlikely,broad_shape,GBYX|NONE,R06,1,1,1,LOW_POWER_OR_UNSTABLE,1.0,1.0,1.0,ykchys
low_reliability_or_unlikely,broad_shape,GBY|dy,R06,1,1,1,LOW_POWER_OR_UNSTABLE,1.0,1.0,1.0,kchydy
low_reliability_or_unlikely,broad_shape,GDEB|dy,R00,1,1,1,LOW_POWER_OR_UNSTABLE,1.0,1.0,1.0,fdeechdy
low_reliability_or_unlikely,broad_shape,GDOLB|or,R00,1,1,1,LOW_POWER_OR_UNSTABLE,1.0,1.0,1.0,pdalshor
low_reliability_or_unlikely,broad_shape,GD|aiin,R06,1,1,1,LOW_POWER_OR_UNSTABLE,1.0,1.0,1.0,tdaiin
low_reliability_or_unlikely,broad_shape,GEBO|NONE,R06,1,1,1,LOW_POWER_OR_UNSTABLE,1.0,1.0,1.0,ykecho
low_reliability_or_unlikely,broad_shape,GEBO|dy,R00,1,1,1,LOW_POWER_OR_UNSTABLE,1.0,1.0,1.0,keeshody
low_reliability_or_unlikely,broad_shape,GEB|y,R06,1,1,1,LOW_POWER_OR_UNSTABLE,1.0,1.0,1.0,techy
low_reliability_or_unlikely,broad_shape,GEDOLX|y,R00,1,1,1,LOW_POWER_OR_UNSTABLE,1.0,1.0,1.0,kedarxy
low_reliability_or_unlikely,broad_shape,GEDO|n,R00,1,1,1,LOW_POWER_OR_UNSTABLE,1.0,1.0,1.0,ykeedan
low_reliability_or_unlikely,broad_shape,GEDX|NONE,R06,1,1,1,LOW_POWER_OR_UNSTABLE,1.0,1.0,1.0,dtedg
low_reliability_or_unlikely,broad_shape,GEDY|ol,R06,1,1,1,LOW_POWER_OR_UNSTABLE,1.0,1.0,1.0,tedyol
low_reliability_or_unlikely,broad_shape,GED|NONE,R06,1,1,1,LOW_POWER_OR_UNSTABLE,1.0,1.0,1.0,teed
low_reliability_or_unlikely,broad_shape,GED|aiin,R10,1,1,1,LOW_POWER_OR_UNSTABLE,1.0,1.0,1.0,ykeedaiin
low_reliability_or_unlikely,broad_shape,GED|or,R06,1,1,1,LOW_POWER_OR_UNSTABLE,1.0,1.0,1.0,keedor
low_reliability_or_unlikely,broad_shape,GEG|ol,R00,1,1,1,LOW_POWER_OR_UNSTABLE,1.0,1.0,1.0,ykeeepol
low_reliability_or_unlikely,broad_shape,GEOB|e,R00,1,1,1,LOW_POWER_OR_UNSTABLE,1.0,1.0,1.0,ykeoshe
low_reliability_or_unlikely,broad_shape,GEOB|y,R00,1,1,1,LOW_POWER_OR_UNSTABLE,1.0,1.0,1.0,keeochy
low_reliability_or_unlikely,broad_shape,GEODOLO|dy,R00,1,1,1,LOW_POWER_OR_UNSTABLE,1.0,1.0,1.0,teodarody
low_reliability_or_unlikely,broad_shape,GEODO|m,R00,1,1,1,LOW_POWER_OR_UNSTABLE,1.0,1.0,1.0,yteodam
low_reliability_or_unlikely,broad_shape,GEOD|NONE,R06,1,1,1,LOW_POWER_OR_UNSTABLE,1.0,1.0,1.0,yteod
low_reliability_or_unlikely,broad_shape,GEOD|aiin,R10,1,1,1,LOW_POWER_OR_UNSTABLE,1.0,1.0,1.0,teeodaiin
low_reliability_or_unlikely,broad_shape,GEOD|ain,R00,1,1,1,LOW_POWER_OR_UNSTABLE,1.0,1.0,1.0,teeodain
low_reliability_or_unlikely,broad_shape,GEOD|ar,R00,1,1,1,LOW_POWER_OR_UNSTABLE,1.0,1.0,1.0,ykeodar
low_reliability_or_unlikely,broad_shape,GEOLDOLBO|dy,R00,1,1,1,LOW_POWER_OR_UNSTABLE,1.0,1.0,1.0,ykeeoldarchody
low_reliability_or_unlikely,broad_shape,GEOLD|NONE,R06,1,1,1,LOW_POWER_OR_UNSTABLE,1.0,1.0,1.0,yteold
low_reliability_or_unlikely,broad_shape,GEOLGEO|NONE,R00,1,1,1,LOW_POWER_OR_UNSTABLE,1.0,1.0,1.0,olkeeolkeeo
low_reliability_or_unlikely,broad_shape,GEOL|aiiin,R00,1,1,1,LOW_POWER_OR_UNSTABLE,1.0,1.0,1.0,keoraiiin
low_reliability_or_unlikely,broad_shape,GEOL|ain,R00,1,1,1,LOW_POWER_OR_UNSTABLE,1.0,1.0,1.0,teeolain
low_reliability_or_unlikely,broad_shape,GEOL|dy,R00,1,1,1,LOW_POWER_OR_UNSTABLE,1.0,1.0,1.0,yteoldy
low_reliability_or_unlikely,broad_shape,GEOXGX|ey,R00,1,1,1,LOW_POWER_OR_UNSTABLE,1.0,1.0,1.0,ykeockhey
low_reliability_or_unlikely,broad_shape,GEOXGX|y,R00,1,1,1,LOW_POWER_OR_UNSTABLE,1.0,1.0,1.0,keocthy
low_reliability_or_unlikely,broad_shape,GEO|ar,R06,1,1,1,LOW_POWER_OR_UNSTABLE,1.0,1.0,1.0,teeoar
low_reliability_or_unlikely,broad_shape,GEO|or,R06,1,1,1,LOW_POWER_OR_UNSTABLE,1.0,1.0,1.0,yteoor
low_reliability_or_unlikely,broad_shape,GEY|dy,R00,1,1,1,LOW_POWER_OR_UNSTABLE,1.0,1.0,1.0,ykeydy
low_reliability_or_unlikely,broad_shape,GE|aiin,R06,1,1,1,LOW_POWER_OR_UNSTABLE,1.0,1.0,1.0,keaiin
low_reliability_or_unlikely,broad_shape,GE|ee,R06,1,1,1,LOW_POWER_OR_UNSTABLE,1.0,1.0,1.0,ykeee
low_reliability_or_unlikely,broad_shape,GE|eedy,R06,1,1,1,LOW_POWER_OR_UNSTABLE,1.0,1.0,1.0,teeedy
low_reliability_or_unlikely,broad_shape,GOBEO|NONE,R06,1,1,1,LOW_POWER_OR_UNSTABLE,1.0,1.0,1.0,tosheo
low_reliability_or_unlikely,broad_shape,GOBE|or,R00,1,1,1,LOW_POWER_OR_UNSTABLE,1.0,1.0,1.0,kocheor
low_reliability_or_unlikely,broad_shape,GOBOL|dy,R00,1,1,1,LOW_POWER_OR_UNSTABLE,1.0,1.0,1.0,kochardy
low_reliability_or_unlikely,broad_shape,GOB|aiin,R00,1,1,1,LOW_POWER_OR_UNSTABLE,1.0,1.0,1.0,pochaiin
low_reliability_or_unlikely,broad_shape,GOB|edy,R00,1,1,1,LOW_POWER_OR_UNSTABLE,1.0,1.0,1.0,pochedy
low_reliability_or_unlikely,broad_shape,GOB|or,R06,1,1,1,LOW_POWER_OR_UNSTABLE,1.0,1.0,1.0,kochor
low_reliability_or_unlikely,broad_shape,GOB|y,R06,1,1,1,LOW_POWER_OR_UNSTABLE,1.0,1.0,1.0,toshy
low_reliability_or_unlikely,broad_shape,GODB|ol,R07,1,1,1,LOW_POWER_OR_UNSTABLE,1.0,1.0,1.0,opodchol
low_reliability_or_unlikely,broad_shape,GODE|eey,R00,1,1,1,LOW_POWER_OR_UNSTABLE,1.0,1.0,1.0,todeeey
low_reliability_or_unlikely,broad_shape,GODOE|r,R06,1,1,1,LOW_POWER_OR_UNSTABLE,1.0,1.0,1.0,podair
low_reliability_or_unlikely,broad_shape,GODOI|r,R00,1,1,1,LOW_POWER_OR_UNSTABLE,1.0,1.0,1.0,ytodaiir
low_reliability_or_unlikely,broad_shape,GODOLOIL|y,R00,1,1,1,LOW_POWER_OR_UNSTABLE,1.0,1.0,1.0,todaraiily
low_reliability_or_unlikely,broad_shape,GODOL|y,R06,1,1,1,LOW_POWER_OR_UNSTABLE,1.0,1.0,1.0,kodary
low_reliability_or_unlikely,broad_shape,GOD|NONE,R06,1,1,1,LOW_POWER_OR_UNSTABLE,1.0,1.0,1.0,kod
low_reliability_or_unlikely,broad_shape,GOD|ain,R06,1,1,1,LOW_POWER_OR_UNSTABLE,1.0,1.0,1.0,todain
low_reliability_or_unlikely,broad_shape,GOEB|y,R06,1,1,1,LOW_POWER_OR_UNSTABLE,1.0,1.0,1.0,paichy
low_reliability_or_unlikely,broad_shape,GOEDB|y,R00,1,1,1,LOW_POWER_OR_UNSTABLE,1.0,1.0,1.0,toeeedchy
low_reliability_or_unlikely,broad_shape,GOELO|m,R06,1,1,1,LOW_POWER_OR_UNSTABLE,1.0,1.0,1.0,kairam
low_reliability_or_unlikely,broad_shape,GOEL|ain,R00,1,1,1,LOW_POWER_OR_UNSTABLE,1.0,1.0,1.0,ofainain
low_reliability_or_unlikely,broad_shape,GOEL|al,R00,1,1,1,LOW_POWER_OR_UNSTABLE,1.0,1.0,1.0,ytairal
low_reliability_or_unlikely,broad_shape,GOEOGB|ey,R00,1,1,1,LOW_POWER_OR_UNSTABLE,1.0,1.0,1.0,ytoeopchey
low_reliability_or_unlikely,broad_shape,GOEOG|eey,R00,1,1,1,LOW_POWER_OR_UNSTABLE,1.0,1.0,1.0,poeokeey
low_reliability_or_unlikely,broad_shape,GOEOLBX|NONE,R00,1,1,1,LOW_POWER_OR_UNSTABLE,1.0,1.0,1.0,toealchs
low_reliability_or_unlikely,broad_shape,GOEOL|ain,R00,1,1,1,LOW_POWER_OR_UNSTABLE,1.0,1.0,1.0,koeeorain
low_reliability_or_unlikely,broad_shape,GOE|iin,R00,1,1,1,LOW_POWER_OR_UNSTABLE,1.0,1.0,1.0,ytoiiin
low_reliability_or_unlikely,broad_shape,GOE|l,R06,1,1,1,LOW_POWER_OR_UNSTABLE,1.0,1.0,1.0,ytoail
low_reliability_or_unlikely,broad_shape,GOE|m,R06,1,1,1,LOW_POWER_OR_UNSTABLE,1.0,1.0,1.0,ypaim
low_reliability_or_unlikely,broad_shape,GOGBO|dy,R00,1,1,1,LOW_POWER_OR_UNSTABLE,1.0,1.0,1.0,kotchody
low_reliability_or_unlikely,broad_shape,GOG|aiin,R00,1,1,1,LOW_POWER_OR_UNSTABLE,1.0,1.0,1.0,kokaiin
low_reliability_or_unlikely,broad_shape,GOG|al,R00,1,1,1,LOW_POWER_OR_UNSTABLE,1.0,1.0,1.0,ofakal
low_reliability_or_unlikely,broad_shape,GOG|ar,R06,1,1,1,LOW_POWER_OR_UNSTABLE,1.0,1.0,1.0,ytokar
low_reliability_or_unlikely,broad_shape,GOILX|NONE,R00,1,1,1,LOW_POWER_OR_UNSTABLE,1.0,1.0,1.0,ykaiilg
low_reliability_or_unlikely,broad_shape,GOIL|y,R00,1,1,1,LOW_POWER_OR_UNSTABLE,1.0,1.0,1.0,yfaiiny
low_reliability_or_unlikely,broad_shape,GOIOD|ar,R00,1,1,1,LOW_POWER_OR_UNSTABLE,1.0,1.0,1.0,skaiiodar
low_reliability_or_unlikely,broad_shape,GOLBOLX|NONE,R00,1,1,1,LOW_POWER_OR_UNSTABLE,1.0,1.0,1.0,porshols
low_reliability_or_unlikely,broad_shape,GOLBOX|NONE,R00,1,1,1,LOW_POWER_OR_UNSTABLE,1.0,1.0,1.0,talchos
low_reliability_or_unlikely,broad_shape,GOLB|dy,R00,1,1,1,LOW_POWER_OR_UNSTABLE,1.0,1.0,1.0,parchdy
low_reliability_or_unlikely,broad_shape,GOLB|or,R00,1,1,1,LOW_POWER_OR_UNSTABLE,1.0,1.0,1.0,torshor
low_reliability_or_unlikely,broad_shape,GOLDOE|m,R00,1,1,1,LOW_POWER_OR_UNSTABLE,1.0,1.0,1.0,kaldaim
low_reliability_or_unlikely,broad_shape,GOLDOLOD|NONE,R00,1,1,1,LOW_POWER_OR_UNSTABLE,1.0,1.0,1.0,koldarod
low_reliability_or_unlikely,broad_shape,GOLDO|NONE,R00,1,1,1,LOW_POWER_OR_UNSTABLE,1.0,1.0,1.0,ofaldo
low_reliability_or_unlikely,broad_shape,GOLEDOLO|n,R00,1,1,1,LOW_POWER_OR_UNSTABLE,1.0,1.0,1.0,poleedaran
low_reliability_or_unlikely,broad_shape,GOLEOL|ol,R00,1,1,1,LOW_POWER_OR_UNSTABLE,1.0,1.0,1.0,koleearol
low_reliability_or_unlikely,broad_shape,GOLE|m,R06,1,1,1,LOW_POWER_OR_UNSTABLE,1.0,1.0,1.0,ytarem
low_reliability_or_unlikely,broad_shape,GOLGB|dy,R00,1,1,1,LOW_POWER_OR_UNSTABLE,1.0,1.0,1.0,kolfchdy
low_reliability_or_unlikely,broad_shape,GOLGEB|ol,R00,1,1,1,LOW_POWER_OR_UNSTABLE,1.0,1.0,1.0,polteshol
low_reliability_or_unlikely,broad_shape,GOLG|al,R00,1,1,1,LOW_POWER_OR_UNSTABLE,1.0,1.0,1.0,ykalkal
low_reliability_or_unlikely,broad_shape,GOLG|ey,R06,1,1,1,LOW_POWER_OR_UNSTABLE,1.0,1.0,1.0,tolkey
low_reliability_or_unlikely,broad_shape,GOLG|iin,R00,1,1,1,LOW_POWER_OR_UNSTABLE,1.0,1.0,1.0,polkiin
low_reliability_or_unlikely,broad_shape,GOLG|y,R06,1,1,1,LOW_POWER_OR_UNSTABLE,1.0,1.0,1.0,kolpy
low_reliability_or_unlikely,broad_shape,GOLODO|m,R00,1,1,1,LOW_POWER_OR_UNSTABLE,1.0,1.0,1.0,oparodam
low_reliability_or_unlikely,broad_shape,GOLOD|NONE,R00,1,1,1,LOW_POWER_OR_UNSTABLE,1.0,1.0,1.0,oparod
low_reliability_or_unlikely,broad_shape,GOLOELDL|y,R00,1,1,1,LOW_POWER_OR_UNSTABLE,1.0,1.0,1.0,oparairdly
low_reliability_or_unlikely,broad_shape,GOLOEL|ol,R00,1,1,1,LOW_POWER_OR_UNSTABLE,1.0,1.0,1.0,ykolairol
low_reliability_or_unlikely,broad_shape,GOLOEL|y,R00,1,1,1,LOW_POWER_OR_UNSTABLE,1.0,1.0,1.0,korainy
low_reliability_or_unlikely,broad_shape,GOLOIL|y,R00,1,1,1,LOW_POWER_OR_UNSTABLE,1.0,1.0,1.0,opaloiiry
low_reliability_or_unlikely,broad_shape,GOLOLBX|dy,R00,1,1,1,LOW_POWER_OR_UNSTABLE,1.0,1.0,1.0,torolshsdy
low_reliability_or_unlikely,broad_shape,GOLOLO|m,R00,1,1,1,LOW_POWER_OR_UNSTABLE,1.0,1.0,1.0,ykaralam
low_reliability_or_unlikely,broad_shape,GOLOLX|NONE,R00,1,1,1,LOW_POWER_OR_UNSTABLE,1.0,1.0,1.0,ofalals
low_reliability_or_unlikely,broad_shape,GOLOL|ar,R00,1,1,1,LOW_POWER_OR_UNSTABLE,1.0,1.0,1.0,ofaralar
low_reliability_or_unlikely,broad_shape,GOLOL|y,R06,1,1,1,LOW_POWER_OR_UNSTABLE,1.0,1.0,1.0,porory
low_reliability_or_unlikely,broad_shape,GOLO|dy,R00,1,1,1,LOW_POWER_OR_UNSTABLE,1.0,1.0,1.0,ytarody
low_reliability_or_unlikely,broad_shape,GOLO|m,R00,1,1,1,LOW_POWER_OR_UNSTABLE,1.0,1.0,1.0,oparam
low_reliability_or_unlikely,broad_shape,GOLXOX|y,R00,1,1,1,LOW_POWER_OR_UNSTABLE,1.0,1.0,1.0,tolsasy
low_reliability_or_unlikely,broad_shape,GOLXO|m,R00,1,1,1,LOW_POWER_OR_UNSTABLE,1.0,1.0,1.0,chtalsam
low_reliability_or_unlikely,broad_shape,GOLYG|y,R06,1,1,1,LOW_POWER_OR_UNSTABLE,1.0,1.0,1.0,kolyky
low_reliability_or_unlikely,broad_shape,GOL|or,R00,1,1,1,LOW_POWER_OR_UNSTABLE,1.0,1.0,1.0,opalor
low_reliability_or_unlikely,broad_shape,GOXGX|or,R00,1,1,1,LOW_POWER_OR_UNSTABLE,1.0,1.0,1.0,opocphor
low_reliability_or_unlikely,broad_shape,GOX|aiin,R00,1,1,1,LOW_POWER_OR_UNSTABLE,1.0,1.0,1.0,posaiin
low_reliability_or_unlikely,broad_shape,GOYXGX|y,R00,1,1,1,LOW_POWER_OR_UNSTABLE,1.0,1.0,1.0,olkaycthy
low_reliability_or_unlikely,broad_shape,GO|aiin,R00,1,1,1,LOW_POWER_OR_UNSTABLE,1.0,1.0,1.0,ytoaiin
low_reliability_or_unlikely,broad_shape,GO|ar,R06,1,1,1,LOW_POWER_OR_UNSTABLE,1.0,1.0,1.0,ytoar
low_reliability_or_unlikely,broad_shape,GO|eey,R00,1,1,1,LOW_POWER_OR_UNSTABLE,1.0,1.0,1.0,opoeey
low_reliability_or_unlikely,broad_shape,GO|n,R06,1,1,1,LOW_POWER_OR_UNSTABLE,1.0,1.0,1.0,kan
low_reliability_or_unlikely,broad_shape,GYB|y,R06,1,1,1,LOW_POWER_OR_UNSTABLE,1.0,1.0,1.0,ytychy
low_reliability_or_unlikely,broad_shape,GYDB|NONE,R00,1,1,1,LOW_POWER_OR_UNSTABLE,1.0,1.0,1.0,opydsh
low_reliability_or_unlikely,broad_shape,GYDLO|NONE,R06,1,1,1,LOW_POWER_OR_UNSTABLE,1.0,1.0,1.0,tydlo
low_reliability_or_unlikely,broad_shape,GYD|NONE,R06,1,1,1,LOW_POWER_OR_UNSTABLE,1.0,1.0,1.0,ykyd
low_reliability_or_unlikely,broad_shape,GYD|aiin,R10,1,1,1,LOW_POWER_OR_UNSTABLE,1.0,1.0,1.0,shfydaiin
low_reliability_or_unlikely,broad_shape,GYGB|y,R06,1,1,1,LOW_POWER_OR_UNSTABLE,1.0,1.0,1.0,pykchy
low_reliability_or_unlikely,broad_shape,GYG|y,R06,1,1,1,LOW_POWER_OR_UNSTABLE,1.0,1.0,1.0,tyky
low_reliability_or_unlikely,broad_shape,GYXGYD|al,R09,1,1,1,LOW_POWER_OR_UNSTABLE,1.0,1.0,1.0,ofyskydal
low_reliability_or_unlikely,broad_shape,GYXOIL|or,R00,1,1,1,LOW_POWER_OR_UNSTABLE,1.0,1.0,1.0,pysaiinor
low_reliability_or_unlikely,broad_shape,GYXO|m,R00,1,1,1,LOW_POWER_OR_UNSTABLE,1.0,1.0,1.0,opysam
low_reliability_or_unlikely,broad_shape,G|dy,R00,1,1,1,LOW_POWER_OR_UNSTABLE,1.0,1.0,1.0,ytdy
low_reliability_or_unlikely,broad_shape,G|r,R00,1,1,1,LOW_POWER_OR_UNSTABLE,1.0,1.0,1.0,okr
low_reliability_or_unlikely,broad_shape,IL|al,R00,1,1,1,LOW_POWER_OR_UNSTABLE,1.0,1.0,1.0,iinal
low_reliability_or_unlikely,broad_shape,IL|ar,R00,1,1,1,LOW_POWER_OR_UNSTABLE,1.0,1.0,1.0,oiinar
low_reliability_or_unlikely,broad_shape,IL|y,R00,1,1,1,LOW_POWER_OR_UNSTABLE,1.0,1.0,1.0,oiiny
low_reliability_or_unlikely,broad_shape,LBEDOL|y,R00,1,1,1,LOW_POWER_OR_UNSTABLE,1.0,1.0,1.0,lshedary
low_reliability_or_unlikely,broad_shape,LBEDO|NONE,R00,1,1,1,LOW_POWER_OR_UNSTABLE,1.0,1.0,1.0,lchedo
low_reliability_or_unlikely,broad_shape,LBEDYGE|or,R00,1,1,1,LOW_POWER_OR_UNSTABLE,1.0,1.0,1.0,lchedykeeor
low_reliability_or_unlikely,broad_shape,LBEDYL|ol,R00,1,1,1,LOW_POWER_OR_UNSTABLE,1.0,1.0,1.0,lchedylol
low_reliability_or_unlikely,broad_shape,LBEG|ain,R00,1,1,1,LOW_POWER_OR_UNSTABLE,1.0,1.0,1.0,lshekain
low_reliability_or_unlikely,broad_shape,LBEG|y,R00,1,1,1,LOW_POWER_OR_UNSTABLE,1.0,1.0,1.0,rcheky
low_reliability_or_unlikely,broad_shape,LBEO|NONE,R00,1,1,1,LOW_POWER_OR_UNSTABLE,1.0,1.0,1.0,lcheo
low_reliability_or_unlikely,broad_shape,LBEO|dy,R00,1,1,1,LOW_POWER_OR_UNSTABLE,1.0,1.0,1.0,lcheody
low_reliability_or_unlikely,broad_shape,LBEO|m,R00,1,1,1,LOW_POWER_OR_UNSTABLE,1.0,1.0,1.0,lcheam
low_reliability_or_unlikely,broad_shape,LBEYEG|NONE,R00,1,1,1,LOW_POWER_OR_UNSTABLE,1.0,1.0,1.0,rcheyet
low_reliability_or_unlikely,broad_shape,LBE|al,R00,1,1,1,LOW_POWER_OR_UNSTABLE,1.0,1.0,1.0,rsheal
low_reliability_or_unlikely,broad_shape,LBE|l,R00,1,1,1,LOW_POWER_OR_UNSTABLE,1.0,1.0,1.0,lcheel
low_reliability_or_unlikely,broad_shape,LBGB|dy,R00,1,1,1,LOW_POWER_OR_UNSTABLE,1.0,1.0,1.0,lchpchdy
low_reliability_or_unlikely,broad_shape,LBODOE|r,R00,1,1,1,LOW_POWER_OR_UNSTABLE,1.0,1.0,1.0,lshodair
low_reliability_or_unlikely,broad_shape,LBOLG|aiin,R00,1,1,1,LOW_POWER_OR_UNSTABLE,1.0,1.0,1.0,lcholkaiin
low_reliability_or_unlikely,broad_shape,LBXGX|y,R00,1,1,1,LOW_POWER_OR_UNSTABLE,1.0,1.0,1.0,lshcthy
low_reliability_or_unlikely,broad_shape,LBX|NONE,R00,1,1,1,LOW_POWER_OR_UNSTABLE,1.0,1.0,1.0,lchg
low_reliability_or_unlikely,broad_shape,LBX|l,R00,1,1,1,LOW_POWER_OR_UNSTABLE,1.0,1.0,1.0,lchsl
low_reliability_or_unlikely,broad_shape,LB|al,R00,1,1,1,LOW_POWER_OR_UNSTABLE,1.0,1.0,1.0,lchal
low_reliability_or_unlikely,broad_shape,LB|ar,R00,1,1,1,LOW_POWER_OR_UNSTABLE,1.0,1.0,1.0,lchar
low_reliability_or_unlikely,broad_shape,LB|l,R00,1,1,1,LOW_POWER_OR_UNSTABLE,1.0,1.0,1.0,lchl
low_reliability_or_unlikely,broad_shape,LB|ol,R00,1,1,1,LOW_POWER_OR_UNSTABLE,1.0,1.0,1.0,lchol
low_reliability_or_unlikely,broad_shape,LDOLX|NONE,R00,1,1,1,LOW_POWER_OR_UNSTABLE,1.0,1.0,1.0,ldals
low_reliability_or_unlikely,broad_shape,LDO|m,R00,1,1,1,LOW_POWER_OR_UNSTABLE,1.0,1.0,1.0,okldam
low_reliability_or_unlikely,broad_shape,LDY|r,R00,1,1,1,LOW_POWER_OR_UNSTABLE,1.0,1.0,1.0,ldyr
low_reliability_or_unlikely,broad_shape,LD|ol,R00,1,1,1,LOW_POWER_OR_UNSTABLE,1.0,1.0,1.0,ldol
low_reliability_or_unlikely,broad_shape,LE|eey,R00,1,1,1,LOW_POWER_OR_UNSTABLE,1.0,1.0,1.0,reeey
low_reliability_or_unlikely,broad_shape,LGBYGB|y,R00,1,1,1,LOW_POWER_OR_UNSTABLE,1.0,1.0,1.0,lkshykchy
low_reliability_or_unlikely,broad_shape,LGB|ey,R00,1,1,1,LOW_POWER_OR_UNSTABLE,1.0,1.0,1.0,lkchey
low_reliability_or_unlikely,broad_shape,LGB|y,R00,1,1,1,LOW_POWER_OR_UNSTABLE,1.0,1.0,1.0,lfchy
low_reliability_or_unlikely,broad_shape,LGEB|y,R00,1,1,1,LOW_POWER_OR_UNSTABLE,1.0,1.0,1.0,lkechy
low_reliability_or_unlikely,broad_shape,LGEDLG|ey,R00,1,1,1,LOW_POWER_OR_UNSTABLE,1.0,1.0,1.0,lkedlkey
low_reliability_or_unlikely,broad_shape,LGED|NONE,R00,1,1,1,LOW_POWER_OR_UNSTABLE,1.0,1.0,1.0,lkeeed
low_reliability_or_unlikely,broad_shape,LGED|ar,R00,1,1,1,LOW_POWER_OR_UNSTABLE,1.0,1.0,1.0,lkedar
low_reliability_or_unlikely,broad_shape,LGED|ey,R00,1,1,1,LOW_POWER_OR_UNSTABLE,1.0,1.0,1.0,lkedey
low_reliability_or_unlikely,broad_shape,LGEOL|y,H07,1,1,1,LOW_POWER_OR_UNSTABLE,1.0,1.0,1.0,qolkeeoly
low_reliability_or_unlikely,broad_shape,LGE|al,R00,1,1,1,LOW_POWER_OR_UNSTABLE,1.0,1.0,1.0,lkeeal
low_reliability_or_unlikely,broad_shape,LGE|or,R00,1,1,1,LOW_POWER_OR_UNSTABLE,1.0,1.0,1.0,lkeeor
low_reliability_or_unlikely,broad_shape,LGOLOL|y,R00,1,1,1,LOW_POWER_OR_UNSTABLE,1.0,1.0,1.0,lkarary
low_reliability_or_unlikely,broad_shape,LGO|dy,R00,1,1,1,LOW_POWER_OR_UNSTABLE,1.0,1.0,1.0,lkody
low_reliability_or_unlikely,broad_shape,LG|NONE,R00,1,1,1,LOW_POWER_OR_UNSTABLE,1.0,1.0,1.0,lk
low_reliability_or_unlikely,broad_shape,LG|al,R00,1,1,1,LOW_POWER_OR_UNSTABLE,1.0,1.0,1.0,rkal
low_reliability_or_unlikely,broad_shape,LG|ey,R00,1,1,1,LOW_POWER_OR_UNSTABLE,1.0,1.0,1.0,lkey
low_reliability_or_unlikely,broad_shape,LG|l,R00,1,1,1,LOW_POWER_OR_UNSTABLE,1.0,1.0,1.0,lkl
low_reliability_or_unlikely,broad_shape,LG|ol,R00,1,1,1,LOW_POWER_OR_UNSTABLE,1.0,1.0,1.0,lkol
low_reliability_or_unlikely,broad_shape,LG|or,R00,1,1,1,LOW_POWER_OR_UNSTABLE,1.0,1.0,1.0,lkor
low_reliability_or_unlikely,broad_shape,LOBOLX|NONE,R00,1,1,1,LOW_POWER_OR_UNSTABLE,1.0,1.0,1.0,lashalg
low_reliability_or_unlikely,broad_shape,LOB|edy,R00,1,1,1,LOW_POWER_OR_UNSTABLE,1.0,1.0,1.0,lochedy
low_reliability_or_unlikely,broad_shape,LOB|ey,R00,1,1,1,LOW_POWER_OR_UNSTABLE,1.0,1.0,1.0,lochey
low_reliability_or_unlikely,broad_shape,LODO|NONE,R00,1,1,1,LOW_POWER_OR_UNSTABLE,1.0,1.0,1.0,loda
low_reliability_or_unlikely,broad_shape,LOD|aiin,R10,1,1,1,LOW_POWER_OR_UNSTABLE,1.0,1.0,1.0,lodaiin
low_reliability_or_unlikely,broad_shape,LOD|ar,R00,1,1,1,LOW_POWER_OR_UNSTABLE,1.0,1.0,1.0,olrodar
low_reliability_or_unlikely,broad_shape,LOEG|y,R00,1,1,1,LOW_POWER_OR_UNSTABLE,1.0,1.0,1.0,loety
low_reliability_or_unlikely,broad_shape,LOEL|dy,R00,1,1,1,LOW_POWER_OR_UNSTABLE,1.0,1.0,1.0,oklairdy
low_reliability_or_unlikely,broad_shape,LOEX|NONE,R00,1,1,1,LOW_POWER_OR_UNSTABLE,1.0,1.0,1.0,loeees
low_reliability_or_unlikely,broad_shape,LOE|iin,R00,1,1,1,LOW_POWER_OR_UNSTABLE,1.0,1.0,1.0,loiiin
low_reliability_or_unlikely,broad_shape,LOE|r,R00,1,1,1,LOW_POWER_OR_UNSTABLE,1.0,1.0,1.0,rair
low_reliability_or_unlikely,broad_shape,LOGEDBX|NONE,R00,1,1,1,LOW_POWER_OR_UNSTABLE,1.0,1.0,1.0,lokedshs
low_reliability_or_unlikely,broad_shape,LOGO|m,R00,1,1,1,LOW_POWER_OR_UNSTABLE,1.0,1.0,1.0,lokam
low_reliability_or_unlikely,broad_shape,LOG|aiin,R00,1,1,1,LOW_POWER_OR_UNSTABLE,1.0,1.0,1.0,rotaiin
low_reliability_or_unlikely,broad_shape,LOG|ar,R00,1,1,1,LOW_POWER_OR_UNSTABLE,1.0,1.0,1.0,lokar
low_reliability_or_unlikely,broad_shape,LOG|eedy,R00,1,1,1,LOW_POWER_OR_UNSTABLE,1.0,1.0,1.0,lokeedy
low_reliability_or_unlikely,broad_shape,LOG|eey,R00,1,1,1,LOW_POWER_OR_UNSTABLE,1.0,1.0,1.0,lokeey
low_reliability_or_unlikely,broad_shape,LOG|y,R00,1,1,1,LOW_POWER_OR_UNSTABLE,1.0,1.0,1.0,loty
low_reliability_or_unlikely,broad_shape,LOIL|y,R00,1,1,1,LOW_POWER_OR_UNSTABLE,1.0,1.0,1.0,ylaiiny
low_reliability_or_unlikely,broad_shape,LOLB|eedy,R00,1,1,1,LOW_POWER_OR_UNSTABLE,1.0,1.0,1.0,rolsheedy
low_reliability_or_unlikely,broad_shape,LOLGB|edy,R00,1,1,1,LOW_POWER_OR_UNSTABLE,1.0,1.0,1.0,ralkchedy
low_reliability_or_unlikely,broad_shape,LOLG|y,R00,1,1,1,LOW_POWER_OR_UNSTABLE,1.0,1.0,1.0,rolky
low_reliability_or_unlikely,broad_shape,LOLOI|r,R00,1,1,1,LOW_POWER_OR_UNSTABLE,1.0,1.0,1.0,loraiir
low_reliability_or_unlikely,broad_shape,LOLOLO|dy,R00,1,1,1,LOW_POWER_OR_UNSTABLE,1.0,1.0,1.0,loralody
low_reliability_or_unlikely,broad_shape,LOL|or,R00,1,1,1,LOW_POWER_OR_UNSTABLE,1.0,1.0,1.0,lolor
low_reliability_or_unlikely,broad_shape,LOX|NONE,R00,1,1,1,LOW_POWER_OR_UNSTABLE,1.0,1.0,1.0,rag
low_reliability_or_unlikely,broad_shape,LOX|aiin,R00,1,1,1,LOW_POWER_OR_UNSTABLE,1.0,1.0,1.0,losaiin
low_reliability_or_unlikely,broad_shape,LO|ar,R00,1,1,1,LOW_POWER_OR_UNSTABLE,1.0,1.0,1.0,loar
low_reliability_or_unlikely,broad_shape,LO|dy,R00,1,1,1,LOW_POWER_OR_UNSTABLE,1.0,1.0,1.0,rody
low_reliability_or_unlikely,broad_shape,LO|eey,R00,1,1,1,LOW_POWER_OR_UNSTABLE,1.0,1.0,1.0,loeey
low_reliability_or_unlikely,broad_shape,LXO|n,R00,1,1,1,LOW_POWER_OR_UNSTABLE,1.0,1.0,1.0,llsan
low_reliability_or_unlikely,broad_shape,LX|aiin,R00,1,1,1,LOW_POWER_OR_UNSTABLE,1.0,1.0,1.0,lsaiin
low_reliability_or_unlikely,broad_shape,L|aiiin,R00,1,1,1,LOW_POWER_OR_UNSTABLE,1.0,1.0,1.0,laiiin
low_reliability_or_unlikely,broad_shape,L|e,R00,1,1,1,LOW_POWER_OR_UNSTABLE,1.0,1.0,1.0,ore
low_reliability_or_unlikely,broad_shape,L|in,H07,1,1,1,LOW_POWER_OR_UNSTABLE,1.0,1.0,1.0,qolin
low_reliability_or_unlikely,broad_shape,L|m,R00,1,1,1,LOW_POWER_OR_UNSTABLE,1.0,1.0,1.0,llm
low_reliability_or_unlikely,broad_shape,OBEDYX|y,R00,1,1,1,LOW_POWER_OR_UNSTABLE,1.0,1.0,1.0,otochedysy
low_reliability_or_unlikely,broad_shape,OBEO|NONE,R00,1,1,1,LOW_POWER_OR_UNSTABLE,1.0,1.0,1.0,docheeo
low_reliability_or_unlikely,broad_shape,OBOD|NONE,R06,1,1,1,LOW_POWER_OR_UNSTABLE,1.0,1.0,1.0,dochod
low_reliability_or_unlikely,broad_shape,OBOLXGX|y,R00,1,1,1,LOW_POWER_OR_UNSTABLE,1.0,1.0,1.0,sochorcfhy
low_reliability_or_unlikely,broad_shape,OBO|NONE,R06,1,1,1,LOW_POWER_OR_UNSTABLE,1.0,1.0,1.0,sosho
low_reliability_or_unlikely,broad_shape,OB|edy,R00,1,1,1,LOW_POWER_OR_UNSTABLE,1.0,1.0,1.0,otochedy
low_reliability_or_unlikely,broad_shape,OB|ol,R00,1,1,1,LOW_POWER_OR_UNSTABLE,1.0,1.0,1.0,otoshol
low_reliability_or_unlikely,broad_shape,OB|or,R00,1,1,1,LOW_POWER_OR_UNSTABLE,1.0,1.0,1.0,chochor
low_reliability_or_unlikely,broad_shape,ODEOD|or,R00,1,1,1,LOW_POWER_OR_UNSTABLE,1.0,1.0,1.0,otodeeodor
low_reliability_or_unlikely,broad_shape,ODOBXOX|ain,R00,1,1,1,LOW_POWER_OR_UNSTABLE,1.0,1.0,1.0,adashgasain
low_reliability_or_unlikely,broad_shape,ODOELB|dy,R00,1,1,1,LOW_POWER_OR_UNSTABLE,1.0,1.0,1.0,adairchdy
low_reliability_or_unlikely,broad_shape,OD|ain,R05,1,1,1,LOW_POWER_OR_UNSTABLE,1.0,1.0,1.0,shodain
low_reliability_or_unlikely,broad_shape,OD|edy,R00,1,1,1,LOW_POWER_OR_UNSTABLE,1.0,1.0,1.0,otodedy
low_reliability_or_unlikely,broad_shape,OD|ey,R00,1,1,1,LOW_POWER_OR_UNSTABLE,1.0,1.0,1.0,otodey
low_reliability_or_unlikely,broad_shape,OD|ol,R00,1,1,1,LOW_POWER_OR_UNSTABLE,1.0,1.0,1.0,otodol
low_reliability_or_unlikely,broad_shape,OEDO|y,R00,1,1,1,LOW_POWER_OR_UNSTABLE,1.0,1.0,1.0,soeedoy
low_reliability_or_unlikely,broad_shape,OED|NONE,R06,1,1,1,LOW_POWER_OR_UNSTABLE,1.0,1.0,1.0,daid
low_reliability_or_unlikely,broad_shape,OEGB|y,R00,1,1,1,LOW_POWER_OR_UNSTABLE,1.0,1.0,1.0,choetchy
low_reliability_or_unlikely,broad_shape,OEGO|m,R06,1,1,1,LOW_POWER_OR_UNSTABLE,1.0,1.0,1.0,daikam
low_reliability_or_unlikely,broad_shape,OEG|eey,R00,1,1,1,LOW_POWER_OR_UNSTABLE,1.0,1.0,1.0,choekeey
low_reliability_or_unlikely,broad_shape,OEG|ey,R00,1,1,1,LOW_POWER_OR_UNSTABLE,1.0,1.0,1.0,choekey
low_reliability_or_unlikely,broad_shape,OELBO|m,R00,1,1,1,LOW_POWER_OR_UNSTABLE,1.0,1.0,1.0,okaircham
low_reliability_or_unlikely,broad_shape,OELG|al,R00,1,1,1,LOW_POWER_OR_UNSTABLE,1.0,1.0,1.0,dairkal
low_reliability_or_unlikely,broad_shape,OELOD|NONE,R06,1,1,1,LOW_POWER_OR_UNSTABLE,1.0,1.0,1.0,dainod
low_reliability_or_unlikely,broad_shape,OELOLGOX|NONE,H08,1,1,1,LOW_POWER_OR_UNSTABLE,1.0,1.0,1.0,qokairortas
low_reliability_or_unlikely,broad_shape,OELOL|y,R00,1,1,1,LOW_POWER_OR_UNSTABLE,1.0,1.0,1.0,ainaly
low_reliability_or_unlikely,broad_shape,OELO|m,R06,1,1,1,LOW_POWER_OR_UNSTABLE,1.0,1.0,1.0,sairam
low_reliability_or_unlikely,broad_shape,OELYG|eey,R00,1,1,1,LOW_POWER_OR_UNSTABLE,1.0,1.0,1.0,airykeey
low_reliability_or_unlikely,broad_shape,OEL|l,R06,1,1,1,LOW_POWER_OR_UNSTABLE,1.0,1.0,1.0,dairl
low_reliability_or_unlikely,broad_shape,OEL|ol,R06,1,1,1,LOW_POWER_OR_UNSTABLE,1.0,1.0,1.0,dairol
low_reliability_or_unlikely,broad_shape,OEOXO|NONE,R00,1,1,1,LOW_POWER_OR_UNSTABLE,1.0,1.0,1.0,saeeasa
low_reliability_or_unlikely,broad_shape,OEO|NONE,R00,1,1,1,LOW_POWER_OR_UNSTABLE,1.0,1.0,1.0,otoeeo
low_reliability_or_unlikely,broad_shape,OEX|al,R06,1,1,1,LOW_POWER_OR_UNSTABLE,1.0,1.0,1.0,saisal
low_reliability_or_unlikely,broad_shape,OEX|y,R00,1,1,1,LOW_POWER_OR_UNSTABLE,1.0,1.0,1.0,choeesy
low_reliability_or_unlikely,broad_shape,OE|ol,R06,1,1,1,LOW_POWER_OR_UNSTABLE,1.0,1.0,1.0,soeeol
low_reliability_or_unlikely,broad_shape,OGBODX|NONE,R00,1,1,1,LOW_POWER_OR_UNSTABLE,1.0,1.0,1.0,okokchodg
low_reliability_or_unlikely,broad_shape,OGB|NONE,R00,1,1,1,LOW_POWER_OR_UNSTABLE,1.0,1.0,1.0,chokch
low_reliability_or_unlikely,broad_shape,OGB|aiin,R00,1,1,1,LOW_POWER_OR_UNSTABLE,1.0,1.0,1.0,sotchaiin
low_reliability_or_unlikely,broad_shape,OGEB|y,R00,1,1,1,LOW_POWER_OR_UNSTABLE,1.0,1.0,1.0,dokechy
low_reliability_or_unlikely,broad_shape,OGEDOE|r,R00,1,1,1,LOW_POWER_OR_UNSTABLE,1.0,1.0,1.0,chokedair
low_reliability_or_unlikely,broad_shape,OGED|ar,R00,1,1,1,LOW_POWER_OR_UNSTABLE,1.0,1.0,1.0,shokeedar
low_reliability_or_unlikely,broad_shape,OGEOD|NONE,R00,1,1,1,LOW_POWER_OR_UNSTABLE,1.0,1.0,1.0,chokeod
low_reliability_or_unlikely,broad_shape,OGEO|m,R00,1,1,1,LOW_POWER_OR_UNSTABLE,1.0,1.0,1.0,akeom
low_reliability_or_unlikely,broad_shape,OGE|eey,H13,1,1,1,LOW_POWER_OR_UNSTABLE,1.0,1.0,1.0,qototeeey
low_reliability_or_unlikely,broad_shape,OGOE|iin,R00,1,1,1,LOW_POWER_OR_UNSTABLE,1.0,1.0,1.0,sotoiiin
low_reliability_or_unlikely,broad_shape,OGOLB|edy,R00,1,1,1,LOW_POWER_OR_UNSTABLE,1.0,1.0,1.0,shopalchedy
low_reliability_or_unlikely,broad_shape,OGOLO|NONE,R00,1,1,1,LOW_POWER_OR_UNSTABLE,1.0,1.0,1.0,chokaro
low_reliability_or_unlikely,broad_shape,OGO|dy,R00,1,1,1,LOW_POWER_OR_UNSTABLE,1.0,1.0,1.0,chokody
low_reliability_or_unlikely,broad_shape,OGX|NONE,R00,1,1,1,LOW_POWER_OR_UNSTABLE,1.0,1.0,1.0,chots
low_reliability_or_unlikely,broad_shape,OGY|r,R00,1,1,1,LOW_POWER_OR_UNSTABLE,1.0,1.0,1.0,chotyr
low_reliability_or_unlikely,broad_shape,OG|ee,R06,1,1,1,LOW_POWER_OR_UNSTABLE,1.0,1.0,1.0,yokee
low_reliability_or_unlikely,broad_shape,OID|al,R09,1,1,1,LOW_POWER_OR_UNSTABLE,1.0,1.0,1.0,daiidal
low_reliability_or_unlikely,broad_shape,OIG|NONE,R00,1,1,1,LOW_POWER_OR_UNSTABLE,1.0,1.0,1.0,aiip
low_reliability_or_unlikely,broad_shape,OILB|y,R00,1,1,1,LOW_POWER_OR_UNSTABLE,1.0,1.0,1.0,saiinchy
low_reliability_or_unlikely,broad_shape,OILD|aiin,R10,1,1,1,LOW_POWER_OR_UNSTABLE,1.0,1.0,1.0,otaiindaiin
low_reliability_or_unlikely,broad_shape,OILODOE|m,R10,1,1,1,LOW_POWER_OR_UNSTABLE,1.0,1.0,1.0,daiinodaim
low_reliability_or_unlikely,broad_shape,OILOD|NONE,R00,1,1,1,LOW_POWER_OR_UNSTABLE,1.0,1.0,1.0,aiinod
low_reliability_or_unlikely,broad_shape,OILOG|y,R10,1,1,1,LOW_POWER_OR_UNSTABLE,1.0,1.0,1.0,daiinoty
low_reliability_or_unlikely,broad_shape,OILOLB|edy,R00,1,1,1,LOW_POWER_OR_UNSTABLE,1.0,1.0,1.0,oaiiralchedy
low_reliability_or_unlikely,broad_shape,OILOL|y,R00,1,1,1,LOW_POWER_OR_UNSTABLE,1.0,1.0,1.0,aiiraly
low_reliability_or_unlikely,broad_shape,OILOX|NONE,H08,1,1,1,LOW_POWER_OR_UNSTABLE,1.0,1.0,1.0,qokaiinos
low_reliability_or_unlikely,broad_shape,OILO|NONE,R06,1,1,1,LOW_POWER_OR_UNSTABLE,1.0,1.0,1.0,saiino
low_reliability_or_unlikely,broad_shape,OILO|dy,R00,1,1,1,LOW_POWER_OR_UNSTABLE,1.0,1.0,1.0,daiinody
low_reliability_or_unlikely,broad_shape,OIL|al,R00,1,1,1,LOW_POWER_OR_UNSTABLE,1.0,1.0,1.0,aiinal
low_reliability_or_unlikely,broad_shape,OIL|ar,R10,1,1,1,LOW_POWER_OR_UNSTABLE,1.0,1.0,1.0,daiinar
low_reliability_or_unlikely,broad_shape,OIXOL|y,R00,1,1,1,LOW_POWER_OR_UNSTABLE,1.0,1.0,1.0,daiisaly
low_reliability_or_unlikely,broad_shape,OI|dy,R06,1,1,1,LOW_POWER_OR_UNSTABLE,1.0,1.0,1.0,daiidy
low_reliability_or_unlikely,broad_shape,OI|m,R06,1,1,1,LOW_POWER_OR_UNSTABLE,1.0,1.0,1.0,daiim
low_reliability_or_unlikely,broad_shape,OI|or,H13,1,1,1,LOW_POWER_OR_UNSTABLE,1.0,1.0,1.0,qotaiior
low_reliability_or_unlikely,broad_shape,OLBD|ar,R00,1,1,1,LOW_POWER_OR_UNSTABLE,1.0,1.0,1.0,darchdar
low_reliability_or_unlikely,broad_shape,OLBED|NONE,R00,1,1,1,LOW_POWER_OR_UNSTABLE,1.0,1.0,1.0,solshed
low_reliability_or_unlikely,broad_shape,OLBED|ar,R00,1,1,1,LOW_POWER_OR_UNSTABLE,1.0,1.0,1.0,alchedar
low_reliability_or_unlikely,broad_shape,OLBEX|NONE,R00,1,1,1,LOW_POWER_OR_UNSTABLE,1.0,1.0,1.0,oalcheg
low_reliability_or_unlikely,broad_shape,OLBE|or,R00,1,1,1,LOW_POWER_OR_UNSTABLE,1.0,1.0,1.0,darcheor
low_reliability_or_unlikely,broad_shape,OLBOLX|al,R07,1,1,1,LOW_POWER_OR_UNSTABLE,1.0,1.0,1.0,chorcholsal
low_reliability_or_unlikely,broad_shape,OLBOX|NONE,R00,1,1,1,LOW_POWER_OR_UNSTABLE,1.0,1.0,1.0,otorshos
low_reliability_or_unlikely,broad_shape,OLBO|dy,R00,1,1,1,LOW_POWER_OR_UNSTABLE,1.0,1.0,1.0,darshody
low_reliability_or_unlikely,broad_shape,OLBO|m,R03,1,1,1,LOW_POWER_OR_UNSTABLE,1.0,1.0,1.0,okarcham
low_reliability_or_unlikely,broad_shape,OLBXO|dy,R00,1,1,1,LOW_POWER_OR_UNSTABLE,1.0,1.0,1.0,dolchsody
low_reliability_or_unlikely,broad_shape,OLB|al,R07,1,1,1,LOW_POWER_OR_UNSTABLE,1.0,1.0,1.0,cholshal
low_reliability_or_unlikely,broad_shape,OLB|ar,R00,1,1,1,LOW_POWER_OR_UNSTABLE,1.0,1.0,1.0,sarchar
low_reliability_or_unlikely,broad_shape,OLB|eey,R00,1,1,1,LOW_POWER_OR_UNSTABLE,1.0,1.0,1.0,chorcheey
low_reliability_or_unlikely,broad_shape,OLB|ol,R07,1,1,1,LOW_POWER_OR_UNSTABLE,1.0,1.0,1.0,archol
low_reliability_or_unlikely,broad_shape,OLB|or,R00,1,1,1,LOW_POWER_OR_UNSTABLE,1.0,1.0,1.0,alchor
low_reliability_or_unlikely,broad_shape,OLDOL|ol,R09,1,1,1,LOW_POWER_OR_UNSTABLE,1.0,1.0,1.0,daldalol
low_reliability_or_unlikely,broad_shape,OLDOL|y,R09,1,1,1,LOW_POWER_OR_UNSTABLE,1.0,1.0,1.0,otardaly
low_reliability_or_unlikely,broad_shape,OLDOX|NONE,R00,1,1,1,LOW_POWER_OR_UNSTABLE,1.0,1.0,1.0,ardas
low_reliability_or_unlikely,broad_shape,OLDO|dy,R00,1,1,1,LOW_POWER_OR_UNSTABLE,1.0,1.0,1.0,okoldody
low_reliability_or_unlikely,broad_shape,OLDX|NONE,R06,1,1,1,LOW_POWER_OR_UNSTABLE,1.0,1.0,1.0,dolds
low_reliability_or_unlikely,broad_shape,OLDY|dy,R07,1,1,1,LOW_POWER_OR_UNSTABLE,1.0,1.0,1.0,choldydy
low_reliability_or_unlikely,broad_shape,OLDY|r,R06,1,1,1,LOW_POWER_OR_UNSTABLE,1.0,1.0,1.0,dardyr
low_reliability_or_unlikely,broad_shape,OLEG|y,R00,1,1,1,LOW_POWER_OR_UNSTABLE,1.0,1.0,1.0,otaleky
low_reliability_or_unlikely,broad_shape,OLEXOX|NONE,R00,1,1,1,LOW_POWER_OR_UNSTABLE,1.0,1.0,1.0,soleesos
low_reliability_or_unlikely,broad_shape,OLGBE|ol,R08,1,1,1,LOW_POWER_OR_UNSTABLE,1.0,1.0,1.0,sholkcheol
low_reliability_or_unlikely,broad_shape,OLGB|dy,R00,1,1,1,LOW_POWER_OR_UNSTABLE,1.0,1.0,1.0,alkchdy
low_reliability_or_unlikely,broad_shape,OLGB|edy,R07,1,1,1,LOW_POWER_OR_UNSTABLE,1.0,1.0,1.0,cholkshedy
low_reliability_or_unlikely,broad_shape,OLGEB|y,R07,1,1,1,LOW_POWER_OR_UNSTABLE,1.0,1.0,1.0,cholkeechy
low_reliability_or_unlikely,broad_shape,OLGE|ol,R00,1,1,1,LOW_POWER_OR_UNSTABLE,1.0,1.0,1.0,otorkeol
low_reliability_or_unlikely,broad_shape,OLGO|m,R00,1,1,1,LOW_POWER_OR_UNSTABLE,1.0,1.0,1.0,alkam
low_reliability_or_unlikely,broad_shape,OLOB|y,R00,1,1,1,LOW_POWER_OR_UNSTABLE,1.0,1.0,1.0,charochy
low_reliability_or_unlikely,broad_shape,OLOD|e,R00,1,1,1,LOW_POWER_OR_UNSTABLE,1.0,1.0,1.0,olalade
low_reliability_or_unlikely,broad_shape,OLOD|l,R00,1,1,1,LOW_POWER_OR_UNSTABLE,1.0,1.0,1.0,arodl
low_reliability_or_unlikely,broad_shape,OLOEX|NONE,R00,1,1,1,LOW_POWER_OR_UNSTABLE,1.0,1.0,1.0,aloees
low_reliability_or_unlikely,broad_shape,OLOGO|m,R00,1,1,1,LOW_POWER_OR_UNSTABLE,1.0,1.0,1.0,aropam
low_reliability_or_unlikely,broad_shape,OLOG|y,R00,1,1,1,LOW_POWER_OR_UNSTABLE,1.0,1.0,1.0,aroky
low_reliability_or_unlikely,broad_shape,OLOILBE|ol,R00,1,1,1,LOW_POWER_OR_UNSTABLE,1.0,1.0,1.0,saloiinsheol
low_reliability_or_unlikely,broad_shape,OLOLBOD|aiin,R00,1,1,1,LOW_POWER_OR_UNSTABLE,1.0,1.0,1.0,ararchodaiin
low_reliability_or_unlikely,broad_shape,OLOLB|edy,R00,1,1,1,LOW_POWER_OR_UNSTABLE,1.0,1.0,1.0,alolshedy
low_reliability_or_unlikely,broad_shape,OLOLDO|NONE,R00,1,1,1,LOW_POWER_OR_UNSTABLE,1.0,1.0,1.0,dararda
low_reliability_or_unlikely,broad_shape,OLOLD|al,R00,1,1,1,LOW_POWER_OR_UNSTABLE,1.0,1.0,1.0,daramdal
low_reliability_or_unlikely,broad_shape,OLOLOBEX|NONE,R00,1,1,1,LOW_POWER_OR_UNSTABLE,1.0,1.0,1.0,arorochees
low_reliability_or_unlikely,broad_shape,OLOLOL|y,R00,1,1,1,LOW_POWER_OR_UNSTABLE,1.0,1.0,1.0,darolaly
low_reliability_or_unlikely,broad_shape,OLOLO|NONE,H08,1,1,1,LOW_POWER_OR_UNSTABLE,1.0,1.0,1.0,qokaloro
low_reliability_or_unlikely,broad_shape,OLOLO|m,R00,1,1,1,LOW_POWER_OR_UNSTABLE,1.0,1.0,1.0,dolaram
low_reliability_or_unlikely,broad_shape,OLOLX|y,R00,1,1,1,LOW_POWER_OR_UNSTABLE,1.0,1.0,1.0,darolsy
low_reliability_or_unlikely,broad_shape,OLOL|ain,R00,1,1,1,LOW_POWER_OR_UNSTABLE,1.0,1.0,1.0,otararain
low_reliability_or_unlikely,broad_shape,OLOL|al,R00,1,1,1,LOW_POWER_OR_UNSTABLE,1.0,1.0,1.0,araral
low_reliability_or_unlikely,broad_shape,OLOL|m,R06,1,1,1,LOW_POWER_OR_UNSTABLE,1.0,1.0,1.0,damamm
low_reliability_or_unlikely,broad_shape,OLOL|or,R00,1,1,1,LOW_POWER_OR_UNSTABLE,1.0,1.0,1.0,alolor
low_reliability_or_unlikely,broad_shape,OLO|eey,R00,1,1,1,LOW_POWER_OR_UNSTABLE,1.0,1.0,1.0,okoroeey
low_reliability_or_unlikely,broad_shape,OLO|iin,R00,1,1,1,LOW_POWER_OR_UNSTABLE,1.0,1.0,1.0,aloiin
low_reliability_or_unlikely,broad_shape,OLO|n,R00,1,1,1,LOW_POWER_OR_UNSTABLE,1.0,1.0,1.0,olaran
low_reliability_or_unlikely,broad_shape,OLXGXO|m,R07,1,1,1,LOW_POWER_OR_UNSTABLE,1.0,1.0,1.0,cholcthom
low_reliability_or_unlikely,broad_shape,OLXOLB|y,R00,1,1,1,LOW_POWER_OR_UNSTABLE,1.0,1.0,1.0,salxarshy
low_reliability_or_unlikely,broad_shape,OLX|ain,R00,1,1,1,LOW_POWER_OR_UNSTABLE,1.0,1.0,1.0,chalsain
low_reliability_or_unlikely,broad_shape,OLX|ar,R00,1,1,1,LOW_POWER_OR_UNSTABLE,1.0,1.0,1.0,otalsar
low_reliability_or_unlikely,broad_shape,OLYBX|NONE,R09,1,1,1,LOW_POWER_OR_UNSTABLE,1.0,1.0,1.0,dalychs
low_reliability_or_unlikely,broad_shape,OLYX|NONE,R00,1,1,1,LOW_POWER_OR_UNSTABLE,1.0,1.0,1.0,alys
low_reliability_or_unlikely,broad_shape,OLY|dy,R06,1,1,1,LOW_POWER_OR_UNSTABLE,1.0,1.0,1.0,sarydy
low_reliability_or_unlikely,broad_shape,OL|eey,R07,1,1,1,LOW_POWER_OR_UNSTABLE,1.0,1.0,1.0,choleey
low_reliability_or_unlikely,broad_shape,OL|l,R00,1,1,1,LOW_POWER_OR_UNSTABLE,1.0,1.0,1.0,arl
low_reliability_or_unlikely,broad_shape,OXGXO|NONE,R00,1,1,1,LOW_POWER_OR_UNSTABLE,1.0,1.0,1.0,shockho
low_reliability_or_unlikely,broad_shape,OXGX|NONE,R06,1,1,1,LOW_POWER_OR_UNSTABLE,1.0,1.0,1.0,socths
low_reliability_or_unlikely,broad_shape,OXGX|dy,R00,1,1,1,LOW_POWER_OR_UNSTABLE,1.0,1.0,1.0,chockhdy
low_reliability_or_unlikely,broad_shape,OXGX|edy,R00,1,1,1,LOW_POWER_OR_UNSTABLE,1.0,1.0,1.0,chocthedy
low_reliability_or_unlikely,broad_shape,OXGX|or,R00,1,1,1,LOW_POWER_OR_UNSTABLE,1.0,1.0,1.0,chockhor
low_reliability_or_unlikely,broad_shape,OXOI|r,R00,1,1,1,LOW_POWER_OR_UNSTABLE,1.0,1.0,1.0,sosaiir
low_reliability_or_unlikely,broad_shape,OXOLOB|ol,R00,1,1,1,LOW_POWER_OR_UNSTABLE,1.0,1.0,1.0,chosaroshol
low_reliability_or_unlikely,broad_shape,OXOLOLX|NONE,R00,1,1,1,LOW_POWER_OR_UNSTABLE,1.0,1.0,1.0,chosolols
low_reliability_or_unlikely,broad_shape,OXO|NONE,R06,1,1,1,LOW_POWER_OR_UNSTABLE,1.0,1.0,1.0,dago
low_reliability_or_unlikely,broad_shape,OXO|m,R06,1,1,1,LOW_POWER_OR_UNSTABLE,1.0,1.0,1.0,sosam
low_reliability_or_unlikely,broad_shape,OX|ar,R00,1,1,1,LOW_POWER_OR_UNSTABLE,1.0,1.0,1.0,chosar
low_reliability_or_unlikely,broad_shape,OX|ey,R00,1,1,1,LOW_POWER_OR_UNSTABLE,1.0,1.0,1.0,otosey
low_reliability_or_unlikely,broad_shape,OYGBO|m,R00,1,1,1,LOW_POWER_OR_UNSTABLE,1.0,1.0,1.0,saykchom
low_reliability_or_unlikely,broad_shape,OYG|y,R06,1,1,1,LOW_POWER_OR_UNSTABLE,1.0,1.0,1.0,shoyty
low_reliability_or_unlikely,broad_shape,OYX|ar,R06,1,1,1,LOW_POWER_OR_UNSTABLE,1.0,1.0,1.0,soysar
low_reliability_or_unlikely,broad_shape,O|ee,R00,1,1,1,LOW_POWER_OR_UNSTABLE,1.0,1.0,1.0,choee
low_reliability_or_unlikely,broad_shape,O|ol,R00,1,1,1,LOW_POWER_OR_UNSTABLE,1.0,1.0,1.0,okool
low_reliability_or_unlikely,broad_shape,O|or,R06,1,1,1,LOW_POWER_OR_UNSTABLE,1.0,1.0,1.0,daor
low_reliability_or_unlikely,broad_shape,QOG|eey,R00,1,1,1,LOW_POWER_OR_UNSTABLE,1.0,1.0,1.0,oqokeey
low_reliability_or_unlikely,broad_shape,Q|NONE,R00,1,1,1,LOW_POWER_OR_UNSTABLE,1.0,1.0,1.0,q
low_reliability_or_unlikely,broad_shape,Q|ol,R00,1,1,1,LOW_POWER_OR_UNSTABLE,1.0,1.0,1.0,oqol
low_reliability_or_unlikely,broad_shape,XBE|or,R00,1,1,1,LOW_POWER_OR_UNSTABLE,1.0,1.0,1.0,oscheor
low_reliability_or_unlikely,broad_shape,XBOE|r,R00,1,1,1,LOW_POWER_OR_UNSTABLE,1.0,1.0,1.0,oschoer
low_reliability_or_unlikely,broad_shape,XBOGB|l,R00,1,1,1,LOW_POWER_OR_UNSTABLE,1.0,1.0,1.0,oschotshl
low_reliability_or_unlikely,broad_shape,XB|y,R00,1,1,1,LOW_POWER_OR_UNSTABLE,1.0,1.0,1.0,oschy
low_reliability_or_unlikely,broad_shape,XD|aiin,R10,1,1,1,LOW_POWER_OR_UNSTABLE,1.0,1.0,1.0,osdaiin
low_reliability_or_unlikely,broad_shape,XGXDOL|y,R09,1,1,1,LOW_POWER_OR_UNSTABLE,1.0,1.0,1.0,cthdaly
low_reliability_or_unlikely,broad_shape,XGXDYX|NONE,R00,1,1,1,LOW_POWER_OR_UNSTABLE,1.0,1.0,1.0,qcthdys
low_reliability_or_unlikely,broad_shape,XGXD|NONE,R04,1,1,1,LOW_POWER_OR_UNSTABLE,1.0,1.0,1.0,chcthd
low_reliability_or_unlikely,broad_shape,XGXED|NONE,H07,1,1,1,LOW_POWER_OR_UNSTABLE,1.0,1.0,1.0,qockhed
low_reliability_or_unlikely,broad_shape,XGXEOD|ar,R00,1,1,1,LOW_POWER_OR_UNSTABLE,1.0,1.0,1.0,cpheodar
low_reliability_or_unlikely,broad_shape,XGXEOL|y,R04,1,1,1,LOW_POWER_OR_UNSTABLE,1.0,1.0,1.0,ctheoly
low_reliability_or_unlikely,broad_shape,XGXEO|NONE,R00,1,1,1,LOW_POWER_OR_UNSTABLE,1.0,1.0,1.0,ckheo
low_reliability_or_unlikely,broad_shape,XGXEXGX|y,R04,1,1,1,LOW_POWER_OR_UNSTABLE,1.0,1.0,1.0,cphecthy
low_reliability_or_unlikely,broad_shape,XGXE|al,R00,1,1,1,LOW_POWER_OR_UNSTABLE,1.0,1.0,1.0,cpheal
low_reliability_or_unlikely,broad_shape,XGXE|ol,R04,1,1,1,LOW_POWER_OR_UNSTABLE,1.0,1.0,1.0,ctheol
low_reliability_or_unlikely,broad_shape,XGXE|or,R00,1,1,1,LOW_POWER_OR_UNSTABLE,1.0,1.0,1.0,cpheor
low_reliability_or_unlikely,broad_shape,XGXE|r,R04,1,1,1,LOW_POWER_OR_UNSTABLE,1.0,1.0,1.0,cther
low_reliability_or_unlikely,broad_shape,XGXODO|m,R04,1,1,1,LOW_POWER_OR_UNSTABLE,1.0,1.0,1.0,cthodam
low_reliability_or_unlikely,broad_shape,XGXOD|NONE,R04,1,1,1,LOW_POWER_OR_UNSTABLE,1.0,1.0,1.0,cthod
low_reliability_or_unlikely,broad_shape,XGXOD|al,R04,1,1,1,LOW_POWER_OR_UNSTABLE,1.0,1.0,1.0,cthodal
low_reliability_or_unlikely,broad_shape,XGXOD|ar,R00,1,1,1,LOW_POWER_OR_UNSTABLE,1.0,1.0,1.0,cfhodar
low_reliability_or_unlikely,broad_shape,XGXOEX|NONE,R00,1,1,1,LOW_POWER_OR_UNSTABLE,1.0,1.0,1.0,ockhoees
low_reliability_or_unlikely,broad_shape,XGXOLDX|NONE,R07,1,1,1,LOW_POWER_OR_UNSTABLE,1.0,1.0,1.0,ctholdg
low_reliability_or_unlikely,broad_shape,XGXOLD|NONE,R04,1,1,1,LOW_POWER_OR_UNSTABLE,1.0,1.0,1.0,cthold
low_reliability_or_unlikely,broad_shape,XGXOLODX|NONE,R00,1,1,1,LOW_POWER_OR_UNSTABLE,1.0,1.0,1.0,cphorods
low_reliability_or_unlikely,broad_shape,XGXOLOL|aiin,R04,1,1,1,LOW_POWER_OR_UNSTABLE,1.0,1.0,1.0,cthororaiin
low_reliability_or_unlikely,broad_shape,XGXOLO|NONE,R04,1,1,1,LOW_POWER_OR_UNSTABLE,1.0,1.0,1.0,ctholo
low_reliability_or_unlikely,broad_shape,XGXOLO|m,R00,1,1,1,LOW_POWER_OR_UNSTABLE,1.0,1.0,1.0,cpharom
low_reliability_or_unlikely,broad_shape,XGXOXO|m,R00,1,1,1,LOW_POWER_OR_UNSTABLE,1.0,1.0,1.0,ockhosam
low_reliability_or_unlikely,broad_shape,XGXO|y,R00,1,1,1,LOW_POWER_OR_UNSTABLE,1.0,1.0,1.0,cphoy
low_reliability_or_unlikely,broad_shape,XGXYD|ar,R00,1,1,1,LOW_POWER_OR_UNSTABLE,1.0,1.0,1.0,ockhydar
low_reliability_or_unlikely,broad_shape,XGXYGB|y,R00,1,1,1,LOW_POWER_OR_UNSTABLE,1.0,1.0,1.0,chckhyfchy
low_reliability_or_unlikely,broad_shape,XGXYX|NONE,R00,1,1,1,LOW_POWER_OR_UNSTABLE,1.0,1.0,1.0,octhys
low_reliability_or_unlikely,broad_shape,XGXY|dy,R00,1,1,1,LOW_POWER_OR_UNSTABLE,1.0,1.0,1.0,cphydy
low_reliability_or_unlikely,broad_shape,XGX|eedy,H21,1,1,1,LOW_POWER_OR_UNSTABLE,1.0,1.0,1.0,qockheedy
low_reliability_or_unlikely,broad_shape,XGX|l,R00,1,1,1,LOW_POWER_OR_UNSTABLE,1.0,1.0,1.0,cphl
low_reliability_or_unlikely,broad_shape,XG|ey,R00,1,1,1,LOW_POWER_OR_UNSTABLE,1.0,1.0,1.0,ockey
low_reliability_or_unlikely,broad_shape,XOEGB|y,R00,1,1,1,LOW_POWER_OR_UNSTABLE,1.0,1.0,1.0,ysaikchy
low_reliability_or_unlikely,broad_shape,XOE|r,R00,1,1,1,LOW_POWER_OR_UNSTABLE,1.0,1.0,1.0,osair
low_reliability_or_unlikely,broad_shape,XOIL|y,R00,1,1,1,LOW_POWER_OR_UNSTABLE,1.0,1.0,1.0,olsaiiny
low_reliability_or_unlikely,broad_shape,XOLBEO|NONE,R00,1,1,1,LOW_POWER_OR_UNSTABLE,1.0,1.0,1.0,osarsheeeo
low_reliability_or_unlikely,broad_shape,XOLD|al,R09,1,1,1,LOW_POWER_OR_UNSTABLE,1.0,1.0,1.0,ysaldal
low_reliability_or_unlikely,broad_shape,XOLG|eedy,R00,1,1,1,LOW_POWER_OR_UNSTABLE,1.0,1.0,1.0,qsolkeedy
low_reliability_or_unlikely,broad_shape,XOLO|m,R00,1,1,1,LOW_POWER_OR_UNSTABLE,1.0,1.0,1.0,osaram
low_reliability_or_unlikely,broad_shape,XOXGX|or,R00,1,1,1,LOW_POWER_OR_UNSTABLE,1.0,1.0,1.0,osocthor
low_reliability_or_unlikely,broad_shape,X|or,R00,1,1,1,LOW_POWER_OR_UNSTABLE,1.0,1.0,1.0,vor
low_reliability_or_unlikely,broad_shape,YDB|y,R00,1,1,1,LOW_POWER_OR_UNSTABLE,1.0,1.0,1.0,oydchy
low_reliability_or_unlikely,broad_shape,YDOL|y,R00,1,1,1,LOW_POWER_OR_UNSTABLE,1.0,1.0,1.0,otydary
low_reliability_or_unlikely,broad_shape,YDO|NONE,R00,1,1,1,LOW_POWER_OR_UNSTABLE,1.0,1.0,1.0,otyda
low_reliability_or_unlikely,broad_shape,YDX|NONE,R00,1,1,1,LOW_POWER_OR_UNSTABLE,1.0,1.0,1.0,otydg
low_reliability_or_unlikely,broad_shape,YD|NONE,R00,1,1,1,LOW_POWER_OR_UNSTABLE,1.0,1.0,1.0,okyd
low_reliability_or_unlikely,broad_shape,YD|or,R00,1,1,1,LOW_POWER_OR_UNSTABLE,1.0,1.0,1.0,okyddor
low_reliability_or_unlikely,broad_shape,YEB|y,R00,1,1,1,LOW_POWER_OR_UNSTABLE,1.0,1.0,1.0,okyeeshy
low_reliability_or_unlikely,broad_shape,YGBO|m,R00,1,1,1,LOW_POWER_OR_UNSTABLE,1.0,1.0,1.0,chypcham
low_reliability_or_unlikely,broad_shape,YGBX|NONE,R00,1,1,1,LOW_POWER_OR_UNSTABLE,1.0,1.0,1.0,otykchs
low_reliability_or_unlikely,broad_shape,YGB|al,R00,1,1,1,LOW_POWER_OR_UNSTABLE,1.0,1.0,1.0,dykchal
low_reliability_or_unlikely,broad_shape,YGOLO|n,R00,1,1,1,LOW_POWER_OR_UNSTABLE,1.0,1.0,1.0,dykaran
low_reliability_or_unlikely,broad_shape,YGOLX|NONE,R06,1,1,1,LOW_POWER_OR_UNSTABLE,1.0,1.0,1.0,dytolg
low_reliability_or_unlikely,broad_shape,YG|edy,R06,1,1,1,LOW_POWER_OR_UNSTABLE,1.0,1.0,1.0,dytedy
low_reliability_or_unlikely,broad_shape,YG|ey,R00,1,1,1,LOW_POWER_OR_UNSTABLE,1.0,1.0,1.0,chykey
low_reliability_or_unlikely,broad_shape,YG|ol,R06,1,1,1,LOW_POWER_OR_UNSTABLE,1.0,1.0,1.0,shykol
low_reliability_or_unlikely,broad_shape,YLD|dy,H11,1,1,1,LOW_POWER_OR_UNSTABLE,1.0,1.0,1.0,qokylddy
low_reliability_or_unlikely,broad_shape,YL|or,R00,1,1,1,LOW_POWER_OR_UNSTABLE,1.0,1.0,1.0,otylor
low_reliability_or_unlikely,broad_shape,YOGYDX|NONE,R00,1,1,1,LOW_POWER_OR_UNSTABLE,1.0,1.0,1.0,dyotyds
low_reliability_or_unlikely,broad_shape,YOI|r,R06,1,1,1,LOW_POWER_OR_UNSTABLE,1.0,1.0,1.0,syaiir
low_reliability_or_unlikely,broad_shape,YO|eey,R00,1,1,1,LOW_POWER_OR_UNSTABLE,1.0,1.0,1.0,qyoeey
low_reliability_or_unlikely,broad_shape,YX|NONE,R00,1,1,1,LOW_POWER_OR_UNSTABLE,1.0,1.0,1.0,otys
low_reliability_or_unlikely,broad_shape,YX|y,R00,1,1,1,LOW_POWER_OR_UNSTABLE,1.0,1.0,1.0,oygy
low_reliability_or_unlikely,stolfi_inspired_signature,NG|S_OL|T_l,R06,355,267,18,LOW_POWER_OR_UNSTABLE,0.434,0.572,0.932,"chol, ol, dal, al, qol, shol"
low_reliability_or_unlikely,stolfi_inspired_signature,NG|S_OL|T_r,R06,290,236,18,CONTEXTUAL_ROLE_SIGNAL,0.714,0.731,0.845,"ar, dar, chor, or, sar, dor"
low_reliability_or_unlikely,stolfi_inspired_signature,NG|S_OIL|T_iin,R10,269,227,15,LOW_POWER_OR_UNSTABLE,0.528,0.662,0.933,"daiin, aiin, saiin, chaiin, soiin, oaiin"
low_reliability_or_unlikely,stolfi_inspired_signature,NG|S_EDY|T_dy,R06,192,152,4,LOW_POWER_OR_UNSTABLE,0.5,0.635,1.0,"shedy, chedy, qoedy, dedy"
low_reliability_or_unlikely,stolfi_inspired_signature,G_k|S_EDY|T_dy,H12,123,93,2,CONTEXTUAL_ROLE_SIGNAL,0.724,0.78,0.992,"qokedy, okedy"
low_reliability_or_unlikely,stolfi_inspired_signature,G_k|S_EDY|T_edy,H01,118,95,2,CONTEXTUAL_ROLE_SIGNAL,0.72,0.746,0.992,"qokeedy, okeedy"
low_reliability_or_unlikely,stolfi_inspired_signature,G_k|S_OL|T_l,R07,116,100,4,CONTEXTUAL_ROLE_SIGNAL,0.509,0.724,0.871,"qokal, okal, okol, qokol"
low_reliability_or_unlikely,stolfi_inspired_signature,G_k|S_EY|T_ey,H08,114,97,2,CONTEXTUAL_ROLE_SIGNAL,0.675,0.772,0.886,"qokeey, okeey"
low_reliability_or_unlikely,stolfi_inspired_signature,G_k|S_OEL|T_in,H08,94,85,3,CONTEXTUAL_ROLE_SIGNAL,0.617,0.713,0.968,"qokain, okain, qokoin"
low_reliability_or_unlikely,stolfi_inspired_signature,G_k|S_GY|T_y,H01,91,85,7,CONTEXTUAL_ROLE_SIGNAL,0.473,0.736,0.824,"qoky, oky, chky, olky, yky, shky"
low_reliability_or_unlikely,stolfi_inspired_signature,NG|S_DY|T_y,R02,88,82,8,CONTEXTUAL_ROLE_SIGNAL,0.648,0.739,0.875,"dy, chdy, shdy, ody, oldy, ddy"
low_reliability_or_unlikely,stolfi_inspired_signature,G_k|S_OIL|T_iin,H08,86,76,2,LOW_POWER_OR_UNSTABLE,0.512,0.628,0.93,"qokaiin, okaiin"
low_reliability_or_unlikely,stolfi_inspired_signature,G_k|S_XGXY|T_y,R00,74,70,7,STABLE_BUT_LOCAL_OR_THRESHOLD_SENSITIVE,0.757,0.77,0.986,"chckhy, shckhy, ckhy, ockhy, qockhy, qckhsy"
low_reliability_or_unlikely,stolfi_inspired_signature,G_k|S_OL|T_r,R03,68,59,4,ROLE_STABLE_ACROSS_CONFOUNDS,0.824,0.897,0.794,"qokar, okar, okor, qokor"
low_reliability_or_unlikely,stolfi_inspired_signature,G_t|S_EDY|T_dy,R01,52,46,2,LOW_POWER_OR_UNSTABLE,0.577,0.635,1.0,"otedy, qotedy"
low_reliability_or_unlikely,stolfi_inspired_signature,NG|S_OL|T_m,R06,51,49,13,CONTEXTUAL_ROLE_SIGNAL,0.745,0.765,0.843,"dam, am, oram, olam, om, sham"
low_reliability_or_unlikely,stolfi_inspired_signature,NG|S_EOL|T_ol,R00,51,49,8,CONTEXTUAL_ROLE_SIGNAL,0.569,0.863,0.902,"cheol, sheol, sheeol, cheeol, deeol, deol"
low_reliability_or_unlikely,stolfi_inspired_signature,NG|S_OLY|T_y,R00,50,48,19,CONTEXTUAL_ROLE_SIGNAL,0.46,0.72,0.52,"dary, daly, ary, choly, sary, chory"
low_reliability_or_unlikely,stolfi_inspired_signature,NG|S_LBEDY|T_edy,R00,45,43,6,STABLE_BUT_LOCAL_OR_THRESHOLD_SENSITIVE,1.0,1.0,0.978,"lchedy, lshedy, qolchedy, rchedy, qorchedy, rshedy"
low_reliability_or_unlikely,stolfi_inspired_signature,NG|S_EDY|T_edy,R06,45,43,5,STABLE_BUT_LOCAL_OR_THRESHOLD_SENSITIVE,0.756,0.8,0.956,"sheedy, cheedy, qoeedy, oeedy, oleedy"
low_reliability_or_unlikely,stolfi_inspired_signature,G_t|S_XGXY|T_y,R04,40,39,7,STABLE_BUT_LOCAL_OR_THRESHOLD_SENSITIVE,0.775,0.85,0.95,"chcthy, cthy, shcthy, dcthy, octhy, qcthy"
low_reliability_or_unlikely,stolfi_inspired_signature,G_t|S_EDY|T_edy,H01,40,37,2,LOW_POWER_OR_UNSTABLE,0.625,0.65,1.0,"qoteedy, oteedy"
low_reliability_or_unlikely,stolfi_inspired_signature,G_t|S_OEL|T_in,R00,40,37,2,LOW_POWER_OR_UNSTABLE,0.625,0.625,0.975,"otain, qotain"
low_reliability_or_unlikely,stolfi_inspired_signature,NG|S_BEDY|T_edy,R00,39,38,9,LOW_POWER_OR_UNSTABLE,0.564,0.667,1.0,"dshedy, olchedy, olshedy, yshedy, dchedy, ychedy"
low_reliability_or_unlikely,stolfi_inspired_signature,G_t|S_OL|T_r,H13,38,32,4,LOW_POWER_OR_UNSTABLE,0.342,0.632,0.895,"otar, otor, qotar, qotor"
low_reliability_or_unlikely,stolfi_inspired_signature,G_k|S_EY|T_y,H08,37,35,2,CONTEXTUAL_ROLE_SIGNAL,0.676,0.73,0.946,"qokey, okey"
low_reliability_or_unlikely,stolfi_inspired_signature,NG|S_BEY|T_ey,R00,37,36,12,LOW_POWER_OR_UNSTABLE,0.459,0.649,0.919,"olchey, dchey, ychey, yshey, orchey, olshey"
low_reliability_or_unlikely,stolfi_inspired_signature,G_t|S_OIL|T_iin,R10,36,35,3,CONTEXTUAL_ROLE_SIGNAL,0.639,0.75,0.889,"otaiin, qotaiin, qotoiin"
low_reliability_or_unlikely,stolfi_inspired_signature,G_t|S_OL|T_l,H13,36,32,4,LOW_POWER_OR_UNSTABLE,0.528,0.611,0.972,"qotal, otal, otol, qotol"
low_reliability_or_unlikely,stolfi_inspired_signature,G_t|S_GY|T_y,H01,33,30,6,LOW_POWER_OR_UNSTABLE,0.485,0.606,0.97,"qoty, oty, yty, ty, chty, shty"
low_reliability_or_unlikely,stolfi_inspired_signature,G_k|S_GEY|T_eey,R00,32,32,10,CONTEXTUAL_ROLE_SIGNAL,0.562,0.75,0.906,"olkeey, ykeey, olkeeey, keey, chkeey, ykeeey"
low_reliability_or_unlikely,stolfi_inspired_signature,NG|S_LY|T_y,R06,29,29,6,CONTEXTUAL_ROLE_SIGNAL,0.552,0.724,0.828,"oly, ory, ly, ry, dly, qoly"
low_reliability_or_unlikely,stolfi_inspired_signature,G_k|S_GOIL|T_aiin,R06,27,26,6,CONTEXTUAL_ROLE_SIGNAL,0.704,0.704,1.0,"ykaiin, kaiin, olkaiin, chkaiin, shkaiin, skaiin"
low_reliability_or_unlikely,stolfi_inspired_signature,NG|S_EODY|T_dy,R00,27,26,4,CONTEXTUAL_ROLE_SIGNAL,0.704,0.815,0.778,"cheody, sheody, oeeody, eeeody"
low_reliability_or_unlikely,stolfi_inspired_signature,NG|S_EOL|T_or,R00,27,26,6,CONTEXTUAL_ROLE_SIGNAL,0.667,0.704,0.963,"cheor, sheor, cheeor, sheeor, eeor, qoeeor"
low_reliability_or_unlikely,stolfi_inspired_signature,NG|S_L|T_NONE,R06,27,27,2,CONTEXTUAL_ROLE_SIGNAL,0.556,0.815,0.704,"l, r"
low_reliability_or_unlikely,stolfi_inspired_signature,G_k|S_BDY|T_dy,H09,26,23,3,CONTEXTUAL_ROLE_SIGNAL,0.615,0.808,0.923,"qokchdy, okchdy, qokshdy"
low_reliability_or_unlikely,stolfi_inspired_signature,G_k|S_EODY|T_dy,R00,26,21,6,CONTEXTUAL_ROLE_SIGNAL,0.577,0.885,0.615,"okeody, qokeody, qokeeody, okeeeody, okeeody, okeady"
low_reliability_or_unlikely,stolfi_inspired_signature,NG|S_Y|T_NONE,R06,25,25,1,CONTEXTUAL_ROLE_SIGNAL,1.0,1.0,0.6,y
low_reliability_or_unlikely,stolfi_inspired_signature,NG|S_LBEY|T_ey,R00,25,24,5,STABLE_BUT_LOCAL_OR_THRESHOLD_SENSITIVE,0.8,0.88,1.0,"lshey, lchey, qolchey, rchey, llchey"
low_reliability_or_unlikely,stolfi_inspired_signature,NG|S_ODY|T_dy,R00,25,25,3,CONTEXTUAL_ROLE_SIGNAL,0.72,0.76,0.92,"chody, shody, dady"
low_reliability_or_unlikely,stolfi_inspired_signature,NG|S_OEL|T_r,R06,25,24,3,CONTEXTUAL_ROLE_SIGNAL,0.72,0.88,0.76,"dair, sair, air"
low_reliability_or_unlikely,stolfi_inspired_signature,G_k|S_GEDY|T_eedy,R00,25,25,4,CONTEXTUAL_ROLE_SIGNAL,0.68,0.8,0.92,"olkeedy, keedy, ykeedy, chkeedy"
low_reliability_or_unlikely,stolfi_inspired_signature,G_k|S_GOL|T_ar,R06,24,23,4,STABLE_BUT_LOCAL_OR_THRESHOLD_SENSITIVE,0.75,0.792,0.875,"kar, ykar, olkar, dkar"
low_reliability_or_unlikely,stolfi_inspired_signature,G_k|S_BY|T_y,R00,24,24,5,CONTEXTUAL_ROLE_SIGNAL,0.542,0.792,0.75,"qokchy, okchy, okshy, qokshy, okchshy"
low_reliability_or_unlikely,stolfi_inspired_signature,NG|S_EX|T_NONE,R00,23,23,11,STABLE_BUT_LOCAL_OR_THRESHOLD_SENSITIVE,0.87,0.957,0.826,"ches, chees, oeees, shes, oees, eees"
low_reliability_or_unlikely,stolfi_inspired_signature,NG|S_EOL|T_ar,R00,23,22,8,STABLE_BUT_LOCAL_OR_THRESHOLD_SENSITIVE,0.783,0.783,0.87,"chear, shear, oeear, oear, qear, ear"
low_reliability_or_unlikely,stolfi_inspired_signature,G_k|S_OLY|T_y,R00,22,22,6,STABLE_BUT_LOCAL_OR_THRESHOLD_SENSITIVE,0.864,0.909,0.409,"okary, okaly, qokaly, okoaly, okoly, okory"
low_reliability_or_unlikely,stolfi_inspired_signature,G_k|S_GEDY|T_edy,R00,22,20,4,CONTEXTUAL_ROLE_SIGNAL,0.727,0.818,1.0,"ykedy, olkedy, kedy, chkedy"
low_reliability_or_unlikely,stolfi_inspired_signature,G_p|S_GBEDY|T_edy,R00,21,20,5,CONTEXTUAL_ROLE_SIGNAL,0.476,0.762,1.0,"pchedy, opchedy, qopshedy, qopchedy, ypchedy"
low_reliability_or_unlikely,stolfi_inspired_signature,G_k|S_EOL|T_ol,H08,21,20,3,LOW_POWER_OR_UNSTABLE,0.429,0.619,0.81,"okeol, qokeol, okeeol"
low_reliability_or_unlikely,stolfi_inspired_signature,G_k|S_GBY|T_y,R06,20,17,8,STABLE_BUT_LOCAL_OR_THRESHOLD_SENSITIVE,0.8,0.9,0.85,"kchy, ykchy, ykshy, chkchy, olkchy, shkchy"
low_reliability_or_unlikely,stolfi_inspired_signature,G_k|S_XGXEY|T_ey,R00,20,20,5,CONTEXTUAL_ROLE_SIGNAL,0.65,0.75,1.0,"qockhey, chckhey, ckhey, ockhey, shckhey"
low_reliability_or_unlikely,stolfi_inspired_signature,NG|S_BO|T_NONE,R00,20,20,6,CONTEXTUAL_ROLE_SIGNAL,0.65,0.7,0.9,"cho, dcho, dsho, ycho, osho, ssho"
low_reliability_or_unlikely,stolfi_inspired_signature,NG|S_DOIL|T_aiin,R10,20,19,5,CONTEXTUAL_ROLE_SIGNAL,0.6,0.7,0.85,"odaiin, ydaiin, qodaiin, oldaiin, chdaiin"
low_reliability_or_unlikely,stolfi_inspired_signature,NG|S_BEY|T_eey,R06,19,19,11,CONTEXTUAL_ROLE_SIGNAL,0.579,0.737,0.895,"ycheey, dsheey, olcheey, dcheey, orcheey, orsheey"
low_reliability_or_unlikely,stolfi_inspired_signature,G_t|S_XGXOL|T_ol,R07,18,18,1,CONTEXTUAL_ROLE_SIGNAL,1.0,1.0,1.0,cthol
low_reliability_or_unlikely,stolfi_inspired_signature,G_t|S_EY|T_ey,R01,18,16,2,CONTEXTUAL_ROLE_SIGNAL,0.722,0.722,0.944,"oteey, qoteey"
low_reliability_or_unlikely,stolfi_inspired_signature,NG|S_LOIL|T_aiin,R00,17,17,5,CONTEXTUAL_ROLE_SIGNAL,0.882,0.941,0.941,"raiin, laiin, qolaiin, dlaiin, rlaiin"
low_reliability_or_unlikely,stolfi_inspired_signature,NG|S_BOL|T_or,R06,17,17,5,CONTEXTUAL_ROLE_SIGNAL,0.824,0.941,0.882,"dchor, ychor, ochor, dshor, yshor"
low_reliability_or_unlikely,stolfi_inspired_signature,G_k|S_GEODY|T_dy,R00,17,16,5,CONTEXTUAL_ROLE_SIGNAL,0.706,0.882,0.647,"ykeeody, ykeody, keody, keeody, chkeeody"
low_reliability_or_unlikely,stolfi_inspired_signature,G_k|S_LGEDY|T_eedy,R00,17,17,2,CONTEXTUAL_ROLE_SIGNAL,0.706,1.0,1.0,"lkeedy, qolkeedy"
low_reliability_or_unlikely,stolfi_inspired_signature,G_k|S_BEY|T_ey,H08,17,17,4,CONTEXTUAL_ROLE_SIGNAL,0.588,0.824,0.941,"qokchey, okchey, okshey, qokshey"
low_reliability_or_unlikely,stolfi_inspired_signature,G_k|S_OLDY|T_dy,R00,17,17,6,CONTEXTUAL_ROLE_SIGNAL,0.588,0.882,0.647,"okaldy, qokaldy, okoldy, qokoldy, okardy, qokardy"
low_reliability_or_unlikely,stolfi_inspired_signature,NG|S_OLOL|T_al,R06,17,17,10,CONTEXTUAL_ROLE_SIGNAL,0.529,0.882,0.529,"aral, saral, dalal, cholal, salal, solal"
low_reliability_or_unlikely,stolfi_inspired_signature,G_k|S_OGY|T_y,R00,16,15,5,CONTEXTUAL_ROLE_SIGNAL,0.875,0.875,0.938,"choky, shoky, oloky, yoky, aky"
low_reliability_or_unlikely,stolfi_inspired_signature,NG|S_OX|T_NONE,R00,16,16,7,CONTEXTUAL_ROLE_SIGNAL,0.875,1.0,0.812,"chos, os, as, qoos, olos, og"
low_reliability_or_unlikely,stolfi_inspired_signature,G_t|S_BY|T_y,H13,16,16,3,CONTEXTUAL_ROLE_SIGNAL,0.688,0.812,0.938,"qotchy, otchy, otshy"
low_reliability_or_unlikely,stolfi_inspired_signature,NG|S_ODOIL|T_aiin,R00,16,15,5,LOW_POWER_OR_UNSTABLE,0.625,0.625,0.938,"chodaiin, shodaiin, sodaiin, yodaiin, dodaiin"
low_reliability_or_unlikely,stolfi_inspired_signature,NG|S_EO|T_NONE,R00,16,16,4,CONTEXTUAL_ROLE_SIGNAL,0.5,0.812,0.938,"sheo, cheo, cheeo, sheeo"
low_reliability_or_unlikely,stolfi_inspired_signature,NG|S_OLBEDY|T_edy,R00,15,14,8,CONTEXTUAL_ROLE_SIGNAL,0.8,0.933,0.933,"solchedy, dalshedy, salchedy, darchedy, dolchedy, solshedy"
low_reliability_or_unlikely,stolfi_inspired_signature,G_t|S_EY|T_y,R01,15,15,2,LOW_POWER_OR_UNSTABLE,0.667,0.667,1.0,"otey, qotey"
low_reliability_or_unlikely,stolfi_inspired_signature,G_t|S_GEDY|T_edy,R06,15,13,3,CONTEXTUAL_ROLE_SIGNAL,0.667,0.867,1.0,"tedy, ytedy, oltedy"
low_reliability_or_unlikely,stolfi_inspired_signature,G_k|S_EXGXY|T_y,R00,14,14,4,CONTEXTUAL_ROLE_SIGNAL,1.0,1.0,1.0,"checkhy, sheckhy, eeckhy, sheeckhy"
low_reliability_or_unlikely,stolfi_inspired_signature,G_t|S_OLY|T_y,R00,14,14,4,CONTEXTUAL_ROLE_SIGNAL,1.0,1.0,0.571,"otaly, otoly, otory, otary"
low_reliability_or_unlikely,stolfi_inspired_signature,NG|S_LOL|T_ol,R00,14,14,2,CONTEXTUAL_ROLE_SIGNAL,1.0,1.0,1.0,"lol, rol"
low_reliability_or_unlikely,stolfi_inspired_signature,G_t|S_XGXEY|T_ey,R04,14,14,4,CONTEXTUAL_ROLE_SIGNAL,0.857,0.929,0.929,"cthey, octhey, shcthey, qocthey"
low_reliability_or_unlikely,stolfi_inspired_signature,G_k|S_GOEL|T_ain,R06,14,13,6,LOW_POWER_OR_UNSTABLE,0.571,0.643,1.0,"kain, olkain, shkain, qkain, ykain, chkain"
low_reliability_or_unlikely,stolfi_inspired_signature,NG|S_EOL|T_al,R00,14,14,4,LOW_POWER_OR_UNSTABLE,0.571,0.643,1.0,"cheal, sheal, cheeal, sheoal"
low_reliability_or_unlikely,stolfi_inspired_signature,G_t|S_XGXOL|T_or,R04,13,13,2,CONTEXTUAL_ROLE_SIGNAL,1.0,1.0,1.0,"cthor, chcthor"
low_reliability_or_unlikely,stolfi_inspired_signature,G_k|S_GEOL|T_ol,R06,13,13,5,CONTEXTUAL_ROLE_SIGNAL,0.846,1.0,0.692,"keol, ykeol, olkeol, ykeeol, keeol"
low_reliability_or_unlikely,stolfi_inspired_signature,G_t|S_BDY|T_dy,R00,13,13,4,CONTEXTUAL_ROLE_SIGNAL,0.846,0.923,0.769,"otchdy, qotchdy, otshshdy, otshdy"
low_reliability_or_unlikely,stolfi_inspired_signature,G_t|S_GOIL|T_aiin,R06,13,13,4,CONTEXTUAL_ROLE_SIGNAL,0.846,0.923,0.923,"taiin, ytaiin, ytoaiin, oltaiin"
low_reliability_or_unlikely,stolfi_inspired_signature,G_p|S_GBEY|T_ey,R00,13,12,4,CONTEXTUAL_ROLE_SIGNAL,0.769,0.846,0.692,"opchey, ypchey, pchey, olpchey"
low_reliability_or_unlikely,stolfi_inspired_signature,NG|S_BOL|T_ol,R06,13,13,5,CONTEXTUAL_ROLE_SIGNAL,0.769,0.846,0.846,"ychol, dchol, ochol, schol, oshol"
low_reliability_or_unlikely,stolfi_inspired_signature,NG|S_OLOL|T_m,R00,13,13,9,CONTEXTUAL_ROLE_SIGNAL,0.615,1.0,0.538,"alam, dalam, arom, cholam, damamm, darom"
low_reliability_or_unlikely,stolfi_inspired_signature,G_k|S_OL|T_m,H08,13,13,4,CONTEXTUAL_ROLE_SIGNAL,0.538,0.846,0.769,"qokam, okam, okom, qokom"
low_reliability_or_unlikely,stolfi_inspired_signature,G_t|S_BEDY|T_edy,H15,13,13,3,LOW_POWER_OR_UNSTABLE,0.462,0.692,1.0,"otchedy, qotchedy, qotshedy"
low_reliability_or_unlikely,stolfi_inspired_signature,G_k|S_GOL|T_ol,R06,12,12,5,CONTEXTUAL_ROLE_SIGNAL,0.75,0.917,0.75,"kol, ykol, chkol, olkol, qkol"
low_reliability_or_unlikely,stolfi_inspired_signature,NG|S_DOL|T_al,R00,12,12,5,CONTEXTUAL_ROLE_SIGNAL,0.5,0.833,0.75,"odal, chdal, ydal, qodal, oldal"
low_reliability_or_unlikely,stolfi_inspired_signature,NG|S_OLOLY|T_y,R00,12,12,10,CONTEXTUAL_ROLE_SIGNAL,0.5,0.833,0.417,"dalary, aloly, chololy, araly, alaly, ololary"
low_reliability_or_unlikely,stolfi_inspired_signature,NG|S_OLOL|T_ol,R00,12,12,9,CONTEXTUAL_ROLE_SIGNAL,0.5,0.917,0.75,"arol, darol, cholol, dalol, alol, dolol"
low_reliability_or_unlikely,stolfi_inspired_signature,NG|S_OLDY|T_dy,R09,12,12,6,CONTEXTUAL_ROLE_SIGNAL,0.417,0.75,0.667,"daldy, choldy, saldy, chordy, aldy, daaldy"
low_reliability_or_unlikely,stolfi_inspired_signature,G_k|S_LGOEL|T_ain,R00,11,10,1,CONTEXTUAL_ROLE_SIGNAL,1.0,1.0,1.0,lkain
low_reliability_or_unlikely,stolfi_inspired_signature,G_t|S_EXGXY|T_y,R00,11,11,4,CONTEXTUAL_ROLE_SIGNAL,0.909,1.0,0.818,"checthy, shecthy, cheecthy, oeecthy"
low_reliability_or_unlikely,stolfi_inspired_signature,G_t|S_GEDY|T_eedy,R00,11,11,4,CONTEXTUAL_ROLE_SIGNAL,0.727,0.727,0.909,"yteedy, teedy, olteedy, teeedy"
low_reliability_or_unlikely,stolfi_inspired_signature,NG|S_BDY|T_dy,R00,11,11,6,CONTEXTUAL_ROLE_SIGNAL,0.545,0.818,0.818,"dchdy, dshdy, olshdy, olchdy, ochdy, chchdy"
low_reliability_or_unlikely,stolfi_inspired_signature,NG|S_OLO|T_NONE,R00,11,11,10,CONTEXTUAL_ROLE_SIGNAL,0.545,0.818,0.545,"oaro, alo, doaro, orara, cholo, dara"
low_reliability_or_unlikely,stolfi_inspired_signature,NG|S_OL|T_n,R06,11,9,6,CONTEXTUAL_ROLE_SIGNAL,0.545,0.909,0.727,"dan, shan, chan, an, on, oran"
low_reliability_or_unlikely,stolfi_inspired_signature,NG|S_DOL|T_ar,R00,11,10,6,CONTEXTUAL_ROLE_SIGNAL,0.455,0.818,0.818,"qodar, chdar, shdar, ydar, odar, oldar"
low_reliability_or_unlikely,stolfi_inspired_signature,G_k|S_ODY|T_dy,R00,10,10,3,CONTEXTUAL_ROLE_SIGNAL,1.0,1.0,0.5,"okody, qokody, qokady"
low_reliability_or_unlikely,stolfi_inspired_signature,G_t|S_OXGXY|T_y,R00,10,10,2,CONTEXTUAL_ROLE_SIGNAL,1.0,1.0,0.8,"chocthy, shocthy"
low_reliability_or_unlikely,stolfi_inspired_signature,NG|S_LO|T_NONE,R00,10,10,4,CONTEXTUAL_ROLE_SIGNAL,1.0,1.0,1.0,"lo, olo, ro, chllo"
low_reliability_or_unlikely,stolfi_inspired_signature,G_t|S_GBOL|T_or,R06,10,10,4,CONTEXTUAL_ROLE_SIGNAL,0.9,0.9,1.0,"tchor, ytchor, chtchor, tshor"
low_reliability_or_unlikely,stolfi_inspired_signature,G_t|S_GBY|T_y,R06,10,9,4,CONTEXTUAL_ROLE_SIGNAL,0.9,1.0,1.0,"tchy, ytchy, ytshy, chtchy"
low_reliability_or_unlikely,stolfi_inspired_signature,G_t|S_GEY|T_eey,R06,10,10,4,CONTEXTUAL_ROLE_SIGNAL,0.9,0.9,0.9,"yteey, teey, yteeey, olteey"
low_reliability_or_unlikely,stolfi_inspired_signature,NG|S_DO|T_NONE,R06,10,10,3,CONTEXTUAL_ROLE_SIGNAL,0.9,1.0,0.9,"da, do, oda"
low_reliability_or_unlikely,stolfi_inspired_signature,NG|S_IL|T_in,R00,10,10,4,CONTEXTUAL_ROLE_SIGNAL,0.9,0.9,0.9,"oiin, diin, chiin, iin"
low_reliability_or_unlikely,stolfi_inspired_signature,G_k|S_GO|T_NONE,R00,10,9,7,CONTEXTUAL_ROLE_SIGNAL,0.7,0.9,0.6,"oko, qko, yka, qoko, ka, olkao"
low_reliability_or_unlikely,stolfi_inspired_signature,NG|S_ED|T_NONE,R06,10,10,4,CONTEXTUAL_ROLE_SIGNAL,0.7,0.9,0.9,"shed, ched, eeed, sheed"
low_reliability_or_unlikely,stolfi_inspired_signature,NG|S_OIEL|T_iin,R00,10,10,5,CONTEXTUAL_ROLE_SIGNAL,0.7,0.9,1.0,"aiiin, soiiin, olaiiin, chaiiin, daiiin"
low_reliability_or_unlikely,stolfi_inspired_signature,G_k|S_GEY|T_ey,R06,10,10,5,CONTEXTUAL_ROLE_SIGNAL,0.6,0.8,0.7,"ykey, key, olkey, chkey, skey"
low_reliability_or_unlikely,stolfi_inspired_signature,NG|S_BEOL|T_ol,R06,10,10,5,LOW_POWER_OR_UNSTABLE,0.6,0.6,1.0,"ycheol, olcheol, ssheol, dsheol, scheeol"
low_reliability_or_unlikely,stolfi_inspired_signature,G_k|S_LGOIL|T_aiin,R00,9,9,1,LOW_POWER_OR_UNSTABLE,1.0,1.0,1.0,lkaiin
low_reliability_or_unlikely,stolfi_inspired_signature,NG|S_BEODY|T_dy,R00,9,9,5,LOW_POWER_OR_UNSTABLE,1.0,1.0,1.0,"ycheody, dsheody, ycheeody, olcheody, dcheeody"
low_reliability_or_unlikely,stolfi_inspired_signature,NG|S_D|T_NONE,R06,9,9,2,LOW_POWER_OR_UNSTABLE,1.0,1.0,0.556,"d, dd"
low_reliability_or_unlikely,stolfi_inspired_signature,G_k|S_ED|T_NONE,H08,9,9,3,LOW_POWER_OR_UNSTABLE,0.889,1.0,0.889,"qokeed, qoked, okeed"
low_reliability_or_unlikely,stolfi_inspired_signature,G_k|S_GBEY|T_ey,R06,9,9,4,LOW_POWER_OR_UNSTABLE,0.889,1.0,0.889,"kchey, ykchey, olkshey, kshey"
low_reliability_or_unlikely,stolfi_inspired_signature,G_k|S_OXGXY|T_y,R00,9,9,4,LOW_POWER_OR_UNSTABLE,0.889,0.889,0.778,"chockhy, dackhy, shockhy, olockhy"
low_reliability_or_unlikely,stolfi_inspired_signature,G_t|S_OL|T_m,R06,9,9,2,LOW_POWER_OR_UNSTABLE,0.889,1.0,0.889,"otam, qotam"
low_reliability_or_unlikely,stolfi_inspired_signature,NG|S_EOX|T_NONE,R00,9,9,5,LOW_POWER_OR_UNSTABLE,0.889,1.0,0.667,"cheos, ios, oeeeos, sheos, oeeos"
low_reliability_or_unlikely,stolfi_inspired_signature,G_k|S_GOL|T_or,R06,9,9,4,LOW_POWER_OR_UNSTABLE,0.778,0.889,0.889,"ykor, kor, chkor, olkor"
low_reliability_or_unlikely,stolfi_inspired_signature,G_t|S_BEY|T_ey,R00,9,9,4,LOW_POWER_OR_UNSTABLE,0.778,0.778,0.889,"otchey, otshey, qotchey, qotshey"
low_reliability_or_unlikely,stolfi_inspired_signature,NG|S_EDOIL|T_aiin,R00,9,9,3,LOW_POWER_OR_UNSTABLE,0.778,0.778,1.0,"chedaiin, cheedaiin, shedaiin"
low_reliability_or_unlikely,stolfi_inspired_signature,G_t|S_EGY|T_y,R00,9,9,5,LOW_POWER_OR_UNSTABLE,0.667,0.778,0.889,"chety, sheety, ety, cheeety, cheety"
low_reliability_or_unlikely,stolfi_inspired_signature,G_k|S_BEDY|T_edy,H10,9,9,4,LOW_POWER_OR_UNSTABLE,0.556,0.556,1.0,"qokchedy, okchedy, okshedy, qokshedy"
low_reliability_or_unlikely,stolfi_inspired_signature,G_k|S_EOL|T_ar,H08,9,8,4,LOW_POWER_OR_UNSTABLE,0.556,0.889,0.778,"okear, qokear, qokeear, okeear"
low_reliability_or_unlikely,stolfi_inspired_signature,G_k|S_EO|T_NONE,R00,9,9,5,LOW_POWER_OR_UNSTABLE,0.556,0.778,0.778,"okeeo, qokeeo, okeo, qokeo, okio"
low_reliability_or_unlikely,stolfi_inspired_signature,G_k|S_GOL|T_al,R06,9,9,4,LOW_POWER_OR_UNSTABLE,0.556,0.667,1.0,"chkal, kal, ykal, olkal"
low_reliability_or_unlikely,stolfi_inspired_signature,G_k|S_OEL|T_r,H08,9,9,2,LOW_POWER_OR_UNSTABLE,0.556,1.0,0.889,"qokair, okair"
low_reliability_or_unlikely,stolfi_inspired_signature,NG|S_OLOL|T_or,R00,9,8,8,LOW_POWER_OR_UNSTABLE,0.444,0.556,1.0,"alor, dalor, daror, choror, aror, dolor"
low_reliability_or_unlikely,stolfi_inspired_signature,NG|S_OLX|T_NONE,R00,9,9,6,LOW_POWER_OR_UNSTABLE,0.333,1.0,0.667,"chols, dals, sols, als, dalg, shalg"
low_reliability_or_unlikely,stolfi_inspired_signature,G_t|S_GBOL|T_ol,R06,8,8,3,LOW_POWER_OR_UNSTABLE,1.0,1.0,0.875,"tshol, ytchol, tchol"
low_reliability_or_unlikely,stolfi_inspired_signature,G_t|S_ODY|T_dy,R00,8,8,2,LOW_POWER_OR_UNSTABLE,1.0,1.0,0.5,"otody, qotody"
low_reliability_or_unlikely,stolfi_inspired_signature,G_k|S_EGEY|T_ey,R00,8,8,5,LOW_POWER_OR_UNSTABLE,0.875,1.0,0.75,"cheekey, chekey, shekey, sheekey, oekey"
low_reliability_or_unlikely,stolfi_inspired_signature,G_k|S_EOLY|T_y,R00,8,8,4,LOW_POWER_OR_UNSTABLE,0.875,1.0,0.5,"okeoly, okeoaly, okeeoly, qokeory"
low_reliability_or_unlikely,stolfi_inspired_signature,G_t|S_OLOL|T_m,R00,8,8,4,LOW_POWER_OR_UNSTABLE,0.875,1.0,0.625,"otalam, otoram, qotalom, otaram"
low_reliability_or_unlikely,stolfi_inspired_signature,NG|S_LOEL|T_ain,R00,8,8,3,LOW_POWER_OR_UNSTABLE,0.875,0.875,1.0,"rain, lain, qorain"
low_reliability_or_unlikely,stolfi_inspired_signature,NG|S_OLOIL|T_aiin,R00,8,8,7,LOW_POWER_OR_UNSTABLE,0.875,1.0,0.75,"daraiin, solaiin, dolaiin, dalaiin, choraiin, araiin"
low_reliability_or_unlikely,stolfi_inspired_signature,G_k|S_BOL|T_or,R00,8,8,3,LOW_POWER_OR_UNSTABLE,0.75,0.75,0.75,"okchor, okshor, qokchor"
low_reliability_or_unlikely,stolfi_inspired_signature,G_k|S_EOL|T_or,R00,8,8,3,LOW_POWER_OR_UNSTABLE,0.75,1.0,0.875,"okeor, qokeor, qokeeor"
low_reliability_or_unlikely,stolfi_inspired_signature,G_p|S_GBDY|T_dy,R00,8,8,4,LOW_POWER_OR_UNSTABLE,0.75,1.0,1.0,"opchdy, qopchdy, pchdy, pshdy"
low_reliability_or_unlikely,stolfi_inspired_signature,G_t|S_GBEDY|T_edy,R06,8,8,4,LOW_POWER_OR_UNSTABLE,0.75,0.875,1.0,"tchedy, oltchedy, tshedy, ytchedy"
low_reliability_or_unlikely,stolfi_inspired_signature,G_t|S_GOEL|T_ain,R06,8,8,4,LOW_POWER_OR_UNSTABLE,0.75,0.75,1.0,"ytain, tain, chtain, oltain"
low_reliability_or_unlikely,stolfi_inspired_signature,G_k|S_EY|T_eey,H08,8,8,2,LOW_POWER_OR_UNSTABLE,0.625,0.875,0.875,"qokeeey, okeeey"
low_reliability_or_unlikely,stolfi_inspired_signature,G_t|S_GEODY|T_dy,R00,8,8,4,LOW_POWER_OR_UNSTABLE,0.625,1.0,0.5,"yteody, teody, yteeody, teeody"
low_reliability_or_unlikely,stolfi_inspired_signature,G_k|S_GBEDY|T_edy,R00,8,8,5,LOW_POWER_OR_UNSTABLE,0.5,0.75,1.0,"ykchedy, kshedy, kchedy, ykshedy, olkchedy"
low_reliability_or_unlikely,stolfi_inspired_signature,NG|S_BEOL|T_or,R00,8,8,5,LOW_POWER_OR_UNSTABLE,0.5,1.0,0.875,"ysheor, ycheor, olcheor, olsheor, dcheeor"
low_reliability_or_unlikely,stolfi_inspired_signature,NG|S_B|T_NONE,R00,8,8,2,LOW_POWER_OR_UNSTABLE,0.5,0.875,0.75,"sh, ch"
low_reliability_or_unlikely,stolfi_inspired_signature,G_p|S_GBY|T_y,R00,8,7,5,LOW_POWER_OR_UNSTABLE,0.375,0.875,0.75,"opchy, qopchy, pchy, pchshy, ypchy"
low_reliability_or_unlikely,stolfi_inspired_signature,G_k|S_EGOEL|T_ain,R00,7,7,4,LOW_POWER_OR_UNSTABLE,1.0,1.0,1.0,"chekain, cheekain, shekain, sheekain"
low_reliability_or_unlikely,stolfi_inspired_signature,G_k|S_LGEDY|T_edy,R00,7,7,1,LOW_POWER_OR_UNSTABLE,1.0,1.0,1.0,lkedy
low_reliability_or_unlikely,stolfi_inspired_signature,G_k|S_OGBY|T_y,R00,7,7,3,LOW_POWER_OR_UNSTABLE,1.0,1.0,0.857,"chokchy, shokchy, akchy"
low_reliability_or_unlikely,stolfi_inspired_signature,G_t|S_GOL|T_ar,R06,7,7,3,LOW_POWER_OR_UNSTABLE,1.0,1.0,0.714,"ytar, tar, ytoar"
low_reliability_or_unlikely,stolfi_inspired_signature,G_t|S_GOL|T_or,R06,7,7,2,LOW_POWER_OR_UNSTABLE,1.0,1.0,1.0,"tor, ytor"
low_reliability_or_unlikely,stolfi_inspired_signature,NG|S_BEDY|T_eedy,R00,7,7,6,LOW_POWER_OR_UNSTABLE,1.0,1.0,1.0,"ycheedy, dcheedy, orsheedy, osheedy, dsheedy, ysheedy"
low_reliability_or_unlikely,stolfi_inspired_signature,NG|S_EDOEL|T_ain,R00,7,7,3,LOW_POWER_OR_UNSTABLE,1.0,1.0,1.0,"chedain, shedain, oeeedain"
low_reliability_or_unlikely,stolfi_inspired_signature,NG|S_LBEY|T_eey,R00,7,7,2,LOW_POWER_OR_UNSTABLE,1.0,1.0,1.0,"lcheey, ylcheey"
low_reliability_or_unlikely,stolfi_inspired_signature,NG|S_LOLY|T_y,R00,7,7,5,LOW_POWER_OR_UNSTABLE,1.0,1.0,0.857,"loly, raly, rary, laly, lory"
low_reliability_or_unlikely,stolfi_inspired_signature,G_k|S_OLGEDY|T_eedy,R00,7,7,5,LOW_POWER_OR_UNSTABLE,0.857,0.857,1.0,"solkeedy, sholkeedy, salkeedy, alkeedy, dolkeedy"
low_reliability_or_unlikely,stolfi_inspired_signature,G_p|S_GOL|T_ar,R00,7,7,2,LOW_POWER_OR_UNSTABLE,0.857,0.857,0.857,"opar, qopar"
low_reliability_or_unlikely,stolfi_inspired_signature,G_t|S_GOL|T_ol,R06,7,7,4,LOW_POWER_OR_UNSTABLE,0.857,0.857,0.857,"tol, chtol, shtol, ytol"
low_reliability_or_unlikely,stolfi_inspired_signature,G_k|S_EOX|T_NONE,R00,7,7,4,LOW_POWER_OR_UNSTABLE,0.714,1.0,0.429,"okeos, okeeos, qokeeos, qokeog"
low_reliability_or_unlikely,stolfi_inspired_signature,G_k|S_GOLDY|T_dy,R06,7,7,3,LOW_POWER_OR_UNSTABLE,0.714,0.857,0.857,"koldy, chkoldy, ykoldy"
low_reliability_or_unlikely,stolfi_inspired_signature,NG|S_LBEDY|T_eedy,R00,7,6,5,LOW_POWER_OR_UNSTABLE,0.714,0.714,1.0,"lsheedy, qolsheedy, qolcheedy, rsheedy, lcheedy"
low_reliability_or_unlikely,stolfi_inspired_signature,G_k|S_EOD|T_NONE,R00,7,7,3,LOW_POWER_OR_UNSTABLE,0.571,1.0,0.571,"okeod, qokeod, qokeeod"
low_reliability_or_unlikely,stolfi_inspired_signature,G_k|S_EX|T_NONE,R00,7,7,4,LOW_POWER_OR_UNSTABLE,0.571,1.0,1.0,"okees, qokees, qokeg, okeees"
low_reliability_or_unlikely,stolfi_inspired_signature,NG|S_ODOL|T_ar,R06,7,7,2,LOW_POWER_OR_UNSTABLE,0.571,1.0,0.714,"sodar, chodar"
low_reliability_or_unlikely,stolfi_inspired_signature,NG|S_OIL|T_r,R06,7,7,5,LOW_POWER_OR_UNSTABLE,0.571,0.714,0.429,"daiir, aiir, oaiir, saiir, doiir"
low_reliability_or_unlikely,stolfi_inspired_signature,G_k|S_GOLY|T_y,R06,6,6,3,LOW_POWER_OR_UNSTABLE,1.0,1.0,0.5,"ykaly, kary, ykoly"
low_reliability_or_unlikely,stolfi_inspired_signature,G_k|S_LGY|T_y,R00,6,6,2,LOW_POWER_OR_UNSTABLE,1.0,1.0,1.0,"lky, rky"
low_reliability_or_unlikely,stolfi_inspired_signature,G_k|S_XGXDY|T_dy,R00,6,6,2,LOW_POWER_OR_UNSTABLE,1.0,1.0,1.0,"chckhdy, shckhdy"
low_reliability_or_unlikely,stolfi_inspired_signature,G_t|S_GBEY|T_ey,R06,6,6,3,LOW_POWER_OR_UNSTABLE,1.0,1.0,0.833,"ytchey, tchey, tshey"
low_reliability_or_unlikely,stolfi_inspired_signature,G_t|S_GEOL|T_ol,R06,6,6,3,LOW_POWER_OR_UNSTABLE,1.0,1.0,1.0,"teol, yteol, teeol"
low_reliability_or_unlikely,stolfi_inspired_signature,G_t|S_OGY|T_y,R00,6,6,1,LOW_POWER_OR_UNSTABLE,1.0,1.0,1.0,choty
low_reliability_or_unlikely,stolfi_inspired_signature,NG|S_EY|T_eey,R00,6,6,4,LOW_POWER_OR_UNSTABLE,1.0,1.0,1.0,"qeeey, oeeey, oreeey, eeey"
low_reliability_or_unlikely,stolfi_inspired_signature,NG|S_LOL|T_ar,R00,6,6,2,LOW_POWER_OR_UNSTABLE,1.0,1.0,1.0,"rar, loar"
low_reliability_or_unlikely,stolfi_inspired_signature,NG|S_LX|T_NONE,R00,6,6,4,LOW_POWER_OR_UNSTABLE,1.0,1.0,0.667,"ols, org, olz, ls"
low_reliability_or_unlikely,stolfi_inspired_signature,G_k|S_OLBY|T_y,R00,6,6,4,LOW_POWER_OR_UNSTABLE,0.833,0.833,0.5,"okalchy, okolshy, okolchy, okarchy"
low_reliability_or_unlikely,stolfi_inspired_signature,G_k|S_OLOL|T_ar,R00,6,6,3,LOW_POWER_OR_UNSTABLE,0.833,1.0,0.833,"okolar, okalar, qokalar"
low_reliability_or_unlikely,stolfi_inspired_signature,G_k|S_XGXOL|T_ol,R00,6,6,4,LOW_POWER_OR_UNSTABLE,0.833,0.833,0.833,"ckhol, chckhol, ockhol, qockhol"
low_reliability_or_unlikely,stolfi_inspired_signature,G_t|S_GOL|T_m,R06,6,6,3,LOW_POWER_OR_UNSTABLE,0.833,1.0,1.0,"ytam, tam, chtam"
low_reliability_or_unlikely,stolfi_inspired_signature,NG|S_BEO|T_NONE,R06,6,6,4,LOW_POWER_OR_UNSTABLE,0.833,0.833,1.0,"ycheo, ycheeo, olcheo, dsheeo"
low_reliability_or_unlikely,stolfi_inspired_signature,NG|S_BL|T_l,R00,6,6,2,LOW_POWER_OR_UNSTABLE,0.833,0.833,1.0,"chl, dchl"
low_reliability_or_unlikely,stolfi_inspired_signature,NG|S_OY|T_y,R00,6,5,4,LOW_POWER_OR_UNSTABLE,0.833,0.833,1.0,"choy, oy, soy, qoy"
low_reliability_or_unlikely,stolfi_inspired_signature,G_k|S_EBY|T_y,H08,6,6,3,LOW_POWER_OR_UNSTABLE,0.667,1.0,0.833,"qokechy, okeshy, okechy"
low_reliability_or_unlikely,stolfi_inspired_signature,G_k|S_GBOL|T_ol,R07,6,6,2,LOW_POWER_OR_UNSTABLE,0.667,0.667,1.0,"ykchol, kchol"
low_reliability_or_unlikely,stolfi_inspired_signature,G_k|S_GOL|T_m,R00,6,6,2,LOW_POWER_OR_UNSTABLE,0.667,1.0,1.0,"olkam, ykam"
low_reliability_or_unlikely,stolfi_inspired_signature,G_k|S_XGXEDY|T_edy,R00,6,6,5,LOW_POWER_OR_UNSTABLE,0.667,0.667,1.0,"qockhedy, qckhedy, shckhedy, chckhedy, ockhedy"
low_reliability_or_unlikely,stolfi_inspired_signature,G_t|S_BOL|T_ol,R07,6,6,2,LOW_POWER_OR_UNSTABLE,0.667,0.667,1.0,"otchol, qotchol"
low_reliability_or_unlikely,stolfi_inspired_signature,G_t|S_EODY|T_dy,R01,6,6,3,LOW_POWER_OR_UNSTABLE,0.667,1.0,0.833,"oteody, qoteeody, qoteody"
low_reliability_or_unlikely,stolfi_inspired_signature,G_t|S_EOL|T_ol,H13,6,6,3,LOW_POWER_OR_UNSTABLE,0.667,1.0,0.833,"qoteol, oteol, qoteeol"
low_reliability_or_unlikely,stolfi_inspired_signature,G_k|S_EG|T_NONE,R00,6,6,3,LOW_POWER_OR_UNSTABLE,0.5,1.0,0.5,"chek, shek, sheek"
low_reliability_or_unlikely,stolfi_inspired_signature,NG|S_DOL|T_m,R00,6,6,3,LOW_POWER_OR_UNSTABLE,0.5,0.833,0.833,"ydam, oldam, odam"
low_reliability_or_unlikely,stolfi_inspired_signature,NG|S_OLOL|T_ar,R00,6,6,6,LOW_POWER_OR_UNSTABLE,0.5,0.833,0.667,"oaorar, cholar, dalar, arar, darar, oralar"
low_reliability_or_unlikely,stolfi_inspired_signature,G_f|S_G|T_NONE,R06,5,5,1,LOW_POWER_OR_UNSTABLE,1.0,1.0,0.8,f
low_reliability_or_unlikely,stolfi_inspired_signature,G_k|S_LGOL|T_ar,R00,5,5,1,LOW_POWER_OR_UNSTABLE,1.0,1.0,1.0,lkar
low_reliability_or_unlikely,stolfi_inspired_signature,G_k|S_OXGXEY|T_ey,R00,5,5,2,LOW_POWER_OR_UNSTABLE,1.0,1.0,0.8,"chockhey, shockhey"
low_reliability_or_unlikely,stolfi_inspired_signature,G_k|S_XGXOIL|T_aiin,R00,5,5,2,LOW_POWER_OR_UNSTABLE,1.0,1.0,1.0,"ckhaiin, chckhaiin"
low_reliability_or_unlikely,stolfi_inspired_signature,G_k|S_XGXOL|T_or,R00,5,5,2,LOW_POWER_OR_UNSTABLE,1.0,1.0,1.0,"ckhor, chckhor"
low_reliability_or_unlikely,stolfi_inspired_signature,G_p|S_XGXY|T_y,R00,5,5,2,LOW_POWER_OR_UNSTABLE,1.0,1.0,0.6,"cphy, ocphy"
low_reliability_or_unlikely,stolfi_inspired_signature,G_t|S_OLDY|T_dy,R00,5,5,2,LOW_POWER_OR_UNSTABLE,1.0,1.0,0.6,"otaldy, otardy"
low_reliability_or_unlikely,stolfi_inspired_signature,NG|S_E|T_NONE,R00,5,5,1,LOW_POWER_OR_UNSTABLE,1.0,1.0,0.8,e
low_reliability_or_unlikely,stolfi_inspired_signature,NG|S_LBDY|T_dy,R00,5,5,2,LOW_POWER_OR_UNSTABLE,1.0,1.0,1.0,"lchdy, rshdy"
low_reliability_or_unlikely,stolfi_inspired_signature,G_f|S_GBEDY|T_edy,R00,5,5,5,LOW_POWER_OR_UNSTABLE,0.8,1.0,1.0,"olfchedy, ofchedy, qofchedy, yfchedy, fchedy"
low_reliability_or_unlikely,stolfi_inspired_signature,G_k|S_GBDY|T_dy,R00,5,5,3,LOW_POWER_OR_UNSTABLE,0.8,0.8,0.6,"ykchdy, olkshdy, kchdy"
low_reliability_or_unlikely,stolfi_inspired_signature,G_k|S_GEOL|T_or,R06,5,5,3,LOW_POWER_OR_UNSTABLE,0.8,0.8,0.8,"ykeeor, ykeor, chkeor"
low_reliability_or_unlikely,stolfi_inspired_signature,G_k|S_GOEL|T_r,R06,5,5,4,LOW_POWER_OR_UNSTABLE,0.8,0.8,1.0,"ykair, olkair, kair, dkair"
low_reliability_or_unlikely,stolfi_inspired_signature,G_k|S_OL|T_n,H08,5,5,2,LOW_POWER_OR_UNSTABLE,0.8,1.0,1.0,"qokan, okan"
low_reliability_or_unlikely,stolfi_inspired_signature,G_p|S_GBEDY|T_eedy,R00,5,5,4,LOW_POWER_OR_UNSTABLE,0.8,0.8,1.0,"opcheedy, psheedy, qopcheedy, pcheedy"
low_reliability_or_unlikely,stolfi_inspired_signature,NG|S_BX|T_NONE,R00,5,5,2,LOW_POWER_OR_UNSTABLE,0.8,1.0,0.8,"chs, dchg"
low_reliability_or_unlikely,stolfi_inspired_signature,NG|S_DOEL|T_ain,R00,5,5,3,LOW_POWER_OR_UNSTABLE,0.8,1.0,0.8,"chdain, odain, qodain"
low_reliability_or_unlikely,stolfi_inspired_signature,NG|S_EOLY|T_y,R00,5,5,5,LOW_POWER_OR_UNSTABLE,0.8,1.0,0.6,"cheory, cheary, cheoly, oeeoly, sheoly"
low_reliability_or_unlikely,stolfi_inspired_signature,NG|S_OD|T_NONE,R00,5,5,3,LOW_POWER_OR_UNSTABLE,0.8,1.0,0.8,"qod, shod, od"
low_reliability_or_unlikely,stolfi_inspired_signature,NG|S_OLBEY|T_ey,R00,5,5,5,LOW_POWER_OR_UNSTABLE,0.8,1.0,0.8,"dalshey, darchey, solshey, alchey, solchey"
low_reliability_or_unlikely,stolfi_inspired_signature,NG|S_OLODY|T_dy,R00,5,5,3,LOW_POWER_OR_UNSTABLE,0.8,1.0,1.0,"arody, darody, oralody"
low_reliability_or_unlikely,stolfi_inspired_signature,G_k|S_GEX|T_NONE,R06,5,5,3,LOW_POWER_OR_UNSTABLE,0.6,1.0,0.6,"ykees, olkees, ykeeb"
low_reliability_or_unlikely,stolfi_inspired_signature,G_k|S_OG|T_NONE,R00,5,5,4,LOW_POWER_OR_UNSTABLE,0.6,1.0,0.6,"chok, shok, ok, qok"
low_reliability_or_unlikely,stolfi_inspired_signature,G_t|S_EDOL|T_al,R09,5,5,3,LOW_POWER_OR_UNSTABLE,0.6,0.6,1.0,"otedal, qotedal, oteedal"
low_reliability_or_unlikely,stolfi_inspired_signature,G_t|S_ED|T_NONE,H13,5,5,3,LOW_POWER_OR_UNSTABLE,0.6,0.8,1.0,"qoted, oteed, qoteed"
low_reliability_or_unlikely,stolfi_inspired_signature,G_t|S_GODY|T_dy,R00,5,5,3,LOW_POWER_OR_UNSTABLE,0.6,1.0,0.6,"tody, ytody, chtody"
low_reliability_or_unlikely,stolfi_inspired_signature,G_t|S_OEL|T_r,R00,5,5,2,LOW_POWER_OR_UNSTABLE,0.6,0.8,0.8,"otair, qotair"
low_reliability_or_unlikely,stolfi_inspired_signature,G_t|S_OG|T_NONE,R00,5,5,3,LOW_POWER_OR_UNSTABLE,0.6,1.0,0.8,"qot, ot, chot"
low_reliability_or_unlikely,stolfi_inspired_signature,G_t|S_YGY|T_y,R06,5,5,3,LOW_POWER_OR_UNSTABLE,0.6,0.6,1.0,"chyty, dyty, syty"
low_reliability_or_unlikely,stolfi_inspired_signature,NG|S_EDOL|T_al,R06,5,5,2,LOW_POWER_OR_UNSTABLE,0.6,1.0,0.8,"shedal, chedal"
low_reliability_or_unlikely,stolfi_inspired_signature,NG|S_OELOL|T_al,R06,5,5,2,LOW_POWER_OR_UNSTABLE,0.6,0.8,0.6,"dairal, airal"
low_reliability_or_unlikely,stolfi_inspired_signature,NG|S_OILY|T_y,R06,5,5,4,LOW_POWER_OR_UNSTABLE,0.6,1.0,0.4,"daiiny, oraiiny, olaiiny, saiiny"
low_reliability_or_unlikely,stolfi_inspired_signature,NG|S_OLDOIL|T_aiin,R10,5,5,5,LOW_POWER_OR_UNSTABLE,0.4,0.8,0.8,"doldaiin, choldaiin, aldaiin, daldaiin, sholdaiin"
low_reliability_or_unlikely,stolfi_inspired_signature,G_k|S_EDOL|T_ar,H08,4,4,2,LOW_POWER_OR_UNSTABLE,1.0,1.0,1.0,"qokedar, qokeedar"
low_reliability_or_unlikely,stolfi_inspired_signature,G_k|S_EGBDY|T_dy,R00,4,4,2,LOW_POWER_OR_UNSTABLE,1.0,1.0,0.75,"qekchdy, oekchdy"
low_reliability_or_unlikely,stolfi_inspired_signature,G_k|S_EGEDY|T_eedy,R00,4,4,2,LOW_POWER_OR_UNSTABLE,1.0,1.0,1.0,"chekeedy, oekeedy"
low_reliability_or_unlikely,stolfi_inspired_signature,G_k|S_GODY|T_dy,R06,4,4,1,LOW_POWER_OR_UNSTABLE,1.0,1.0,0.75,kody
low_reliability_or_unlikely,stolfi_inspired_signature,G_k|S_OGOEL|T_ain,R00,4,4,3,LOW_POWER_OR_UNSTABLE,1.0,1.0,1.0,"chokain, shokain, akain"
low_reliability_or_unlikely,stolfi_inspired_signature,G_k|S_OGOIL|T_aiin,R10,4,4,2,LOW_POWER_OR_UNSTABLE,1.0,1.0,1.0,"shokaiin, chokaiin"
low_reliability_or_unlikely,stolfi_inspired_signature,G_k|S_OLGOEL|T_ain,R00,4,4,2,LOW_POWER_OR_UNSTABLE,1.0,1.0,1.0,"solkain, alkain"
low_reliability_or_unlikely,stolfi_inspired_signature,G_k|S_OLO|T_NONE,R00,4,4,3,LOW_POWER_OR_UNSTABLE,1.0,1.0,0.5,"okolo, okala, okalo"
low_reliability_or_unlikely,stolfi_inspired_signature,G_p|S_XGXOL|T_ol,R00,4,4,1,LOW_POWER_OR_UNSTABLE,1.0,1.0,1.0,cphol
low_reliability_or_unlikely,stolfi_inspired_signature,G_t|S_BEODY|T_dy,R00,4,4,2,LOW_POWER_OR_UNSTABLE,1.0,1.0,0.75,"otcheody, otsheody"
low_reliability_or_unlikely,stolfi_inspired_signature,G_t|S_GOEL|T_r,R06,4,4,1,LOW_POWER_OR_UNSTABLE,1.0,1.0,1.0,tair
low_reliability_or_unlikely,stolfi_inspired_signature,G_t|S_OGOL|T_al,R00,4,4,1,LOW_POWER_OR_UNSTABLE,1.0,1.0,0.75,chotal
low_reliability_or_unlikely,stolfi_inspired_signature,G_t|S_XGXOIL|T_aiin,R04,4,4,1,LOW_POWER_OR_UNSTABLE,1.0,1.0,1.0,cthaiin
low_reliability_or_unlikely,stolfi_inspired_signature,G_t|S_XGXOLY|T_y,R04,4,4,3,LOW_POWER_OR_UNSTABLE,1.0,1.0,1.0,"cthory, cthoary, ctholy"
low_reliability_or_unlikely,stolfi_inspired_signature,G_t|S_YDY|T_dy,R00,4,4,2,LOW_POWER_OR_UNSTABLE,1.0,1.0,0.75,"qotydy, otydy"
low_reliability_or_unlikely,stolfi_inspired_signature,NG|S_BOIL|T_aiin,R00,4,4,3,LOW_POWER_OR_UNSTABLE,1.0,1.0,1.0,"dchaiin, ochaiin, schaiin"
low_reliability_or_unlikely,stolfi_inspired_signature,NG|S_EDOL|T_ar,R00,4,4,1,LOW_POWER_OR_UNSTABLE,1.0,1.0,1.0,chedar
low_reliability_or_unlikely,stolfi_inspired_signature,NG|S_EOLDY|T_dy,R00,4,4,3,LOW_POWER_OR_UNSTABLE,1.0,1.0,0.75,"cheoldy, sheoldy, sheeoldy"
low_reliability_or_unlikely,stolfi_inspired_signature,NG|S_LBY|T_y,R00,4,4,2,LOW_POWER_OR_UNSTABLE,1.0,1.0,1.0,"lchy, rchy"
low_reliability_or_unlikely,stolfi_inspired_signature,NG|S_LDY|T_dy,R00,4,4,2,LOW_POWER_OR_UNSTABLE,1.0,1.0,1.0,"ldy, qoldy"
low_reliability_or_unlikely,stolfi_inspired_signature,NG|S_LOL|T_al,R00,4,4,1,LOW_POWER_OR_UNSTABLE,1.0,1.0,1.0,ral
low_reliability_or_unlikely,stolfi_inspired_signature,NG|S_LOL|T_m,R00,4,4,3,LOW_POWER_OR_UNSTABLE,1.0,1.0,1.0,"ram, lam, chlam"
low_reliability_or_unlikely,stolfi_inspired_signature,NG|S_OEL|T_m,R06,4,4,2,LOW_POWER_OR_UNSTABLE,1.0,1.0,0.5,"daim, saim"
low_reliability_or_unlikely,stolfi_inspired_signature,NG|S_QO|T_NONE,H07,4,4,1,LOW_POWER_OR_UNSTABLE,1.0,1.0,1.0,qo
low_reliability_or_unlikely,stolfi_inspired_signature,NG|S_XE|T_e,R06,4,4,1,LOW_POWER_OR_UNSTABLE,1.0,1.0,0.75,she
low_reliability_or_unlikely,stolfi_inspired_signature,G_f|S_GBOL|T_or,R06,4,3,4,LOW_POWER_OR_UNSTABLE,0.75,0.75,1.0,"fshor, yfchor, olfchor, fchor"
low_reliability_or_unlikely,stolfi_inspired_signature,G_k|S_BD|T_NONE,H08,4,4,3,LOW_POWER_OR_UNSTABLE,0.75,1.0,1.0,"qokchd, qokshd, okchd"
low_reliability_or_unlikely,stolfi_inspired_signature,G_k|S_EOL|T_al,R00,4,4,2,LOW_POWER_OR_UNSTABLE,0.75,0.75,0.75,"okeal, qokeeal"
low_reliability_or_unlikely,stolfi_inspired_signature,G_k|S_GBOL|T_or,R06,4,4,2,LOW_POWER_OR_UNSTABLE,0.75,0.75,1.0,"kchor, shkchor"
low_reliability_or_unlikely,stolfi_inspired_signature,G_k|S_OGOL|T_ar,R06,4,4,3,LOW_POWER_OR_UNSTABLE,0.75,0.75,1.0,"shokar, sokar, chokar"
low_reliability_or_unlikely,stolfi_inspired_signature,G_k|S_OLGOIL|T_aiin,R07,4,4,2,LOW_POWER_OR_UNSTABLE,0.75,0.75,1.0,"cholkaiin, alkaiin"
low_reliability_or_unlikely,stolfi_inspired_signature,G_t|S_GOLOL|T_ol,R06,4,3,4,LOW_POWER_OR_UNSTABLE,0.75,1.0,0.75,"tolol, chtorol, talol, tarol"
low_reliability_or_unlikely,stolfi_inspired_signature,G_t|S_XGXO|T_NONE,R04,4,4,3,LOW_POWER_OR_UNSTABLE,0.75,1.0,0.75,"ctho, chctho, octho"
low_reliability_or_unlikely,stolfi_inspired_signature,NG|S_DEY|T_eey,R00,4,4,3,LOW_POWER_OR_UNSTABLE,0.75,1.0,0.75,"odeey, qodeey, odeeey"
low_reliability_or_unlikely,stolfi_inspired_signature,NG|S_EOD|T_NONE,R06,4,4,3,LOW_POWER_OR_UNSTABLE,0.75,1.0,0.75,"sheod, cheod, sheeod"
low_reliability_or_unlikely,stolfi_inspired_signature,NG|S_L|T_r,R00,4,4,3,LOW_POWER_OR_UNSTABLE,0.75,0.75,1.0,"olr, lr, qolr"
low_reliability_or_unlikely,stolfi_inspired_signature,NG|S_OBY|T_y,R06,4,4,4,LOW_POWER_OR_UNSTABLE,0.75,0.75,1.0,"chochy, soshy, shoshy, sachy"
low_reliability_or_unlikely,stolfi_inspired_signature,NG|S_OELY|T_y,R06,4,4,3,LOW_POWER_OR_UNSTABLE,0.75,0.75,1.0,"sairy, dainy, olainy"
low_reliability_or_unlikely,stolfi_inspired_signature,NG|S_OIL|T_aiin,R06,4,4,3,LOW_POWER_OR_UNSTABLE,0.75,1.0,0.75,"soaiin, oloaiin, doaiin"
low_reliability_or_unlikely,stolfi_inspired_signature,G_f|S_GOLY|T_y,R00,4,4,4,LOW_POWER_OR_UNSTABLE,0.5,0.75,0.75,"fary, chfaly, yfary, ofary"
low_reliability_or_unlikely,stolfi_inspired_signature,G_k|S_BO|T_NONE,H08,4,4,3,LOW_POWER_OR_UNSTABLE,0.5,0.75,1.0,"qokcho, oksho, okcho"
low_reliability_or_unlikely,stolfi_inspired_signature,G_k|S_EGOL|T_al,R00,4,4,2,LOW_POWER_OR_UNSTABLE,0.5,0.75,0.75,"shekal, chekal"
low_reliability_or_unlikely,stolfi_inspired_signature,G_p|S_GBEOL|T_or,R00,4,3,3,LOW_POWER_OR_UNSTABLE,0.5,0.75,0.75,"pcheor, opcheor, chpcheor"
low_reliability_or_unlikely,stolfi_inspired_signature,G_p|S_GBOL|T_ar,R00,4,4,3,LOW_POWER_OR_UNSTABLE,0.5,1.0,0.75,"opchar, pchar, pshar"
low_reliability_or_unlikely,stolfi_inspired_signature,G_p|S_GOIL|T_aiin,R00,4,4,2,LOW_POWER_OR_UNSTABLE,0.5,0.75,0.75,"ypaiin, opaiin"
low_reliability_or_unlikely,stolfi_inspired_signature,G_p|S_GOLY|T_y,R00,4,4,4,LOW_POWER_OR_UNSTABLE,0.5,1.0,0.75,"poaly, opoly, opary, poly"
low_reliability_or_unlikely,stolfi_inspired_signature,G_t|S_GEY|T_ey,R00,4,4,3,LOW_POWER_OR_UNSTABLE,0.5,1.0,0.75,"ytey, oltey, chtey"
low_reliability_or_unlikely,stolfi_inspired_signature,G_t|S_GO|T_NONE,R00,4,4,4,LOW_POWER_OR_UNSTABLE,0.5,1.0,0.5,"qoto, yto, oto, to"
low_reliability_or_unlikely,stolfi_inspired_signature,G_t|S_XGXEDY|T_edy,R04,4,4,3,LOW_POWER_OR_UNSTABLE,0.5,1.0,1.0,"chcthedy, octhedy, qocthedy"
low_reliability_or_unlikely,stolfi_inspired_signature,NG|S_EDOL|T_m,R00,4,4,2,LOW_POWER_OR_UNSTABLE,0.5,0.75,1.0,"shedam, chedam"
low_reliability_or_unlikely,stolfi_inspired_signature,G_f|S_XGXY|T_y,R00,3,3,1,LOW_POWER_OR_UNSTABLE,1.0,1.0,1.0,cfhy
low_reliability_or_unlikely,stolfi_inspired_signature,G_k|S_BEO|T_NONE,H08,3,3,2,LOW_POWER_OR_UNSTABLE,1.0,1.0,1.0,"qokcheo, qoksheo"
low_reliability_or_unlikely,stolfi_inspired_signature,G_k|S_BODY|T_dy,R00,3,3,2,LOW_POWER_OR_UNSTABLE,1.0,1.0,0.667,"okchody, okshody"
low_reliability_or_unlikely,stolfi_inspired_signature,G_k|S_EGODY|T_dy,R00,3,3,2,LOW_POWER_OR_UNSTABLE,1.0,1.0,0.667,"chekody, shekody"
low_reliability_or_unlikely,stolfi_inspired_signature,G_k|S_EOXGXY|T_y,R00,3,3,2,LOW_POWER_OR_UNSTABLE,1.0,1.0,1.0,"cheockhy, sheockhy"
low_reliability_or_unlikely,stolfi_inspired_signature,G_k|S_EXGXEY|T_ey,R00,3,3,1,LOW_POWER_OR_UNSTABLE,1.0,1.0,1.0,checkhey
low_reliability_or_unlikely,stolfi_inspired_signature,G_k|S_GBOIL|T_aiin,R00,3,3,1,LOW_POWER_OR_UNSTABLE,1.0,1.0,1.0,kchaiin
low_reliability_or_unlikely,stolfi_inspired_signature,G_k|S_GBO|T_NONE,R06,3,3,3,LOW_POWER_OR_UNSTABLE,1.0,1.0,1.0,"ksho, kcho, ykcho"
low_reliability_or_unlikely,stolfi_inspired_signature,G_k|S_GL|T_l,R00,3,3,1,LOW_POWER_OR_UNSTABLE,1.0,1.0,1.0,qokl
low_reliability_or_unlikely,stolfi_inspired_signature,G_k|S_GOLOIL|T_aiin,R00,3,3,3,LOW_POWER_OR_UNSTABLE,1.0,1.0,1.0,"ykolaiin, olkalaiin, ykaraiin"
low_reliability_or_unlikely,stolfi_inspired_signature,G_k|S_G|T_NONE,R06,3,3,1,LOW_POWER_OR_UNSTABLE,1.0,1.0,1.0,k
low_reliability_or_unlikely,stolfi_inspired_signature,G_k|S_LGBEDY|T_edy,R00,3,3,1,LOW_POWER_OR_UNSTABLE,1.0,1.0,1.0,lkchedy
low_reliability_or_unlikely,stolfi_inspired_signature,G_k|S_LGEOL|T_ol,R00,3,3,2,LOW_POWER_OR_UNSTABLE,1.0,1.0,1.0,"lkeol, lkeeol"
low_reliability_or_unlikely,stolfi_inspired_signature,G_k|S_OX|T_NONE,R00,3,3,2,LOW_POWER_OR_UNSTABLE,1.0,1.0,1.0,"okos, okas"
low_reliability_or_unlikely,stolfi_inspired_signature,G_k|S_XGX|T_NONE,R00,3,3,3,LOW_POWER_OR_UNSTABLE,1.0,1.0,1.0,"ckh, chckh, ckhs"
low_reliability_or_unlikely,stolfi_inspired_signature,G_k|S_YDY|T_dy,R00,3,3,2,LOW_POWER_OR_UNSTABLE,1.0,1.0,0.667,"okydy, qokydy"
low_reliability_or_unlikely,stolfi_inspired_signature,G_p|S_GBOL|T_ol,R06,3,3,2,LOW_POWER_OR_UNSTABLE,1.0,1.0,0.667,"pshol, pchol"
low_reliability_or_unlikely,stolfi_inspired_signature,G_p|S_GY|T_y,R00,3,3,1,LOW_POWER_OR_UNSTABLE,1.0,1.0,1.0,opy
low_reliability_or_unlikely,stolfi_inspired_signature,G_p|S_G|T_NONE,R06,3,3,1,LOW_POWER_OR_UNSTABLE,1.0,1.0,0.667,p
low_reliability_or_unlikely,stolfi_inspired_signature,G_tk|S_OGY|T_y,R00,3,3,1,LOW_POWER_OR_UNSTABLE,1.0,1.0,0.667,otoky
low_reliability_or_unlikely,stolfi_inspired_signature,G_t|S_BOL|T_or,R00,3,3,2,LOW_POWER_OR_UNSTABLE,1.0,1.0,1.0,"otchor, otshor"
low_reliability_or_unlikely,stolfi_inspired_signature,G_t|S_DY|T_y,R00,3,3,1,LOW_POWER_OR_UNSTABLE,1.0,1.0,0.667,otdy
low_reliability_or_unlikely,stolfi_inspired_signature,G_t|S_EGOL|T_ar,R00,3,3,1,LOW_POWER_OR_UNSTABLE,1.0,1.0,0.667,chetar
low_reliability_or_unlikely,stolfi_inspired_signature,G_t|S_EOL|T_or,R01,3,3,2,LOW_POWER_OR_UNSTABLE,1.0,1.0,1.0,"oteeor, oteor"
low_reliability_or_unlikely,stolfi_inspired_signature,G_t|S_GBOLY|T_y,R06,3,3,3,LOW_POWER_OR_UNSTABLE,1.0,1.0,1.0,"tchaly, tchory, tcholy"
low_reliability_or_unlikely,stolfi_inspired_signature,G_t|S_GEDOL|T_ar,R06,3,3,2,LOW_POWER_OR_UNSTABLE,1.0,1.0,1.0,"ytedar, teedar"
low_reliability_or_unlikely,stolfi_inspired_signature,G_t|S_GOL|T_al,R06,3,3,2,LOW_POWER_OR_UNSTABLE,1.0,1.0,0.333,"ytal, tal"
low_reliability_or_unlikely,stolfi_inspired_signature,G_t|S_OLOIL|T_aiin,R00,3,3,2,LOW_POWER_OR_UNSTABLE,1.0,1.0,0.667,"otalaiin, otaraiin"
low_reliability_or_unlikely,stolfi_inspired_signature,G_t|S_XGXDY|T_dy,R04,3,3,2,LOW_POWER_OR_UNSTABLE,1.0,1.0,1.0,"chcthdy, olcthdy"
low_reliability_or_unlikely,stolfi_inspired_signature,G_t|S_XGXOEL|T_ain,R04,3,2,2,LOW_POWER_OR_UNSTABLE,1.0,1.0,1.0,"cthain, chcthain"
low_reliability_or_unlikely,stolfi_inspired_signature,G_t|S_XGXOL|T_ar,R04,3,3,2,LOW_POWER_OR_UNSTABLE,1.0,1.0,1.0,"cthar, chcthar"
low_reliability_or_unlikely,stolfi_inspired_signature,NG|S_BEDOL|T_al,R09,3,3,3,LOW_POWER_OR_UNSTABLE,1.0,1.0,0.667,"dchedal, ochedal, ychedal"
low_reliability_or_unlikely,stolfi_inspired_signature,NG|S_DL|T_l,R06,3,3,1,LOW_POWER_OR_UNSTABLE,1.0,1.0,1.0,dl
low_reliability_or_unlikely,stolfi_inspired_signature,NG|S_EODOEL|T_ain,R00,3,3,2,LOW_POWER_OR_UNSTABLE,1.0,1.0,1.0,"cheodain, sheeodain"
low_reliability_or_unlikely,stolfi_inspired_signature,NG|S_EODOIL|T_aiin,R10,3,3,2,LOW_POWER_OR_UNSTABLE,1.0,1.0,0.333,"cheodaiin, oeeodaiin"
low_reliability_or_unlikely,stolfi_inspired_signature,NG|S_LBOL|T_or,R00,3,3,2,LOW_POWER_OR_UNSTABLE,1.0,1.0,1.0,"lchor, lshor"
low_reliability_or_unlikely,stolfi_inspired_signature,NG|S_L|T_l,R00,3,3,2,LOW_POWER_OR_UNSTABLE,1.0,1.0,1.0,"chll, rl"
low_reliability_or_unlikely,stolfi_inspired_signature,NG|S_OEL|T_l,R06,3,3,2,LOW_POWER_OR_UNSTABLE,1.0,1.0,1.0,"dail, dairl"
low_reliability_or_unlikely,stolfi_inspired_signature,NG|S_OI|T_NONE,R06,3,3,2,LOW_POWER_OR_UNSTABLE,1.0,1.0,0.667,"saii, daii"
low_reliability_or_unlikely,stolfi_inspired_signature,NG|S_OLD|T_NONE,R00,3,3,3,LOW_POWER_OR_UNSTABLE,1.0,1.0,0.667,"chald, orald, ald"
low_reliability_or_unlikely,stolfi_inspired_signature,NG|S_OLOEL|T_ain,R06,3,3,3,LOW_POWER_OR_UNSTABLE,1.0,1.0,1.0,"sorain, dorain, yorain"
low_reliability_or_unlikely,stolfi_inspired_signature,NG|S_XL|T_l,R06,3,3,1,LOW_POWER_OR_UNSTABLE,1.0,1.0,1.0,shl
low_reliability_or_unlikely,stolfi_inspired_signature,NG|S_XOIL|T_aiin,R00,3,3,2,LOW_POWER_OR_UNSTABLE,1.0,1.0,0.667,"olsaiin, osaiin"
low_reliability_or_unlikely,stolfi_inspired_signature,G_f|S_GOL|T_ar,R00,3,3,2,LOW_POWER_OR_UNSTABLE,0.667,1.0,0.667,"ofar, far"
low_reliability_or_unlikely,stolfi_inspired_signature,G_k|S_BOL|T_ol,R07,3,3,2,LOW_POWER_OR_UNSTABLE,0.667,0.667,0.667,"okchol, qokshol"
low_reliability_or_unlikely,stolfi_inspired_signature,G_k|S_EBEY|T_ey,H08,3,3,3,LOW_POWER_OR_UNSTABLE,0.667,1.0,0.667,"okechey, qokechey, qokeshey"
low_reliability_or_unlikely,stolfi_inspired_signature,G_k|S_EDOEL|T_ain,R00,3,3,3,LOW_POWER_OR_UNSTABLE,0.667,0.667,1.0,"okedain, qokedain, okeedain"
low_reliability_or_unlikely,stolfi_inspired_signature,G_k|S_GBDOL|T_ar,R00,3,3,3,LOW_POWER_OR_UNSTABLE,0.667,1.0,0.667,"chkchdar, ykchdar, kchdar"
low_reliability_or_unlikely,stolfi_inspired_signature,G_k|S_GEO|T_NONE,R06,3,3,3,LOW_POWER_OR_UNSTABLE,0.667,1.0,1.0,"keeo, ykeo, olkeeo"
low_reliability_or_unlikely,stolfi_inspired_signature,G_k|S_OGEY|T_ey,R00,3,3,3,LOW_POWER_OR_UNSTABLE,0.667,1.0,0.667,"chokey, shokey, akey"
low_reliability_or_unlikely,stolfi_inspired_signature,G_k|S_OGOL|T_al,R06,3,3,3,LOW_POWER_OR_UNSTABLE,0.667,1.0,0.667,"chokal, dokal, shokal"
low_reliability_or_unlikely,stolfi_inspired_signature,G_k|S_OGOL|T_or,R00,3,3,2,LOW_POWER_OR_UNSTABLE,0.667,1.0,0.667,"chokor, dokor"
low_reliability_or_unlikely,stolfi_inspired_signature,G_k|S_OIL|T_r,H08,3,3,3,LOW_POWER_OR_UNSTABLE,0.667,0.667,1.0,"qokoiir, okaiir, qokaiir"
low_reliability_or_unlikely,stolfi_inspired_signature,G_k|S_OLBEY|T_ey,H08,3,3,2,LOW_POWER_OR_UNSTABLE,0.667,1.0,0.667,"qokolchey, okalchey"
low_reliability_or_unlikely,stolfi_inspired_signature,G_k|S_OLGY|T_y,R07,3,3,2,LOW_POWER_OR_UNSTABLE,0.667,0.667,1.0,"cholky, alky"
low_reliability_or_unlikely,stolfi_inspired_signature,G_k|S_OLOLY|T_y,R00,3,3,3,LOW_POWER_OR_UNSTABLE,0.667,1.0,1.0,"okorory, qokarary, okolaly"
low_reliability_or_unlikely,stolfi_inspired_signature,G_k|S_OLOL|T_m,R03,3,3,2,LOW_POWER_OR_UNSTABLE,0.667,0.667,1.0,"okaram, okalam"
low_reliability_or_unlikely,stolfi_inspired_signature,G_k|S_XGXOL|T_al,R00,3,3,3,LOW_POWER_OR_UNSTABLE,0.667,0.667,1.0,"ckhal, qockhal, chckhal"
low_reliability_or_unlikely,stolfi_inspired_signature,G_k|S_YGBY|T_y,R06,3,3,3,LOW_POWER_OR_UNSTABLE,0.667,1.0,1.0,"dykchy, chykchy, dykshy"
low_reliability_or_unlikely,stolfi_inspired_signature,G_p|S_GOL|T_al,R06,3,3,2,LOW_POWER_OR_UNSTABLE,0.667,0.667,1.0,"ypal, opal"
low_reliability_or_unlikely,stolfi_inspired_signature,G_t|S_BXGXY|T_y,R04,3,3,2,LOW_POWER_OR_UNSTABLE,0.667,1.0,1.0,"olchcthy, dchcthy"
low_reliability_or_unlikely,stolfi_inspired_signature,G_t|S_EOX|T_NONE,R01,3,3,2,LOW_POWER_OR_UNSTABLE,0.667,0.667,1.0,"oteos, qoteos"
low_reliability_or_unlikely,stolfi_inspired_signature,G_t|S_GBDY|T_dy,R06,3,3,2,LOW_POWER_OR_UNSTABLE,0.667,0.667,1.0,"tchdy, ytchdy"
low_reliability_or_unlikely,stolfi_inspired_signature,G_t|S_GBEOL|T_or,R06,3,3,2,LOW_POWER_OR_UNSTABLE,0.667,1.0,0.667,"tcheor, tsheeor"
low_reliability_or_unlikely,stolfi_inspired_signature,G_t|S_GBEY|T_eey,R00,3,3,3,LOW_POWER_OR_UNSTABLE,0.667,1.0,0.667,"ytcheey, tcheey, oltcheey"
low_reliability_or_unlikely,stolfi_inspired_signature,G_t|S_GBODY|T_dy,R06,3,3,2,LOW_POWER_OR_UNSTABLE,0.667,1.0,0.667,"tchody, ytchody"
low_reliability_or_unlikely,stolfi_inspired_signature,G_t|S_GEOL|T_or,R06,3,3,3,LOW_POWER_OR_UNSTABLE,0.667,1.0,0.667,"yteoor, yteor, yteeeor"
low_reliability_or_unlikely,stolfi_inspired_signature,G_t|S_LGEDY|T_eedy,R00,3,3,2,LOW_POWER_OR_UNSTABLE,0.667,0.667,1.0,"lteedy, qolteedy"
low_reliability_or_unlikely,stolfi_inspired_signature,G_t|S_XGXOL|T_m,R04,3,3,3,LOW_POWER_OR_UNSTABLE,0.667,0.667,1.0,"cthom, octham, chctham"
low_reliability_or_unlikely,stolfi_inspired_signature,NG|S_BED|T_NONE,R00,3,3,3,LOW_POWER_OR_UNSTABLE,0.667,1.0,1.0,"olsheed, olshed, dched"
low_reliability_or_unlikely,stolfi_inspired_signature,NG|S_BOEL|T_ain,R06,3,3,3,LOW_POWER_OR_UNSTABLE,0.667,1.0,1.0,"ychain, dchain, olchain"
low_reliability_or_unlikely,stolfi_inspired_signature,NG|S_DOLY|T_y,R00,3,3,3,LOW_POWER_OR_UNSTABLE,0.667,1.0,0.667,"ddary, odory, odaly"
low_reliability_or_unlikely,stolfi_inspired_signature,NG|S_EDY|T_eedy,R00,3,3,3,LOW_POWER_OR_UNSTABLE,0.667,0.667,1.0,"oleeedy, qoeeedy, qeeedy"
low_reliability_or_unlikely,stolfi_inspired_signature,NG|S_EOY|T_y,R00,3,3,3,LOW_POWER_OR_UNSTABLE,0.667,1.0,1.0,"cheeoy, sheoy, cheoy"
low_reliability_or_unlikely,stolfi_inspired_signature,NG|S_IEL|T_iin,R00,3,3,2,LOW_POWER_OR_UNSTABLE,0.667,1.0,1.0,"oiiin, qoiiin"
low_reliability_or_unlikely,stolfi_inspired_signature,NG|S_ODOL|T_al,R00,3,3,2,LOW_POWER_OR_UNSTABLE,0.667,0.667,0.667,"chodal, sodal"
low_reliability_or_unlikely,stolfi_inspired_signature,NG|S_OILDY|T_dy,R10,3,3,2,LOW_POWER_OR_UNSTABLE,0.667,1.0,0.667,"daiindy, soiindy"
low_reliability_or_unlikely,stolfi_inspired_signature,NG|S_OLDOL|T_m,R06,3,3,3,LOW_POWER_OR_UNSTABLE,0.667,1.0,1.0,"choldam, saldam, doldam"
low_reliability_or_unlikely,stolfi_inspired_signature,NG|S_OLXY|T_y,R06,3,3,3,LOW_POWER_OR_UNSTABLE,0.667,1.0,0.667,"olalsy, solsy, dalsy"
low_reliability_or_unlikely,stolfi_inspired_signature,NG|S_XOL|T_ar,R00,3,3,3,LOW_POWER_OR_UNSTABLE,0.667,1.0,0.667,"olsar, osar, dxar"
low_reliability_or_unlikely,stolfi_inspired_signature,G_k|S_EDOL|T_al,H08,3,3,3,LOW_POWER_OR_UNSTABLE,0.333,0.667,1.0,"okeedal, qokedal, okedal"
low_reliability_or_unlikely,stolfi_inspired_signature,G_k|S_OLGOL|T_ar,R00,3,3,3,LOW_POWER_OR_UNSTABLE,0.333,1.0,1.0,"dalkar, cholkar, chalkar"
low_reliability_or_unlikely,stolfi_inspired_signature,G_f|S_OXGXY|T_y,R00,2,2,1,LOW_POWER_OR_UNSTABLE,1.0,1.0,1.0,chocfhy
low_reliability_or_unlikely,stolfi_inspired_signature,G_f|S_XGXOL|T_ol,R00,2,2,2,LOW_POWER_OR_UNSTABLE,1.0,1.0,1.0,"cfhol, chcfhol"
low_reliability_or_unlikely,stolfi_inspired_signature,G_k|S_BEDY|T_eedy,H12,2,2,1,LOW_POWER_OR_UNSTABLE,1.0,1.0,1.0,qokcheedy
low_reliability_or_unlikely,stolfi_inspired_signature,G_k|S_BOGEY|T_ey,R00,2,2,2,LOW_POWER_OR_UNSTABLE,1.0,1.0,0.5,"schokey, dchokey"
low_reliability_or_unlikely,stolfi_inspired_signature,G_k|S_BXGXY|T_y,R00,2,2,2,LOW_POWER_OR_UNSTABLE,1.0,1.0,1.0,"dchckhy, ychckhy"
low_reliability_or_unlikely,stolfi_inspired_signature,G_k|S_EBDY|T_dy,R00,2,2,2,LOW_POWER_OR_UNSTABLE,1.0,1.0,1.0,"qokechdy, okechdy"
low_reliability_or_unlikely,stolfi_inspired_signature,G_k|S_EBEDY|T_edy,R00,2,1,2,LOW_POWER_OR_UNSTABLE,1.0,1.0,1.0,"okechedy, qokechedy"
low_reliability_or_unlikely,stolfi_inspired_signature,G_k|S_EDOL|T_or,R00,2,2,1,LOW_POWER_OR_UNSTABLE,1.0,1.0,1.0,okedor
low_reliability_or_unlikely,stolfi_inspired_signature,G_k|S_EDY|T_eedy,R00,2,2,1,LOW_POWER_OR_UNSTABLE,1.0,1.0,1.0,okeeedy
low_reliability_or_unlikely,stolfi_inspired_signature,G_k|S_EGBY|T_y,R00,2,2,2,LOW_POWER_OR_UNSTABLE,1.0,1.0,0.5,"shekchy, qekchy"
low_reliability_or_unlikely,stolfi_inspired_signature,G_k|S_EGEODY|T_dy,R00,2,2,2,LOW_POWER_OR_UNSTABLE,1.0,1.0,1.0,"chekeody, qekeody"
low_reliability_or_unlikely,stolfi_inspired_signature,G_k|S_EOGEDY|T_edy,R00,2,2,1,LOW_POWER_OR_UNSTABLE,1.0,1.0,1.0,cheokedy
low_reliability_or_unlikely,stolfi_inspired_signature,G_k|S_EOGY|T_y,R00,2,2,1,LOW_POWER_OR_UNSTABLE,1.0,1.0,1.0,cheoky
low_reliability_or_unlikely,stolfi_inspired_signature,G_k|S_EOIL|T_aiin,R00,2,2,2,LOW_POWER_OR_UNSTABLE,1.0,1.0,1.0,"okeeaiin, okeaiin"
low_reliability_or_unlikely,stolfi_inspired_signature,G_k|S_EOLDY|T_dy,R00,2,2,1,LOW_POWER_OR_UNSTABLE,1.0,1.0,0.5,okeoldy
low_reliability_or_unlikely,stolfi_inspired_signature,G_k|S_EOLOL|T_ar,R00,2,2,2,LOW_POWER_OR_UNSTABLE,1.0,1.0,1.0,"okealar, okeorar"
low_reliability_or_unlikely,stolfi_inspired_signature,G_k|S_EXGXDY|T_dy,R00,2,2,2,LOW_POWER_OR_UNSTABLE,1.0,1.0,1.0,"sheckhdy, checkhdy"
low_reliability_or_unlikely,stolfi_inspired_signature,G_k|S_EXGXEDY|T_edy,R00,2,2,2,LOW_POWER_OR_UNSTABLE,1.0,1.0,1.0,"checkhedy, sheckhedy"
low_reliability_or_unlikely,stolfi_inspired_signature,G_k|S_GBEOL|T_or,R00,2,2,2,LOW_POWER_OR_UNSTABLE,1.0,1.0,1.0,"ykcheor, yksheor"
low_reliability_or_unlikely,stolfi_inspired_signature,G_k|S_GBEO|T_NONE,R06,2,2,2,LOW_POWER_OR_UNSTABLE,1.0,1.0,0.5,"ksheo, kcheo"
low_reliability_or_unlikely,stolfi_inspired_signature,G_k|S_GBOD|T_NONE,R06,2,2,1,LOW_POWER_OR_UNSTABLE,1.0,1.0,1.0,kchod
low_reliability_or_unlikely,stolfi_inspired_signature,G_k|S_GBOX|T_NONE,R06,2,2,2,LOW_POWER_OR_UNSTABLE,1.0,1.0,0.5,"kchos, ykchos"
low_reliability_or_unlikely,stolfi_inspired_signature,G_k|S_GB|T_NONE,R06,2,2,1,LOW_POWER_OR_UNSTABLE,1.0,1.0,1.0,ykch
low_reliability_or_unlikely,stolfi_inspired_signature,G_k|S_GEBEDY|T_edy,R00,2,2,1,LOW_POWER_OR_UNSTABLE,1.0,1.0,1.0,kechedy
low_reliability_or_unlikely,stolfi_inspired_signature,G_k|S_GEBEY|T_ey,R00,2,2,2,LOW_POWER_OR_UNSTABLE,1.0,1.0,0.5,"keechey, ykechey"
low_reliability_or_unlikely,stolfi_inspired_signature,G_k|S_GEOLY|T_y,R00,2,2,2,LOW_POWER_OR_UNSTABLE,1.0,1.0,1.0,"olkeeoly, ykeeory"
low_reliability_or_unlikely,stolfi_inspired_signature,G_k|S_GEOL|T_al,R06,2,2,2,LOW_POWER_OR_UNSTABLE,1.0,1.0,0.5,"ykeal, skeeal"
low_reliability_or_unlikely,stolfi_inspired_signature,G_k|S_GEOL|T_ar,R06,2,2,2,LOW_POWER_OR_UNSTABLE,1.0,1.0,0.5,"ykeear, keear"
low_reliability_or_unlikely,stolfi_inspired_signature,G_k|S_GOIEL|T_aiiin,R06,2,2,1,LOW_POWER_OR_UNSTABLE,1.0,1.0,1.0,kaiiin
low_reliability_or_unlikely,stolfi_inspired_signature,G_k|S_GOX|T_NONE,R06,2,2,1,LOW_POWER_OR_UNSTABLE,1.0,1.0,1.0,kos
low_reliability_or_unlikely,stolfi_inspired_signature,G_k|S_LBEXGXY|T_y,R00,2,2,2,LOW_POWER_OR_UNSTABLE,1.0,1.0,1.0,"lsheckhy, lcheckhy"
low_reliability_or_unlikely,stolfi_inspired_signature,G_k|S_LGBDY|T_dy,R00,2,2,2,LOW_POWER_OR_UNSTABLE,1.0,1.0,1.0,"rkchdy, lkchdy"
low_reliability_or_unlikely,stolfi_inspired_signature,G_k|S_LGEODY|T_dy,R00,2,2,2,LOW_POWER_OR_UNSTABLE,1.0,1.0,1.0,"lkeody, lkeeody"
low_reliability_or_unlikely,stolfi_inspired_signature,G_k|S_LGOL|T_m,R00,2,2,1,LOW_POWER_OR_UNSTABLE,1.0,1.0,1.0,lkam
low_reliability_or_unlikely,stolfi_inspired_signature,G_k|S_LOLGOIL|T_aiin,R00,2,2,1,LOW_POWER_OR_UNSTABLE,1.0,1.0,1.0,lolkaiin
low_reliability_or_unlikely,stolfi_inspired_signature,G_k|S_OGBEY|T_eey,R00,2,2,2,LOW_POWER_OR_UNSTABLE,1.0,1.0,1.0,"chokcheey, sokcheey"
low_reliability_or_unlikely,stolfi_inspired_signature,G_k|S_OGBOL|T_or,R00,2,2,2,LOW_POWER_OR_UNSTABLE,1.0,1.0,1.0,"shokshor, chokshor"
low_reliability_or_unlikely,stolfi_inspired_signature,G_k|S_OGEDY|T_eedy,R00,2,2,1,LOW_POWER_OR_UNSTABLE,1.0,1.0,1.0,sokeedy
low_reliability_or_unlikely,stolfi_inspired_signature,G_k|S_OGOL|T_m,R00,2,2,1,LOW_POWER_OR_UNSTABLE,1.0,1.0,0.5,chokam
low_reliability_or_unlikely,stolfi_inspired_signature,G_k|S_QOGOEL|T_ain,R00,2,2,2,LOW_POWER_OR_UNSTABLE,1.0,1.0,1.0,"oqokain, yqokain"
low_reliability_or_unlikely,stolfi_inspired_signature,G_k|S_XGXEODY|T_dy,R00,2,2,1,LOW_POWER_OR_UNSTABLE,1.0,1.0,1.0,ckheody
low_reliability_or_unlikely,stolfi_inspired_signature,G_k|S_XGXEY|T_eey,R00,2,2,1,LOW_POWER_OR_UNSTABLE,1.0,1.0,1.0,ckheey
low_reliability_or_unlikely,stolfi_inspired_signature,G_k|S_XGXOL|T_m,R00,2,2,2,LOW_POWER_OR_UNSTABLE,1.0,1.0,1.0,"ckham, chckham"
low_reliability_or_unlikely,stolfi_inspired_signature,G_k|S_YGOIL|T_aiin,R00,2,2,2,LOW_POWER_OR_UNSTABLE,1.0,1.0,1.0,"dykaiin, shykaiin"
low_reliability_or_unlikely,stolfi_inspired_signature,G_p|S_EGBY|T_y,R00,2,2,1,LOW_POWER_OR_UNSTABLE,1.0,1.0,1.0,shepchy
low_reliability_or_unlikely,stolfi_inspired_signature,G_p|S_GBEDOEL|T_ain,R00,2,2,1,LOW_POWER_OR_UNSTABLE,1.0,1.0,1.0,pchedain
low_reliability_or_unlikely,stolfi_inspired_signature,G_p|S_GBED|T_NONE,R00,2,2,2,LOW_POWER_OR_UNSTABLE,1.0,1.0,1.0,"opshed, opcheed"
low_reliability_or_unlikely,stolfi_inspired_signature,G_p|S_GBODOIL|T_aiin,R10,2,2,1,LOW_POWER_OR_UNSTABLE,1.0,1.0,1.0,pchodaiin
low_reliability_or_unlikely,stolfi_inspired_signature,G_p|S_GBOL|T_or,R00,2,2,1,LOW_POWER_OR_UNSTABLE,1.0,1.0,1.0,opchor
low_reliability_or_unlikely,stolfi_inspired_signature,G_p|S_GOLOIL|T_aiin,R00,2,2,2,LOW_POWER_OR_UNSTABLE,1.0,1.0,0.5,"polaiin, pollaiin"
low_reliability_or_unlikely,stolfi_inspired_signature,G_p|S_GOLOL|T_al,R00,2,2,2,LOW_POWER_OR_UNSTABLE,1.0,1.0,1.0,"opalal, oparal"
low_reliability_or_unlikely,stolfi_inspired_signature,G_p|S_OGBEY|T_ey,R00,2,2,2,LOW_POWER_OR_UNSTABLE,1.0,1.0,0.5,"shopchey, chopchey"
low_reliability_or_unlikely,stolfi_inspired_signature,G_p|S_XGXEDY|T_edy,R00,2,2,2,LOW_POWER_OR_UNSTABLE,1.0,1.0,1.0,"cphedy, chcphedy"
low_reliability_or_unlikely,stolfi_inspired_signature,G_p|S_XGXEY|T_ey,R00,2,2,1,LOW_POWER_OR_UNSTABLE,1.0,1.0,1.0,cphey
low_reliability_or_unlikely,stolfi_inspired_signature,G_t|S_BEDY|T_eedy,H17,2,2,1,LOW_POWER_OR_UNSTABLE,1.0,1.0,1.0,qotcheedy
low_reliability_or_unlikely,stolfi_inspired_signature,G_t|S_BEOIL|T_aiin,H13,2,2,1,LOW_POWER_OR_UNSTABLE,1.0,1.0,1.0,qotcheaiin
low_reliability_or_unlikely,stolfi_inspired_signature,G_t|S_BODY|T_dy,R00,2,2,1,LOW_POWER_OR_UNSTABLE,1.0,1.0,0.5,otchody
low_reliability_or_unlikely,stolfi_inspired_signature,G_t|S_BOL|T_al,R00,2,2,2,LOW_POWER_OR_UNSTABLE,1.0,1.0,1.0,"otchal, otshal"
low_reliability_or_unlikely,stolfi_inspired_signature,G_t|S_BOL|T_ar,R00,2,2,1,LOW_POWER_OR_UNSTABLE,1.0,1.0,1.0,otchar
low_reliability_or_unlikely,stolfi_inspired_signature,G_t|S_EGEDY|T_edy,R00,2,2,2,LOW_POWER_OR_UNSTABLE,1.0,1.0,1.0,"qetedy, chetedy"
low_reliability_or_unlikely,stolfi_inspired_signature,G_t|S_EGOEL|T_ain,R00,2,2,2,LOW_POWER_OR_UNSTABLE,1.0,1.0,1.0,"chetain, qetain"
low_reliability_or_unlikely,stolfi_inspired_signature,G_t|S_EGOIL|T_aiin,R00,2,2,2,LOW_POWER_OR_UNSTABLE,1.0,1.0,1.0,"etaiin, chetaiin"
low_reliability_or_unlikely,stolfi_inspired_signature,G_t|S_EGOL|T_al,R00,2,2,2,LOW_POWER_OR_UNSTABLE,1.0,1.0,1.0,"chetal, oletal"
low_reliability_or_unlikely,stolfi_inspired_signature,G_t|S_EOXGXY|T_y,R04,2,2,1,LOW_POWER_OR_UNSTABLE,1.0,1.0,1.0,cheocthy
low_reliability_or_unlikely,stolfi_inspired_signature,G_t|S_EXGXEY|T_ey,R00,2,2,2,LOW_POWER_OR_UNSTABLE,1.0,1.0,1.0,"checthey, shecthey"
low_reliability_or_unlikely,stolfi_inspired_signature,G_t|S_GBEDOL|T_al,R09,2,2,2,LOW_POWER_OR_UNSTABLE,1.0,1.0,1.0,"tshedal, tchedal"
low_reliability_or_unlikely,stolfi_inspired_signature,G_t|S_GBEODY|T_dy,R00,2,2,1,LOW_POWER_OR_UNSTABLE,1.0,1.0,1.0,tcheody
low_reliability_or_unlikely,stolfi_inspired_signature,G_t|S_GEDOEL|T_ain,R06,2,2,1,LOW_POWER_OR_UNSTABLE,1.0,1.0,1.0,tedain
low_reliability_or_unlikely,stolfi_inspired_signature,G_t|S_GEDOL|T_m,R06,2,2,2,LOW_POWER_OR_UNSTABLE,1.0,1.0,1.0,"teedam, tedam"
low_reliability_or_unlikely,stolfi_inspired_signature,G_t|S_GEOX|T_NONE,R06,2,2,2,LOW_POWER_OR_UNSTABLE,1.0,1.0,1.0,"yteos, teeos"
low_reliability_or_unlikely,stolfi_inspired_signature,G_t|S_GOEX|T_NONE,R06,2,2,1,LOW_POWER_OR_UNSTABLE,1.0,1.0,0.5,toees
low_reliability_or_unlikely,stolfi_inspired_signature,G_t|S_GOLOEL|T_r,R06,2,2,2,LOW_POWER_OR_UNSTABLE,1.0,1.0,1.0,"tolair, tarair"
low_reliability_or_unlikely,stolfi_inspired_signature,G_t|S_G|T_NONE,R06,2,2,1,LOW_POWER_OR_UNSTABLE,1.0,1.0,1.0,t
low_reliability_or_unlikely,stolfi_inspired_signature,G_t|S_LGOEL|T_ain,R00,2,2,1,LOW_POWER_OR_UNSTABLE,1.0,1.0,1.0,ltain
low_reliability_or_unlikely,stolfi_inspired_signature,G_t|S_LY|T_y,R00,2,2,1,LOW_POWER_OR_UNSTABLE,1.0,1.0,0.5,otly
low_reliability_or_unlikely,stolfi_inspired_signature,G_t|S_ODOL|T_ar,R00,2,2,1,LOW_POWER_OR_UNSTABLE,1.0,1.0,1.0,otodar
low_reliability_or_unlikely,stolfi_inspired_signature,G_t|S_OGBEDY|T_edy,R00,2,2,2,LOW_POWER_OR_UNSTABLE,1.0,1.0,1.0,"olotchedy, chotchedy"
low_reliability_or_unlikely,stolfi_inspired_signature,G_t|S_OGOIL|T_aiin,R10,2,2,1,LOW_POWER_OR_UNSTABLE,1.0,1.0,1.0,chotaiin
low_reliability_or_unlikely,stolfi_inspired_signature,G_t|S_OGOLX|T_NONE,R00,2,2,2,LOW_POWER_OR_UNSTABLE,1.0,1.0,1.0,"chotols, chotals"
low_reliability_or_unlikely,stolfi_inspired_signature,G_t|S_OLDOL|T_ar,R00,2,2,1,LOW_POWER_OR_UNSTABLE,1.0,1.0,1.0,otaldar
low_reliability_or_unlikely,stolfi_inspired_signature,G_t|S_OLD|T_NONE,R00,2,2,2,LOW_POWER_OR_UNSTABLE,1.0,1.0,0.5,"otald, otold"
low_reliability_or_unlikely,stolfi_inspired_signature,G_t|S_OLOLDY|T_dy,R00,2,2,1,LOW_POWER_OR_UNSTABLE,1.0,1.0,1.0,otaraldy
low_reliability_or_unlikely,stolfi_inspired_signature,G_t|S_OLOL|T_al,R00,2,2,1,LOW_POWER_OR_UNSTABLE,1.0,1.0,0.5,otaral
low_reliability_or_unlikely,stolfi_inspired_signature,G_t|S_OLOL|T_ar,R00,2,2,2,LOW_POWER_OR_UNSTABLE,1.0,1.0,0.5,"otalar, otarar"
low_reliability_or_unlikely,stolfi_inspired_signature,G_t|S_XGXEY|T_eey,R04,2,2,1,LOW_POWER_OR_UNSTABLE,1.0,1.0,1.0,ctheey
low_reliability_or_unlikely,stolfi_inspired_signature,G_t|S_XGX|T_NONE,R04,2,2,2,LOW_POWER_OR_UNSTABLE,1.0,1.0,1.0,"cth, cths"
low_reliability_or_unlikely,stolfi_inspired_signature,G_t|S_YGBOL|T_or,R00,2,2,2,LOW_POWER_OR_UNSTABLE,1.0,1.0,1.0,"shytchor, dytchor"
low_reliability_or_unlikely,stolfi_inspired_signature,G_t|S_YGBY|T_y,R06,2,2,2,LOW_POWER_OR_UNSTABLE,1.0,1.0,1.0,"dytchy, dytshy"
low_reliability_or_unlikely,stolfi_inspired_signature,NG|S_BEDOIL|T_aiin,R00,2,2,2,LOW_POWER_OR_UNSTABLE,1.0,1.0,1.0,"olchedaiin, ycheedaiin"
low_reliability_or_unlikely,stolfi_inspired_signature,NG|S_BEDOL|T_ar,R00,2,2,2,LOW_POWER_OR_UNSTABLE,1.0,1.0,1.0,"ochedar, orchedar"
low_reliability_or_unlikely,stolfi_inspired_signature,NG|S_BEOD|T_NONE,R06,2,2,2,LOW_POWER_OR_UNSTABLE,1.0,1.0,1.0,"ysheod, ycheod"
low_reliability_or_unlikely,stolfi_inspired_signature,NG|S_BEOEL|T_ain,R00,2,2,2,LOW_POWER_OR_UNSTABLE,1.0,1.0,1.0,"ocheain, ycheain"
low_reliability_or_unlikely,stolfi_inspired_signature,NG|S_BEOIL|T_aiin,R00,2,2,2,LOW_POWER_OR_UNSTABLE,1.0,1.0,1.0,"scheaiin, dcheoaiin"
low_reliability_or_unlikely,stolfi_inspired_signature,NG|S_BEOL|T_al,R00,2,2,2,LOW_POWER_OR_UNSTABLE,1.0,1.0,1.0,"dshcheal, osheal"
low_reliability_or_unlikely,stolfi_inspired_signature,NG|S_BEOL|T_ar,R06,2,2,1,LOW_POWER_OR_UNSTABLE,1.0,1.0,1.0,ychear
low_reliability_or_unlikely,stolfi_inspired_signature,NG|S_BL|T_r,R00,2,2,1,LOW_POWER_OR_UNSTABLE,1.0,1.0,1.0,chr
low_reliability_or_unlikely,stolfi_inspired_signature,NG|S_BODY|T_dy,R00,2,2,2,LOW_POWER_OR_UNSTABLE,1.0,1.0,1.0,"ochody, ychody"
low_reliability_or_unlikely,stolfi_inspired_signature,NG|S_BOL|T_al,R06,2,2,2,LOW_POWER_OR_UNSTABLE,1.0,1.0,0.5,"schoal, dchal"
low_reliability_or_unlikely,stolfi_inspired_signature,NG|S_DL|T_r,R06,2,2,1,LOW_POWER_OR_UNSTABLE,1.0,1.0,1.0,dr
low_reliability_or_unlikely,stolfi_inspired_signature,NG|S_DOEL|T_r,R00,2,2,1,LOW_POWER_OR_UNSTABLE,1.0,1.0,1.0,odair
low_reliability_or_unlikely,stolfi_inspired_signature,NG|S_EBY|T_y,R00,2,2,2,LOW_POWER_OR_UNSTABLE,1.0,1.0,1.0,"qechy, chechy"
low_reliability_or_unlikely,stolfi_inspired_signature,NG|S_EDOLY|T_y,R00,2,2,2,LOW_POWER_OR_UNSTABLE,1.0,1.0,1.0,"chedaly, oeedaly"
low_reliability_or_unlikely,stolfi_inspired_signature,NG|S_EODOL|T_ar,R00,2,2,1,LOW_POWER_OR_UNSTABLE,1.0,1.0,1.0,cheodar
low_reliability_or_unlikely,stolfi_inspired_signature,NG|S_EOIL|T_aiin,R00,2,2,2,LOW_POWER_OR_UNSTABLE,1.0,1.0,1.0,"oeeaiin, cheoaiin"
low_reliability_or_unlikely,stolfi_inspired_signature,NG|S_EOLOL|T_ol,R00,2,2,2,LOW_POWER_OR_UNSTABLE,1.0,1.0,0.5,"cheorol, sheolol"
low_reliability_or_unlikely,stolfi_inspired_signature,NG|S_EOLOL|T_or,R00,2,2,2,LOW_POWER_OR_UNSTABLE,1.0,1.0,1.0,"sheolor, cheolor"
low_reliability_or_unlikely,stolfi_inspired_signature,NG|S_EXOLY|T_y,R00,2,2,2,LOW_POWER_OR_UNSTABLE,1.0,1.0,0.5,"eeesaly, oeeesary"
low_reliability_or_unlikely,stolfi_inspired_signature,NG|S_IL|T_r,R00,2,2,2,LOW_POWER_OR_UNSTABLE,1.0,1.0,1.0,"oiir, iir"
low_reliability_or_unlikely,stolfi_inspired_signature,NG|S_LBEDOL|T_ar,R00,2,2,2,LOW_POWER_OR_UNSTABLE,1.0,1.0,1.0,"lchedar, rchedar"
low_reliability_or_unlikely,stolfi_inspired_signature,NG|S_LBEDOL|T_m,R00,2,2,1,LOW_POWER_OR_UNSTABLE,1.0,1.0,1.0,lchedam
low_reliability_or_unlikely,stolfi_inspired_signature,NG|S_LBED|T_NONE,R00,2,2,1,LOW_POWER_OR_UNSTABLE,1.0,1.0,1.0,lched
low_reliability_or_unlikely,stolfi_inspired_signature,NG|S_LBEOL|T_ol,R00,2,2,2,LOW_POWER_OR_UNSTABLE,1.0,1.0,1.0,"lsheol, lcheol"
low_reliability_or_unlikely,stolfi_inspired_signature,NG|S_LB|T_NONE,R00,2,2,2,LOW_POWER_OR_UNSTABLE,1.0,1.0,1.0,"lch, lsh"
low_reliability_or_unlikely,stolfi_inspired_signature,NG|S_LDOIL|T_aiin,R00,2,2,1,LOW_POWER_OR_UNSTABLE,1.0,1.0,1.0,ldaiin
low_reliability_or_unlikely,stolfi_inspired_signature,NG|S_LOLOIL|T_aiin,R00,2,2,2,LOW_POWER_OR_UNSTABLE,1.0,1.0,1.0,"lolaiin, raraiin"
low_reliability_or_unlikely,stolfi_inspired_signature,NG|S_LOLOL|T_al,R00,2,2,2,LOW_POWER_OR_UNSTABLE,1.0,1.0,0.5,"raral, ralal"
low_reliability_or_unlikely,stolfi_inspired_signature,NG|S_LOLOL|T_ol,R00,2,2,2,LOW_POWER_OR_UNSTABLE,1.0,1.0,0.5,"ralol, rorol"
low_reliability_or_unlikely,stolfi_inspired_signature,NG|S_ODOLY|T_y,R00,2,2,1,LOW_POWER_OR_UNSTABLE,1.0,1.0,1.0,chodaly
low_reliability_or_unlikely,stolfi_inspired_signature,NG|S_OEX|T_NONE,R06,2,2,2,LOW_POWER_OR_UNSTABLE,1.0,1.0,1.0,"yoees, soes"
low_reliability_or_unlikely,stolfi_inspired_signature,NG|S_OEY|T_eey,R06,2,2,2,LOW_POWER_OR_UNSTABLE,1.0,1.0,1.0,"soeey, doeey"
low_reliability_or_unlikely,stolfi_inspired_signature,NG|S_OLBEOL|T_ol,R00,2,2,2,LOW_POWER_OR_UNSTABLE,1.0,1.0,0.5,"oalcheol, solsheol"
low_reliability_or_unlikely,stolfi_inspired_signature,NG|S_OLOIEL|T_aiiin,R00,2,2,2,LOW_POWER_OR_UNSTABLE,1.0,1.0,1.0,"alaiiin, daraiiin"
low_reliability_or_unlikely,stolfi_inspired_signature,NG|S_OLOLX|T_NONE,R06,2,2,2,LOW_POWER_OR_UNSTABLE,1.0,1.0,0.5,"sarols, salols"
low_reliability_or_unlikely,stolfi_inspired_signature,NG|S_OLOL|T_l,R06,2,2,2,LOW_POWER_OR_UNSTABLE,1.0,1.0,0.5,"darall, sororl"
low_reliability_or_unlikely,stolfi_inspired_signature,NG|S_OLOX|T_NONE,R00,2,2,2,LOW_POWER_OR_UNSTABLE,1.0,1.0,1.0,"choross, oralas"
low_reliability_or_unlikely,stolfi_inspired_signature,NG|S_XOEL|T_ain,R00,2,2,1,LOW_POWER_OR_UNSTABLE,1.0,1.0,0.5,osain
low_reliability_or_unlikely,stolfi_inspired_signature,NG|S_XOLY|T_y,R00,2,2,2,LOW_POWER_OR_UNSTABLE,1.0,1.0,0.5,"osary, chsaly"
low_reliability_or_unlikely,stolfi_inspired_signature,G_f|S_EGY|T_y,R00,2,2,2,LOW_POWER_OR_UNSTABLE,0.5,1.0,0.5,"chefy, sheefy"
low_reliability_or_unlikely,stolfi_inspired_signature,G_f|S_GBEY|T_ey,R00,2,2,2,LOW_POWER_OR_UNSTABLE,0.5,1.0,0.5,"fchey, olfchey"
low_reliability_or_unlikely,stolfi_inspired_signature,G_f|S_GBOL|T_ol,R06,2,2,2,LOW_POWER_OR_UNSTABLE,0.5,0.5,1.0,"fchol, ofchol"
low_reliability_or_unlikely,stolfi_inspired_signature,G_kk|S_EDYGEY|T_ey,H08,2,2,2,LOW_POWER_OR_UNSTABLE,0.5,0.5,1.0,"qokeedykey, okeedykey"
low_reliability_or_unlikely,stolfi_inspired_signature,G_k|S_EOL|T_m,H08,2,2,2,LOW_POWER_OR_UNSTABLE,0.5,1.0,0.5,"okeeom, qokeom"
low_reliability_or_unlikely,stolfi_inspired_signature,G_k|S_GBOLY|T_y,R00,2,2,2,LOW_POWER_OR_UNSTABLE,0.5,0.5,1.0,"chkchory, kcholy"
low_reliability_or_unlikely,stolfi_inspired_signature,G_k|S_GEBDY|T_dy,R00,2,2,2,LOW_POWER_OR_UNSTABLE,0.5,1.0,1.0,"kechdy, olkeechdy"
low_reliability_or_unlikely,stolfi_inspired_signature,G_k|S_GEDOL|T_al,R00,2,2,2,LOW_POWER_OR_UNSTABLE,0.5,1.0,1.0,"olkeedal, kedal"
low_reliability_or_unlikely,stolfi_inspired_signature,G_k|S_OGBOL|T_ol,R00,2,2,2,LOW_POWER_OR_UNSTABLE,0.5,0.5,1.0,"chokchol, sokchol"
low_reliability_or_unlikely,stolfi_inspired_signature,G_k|S_OGEY|T_eey,R00,2,2,2,LOW_POWER_OR_UNSTABLE,0.5,1.0,1.0,"chokeey, sokeey"
low_reliability_or_unlikely,stolfi_inspired_signature,G_k|S_OGOL|T_n,R00,2,2,2,LOW_POWER_OR_UNSTABLE,0.5,1.0,1.0,"chokan, dokan"
low_reliability_or_unlikely,stolfi_inspired_signature,G_k|S_OLGEDY|T_edy,R00,2,2,2,LOW_POWER_OR_UNSTABLE,0.5,1.0,1.0,"solkedy, dalkedy"
low_reliability_or_unlikely,stolfi_inspired_signature,G_k|S_OLOIL|T_aiin,R00,2,2,2,LOW_POWER_OR_UNSTABLE,0.5,1.0,0.5,"okaraiin, okalaiin"
low_reliability_or_unlikely,stolfi_inspired_signature,G_k|S_OLOL|T_al,R00,2,2,2,LOW_POWER_OR_UNSTABLE,0.5,1.0,0.5,"okalal, okaral"
low_reliability_or_unlikely,stolfi_inspired_signature,G_k|S_OLOL|T_or,H08,2,2,2,LOW_POWER_OR_UNSTABLE,0.5,1.0,1.0,"okolor, qokalor"
low_reliability_or_unlikely,stolfi_inspired_signature,G_k|S_OLX|T_NONE,H08,2,2,2,LOW_POWER_OR_UNSTABLE,0.5,1.0,1.0,"qokals, okols"
low_reliability_or_unlikely,stolfi_inspired_signature,G_k|S_YGY|T_y,R00,2,2,2,LOW_POWER_OR_UNSTABLE,0.5,1.0,1.0,"chyky, dyky"
low_reliability_or_unlikely,stolfi_inspired_signature,G_p|S_GBEODY|T_dy,H20,2,2,2,LOW_POWER_OR_UNSTABLE,0.5,1.0,1.0,"psheody, qopcheeody"
low_reliability_or_unlikely,stolfi_inspired_signature,G_p|S_GOLOL|T_ar,R00,2,2,2,LOW_POWER_OR_UNSTABLE,0.5,1.0,0.5,"opalar, polar"
low_reliability_or_unlikely,stolfi_inspired_signature,G_t|S_BOGY|T_y,R00,2,2,2,LOW_POWER_OR_UNSTABLE,0.5,0.5,1.0,"chshoty, dchoty"
low_reliability_or_unlikely,stolfi_inspired_signature,G_t|S_EDOL|T_ol,H13,2,2,2,LOW_POWER_OR_UNSTABLE,0.5,1.0,1.0,"otedol, qotedol"
low_reliability_or_unlikely,stolfi_inspired_signature,G_t|S_EGOL|T_m,H07,2,2,2,LOW_POWER_OR_UNSTABLE,0.5,1.0,1.0,"qoetam, qetam"
low_reliability_or_unlikely,stolfi_inspired_signature,G_t|S_EY|T_eey,R00,2,2,2,LOW_POWER_OR_UNSTABLE,0.5,0.5,1.0,"qoteeey, oteeey"
low_reliability_or_unlikely,stolfi_inspired_signature,G_t|S_E|T_e,H13,2,2,2,LOW_POWER_OR_UNSTABLE,0.5,1.0,1.0,"qotee, otee"
low_reliability_or_unlikely,stolfi_inspired_signature,G_t|S_GL|T_l,R00,2,2,2,LOW_POWER_OR_UNSTABLE,0.5,1.0,1.0,"ytl, qotl"
low_reliability_or_unlikely,stolfi_inspired_signature,G_t|S_GODOL|T_al,R06,2,2,2,LOW_POWER_OR_UNSTABLE,0.5,1.0,0.5,"ytodal, todal"
low_reliability_or_unlikely,stolfi_inspired_signature,G_t|S_GOLX|T_NONE,R00,2,2,2,LOW_POWER_OR_UNSTABLE,0.5,1.0,0.5,"chtols, ytals"
low_reliability_or_unlikely,stolfi_inspired_signature,G_t|S_GOLY|T_y,R00,2,2,2,LOW_POWER_OR_UNSTABLE,0.5,1.0,1.0,"chtaly, ytaly"
low_reliability_or_unlikely,stolfi_inspired_signature,G_t|S_LGEDY|T_edy,H21,2,2,2,LOW_POWER_OR_UNSTABLE,0.5,0.5,1.0,"ltedy, qoltedy"
low_reliability_or_unlikely,stolfi_inspired_signature,G_t|S_OEGY|T_y,R00,2,2,2,LOW_POWER_OR_UNSTABLE,0.5,1.0,1.0,"choety, soity"
low_reliability_or_unlikely,stolfi_inspired_signature,G_t|S_OGBY|T_y,R01,2,2,2,LOW_POWER_OR_UNSTABLE,0.5,0.5,1.0,"sotchy, chotchy"
low_reliability_or_unlikely,stolfi_inspired_signature,G_t|S_OLODY|T_dy,H16,2,2,2,LOW_POWER_OR_UNSTABLE,0.5,1.0,0.5,"qotalody, otalody"
low_reliability_or_unlikely,stolfi_inspired_signature,G_t|S_XGXEX|T_NONE,H07,2,2,2,LOW_POWER_OR_UNSTABLE,0.5,1.0,1.0,"cthes, qocthes"
low_reliability_or_unlikely,stolfi_inspired_signature,NG|S_BDOL|T_ar,R00,2,2,2,LOW_POWER_OR_UNSTABLE,0.5,1.0,1.0,"dchdar, olchdar"
low_reliability_or_unlikely,stolfi_inspired_signature,NG|S_BOEX|T_NONE,R00,2,2,2,LOW_POWER_OR_UNSTABLE,0.5,1.0,0.5,"ychaies, ychais"
low_reliability_or_unlikely,stolfi_inspired_signature,NG|S_BOL|T_ar,R00,2,2,2,LOW_POWER_OR_UNSTABLE,0.5,1.0,1.0,"dchar, oshar"
low_reliability_or_unlikely,stolfi_inspired_signature,NG|S_BOX|T_NONE,R00,2,2,2,LOW_POWER_OR_UNSTABLE,0.5,0.5,1.0,"ochos, ychos"
low_reliability_or_unlikely,stolfi_inspired_signature,NG|S_EL|T_r,R00,2,2,2,LOW_POWER_OR_UNSTABLE,0.5,1.0,1.0,"cher, sheer"
low_reliability_or_unlikely,stolfi_inspired_signature,NG|S_LOD|T_NONE,R00,2,2,2,LOW_POWER_OR_UNSTABLE,0.5,1.0,0.5,"dlod, llod"
low_reliability_or_unlikely,stolfi_inspired_signature,NG|S_OLBDY|T_dy,R00,2,2,2,LOW_POWER_OR_UNSTABLE,0.5,1.0,1.0,"alchdy, dalshdy"
low_reliability_or_unlikely,stolfi_inspired_signature,NG|S_OLBY|T_y,R00,2,2,2,LOW_POWER_OR_UNSTABLE,0.5,1.0,1.0,"shorshy, darchy"
low_reliability_or_unlikely,stolfi_inspired_signature,NG|S_XOL|T_al,R00,2,2,2,LOW_POWER_OR_UNSTABLE,0.5,1.0,0.5,"osal, yhal"
low_reliability_or_unlikely,stolfi_inspired_signature,G_fk|S_GOGOL|T_al,R00,1,1,1,LOW_POWER_OR_UNSTABLE,1.0,1.0,1.0,ofakal
low_reliability_or_unlikely,stolfi_inspired_signature,G_fk|S_GYXGYDOL|T_al,R09,1,1,1,LOW_POWER_OR_UNSTABLE,1.0,1.0,1.0,ofyskydal
low_reliability_or_unlikely,stolfi_inspired_signature,G_f|S_EGBDY|T_dy,R00,1,1,1,LOW_POWER_OR_UNSTABLE,1.0,1.0,1.0,shefchdy
low_reliability_or_unlikely,stolfi_inspired_signature,G_f|S_EGOEL|T_ain,R00,1,1,1,LOW_POWER_OR_UNSTABLE,1.0,1.0,1.0,chefain
low_reliability_or_unlikely,stolfi_inspired_signature,G_f|S_EGOIL|T_aiin,R00,1,1,1,LOW_POWER_OR_UNSTABLE,1.0,1.0,1.0,chefaiin
low_reliability_or_unlikely,stolfi_inspired_signature,G_f|S_EG|T_NONE,R00,1,1,1,LOW_POWER_OR_UNSTABLE,1.0,1.0,1.0,chef
low_reliability_or_unlikely,stolfi_inspired_signature,G_f|S_GBDOL|T_ar,R00,1,1,1,LOW_POWER_OR_UNSTABLE,1.0,1.0,1.0,ofchdar
low_reliability_or_unlikely,stolfi_inspired_signature,G_f|S_GBDYXD|T_NONE,R00,1,1,1,LOW_POWER_OR_UNSTABLE,1.0,1.0,1.0,ofchdysd
low_reliability_or_unlikely,stolfi_inspired_signature,G_f|S_GBDY|T_dy,R00,1,1,1,LOW_POWER_OR_UNSTABLE,1.0,1.0,1.0,ofchdy
low_reliability_or_unlikely,stolfi_inspired_signature,G_f|S_GBEDEY|T_ey,R00,1,1,1,LOW_POWER_OR_UNSTABLE,1.0,1.0,1.0,fchedey
low_reliability_or_unlikely,stolfi_inspired_signature,G_f|S_GBEDOIL|T_aiin,R00,1,1,1,LOW_POWER_OR_UNSTABLE,1.0,1.0,1.0,ofchedaiin
low_reliability_or_unlikely,stolfi_inspired_signature,G_f|S_GBEODLY|T_y,R00,1,1,1,LOW_POWER_OR_UNSTABLE,1.0,1.0,1.0,yfcheodly
low_reliability_or_unlikely,stolfi_inspired_signature,G_f|S_GBEODY|T_dy,R00,1,1,1,LOW_POWER_OR_UNSTABLE,1.0,1.0,1.0,ofcheody
low_reliability_or_unlikely,stolfi_inspired_signature,G_f|S_GBEOLOL|T_al,R00,1,1,1,LOW_POWER_OR_UNSTABLE,1.0,1.0,1.0,olfsheoral
low_reliability_or_unlikely,stolfi_inspired_signature,G_f|S_GBEOL|T_or,R00,1,1,1,LOW_POWER_OR_UNSTABLE,1.0,1.0,1.0,ofcheor
low_reliability_or_unlikely,stolfi_inspired_signature,G_f|S_GBEOY|T_y,R00,1,1,1,LOW_POWER_OR_UNSTABLE,1.0,1.0,1.0,ofcheay
low_reliability_or_unlikely,stolfi_inspired_signature,G_f|S_GBEXY|T_y,R00,1,1,1,LOW_POWER_OR_UNSTABLE,1.0,1.0,1.0,ofcheesy
low_reliability_or_unlikely,stolfi_inspired_signature,G_f|S_GBEY|T_eey,R06,1,1,1,LOW_POWER_OR_UNSTABLE,1.0,1.0,1.0,fcheey
low_reliability_or_unlikely,stolfi_inspired_signature,G_f|S_GBODOIL|T_aiin,R10,1,1,1,LOW_POWER_OR_UNSTABLE,1.0,1.0,1.0,fchodaiin
low_reliability_or_unlikely,stolfi_inspired_signature,G_f|S_GBOL|T_ar,R00,1,1,1,LOW_POWER_OR_UNSTABLE,1.0,1.0,1.0,ofchar
low_reliability_or_unlikely,stolfi_inspired_signature,G_f|S_GBO|T_NONE,R06,1,1,1,LOW_POWER_OR_UNSTABLE,1.0,1.0,1.0,fcho
low_reliability_or_unlikely,stolfi_inspired_signature,G_f|S_GBY|T_y,R00,1,1,1,LOW_POWER_OR_UNSTABLE,1.0,1.0,1.0,ofchy
low_reliability_or_unlikely,stolfi_inspired_signature,G_f|S_GDEBDY|T_dy,R00,1,1,1,LOW_POWER_OR_UNSTABLE,1.0,1.0,1.0,fdeechdy
low_reliability_or_unlikely,stolfi_inspired_signature,G_f|S_GOELOEL|T_ain,R00,1,1,1,LOW_POWER_OR_UNSTABLE,1.0,1.0,1.0,ofainain
low_reliability_or_unlikely,stolfi_inspired_signature,G_f|S_GOELY|T_y,R06,1,1,1,LOW_POWER_OR_UNSTABLE,1.0,1.0,1.0,faimy
low_reliability_or_unlikely,stolfi_inspired_signature,G_f|S_GOEL|T_ain,R06,1,1,1,LOW_POWER_OR_UNSTABLE,1.0,1.0,1.0,yfain
low_reliability_or_unlikely,stolfi_inspired_signature,G_f|S_GOEL|T_r,R00,1,1,1,LOW_POWER_OR_UNSTABLE,1.0,1.0,1.0,ofair
low_reliability_or_unlikely,stolfi_inspired_signature,G_f|S_GOILO|T_NONE,R00,1,1,1,LOW_POWER_OR_UNSTABLE,1.0,1.0,1.0,ofaiino
low_reliability_or_unlikely,stolfi_inspired_signature,G_f|S_GOILY|T_y,R00,1,1,1,LOW_POWER_OR_UNSTABLE,1.0,1.0,1.0,yfaiiny
low_reliability_or_unlikely,stolfi_inspired_signature,G_f|S_GOIL|T_aiin,R00,1,1,1,LOW_POWER_OR_UNSTABLE,1.0,1.0,1.0,ofaiin
low_reliability_or_unlikely,stolfi_inspired_signature,G_f|S_GOLDO|T_NONE,R00,1,1,1,LOW_POWER_OR_UNSTABLE,1.0,1.0,1.0,ofaldo
low_reliability_or_unlikely,stolfi_inspired_signature,G_f|S_GOLDY|T_dy,R00,1,1,1,LOW_POWER_OR_UNSTABLE,1.0,1.0,1.0,ofardy
low_reliability_or_unlikely,stolfi_inspired_signature,G_f|S_GOLOIL|T_aiin,R00,1,1,1,LOW_POWER_OR_UNSTABLE,1.0,1.0,1.0,ofaraiin
low_reliability_or_unlikely,stolfi_inspired_signature,G_f|S_GOLOLOL|T_ar,R00,1,1,1,LOW_POWER_OR_UNSTABLE,1.0,1.0,1.0,ofaralar
low_reliability_or_unlikely,stolfi_inspired_signature,G_f|S_GOLOLX|T_NONE,R00,1,1,1,LOW_POWER_OR_UNSTABLE,1.0,1.0,1.0,ofalals
low_reliability_or_unlikely,stolfi_inspired_signature,G_f|S_GOLX|T_NONE,R00,1,1,1,LOW_POWER_OR_UNSTABLE,1.0,1.0,1.0,ofals
low_reliability_or_unlikely,stolfi_inspired_signature,G_f|S_GYDOIL|T_aiin,R10,1,1,1,LOW_POWER_OR_UNSTABLE,1.0,1.0,1.0,shfydaiin
low_reliability_or_unlikely,stolfi_inspired_signature,G_f|S_GYDY|T_dy,R00,1,1,1,LOW_POWER_OR_UNSTABLE,1.0,1.0,1.0,ofydy
low_reliability_or_unlikely,stolfi_inspired_signature,G_f|S_LGBY|T_y,R00,1,1,1,LOW_POWER_OR_UNSTABLE,1.0,1.0,1.0,lfchy
low_reliability_or_unlikely,stolfi_inspired_signature,G_f|S_OBOLXGXY|T_y,R00,1,1,1,LOW_POWER_OR_UNSTABLE,1.0,1.0,1.0,sochorcfhy
low_reliability_or_unlikely,stolfi_inspired_signature,G_f|S_OEGY|T_y,R06,1,1,1,LOW_POWER_OR_UNSTABLE,1.0,1.0,1.0,shoefy
low_reliability_or_unlikely,stolfi_inspired_signature,G_f|S_OGOL|T_ol,R06,1,1,1,LOW_POWER_OR_UNSTABLE,1.0,1.0,1.0,shofol
low_reliability_or_unlikely,stolfi_inspired_signature,G_f|S_OG|T_NONE,R00,1,1,1,LOW_POWER_OR_UNSTABLE,1.0,1.0,1.0,of
low_reliability_or_unlikely,stolfi_inspired_signature,G_f|S_OLEG|T_NONE,R00,1,1,1,LOW_POWER_OR_UNSTABLE,1.0,1.0,1.0,alif
low_reliability_or_unlikely,stolfi_inspired_signature,G_f|S_OLGBY|T_y,R09,1,1,1,LOW_POWER_OR_UNSTABLE,1.0,1.0,1.0,dalfchy
low_reliability_or_unlikely,stolfi_inspired_signature,G_f|S_OLG|T_NONE,R06,1,1,1,LOW_POWER_OR_UNSTABLE,1.0,1.0,1.0,salf
low_reliability_or_unlikely,stolfi_inspired_signature,G_f|S_XGXEY|T_ey,R00,1,1,1,LOW_POWER_OR_UNSTABLE,1.0,1.0,1.0,chcfhey
low_reliability_or_unlikely,stolfi_inspired_signature,G_f|S_XGXODOL|T_ar,R00,1,1,1,LOW_POWER_OR_UNSTABLE,1.0,1.0,1.0,cfhodar
low_reliability_or_unlikely,stolfi_inspired_signature,G_f|S_XGXOIL|T_aiin,R00,1,1,1,LOW_POWER_OR_UNSTABLE,1.0,1.0,1.0,cfhaiin
low_reliability_or_unlikely,stolfi_inspired_signature,G_f|S_XGXOL|T_ar,R00,1,1,1,LOW_POWER_OR_UNSTABLE,1.0,1.0,1.0,cfhar
low_reliability_or_unlikely,stolfi_inspired_signature,G_f|S_XGXOL|T_m,R00,1,1,1,LOW_POWER_OR_UNSTABLE,1.0,1.0,1.0,cfham
low_reliability_or_unlikely,stolfi_inspired_signature,G_kf|S_EGEGY|T_y,R00,1,1,1,LOW_POWER_OR_UNSTABLE,1.0,1.0,1.0,shekeefy
low_reliability_or_unlikely,stolfi_inspired_signature,G_kf|S_GOLGBDY|T_dy,R00,1,1,1,LOW_POWER_OR_UNSTABLE,1.0,1.0,1.0,kolfchdy
low_reliability_or_unlikely,stolfi_inspired_signature,G_kf|S_GOXGXY|T_y,R00,1,1,1,LOW_POWER_OR_UNSTABLE,1.0,1.0,1.0,ykocfhy
low_reliability_or_unlikely,stolfi_inspired_signature,G_kf|S_XGXYGBY|T_y,R00,1,1,1,LOW_POWER_OR_UNSTABLE,1.0,1.0,1.0,chckhyfchy
low_reliability_or_unlikely,stolfi_inspired_signature,G_kk|S_BOGBY|T_y,R00,1,1,1,LOW_POWER_OR_UNSTABLE,1.0,1.0,1.0,okchokshy
low_reliability_or_unlikely,stolfi_inspired_signature,G_kk|S_BOLBGY|T_y,R00,1,1,1,LOW_POWER_OR_UNSTABLE,1.0,1.0,1.0,okchorchky
low_reliability_or_unlikely,stolfi_inspired_signature,G_kk|S_EOGOEL|T_ain,R00,1,1,1,LOW_POWER_OR_UNSTABLE,1.0,1.0,1.0,okeokain
low_reliability_or_unlikely,stolfi_inspired_signature,G_kk|S_EOGOIL|T_aiin,R10,1,1,1,LOW_POWER_OR_UNSTABLE,1.0,1.0,1.0,okeeokaiin
low_reliability_or_unlikely,stolfi_inspired_signature,G_kk|S_EOLGEY|T_eey,R00,1,1,1,LOW_POWER_OR_UNSTABLE,1.0,1.0,1.0,okeeolkeey
low_reliability_or_unlikely,stolfi_inspired_signature,G_kk|S_GBEGOEL|T_ain,R00,1,1,1,LOW_POWER_OR_UNSTABLE,1.0,1.0,1.0,kchekain
low_reliability_or_unlikely,stolfi_inspired_signature,G_kk|S_GBEGY|T_y,R00,1,1,1,LOW_POWER_OR_UNSTABLE,1.0,1.0,1.0,kcheeky
low_reliability_or_unlikely,stolfi_inspired_signature,G_kk|S_GBOGEO|T_NONE,R00,1,1,1,LOW_POWER_OR_UNSTABLE,1.0,1.0,1.0,ykchokeo
low_reliability_or_unlikely,stolfi_inspired_signature,G_kk|S_GBYGOLY|T_y,R00,1,1,1,LOW_POWER_OR_UNSTABLE,1.0,1.0,1.0,chkchykoly
low_reliability_or_unlikely,stolfi_inspired_signature,G_kk|S_GEOLGEO|T_NONE,R00,1,1,1,LOW_POWER_OR_UNSTABLE,1.0,1.0,1.0,olkeeolkeeo
low_reliability_or_unlikely,stolfi_inspired_signature,G_kk|S_GEOXGXEY|T_ey,R00,1,1,1,LOW_POWER_OR_UNSTABLE,1.0,1.0,1.0,ykeockhey
low_reliability_or_unlikely,stolfi_inspired_signature,G_kk|S_GOGOIL|T_aiin,R00,1,1,1,LOW_POWER_OR_UNSTABLE,1.0,1.0,1.0,kokaiin
low_reliability_or_unlikely,stolfi_inspired_signature,G_kk|S_GOLGEDY|T_edy,R00,1,1,1,LOW_POWER_OR_UNSTABLE,1.0,1.0,1.0,kolkedy
low_reliability_or_unlikely,stolfi_inspired_signature,G_kk|S_GOLGOL|T_al,R00,1,1,1,LOW_POWER_OR_UNSTABLE,1.0,1.0,1.0,ykalkal
low_reliability_or_unlikely,stolfi_inspired_signature,G_kk|S_GOLYGY|T_y,R06,1,1,1,LOW_POWER_OR_UNSTABLE,1.0,1.0,1.0,kolyky
low_reliability_or_unlikely,stolfi_inspired_signature,G_kk|S_LGBYGBY|T_y,R00,1,1,1,LOW_POWER_OR_UNSTABLE,1.0,1.0,1.0,lkshykchy
low_reliability_or_unlikely,stolfi_inspired_signature,G_kk|S_LGEDLGEY|T_ey,R00,1,1,1,LOW_POWER_OR_UNSTABLE,1.0,1.0,1.0,lkedlkey
low_reliability_or_unlikely,stolfi_inspired_signature,G_kk|S_OGBODX|T_NONE,R00,1,1,1,LOW_POWER_OR_UNSTABLE,1.0,1.0,1.0,okokchodg
low_reliability_or_unlikely,stolfi_inspired_signature,G_kk|S_OLGY|T_y,R00,1,1,1,LOW_POWER_OR_UNSTABLE,1.0,1.0,1.0,okolky
low_reliability_or_unlikely,stolfi_inspired_signature,G_kk|S_OXGXY|T_y,R00,1,1,1,LOW_POWER_OR_UNSTABLE,1.0,1.0,1.0,okockhy
low_reliability_or_unlikely,stolfi_inspired_signature,G_kk|S_XGXOXGXY|T_y,R00,1,1,1,LOW_POWER_OR_UNSTABLE,1.0,1.0,1.0,ckhockhy
low_reliability_or_unlikely,stolfi_inspired_signature,G_kk|S_YGOIL|T_aiin,R00,1,1,1,LOW_POWER_OR_UNSTABLE,1.0,1.0,1.0,okykaiin
low_reliability_or_unlikely,stolfi_inspired_signature,G_kp|S_GEGOL|T_ol,R00,1,1,1,LOW_POWER_OR_UNSTABLE,1.0,1.0,1.0,ykeeepol
low_reliability_or_unlikely,stolfi_inspired_signature,G_kp|S_GOLGY|T_y,R06,1,1,1,LOW_POWER_OR_UNSTABLE,1.0,1.0,1.0,kolpy
low_reliability_or_unlikely,stolfi_inspired_signature,G_kt|S_EOXGXY|T_y,R00,1,1,1,LOW_POWER_OR_UNSTABLE,1.0,1.0,1.0,okeeocthy
low_reliability_or_unlikely,stolfi_inspired_signature,G_kt|S_EYGOL|T_m,R00,1,1,1,LOW_POWER_OR_UNSTABLE,1.0,1.0,1.0,okeytam
low_reliability_or_unlikely,stolfi_inspired_signature,G_kt|S_GBYGY|T_y,R06,1,1,1,LOW_POWER_OR_UNSTABLE,1.0,1.0,1.0,kchyty
low_reliability_or_unlikely,stolfi_inspired_signature,G_kt|S_GEOXGXY|T_y,R00,1,1,1,LOW_POWER_OR_UNSTABLE,1.0,1.0,1.0,keocthy
low_reliability_or_unlikely,stolfi_inspired_signature,G_kt|S_GOGBODY|T_dy,R00,1,1,1,LOW_POWER_OR_UNSTABLE,1.0,1.0,1.0,kotchody
low_reliability_or_unlikely,stolfi_inspired_signature,G_kt|S_GOYXGXY|T_y,R00,1,1,1,LOW_POWER_OR_UNSTABLE,1.0,1.0,1.0,olkaycthy
low_reliability_or_unlikely,stolfi_inspired_signature,G_kt|S_OELOLGOX|T_NONE,H08,1,1,1,LOW_POWER_OR_UNSTABLE,1.0,1.0,1.0,qokairortas
low_reliability_or_unlikely,stolfi_inspired_signature,G_kt|S_XGXOXGXY|T_y,R04,1,1,1,LOW_POWER_OR_UNSTABLE,1.0,1.0,1.0,ckhocthy
low_reliability_or_unlikely,stolfi_inspired_signature,G_kt|S_YGBEDY|T_edy,H10,1,1,1,LOW_POWER_OR_UNSTABLE,1.0,1.0,1.0,qokytchedy
low_reliability_or_unlikely,stolfi_inspired_signature,G_kt|S_YGOIL|T_aiin,R00,1,1,1,LOW_POWER_OR_UNSTABLE,1.0,1.0,1.0,okytaiin
low_reliability_or_unlikely,stolfi_inspired_signature,G_k|S_BDBOX|T_NONE,R00,1,1,1,LOW_POWER_OR_UNSTABLE,1.0,1.0,1.0,okshdchos
low_reliability_or_unlikely,stolfi_inspired_signature,G_k|S_BDLDLO|T_NONE,R00,1,1,1,LOW_POWER_OR_UNSTABLE,1.0,1.0,1.0,okchdldlo
low_reliability_or_unlikely,stolfi_inspired_signature,G_k|S_BDOLOL|T_ar,R00,1,1,1,LOW_POWER_OR_UNSTABLE,1.0,1.0,1.0,okchdarar
low_reliability_or_unlikely,stolfi_inspired_signature,G_k|S_BDOL|T_al,R09,1,1,1,LOW_POWER_OR_UNSTABLE,1.0,1.0,1.0,okchdal
low_reliability_or_unlikely,stolfi_inspired_signature,G_k|S_BEBY|T_y,R00,1,1,1,LOW_POWER_OR_UNSTABLE,1.0,1.0,1.0,okchechy
low_reliability_or_unlikely,stolfi_inspired_signature,G_k|S_BEDYOLOL|T_or,R00,1,1,1,LOW_POWER_OR_UNSTABLE,1.0,1.0,1.0,okchedyoror
low_reliability_or_unlikely,stolfi_inspired_signature,G_k|S_BED|T_NONE,R00,1,1,1,LOW_POWER_OR_UNSTABLE,1.0,1.0,1.0,okshed
low_reliability_or_unlikely,stolfi_inspired_signature,G_k|S_BEGBY|T_y,R00,1,1,1,LOW_POWER_OR_UNSTABLE,1.0,1.0,1.0,ychekchy
low_reliability_or_unlikely,stolfi_inspired_signature,G_k|S_BEGEDY|T_eedy,R00,1,1,1,LOW_POWER_OR_UNSTABLE,1.0,1.0,1.0,dchekeedy
low_reliability_or_unlikely,stolfi_inspired_signature,G_k|S_BEGEY|T_eey,R00,1,1,1,LOW_POWER_OR_UNSTABLE,1.0,1.0,1.0,ycheekeey
low_reliability_or_unlikely,stolfi_inspired_signature,G_k|S_BEGOL|T_ol,R00,1,1,1,LOW_POWER_OR_UNSTABLE,1.0,1.0,1.0,schekol
low_reliability_or_unlikely,stolfi_inspired_signature,G_k|S_BEODY|T_dy,R00,1,1,1,LOW_POWER_OR_UNSTABLE,1.0,1.0,1.0,oksheeody
low_reliability_or_unlikely,stolfi_inspired_signature,G_k|S_BEOLOLOEL|T_ain,H08,1,1,1,LOW_POWER_OR_UNSTABLE,1.0,1.0,1.0,qokcheololain
low_reliability_or_unlikely,stolfi_inspired_signature,G_k|S_BEOL|T_or,R00,1,1,1,LOW_POWER_OR_UNSTABLE,1.0,1.0,1.0,okcheor
low_reliability_or_unlikely,stolfi_inspired_signature,G_k|S_BEOXGXY|T_y,R00,1,1,1,LOW_POWER_OR_UNSTABLE,1.0,1.0,1.0,ycheockhy
low_reliability_or_unlikely,stolfi_inspired_signature,G_k|S_BEXGXOX|T_NONE,R00,1,1,1,LOW_POWER_OR_UNSTABLE,1.0,1.0,1.0,dcheeckhos
low_reliability_or_unlikely,stolfi_inspired_signature,G_k|S_BEXGXY|T_y,R00,1,1,1,LOW_POWER_OR_UNSTABLE,1.0,1.0,1.0,dsheckhy
low_reliability_or_unlikely,stolfi_inspired_signature,G_k|S_BEXYGBY|T_y,R00,1,1,1,LOW_POWER_OR_UNSTABLE,1.0,1.0,1.0,dchesykchy
low_reliability_or_unlikely,stolfi_inspired_signature,G_k|S_BEX|T_NONE,R00,1,1,1,LOW_POWER_OR_UNSTABLE,1.0,1.0,1.0,okshes
low_reliability_or_unlikely,stolfi_inspired_signature,G_k|S_BEY|T_eey,R00,1,1,1,LOW_POWER_OR_UNSTABLE,1.0,1.0,1.0,okcheey
low_reliability_or_unlikely,stolfi_inspired_signature,G_k|S_BE|T_e,H08,1,1,1,LOW_POWER_OR_UNSTABLE,1.0,1.0,1.0,qokshe
low_reliability_or_unlikely,stolfi_inspired_signature,G_k|S_BGBDY|T_dy,R00,1,1,1,LOW_POWER_OR_UNSTABLE,1.0,1.0,1.0,sshkchdy
low_reliability_or_unlikely,stolfi_inspired_signature,G_k|S_BOEL|T_ain,R00,1,1,1,LOW_POWER_OR_UNSTABLE,1.0,1.0,1.0,okchain
low_reliability_or_unlikely,stolfi_inspired_signature,G_k|S_BOGBY|T_y,R00,1,1,1,LOW_POWER_OR_UNSTABLE,1.0,1.0,1.0,dchokchy
low_reliability_or_unlikely,stolfi_inspired_signature,G_k|S_BOG|T_NONE,R06,1,1,1,LOW_POWER_OR_UNSTABLE,1.0,1.0,1.0,sshok
low_reliability_or_unlikely,stolfi_inspired_signature,G_k|S_BOIEL|T_iin,R00,1,1,1,LOW_POWER_OR_UNSTABLE,1.0,1.0,1.0,okchoiiin
low_reliability_or_unlikely,stolfi_inspired_signature,G_k|S_BOLOIL|T_iin,R00,1,1,1,LOW_POWER_OR_UNSTABLE,1.0,1.0,1.0,okchoroiin
low_reliability_or_unlikely,stolfi_inspired_signature,G_k|S_BOL|T_al,R00,1,1,1,LOW_POWER_OR_UNSTABLE,1.0,1.0,1.0,okchal
low_reliability_or_unlikely,stolfi_inspired_signature,G_k|S_BOL|T_n,R00,1,1,1,LOW_POWER_OR_UNSTABLE,1.0,1.0,1.0,okchan
low_reliability_or_unlikely,stolfi_inspired_signature,G_k|S_BOXGXY|T_y,R00,1,1,1,LOW_POWER_OR_UNSTABLE,1.0,1.0,1.0,ochockhy
low_reliability_or_unlikely,stolfi_inspired_signature,G_k|S_BOXOL|T_m,R00,1,1,1,LOW_POWER_OR_UNSTABLE,1.0,1.0,1.0,okchosam
low_reliability_or_unlikely,stolfi_inspired_signature,G_k|S_BOYG|T_NONE,R00,1,1,1,LOW_POWER_OR_UNSTABLE,1.0,1.0,1.0,ochoyk
low_reliability_or_unlikely,stolfi_inspired_signature,G_k|S_BOY|T_y,R00,1,1,1,LOW_POWER_OR_UNSTABLE,1.0,1.0,1.0,okchoy
low_reliability_or_unlikely,stolfi_inspired_signature,G_k|S_BYD|T_NONE,R00,1,1,1,LOW_POWER_OR_UNSTABLE,1.0,1.0,1.0,okchyd
low_reliability_or_unlikely,stolfi_inspired_signature,G_k|S_BYGBY|T_y,R00,1,1,1,LOW_POWER_OR_UNSTABLE,1.0,1.0,1.0,dchykchy
low_reliability_or_unlikely,stolfi_inspired_signature,G_k|S_DEGOL|T_m,R06,1,1,1,LOW_POWER_OR_UNSTABLE,1.0,1.0,1.0,ydekam
low_reliability_or_unlikely,stolfi_inspired_signature,G_k|S_DY|T_y,R00,1,1,1,LOW_POWER_OR_UNSTABLE,1.0,1.0,1.0,okdy
low_reliability_or_unlikely,stolfi_inspired_signature,G_k|S_EBDOLOL|T_al,R00,1,1,1,LOW_POWER_OR_UNSTABLE,1.0,1.0,1.0,okechdaral
low_reliability_or_unlikely,stolfi_inspired_signature,G_k|S_EBGOLOL|T_al,R00,1,1,1,LOW_POWER_OR_UNSTABLE,1.0,1.0,1.0,echkalal
low_reliability_or_unlikely,stolfi_inspired_signature,G_k|S_EBOL|T_m,H08,1,1,1,LOW_POWER_OR_UNSTABLE,1.0,1.0,1.0,qokeechom
low_reliability_or_unlikely,stolfi_inspired_signature,G_k|S_EBOX|T_NONE,R00,1,1,1,LOW_POWER_OR_UNSTABLE,1.0,1.0,1.0,okeshos
low_reliability_or_unlikely,stolfi_inspired_signature,G_k|S_EDEDY|T_edy,H12,1,1,1,LOW_POWER_OR_UNSTABLE,1.0,1.0,1.0,qokededy
low_reliability_or_unlikely,stolfi_inspired_signature,G_k|S_EDGOEL|T_ain,R00,1,1,1,LOW_POWER_OR_UNSTABLE,1.0,1.0,1.0,chedkain
low_reliability_or_unlikely,stolfi_inspired_signature,G_k|S_EDGOLY|T_y,R00,1,1,1,LOW_POWER_OR_UNSTABLE,1.0,1.0,1.0,chedkaly
low_reliability_or_unlikely,stolfi_inspired_signature,G_k|S_EDL|T_l,R00,1,1,1,LOW_POWER_OR_UNSTABLE,1.0,1.0,1.0,okedl
low_reliability_or_unlikely,stolfi_inspired_signature,G_k|S_EDOLOL|T_or,R00,1,1,1,LOW_POWER_OR_UNSTABLE,1.0,1.0,1.0,okedalor
low_reliability_or_unlikely,stolfi_inspired_signature,G_k|S_EDOL|T_m,R00,1,1,1,LOW_POWER_OR_UNSTABLE,1.0,1.0,1.0,okedam
low_reliability_or_unlikely,stolfi_inspired_signature,G_k|S_EDYGOL|T_ar,R00,1,1,1,LOW_POWER_OR_UNSTABLE,1.0,1.0,1.0,chedykar
low_reliability_or_unlikely,stolfi_inspired_signature,G_k|S_EDYQOL|T_ol,R00,1,1,1,LOW_POWER_OR_UNSTABLE,1.0,1.0,1.0,okeedyqol
low_reliability_or_unlikely,stolfi_inspired_signature,G_k|S_EGBOL|T_ol,R08,1,1,1,LOW_POWER_OR_UNSTABLE,1.0,1.0,1.0,shekshol
low_reliability_or_unlikely,stolfi_inspired_signature,G_k|S_EGEDY|T_edy,H21,1,1,1,LOW_POWER_OR_UNSTABLE,1.0,1.0,1.0,qoekedy
low_reliability_or_unlikely,stolfi_inspired_signature,G_k|S_EGEOLY|T_y,R00,1,1,1,LOW_POWER_OR_UNSTABLE,1.0,1.0,1.0,shekealy
low_reliability_or_unlikely,stolfi_inspired_signature,G_k|S_EGEOL|T_ol,H07,1,1,1,LOW_POWER_OR_UNSTABLE,1.0,1.0,1.0,qoekeol
low_reliability_or_unlikely,stolfi_inspired_signature,G_k|S_EGEX|T_NONE,R06,1,1,1,LOW_POWER_OR_UNSTABLE,1.0,1.0,1.0,yekees
low_reliability_or_unlikely,stolfi_inspired_signature,G_k|S_EGEYX|T_NONE,R00,1,1,1,LOW_POWER_OR_UNSTABLE,1.0,1.0,1.0,chekeys
low_reliability_or_unlikely,stolfi_inspired_signature,G_k|S_EGEY|T_eey,H07,1,1,1,LOW_POWER_OR_UNSTABLE,1.0,1.0,1.0,qoekeey
low_reliability_or_unlikely,stolfi_inspired_signature,G_k|S_EGOEL|T_m,R00,1,1,1,LOW_POWER_OR_UNSTABLE,1.0,1.0,1.0,chekaim
low_reliability_or_unlikely,stolfi_inspired_signature,G_k|S_EGOL|T_m,R00,1,1,1,LOW_POWER_OR_UNSTABLE,1.0,1.0,1.0,chekam
low_reliability_or_unlikely,stolfi_inspired_signature,G_k|S_EGOL|T_n,R00,1,1,1,LOW_POWER_OR_UNSTABLE,1.0,1.0,1.0,cheeekan
low_reliability_or_unlikely,stolfi_inspired_signature,G_k|S_EGOL|T_ol,R06,1,1,1,LOW_POWER_OR_UNSTABLE,1.0,1.0,1.0,shekol
low_reliability_or_unlikely,stolfi_inspired_signature,G_k|S_EGOL|T_or,R00,1,1,1,LOW_POWER_OR_UNSTABLE,1.0,1.0,1.0,olekor
low_reliability_or_unlikely,stolfi_inspired_signature,G_k|S_ELY|T_y,R00,1,1,1,LOW_POWER_OR_UNSTABLE,1.0,1.0,1.0,okeely
low_reliability_or_unlikely,stolfi_inspired_signature,G_k|S_EL|T_l,R00,1,1,1,LOW_POWER_OR_UNSTABLE,1.0,1.0,1.0,okel
low_reliability_or_unlikely,stolfi_inspired_signature,G_k|S_EODBO|T_NONE,R00,1,1,1,LOW_POWER_OR_UNSTABLE,1.0,1.0,1.0,okeodsho
low_reliability_or_unlikely,stolfi_inspired_signature,G_k|S_EODOIL|T_aiin,R00,1,1,1,LOW_POWER_OR_UNSTABLE,1.0,1.0,1.0,okeeodaiin
low_reliability_or_unlikely,stolfi_inspired_signature,G_k|S_EODOL|T_al,R00,1,1,1,LOW_POWER_OR_UNSTABLE,1.0,1.0,1.0,okeeodal
low_reliability_or_unlikely,stolfi_inspired_signature,G_k|S_EODOL|T_or,R00,1,1,1,LOW_POWER_OR_UNSTABLE,1.0,1.0,1.0,okeodor
low_reliability_or_unlikely,stolfi_inspired_signature,G_k|S_EOEGY|T_y,R00,1,1,1,LOW_POWER_OR_UNSTABLE,1.0,1.0,1.0,sheoeky
low_reliability_or_unlikely,stolfi_inspired_signature,G_k|S_EOEY|T_eey,R00,1,1,1,LOW_POWER_OR_UNSTABLE,1.0,1.0,1.0,okeoeeey
low_reliability_or_unlikely,stolfi_inspired_signature,G_k|S_EOGEDY|T_eedy,R00,1,1,1,LOW_POWER_OR_UNSTABLE,1.0,1.0,1.0,sheokeedy
low_reliability_or_unlikely,stolfi_inspired_signature,G_k|S_EOGEY|T_ey,R00,1,1,1,LOW_POWER_OR_UNSTABLE,1.0,1.0,1.0,cheokey
low_reliability_or_unlikely,stolfi_inspired_signature,G_k|S_EOGOEL|T_ain,R00,1,1,1,LOW_POWER_OR_UNSTABLE,1.0,1.0,1.0,cheokain
low_reliability_or_unlikely,stolfi_inspired_signature,G_k|S_EOGOIL|T_aiin,R00,1,1,1,LOW_POWER_OR_UNSTABLE,1.0,1.0,1.0,cheokaiin
low_reliability_or_unlikely,stolfi_inspired_signature,G_k|S_EOGOL|T_m,R00,1,1,1,LOW_POWER_OR_UNSTABLE,1.0,1.0,1.0,cheokam
low_reliability_or_unlikely,stolfi_inspired_signature,G_k|S_EOGOL|T_or,R00,1,1,1,LOW_POWER_OR_UNSTABLE,1.0,1.0,1.0,cheokor
low_reliability_or_unlikely,stolfi_inspired_signature,G_k|S_EOLBEGY|T_y,R00,1,1,1,LOW_POWER_OR_UNSTABLE,1.0,1.0,1.0,sheolcheky
low_reliability_or_unlikely,stolfi_inspired_signature,G_k|S_EOLBEY|T_ey,H08,1,1,1,LOW_POWER_OR_UNSTABLE,1.0,1.0,1.0,qokeolchey
low_reliability_or_unlikely,stolfi_inspired_signature,G_k|S_EOLGEOL|T_al,R00,1,1,1,LOW_POWER_OR_UNSTABLE,1.0,1.0,1.0,sheolkeal
low_reliability_or_unlikely,stolfi_inspired_signature,G_k|S_EOLGEY|T_eey,R00,1,1,1,LOW_POWER_OR_UNSTABLE,1.0,1.0,1.0,cheolkeey
low_reliability_or_unlikely,stolfi_inspired_signature,G_k|S_EOLGOIL|T_aiin,R00,1,1,1,LOW_POWER_OR_UNSTABLE,1.0,1.0,1.0,cheolkaiin
low_reliability_or_unlikely,stolfi_inspired_signature,G_k|S_EOLOIL|T_aiin,R00,1,1,1,LOW_POWER_OR_UNSTABLE,1.0,1.0,1.0,okeeoraiin
low_reliability_or_unlikely,stolfi_inspired_signature,G_k|S_EOLOL|T_m,R00,1,1,1,LOW_POWER_OR_UNSTABLE,1.0,1.0,1.0,okeoram
low_reliability_or_unlikely,stolfi_inspired_signature,G_k|S_EOLOL|T_or,R00,1,1,1,LOW_POWER_OR_UNSTABLE,1.0,1.0,1.0,okeolor
low_reliability_or_unlikely,stolfi_inspired_signature,G_k|S_EOLO|T_NONE,H08,1,1,1,LOW_POWER_OR_UNSTABLE,1.0,1.0,1.0,qokeolo
low_reliability_or_unlikely,stolfi_inspired_signature,G_k|S_EOLYD|T_NONE,R00,1,1,1,LOW_POWER_OR_UNSTABLE,1.0,1.0,1.0,okeolyd
low_reliability_or_unlikely,stolfi_inspired_signature,G_k|S_EOXGOL|T_ol,R00,1,1,1,LOW_POWER_OR_UNSTABLE,1.0,1.0,1.0,deeeoskol
low_reliability_or_unlikely,stolfi_inspired_signature,G_k|S_EOY|T_y,R00,1,1,1,LOW_POWER_OR_UNSTABLE,1.0,1.0,1.0,okeeoy
low_reliability_or_unlikely,stolfi_inspired_signature,G_k|S_EXDY|T_dy,H11,1,1,1,LOW_POWER_OR_UNSTABLE,1.0,1.0,1.0,qokesdy
low_reliability_or_unlikely,stolfi_inspired_signature,G_k|S_EXGXED|T_NONE,R00,1,1,1,LOW_POWER_OR_UNSTABLE,1.0,1.0,1.0,checkhed
low_reliability_or_unlikely,stolfi_inspired_signature,G_k|S_EXGXOL|T_ol,R00,1,1,1,LOW_POWER_OR_UNSTABLE,1.0,1.0,1.0,checkhol
low_reliability_or_unlikely,stolfi_inspired_signature,G_k|S_EXODOL|T_ar,R00,1,1,1,LOW_POWER_OR_UNSTABLE,1.0,1.0,1.0,okeesodar
low_reliability_or_unlikely,stolfi_inspired_signature,G_k|S_EYGEBEY|T_ey,R00,1,1,1,LOW_POWER_OR_UNSTABLE,1.0,1.0,1.0,cheykechey
low_reliability_or_unlikely,stolfi_inspired_signature,G_k|S_EYGEDY|T_edy,R00,1,1,1,LOW_POWER_OR_UNSTABLE,1.0,1.0,1.0,cheykedy
low_reliability_or_unlikely,stolfi_inspired_signature,G_k|S_EYGOEL|T_ain,R00,1,1,1,LOW_POWER_OR_UNSTABLE,1.0,1.0,1.0,sheykain
low_reliability_or_unlikely,stolfi_inspired_signature,G_k|S_E|T_e,R00,1,1,1,LOW_POWER_OR_UNSTABLE,1.0,1.0,1.0,okee
low_reliability_or_unlikely,stolfi_inspired_signature,G_k|S_GBDOL|T_al,R06,1,1,1,LOW_POWER_OR_UNSTABLE,1.0,1.0,1.0,kchdal
low_reliability_or_unlikely,stolfi_inspired_signature,G_k|S_GBD|T_NONE,R06,1,1,1,LOW_POWER_OR_UNSTABLE,1.0,1.0,1.0,kshd
low_reliability_or_unlikely,stolfi_inspired_signature,G_k|S_GBEDY|T_eedy,R00,1,1,1,LOW_POWER_OR_UNSTABLE,1.0,1.0,1.0,kcheedy
low_reliability_or_unlikely,stolfi_inspired_signature,G_k|S_GBEODL|T_l,R00,1,1,1,LOW_POWER_OR_UNSTABLE,1.0,1.0,1.0,ksheodl
low_reliability_or_unlikely,stolfi_inspired_signature,G_k|S_GBEODY|T_dy,R00,1,1,1,LOW_POWER_OR_UNSTABLE,1.0,1.0,1.0,ksheody
low_reliability_or_unlikely,stolfi_inspired_signature,G_k|S_GBEOEY|T_ey,R00,1,1,1,LOW_POWER_OR_UNSTABLE,1.0,1.0,1.0,kcheoey
low_reliability_or_unlikely,stolfi_inspired_signature,G_k|S_GBEOL|T_ol,R06,1,1,1,LOW_POWER_OR_UNSTABLE,1.0,1.0,1.0,ksheol
low_reliability_or_unlikely,stolfi_inspired_signature,G_k|S_GBEY|T_eey,R00,1,1,1,LOW_POWER_OR_UNSTABLE,1.0,1.0,1.0,dksheey
low_reliability_or_unlikely,stolfi_inspired_signature,G_k|S_GBOBDY|T_dy,R00,1,1,1,LOW_POWER_OR_UNSTABLE,1.0,1.0,1.0,ykchochdy
low_reliability_or_unlikely,stolfi_inspired_signature,G_k|S_GBOBOIL|T_aiin,R00,1,1,1,LOW_POWER_OR_UNSTABLE,1.0,1.0,1.0,kchochaiin
low_reliability_or_unlikely,stolfi_inspired_signature,G_k|S_GBODOL|T_n,R00,1,1,1,LOW_POWER_OR_UNSTABLE,1.0,1.0,1.0,kchodan
low_reliability_or_unlikely,stolfi_inspired_signature,G_k|S_GBODYOL|T_al,R00,1,1,1,LOW_POWER_OR_UNSTABLE,1.0,1.0,1.0,shkchodyal
low_reliability_or_unlikely,stolfi_inspired_signature,G_k|S_GBODY|T_dy,R00,1,1,1,LOW_POWER_OR_UNSTABLE,1.0,1.0,1.0,ykchody
low_reliability_or_unlikely,stolfi_inspired_signature,G_k|S_GBOLBDOL|T_ar,R00,1,1,1,LOW_POWER_OR_UNSTABLE,1.0,1.0,1.0,kcholchdar
low_reliability_or_unlikely,stolfi_inspired_signature,G_k|S_GBOLQOD|T_NONE,R07,1,1,1,LOW_POWER_OR_UNSTABLE,1.0,1.0,1.0,ykcholqod
low_reliability_or_unlikely,stolfi_inspired_signature,G_k|S_GBOL|T_ar,R06,1,1,1,LOW_POWER_OR_UNSTABLE,1.0,1.0,1.0,kchar
low_reliability_or_unlikely,stolfi_inspired_signature,G_k|S_GBOY|T_y,R06,1,1,1,LOW_POWER_OR_UNSTABLE,1.0,1.0,1.0,kchoy
low_reliability_or_unlikely,stolfi_inspired_signature,G_k|S_GBX|T_NONE,R00,1,1,1,LOW_POWER_OR_UNSTABLE,1.0,1.0,1.0,olkchs
low_reliability_or_unlikely,stolfi_inspired_signature,G_k|S_GBYDY|T_dy,R06,1,1,1,LOW_POWER_OR_UNSTABLE,1.0,1.0,1.0,kchydy
low_reliability_or_unlikely,stolfi_inspired_signature,G_k|S_GBYX|T_NONE,R06,1,1,1,LOW_POWER_OR_UNSTABLE,1.0,1.0,1.0,ykchys
low_reliability_or_unlikely,stolfi_inspired_signature,G_k|S_GEBODY|T_dy,R00,1,1,1,LOW_POWER_OR_UNSTABLE,1.0,1.0,1.0,keeshody
low_reliability_or_unlikely,stolfi_inspired_signature,G_k|S_GEBO|T_NONE,R06,1,1,1,LOW_POWER_OR_UNSTABLE,1.0,1.0,1.0,ykecho
low_reliability_or_unlikely,stolfi_inspired_signature,G_k|S_GEDOIL|T_aiin,R10,1,1,1,LOW_POWER_OR_UNSTABLE,1.0,1.0,1.0,ykeedaiin
low_reliability_or_unlikely,stolfi_inspired_signature,G_k|S_GEDOLXY|T_y,R00,1,1,1,LOW_POWER_OR_UNSTABLE,1.0,1.0,1.0,kedarxy
low_reliability_or_unlikely,stolfi_inspired_signature,G_k|S_GEDOL|T_n,R00,1,1,1,LOW_POWER_OR_UNSTABLE,1.0,1.0,1.0,ykeedan
low_reliability_or_unlikely,stolfi_inspired_signature,G_k|S_GEDOL|T_or,R06,1,1,1,LOW_POWER_OR_UNSTABLE,1.0,1.0,1.0,keedor
low_reliability_or_unlikely,stolfi_inspired_signature,G_k|S_GEOBE|T_e,R00,1,1,1,LOW_POWER_OR_UNSTABLE,1.0,1.0,1.0,ykeoshe
low_reliability_or_unlikely,stolfi_inspired_signature,G_k|S_GEOBY|T_y,R00,1,1,1,LOW_POWER_OR_UNSTABLE,1.0,1.0,1.0,keeochy
low_reliability_or_unlikely,stolfi_inspired_signature,G_k|S_GEODOL|T_ar,R00,1,1,1,LOW_POWER_OR_UNSTABLE,1.0,1.0,1.0,ykeodar
low_reliability_or_unlikely,stolfi_inspired_signature,G_k|S_GEOIL|T_aiin,R06,1,1,1,LOW_POWER_OR_UNSTABLE,1.0,1.0,1.0,keaiin
low_reliability_or_unlikely,stolfi_inspired_signature,G_k|S_GEOLDOLBODY|T_dy,R00,1,1,1,LOW_POWER_OR_UNSTABLE,1.0,1.0,1.0,ykeeoldarchody
low_reliability_or_unlikely,stolfi_inspired_signature,G_k|S_GEOLOIEL|T_aiiin,R00,1,1,1,LOW_POWER_OR_UNSTABLE,1.0,1.0,1.0,keoraiiin
low_reliability_or_unlikely,stolfi_inspired_signature,G_k|S_GEOX|T_NONE,R06,1,1,1,LOW_POWER_OR_UNSTABLE,1.0,1.0,1.0,ykeos
low_reliability_or_unlikely,stolfi_inspired_signature,G_k|S_GEYDY|T_dy,R00,1,1,1,LOW_POWER_OR_UNSTABLE,1.0,1.0,1.0,ykeydy
low_reliability_or_unlikely,stolfi_inspired_signature,G_k|S_GE|T_ee,R06,1,1,1,LOW_POWER_OR_UNSTABLE,1.0,1.0,1.0,ykeee
low_reliability_or_unlikely,stolfi_inspired_signature,G_k|S_GL|T_r,R00,1,1,1,LOW_POWER_OR_UNSTABLE,1.0,1.0,1.0,okr
low_reliability_or_unlikely,stolfi_inspired_signature,G_k|S_GOBEOL|T_or,R00,1,1,1,LOW_POWER_OR_UNSTABLE,1.0,1.0,1.0,kocheor
low_reliability_or_unlikely,stolfi_inspired_signature,G_k|S_GOBOLDY|T_dy,R00,1,1,1,LOW_POWER_OR_UNSTABLE,1.0,1.0,1.0,kochardy
low_reliability_or_unlikely,stolfi_inspired_signature,G_k|S_GOBOL|T_or,R06,1,1,1,LOW_POWER_OR_UNSTABLE,1.0,1.0,1.0,kochor
low_reliability_or_unlikely,stolfi_inspired_signature,G_k|S_GODOLY|T_y,R06,1,1,1,LOW_POWER_OR_UNSTABLE,1.0,1.0,1.0,kodary
low_reliability_or_unlikely,stolfi_inspired_signature,G_k|S_GOD|T_NONE,R06,1,1,1,LOW_POWER_OR_UNSTABLE,1.0,1.0,1.0,kod
low_reliability_or_unlikely,stolfi_inspired_signature,G_k|S_GOELOL|T_m,R06,1,1,1,LOW_POWER_OR_UNSTABLE,1.0,1.0,1.0,kairam
low_reliability_or_unlikely,stolfi_inspired_signature,G_k|S_GOEOLOEL|T_ain,R00,1,1,1,LOW_POWER_OR_UNSTABLE,1.0,1.0,1.0,koeeorain
low_reliability_or_unlikely,stolfi_inspired_signature,G_k|S_GOILX|T_NONE,R00,1,1,1,LOW_POWER_OR_UNSTABLE,1.0,1.0,1.0,ykaiilg
low_reliability_or_unlikely,stolfi_inspired_signature,G_k|S_GOIL|T_r,R06,1,1,1,LOW_POWER_OR_UNSTABLE,1.0,1.0,1.0,ykaiir
low_reliability_or_unlikely,stolfi_inspired_signature,G_k|S_GOIODOL|T_ar,R00,1,1,1,LOW_POWER_OR_UNSTABLE,1.0,1.0,1.0,skaiiodar
low_reliability_or_unlikely,stolfi_inspired_signature,G_k|S_GOLBD|T_NONE,R06,1,1,1,LOW_POWER_OR_UNSTABLE,1.0,1.0,1.0,kolshd
low_reliability_or_unlikely,stolfi_inspired_signature,G_k|S_GOLBEY|T_ey,R00,1,1,1,LOW_POWER_OR_UNSTABLE,1.0,1.0,1.0,korshey
low_reliability_or_unlikely,stolfi_inspired_signature,G_k|S_GOLBY|T_y,R06,1,1,1,LOW_POWER_OR_UNSTABLE,1.0,1.0,1.0,korchy
low_reliability_or_unlikely,stolfi_inspired_signature,G_k|S_GOLDOEL|T_m,R00,1,1,1,LOW_POWER_OR_UNSTABLE,1.0,1.0,1.0,kaldaim
low_reliability_or_unlikely,stolfi_inspired_signature,G_k|S_GOLDOIL|T_aiin,R00,1,1,1,LOW_POWER_OR_UNSTABLE,1.0,1.0,1.0,kaldaiin
low_reliability_or_unlikely,stolfi_inspired_signature,G_k|S_GOLDOLOD|T_NONE,R00,1,1,1,LOW_POWER_OR_UNSTABLE,1.0,1.0,1.0,koldarod
low_reliability_or_unlikely,stolfi_inspired_signature,G_k|S_GOLEOLOL|T_ol,R00,1,1,1,LOW_POWER_OR_UNSTABLE,1.0,1.0,1.0,koleearol
low_reliability_or_unlikely,stolfi_inspired_signature,G_k|S_GOLOELOL|T_ol,R00,1,1,1,LOW_POWER_OR_UNSTABLE,1.0,1.0,1.0,ykolairol
low_reliability_or_unlikely,stolfi_inspired_signature,G_k|S_GOLOELY|T_y,R00,1,1,1,LOW_POWER_OR_UNSTABLE,1.0,1.0,1.0,korainy
low_reliability_or_unlikely,stolfi_inspired_signature,G_k|S_GOLOLOL|T_m,R00,1,1,1,LOW_POWER_OR_UNSTABLE,1.0,1.0,1.0,ykaralam
low_reliability_or_unlikely,stolfi_inspired_signature,G_k|S_GOL|T_n,R06,1,1,1,LOW_POWER_OR_UNSTABLE,1.0,1.0,1.0,kan
low_reliability_or_unlikely,stolfi_inspired_signature,G_k|S_GYD|T_NONE,R06,1,1,1,LOW_POWER_OR_UNSTABLE,1.0,1.0,1.0,ykyd
low_reliability_or_unlikely,stolfi_inspired_signature,G_k|S_IL|T_in,H08,1,1,1,LOW_POWER_OR_UNSTABLE,1.0,1.0,1.0,qokiin
low_reliability_or_unlikely,stolfi_inspired_signature,G_k|S_LBEDYGEOL|T_or,R00,1,1,1,LOW_POWER_OR_UNSTABLE,1.0,1.0,1.0,lchedykeeor
low_reliability_or_unlikely,stolfi_inspired_signature,G_k|S_LBEGOEL|T_ain,R00,1,1,1,LOW_POWER_OR_UNSTABLE,1.0,1.0,1.0,lshekain
low_reliability_or_unlikely,stolfi_inspired_signature,G_k|S_LBEGY|T_y,R00,1,1,1,LOW_POWER_OR_UNSTABLE,1.0,1.0,1.0,rcheky
low_reliability_or_unlikely,stolfi_inspired_signature,G_k|S_LBOLGOIL|T_aiin,R00,1,1,1,LOW_POWER_OR_UNSTABLE,1.0,1.0,1.0,lcholkaiin
low_reliability_or_unlikely,stolfi_inspired_signature,G_k|S_LDOL|T_m,R00,1,1,1,LOW_POWER_OR_UNSTABLE,1.0,1.0,1.0,okldam
low_reliability_or_unlikely,stolfi_inspired_signature,G_k|S_LGBEY|T_ey,R00,1,1,1,LOW_POWER_OR_UNSTABLE,1.0,1.0,1.0,lkchey
low_reliability_or_unlikely,stolfi_inspired_signature,G_k|S_LGEBY|T_y,R00,1,1,1,LOW_POWER_OR_UNSTABLE,1.0,1.0,1.0,lkechy
low_reliability_or_unlikely,stolfi_inspired_signature,G_k|S_LGEDEY|T_ey,R00,1,1,1,LOW_POWER_OR_UNSTABLE,1.0,1.0,1.0,lkedey
low_reliability_or_unlikely,stolfi_inspired_signature,G_k|S_LGEDOL|T_ar,R00,1,1,1,LOW_POWER_OR_UNSTABLE,1.0,1.0,1.0,lkedar
low_reliability_or_unlikely,stolfi_inspired_signature,G_k|S_LGED|T_NONE,R00,1,1,1,LOW_POWER_OR_UNSTABLE,1.0,1.0,1.0,lkeeed
low_reliability_or_unlikely,stolfi_inspired_signature,G_k|S_LGEOLY|T_y,H07,1,1,1,LOW_POWER_OR_UNSTABLE,1.0,1.0,1.0,qolkeeoly
low_reliability_or_unlikely,stolfi_inspired_signature,G_k|S_LGEOL|T_al,R00,1,1,1,LOW_POWER_OR_UNSTABLE,1.0,1.0,1.0,lkeeal
low_reliability_or_unlikely,stolfi_inspired_signature,G_k|S_LGEOL|T_or,R00,1,1,1,LOW_POWER_OR_UNSTABLE,1.0,1.0,1.0,lkeeor
low_reliability_or_unlikely,stolfi_inspired_signature,G_k|S_LGEY|T_ey,R00,1,1,1,LOW_POWER_OR_UNSTABLE,1.0,1.0,1.0,lkey
low_reliability_or_unlikely,stolfi_inspired_signature,G_k|S_LGL|T_l,R00,1,1,1,LOW_POWER_OR_UNSTABLE,1.0,1.0,1.0,lkl
low_reliability_or_unlikely,stolfi_inspired_signature,G_k|S_LGODY|T_dy,R00,1,1,1,LOW_POWER_OR_UNSTABLE,1.0,1.0,1.0,lkody
low_reliability_or_unlikely,stolfi_inspired_signature,G_k|S_LGOLOLY|T_y,R00,1,1,1,LOW_POWER_OR_UNSTABLE,1.0,1.0,1.0,lkarary
low_reliability_or_unlikely,stolfi_inspired_signature,G_k|S_LGOLY|T_y,H07,1,1,1,LOW_POWER_OR_UNSTABLE,1.0,1.0,1.0,qolkary
low_reliability_or_unlikely,stolfi_inspired_signature,G_k|S_LGOL|T_al,R00,1,1,1,LOW_POWER_OR_UNSTABLE,1.0,1.0,1.0,rkal
low_reliability_or_unlikely,stolfi_inspired_signature,G_k|S_LGOL|T_ol,R00,1,1,1,LOW_POWER_OR_UNSTABLE,1.0,1.0,1.0,lkol
low_reliability_or_unlikely,stolfi_inspired_signature,G_k|S_LGOL|T_or,R00,1,1,1,LOW_POWER_OR_UNSTABLE,1.0,1.0,1.0,lkor
low_reliability_or_unlikely,stolfi_inspired_signature,G_k|S_LG|T_NONE,R00,1,1,1,LOW_POWER_OR_UNSTABLE,1.0,1.0,1.0,lk
low_reliability_or_unlikely,stolfi_inspired_signature,G_k|S_LOELDY|T_dy,R00,1,1,1,LOW_POWER_OR_UNSTABLE,1.0,1.0,1.0,oklairdy
low_reliability_or_unlikely,stolfi_inspired_signature,G_k|S_LOGEDBX|T_NONE,R00,1,1,1,LOW_POWER_OR_UNSTABLE,1.0,1.0,1.0,lokedshs
low_reliability_or_unlikely,stolfi_inspired_signature,G_k|S_LOGEDY|T_eedy,R00,1,1,1,LOW_POWER_OR_UNSTABLE,1.0,1.0,1.0,lokeedy
low_reliability_or_unlikely,stolfi_inspired_signature,G_k|S_LOGEY|T_eey,R00,1,1,1,LOW_POWER_OR_UNSTABLE,1.0,1.0,1.0,lokeey
low_reliability_or_unlikely,stolfi_inspired_signature,G_k|S_LOGOL|T_ar,R00,1,1,1,LOW_POWER_OR_UNSTABLE,1.0,1.0,1.0,lokar
low_reliability_or_unlikely,stolfi_inspired_signature,G_k|S_LOGOL|T_m,R00,1,1,1,LOW_POWER_OR_UNSTABLE,1.0,1.0,1.0,lokam
low_reliability_or_unlikely,stolfi_inspired_signature,G_k|S_LOLGBEDY|T_edy,R00,1,1,1,LOW_POWER_OR_UNSTABLE,1.0,1.0,1.0,ralkchedy
low_reliability_or_unlikely,stolfi_inspired_signature,G_k|S_LOLGY|T_y,R00,1,1,1,LOW_POWER_OR_UNSTABLE,1.0,1.0,1.0,rolky
low_reliability_or_unlikely,stolfi_inspired_signature,G_k|S_ODBY|T_y,R00,1,1,1,LOW_POWER_OR_UNSTABLE,1.0,1.0,1.0,okodchy
low_reliability_or_unlikely,stolfi_inspired_signature,G_k|S_ODOLY|T_y,R00,1,1,1,LOW_POWER_OR_UNSTABLE,1.0,1.0,1.0,okodaly
low_reliability_or_unlikely,stolfi_inspired_signature,G_k|S_ODOL|T_ar,R00,1,1,1,LOW_POWER_OR_UNSTABLE,1.0,1.0,1.0,okodar
low_reliability_or_unlikely,stolfi_inspired_signature,G_k|S_OD|T_NONE,R00,1,1,1,LOW_POWER_OR_UNSTABLE,1.0,1.0,1.0,okod
low_reliability_or_unlikely,stolfi_inspired_signature,G_k|S_OEGEY|T_eey,R00,1,1,1,LOW_POWER_OR_UNSTABLE,1.0,1.0,1.0,choekeey
low_reliability_or_unlikely,stolfi_inspired_signature,G_k|S_OEGEY|T_ey,R00,1,1,1,LOW_POWER_OR_UNSTABLE,1.0,1.0,1.0,choekey
low_reliability_or_unlikely,stolfi_inspired_signature,G_k|S_OEGOL|T_m,R06,1,1,1,LOW_POWER_OR_UNSTABLE,1.0,1.0,1.0,daikam
low_reliability_or_unlikely,stolfi_inspired_signature,G_k|S_OEGY|T_y,R00,1,1,1,LOW_POWER_OR_UNSTABLE,1.0,1.0,1.0,aiky
low_reliability_or_unlikely,stolfi_inspired_signature,G_k|S_OELBOL|T_m,R00,1,1,1,LOW_POWER_OR_UNSTABLE,1.0,1.0,1.0,okaircham
low_reliability_or_unlikely,stolfi_inspired_signature,G_k|S_OELGOL|T_al,R00,1,1,1,LOW_POWER_OR_UNSTABLE,1.0,1.0,1.0,dairkal
low_reliability_or_unlikely,stolfi_inspired_signature,G_k|S_OELYGEY|T_eey,R00,1,1,1,LOW_POWER_OR_UNSTABLE,1.0,1.0,1.0,airykeey
low_reliability_or_unlikely,stolfi_inspired_signature,G_k|S_OELY|T_y,R00,1,1,1,LOW_POWER_OR_UNSTABLE,1.0,1.0,1.0,okairy
low_reliability_or_unlikely,stolfi_inspired_signature,G_k|S_OGBEDY|T_edy,R00,1,1,1,LOW_POWER_OR_UNSTABLE,1.0,1.0,1.0,chokchedy
low_reliability_or_unlikely,stolfi_inspired_signature,G_k|S_OGB|T_NONE,R00,1,1,1,LOW_POWER_OR_UNSTABLE,1.0,1.0,1.0,chokch
low_reliability_or_unlikely,stolfi_inspired_signature,G_k|S_OGEBY|T_y,R00,1,1,1,LOW_POWER_OR_UNSTABLE,1.0,1.0,1.0,dokechy
low_reliability_or_unlikely,stolfi_inspired_signature,G_k|S_OGEDOEL|T_r,R00,1,1,1,LOW_POWER_OR_UNSTABLE,1.0,1.0,1.0,chokedair
low_reliability_or_unlikely,stolfi_inspired_signature,G_k|S_OGEDOL|T_ar,R00,1,1,1,LOW_POWER_OR_UNSTABLE,1.0,1.0,1.0,shokeedar
low_reliability_or_unlikely,stolfi_inspired_signature,G_k|S_OGEDY|T_edy,R06,1,1,1,LOW_POWER_OR_UNSTABLE,1.0,1.0,1.0,dokedy
low_reliability_or_unlikely,stolfi_inspired_signature,G_k|S_OGEOD|T_NONE,R00,1,1,1,LOW_POWER_OR_UNSTABLE,1.0,1.0,1.0,chokeod
low_reliability_or_unlikely,stolfi_inspired_signature,G_k|S_OGEOL|T_m,R00,1,1,1,LOW_POWER_OR_UNSTABLE,1.0,1.0,1.0,akeom
low_reliability_or_unlikely,stolfi_inspired_signature,G_k|S_OGEOL|T_ol,R00,1,1,1,LOW_POWER_OR_UNSTABLE,1.0,1.0,1.0,chokeol
low_reliability_or_unlikely,stolfi_inspired_signature,G_k|S_OGE|T_ee,R06,1,1,1,LOW_POWER_OR_UNSTABLE,1.0,1.0,1.0,yokee
low_reliability_or_unlikely,stolfi_inspired_signature,G_k|S_OGODY|T_dy,R00,1,1,1,LOW_POWER_OR_UNSTABLE,1.0,1.0,1.0,chokody
low_reliability_or_unlikely,stolfi_inspired_signature,G_k|S_OGOLO|T_NONE,R00,1,1,1,LOW_POWER_OR_UNSTABLE,1.0,1.0,1.0,chokaro
low_reliability_or_unlikely,stolfi_inspired_signature,G_k|S_OGOLX|T_NONE,R00,1,1,1,LOW_POWER_OR_UNSTABLE,1.0,1.0,1.0,chokolg
low_reliability_or_unlikely,stolfi_inspired_signature,G_k|S_OGOLY|T_y,R06,1,1,1,LOW_POWER_OR_UNSTABLE,1.0,1.0,1.0,sokoly
low_reliability_or_unlikely,stolfi_inspired_signature,G_k|S_OGOL|T_ol,R06,1,1,1,LOW_POWER_OR_UNSTABLE,1.0,1.0,1.0,shakol
low_reliability_or_unlikely,stolfi_inspired_signature,G_k|S_OIEL|T_iin,R00,1,1,1,LOW_POWER_OR_UNSTABLE,1.0,1.0,1.0,okaiiin
low_reliability_or_unlikely,stolfi_inspired_signature,G_k|S_OILOX|T_NONE,H08,1,1,1,LOW_POWER_OR_UNSTABLE,1.0,1.0,1.0,qokaiinos
low_reliability_or_unlikely,stolfi_inspired_signature,G_k|S_OLBDY|T_dy,R00,1,1,1,LOW_POWER_OR_UNSTABLE,1.0,1.0,1.0,okalshdy
low_reliability_or_unlikely,stolfi_inspired_signature,G_k|S_OLBEDY|T_edy,R00,1,1,1,LOW_POWER_OR_UNSTABLE,1.0,1.0,1.0,okalchedy
low_reliability_or_unlikely,stolfi_inspired_signature,G_k|S_OLBEGY|T_y,R07,1,1,1,LOW_POWER_OR_UNSTABLE,1.0,1.0,1.0,cholcheky
low_reliability_or_unlikely,stolfi_inspired_signature,G_k|S_OLBOL|T_m,R03,1,1,1,LOW_POWER_OR_UNSTABLE,1.0,1.0,1.0,okarcham
low_reliability_or_unlikely,stolfi_inspired_signature,G_k|S_OLDODY|T_dy,R00,1,1,1,LOW_POWER_OR_UNSTABLE,1.0,1.0,1.0,okoldody
low_reliability_or_unlikely,stolfi_inspired_signature,G_k|S_OLDOL|T_al,R09,1,1,1,LOW_POWER_OR_UNSTABLE,1.0,1.0,1.0,okaldal
low_reliability_or_unlikely,stolfi_inspired_signature,G_k|S_OLDOL|T_ar,H08,1,1,1,LOW_POWER_OR_UNSTABLE,1.0,1.0,1.0,qokaldar
low_reliability_or_unlikely,stolfi_inspired_signature,G_k|S_OLGBDY|T_dy,R00,1,1,1,LOW_POWER_OR_UNSTABLE,1.0,1.0,1.0,alkchdy
low_reliability_or_unlikely,stolfi_inspired_signature,G_k|S_OLGBEDY|T_edy,R07,1,1,1,LOW_POWER_OR_UNSTABLE,1.0,1.0,1.0,cholkshedy
low_reliability_or_unlikely,stolfi_inspired_signature,G_k|S_OLGBEOL|T_ol,R08,1,1,1,LOW_POWER_OR_UNSTABLE,1.0,1.0,1.0,sholkcheol
low_reliability_or_unlikely,stolfi_inspired_signature,G_k|S_OLGBY|T_y,R00,1,1,1,LOW_POWER_OR_UNSTABLE,1.0,1.0,1.0,solkchy
low_reliability_or_unlikely,stolfi_inspired_signature,G_k|S_OLGEBY|T_y,R07,1,1,1,LOW_POWER_OR_UNSTABLE,1.0,1.0,1.0,cholkeechy
low_reliability_or_unlikely,stolfi_inspired_signature,G_k|S_OLGOL|T_m,R00,1,1,1,LOW_POWER_OR_UNSTABLE,1.0,1.0,1.0,alkam
low_reliability_or_unlikely,stolfi_inspired_signature,G_k|S_OLOEL|T_r,R00,1,1,1,LOW_POWER_OR_UNSTABLE,1.0,1.0,1.0,okalair
low_reliability_or_unlikely,stolfi_inspired_signature,G_k|S_OLOEY|T_eey,R00,1,1,1,LOW_POWER_OR_UNSTABLE,1.0,1.0,1.0,okoroeey
low_reliability_or_unlikely,stolfi_inspired_signature,G_k|S_OLOGY|T_y,R00,1,1,1,LOW_POWER_OR_UNSTABLE,1.0,1.0,1.0,aroky
low_reliability_or_unlikely,stolfi_inspired_signature,G_k|S_OLOLDY|T_dy,R00,1,1,1,LOW_POWER_OR_UNSTABLE,1.0,1.0,1.0,okoraldy
low_reliability_or_unlikely,stolfi_inspired_signature,G_k|S_OLOLO|T_NONE,H08,1,1,1,LOW_POWER_OR_UNSTABLE,1.0,1.0,1.0,qokaloro
low_reliability_or_unlikely,stolfi_inspired_signature,G_k|S_OL|T_ol,R00,1,1,1,LOW_POWER_OR_UNSTABLE,1.0,1.0,1.0,okool
low_reliability_or_unlikely,stolfi_inspired_signature,G_k|S_OXGXDY|T_dy,R00,1,1,1,LOW_POWER_OR_UNSTABLE,1.0,1.0,1.0,chockhdy
low_reliability_or_unlikely,stolfi_inspired_signature,G_k|S_OXGXOL|T_ol,R00,1,1,1,LOW_POWER_OR_UNSTABLE,1.0,1.0,1.0,chockhol
low_reliability_or_unlikely,stolfi_inspired_signature,G_k|S_OXGXOL|T_or,R00,1,1,1,LOW_POWER_OR_UNSTABLE,1.0,1.0,1.0,chockhor
low_reliability_or_unlikely,stolfi_inspired_signature,G_k|S_OXGXO|T_NONE,R00,1,1,1,LOW_POWER_OR_UNSTABLE,1.0,1.0,1.0,shockho
low_reliability_or_unlikely,stolfi_inspired_signature,G_k|S_OXY|T_y,R00,1,1,1,LOW_POWER_OR_UNSTABLE,1.0,1.0,1.0,okosy
low_reliability_or_unlikely,stolfi_inspired_signature,G_k|S_OYGBOL|T_m,R00,1,1,1,LOW_POWER_OR_UNSTABLE,1.0,1.0,1.0,saykchom
low_reliability_or_unlikely,stolfi_inspired_signature,G_k|S_QOGEY|T_eey,R00,1,1,1,LOW_POWER_OR_UNSTABLE,1.0,1.0,1.0,oqokeey
low_reliability_or_unlikely,stolfi_inspired_signature,G_k|S_XGEY|T_ey,R00,1,1,1,LOW_POWER_OR_UNSTABLE,1.0,1.0,1.0,ockey
low_reliability_or_unlikely,stolfi_inspired_signature,G_k|S_XGXEDY|T_eedy,H21,1,1,1,LOW_POWER_OR_UNSTABLE,1.0,1.0,1.0,qockheedy
low_reliability_or_unlikely,stolfi_inspired_signature,G_k|S_XGXED|T_NONE,H07,1,1,1,LOW_POWER_OR_UNSTABLE,1.0,1.0,1.0,qockhed
low_reliability_or_unlikely,stolfi_inspired_signature,G_k|S_XGXEO|T_NONE,R00,1,1,1,LOW_POWER_OR_UNSTABLE,1.0,1.0,1.0,ckheo
low_reliability_or_unlikely,stolfi_inspired_signature,G_k|S_XGXODY|T_dy,R00,1,1,1,LOW_POWER_OR_UNSTABLE,1.0,1.0,1.0,ckhody
low_reliability_or_unlikely,stolfi_inspired_signature,G_k|S_XGXOEX|T_NONE,R00,1,1,1,LOW_POWER_OR_UNSTABLE,1.0,1.0,1.0,ockhoees
low_reliability_or_unlikely,stolfi_inspired_signature,G_k|S_XGXOLY|T_y,R00,1,1,1,LOW_POWER_OR_UNSTABLE,1.0,1.0,1.0,chckhaly
low_reliability_or_unlikely,stolfi_inspired_signature,G_k|S_XGXOL|T_n,R00,1,1,1,LOW_POWER_OR_UNSTABLE,1.0,1.0,1.0,chckhan
low_reliability_or_unlikely,stolfi_inspired_signature,G_k|S_XGXOXOL|T_m,R00,1,1,1,LOW_POWER_OR_UNSTABLE,1.0,1.0,1.0,ockhosam
low_reliability_or_unlikely,stolfi_inspired_signature,G_k|S_XGXOX|T_NONE,R00,1,1,1,LOW_POWER_OR_UNSTABLE,1.0,1.0,1.0,ckhos
low_reliability_or_unlikely,stolfi_inspired_signature,G_k|S_XGXO|T_NONE,R00,1,1,1,LOW_POWER_OR_UNSTABLE,1.0,1.0,1.0,chckho
low_reliability_or_unlikely,stolfi_inspired_signature,G_k|S_XGXYDOL|T_ar,R00,1,1,1,LOW_POWER_OR_UNSTABLE,1.0,1.0,1.0,ockhydar
low_reliability_or_unlikely,stolfi_inspired_signature,G_k|S_XOEGBY|T_y,R00,1,1,1,LOW_POWER_OR_UNSTABLE,1.0,1.0,1.0,ysaikchy
low_reliability_or_unlikely,stolfi_inspired_signature,G_k|S_XOLGEDY|T_eedy,R00,1,1,1,LOW_POWER_OR_UNSTABLE,1.0,1.0,1.0,qsolkeedy
low_reliability_or_unlikely,stolfi_inspired_signature,G_k|S_YDOL|T_or,R00,1,1,1,LOW_POWER_OR_UNSTABLE,1.0,1.0,1.0,okyddor
low_reliability_or_unlikely,stolfi_inspired_signature,G_k|S_YD|T_NONE,R00,1,1,1,LOW_POWER_OR_UNSTABLE,1.0,1.0,1.0,okyd
low_reliability_or_unlikely,stolfi_inspired_signature,G_k|S_YEBY|T_y,R00,1,1,1,LOW_POWER_OR_UNSTABLE,1.0,1.0,1.0,okyeeshy
low_reliability_or_unlikely,stolfi_inspired_signature,G_k|S_YGBOL|T_al,R00,1,1,1,LOW_POWER_OR_UNSTABLE,1.0,1.0,1.0,dykchal
low_reliability_or_unlikely,stolfi_inspired_signature,G_k|S_YGBOL|T_or,R00,1,1,1,LOW_POWER_OR_UNSTABLE,1.0,1.0,1.0,oykchor
low_reliability_or_unlikely,stolfi_inspired_signature,G_k|S_YGEDY|T_eedy,R00,1,1,1,LOW_POWER_OR_UNSTABLE,1.0,1.0,1.0,dykeedy
low_reliability_or_unlikely,stolfi_inspired_signature,G_k|S_YGEY|T_eey,R00,1,1,1,LOW_POWER_OR_UNSTABLE,1.0,1.0,1.0,oykeey
low_reliability_or_unlikely,stolfi_inspired_signature,G_k|S_YGEY|T_ey,R00,1,1,1,LOW_POWER_OR_UNSTABLE,1.0,1.0,1.0,chykey
low_reliability_or_unlikely,stolfi_inspired_signature,G_k|S_YGOEL|T_ain,R06,1,1,1,LOW_POWER_OR_UNSTABLE,1.0,1.0,1.0,dykain
low_reliability_or_unlikely,stolfi_inspired_signature,G_k|S_YGOLOL|T_n,R00,1,1,1,LOW_POWER_OR_UNSTABLE,1.0,1.0,1.0,dykaran
low_reliability_or_unlikely,stolfi_inspired_signature,G_k|S_YGOL|T_ol,R06,1,1,1,LOW_POWER_OR_UNSTABLE,1.0,1.0,1.0,shykol
low_reliability_or_unlikely,stolfi_inspired_signature,G_k|S_YGOX|T_NONE,R06,1,1,1,LOW_POWER_OR_UNSTABLE,1.0,1.0,1.0,sykos
low_reliability_or_unlikely,stolfi_inspired_signature,G_k|S_YG|T_NONE,R06,1,1,1,LOW_POWER_OR_UNSTABLE,1.0,1.0,1.0,yk
low_reliability_or_unlikely,stolfi_inspired_signature,G_k|S_YLDY|T_dy,H11,1,1,1,LOW_POWER_OR_UNSTABLE,1.0,1.0,1.0,qokylddy
low_reliability_or_unlikely,stolfi_inspired_signature,G_pf|S_GBEXGXEY|T_ey,R00,1,1,1,LOW_POWER_OR_UNSTABLE,1.0,1.0,1.0,pchecfhey
low_reliability_or_unlikely,stolfi_inspired_signature,G_pf|S_GBXGXY|T_y,H07,1,1,1,LOW_POWER_OR_UNSTABLE,1.0,1.0,1.0,qopchcfhy
low_reliability_or_unlikely,stolfi_inspired_signature,G_pk|S_EGBEGY|T_y,R00,1,1,1,LOW_POWER_OR_UNSTABLE,1.0,1.0,1.0,depcheky
low_reliability_or_unlikely,stolfi_inspired_signature,G_pk|S_GBEYGEOL|T_or,R00,1,1,1,LOW_POWER_OR_UNSTABLE,1.0,1.0,1.0,pcheykeeor
low_reliability_or_unlikely,stolfi_inspired_signature,G_pk|S_GBOLGEDY|T_eedy,R00,1,1,1,LOW_POWER_OR_UNSTABLE,1.0,1.0,1.0,pcholkeedy
low_reliability_or_unlikely,stolfi_inspired_signature,G_pk|S_GBOLGY|T_y,R00,1,1,1,LOW_POWER_OR_UNSTABLE,1.0,1.0,1.0,pcholky
low_reliability_or_unlikely,stolfi_inspired_signature,G_pk|S_GOEOGEY|T_eey,R00,1,1,1,LOW_POWER_OR_UNSTABLE,1.0,1.0,1.0,poeokeey
low_reliability_or_unlikely,stolfi_inspired_signature,G_pk|S_GOLGEDY|T_edy,R00,1,1,1,LOW_POWER_OR_UNSTABLE,1.0,1.0,1.0,polkedy
low_reliability_or_unlikely,stolfi_inspired_signature,G_pk|S_GOLGIL|T_iin,R00,1,1,1,LOW_POWER_OR_UNSTABLE,1.0,1.0,1.0,polkiin
low_reliability_or_unlikely,stolfi_inspired_signature,G_pk|S_GYGBY|T_y,R06,1,1,1,LOW_POWER_OR_UNSTABLE,1.0,1.0,1.0,pykchy
low_reliability_or_unlikely,stolfi_inspired_signature,G_pp|S_GOXGXOL|T_or,R00,1,1,1,LOW_POWER_OR_UNSTABLE,1.0,1.0,1.0,opocphor
low_reliability_or_unlikely,stolfi_inspired_signature,G_pt|S_EGOGY|T_y,R00,1,1,1,LOW_POWER_OR_UNSTABLE,1.0,1.0,1.0,chepoty
low_reliability_or_unlikely,stolfi_inspired_signature,G_pt|S_GBOEGOL|T_al,R00,1,1,1,LOW_POWER_OR_UNSTABLE,1.0,1.0,1.0,pchoetal
low_reliability_or_unlikely,stolfi_inspired_signature,G_pt|S_GOLGEBOL|T_ol,R00,1,1,1,LOW_POWER_OR_UNSTABLE,1.0,1.0,1.0,polteshol
low_reliability_or_unlikely,stolfi_inspired_signature,G_pt|S_XGXEXGXY|T_y,R04,1,1,1,LOW_POWER_OR_UNSTABLE,1.0,1.0,1.0,cphecthy
low_reliability_or_unlikely,stolfi_inspired_signature,G_p|S_BEGOLOEL|T_ain,R00,1,1,1,LOW_POWER_OR_UNSTABLE,1.0,1.0,1.0,ochepalain
low_reliability_or_unlikely,stolfi_inspired_signature,G_p|S_BOGOLDX|T_NONE,R00,1,1,1,LOW_POWER_OR_UNSTABLE,1.0,1.0,1.0,ychopordg
low_reliability_or_unlikely,stolfi_inspired_signature,G_p|S_EGBEDY|T_edy,R00,1,1,1,LOW_POWER_OR_UNSTABLE,1.0,1.0,1.0,chepchedy
low_reliability_or_unlikely,stolfi_inspired_signature,G_p|S_EGBEY|T_ey,R00,1,1,1,LOW_POWER_OR_UNSTABLE,1.0,1.0,1.0,sheepshey
low_reliability_or_unlikely,stolfi_inspired_signature,G_p|S_EGBOD|T_NONE,R00,1,1,1,LOW_POWER_OR_UNSTABLE,1.0,1.0,1.0,oepchod
low_reliability_or_unlikely,stolfi_inspired_signature,G_p|S_EGBOL|T_m,R00,1,1,1,LOW_POWER_OR_UNSTABLE,1.0,1.0,1.0,chepcham
low_reliability_or_unlikely,stolfi_inspired_signature,G_p|S_EGY|T_y,R00,1,1,1,LOW_POWER_OR_UNSTABLE,1.0,1.0,1.0,chepy
low_reliability_or_unlikely,stolfi_inspired_signature,G_p|S_EOEGY|T_y,R00,1,1,1,LOW_POWER_OR_UNSTABLE,1.0,1.0,1.0,cheoepy
low_reliability_or_unlikely,stolfi_inspired_signature,G_p|S_EOGBEY|T_ey,R00,1,1,1,LOW_POWER_OR_UNSTABLE,1.0,1.0,1.0,sheopchey
low_reliability_or_unlikely,stolfi_inspired_signature,G_p|S_EOGOIL|T_aiin,R00,1,1,1,LOW_POWER_OR_UNSTABLE,1.0,1.0,1.0,cheopaiin
low_reliability_or_unlikely,stolfi_inspired_signature,G_p|S_EOLGY|T_y,R00,1,1,1,LOW_POWER_OR_UNSTABLE,1.0,1.0,1.0,chealpy
low_reliability_or_unlikely,stolfi_inspired_signature,G_p|S_GBDLOL|T_ar,R00,1,1,1,LOW_POWER_OR_UNSTABLE,1.0,1.0,1.0,pchdlar
low_reliability_or_unlikely,stolfi_inspired_signature,G_p|S_GBDOEL|T_ain,R00,1,1,1,LOW_POWER_OR_UNSTABLE,1.0,1.0,1.0,opchdain
low_reliability_or_unlikely,stolfi_inspired_signature,G_p|S_GBDOIL|T_iin,R00,1,1,1,LOW_POWER_OR_UNSTABLE,1.0,1.0,1.0,pchdoiin
low_reliability_or_unlikely,stolfi_inspired_signature,G_p|S_GBDOLD|T_NONE,R00,1,1,1,LOW_POWER_OR_UNSTABLE,1.0,1.0,1.0,opchdard
low_reliability_or_unlikely,stolfi_inspired_signature,G_p|S_GBDOL|T_ar,R06,1,1,1,LOW_POWER_OR_UNSTABLE,1.0,1.0,1.0,pshdar
low_reliability_or_unlikely,stolfi_inspired_signature,G_p|S_GBDYLDO|T_NONE,R00,1,1,1,LOW_POWER_OR_UNSTABLE,1.0,1.0,1.0,ypchdyldo
low_reliability_or_unlikely,stolfi_inspired_signature,G_p|S_GBD|T_NONE,R00,1,1,1,LOW_POWER_OR_UNSTABLE,1.0,1.0,1.0,opchd
low_reliability_or_unlikely,stolfi_inspired_signature,G_p|S_GBEDBDY|T_dy,R00,1,1,1,LOW_POWER_OR_UNSTABLE,1.0,1.0,1.0,pchedchdy
low_reliability_or_unlikely,stolfi_inspired_signature,G_p|S_GBEDEY|T_eey,R00,1,1,1,LOW_POWER_OR_UNSTABLE,1.0,1.0,1.0,pchedeey
low_reliability_or_unlikely,stolfi_inspired_signature,G_p|S_GBEDEY|T_ey,R00,1,1,1,LOW_POWER_OR_UNSTABLE,1.0,1.0,1.0,opcheedey
low_reliability_or_unlikely,stolfi_inspired_signature,G_p|S_GBEDOIL|T_aiin,R00,1,1,1,LOW_POWER_OR_UNSTABLE,1.0,1.0,1.0,opchedaiin
low_reliability_or_unlikely,stolfi_inspired_signature,G_p|S_GBEDOL|T_ar,R00,1,1,1,LOW_POWER_OR_UNSTABLE,1.0,1.0,1.0,pchedar
low_reliability_or_unlikely,stolfi_inspired_signature,G_p|S_GBEDO|T_NONE,R00,1,1,1,LOW_POWER_OR_UNSTABLE,1.0,1.0,1.0,opcheda
low_reliability_or_unlikely,stolfi_inspired_signature,G_p|S_GBEOL|T_ar,R06,1,1,1,LOW_POWER_OR_UNSTABLE,1.0,1.0,1.0,pchear
low_reliability_or_unlikely,stolfi_inspired_signature,G_p|S_GBEOX|T_NONE,R00,1,1,1,LOW_POWER_OR_UNSTABLE,1.0,1.0,1.0,chpcheos
low_reliability_or_unlikely,stolfi_inspired_signature,G_p|S_GBEX|T_NONE,R00,1,1,1,LOW_POWER_OR_UNSTABLE,1.0,1.0,1.0,opchees
low_reliability_or_unlikely,stolfi_inspired_signature,G_p|S_GBEY|T_eey,R00,1,1,1,LOW_POWER_OR_UNSTABLE,1.0,1.0,1.0,opcheey
low_reliability_or_unlikely,stolfi_inspired_signature,G_p|S_GBODOEL|T_ain,R00,1,1,1,LOW_POWER_OR_UNSTABLE,1.0,1.0,1.0,pchodain
low_reliability_or_unlikely,stolfi_inspired_signature,G_p|S_GBODOL|T_al,R09,1,1,1,LOW_POWER_OR_UNSTABLE,1.0,1.0,1.0,pchodal
low_reliability_or_unlikely,stolfi_inspired_signature,G_p|S_GBODY|T_dy,R06,1,1,1,LOW_POWER_OR_UNSTABLE,1.0,1.0,1.0,pchody
low_reliability_or_unlikely,stolfi_inspired_signature,G_p|S_GBOD|T_NONE,R06,1,1,1,LOW_POWER_OR_UNSTABLE,1.0,1.0,1.0,pshod
low_reliability_or_unlikely,stolfi_inspired_signature,G_p|S_GBOEL|T_r,H07,1,1,1,LOW_POWER_OR_UNSTABLE,1.0,1.0,1.0,qopchair
low_reliability_or_unlikely,stolfi_inspired_signature,G_p|S_GBOIL|T_iin,R00,1,1,1,LOW_POWER_OR_UNSTABLE,1.0,1.0,1.0,pchooiin
low_reliability_or_unlikely,stolfi_inspired_signature,G_p|S_GBOLDX|T_NONE,R00,1,1,1,LOW_POWER_OR_UNSTABLE,1.0,1.0,1.0,opcholdg
low_reliability_or_unlikely,stolfi_inspired_signature,G_p|S_GBOLDY|T_dy,R07,1,1,1,LOW_POWER_OR_UNSTABLE,1.0,1.0,1.0,opcholdy
low_reliability_or_unlikely,stolfi_inspired_signature,G_p|S_GBOLOIL|T_aiin,R00,1,1,1,LOW_POWER_OR_UNSTABLE,1.0,1.0,1.0,pchoraiin
low_reliability_or_unlikely,stolfi_inspired_signature,G_p|S_GBOLOL|T_or,R00,1,1,1,LOW_POWER_OR_UNSTABLE,1.0,1.0,1.0,pcholor
low_reliability_or_unlikely,stolfi_inspired_signature,G_p|S_GBOL|T_m,R06,1,1,1,LOW_POWER_OR_UNSTABLE,1.0,1.0,1.0,pchom
low_reliability_or_unlikely,stolfi_inspired_signature,G_p|S_GBOXOL|T_m,R00,1,1,1,LOW_POWER_OR_UNSTABLE,1.0,1.0,1.0,opchosam
low_reliability_or_unlikely,stolfi_inspired_signature,G_p|S_GBXD|T_NONE,R00,1,1,1,LOW_POWER_OR_UNSTABLE,1.0,1.0,1.0,opchsd
low_reliability_or_unlikely,stolfi_inspired_signature,G_p|S_GBXED|T_NONE,R06,1,1,1,LOW_POWER_OR_UNSTABLE,1.0,1.0,1.0,pchsed
low_reliability_or_unlikely,stolfi_inspired_signature,G_p|S_GBXY|T_y,R00,1,1,1,LOW_POWER_OR_UNSTABLE,1.0,1.0,1.0,opchsy
low_reliability_or_unlikely,stolfi_inspired_signature,G_p|S_GDOLBOL|T_or,R00,1,1,1,LOW_POWER_OR_UNSTABLE,1.0,1.0,1.0,pdalshor
low_reliability_or_unlikely,stolfi_inspired_signature,G_p|S_GOBEDY|T_edy,R00,1,1,1,LOW_POWER_OR_UNSTABLE,1.0,1.0,1.0,pochedy
low_reliability_or_unlikely,stolfi_inspired_signature,G_p|S_GOBEY|T_ey,R06,1,1,1,LOW_POWER_OR_UNSTABLE,1.0,1.0,1.0,pochey
low_reliability_or_unlikely,stolfi_inspired_signature,G_p|S_GOBOIL|T_aiin,R00,1,1,1,LOW_POWER_OR_UNSTABLE,1.0,1.0,1.0,pochaiin
low_reliability_or_unlikely,stolfi_inspired_signature,G_p|S_GODBOL|T_ol,R07,1,1,1,LOW_POWER_OR_UNSTABLE,1.0,1.0,1.0,opodchol
low_reliability_or_unlikely,stolfi_inspired_signature,G_p|S_GODOEL|T_r,R06,1,1,1,LOW_POWER_OR_UNSTABLE,1.0,1.0,1.0,podair
low_reliability_or_unlikely,stolfi_inspired_signature,G_p|S_GOEBY|T_y,R06,1,1,1,LOW_POWER_OR_UNSTABLE,1.0,1.0,1.0,paichy
low_reliability_or_unlikely,stolfi_inspired_signature,G_p|S_GOEL|T_m,R06,1,1,1,LOW_POWER_OR_UNSTABLE,1.0,1.0,1.0,ypaim
low_reliability_or_unlikely,stolfi_inspired_signature,G_p|S_GOEL|T_r,R00,1,1,1,LOW_POWER_OR_UNSTABLE,1.0,1.0,1.0,opair
low_reliability_or_unlikely,stolfi_inspired_signature,G_p|S_GOEY|T_eey,R00,1,1,1,LOW_POWER_OR_UNSTABLE,1.0,1.0,1.0,opoeey
low_reliability_or_unlikely,stolfi_inspired_signature,G_p|S_GOILO|T_NONE,R00,1,1,1,LOW_POWER_OR_UNSTABLE,1.0,1.0,1.0,opaiino
low_reliability_or_unlikely,stolfi_inspired_signature,G_p|S_GOIL|T_iin,R06,1,1,1,LOW_POWER_OR_UNSTABLE,1.0,1.0,1.0,poiin
low_reliability_or_unlikely,stolfi_inspired_signature,G_p|S_GOLBDY|T_dy,R00,1,1,1,LOW_POWER_OR_UNSTABLE,1.0,1.0,1.0,parchdy
low_reliability_or_unlikely,stolfi_inspired_signature,G_p|S_GOLBEY|T_ey,R00,1,1,1,LOW_POWER_OR_UNSTABLE,1.0,1.0,1.0,porchey
low_reliability_or_unlikely,stolfi_inspired_signature,G_p|S_GOLBOLX|T_NONE,R00,1,1,1,LOW_POWER_OR_UNSTABLE,1.0,1.0,1.0,porshols
low_reliability_or_unlikely,stolfi_inspired_signature,G_p|S_GOLBY|T_y,R06,1,1,1,LOW_POWER_OR_UNSTABLE,1.0,1.0,1.0,polshy
low_reliability_or_unlikely,stolfi_inspired_signature,G_p|S_GOLDOIL|T_aiin,R10,1,1,1,LOW_POWER_OR_UNSTABLE,1.0,1.0,1.0,opaldaiin
low_reliability_or_unlikely,stolfi_inspired_signature,G_p|S_GOLEDOLOL|T_n,R00,1,1,1,LOW_POWER_OR_UNSTABLE,1.0,1.0,1.0,poleedaran
low_reliability_or_unlikely,stolfi_inspired_signature,G_p|S_GOLODOL|T_m,R00,1,1,1,LOW_POWER_OR_UNSTABLE,1.0,1.0,1.0,oparodam
low_reliability_or_unlikely,stolfi_inspired_signature,G_p|S_GOLOD|T_NONE,R00,1,1,1,LOW_POWER_OR_UNSTABLE,1.0,1.0,1.0,oparod
low_reliability_or_unlikely,stolfi_inspired_signature,G_p|S_GOLOELDLY|T_y,R00,1,1,1,LOW_POWER_OR_UNSTABLE,1.0,1.0,1.0,oparairdly
low_reliability_or_unlikely,stolfi_inspired_signature,G_p|S_GOLOILY|T_y,R00,1,1,1,LOW_POWER_OR_UNSTABLE,1.0,1.0,1.0,opaloiiry
low_reliability_or_unlikely,stolfi_inspired_signature,G_p|S_GOLOLY|T_y,R06,1,1,1,LOW_POWER_OR_UNSTABLE,1.0,1.0,1.0,porory
low_reliability_or_unlikely,stolfi_inspired_signature,G_p|S_GOLOL|T_m,R00,1,1,1,LOW_POWER_OR_UNSTABLE,1.0,1.0,1.0,oparam
low_reliability_or_unlikely,stolfi_inspired_signature,G_p|S_GOLOL|T_ol,R06,1,1,1,LOW_POWER_OR_UNSTABLE,1.0,1.0,1.0,ypolol
low_reliability_or_unlikely,stolfi_inspired_signature,G_p|S_GOLOL|T_or,R00,1,1,1,LOW_POWER_OR_UNSTABLE,1.0,1.0,1.0,opalor
low_reliability_or_unlikely,stolfi_inspired_signature,G_p|S_GOLX|T_NONE,R00,1,1,1,LOW_POWER_OR_UNSTABLE,1.0,1.0,1.0,opalg
low_reliability_or_unlikely,stolfi_inspired_signature,G_p|S_GOL|T_ol,R06,1,1,1,LOW_POWER_OR_UNSTABLE,1.0,1.0,1.0,pol
low_reliability_or_unlikely,stolfi_inspired_signature,G_p|S_GOL|T_or,R00,1,1,1,LOW_POWER_OR_UNSTABLE,1.0,1.0,1.0,opor
low_reliability_or_unlikely,stolfi_inspired_signature,G_p|S_GOXOIL|T_aiin,R00,1,1,1,LOW_POWER_OR_UNSTABLE,1.0,1.0,1.0,posaiin
low_reliability_or_unlikely,stolfi_inspired_signature,G_p|S_GYDB|T_NONE,R00,1,1,1,LOW_POWER_OR_UNSTABLE,1.0,1.0,1.0,opydsh
low_reliability_or_unlikely,stolfi_inspired_signature,G_p|S_GYXOILOL|T_or,R00,1,1,1,LOW_POWER_OR_UNSTABLE,1.0,1.0,1.0,pysaiinor
low_reliability_or_unlikely,stolfi_inspired_signature,G_p|S_GYXOL|T_m,R00,1,1,1,LOW_POWER_OR_UNSTABLE,1.0,1.0,1.0,opysam
low_reliability_or_unlikely,stolfi_inspired_signature,G_p|S_LBGBDY|T_dy,R00,1,1,1,LOW_POWER_OR_UNSTABLE,1.0,1.0,1.0,lchpchdy
low_reliability_or_unlikely,stolfi_inspired_signature,G_p|S_LGBDY|T_dy,R00,1,1,1,LOW_POWER_OR_UNSTABLE,1.0,1.0,1.0,lpchdy
low_reliability_or_unlikely,stolfi_inspired_signature,G_p|S_OEG|T_NONE,R00,1,1,1,LOW_POWER_OR_UNSTABLE,1.0,1.0,1.0,oraeep
low_reliability_or_unlikely,stolfi_inspired_signature,G_p|S_OGBY|T_y,R00,1,1,1,LOW_POWER_OR_UNSTABLE,1.0,1.0,1.0,chopchy
low_reliability_or_unlikely,stolfi_inspired_signature,G_p|S_OGOLBEDY|T_edy,R00,1,1,1,LOW_POWER_OR_UNSTABLE,1.0,1.0,1.0,shopalchedy
low_reliability_or_unlikely,stolfi_inspired_signature,G_p|S_OGOL|T_ol,R00,1,1,1,LOW_POWER_OR_UNSTABLE,1.0,1.0,1.0,chopol
low_reliability_or_unlikely,stolfi_inspired_signature,G_p|S_OGY|T_y,R00,1,1,1,LOW_POWER_OR_UNSTABLE,1.0,1.0,1.0,chopy
low_reliability_or_unlikely,stolfi_inspired_signature,G_p|S_OG|T_NONE,R00,1,1,1,LOW_POWER_OR_UNSTABLE,1.0,1.0,1.0,qop
low_reliability_or_unlikely,stolfi_inspired_signature,G_p|S_OIG|T_NONE,R00,1,1,1,LOW_POWER_OR_UNSTABLE,1.0,1.0,1.0,aiip
low_reliability_or_unlikely,stolfi_inspired_signature,G_p|S_OLBXGXDY|T_dy,R00,1,1,1,LOW_POWER_OR_UNSTABLE,1.0,1.0,1.0,sarchcphdy
low_reliability_or_unlikely,stolfi_inspired_signature,G_p|S_OLOGOL|T_m,R00,1,1,1,LOW_POWER_OR_UNSTABLE,1.0,1.0,1.0,aropam
low_reliability_or_unlikely,stolfi_inspired_signature,G_p|S_OLXGXY|T_y,R00,1,1,1,LOW_POWER_OR_UNSTABLE,1.0,1.0,1.0,alcphy
low_reliability_or_unlikely,stolfi_inspired_signature,G_p|S_XGXEODOL|T_ar,R00,1,1,1,LOW_POWER_OR_UNSTABLE,1.0,1.0,1.0,cpheodar
low_reliability_or_unlikely,stolfi_inspired_signature,G_p|S_XGXEOL|T_al,R00,1,1,1,LOW_POWER_OR_UNSTABLE,1.0,1.0,1.0,cpheal
low_reliability_or_unlikely,stolfi_inspired_signature,G_p|S_XGXEOL|T_or,R00,1,1,1,LOW_POWER_OR_UNSTABLE,1.0,1.0,1.0,cpheor
low_reliability_or_unlikely,stolfi_inspired_signature,G_p|S_XGXEY|T_eey,R00,1,1,1,LOW_POWER_OR_UNSTABLE,1.0,1.0,1.0,cpheey
low_reliability_or_unlikely,stolfi_inspired_signature,G_p|S_XGXL|T_l,R00,1,1,1,LOW_POWER_OR_UNSTABLE,1.0,1.0,1.0,cphl
low_reliability_or_unlikely,stolfi_inspired_signature,G_p|S_XGXODY|T_dy,R05,1,1,1,LOW_POWER_OR_UNSTABLE,1.0,1.0,1.0,cphody
low_reliability_or_unlikely,stolfi_inspired_signature,G_p|S_XGXOIL|T_aiin,R00,1,1,1,LOW_POWER_OR_UNSTABLE,1.0,1.0,1.0,cphaiin
low_reliability_or_unlikely,stolfi_inspired_signature,G_p|S_XGXOLODX|T_NONE,R00,1,1,1,LOW_POWER_OR_UNSTABLE,1.0,1.0,1.0,cphorods
low_reliability_or_unlikely,stolfi_inspired_signature,G_p|S_XGXOLOL|T_m,R00,1,1,1,LOW_POWER_OR_UNSTABLE,1.0,1.0,1.0,cpharom
low_reliability_or_unlikely,stolfi_inspired_signature,G_p|S_XGXOL|T_ar,R00,1,1,1,LOW_POWER_OR_UNSTABLE,1.0,1.0,1.0,cphar
low_reliability_or_unlikely,stolfi_inspired_signature,G_p|S_XGXOY|T_y,R00,1,1,1,LOW_POWER_OR_UNSTABLE,1.0,1.0,1.0,cphoy
low_reliability_or_unlikely,stolfi_inspired_signature,G_p|S_XGXYDY|T_dy,R00,1,1,1,LOW_POWER_OR_UNSTABLE,1.0,1.0,1.0,cphydy
low_reliability_or_unlikely,stolfi_inspired_signature,G_p|S_YGBOL|T_m,R00,1,1,1,LOW_POWER_OR_UNSTABLE,1.0,1.0,1.0,chypcham
low_reliability_or_unlikely,stolfi_inspired_signature,G_p|S_YGBY|T_y,R06,1,1,1,LOW_POWER_OR_UNSTABLE,1.0,1.0,1.0,dypchy
low_reliability_or_unlikely,stolfi_inspired_signature,G_tk|S_GBEDGY|T_y,R00,1,1,1,LOW_POWER_OR_UNSTABLE,1.0,1.0,1.0,tshedky
low_reliability_or_unlikely,stolfi_inspired_signature,G_tk|S_GOGOL|T_ar,R06,1,1,1,LOW_POWER_OR_UNSTABLE,1.0,1.0,1.0,ytokar
low_reliability_or_unlikely,stolfi_inspired_signature,G_tk|S_GOGY|T_y,R06,1,1,1,LOW_POWER_OR_UNSTABLE,1.0,1.0,1.0,toky
low_reliability_or_unlikely,stolfi_inspired_signature,G_tk|S_GOLGEY|T_ey,R06,1,1,1,LOW_POWER_OR_UNSTABLE,1.0,1.0,1.0,tolkey
low_reliability_or_unlikely,stolfi_inspired_signature,G_tk|S_GOXGXY|T_y,R06,1,1,1,LOW_POWER_OR_UNSTABLE,1.0,1.0,1.0,tockhy
low_reliability_or_unlikely,stolfi_inspired_signature,G_tk|S_GYGY|T_y,R06,1,1,1,LOW_POWER_OR_UNSTABLE,1.0,1.0,1.0,tyky
low_reliability_or_unlikely,stolfi_inspired_signature,G_tk|S_OGOL|T_ol,R00,1,1,1,LOW_POWER_OR_UNSTABLE,1.0,1.0,1.0,otokol
low_reliability_or_unlikely,stolfi_inspired_signature,G_tk|S_OLEGY|T_y,R00,1,1,1,LOW_POWER_OR_UNSTABLE,1.0,1.0,1.0,otaleky
low_reliability_or_unlikely,stolfi_inspired_signature,G_tk|S_OLGEOL|T_ol,R00,1,1,1,LOW_POWER_OR_UNSTABLE,1.0,1.0,1.0,otorkeol
low_reliability_or_unlikely,stolfi_inspired_signature,G_tk|S_OLG|T_NONE,R00,1,1,1,LOW_POWER_OR_UNSTABLE,1.0,1.0,1.0,otork
low_reliability_or_unlikely,stolfi_inspired_signature,G_tk|S_XGXOXGXY|T_y,R04,1,1,1,LOW_POWER_OR_UNSTABLE,1.0,1.0,1.0,cthockhy
low_reliability_or_unlikely,stolfi_inspired_signature,G_tk|S_YGBX|T_NONE,R00,1,1,1,LOW_POWER_OR_UNSTABLE,1.0,1.0,1.0,otykchs
low_reliability_or_unlikely,stolfi_inspired_signature,G_tk|S_YGY|T_y,R00,1,1,1,LOW_POWER_OR_UNSTABLE,1.0,1.0,1.0,otyky
low_reliability_or_unlikely,stolfi_inspired_signature,G_tp|S_EBOEG|T_NONE,H13,1,1,1,LOW_POWER_OR_UNSTABLE,1.0,1.0,1.0,qotechoep
low_reliability_or_unlikely,stolfi_inspired_signature,G_tp|S_GOEOGBEY|T_ey,R00,1,1,1,LOW_POWER_OR_UNSTABLE,1.0,1.0,1.0,ytoeopchey
low_reliability_or_unlikely,stolfi_inspired_signature,G_tp|S_GOGY|T_y,R06,1,1,1,LOW_POWER_OR_UNSTABLE,1.0,1.0,1.0,ytapy
low_reliability_or_unlikely,stolfi_inspired_signature,G_tp|S_OXGXY|T_y,R00,1,1,1,LOW_POWER_OR_UNSTABLE,1.0,1.0,1.0,otacphy
low_reliability_or_unlikely,stolfi_inspired_signature,G_tt|S_BOLOXGXOL|T_ol,R07,1,1,1,LOW_POWER_OR_UNSTABLE,1.0,1.0,1.0,otcholocthol
low_reliability_or_unlikely,stolfi_inspired_signature,G_tt|S_GBEODYGOL|T_or,R00,1,1,1,LOW_POWER_OR_UNSTABLE,1.0,1.0,1.0,ytcheodytor
low_reliability_or_unlikely,stolfi_inspired_signature,G_tt|S_GBOXGXOL|T_ol,R07,1,1,1,LOW_POWER_OR_UNSTABLE,1.0,1.0,1.0,ytchocthol
low_reliability_or_unlikely,stolfi_inspired_signature,G_tt|S_OGEY|T_eey,H13,1,1,1,LOW_POWER_OR_UNSTABLE,1.0,1.0,1.0,qototeeey
low_reliability_or_unlikely,stolfi_inspired_signature,G_tt|S_OLBEGY|T_y,R00,1,1,1,LOW_POWER_OR_UNSTABLE,1.0,1.0,1.0,otorchety
low_reliability_or_unlikely,stolfi_inspired_signature,G_tt|S_YGBY|T_y,R00,1,1,1,LOW_POWER_OR_UNSTABLE,1.0,1.0,1.0,otytchy
low_reliability_or_unlikely,stolfi_inspired_signature,G_t|S_BDOL|T_al,R09,1,1,1,LOW_POWER_OR_UNSTABLE,1.0,1.0,1.0,otchdal
low_reliability_or_unlikely,stolfi_inspired_signature,G_t|S_BDOL|T_m,R00,1,1,1,LOW_POWER_OR_UNSTABLE,1.0,1.0,1.0,otchdam
low_reliability_or_unlikely,stolfi_inspired_signature,G_t|S_BEDEY|T_ey,R00,1,1,1,LOW_POWER_OR_UNSTABLE,1.0,1.0,1.0,otchedey
low_reliability_or_unlikely,stolfi_inspired_signature,G_t|S_BEDOL|T_ar,H13,1,1,1,LOW_POWER_OR_UNSTABLE,1.0,1.0,1.0,qotchedar
low_reliability_or_unlikely,stolfi_inspired_signature,G_t|S_BED|T_NONE,H13,1,1,1,LOW_POWER_OR_UNSTABLE,1.0,1.0,1.0,qotched
low_reliability_or_unlikely,stolfi_inspired_signature,G_t|S_BEGOY|T_y,R00,1,1,1,LOW_POWER_OR_UNSTABLE,1.0,1.0,1.0,dchetay
low_reliability_or_unlikely,stolfi_inspired_signature,G_t|S_BEGY|T_y,R00,1,1,1,LOW_POWER_OR_UNSTABLE,1.0,1.0,1.0,ycheety
low_reliability_or_unlikely,stolfi_inspired_signature,G_t|S_BEODOL|T_ar,R00,1,1,1,LOW_POWER_OR_UNSTABLE,1.0,1.0,1.0,otcheodar
low_reliability_or_unlikely,stolfi_inspired_signature,G_t|S_BEOLY|T_y,R00,1,1,1,LOW_POWER_OR_UNSTABLE,1.0,1.0,1.0,otcheoly
low_reliability_or_unlikely,stolfi_inspired_signature,G_t|S_BEXGXY|T_y,R04,1,1,1,LOW_POWER_OR_UNSTABLE,1.0,1.0,1.0,ychecthy
low_reliability_or_unlikely,stolfi_inspired_signature,G_t|S_BEYLDY|T_dy,R00,1,1,1,LOW_POWER_OR_UNSTABLE,1.0,1.0,1.0,otcheylldy
low_reliability_or_unlikely,stolfi_inspired_signature,G_t|S_BEY|T_eey,R00,1,1,1,LOW_POWER_OR_UNSTABLE,1.0,1.0,1.0,otcheey
low_reliability_or_unlikely,stolfi_inspired_signature,G_t|S_BGY|T_y,R06,1,1,1,LOW_POWER_OR_UNSTABLE,1.0,1.0,1.0,ychty
low_reliability_or_unlikely,stolfi_inspired_signature,G_t|S_BL|T_r,H13,1,1,1,LOW_POWER_OR_UNSTABLE,1.0,1.0,1.0,qotchr
low_reliability_or_unlikely,stolfi_inspired_signature,G_t|S_BOBY|T_y,R00,1,1,1,LOW_POWER_OR_UNSTABLE,1.0,1.0,1.0,otchoshy
low_reliability_or_unlikely,stolfi_inspired_signature,G_t|S_BODOLX|T_NONE,R00,1,1,1,LOW_POWER_OR_UNSTABLE,1.0,1.0,1.0,otchodals
low_reliability_or_unlikely,stolfi_inspired_signature,G_t|S_BOD|T_NONE,H13,1,1,1,LOW_POWER_OR_UNSTABLE,1.0,1.0,1.0,qotchod
low_reliability_or_unlikely,stolfi_inspired_signature,G_t|S_BOLBEOIL|T_aiin,R07,1,1,1,LOW_POWER_OR_UNSTABLE,1.0,1.0,1.0,otcholcheaiin
low_reliability_or_unlikely,stolfi_inspired_signature,G_t|S_BOLD|T_NONE,R00,1,1,1,LOW_POWER_OR_UNSTABLE,1.0,1.0,1.0,otchald
low_reliability_or_unlikely,stolfi_inspired_signature,G_t|S_BOL|T_m,R00,1,1,1,LOW_POWER_OR_UNSTABLE,1.0,1.0,1.0,otcham
low_reliability_or_unlikely,stolfi_inspired_signature,G_t|S_BO|T_NONE,R00,1,1,1,LOW_POWER_OR_UNSTABLE,1.0,1.0,1.0,otcho
low_reliability_or_unlikely,stolfi_inspired_signature,G_t|S_DBEXGXY|T_y,R00,1,1,1,LOW_POWER_OR_UNSTABLE,1.0,1.0,1.0,odchecthy
low_reliability_or_unlikely,stolfi_inspired_signature,G_t|S_DOLDY|T_dy,R00,1,1,1,LOW_POWER_OR_UNSTABLE,1.0,1.0,1.0,otdordy
low_reliability_or_unlikely,stolfi_inspired_signature,G_t|S_DOL|T_ar,R00,1,1,1,LOW_POWER_OR_UNSTABLE,1.0,1.0,1.0,otdar
low_reliability_or_unlikely,stolfi_inspired_signature,G_t|S_EBOLGOL|T_ar,R00,1,1,1,LOW_POWER_OR_UNSTABLE,1.0,1.0,1.0,checholtar
low_reliability_or_unlikely,stolfi_inspired_signature,G_t|S_EBYX|T_NONE,R01,1,1,1,LOW_POWER_OR_UNSTABLE,1.0,1.0,1.0,otechys
low_reliability_or_unlikely,stolfi_inspired_signature,G_t|S_EDBEY|T_ey,R01,1,1,1,LOW_POWER_OR_UNSTABLE,1.0,1.0,1.0,oteeedchey
low_reliability_or_unlikely,stolfi_inspired_signature,G_t|S_EDEY|T_eey,R01,1,1,1,LOW_POWER_OR_UNSTABLE,1.0,1.0,1.0,otedeey
low_reliability_or_unlikely,stolfi_inspired_signature,G_t|S_EDOEGOEL|T_ain,R00,1,1,1,LOW_POWER_OR_UNSTABLE,1.0,1.0,1.0,shedaitain
low_reliability_or_unlikely,stolfi_inspired_signature,G_t|S_EDOEL|T_ain,R01,1,1,1,LOW_POWER_OR_UNSTABLE,1.0,1.0,1.0,oteedain
low_reliability_or_unlikely,stolfi_inspired_signature,G_t|S_EDOIL|T_aiin,H13,1,1,1,LOW_POWER_OR_UNSTABLE,1.0,1.0,1.0,qoteedaiin
low_reliability_or_unlikely,stolfi_inspired_signature,G_t|S_EDOL|T_ar,R01,1,1,1,LOW_POWER_OR_UNSTABLE,1.0,1.0,1.0,otedar
low_reliability_or_unlikely,stolfi_inspired_signature,G_t|S_EDYGEDY|T_edy,R00,1,1,1,LOW_POWER_OR_UNSTABLE,1.0,1.0,1.0,shedytedy
low_reliability_or_unlikely,stolfi_inspired_signature,G_t|S_EDYL|T_l,R01,1,1,1,LOW_POWER_OR_UNSTABLE,1.0,1.0,1.0,otedyl
low_reliability_or_unlikely,stolfi_inspired_signature,G_t|S_EGBEODBX|T_NONE,R00,1,1,1,LOW_POWER_OR_UNSTABLE,1.0,1.0,1.0,shetcheodchs
low_reliability_or_unlikely,stolfi_inspired_signature,G_t|S_EGBOIL|T_aiin,R00,1,1,1,LOW_POWER_OR_UNSTABLE,1.0,1.0,1.0,chetchaiin
low_reliability_or_unlikely,stolfi_inspired_signature,G_t|S_EGEOL|T_ar,R00,1,1,1,LOW_POWER_OR_UNSTABLE,1.0,1.0,1.0,oetear
low_reliability_or_unlikely,stolfi_inspired_signature,G_t|S_EGEY|T_eey,R00,1,1,1,LOW_POWER_OR_UNSTABLE,1.0,1.0,1.0,cheeteey
low_reliability_or_unlikely,stolfi_inspired_signature,G_t|S_EGEY|T_ey,R00,1,1,1,LOW_POWER_OR_UNSTABLE,1.0,1.0,1.0,chetey
low_reliability_or_unlikely,stolfi_inspired_signature,G_t|S_EGOLBX|T_NONE,R00,1,1,1,LOW_POWER_OR_UNSTABLE,1.0,1.0,1.0,oetalchg
low_reliability_or_unlikely,stolfi_inspired_signature,G_t|S_EGOLBY|T_y,R00,1,1,1,LOW_POWER_OR_UNSTABLE,1.0,1.0,1.0,chetalshy
low_reliability_or_unlikely,stolfi_inspired_signature,G_t|S_EGYLY|T_y,R00,1,1,1,LOW_POWER_OR_UNSTABLE,1.0,1.0,1.0,chetyry
low_reliability_or_unlikely,stolfi_inspired_signature,G_t|S_EG|T_NONE,R06,1,1,1,LOW_POWER_OR_UNSTABLE,1.0,1.0,1.0,shet
low_reliability_or_unlikely,stolfi_inspired_signature,G_t|S_EL|T_r,H13,1,1,1,LOW_POWER_OR_UNSTABLE,1.0,1.0,1.0,qotir
low_reliability_or_unlikely,stolfi_inspired_signature,G_t|S_EODOIL|T_aiin,R01,1,1,1,LOW_POWER_OR_UNSTABLE,1.0,1.0,1.0,oteodaiin
low_reliability_or_unlikely,stolfi_inspired_signature,G_t|S_EOEL|T_ain,R01,1,1,1,LOW_POWER_OR_UNSTABLE,1.0,1.0,1.0,oteain
low_reliability_or_unlikely,stolfi_inspired_signature,G_t|S_EOGBEY|T_ey,R00,1,1,1,LOW_POWER_OR_UNSTABLE,1.0,1.0,1.0,cheotchey
low_reliability_or_unlikely,stolfi_inspired_signature,G_t|S_EOGBY|T_y,R00,1,1,1,LOW_POWER_OR_UNSTABLE,1.0,1.0,1.0,cheotchy
low_reliability_or_unlikely,stolfi_inspired_signature,G_t|S_EOGY|T_y,R00,1,1,1,LOW_POWER_OR_UNSTABLE,1.0,1.0,1.0,oeeoty
low_reliability_or_unlikely,stolfi_inspired_signature,G_t|S_EOIL|T_aiin,R01,1,1,1,LOW_POWER_OR_UNSTABLE,1.0,1.0,1.0,oteaiin
low_reliability_or_unlikely,stolfi_inspired_signature,G_t|S_EOLGEY|T_ey,R00,1,1,1,LOW_POWER_OR_UNSTABLE,1.0,1.0,1.0,sheoltey
low_reliability_or_unlikely,stolfi_inspired_signature,G_t|S_EOLOEL|T_r,R01,1,1,1,LOW_POWER_OR_UNSTABLE,1.0,1.0,1.0,oteolair
low_reliability_or_unlikely,stolfi_inspired_signature,G_t|S_EOLY|T_y,H13,1,1,1,LOW_POWER_OR_UNSTABLE,1.0,1.0,1.0,qoteoly
low_reliability_or_unlikely,stolfi_inspired_signature,G_t|S_EOL|T_m,R01,1,1,1,LOW_POWER_OR_UNSTABLE,1.0,1.0,1.0,oteeam
low_reliability_or_unlikely,stolfi_inspired_signature,G_t|S_EOXGXEDY|T_edy,R04,1,1,1,LOW_POWER_OR_UNSTABLE,1.0,1.0,1.0,cheocthedy
low_reliability_or_unlikely,stolfi_inspired_signature,G_t|S_EOXOIEL|T_iin,H13,1,1,1,LOW_POWER_OR_UNSTABLE,1.0,1.0,1.0,qoteeosoiiin
low_reliability_or_unlikely,stolfi_inspired_signature,G_t|S_EX|T_NONE,R01,1,1,1,LOW_POWER_OR_UNSTABLE,1.0,1.0,1.0,otes
low_reliability_or_unlikely,stolfi_inspired_signature,G_t|S_EYGEDY|T_eedy,R00,1,1,1,LOW_POWER_OR_UNSTABLE,1.0,1.0,1.0,sheyteedy
low_reliability_or_unlikely,stolfi_inspired_signature,G_t|S_EYLDOIL|T_aiin,R01,1,1,1,LOW_POWER_OR_UNSTABLE,1.0,1.0,1.0,oteeyldaiin
low_reliability_or_unlikely,stolfi_inspired_signature,G_t|S_GBDO|T_NONE,R06,1,1,1,LOW_POWER_OR_UNSTABLE,1.0,1.0,1.0,tshda
low_reliability_or_unlikely,stolfi_inspired_signature,G_t|S_GBEDOL|T_ar,R00,1,1,1,LOW_POWER_OR_UNSTABLE,1.0,1.0,1.0,tshedar
low_reliability_or_unlikely,stolfi_inspired_signature,G_t|S_GBEODOL|T_ar,R00,1,1,1,LOW_POWER_OR_UNSTABLE,1.0,1.0,1.0,ytcheodar
low_reliability_or_unlikely,stolfi_inspired_signature,G_t|S_GBEOL|T_ol,R06,1,1,1,LOW_POWER_OR_UNSTABLE,1.0,1.0,1.0,tcheol
low_reliability_or_unlikely,stolfi_inspired_signature,G_t|S_GBEYBEDY|T_edy,R00,1,1,1,LOW_POWER_OR_UNSTABLE,1.0,1.0,1.0,tcheychedy
low_reliability_or_unlikely,stolfi_inspired_signature,G_t|S_GBODLY|T_y,R00,1,1,1,LOW_POWER_OR_UNSTABLE,1.0,1.0,1.0,ytchodly
low_reliability_or_unlikely,stolfi_inspired_signature,G_t|S_GBODOEL|T_ain,R00,1,1,1,LOW_POWER_OR_UNSTABLE,1.0,1.0,1.0,tchodain
low_reliability_or_unlikely,stolfi_inspired_signature,G_t|S_GBOD|T_NONE,R06,1,1,1,LOW_POWER_OR_UNSTABLE,1.0,1.0,1.0,tshod
low_reliability_or_unlikely,stolfi_inspired_signature,G_t|S_GBOLDY|T_dy,R00,1,1,1,LOW_POWER_OR_UNSTABLE,1.0,1.0,1.0,tsholdy
low_reliability_or_unlikely,stolfi_inspired_signature,G_t|S_GBOLD|T_NONE,R06,1,1,1,LOW_POWER_OR_UNSTABLE,1.0,1.0,1.0,ytchord
low_reliability_or_unlikely,stolfi_inspired_signature,G_t|S_GBOLODY|T_dy,R00,1,1,1,LOW_POWER_OR_UNSTABLE,1.0,1.0,1.0,tchalody
low_reliability_or_unlikely,stolfi_inspired_signature,G_t|S_GBOLOL|T_ol,R00,1,1,1,LOW_POWER_OR_UNSTABLE,1.0,1.0,1.0,tsholol
low_reliability_or_unlikely,stolfi_inspired_signature,G_t|S_GBOL|T_ar,R00,1,1,1,LOW_POWER_OR_UNSTABLE,1.0,1.0,1.0,chtshar
low_reliability_or_unlikely,stolfi_inspired_signature,G_t|S_GBOY|T_y,R06,1,1,1,LOW_POWER_OR_UNSTABLE,1.0,1.0,1.0,ytchoy
low_reliability_or_unlikely,stolfi_inspired_signature,G_t|S_GBO|T_NONE,R06,1,1,1,LOW_POWER_OR_UNSTABLE,1.0,1.0,1.0,ytcho
low_reliability_or_unlikely,stolfi_inspired_signature,G_t|S_GBXEY|T_ey,R00,1,1,1,LOW_POWER_OR_UNSTABLE,1.0,1.0,1.0,oltshsey
low_reliability_or_unlikely,stolfi_inspired_signature,G_t|S_GDOIL|T_aiin,R06,1,1,1,LOW_POWER_OR_UNSTABLE,1.0,1.0,1.0,tdaiin
low_reliability_or_unlikely,stolfi_inspired_signature,G_t|S_GDY|T_dy,R00,1,1,1,LOW_POWER_OR_UNSTABLE,1.0,1.0,1.0,ytdy
low_reliability_or_unlikely,stolfi_inspired_signature,G_t|S_GEBY|T_y,R06,1,1,1,LOW_POWER_OR_UNSTABLE,1.0,1.0,1.0,techy
low_reliability_or_unlikely,stolfi_inspired_signature,G_t|S_GEDX|T_NONE,R06,1,1,1,LOW_POWER_OR_UNSTABLE,1.0,1.0,1.0,dtedg
low_reliability_or_unlikely,stolfi_inspired_signature,G_t|S_GEDYOL|T_ol,R06,1,1,1,LOW_POWER_OR_UNSTABLE,1.0,1.0,1.0,tedyol
low_reliability_or_unlikely,stolfi_inspired_signature,G_t|S_GED|T_NONE,R06,1,1,1,LOW_POWER_OR_UNSTABLE,1.0,1.0,1.0,teed
low_reliability_or_unlikely,stolfi_inspired_signature,G_t|S_GEODOEL|T_ain,R00,1,1,1,LOW_POWER_OR_UNSTABLE,1.0,1.0,1.0,teeodain
low_reliability_or_unlikely,stolfi_inspired_signature,G_t|S_GEODOIL|T_aiin,R10,1,1,1,LOW_POWER_OR_UNSTABLE,1.0,1.0,1.0,teeodaiin
low_reliability_or_unlikely,stolfi_inspired_signature,G_t|S_GEODOLODY|T_dy,R00,1,1,1,LOW_POWER_OR_UNSTABLE,1.0,1.0,1.0,teodarody
low_reliability_or_unlikely,stolfi_inspired_signature,G_t|S_GEODOL|T_m,R00,1,1,1,LOW_POWER_OR_UNSTABLE,1.0,1.0,1.0,yteodam
low_reliability_or_unlikely,stolfi_inspired_signature,G_t|S_GEOD|T_NONE,R06,1,1,1,LOW_POWER_OR_UNSTABLE,1.0,1.0,1.0,yteod
low_reliability_or_unlikely,stolfi_inspired_signature,G_t|S_GEOLDY|T_dy,R00,1,1,1,LOW_POWER_OR_UNSTABLE,1.0,1.0,1.0,yteoldy
low_reliability_or_unlikely,stolfi_inspired_signature,G_t|S_GEOLD|T_NONE,R06,1,1,1,LOW_POWER_OR_UNSTABLE,1.0,1.0,1.0,yteold
low_reliability_or_unlikely,stolfi_inspired_signature,G_t|S_GEOLOEL|T_ain,R00,1,1,1,LOW_POWER_OR_UNSTABLE,1.0,1.0,1.0,teeolain
low_reliability_or_unlikely,stolfi_inspired_signature,G_t|S_GEOL|T_al,R06,1,1,1,LOW_POWER_OR_UNSTABLE,1.0,1.0,1.0,yteal
low_reliability_or_unlikely,stolfi_inspired_signature,G_t|S_GEOL|T_ar,R06,1,1,1,LOW_POWER_OR_UNSTABLE,1.0,1.0,1.0,teeoar
low_reliability_or_unlikely,stolfi_inspired_signature,G_t|S_GEO|T_NONE,R06,1,1,1,LOW_POWER_OR_UNSTABLE,1.0,1.0,1.0,teo
low_reliability_or_unlikely,stolfi_inspired_signature,G_t|S_GOBEO|T_NONE,R06,1,1,1,LOW_POWER_OR_UNSTABLE,1.0,1.0,1.0,tosheo
low_reliability_or_unlikely,stolfi_inspired_signature,G_t|S_GOBEY|T_ey,R06,1,1,1,LOW_POWER_OR_UNSTABLE,1.0,1.0,1.0,tochey
low_reliability_or_unlikely,stolfi_inspired_signature,G_t|S_GOBY|T_y,R06,1,1,1,LOW_POWER_OR_UNSTABLE,1.0,1.0,1.0,toshy
low_reliability_or_unlikely,stolfi_inspired_signature,G_t|S_GODEY|T_eey,R00,1,1,1,LOW_POWER_OR_UNSTABLE,1.0,1.0,1.0,todeeey
low_reliability_or_unlikely,stolfi_inspired_signature,G_t|S_GODOEL|T_ain,R06,1,1,1,LOW_POWER_OR_UNSTABLE,1.0,1.0,1.0,todain
low_reliability_or_unlikely,stolfi_inspired_signature,G_t|S_GODOIL|T_r,R00,1,1,1,LOW_POWER_OR_UNSTABLE,1.0,1.0,1.0,ytodaiir
low_reliability_or_unlikely,stolfi_inspired_signature,G_t|S_GODOLOILY|T_y,R00,1,1,1,LOW_POWER_OR_UNSTABLE,1.0,1.0,1.0,todaraiily
low_reliability_or_unlikely,stolfi_inspired_signature,G_t|S_GOEDBY|T_y,R00,1,1,1,LOW_POWER_OR_UNSTABLE,1.0,1.0,1.0,toeeedchy
low_reliability_or_unlikely,stolfi_inspired_signature,G_t|S_GOELOL|T_al,R00,1,1,1,LOW_POWER_OR_UNSTABLE,1.0,1.0,1.0,ytairal
low_reliability_or_unlikely,stolfi_inspired_signature,G_t|S_GOELY|T_y,R00,1,1,1,LOW_POWER_OR_UNSTABLE,1.0,1.0,1.0,chtairy
low_reliability_or_unlikely,stolfi_inspired_signature,G_t|S_GOEL|T_l,R06,1,1,1,LOW_POWER_OR_UNSTABLE,1.0,1.0,1.0,ytoail
low_reliability_or_unlikely,stolfi_inspired_signature,G_t|S_GOEOLBX|T_NONE,R00,1,1,1,LOW_POWER_OR_UNSTABLE,1.0,1.0,1.0,toealchs
low_reliability_or_unlikely,stolfi_inspired_signature,G_t|S_GOIEL|T_iin,R00,1,1,1,LOW_POWER_OR_UNSTABLE,1.0,1.0,1.0,ytoiiin
low_reliability_or_unlikely,stolfi_inspired_signature,G_t|S_GOIL|T_iin,R06,1,1,1,LOW_POWER_OR_UNSTABLE,1.0,1.0,1.0,toiin
low_reliability_or_unlikely,stolfi_inspired_signature,G_t|S_GOIL|T_r,R06,1,1,1,LOW_POWER_OR_UNSTABLE,1.0,1.0,1.0,ytaiir
low_reliability_or_unlikely,stolfi_inspired_signature,G_t|S_GOLBD|T_NONE,R06,1,1,1,LOW_POWER_OR_UNSTABLE,1.0,1.0,1.0,tolchd
low_reliability_or_unlikely,stolfi_inspired_signature,G_t|S_GOLBOL|T_or,R00,1,1,1,LOW_POWER_OR_UNSTABLE,1.0,1.0,1.0,torshor
low_reliability_or_unlikely,stolfi_inspired_signature,G_t|S_GOLBOX|T_NONE,R00,1,1,1,LOW_POWER_OR_UNSTABLE,1.0,1.0,1.0,talchos
low_reliability_or_unlikely,stolfi_inspired_signature,G_t|S_GOLBY|T_y,R06,1,1,1,LOW_POWER_OR_UNSTABLE,1.0,1.0,1.0,torchy
low_reliability_or_unlikely,stolfi_inspired_signature,G_t|S_GOLDY|T_dy,R00,1,1,1,LOW_POWER_OR_UNSTABLE,1.0,1.0,1.0,ytoldy
low_reliability_or_unlikely,stolfi_inspired_signature,G_t|S_GOLEL|T_m,R06,1,1,1,LOW_POWER_OR_UNSTABLE,1.0,1.0,1.0,ytarem
low_reliability_or_unlikely,stolfi_inspired_signature,G_t|S_GOLODY|T_dy,R00,1,1,1,LOW_POWER_OR_UNSTABLE,1.0,1.0,1.0,ytarody
low_reliability_or_unlikely,stolfi_inspired_signature,G_t|S_GOLOIL|T_aiin,R00,1,1,1,LOW_POWER_OR_UNSTABLE,1.0,1.0,1.0,taraiin
low_reliability_or_unlikely,stolfi_inspired_signature,G_t|S_GOLOLBXDY|T_dy,R00,1,1,1,LOW_POWER_OR_UNSTABLE,1.0,1.0,1.0,torolshsdy
low_reliability_or_unlikely,stolfi_inspired_signature,G_t|S_GOLOL|T_al,R06,1,1,1,LOW_POWER_OR_UNSTABLE,1.0,1.0,1.0,taral
low_reliability_or_unlikely,stolfi_inspired_signature,G_t|S_GOLOL|T_ar,R06,1,1,1,LOW_POWER_OR_UNSTABLE,1.0,1.0,1.0,talar
low_reliability_or_unlikely,stolfi_inspired_signature,G_t|S_GOLXOL|T_m,R00,1,1,1,LOW_POWER_OR_UNSTABLE,1.0,1.0,1.0,chtalsam
low_reliability_or_unlikely,stolfi_inspired_signature,G_t|S_GOLXOXY|T_y,R00,1,1,1,LOW_POWER_OR_UNSTABLE,1.0,1.0,1.0,tolsasy
low_reliability_or_unlikely,stolfi_inspired_signature,G_t|S_GOX|T_NONE,R06,1,1,1,LOW_POWER_OR_UNSTABLE,1.0,1.0,1.0,tos
low_reliability_or_unlikely,stolfi_inspired_signature,G_t|S_GYBY|T_y,R06,1,1,1,LOW_POWER_OR_UNSTABLE,1.0,1.0,1.0,ytychy
low_reliability_or_unlikely,stolfi_inspired_signature,G_t|S_GYDLO|T_NONE,R06,1,1,1,LOW_POWER_OR_UNSTABLE,1.0,1.0,1.0,tydlo
low_reliability_or_unlikely,stolfi_inspired_signature,G_t|S_GYDY|T_dy,R00,1,1,1,LOW_POWER_OR_UNSTABLE,1.0,1.0,1.0,ytydy
low_reliability_or_unlikely,stolfi_inspired_signature,G_t|S_LBEYEG|T_NONE,R00,1,1,1,LOW_POWER_OR_UNSTABLE,1.0,1.0,1.0,rcheyet
low_reliability_or_unlikely,stolfi_inspired_signature,G_t|S_LBXGXY|T_y,R00,1,1,1,LOW_POWER_OR_UNSTABLE,1.0,1.0,1.0,lshcthy
low_reliability_or_unlikely,stolfi_inspired_signature,G_t|S_LGEY|T_eey,R00,1,1,1,LOW_POWER_OR_UNSTABLE,1.0,1.0,1.0,lteey
low_reliability_or_unlikely,stolfi_inspired_signature,G_t|S_LGOLY|T_y,R00,1,1,1,LOW_POWER_OR_UNSTABLE,1.0,1.0,1.0,ltary
low_reliability_or_unlikely,stolfi_inspired_signature,G_t|S_LOEGY|T_y,R00,1,1,1,LOW_POWER_OR_UNSTABLE,1.0,1.0,1.0,loety
low_reliability_or_unlikely,stolfi_inspired_signature,G_t|S_LOGOIL|T_aiin,R00,1,1,1,LOW_POWER_OR_UNSTABLE,1.0,1.0,1.0,rotaiin
low_reliability_or_unlikely,stolfi_inspired_signature,G_t|S_LOGY|T_y,R00,1,1,1,LOW_POWER_OR_UNSTABLE,1.0,1.0,1.0,loty
low_reliability_or_unlikely,stolfi_inspired_signature,G_t|S_OBEDYXY|T_y,R00,1,1,1,LOW_POWER_OR_UNSTABLE,1.0,1.0,1.0,otochedysy
low_reliability_or_unlikely,stolfi_inspired_signature,G_t|S_OBEDY|T_edy,R00,1,1,1,LOW_POWER_OR_UNSTABLE,1.0,1.0,1.0,otochedy
low_reliability_or_unlikely,stolfi_inspired_signature,G_t|S_OBOL|T_ol,R00,1,1,1,LOW_POWER_OR_UNSTABLE,1.0,1.0,1.0,otoshol
low_reliability_or_unlikely,stolfi_inspired_signature,G_t|S_ODEDY|T_edy,R00,1,1,1,LOW_POWER_OR_UNSTABLE,1.0,1.0,1.0,otodedy
low_reliability_or_unlikely,stolfi_inspired_signature,G_t|S_ODEODOL|T_or,R00,1,1,1,LOW_POWER_OR_UNSTABLE,1.0,1.0,1.0,otodeeodor
low_reliability_or_unlikely,stolfi_inspired_signature,G_t|S_ODEY|T_ey,R00,1,1,1,LOW_POWER_OR_UNSTABLE,1.0,1.0,1.0,otodey
low_reliability_or_unlikely,stolfi_inspired_signature,G_t|S_ODOIL|T_aiin,H13,1,1,1,LOW_POWER_OR_UNSTABLE,1.0,1.0,1.0,qotodaiin
low_reliability_or_unlikely,stolfi_inspired_signature,G_t|S_ODOL|T_ol,R00,1,1,1,LOW_POWER_OR_UNSTABLE,1.0,1.0,1.0,otodol
low_reliability_or_unlikely,stolfi_inspired_signature,G_t|S_OD|T_NONE,H13,1,1,1,LOW_POWER_OR_UNSTABLE,1.0,1.0,1.0,qotod
low_reliability_or_unlikely,stolfi_inspired_signature,G_t|S_OEGBY|T_y,R00,1,1,1,LOW_POWER_OR_UNSTABLE,1.0,1.0,1.0,choetchy
low_reliability_or_unlikely,stolfi_inspired_signature,G_t|S_OEG|T_NONE,R06,1,1,1,LOW_POWER_OR_UNSTABLE,1.0,1.0,1.0,dait
low_reliability_or_unlikely,stolfi_inspired_signature,G_t|S_OELDY|T_dy,R00,1,1,1,LOW_POWER_OR_UNSTABLE,1.0,1.0,1.0,otairdy
low_reliability_or_unlikely,stolfi_inspired_signature,G_t|S_OELO|T_NONE,R00,1,1,1,LOW_POWER_OR_UNSTABLE,1.0,1.0,1.0,otairo
low_reliability_or_unlikely,stolfi_inspired_signature,G_t|S_OELY|T_y,R00,1,1,1,LOW_POWER_OR_UNSTABLE,1.0,1.0,1.0,otainy
low_reliability_or_unlikely,stolfi_inspired_signature,G_t|S_OEL|T_l,H13,1,1,1,LOW_POWER_OR_UNSTABLE,1.0,1.0,1.0,qotail
low_reliability_or_unlikely,stolfi_inspired_signature,G_t|S_OEL|T_m,R00,1,1,1,LOW_POWER_OR_UNSTABLE,1.0,1.0,1.0,otaim
low_reliability_or_unlikely,stolfi_inspired_signature,G_t|S_OEO|T_NONE,R00,1,1,1,LOW_POWER_OR_UNSTABLE,1.0,1.0,1.0,otoeeo
low_reliability_or_unlikely,stolfi_inspired_signature,G_t|S_OGBOIL|T_aiin,R00,1,1,1,LOW_POWER_OR_UNSTABLE,1.0,1.0,1.0,sotchaiin
low_reliability_or_unlikely,stolfi_inspired_signature,G_t|S_OGBOL|T_ol,R08,1,1,1,LOW_POWER_OR_UNSTABLE,1.0,1.0,1.0,chotshol
low_reliability_or_unlikely,stolfi_inspired_signature,G_t|S_OGEDY|T_edy,R06,1,1,1,LOW_POWER_OR_UNSTABLE,1.0,1.0,1.0,dotedy
low_reliability_or_unlikely,stolfi_inspired_signature,G_t|S_OGEOL|T_ol,R06,1,1,1,LOW_POWER_OR_UNSTABLE,1.0,1.0,1.0,soteol
low_reliability_or_unlikely,stolfi_inspired_signature,G_t|S_OGOEL|T_ain,R00,1,1,1,LOW_POWER_OR_UNSTABLE,1.0,1.0,1.0,chotain
low_reliability_or_unlikely,stolfi_inspired_signature,G_t|S_OGOIEL|T_iin,R00,1,1,1,LOW_POWER_OR_UNSTABLE,1.0,1.0,1.0,sotoiiin
low_reliability_or_unlikely,stolfi_inspired_signature,G_t|S_OGOLY|T_y,R00,1,1,1,LOW_POWER_OR_UNSTABLE,1.0,1.0,1.0,shotoly
low_reliability_or_unlikely,stolfi_inspired_signature,G_t|S_OGOL|T_ar,R00,1,1,1,LOW_POWER_OR_UNSTABLE,1.0,1.0,1.0,chotar
low_reliability_or_unlikely,stolfi_inspired_signature,G_t|S_OGOL|T_m,R00,1,1,1,LOW_POWER_OR_UNSTABLE,1.0,1.0,1.0,chotom
low_reliability_or_unlikely,stolfi_inspired_signature,G_t|S_OGOL|T_or,R00,1,1,1,LOW_POWER_OR_UNSTABLE,1.0,1.0,1.0,chotor
low_reliability_or_unlikely,stolfi_inspired_signature,G_t|S_OGX|T_NONE,R00,1,1,1,LOW_POWER_OR_UNSTABLE,1.0,1.0,1.0,chots
low_reliability_or_unlikely,stolfi_inspired_signature,G_t|S_OGYL|T_r,R00,1,1,1,LOW_POWER_OR_UNSTABLE,1.0,1.0,1.0,chotyr
low_reliability_or_unlikely,stolfi_inspired_signature,G_t|S_OILDOIL|T_aiin,R10,1,1,1,LOW_POWER_OR_UNSTABLE,1.0,1.0,1.0,otaiindaiin
low_reliability_or_unlikely,stolfi_inspired_signature,G_t|S_OILOGY|T_y,R10,1,1,1,LOW_POWER_OR_UNSTABLE,1.0,1.0,1.0,daiinoty
low_reliability_or_unlikely,stolfi_inspired_signature,G_t|S_OIL|T_aiin,R00,1,1,1,LOW_POWER_OR_UNSTABLE,1.0,1.0,1.0,otoaiin
low_reliability_or_unlikely,stolfi_inspired_signature,G_t|S_OIL|T_r,R00,1,1,1,LOW_POWER_OR_UNSTABLE,1.0,1.0,1.0,otaiir
low_reliability_or_unlikely,stolfi_inspired_signature,G_t|S_OIOL|T_or,H13,1,1,1,LOW_POWER_OR_UNSTABLE,1.0,1.0,1.0,qotaiior
low_reliability_or_unlikely,stolfi_inspired_signature,G_t|S_OLBDY|T_dy,R00,1,1,1,LOW_POWER_OR_UNSTABLE,1.0,1.0,1.0,otalshdy
low_reliability_or_unlikely,stolfi_inspired_signature,G_t|S_OLBD|T_NONE,H13,1,1,1,LOW_POWER_OR_UNSTABLE,1.0,1.0,1.0,qotolchd
low_reliability_or_unlikely,stolfi_inspired_signature,G_t|S_OLBEDY|T_edy,R00,1,1,1,LOW_POWER_OR_UNSTABLE,1.0,1.0,1.0,otalshedy
low_reliability_or_unlikely,stolfi_inspired_signature,G_t|S_OLBOX|T_NONE,R00,1,1,1,LOW_POWER_OR_UNSTABLE,1.0,1.0,1.0,otorshos
low_reliability_or_unlikely,stolfi_inspired_signature,G_t|S_OLBXGXDY|T_dy,R00,1,1,1,LOW_POWER_OR_UNSTABLE,1.0,1.0,1.0,salshcthdy
low_reliability_or_unlikely,stolfi_inspired_signature,G_t|S_OLBY|T_y,R00,1,1,1,LOW_POWER_OR_UNSTABLE,1.0,1.0,1.0,otalshy
low_reliability_or_unlikely,stolfi_inspired_signature,G_t|S_OLDOLY|T_y,R09,1,1,1,LOW_POWER_OR_UNSTABLE,1.0,1.0,1.0,otardaly
low_reliability_or_unlikely,stolfi_inspired_signature,G_t|S_OLDOL|T_al,R09,1,1,1,LOW_POWER_OR_UNSTABLE,1.0,1.0,1.0,otaldal
low_reliability_or_unlikely,stolfi_inspired_signature,G_t|S_OLEG|T_NONE,R00,1,1,1,LOW_POWER_OR_UNSTABLE,1.0,1.0,1.0,alet
low_reliability_or_unlikely,stolfi_inspired_signature,G_t|S_OLGOL|T_ar,R07,1,1,1,LOW_POWER_OR_UNSTABLE,1.0,1.0,1.0,choltar
low_reliability_or_unlikely,stolfi_inspired_signature,G_t|S_OLOEL|T_ain,R00,1,1,1,LOW_POWER_OR_UNSTABLE,1.0,1.0,1.0,otorain
low_reliability_or_unlikely,stolfi_inspired_signature,G_t|S_OLOLOEL|T_ain,R00,1,1,1,LOW_POWER_OR_UNSTABLE,1.0,1.0,1.0,otararain
low_reliability_or_unlikely,stolfi_inspired_signature,G_t|S_OLOLX|T_NONE,R00,1,1,1,LOW_POWER_OR_UNSTABLE,1.0,1.0,1.0,otalalg
low_reliability_or_unlikely,stolfi_inspired_signature,G_t|S_OLOLY|T_y,R00,1,1,1,LOW_POWER_OR_UNSTABLE,1.0,1.0,1.0,otalaly
low_reliability_or_unlikely,stolfi_inspired_signature,G_t|S_OLXGXOL|T_m,R07,1,1,1,LOW_POWER_OR_UNSTABLE,1.0,1.0,1.0,cholcthom
low_reliability_or_unlikely,stolfi_inspired_signature,G_t|S_OLXGXY|T_y,R00,1,1,1,LOW_POWER_OR_UNSTABLE,1.0,1.0,1.0,solcthy
low_reliability_or_unlikely,stolfi_inspired_signature,G_t|S_OLXOL|T_ar,R00,1,1,1,LOW_POWER_OR_UNSTABLE,1.0,1.0,1.0,otalsar
low_reliability_or_unlikely,stolfi_inspired_signature,G_t|S_OLXY|T_y,R00,1,1,1,LOW_POWER_OR_UNSTABLE,1.0,1.0,1.0,otalsy
low_reliability_or_unlikely,stolfi_inspired_signature,G_t|S_OL|T_n,H13,1,1,1,LOW_POWER_OR_UNSTABLE,1.0,1.0,1.0,qotan
low_reliability_or_unlikely,stolfi_inspired_signature,G_t|S_OXEY|T_ey,R00,1,1,1,LOW_POWER_OR_UNSTABLE,1.0,1.0,1.0,otosey
low_reliability_or_unlikely,stolfi_inspired_signature,G_t|S_OXGXEDY|T_edy,R00,1,1,1,LOW_POWER_OR_UNSTABLE,1.0,1.0,1.0,chocthedy
low_reliability_or_unlikely,stolfi_inspired_signature,G_t|S_OXGXOL|T_ol,R00,1,1,1,LOW_POWER_OR_UNSTABLE,1.0,1.0,1.0,shocthol
low_reliability_or_unlikely,stolfi_inspired_signature,G_t|S_OXGX|T_NONE,R06,1,1,1,LOW_POWER_OR_UNSTABLE,1.0,1.0,1.0,socths
low_reliability_or_unlikely,stolfi_inspired_signature,G_t|S_OXOIL|T_aiin,R00,1,1,1,LOW_POWER_OR_UNSTABLE,1.0,1.0,1.0,otosaiin
low_reliability_or_unlikely,stolfi_inspired_signature,G_t|S_OXY|T_y,R00,1,1,1,LOW_POWER_OR_UNSTABLE,1.0,1.0,1.0,otosy
low_reliability_or_unlikely,stolfi_inspired_signature,G_t|S_OX|T_NONE,R00,1,1,1,LOW_POWER_OR_UNSTABLE,1.0,1.0,1.0,otos
low_reliability_or_unlikely,stolfi_inspired_signature,G_t|S_OYGY|T_y,R06,1,1,1,LOW_POWER_OR_UNSTABLE,1.0,1.0,1.0,shoyty
low_reliability_or_unlikely,stolfi_inspired_signature,G_t|S_OY|T_y,R00,1,1,1,LOW_POWER_OR_UNSTABLE,1.0,1.0,1.0,otay
low_reliability_or_unlikely,stolfi_inspired_signature,G_t|S_XBOGBL|T_l,R00,1,1,1,LOW_POWER_OR_UNSTABLE,1.0,1.0,1.0,oschotshl
low_reliability_or_unlikely,stolfi_inspired_signature,G_t|S_XGXDOLY|T_y,R09,1,1,1,LOW_POWER_OR_UNSTABLE,1.0,1.0,1.0,cthdaly
low_reliability_or_unlikely,stolfi_inspired_signature,G_t|S_XGXDYX|T_NONE,R00,1,1,1,LOW_POWER_OR_UNSTABLE,1.0,1.0,1.0,qcthdys
low_reliability_or_unlikely,stolfi_inspired_signature,G_t|S_XGXD|T_NONE,R04,1,1,1,LOW_POWER_OR_UNSTABLE,1.0,1.0,1.0,chcthd
low_reliability_or_unlikely,stolfi_inspired_signature,G_t|S_XGXEL|T_r,R04,1,1,1,LOW_POWER_OR_UNSTABLE,1.0,1.0,1.0,cther
low_reliability_or_unlikely,stolfi_inspired_signature,G_t|S_XGXEODY|T_dy,R04,1,1,1,LOW_POWER_OR_UNSTABLE,1.0,1.0,1.0,ctheody
low_reliability_or_unlikely,stolfi_inspired_signature,G_t|S_XGXEOLY|T_y,R04,1,1,1,LOW_POWER_OR_UNSTABLE,1.0,1.0,1.0,ctheoly
low_reliability_or_unlikely,stolfi_inspired_signature,G_t|S_XGXEOL|T_ol,R04,1,1,1,LOW_POWER_OR_UNSTABLE,1.0,1.0,1.0,ctheol
low_reliability_or_unlikely,stolfi_inspired_signature,G_t|S_XGXODOL|T_al,R04,1,1,1,LOW_POWER_OR_UNSTABLE,1.0,1.0,1.0,cthodal
low_reliability_or_unlikely,stolfi_inspired_signature,G_t|S_XGXODOL|T_m,R04,1,1,1,LOW_POWER_OR_UNSTABLE,1.0,1.0,1.0,cthodam
low_reliability_or_unlikely,stolfi_inspired_signature,G_t|S_XGXODY|T_dy,R04,1,1,1,LOW_POWER_OR_UNSTABLE,1.0,1.0,1.0,cthody
low_reliability_or_unlikely,stolfi_inspired_signature,G_t|S_XGXOD|T_NONE,R04,1,1,1,LOW_POWER_OR_UNSTABLE,1.0,1.0,1.0,cthod
low_reliability_or_unlikely,stolfi_inspired_signature,G_t|S_XGXOLDX|T_NONE,R07,1,1,1,LOW_POWER_OR_UNSTABLE,1.0,1.0,1.0,ctholdg
low_reliability_or_unlikely,stolfi_inspired_signature,G_t|S_XGXOLD|T_NONE,R04,1,1,1,LOW_POWER_OR_UNSTABLE,1.0,1.0,1.0,cthold
low_reliability_or_unlikely,stolfi_inspired_signature,G_t|S_XGXOLOLOIL|T_aiin,R04,1,1,1,LOW_POWER_OR_UNSTABLE,1.0,1.0,1.0,cthororaiin
low_reliability_or_unlikely,stolfi_inspired_signature,G_t|S_XGXOLO|T_NONE,R04,1,1,1,LOW_POWER_OR_UNSTABLE,1.0,1.0,1.0,ctholo
low_reliability_or_unlikely,stolfi_inspired_signature,G_t|S_XGXOL|T_n,R04,1,1,1,LOW_POWER_OR_UNSTABLE,1.0,1.0,1.0,cthan
low_reliability_or_unlikely,stolfi_inspired_signature,G_t|S_XGXOX|T_NONE,R04,1,1,1,LOW_POWER_OR_UNSTABLE,1.0,1.0,1.0,cthoj
low_reliability_or_unlikely,stolfi_inspired_signature,G_t|S_XGXYX|T_NONE,R00,1,1,1,LOW_POWER_OR_UNSTABLE,1.0,1.0,1.0,octhys
low_reliability_or_unlikely,stolfi_inspired_signature,G_t|S_XOXGXOL|T_or,R00,1,1,1,LOW_POWER_OR_UNSTABLE,1.0,1.0,1.0,osocthor
low_reliability_or_unlikely,stolfi_inspired_signature,G_t|S_YDOLY|T_y,R00,1,1,1,LOW_POWER_OR_UNSTABLE,1.0,1.0,1.0,otydary
low_reliability_or_unlikely,stolfi_inspired_signature,G_t|S_YDO|T_NONE,R00,1,1,1,LOW_POWER_OR_UNSTABLE,1.0,1.0,1.0,otyda
low_reliability_or_unlikely,stolfi_inspired_signature,G_t|S_YDX|T_NONE,R00,1,1,1,LOW_POWER_OR_UNSTABLE,1.0,1.0,1.0,otydg
low_reliability_or_unlikely,stolfi_inspired_signature,G_t|S_YGBEDY|T_edy,R00,1,1,1,LOW_POWER_OR_UNSTABLE,1.0,1.0,1.0,dytshedy
low_reliability_or_unlikely,stolfi_inspired_signature,G_t|S_YGEDY|T_edy,R06,1,1,1,LOW_POWER_OR_UNSTABLE,1.0,1.0,1.0,dytedy
low_reliability_or_unlikely,stolfi_inspired_signature,G_t|S_YGEDY|T_eedy,R00,1,1,1,LOW_POWER_OR_UNSTABLE,1.0,1.0,1.0,oyteedy
low_reliability_or_unlikely,stolfi_inspired_signature,G_t|S_YGEY|T_eey,R00,1,1,1,LOW_POWER_OR_UNSTABLE,1.0,1.0,1.0,oyteey
low_reliability_or_unlikely,stolfi_inspired_signature,G_t|S_YGOEL|T_ain,R06,1,1,1,LOW_POWER_OR_UNSTABLE,1.0,1.0,1.0,dytain
low_reliability_or_unlikely,stolfi_inspired_signature,G_t|S_YGOLX|T_NONE,R06,1,1,1,LOW_POWER_OR_UNSTABLE,1.0,1.0,1.0,dytolg
low_reliability_or_unlikely,stolfi_inspired_signature,G_t|S_YGOX|T_NONE,R00,1,1,1,LOW_POWER_OR_UNSTABLE,1.0,1.0,1.0,chytos
low_reliability_or_unlikely,stolfi_inspired_signature,G_t|S_YG|T_NONE,R06,1,1,1,LOW_POWER_OR_UNSTABLE,1.0,1.0,1.0,yt
low_reliability_or_unlikely,stolfi_inspired_signature,G_t|S_YLOL|T_or,R00,1,1,1,LOW_POWER_OR_UNSTABLE,1.0,1.0,1.0,otylor
low_reliability_or_unlikely,stolfi_inspired_signature,G_t|S_YOGYDX|T_NONE,R00,1,1,1,LOW_POWER_OR_UNSTABLE,1.0,1.0,1.0,dyotyds
low_reliability_or_unlikely,stolfi_inspired_signature,G_t|S_YX|T_NONE,R00,1,1,1,LOW_POWER_OR_UNSTABLE,1.0,1.0,1.0,otys
low_reliability_or_unlikely,stolfi_inspired_signature,NG|S_BDOLDY|T_dy,R00,1,1,1,LOW_POWER_OR_UNSTABLE,1.0,1.0,1.0,dchdaldy
low_reliability_or_unlikely,stolfi_inspired_signature,NG|S_BD|T_NONE,R00,1,1,1,LOW_POWER_OR_UNSTABLE,1.0,1.0,1.0,chd
low_reliability_or_unlikely,stolfi_inspired_signature,NG|S_BEDOEL|T_ain,R00,1,1,1,LOW_POWER_OR_UNSTABLE,1.0,1.0,1.0,dchedain
low_reliability_or_unlikely,stolfi_inspired_signature,NG|S_BEDOEL|T_r,R00,1,1,1,LOW_POWER_OR_UNSTABLE,1.0,1.0,1.0,yshedair
low_reliability_or_unlikely,stolfi_inspired_signature,NG|S_BEDOLY|T_y,R09,1,1,1,LOW_POWER_OR_UNSTABLE,1.0,1.0,1.0,dchedaly
low_reliability_or_unlikely,stolfi_inspired_signature,NG|S_BEODOEL|T_ain,R00,1,1,1,LOW_POWER_OR_UNSTABLE,1.0,1.0,1.0,dcheodain
low_reliability_or_unlikely,stolfi_inspired_signature,NG|S_BEODOIL|T_aiin,R00,1,1,1,LOW_POWER_OR_UNSTABLE,1.0,1.0,1.0,dcheodaiin
low_reliability_or_unlikely,stolfi_inspired_signature,NG|S_BEOLBEO|T_NONE,R00,1,1,1,LOW_POWER_OR_UNSTABLE,1.0,1.0,1.0,ycheeolcheeo
low_reliability_or_unlikely,stolfi_inspired_signature,NG|S_BEOLDY|T_dy,R00,1,1,1,LOW_POWER_OR_UNSTABLE,1.0,1.0,1.0,dcheoldy
low_reliability_or_unlikely,stolfi_inspired_signature,NG|S_BEOLOD|T_NONE,R00,1,1,1,LOW_POWER_OR_UNSTABLE,1.0,1.0,1.0,ychealod
low_reliability_or_unlikely,stolfi_inspired_signature,NG|S_BEOLOIL|T_aiin,R00,1,1,1,LOW_POWER_OR_UNSTABLE,1.0,1.0,1.0,ycheoraiin
low_reliability_or_unlikely,stolfi_inspired_signature,NG|S_BEOL|T_m,R00,1,1,1,LOW_POWER_OR_UNSTABLE,1.0,1.0,1.0,olcheom
low_reliability_or_unlikely,stolfi_inspired_signature,NG|S_BEOX|T_NONE,R06,1,1,1,LOW_POWER_OR_UNSTABLE,1.0,1.0,1.0,dsheog
low_reliability_or_unlikely,stolfi_inspired_signature,NG|S_BEOY|T_y,R06,1,1,1,LOW_POWER_OR_UNSTABLE,1.0,1.0,1.0,dsheoy
low_reliability_or_unlikely,stolfi_inspired_signature,NG|S_BEXEY|T_ey,R00,1,1,1,LOW_POWER_OR_UNSTABLE,1.0,1.0,1.0,olcheesey
low_reliability_or_unlikely,stolfi_inspired_signature,NG|S_BEXOX|T_NONE,R00,1,1,1,LOW_POWER_OR_UNSTABLE,1.0,1.0,1.0,yshesas
low_reliability_or_unlikely,stolfi_inspired_signature,NG|S_BEXY|T_y,R00,1,1,1,LOW_POWER_OR_UNSTABLE,1.0,1.0,1.0,oshesy
low_reliability_or_unlikely,stolfi_inspired_signature,NG|S_BEX|T_NONE,R06,1,1,1,LOW_POWER_OR_UNSTABLE,1.0,1.0,1.0,dshees
low_reliability_or_unlikely,stolfi_inspired_signature,NG|S_BOBOL|T_or,R00,1,1,1,LOW_POWER_OR_UNSTABLE,1.0,1.0,1.0,orchochor
low_reliability_or_unlikely,stolfi_inspired_signature,NG|S_BODOIL|T_aiin,R10,1,1,1,LOW_POWER_OR_UNSTABLE,1.0,1.0,1.0,dchodaiin
low_reliability_or_unlikely,stolfi_inspired_signature,NG|S_BODOLE|T_e,R00,1,1,1,LOW_POWER_OR_UNSTABLE,1.0,1.0,1.0,ochodare
low_reliability_or_unlikely,stolfi_inspired_signature,NG|S_BODOL|T_al,R09,1,1,1,LOW_POWER_OR_UNSTABLE,1.0,1.0,1.0,qchodal
low_reliability_or_unlikely,stolfi_inspired_signature,NG|S_BOIL|T_iin,R00,1,1,1,LOW_POWER_OR_UNSTABLE,1.0,1.0,1.0,olchoiin
low_reliability_or_unlikely,stolfi_inspired_signature,NG|S_BOLBOLOL|T_m,R00,1,1,1,LOW_POWER_OR_UNSTABLE,1.0,1.0,1.0,ocholsharam
low_reliability_or_unlikely,stolfi_inspired_signature,NG|S_BOLBY|T_y,R00,1,1,1,LOW_POWER_OR_UNSTABLE,1.0,1.0,1.0,scharchy
low_reliability_or_unlikely,stolfi_inspired_signature,NG|S_BOLY|T_y,R00,1,1,1,LOW_POWER_OR_UNSTABLE,1.0,1.0,1.0,ochory
low_reliability_or_unlikely,stolfi_inspired_signature,NG|S_BOL|T_m,R06,1,1,1,LOW_POWER_OR_UNSTABLE,1.0,1.0,1.0,ychom
low_reliability_or_unlikely,stolfi_inspired_signature,NG|S_BOXOL|T_ar,R00,1,1,1,LOW_POWER_OR_UNSTABLE,1.0,1.0,1.0,ychosar
low_reliability_or_unlikely,stolfi_inspired_signature,NG|S_BOY|T_y,R06,1,1,1,LOW_POWER_OR_UNSTABLE,1.0,1.0,1.0,ychoy
low_reliability_or_unlikely,stolfi_inspired_signature,NG|S_DBEY|T_ey,R00,1,1,1,LOW_POWER_OR_UNSTABLE,1.0,1.0,1.0,odchey
low_reliability_or_unlikely,stolfi_inspired_signature,NG|S_DBOX|T_NONE,R06,1,1,1,LOW_POWER_OR_UNSTABLE,1.0,1.0,1.0,ydchos
low_reliability_or_unlikely,stolfi_inspired_signature,NG|S_DEODL|T_l,R00,1,1,1,LOW_POWER_OR_UNSTABLE,1.0,1.0,1.0,odeeeodl
low_reliability_or_unlikely,stolfi_inspired_signature,NG|S_DEX|T_NONE,R00,1,1,1,LOW_POWER_OR_UNSTABLE,1.0,1.0,1.0,odees
low_reliability_or_unlikely,stolfi_inspired_signature,NG|S_DOELOL|T_n,R00,1,1,1,LOW_POWER_OR_UNSTABLE,1.0,1.0,1.0,odairan
low_reliability_or_unlikely,stolfi_inspired_signature,NG|S_DOELOL|T_ol,R00,1,1,1,LOW_POWER_OR_UNSTABLE,1.0,1.0,1.0,ydairol
low_reliability_or_unlikely,stolfi_inspired_signature,NG|S_DOEL|T_l,R00,1,1,1,LOW_POWER_OR_UNSTABLE,1.0,1.0,1.0,chdail
low_reliability_or_unlikely,stolfi_inspired_signature,NG|S_DOEX|T_NONE,R00,1,1,1,LOW_POWER_OR_UNSTABLE,1.0,1.0,1.0,oldaig
low_reliability_or_unlikely,stolfi_inspired_signature,NG|S_DOIEL|T_aiiin,R00,1,1,1,LOW_POWER_OR_UNSTABLE,1.0,1.0,1.0,odaiiin
low_reliability_or_unlikely,stolfi_inspired_signature,NG|S_DOILDOELY|T_y,R00,1,1,1,LOW_POWER_OR_UNSTABLE,1.0,1.0,1.0,chdaiirdainy
low_reliability_or_unlikely,stolfi_inspired_signature,NG|S_DOIL|T_l,R06,1,1,1,LOW_POWER_OR_UNSTABLE,1.0,1.0,1.0,ydaiil
low_reliability_or_unlikely,stolfi_inspired_signature,NG|S_DOIL|T_m,R00,1,1,1,LOW_POWER_OR_UNSTABLE,1.0,1.0,1.0,odaiim
low_reliability_or_unlikely,stolfi_inspired_signature,NG|S_DOLOEBY|T_y,R00,1,1,1,LOW_POWER_OR_UNSTABLE,1.0,1.0,1.0,ydaraishy
low_reliability_or_unlikely,stolfi_inspired_signature,NG|S_DOLOL|T_al,R09,1,1,1,LOW_POWER_OR_UNSTABLE,1.0,1.0,1.0,chdalal
low_reliability_or_unlikely,stolfi_inspired_signature,NG|S_DOLYDOLY|T_y,R00,1,1,1,LOW_POWER_OR_UNSTABLE,1.0,1.0,1.0,odalydary
low_reliability_or_unlikely,stolfi_inspired_signature,NG|S_DOL|T_or,R00,1,1,1,LOW_POWER_OR_UNSTABLE,1.0,1.0,1.0,odor
low_reliability_or_unlikely,stolfi_inspired_signature,NG|S_DY|T_dy,R00,1,1,1,LOW_POWER_OR_UNSTABLE,1.0,1.0,1.0,chddy
low_reliability_or_unlikely,stolfi_inspired_signature,NG|S_EBDOIL|T_aiin,R00,1,1,1,LOW_POWER_OR_UNSTABLE,1.0,1.0,1.0,chechdaiin
low_reliability_or_unlikely,stolfi_inspired_signature,NG|S_EBEY|T_ey,R00,1,1,1,LOW_POWER_OR_UNSTABLE,1.0,1.0,1.0,chechey
low_reliability_or_unlikely,stolfi_inspired_signature,NG|S_EDBEY|T_ey,R00,1,1,1,LOW_POWER_OR_UNSTABLE,1.0,1.0,1.0,chedchey
low_reliability_or_unlikely,stolfi_inspired_signature,NG|S_EDBY|T_y,R00,1,1,1,LOW_POWER_OR_UNSTABLE,1.0,1.0,1.0,chedchy
low_reliability_or_unlikely,stolfi_inspired_signature,NG|S_EDEY|T_ey,R00,1,1,1,LOW_POWER_OR_UNSTABLE,1.0,1.0,1.0,oeedey
low_reliability_or_unlikely,stolfi_inspired_signature,NG|S_EDODY|T_dy,R00,1,1,1,LOW_POWER_OR_UNSTABLE,1.0,1.0,1.0,oedady
low_reliability_or_unlikely,stolfi_inspired_signature,NG|S_EDOLX|T_NONE,R09,1,1,1,LOW_POWER_OR_UNSTABLE,1.0,1.0,1.0,cheedals
low_reliability_or_unlikely,stolfi_inspired_signature,NG|S_EDOL|T_ol,R06,1,1,1,LOW_POWER_OR_UNSTABLE,1.0,1.0,1.0,shedol
low_reliability_or_unlikely,stolfi_inspired_signature,NG|S_EDOL|T_or,R00,1,1,1,LOW_POWER_OR_UNSTABLE,1.0,1.0,1.0,chedor
low_reliability_or_unlikely,stolfi_inspired_signature,NG|S_EDYDY|T_dy,R00,1,1,1,LOW_POWER_OR_UNSTABLE,1.0,1.0,1.0,chedydy
low_reliability_or_unlikely,stolfi_inspired_signature,NG|S_EDYL|T_l,R00,1,1,1,LOW_POWER_OR_UNSTABLE,1.0,1.0,1.0,chedyl
low_reliability_or_unlikely,stolfi_inspired_signature,NG|S_ELDY|T_dy,R06,1,1,1,LOW_POWER_OR_UNSTABLE,1.0,1.0,1.0,dindy
low_reliability_or_unlikely,stolfi_inspired_signature,NG|S_EL|T_l,R00,1,1,1,LOW_POWER_OR_UNSTABLE,1.0,1.0,1.0,chel
low_reliability_or_unlikely,stolfi_inspired_signature,NG|S_EL|T_n,R00,1,1,1,LOW_POWER_OR_UNSTABLE,1.0,1.0,1.0,in
low_reliability_or_unlikely,stolfi_inspired_signature,NG|S_EODOL|T_al,R09,1,1,1,LOW_POWER_OR_UNSTABLE,1.0,1.0,1.0,cheodal
low_reliability_or_unlikely,stolfi_inspired_signature,NG|S_EODOL|T_m,R00,1,1,1,LOW_POWER_OR_UNSTABLE,1.0,1.0,1.0,cheeodam
low_reliability_or_unlikely,stolfi_inspired_signature,NG|S_EODOL|T_ol,R00,1,1,1,LOW_POWER_OR_UNSTABLE,1.0,1.0,1.0,sheodol
low_reliability_or_unlikely,stolfi_inspired_signature,NG|S_EOEL|T_ain,R00,1,1,1,LOW_POWER_OR_UNSTABLE,1.0,1.0,1.0,cheain
low_reliability_or_unlikely,stolfi_inspired_signature,NG|S_EOIL|T_r,R00,1,1,1,LOW_POWER_OR_UNSTABLE,1.0,1.0,1.0,seeaiir
low_reliability_or_unlikely,stolfi_inspired_signature,NG|S_EOLBEY|T_ey,R00,1,1,1,LOW_POWER_OR_UNSTABLE,1.0,1.0,1.0,cheolchey
low_reliability_or_unlikely,stolfi_inspired_signature,NG|S_EOLBOL|T_al,R00,1,1,1,LOW_POWER_OR_UNSTABLE,1.0,1.0,1.0,cheolchal
low_reliability_or_unlikely,stolfi_inspired_signature,NG|S_EOLDOEL|T_r,R00,1,1,1,LOW_POWER_OR_UNSTABLE,1.0,1.0,1.0,cheeoldair
low_reliability_or_unlikely,stolfi_inspired_signature,NG|S_EOLDOL|T_ar,R00,1,1,1,LOW_POWER_OR_UNSTABLE,1.0,1.0,1.0,shealdar
low_reliability_or_unlikely,stolfi_inspired_signature,NG|S_EOLDOL|T_m,R00,1,1,1,LOW_POWER_OR_UNSTABLE,1.0,1.0,1.0,sheoldam
low_reliability_or_unlikely,stolfi_inspired_signature,NG|S_EOLDOL|T_n,R00,1,1,1,LOW_POWER_OR_UNSTABLE,1.0,1.0,1.0,oeoldan
low_reliability_or_unlikely,stolfi_inspired_signature,NG|S_EOLOEL|T_ain,R00,1,1,1,LOW_POWER_OR_UNSTABLE,1.0,1.0,1.0,cheeeorain
low_reliability_or_unlikely,stolfi_inspired_signature,NG|S_EOLX|T_NONE,R06,1,1,1,LOW_POWER_OR_UNSTABLE,1.0,1.0,1.0,sheols
low_reliability_or_unlikely,stolfi_inspired_signature,NG|S_EOL|T_m,R00,1,1,1,LOW_POWER_OR_UNSTABLE,1.0,1.0,1.0,cheam
low_reliability_or_unlikely,stolfi_inspired_signature,NG|S_EOXDY|T_dy,R00,1,1,1,LOW_POWER_OR_UNSTABLE,1.0,1.0,1.0,cheosdy
low_reliability_or_unlikely,stolfi_inspired_signature,NG|S_EOXOL|T_m,R00,1,1,1,LOW_POWER_OR_UNSTABLE,1.0,1.0,1.0,sheosam
low_reliability_or_unlikely,stolfi_inspired_signature,NG|S_EOXY|T_y,R00,1,1,1,LOW_POWER_OR_UNSTABLE,1.0,1.0,1.0,cheosy
low_reliability_or_unlikely,stolfi_inspired_signature,NG|S_EXEY|T_ey,R06,1,1,1,LOW_POWER_OR_UNSTABLE,1.0,1.0,1.0,desey
low_reliability_or_unlikely,stolfi_inspired_signature,NG|S_EXODY|T_dy,R00,1,1,1,LOW_POWER_OR_UNSTABLE,1.0,1.0,1.0,oeesody
low_reliability_or_unlikely,stolfi_inspired_signature,NG|S_EXOIL|T_aiin,R00,1,1,1,LOW_POWER_OR_UNSTABLE,1.0,1.0,1.0,oeesaiin
low_reliability_or_unlikely,stolfi_inspired_signature,NG|S_EXOL|T_al,R00,1,1,1,LOW_POWER_OR_UNSTABLE,1.0,1.0,1.0,eeesal
low_reliability_or_unlikely,stolfi_inspired_signature,NG|S_EXYDY|T_dy,R00,1,1,1,LOW_POWER_OR_UNSTABLE,1.0,1.0,1.0,eesydy
low_reliability_or_unlikely,stolfi_inspired_signature,NG|S_EXY|T_y,R00,1,1,1,LOW_POWER_OR_UNSTABLE,1.0,1.0,1.0,oeesy
low_reliability_or_unlikely,stolfi_inspired_signature,NG|S_EYBEOL|T_ar,R00,1,1,1,LOW_POWER_OR_UNSTABLE,1.0,1.0,1.0,cheychear
low_reliability_or_unlikely,stolfi_inspired_signature,NG|S_EYDY|T_dy,R00,1,1,1,LOW_POWER_OR_UNSTABLE,1.0,1.0,1.0,cheydy
low_reliability_or_unlikely,stolfi_inspired_signature,NG|S_EYX|T_NONE,R00,1,1,1,LOW_POWER_OR_UNSTABLE,1.0,1.0,1.0,cheys
low_reliability_or_unlikely,stolfi_inspired_signature,NG|S_ILOL|T_al,R00,1,1,1,LOW_POWER_OR_UNSTABLE,1.0,1.0,1.0,iinal
low_reliability_or_unlikely,stolfi_inspired_signature,NG|S_ILOL|T_ar,R00,1,1,1,LOW_POWER_OR_UNSTABLE,1.0,1.0,1.0,oiinar
low_reliability_or_unlikely,stolfi_inspired_signature,NG|S_ILY|T_y,R00,1,1,1,LOW_POWER_OR_UNSTABLE,1.0,1.0,1.0,oiiny
low_reliability_or_unlikely,stolfi_inspired_signature,NG|S_LBEDOLY|T_y,R00,1,1,1,LOW_POWER_OR_UNSTABLE,1.0,1.0,1.0,lshedary
low_reliability_or_unlikely,stolfi_inspired_signature,NG|S_LBEDO|T_NONE,R00,1,1,1,LOW_POWER_OR_UNSTABLE,1.0,1.0,1.0,lchedo
low_reliability_or_unlikely,stolfi_inspired_signature,NG|S_LBEDYLOL|T_ol,R00,1,1,1,LOW_POWER_OR_UNSTABLE,1.0,1.0,1.0,lchedylol
low_reliability_or_unlikely,stolfi_inspired_signature,NG|S_LBEL|T_l,R00,1,1,1,LOW_POWER_OR_UNSTABLE,1.0,1.0,1.0,lcheel
low_reliability_or_unlikely,stolfi_inspired_signature,NG|S_LBEODY|T_dy,R00,1,1,1,LOW_POWER_OR_UNSTABLE,1.0,1.0,1.0,lcheody
low_reliability_or_unlikely,stolfi_inspired_signature,NG|S_LBEOL|T_al,R00,1,1,1,LOW_POWER_OR_UNSTABLE,1.0,1.0,1.0,rsheal
low_reliability_or_unlikely,stolfi_inspired_signature,NG|S_LBEOL|T_m,R00,1,1,1,LOW_POWER_OR_UNSTABLE,1.0,1.0,1.0,lcheam
low_reliability_or_unlikely,stolfi_inspired_signature,NG|S_LBEO|T_NONE,R00,1,1,1,LOW_POWER_OR_UNSTABLE,1.0,1.0,1.0,lcheo
low_reliability_or_unlikely,stolfi_inspired_signature,NG|S_LBL|T_l,R00,1,1,1,LOW_POWER_OR_UNSTABLE,1.0,1.0,1.0,lchl
low_reliability_or_unlikely,stolfi_inspired_signature,NG|S_LBODOEL|T_r,R00,1,1,1,LOW_POWER_OR_UNSTABLE,1.0,1.0,1.0,lshodair
low_reliability_or_unlikely,stolfi_inspired_signature,NG|S_LBOL|T_al,R00,1,1,1,LOW_POWER_OR_UNSTABLE,1.0,1.0,1.0,lchal
low_reliability_or_unlikely,stolfi_inspired_signature,NG|S_LBOL|T_ar,R00,1,1,1,LOW_POWER_OR_UNSTABLE,1.0,1.0,1.0,lchar
low_reliability_or_unlikely,stolfi_inspired_signature,NG|S_LBOL|T_ol,R00,1,1,1,LOW_POWER_OR_UNSTABLE,1.0,1.0,1.0,lchol
low_reliability_or_unlikely,stolfi_inspired_signature,NG|S_LBXL|T_l,R00,1,1,1,LOW_POWER_OR_UNSTABLE,1.0,1.0,1.0,lchsl
low_reliability_or_unlikely,stolfi_inspired_signature,NG|S_LBX|T_NONE,R00,1,1,1,LOW_POWER_OR_UNSTABLE,1.0,1.0,1.0,lchg
low_reliability_or_unlikely,stolfi_inspired_signature,NG|S_LDOLX|T_NONE,R00,1,1,1,LOW_POWER_OR_UNSTABLE,1.0,1.0,1.0,ldals
low_reliability_or_unlikely,stolfi_inspired_signature,NG|S_LDOL|T_ol,R00,1,1,1,LOW_POWER_OR_UNSTABLE,1.0,1.0,1.0,ldol
low_reliability_or_unlikely,stolfi_inspired_signature,NG|S_LDYL|T_r,R00,1,1,1,LOW_POWER_OR_UNSTABLE,1.0,1.0,1.0,ldyr
low_reliability_or_unlikely,stolfi_inspired_signature,NG|S_LEL|T_in,H07,1,1,1,LOW_POWER_OR_UNSTABLE,1.0,1.0,1.0,qolin
low_reliability_or_unlikely,stolfi_inspired_signature,NG|S_LEY|T_eey,R00,1,1,1,LOW_POWER_OR_UNSTABLE,1.0,1.0,1.0,reeey
low_reliability_or_unlikely,stolfi_inspired_signature,NG|S_LE|T_e,R00,1,1,1,LOW_POWER_OR_UNSTABLE,1.0,1.0,1.0,ore
low_reliability_or_unlikely,stolfi_inspired_signature,NG|S_LOBEDY|T_edy,R00,1,1,1,LOW_POWER_OR_UNSTABLE,1.0,1.0,1.0,lochedy
low_reliability_or_unlikely,stolfi_inspired_signature,NG|S_LOBEY|T_ey,R00,1,1,1,LOW_POWER_OR_UNSTABLE,1.0,1.0,1.0,lochey
low_reliability_or_unlikely,stolfi_inspired_signature,NG|S_LOBOLX|T_NONE,R00,1,1,1,LOW_POWER_OR_UNSTABLE,1.0,1.0,1.0,lashalg
low_reliability_or_unlikely,stolfi_inspired_signature,NG|S_LODOIL|T_aiin,R10,1,1,1,LOW_POWER_OR_UNSTABLE,1.0,1.0,1.0,lodaiin
low_reliability_or_unlikely,stolfi_inspired_signature,NG|S_LODOL|T_ar,R00,1,1,1,LOW_POWER_OR_UNSTABLE,1.0,1.0,1.0,olrodar
low_reliability_or_unlikely,stolfi_inspired_signature,NG|S_LODO|T_NONE,R00,1,1,1,LOW_POWER_OR_UNSTABLE,1.0,1.0,1.0,loda
low_reliability_or_unlikely,stolfi_inspired_signature,NG|S_LODY|T_dy,R00,1,1,1,LOW_POWER_OR_UNSTABLE,1.0,1.0,1.0,rody
low_reliability_or_unlikely,stolfi_inspired_signature,NG|S_LOEL|T_r,R00,1,1,1,LOW_POWER_OR_UNSTABLE,1.0,1.0,1.0,rair
low_reliability_or_unlikely,stolfi_inspired_signature,NG|S_LOEX|T_NONE,R00,1,1,1,LOW_POWER_OR_UNSTABLE,1.0,1.0,1.0,loeees
low_reliability_or_unlikely,stolfi_inspired_signature,NG|S_LOEY|T_eey,R00,1,1,1,LOW_POWER_OR_UNSTABLE,1.0,1.0,1.0,loeey
low_reliability_or_unlikely,stolfi_inspired_signature,NG|S_LOIEL|T_aiiin,R00,1,1,1,LOW_POWER_OR_UNSTABLE,1.0,1.0,1.0,laiiin
low_reliability_or_unlikely,stolfi_inspired_signature,NG|S_LOIEL|T_iin,R00,1,1,1,LOW_POWER_OR_UNSTABLE,1.0,1.0,1.0,loiiin
low_reliability_or_unlikely,stolfi_inspired_signature,NG|S_LOILY|T_y,R00,1,1,1,LOW_POWER_OR_UNSTABLE,1.0,1.0,1.0,ylaiiny
low_reliability_or_unlikely,stolfi_inspired_signature,NG|S_LOLBEDY|T_eedy,R00,1,1,1,LOW_POWER_OR_UNSTABLE,1.0,1.0,1.0,rolsheedy
low_reliability_or_unlikely,stolfi_inspired_signature,NG|S_LOLOIL|T_r,R00,1,1,1,LOW_POWER_OR_UNSTABLE,1.0,1.0,1.0,loraiir
low_reliability_or_unlikely,stolfi_inspired_signature,NG|S_LOLOLODY|T_dy,R00,1,1,1,LOW_POWER_OR_UNSTABLE,1.0,1.0,1.0,loralody
low_reliability_or_unlikely,stolfi_inspired_signature,NG|S_LOLOL|T_or,R00,1,1,1,LOW_POWER_OR_UNSTABLE,1.0,1.0,1.0,lolor
low_reliability_or_unlikely,stolfi_inspired_signature,NG|S_LOXOIL|T_aiin,R00,1,1,1,LOW_POWER_OR_UNSTABLE,1.0,1.0,1.0,losaiin
low_reliability_or_unlikely,stolfi_inspired_signature,NG|S_LOX|T_NONE,R00,1,1,1,LOW_POWER_OR_UNSTABLE,1.0,1.0,1.0,rag
low_reliability_or_unlikely,stolfi_inspired_signature,NG|S_LXOIL|T_aiin,R00,1,1,1,LOW_POWER_OR_UNSTABLE,1.0,1.0,1.0,lsaiin
low_reliability_or_unlikely,stolfi_inspired_signature,NG|S_LXOL|T_n,R00,1,1,1,LOW_POWER_OR_UNSTABLE,1.0,1.0,1.0,llsan
low_reliability_or_unlikely,stolfi_inspired_signature,NG|S_L|T_m,R00,1,1,1,LOW_POWER_OR_UNSTABLE,1.0,1.0,1.0,llm
low_reliability_or_unlikely,stolfi_inspired_signature,NG|S_OBEO|T_NONE,R00,1,1,1,LOW_POWER_OR_UNSTABLE,1.0,1.0,1.0,docheeo
low_reliability_or_unlikely,stolfi_inspired_signature,NG|S_OBOD|T_NONE,R06,1,1,1,LOW_POWER_OR_UNSTABLE,1.0,1.0,1.0,dochod
low_reliability_or_unlikely,stolfi_inspired_signature,NG|S_OBOL|T_or,R00,1,1,1,LOW_POWER_OR_UNSTABLE,1.0,1.0,1.0,chochor
low_reliability_or_unlikely,stolfi_inspired_signature,NG|S_OBO|T_NONE,R06,1,1,1,LOW_POWER_OR_UNSTABLE,1.0,1.0,1.0,sosho
low_reliability_or_unlikely,stolfi_inspired_signature,NG|S_ODBY|T_y,R00,1,1,1,LOW_POWER_OR_UNSTABLE,1.0,1.0,1.0,chodchy
low_reliability_or_unlikely,stolfi_inspired_signature,NG|S_ODOBXOXOEL|T_ain,R00,1,1,1,LOW_POWER_OR_UNSTABLE,1.0,1.0,1.0,adashgasain
low_reliability_or_unlikely,stolfi_inspired_signature,NG|S_ODOELBDY|T_dy,R00,1,1,1,LOW_POWER_OR_UNSTABLE,1.0,1.0,1.0,adairchdy
low_reliability_or_unlikely,stolfi_inspired_signature,NG|S_ODOEL|T_ain,R05,1,1,1,LOW_POWER_OR_UNSTABLE,1.0,1.0,1.0,shodain
low_reliability_or_unlikely,stolfi_inspired_signature,NG|S_OEDOY|T_y,R00,1,1,1,LOW_POWER_OR_UNSTABLE,1.0,1.0,1.0,soeedoy
low_reliability_or_unlikely,stolfi_inspired_signature,NG|S_OED|T_NONE,R06,1,1,1,LOW_POWER_OR_UNSTABLE,1.0,1.0,1.0,daid
low_reliability_or_unlikely,stolfi_inspired_signature,NG|S_OELDY|T_dy,R06,1,1,1,LOW_POWER_OR_UNSTABLE,1.0,1.0,1.0,dairdy
low_reliability_or_unlikely,stolfi_inspired_signature,NG|S_OELOD|T_NONE,R06,1,1,1,LOW_POWER_OR_UNSTABLE,1.0,1.0,1.0,dainod
low_reliability_or_unlikely,stolfi_inspired_signature,NG|S_OELOLY|T_y,R00,1,1,1,LOW_POWER_OR_UNSTABLE,1.0,1.0,1.0,ainaly
low_reliability_or_unlikely,stolfi_inspired_signature,NG|S_OELOL|T_m,R06,1,1,1,LOW_POWER_OR_UNSTABLE,1.0,1.0,1.0,sairam
low_reliability_or_unlikely,stolfi_inspired_signature,NG|S_OELOL|T_ol,R06,1,1,1,LOW_POWER_OR_UNSTABLE,1.0,1.0,1.0,dairol
low_reliability_or_unlikely,stolfi_inspired_signature,NG|S_OELO|T_NONE,R06,1,1,1,LOW_POWER_OR_UNSTABLE,1.0,1.0,1.0,saino
low_reliability_or_unlikely,stolfi_inspired_signature,NG|S_OEOL|T_ol,R06,1,1,1,LOW_POWER_OR_UNSTABLE,1.0,1.0,1.0,soeeol
low_reliability_or_unlikely,stolfi_inspired_signature,NG|S_OEOXO|T_NONE,R00,1,1,1,LOW_POWER_OR_UNSTABLE,1.0,1.0,1.0,saeeasa
low_reliability_or_unlikely,stolfi_inspired_signature,NG|S_OEXOL|T_al,R06,1,1,1,LOW_POWER_OR_UNSTABLE,1.0,1.0,1.0,saisal
low_reliability_or_unlikely,stolfi_inspired_signature,NG|S_OEXY|T_y,R00,1,1,1,LOW_POWER_OR_UNSTABLE,1.0,1.0,1.0,choeesy
low_reliability_or_unlikely,stolfi_inspired_signature,NG|S_OE|T_ee,R00,1,1,1,LOW_POWER_OR_UNSTABLE,1.0,1.0,1.0,choee
low_reliability_or_unlikely,stolfi_inspired_signature,NG|S_OIDOL|T_al,R09,1,1,1,LOW_POWER_OR_UNSTABLE,1.0,1.0,1.0,daiidal
low_reliability_or_unlikely,stolfi_inspired_signature,NG|S_OIDY|T_dy,R06,1,1,1,LOW_POWER_OR_UNSTABLE,1.0,1.0,1.0,daiidy
low_reliability_or_unlikely,stolfi_inspired_signature,NG|S_OILBY|T_y,R00,1,1,1,LOW_POWER_OR_UNSTABLE,1.0,1.0,1.0,saiinchy
low_reliability_or_unlikely,stolfi_inspired_signature,NG|S_OILODOEL|T_m,R10,1,1,1,LOW_POWER_OR_UNSTABLE,1.0,1.0,1.0,daiinodaim
low_reliability_or_unlikely,stolfi_inspired_signature,NG|S_OILODY|T_dy,R00,1,1,1,LOW_POWER_OR_UNSTABLE,1.0,1.0,1.0,daiinody
low_reliability_or_unlikely,stolfi_inspired_signature,NG|S_OILOD|T_NONE,R00,1,1,1,LOW_POWER_OR_UNSTABLE,1.0,1.0,1.0,aiinod
low_reliability_or_unlikely,stolfi_inspired_signature,NG|S_OILOLBEDY|T_edy,R00,1,1,1,LOW_POWER_OR_UNSTABLE,1.0,1.0,1.0,oaiiralchedy
low_reliability_or_unlikely,stolfi_inspired_signature,NG|S_OILOLY|T_y,R00,1,1,1,LOW_POWER_OR_UNSTABLE,1.0,1.0,1.0,aiiraly
low_reliability_or_unlikely,stolfi_inspired_signature,NG|S_OILOL|T_al,R00,1,1,1,LOW_POWER_OR_UNSTABLE,1.0,1.0,1.0,aiinal
low_reliability_or_unlikely,stolfi_inspired_signature,NG|S_OILOL|T_ar,R10,1,1,1,LOW_POWER_OR_UNSTABLE,1.0,1.0,1.0,daiinar
low_reliability_or_unlikely,stolfi_inspired_signature,NG|S_OILO|T_NONE,R06,1,1,1,LOW_POWER_OR_UNSTABLE,1.0,1.0,1.0,saiino
low_reliability_or_unlikely,stolfi_inspired_signature,NG|S_OIL|T_m,R06,1,1,1,LOW_POWER_OR_UNSTABLE,1.0,1.0,1.0,daiim
low_reliability_or_unlikely,stolfi_inspired_signature,NG|S_OIXOLY|T_y,R00,1,1,1,LOW_POWER_OR_UNSTABLE,1.0,1.0,1.0,daiisaly
low_reliability_or_unlikely,stolfi_inspired_signature,NG|S_OLBDOL|T_ar,R00,1,1,1,LOW_POWER_OR_UNSTABLE,1.0,1.0,1.0,darchdar
low_reliability_or_unlikely,stolfi_inspired_signature,NG|S_OLBD|T_NONE,R06,1,1,1,LOW_POWER_OR_UNSTABLE,1.0,1.0,1.0,dalshd
low_reliability_or_unlikely,stolfi_inspired_signature,NG|S_OLBEDOL|T_ar,R00,1,1,1,LOW_POWER_OR_UNSTABLE,1.0,1.0,1.0,alchedar
low_reliability_or_unlikely,stolfi_inspired_signature,NG|S_OLBED|T_NONE,R00,1,1,1,LOW_POWER_OR_UNSTABLE,1.0,1.0,1.0,solshed
low_reliability_or_unlikely,stolfi_inspired_signature,NG|S_OLBEOL|T_or,R00,1,1,1,LOW_POWER_OR_UNSTABLE,1.0,1.0,1.0,darcheor
low_reliability_or_unlikely,stolfi_inspired_signature,NG|S_OLBEX|T_NONE,R00,1,1,1,LOW_POWER_OR_UNSTABLE,1.0,1.0,1.0,oalcheg
low_reliability_or_unlikely,stolfi_inspired_signature,NG|S_OLBEY|T_eey,R00,1,1,1,LOW_POWER_OR_UNSTABLE,1.0,1.0,1.0,chorcheey
low_reliability_or_unlikely,stolfi_inspired_signature,NG|S_OLBODY|T_dy,R00,1,1,1,LOW_POWER_OR_UNSTABLE,1.0,1.0,1.0,darshody
low_reliability_or_unlikely,stolfi_inspired_signature,NG|S_OLBOLXOL|T_al,R07,1,1,1,LOW_POWER_OR_UNSTABLE,1.0,1.0,1.0,chorcholsal
low_reliability_or_unlikely,stolfi_inspired_signature,NG|S_OLBOL|T_al,R07,1,1,1,LOW_POWER_OR_UNSTABLE,1.0,1.0,1.0,cholshal
low_reliability_or_unlikely,stolfi_inspired_signature,NG|S_OLBOL|T_ar,R00,1,1,1,LOW_POWER_OR_UNSTABLE,1.0,1.0,1.0,sarchar
low_reliability_or_unlikely,stolfi_inspired_signature,NG|S_OLBOL|T_ol,R07,1,1,1,LOW_POWER_OR_UNSTABLE,1.0,1.0,1.0,archol
low_reliability_or_unlikely,stolfi_inspired_signature,NG|S_OLBOL|T_or,R00,1,1,1,LOW_POWER_OR_UNSTABLE,1.0,1.0,1.0,alchor
low_reliability_or_unlikely,stolfi_inspired_signature,NG|S_OLBXODY|T_dy,R00,1,1,1,LOW_POWER_OR_UNSTABLE,1.0,1.0,1.0,dolchsody
low_reliability_or_unlikely,stolfi_inspired_signature,NG|S_OLDOLOL|T_ol,R09,1,1,1,LOW_POWER_OR_UNSTABLE,1.0,1.0,1.0,daldalol
low_reliability_or_unlikely,stolfi_inspired_signature,NG|S_OLDOL|T_al,R06,1,1,1,LOW_POWER_OR_UNSTABLE,1.0,1.0,1.0,daldal
low_reliability_or_unlikely,stolfi_inspired_signature,NG|S_OLDOL|T_ar,R06,1,1,1,LOW_POWER_OR_UNSTABLE,1.0,1.0,1.0,daldar
low_reliability_or_unlikely,stolfi_inspired_signature,NG|S_OLDOX|T_NONE,R00,1,1,1,LOW_POWER_OR_UNSTABLE,1.0,1.0,1.0,ardas
low_reliability_or_unlikely,stolfi_inspired_signature,NG|S_OLDX|T_NONE,R06,1,1,1,LOW_POWER_OR_UNSTABLE,1.0,1.0,1.0,dolds
low_reliability_or_unlikely,stolfi_inspired_signature,NG|S_OLDYDY|T_dy,R07,1,1,1,LOW_POWER_OR_UNSTABLE,1.0,1.0,1.0,choldydy
low_reliability_or_unlikely,stolfi_inspired_signature,NG|S_OLDYL|T_r,R06,1,1,1,LOW_POWER_OR_UNSTABLE,1.0,1.0,1.0,dardyr
low_reliability_or_unlikely,stolfi_inspired_signature,NG|S_OLEXOX|T_NONE,R00,1,1,1,LOW_POWER_OR_UNSTABLE,1.0,1.0,1.0,soleesos
low_reliability_or_unlikely,stolfi_inspired_signature,NG|S_OLEY|T_eey,R07,1,1,1,LOW_POWER_OR_UNSTABLE,1.0,1.0,1.0,choleey
low_reliability_or_unlikely,stolfi_inspired_signature,NG|S_OLOBY|T_y,R00,1,1,1,LOW_POWER_OR_UNSTABLE,1.0,1.0,1.0,charochy
low_reliability_or_unlikely,stolfi_inspired_signature,NG|S_OLODE|T_e,R00,1,1,1,LOW_POWER_OR_UNSTABLE,1.0,1.0,1.0,olalade
low_reliability_or_unlikely,stolfi_inspired_signature,NG|S_OLODL|T_l,R00,1,1,1,LOW_POWER_OR_UNSTABLE,1.0,1.0,1.0,arodl
low_reliability_or_unlikely,stolfi_inspired_signature,NG|S_OLOEL|T_r,R06,1,1,1,LOW_POWER_OR_UNSTABLE,1.0,1.0,1.0,solair
low_reliability_or_unlikely,stolfi_inspired_signature,NG|S_OLOEX|T_NONE,R00,1,1,1,LOW_POWER_OR_UNSTABLE,1.0,1.0,1.0,aloees
low_reliability_or_unlikely,stolfi_inspired_signature,NG|S_OLOILBEOL|T_ol,R00,1,1,1,LOW_POWER_OR_UNSTABLE,1.0,1.0,1.0,saloiinsheol
low_reliability_or_unlikely,stolfi_inspired_signature,NG|S_OLOIL|T_iin,R00,1,1,1,LOW_POWER_OR_UNSTABLE,1.0,1.0,1.0,aloiin
low_reliability_or_unlikely,stolfi_inspired_signature,NG|S_OLOLBEDY|T_edy,R00,1,1,1,LOW_POWER_OR_UNSTABLE,1.0,1.0,1.0,alolshedy
low_reliability_or_unlikely,stolfi_inspired_signature,NG|S_OLOLBODOIL|T_aiin,R00,1,1,1,LOW_POWER_OR_UNSTABLE,1.0,1.0,1.0,ararchodaiin
low_reliability_or_unlikely,stolfi_inspired_signature,NG|S_OLOLDOL|T_al,R00,1,1,1,LOW_POWER_OR_UNSTABLE,1.0,1.0,1.0,daramdal
low_reliability_or_unlikely,stolfi_inspired_signature,NG|S_OLOLDO|T_NONE,R00,1,1,1,LOW_POWER_OR_UNSTABLE,1.0,1.0,1.0,dararda
low_reliability_or_unlikely,stolfi_inspired_signature,NG|S_OLOLOBEX|T_NONE,R00,1,1,1,LOW_POWER_OR_UNSTABLE,1.0,1.0,1.0,arorochees
low_reliability_or_unlikely,stolfi_inspired_signature,NG|S_OLOLOLY|T_y,R00,1,1,1,LOW_POWER_OR_UNSTABLE,1.0,1.0,1.0,darolaly
low_reliability_or_unlikely,stolfi_inspired_signature,NG|S_OLOLOL|T_al,R00,1,1,1,LOW_POWER_OR_UNSTABLE,1.0,1.0,1.0,araral
low_reliability_or_unlikely,stolfi_inspired_signature,NG|S_OLOLOL|T_m,R00,1,1,1,LOW_POWER_OR_UNSTABLE,1.0,1.0,1.0,dolaram
low_reliability_or_unlikely,stolfi_inspired_signature,NG|S_OLOLOL|T_or,R00,1,1,1,LOW_POWER_OR_UNSTABLE,1.0,1.0,1.0,alolor
low_reliability_or_unlikely,stolfi_inspired_signature,NG|S_OLOLXY|T_y,R00,1,1,1,LOW_POWER_OR_UNSTABLE,1.0,1.0,1.0,darolsy
low_reliability_or_unlikely,stolfi_inspired_signature,NG|S_OLOL|T_n,R00,1,1,1,LOW_POWER_OR_UNSTABLE,1.0,1.0,1.0,olaran
low_reliability_or_unlikely,stolfi_inspired_signature,NG|S_OLXOEL|T_ain,R00,1,1,1,LOW_POWER_OR_UNSTABLE,1.0,1.0,1.0,chalsain
low_reliability_or_unlikely,stolfi_inspired_signature,NG|S_OLXOLBY|T_y,R00,1,1,1,LOW_POWER_OR_UNSTABLE,1.0,1.0,1.0,salxarshy
low_reliability_or_unlikely,stolfi_inspired_signature,NG|S_OLYBX|T_NONE,R09,1,1,1,LOW_POWER_OR_UNSTABLE,1.0,1.0,1.0,dalychs
low_reliability_or_unlikely,stolfi_inspired_signature,NG|S_OLYDY|T_dy,R06,1,1,1,LOW_POWER_OR_UNSTABLE,1.0,1.0,1.0,sarydy
low_reliability_or_unlikely,stolfi_inspired_signature,NG|S_OLYX|T_NONE,R00,1,1,1,LOW_POWER_OR_UNSTABLE,1.0,1.0,1.0,alys
low_reliability_or_unlikely,stolfi_inspired_signature,NG|S_OL|T_or,R06,1,1,1,LOW_POWER_OR_UNSTABLE,1.0,1.0,1.0,daor
low_reliability_or_unlikely,stolfi_inspired_signature,NG|S_OXOIL|T_aiin,R00,1,1,1,LOW_POWER_OR_UNSTABLE,1.0,1.0,1.0,shosaiin
low_reliability_or_unlikely,stolfi_inspired_signature,NG|S_OXOIL|T_r,R00,1,1,1,LOW_POWER_OR_UNSTABLE,1.0,1.0,1.0,sosaiir
low_reliability_or_unlikely,stolfi_inspired_signature,NG|S_OXOLOBOL|T_ol,R00,1,1,1,LOW_POWER_OR_UNSTABLE,1.0,1.0,1.0,chosaroshol
low_reliability_or_unlikely,stolfi_inspired_signature,NG|S_OXOLOLX|T_NONE,R00,1,1,1,LOW_POWER_OR_UNSTABLE,1.0,1.0,1.0,chosolols
low_reliability_or_unlikely,stolfi_inspired_signature,NG|S_OXOL|T_ar,R00,1,1,1,LOW_POWER_OR_UNSTABLE,1.0,1.0,1.0,chosar
low_reliability_or_unlikely,stolfi_inspired_signature,NG|S_OXOL|T_m,R06,1,1,1,LOW_POWER_OR_UNSTABLE,1.0,1.0,1.0,sosam
low_reliability_or_unlikely,stolfi_inspired_signature,NG|S_OXO|T_NONE,R06,1,1,1,LOW_POWER_OR_UNSTABLE,1.0,1.0,1.0,dago
low_reliability_or_unlikely,stolfi_inspired_signature,NG|S_OYXOL|T_ar,R06,1,1,1,LOW_POWER_OR_UNSTABLE,1.0,1.0,1.0,soysar
low_reliability_or_unlikely,stolfi_inspired_signature,NG|S_QOL|T_ol,R00,1,1,1,LOW_POWER_OR_UNSTABLE,1.0,1.0,1.0,oqol
low_reliability_or_unlikely,stolfi_inspired_signature,NG|S_Q|T_NONE,R00,1,1,1,LOW_POWER_OR_UNSTABLE,1.0,1.0,1.0,q
low_reliability_or_unlikely,stolfi_inspired_signature,NG|S_XBEOL|T_or,R00,1,1,1,LOW_POWER_OR_UNSTABLE,1.0,1.0,1.0,oscheor
low_reliability_or_unlikely,stolfi_inspired_signature,NG|S_XBOEL|T_r,R00,1,1,1,LOW_POWER_OR_UNSTABLE,1.0,1.0,1.0,oschoer
low_reliability_or_unlikely,stolfi_inspired_signature,NG|S_XBY|T_y,R00,1,1,1,LOW_POWER_OR_UNSTABLE,1.0,1.0,1.0,oschy
low_reliability_or_unlikely,stolfi_inspired_signature,NG|S_XDOIL|T_aiin,R10,1,1,1,LOW_POWER_OR_UNSTABLE,1.0,1.0,1.0,osdaiin
low_reliability_or_unlikely,stolfi_inspired_signature,NG|S_XOEL|T_r,R00,1,1,1,LOW_POWER_OR_UNSTABLE,1.0,1.0,1.0,osair
low_reliability_or_unlikely,stolfi_inspired_signature,NG|S_XOILY|T_y,R00,1,1,1,LOW_POWER_OR_UNSTABLE,1.0,1.0,1.0,olsaiiny
low_reliability_or_unlikely,stolfi_inspired_signature,NG|S_XOLBEO|T_NONE,R00,1,1,1,LOW_POWER_OR_UNSTABLE,1.0,1.0,1.0,osarsheeeo
low_reliability_or_unlikely,stolfi_inspired_signature,NG|S_XOLDOL|T_al,R09,1,1,1,LOW_POWER_OR_UNSTABLE,1.0,1.0,1.0,ysaldal
low_reliability_or_unlikely,stolfi_inspired_signature,NG|S_XOLOL|T_m,R00,1,1,1,LOW_POWER_OR_UNSTABLE,1.0,1.0,1.0,osaram
low_reliability_or_unlikely,stolfi_inspired_signature,NG|S_XOL|T_or,R00,1,1,1,LOW_POWER_OR_UNSTABLE,1.0,1.0,1.0,vor
low_reliability_or_unlikely,stolfi_inspired_signature,NG|S_YDBY|T_y,R00,1,1,1,LOW_POWER_OR_UNSTABLE,1.0,1.0,1.0,oydchy
low_reliability_or_unlikely,stolfi_inspired_signature,NG|S_YDY|T_dy,R06,1,1,1,LOW_POWER_OR_UNSTABLE,1.0,1.0,1.0,sydy
low_reliability_or_unlikely,stolfi_inspired_signature,NG|S_YOEY|T_eey,R00,1,1,1,LOW_POWER_OR_UNSTABLE,1.0,1.0,1.0,qyoeey
low_reliability_or_unlikely,stolfi_inspired_signature,NG|S_YOIL|T_r,R06,1,1,1,LOW_POWER_OR_UNSTABLE,1.0,1.0,1.0,syaiir
low_reliability_or_unlikely,stolfi_inspired_signature,NG|S_YXY|T_y,R00,1,1,1,LOW_POWER_OR_UNSTABLE,1.0,1.0,1.0,oygy
