occurrence_id,loc,folio,line_order,token_position,token,role,meta_I,meta_L,meta_H,line_marker_family,assigned_tier,assigned_lens,assigned_unit,assigned_scope,assigned_role
0,"f100r.1,@Lf",f100r,4103,1,chosaroshol,R00,P,A,1,label_or_marginal,low_reliability_or_unassigned,,,,
1,"f100r.16,@Lf",f100r,4118,1,okeeos,R00,P,A,1,label_or_marginal,low_reliability_or_unassigned,,,,
2,"f100r.17,@Lf",f100r,4119,1,shockhey,R00,P,A,1,label_or_marginal,low_reliability_or_unassigned,,,,
3,"f100r.18,@Lf",f100r,4120,1,orol,R00,P,A,1,label_or_marginal,low_reliability_or_unassigned,,,,
4,"f100r.19,@Lf",f100r,4121,1,olcheom,R00,P,A,1,label_or_marginal,low_reliability_or_unassigned,,,,
5,"f100r.2,@Lf",f100r,4104,1,sochorcfhy,R00,P,A,1,label_or_marginal,low_reliability_or_unassigned,,,,
6,"f100r.21,@Lf",f100r,4123,1,okols,R00,P,A,1,label_or_marginal,low_reliability_or_unassigned,,,,
7,"f100r.5,@Lf",f100r,4107,1,sarchar,R00,P,A,1,label_or_marginal,low_reliability_or_unassigned,,,,
8,"f100r.5,@Lf",f100r,4107,2,daiindy,R10,P,A,1,label_or_marginal,low_reliability_or_unassigned,,,,
9,"f100r.6,@Lf",f100r,4108,1,oaro,R00,P,A,1,label_or_marginal,low_reliability_or_unassigned,,,,
10,"f100r.7,@Lf",f100r,4109,1,chalsain,R00,P,A,1,label_or_marginal,low_reliability_or_unassigned,,,,
11,"f100r.8,@Lf",f100r,4110,1,soity,R06,P,A,1,label_or_marginal,low_reliability_or_unassigned,,,,
12,"f100r.9,@Lf",f100r,4111,1,sosam,R06,P,A,1,label_or_marginal,low_reliability_or_unassigned,,,,
13,"f100v.1,@Lf",f100v,4130,1,tolchd,R06,P,A,1,label_or_marginal,low_reliability_or_unassigned,,,,
14,"f100v.10,@Lf",f100v,4139,1,okcheor,R00,P,A,1,label_or_marginal,low_reliability_or_unassigned,,,,
15,"f100v.11,@Lf",f100v,4140,1,ytchol,R06,P,A,1,label_or_marginal,low_reliability_or_unassigned,,,,
16,"f100v.12,@Lf",f100v,4141,1,dykchal,R00,P,A,1,label_or_marginal,low_reliability_or_unassigned,,,,
17,"f100v.17,+P0",f100v,4146,1,chockhey,R00,P,A,1,paragraph_continuation,low_reliability_or_unassigned,,,,
18,"f100v.17,+P0",f100v,4146,2,sholkcheol,R08,P,A,1,paragraph_continuation,low_reliability_or_unassigned,,,,
19,"f100v.17,+P0",f100v,4146,3,qokeol,H08,P,A,1,paragraph_continuation,low_reliability_or_unassigned,,,,
20,"f100v.17,+P0",f100v,4146,4,okol,R07,P,A,1,paragraph_continuation,low_reliability_or_unassigned,,,,
21,"f100v.17,+P0",f100v,4146,5,chol,R07,P,A,1,paragraph_continuation,low_reliability_or_unassigned,,,,
22,"f100v.17,+P0",f100v,4146,6,chotor,R00,P,A,1,paragraph_continuation,low_reliability_or_unassigned,,,,
23,"f100v.17,+P0",f100v,4146,7,chso,R00,P,A,1,paragraph_continuation,low_reliability_or_unassigned,,,,
24,"f100v.17,+P0",f100v,4146,8,solcthy,R00,P,A,1,paragraph_continuation,low_reliability_or_unassigned,,,,
25,"f100v.2,@Lf",f100v,4131,1,chols,R00,P,A,1,label_or_marginal,low_reliability_or_unassigned,,,,
26,"f100v.3,@Lf",f100v,4132,1,opchor,R00,P,A,1,label_or_marginal,low_reliability_or_unassigned,,,,
27,"f100v.4,@Lf",f100v,4133,1,solsy,R06,P,A,1,label_or_marginal,low_reliability_or_unassigned,,,,
28,"f100v.5,@Lf",f100v,4134,1,soleesos,R00,P,A,1,label_or_marginal,low_reliability_or_unassigned,,,,
29,"f100v.6,@Lf",f100v,4135,1,ykchochdy,R00,P,A,1,label_or_marginal,low_reliability_or_unassigned,,,,
30,"f100v.7,@Lf",f100v,4136,1,ykchdy,R00,P,A,1,label_or_marginal,low_reliability_or_unassigned,,,,
31,"f100v.8,@Lf",f100v,4137,1,dchdy,R06,P,A,1,label_or_marginal,low_reliability_or_unassigned,,,,
32,"f100v.9,@Lf",f100v,4138,1,dalsy,R06,P,A,1,label_or_marginal,low_reliability_or_unassigned,,,,
33,"f101v.10,@Lf",f101v,4171,1,okol,R07,P,A,1,label_or_marginal,low_reliability_or_unassigned,,,,
34,"f101v.11,@Lf",f101v,4172,1,arom,R00,P,A,1,label_or_marginal,low_reliability_or_unassigned,,,,
35,"f101v.12,@Lf",f101v,4173,1,oraram,R00,P,A,1,label_or_marginal,low_reliability_or_unassigned,,,,
36,"f101v.13,@Lf",f101v,4174,1,oraeep,R00,P,A,1,label_or_marginal,low_reliability_or_unassigned,,,,
37,"f101v.14,@Lf",f101v,4175,1,dytolg,R06,P,A,1,label_or_marginal,low_reliability_or_unassigned,,,,
38,"f101v.15,@Lf",f101v,4176,1,olkor,R00,P,A,1,label_or_marginal,low_reliability_or_unassigned,,,,
39,"f101v.16,@Lf",f101v,4177,1,dolary,R06,P,A,1,label_or_marginal,low_reliability_or_unassigned,,,,
40,"f101v.17,@Lf",f101v,4178,1,odor,R00,P,A,1,label_or_marginal,low_reliability_or_unassigned,,,,
41,"f101v.18,@Lf",f101v,4179,1,olaran,R00,P,A,1,label_or_marginal,low_reliability_or_unassigned,,,,
42,"f101v.2,@Lf",f101v,4163,1,otaldy,R00,P,A,1,label_or_marginal,low_reliability_or_unassigned,,,,
43,"f101v.26,+P0",f101v,4187,1,olaiin,R10,P,A,1,paragraph_continuation,low_reliability_or_unassigned,,,,
44,"f101v.26,+P0",f101v,4187,2,okeol,R06,P,A,1,paragraph_continuation,low_reliability_or_unassigned,,,,
45,"f101v.26,+P0",f101v,4187,3,cheo,R00,P,A,1,paragraph_continuation,low_reliability_or_unassigned,,,,
46,"f101v.26,+P0",f101v,4187,4,kol,R06,P,A,1,paragraph_continuation,low_reliability_or_unassigned,,,,
47,"f101v.26,+P0",f101v,4187,5,ches,R00,P,A,1,paragraph_continuation,low_reliability_or_unassigned,,,,
48,"f101v.26,+P0",f101v,4187,6,sheey,R06,P,A,1,paragraph_continuation,reliable_global,stolfi_inspired_signature,NG|S_EY|T_ey,global=global,R06
49,"f101v.26,+P0",f101v,4187,7,qoor,H07,P,A,1,paragraph_continuation,low_reliability_or_unassigned,,,,
50,"f101v.26,+P0",f101v,4187,8,qokeody,H11,P,A,1,paragraph_continuation,low_reliability_or_unassigned,,,,
51,"f101v.26,+P0",f101v,4187,9,cheor,R00,P,A,1,paragraph_continuation,low_reliability_or_unassigned,,,,
52,"f101v.26,+P0",f101v,4187,10,okeo,R00,P,A,1,paragraph_continuation,low_reliability_or_unassigned,,,,
53,"f101v.26,+P0",f101v,4187,11,oiin,R00,P,A,1,paragraph_continuation,low_reliability_or_unassigned,,,,
54,"f101v.26,+P0",f101v,4187,12,cheey,R06,P,A,1,paragraph_continuation,reliable_global,stolfi_inspired_signature,NG|S_EY|T_ey,global=global,R06
55,"f101v.26,+P0",f101v,4187,13,cthey,R04,P,A,1,paragraph_continuation,low_reliability_or_unassigned,,,,
56,"f101v.26,+P0",f101v,4187,14,ory,R00,P,A,1,paragraph_continuation,low_reliability_or_unassigned,,,,
57,"f101v.26,+P0",f101v,4187,15,ctheey,R04,P,A,1,paragraph_continuation,low_reliability_or_unassigned,,,,
58,"f101v.26,+P0",f101v,4187,16,qokeey,H08,P,A,1,paragraph_continuation,low_reliability_or_unassigned,,,,
59,"f101v.26,+P0",f101v,4187,17,shol,R08,P,A,1,paragraph_continuation,low_reliability_or_unassigned,,,,
60,"f101v.26,+P0",f101v,4187,18,ody,R00,P,A,1,paragraph_continuation,low_reliability_or_unassigned,,,,
61,"f101v.26,+P0",f101v,4187,19,cheol,R00,P,A,1,paragraph_continuation,low_reliability_or_unassigned,,,,
62,"f101v.26,+P0",f101v,4187,20,oralar,R00,P,A,1,paragraph_continuation,low_reliability_or_unassigned,,,,
63,"f101v.26,+P0",f101v,4187,21,shey,R06,P,A,1,paragraph_continuation,reliable_global,stolfi_inspired_signature,NG|S_EY|T_y,global=global,R06
64,"f101v.26,+P0",f101v,4187,22,qokarary,R03,P,A,1,paragraph_continuation,low_reliability_or_unassigned,,,,
65,"f101v.4,@Lf",f101v,4165,1,ytal,R06,P,A,1,label_or_marginal,low_reliability_or_unassigned,,,,
66,"f101v.5,@Lf",f101v,4166,1,dokor,R06,P,A,1,label_or_marginal,low_reliability_or_unassigned,,,,
67,"f101v.6,@Lf",f101v,4167,1,orar,R00,P,A,1,label_or_marginal,low_reliability_or_unassigned,,,,
68,"f101v.7,@Lf",f101v,4168,1,otarar,R00,P,A,1,label_or_marginal,low_reliability_or_unassigned,,,,
69,"f101v.8,@Lf",f101v,4169,1,otly,R00,P,A,1,label_or_marginal,low_reliability_or_unassigned,,,,
70,"f101v.9,@Lf",f101v,4170,1,soraly,R06,P,A,1,label_or_marginal,low_reliability_or_unassigned,,,,
71,"f102r1.14,+P0",f102r1,4203,1,doeey,R06,P,A,1,paragraph_continuation,low_reliability_or_unassigned,,,,
72,"f102r1.14,+P0",f102r1,4203,2,keeol,R06,P,A,1,paragraph_continuation,low_reliability_or_unassigned,,,,
73,"f102r1.14,+P0",f102r1,4203,3,qokeo,H08,P,A,1,paragraph_continuation,low_reliability_or_unassigned,,,,
74,"f102r1.14,+P0",f102r1,4203,4,daor,R06,P,A,1,paragraph_continuation,low_reliability_or_unassigned,,,,
75,"f102r1.14,+P0",f102r1,4203,5,shey,R06,P,A,1,paragraph_continuation,reliable_global,stolfi_inspired_signature,NG|S_EY|T_y,global=global,R06
76,"f102r1.14,+P0",f102r1,4203,6,qoteol,H13,P,A,1,paragraph_continuation,low_reliability_or_unassigned,,,,
77,"f102r1.14,+P0",f102r1,4203,7,okol,R07,P,A,1,paragraph_continuation,low_reliability_or_unassigned,,,,
78,"f102r1.14,+P0",f102r1,4203,8,chos,R00,P,A,1,paragraph_continuation,good_but_not_reliable_enough,broad_shape,OX|NONE,global=global,R00
79,"f102r1.14,+P0",f102r1,4203,9,s,R06,P,A,1,paragraph_continuation,reliable_global,broad_shape,X|NONE,global=global,R06
80,"f102r1.14,+P0",f102r1,4203,10,or,R06,P,A,1,paragraph_continuation,reliable_global,surface_token,or,global=global,R06
81,"f102r1.14,+P0",f102r1,4203,11,oeeaiin,R00,P,A,1,paragraph_continuation,low_reliability_or_unassigned,,,,
82,"f102r1.2,@Lf",f102r1,4191,1,otodeeodor,R00,P,A,1,label_or_marginal,low_reliability_or_unassigned,,,,
83,"f102r1.3,@P0",f102r1,4192,1,polaiin,R00,P,A,1,paragraph_start,low_reliability_or_unassigned,,,,
84,"f102r1.3,@P0",f102r1,4192,2,shocthy,R00,P,A,1,paragraph_start,reliable_environment_sensitive,broad_shape,OXGX|y,global=global,R00
85,"f102r1.3,@P0",f102r1,4192,3,qoteol,H13,P,A,1,paragraph_start,low_reliability_or_unassigned,,,,
86,"f102r1.3,@P0",f102r1,4192,4,loiiin,R00,P,A,1,paragraph_start,low_reliability_or_unassigned,,,,
87,"f102r1.3,@P0",f102r1,4192,5,oteeor,R01,P,A,1,paragraph_start,low_reliability_or_unassigned,,,,
88,"f102r1.3,@P0",f102r1,4192,6,cpheodar,R00,P,A,1,paragraph_start,low_reliability_or_unassigned,,,,
89,"f102r1.3,@P0",f102r1,4192,7,sholdaiin,R10,P,A,1,paragraph_start,low_reliability_or_unassigned,,,,
90,"f102r1.4,+P0",f102r1,4193,1,dsheody,R00,P,A,1,paragraph_continuation,low_reliability_or_unassigned,,,,
91,"f102r1.4,+P0",f102r1,4193,2,okeeoy,R00,P,A,1,paragraph_continuation,low_reliability_or_unassigned,,,,
92,"f102r1.4,+P0",f102r1,4193,3,kod,R06,P,A,1,paragraph_continuation,low_reliability_or_unassigned,,,,
93,"f102r1.4,+P0",f102r1,4193,4,chkeeody,R00,P,A,1,paragraph_continuation,low_reliability_or_unassigned,,,,
94,"f102r1.4,+P0",f102r1,4193,5,daraiiin,R00,P,A,1,paragraph_continuation,low_reliability_or_unassigned,,,,
95,"f102r1.4,+P0",f102r1,4193,6,ctheoly,R04,P,A,1,paragraph_continuation,low_reliability_or_unassigned,,,,
96,"f102r1.4,+P0",f102r1,4193,7,qokcheololain,H08,P,A,1,paragraph_continuation,low_reliability_or_unassigned,,,,
97,"f102r1.7,@Lc",f102r1,4196,1,okolaly,R00,P,A,1,label_or_marginal,low_reliability_or_unassigned,,,,
98,"f102r2.10,+P0",f102r2,4216,1,shockhy,R00,P,A,1,paragraph_continuation,reliable_environment_sensitive,broad_shape,OXGX|y,global=global,R00
99,"f102r2.10,+P0",f102r2,4216,2,qockhey,H07,P,A,1,paragraph_continuation,low_reliability_or_unassigned,,,,
100,"f102r2.10,+P0",f102r2,4216,3,sol,R06,P,A,1,paragraph_continuation,good_but_not_reliable_enough,surface_token,sol,global=global,R06
101,"f102r2.10,+P0",f102r2,4216,4,eeey,R00,P,A,1,paragraph_continuation,low_reliability_or_unassigned,,,,
102,"f102r2.10,+P0",f102r2,4216,5,dol,R06,P,A,1,paragraph_continuation,good_but_not_reliable_enough,surface_token,dol,global=global,R06
103,"f102r2.10,+P0",f102r2,4216,6,cheol,R00,P,A,1,paragraph_continuation,low_reliability_or_unassigned,,,,
104,"f102r2.10,+P0",f102r2,4216,7,doaiin,R06,P,A,1,paragraph_continuation,low_reliability_or_unassigned,,,,
105,"f102r2.10,+P0",f102r2,4216,8,qkeeey,R00,P,A,1,paragraph_continuation,low_reliability_or_unassigned,,,,
106,"f102r2.10,+P0",f102r2,4216,9,cthey,R04,P,A,1,paragraph_continuation,low_reliability_or_unassigned,,,,
107,"f102r2.12,+P0",f102r2,4218,1,ytchy,R06,P,A,1,paragraph_continuation,low_reliability_or_unassigned,,,,
108,"f102r2.12,+P0",f102r2,4218,2,olockhy,R00,P,A,1,paragraph_continuation,reliable_environment_sensitive,broad_shape,OXGX|y,global=global,R00
109,"f102r2.12,+P0",f102r2,4218,3,okeey,R06,P,A,1,paragraph_continuation,low_reliability_or_unassigned,,,,
110,"f102r2.12,+P0",f102r2,4218,4,cheody,R00,P,A,1,paragraph_continuation,low_reliability_or_unassigned,,,,
111,"f102r2.12,+P0",f102r2,4218,5,saiin,R06,P,A,1,paragraph_continuation,reliable_environment_sensitive,surface_token,saiin,global=global,R06
112,"f102r2.12,+P0",f102r2,4218,6,dol,R06,P,A,1,paragraph_continuation,good_but_not_reliable_enough,surface_token,dol,global=global,R06
113,"f102r2.12,+P0",f102r2,4218,7,ockhy,R00,P,A,1,paragraph_continuation,low_reliability_or_unassigned,,,,
114,"f102r2.12,+P0",f102r2,4218,8,okeady,R00,P,A,1,paragraph_continuation,low_reliability_or_unassigned,,,,
115,"f102r2.14,+Lc",f102r2,4220,1,osheal,R00,P,A,1,+L,low_reliability_or_unassigned,,,,
116,"f102r2.17,+P0",f102r2,4223,1,ykeockhey,R00,P,A,1,paragraph_continuation,low_reliability_or_unassigned,,,,
117,"f102r2.17,+P0",f102r2,4223,2,okey,R00,P,A,1,paragraph_continuation,low_reliability_or_unassigned,,,,
118,"f102r2.17,+P0",f102r2,4223,3,qokeeo,H08,P,A,1,paragraph_continuation,low_reliability_or_unassigned,,,,
119,"f102r2.17,+P0",f102r2,4223,4,ckhey,R00,P,A,1,paragraph_continuation,low_reliability_or_unassigned,,,,
120,"f102r2.17,+P0",f102r2,4223,5,qokey,H08,P,A,1,paragraph_continuation,low_reliability_or_unassigned,,,,
121,"f102r2.17,+P0",f102r2,4223,6,desey,R06,P,A,1,paragraph_continuation,low_reliability_or_unassigned,,,,
122,"f102r2.17,+P0",f102r2,4223,7,qyoeey,R00,P,A,1,paragraph_continuation,low_reliability_or_unassigned,,,,
123,"f102r2.17,+P0",f102r2,4223,8,dol,R06,P,A,1,paragraph_continuation,good_but_not_reliable_enough,surface_token,dol,global=global,R06
124,"f102r2.17,+P0",f102r2,4223,9,chkey,R00,P,A,1,paragraph_continuation,low_reliability_or_unassigned,,,,
125,"f102r2.17,+P0",f102r2,4223,10,choky,R00,P,A,1,paragraph_continuation,reliable_global,broad_shape,OG|y,global=global,R00
126,"f102r2.21,@Lf",f102r2,4227,1,koldarod,R00,P,A,1,label_or_marginal,low_reliability_or_unassigned,,,,
127,"f102r2.22,@Lf",f102r2,4228,1,odalydary,R00,P,A,1,label_or_marginal,low_reliability_or_unassigned,,,,
128,"f102r2.5,+P0",f102r2,4211,1,tor,R06,P,A,1,paragraph_continuation,low_reliability_or_unassigned,,,,
129,"f102r2.5,+P0",f102r2,4211,2,sheo,R06,P,A,1,paragraph_continuation,low_reliability_or_unassigned,,,,
130,"f102r2.5,+P0",f102r2,4211,3,or,R06,P,A,1,paragraph_continuation,reliable_global,surface_token,or,global=global,R06
131,"f102r2.5,+P0",f102r2,4211,4,chey,R06,P,A,1,paragraph_continuation,reliable_global,stolfi_inspired_signature,NG|S_EY|T_y,global=global,R06
132,"f102r2.5,+P0",f102r2,4211,5,qoor,H07,P,A,1,paragraph_continuation,low_reliability_or_unassigned,,,,
133,"f102r2.5,+P0",f102r2,4211,6,yteor,R06,P,A,1,paragraph_continuation,low_reliability_or_unassigned,,,,
134,"f102r2.5,+P0",f102r2,4211,7,chol,R07,P,A,1,paragraph_continuation,low_reliability_or_unassigned,,,,
135,"f102r2.5,+P0",f102r2,4211,8,choky,R00,P,A,1,paragraph_continuation,reliable_global,broad_shape,OG|y,global=global,R00
136,"f102v1.1,@Lc",f102v1,4268,1,keoraiiin,R00,P,A,1,label_or_marginal,low_reliability_or_unassigned,,,,
137,"f102v1.10,+P0",f102v1,4277,1,kochor,R06,P,A,1,paragraph_continuation,low_reliability_or_unassigned,,,,
138,"f102v1.10,+P0",f102v1,4277,2,ol,R06,P,A,1,paragraph_continuation,reliable_environment_sensitive,surface_token,ol,global=global,R06
139,"f102v1.10,+P0",f102v1,4277,3,ydaiin,R06,P,A,1,paragraph_continuation,low_reliability_or_unassigned,,,,
140,"f102v1.10,+P0",f102v1,4277,4,choraiin,R00,P,A,1,paragraph_continuation,low_reliability_or_unassigned,,,,
141,"f102v1.10,+P0",f102v1,4277,5,sheey,R06,P,A,1,paragraph_continuation,reliable_global,stolfi_inspired_signature,NG|S_EY|T_ey,global=global,R06
142,"f102v1.10,+P0",f102v1,4277,6,ykeey,R06,P,A,1,paragraph_continuation,low_reliability_or_unassigned,,,,
143,"f102v1.10,+P0",f102v1,4277,7,korshey,R00,P,A,1,paragraph_continuation,low_reliability_or_unassigned,,,,
144,"f102v1.10,+P0",f102v1,4277,8,qokey,H08,P,A,1,paragraph_continuation,low_reliability_or_unassigned,,,,
145,"f102v1.10,+P0",f102v1,4277,9,dy,R02,P,A,1,paragraph_continuation,low_reliability_or_unassigned,,,,
146,"f102v1.15,@Lc",f102v1,4282,1,dindy,R06,P,A,1,label_or_marginal,low_reliability_or_unassigned,,,,
147,"f102v1.17,@Lf",f102v1,4284,1,loralody,R00,P,A,1,label_or_marginal,low_reliability_or_unassigned,,,,
148,"f102v1.18,@Lf",f102v1,4285,1,opchdard,R00,P,A,1,label_or_marginal,low_reliability_or_unassigned,,,,
149,"f102v1.2,@Lf",f102v1,4269,1,okeody,R00,P,A,1,label_or_marginal,low_reliability_or_unassigned,,,,
150,"f102v1.23,+P0",f102v1,4290,1,ksheody,R00,P,A,1,paragraph_continuation,low_reliability_or_unassigned,,,,
151,"f102v1.23,+P0",f102v1,4290,2,sho,R06,P,A,1,paragraph_continuation,reliable_environment_sensitive,surface_token,sho,global=global,R06
152,"f102v1.23,+P0",f102v1,4290,3,qokey,H08,P,A,1,paragraph_continuation,low_reliability_or_unassigned,,,,
153,"f102v1.23,+P0",f102v1,4290,4,sheody,R06,P,A,1,paragraph_continuation,low_reliability_or_unassigned,,,,
154,"f102v1.23,+P0",f102v1,4290,5,qockhey,H07,P,A,1,paragraph_continuation,low_reliability_or_unassigned,,,,
155,"f102v1.23,+P0",f102v1,4290,6,olcheor,R00,P,A,1,paragraph_continuation,low_reliability_or_unassigned,,,,
156,"f102v1.23,+P0",f102v1,4290,7,odain,R00,P,A,1,paragraph_continuation,low_reliability_or_unassigned,,,,
157,"f102v1.23,+P0",f102v1,4290,8,okchody,R00,P,A,1,paragraph_continuation,low_reliability_or_unassigned,,,,
158,"f102v1.3,@Lf",f102v1,4270,1,okeody,R00,P,A,1,label_or_marginal,low_reliability_or_unassigned,,,,
159,"f102v1.4,@Lf",f102v1,4271,1,daiisaly,R00,P,A,1,label_or_marginal,low_reliability_or_unassigned,,,,
160,"f102v2.1,@Lc",f102v2,4229,1,porshols,R00,P,A,1,label_or_marginal,low_reliability_or_unassigned,,,,
161,"f102v2.10,@Lf",f102v2,4238,1,okody,R00,P,A,1,label_or_marginal,reliable_global,broad_shape,O|dy,global=global,R00
162,"f102v2.11,@Lf",f102v2,4239,1,cheor,R00,P,A,1,label_or_marginal,low_reliability_or_unassigned,,,,
163,"f102v2.12,@Lf",f102v2,4240,1,okoroeey,R00,P,A,1,label_or_marginal,low_reliability_or_unassigned,,,,
164,"f102v2.13,@Lf",f102v2,4241,1,opchy,R00,P,A,1,label_or_marginal,low_reliability_or_unassigned,,,,
165,"f102v2.14,@Lf",f102v2,4242,1,sarol,R06,P,A,1,label_or_marginal,low_reliability_or_unassigned,,,,
166,"f102v2.15,@Lf",f102v2,4243,1,olrodar,R00,P,A,1,label_or_marginal,low_reliability_or_unassigned,,,,
167,"f102v2.16,@Lf",f102v2,4244,1,to,R06,P,A,1,label_or_marginal,low_reliability_or_unassigned,,,,
168,"f102v2.24,@Lc",f102v2,4252,1,okolky,R00,P,A,1,label_or_marginal,low_reliability_or_unassigned,,,,
169,"f102v2.25,@Lf",f102v2,4253,1,osain,R00,P,A,1,label_or_marginal,low_reliability_or_unassigned,,,,
170,"f102v2.26,@Lf",f102v2,4254,1,aiky,R00,P,A,1,label_or_marginal,low_reliability_or_unassigned,,,,
171,"f102v2.27,@Lf",f102v2,4255,1,okeeoraiin,R00,P,A,1,label_or_marginal,low_reliability_or_unassigned,,,,
172,"f102v2.28,@Lf",f102v2,4256,1,okockhy,R00,P,A,1,label_or_marginal,reliable_environment_sensitive,broad_shape,OXGX|y,global=global,R00
173,"f102v2.29,@Lf",f102v2,4257,1,os,R00,P,A,1,label_or_marginal,good_but_not_reliable_enough,broad_shape,OX|NONE,global=global,R00
174,"f102v2.3,@Lf",f102v2,4231,1,oror,R00,P,A,1,label_or_marginal,low_reliability_or_unassigned,,,,
175,"f102v2.4,@Lf",f102v2,4232,1,chor,R11,P,A,1,label_or_marginal,low_reliability_or_unassigned,,,,
176,"f102v2.5,@Lf",f102v2,4233,1,sachy,R06,P,A,1,label_or_marginal,low_reliability_or_unassigned,,,,
177,"f102v2.6,@Lf",f102v2,4234,1,okeo,R00,P,A,1,label_or_marginal,low_reliability_or_unassigned,,,,
178,"f102v2.7,@Lf",f102v2,4235,1,okol,R07,P,A,1,label_or_marginal,low_reliability_or_unassigned,,,,
179,"f102v2.8,@Lf",f102v2,4236,1,otory,R00,P,A,1,label_or_marginal,low_reliability_or_unassigned,,,,
180,"f102v2.9,@Lf",f102v2,4237,1,ok,R00,P,A,1,label_or_marginal,low_reliability_or_unassigned,,,,
181,"f103r.33,+P0",f103r,4324,1,qokeey,H08,S,B,3,paragraph_continuation,reliable_conditioned,surface_token,qokeey,meta_L=B,H08
182,"f103r.33,+P0",f103r,4324,2,chechy,R00,S,B,3,paragraph_continuation,low_reliability_or_unassigned,,,,
183,"f103r.33,+P0",f103r,4324,3,qokey,H08,S,B,3,paragraph_continuation,low_reliability_or_unassigned,,,,
184,"f103r.33,+P0",f103r,4324,4,shckhy,R06,S,B,3,paragraph_continuation,low_reliability_or_unassigned,,,,
185,"f103r.33,+P0",f103r,4324,5,choldy,R07,S,B,3,paragraph_continuation,low_reliability_or_unassigned,,,,
186,"f103r.33,+P0",f103r,4324,6,qokal,H08,S,B,3,paragraph_continuation,low_reliability_or_unassigned,,,,
187,"f103r.33,+P0",f103r,4324,7,y,R06,S,B,3,paragraph_continuation,reliable_global,surface_token,y,global=global,R06
188,"f103r.33,+P0",f103r,4324,8,shedy,R06,S,B,3,paragraph_continuation,reliable_conditioned,surface_token,shedy,meta_L=B,R06
189,"f103r.33,+P0",f103r,4324,9,yteedy,R00,S,B,3,paragraph_continuation,low_reliability_or_unassigned,,,,
190,"f103r.33,+P0",f103r,4324,10,qotail,H13,S,B,3,paragraph_continuation,low_reliability_or_unassigned,,,,
191,"f103r.33,+P0",f103r,4324,11,shedy,R06,S,B,3,paragraph_continuation,reliable_conditioned,surface_token,shedy,meta_L=B,R06
192,"f103r.36,+P0",f103r,4327,1,okool,R00,S,B,3,paragraph_continuation,low_reliability_or_unassigned,,,,
193,"f103r.36,+P0",f103r,4327,2,chedy,R02,S,B,3,paragraph_continuation,reliable_conditioned,surface_token,chedy,meta_L=B,R02
194,"f103r.36,+P0",f103r,4327,3,okeedy,R00,S,B,3,paragraph_continuation,reliable_conditioned,surface_token,okeedy,meta_L=B,R00
195,"f103r.36,+P0",f103r,4327,4,qokeedy,H01,S,B,3,paragraph_continuation,low_reliability_or_unassigned,,,,
196,"f103r.36,+P0",f103r,4327,5,qokeey,H08,S,B,3,paragraph_continuation,reliable_conditioned,surface_token,qokeey,meta_L=B,H08
197,"f103r.36,+P0",f103r,4327,6,shdy,R06,S,B,3,paragraph_continuation,low_reliability_or_unassigned,,,,
198,"f103r.36,+P0",f103r,4327,7,otey,R01,S,B,3,paragraph_continuation,low_reliability_or_unassigned,,,,
199,"f103r.36,+P0",f103r,4327,8,qokeey,H08,S,B,3,paragraph_continuation,reliable_conditioned,surface_token,qokeey,meta_L=B,H08
200,"f103r.53,+P0",f103r,4344,1,sshey,R06,S,B,3,paragraph_continuation,low_reliability_or_unassigned,,,,
201,"f103r.53,+P0",f103r,4344,2,qokedy,H12,S,B,3,paragraph_continuation,reliable_conditioned,surface_token,qokedy,meta_L=B,H12
202,"f103r.53,+P0",f103r,4344,3,qokaiin,H08,S,B,3,paragraph_continuation,reliable_conditioned,surface_token,qokaiin,meta_L=B,H08
203,"f103r.53,+P0",f103r,4344,4,shdy,R06,S,B,3,paragraph_continuation,low_reliability_or_unassigned,,,,
204,"f103r.53,+P0",f103r,4344,5,qokeey,H08,S,B,3,paragraph_continuation,reliable_conditioned,surface_token,qokeey,meta_L=B,H08
205,"f103r.53,+P0",f103r,4344,6,chedy,R02,S,B,3,paragraph_continuation,reliable_conditioned,surface_token,chedy,meta_L=B,R02
206,"f103r.53,+P0",f103r,4344,7,qokeey,H08,S,B,3,paragraph_continuation,reliable_conditioned,surface_token,qokeey,meta_L=B,H08
207,"f103r.53,+P0",f103r,4344,8,qokeey,H08,S,B,3,paragraph_continuation,reliable_conditioned,surface_token,qokeey,meta_L=B,H08
208,"f103r.53,+P0",f103r,4344,9,lchedy,R00,S,B,3,paragraph_continuation,reliable_conditioned,broad_shape,LB|edy,meta_L=B,R00
209,"f103r.53,+P0",f103r,4344,10,loty,R00,S,B,3,paragraph_continuation,low_reliability_or_unassigned,,,,
210,"f103r.54,+P0",f103r,4345,1,dsheey,R06,S,B,3,paragraph_continuation,low_reliability_or_unassigned,,,,
211,"f103r.54,+P0",f103r,4345,2,qoteeey,R00,S,B,3,paragraph_continuation,low_reliability_or_unassigned,,,,
212,"f103r.54,+P0",f103r,4345,3,darchedy,R00,S,B,3,paragraph_continuation,low_reliability_or_unassigned,,,,
213,"f103r.54,+P0",f103r,4345,4,qokey,H08,S,B,3,paragraph_continuation,low_reliability_or_unassigned,,,,
214,"f103r.54,+P0",f103r,4345,5,qoty,H01,S,B,3,paragraph_continuation,low_reliability_or_unassigned,,,,
215,"f103v.15,+P0",f103v,4360,1,tchedal,R09,S,B,3,paragraph_continuation,low_reliability_or_unassigned,,,,
216,"f103v.15,+P0",f103v,4360,2,shey,R06,S,B,3,paragraph_continuation,reliable_global,stolfi_inspired_signature,NG|S_EY|T_y,global=global,R06
217,"f103v.15,+P0",f103v,4360,3,lcheey,R00,S,B,3,paragraph_continuation,low_reliability_or_unassigned,,,,
218,"f103v.15,+P0",f103v,4360,4,lchdy,R00,S,B,3,paragraph_continuation,low_reliability_or_unassigned,,,,
219,"f103v.15,+P0",f103v,4360,5,char,R11,S,B,3,paragraph_continuation,low_reliability_or_unassigned,,,,
220,"f103v.15,+P0",f103v,4360,6,olchey,R00,S,B,3,paragraph_continuation,low_reliability_or_unassigned,,,,
221,"f103v.15,+P0",f103v,4360,7,lcheody,R00,S,B,3,paragraph_continuation,low_reliability_or_unassigned,,,,
222,"f103v.15,+P0",f103v,4360,8,tedy,R06,S,B,3,paragraph_continuation,low_reliability_or_unassigned,,,,
223,"f103v.15,+P0",f103v,4360,9,otain,R00,S,B,3,paragraph_continuation,low_reliability_or_unassigned,,,,
224,"f103v.15,+P0",f103v,4360,10,otain,R00,S,B,3,paragraph_continuation,low_reliability_or_unassigned,,,,
225,"f103v.15,+P0",f103v,4360,11,otay,R00,S,B,3,paragraph_continuation,low_reliability_or_unassigned,,,,
226,"f103v.25,+P0",f103v,4370,1,sain,R06,S,B,3,paragraph_continuation,reliable_global,stolfi_inspired_signature,NG|S_OEL|T_in,global=global,R06
227,"f103v.25,+P0",f103v,4370,2,olkeeey,R00,S,B,3,paragraph_continuation,low_reliability_or_unassigned,,,,
228,"f103v.25,+P0",f103v,4370,3,qokan,H08,S,B,3,paragraph_continuation,low_reliability_or_unassigned,,,,
229,"f103v.25,+P0",f103v,4370,4,oteedy,R01,S,B,3,paragraph_continuation,low_reliability_or_unassigned,,,,
230,"f103v.25,+P0",f103v,4370,5,qotain,H13,S,B,3,paragraph_continuation,low_reliability_or_unassigned,,,,
231,"f103v.25,+P0",f103v,4370,6,otal,R01,S,B,3,paragraph_continuation,low_reliability_or_unassigned,,,,
232,"f103v.25,+P0",f103v,4370,7,oty,R01,S,B,3,paragraph_continuation,low_reliability_or_unassigned,,,,
233,"f103v.25,+P0",f103v,4370,8,opar,R00,S,B,3,paragraph_continuation,low_reliability_or_unassigned,,,,
234,"f103v.25,+P0",f103v,4370,9,aram,R00,S,B,3,paragraph_continuation,low_reliability_or_unassigned,,,,
235,"f103v.25,+P0",f103v,4370,10,oteeam,R01,S,B,3,paragraph_continuation,low_reliability_or_unassigned,,,,
236,"f103v.26,+P0",f103v,4371,1,yteey,R06,S,B,3,paragraph_continuation,low_reliability_or_unassigned,,,,
237,"f103v.26,+P0",f103v,4371,2,qokeey,H08,S,B,3,paragraph_continuation,reliable_conditioned,surface_token,qokeey,meta_L=B,H08
238,"f103v.26,+P0",f103v,4371,3,sheety,R06,S,B,3,paragraph_continuation,low_reliability_or_unassigned,,,,
239,"f103v.26,+P0",f103v,4371,4,oteey,R01,S,B,3,paragraph_continuation,low_reliability_or_unassigned,,,,
240,"f103v.26,+P0",f103v,4371,5,lshedy,R00,S,B,3,paragraph_continuation,reliable_conditioned,broad_shape,LB|edy,meta_L=B,R00
241,"f103v.26,+P0",f103v,4371,6,oteaiin,R01,S,B,3,paragraph_continuation,low_reliability_or_unassigned,,,,
242,"f103v.30,+P0",f103v,4375,1,pchear,R06,S,B,3,paragraph_continuation,low_reliability_or_unassigned,,,,
243,"f103v.30,+P0",f103v,4375,2,okain,R10,S,B,3,paragraph_continuation,reliable_global,surface_token,okain,global=global,R10
244,"f103v.30,+P0",f103v,4375,3,opchedy,R00,S,B,3,paragraph_continuation,low_reliability_or_unassigned,,,,
245,"f103v.30,+P0",f103v,4375,4,pchol,R06,S,B,3,paragraph_continuation,low_reliability_or_unassigned,,,,
246,"f103v.30,+P0",f103v,4375,5,fchedy,R06,S,B,3,paragraph_continuation,low_reliability_or_unassigned,,,,
247,"f103v.30,+P0",f103v,4375,6,otedy,R01,S,B,3,paragraph_continuation,reliable_conditioned,surface_token,otedy,meta_L=B,R01
248,"f103v.30,+P0",f103v,4375,7,poly,R06,S,B,3,paragraph_continuation,low_reliability_or_unassigned,,,,
249,"f103v.30,+P0",f103v,4375,8,lchedy,R00,S,B,3,paragraph_continuation,reliable_conditioned,broad_shape,LB|edy,meta_L=B,R00
250,"f103v.30,+P0",f103v,4375,9,fchedey,R00,S,B,3,paragraph_continuation,low_reliability_or_unassigned,,,,
251,"f103v.30,+P0",f103v,4375,10,rar,R00,S,B,3,paragraph_continuation,low_reliability_or_unassigned,,,,
252,"f103v.31,+P0",f103v,4376,1,okeey,R06,S,B,3,paragraph_continuation,low_reliability_or_unassigned,,,,
253,"f103v.31,+P0",f103v,4376,2,l,R06,S,B,3,paragraph_continuation,good_but_not_reliable_enough,surface_token,l,global=global,R06
254,"f103v.31,+P0",f103v,4376,3,chey,R06,S,B,3,paragraph_continuation,reliable_global,stolfi_inspired_signature,NG|S_EY|T_y,global=global,R06
255,"f103v.31,+P0",f103v,4376,4,qokeey,H08,S,B,3,paragraph_continuation,reliable_conditioned,surface_token,qokeey,meta_L=B,H08
256,"f103v.31,+P0",f103v,4376,5,oqokeey,R00,S,B,3,paragraph_continuation,low_reliability_or_unassigned,,,,
257,"f103v.31,+P0",f103v,4376,6,chedy,R02,S,B,3,paragraph_continuation,reliable_conditioned,surface_token,chedy,meta_L=B,R02
258,"f103v.31,+P0",f103v,4376,7,qekchy,R00,S,B,3,paragraph_continuation,low_reliability_or_unassigned,,,,
259,"f103v.31,+P0",f103v,4376,8,daiin,R10,S,B,3,paragraph_continuation,good_but_not_reliable_enough,surface_token,daiin,global=global,R10
260,"f103v.31,+P0",f103v,4376,9,chckhy,R00,S,B,3,paragraph_continuation,reliable_environment_sensitive,surface_token,chckhy,global=global,R00
261,"f103v.31,+P0",f103v,4376,10,sar,R06,S,B,3,paragraph_continuation,low_reliability_or_unassigned,,,,
262,"f103v.31,+P0",f103v,4376,11,olainy,R00,S,B,3,paragraph_continuation,low_reliability_or_unassigned,,,,
263,"f103v.32,+P0",f103v,4377,1,qokeeey,H08,S,B,3,paragraph_continuation,low_reliability_or_unassigned,,,,
264,"f103v.32,+P0",f103v,4377,2,chey,R06,S,B,3,paragraph_continuation,reliable_global,stolfi_inspired_signature,NG|S_EY|T_y,global=global,R06
265,"f103v.32,+P0",f103v,4377,3,qotey,H13,S,B,3,paragraph_continuation,low_reliability_or_unassigned,,,,
266,"f103v.32,+P0",f103v,4377,4,chokaiin,R10,S,B,3,paragraph_continuation,low_reliability_or_unassigned,,,,
267,"f103v.32,+P0",f103v,4377,5,shal,R06,S,B,3,paragraph_continuation,low_reliability_or_unassigned,,,,
268,"f103v.32,+P0",f103v,4377,6,chedy,R02,S,B,3,paragraph_continuation,reliable_conditioned,surface_token,chedy,meta_L=B,R02
269,"f103v.32,+P0",f103v,4377,7,olkam,R00,S,B,3,paragraph_continuation,low_reliability_or_unassigned,,,,
270,"f103v.34,+P0",f103v,4379,1,daiin,R10,S,B,3,paragraph_continuation,good_but_not_reliable_enough,surface_token,daiin,global=global,R10
271,"f103v.34,+P0",f103v,4379,2,sheey,R06,S,B,3,paragraph_continuation,reliable_global,stolfi_inspired_signature,NG|S_EY|T_ey,global=global,R06
272,"f103v.34,+P0",f103v,4379,3,ol,R06,S,B,3,paragraph_continuation,reliable_environment_sensitive,surface_token,ol,global=global,R06
273,"f103v.34,+P0",f103v,4379,4,chey,R06,S,B,3,paragraph_continuation,reliable_global,stolfi_inspired_signature,NG|S_EY|T_y,global=global,R06
274,"f103v.34,+P0",f103v,4379,5,qokshey,H08,S,B,3,paragraph_continuation,low_reliability_or_unassigned,,,,
275,"f103v.34,+P0",f103v,4379,6,qokaiin,H08,S,B,3,paragraph_continuation,reliable_conditioned,surface_token,qokaiin,meta_L=B,H08
276,"f103v.34,+P0",f103v,4379,7,checkhy,R00,S,B,3,paragraph_continuation,good_but_not_reliable_enough,broad_shape,EXGX|y,global=global,R00
277,"f103v.34,+P0",f103v,4379,8,otedy,R01,S,B,3,paragraph_continuation,reliable_conditioned,surface_token,otedy,meta_L=B,R01
278,"f103v.34,+P0",f103v,4379,9,lshey,R00,S,B,3,paragraph_continuation,low_reliability_or_unassigned,,,,
279,"f103v.34,+P0",f103v,4379,10,lchdy,R00,S,B,3,paragraph_continuation,low_reliability_or_unassigned,,,,
280,"f103v.36,+P0",f103v,4381,1,saiin,R06,S,B,3,paragraph_continuation,reliable_conditioned,surface_token,saiin,meta_L=B,R06
281,"f103v.36,+P0",f103v,4381,2,shey,R06,S,B,3,paragraph_continuation,reliable_global,stolfi_inspired_signature,NG|S_EY|T_y,global=global,R06
282,"f103v.36,+P0",f103v,4381,3,qokeey,H08,S,B,3,paragraph_continuation,reliable_conditioned,surface_token,qokeey,meta_L=B,H08
283,"f103v.36,+P0",f103v,4381,4,oshey,R00,S,B,3,paragraph_continuation,low_reliability_or_unassigned,,,,
284,"f103v.36,+P0",f103v,4381,5,olshedy,R00,S,B,3,paragraph_continuation,low_reliability_or_unassigned,,,,
285,"f103v.38,+P0",f103v,4383,1,oteey,R01,S,B,3,paragraph_continuation,low_reliability_or_unassigned,,,,
286,"f103v.38,+P0",f103v,4383,2,l,R06,S,B,3,paragraph_continuation,good_but_not_reliable_enough,surface_token,l,global=global,R06
287,"f103v.38,+P0",f103v,4383,3,chees,R00,S,B,3,paragraph_continuation,low_reliability_or_unassigned,,,,
288,"f103v.38,+P0",f103v,4383,4,ol,R06,S,B,3,paragraph_continuation,reliable_environment_sensitive,surface_token,ol,global=global,R06
289,"f103v.38,+P0",f103v,4383,5,chey,R06,S,B,3,paragraph_continuation,reliable_global,stolfi_inspired_signature,NG|S_EY|T_y,global=global,R06
290,"f103v.38,+P0",f103v,4383,6,chey,R06,S,B,3,paragraph_continuation,reliable_global,stolfi_inspired_signature,NG|S_EY|T_y,global=global,R06
291,"f103v.38,+P0",f103v,4383,7,cholkeechy,R07,S,B,3,paragraph_continuation,low_reliability_or_unassigned,,,,
292,"f103v.40,+P0",f103v,4385,1,yteey,R06,S,B,3,paragraph_continuation,low_reliability_or_unassigned,,,,
293,"f103v.40,+P0",f103v,4385,2,sheal,R06,S,B,3,paragraph_continuation,low_reliability_or_unassigned,,,,
294,"f103v.40,+P0",f103v,4385,3,shey,R06,S,B,3,paragraph_continuation,reliable_global,stolfi_inspired_signature,NG|S_EY|T_y,global=global,R06
295,"f103v.40,+P0",f103v,4385,4,qoain,H07,S,B,3,paragraph_continuation,reliable_global,stolfi_inspired_signature,NG|S_OEL|T_in,global=global,R06
296,"f103v.40,+P0",f103v,4385,5,ol,R06,S,B,3,paragraph_continuation,reliable_environment_sensitive,surface_token,ol,global=global,R06
297,"f103v.40,+P0",f103v,4385,6,keey,R06,S,B,3,paragraph_continuation,low_reliability_or_unassigned,,,,
298,"f103v.40,+P0",f103v,4385,7,qokaiin,H08,S,B,3,paragraph_continuation,reliable_conditioned,surface_token,qokaiin,meta_L=B,H08
299,"f103v.40,+P0",f103v,4385,8,shckhy,R06,S,B,3,paragraph_continuation,low_reliability_or_unassigned,,,,
300,"f103v.40,+P0",f103v,4385,9,lchedy,R00,S,B,3,paragraph_continuation,reliable_conditioned,broad_shape,LB|edy,meta_L=B,R00
301,"f103v.40,+P0",f103v,4385,10,rain,R00,S,B,3,paragraph_continuation,low_reliability_or_unassigned,,,,
302,"f103v.42,+P0",f103v,4387,1,yshey,R06,S,B,3,paragraph_continuation,low_reliability_or_unassigned,,,,
303,"f103v.42,+P0",f103v,4387,2,sheykain,R00,S,B,3,paragraph_continuation,low_reliability_or_unassigned,,,,
304,"f103v.42,+P0",f103v,4387,3,chey,R06,S,B,3,paragraph_continuation,reliable_global,stolfi_inspired_signature,NG|S_EY|T_y,global=global,R06
305,"f103v.42,+P0",f103v,4387,4,rar,R00,S,B,3,paragraph_continuation,low_reliability_or_unassigned,,,,
306,"f103v.42,+P0",f103v,4387,5,arol,R00,S,B,3,paragraph_continuation,low_reliability_or_unassigned,,,,
307,"f103v.42,+P0",f103v,4387,6,chsaly,R00,S,B,3,paragraph_continuation,low_reliability_or_unassigned,,,,
308,"f103v.44,+P0",f103v,4389,1,qkain,R00,S,B,3,paragraph_continuation,low_reliability_or_unassigned,,,,
309,"f103v.44,+P0",f103v,4389,2,shey,R06,S,B,3,paragraph_continuation,reliable_global,stolfi_inspired_signature,NG|S_EY|T_y,global=global,R06
310,"f103v.44,+P0",f103v,4389,3,ar,R06,S,B,3,paragraph_continuation,reliable_global,surface_token,ar,global=global,R06
311,"f103v.44,+P0",f103v,4389,4,ar,R06,S,B,3,paragraph_continuation,reliable_global,surface_token,ar,global=global,R06
312,"f103v.44,+P0",f103v,4389,5,oky,R00,S,B,3,paragraph_continuation,reliable_environment_sensitive,surface_token,oky,global=global,R00
313,"f103v.44,+P0",f103v,4389,6,rain,R00,S,B,3,paragraph_continuation,low_reliability_or_unassigned,,,,
314,"f103v.44,+P0",f103v,4389,7,chckhy,R00,S,B,3,paragraph_continuation,reliable_environment_sensitive,surface_token,chckhy,global=global,R00
315,"f103v.44,+P0",f103v,4389,8,shedy,R06,S,B,3,paragraph_continuation,reliable_conditioned,surface_token,shedy,meta_L=B,R06
316,"f103v.44,+P0",f103v,4389,9,qokeory,H08,S,B,3,paragraph_continuation,low_reliability_or_unassigned,,,,
317,"f103v.44,+P0",f103v,4389,10,lteedy,R00,S,B,3,paragraph_continuation,low_reliability_or_unassigned,,,,
318,"f103v.44,+P0",f103v,4389,11,ro,R00,S,B,3,paragraph_continuation,low_reliability_or_unassigned,,,,
319,"f103v.46,+P0",f103v,4391,1,tain,R06,S,B,3,paragraph_continuation,low_reliability_or_unassigned,,,,
320,"f103v.46,+P0",f103v,4391,2,shol,R08,S,B,3,paragraph_continuation,low_reliability_or_unassigned,,,,
321,"f103v.46,+P0",f103v,4391,3,qokain,H08,S,B,3,paragraph_continuation,low_reliability_or_unassigned,,,,
322,"f103v.46,+P0",f103v,4391,4,chckhy,R00,S,B,3,paragraph_continuation,reliable_environment_sensitive,surface_token,chckhy,global=global,R00
323,"f103v.46,+P0",f103v,4391,5,rorol,R00,S,B,3,paragraph_continuation,low_reliability_or_unassigned,,,,
324,"f103v.46,+P0",f103v,4391,6,chdy,R02,S,B,3,paragraph_continuation,reliable_conditioned,surface_token,chdy,meta_L=B,R02
325,"f103v.46,+P0",f103v,4391,7,raly,R00,S,B,3,paragraph_continuation,low_reliability_or_unassigned,,,,
326,"f103v.46,+P0",f103v,4391,8,osaiin,R00,S,B,3,paragraph_continuation,low_reliability_or_unassigned,,,,
327,"f103v.46,+P0",f103v,4391,9,chary,R00,S,B,3,paragraph_continuation,low_reliability_or_unassigned,,,,
328,"f103v.5,+P0",f103v,4350,1,pcheor,R06,S,B,3,paragraph_continuation,low_reliability_or_unassigned,,,,
329,"f103v.5,+P0",f103v,4350,2,olkeey,R00,S,B,3,paragraph_continuation,low_reliability_or_unassigned,,,,
330,"f103v.5,+P0",f103v,4350,3,cheky,R06,S,B,3,paragraph_continuation,low_reliability_or_unassigned,,,,
331,"f103v.5,+P0",f103v,4350,4,qokshdy,H11,S,B,3,paragraph_continuation,low_reliability_or_unassigned,,,,
332,"f103v.5,+P0",f103v,4350,5,qokaiin,H08,S,B,3,paragraph_continuation,reliable_conditioned,surface_token,qokaiin,meta_L=B,H08
333,"f103v.5,+P0",f103v,4350,6,okechdy,R00,S,B,3,paragraph_continuation,low_reliability_or_unassigned,,,,
334,"f103v.5,+P0",f103v,4350,7,qopchdy,R00,S,B,3,paragraph_continuation,low_reliability_or_unassigned,,,,
335,"f103v.5,+P0",f103v,4350,8,qotedy,H17,S,B,3,paragraph_continuation,low_reliability_or_unassigned,,,,
336,"f103v.5,+P0",f103v,4350,9,qokaiin,H08,S,B,3,paragraph_continuation,reliable_conditioned,surface_token,qokaiin,meta_L=B,H08
337,"f103v.5,+P0",f103v,4350,10,oly,R06,S,B,3,paragraph_continuation,good_but_not_reliable_enough,surface_token,oly,global=global,R06
338,"f103v.6,+P0",f103v,4351,1,dain,R06,S,B,3,paragraph_continuation,reliable_global,stolfi_inspired_signature,NG|S_OEL|T_in,global=global,R06
339,"f103v.6,+P0",f103v,4351,2,shey,R06,S,B,3,paragraph_continuation,reliable_global,stolfi_inspired_signature,NG|S_EY|T_y,global=global,R06
340,"f103v.6,+P0",f103v,4351,3,qokeedy,H01,S,B,3,paragraph_continuation,low_reliability_or_unassigned,,,,
341,"f103v.6,+P0",f103v,4351,4,cheol,R00,S,B,3,paragraph_continuation,low_reliability_or_unassigned,,,,
342,"f103v.6,+P0",f103v,4351,5,qoeeor,H07,S,B,3,paragraph_continuation,low_reliability_or_unassigned,,,,
343,"f103v.6,+P0",f103v,4351,6,lshor,R00,S,B,3,paragraph_continuation,low_reliability_or_unassigned,,,,
344,"f103v.6,+P0",f103v,4351,7,qoky,H01,S,B,3,paragraph_continuation,low_reliability_or_unassigned,,,,
345,"f103v.6,+P0",f103v,4351,8,shedy,R06,S,B,3,paragraph_continuation,reliable_conditioned,surface_token,shedy,meta_L=B,R06
346,"f103v.6,+P0",f103v,4351,9,qokaiin,H08,S,B,3,paragraph_continuation,reliable_conditioned,surface_token,qokaiin,meta_L=B,H08
347,"f103v.6,+P0",f103v,4351,10,chedy,R02,S,B,3,paragraph_continuation,reliable_conditioned,surface_token,chedy,meta_L=B,R02
348,"f103v.6,+P0",f103v,4351,11,qokam,H08,S,B,3,paragraph_continuation,low_reliability_or_unassigned,,,,
349,"f103v.7,+P0",f103v,4352,1,daiin,R10,S,B,3,paragraph_continuation,good_but_not_reliable_enough,surface_token,daiin,global=global,R10
350,"f103v.7,+P0",f103v,4352,2,shey,R06,S,B,3,paragraph_continuation,reliable_global,stolfi_inspired_signature,NG|S_EY|T_y,global=global,R06
351,"f103v.7,+P0",f103v,4352,3,chol,R07,S,B,3,paragraph_continuation,low_reliability_or_unassigned,,,,
352,"f103v.7,+P0",f103v,4352,4,chey,R06,S,B,3,paragraph_continuation,reliable_global,stolfi_inspired_signature,NG|S_EY|T_y,global=global,R06
353,"f103v.7,+P0",f103v,4352,5,oteey,R01,S,B,3,paragraph_continuation,low_reliability_or_unassigned,,,,
354,"f103v.7,+P0",f103v,4352,6,lkeeor,R00,S,B,3,paragraph_continuation,low_reliability_or_unassigned,,,,
355,"f103v.7,+P0",f103v,4352,7,okaiin,R10,S,B,3,paragraph_continuation,reliable_global,surface_token,okaiin,global=global,R10
356,"f103v.7,+P0",f103v,4352,8,shedy,R06,S,B,3,paragraph_continuation,reliable_conditioned,surface_token,shedy,meta_L=B,R06
357,"f103v.7,+P0",f103v,4352,9,shedy,R06,S,B,3,paragraph_continuation,reliable_conditioned,surface_token,shedy,meta_L=B,R06
358,"f103v.7,+P0",f103v,4352,10,qokaiin,H08,S,B,3,paragraph_continuation,reliable_conditioned,surface_token,qokaiin,meta_L=B,H08
359,"f103v.7,+P0",f103v,4352,11,ol,R06,S,B,3,paragraph_continuation,reliable_environment_sensitive,surface_token,ol,global=global,R06
360,"f103v.7,+P0",f103v,4352,12,chedydy,R00,S,B,3,paragraph_continuation,low_reliability_or_unassigned,,,,
361,"f104r.20,+P0",f104r,4411,1,dsheoy,R06,S,B,3,paragraph_continuation,low_reliability_or_unassigned,,,,
362,"f104r.20,+P0",f104r,4411,2,qocthey,H07,S,B,3,paragraph_continuation,low_reliability_or_unassigned,,,,
363,"f104r.20,+P0",f104r,4411,3,qokchdy,H09,S,B,3,paragraph_continuation,low_reliability_or_unassigned,,,,
364,"f104r.20,+P0",f104r,4411,4,qokaiin,H08,S,B,3,paragraph_continuation,reliable_conditioned,surface_token,qokaiin,meta_L=B,H08
365,"f104r.20,+P0",f104r,4411,5,chol,R07,S,B,3,paragraph_continuation,low_reliability_or_unassigned,,,,
366,"f104r.20,+P0",f104r,4411,6,rar,R00,S,B,3,paragraph_continuation,low_reliability_or_unassigned,,,,
367,"f104r.20,+P0",f104r,4411,7,cheody,R00,S,B,3,paragraph_continuation,low_reliability_or_unassigned,,,,
368,"f104r.20,+P0",f104r,4411,8,cheeekan,R00,S,B,3,paragraph_continuation,low_reliability_or_unassigned,,,,
369,"f104r.20,+P0",f104r,4411,9,ar,R06,S,B,3,paragraph_continuation,reliable_global,surface_token,ar,global=global,R06
370,"f104r.20,+P0",f104r,4411,10,ain,R06,S,B,3,paragraph_continuation,reliable_global,stolfi_inspired_signature,NG|S_OEL|T_in,global=global,R06
371,"f104r.20,+P0",f104r,4411,11,ar,R06,S,B,3,paragraph_continuation,reliable_global,surface_token,ar,global=global,R06
372,"f104r.20,+P0",f104r,4411,12,alam,R00,S,B,3,paragraph_continuation,low_reliability_or_unassigned,,,,
373,"f104r.22,+P0",f104r,4413,1,tshedar,R00,S,B,3,paragraph_continuation,low_reliability_or_unassigned,,,,
374,"f104r.22,+P0",f104r,4413,2,chllo,R00,S,B,3,paragraph_continuation,low_reliability_or_unassigned,,,,
375,"f104r.22,+P0",f104r,4413,3,rl,R00,S,B,3,paragraph_continuation,low_reliability_or_unassigned,,,,
376,"f104r.22,+P0",f104r,4413,4,shed,R06,S,B,3,paragraph_continuation,low_reliability_or_unassigned,,,,
377,"f104r.22,+P0",f104r,4413,5,kchedy,R06,S,B,3,paragraph_continuation,low_reliability_or_unassigned,,,,
378,"f104r.22,+P0",f104r,4413,6,chokor,R00,S,B,3,paragraph_continuation,low_reliability_or_unassigned,,,,
379,"f104r.22,+P0",f104r,4413,7,cheedy,R06,S,B,3,paragraph_continuation,low_reliability_or_unassigned,,,,
380,"f104r.22,+P0",f104r,4413,8,opchar,R00,S,B,3,paragraph_continuation,low_reliability_or_unassigned,,,,
381,"f104r.22,+P0",f104r,4413,9,cheor,R00,S,B,3,paragraph_continuation,low_reliability_or_unassigned,,,,
382,"f104r.22,+P0",f104r,4413,10,chckhey,R00,S,B,3,paragraph_continuation,low_reliability_or_unassigned,,,,
383,"f104r.22,+P0",f104r,4413,11,taiin,R06,S,B,3,paragraph_continuation,low_reliability_or_unassigned,,,,
384,"f104r.22,+P0",f104r,4413,12,dam,R06,S,B,3,paragraph_continuation,good_but_not_reliable_enough,surface_token,dam,global=global,R06
385,"f104r.33,+P0",f104r,4424,1,okchechy,R00,S,B,3,paragraph_continuation,low_reliability_or_unassigned,,,,
386,"f104r.33,+P0",f104r,4424,2,qokcheedy,H12,S,B,3,paragraph_continuation,low_reliability_or_unassigned,,,,
387,"f104r.33,+P0",f104r,4424,3,okchdal,R09,S,B,3,paragraph_continuation,low_reliability_or_unassigned,,,,
388,"f104r.33,+P0",f104r,4424,4,qokal,H08,S,B,3,paragraph_continuation,low_reliability_or_unassigned,,,,
389,"f104r.33,+P0",f104r,4424,5,char,R11,S,B,3,paragraph_continuation,low_reliability_or_unassigned,,,,
390,"f104r.33,+P0",f104r,4424,6,olkeeey,R00,S,B,3,paragraph_continuation,low_reliability_or_unassigned,,,,
391,"f104r.33,+P0",f104r,4424,7,olcheo,R00,S,B,3,paragraph_continuation,low_reliability_or_unassigned,,,,
392,"f104r.33,+P0",f104r,4424,8,lkaiin,R00,S,B,3,paragraph_continuation,low_reliability_or_unassigned,,,,
393,"f104r.33,+P0",f104r,4424,9,chey,R06,S,B,3,paragraph_continuation,reliable_global,stolfi_inspired_signature,NG|S_EY|T_y,global=global,R06
394,"f104r.33,+P0",f104r,4424,10,raly,R00,S,B,3,paragraph_continuation,low_reliability_or_unassigned,,,,
395,"f104r.37,+P0",f104r,4428,1,okaiin,R10,S,B,3,paragraph_continuation,reliable_global,surface_token,okaiin,global=global,R10
396,"f104r.37,+P0",f104r,4428,2,cheodal,R09,S,B,3,paragraph_continuation,low_reliability_or_unassigned,,,,
397,"f104r.37,+P0",f104r,4428,3,qoaiin,H07,S,B,3,paragraph_continuation,low_reliability_or_unassigned,,,,
398,"f104r.37,+P0",f104r,4428,4,okar,R03,S,B,3,paragraph_continuation,low_reliability_or_unassigned,,,,
399,"f104r.37,+P0",f104r,4428,5,oraiin,R10,S,B,3,paragraph_continuation,low_reliability_or_unassigned,,,,
400,"f104r.37,+P0",f104r,4428,6,okar,R03,S,B,3,paragraph_continuation,low_reliability_or_unassigned,,,,
401,"f104r.37,+P0",f104r,4428,7,oteody,R01,S,B,3,paragraph_continuation,low_reliability_or_unassigned,,,,
402,"f104r.37,+P0",f104r,4428,8,qokaiin,H08,S,B,3,paragraph_continuation,reliable_conditioned,surface_token,qokaiin,meta_L=B,H08
403,"f104r.37,+P0",f104r,4428,9,okal,R07,S,B,3,paragraph_continuation,reliable_global,surface_token,okal,global=global,R07
404,"f104r.37,+P0",f104r,4428,10,qotir,H13,S,B,3,paragraph_continuation,low_reliability_or_unassigned,,,,
405,"f104r.39,+P0",f104r,4430,1,pcholor,R00,S,B,3,paragraph_continuation,low_reliability_or_unassigned,,,,
406,"f104r.39,+P0",f104r,4430,2,ar,R06,S,B,3,paragraph_continuation,reliable_global,surface_token,ar,global=global,R06
407,"f104r.39,+P0",f104r,4430,3,aiin,R06,S,B,3,paragraph_continuation,reliable_environment_sensitive,surface_token,aiin,global=global,R06
408,"f104r.39,+P0",f104r,4430,4,alkchdy,R00,S,B,3,paragraph_continuation,low_reliability_or_unassigned,,,,
409,"f104r.39,+P0",f104r,4430,5,qotal,H13,S,B,3,paragraph_continuation,low_reliability_or_unassigned,,,,
410,"f104r.39,+P0",f104r,4430,6,chol,R07,S,B,3,paragraph_continuation,low_reliability_or_unassigned,,,,
411,"f104r.39,+P0",f104r,4430,7,qoar,H07,S,B,3,paragraph_continuation,low_reliability_or_unassigned,,,,
412,"f104r.39,+P0",f104r,4430,8,aiin,R06,S,B,3,paragraph_continuation,reliable_environment_sensitive,surface_token,aiin,global=global,R06
413,"f104r.39,+P0",f104r,4430,9,qopcheedy,H21,S,B,3,paragraph_continuation,low_reliability_or_unassigned,,,,
414,"f104r.39,+P0",f104r,4430,10,qotair,H13,S,B,3,paragraph_continuation,low_reliability_or_unassigned,,,,
415,"f104r.39,+P0",f104r,4430,11,ofaiino,R00,S,B,3,paragraph_continuation,low_reliability_or_unassigned,,,,
416,"f104r.6,+P0",f104r,4397,1,ycheeody,R00,S,B,3,paragraph_continuation,low_reliability_or_unassigned,,,,
417,"f104r.6,+P0",f104r,4397,2,aiin,R06,S,B,3,paragraph_continuation,reliable_environment_sensitive,surface_token,aiin,global=global,R06
418,"f104r.6,+P0",f104r,4397,3,lkar,R00,S,B,3,paragraph_continuation,low_reliability_or_unassigned,,,,
419,"f104r.6,+P0",f104r,4397,4,cheeo,R00,S,B,3,paragraph_continuation,low_reliability_or_unassigned,,,,
420,"f104r.6,+P0",f104r,4397,5,dain,R06,S,B,3,paragraph_continuation,reliable_global,stolfi_inspired_signature,NG|S_OEL|T_in,global=global,R06
421,"f104r.6,+P0",f104r,4397,6,ockhedy,R00,S,B,3,paragraph_continuation,low_reliability_or_unassigned,,,,
422,"f104r.6,+P0",f104r,4397,7,qokeedy,H01,S,B,3,paragraph_continuation,low_reliability_or_unassigned,,,,
423,"f104r.6,+P0",f104r,4397,8,qotain,H13,S,B,3,paragraph_continuation,low_reliability_or_unassigned,,,,
424,"f104r.6,+P0",f104r,4397,9,otchdy,R00,S,B,3,paragraph_continuation,low_reliability_or_unassigned,,,,
425,"f104r.6,+P0",f104r,4397,10,otain,R00,S,B,3,paragraph_continuation,low_reliability_or_unassigned,,,,
426,"f104r.6,+P0",f104r,4397,11,chedam,R00,S,B,3,paragraph_continuation,low_reliability_or_unassigned,,,,
427,"f104v.1,@P0",f104v,4437,1,pchdoiin,R00,S,B,3,paragraph_start,low_reliability_or_unassigned,,,,
428,"f104v.1,@P0",f104v,4437,2,opcheedy,R00,S,B,3,paragraph_start,low_reliability_or_unassigned,,,,
429,"f104v.1,@P0",f104v,4437,3,orar,R00,S,B,3,paragraph_start,low_reliability_or_unassigned,,,,
430,"f104v.1,@P0",f104v,4437,4,oltcheey,R00,S,B,3,paragraph_start,low_reliability_or_unassigned,,,,
431,"f104v.1,@P0",f104v,4437,5,opchedy,R00,S,B,3,paragraph_start,low_reliability_or_unassigned,,,,
432,"f104v.1,@P0",f104v,4437,6,ol,R06,S,B,3,paragraph_start,reliable_environment_sensitive,surface_token,ol,global=global,R06
433,"f104v.1,@P0",f104v,4437,7,ear,R00,S,B,3,paragraph_start,low_reliability_or_unassigned,,,,
434,"f104v.1,@P0",f104v,4437,8,aiiraly,R00,S,B,3,paragraph_start,low_reliability_or_unassigned,,,,
435,"f104v.1,@P0",f104v,4437,9,cheodaiin,R10,S,B,3,paragraph_start,low_reliability_or_unassigned,,,,
436,"f104v.1,@P0",f104v,4437,10,cheekain,R00,S,B,3,paragraph_start,low_reliability_or_unassigned,,,,
437,"f104v.1,@P0",f104v,4437,11,dam,R06,S,B,3,paragraph_start,good_but_not_reliable_enough,surface_token,dam,global=global,R06
438,"f104v.19,+P0",f104v,4455,1,pcheor,R06,S,B,3,paragraph_continuation,low_reliability_or_unassigned,,,,
439,"f104v.19,+P0",f104v,4455,2,chol,R07,S,B,3,paragraph_continuation,low_reliability_or_unassigned,,,,
440,"f104v.19,+P0",f104v,4455,3,chpcheor,R00,S,B,3,paragraph_continuation,low_reliability_or_unassigned,,,,
441,"f104v.19,+P0",f104v,4455,4,cholkshedy,R07,S,B,3,paragraph_continuation,low_reliability_or_unassigned,,,,
442,"f104v.19,+P0",f104v,4455,5,qotol,H13,S,B,3,paragraph_continuation,low_reliability_or_unassigned,,,,
443,"f104v.19,+P0",f104v,4455,6,sheedy,R06,S,B,3,paragraph_continuation,reliable_environment_sensitive,surface_token,sheedy,global=global,R06
444,"f104v.19,+P0",f104v,4455,7,qokchy,H08,S,B,3,paragraph_continuation,low_reliability_or_unassigned,,,,
445,"f104v.19,+P0",f104v,4455,8,qotched,H13,S,B,3,paragraph_continuation,low_reliability_or_unassigned,,,,
446,"f104v.19,+P0",f104v,4455,9,sho,R06,S,B,3,paragraph_continuation,reliable_environment_sensitive,surface_token,sho,global=global,R06
447,"f104v.19,+P0",f104v,4455,10,fchor,R06,S,B,3,paragraph_continuation,low_reliability_or_unassigned,,,,
448,"f104v.19,+P0",f104v,4455,11,ols,R00,S,B,3,paragraph_continuation,low_reliability_or_unassigned,,,,
449,"f104v.19,+P0",f104v,4455,12,aiin,R06,S,B,3,paragraph_continuation,reliable_environment_sensitive,surface_token,aiin,global=global,R06
450,"f104v.19,+P0",f104v,4455,13,chekal,R00,S,B,3,paragraph_continuation,low_reliability_or_unassigned,,,,
451,"f104v.20,+P0",f104v,4456,1,or,R06,S,B,3,paragraph_continuation,reliable_global,surface_token,or,global=global,R06
452,"f104v.20,+P0",f104v,4456,2,sheeo,R06,S,B,3,paragraph_continuation,low_reliability_or_unassigned,,,,
453,"f104v.20,+P0",f104v,4456,3,lcheedy,R00,S,B,3,paragraph_continuation,low_reliability_or_unassigned,,,,
454,"f104v.20,+P0",f104v,4456,4,qokeey,H08,S,B,3,paragraph_continuation,reliable_conditioned,surface_token,qokeey,meta_L=B,H08
455,"f104v.20,+P0",f104v,4456,5,qochey,H07,S,B,3,paragraph_continuation,low_reliability_or_unassigned,,,,
456,"f104v.20,+P0",f104v,4456,6,qotcheedy,H17,S,B,3,paragraph_continuation,low_reliability_or_unassigned,,,,
457,"f104v.20,+P0",f104v,4456,7,qotchedy,H15,S,B,3,paragraph_continuation,low_reliability_or_unassigned,,,,
458,"f104v.20,+P0",f104v,4456,8,qokol,H08,S,B,3,paragraph_continuation,low_reliability_or_unassigned,,,,
459,"f104v.20,+P0",f104v,4456,9,chor,R11,S,B,3,paragraph_continuation,low_reliability_or_unassigned,,,,
460,"f104v.20,+P0",f104v,4456,10,chorol,R00,S,B,3,paragraph_continuation,low_reliability_or_unassigned,,,,
461,"f104v.20,+P0",f104v,4456,11,chdar,R00,S,B,3,paragraph_continuation,low_reliability_or_unassigned,,,,
462,"f104v.20,+P0",f104v,4456,12,otam,R06,S,B,3,paragraph_continuation,low_reliability_or_unassigned,,,,
463,"f104v.31,+P0",f104v,4467,1,ycheoraiin,R00,S,B,3,paragraph_continuation,low_reliability_or_unassigned,,,,
464,"f104v.31,+P0",f104v,4467,2,cthey,R04,S,B,3,paragraph_continuation,low_reliability_or_unassigned,,,,
465,"f104v.31,+P0",f104v,4467,3,chol,R07,S,B,3,paragraph_continuation,low_reliability_or_unassigned,,,,
466,"f104v.31,+P0",f104v,4467,4,sheody,R06,S,B,3,paragraph_continuation,low_reliability_or_unassigned,,,,
467,"f104v.31,+P0",f104v,4467,5,qokair,H08,S,B,3,paragraph_continuation,low_reliability_or_unassigned,,,,
468,"f104v.31,+P0",f104v,4467,6,qoeey,H07,S,B,3,paragraph_continuation,reliable_global,stolfi_inspired_signature,NG|S_EY|T_ey,global=global,R06
469,"f104v.31,+P0",f104v,4467,7,cheey,R06,S,B,3,paragraph_continuation,reliable_global,stolfi_inspired_signature,NG|S_EY|T_ey,global=global,R06
470,"f104v.31,+P0",f104v,4467,8,lkeedy,R00,S,B,3,paragraph_continuation,low_reliability_or_unassigned,,,,
471,"f105r.10,+Pr",f105r,4490,1,sairy,R06,S,B,3,paragraph_continuation,low_reliability_or_unassigned,,,,
472,"f105r.10,+Pr",f105r,4490,2,ore,R00,S,B,3,paragraph_continuation,low_reliability_or_unassigned,,,,
473,"f105r.10,+Pr",f105r,4490,3,daiindy,R10,S,B,3,paragraph_continuation,low_reliability_or_unassigned,,,,
474,"f105r.10,+Pr",f105r,4490,4,ytam,R06,S,B,3,paragraph_continuation,low_reliability_or_unassigned,,,,
475,"f105r.21,+P0",f105r,4501,1,ycheo,R06,S,B,3,paragraph_continuation,low_reliability_or_unassigned,,,,
476,"f105r.21,+P0",f105r,4501,2,lkedy,R00,S,B,3,paragraph_continuation,low_reliability_or_unassigned,,,,
477,"f105r.21,+P0",f105r,4501,3,qoeey,H07,S,B,3,paragraph_continuation,reliable_global,stolfi_inspired_signature,NG|S_EY|T_ey,global=global,R06
478,"f105r.21,+P0",f105r,4501,4,qokedy,H12,S,B,3,paragraph_continuation,reliable_conditioned,surface_token,qokedy,meta_L=B,H12
479,"f105r.21,+P0",f105r,4501,5,qokedal,H08,S,B,3,paragraph_continuation,low_reliability_or_unassigned,,,,
480,"f105r.21,+P0",f105r,4501,6,saiin,R06,S,B,3,paragraph_continuation,reliable_conditioned,surface_token,saiin,meta_L=B,R06
481,"f105r.21,+P0",f105r,4501,7,otol,R01,S,B,3,paragraph_continuation,low_reliability_or_unassigned,,,,
482,"f105r.21,+P0",f105r,4501,8,shody,R06,S,B,3,paragraph_continuation,reliable_global,broad_shape,O|dy,global=global,R00
483,"f105r.21,+P0",f105r,4501,9,chedy,R02,S,B,3,paragraph_continuation,reliable_conditioned,surface_token,chedy,meta_L=B,R02
484,"f105r.21,+P0",f105r,4501,10,okaiin,R10,S,B,3,paragraph_continuation,reliable_global,surface_token,okaiin,global=global,R10
485,"f105r.21,+P0",f105r,4501,11,chekaim,R00,S,B,3,paragraph_continuation,low_reliability_or_unassigned,,,,
486,"f105r.28,+P0",f105r,4508,1,pchsed,R06,S,B,3,paragraph_continuation,low_reliability_or_unassigned,,,,
487,"f105r.28,+P0",f105r,4508,2,sheefy,R06,S,B,3,paragraph_continuation,low_reliability_or_unassigned,,,,
488,"f105r.28,+P0",f105r,4508,3,opchey,R00,S,B,3,paragraph_continuation,low_reliability_or_unassigned,,,,
489,"f105r.28,+P0",f105r,4508,4,qoteedy,H01,S,B,3,paragraph_continuation,low_reliability_or_unassigned,,,,
490,"f105r.28,+P0",f105r,4508,5,qoeey,H07,S,B,3,paragraph_continuation,reliable_global,stolfi_inspired_signature,NG|S_EY|T_ey,global=global,R06
491,"f105r.28,+P0",f105r,4508,6,qokeedy,H01,S,B,3,paragraph_continuation,low_reliability_or_unassigned,,,,
492,"f105r.28,+P0",f105r,4508,7,laiiin,R00,S,B,3,paragraph_continuation,low_reliability_or_unassigned,,,,
493,"f105r.28,+P0",f105r,4508,8,odaiin,R10,S,B,3,paragraph_continuation,low_reliability_or_unassigned,,,,
494,"f105r.28,+P0",f105r,4508,9,aiir,R00,S,B,3,paragraph_continuation,low_reliability_or_unassigned,,,,
495,"f105r.28,+P0",f105r,4508,10,opair,R00,S,B,3,paragraph_continuation,low_reliability_or_unassigned,,,,
496,"f105r.28,+P0",f105r,4508,11,kechedy,R00,S,B,3,paragraph_continuation,low_reliability_or_unassigned,,,,
497,"f106r.1,@P0",f106r,4556,1,pshdar,R06,S,B,3,paragraph_start,low_reliability_or_unassigned,,,,
498,"f106r.1,@P0",f106r,4556,2,shoefy,R06,S,B,3,paragraph_start,low_reliability_or_unassigned,,,,
499,"f106r.1,@P0",f106r,4556,3,yteedy,R00,S,B,3,paragraph_start,low_reliability_or_unassigned,,,,
500,"f106r.1,@P0",f106r,4556,4,shl,R06,S,B,3,paragraph_start,low_reliability_or_unassigned,,,,
501,"f106r.1,@P0",f106r,4556,5,korchy,R06,S,B,3,paragraph_start,low_reliability_or_unassigned,,,,
502,"f106r.1,@P0",f106r,4556,6,sheky,R06,S,B,3,paragraph_start,low_reliability_or_unassigned,,,,
503,"f106r.1,@P0",f106r,4556,7,otchedy,R00,S,B,3,paragraph_start,low_reliability_or_unassigned,,,,
504,"f106r.1,@P0",f106r,4556,8,okshed,R00,S,B,3,paragraph_start,low_reliability_or_unassigned,,,,
505,"f106r.1,@P0",f106r,4556,9,qotedy,H17,S,B,3,paragraph_start,low_reliability_or_unassigned,,,,
506,"f106r.1,@P0",f106r,4556,10,qoted,H13,S,B,3,paragraph_start,low_reliability_or_unassigned,,,,
507,"f106r.1,@P0",f106r,4556,11,yteeody,R00,S,B,3,paragraph_start,low_reliability_or_unassigned,,,,
508,"f106r.11,+P0",f106r,4566,1,sar,R06,S,B,3,paragraph_continuation,low_reliability_or_unassigned,,,,
509,"f106r.11,+P0",f106r,4566,2,aiin,R06,S,B,3,paragraph_continuation,reliable_environment_sensitive,surface_token,aiin,global=global,R06
510,"f106r.11,+P0",f106r,4566,3,cheol,R00,S,B,3,paragraph_continuation,low_reliability_or_unassigned,,,,
511,"f106r.11,+P0",f106r,4566,4,aiin,R06,S,B,3,paragraph_continuation,reliable_environment_sensitive,surface_token,aiin,global=global,R06
512,"f106r.11,+P0",f106r,4566,5,cheokey,R00,S,B,3,paragraph_continuation,low_reliability_or_unassigned,,,,
513,"f106r.11,+P0",f106r,4566,6,raiin,R00,S,B,3,paragraph_continuation,low_reliability_or_unassigned,,,,
514,"f106r.11,+P0",f106r,4566,7,chokar,R03,S,B,3,paragraph_continuation,low_reliability_or_unassigned,,,,
515,"f106r.11,+P0",f106r,4566,8,cholky,R07,S,B,3,paragraph_continuation,low_reliability_or_unassigned,,,,
516,"f106r.11,+P0",f106r,4566,9,okeees,R00,S,B,3,paragraph_continuation,low_reliability_or_unassigned,,,,
517,"f106r.11,+P0",f106r,4566,10,aiin,R06,S,B,3,paragraph_continuation,reliable_environment_sensitive,surface_token,aiin,global=global,R06
518,"f106r.11,+P0",f106r,4566,11,okeey,R06,S,B,3,paragraph_continuation,low_reliability_or_unassigned,,,,
519,"f106r.11,+P0",f106r,4566,12,lchg,R00,S,B,3,paragraph_continuation,low_reliability_or_unassigned,,,,
520,"f106r.26,+P0",f106r,4581,1,ycheeo,R06,S,B,3,paragraph_continuation,low_reliability_or_unassigned,,,,
521,"f106r.26,+P0",f106r,4581,2,lkeey,R00,S,B,3,paragraph_continuation,good_but_not_reliable_enough,stolfi_inspired_signature,G_k|S_LGEY|T_eey,global=global,R00
522,"f106v.36,+P0",f106v,4638,1,sol,R06,S,B,3,paragraph_continuation,good_but_not_reliable_enough,surface_token,sol,global=global,R06
523,"f106v.36,+P0",f106v,4638,2,sheedy,R06,S,B,3,paragraph_continuation,reliable_environment_sensitive,surface_token,sheedy,global=global,R06
524,"f106v.36,+P0",f106v,4638,3,qokaiin,H08,S,B,3,paragraph_continuation,reliable_conditioned,surface_token,qokaiin,meta_L=B,H08
525,"f106v.36,+P0",f106v,4638,4,cholkaiin,R07,S,B,3,paragraph_continuation,low_reliability_or_unassigned,,,,
526,"f106v.47,+P0",f106v,4649,1,dcheoaiin,R00,S,B,3,paragraph_continuation,low_reliability_or_unassigned,,,,
527,"f106v.47,+P0",f106v,4649,2,shky,R06,S,B,3,paragraph_continuation,low_reliability_or_unassigned,,,,
528,"f107r.1,@P0",f107r,4650,1,pchdlar,R00,S,B,3,paragraph_start,low_reliability_or_unassigned,,,,
529,"f107r.1,@P0",f107r,4650,2,sheolor,R00,S,B,3,paragraph_start,low_reliability_or_unassigned,,,,
530,"f107r.1,@P0",f107r,4650,3,ykeeol,R06,S,B,3,paragraph_start,low_reliability_or_unassigned,,,,
531,"f107r.1,@P0",f107r,4650,4,qokchy,H08,S,B,3,paragraph_start,low_reliability_or_unassigned,,,,
532,"f107r.1,@P0",f107r,4650,5,otor,R00,S,B,3,paragraph_start,low_reliability_or_unassigned,,,,
533,"f107r.1,@P0",f107r,4650,6,okeesodar,R00,S,B,3,paragraph_start,low_reliability_or_unassigned,,,,
534,"f107r.1,@P0",f107r,4650,7,tarair,R06,S,B,3,paragraph_start,low_reliability_or_unassigned,,,,
535,"f107r.1,@P0",f107r,4650,8,oteey,R01,S,B,3,paragraph_start,low_reliability_or_unassigned,,,,
536,"f107r.1,@P0",f107r,4650,9,otaiin,R10,S,B,3,paragraph_start,low_reliability_or_unassigned,,,,
537,"f107r.1,@P0",f107r,4650,10,ytar,R06,S,B,3,paragraph_start,low_reliability_or_unassigned,,,,
538,"f107r.10,+P0",f107r,4659,1,yteedy,R00,S,B,3,paragraph_continuation,low_reliability_or_unassigned,,,,
539,"f107r.10,+P0",f107r,4659,2,qokeedy,H01,S,B,3,paragraph_continuation,low_reliability_or_unassigned,,,,
540,"f107r.10,+P0",f107r,4659,3,okeol,R06,S,B,3,paragraph_continuation,low_reliability_or_unassigned,,,,
541,"f107r.10,+P0",f107r,4659,4,lchedy,R00,S,B,3,paragraph_continuation,reliable_conditioned,broad_shape,LB|edy,meta_L=B,R00
542,"f107r.10,+P0",f107r,4659,5,qokal,H08,S,B,3,paragraph_continuation,low_reliability_or_unassigned,,,,
543,"f107r.10,+P0",f107r,4659,6,lor,R00,S,B,3,paragraph_continuation,good_but_not_reliable_enough,broad_shape,L|or,global=global,R00
544,"f107r.10,+P0",f107r,4659,7,sheal,R06,S,B,3,paragraph_continuation,low_reliability_or_unassigned,,,,
545,"f107r.10,+P0",f107r,4659,8,cheedaiin,R10,S,B,3,paragraph_continuation,low_reliability_or_unassigned,,,,
546,"f107r.10,+P0",f107r,4659,9,chey,R06,S,B,3,paragraph_continuation,reliable_global,stolfi_inspired_signature,NG|S_EY|T_y,global=global,R06
547,"f107r.10,+P0",f107r,4659,10,sair,R06,S,B,3,paragraph_continuation,low_reliability_or_unassigned,,,,
548,"f107r.10,+P0",f107r,4659,11,alom,R00,S,B,3,paragraph_continuation,low_reliability_or_unassigned,,,,
549,"f107r.12,+P0",f107r,4661,1,ychol,R06,S,B,3,paragraph_continuation,low_reliability_or_unassigned,,,,
550,"f107r.12,+P0",f107r,4661,2,chol,R07,S,B,3,paragraph_continuation,low_reliability_or_unassigned,,,,
551,"f107r.12,+P0",f107r,4661,3,loraiir,R00,S,B,3,paragraph_continuation,low_reliability_or_unassigned,,,,
552,"f107r.12,+P0",f107r,4661,4,aiinal,R00,S,B,3,paragraph_continuation,low_reliability_or_unassigned,,,,
553,"f107r.15,+P0",f107r,4664,1,ychol,R06,S,B,3,paragraph_continuation,low_reliability_or_unassigned,,,,
554,"f107r.15,+P0",f107r,4664,2,oiin,R00,S,B,3,paragraph_continuation,low_reliability_or_unassigned,,,,
555,"f107r.15,+P0",f107r,4664,3,chey,R06,S,B,3,paragraph_continuation,reliable_global,stolfi_inspired_signature,NG|S_EY|T_y,global=global,R06
556,"f107r.15,+P0",f107r,4664,4,qockhal,H07,S,B,3,paragraph_continuation,low_reliability_or_unassigned,,,,
557,"f107r.15,+P0",f107r,4664,5,al,R06,S,B,3,paragraph_continuation,reliable_environment_sensitive,surface_token,al,global=global,R06
558,"f107r.15,+P0",f107r,4664,6,otaraiin,R00,S,B,3,paragraph_continuation,low_reliability_or_unassigned,,,,
559,"f107r.15,+P0",f107r,4664,7,sheky,R06,S,B,3,paragraph_continuation,low_reliability_or_unassigned,,,,
560,"f107r.15,+P0",f107r,4664,8,okeeey,R00,S,B,3,paragraph_continuation,low_reliability_or_unassigned,,,,
561,"f107r.15,+P0",f107r,4664,9,raiin,R00,S,B,3,paragraph_continuation,low_reliability_or_unassigned,,,,
562,"f107r.15,+P0",f107r,4664,10,airal,R00,S,B,3,paragraph_continuation,low_reliability_or_unassigned,,,,
563,"f107r.17,+P0",f107r,4666,1,sair,R06,S,B,3,paragraph_continuation,low_reliability_or_unassigned,,,,
564,"f107r.17,+P0",f107r,4666,2,chey,R06,S,B,3,paragraph_continuation,reliable_global,stolfi_inspired_signature,NG|S_EY|T_y,global=global,R06
565,"f107r.17,+P0",f107r,4666,3,losaiin,R00,S,B,3,paragraph_continuation,low_reliability_or_unassigned,,,,
566,"f107r.17,+P0",f107r,4666,4,chey,R06,S,B,3,paragraph_continuation,reliable_global,stolfi_inspired_signature,NG|S_EY|T_y,global=global,R06
567,"f107r.2,+P0",f107r,4651,1,dchey,R06,S,B,3,paragraph_continuation,low_reliability_or_unassigned,,,,
568,"f107r.2,+P0",f107r,4651,2,qoteos,H13,S,B,3,paragraph_continuation,low_reliability_or_unassigned,,,,
569,"f107r.2,+P0",f107r,4651,3,aiin,R06,S,B,3,paragraph_continuation,reliable_environment_sensitive,surface_token,aiin,global=global,R06
570,"f107r.2,+P0",f107r,4651,4,shedy,R06,S,B,3,paragraph_continuation,reliable_conditioned,surface_token,shedy,meta_L=B,R06
571,"f107r.2,+P0",f107r,4651,5,oteed,R01,S,B,3,paragraph_continuation,low_reliability_or_unassigned,,,,
572,"f107r.2,+P0",f107r,4651,6,qor,R00,S,B,3,paragraph_continuation,low_reliability_or_unassigned,,,,
573,"f107r.2,+P0",f107r,4651,7,aiin,R06,S,B,3,paragraph_continuation,reliable_environment_sensitive,surface_token,aiin,global=global,R06
574,"f107r.2,+P0",f107r,4651,8,cheockhy,R00,S,B,3,paragraph_continuation,low_reliability_or_unassigned,,,,
575,"f107r.2,+P0",f107r,4651,9,olkeey,R00,S,B,3,paragraph_continuation,low_reliability_or_unassigned,,,,
576,"f107r.2,+P0",f107r,4651,10,qotain,H13,S,B,3,paragraph_continuation,low_reliability_or_unassigned,,,,
577,"f107r.2,+P0",f107r,4651,11,chey,R06,S,B,3,paragraph_continuation,reliable_global,stolfi_inspired_signature,NG|S_EY|T_y,global=global,R06
578,"f107r.2,+P0",f107r,4651,12,qeeey,R00,S,B,3,paragraph_continuation,low_reliability_or_unassigned,,,,
579,"f107r.2,+P0",f107r,4651,13,lor,R00,S,B,3,paragraph_continuation,good_but_not_reliable_enough,broad_shape,L|or,global=global,R00
580,"f107r.20,+P0",f107r,4669,1,tcheol,R06,S,B,3,paragraph_continuation,low_reliability_or_unassigned,,,,
581,"f107r.20,+P0",f107r,4669,2,kcheedy,R00,S,B,3,paragraph_continuation,low_reliability_or_unassigned,,,,
582,"f107r.23,+P0",f107r,4672,1,chodaiin,R00,S,B,3,paragraph_continuation,low_reliability_or_unassigned,,,,
583,"f107r.23,+P0",f107r,4672,2,shar,R06,S,B,3,paragraph_continuation,low_reliability_or_unassigned,,,,
584,"f107r.23,+P0",f107r,4672,3,chodaiin,R00,S,B,3,paragraph_continuation,low_reliability_or_unassigned,,,,
585,"f107r.25,+P0",f107r,4674,1,ycheain,R00,S,B,3,paragraph_continuation,low_reliability_or_unassigned,,,,
586,"f107r.25,+P0",f107r,4674,2,chal,R00,S,B,3,paragraph_continuation,low_reliability_or_unassigned,,,,
587,"f107r.25,+P0",f107r,4674,3,kal,R06,S,B,3,paragraph_continuation,low_reliability_or_unassigned,,,,
588,"f107r.25,+P0",f107r,4674,4,chedy,R02,S,B,3,paragraph_continuation,reliable_conditioned,surface_token,chedy,meta_L=B,R02
589,"f107r.25,+P0",f107r,4674,5,qokaiin,H08,S,B,3,paragraph_continuation,reliable_conditioned,surface_token,qokaiin,meta_L=B,H08
590,"f107r.25,+P0",f107r,4674,6,chody,R00,S,B,3,paragraph_continuation,reliable_global,broad_shape,O|dy,global=global,R00
591,"f107r.25,+P0",f107r,4674,7,qokchdy,H09,S,B,3,paragraph_continuation,low_reliability_or_unassigned,,,,
592,"f107r.25,+P0",f107r,4674,8,qokal,H08,S,B,3,paragraph_continuation,low_reliability_or_unassigned,,,,
593,"f107r.25,+P0",f107r,4674,9,char,R11,S,B,3,paragraph_continuation,low_reliability_or_unassigned,,,,
594,"f107r.25,+P0",f107r,4674,10,chdalal,R09,S,B,3,paragraph_continuation,low_reliability_or_unassigned,,,,
595,"f107r.25,+P0",f107r,4674,11,om,R06,S,B,3,paragraph_continuation,low_reliability_or_unassigned,,,,
596,"f107r.26,+P0",f107r,4675,1,olcheor,R00,S,B,3,paragraph_continuation,low_reliability_or_unassigned,,,,
597,"f107r.26,+P0",f107r,4675,2,shey,R06,S,B,3,paragraph_continuation,reliable_global,stolfi_inspired_signature,NG|S_EY|T_y,global=global,R06
598,"f107r.26,+P0",f107r,4675,3,cheey,R06,S,B,3,paragraph_continuation,reliable_global,stolfi_inspired_signature,NG|S_EY|T_ey,global=global,R06
599,"f107r.26,+P0",f107r,4675,4,olcheol,R00,S,B,3,paragraph_continuation,low_reliability_or_unassigned,,,,
600,"f107r.26,+P0",f107r,4675,5,kaiin,R06,S,B,3,paragraph_continuation,low_reliability_or_unassigned,,,,
601,"f107r.26,+P0",f107r,4675,6,otair,R00,S,B,3,paragraph_continuation,low_reliability_or_unassigned,,,,
602,"f107r.26,+P0",f107r,4675,7,okal,R07,S,B,3,paragraph_continuation,reliable_global,surface_token,okal,global=global,R07
603,"f107r.26,+P0",f107r,4675,8,cheody,R00,S,B,3,paragraph_continuation,low_reliability_or_unassigned,,,,
604,"f107r.28,+P0",f107r,4677,1,kar,R06,S,B,3,paragraph_continuation,low_reliability_or_unassigned,,,,
605,"f107r.28,+P0",f107r,4677,2,aiin,R06,S,B,3,paragraph_continuation,reliable_environment_sensitive,surface_token,aiin,global=global,R06
606,"f107r.28,+P0",f107r,4677,3,chl,R00,S,B,3,paragraph_continuation,low_reliability_or_unassigned,,,,
607,"f107r.28,+P0",f107r,4677,4,cholor,R07,S,B,3,paragraph_continuation,low_reliability_or_unassigned,,,,
608,"f107r.28,+P0",f107r,4677,5,sheees,R06,S,B,3,paragraph_continuation,low_reliability_or_unassigned,,,,
609,"f107r.28,+P0",f107r,4677,6,aiin,R06,S,B,3,paragraph_continuation,reliable_environment_sensitive,surface_token,aiin,global=global,R06
610,"f107r.28,+P0",f107r,4677,7,cheey,R06,S,B,3,paragraph_continuation,reliable_global,stolfi_inspired_signature,NG|S_EY|T_ey,global=global,R06
611,"f107r.28,+P0",f107r,4677,8,otchy,R01,S,B,3,paragraph_continuation,low_reliability_or_unassigned,,,,
612,"f107r.28,+P0",f107r,4677,9,lkaiin,R00,S,B,3,paragraph_continuation,low_reliability_or_unassigned,,,,
613,"f107r.28,+P0",f107r,4677,10,ykaiin,R06,S,B,3,paragraph_continuation,low_reliability_or_unassigned,,,,
614,"f107r.28,+P0",f107r,4677,11,ykalkal,R00,S,B,3,paragraph_continuation,low_reliability_or_unassigned,,,,
615,"f107r.29,+P0",f107r,4678,1,olkeeolkeeo,R00,S,B,3,paragraph_continuation,low_reliability_or_unassigned,,,,
616,"f107r.29,+P0",f107r,4678,2,ar,R06,S,B,3,paragraph_continuation,reliable_global,surface_token,ar,global=global,R06
617,"f107r.29,+P0",f107r,4678,3,shol,R08,S,B,3,paragraph_continuation,low_reliability_or_unassigned,,,,
618,"f107r.3,+P0",f107r,4652,1,olcheey,R00,S,B,3,paragraph_continuation,low_reliability_or_unassigned,,,,
619,"f107r.3,+P0",f107r,4652,2,cheos,R00,S,B,3,paragraph_continuation,low_reliability_or_unassigned,,,,
620,"f107r.3,+P0",f107r,4652,3,qokeeey,H08,S,B,3,paragraph_continuation,low_reliability_or_unassigned,,,,
621,"f107r.3,+P0",f107r,4652,4,ycheedy,R00,S,B,3,paragraph_continuation,low_reliability_or_unassigned,,,,
622,"f107r.3,+P0",f107r,4652,5,qotain,H13,S,B,3,paragraph_continuation,low_reliability_or_unassigned,,,,
623,"f107r.3,+P0",f107r,4652,6,ykain,R06,S,B,3,paragraph_continuation,low_reliability_or_unassigned,,,,
624,"f107r.3,+P0",f107r,4652,7,okeey,R06,S,B,3,paragraph_continuation,low_reliability_or_unassigned,,,,
625,"f107r.3,+P0",f107r,4652,8,raiin,R00,S,B,3,paragraph_continuation,low_reliability_or_unassigned,,,,
626,"f107r.32,+P0",f107r,4681,1,salxarshy,R00,S,B,3,paragraph_continuation,low_reliability_or_unassigned,,,,
627,"f107r.32,+P0",f107r,4681,2,qokaiin,H08,S,B,3,paragraph_continuation,reliable_conditioned,surface_token,qokaiin,meta_L=B,H08
628,"f107r.32,+P0",f107r,4681,3,okal,R07,S,B,3,paragraph_continuation,reliable_global,surface_token,okal,global=global,R07
629,"f107r.32,+P0",f107r,4681,4,qockhedy,H21,S,B,3,paragraph_continuation,low_reliability_or_unassigned,,,,
630,"f107r.32,+P0",f107r,4681,5,okr,R00,S,B,3,paragraph_continuation,low_reliability_or_unassigned,,,,
631,"f107r.32,+P0",f107r,4681,6,aiin,R06,S,B,3,paragraph_continuation,reliable_environment_sensitive,surface_token,aiin,global=global,R06
632,"f107r.32,+P0",f107r,4681,7,otar,R01,S,B,3,paragraph_continuation,low_reliability_or_unassigned,,,,
633,"f107r.32,+P0",f107r,4681,8,qocthy,H07,S,B,3,paragraph_continuation,low_reliability_or_unassigned,,,,
634,"f107r.32,+P0",f107r,4681,9,rolky,R00,S,B,3,paragraph_continuation,low_reliability_or_unassigned,,,,
635,"f107r.33,+P0",f107r,4682,1,yaiin,R06,S,B,3,paragraph_continuation,low_reliability_or_unassigned,,,,
636,"f107r.33,+P0",f107r,4682,2,chekain,R00,S,B,3,paragraph_continuation,low_reliability_or_unassigned,,,,
637,"f107r.33,+P0",f107r,4682,3,cheo,R00,S,B,3,paragraph_continuation,low_reliability_or_unassigned,,,,
638,"f107r.33,+P0",f107r,4682,4,kaiin,R06,S,B,3,paragraph_continuation,low_reliability_or_unassigned,,,,
639,"f107r.33,+P0",f107r,4682,5,chey,R06,S,B,3,paragraph_continuation,reliable_global,stolfi_inspired_signature,NG|S_EY|T_y,global=global,R06
640,"f107r.33,+P0",f107r,4682,6,qol,R00,S,B,3,paragraph_continuation,low_reliability_or_unassigned,,,,
641,"f107r.33,+P0",f107r,4682,7,kaiiin,R06,S,B,3,paragraph_continuation,low_reliability_or_unassigned,,,,
642,"f107r.33,+P0",f107r,4682,8,chky,R00,S,B,3,paragraph_continuation,low_reliability_or_unassigned,,,,
643,"f107r.33,+P0",f107r,4682,9,lcheel,R00,S,B,3,paragraph_continuation,low_reliability_or_unassigned,,,,
644,"f107r.33,+P0",f107r,4682,10,lkar,R00,S,B,3,paragraph_continuation,low_reliability_or_unassigned,,,,
645,"f107r.33,+P0",f107r,4682,11,okal,R07,S,B,3,paragraph_continuation,reliable_global,surface_token,okal,global=global,R07
646,"f107r.35,+P0",f107r,4684,1,daiin,R10,S,B,3,paragraph_continuation,good_but_not_reliable_enough,surface_token,daiin,global=global,R10
647,"f107r.35,+P0",f107r,4684,2,shl,R06,S,B,3,paragraph_continuation,low_reliability_or_unassigned,,,,
648,"f107r.35,+P0",f107r,4684,3,lkeeol,R00,S,B,3,paragraph_continuation,low_reliability_or_unassigned,,,,
649,"f107r.35,+P0",f107r,4684,4,lchedy,R00,S,B,3,paragraph_continuation,reliable_conditioned,broad_shape,LB|edy,meta_L=B,R00
650,"f107r.35,+P0",f107r,4684,5,qokor,H08,S,B,3,paragraph_continuation,low_reliability_or_unassigned,,,,
651,"f107r.35,+P0",f107r,4684,6,lkaiin,R00,S,B,3,paragraph_continuation,low_reliability_or_unassigned,,,,
652,"f107r.35,+P0",f107r,4684,7,chedy,R02,S,B,3,paragraph_continuation,reliable_conditioned,surface_token,chedy,meta_L=B,R02
653,"f107r.35,+P0",f107r,4684,8,qotaiin,H13,S,B,3,paragraph_continuation,low_reliability_or_unassigned,,,,
654,"f107r.35,+P0",f107r,4684,9,al,R06,S,B,3,paragraph_continuation,reliable_environment_sensitive,surface_token,al,global=global,R06
655,"f107r.35,+P0",f107r,4684,10,ol,R06,S,B,3,paragraph_continuation,reliable_environment_sensitive,surface_token,ol,global=global,R06
656,"f107r.35,+P0",f107r,4684,11,kaldaim,R00,S,B,3,paragraph_continuation,low_reliability_or_unassigned,,,,
657,"f107r.36,+P0",f107r,4685,1,dar,R06,S,B,3,paragraph_continuation,reliable_global,surface_token,dar,global=global,R06
658,"f107r.36,+P0",f107r,4685,2,alchor,R00,S,B,3,paragraph_continuation,low_reliability_or_unassigned,,,,
659,"f107r.36,+P0",f107r,4685,3,kcheo,R06,S,B,3,paragraph_continuation,low_reliability_or_unassigned,,,,
660,"f107r.36,+P0",f107r,4685,4,rkeey,R00,S,B,3,paragraph_continuation,good_but_not_reliable_enough,stolfi_inspired_signature,G_k|S_LGEY|T_eey,global=global,R00
661,"f107r.36,+P0",f107r,4685,5,chaiin,R00,S,B,3,paragraph_continuation,low_reliability_or_unassigned,,,,
662,"f107r.36,+P0",f107r,4685,6,al,R06,S,B,3,paragraph_continuation,reliable_environment_sensitive,surface_token,al,global=global,R06
663,"f107r.36,+P0",f107r,4685,7,dal,R09,S,B,3,paragraph_continuation,reliable_global,surface_token,dal,global=global,R09
664,"f107r.36,+P0",f107r,4685,8,qokchey,H08,S,B,3,paragraph_continuation,low_reliability_or_unassigned,,,,
665,"f107r.36,+P0",f107r,4685,9,qokl,R00,S,B,3,paragraph_continuation,low_reliability_or_unassigned,,,,
666,"f107r.36,+P0",f107r,4685,10,chey,R06,S,B,3,paragraph_continuation,reliable_global,stolfi_inspired_signature,NG|S_EY|T_y,global=global,R06
667,"f107r.36,+P0",f107r,4685,11,lkaiin,R00,S,B,3,paragraph_continuation,low_reliability_or_unassigned,,,,
668,"f107r.36,+P0",f107r,4685,12,lkar,R00,S,B,3,paragraph_continuation,low_reliability_or_unassigned,,,,
669,"f107r.39,+P0",f107r,4688,1,tair,R06,S,B,3,paragraph_continuation,low_reliability_or_unassigned,,,,
670,"f107r.39,+P0",f107r,4688,2,cheol,R00,S,B,3,paragraph_continuation,low_reliability_or_unassigned,,,,
671,"f107r.39,+P0",f107r,4688,3,cheol,R00,S,B,3,paragraph_continuation,low_reliability_or_unassigned,,,,
672,"f107r.39,+P0",f107r,4688,4,kchekain,R00,S,B,3,paragraph_continuation,low_reliability_or_unassigned,,,,
673,"f107r.39,+P0",f107r,4688,5,cheear,R00,S,B,3,paragraph_continuation,low_reliability_or_unassigned,,,,
674,"f107r.39,+P0",f107r,4688,6,l,R06,S,B,3,paragraph_continuation,good_but_not_reliable_enough,surface_token,l,global=global,R06
675,"f107r.39,+P0",f107r,4688,7,oiin,R00,S,B,3,paragraph_continuation,low_reliability_or_unassigned,,,,
676,"f107r.39,+P0",f107r,4688,8,cho,R00,S,B,3,paragraph_continuation,low_reliability_or_unassigned,,,,
677,"f107r.39,+P0",f107r,4688,9,lkain,R00,S,B,3,paragraph_continuation,low_reliability_or_unassigned,,,,
678,"f107r.39,+P0",f107r,4688,10,al,R06,S,B,3,paragraph_continuation,reliable_environment_sensitive,surface_token,al,global=global,R06
679,"f107r.39,+P0",f107r,4688,11,oeedy,R00,S,B,3,paragraph_continuation,low_reliability_or_unassigned,,,,
680,"f107r.39,+P0",f107r,4688,12,chey,R06,S,B,3,paragraph_continuation,reliable_global,stolfi_inspired_signature,NG|S_EY|T_y,global=global,R06
681,"f107r.40,+P0",f107r,4689,1,lolkaiin,R00,S,B,3,paragraph_continuation,low_reliability_or_unassigned,,,,
682,"f107r.40,+P0",f107r,4689,2,chey,R06,S,B,3,paragraph_continuation,reliable_global,stolfi_inspired_signature,NG|S_EY|T_y,global=global,R06
683,"f107r.40,+P0",f107r,4689,3,qokaiin,H08,S,B,3,paragraph_continuation,reliable_conditioned,surface_token,qokaiin,meta_L=B,H08
684,"f107r.40,+P0",f107r,4689,4,chal,R00,S,B,3,paragraph_continuation,low_reliability_or_unassigned,,,,
685,"f107r.40,+P0",f107r,4689,5,aiin,R06,S,B,3,paragraph_continuation,reliable_environment_sensitive,surface_token,aiin,global=global,R06
686,"f107r.40,+P0",f107r,4689,6,okaiin,R10,S,B,3,paragraph_continuation,reliable_global,surface_token,okaiin,global=global,R10
687,"f107r.40,+P0",f107r,4689,7,olkar,R00,S,B,3,paragraph_continuation,low_reliability_or_unassigned,,,,
688,"f107r.40,+P0",f107r,4689,8,otair,R00,S,B,3,paragraph_continuation,low_reliability_or_unassigned,,,,
689,"f107r.40,+P0",f107r,4689,9,okal,R07,S,B,3,paragraph_continuation,reliable_global,surface_token,okal,global=global,R07
690,"f107r.40,+P0",f107r,4689,10,okal,R07,S,B,3,paragraph_continuation,reliable_global,surface_token,okal,global=global,R07
691,"f107r.41,+P0",f107r,4690,1,qokaiin,H08,S,B,3,paragraph_continuation,reliable_conditioned,surface_token,qokaiin,meta_L=B,H08
692,"f107r.41,+P0",f107r,4690,2,ar,R06,S,B,3,paragraph_continuation,reliable_global,surface_token,ar,global=global,R06
693,"f107r.41,+P0",f107r,4690,3,ockhey,R00,S,B,3,paragraph_continuation,low_reliability_or_unassigned,,,,
694,"f107r.41,+P0",f107r,4690,4,qokal,H08,S,B,3,paragraph_continuation,low_reliability_or_unassigned,,,,
695,"f107r.41,+P0",f107r,4690,5,otal,R01,S,B,3,paragraph_continuation,low_reliability_or_unassigned,,,,
696,"f107r.41,+P0",f107r,4690,6,otam,R06,S,B,3,paragraph_continuation,low_reliability_or_unassigned,,,,
697,"f107r.42,+P0",f107r,4691,1,pcholky,R00,S,B,3,paragraph_continuation,low_reliability_or_unassigned,,,,
698,"f107r.42,+P0",f107r,4691,2,sokeey,R06,S,B,3,paragraph_continuation,low_reliability_or_unassigned,,,,
699,"f107r.42,+P0",f107r,4691,3,aiin,R06,S,B,3,paragraph_continuation,reliable_environment_sensitive,surface_token,aiin,global=global,R06
700,"f107r.42,+P0",f107r,4691,4,oteey,R01,S,B,3,paragraph_continuation,low_reliability_or_unassigned,,,,
701,"f107r.42,+P0",f107r,4691,5,ykchey,R06,S,B,3,paragraph_continuation,low_reliability_or_unassigned,,,,
702,"f107r.42,+P0",f107r,4691,6,paichy,R06,S,B,3,paragraph_continuation,low_reliability_or_unassigned,,,,
703,"f107r.42,+P0",f107r,4691,7,okeey,R06,S,B,3,paragraph_continuation,low_reliability_or_unassigned,,,,
704,"f107r.42,+P0",f107r,4691,8,tain,R06,S,B,3,paragraph_continuation,low_reliability_or_unassigned,,,,
705,"f107r.42,+P0",f107r,4691,9,ar,R06,S,B,3,paragraph_continuation,reliable_global,surface_token,ar,global=global,R06
706,"f107r.42,+P0",f107r,4691,10,arodl,R00,S,B,3,paragraph_continuation,low_reliability_or_unassigned,,,,
707,"f107r.42,+P0",f107r,4691,11,kairam,R06,S,B,3,paragraph_continuation,low_reliability_or_unassigned,,,,
708,"f107r.47,+P0",f107r,4696,1,okain,R10,S,B,3,paragraph_continuation,reliable_global,surface_token,okain,global=global,R10
709,"f107r.47,+P0",f107r,4696,2,cheey,R06,S,B,3,paragraph_continuation,reliable_global,stolfi_inspired_signature,NG|S_EY|T_ey,global=global,R06
710,"f107r.47,+P0",f107r,4696,3,lol,R00,S,B,3,paragraph_continuation,low_reliability_or_unassigned,,,,
711,"f107r.47,+P0",f107r,4696,4,loeey,R00,S,B,3,paragraph_continuation,low_reliability_or_unassigned,,,,
712,"f107r.47,+P0",f107r,4696,5,iinal,R00,S,B,3,paragraph_continuation,low_reliability_or_unassigned,,,,
713,"f107r.5,+P0",f107r,4654,1,olkchedy,R00,S,B,3,paragraph_continuation,low_reliability_or_unassigned,,,,
714,"f107r.5,+P0",f107r,4654,2,tedy,R06,S,B,3,paragraph_continuation,low_reliability_or_unassigned,,,,
715,"f107r.5,+P0",f107r,4654,3,oteeey,R01,S,B,3,paragraph_continuation,low_reliability_or_unassigned,,,,
716,"f107r.5,+P0",f107r,4654,4,okchedy,R00,S,B,3,paragraph_continuation,low_reliability_or_unassigned,,,,
717,"f107r.5,+P0",f107r,4654,5,qokeed,H08,S,B,3,paragraph_continuation,low_reliability_or_unassigned,,,,
718,"f107r.5,+P0",f107r,4654,6,qokear,H08,S,B,3,paragraph_continuation,low_reliability_or_unassigned,,,,
719,"f107r.5,+P0",f107r,4654,7,chedy,R02,S,B,3,paragraph_continuation,reliable_conditioned,surface_token,chedy,meta_L=B,R02
720,"f107r.5,+P0",f107r,4654,8,chokchedy,R00,S,B,3,paragraph_continuation,low_reliability_or_unassigned,,,,
721,"f107r.5,+P0",f107r,4654,9,qokain,H08,S,B,3,paragraph_continuation,low_reliability_or_unassigned,,,,
722,"f107r.5,+P0",f107r,4654,10,ar,R06,S,B,3,paragraph_continuation,reliable_global,surface_token,ar,global=global,R06
723,"f107r.6,+P0",f107r,4655,1,okcheey,R00,S,B,3,paragraph_continuation,low_reliability_or_unassigned,,,,
724,"f107r.6,+P0",f107r,4655,2,qokeedy,H01,S,B,3,paragraph_continuation,low_reliability_or_unassigned,,,,
725,"f107r.6,+P0",f107r,4655,3,chotchedy,R00,S,B,3,paragraph_continuation,low_reliability_or_unassigned,,,,
726,"f107r.6,+P0",f107r,4655,4,daiinar,R10,S,B,3,paragraph_continuation,low_reliability_or_unassigned,,,,
727,"f107r.6,+P0",f107r,4655,5,oteey,R01,S,B,3,paragraph_continuation,low_reliability_or_unassigned,,,,
728,"f107r.6,+P0",f107r,4655,6,lteey,R00,S,B,3,paragraph_continuation,low_reliability_or_unassigned,,,,
729,"f107r.6,+P0",f107r,4655,7,chedaiin,R00,S,B,3,paragraph_continuation,low_reliability_or_unassigned,,,,
730,"f107r.6,+P0",f107r,4655,8,oky,R00,S,B,3,paragraph_continuation,reliable_environment_sensitive,surface_token,oky,global=global,R00
731,"f107r.6,+P0",f107r,4655,9,otaiin,R10,S,B,3,paragraph_continuation,low_reliability_or_unassigned,,,,
732,"f107r.6,+P0",f107r,4655,10,am,R06,S,B,3,paragraph_continuation,low_reliability_or_unassigned,,,,
733,"f107r.7,+P0",f107r,4656,1,ytaiin,R06,S,B,3,paragraph_continuation,low_reliability_or_unassigned,,,,
734,"f107r.7,+P0",f107r,4656,2,cheotchey,R00,S,B,3,paragraph_continuation,low_reliability_or_unassigned,,,,
735,"f107r.7,+P0",f107r,4656,3,okaiin,R10,S,B,3,paragraph_continuation,reliable_global,surface_token,okaiin,global=global,R10
736,"f107r.7,+P0",f107r,4656,4,chckhy,R00,S,B,3,paragraph_continuation,reliable_environment_sensitive,surface_token,chckhy,global=global,R00
737,"f107r.7,+P0",f107r,4656,5,okeedy,R00,S,B,3,paragraph_continuation,reliable_conditioned,surface_token,okeedy,meta_L=B,R00
738,"f107r.7,+P0",f107r,4656,6,otcheey,R00,S,B,3,paragraph_continuation,low_reliability_or_unassigned,,,,
739,"f107v.11,+P0",f107v,4711,1,tshedy,R06,S,B,3,paragraph_continuation,low_reliability_or_unassigned,,,,
740,"f107v.11,+P0",f107v,4711,2,okal,R07,S,B,3,paragraph_continuation,reliable_global,surface_token,okal,global=global,R07
741,"f107v.11,+P0",f107v,4711,3,shedy,R06,S,B,3,paragraph_continuation,reliable_conditioned,surface_token,shedy,meta_L=B,R06
742,"f107v.11,+P0",f107v,4711,4,qokchey,H08,S,B,3,paragraph_continuation,low_reliability_or_unassigned,,,,
743,"f107v.11,+P0",f107v,4711,5,chky,R00,S,B,3,paragraph_continuation,low_reliability_or_unassigned,,,,
744,"f107v.11,+P0",f107v,4711,6,qokeey,H08,S,B,3,paragraph_continuation,reliable_conditioned,surface_token,qokeey,meta_L=B,H08
745,"f107v.11,+P0",f107v,4711,7,qotaiin,H13,S,B,3,paragraph_continuation,low_reliability_or_unassigned,,,,
746,"f107v.11,+P0",f107v,4711,8,otol,R01,S,B,3,paragraph_continuation,low_reliability_or_unassigned,,,,
747,"f107v.11,+P0",f107v,4711,9,qoteedy,H01,S,B,3,paragraph_continuation,low_reliability_or_unassigned,,,,
748,"f107v.11,+P0",f107v,4711,10,qopchcfhy,H07,S,B,3,paragraph_continuation,low_reliability_or_unassigned,,,,
749,"f107v.18,+P0",f107v,4718,1,qokain,H08,S,B,3,paragraph_continuation,low_reliability_or_unassigned,,,,
750,"f107v.18,+P0",f107v,4718,2,qokchey,H08,S,B,3,paragraph_continuation,low_reliability_or_unassigned,,,,
751,"f107v.18,+P0",f107v,4718,3,qekchdy,R00,S,B,3,paragraph_continuation,low_reliability_or_unassigned,,,,
752,"f107v.18,+P0",f107v,4718,4,okaiin,R10,S,B,3,paragraph_continuation,reliable_global,surface_token,okaiin,global=global,R10
753,"f107v.18,+P0",f107v,4718,5,lkl,R00,S,B,3,paragraph_continuation,low_reliability_or_unassigned,,,,
754,"f107v.18,+P0",f107v,4718,6,chol,R07,S,B,3,paragraph_continuation,low_reliability_or_unassigned,,,,
755,"f107v.18,+P0",f107v,4718,7,raiin,R00,S,B,3,paragraph_continuation,low_reliability_or_unassigned,,,,
756,"f107v.18,+P0",f107v,4718,8,otaiin,R10,S,B,3,paragraph_continuation,low_reliability_or_unassigned,,,,
757,"f107v.18,+P0",f107v,4718,9,alkaiin,R00,S,B,3,paragraph_continuation,low_reliability_or_unassigned,,,,
758,"f107v.18,+P0",f107v,4718,10,dal,R09,S,B,3,paragraph_continuation,reliable_global,surface_token,dal,global=global,R09
759,"f107v.2,+P0",f107v,4702,1,daiin,R10,S,B,3,paragraph_continuation,good_but_not_reliable_enough,surface_token,daiin,global=global,R10
760,"f107v.2,+P0",f107v,4702,2,dckhy,R06,S,B,3,paragraph_continuation,low_reliability_or_unassigned,,,,
761,"f107v.2,+P0",f107v,4702,3,oldaiin,R10,S,B,3,paragraph_continuation,low_reliability_or_unassigned,,,,
762,"f107v.2,+P0",f107v,4702,4,chkal,R00,S,B,3,paragraph_continuation,low_reliability_or_unassigned,,,,
763,"f107v.2,+P0",f107v,4702,5,qokedy,H12,S,B,3,paragraph_continuation,reliable_conditioned,surface_token,qokedy,meta_L=B,H12
764,"f107v.2,+P0",f107v,4702,6,otal,R01,S,B,3,paragraph_continuation,low_reliability_or_unassigned,,,,
765,"f107v.2,+P0",f107v,4702,7,chedy,R02,S,B,3,paragraph_continuation,reliable_conditioned,surface_token,chedy,meta_L=B,R02
766,"f107v.2,+P0",f107v,4702,8,oteos,R01,S,B,3,paragraph_continuation,low_reliability_or_unassigned,,,,
767,"f107v.2,+P0",f107v,4702,9,aiin,R06,S,B,3,paragraph_continuation,reliable_environment_sensitive,surface_token,aiin,global=global,R06
768,"f107v.2,+P0",f107v,4702,10,otar,R01,S,B,3,paragraph_continuation,low_reliability_or_unassigned,,,,
769,"f107v.2,+P0",f107v,4702,11,alkain,R00,S,B,3,paragraph_continuation,low_reliability_or_unassigned,,,,
770,"f107v.2,+P0",f107v,4702,12,ol,R06,S,B,3,paragraph_continuation,reliable_environment_sensitive,surface_token,ol,global=global,R06
771,"f107v.30,+P0",f107v,4730,1,okain,R10,S,B,3,paragraph_continuation,reliable_global,surface_token,okain,global=global,R10
772,"f107v.30,+P0",f107v,4730,2,ol,R06,S,B,3,paragraph_continuation,reliable_environment_sensitive,surface_token,ol,global=global,R06
773,"f107v.30,+P0",f107v,4730,3,okaiin,R10,S,B,3,paragraph_continuation,reliable_global,surface_token,okaiin,global=global,R10
774,"f107v.30,+P0",f107v,4730,4,lkeody,R00,S,B,3,paragraph_continuation,low_reliability_or_unassigned,,,,
775,"f107v.30,+P0",f107v,4730,5,otaiin,R10,S,B,3,paragraph_continuation,low_reliability_or_unassigned,,,,
776,"f107v.30,+P0",f107v,4730,6,chol,R07,S,B,3,paragraph_continuation,low_reliability_or_unassigned,,,,
777,"f107v.30,+P0",f107v,4730,7,lkaiin,R00,S,B,3,paragraph_continuation,low_reliability_or_unassigned,,,,
778,"f107v.30,+P0",f107v,4730,8,lkeeey,R00,S,B,3,paragraph_continuation,good_but_not_reliable_enough,stolfi_inspired_signature,G_k|S_LGEY|T_eey,global=global,R00
779,"f107v.30,+P0",f107v,4730,9,qokaiin,H08,S,B,3,paragraph_continuation,reliable_conditioned,surface_token,qokaiin,meta_L=B,H08
780,"f107v.30,+P0",f107v,4730,10,chey,R06,S,B,3,paragraph_continuation,reliable_global,stolfi_inspired_signature,NG|S_EY|T_y,global=global,R06
781,"f107v.30,+P0",f107v,4730,11,qoky,H01,S,B,3,paragraph_continuation,low_reliability_or_unassigned,,,,
782,"f108r.12,+P0",f108r,4761,1,tshey,R06,S,B,3,paragraph_continuation,low_reliability_or_unassigned,,,,
783,"f108r.12,+P0",f108r,4761,2,okchey,R00,S,B,3,paragraph_continuation,low_reliability_or_unassigned,,,,
784,"f108r.12,+P0",f108r,4761,3,dain,R06,S,B,3,paragraph_continuation,reliable_global,stolfi_inspired_signature,NG|S_OEL|T_in,global=global,R06
785,"f108r.12,+P0",f108r,4761,4,aloiin,R00,S,B,3,paragraph_continuation,low_reliability_or_unassigned,,,,
786,"f108r.12,+P0",f108r,4761,5,ocheey,R00,S,B,3,paragraph_continuation,low_reliability_or_unassigned,,,,
787,"f108r.12,+P0",f108r,4761,6,qokaiin,H08,S,B,3,paragraph_continuation,reliable_conditioned,surface_token,qokaiin,meta_L=B,H08
788,"f108r.12,+P0",f108r,4761,7,chlam,R00,S,B,3,paragraph_continuation,low_reliability_or_unassigned,,,,
789,"f108r.12,+P0",f108r,4761,8,okaiin,R10,S,B,3,paragraph_continuation,reliable_global,surface_token,okaiin,global=global,R10
790,"f108r.12,+P0",f108r,4761,9,okal,R07,S,B,3,paragraph_continuation,reliable_global,surface_token,okal,global=global,R07
791,"f108r.12,+P0",f108r,4761,10,kain,R06,S,B,3,paragraph_continuation,low_reliability_or_unassigned,,,,
792,"f108r.12,+P0",f108r,4761,11,alam,R00,S,B,3,paragraph_continuation,low_reliability_or_unassigned,,,,
793,"f108r.38,+P0",f108r,4787,1,dcheeody,R00,S,B,3,paragraph_continuation,low_reliability_or_unassigned,,,,
794,"f108r.38,+P0",f108r,4787,2,cheedy,R06,S,B,3,paragraph_continuation,low_reliability_or_unassigned,,,,
795,"f108r.38,+P0",f108r,4787,3,qokeedy,H01,S,B,3,paragraph_continuation,low_reliability_or_unassigned,,,,
796,"f108r.38,+P0",f108r,4787,4,otedy,R01,S,B,3,paragraph_continuation,reliable_conditioned,surface_token,otedy,meta_L=B,R01
797,"f108r.38,+P0",f108r,4787,5,qeeey,R00,S,B,3,paragraph_continuation,low_reliability_or_unassigned,,,,
798,"f108r.38,+P0",f108r,4787,6,chey,R06,S,B,3,paragraph_continuation,reliable_global,stolfi_inspired_signature,NG|S_EY|T_y,global=global,R06
799,"f108r.45,+P0",f108r,4794,1,dain,R06,S,B,3,paragraph_continuation,reliable_global,stolfi_inspired_signature,NG|S_OEL|T_in,global=global,R06
800,"f108r.45,+P0",f108r,4794,2,sheckhy,R00,S,B,3,paragraph_continuation,good_but_not_reliable_enough,broad_shape,EXGX|y,global=global,R00
801,"f108r.45,+P0",f108r,4794,3,okeey,R06,S,B,3,paragraph_continuation,low_reliability_or_unassigned,,,,
802,"f108r.45,+P0",f108r,4794,4,keey,R06,S,B,3,paragraph_continuation,low_reliability_or_unassigned,,,,
803,"f108r.45,+P0",f108r,4794,5,lchedy,R00,S,B,3,paragraph_continuation,reliable_conditioned,broad_shape,LB|edy,meta_L=B,R00
804,"f108r.45,+P0",f108r,4794,6,okeey,R06,S,B,3,paragraph_continuation,low_reliability_or_unassigned,,,,
805,"f108r.45,+P0",f108r,4794,7,qokedy,H12,S,B,3,paragraph_continuation,reliable_conditioned,surface_token,qokedy,meta_L=B,H12
806,"f108r.45,+P0",f108r,4794,8,chedy,R02,S,B,3,paragraph_continuation,reliable_conditioned,surface_token,chedy,meta_L=B,R02
807,"f108r.45,+P0",f108r,4794,9,dalkedy,R09,S,B,3,paragraph_continuation,low_reliability_or_unassigned,,,,
808,"f108r.45,+P0",f108r,4794,10,qokedy,H12,S,B,3,paragraph_continuation,reliable_conditioned,surface_token,qokedy,meta_L=B,H12
809,"f108r.45,+P0",f108r,4794,11,dal,R09,S,B,3,paragraph_continuation,reliable_global,surface_token,dal,global=global,R09
810,"f108r.46,+P0",f108r,4795,1,yteedy,R00,S,B,3,paragraph_continuation,low_reliability_or_unassigned,,,,
811,"f108r.46,+P0",f108r,4795,2,qokeedy,H01,S,B,3,paragraph_continuation,low_reliability_or_unassigned,,,,
812,"f108r.46,+P0",f108r,4795,3,qokey,H08,S,B,3,paragraph_continuation,low_reliability_or_unassigned,,,,
813,"f108r.46,+P0",f108r,4795,4,otedy,R01,S,B,3,paragraph_continuation,reliable_conditioned,surface_token,otedy,meta_L=B,R01
814,"f108r.46,+P0",f108r,4795,5,okedy,R00,S,B,3,paragraph_continuation,reliable_conditioned,surface_token,okedy,meta_L=B,R00
815,"f108r.46,+P0",f108r,4795,6,qokaiin,H08,S,B,3,paragraph_continuation,reliable_conditioned,surface_token,qokaiin,meta_L=B,H08
816,"f108r.46,+P0",f108r,4795,7,cheodar,R00,S,B,3,paragraph_continuation,low_reliability_or_unassigned,,,,
817,"f108r.46,+P0",f108r,4795,8,cheey,R06,S,B,3,paragraph_continuation,reliable_global,stolfi_inspired_signature,NG|S_EY|T_ey,global=global,R06
818,"f108r.46,+P0",f108r,4795,9,qokedy,H12,S,B,3,paragraph_continuation,reliable_conditioned,surface_token,qokedy,meta_L=B,H12
819,"f108r.46,+P0",f108r,4795,10,al,R06,S,B,3,paragraph_continuation,reliable_environment_sensitive,surface_token,al,global=global,R06
820,"f108r.48,+P0",f108r,4797,1,pcheedy,R00,S,B,3,paragraph_continuation,low_reliability_or_unassigned,,,,
821,"f108r.48,+P0",f108r,4797,2,qokeo,H08,S,B,3,paragraph_continuation,low_reliability_or_unassigned,,,,
822,"f108r.48,+P0",f108r,4797,3,l,R06,S,B,3,paragraph_continuation,good_but_not_reliable_enough,surface_token,l,global=global,R06
823,"f108r.48,+P0",f108r,4797,4,okeol,R06,S,B,3,paragraph_continuation,low_reliability_or_unassigned,,,,
824,"f108r.48,+P0",f108r,4797,5,keol,R06,S,B,3,paragraph_continuation,low_reliability_or_unassigned,,,,
825,"f108r.48,+P0",f108r,4797,6,dain,R06,S,B,3,paragraph_continuation,reliable_global,stolfi_inspired_signature,NG|S_OEL|T_in,global=global,R06
826,"f108r.48,+P0",f108r,4797,7,ar,R06,S,B,3,paragraph_continuation,reliable_global,surface_token,ar,global=global,R06
827,"f108r.48,+P0",f108r,4797,8,otedy,R01,S,B,3,paragraph_continuation,reliable_conditioned,surface_token,otedy,meta_L=B,R01
828,"f108r.48,+P0",f108r,4797,9,qokedy,H12,S,B,3,paragraph_continuation,reliable_conditioned,surface_token,qokedy,meta_L=B,H12
829,"f108r.48,+P0",f108r,4797,10,qokeedy,H01,S,B,3,paragraph_continuation,low_reliability_or_unassigned,,,,
830,"f108r.48,+P0",f108r,4797,11,qokeedy,H01,S,B,3,paragraph_continuation,low_reliability_or_unassigned,,,,
831,"f108r.48,+P0",f108r,4797,12,lchdy,R00,S,B,3,paragraph_continuation,low_reliability_or_unassigned,,,,
832,"f108r.8,+P0",f108r,4757,1,pochedy,R00,S,B,3,paragraph_continuation,low_reliability_or_unassigned,,,,
833,"f108r.8,+P0",f108r,4757,2,shy,R06,S,B,3,paragraph_continuation,reliable_global,broad_shape,X|y,global=global,R06
834,"f108r.8,+P0",f108r,4757,3,shokeedar,R00,S,B,3,paragraph_continuation,low_reliability_or_unassigned,,,,
835,"f108r.8,+P0",f108r,4757,4,al,R06,S,B,3,paragraph_continuation,reliable_environment_sensitive,surface_token,al,global=global,R06
836,"f108r.8,+P0",f108r,4757,5,kedal,R06,S,B,3,paragraph_continuation,low_reliability_or_unassigned,,,,
837,"f108r.8,+P0",f108r,4757,6,chokchy,R00,S,B,3,paragraph_continuation,low_reliability_or_unassigned,,,,
838,"f108r.8,+P0",f108r,4757,7,qokar,R03,S,B,3,paragraph_continuation,reliable_conditioned,surface_token,qokar,meta_L=B,R03
839,"f108r.8,+P0",f108r,4757,8,ch,R00,S,B,3,paragraph_continuation,low_reliability_or_unassigned,,,,
840,"f108r.8,+P0",f108r,4757,9,okeey,R06,S,B,3,paragraph_continuation,low_reliability_or_unassigned,,,,
841,"f108r.8,+P0",f108r,4757,10,qaiin,R00,S,B,3,paragraph_continuation,low_reliability_or_unassigned,,,,
842,"f108r.8,+P0",f108r,4757,11,okeedy,R00,S,B,3,paragraph_continuation,reliable_conditioned,surface_token,okeedy,meta_L=B,R00
843,"f108r.8,+P0",f108r,4757,12,qetam,R00,S,B,3,paragraph_continuation,low_reliability_or_unassigned,,,,
844,"f108v.12,+P0",f108v,4811,1,tshedky,R00,S,B,3,paragraph_continuation,low_reliability_or_unassigned,,,,
845,"f108v.12,+P0",f108v,4811,2,sheckhy,R00,S,B,3,paragraph_continuation,good_but_not_reliable_enough,broad_shape,EXGX|y,global=global,R00
846,"f108v.12,+P0",f108v,4811,3,akey,R00,S,B,3,paragraph_continuation,low_reliability_or_unassigned,,,,
847,"f108v.12,+P0",f108v,4811,4,sheey,R06,S,B,3,paragraph_continuation,reliable_global,stolfi_inspired_signature,NG|S_EY|T_ey,global=global,R06
848,"f108v.12,+P0",f108v,4811,5,teeody,R06,S,B,3,paragraph_continuation,low_reliability_or_unassigned,,,,
849,"f108v.12,+P0",f108v,4811,6,qokedy,H12,S,B,3,paragraph_continuation,reliable_conditioned,surface_token,qokedy,meta_L=B,H12
850,"f108v.12,+P0",f108v,4811,7,qokeedy,H01,S,B,3,paragraph_continuation,low_reliability_or_unassigned,,,,
851,"f108v.12,+P0",f108v,4811,8,shokar,R06,S,B,3,paragraph_continuation,low_reliability_or_unassigned,,,,
852,"f108v.12,+P0",f108v,4811,9,aiin,R06,S,B,3,paragraph_continuation,reliable_environment_sensitive,surface_token,aiin,global=global,R06
853,"f108v.12,+P0",f108v,4811,10,okeey,R06,S,B,3,paragraph_continuation,low_reliability_or_unassigned,,,,
854,"f108v.12,+P0",f108v,4811,11,tedam,R06,S,B,3,paragraph_continuation,low_reliability_or_unassigned,,,,
855,"f108v.13,+P0",f108v,4812,1,daiin,R10,S,B,3,paragraph_continuation,good_but_not_reliable_enough,surface_token,daiin,global=global,R10
856,"f108v.13,+P0",f108v,4812,2,cheol,R00,S,B,3,paragraph_continuation,low_reliability_or_unassigned,,,,
857,"f108v.13,+P0",f108v,4812,3,qokeey,H08,S,B,3,paragraph_continuation,reliable_conditioned,surface_token,qokeey,meta_L=B,H08
858,"f108v.13,+P0",f108v,4812,4,qokeedy,H01,S,B,3,paragraph_continuation,low_reliability_or_unassigned,,,,
859,"f108v.13,+P0",f108v,4812,5,qokeey,H08,S,B,3,paragraph_continuation,reliable_conditioned,surface_token,qokeey,meta_L=B,H08
860,"f108v.13,+P0",f108v,4812,6,raiin,R00,S,B,3,paragraph_continuation,low_reliability_or_unassigned,,,,
861,"f108v.13,+P0",f108v,4812,7,chckhy,R00,S,B,3,paragraph_continuation,reliable_environment_sensitive,surface_token,chckhy,global=global,R00
862,"f108v.13,+P0",f108v,4812,8,okeey,R06,S,B,3,paragraph_continuation,low_reliability_or_unassigned,,,,
863,"f108v.13,+P0",f108v,4812,9,qokeedy,H01,S,B,3,paragraph_continuation,low_reliability_or_unassigned,,,,
864,"f108v.13,+P0",f108v,4812,10,okedain,R00,S,B,3,paragraph_continuation,low_reliability_or_unassigned,,,,
865,"f108v.13,+P0",f108v,4812,11,ald,R00,S,B,3,paragraph_continuation,low_reliability_or_unassigned,,,,
866,"f108v.18,+P0",f108v,4817,1,okeey,R06,S,B,3,paragraph_continuation,low_reliability_or_unassigned,,,,
867,"f108v.18,+P0",f108v,4817,2,lkeedy,R00,S,B,3,paragraph_continuation,low_reliability_or_unassigned,,,,
868,"f108v.18,+P0",f108v,4817,3,okeal,R00,S,B,3,paragraph_continuation,low_reliability_or_unassigned,,,,
869,"f108v.18,+P0",f108v,4817,4,okey,R00,S,B,3,paragraph_continuation,low_reliability_or_unassigned,,,,
870,"f108v.18,+P0",f108v,4817,5,cheykedy,R00,S,B,3,paragraph_continuation,low_reliability_or_unassigned,,,,
871,"f108v.18,+P0",f108v,4817,6,qoeedy,R00,S,B,3,paragraph_continuation,low_reliability_or_unassigned,,,,
872,"f108v.18,+P0",f108v,4817,7,lo,R00,S,B,3,paragraph_continuation,low_reliability_or_unassigned,,,,
873,"f108v.18,+P0",f108v,4817,8,rair,R00,S,B,3,paragraph_continuation,low_reliability_or_unassigned,,,,
874,"f108v.18,+P0",f108v,4817,9,cheey,R06,S,B,3,paragraph_continuation,reliable_global,stolfi_inspired_signature,NG|S_EY|T_ey,global=global,R06
875,"f108v.18,+P0",f108v,4817,10,ol,R06,S,B,3,paragraph_continuation,reliable_environment_sensitive,surface_token,ol,global=global,R06
876,"f108v.18,+P0",f108v,4817,11,lsaiin,R00,S,B,3,paragraph_continuation,low_reliability_or_unassigned,,,,
877,"f108v.18,+P0",f108v,4817,12,am,R06,S,B,3,paragraph_continuation,low_reliability_or_unassigned,,,,
878,"f108v.21,+P0",f108v,4820,1,daiin,R10,S,B,3,paragraph_continuation,good_but_not_reliable_enough,surface_token,daiin,global=global,R10
879,"f108v.21,+P0",f108v,4820,2,shol,R08,S,B,3,paragraph_continuation,low_reliability_or_unassigned,,,,
880,"f108v.21,+P0",f108v,4820,3,olkeeey,R00,S,B,3,paragraph_continuation,low_reliability_or_unassigned,,,,
881,"f108v.21,+P0",f108v,4820,4,lky,R00,S,B,3,paragraph_continuation,low_reliability_or_unassigned,,,,
882,"f108v.21,+P0",f108v,4820,5,chedar,R00,S,B,3,paragraph_continuation,low_reliability_or_unassigned,,,,
883,"f108v.21,+P0",f108v,4820,6,cheykechey,R00,S,B,3,paragraph_continuation,low_reliability_or_unassigned,,,,
884,"f108v.21,+P0",f108v,4820,7,qotedy,H17,S,B,3,paragraph_continuation,low_reliability_or_unassigned,,,,
885,"f108v.21,+P0",f108v,4820,8,otedy,R01,S,B,3,paragraph_continuation,reliable_conditioned,surface_token,otedy,meta_L=B,R01
886,"f108v.21,+P0",f108v,4820,9,oteedain,R01,S,B,3,paragraph_continuation,low_reliability_or_unassigned,,,,
887,"f108v.21,+P0",f108v,4820,10,cheody,R00,S,B,3,paragraph_continuation,low_reliability_or_unassigned,,,,
888,"f108v.21,+P0",f108v,4820,11,llod,R00,S,B,3,paragraph_continuation,low_reliability_or_unassigned,,,,
889,"f108v.26,+P0",f108v,4825,1,sair,R06,S,B,3,paragraph_continuation,low_reliability_or_unassigned,,,,
890,"f108v.26,+P0",f108v,4825,2,okeaiin,R00,S,B,3,paragraph_continuation,low_reliability_or_unassigned,,,,
891,"f108v.26,+P0",f108v,4825,3,cheol,R00,S,B,3,paragraph_continuation,low_reliability_or_unassigned,,,,
892,"f108v.26,+P0",f108v,4825,4,shedy,R06,S,B,3,paragraph_continuation,reliable_conditioned,surface_token,shedy,meta_L=B,R06
893,"f108v.26,+P0",f108v,4825,5,qokeeey,H08,S,B,3,paragraph_continuation,low_reliability_or_unassigned,,,,
894,"f108v.26,+P0",f108v,4825,6,dlaiin,R06,S,B,3,paragraph_continuation,low_reliability_or_unassigned,,,,
895,"f108v.26,+P0",f108v,4825,7,ar,R06,S,B,3,paragraph_continuation,reliable_global,surface_token,ar,global=global,R06
896,"f108v.26,+P0",f108v,4825,8,or,R06,S,B,3,paragraph_continuation,reliable_global,surface_token,or,global=global,R06
897,"f108v.26,+P0",f108v,4825,9,lkar,R00,S,B,3,paragraph_continuation,low_reliability_or_unassigned,,,,
898,"f108v.26,+P0",f108v,4825,10,char,R11,S,B,3,paragraph_continuation,low_reliability_or_unassigned,,,,
899,"f108v.26,+P0",f108v,4825,11,aiin,R06,S,B,3,paragraph_continuation,reliable_environment_sensitive,surface_token,aiin,global=global,R06
900,"f108v.26,+P0",f108v,4825,12,okal,R07,S,B,3,paragraph_continuation,reliable_global,surface_token,okal,global=global,R07
901,"f108v.26,+P0",f108v,4825,13,ldyr,R00,S,B,3,paragraph_continuation,low_reliability_or_unassigned,,,,
902,"f108v.26,+P0",f108v,4825,14,ls,R00,S,B,3,paragraph_continuation,low_reliability_or_unassigned,,,,
903,"f108v.35,+P0",f108v,4834,1,daiin,R10,S,B,3,paragraph_continuation,good_but_not_reliable_enough,surface_token,daiin,global=global,R10
904,"f108v.35,+P0",f108v,4834,2,chedy,R02,S,B,3,paragraph_continuation,reliable_conditioned,surface_token,chedy,meta_L=B,R02
905,"f108v.35,+P0",f108v,4834,3,lchedy,R00,S,B,3,paragraph_continuation,reliable_conditioned,broad_shape,LB|edy,meta_L=B,R00
906,"f108v.35,+P0",f108v,4834,4,sholkeedy,R08,S,B,3,paragraph_continuation,low_reliability_or_unassigned,,,,
907,"f108v.35,+P0",f108v,4834,5,qokeedy,H01,S,B,3,paragraph_continuation,low_reliability_or_unassigned,,,,
908,"f108v.35,+P0",f108v,4834,6,chey,R06,S,B,3,paragraph_continuation,reliable_global,stolfi_inspired_signature,NG|S_EY|T_y,global=global,R06
909,"f108v.35,+P0",f108v,4834,7,qokeey,H08,S,B,3,paragraph_continuation,reliable_conditioned,surface_token,qokeey,meta_L=B,H08
910,"f108v.35,+P0",f108v,4834,8,qokeedy,H01,S,B,3,paragraph_continuation,low_reliability_or_unassigned,,,,
911,"f108v.35,+P0",f108v,4834,9,oteedy,R01,S,B,3,paragraph_continuation,low_reliability_or_unassigned,,,,
912,"f108v.35,+P0",f108v,4834,10,lchedam,R00,S,B,3,paragraph_continuation,low_reliability_or_unassigned,,,,
913,"f108v.49,+P0",f108v,4848,1,saiin,R06,S,B,3,paragraph_continuation,reliable_conditioned,surface_token,saiin,meta_L=B,R06
914,"f108v.49,+P0",f108v,4848,2,okain,R10,S,B,3,paragraph_continuation,reliable_global,surface_token,okain,global=global,R10
915,"f108v.49,+P0",f108v,4848,3,cheey,R06,S,B,3,paragraph_continuation,reliable_global,stolfi_inspired_signature,NG|S_EY|T_ey,global=global,R06
916,"f108v.49,+P0",f108v,4848,4,lkaiin,R00,S,B,3,paragraph_continuation,low_reliability_or_unassigned,,,,
917,"f108v.49,+P0",f108v,4848,5,cheal,R00,S,B,3,paragraph_continuation,low_reliability_or_unassigned,,,,
918,"f108v.49,+P0",f108v,4848,6,cheol,R00,S,B,3,paragraph_continuation,low_reliability_or_unassigned,,,,
919,"f108v.49,+P0",f108v,4848,7,keear,R06,S,B,3,paragraph_continuation,low_reliability_or_unassigned,,,,
920,"f108v.49,+P0",f108v,4848,8,qokeedy,H01,S,B,3,paragraph_continuation,low_reliability_or_unassigned,,,,
921,"f108v.49,+P0",f108v,4848,9,qokeey,H08,S,B,3,paragraph_continuation,reliable_conditioned,surface_token,qokeey,meta_L=B,H08
922,"f108v.49,+P0",f108v,4848,10,checkhedy,R00,S,B,3,paragraph_continuation,low_reliability_or_unassigned,,,,
923,"f108v.49,+P0",f108v,4848,11,qokal,H08,S,B,3,paragraph_continuation,low_reliability_or_unassigned,,,,
924,"f108v.49,+P0",f108v,4848,12,oam,R00,S,B,3,paragraph_continuation,low_reliability_or_unassigned,,,,
925,"f108v.52,+P0",f108v,4851,1,saiin,R06,S,B,3,paragraph_continuation,reliable_conditioned,surface_token,saiin,meta_L=B,R06
926,"f108v.52,+P0",f108v,4851,2,cheol,R00,S,B,3,paragraph_continuation,low_reliability_or_unassigned,,,,
927,"f108v.52,+P0",f108v,4851,3,qokeedy,H01,S,B,3,paragraph_continuation,low_reliability_or_unassigned,,,,
928,"f108v.52,+P0",f108v,4851,4,qokeedy,H01,S,B,3,paragraph_continuation,low_reliability_or_unassigned,,,,
929,"f108v.52,+P0",f108v,4851,5,chedy,R02,S,B,3,paragraph_continuation,reliable_conditioned,surface_token,chedy,meta_L=B,R02
930,"f108v.52,+P0",f108v,4851,6,qokeey,H08,S,B,3,paragraph_continuation,reliable_conditioned,surface_token,qokeey,meta_L=B,H08
931,"f108v.52,+P0",f108v,4851,7,cheal,R00,S,B,3,paragraph_continuation,low_reliability_or_unassigned,,,,
932,"f108v.52,+P0",f108v,4851,8,llchey,R00,S,B,3,paragraph_continuation,low_reliability_or_unassigned,,,,
933,"f108v.52,+P0",f108v,4851,9,daiin,R10,S,B,3,paragraph_continuation,good_but_not_reliable_enough,surface_token,daiin,global=global,R10
934,"f108v.52,+P0",f108v,4851,10,okeey,R06,S,B,3,paragraph_continuation,low_reliability_or_unassigned,,,,
935,"f108v.52,+P0",f108v,4851,11,qokeey,H08,S,B,3,paragraph_continuation,reliable_conditioned,surface_token,qokeey,meta_L=B,H08
936,"f108v.6,+P0",f108v,4805,1,oeeedain,R00,S,B,3,paragraph_continuation,low_reliability_or_unassigned,,,,
937,"f108v.6,+P0",f108v,4805,2,chey,R06,S,B,3,paragraph_continuation,reliable_global,stolfi_inspired_signature,NG|S_EY|T_y,global=global,R06
938,"f108v.6,+P0",f108v,4805,3,lokeey,R00,S,B,3,paragraph_continuation,low_reliability_or_unassigned,,,,
939,"f108v.6,+P0",f108v,4805,4,lchedy,R00,S,B,3,paragraph_continuation,reliable_conditioned,broad_shape,LB|edy,meta_L=B,R00
940,"f108v.6,+P0",f108v,4805,5,loety,R00,S,B,3,paragraph_continuation,low_reliability_or_unassigned,,,,
941,"f108v.6,+P0",f108v,4805,6,qokeedy,H01,S,B,3,paragraph_continuation,low_reliability_or_unassigned,,,,
942,"f108v.6,+P0",f108v,4805,7,qokeey,H08,S,B,3,paragraph_continuation,reliable_conditioned,surface_token,qokeey,meta_L=B,H08
943,"f108v.6,+P0",f108v,4805,8,qokar,R03,S,B,3,paragraph_continuation,reliable_conditioned,surface_token,qokar,meta_L=B,R03
944,"f108v.6,+P0",f108v,4805,9,okeedy,R00,S,B,3,paragraph_continuation,reliable_conditioned,surface_token,okeedy,meta_L=B,R00
945,"f108v.6,+P0",f108v,4805,10,kedarxy,R00,S,B,3,paragraph_continuation,low_reliability_or_unassigned,,,,
946,"f10r.4,+P0",f10r,253,1,sor,R06,H,A,1,paragraph_continuation,low_reliability_or_unassigned,,,,
947,"f10r.4,+P0",f10r,253,2,chaiin,R00,H,A,1,paragraph_continuation,low_reliability_or_unassigned,,,,
948,"f10r.4,+P0",f10r,253,3,chcthy,R04,H,A,1,paragraph_continuation,low_reliability_or_unassigned,,,,
949,"f10r.4,+P0",f10r,253,4,cthockhy,R04,H,A,1,paragraph_continuation,low_reliability_or_unassigned,,,,
950,"f10r.4,+P0",f10r,253,5,or,R06,H,A,1,paragraph_continuation,reliable_global,surface_token,or,global=global,R06
951,"f10r.4,+P0",f10r,253,6,aiin,R06,H,A,1,paragraph_continuation,reliable_environment_sensitive,surface_token,aiin,global=global,R06
952,"f10r.4,+P0",f10r,253,7,chtchor,R00,H,A,1,paragraph_continuation,low_reliability_or_unassigned,,,,
953,"f10r.4,+P0",f10r,253,8,do,R06,H,A,1,paragraph_continuation,low_reliability_or_unassigned,,,,
954,"f10r.4,+P0",f10r,253,9,ody,R00,H,A,1,paragraph_continuation,low_reliability_or_unassigned,,,,
955,"f10r.5,+P0",f10r,254,1,qokchy,H08,H,A,1,paragraph_continuation,low_reliability_or_unassigned,,,,
956,"f10r.5,+P0",f10r,254,2,qotchol,H13,H,A,1,paragraph_continuation,low_reliability_or_unassigned,,,,
957,"f10r.5,+P0",f10r,254,3,chol,R07,H,A,1,paragraph_continuation,low_reliability_or_unassigned,,,,
958,"f10r.5,+P0",f10r,254,4,cthy,R04,H,A,1,paragraph_continuation,low_reliability_or_unassigned,,,,
959,"f10r.9,+P0",f10r,258,1,oykchor,R00,H,A,1,paragraph_continuation,low_reliability_or_unassigned,,,,
960,"f10r.9,+P0",f10r,258,2,shor,R06,H,A,1,paragraph_continuation,low_reliability_or_unassigned,,,,
961,"f10r.9,+P0",f10r,258,3,chor,R11,H,A,1,paragraph_continuation,low_reliability_or_unassigned,,,,
962,"f10r.9,+P0",f10r,258,4,chy,R00,H,A,1,paragraph_continuation,reliable_global,stolfi_inspired_signature,NG|S_BY|T_y,global=global,R00
963,"f10r.9,+P0",f10r,258,5,kaiiin,R06,H,A,1,paragraph_continuation,low_reliability_or_unassigned,,,,
964,"f10r.9,+P0",f10r,258,6,dy,R02,H,A,1,paragraph_continuation,low_reliability_or_unassigned,,,,
965,"f10r.9,+P0",f10r,258,7,chodaiin,R00,H,A,1,paragraph_continuation,low_reliability_or_unassigned,,,,
966,"f10v.2,+P0",f10v,263,1,dain,R06,H,A,1,paragraph_continuation,reliable_global,stolfi_inspired_signature,NG|S_OEL|T_in,global=global,R06
967,"f10v.2,+P0",f10v,263,2,daiin,R10,H,A,1,paragraph_continuation,reliable_conditioned,surface_token,daiin,meta_L=A,R10
968,"f10v.2,+P0",f10v,263,3,ckhy,R00,H,A,1,paragraph_continuation,good_but_not_reliable_enough,conservative_morphology,ckh|y|XGX,meta_I=H,R00
969,"f10v.2,+P0",f10v,263,4,chcthor,R04,H,A,1,paragraph_continuation,low_reliability_or_unassigned,,,,
970,"f10v.2,+P0",f10v,263,5,choiin,R00,H,A,1,paragraph_continuation,low_reliability_or_unassigned,,,,
971,"f10v.2,+P0",f10v,263,6,qot,H13,H,A,1,paragraph_continuation,low_reliability_or_unassigned,,,,
972,"f10v.2,+P0",f10v,263,7,chodaiin,R00,H,A,1,paragraph_continuation,low_reliability_or_unassigned,,,,
973,"f10v.2,+P0",f10v,263,8,cthy,R04,H,A,1,paragraph_continuation,low_reliability_or_unassigned,,,,
974,"f10v.2,+P0",f10v,263,9,daiin,R10,H,A,1,paragraph_continuation,reliable_conditioned,surface_token,daiin,meta_L=A,R10
975,"f10v.7,+P0",f10v,268,1,qokol,H08,H,A,1,paragraph_continuation,low_reliability_or_unassigned,,,,
976,"f10v.7,+P0",f10v,268,2,chyky,R00,H,A,1,paragraph_continuation,low_reliability_or_unassigned,,,,
977,"f10v.7,+P0",f10v,268,3,cholcheky,R07,H,A,1,paragraph_continuation,low_reliability_or_unassigned,,,,
978,"f10v.7,+P0",f10v,268,4,daiin,R10,H,A,1,paragraph_continuation,reliable_conditioned,surface_token,daiin,meta_L=A,R10
979,"f10v.7,+P0",f10v,268,5,dain,R06,H,A,1,paragraph_continuation,reliable_global,stolfi_inspired_signature,NG|S_OEL|T_in,global=global,R06
980,"f10v.7,+P0",f10v,268,6,chckhan,R00,H,A,1,paragraph_continuation,low_reliability_or_unassigned,,,,
981,"f111r.1,@P0",f111r,4853,1,kcholchdar,R00,S,B,3,paragraph_start,low_reliability_or_unassigned,,,,
982,"f111r.1,@P0",f111r,4853,2,shar,R06,S,B,3,paragraph_start,low_reliability_or_unassigned,,,,
983,"f111r.1,@P0",f111r,4853,3,aiip,R00,S,B,3,paragraph_start,low_reliability_or_unassigned,,,,
984,"f111r.1,@P0",f111r,4853,4,chepchedy,R00,S,B,3,paragraph_start,low_reliability_or_unassigned,,,,
985,"f111r.1,@P0",f111r,4853,5,chetalshy,R00,S,B,3,paragraph_start,low_reliability_or_unassigned,,,,
986,"f111r.1,@P0",f111r,4853,6,sheek,R06,S,B,3,paragraph_start,low_reliability_or_unassigned,,,,
987,"f111r.1,@P0",f111r,4853,7,shear,R06,S,B,3,paragraph_start,low_reliability_or_unassigned,,,,
988,"f111r.1,@P0",f111r,4853,8,shey,R06,S,B,3,paragraph_start,reliable_global,stolfi_inspired_signature,NG|S_EY|T_y,global=global,R06
989,"f111r.1,@P0",f111r,4853,9,ror,R00,S,B,3,paragraph_start,good_but_not_reliable_enough,broad_shape,L|or,global=global,R00
990,"f111r.1,@P0",f111r,4853,10,am,R06,S,B,3,paragraph_start,low_reliability_or_unassigned,,,,
991,"f111r.1,@P0",f111r,4853,11,shey,R06,S,B,3,paragraph_start,reliable_global,stolfi_inspired_signature,NG|S_EY|T_y,global=global,R06
992,"f111r.10,+P0",f111r,4862,1,ykeedaiin,R10,S,B,3,paragraph_continuation,low_reliability_or_unassigned,,,,
993,"f111r.10,+P0",f111r,4862,2,shekain,R00,S,B,3,paragraph_continuation,low_reliability_or_unassigned,,,,
994,"f111r.10,+P0",f111r,4862,3,shedy,R06,S,B,3,paragraph_continuation,reliable_conditioned,surface_token,shedy,meta_L=B,R06
995,"f111r.10,+P0",f111r,4862,4,qokear,H08,S,B,3,paragraph_continuation,low_reliability_or_unassigned,,,,
996,"f111r.10,+P0",f111r,4862,5,ochey,R00,S,B,3,paragraph_continuation,low_reliability_or_unassigned,,,,
997,"f111r.10,+P0",f111r,4862,6,reeey,R00,S,B,3,paragraph_continuation,low_reliability_or_unassigned,,,,
998,"f111r.10,+P0",f111r,4862,7,qokeey,H08,S,B,3,paragraph_continuation,reliable_conditioned,surface_token,qokeey,meta_L=B,H08
999,"f111r.10,+P0",f111r,4862,8,olaiiin,R00,S,B,3,paragraph_continuation,low_reliability_or_unassigned,,,,
1000,"f111r.10,+P0",f111r,4862,9,chedy,R02,S,B,3,paragraph_continuation,reliable_conditioned,surface_token,chedy,meta_L=B,R02
1001,"f111r.10,+P0",f111r,4862,10,lkeeody,R00,S,B,3,paragraph_continuation,low_reliability_or_unassigned,,,,
1002,"f111r.10,+P0",f111r,4862,11,oraiin,R10,S,B,3,paragraph_continuation,low_reliability_or_unassigned,,,,
1003,"f111r.10,+P0",f111r,4862,12,oty,R01,S,B,3,paragraph_continuation,low_reliability_or_unassigned,,,,
1004,"f111r.12,+P0",f111r,4864,1,dsheeo,R06,S,B,3,paragraph_continuation,low_reliability_or_unassigned,,,,
1005,"f111r.12,+P0",f111r,4864,2,qokeedy,H01,S,B,3,paragraph_continuation,low_reliability_or_unassigned,,,,
1006,"f111r.12,+P0",f111r,4864,3,otchedey,R00,S,B,3,paragraph_continuation,low_reliability_or_unassigned,,,,
1007,"f111r.12,+P0",f111r,4864,4,lshey,R00,S,B,3,paragraph_continuation,low_reliability_or_unassigned,,,,
1008,"f111r.12,+P0",f111r,4864,5,lkeedy,R00,S,B,3,paragraph_continuation,low_reliability_or_unassigned,,,,
1009,"f111r.12,+P0",f111r,4864,6,oteey,R01,S,B,3,paragraph_continuation,low_reliability_or_unassigned,,,,
1010,"f111r.12,+P0",f111r,4864,7,qokeedy,H01,S,B,3,paragraph_continuation,low_reliability_or_unassigned,,,,
1011,"f111r.12,+P0",f111r,4864,8,oteolair,R01,S,B,3,paragraph_continuation,low_reliability_or_unassigned,,,,
1012,"f111r.12,+P0",f111r,4864,9,ar,R06,S,B,3,paragraph_continuation,reliable_global,surface_token,ar,global=global,R06
1013,"f111r.12,+P0",f111r,4864,10,shedam,R06,S,B,3,paragraph_continuation,low_reliability_or_unassigned,,,,
1014,"f111r.12,+P0",f111r,4864,11,cheam,R00,S,B,3,paragraph_continuation,low_reliability_or_unassigned,,,,
1015,"f111r.17,+P0",f111r,4869,1,otes,R01,S,B,3,paragraph_continuation,low_reliability_or_unassigned,,,,
1016,"f111r.17,+P0",f111r,4869,2,lchey,R00,S,B,3,paragraph_continuation,low_reliability_or_unassigned,,,,
1017,"f111r.17,+P0",f111r,4869,3,lshedy,R00,S,B,3,paragraph_continuation,reliable_conditioned,broad_shape,LB|edy,meta_L=B,R00
1018,"f111r.17,+P0",f111r,4869,4,qoteedy,H01,S,B,3,paragraph_continuation,low_reliability_or_unassigned,,,,
1019,"f111r.17,+P0",f111r,4869,5,olcheody,R00,S,B,3,paragraph_continuation,low_reliability_or_unassigned,,,,
1020,"f111r.17,+P0",f111r,4869,6,qokeey,H08,S,B,3,paragraph_continuation,reliable_conditioned,surface_token,qokeey,meta_L=B,H08
1021,"f111r.17,+P0",f111r,4869,7,chey,R06,S,B,3,paragraph_continuation,reliable_global,stolfi_inspired_signature,NG|S_EY|T_y,global=global,R06
1022,"f111r.17,+P0",f111r,4869,8,kal,R06,S,B,3,paragraph_continuation,low_reliability_or_unassigned,,,,
1023,"f111r.17,+P0",f111r,4869,9,chekeedy,R00,S,B,3,paragraph_continuation,low_reliability_or_unassigned,,,,
1024,"f111r.17,+P0",f111r,4869,10,oteed,R01,S,B,3,paragraph_continuation,low_reliability_or_unassigned,,,,
1025,"f111r.17,+P0",f111r,4869,11,keedy,R06,S,B,3,paragraph_continuation,low_reliability_or_unassigned,,,,
1026,"f111r.17,+P0",f111r,4869,12,otam,R06,S,B,3,paragraph_continuation,low_reliability_or_unassigned,,,,
1027,"f111r.18,+P0",f111r,4870,1,daiin,R10,S,B,3,paragraph_continuation,good_but_not_reliable_enough,surface_token,daiin,global=global,R10
1028,"f111r.18,+P0",f111r,4870,2,shecthey,R00,S,B,3,paragraph_continuation,low_reliability_or_unassigned,,,,
1029,"f111r.18,+P0",f111r,4870,3,oteody,R01,S,B,3,paragraph_continuation,low_reliability_or_unassigned,,,,
1030,"f111r.18,+P0",f111r,4870,4,qochey,H07,S,B,3,paragraph_continuation,low_reliability_or_unassigned,,,,
1031,"f111r.18,+P0",f111r,4870,5,qokeey,H08,S,B,3,paragraph_continuation,reliable_conditioned,surface_token,qokeey,meta_L=B,H08
1032,"f111r.18,+P0",f111r,4870,6,chey,R06,S,B,3,paragraph_continuation,reliable_global,stolfi_inspired_signature,NG|S_EY|T_y,global=global,R06
1033,"f111r.18,+P0",f111r,4870,7,teey,R06,S,B,3,paragraph_continuation,low_reliability_or_unassigned,,,,
1034,"f111r.18,+P0",f111r,4870,8,qokeedy,H01,S,B,3,paragraph_continuation,low_reliability_or_unassigned,,,,
1035,"f111r.18,+P0",f111r,4870,9,qokeedy,H01,S,B,3,paragraph_continuation,low_reliability_or_unassigned,,,,
1036,"f111r.18,+P0",f111r,4870,10,cheol,R00,S,B,3,paragraph_continuation,low_reliability_or_unassigned,,,,
1037,"f111r.18,+P0",f111r,4870,11,lokeedy,R00,S,B,3,paragraph_continuation,low_reliability_or_unassigned,,,,
1038,"f111r.18,+P0",f111r,4870,12,lched,R00,S,B,3,paragraph_continuation,low_reliability_or_unassigned,,,,
1039,"f111r.23,+P0",f111r,4875,1,dshey,R06,S,B,3,paragraph_continuation,low_reliability_or_unassigned,,,,
1040,"f111r.23,+P0",f111r,4875,2,sheeckhy,R00,S,B,3,paragraph_continuation,good_but_not_reliable_enough,broad_shape,EXGX|y,global=global,R00
1041,"f111r.23,+P0",f111r,4875,3,qokeshey,H08,S,B,3,paragraph_continuation,low_reliability_or_unassigned,,,,
1042,"f111r.23,+P0",f111r,4875,4,keeshody,R00,S,B,3,paragraph_continuation,low_reliability_or_unassigned,,,,
1043,"f111r.23,+P0",f111r,4875,5,qokeey,H08,S,B,3,paragraph_continuation,reliable_conditioned,surface_token,qokeey,meta_L=B,H08
1044,"f111r.23,+P0",f111r,4875,6,qokedy,H12,S,B,3,paragraph_continuation,reliable_conditioned,surface_token,qokedy,meta_L=B,H12
1045,"f111r.23,+P0",f111r,4875,7,okain,R10,S,B,3,paragraph_continuation,reliable_global,surface_token,okain,global=global,R10
1046,"f111r.23,+P0",f111r,4875,8,shekal,R06,S,B,3,paragraph_continuation,low_reliability_or_unassigned,,,,
1047,"f111r.23,+P0",f111r,4875,9,okechedy,R00,S,B,3,paragraph_continuation,low_reliability_or_unassigned,,,,
1048,"f111r.23,+P0",f111r,4875,10,qokechedy,R00,S,B,3,paragraph_continuation,low_reliability_or_unassigned,,,,
1049,"f111r.26,+P0",f111r,4878,1,soaiin,R06,S,B,3,paragraph_continuation,low_reliability_or_unassigned,,,,
1050,"f111r.26,+P0",f111r,4878,2,shecthy,R00,S,B,3,paragraph_continuation,good_but_not_reliable_enough,broad_shape,EXGX|y,global=global,R00
1051,"f111r.26,+P0",f111r,4878,3,oteodaiin,R01,S,B,3,paragraph_continuation,low_reliability_or_unassigned,,,,
1052,"f111r.26,+P0",f111r,4878,4,chedy,R02,S,B,3,paragraph_continuation,reliable_conditioned,surface_token,chedy,meta_L=B,R02
1053,"f111r.26,+P0",f111r,4878,5,otedar,R01,S,B,3,paragraph_continuation,low_reliability_or_unassigned,,,,
1054,"f111r.26,+P0",f111r,4878,6,airykeey,R00,S,B,3,paragraph_continuation,low_reliability_or_unassigned,,,,
1055,"f111r.26,+P0",f111r,4878,7,shedain,R00,S,B,3,paragraph_continuation,low_reliability_or_unassigned,,,,
1056,"f111r.26,+P0",f111r,4878,8,l,R06,S,B,3,paragraph_continuation,good_but_not_reliable_enough,surface_token,l,global=global,R06
1057,"f111r.26,+P0",f111r,4878,9,chedy,R02,S,B,3,paragraph_continuation,reliable_conditioned,surface_token,chedy,meta_L=B,R02
1058,"f111r.26,+P0",f111r,4878,10,qokeedy,H01,S,B,3,paragraph_continuation,low_reliability_or_unassigned,,,,
1059,"f111r.26,+P0",f111r,4878,11,qoteedaiin,H13,S,B,3,paragraph_continuation,low_reliability_or_unassigned,,,,
1060,"f111r.29,+P0",f111r,4881,1,salkeedy,R00,S,B,3,paragraph_continuation,low_reliability_or_unassigned,,,,
1061,"f111r.29,+P0",f111r,4881,2,lkeedy,R00,S,B,3,paragraph_continuation,low_reliability_or_unassigned,,,,
1062,"f111r.29,+P0",f111r,4881,3,chckhy,R00,S,B,3,paragraph_continuation,reliable_environment_sensitive,surface_token,chckhy,global=global,R00
1063,"f111r.29,+P0",f111r,4881,4,rky,R00,S,B,3,paragraph_continuation,low_reliability_or_unassigned,,,,
1064,"f111r.29,+P0",f111r,4881,5,chey,R06,S,B,3,paragraph_continuation,reliable_global,stolfi_inspired_signature,NG|S_EY|T_y,global=global,R06
1065,"f111r.29,+P0",f111r,4881,6,okeeo,R00,S,B,3,paragraph_continuation,low_reliability_or_unassigned,,,,
1066,"f111r.29,+P0",f111r,4881,7,chr,R00,S,B,3,paragraph_continuation,low_reliability_or_unassigned,,,,
1067,"f111r.29,+P0",f111r,4881,8,al,R06,S,B,3,paragraph_continuation,reliable_environment_sensitive,surface_token,al,global=global,R06
1068,"f111r.29,+P0",f111r,4881,9,ar,R06,S,B,3,paragraph_continuation,reliable_global,surface_token,ar,global=global,R06
1069,"f111r.29,+P0",f111r,4881,10,qokeedy,H01,S,B,3,paragraph_continuation,low_reliability_or_unassigned,,,,
1070,"f111r.29,+P0",f111r,4881,11,qokedy,H12,S,B,3,paragraph_continuation,reliable_conditioned,surface_token,qokedy,meta_L=B,H12
1071,"f111r.29,+P0",f111r,4881,12,qoteedy,H01,S,B,3,paragraph_continuation,low_reliability_or_unassigned,,,,
1072,"f111r.29,+P0",f111r,4881,13,qod,R00,S,B,3,paragraph_continuation,low_reliability_or_unassigned,,,,
1073,"f111r.3,+P0",f111r,4855,1,dsheedy,R00,S,B,3,paragraph_continuation,low_reliability_or_unassigned,,,,
1074,"f111r.3,+P0",f111r,4855,2,lkeedy,R00,S,B,3,paragraph_continuation,low_reliability_or_unassigned,,,,
1075,"f111r.3,+P0",f111r,4855,3,chckhy,R00,S,B,3,paragraph_continuation,reliable_environment_sensitive,surface_token,chckhy,global=global,R00
1076,"f111r.3,+P0",f111r,4855,4,lchedy,R00,S,B,3,paragraph_continuation,reliable_conditioned,broad_shape,LB|edy,meta_L=B,R00
1077,"f111r.3,+P0",f111r,4855,5,qokeey,H08,S,B,3,paragraph_continuation,reliable_conditioned,surface_token,qokeey,meta_L=B,H08
1078,"f111r.3,+P0",f111r,4855,6,qokear,H08,S,B,3,paragraph_continuation,low_reliability_or_unassigned,,,,
1079,"f111r.3,+P0",f111r,4855,7,chal,R00,S,B,3,paragraph_continuation,low_reliability_or_unassigned,,,,
1080,"f111r.3,+P0",f111r,4855,8,qokeear,H08,S,B,3,paragraph_continuation,low_reliability_or_unassigned,,,,
1081,"f111r.3,+P0",f111r,4855,9,cheokedy,R00,S,B,3,paragraph_continuation,low_reliability_or_unassigned,,,,
1082,"f111r.3,+P0",f111r,4855,10,sal,R06,S,B,3,paragraph_continuation,low_reliability_or_unassigned,,,,
1083,"f111r.3,+P0",f111r,4855,11,lokam,R00,S,B,3,paragraph_continuation,low_reliability_or_unassigned,,,,
1084,"f111r.34,+P0",f111r,4886,1,teo,R06,S,B,3,paragraph_continuation,low_reliability_or_unassigned,,,,
1085,"f111r.34,+P0",f111r,4886,2,olkeeo,R00,S,B,3,paragraph_continuation,low_reliability_or_unassigned,,,,
1086,"f111r.34,+P0",f111r,4886,3,al,R06,S,B,3,paragraph_continuation,reliable_environment_sensitive,surface_token,al,global=global,R06
1087,"f111r.34,+P0",f111r,4886,4,lkeeey,R00,S,B,3,paragraph_continuation,good_but_not_reliable_enough,stolfi_inspired_signature,G_k|S_LGEY|T_eey,global=global,R00
1088,"f111r.34,+P0",f111r,4886,5,olain,R00,S,B,3,paragraph_continuation,reliable_global,stolfi_inspired_signature,NG|S_OEL|T_in,global=global,R06
1089,"f111r.34,+P0",f111r,4886,6,ar,R06,S,B,3,paragraph_continuation,reliable_global,surface_token,ar,global=global,R06
1090,"f111r.34,+P0",f111r,4886,7,akeom,R00,S,B,3,paragraph_continuation,low_reliability_or_unassigned,,,,
1091,"f111r.34,+P0",f111r,4886,8,qokain,H08,S,B,3,paragraph_continuation,low_reliability_or_unassigned,,,,
1092,"f111r.34,+P0",f111r,4886,9,al,R06,S,B,3,paragraph_continuation,reliable_environment_sensitive,surface_token,al,global=global,R06
1093,"f111r.34,+P0",f111r,4886,10,qokeeod,H08,S,B,3,paragraph_continuation,low_reliability_or_unassigned,,,,
1094,"f111r.34,+P0",f111r,4886,11,lkedlkey,R00,S,B,3,paragraph_continuation,low_reliability_or_unassigned,,,,
1095,"f111r.34,+P0",f111r,4886,12,teedar,R06,S,B,3,paragraph_continuation,low_reliability_or_unassigned,,,,
1096,"f111r.38,+P0",f111r,4890,1,dched,R06,S,B,3,paragraph_continuation,low_reliability_or_unassigned,,,,
1097,"f111r.38,+P0",f111r,4890,2,daiin,R10,S,B,3,paragraph_continuation,good_but_not_reliable_enough,surface_token,daiin,global=global,R10
1098,"f111r.38,+P0",f111r,4890,3,al,R06,S,B,3,paragraph_continuation,reliable_environment_sensitive,surface_token,al,global=global,R06
1099,"f111r.38,+P0",f111r,4890,4,okeey,R06,S,B,3,paragraph_continuation,low_reliability_or_unassigned,,,,
1100,"f111r.38,+P0",f111r,4890,5,kechedy,R00,S,B,3,paragraph_continuation,low_reliability_or_unassigned,,,,
1101,"f111r.38,+P0",f111r,4890,6,chcthedy,R04,S,B,3,paragraph_continuation,low_reliability_or_unassigned,,,,
1102,"f111r.38,+P0",f111r,4890,7,chedain,R00,S,B,3,paragraph_continuation,low_reliability_or_unassigned,,,,
1103,"f111r.38,+P0",f111r,4890,8,otedy,R01,S,B,3,paragraph_continuation,reliable_conditioned,surface_token,otedy,meta_L=B,R01
1104,"f111r.38,+P0",f111r,4890,9,qokeedykey,H08,S,B,3,paragraph_continuation,low_reliability_or_unassigned,,,,
1105,"f111r.38,+P0",f111r,4890,10,l,R06,S,B,3,paragraph_continuation,good_but_not_reliable_enough,surface_token,l,global=global,R06
1106,"f111r.38,+P0",f111r,4890,11,ltain,R00,S,B,3,paragraph_continuation,low_reliability_or_unassigned,,,,
1107,"f111r.41,+P0",f111r,4893,1,ycheey,R06,S,B,3,paragraph_continuation,low_reliability_or_unassigned,,,,
1108,"f111r.41,+P0",f111r,4893,2,raiin,R00,S,B,3,paragraph_continuation,low_reliability_or_unassigned,,,,
1109,"f111r.41,+P0",f111r,4893,3,cheody,R00,S,B,3,paragraph_continuation,low_reliability_or_unassigned,,,,
1110,"f111r.41,+P0",f111r,4893,4,qokechy,H08,S,B,3,paragraph_continuation,low_reliability_or_unassigned,,,,
1111,"f111r.41,+P0",f111r,4893,5,qokeey,H08,S,B,3,paragraph_continuation,reliable_conditioned,surface_token,qokeey,meta_L=B,H08
1112,"f111r.41,+P0",f111r,4893,6,okedy,R00,S,B,3,paragraph_continuation,reliable_conditioned,surface_token,okedy,meta_L=B,R00
1113,"f111r.41,+P0",f111r,4893,7,lchedy,R00,S,B,3,paragraph_continuation,reliable_conditioned,broad_shape,LB|edy,meta_L=B,R00
1114,"f111r.41,+P0",f111r,4893,8,qokeeal,H08,S,B,3,paragraph_continuation,low_reliability_or_unassigned,,,,
1115,"f111r.41,+P0",f111r,4893,9,daiin,R10,S,B,3,paragraph_continuation,good_but_not_reliable_enough,surface_token,daiin,global=global,R10
1116,"f111r.41,+P0",f111r,4893,10,otaral,R00,S,B,3,paragraph_continuation,low_reliability_or_unassigned,,,,
1117,"f111r.43,+P0",f111r,4895,1,okeedy,R00,S,B,3,paragraph_continuation,reliable_conditioned,surface_token,okeedy,meta_L=B,R00
1118,"f111r.43,+P0",f111r,4895,2,lkeedy,R00,S,B,3,paragraph_continuation,low_reliability_or_unassigned,,,,
1119,"f111r.43,+P0",f111r,4895,3,lkedar,R00,S,B,3,paragraph_continuation,low_reliability_or_unassigned,,,,
1120,"f111r.43,+P0",f111r,4895,4,okeedy,R00,S,B,3,paragraph_continuation,reliable_conditioned,surface_token,okeedy,meta_L=B,R00
1121,"f111r.43,+P0",f111r,4895,5,chedy,R02,S,B,3,paragraph_continuation,reliable_conditioned,surface_token,chedy,meta_L=B,R02
1122,"f111r.45,+P0",f111r,4897,1,oain,R00,S,B,3,paragraph_continuation,reliable_global,stolfi_inspired_signature,NG|S_OEL|T_in,global=global,R06
1123,"f111r.45,+P0",f111r,4897,2,ain,R06,S,B,3,paragraph_continuation,reliable_global,stolfi_inspired_signature,NG|S_OEL|T_in,global=global,R06
1124,"f111r.45,+P0",f111r,4897,3,keeey,R06,S,B,3,paragraph_continuation,low_reliability_or_unassigned,,,,
1125,"f111r.45,+P0",f111r,4897,4,teed,R06,S,B,3,paragraph_continuation,low_reliability_or_unassigned,,,,
1126,"f111r.45,+P0",f111r,4897,5,checkhed,R00,S,B,3,paragraph_continuation,low_reliability_or_unassigned,,,,
1127,"f111r.45,+P0",f111r,4897,6,iir,R00,S,B,3,paragraph_continuation,low_reliability_or_unassigned,,,,
1128,"f111r.45,+P0",f111r,4897,7,okeey,R06,S,B,3,paragraph_continuation,low_reliability_or_unassigned,,,,
1129,"f111r.45,+P0",f111r,4897,8,lkeeey,R00,S,B,3,paragraph_continuation,good_but_not_reliable_enough,stolfi_inspired_signature,G_k|S_LGEY|T_eey,global=global,R00
1130,"f111r.45,+P0",f111r,4897,9,okeeolkeey,R00,S,B,3,paragraph_continuation,low_reliability_or_unassigned,,,,
1131,"f111r.45,+P0",f111r,4897,10,lkeey,R00,S,B,3,paragraph_continuation,good_but_not_reliable_enough,stolfi_inspired_signature,G_k|S_LGEY|T_eey,global=global,R00
1132,"f111r.45,+P0",f111r,4897,11,lkeedy,R00,S,B,3,paragraph_continuation,low_reliability_or_unassigned,,,,
1133,"f111r.45,+P0",f111r,4897,12,qoky,H01,S,B,3,paragraph_continuation,low_reliability_or_unassigned,,,,
1134,"f111r.47,+P0",f111r,4899,1,sheedy,R06,S,B,3,paragraph_continuation,reliable_environment_sensitive,surface_token,sheedy,global=global,R06
1135,"f111r.47,+P0",f111r,4899,2,qokeey,H08,S,B,3,paragraph_continuation,reliable_conditioned,surface_token,qokeey,meta_L=B,H08
1136,"f111r.47,+P0",f111r,4899,3,sheey,R06,S,B,3,paragraph_continuation,reliable_global,stolfi_inspired_signature,NG|S_EY|T_ey,global=global,R06
1137,"f111r.47,+P0",f111r,4899,4,qoteedy,H01,S,B,3,paragraph_continuation,low_reliability_or_unassigned,,,,
1138,"f111r.47,+P0",f111r,4899,5,qeear,R00,S,B,3,paragraph_continuation,low_reliability_or_unassigned,,,,
1139,"f111r.47,+P0",f111r,4899,6,al,R06,S,B,3,paragraph_continuation,reliable_environment_sensitive,surface_token,al,global=global,R06
1140,"f111r.47,+P0",f111r,4899,7,chedy,R02,S,B,3,paragraph_continuation,reliable_conditioned,surface_token,chedy,meta_L=B,R02
1141,"f111r.47,+P0",f111r,4899,8,okeey,R06,S,B,3,paragraph_continuation,low_reliability_or_unassigned,,,,
1142,"f111r.47,+P0",f111r,4899,9,chedy,R02,S,B,3,paragraph_continuation,reliable_conditioned,surface_token,chedy,meta_L=B,R02
1143,"f111r.48,+P0",f111r,4900,1,poeokeey,R00,S,B,3,paragraph_continuation,low_reliability_or_unassigned,,,,
1144,"f111r.48,+P0",f111r,4900,2,lkeedy,R00,S,B,3,paragraph_continuation,low_reliability_or_unassigned,,,,
1145,"f111r.48,+P0",f111r,4900,3,tedain,R06,S,B,3,paragraph_continuation,low_reliability_or_unassigned,,,,
1146,"f111r.48,+P0",f111r,4900,4,shecthy,R00,S,B,3,paragraph_continuation,good_but_not_reliable_enough,broad_shape,EXGX|y,global=global,R00
1147,"f111r.48,+P0",f111r,4900,5,qokeedy,H01,S,B,3,paragraph_continuation,low_reliability_or_unassigned,,,,
1148,"f111r.48,+P0",f111r,4900,6,chckhy,R00,S,B,3,paragraph_continuation,reliable_environment_sensitive,surface_token,chckhy,global=global,R00
1149,"f111r.48,+P0",f111r,4900,7,lfchy,R00,S,B,3,paragraph_continuation,low_reliability_or_unassigned,,,,
1150,"f111r.48,+P0",f111r,4900,8,cheal,R00,S,B,3,paragraph_continuation,low_reliability_or_unassigned,,,,
1151,"f111r.48,+P0",f111r,4900,9,chepcham,R00,S,B,3,paragraph_continuation,low_reliability_or_unassigned,,,,
1152,"f111r.48,+P0",f111r,4900,10,daim,R06,S,B,3,paragraph_continuation,low_reliability_or_unassigned,,,,
1153,"f111r.49,+P0",f111r,4901,1,dcheey,R06,S,B,3,paragraph_continuation,low_reliability_or_unassigned,,,,
1154,"f111r.49,+P0",f111r,4901,2,keeey,R06,S,B,3,paragraph_continuation,low_reliability_or_unassigned,,,,
1155,"f111r.49,+P0",f111r,4901,3,qockhey,H07,S,B,3,paragraph_continuation,low_reliability_or_unassigned,,,,
1156,"f111r.49,+P0",f111r,4901,4,qokeey,H08,S,B,3,paragraph_continuation,reliable_conditioned,surface_token,qokeey,meta_L=B,H08
1157,"f111r.49,+P0",f111r,4901,5,lchedykeeor,R00,S,B,3,paragraph_continuation,low_reliability_or_unassigned,,,,
1158,"f111r.49,+P0",f111r,4901,6,okeey,R06,S,B,3,paragraph_continuation,low_reliability_or_unassigned,,,,
1159,"f111r.49,+P0",f111r,4901,7,lkeedy,R00,S,B,3,paragraph_continuation,low_reliability_or_unassigned,,,,
1160,"f111r.49,+P0",f111r,4901,8,lkeey,R00,S,B,3,paragraph_continuation,good_but_not_reliable_enough,stolfi_inspired_signature,G_k|S_LGEY|T_eey,global=global,R00
1161,"f111r.49,+P0",f111r,4901,9,qokaiin,H08,S,B,3,paragraph_continuation,reliable_conditioned,surface_token,qokaiin,meta_L=B,H08
1162,"f111r.49,+P0",f111r,4901,10,ol,R06,S,B,3,paragraph_continuation,reliable_environment_sensitive,surface_token,ol,global=global,R06
1163,"f111r.54,+P0",f111r,4906,1,tair,R06,S,B,3,paragraph_continuation,low_reliability_or_unassigned,,,,
1164,"f111r.54,+P0",f111r,4906,2,chckhaiin,R00,S,B,3,paragraph_continuation,low_reliability_or_unassigned,,,,
1165,"f111r.54,+P0",f111r,4906,3,dair,R06,S,B,3,paragraph_continuation,low_reliability_or_unassigned,,,,
1166,"f111r.54,+P0",f111r,4906,4,qokal,H08,S,B,3,paragraph_continuation,low_reliability_or_unassigned,,,,
1167,"f111r.54,+P0",f111r,4906,5,otain,R00,S,B,3,paragraph_continuation,low_reliability_or_unassigned,,,,
1168,"f111r.54,+P0",f111r,4906,6,okal,R07,S,B,3,paragraph_continuation,reliable_global,surface_token,okal,global=global,R07
1169,"f111r.6,+P0",f111r,4858,1,dain,R06,S,B,3,paragraph_continuation,reliable_global,stolfi_inspired_signature,NG|S_OEL|T_in,global=global,R06
1170,"f111r.6,+P0",f111r,4858,2,shedy,R06,S,B,3,paragraph_continuation,reliable_conditioned,surface_token,shedy,meta_L=B,R06
1171,"f111r.6,+P0",f111r,4858,3,qoky,H01,S,B,3,paragraph_continuation,low_reliability_or_unassigned,,,,
1172,"f111r.6,+P0",f111r,4858,4,chedy,R02,S,B,3,paragraph_continuation,reliable_conditioned,surface_token,chedy,meta_L=B,R02
1173,"f111r.6,+P0",f111r,4858,5,qok,H08,S,B,3,paragraph_continuation,low_reliability_or_unassigned,,,,
1174,"f111r.6,+P0",f111r,4858,6,shed,R06,S,B,3,paragraph_continuation,low_reliability_or_unassigned,,,,
1175,"f111r.6,+P0",f111r,4858,7,olchedy,R00,S,B,3,paragraph_continuation,low_reliability_or_unassigned,,,,
1176,"f111r.6,+P0",f111r,4858,8,qokeedy,H01,S,B,3,paragraph_continuation,low_reliability_or_unassigned,,,,
1177,"f111r.6,+P0",f111r,4858,9,teedy,R06,S,B,3,paragraph_continuation,low_reliability_or_unassigned,,,,
1178,"f111r.6,+P0",f111r,4858,10,chdy,R02,S,B,3,paragraph_continuation,reliable_conditioned,surface_token,chdy,meta_L=B,R02
1179,"f111r.6,+P0",f111r,4858,11,keedy,R06,S,B,3,paragraph_continuation,low_reliability_or_unassigned,,,,
1180,"f111r.6,+P0",f111r,4858,12,qotchedy,H15,S,B,3,paragraph_continuation,low_reliability_or_unassigned,,,,
1181,"f111r.6,+P0",f111r,4858,13,dary,R06,S,B,3,paragraph_continuation,low_reliability_or_unassigned,,,,
1182,"f111v.10,+P0",f111v,4916,1,soiin,R06,S,B,3,paragraph_continuation,low_reliability_or_unassigned,,,,
1183,"f111v.10,+P0",f111v,4916,2,shed,R06,S,B,3,paragraph_continuation,low_reliability_or_unassigned,,,,
1184,"f111v.10,+P0",f111v,4916,3,qoksheo,H08,S,B,3,paragraph_continuation,low_reliability_or_unassigned,,,,
1185,"f111v.10,+P0",f111v,4916,4,lor,R00,S,B,3,paragraph_continuation,good_but_not_reliable_enough,broad_shape,L|or,global=global,R00
1186,"f111v.10,+P0",f111v,4916,5,cheo,R00,S,B,3,paragraph_continuation,low_reliability_or_unassigned,,,,
1187,"f111v.10,+P0",f111v,4916,6,lolaiin,R00,S,B,3,paragraph_continuation,low_reliability_or_unassigned,,,,
1188,"f111v.10,+P0",f111v,4916,7,shey,R06,S,B,3,paragraph_continuation,reliable_global,stolfi_inspired_signature,NG|S_EY|T_y,global=global,R06
1189,"f111v.10,+P0",f111v,4916,8,qokain,H08,S,B,3,paragraph_continuation,low_reliability_or_unassigned,,,,
1190,"f111v.10,+P0",f111v,4916,9,chear,R00,S,B,3,paragraph_continuation,low_reliability_or_unassigned,,,,
1191,"f111v.10,+P0",f111v,4916,10,qoteol,H13,S,B,3,paragraph_continuation,low_reliability_or_unassigned,,,,
1192,"f111v.10,+P0",f111v,4916,11,shcthy,R06,S,B,3,paragraph_continuation,low_reliability_or_unassigned,,,,
1193,"f111v.10,+P0",f111v,4916,12,ldy,R00,S,B,3,paragraph_continuation,low_reliability_or_unassigned,,,,
1194,"f111v.11,+P0",f111v,4917,1,ylcheey,R00,S,B,3,paragraph_continuation,low_reliability_or_unassigned,,,,
1195,"f111v.11,+P0",f111v,4917,2,shear,R06,S,B,3,paragraph_continuation,low_reliability_or_unassigned,,,,
1196,"f111v.11,+P0",f111v,4917,3,aiin,R06,S,B,3,paragraph_continuation,reliable_environment_sensitive,surface_token,aiin,global=global,R06
1197,"f111v.11,+P0",f111v,4917,4,sheer,R06,S,B,3,paragraph_continuation,low_reliability_or_unassigned,,,,
1198,"f111v.11,+P0",f111v,4917,5,otain,R00,S,B,3,paragraph_continuation,low_reliability_or_unassigned,,,,
1199,"f111v.11,+P0",f111v,4917,6,otedy,R01,S,B,3,paragraph_continuation,reliable_conditioned,surface_token,otedy,meta_L=B,R01
1200,"f111v.11,+P0",f111v,4917,7,qokain,H08,S,B,3,paragraph_continuation,low_reliability_or_unassigned,,,,
1201,"f111v.11,+P0",f111v,4917,8,chedkain,R00,S,B,3,paragraph_continuation,low_reliability_or_unassigned,,,,
1202,"f111v.11,+P0",f111v,4917,9,shedaitain,R00,S,B,3,paragraph_continuation,low_reliability_or_unassigned,,,,
1203,"f111v.11,+P0",f111v,4917,10,shalg,R06,S,B,3,paragraph_continuation,low_reliability_or_unassigned,,,,
1204,"f111v.17,+P0",f111v,4923,1,solkain,R00,S,B,3,paragraph_continuation,low_reliability_or_unassigned,,,,
1205,"f111v.17,+P0",f111v,4923,2,shey,R06,S,B,3,paragraph_continuation,reliable_global,stolfi_inspired_signature,NG|S_EY|T_y,global=global,R06
1206,"f111v.17,+P0",f111v,4923,3,okaiin,R10,S,B,3,paragraph_continuation,reliable_global,surface_token,okaiin,global=global,R10
1207,"f111v.17,+P0",f111v,4923,4,sheey,R06,S,B,3,paragraph_continuation,reliable_global,stolfi_inspired_signature,NG|S_EY|T_ey,global=global,R06
1208,"f111v.17,+P0",f111v,4923,5,qokain,H08,S,B,3,paragraph_continuation,low_reliability_or_unassigned,,,,
1209,"f111v.17,+P0",f111v,4923,6,chkal,R00,S,B,3,paragraph_continuation,low_reliability_or_unassigned,,,,
1210,"f111v.17,+P0",f111v,4923,7,chckhy,R00,S,B,3,paragraph_continuation,reliable_environment_sensitive,surface_token,chckhy,global=global,R00
1211,"f111v.17,+P0",f111v,4923,8,saiin,R06,S,B,3,paragraph_continuation,reliable_conditioned,surface_token,saiin,meta_L=B,R06
1212,"f111v.17,+P0",f111v,4923,9,ar,R06,S,B,3,paragraph_continuation,reliable_global,surface_token,ar,global=global,R06
1213,"f111v.17,+P0",f111v,4923,10,lchal,R00,S,B,3,paragraph_continuation,low_reliability_or_unassigned,,,,
1214,"f111v.17,+P0",f111v,4923,11,she,R06,S,B,3,paragraph_continuation,low_reliability_or_unassigned,,,,
1215,"f111v.17,+P0",f111v,4923,12,otain,R00,S,B,3,paragraph_continuation,low_reliability_or_unassigned,,,,
1216,"f111v.21,+P0",f111v,4927,1,sair,R06,S,B,3,paragraph_continuation,low_reliability_or_unassigned,,,,
1217,"f111v.21,+P0",f111v,4927,2,air,R00,S,B,3,paragraph_continuation,low_reliability_or_unassigned,,,,
1218,"f111v.21,+P0",f111v,4927,3,ain,R06,S,B,3,paragraph_continuation,reliable_global,stolfi_inspired_signature,NG|S_OEL|T_in,global=global,R06
1219,"f111v.21,+P0",f111v,4927,4,qol,R00,S,B,3,paragraph_continuation,low_reliability_or_unassigned,,,,
1220,"f111v.21,+P0",f111v,4927,5,rar,R00,S,B,3,paragraph_continuation,low_reliability_or_unassigned,,,,
1221,"f111v.21,+P0",f111v,4927,6,ain,R06,S,B,3,paragraph_continuation,reliable_global,stolfi_inspired_signature,NG|S_OEL|T_in,global=global,R06
1222,"f111v.21,+P0",f111v,4927,7,cheey,R06,S,B,3,paragraph_continuation,reliable_global,stolfi_inspired_signature,NG|S_EY|T_ey,global=global,R06
1223,"f111v.21,+P0",f111v,4927,8,lkeey,R00,S,B,3,paragraph_continuation,good_but_not_reliable_enough,stolfi_inspired_signature,G_k|S_LGEY|T_eey,global=global,R00
1224,"f111v.21,+P0",f111v,4927,9,lkain,R00,S,B,3,paragraph_continuation,low_reliability_or_unassigned,,,,
1225,"f111v.21,+P0",f111v,4927,10,cheokain,R00,S,B,3,paragraph_continuation,low_reliability_or_unassigned,,,,
1226,"f111v.21,+P0",f111v,4927,11,sheo,R06,S,B,3,paragraph_continuation,low_reliability_or_unassigned,,,,
1227,"f111v.21,+P0",f111v,4927,12,qo,H07,S,B,3,paragraph_continuation,low_reliability_or_unassigned,,,,
1228,"f111v.21,+P0",f111v,4927,13,qokain,H08,S,B,3,paragraph_continuation,low_reliability_or_unassigned,,,,
1229,"f111v.21,+P0",f111v,4927,14,chear,R00,S,B,3,paragraph_continuation,low_reliability_or_unassigned,,,,
1230,"f111v.21,+P0",f111v,4927,15,alam,R00,S,B,3,paragraph_continuation,low_reliability_or_unassigned,,,,
1231,"f111v.22,+P0",f111v,4928,1,saiin,R06,S,B,3,paragraph_continuation,reliable_conditioned,surface_token,saiin,meta_L=B,R06
1232,"f111v.22,+P0",f111v,4928,2,ychear,R06,S,B,3,paragraph_continuation,low_reliability_or_unassigned,,,,
1233,"f111v.22,+P0",f111v,4928,3,olsheey,R00,S,B,3,paragraph_continuation,low_reliability_or_unassigned,,,,
1234,"f111v.22,+P0",f111v,4928,4,chetain,R00,S,B,3,paragraph_continuation,low_reliability_or_unassigned,,,,
1235,"f111v.22,+P0",f111v,4928,5,chedy,R02,S,B,3,paragraph_continuation,reliable_conditioned,surface_token,chedy,meta_L=B,R02
1236,"f111v.22,+P0",f111v,4928,6,qokain,H08,S,B,3,paragraph_continuation,low_reliability_or_unassigned,,,,
1237,"f111v.22,+P0",f111v,4928,7,okain,R10,S,B,3,paragraph_continuation,reliable_global,surface_token,okain,global=global,R10
1238,"f111v.22,+P0",f111v,4928,8,al,R06,S,B,3,paragraph_continuation,reliable_environment_sensitive,surface_token,al,global=global,R06
1239,"f111v.22,+P0",f111v,4928,9,chan,R00,S,B,3,paragraph_continuation,low_reliability_or_unassigned,,,,
1240,"f111v.22,+P0",f111v,4928,10,okalchey,R00,S,B,3,paragraph_continuation,low_reliability_or_unassigned,,,,
1241,"f111v.22,+P0",f111v,4928,11,lkeeey,R00,S,B,3,paragraph_continuation,good_but_not_reliable_enough,stolfi_inspired_signature,G_k|S_LGEY|T_eey,global=global,R00
1242,"f111v.24,+P0",f111v,4930,1,cheodain,R00,S,B,3,paragraph_continuation,low_reliability_or_unassigned,,,,
1243,"f111v.24,+P0",f111v,4930,2,qokar,R03,S,B,3,paragraph_continuation,reliable_conditioned,surface_token,qokar,meta_L=B,R03
1244,"f111v.24,+P0",f111v,4930,3,otain,R00,S,B,3,paragraph_continuation,low_reliability_or_unassigned,,,,
1245,"f111v.24,+P0",f111v,4930,4,chedy,R02,S,B,3,paragraph_continuation,reliable_conditioned,surface_token,chedy,meta_L=B,R02
1246,"f111v.24,+P0",f111v,4930,5,lkain,R00,S,B,3,paragraph_continuation,low_reliability_or_unassigned,,,,
1247,"f111v.24,+P0",f111v,4930,6,chey,R06,S,B,3,paragraph_continuation,reliable_global,stolfi_inspired_signature,NG|S_EY|T_y,global=global,R06
1248,"f111v.24,+P0",f111v,4930,7,shckhy,R06,S,B,3,paragraph_continuation,low_reliability_or_unassigned,,,,
1249,"f111v.24,+P0",f111v,4930,8,qokl,R00,S,B,3,paragraph_continuation,low_reliability_or_unassigned,,,,
1250,"f111v.24,+P0",f111v,4930,9,chedy,R02,S,B,3,paragraph_continuation,reliable_conditioned,surface_token,chedy,meta_L=B,R02
1251,"f111v.24,+P0",f111v,4930,10,qokar,R03,S,B,3,paragraph_continuation,reliable_conditioned,surface_token,qokar,meta_L=B,R03
1252,"f111v.24,+P0",f111v,4930,11,chctham,R04,S,B,3,paragraph_continuation,low_reliability_or_unassigned,,,,
1253,"f111v.25,+P0",f111v,4931,1,tair,R06,S,B,3,paragraph_continuation,low_reliability_or_unassigned,,,,
1254,"f111v.25,+P0",f111v,4931,2,alchedar,R00,S,B,3,paragraph_continuation,low_reliability_or_unassigned,,,,
1255,"f111v.25,+P0",f111v,4931,3,shykaiin,R00,S,B,3,paragraph_continuation,low_reliability_or_unassigned,,,,
1256,"f111v.25,+P0",f111v,4931,4,chd,R00,S,B,3,paragraph_continuation,low_reliability_or_unassigned,,,,
1257,"f111v.29,+P0",f111v,4935,1,polkiin,R00,S,B,3,paragraph_continuation,low_reliability_or_unassigned,,,,
1258,"f111v.29,+P0",f111v,4935,2,cheopaiin,R00,S,B,3,paragraph_continuation,low_reliability_or_unassigned,,,,
1259,"f111v.29,+P0",f111v,4935,3,otain,R00,S,B,3,paragraph_continuation,low_reliability_or_unassigned,,,,
1260,"f111v.29,+P0",f111v,4935,4,shedy,R06,S,B,3,paragraph_continuation,reliable_conditioned,surface_token,shedy,meta_L=B,R06
1261,"f111v.29,+P0",f111v,4935,5,pchedy,R06,S,B,3,paragraph_continuation,low_reliability_or_unassigned,,,,
1262,"f111v.29,+P0",f111v,4935,6,opcheedy,R00,S,B,3,paragraph_continuation,low_reliability_or_unassigned,,,,
1263,"f111v.29,+P0",f111v,4935,7,qokain,H08,S,B,3,paragraph_continuation,low_reliability_or_unassigned,,,,
1264,"f111v.29,+P0",f111v,4935,8,chcfhey,R00,S,B,3,paragraph_continuation,low_reliability_or_unassigned,,,,
1265,"f111v.29,+P0",f111v,4935,9,otcheylldy,R00,S,B,3,paragraph_continuation,low_reliability_or_unassigned,,,,
1266,"f111v.3,+P0",f111v,4909,1,dain,R06,S,B,3,paragraph_continuation,reliable_global,stolfi_inspired_signature,NG|S_OEL|T_in,global=global,R06
1267,"f111v.3,+P0",f111v,4909,2,chedy,R02,S,B,3,paragraph_continuation,reliable_conditioned,surface_token,chedy,meta_L=B,R02
1268,"f111v.3,+P0",f111v,4909,3,shedal,R06,S,B,3,paragraph_continuation,low_reliability_or_unassigned,,,,
1269,"f111v.3,+P0",f111v,4909,4,otedy,R01,S,B,3,paragraph_continuation,reliable_conditioned,surface_token,otedy,meta_L=B,R01
1270,"f111v.3,+P0",f111v,4909,5,otee,R01,S,B,3,paragraph_continuation,low_reliability_or_unassigned,,,,
1271,"f111v.3,+P0",f111v,4909,6,chedy,R02,S,B,3,paragraph_continuation,reliable_conditioned,surface_token,chedy,meta_L=B,R02
1272,"f111v.3,+P0",f111v,4909,7,qokeey,H08,S,B,3,paragraph_continuation,reliable_conditioned,surface_token,qokeey,meta_L=B,H08
1273,"f111v.3,+P0",f111v,4909,8,dain,R06,S,B,3,paragraph_continuation,reliable_global,stolfi_inspired_signature,NG|S_OEL|T_in,global=global,R06
1274,"f111v.3,+P0",f111v,4909,9,chcthar,R04,S,B,3,paragraph_continuation,low_reliability_or_unassigned,,,,
1275,"f111v.3,+P0",f111v,4909,10,otar,R01,S,B,3,paragraph_continuation,low_reliability_or_unassigned,,,,
1276,"f111v.3,+P0",f111v,4909,11,qotain,H13,S,B,3,paragraph_continuation,low_reliability_or_unassigned,,,,
1277,"f111v.3,+P0",f111v,4909,12,otaim,R00,S,B,3,paragraph_continuation,low_reliability_or_unassigned,,,,
1278,"f111v.30,+P0",f111v,4936,1,shokar,R06,S,B,3,paragraph_continuation,low_reliability_or_unassigned,,,,
1279,"f111v.30,+P0",f111v,4936,2,okeokain,R00,S,B,3,paragraph_continuation,low_reliability_or_unassigned,,,,
1280,"f111v.30,+P0",f111v,4936,3,sheekain,R00,S,B,3,paragraph_continuation,low_reliability_or_unassigned,,,,
1281,"f111v.30,+P0",f111v,4936,4,qokain,H08,S,B,3,paragraph_continuation,low_reliability_or_unassigned,,,,
1282,"f111v.30,+P0",f111v,4936,5,chechey,R00,S,B,3,paragraph_continuation,low_reliability_or_unassigned,,,,
1283,"f111v.30,+P0",f111v,4936,6,qokeey,H08,S,B,3,paragraph_continuation,reliable_conditioned,surface_token,qokeey,meta_L=B,H08
1284,"f111v.30,+P0",f111v,4936,7,qetain,R00,S,B,3,paragraph_continuation,low_reliability_or_unassigned,,,,
1285,"f111v.30,+P0",f111v,4936,8,otain,R00,S,B,3,paragraph_continuation,low_reliability_or_unassigned,,,,
1286,"f111v.30,+P0",f111v,4936,9,ar,R06,S,B,3,paragraph_continuation,reliable_global,surface_token,ar,global=global,R06
1287,"f111v.30,+P0",f111v,4936,10,lkain,R00,S,B,3,paragraph_continuation,low_reliability_or_unassigned,,,,
1288,"f111v.30,+P0",f111v,4936,11,lky,R00,S,B,3,paragraph_continuation,low_reliability_or_unassigned,,,,
1289,"f111v.31,+P0",f111v,4937,1,pochey,R06,S,B,3,paragraph_continuation,low_reliability_or_unassigned,,,,
1290,"f111v.31,+P0",f111v,4937,2,oteain,R01,S,B,3,paragraph_continuation,low_reliability_or_unassigned,,,,
1291,"f111v.31,+P0",f111v,4937,3,chekain,R00,S,B,3,paragraph_continuation,low_reliability_or_unassigned,,,,
1292,"f111v.31,+P0",f111v,4937,4,cheal,R00,S,B,3,paragraph_continuation,low_reliability_or_unassigned,,,,
1293,"f111v.31,+P0",f111v,4937,5,lain,R00,S,B,3,paragraph_continuation,low_reliability_or_unassigned,,,,
1294,"f111v.31,+P0",f111v,4937,6,chey,R06,S,B,3,paragraph_continuation,reliable_global,stolfi_inspired_signature,NG|S_EY|T_y,global=global,R06
1295,"f111v.31,+P0",f111v,4937,7,qokain,H08,S,B,3,paragraph_continuation,low_reliability_or_unassigned,,,,
1296,"f111v.31,+P0",f111v,4937,8,chey,R06,S,B,3,paragraph_continuation,reliable_global,stolfi_inspired_signature,NG|S_EY|T_y,global=global,R06
1297,"f111v.31,+P0",f111v,4937,9,lkain,R00,S,B,3,paragraph_continuation,low_reliability_or_unassigned,,,,
1298,"f111v.31,+P0",f111v,4937,10,chal,R00,S,B,3,paragraph_continuation,low_reliability_or_unassigned,,,,
1299,"f111v.31,+P0",f111v,4937,11,ldy,R00,S,B,3,paragraph_continuation,low_reliability_or_unassigned,,,,
1300,"f111v.31,+P0",f111v,4937,12,llm,R00,S,B,3,paragraph_continuation,low_reliability_or_unassigned,,,,
1301,"f111v.34,+P0",f111v,4940,1,polar,R06,S,B,3,paragraph_continuation,low_reliability_or_unassigned,,,,
1302,"f111v.34,+P0",f111v,4940,2,okar,R03,S,B,3,paragraph_continuation,low_reliability_or_unassigned,,,,
1303,"f111v.34,+P0",f111v,4940,3,teody,R06,S,B,3,paragraph_continuation,low_reliability_or_unassigned,,,,
1304,"f111v.34,+P0",f111v,4940,4,qokain,H08,S,B,3,paragraph_continuation,low_reliability_or_unassigned,,,,
1305,"f111v.34,+P0",f111v,4940,5,talol,R06,S,B,3,paragraph_continuation,low_reliability_or_unassigned,,,,
1306,"f111v.34,+P0",f111v,4940,6,tarol,R06,S,B,3,paragraph_continuation,low_reliability_or_unassigned,,,,
1307,"f111v.34,+P0",f111v,4940,7,opchedy,R00,S,B,3,paragraph_continuation,low_reliability_or_unassigned,,,,
1308,"f111v.34,+P0",f111v,4940,8,qotar,H13,S,B,3,paragraph_continuation,low_reliability_or_unassigned,,,,
1309,"f111v.34,+P0",f111v,4940,9,otar,R01,S,B,3,paragraph_continuation,low_reliability_or_unassigned,,,,
1310,"f111v.34,+P0",f111v,4940,10,chtalsam,R00,S,B,3,paragraph_continuation,low_reliability_or_unassigned,,,,
1311,"f111v.35,+P0",f111v,4941,1,oain,R00,S,B,3,paragraph_continuation,reliable_global,stolfi_inspired_signature,NG|S_OEL|T_in,global=global,R06
1312,"f111v.35,+P0",f111v,4941,2,okaiin,R10,S,B,3,paragraph_continuation,reliable_global,surface_token,okaiin,global=global,R10
1313,"f111v.35,+P0",f111v,4941,3,chcthy,R04,S,B,3,paragraph_continuation,low_reliability_or_unassigned,,,,
1314,"f111v.35,+P0",f111v,4941,4,lkain,R00,S,B,3,paragraph_continuation,low_reliability_or_unassigned,,,,
1315,"f111v.35,+P0",f111v,4941,5,lchey,R00,S,B,3,paragraph_continuation,low_reliability_or_unassigned,,,,
1316,"f111v.35,+P0",f111v,4941,6,lshekain,R00,S,B,3,paragraph_continuation,low_reliability_or_unassigned,,,,
1317,"f111v.35,+P0",f111v,4941,7,qotal,H13,S,B,3,paragraph_continuation,low_reliability_or_unassigned,,,,
1318,"f111v.35,+P0",f111v,4941,8,shedy,R06,S,B,3,paragraph_continuation,reliable_conditioned,surface_token,shedy,meta_L=B,R06
1319,"f111v.35,+P0",f111v,4941,9,chkeey,R00,S,B,3,paragraph_continuation,low_reliability_or_unassigned,,,,
1320,"f111v.35,+P0",f111v,4941,10,lkeeed,R00,S,B,3,paragraph_continuation,low_reliability_or_unassigned,,,,
1321,"f111v.35,+P0",f111v,4941,11,lkain,R00,S,B,3,paragraph_continuation,low_reliability_or_unassigned,,,,
1322,"f111v.35,+P0",f111v,4941,12,y,R06,S,B,3,paragraph_continuation,reliable_global,surface_token,y,global=global,R06
1323,"f111v.36,+P0",f111v,4942,1,shain,R06,S,B,3,paragraph_continuation,reliable_global,stolfi_inspired_signature,NG|S_OEL|T_in,global=global,R06
1324,"f111v.36,+P0",f111v,4942,2,okaiin,R10,S,B,3,paragraph_continuation,reliable_global,surface_token,okaiin,global=global,R10
1325,"f111v.36,+P0",f111v,4942,3,chey,R06,S,B,3,paragraph_continuation,reliable_global,stolfi_inspired_signature,NG|S_EY|T_y,global=global,R06
1326,"f111v.36,+P0",f111v,4942,4,qokar,R03,S,B,3,paragraph_continuation,reliable_conditioned,surface_token,qokar,meta_L=B,R03
1327,"f111v.36,+P0",f111v,4942,5,ar,R06,S,B,3,paragraph_continuation,reliable_global,surface_token,ar,global=global,R06
1328,"f111v.36,+P0",f111v,4942,6,ar,R06,S,B,3,paragraph_continuation,reliable_global,surface_token,ar,global=global,R06
1329,"f111v.36,+P0",f111v,4942,7,ain,R06,S,B,3,paragraph_continuation,reliable_global,stolfi_inspired_signature,NG|S_OEL|T_in,global=global,R06
1330,"f111v.36,+P0",f111v,4942,8,olr,R00,S,B,3,paragraph_continuation,low_reliability_or_unassigned,,,,
1331,"f111v.36,+P0",f111v,4942,9,ar,R06,S,B,3,paragraph_continuation,reliable_global,surface_token,ar,global=global,R06
1332,"f111v.36,+P0",f111v,4942,10,olor,R00,S,B,3,paragraph_continuation,low_reliability_or_unassigned,,,,
1333,"f111v.38,+P0",f111v,4944,1,ycheey,R06,S,B,3,paragraph_continuation,low_reliability_or_unassigned,,,,
1334,"f111v.38,+P0",f111v,4944,2,oaiin,R00,S,B,3,paragraph_continuation,low_reliability_or_unassigned,,,,
1335,"f111v.38,+P0",f111v,4944,3,checkhey,R00,S,B,3,paragraph_continuation,low_reliability_or_unassigned,,,,
1336,"f111v.38,+P0",f111v,4944,4,otain,R00,S,B,3,paragraph_continuation,low_reliability_or_unassigned,,,,
1337,"f111v.38,+P0",f111v,4944,5,qotl,R00,S,B,3,paragraph_continuation,low_reliability_or_unassigned,,,,
1338,"f111v.38,+P0",f111v,4944,6,chear,R00,S,B,3,paragraph_continuation,low_reliability_or_unassigned,,,,
1339,"f111v.38,+P0",f111v,4944,7,chedy,R02,S,B,3,paragraph_continuation,reliable_conditioned,surface_token,chedy,meta_L=B,R02
1340,"f111v.38,+P0",f111v,4944,8,qokeey,H08,S,B,3,paragraph_continuation,reliable_conditioned,surface_token,qokeey,meta_L=B,H08
1341,"f111v.38,+P0",f111v,4944,9,okeedy,R00,S,B,3,paragraph_continuation,reliable_conditioned,surface_token,okeedy,meta_L=B,R00
1342,"f111v.38,+P0",f111v,4944,10,lkeey,R00,S,B,3,paragraph_continuation,good_but_not_reliable_enough,stolfi_inspired_signature,G_k|S_LGEY|T_eey,global=global,R00
1343,"f111v.39,+P0",f111v,4945,1,dsheey,R06,S,B,3,paragraph_continuation,low_reliability_or_unassigned,,,,
1344,"f111v.39,+P0",f111v,4945,2,qokal,H08,S,B,3,paragraph_continuation,low_reliability_or_unassigned,,,,
1345,"f111v.39,+P0",f111v,4945,3,chedy,R02,S,B,3,paragraph_continuation,reliable_conditioned,surface_token,chedy,meta_L=B,R02
1346,"f111v.39,+P0",f111v,4945,4,chcthy,R04,S,B,3,paragraph_continuation,low_reliability_or_unassigned,,,,
1347,"f111v.39,+P0",f111v,4945,5,qokain,H08,S,B,3,paragraph_continuation,low_reliability_or_unassigned,,,,
1348,"f111v.39,+P0",f111v,4945,6,chedy,R02,S,B,3,paragraph_continuation,reliable_conditioned,surface_token,chedy,meta_L=B,R02
1349,"f111v.39,+P0",f111v,4945,7,lkeey,R00,S,B,3,paragraph_continuation,good_but_not_reliable_enough,stolfi_inspired_signature,G_k|S_LGEY|T_eey,global=global,R00
1350,"f111v.39,+P0",f111v,4945,8,shey,R06,S,B,3,paragraph_continuation,reliable_global,stolfi_inspired_signature,NG|S_EY|T_y,global=global,R06
1351,"f111v.39,+P0",f111v,4945,9,qokain,H08,S,B,3,paragraph_continuation,low_reliability_or_unassigned,,,,
1352,"f111v.39,+P0",f111v,4945,10,chedy,R02,S,B,3,paragraph_continuation,reliable_conditioned,surface_token,chedy,meta_L=B,R02
1353,"f111v.39,+P0",f111v,4945,11,lchdy,R00,S,B,3,paragraph_continuation,low_reliability_or_unassigned,,,,
1354,"f111v.4,+P0",f111v,4910,1,daiin,R10,S,B,3,paragraph_continuation,good_but_not_reliable_enough,surface_token,daiin,global=global,R10
1355,"f111v.4,+P0",f111v,4910,2,chey,R06,S,B,3,paragraph_continuation,reliable_global,stolfi_inspired_signature,NG|S_EY|T_y,global=global,R06
1356,"f111v.4,+P0",f111v,4910,3,chokedair,R00,S,B,3,paragraph_continuation,low_reliability_or_unassigned,,,,
1357,"f111v.4,+P0",f111v,4910,4,air,R00,S,B,3,paragraph_continuation,low_reliability_or_unassigned,,,,
1358,"f111v.4,+P0",f111v,4910,5,alolshedy,R00,S,B,3,paragraph_continuation,low_reliability_or_unassigned,,,,
1359,"f111v.4,+P0",f111v,4910,6,qotedy,H17,S,B,3,paragraph_continuation,low_reliability_or_unassigned,,,,
1360,"f111v.4,+P0",f111v,4910,7,qokedar,H08,S,B,3,paragraph_continuation,low_reliability_or_unassigned,,,,
1361,"f111v.4,+P0",f111v,4910,8,oteedy,R01,S,B,3,paragraph_continuation,low_reliability_or_unassigned,,,,
1362,"f111v.4,+P0",f111v,4910,9,okedy,R00,S,B,3,paragraph_continuation,reliable_conditioned,surface_token,okedy,meta_L=B,R00
1363,"f111v.4,+P0",f111v,4910,10,chedy,R02,S,B,3,paragraph_continuation,reliable_conditioned,surface_token,chedy,meta_L=B,R02
1364,"f111v.4,+P0",f111v,4910,11,lkam,R00,S,B,3,paragraph_continuation,low_reliability_or_unassigned,,,,
1365,"f111v.40,+P0",f111v,4946,1,ykeeey,R06,S,B,3,paragraph_continuation,low_reliability_or_unassigned,,,,
1366,"f111v.40,+P0",f111v,4946,2,lkain,R00,S,B,3,paragraph_continuation,low_reliability_or_unassigned,,,,
1367,"f111v.40,+P0",f111v,4946,3,chckhy,R00,S,B,3,paragraph_continuation,reliable_environment_sensitive,surface_token,chckhy,global=global,R00
1368,"f111v.40,+P0",f111v,4946,4,chokain,R00,S,B,3,paragraph_continuation,low_reliability_or_unassigned,,,,
1369,"f111v.40,+P0",f111v,4946,5,chckhal,R00,S,B,3,paragraph_continuation,low_reliability_or_unassigned,,,,
1370,"f111v.40,+P0",f111v,4946,6,sheckhedy,R00,S,B,3,paragraph_continuation,low_reliability_or_unassigned,,,,
1371,"f111v.40,+P0",f111v,4946,7,qokeey,H08,S,B,3,paragraph_continuation,reliable_conditioned,surface_token,qokeey,meta_L=B,H08
1372,"f111v.40,+P0",f111v,4946,8,qokeedy,H01,S,B,3,paragraph_continuation,low_reliability_or_unassigned,,,,
1373,"f111v.40,+P0",f111v,4946,9,lchsl,R00,S,B,3,paragraph_continuation,low_reliability_or_unassigned,,,,
1374,"f111v.44,+P0",f111v,4950,1,dain,R06,S,B,3,paragraph_continuation,reliable_global,stolfi_inspired_signature,NG|S_OEL|T_in,global=global,R06
1375,"f111v.44,+P0",f111v,4950,2,teeodain,R00,S,B,3,paragraph_continuation,low_reliability_or_unassigned,,,,
1376,"f111v.44,+P0",f111v,4950,3,cheeal,R00,S,B,3,paragraph_continuation,low_reliability_or_unassigned,,,,
1377,"f111v.44,+P0",f111v,4950,4,olaiin,R10,S,B,3,paragraph_continuation,low_reliability_or_unassigned,,,,
1378,"f111v.44,+P0",f111v,4950,5,or,R06,S,B,3,paragraph_continuation,reliable_global,surface_token,or,global=global,R06
1379,"f111v.45,+P0",f111v,4951,1,pollaiin,R00,S,B,3,paragraph_continuation,low_reliability_or_unassigned,,,,
1380,"f111v.45,+P0",f111v,4951,2,okain,R10,S,B,3,paragraph_continuation,reliable_global,surface_token,okain,global=global,R10
1381,"f111v.45,+P0",f111v,4951,3,sheal,R06,S,B,3,paragraph_continuation,low_reliability_or_unassigned,,,,
1382,"f111v.45,+P0",f111v,4951,4,pchedain,R00,S,B,3,paragraph_continuation,low_reliability_or_unassigned,,,,
1383,"f111v.45,+P0",f111v,4951,5,opchey,R00,S,B,3,paragraph_continuation,low_reliability_or_unassigned,,,,
1384,"f111v.45,+P0",f111v,4951,6,polshy,R06,S,B,3,paragraph_continuation,low_reliability_or_unassigned,,,,
1385,"f111v.45,+P0",f111v,4951,7,okshey,R00,S,B,3,paragraph_continuation,low_reliability_or_unassigned,,,,
1386,"f111v.45,+P0",f111v,4951,8,opchedy,R00,S,B,3,paragraph_continuation,low_reliability_or_unassigned,,,,
1387,"f111v.45,+P0",f111v,4951,9,qopchair,H07,S,B,3,paragraph_continuation,low_reliability_or_unassigned,,,,
1388,"f111v.45,+P0",f111v,4951,10,alky,R00,S,B,3,paragraph_continuation,low_reliability_or_unassigned,,,,
1389,"f111v.5,+P0",f111v,4911,1,qokeed,H08,S,B,3,paragraph_continuation,low_reliability_or_unassigned,,,,
1390,"f111v.5,+P0",f111v,4911,2,o,R00,S,B,3,paragraph_continuation,good_but_not_reliable_enough,broad_shape,O|NONE,global=global,R00
1391,"f111v.5,+P0",f111v,4911,3,aiin,R06,S,B,3,paragraph_continuation,reliable_environment_sensitive,surface_token,aiin,global=global,R06
1392,"f111v.5,+P0",f111v,4911,4,otedy,R01,S,B,3,paragraph_continuation,reliable_conditioned,surface_token,otedy,meta_L=B,R01
1393,"f111v.5,+P0",f111v,4911,5,qokedy,H12,S,B,3,paragraph_continuation,reliable_conditioned,surface_token,qokedy,meta_L=B,H12
1394,"f111v.5,+P0",f111v,4911,6,chedy,R02,S,B,3,paragraph_continuation,reliable_conditioned,surface_token,chedy,meta_L=B,R02
1395,"f111v.5,+P0",f111v,4911,7,qokeey,H08,S,B,3,paragraph_continuation,reliable_conditioned,surface_token,qokeey,meta_L=B,H08
1396,"f111v.5,+P0",f111v,4911,8,qokeedy,H01,S,B,3,paragraph_continuation,low_reliability_or_unassigned,,,,
1397,"f111v.5,+P0",f111v,4911,9,qokeol,H08,S,B,3,paragraph_continuation,low_reliability_or_unassigned,,,,
1398,"f111v.5,+P0",f111v,4911,10,shedy,R06,S,B,3,paragraph_continuation,reliable_conditioned,surface_token,shedy,meta_L=B,R06
1399,"f111v.5,+P0",f111v,4911,11,qotedal,H13,S,B,3,paragraph_continuation,low_reliability_or_unassigned,,,,
1400,"f111v.5,+P0",f111v,4911,12,lol,R00,S,B,3,paragraph_continuation,low_reliability_or_unassigned,,,,
1401,"f111v.50,+P0",f111v,4956,1,shaiin,R06,S,B,3,paragraph_continuation,low_reliability_or_unassigned,,,,
1402,"f111v.50,+P0",f111v,4956,2,qoiiin,H07,S,B,3,paragraph_continuation,low_reliability_or_unassigned,,,,
1403,"f111v.50,+P0",f111v,4956,3,okain,R10,S,B,3,paragraph_continuation,reliable_global,surface_token,okain,global=global,R10
1404,"f111v.50,+P0",f111v,4956,4,chey,R06,S,B,3,paragraph_continuation,reliable_global,stolfi_inspired_signature,NG|S_EY|T_y,global=global,R06
1405,"f111v.50,+P0",f111v,4956,5,qokeeey,H08,S,B,3,paragraph_continuation,low_reliability_or_unassigned,,,,
1406,"f111v.50,+P0",f111v,4956,6,okain,R10,S,B,3,paragraph_continuation,reliable_global,surface_token,okain,global=global,R10
1407,"f111v.50,+P0",f111v,4956,7,chees,R00,S,B,3,paragraph_continuation,low_reliability_or_unassigned,,,,
1408,"f111v.50,+P0",f111v,4956,8,ar,R06,S,B,3,paragraph_continuation,reliable_global,surface_token,ar,global=global,R06
1409,"f111v.50,+P0",f111v,4956,9,ol,R06,S,B,3,paragraph_continuation,reliable_environment_sensitive,surface_token,ol,global=global,R06
1410,"f111v.50,+P0",f111v,4956,10,loeees,R00,S,B,3,paragraph_continuation,low_reliability_or_unassigned,,,,
1411,"f111v.50,+P0",f111v,4956,11,otain,R00,S,B,3,paragraph_continuation,low_reliability_or_unassigned,,,,
1412,"f111v.50,+P0",f111v,4956,12,or,R06,S,B,3,paragraph_continuation,reliable_global,surface_token,or,global=global,R06
1413,"f111v.51,+P0",f111v,4957,1,sain,R06,S,B,3,paragraph_continuation,reliable_global,stolfi_inspired_signature,NG|S_OEL|T_in,global=global,R06
1414,"f111v.51,+P0",f111v,4957,2,cheal,R00,S,B,3,paragraph_continuation,low_reliability_or_unassigned,,,,
1415,"f111v.51,+P0",f111v,4957,3,chckhy,R00,S,B,3,paragraph_continuation,reliable_environment_sensitive,surface_token,chckhy,global=global,R00
1416,"f111v.51,+P0",f111v,4957,4,okain,R10,S,B,3,paragraph_continuation,reliable_global,surface_token,okain,global=global,R10
1417,"f111v.51,+P0",f111v,4957,5,okalaiin,R00,S,B,3,paragraph_continuation,low_reliability_or_unassigned,,,,
1418,"f111v.51,+P0",f111v,4957,6,choty,R00,S,B,3,paragraph_continuation,reliable_global,broad_shape,OG|y,global=global,R00
1419,"f111v.51,+P0",f111v,4957,7,chckhy,R00,S,B,3,paragraph_continuation,reliable_environment_sensitive,surface_token,chckhy,global=global,R00
1420,"f111v.9,+P0",f111v,4915,1,lshey,R00,S,B,3,paragraph_continuation,low_reliability_or_unassigned,,,,
1421,"f111v.9,+P0",f111v,4915,2,shedal,R06,S,B,3,paragraph_continuation,low_reliability_or_unassigned,,,,
1422,"f111v.9,+P0",f111v,4915,3,okear,R00,S,B,3,paragraph_continuation,low_reliability_or_unassigned,,,,
1423,"f111v.9,+P0",f111v,4915,4,lkedy,R00,S,B,3,paragraph_continuation,low_reliability_or_unassigned,,,,
1424,"f111v.9,+P0",f111v,4915,5,cheolkeey,R00,S,B,3,paragraph_continuation,low_reliability_or_unassigned,,,,
1425,"f111v.9,+P0",f111v,4915,6,lkey,R00,S,B,3,paragraph_continuation,low_reliability_or_unassigned,,,,
1426,"f111v.9,+P0",f111v,4915,7,okeey,R06,S,B,3,paragraph_continuation,low_reliability_or_unassigned,,,,
1427,"f111v.9,+P0",f111v,4915,8,qokeey,H08,S,B,3,paragraph_continuation,reliable_conditioned,surface_token,qokeey,meta_L=B,H08
1428,"f111v.9,+P0",f111v,4915,9,qokey,H08,S,B,3,paragraph_continuation,low_reliability_or_unassigned,,,,
1429,"f111v.9,+P0",f111v,4915,10,qokain,H08,S,B,3,paragraph_continuation,low_reliability_or_unassigned,,,,
1430,"f111v.9,+P0",f111v,4915,11,am,R06,S,B,3,paragraph_continuation,low_reliability_or_unassigned,,,,
1431,"f112r.11,+P0",f112r,4968,1,tchedy,R06,S,B,3,paragraph_continuation,low_reliability_or_unassigned,,,,
1432,"f112r.11,+P0",f112r,4968,2,qoteey,H13,S,B,3,paragraph_continuation,low_reliability_or_unassigned,,,,
1433,"f112r.11,+P0",f112r,4968,3,qeol,R00,S,B,3,paragraph_continuation,low_reliability_or_unassigned,,,,
1434,"f112r.11,+P0",f112r,4968,4,qokeey,H08,S,B,3,paragraph_continuation,reliable_conditioned,surface_token,qokeey,meta_L=B,H08
1435,"f112r.11,+P0",f112r,4968,5,otey,R01,S,B,3,paragraph_continuation,low_reliability_or_unassigned,,,,
1436,"f112r.11,+P0",f112r,4968,6,qokeey,H08,S,B,3,paragraph_continuation,reliable_conditioned,surface_token,qokeey,meta_L=B,H08
1437,"f112r.11,+P0",f112r,4968,7,qokedy,H12,S,B,3,paragraph_continuation,reliable_conditioned,surface_token,qokedy,meta_L=B,H12
1438,"f112r.11,+P0",f112r,4968,8,chotyr,R00,S,B,3,paragraph_continuation,low_reliability_or_unassigned,,,,
1439,"f112r.24,+P0",f112r,4981,1,cheeteey,R00,S,B,3,paragraph_continuation,low_reliability_or_unassigned,,,,
1440,"f112r.24,+P0",f112r,4981,2,qokeeey,H08,S,B,3,paragraph_continuation,low_reliability_or_unassigned,,,,
1441,"f112r.24,+P0",f112r,4981,3,lkeey,R00,S,B,3,paragraph_continuation,good_but_not_reliable_enough,stolfi_inspired_signature,G_k|S_LGEY|T_eey,global=global,R00
1442,"f112r.24,+P0",f112r,4981,4,okeedykey,R00,S,B,3,paragraph_continuation,low_reliability_or_unassigned,,,,
1443,"f112r.24,+P0",f112r,4981,5,lkedy,R00,S,B,3,paragraph_continuation,low_reliability_or_unassigned,,,,
1444,"f112r.24,+P0",f112r,4981,6,qokedy,H12,S,B,3,paragraph_continuation,reliable_conditioned,surface_token,qokedy,meta_L=B,H12
1445,"f112r.24,+P0",f112r,4981,7,otedy,R01,S,B,3,paragraph_continuation,reliable_conditioned,surface_token,otedy,meta_L=B,R01
1446,"f112r.24,+P0",f112r,4981,8,otedy,R01,S,B,3,paragraph_continuation,reliable_conditioned,surface_token,otedy,meta_L=B,R01
1447,"f112r.24,+P0",f112r,4981,9,lo,R00,S,B,3,paragraph_continuation,low_reliability_or_unassigned,,,,
1448,"f112r.25,+P0",f112r,4982,1,tedain,R06,S,B,3,paragraph_continuation,low_reliability_or_unassigned,,,,
1449,"f112r.25,+P0",f112r,4982,2,shedy,R06,S,B,3,paragraph_continuation,reliable_conditioned,surface_token,shedy,meta_L=B,R06
1450,"f112r.25,+P0",f112r,4982,3,ochor,R00,S,B,3,paragraph_continuation,low_reliability_or_unassigned,,,,
1451,"f112r.25,+P0",f112r,4982,4,okchd,R00,S,B,3,paragraph_continuation,low_reliability_or_unassigned,,,,
1452,"f112r.25,+P0",f112r,4982,5,ykedy,R00,S,B,3,paragraph_continuation,low_reliability_or_unassigned,,,,
1453,"f112r.25,+P0",f112r,4982,6,kedy,R06,S,B,3,paragraph_continuation,low_reliability_or_unassigned,,,,
1454,"f112r.25,+P0",f112r,4982,7,chor,R11,S,B,3,paragraph_continuation,low_reliability_or_unassigned,,,,
1455,"f112r.25,+P0",f112r,4982,8,aiin,R06,S,B,3,paragraph_continuation,reliable_environment_sensitive,surface_token,aiin,global=global,R06
1456,"f112r.25,+P0",f112r,4982,9,cheety,R00,S,B,3,paragraph_continuation,low_reliability_or_unassigned,,,,
1457,"f112r.25,+P0",f112r,4982,10,chcthy,R04,S,B,3,paragraph_continuation,low_reliability_or_unassigned,,,,
1458,"f112r.25,+P0",f112r,4982,11,okey,R00,S,B,3,paragraph_continuation,low_reliability_or_unassigned,,,,
1459,"f112r.26,+P0",f112r,4983,1,tockhy,R06,S,B,3,paragraph_continuation,low_reliability_or_unassigned,,,,
1460,"f112r.26,+P0",f112r,4983,2,chedy,R02,S,B,3,paragraph_continuation,reliable_conditioned,surface_token,chedy,meta_L=B,R02
1461,"f112r.26,+P0",f112r,4983,3,chedam,R00,S,B,3,paragraph_continuation,low_reliability_or_unassigned,,,,
1462,"f112r.27,+P0",f112r,4984,1,pcholkeedy,R00,S,B,3,paragraph_continuation,low_reliability_or_unassigned,,,,
1463,"f112r.27,+P0",f112r,4984,2,okchoiiin,R00,S,B,3,paragraph_continuation,low_reliability_or_unassigned,,,,
1464,"f112r.27,+P0",f112r,4984,3,aky,R00,S,B,3,paragraph_continuation,reliable_global,broad_shape,OG|y,global=global,R00
1465,"f112r.27,+P0",f112r,4984,4,opchedy,R00,S,B,3,paragraph_continuation,low_reliability_or_unassigned,,,,
1466,"f112r.27,+P0",f112r,4984,5,kolfchdy,R00,S,B,3,paragraph_continuation,low_reliability_or_unassigned,,,,
1467,"f112r.27,+P0",f112r,4984,6,opchedy,R00,S,B,3,paragraph_continuation,low_reliability_or_unassigned,,,,
1468,"f112r.27,+P0",f112r,4984,7,lky,R00,S,B,3,paragraph_continuation,low_reliability_or_unassigned,,,,
1469,"f112r.27,+P0",f112r,4984,8,shty,R06,S,B,3,paragraph_continuation,low_reliability_or_unassigned,,,,
1470,"f112r.28,+P0",f112r,4985,1,ysheedy,R00,S,B,3,paragraph_continuation,low_reliability_or_unassigned,,,,
1471,"f112r.28,+P0",f112r,4985,2,sheokeedy,R00,S,B,3,paragraph_continuation,low_reliability_or_unassigned,,,,
1472,"f112r.28,+P0",f112r,4985,3,qokeedy,H01,S,B,3,paragraph_continuation,low_reliability_or_unassigned,,,,
1473,"f112r.28,+P0",f112r,4985,4,qokain,H08,S,B,3,paragraph_continuation,low_reliability_or_unassigned,,,,
1474,"f112r.28,+P0",f112r,4985,5,oteedy,R01,S,B,3,paragraph_continuation,low_reliability_or_unassigned,,,,
1475,"f112r.28,+P0",f112r,4985,6,chckhy,R00,S,B,3,paragraph_continuation,reliable_environment_sensitive,surface_token,chckhy,global=global,R00
1476,"f112r.28,+P0",f112r,4985,7,ytchedy,R00,S,B,3,paragraph_continuation,low_reliability_or_unassigned,,,,
1477,"f112r.28,+P0",f112r,4985,8,shara,R06,S,B,3,paragraph_continuation,low_reliability_or_unassigned,,,,
1478,"f112r.36,+P0",f112r,4993,1,sain,R06,S,B,3,paragraph_continuation,reliable_global,stolfi_inspired_signature,NG|S_OEL|T_in,global=global,R06
1479,"f112r.36,+P0",f112r,4993,2,ol,R06,S,B,3,paragraph_continuation,reliable_environment_sensitive,surface_token,ol,global=global,R06
1480,"f112r.36,+P0",f112r,4993,3,checkhy,R00,S,B,3,paragraph_continuation,good_but_not_reliable_enough,broad_shape,EXGX|y,global=global,R00
1481,"f112r.36,+P0",f112r,4993,4,olchain,R00,S,B,3,paragraph_continuation,low_reliability_or_unassigned,,,,
1482,"f112r.36,+P0",f112r,4993,5,okeey,R06,S,B,3,paragraph_continuation,low_reliability_or_unassigned,,,,
1483,"f112r.36,+P0",f112r,4993,6,olam,R00,S,B,3,paragraph_continuation,low_reliability_or_unassigned,,,,
1484,"f112v.10,+P0",f112v,5012,1,dain,R06,S,B,3,paragraph_continuation,reliable_global,stolfi_inspired_signature,NG|S_OEL|T_in,global=global,R06
1485,"f112v.10,+P0",f112v,5012,2,sheey,R06,S,B,3,paragraph_continuation,reliable_global,stolfi_inspired_signature,NG|S_EY|T_ey,global=global,R06
1486,"f112v.10,+P0",f112v,5012,3,okchedyoror,R00,S,B,3,paragraph_continuation,low_reliability_or_unassigned,,,,
1487,"f112v.20,+P0",f112v,5022,1,pchoraiin,R00,S,B,3,paragraph_continuation,low_reliability_or_unassigned,,,,
1488,"f112v.20,+P0",f112v,5022,2,ar,R06,S,B,3,paragraph_continuation,reliable_global,surface_token,ar,global=global,R06
1489,"f112v.20,+P0",f112v,5022,3,alchedy,R00,S,B,3,paragraph_continuation,low_reliability_or_unassigned,,,,
1490,"f112v.20,+P0",f112v,5022,4,olkeedy,R00,S,B,3,paragraph_continuation,low_reliability_or_unassigned,,,,
1491,"f112v.20,+P0",f112v,5022,5,qokedy,H12,S,B,3,paragraph_continuation,reliable_conditioned,surface_token,qokedy,meta_L=B,H12
1492,"f112v.20,+P0",f112v,5022,6,qotaiin,H13,S,B,3,paragraph_continuation,low_reliability_or_unassigned,,,,
1493,"f112v.20,+P0",f112v,5022,7,chocthedy,R00,S,B,3,paragraph_continuation,low_reliability_or_unassigned,,,,
1494,"f112v.20,+P0",f112v,5022,8,saisal,R06,S,B,3,paragraph_continuation,low_reliability_or_unassigned,,,,
1495,"f112v.21,+P0",f112v,5023,1,saiin,R06,S,B,3,paragraph_continuation,reliable_conditioned,surface_token,saiin,meta_L=B,R06
1496,"f112v.21,+P0",f112v,5023,2,chekain,R00,S,B,3,paragraph_continuation,low_reliability_or_unassigned,,,,
1497,"f112v.21,+P0",f112v,5023,3,cheol,R00,S,B,3,paragraph_continuation,low_reliability_or_unassigned,,,,
1498,"f112v.21,+P0",f112v,5023,4,qoeedy,R00,S,B,3,paragraph_continuation,low_reliability_or_unassigned,,,,
1499,"f112v.21,+P0",f112v,5023,5,chol,R07,S,B,3,paragraph_continuation,low_reliability_or_unassigned,,,,
1500,"f112v.21,+P0",f112v,5023,6,keedy,R06,S,B,3,paragraph_continuation,low_reliability_or_unassigned,,,,
1501,"f112v.21,+P0",f112v,5023,7,qokaiin,H08,S,B,3,paragraph_continuation,reliable_conditioned,surface_token,qokaiin,meta_L=B,H08
1502,"f112v.21,+P0",f112v,5023,8,shedy,R06,S,B,3,paragraph_continuation,reliable_conditioned,surface_token,shedy,meta_L=B,R06
1503,"f112v.21,+P0",f112v,5023,9,qokeol,H08,S,B,3,paragraph_continuation,low_reliability_or_unassigned,,,,
1504,"f112v.21,+P0",f112v,5023,10,kain,R06,S,B,3,paragraph_continuation,low_reliability_or_unassigned,,,,
1505,"f112v.27,+P0",f112v,5029,1,pchodain,R00,S,B,3,paragraph_continuation,low_reliability_or_unassigned,,,,
1506,"f112v.27,+P0",f112v,5029,2,aiin,R06,S,B,3,paragraph_continuation,reliable_environment_sensitive,surface_token,aiin,global=global,R06
1507,"f112v.27,+P0",f112v,5029,3,teeedy,R06,S,B,3,paragraph_continuation,low_reliability_or_unassigned,,,,
1508,"f112v.27,+P0",f112v,5029,4,qoeey,H07,S,B,3,paragraph_continuation,reliable_global,stolfi_inspired_signature,NG|S_EY|T_ey,global=global,R06
1509,"f112v.27,+P0",f112v,5029,5,okeedy,R00,S,B,3,paragraph_continuation,reliable_conditioned,surface_token,okeedy,meta_L=B,R00
1510,"f112v.27,+P0",f112v,5029,6,qokeear,H08,S,B,3,paragraph_continuation,low_reliability_or_unassigned,,,,
1511,"f112v.27,+P0",f112v,5029,7,al,R06,S,B,3,paragraph_continuation,reliable_environment_sensitive,surface_token,al,global=global,R06
1512,"f112v.27,+P0",f112v,5029,8,okedal,R00,S,B,3,paragraph_continuation,low_reliability_or_unassigned,,,,
1513,"f112v.27,+P0",f112v,5029,9,olkeedy,R00,S,B,3,paragraph_continuation,low_reliability_or_unassigned,,,,
1514,"f112v.27,+P0",f112v,5029,10,qotedy,H17,S,B,3,paragraph_continuation,low_reliability_or_unassigned,,,,
1515,"f112v.33,+P0",f112v,5035,1,or,R06,S,B,3,paragraph_continuation,reliable_global,surface_token,or,global=global,R06
1516,"f112v.33,+P0",f112v,5035,2,cheeor,R00,S,B,3,paragraph_continuation,low_reliability_or_unassigned,,,,
1517,"f112v.33,+P0",f112v,5035,3,okeedy,R00,S,B,3,paragraph_continuation,reliable_conditioned,surface_token,okeedy,meta_L=B,R00
1518,"f112v.33,+P0",f112v,5035,4,qokedy,H12,S,B,3,paragraph_continuation,reliable_conditioned,surface_token,qokedy,meta_L=B,H12
1519,"f112v.33,+P0",f112v,5035,5,qokeedy,H01,S,B,3,paragraph_continuation,low_reliability_or_unassigned,,,,
1520,"f112v.33,+P0",f112v,5035,6,chedaiin,R00,S,B,3,paragraph_continuation,low_reliability_or_unassigned,,,,
1521,"f112v.33,+P0",f112v,5035,7,okeeedy,R00,S,B,3,paragraph_continuation,low_reliability_or_unassigned,,,,
1522,"f112v.33,+P0",f112v,5035,8,otaiin,R10,S,B,3,paragraph_continuation,low_reliability_or_unassigned,,,,
1523,"f112v.33,+P0",f112v,5035,9,cheekey,R00,S,B,3,paragraph_continuation,low_reliability_or_unassigned,,,,
1524,"f112v.33,+P0",f112v,5035,10,chol,R07,S,B,3,paragraph_continuation,low_reliability_or_unassigned,,,,
1525,"f112v.39,+P0",f112v,5041,1,teodarody,R00,S,B,3,paragraph_continuation,low_reliability_or_unassigned,,,,
1526,"f112v.39,+P0",f112v,5041,2,opcheed,R00,S,B,3,paragraph_continuation,low_reliability_or_unassigned,,,,
1527,"f112v.39,+P0",f112v,5041,3,okaiin,R10,S,B,3,paragraph_continuation,reliable_global,surface_token,okaiin,global=global,R10
1528,"f112v.39,+P0",f112v,5041,4,chaiin,R00,S,B,3,paragraph_continuation,low_reliability_or_unassigned,,,,
1529,"f112v.39,+P0",f112v,5041,5,otam,R06,S,B,3,paragraph_continuation,low_reliability_or_unassigned,,,,
1530,"f112v.39,+P0",f112v,5041,6,oteedy,R01,S,B,3,paragraph_continuation,low_reliability_or_unassigned,,,,
1531,"f112v.39,+P0",f112v,5041,7,qoteey,H13,S,B,3,paragraph_continuation,low_reliability_or_unassigned,,,,
1532,"f112v.39,+P0",f112v,5041,8,qotain,H13,S,B,3,paragraph_continuation,low_reliability_or_unassigned,,,,
1533,"f112v.39,+P0",f112v,5041,9,chcthd,R04,S,B,3,paragraph_continuation,low_reliability_or_unassigned,,,,
1534,"f112v.40,+P0",f112v,5042,1,ycheol,R06,S,B,3,paragraph_continuation,low_reliability_or_unassigned,,,,
1535,"f112v.40,+P0",f112v,5042,2,lchedy,R00,S,B,3,paragraph_continuation,reliable_conditioned,broad_shape,LB|edy,meta_L=B,R00
1536,"f112v.40,+P0",f112v,5042,3,chckhy,R00,S,B,3,paragraph_continuation,reliable_environment_sensitive,surface_token,chckhy,global=global,R00
1537,"f112v.40,+P0",f112v,5042,4,cheolchal,R00,S,B,3,paragraph_continuation,low_reliability_or_unassigned,,,,
1538,"f112v.40,+P0",f112v,5042,5,shchy,R06,S,B,3,paragraph_continuation,reliable_global,stolfi_inspired_signature,NG|S_BY|T_y,global=global,R00
1539,"f112v.40,+P0",f112v,5042,6,daiin,R10,S,B,3,paragraph_continuation,good_but_not_reliable_enough,surface_token,daiin,global=global,R10
1540,"f112v.40,+P0",f112v,5042,7,cheolor,R00,S,B,3,paragraph_continuation,low_reliability_or_unassigned,,,,
1541,"f112v.40,+P0",f112v,5042,8,okain,R10,S,B,3,paragraph_continuation,reliable_global,surface_token,okain,global=global,R10
1542,"f112v.40,+P0",f112v,5042,9,chedy,R02,S,B,3,paragraph_continuation,reliable_conditioned,surface_token,chedy,meta_L=B,R02
1543,"f112v.40,+P0",f112v,5042,10,daiin,R10,S,B,3,paragraph_continuation,good_but_not_reliable_enough,surface_token,daiin,global=global,R10
1544,"f112v.41,+P0",f112v,5043,1,ykeedan,R00,S,B,3,paragraph_continuation,low_reliability_or_unassigned,,,,
1545,"f112v.41,+P0",f112v,5043,2,checkhey,R00,S,B,3,paragraph_continuation,low_reliability_or_unassigned,,,,
1546,"f112v.41,+P0",f112v,5043,3,oain,R00,S,B,3,paragraph_continuation,reliable_global,stolfi_inspired_signature,NG|S_OEL|T_in,global=global,R06
1547,"f112v.41,+P0",f112v,5043,4,chol,R07,S,B,3,paragraph_continuation,low_reliability_or_unassigned,,,,
1548,"f113r.15,+P0",f113r,5064,1,chol,R07,S,B,3,paragraph_continuation,low_reliability_or_unassigned,,,,
1549,"f113r.15,+P0",f113r,5064,2,chs,R00,S,B,3,paragraph_continuation,low_reliability_or_unassigned,,,,
1550,"f113r.15,+P0",f113r,5064,3,saiin,R06,S,B,3,paragraph_continuation,reliable_conditioned,surface_token,saiin,meta_L=B,R06
1551,"f113r.15,+P0",f113r,5064,4,chaiiin,R00,S,B,3,paragraph_continuation,low_reliability_or_unassigned,,,,
1552,"f113r.19,+P0",f113r,5068,1,yhal,R06,S,B,3,paragraph_continuation,low_reliability_or_unassigned,,,,
1553,"f113r.19,+P0",f113r,5068,2,cheeo,R00,S,B,3,paragraph_continuation,low_reliability_or_unassigned,,,,
1554,"f113r.19,+P0",f113r,5068,3,rlaiin,R00,S,B,3,paragraph_continuation,low_reliability_or_unassigned,,,,
1555,"f113r.19,+P0",f113r,5068,4,chckhey,R00,S,B,3,paragraph_continuation,low_reliability_or_unassigned,,,,
1556,"f113r.19,+P0",f113r,5068,5,cheol,R00,S,B,3,paragraph_continuation,low_reliability_or_unassigned,,,,
1557,"f113r.24,+P0",f113r,5073,1,dair,R06,S,B,3,paragraph_continuation,low_reliability_or_unassigned,,,,
1558,"f113r.24,+P0",f113r,5073,2,chor,R11,S,B,3,paragraph_continuation,low_reliability_or_unassigned,,,,
1559,"f113r.24,+P0",f113r,5073,3,chopchey,R00,S,B,3,paragraph_continuation,low_reliability_or_unassigned,,,,
1560,"f113r.24,+P0",f113r,5073,4,araiin,R00,S,B,3,paragraph_continuation,low_reliability_or_unassigned,,,,
1561,"f113r.24,+P0",f113r,5073,5,or,R06,S,B,3,paragraph_continuation,reliable_global,surface_token,or,global=global,R06
1562,"f113r.24,+P0",f113r,5073,6,ral,R00,S,B,3,paragraph_continuation,low_reliability_or_unassigned,,,,
1563,"f113r.24,+P0",f113r,5073,7,arody,R00,S,B,3,paragraph_continuation,low_reliability_or_unassigned,,,,
1564,"f113r.28,+P0",f113r,5077,1,sar,R06,S,B,3,paragraph_continuation,low_reliability_or_unassigned,,,,
1565,"f113r.28,+P0",f113r,5077,2,al,R06,S,B,3,paragraph_continuation,reliable_environment_sensitive,surface_token,al,global=global,R06
1566,"f113r.28,+P0",f113r,5077,3,chal,R00,S,B,3,paragraph_continuation,low_reliability_or_unassigned,,,,
1567,"f113r.28,+P0",f113r,5077,4,os,R00,S,B,3,paragraph_continuation,good_but_not_reliable_enough,broad_shape,OX|NONE,global=global,R00
1568,"f113r.28,+P0",f113r,5077,5,akchy,R00,S,B,3,paragraph_continuation,low_reliability_or_unassigned,,,,
1569,"f113r.28,+P0",f113r,5077,6,daiin,R10,S,B,3,paragraph_continuation,good_but_not_reliable_enough,surface_token,daiin,global=global,R10
1570,"f113r.28,+P0",f113r,5077,7,cheeeorain,R00,S,B,3,paragraph_continuation,low_reliability_or_unassigned,,,,
1571,"f113r.28,+P0",f113r,5077,8,otain,R00,S,B,3,paragraph_continuation,low_reliability_or_unassigned,,,,
1572,"f113r.28,+P0",f113r,5077,9,chol,R07,S,B,3,paragraph_continuation,low_reliability_or_unassigned,,,,
1573,"f113r.28,+P0",f113r,5077,10,lcholkaiin,R00,S,B,3,paragraph_continuation,low_reliability_or_unassigned,,,,
1574,"f113r.28,+P0",f113r,5077,11,cheokedy,R00,S,B,3,paragraph_continuation,low_reliability_or_unassigned,,,,
1575,"f113r.28,+P0",f113r,5077,12,loda,R00,S,B,3,paragraph_continuation,low_reliability_or_unassigned,,,,
1576,"f113r.33,+P0",f113r,5082,1,ykeeor,R06,S,B,3,paragraph_continuation,low_reliability_or_unassigned,,,,
1577,"f113r.33,+P0",f113r,5082,2,chear,R00,S,B,3,paragraph_continuation,low_reliability_or_unassigned,,,,
1578,"f113r.33,+P0",f113r,5082,3,okain,R10,S,B,3,paragraph_continuation,reliable_global,surface_token,okain,global=global,R10
1579,"f113r.33,+P0",f113r,5082,4,chear,R00,S,B,3,paragraph_continuation,low_reliability_or_unassigned,,,,
1580,"f113r.33,+P0",f113r,5082,5,chockhy,R00,S,B,3,paragraph_continuation,reliable_environment_sensitive,broad_shape,OXGX|y,global=global,R00
1581,"f113r.36,+P0",f113r,5085,1,dcheey,R06,S,B,3,paragraph_continuation,low_reliability_or_unassigned,,,,
1582,"f113r.36,+P0",f113r,5085,2,sheody,R06,S,B,3,paragraph_continuation,low_reliability_or_unassigned,,,,
1583,"f113r.36,+P0",f113r,5085,3,shedain,R00,S,B,3,paragraph_continuation,low_reliability_or_unassigned,,,,
1584,"f113r.44,+P0",f113r,5093,1,cheeky,R00,S,B,3,paragraph_continuation,low_reliability_or_unassigned,,,,
1585,"f113r.44,+P0",f113r,5093,2,lkedy,R00,S,B,3,paragraph_continuation,low_reliability_or_unassigned,,,,
1586,"f113r.44,+P0",f113r,5093,3,chedy,R02,S,B,3,paragraph_continuation,reliable_conditioned,surface_token,chedy,meta_L=B,R02
1587,"f113r.44,+P0",f113r,5093,4,lkaiin,R00,S,B,3,paragraph_continuation,low_reliability_or_unassigned,,,,
1588,"f113v.12,+P0",f113v,5112,1,solchedy,R00,S,B,3,paragraph_continuation,low_reliability_or_unassigned,,,,
1589,"f113v.12,+P0",f113v,5112,2,otsheody,R00,S,B,3,paragraph_continuation,low_reliability_or_unassigned,,,,
1590,"f113v.12,+P0",f113v,5112,3,arl,R00,S,B,3,paragraph_continuation,low_reliability_or_unassigned,,,,
1591,"f113v.12,+P0",f113v,5112,4,olchey,R00,S,B,3,paragraph_continuation,low_reliability_or_unassigned,,,,
1592,"f113v.12,+P0",f113v,5112,5,oror,R00,S,B,3,paragraph_continuation,low_reliability_or_unassigned,,,,
1593,"f113v.14,+P0",f113v,5114,1,dar,R06,S,B,3,paragraph_continuation,reliable_global,surface_token,dar,global=global,R06
1594,"f113v.14,+P0",f113v,5114,2,al,R06,S,B,3,paragraph_continuation,reliable_environment_sensitive,surface_token,al,global=global,R06
1595,"f113v.14,+P0",f113v,5114,3,sheey,R06,S,B,3,paragraph_continuation,reliable_global,stolfi_inspired_signature,NG|S_EY|T_ey,global=global,R06
1596,"f113v.14,+P0",f113v,5114,4,qotaiin,H13,S,B,3,paragraph_continuation,low_reliability_or_unassigned,,,,
1597,"f113v.14,+P0",f113v,5114,5,chor,R11,S,B,3,paragraph_continuation,low_reliability_or_unassigned,,,,
1598,"f113v.14,+P0",f113v,5114,6,cthol,R07,S,B,3,paragraph_continuation,low_reliability_or_unassigned,,,,
1599,"f113v.14,+P0",f113v,5114,7,okeshos,R00,S,B,3,paragraph_continuation,low_reliability_or_unassigned,,,,
1600,"f113v.14,+P0",f113v,5114,8,olchedy,R00,S,B,3,paragraph_continuation,low_reliability_or_unassigned,,,,
1601,"f113v.14,+P0",f113v,5114,9,qokaiin,H08,S,B,3,paragraph_continuation,reliable_conditioned,surface_token,qokaiin,meta_L=B,H08
1602,"f113v.14,+P0",f113v,5114,10,okal,R07,S,B,3,paragraph_continuation,reliable_global,surface_token,okal,global=global,R07
1603,"f113v.14,+P0",f113v,5114,11,okaiin,R10,S,B,3,paragraph_continuation,reliable_global,surface_token,okaiin,global=global,R10
1604,"f113v.14,+P0",f113v,5114,12,olo,R00,S,B,3,paragraph_continuation,low_reliability_or_unassigned,,,,
1605,"f113v.17,+P0",f113v,5117,1,saraiin,R00,S,B,3,paragraph_continuation,low_reliability_or_unassigned,,,,
1606,"f113v.17,+P0",f113v,5117,2,shedy,R06,S,B,3,paragraph_continuation,reliable_conditioned,surface_token,shedy,meta_L=B,R06
1607,"f113v.17,+P0",f113v,5117,3,lcheey,R00,S,B,3,paragraph_continuation,low_reliability_or_unassigned,,,,
1608,"f113v.17,+P0",f113v,5117,4,olkar,R00,S,B,3,paragraph_continuation,low_reliability_or_unassigned,,,,
1609,"f113v.17,+P0",f113v,5117,5,okaiin,R10,S,B,3,paragraph_continuation,reliable_global,surface_token,okaiin,global=global,R10
1610,"f113v.17,+P0",f113v,5117,6,cthororaiin,R04,S,B,3,paragraph_continuation,low_reliability_or_unassigned,,,,
1611,"f113v.17,+P0",f113v,5117,7,yteeeor,R00,S,B,3,paragraph_continuation,low_reliability_or_unassigned,,,,
1612,"f113v.24,+P0",f113v,5124,1,olkeey,R00,S,B,3,paragraph_continuation,low_reliability_or_unassigned,,,,
1613,"f113v.24,+P0",f113v,5124,2,lcheey,R00,S,B,3,paragraph_continuation,low_reliability_or_unassigned,,,,
1614,"f113v.24,+P0",f113v,5124,3,loar,R00,S,B,3,paragraph_continuation,low_reliability_or_unassigned,,,,
1615,"f113v.24,+P0",f113v,5124,4,cheos,R00,S,B,3,paragraph_continuation,low_reliability_or_unassigned,,,,
1616,"f113v.27,+P0",f113v,5127,1,ycheeolcheeo,R00,S,B,3,paragraph_continuation,low_reliability_or_unassigned,,,,
1617,"f113v.27,+P0",f113v,5127,2,alkeedy,R00,S,B,3,paragraph_continuation,low_reliability_or_unassigned,,,,
1618,"f113v.31,+P0",f113v,5131,1,daiiin,R06,S,B,3,paragraph_continuation,low_reliability_or_unassigned,,,,
1619,"f113v.31,+P0",f113v,5131,2,cheol,R00,S,B,3,paragraph_continuation,low_reliability_or_unassigned,,,,
1620,"f113v.31,+P0",f113v,5131,3,teeoar,R06,S,B,3,paragraph_continuation,low_reliability_or_unassigned,,,,
1621,"f113v.31,+P0",f113v,5131,4,shek,R06,S,B,3,paragraph_continuation,low_reliability_or_unassigned,,,,
1622,"f113v.31,+P0",f113v,5131,5,lchedy,R00,S,B,3,paragraph_continuation,reliable_conditioned,broad_shape,LB|edy,meta_L=B,R00
1623,"f113v.31,+P0",f113v,5131,6,okaiin,R10,S,B,3,paragraph_continuation,reliable_global,surface_token,okaiin,global=global,R10
1624,"f113v.31,+P0",f113v,5131,7,chckhaiin,R00,S,B,3,paragraph_continuation,low_reliability_or_unassigned,,,,
1625,"f113v.31,+P0",f113v,5131,8,otaiin,R10,S,B,3,paragraph_continuation,low_reliability_or_unassigned,,,,
1626,"f113v.31,+P0",f113v,5131,9,otaiin,R10,S,B,3,paragraph_continuation,low_reliability_or_unassigned,,,,
1627,"f113v.31,+P0",f113v,5131,10,araral,R00,S,B,3,paragraph_continuation,low_reliability_or_unassigned,,,,
1628,"f113v.46,+P0",f113v,5146,1,olkaiin,R00,S,B,3,paragraph_continuation,low_reliability_or_unassigned,,,,
1629,"f113v.46,+P0",f113v,5146,2,cheey,R06,S,B,3,paragraph_continuation,reliable_global,stolfi_inspired_signature,NG|S_EY|T_ey,global=global,R06
1630,"f113v.46,+P0",f113v,5146,3,lain,R00,S,B,3,paragraph_continuation,low_reliability_or_unassigned,,,,
1631,"f113v.46,+P0",f113v,5146,4,al,R06,S,B,3,paragraph_continuation,reliable_environment_sensitive,surface_token,al,global=global,R06
1632,"f113v.46,+P0",f113v,5146,5,cheey,R06,S,B,3,paragraph_continuation,reliable_global,stolfi_inspired_signature,NG|S_EY|T_ey,global=global,R06
1633,"f113v.8,+P0",f113v,5108,1,ycheody,R00,S,B,3,paragraph_continuation,low_reliability_or_unassigned,,,,
1634,"f113v.8,+P0",f113v,5108,2,qokeeor,H08,S,B,3,paragraph_continuation,low_reliability_or_unassigned,,,,
1635,"f113v.8,+P0",f113v,5108,3,choltar,R07,S,B,3,paragraph_continuation,low_reliability_or_unassigned,,,,
1636,"f113v.8,+P0",f113v,5108,4,olkam,R00,S,B,3,paragraph_continuation,low_reliability_or_unassigned,,,,
1637,"f113v.8,+P0",f113v,5108,5,chokam,R00,S,B,3,paragraph_continuation,low_reliability_or_unassigned,,,,
1638,"f113v.8,+P0",f113v,5108,6,odal,R00,S,B,3,paragraph_continuation,low_reliability_or_unassigned,,,,
1639,"f113v.8,+P0",f113v,5108,7,sheckhy,R00,S,B,3,paragraph_continuation,good_but_not_reliable_enough,broad_shape,EXGX|y,global=global,R00
1640,"f113v.8,+P0",f113v,5108,8,qokchedy,H10,S,B,3,paragraph_continuation,low_reliability_or_unassigned,,,,
1641,"f113v.8,+P0",f113v,5108,9,otor,R00,S,B,3,paragraph_continuation,low_reliability_or_unassigned,,,,
1642,"f113v.8,+P0",f113v,5108,10,otar,R01,S,B,3,paragraph_continuation,low_reliability_or_unassigned,,,,
1643,"f113v.8,+P0",f113v,5108,11,toky,R06,S,B,3,paragraph_continuation,low_reliability_or_unassigned,,,,
1644,"f113v.9,+P0",f113v,5109,1,dair,R06,S,B,3,paragraph_continuation,low_reliability_or_unassigned,,,,
1645,"f113v.9,+P0",f113v,5109,2,ar,R06,S,B,3,paragraph_continuation,reliable_global,surface_token,ar,global=global,R06
1646,"f113v.9,+P0",f113v,5109,3,okaiin,R10,S,B,3,paragraph_continuation,reliable_global,surface_token,okaiin,global=global,R10
1647,"f113v.9,+P0",f113v,5109,4,chokaiin,R10,S,B,3,paragraph_continuation,low_reliability_or_unassigned,,,,
1648,"f113v.9,+P0",f113v,5109,5,checkhol,R00,S,B,3,paragraph_continuation,low_reliability_or_unassigned,,,,
1649,"f113v.9,+P0",f113v,5109,6,cholkaiin,R07,S,B,3,paragraph_continuation,low_reliability_or_unassigned,,,,
1650,"f113v.9,+P0",f113v,5109,7,olchy,R00,S,B,3,paragraph_continuation,reliable_global,stolfi_inspired_signature,NG|S_BY|T_y,global=global,R00
1651,"f114r.21,+P0",f114r,5170,1,lcheey,R00,S,B,3,paragraph_continuation,low_reliability_or_unassigned,,,,
1652,"f114r.21,+P0",f114r,5170,2,lchedo,R00,S,B,3,paragraph_continuation,low_reliability_or_unassigned,,,,
1653,"f114r.21,+P0",f114r,5170,3,lcheo,R00,S,B,3,paragraph_continuation,low_reliability_or_unassigned,,,,
1654,"f114r.21,+P0",f114r,5170,4,dkair,R06,S,B,3,paragraph_continuation,low_reliability_or_unassigned,,,,
1655,"f114r.3,+P0",f114r,5152,1,ycheod,R06,S,B,3,paragraph_continuation,low_reliability_or_unassigned,,,,
1656,"f114r.34,+Pr",f114r,5183,1,ytain,R06,S,B,3,paragraph_continuation,low_reliability_or_unassigned,,,,
1657,"f114r.34,+Pr",f114r,5183,2,olkaiin,R00,S,B,3,paragraph_continuation,low_reliability_or_unassigned,,,,
1658,"f114r.34,+Pr",f114r,5183,3,ykar,R06,S,B,3,paragraph_continuation,low_reliability_or_unassigned,,,,
1659,"f114r.34,+Pr",f114r,5183,4,chdar,R00,S,B,3,paragraph_continuation,low_reliability_or_unassigned,,,,
1660,"f114r.34,+Pr",f114r,5183,5,alkam,R00,S,B,3,paragraph_continuation,low_reliability_or_unassigned,,,,
1661,"f114r.4,+P0",f114r,5153,1,fdeechdy,R00,S,B,3,paragraph_continuation,low_reliability_or_unassigned,,,,
1662,"f114r.4,+P0",f114r,5153,2,opchedaiin,R00,S,B,3,paragraph_continuation,low_reliability_or_unassigned,,,,
1663,"f114r.4,+P0",f114r,5153,3,ypchedy,R00,S,B,3,paragraph_continuation,low_reliability_or_unassigned,,,,
1664,"f114r.4,+P0",f114r,5153,4,odaly,R00,S,B,3,paragraph_continuation,low_reliability_or_unassigned,,,,
1665,"f114r.4,+P0",f114r,5153,5,chedy,R02,S,B,3,paragraph_continuation,reliable_conditioned,surface_token,chedy,meta_L=B,R02
1666,"f114r.4,+P0",f114r,5153,6,qop,R00,S,B,3,paragraph_continuation,low_reliability_or_unassigned,,,,
1667,"f114r.4,+P0",f114r,5153,7,cheokaiin,R00,S,B,3,paragraph_continuation,low_reliability_or_unassigned,,,,
1668,"f114r.4,+P0",f114r,5153,8,shedy,R06,S,B,3,paragraph_continuation,reliable_conditioned,surface_token,shedy,meta_L=B,R06
1669,"f114r.4,+P0",f114r,5153,9,podair,R06,S,B,3,paragraph_continuation,low_reliability_or_unassigned,,,,
1670,"f114r.4,+P0",f114r,5153,10,ochedal,R09,S,B,3,paragraph_continuation,low_reliability_or_unassigned,,,,
1671,"f114r.44,+P0",f114r,5193,1,ydaiin,R06,S,B,3,paragraph_continuation,low_reliability_or_unassigned,,,,
1672,"f114r.44,+P0",f114r,5193,2,chedy,R02,S,B,3,paragraph_continuation,reliable_conditioned,surface_token,chedy,meta_L=B,R02
1673,"f114r.44,+P0",f114r,5193,3,qoal,H07,S,B,3,paragraph_continuation,low_reliability_or_unassigned,,,,
1674,"f114r.44,+P0",f114r,5193,4,cheey,R06,S,B,3,paragraph_continuation,reliable_global,stolfi_inspired_signature,NG|S_EY|T_ey,global=global,R06
1675,"f114r.44,+P0",f114r,5193,5,qokair,H08,S,B,3,paragraph_continuation,low_reliability_or_unassigned,,,,
1676,"f114r.44,+P0",f114r,5193,6,okeedy,R00,S,B,3,paragraph_continuation,reliable_conditioned,surface_token,okeedy,meta_L=B,R00
1677,"f114r.44,+P0",f114r,5193,7,chotal,R00,S,B,3,paragraph_continuation,low_reliability_or_unassigned,,,,
1678,"f114r.44,+P0",f114r,5193,8,chol,R07,S,B,3,paragraph_continuation,low_reliability_or_unassigned,,,,
1679,"f114r.44,+P0",f114r,5193,9,okain,R10,S,B,3,paragraph_continuation,reliable_global,surface_token,okain,global=global,R10
1680,"f114r.44,+P0",f114r,5193,10,ar,R06,S,B,3,paragraph_continuation,reliable_global,surface_token,ar,global=global,R06
1681,"f114r.44,+P0",f114r,5193,11,da,R06,S,B,3,paragraph_continuation,low_reliability_or_unassigned,,,,
1682,"f114r.44,+P0",f114r,5193,12,opaiin,R00,S,B,3,paragraph_continuation,low_reliability_or_unassigned,,,,
1683,"f114r.45,+P0",f114r,5194,1,dain,R06,S,B,3,paragraph_continuation,reliable_global,stolfi_inspired_signature,NG|S_OEL|T_in,global=global,R06
1684,"f114r.45,+P0",f114r,5194,2,ched,R00,S,B,3,paragraph_continuation,low_reliability_or_unassigned,,,,
1685,"f114r.45,+P0",f114r,5194,3,chodaiin,R00,S,B,3,paragraph_continuation,low_reliability_or_unassigned,,,,
1686,"f114r.45,+P0",f114r,5194,4,otain,R00,S,B,3,paragraph_continuation,low_reliability_or_unassigned,,,,
1687,"f114r.45,+P0",f114r,5194,5,chdar,R00,S,B,3,paragraph_continuation,low_reliability_or_unassigned,,,,
1688,"f114r.45,+P0",f114r,5194,6,chedy,R02,S,B,3,paragraph_continuation,reliable_conditioned,surface_token,chedy,meta_L=B,R02
1689,"f114r.45,+P0",f114r,5194,7,chocthy,R00,S,B,3,paragraph_continuation,reliable_environment_sensitive,broad_shape,OXGX|y,global=global,R00
1690,"f114v.10,+P0",f114v,5204,1,olkees,R00,S,B,3,paragraph_continuation,low_reliability_or_unassigned,,,,
1691,"f114v.10,+P0",f114v,5204,2,chedaiin,R00,S,B,3,paragraph_continuation,low_reliability_or_unassigned,,,,
1692,"f114v.10,+P0",f114v,5204,3,qotaiin,H13,S,B,3,paragraph_continuation,low_reliability_or_unassigned,,,,
1693,"f114v.10,+P0",f114v,5204,4,olchedaiin,R00,S,B,3,paragraph_continuation,low_reliability_or_unassigned,,,,
1694,"f114v.10,+P0",f114v,5204,5,chedain,R00,S,B,3,paragraph_continuation,low_reliability_or_unassigned,,,,
1695,"f114v.10,+P0",f114v,5204,6,dain,R06,S,B,3,paragraph_continuation,reliable_global,stolfi_inspired_signature,NG|S_OEL|T_in,global=global,R06
1696,"f114v.10,+P0",f114v,5204,7,chcthdy,R04,S,B,3,paragraph_continuation,low_reliability_or_unassigned,,,,
1697,"f114v.13,+P0",f114v,5207,1,sheedy,R06,S,B,3,paragraph_continuation,reliable_environment_sensitive,surface_token,sheedy,global=global,R06
1698,"f114v.13,+P0",f114v,5207,2,qoteeosoiiin,H13,S,B,3,paragraph_continuation,low_reliability_or_unassigned,,,,
1699,"f114v.13,+P0",f114v,5207,3,chcthain,R04,S,B,3,paragraph_continuation,low_reliability_or_unassigned,,,,
1700,"f114v.17,+P0",f114v,5211,1,sheoal,R06,S,B,3,paragraph_continuation,low_reliability_or_unassigned,,,,
1701,"f114v.17,+P0",f114v,5211,2,chos,R00,S,B,3,paragraph_continuation,good_but_not_reliable_enough,broad_shape,OX|NONE,global=global,R00
1702,"f114v.17,+P0",f114v,5211,3,oaiiralchedy,R00,S,B,3,paragraph_continuation,low_reliability_or_unassigned,,,,
1703,"f114v.17,+P0",f114v,5211,4,chcphedy,R00,S,B,3,paragraph_continuation,low_reliability_or_unassigned,,,,
1704,"f114v.17,+P0",f114v,5211,5,okary,R00,S,B,3,paragraph_continuation,low_reliability_or_unassigned,,,,
1705,"f114v.25,+P0",f114v,5219,1,sor,R06,S,B,3,paragraph_continuation,low_reliability_or_unassigned,,,,
1706,"f114v.25,+P0",f114v,5219,2,aiin,R06,S,B,3,paragraph_continuation,reliable_environment_sensitive,surface_token,aiin,global=global,R06
1707,"f114v.25,+P0",f114v,5219,3,otchedy,R00,S,B,3,paragraph_continuation,low_reliability_or_unassigned,,,,
1708,"f114v.25,+P0",f114v,5219,4,otaiin,R10,S,B,3,paragraph_continuation,low_reliability_or_unassigned,,,,
1709,"f114v.25,+P0",f114v,5219,5,alkain,R00,S,B,3,paragraph_continuation,low_reliability_or_unassigned,,,,
1710,"f114v.25,+P0",f114v,5219,6,okeedy,R00,S,B,3,paragraph_continuation,reliable_conditioned,surface_token,okeedy,meta_L=B,R00
1711,"f114v.32,+P0",f114v,5226,1,ycheol,R06,S,B,3,paragraph_continuation,low_reliability_or_unassigned,,,,
1712,"f114v.32,+P0",f114v,5226,2,oleey,R00,S,B,3,paragraph_continuation,reliable_global,stolfi_inspired_signature,NG|S_EY|T_ey,global=global,R06
1713,"f114v.32,+P0",f114v,5226,3,cheoaiin,R00,S,B,3,paragraph_continuation,low_reliability_or_unassigned,,,,
1714,"f114v.32,+P0",f114v,5226,4,chetaiin,R00,S,B,3,paragraph_continuation,low_reliability_or_unassigned,,,,
1715,"f114v.32,+P0",f114v,5226,5,sheeodain,R00,S,B,3,paragraph_continuation,low_reliability_or_unassigned,,,,
1716,"f114v.4,+P0",f114v,5198,1,qokedy,H12,S,B,3,paragraph_continuation,reliable_conditioned,surface_token,qokedy,meta_L=B,H12
1717,"f114v.4,+P0",f114v,5198,2,cheocthedy,R04,S,B,3,paragraph_continuation,low_reliability_or_unassigned,,,,
1718,"f114v.4,+P0",f114v,5198,3,qoted,H13,S,B,3,paragraph_continuation,low_reliability_or_unassigned,,,,
1719,"f114v.4,+P0",f114v,5198,4,qotedol,H13,S,B,3,paragraph_continuation,low_reliability_or_unassigned,,,,
1720,"f114v.4,+P0",f114v,5198,5,chedar,R00,S,B,3,paragraph_continuation,low_reliability_or_unassigned,,,,
1721,"f114v.4,+P0",f114v,5198,6,qotedy,H17,S,B,3,paragraph_continuation,low_reliability_or_unassigned,,,,
1722,"f114v.4,+P0",f114v,5198,7,okeedy,R00,S,B,3,paragraph_continuation,reliable_conditioned,surface_token,okeedy,meta_L=B,R00
1723,"f114v.4,+P0",f114v,5198,8,daiin,R10,S,B,3,paragraph_continuation,good_but_not_reliable_enough,surface_token,daiin,global=global,R10
1724,"f114v.4,+P0",f114v,5198,9,chedaiin,R00,S,B,3,paragraph_continuation,low_reliability_or_unassigned,,,,
1725,"f114v.4,+P0",f114v,5198,10,oky,R00,S,B,3,paragraph_continuation,reliable_environment_sensitive,surface_token,oky,global=global,R00
1726,"f114v.8,+P0",f114v,5202,1,pchedchdy,R00,S,B,3,paragraph_continuation,low_reliability_or_unassigned,,,,
1727,"f114v.8,+P0",f114v,5202,2,qoteedy,H01,S,B,3,paragraph_continuation,low_reliability_or_unassigned,,,,
1728,"f114v.8,+P0",f114v,5202,3,qokedain,H08,S,B,3,paragraph_continuation,low_reliability_or_unassigned,,,,
1729,"f114v.8,+P0",f114v,5202,4,chdaiin,R10,S,B,3,paragraph_continuation,low_reliability_or_unassigned,,,,
1730,"f114v.8,+P0",f114v,5202,5,qokedy,H12,S,B,3,paragraph_continuation,reliable_conditioned,surface_token,qokedy,meta_L=B,H12
1731,"f114v.8,+P0",f114v,5202,6,chedain,R00,S,B,3,paragraph_continuation,low_reliability_or_unassigned,,,,
1732,"f114v.8,+P0",f114v,5202,7,qoeedy,R00,S,B,3,paragraph_continuation,low_reliability_or_unassigned,,,,
1733,"f114v.8,+P0",f114v,5202,8,qotey,H13,S,B,3,paragraph_continuation,low_reliability_or_unassigned,,,,
1734,"f114v.8,+P0",f114v,5202,9,qotaiin,H13,S,B,3,paragraph_continuation,low_reliability_or_unassigned,,,,
1735,"f114v.9,+P0",f114v,5203,1,soes,R06,S,B,3,paragraph_continuation,low_reliability_or_unassigned,,,,
1736,"f114v.9,+P0",f114v,5203,2,oeeos,R00,S,B,3,paragraph_continuation,low_reliability_or_unassigned,,,,
1737,"f114v.9,+P0",f114v,5203,3,aiin,R06,S,B,3,paragraph_continuation,reliable_environment_sensitive,surface_token,aiin,global=global,R06
1738,"f114v.9,+P0",f114v,5203,4,olkeey,R00,S,B,3,paragraph_continuation,low_reliability_or_unassigned,,,,
1739,"f114v.9,+P0",f114v,5203,5,keol,R06,S,B,3,paragraph_continuation,low_reliability_or_unassigned,,,,
1740,"f114v.9,+P0",f114v,5203,6,qotcheedy,H17,S,B,3,paragraph_continuation,low_reliability_or_unassigned,,,,
1741,"f114v.9,+P0",f114v,5203,7,qockhed,H07,S,B,3,paragraph_continuation,low_reliability_or_unassigned,,,,
1742,"f114v.9,+P0",f114v,5203,8,skaiin,R06,S,B,3,paragraph_continuation,low_reliability_or_unassigned,,,,
1743,"f114v.9,+P0",f114v,5203,9,sheedy,R06,S,B,3,paragraph_continuation,reliable_environment_sensitive,surface_token,sheedy,global=global,R06
1744,"f114v.9,+P0",f114v,5203,10,qotal,H13,S,B,3,paragraph_continuation,low_reliability_or_unassigned,,,,
1745,"f114v.9,+P0",f114v,5203,11,chedy,R02,S,B,3,paragraph_continuation,reliable_conditioned,surface_token,chedy,meta_L=B,R02
1746,"f115r.11,+P0",f115r,5246,1,daiin,R10,S,B,@,paragraph_continuation,good_but_not_reliable_enough,surface_token,daiin,global=global,R10
1747,"f115r.11,+P0",f115r,5246,2,chedy,R02,S,B,@,paragraph_continuation,reliable_conditioned,surface_token,chedy,meta_L=B,R02
1748,"f115r.11,+P0",f115r,5246,3,chol,R07,S,B,@,paragraph_continuation,low_reliability_or_unassigned,,,,
1749,"f115r.11,+P0",f115r,5246,4,chedy,R02,S,B,@,paragraph_continuation,reliable_conditioned,surface_token,chedy,meta_L=B,R02
1750,"f115r.11,+P0",f115r,5246,5,qokiin,H08,S,B,@,paragraph_continuation,low_reliability_or_unassigned,,,,
1751,"f115r.11,+P0",f115r,5246,6,qokcheedy,H12,S,B,@,paragraph_continuation,low_reliability_or_unassigned,,,,
1752,"f115r.11,+P0",f115r,5246,7,qototeeey,H13,S,B,@,paragraph_continuation,low_reliability_or_unassigned,,,,
1753,"f115r.11,+P0",f115r,5246,8,rain,R00,S,B,@,paragraph_continuation,low_reliability_or_unassigned,,,,
1754,"f115r.11,+P0",f115r,5246,9,cheo,R00,S,B,@,paragraph_continuation,low_reliability_or_unassigned,,,,
1755,"f115r.11,+P0",f115r,5246,10,chkain,R00,S,B,@,paragraph_continuation,low_reliability_or_unassigned,,,,
1756,"f115r.11,+P0",f115r,5246,11,cho,R00,S,B,@,paragraph_continuation,low_reliability_or_unassigned,,,,
1757,"f115r.11,+P0",f115r,5246,12,lory,R00,S,B,@,paragraph_continuation,low_reliability_or_unassigned,,,,
1758,"f115r.16,+P0",f115r,5251,1,dshedy,R06,S,B,@,paragraph_continuation,low_reliability_or_unassigned,,,,
1759,"f115r.16,+P0",f115r,5251,2,qotshedy,H17,S,B,@,paragraph_continuation,low_reliability_or_unassigned,,,,
1760,"f115r.16,+P0",f115r,5251,3,dar,R06,S,B,@,paragraph_continuation,reliable_global,surface_token,dar,global=global,R06
1761,"f115r.16,+P0",f115r,5251,4,oltedy,R00,S,B,@,paragraph_continuation,low_reliability_or_unassigned,,,,
1762,"f115r.16,+P0",f115r,5251,5,qotar,H13,S,B,@,paragraph_continuation,low_reliability_or_unassigned,,,,
1763,"f115r.16,+P0",f115r,5251,6,chodar,R00,S,B,@,paragraph_continuation,low_reliability_or_unassigned,,,,
1764,"f115r.16,+P0",f115r,5251,7,cheocthy,R04,S,B,@,paragraph_continuation,low_reliability_or_unassigned,,,,
1765,"f115r.16,+P0",f115r,5251,8,chdy,R02,S,B,@,paragraph_continuation,reliable_conditioned,surface_token,chdy,meta_L=B,R02
1766,"f115r.16,+P0",f115r,5251,9,qotor,H13,S,B,@,paragraph_continuation,low_reliability_or_unassigned,,,,
1767,"f115r.16,+P0",f115r,5251,10,otchdy,R00,S,B,@,paragraph_continuation,low_reliability_or_unassigned,,,,
1768,"f115r.16,+P0",f115r,5251,11,qotolchd,H13,S,B,@,paragraph_continuation,low_reliability_or_unassigned,,,,
1769,"f115r.17,+P0",f115r,5252,1,qol,R00,S,B,@,paragraph_continuation,low_reliability_or_unassigned,,,,
1770,"f115r.17,+P0",f115r,5252,2,cheey,R06,S,B,@,paragraph_continuation,reliable_global,stolfi_inspired_signature,NG|S_EY|T_ey,global=global,R06
1771,"f115r.17,+P0",f115r,5252,3,qotchy,H13,S,B,@,paragraph_continuation,low_reliability_or_unassigned,,,,
1772,"f115r.17,+P0",f115r,5252,4,daiin,R10,S,B,@,paragraph_continuation,good_but_not_reliable_enough,surface_token,daiin,global=global,R10
1773,"f115r.17,+P0",f115r,5252,5,daiin,R10,S,B,@,paragraph_continuation,good_but_not_reliable_enough,surface_token,daiin,global=global,R10
1774,"f115r.17,+P0",f115r,5252,6,cheocthy,R04,S,B,@,paragraph_continuation,low_reliability_or_unassigned,,,,
1775,"f115r.17,+P0",f115r,5252,7,dolkeedy,R00,S,B,@,paragraph_continuation,low_reliability_or_unassigned,,,,
1776,"f115r.17,+P0",f115r,5252,8,qotaiin,H13,S,B,@,paragraph_continuation,low_reliability_or_unassigned,,,,
1777,"f115r.17,+P0",f115r,5252,9,chol,R07,S,B,@,paragraph_continuation,low_reliability_or_unassigned,,,,
1778,"f115r.17,+P0",f115r,5252,10,oteeedchey,R01,S,B,@,paragraph_continuation,low_reliability_or_unassigned,,,,
1779,"f115r.17,+P0",f115r,5252,11,okeedain,R00,S,B,@,paragraph_continuation,low_reliability_or_unassigned,,,,
1780,"f115r.18,+P0",f115r,5253,1,cheol,R00,S,B,@,paragraph_continuation,low_reliability_or_unassigned,,,,
1781,"f115r.18,+P0",f115r,5253,2,lcheey,R00,S,B,@,paragraph_continuation,low_reliability_or_unassigned,,,,
1782,"f115r.18,+P0",f115r,5253,3,okcho,R00,S,B,@,paragraph_continuation,low_reliability_or_unassigned,,,,
1783,"f115r.18,+P0",f115r,5253,4,keedor,R06,S,B,@,paragraph_continuation,low_reliability_or_unassigned,,,,
1784,"f115r.18,+P0",f115r,5253,5,ykechey,R00,S,B,@,paragraph_continuation,low_reliability_or_unassigned,,,,
1785,"f115r.18,+P0",f115r,5253,6,chchdy,R00,S,B,@,paragraph_continuation,low_reliability_or_unassigned,,,,
1786,"f115r.28,+P0",f115r,5263,1,cheo,R00,S,B,@,paragraph_continuation,low_reliability_or_unassigned,,,,
1787,"f115r.28,+P0",f115r,5263,2,chos,R00,S,B,@,paragraph_continuation,good_but_not_reliable_enough,broad_shape,OX|NONE,global=global,R00
1788,"f115r.28,+P0",f115r,5263,3,al,R06,S,B,@,paragraph_continuation,reliable_environment_sensitive,surface_token,al,global=global,R06
1789,"f115r.28,+P0",f115r,5263,4,saiin,R06,S,B,@,paragraph_continuation,reliable_conditioned,surface_token,saiin,meta_L=B,R06
1790,"f115r.28,+P0",f115r,5263,5,cheody,R00,S,B,@,paragraph_continuation,low_reliability_or_unassigned,,,,
1791,"f115r.28,+P0",f115r,5263,6,llsan,R00,S,B,@,paragraph_continuation,low_reliability_or_unassigned,,,,
1792,"f115r.28,+P0",f115r,5263,7,arorochees,R00,S,B,@,paragraph_continuation,low_reliability_or_unassigned,,,,
1793,"f115r.34,+P0",f115r,5269,1,cheeo,R00,S,B,@,paragraph_continuation,low_reliability_or_unassigned,,,,
1794,"f115r.34,+P0",f115r,5269,2,lkeeey,R00,S,B,@,paragraph_continuation,good_but_not_reliable_enough,stolfi_inspired_signature,G_k|S_LGEY|T_eey,global=global,R00
1795,"f115r.34,+P0",f115r,5269,3,okeey,R06,S,B,@,paragraph_continuation,low_reliability_or_unassigned,,,,
1796,"f115r.34,+P0",f115r,5269,4,raiin,R00,S,B,@,paragraph_continuation,low_reliability_or_unassigned,,,,
1797,"f115r.34,+P0",f115r,5269,5,cheky,R06,S,B,@,paragraph_continuation,low_reliability_or_unassigned,,,,
1798,"f115r.38,+P0",f115r,5273,1,dor,R06,S,B,@,paragraph_continuation,low_reliability_or_unassigned,,,,
1799,"f115r.38,+P0",f115r,5273,2,cheol,R00,S,B,@,paragraph_continuation,low_reliability_or_unassigned,,,,
1800,"f115r.38,+P0",f115r,5273,3,chot,R00,S,B,@,paragraph_continuation,low_reliability_or_unassigned,,,,
1801,"f115r.38,+P0",f115r,5273,4,qotchy,H13,S,B,@,paragraph_continuation,low_reliability_or_unassigned,,,,
1802,"f115r.38,+P0",f115r,5273,5,qokchy,H08,S,B,@,paragraph_continuation,low_reliability_or_unassigned,,,,
1803,"f115r.38,+P0",f115r,5273,6,sol,R06,S,B,@,paragraph_continuation,good_but_not_reliable_enough,surface_token,sol,global=global,R06
1804,"f115r.38,+P0",f115r,5273,7,raiin,R00,S,B,@,paragraph_continuation,low_reliability_or_unassigned,,,,
1805,"f115r.38,+P0",f115r,5273,8,shey,R06,S,B,@,paragraph_continuation,reliable_global,stolfi_inspired_signature,NG|S_EY|T_y,global=global,R06
1806,"f115r.38,+P0",f115r,5273,9,kchedy,R06,S,B,@,paragraph_continuation,low_reliability_or_unassigned,,,,
1807,"f115r.38,+P0",f115r,5273,10,daiin,R10,S,B,@,paragraph_continuation,good_but_not_reliable_enough,surface_token,daiin,global=global,R10
1808,"f115r.38,+P0",f115r,5273,11,shedy,R06,S,B,@,paragraph_continuation,reliable_conditioned,surface_token,shedy,meta_L=B,R06
1809,"f115r.38,+P0",f115r,5273,12,qoty,H01,S,B,@,paragraph_continuation,low_reliability_or_unassigned,,,,
1810,"f115r.4,+P0",f115r,5239,1,dchedain,R00,S,B,@,paragraph_continuation,low_reliability_or_unassigned,,,,
1811,"f115r.4,+P0",f115r,5239,2,qokeedy,H01,S,B,@,paragraph_continuation,low_reliability_or_unassigned,,,,
1812,"f115r.4,+P0",f115r,5239,3,olkeechdy,R00,S,B,@,paragraph_continuation,low_reliability_or_unassigned,,,,
1813,"f115r.4,+P0",f115r,5239,4,chor,R11,S,B,@,paragraph_continuation,low_reliability_or_unassigned,,,,
1814,"f115r.4,+P0",f115r,5239,5,chey,R06,S,B,@,paragraph_continuation,reliable_global,stolfi_inspired_signature,NG|S_EY|T_y,global=global,R06
1815,"f115r.4,+P0",f115r,5239,6,kchor,R06,S,B,@,paragraph_continuation,low_reliability_or_unassigned,,,,
1816,"f115r.4,+P0",f115r,5239,7,orchedar,R00,S,B,@,paragraph_continuation,low_reliability_or_unassigned,,,,
1817,"f115r.4,+P0",f115r,5239,8,otar,R01,S,B,@,paragraph_continuation,low_reliability_or_unassigned,,,,
1818,"f115r.4,+P0",f115r,5239,9,sheod,R06,S,B,@,paragraph_continuation,low_reliability_or_unassigned,,,,
1819,"f115r.4,+P0",f115r,5239,10,qoteedy,H01,S,B,@,paragraph_continuation,low_reliability_or_unassigned,,,,
1820,"f115r.4,+P0",f115r,5239,11,dardyr,R06,S,B,@,paragraph_continuation,low_reliability_or_unassigned,,,,
1821,"f115r.5,+P0",f115r,5240,1,ycheedy,R00,S,B,@,paragraph_continuation,low_reliability_or_unassigned,,,,
1822,"f115r.5,+P0",f115r,5240,2,chedar,R00,S,B,@,paragraph_continuation,low_reliability_or_unassigned,,,,
1823,"f115r.5,+P0",f115r,5240,3,olkees,R00,S,B,@,paragraph_continuation,low_reliability_or_unassigned,,,,
1824,"f115r.5,+P0",f115r,5240,4,sheed,R06,S,B,@,paragraph_continuation,low_reliability_or_unassigned,,,,
1825,"f115r.5,+P0",f115r,5240,5,qodain,H07,S,B,@,paragraph_continuation,low_reliability_or_unassigned,,,,
1826,"f115r.5,+P0",f115r,5240,6,qoteedy,H01,S,B,@,paragraph_continuation,low_reliability_or_unassigned,,,,
1827,"f115r.5,+P0",f115r,5240,7,qokedy,H12,S,B,@,paragraph_continuation,reliable_conditioned,surface_token,qokedy,meta_L=B,H12
1828,"f115r.5,+P0",f115r,5240,8,qokeed,H08,S,B,@,paragraph_continuation,low_reliability_or_unassigned,,,,
1829,"f115r.5,+P0",f115r,5240,9,lchedar,R00,S,B,@,paragraph_continuation,low_reliability_or_unassigned,,,,
1830,"f115r.5,+P0",f115r,5240,10,qotchedy,H15,S,B,@,paragraph_continuation,low_reliability_or_unassigned,,,,
1831,"f115r.5,+P0",f115r,5240,11,ro,R00,S,B,@,paragraph_continuation,low_reliability_or_unassigned,,,,
1832,"f115v.14,+P0",f115v,5294,1,okeeokaiin,R10,S,B,3,paragraph_continuation,low_reliability_or_unassigned,,,,
1833,"f115v.14,+P0",f115v,5294,2,lkeeey,R00,S,B,3,paragraph_continuation,good_but_not_reliable_enough,stolfi_inspired_signature,G_k|S_LGEY|T_eey,global=global,R00
1834,"f115v.14,+P0",f115v,5294,3,lkor,R00,S,B,3,paragraph_continuation,low_reliability_or_unassigned,,,,
1835,"f115v.14,+P0",f115v,5294,4,sheedy,R06,S,B,3,paragraph_continuation,reliable_environment_sensitive,surface_token,sheedy,global=global,R06
1836,"f115v.14,+P0",f115v,5294,5,chockhy,R00,S,B,3,paragraph_continuation,reliable_environment_sensitive,broad_shape,OXGX|y,global=global,R00
1837,"f115v.14,+P0",f115v,5294,6,qockheedy,H21,S,B,3,paragraph_continuation,low_reliability_or_unassigned,,,,
1838,"f115v.14,+P0",f115v,5294,7,qokechy,H08,S,B,3,paragraph_continuation,low_reliability_or_unassigned,,,,
1839,"f115v.14,+P0",f115v,5294,8,lkeey,R00,S,B,3,paragraph_continuation,good_but_not_reliable_enough,stolfi_inspired_signature,G_k|S_LGEY|T_eey,global=global,R00
1840,"f115v.14,+P0",f115v,5294,9,ldaiin,R00,S,B,3,paragraph_continuation,low_reliability_or_unassigned,,,,
1841,"f115v.30,+P0",f115v,5310,1,ycheedaiin,R00,S,B,3,paragraph_continuation,low_reliability_or_unassigned,,,,
1842,"f115v.30,+P0",f115v,5310,2,ol,R06,S,B,3,paragraph_continuation,reliable_environment_sensitive,surface_token,ol,global=global,R06
1843,"f115v.30,+P0",f115v,5310,3,chlor,R00,S,B,3,paragraph_continuation,good_but_not_reliable_enough,broad_shape,L|or,global=global,R00
1844,"f115v.30,+P0",f115v,5310,4,lkchedy,R00,S,B,3,paragraph_continuation,low_reliability_or_unassigned,,,,
1845,"f115v.30,+P0",f115v,5310,5,rchedar,R00,S,B,3,paragraph_continuation,low_reliability_or_unassigned,,,,
1846,"f115v.30,+P0",f115v,5310,6,oteedal,R01,S,B,3,paragraph_continuation,low_reliability_or_unassigned,,,,
1847,"f115v.30,+P0",f115v,5310,7,ar,R06,S,B,3,paragraph_continuation,reliable_global,surface_token,ar,global=global,R06
1848,"f115v.30,+P0",f115v,5310,8,lky,R00,S,B,3,paragraph_continuation,low_reliability_or_unassigned,,,,
1849,"f115v.32,+P0",f115v,5312,1,ykchedy,R00,S,B,3,paragraph_continuation,low_reliability_or_unassigned,,,,
1850,"f115v.32,+P0",f115v,5312,2,okar,R03,S,B,3,paragraph_continuation,low_reliability_or_unassigned,,,,
1851,"f115v.32,+P0",f115v,5312,3,chedar,R00,S,B,3,paragraph_continuation,low_reliability_or_unassigned,,,,
1852,"f115v.32,+P0",f115v,5312,4,rolsheedy,R00,S,B,3,paragraph_continuation,low_reliability_or_unassigned,,,,
1853,"f115v.32,+P0",f115v,5312,5,lkchdy,R00,S,B,3,paragraph_continuation,low_reliability_or_unassigned,,,,
1854,"f115v.32,+P0",f115v,5312,6,chddy,R00,S,B,3,paragraph_continuation,low_reliability_or_unassigned,,,,
1855,"f115v.32,+P0",f115v,5312,7,chedy,R02,S,B,3,paragraph_continuation,reliable_conditioned,surface_token,chedy,meta_L=B,R02
1856,"f115v.32,+P0",f115v,5312,8,cheey,R06,S,B,3,paragraph_continuation,reliable_global,stolfi_inspired_signature,NG|S_EY|T_ey,global=global,R06
1857,"f115v.32,+P0",f115v,5312,9,teeodaiin,R10,S,B,3,paragraph_continuation,low_reliability_or_unassigned,,,,
1858,"f115v.33,+P0",f115v,5313,1,ychedal,R09,S,B,3,paragraph_continuation,low_reliability_or_unassigned,,,,
1859,"f115v.33,+P0",f115v,5313,2,qotchy,H13,S,B,3,paragraph_continuation,low_reliability_or_unassigned,,,,
1860,"f115v.33,+P0",f115v,5313,3,chcthy,R04,S,B,3,paragraph_continuation,low_reliability_or_unassigned,,,,
1861,"f115v.33,+P0",f115v,5313,4,chdal,R09,S,B,3,paragraph_continuation,low_reliability_or_unassigned,,,,
1862,"f115v.33,+P0",f115v,5313,5,lchedy,R00,S,B,3,paragraph_continuation,reliable_conditioned,broad_shape,LB|edy,meta_L=B,R00
1863,"f115v.39,+P0",f115v,5319,1,dairal,R06,S,B,3,paragraph_continuation,low_reliability_or_unassigned,,,,
1864,"f115v.39,+P0",f115v,5319,2,chain,R00,S,B,3,paragraph_continuation,reliable_global,stolfi_inspired_signature,NG|S_OEL|T_in,global=global,R06
1865,"f115v.39,+P0",f115v,5319,3,ykeedy,R00,S,B,3,paragraph_continuation,low_reliability_or_unassigned,,,,
1866,"f115v.39,+P0",f115v,5319,4,qokedy,H12,S,B,3,paragraph_continuation,reliable_conditioned,surface_token,qokedy,meta_L=B,H12
1867,"f115v.39,+P0",f115v,5319,5,qokain,H08,S,B,3,paragraph_continuation,low_reliability_or_unassigned,,,,
1868,"f115v.39,+P0",f115v,5319,6,lkaiin,R00,S,B,3,paragraph_continuation,low_reliability_or_unassigned,,,,
1869,"f115v.39,+P0",f115v,5319,7,lkchey,R00,S,B,3,paragraph_continuation,low_reliability_or_unassigned,,,,
1870,"f115v.39,+P0",f115v,5319,8,lkain,R00,S,B,3,paragraph_continuation,low_reliability_or_unassigned,,,,
1871,"f115v.39,+P0",f115v,5319,9,lror,R00,S,B,3,paragraph_continuation,good_but_not_reliable_enough,broad_shape,L|or,global=global,R00
1872,"f116r.14,+P0",f116r,5339,1,sain,R06,S,B,3,paragraph_continuation,reliable_global,stolfi_inspired_signature,NG|S_OEL|T_in,global=global,R06
1873,"f116r.14,+P0",f116r,5339,2,cheychear,R00,S,B,3,paragraph_continuation,low_reliability_or_unassigned,,,,
1874,"f116r.14,+P0",f116r,5339,3,ain,R06,S,B,3,paragraph_continuation,reliable_global,stolfi_inspired_signature,NG|S_OEL|T_in,global=global,R06
1875,"f116r.14,+P0",f116r,5339,4,chll,R00,S,B,3,paragraph_continuation,low_reliability_or_unassigned,,,,
1876,"f116r.14,+P0",f116r,5339,5,s,R06,S,B,3,paragraph_continuation,reliable_global,broad_shape,X|NONE,global=global,R06
1877,"f116r.14,+P0",f116r,5339,6,oleedy,R00,S,B,3,paragraph_continuation,low_reliability_or_unassigned,,,,
1878,"f116r.15,+P0",f116r,5340,1,pchoetal,R00,S,B,3,paragraph_continuation,low_reliability_or_unassigned,,,,
1879,"f116r.15,+P0",f116r,5340,2,otedal,R09,S,B,3,paragraph_continuation,low_reliability_or_unassigned,,,,
1880,"f116r.15,+P0",f116r,5340,3,otal,R01,S,B,3,paragraph_continuation,low_reliability_or_unassigned,,,,
1881,"f116r.15,+P0",f116r,5340,4,oteedy,R01,S,B,3,paragraph_continuation,low_reliability_or_unassigned,,,,
1882,"f116r.15,+P0",f116r,5340,5,olr,R00,S,B,3,paragraph_continuation,low_reliability_or_unassigned,,,,
1883,"f116r.15,+P0",f116r,5340,6,daiin,R10,S,B,3,paragraph_continuation,good_but_not_reliable_enough,surface_token,daiin,global=global,R10
1884,"f116r.15,+P0",f116r,5340,7,okeedy,R00,S,B,3,paragraph_continuation,reliable_conditioned,surface_token,okeedy,meta_L=B,R00
1885,"f116r.15,+P0",f116r,5340,8,qoky,H01,S,B,3,paragraph_continuation,low_reliability_or_unassigned,,,,
1886,"f116r.15,+P0",f116r,5340,9,dar,R06,S,B,3,paragraph_continuation,reliable_global,surface_token,dar,global=global,R06
1887,"f116r.15,+P0",f116r,5340,10,al,R06,S,B,3,paragraph_continuation,reliable_environment_sensitive,surface_token,al,global=global,R06
1888,"f116r.15,+P0",f116r,5340,11,keedy,R06,S,B,3,paragraph_continuation,low_reliability_or_unassigned,,,,
1889,"f116r.15,+P0",f116r,5340,12,shdy,R06,S,B,3,paragraph_continuation,low_reliability_or_unassigned,,,,
1890,"f116r.19,+P0",f116r,5344,1,porchey,R00,S,B,3,paragraph_continuation,low_reliability_or_unassigned,,,,
1891,"f116r.19,+P0",f116r,5344,2,sheedy,R06,S,B,3,paragraph_continuation,reliable_environment_sensitive,surface_token,sheedy,global=global,R06
1892,"f116r.19,+P0",f116r,5344,3,qotain,H13,S,B,3,paragraph_continuation,low_reliability_or_unassigned,,,,
1893,"f116r.19,+P0",f116r,5344,4,chetar,R00,S,B,3,paragraph_continuation,low_reliability_or_unassigned,,,,
1894,"f116r.19,+P0",f116r,5344,5,qotar,H13,S,B,3,paragraph_continuation,low_reliability_or_unassigned,,,,
1895,"f116r.19,+P0",f116r,5344,6,ar,R06,S,B,3,paragraph_continuation,reliable_global,surface_token,ar,global=global,R06
1896,"f116r.19,+P0",f116r,5344,7,arody,R00,S,B,3,paragraph_continuation,low_reliability_or_unassigned,,,,
1897,"f116r.19,+P0",f116r,5344,8,chcthy,R04,S,B,3,paragraph_continuation,low_reliability_or_unassigned,,,,
1898,"f116r.19,+P0",f116r,5344,9,rain,R00,S,B,3,paragraph_continuation,low_reliability_or_unassigned,,,,
1899,"f116r.19,+P0",f116r,5344,10,otey,R01,S,B,3,paragraph_continuation,low_reliability_or_unassigned,,,,
1900,"f116r.19,+P0",f116r,5344,11,oty,R01,S,B,3,paragraph_continuation,low_reliability_or_unassigned,,,,
1901,"f116r.19,+P0",f116r,5344,12,dain,R06,S,B,3,paragraph_continuation,reliable_global,stolfi_inspired_signature,NG|S_OEL|T_in,global=global,R06
1902,"f116r.29,+P0",f116r,5354,1,cthan,R04,S,B,3,paragraph_continuation,low_reliability_or_unassigned,,,,
1903,"f116r.29,+P0",f116r,5354,2,cheey,R06,S,B,3,paragraph_continuation,reliable_global,stolfi_inspired_signature,NG|S_EY|T_ey,global=global,R06
1904,"f116r.29,+P0",f116r,5354,3,lkeeal,R00,S,B,3,paragraph_continuation,low_reliability_or_unassigned,,,,
1905,"f116r.29,+P0",f116r,5354,4,lshey,R00,S,B,3,paragraph_continuation,low_reliability_or_unassigned,,,,
1906,"f116r.29,+P0",f116r,5354,5,chll,R00,S,B,3,paragraph_continuation,low_reliability_or_unassigned,,,,
1907,"f116r.29,+P0",f116r,5354,6,lkain,R00,S,B,3,paragraph_continuation,low_reliability_or_unassigned,,,,
1908,"f116r.29,+P0",f116r,5354,7,chear,R00,S,B,3,paragraph_continuation,low_reliability_or_unassigned,,,,
1909,"f116r.29,+P0",f116r,5354,8,aiin,R06,S,B,3,paragraph_continuation,reliable_environment_sensitive,surface_token,aiin,global=global,R06
1910,"f116r.29,+P0",f116r,5354,9,chl,R00,S,B,3,paragraph_continuation,low_reliability_or_unassigned,,,,
1911,"f116r.29,+P0",f116r,5354,10,l,R06,S,B,3,paragraph_continuation,good_but_not_reliable_enough,surface_token,l,global=global,R06
1912,"f116r.29,+P0",f116r,5354,11,keedy,R06,S,B,3,paragraph_continuation,low_reliability_or_unassigned,,,,
1913,"f116r.29,+P0",f116r,5354,12,raraiin,R00,S,B,3,paragraph_continuation,low_reliability_or_unassigned,,,,
1914,"f116r.29,+P0",f116r,5354,13,ory,R00,S,B,3,paragraph_continuation,low_reliability_or_unassigned,,,,
1915,"f116r.47,+P0",f116r,5372,1,osain,R00,S,B,3,paragraph_continuation,low_reliability_or_unassigned,,,,
1916,"f116r.47,+P0",f116r,5372,2,shky,R06,S,B,3,paragraph_continuation,low_reliability_or_unassigned,,,,
1917,"f116r.47,+P0",f116r,5372,3,qorain,H07,S,B,3,paragraph_continuation,low_reliability_or_unassigned,,,,
1918,"f116r.47,+P0",f116r,5372,4,chckhey,R00,S,B,3,paragraph_continuation,low_reliability_or_unassigned,,,,
1919,"f116r.47,+P0",f116r,5372,5,qokey,H08,S,B,3,paragraph_continuation,low_reliability_or_unassigned,,,,
1920,"f116r.47,+P0",f116r,5372,6,lkechy,R00,S,B,3,paragraph_continuation,low_reliability_or_unassigned,,,,
1921,"f116r.47,+P0",f116r,5372,7,okeey,R06,S,B,3,paragraph_continuation,low_reliability_or_unassigned,,,,
1922,"f116r.47,+P0",f116r,5372,8,okal,R07,S,B,3,paragraph_continuation,reliable_global,surface_token,okal,global=global,R07
1923,"f116r.47,+P0",f116r,5372,9,chedkaly,R00,S,B,3,paragraph_continuation,low_reliability_or_unassigned,,,,
1924,"f116v.1,@Lx",f116v,5376,1,oror,R00,T,,3,label_or_marginal,low_reliability_or_unassigned,,,,
1925,"f116v.1,@Lx",f116v,5376,2,sheey,R06,T,,3,label_or_marginal,reliable_global,stolfi_inspired_signature,NG|S_EY|T_ey,global=global,R06
1926,"f11r.1,@P0",f11r,269,1,tshol,R06,H,A,1,paragraph_start,low_reliability_or_unassigned,,,,
1927,"f11r.1,@P0",f11r,269,2,schoal,R06,H,A,1,paragraph_start,low_reliability_or_unassigned,,,,
1928,"f11r.1,@P0",f11r,269,3,cfhy,R00,H,A,1,paragraph_start,low_reliability_or_unassigned,,,,
1929,"f11r.1,@P0",f11r,269,4,shfydaiin,R10,H,A,1,paragraph_start,low_reliability_or_unassigned,,,,
1930,"f11r.1,@P0",f11r,269,5,cphy,R00,H,A,1,paragraph_start,low_reliability_or_unassigned,,,,
1931,"f11r.1,@P0",f11r,269,6,shey,R06,H,A,1,paragraph_start,reliable_global,stolfi_inspired_signature,NG|S_EY|T_y,global=global,R06
1932,"f11r.1,@P0",f11r,269,7,tchody,R06,H,A,1,paragraph_start,low_reliability_or_unassigned,,,,
1933,"f11r.1,@P0",f11r,269,8,shoyty,R06,H,A,1,paragraph_start,low_reliability_or_unassigned,,,,
1934,"f11r.7,+P0",f11r,275,1,qotchy,H13,H,A,1,paragraph_continuation,low_reliability_or_unassigned,,,,
1935,"f11r.7,+P0",f11r,275,2,okchol,R07,H,A,1,paragraph_continuation,low_reliability_or_unassigned,,,,
1936,"f11r.7,+P0",f11r,275,3,cthy,R04,H,A,1,paragraph_continuation,low_reliability_or_unassigned,,,,
1937,"f11r.7,+P0",f11r,275,4,dy,R02,H,A,1,paragraph_continuation,low_reliability_or_unassigned,,,,
1938,"f11v.3,+P0",f11v,278,1,otchor,R00,H,A,1,paragraph_continuation,low_reliability_or_unassigned,,,,
1939,"f11v.3,+P0",f11v,278,2,dy,R02,H,A,1,paragraph_continuation,low_reliability_or_unassigned,,,,
1940,"f11v.3,+P0",f11v,278,3,kchy,R06,H,A,1,paragraph_continuation,low_reliability_or_unassigned,,,,
1941,"f11v.3,+P0",f11v,278,4,tchy,R06,H,A,1,paragraph_continuation,low_reliability_or_unassigned,,,,
1942,"f11v.3,+P0",f11v,278,5,ar,R06,H,A,1,paragraph_continuation,reliable_global,surface_token,ar,global=global,R06
1943,"f11v.3,+P0",f11v,278,6,qokchd,H08,H,A,1,paragraph_continuation,low_reliability_or_unassigned,,,,
1944,"f11v.3,+P0",f11v,278,7,oky,R00,H,A,1,paragraph_continuation,reliable_environment_sensitive,surface_token,oky,global=global,R00
1945,"f11v.3,+P0",f11v,278,8,choldydy,R07,H,A,1,paragraph_continuation,low_reliability_or_unassigned,,,,
1946,"f11v.5,*L0",f11v,280,1,dd,R06,H,A,1,label_or_marginal,low_reliability_or_unassigned,,,,
1947,"f13r.1,@P0",f13r,283,1,torshor,R00,H,A,1,paragraph_start,low_reliability_or_unassigned,,,,
1948,"f13r.1,@P0",f13r,283,2,opchy,R00,H,A,1,paragraph_start,low_reliability_or_unassigned,,,,
1949,"f13r.1,@P0",f13r,283,3,shol,R08,H,A,1,paragraph_start,low_reliability_or_unassigned,,,,
1950,"f13r.1,@P0",f13r,283,4,dy,R02,H,A,1,paragraph_start,low_reliability_or_unassigned,,,,
1951,"f13r.1,@P0",f13r,283,5,qopchy,H07,H,A,1,paragraph_start,low_reliability_or_unassigned,,,,
1952,"f13r.1,@P0",f13r,283,6,shol,R08,H,A,1,paragraph_start,low_reliability_or_unassigned,,,,
1953,"f13r.1,@P0",f13r,283,7,opchor,R00,H,A,1,paragraph_start,low_reliability_or_unassigned,,,,
1954,"f13r.1,@P0",f13r,283,8,dypchy,R06,H,A,1,paragraph_start,low_reliability_or_unassigned,,,,
1955,"f13r.1,@P0",f13r,283,9,dchg,R06,H,A,1,paragraph_start,low_reliability_or_unassigned,,,,
1956,"f13r.10,+P0",f13r,292,1,sotchy,R06,H,A,1,paragraph_continuation,low_reliability_or_unassigned,,,,
1957,"f13r.10,+P0",f13r,292,2,kchy,R06,H,A,1,paragraph_continuation,low_reliability_or_unassigned,,,,
1958,"f13r.10,+P0",f13r,292,3,okorory,R00,H,A,1,paragraph_continuation,low_reliability_or_unassigned,,,,
1959,"f13r.2,+P0",f13r,284,1,dchol,R06,H,A,1,paragraph_continuation,low_reliability_or_unassigned,,,,
1960,"f13r.2,+P0",f13r,284,2,chol,R07,H,A,1,paragraph_continuation,low_reliability_or_unassigned,,,,
1961,"f13r.2,+P0",f13r,284,3,dol,R06,H,A,1,paragraph_continuation,good_but_not_reliable_enough,surface_token,dol,global=global,R06
1962,"f13r.2,+P0",f13r,284,4,shkchy,R06,H,A,1,paragraph_continuation,low_reliability_or_unassigned,,,,
1963,"f13r.2,+P0",f13r,284,5,ydal,R06,H,A,1,paragraph_continuation,low_reliability_or_unassigned,,,,
1964,"f13r.2,+P0",f13r,284,6,shy,R06,H,A,1,paragraph_continuation,reliable_global,broad_shape,X|y,global=global,R06
1965,"f13r.2,+P0",f13r,284,7,ykchy,R06,H,A,1,paragraph_continuation,low_reliability_or_unassigned,,,,
1966,"f13r.2,+P0",f13r,284,8,qoty,H01,H,A,1,paragraph_continuation,low_reliability_or_unassigned,,,,
1967,"f13r.2,+P0",f13r,284,9,daiin,R10,H,A,1,paragraph_continuation,reliable_conditioned,surface_token,daiin,meta_L=A,R10
1968,"f13r.2,+P0",f13r,284,10,s,R06,H,A,1,paragraph_continuation,reliable_global,broad_shape,X|NONE,global=global,R06
1969,"f13r.2,+P0",f13r,284,11,y,R06,H,A,1,paragraph_continuation,reliable_global,surface_token,y,global=global,R06
1970,"f13r.3,+P0",f13r,285,1,sy,R06,H,A,1,paragraph_continuation,reliable_global,broad_shape,X|y,global=global,R06
1971,"f13r.3,+P0",f13r,285,2,dchor,R06,H,A,1,paragraph_continuation,low_reliability_or_unassigned,,,,
1972,"f13r.3,+P0",f13r,285,3,shaiin,R06,H,A,1,paragraph_continuation,low_reliability_or_unassigned,,,,
1973,"f13r.3,+P0",f13r,285,4,oeees,R00,H,A,1,paragraph_continuation,low_reliability_or_unassigned,,,,
1974,"f13r.3,+P0",f13r,285,5,ykor,R06,H,A,1,paragraph_continuation,low_reliability_or_unassigned,,,,
1975,"f13r.3,+P0",f13r,285,6,chor,R11,H,A,1,paragraph_continuation,low_reliability_or_unassigned,,,,
1976,"f13r.3,+P0",f13r,285,7,ytshy,R06,H,A,1,paragraph_continuation,low_reliability_or_unassigned,,,,
1977,"f13r.3,+P0",f13r,285,8,ykchy,R06,H,A,1,paragraph_continuation,low_reliability_or_unassigned,,,,
1978,"f13r.3,+P0",f13r,285,9,kchy,R06,H,A,1,paragraph_continuation,low_reliability_or_unassigned,,,,
1979,"f13r.3,+P0",f13r,285,10,dar,R06,H,A,1,paragraph_continuation,reliable_global,surface_token,dar,global=global,R06
1980,"f13r.6,+P0",f13r,288,1,tchor,R06,H,A,1,paragraph_continuation,low_reliability_or_unassigned,,,,
1981,"f13r.6,+P0",f13r,288,2,dor,R06,H,A,1,paragraph_continuation,low_reliability_or_unassigned,,,,
1982,"f13r.6,+P0",f13r,288,3,daiin,R10,H,A,1,paragraph_continuation,reliable_conditioned,surface_token,daiin,meta_L=A,R10
1983,"f13r.6,+P0",f13r,288,4,qotchol,H13,H,A,1,paragraph_continuation,low_reliability_or_unassigned,,,,
1984,"f13r.6,+P0",f13r,288,5,okchy,R00,H,A,1,paragraph_continuation,low_reliability_or_unassigned,,,,
1985,"f13r.6,+P0",f13r,288,6,okchoroiin,R00,H,A,1,paragraph_continuation,low_reliability_or_unassigned,,,,
1986,"f13r.6,+P0",f13r,288,7,chckhy,R00,H,A,1,paragraph_continuation,reliable_environment_sensitive,surface_token,chckhy,global=global,R00
1987,"f13r.6,+P0",f13r,288,8,d,R06,H,A,1,paragraph_continuation,low_reliability_or_unassigned,,,,
1988,"f13r.9,+P0",f13r,291,1,oldy,R00,H,A,1,paragraph_continuation,low_reliability_or_unassigned,,,,
1989,"f13r.9,+P0",f13r,291,2,shey,R06,H,A,1,paragraph_continuation,reliable_global,stolfi_inspired_signature,NG|S_EY|T_y,global=global,R06
1990,"f13r.9,+P0",f13r,291,3,chol,R07,H,A,1,paragraph_continuation,low_reliability_or_unassigned,,,,
1991,"f13r.9,+P0",f13r,291,4,diin,R06,H,A,1,paragraph_continuation,low_reliability_or_unassigned,,,,
1992,"f13r.9,+P0",f13r,291,5,ykoly,R06,H,A,1,paragraph_continuation,low_reliability_or_unassigned,,,,
1993,"f13r.9,+P0",f13r,291,6,okchal,R00,H,A,1,paragraph_continuation,low_reliability_or_unassigned,,,,
1994,"f13r.9,+P0",f13r,291,7,daldy,R09,H,A,1,paragraph_continuation,low_reliability_or_unassigned,,,,
1995,"f13v.2,+P0",f13v,294,1,oko,R00,H,A,1,paragraph_continuation,low_reliability_or_unassigned,,,,
1996,"f13v.2,+P0",f13v,294,2,qokol,H08,H,A,1,paragraph_continuation,low_reliability_or_unassigned,,,,
1997,"f13v.2,+P0",f13v,294,3,chodal,R00,H,A,1,paragraph_continuation,low_reliability_or_unassigned,,,,
1998,"f13v.2,+P0",f13v,294,4,otchol,R07,H,A,1,paragraph_continuation,low_reliability_or_unassigned,,,,
1999,"f13v.2,+P0",f13v,294,5,cphol,R00,H,A,1,paragraph_continuation,low_reliability_or_unassigned,,,,
2000,"f13v.2,+P0",f13v,294,6,choty,R00,H,A,1,paragraph_continuation,reliable_global,broad_shape,OG|y,global=global,R00
2001,"f14r.1,@P0",f14r,303,1,pchodaiin,R10,H,A,1,paragraph_start,low_reliability_or_unassigned,,,,
2002,"f14r.1,@P0",f14r,303,2,chopol,R00,H,A,1,paragraph_start,low_reliability_or_unassigned,,,,
2003,"f14r.1,@P0",f14r,303,3,shoiin,R06,H,A,1,paragraph_start,low_reliability_or_unassigned,,,,
2004,"f14r.1,@P0",f14r,303,4,daiin,R10,H,A,1,paragraph_start,reliable_conditioned,surface_token,daiin,meta_L=A,R10
2005,"f14r.1,@P0",f14r,303,5,dain,R06,H,A,1,paragraph_start,reliable_global,stolfi_inspired_signature,NG|S_OEL|T_in,global=global,R06
2006,"f14r.13,+P0",f14r,315,1,sodaiin,R10,H,A,1,paragraph_continuation,low_reliability_or_unassigned,,,,
2007,"f14r.13,+P0",f14r,315,2,chy,R00,H,A,1,paragraph_continuation,reliable_global,stolfi_inspired_signature,NG|S_BY|T_y,global=global,R00
2008,"f14r.13,+P0",f14r,315,3,kchy,R06,H,A,1,paragraph_continuation,low_reliability_or_unassigned,,,,
2009,"f14r.13,+P0",f14r,315,4,kchy,R06,H,A,1,paragraph_continuation,low_reliability_or_unassigned,,,,
2010,"f14r.13,+P0",f14r,315,5,ykeody,R00,H,A,1,paragraph_continuation,low_reliability_or_unassigned,,,,
2011,"f14r.2,+P0",f14r,304,1,oykeey,R00,H,A,1,paragraph_continuation,low_reliability_or_unassigned,,,,
2012,"f14r.2,+P0",f14r,304,2,soiiin,R06,H,A,1,paragraph_continuation,low_reliability_or_unassigned,,,,
2013,"f14r.2,+P0",f14r,304,3,chok,R00,H,A,1,paragraph_continuation,low_reliability_or_unassigned,,,,
2014,"f14r.2,+P0",f14r,304,4,qokchy,H08,H,A,1,paragraph_continuation,low_reliability_or_unassigned,,,,
2015,"f14r.2,+P0",f14r,304,5,da,R06,H,A,1,paragraph_continuation,low_reliability_or_unassigned,,,,
2016,"f14r.2,+P0",f14r,304,6,okol,R07,H,A,1,paragraph_continuation,low_reliability_or_unassigned,,,,
2017,"f14r.7,+P0",f14r,309,1,otcho,R00,H,A,1,paragraph_continuation,low_reliability_or_unassigned,,,,
2018,"f14r.7,+P0",f14r,309,2,dain,R06,H,A,1,paragraph_continuation,reliable_global,stolfi_inspired_signature,NG|S_OEL|T_in,global=global,R06
2019,"f14r.7,+P0",f14r,309,3,chckhy,R00,H,A,1,paragraph_continuation,reliable_environment_sensitive,surface_token,chckhy,global=global,R00
2020,"f14r.8,+P0",f14r,310,1,soshy,R06,H,A,1,paragraph_continuation,low_reliability_or_unassigned,,,,
2021,"f14r.8,+P0",f14r,310,2,chol,R07,H,A,1,paragraph_continuation,low_reliability_or_unassigned,,,,
2022,"f14r.8,+P0",f14r,310,3,shor,R06,H,A,1,paragraph_continuation,low_reliability_or_unassigned,,,,
2023,"f14r.8,+P0",f14r,310,4,cheos,R00,H,A,1,paragraph_continuation,low_reliability_or_unassigned,,,,
2024,"f14r.8,+P0",f14r,310,5,ykaiin,R06,H,A,1,paragraph_continuation,low_reliability_or_unassigned,,,,
2025,"f14r.8,+P0",f14r,310,6,s,R06,H,A,1,paragraph_continuation,reliable_global,broad_shape,X|NONE,global=global,R06
2026,"f14v.4,+P0",f14v,319,1,ytychy,R06,H,A,1,paragraph_continuation,low_reliability_or_unassigned,,,,
2027,"f14v.4,+P0",f14v,319,2,ksho,R06,H,A,1,paragraph_continuation,low_reliability_or_unassigned,,,,
2028,"f14v.4,+P0",f14v,319,3,ykshy,R06,H,A,1,paragraph_continuation,low_reliability_or_unassigned,,,,
2029,"f14v.4,+P0",f14v,319,4,shokshor,R00,H,A,1,paragraph_continuation,low_reliability_or_unassigned,,,,
2030,"f14v.4,+P0",f14v,319,5,yty,R06,H,A,1,paragraph_continuation,low_reliability_or_unassigned,,,,
2031,"f14v.4,+P0",f14v,319,6,darody,R06,H,A,1,paragraph_continuation,low_reliability_or_unassigned,,,,
2032,"f14v.4,+P0",f14v,319,7,dyotyds,R00,H,A,1,paragraph_continuation,low_reliability_or_unassigned,,,,
2033,"f14v.5,+P0",f14v,320,1,okshy,R00,H,A,1,paragraph_continuation,low_reliability_or_unassigned,,,,
2034,"f14v.5,+P0",f14v,320,2,daiin,R10,H,A,1,paragraph_continuation,reliable_conditioned,surface_token,daiin,meta_L=A,R10
2035,"f14v.5,+P0",f14v,320,3,okchorchky,R00,H,A,1,paragraph_continuation,low_reliability_or_unassigned,,,,
2036,"f14v.5,+P0",f14v,320,4,qotchy,H13,H,A,1,paragraph_continuation,low_reliability_or_unassigned,,,,
2037,"f14v.5,+P0",f14v,320,5,daiin,R10,H,A,1,paragraph_continuation,reliable_conditioned,surface_token,daiin,meta_L=A,R10
2038,"f14v.5,+P0",f14v,320,6,cthor,R04,H,A,1,paragraph_continuation,low_reliability_or_unassigned,,,,
2039,"f14v.5,+P0",f14v,320,7,oty,R01,H,A,1,paragraph_continuation,low_reliability_or_unassigned,,,,
2040,"f14v.8,+P0",f14v,323,1,chokshor,R00,H,A,1,paragraph_continuation,low_reliability_or_unassigned,,,,
2041,"f14v.8,+P0",f14v,323,2,daiin,R10,H,A,1,paragraph_continuation,reliable_conditioned,surface_token,daiin,meta_L=A,R10
2042,"f14v.8,+P0",f14v,323,3,okshody,R00,H,A,1,paragraph_continuation,low_reliability_or_unassigned,,,,
2043,"f14v.8,+P0",f14v,323,4,daiin,R10,H,A,1,paragraph_continuation,reliable_conditioned,surface_token,daiin,meta_L=A,R10
2044,"f14v.8,+P0",f14v,323,5,dol,R06,H,A,1,paragraph_continuation,good_but_not_reliable_enough,surface_token,dol,global=global,R06
2045,"f14v.8,+P0",f14v,323,6,dair,R06,H,A,1,paragraph_continuation,low_reliability_or_unassigned,,,,
2046,"f14v.8,+P0",f14v,323,7,dam,R06,H,A,1,paragraph_continuation,good_but_not_reliable_enough,surface_token,dam,global=global,R06
2047,"f14v.9,+P0",f14v,324,1,dykchy,R06,H,A,1,paragraph_continuation,low_reliability_or_unassigned,,,,
2048,"f14v.9,+P0",f14v,324,2,ctholdg,R07,H,A,1,paragraph_continuation,low_reliability_or_unassigned,,,,
2049,"f14v.9,+P0",f14v,324,3,dchckhy,R00,H,A,1,paragraph_continuation,low_reliability_or_unassigned,,,,
2050,"f15r.1,@P0",f15r,325,1,tshor,R06,H,A,1,paragraph_start,low_reliability_or_unassigned,,,,
2051,"f15r.1,@P0",f15r,325,2,shey,R06,H,A,1,paragraph_start,reliable_global,stolfi_inspired_signature,NG|S_EY|T_y,global=global,R06
2052,"f15r.1,@P0",f15r,325,3,tchaly,R06,H,A,1,paragraph_start,low_reliability_or_unassigned,,,,
2053,"f15r.1,@P0",f15r,325,4,shy,R06,H,A,1,paragraph_start,reliable_global,broad_shape,X|y,global=global,R06
2054,"f15r.1,@P0",f15r,325,5,chtols,R00,H,A,1,paragraph_start,low_reliability_or_unassigned,,,,
2055,"f15r.1,@P0",f15r,325,6,shey,R06,H,A,1,paragraph_start,reliable_global,stolfi_inspired_signature,NG|S_EY|T_y,global=global,R06
2056,"f15r.1,@P0",f15r,325,7,daiin,R10,H,A,1,paragraph_start,reliable_conditioned,surface_token,daiin,meta_L=A,R10
2057,"f15r.11,+P0",f15r,335,1,okaiin,R10,H,A,1,paragraph_continuation,reliable_global,surface_token,okaiin,global=global,R10
2058,"f15r.11,+P0",f15r,335,2,otaiin,R10,H,A,1,paragraph_continuation,low_reliability_or_unassigned,,,,
2059,"f15r.11,+P0",f15r,335,3,chl,R00,H,A,1,paragraph_continuation,low_reliability_or_unassigned,,,,
2060,"f15r.11,+P0",f15r,335,4,sy,R06,H,A,1,paragraph_continuation,reliable_global,broad_shape,X|y,global=global,R06
2061,"f15r.11,+P0",f15r,335,5,chor,R11,H,A,1,paragraph_continuation,low_reliability_or_unassigned,,,,
2062,"f15r.11,+P0",f15r,335,6,choross,R00,H,A,1,paragraph_continuation,low_reliability_or_unassigned,,,,
2063,"f15r.12,+P0",f15r,336,1,qotor,H13,H,A,1,paragraph_continuation,low_reliability_or_unassigned,,,,
2064,"f15r.12,+P0",f15r,336,2,shor,R06,H,A,1,paragraph_continuation,low_reliability_or_unassigned,,,,
2065,"f15r.12,+P0",f15r,336,3,tcheor,R06,H,A,1,paragraph_continuation,low_reliability_or_unassigned,,,,
2066,"f15r.12,+P0",f15r,336,4,chy,R00,H,A,1,paragraph_continuation,reliable_global,stolfi_inspired_signature,NG|S_BY|T_y,global=global,R00
2067,"f15r.12,+P0",f15r,336,5,cthaiin,R04,H,A,1,paragraph_continuation,low_reliability_or_unassigned,,,,
2068,"f15r.12,+P0",f15r,336,6,shan,R06,H,A,1,paragraph_continuation,low_reliability_or_unassigned,,,,
2069,"f15r.4,+P0",f15r,328,1,scheaiin,R00,H,A,1,paragraph_continuation,low_reliability_or_unassigned,,,,
2070,"f15r.4,+P0",f15r,328,2,chodaiin,R00,H,A,1,paragraph_continuation,low_reliability_or_unassigned,,,,
2071,"f15r.4,+P0",f15r,328,3,chl,R00,H,A,1,paragraph_continuation,low_reliability_or_unassigned,,,,
2072,"f15r.4,+P0",f15r,328,4,sol,R06,H,A,1,paragraph_continuation,good_but_not_reliable_enough,surface_token,sol,global=global,R06
2073,"f15r.4,+P0",f15r,328,5,ckhaiin,R00,H,A,1,paragraph_continuation,low_reliability_or_unassigned,,,,
2074,"f15r.4,+P0",f15r,328,6,sal,R06,H,A,1,paragraph_continuation,low_reliability_or_unassigned,,,,
2075,"f15r.6,+P0",f15r,330,1,dchy,R06,H,A,1,paragraph_continuation,reliable_global,stolfi_inspired_signature,NG|S_BY|T_y,global=global,R00
2076,"f15r.6,+P0",f15r,330,2,kokaiin,R00,H,A,1,paragraph_continuation,low_reliability_or_unassigned,,,,
2077,"f15r.6,+P0",f15r,330,3,chdy,R02,H,A,1,paragraph_continuation,low_reliability_or_unassigned,,,,
2078,"f15r.6,+P0",f15r,330,4,saiin,R06,H,A,1,paragraph_continuation,reliable_environment_sensitive,surface_token,saiin,global=global,R06
2079,"f15r.6,+P0",f15r,330,5,okear,R00,H,A,1,paragraph_continuation,low_reliability_or_unassigned,,,,
2080,"f15r.7,+P0",f15r,331,1,daiin,R10,H,A,1,paragraph_continuation,reliable_conditioned,surface_token,daiin,meta_L=A,R10
2081,"f15r.7,+P0",f15r,331,2,shkaiin,R00,H,A,1,paragraph_continuation,low_reliability_or_unassigned,,,,
2082,"f15r.7,+P0",f15r,331,3,cthy,R04,H,A,1,paragraph_continuation,low_reliability_or_unassigned,,,,
2083,"f15r.7,+P0",f15r,331,4,sho,R06,H,A,1,paragraph_continuation,reliable_environment_sensitive,surface_token,sho,global=global,R06
2084,"f15r.7,+P0",f15r,331,5,keocthy,R00,H,A,1,paragraph_continuation,low_reliability_or_unassigned,,,,
2085,"f15v.4,+P0",f15v,343,1,doiin,R06,H,A,1,paragraph_continuation,low_reliability_or_unassigned,,,,
2086,"f15v.4,+P0",f15v,343,2,choky,R00,H,A,1,paragraph_continuation,reliable_global,broad_shape,OG|y,global=global,R00
2087,"f15v.4,+P0",f15v,343,3,shol,R08,H,A,1,paragraph_continuation,low_reliability_or_unassigned,,,,
2088,"f15v.4,+P0",f15v,343,4,qoky,H01,H,A,1,paragraph_continuation,low_reliability_or_unassigned,,,,
2089,"f15v.4,+P0",f15v,343,5,qotchod,H13,H,A,1,paragraph_continuation,low_reliability_or_unassigned,,,,
2090,"f15v.9,+P0",f15v,348,1,otcholocthol,R07,H,A,1,paragraph_continuation,low_reliability_or_unassigned,,,,
2091,"f15v.9,+P0",f15v,348,2,chol,R07,H,A,1,paragraph_continuation,low_reliability_or_unassigned,,,,
2092,"f15v.9,+P0",f15v,348,3,chol,R07,H,A,1,paragraph_continuation,low_reliability_or_unassigned,,,,
2093,"f15v.9,+P0",f15v,348,4,chody,R00,H,A,1,paragraph_continuation,reliable_global,broad_shape,O|dy,global=global,R00
2094,"f15v.9,+P0",f15v,348,5,kan,R06,H,A,1,paragraph_continuation,low_reliability_or_unassigned,,,,
2095,"f16r.4,+Pc",f16r,355,1,dainod,R06,H,A,1,paragraph_continuation,low_reliability_or_unassigned,,,,
2096,"f16r.4,+Pc",f16r,355,2,ychealod,R00,H,A,1,paragraph_continuation,low_reliability_or_unassigned,,,,
2097,"f16r.5,*P0",f16r,356,1,tchor,R06,H,A,1,section/paragraph_break_start,low_reliability_or_unassigned,,,,
2098,"f16r.5,*P0",f16r,356,2,chor,R11,H,A,1,section/paragraph_break_start,low_reliability_or_unassigned,,,,
2099,"f16r.5,*P0",f16r,356,3,chs,R00,H,A,1,section/paragraph_break_start,low_reliability_or_unassigned,,,,
2100,"f16r.5,*P0",f16r,356,4,ykch,R06,H,A,1,section/paragraph_break_start,low_reliability_or_unassigned,,,,
2101,"f16r.5,*P0",f16r,356,5,shocthy,R00,H,A,1,section/paragraph_break_start,reliable_environment_sensitive,broad_shape,OXGX|y,global=global,R00
2102,"f16r.5,*P0",f16r,356,6,opchy,R00,H,A,1,section/paragraph_break_start,low_reliability_or_unassigned,,,,
2103,"f16r.5,*P0",f16r,356,7,tyky,R06,H,A,1,section/paragraph_break_start,low_reliability_or_unassigned,,,,
2104,"f16r.9,+P0",f16r,360,1,saiin,R06,H,A,1,paragraph_continuation,reliable_environment_sensitive,surface_token,saiin,global=global,R06
2105,"f16r.9,+P0",f16r,360,2,ytaiin,R06,H,A,1,paragraph_continuation,low_reliability_or_unassigned,,,,
2106,"f16v.11,+P0",f16v,375,1,okytaiin,R00,H,A,1,paragraph_continuation,low_reliability_or_unassigned,,,,
2107,"f16v.11,+P0",f16v,375,2,chkchy,R00,H,A,1,paragraph_continuation,low_reliability_or_unassigned,,,,
2108,"f16v.11,+P0",f16v,375,3,saiin,R06,H,A,1,paragraph_continuation,reliable_environment_sensitive,surface_token,saiin,global=global,R06
2109,"f16v.13,+P0",f16v,377,1,sokar,R06,H,A,1,paragraph_continuation,low_reliability_or_unassigned,,,,
2110,"f16v.13,+P0",f16v,377,2,oaorar,R00,H,A,1,paragraph_continuation,low_reliability_or_unassigned,,,,
2111,"f16v.5,+P0",f16v,369,1,ytchy,R06,H,A,1,paragraph_continuation,low_reliability_or_unassigned,,,,
2112,"f16v.5,+P0",f16v,369,2,chyty,R00,H,A,1,paragraph_continuation,low_reliability_or_unassigned,,,,
2113,"f16v.5,+P0",f16v,369,3,chor,R11,H,A,1,paragraph_continuation,low_reliability_or_unassigned,,,,
2114,"f16v.5,+P0",f16v,369,4,chol,R07,H,A,1,paragraph_continuation,low_reliability_or_unassigned,,,,
2115,"f16v.5,+P0",f16v,369,5,ytchy,R06,H,A,1,paragraph_continuation,low_reliability_or_unassigned,,,,
2116,"f16v.5,+P0",f16v,369,6,dan,R06,H,A,1,paragraph_continuation,low_reliability_or_unassigned,,,,
2117,"f16v.9,+P0",f16v,373,1,dshy,R06,H,A,1,paragraph_continuation,reliable_global,stolfi_inspired_signature,NG|S_BY|T_y,global=global,R00
2118,"f16v.9,+P0",f16v,373,2,okaiin,R10,H,A,1,paragraph_continuation,reliable_global,surface_token,okaiin,global=global,R10
2119,"f16v.9,+P0",f16v,373,3,okaiin,R10,H,A,1,paragraph_continuation,reliable_global,surface_token,okaiin,global=global,R10
2120,"f16v.9,+P0",f16v,373,4,chol,R07,H,A,1,paragraph_continuation,low_reliability_or_unassigned,,,,
2121,"f16v.9,+P0",f16v,373,5,chor,R11,H,A,1,paragraph_continuation,low_reliability_or_unassigned,,,,
2122,"f16v.9,+P0",f16v,373,6,cthor,R04,H,A,1,paragraph_continuation,low_reliability_or_unassigned,,,,
2123,"f16v.9,+P0",f16v,373,7,ty,R06,H,A,1,paragraph_continuation,low_reliability_or_unassigned,,,,
2124,"f16v.9,+P0",f16v,373,8,chody,R00,H,A,1,paragraph_continuation,reliable_global,broad_shape,O|dy,global=global,R00
2125,"f17r.12,+P0",f17r,389,1,ychody,R00,H,A,1,paragraph_continuation,low_reliability_or_unassigned,,,,
2126,"f17r.12,+P0",f17r,389,2,chotom,R00,H,A,1,paragraph_continuation,low_reliability_or_unassigned,,,,
2127,"f17r.9,+P0",f17r,386,1,soy,R06,H,A,1,paragraph_continuation,low_reliability_or_unassigned,,,,
2128,"f17r.9,+P0",f17r,386,2,chckho,R00,H,A,1,paragraph_continuation,low_reliability_or_unassigned,,,,
2129,"f17r.9,+P0",f17r,386,3,o,R00,H,A,1,paragraph_continuation,good_but_not_reliable_enough,broad_shape,O|NONE,global=global,R00
2130,"f17r.9,+P0",f17r,386,4,da,R06,H,A,1,paragraph_continuation,low_reliability_or_unassigned,,,,
2131,"f17r.9,+P0",f17r,386,5,chypcham,R00,H,A,1,paragraph_continuation,low_reliability_or_unassigned,,,,
2132,"f17v.11,+P0",f17v,401,1,qokcheo,H08,H,A,1,paragraph_continuation,low_reliability_or_unassigned,,,,
2133,"f17v.11,+P0",f17v,401,2,qokoiir,H08,H,A,1,paragraph_continuation,low_reliability_or_unassigned,,,,
2134,"f17v.11,+P0",f17v,401,3,ctheol,R04,H,A,1,paragraph_continuation,low_reliability_or_unassigned,,,,
2135,"f17v.11,+P0",f17v,401,4,chol,R07,H,A,1,paragraph_continuation,low_reliability_or_unassigned,,,,
2136,"f17v.12,+P0",f17v,402,1,oy,R00,H,A,1,paragraph_continuation,low_reliability_or_unassigned,,,,
2137,"f17v.12,+P0",f17v,402,2,choy,R00,H,A,1,paragraph_continuation,low_reliability_or_unassigned,,,,
2138,"f17v.12,+P0",f17v,402,3,keaiin,R06,H,A,1,paragraph_continuation,low_reliability_or_unassigned,,,,
2139,"f17v.12,+P0",f17v,402,4,chckhey,R00,H,A,1,paragraph_continuation,low_reliability_or_unassigned,,,,
2140,"f17v.12,+P0",f17v,402,5,ol,R06,H,A,1,paragraph_continuation,reliable_environment_sensitive,surface_token,ol,global=global,R06
2141,"f17v.12,+P0",f17v,402,6,chor,R11,H,A,1,paragraph_continuation,low_reliability_or_unassigned,,,,
2142,"f17v.13,+P0",f17v,403,1,ykeor,R06,H,A,1,paragraph_continuation,low_reliability_or_unassigned,,,,
2143,"f17v.13,+P0",f17v,403,2,chol,R07,H,A,1,paragraph_continuation,low_reliability_or_unassigned,,,,
2144,"f17v.13,+P0",f17v,403,3,chol,R07,H,A,1,paragraph_continuation,low_reliability_or_unassigned,,,,
2145,"f17v.13,+P0",f17v,403,4,cthol,R07,H,A,1,paragraph_continuation,low_reliability_or_unassigned,,,,
2146,"f17v.13,+P0",f17v,403,5,chkor,R00,H,A,1,paragraph_continuation,low_reliability_or_unassigned,,,,
2147,"f17v.13,+P0",f17v,403,6,sheol,R06,H,A,1,paragraph_continuation,good_but_not_reliable_enough,surface_token,sheol,global=global,R06
2148,"f17v.14,+P0",f17v,404,1,olo,R00,H,A,1,paragraph_continuation,low_reliability_or_unassigned,,,,
2149,"f17v.14,+P0",f17v,404,2,r,R00,H,A,1,paragraph_continuation,low_reliability_or_unassigned,,,,
2150,"f17v.14,+P0",f17v,404,3,okeeol,R00,H,A,1,paragraph_continuation,low_reliability_or_unassigned,,,,
2151,"f17v.14,+P0",f17v,404,4,chodaiin,R00,H,A,1,paragraph_continuation,low_reliability_or_unassigned,,,,
2152,"f17v.14,+P0",f17v,404,5,okeol,R06,H,A,1,paragraph_continuation,low_reliability_or_unassigned,,,,
2153,"f17v.14,+P0",f17v,404,6,tchory,R06,H,A,1,paragraph_continuation,low_reliability_or_unassigned,,,,
2154,"f17v.18,+P0",f17v,408,1,otor,R00,H,A,1,paragraph_continuation,low_reliability_or_unassigned,,,,
2155,"f17v.18,+P0",f17v,408,2,cheeor,R00,H,A,1,paragraph_continuation,low_reliability_or_unassigned,,,,
2156,"f17v.18,+P0",f17v,408,3,ol,R06,H,A,1,paragraph_continuation,reliable_environment_sensitive,surface_token,ol,global=global,R06
2157,"f17v.18,+P0",f17v,408,4,chol,R07,H,A,1,paragraph_continuation,low_reliability_or_unassigned,,,,
2158,"f17v.18,+P0",f17v,408,5,dor,R06,H,A,1,paragraph_continuation,low_reliability_or_unassigned,,,,
2159,"f17v.18,+P0",f17v,408,6,chr,R00,H,A,1,paragraph_continuation,low_reliability_or_unassigned,,,,
2160,"f17v.18,+P0",f17v,408,7,oreees,R00,H,A,1,paragraph_continuation,low_reliability_or_unassigned,,,,
2161,"f17v.20,+P0",f17v,410,1,ykeey,R06,H,A,1,paragraph_continuation,low_reliability_or_unassigned,,,,
2162,"f17v.20,+P0",f17v,410,2,okeey,R06,H,A,1,paragraph_continuation,low_reliability_or_unassigned,,,,
2163,"f17v.20,+P0",f17v,410,3,cheor,R00,H,A,1,paragraph_continuation,low_reliability_or_unassigned,,,,
2164,"f17v.20,+P0",f17v,410,4,chol,R07,H,A,1,paragraph_continuation,low_reliability_or_unassigned,,,,
2165,"f17v.20,+P0",f17v,410,5,sho,R06,H,A,1,paragraph_continuation,reliable_environment_sensitive,surface_token,sho,global=global,R06
2166,"f17v.20,+P0",f17v,410,6,odaiin,R10,H,A,1,paragraph_continuation,low_reliability_or_unassigned,,,,
2167,"f17v.3,+P0",f17v,393,1,oldaig,R00,H,A,1,paragraph_continuation,low_reliability_or_unassigned,,,,
2168,"f17v.3,+P0",f17v,393,2,odaiin,R10,H,A,1,paragraph_continuation,low_reliability_or_unassigned,,,,
2169,"f17v.3,+P0",f17v,393,3,okal,R07,H,A,1,paragraph_continuation,reliable_global,surface_token,okal,global=global,R07
2170,"f17v.3,+P0",f17v,393,4,oldaiin,R10,H,A,1,paragraph_continuation,low_reliability_or_unassigned,,,,
2171,"f17v.3,+P0",f17v,393,5,chockhol,R00,H,A,1,paragraph_continuation,low_reliability_or_unassigned,,,,
2172,"f17v.3,+P0",f17v,393,6,olol,R00,H,A,1,paragraph_continuation,low_reliability_or_unassigned,,,,
2173,"f17v.4,+P0",f17v,394,1,kchor,R06,H,A,1,paragraph_continuation,low_reliability_or_unassigned,,,,
2174,"f17v.4,+P0",f17v,394,2,fchol,R06,H,A,1,paragraph_continuation,low_reliability_or_unassigned,,,,
2175,"f17v.4,+P0",f17v,394,3,cphol,R00,H,A,1,paragraph_continuation,low_reliability_or_unassigned,,,,
2176,"f17v.4,+P0",f17v,394,4,olcheol,R00,H,A,1,paragraph_continuation,low_reliability_or_unassigned,,,,
2177,"f17v.4,+P0",f17v,394,5,oky,R00,H,A,1,paragraph_continuation,reliable_environment_sensitive,surface_token,oky,global=global,R00
2178,"f17v.8,+P0",f17v,398,1,qokeey,H08,H,A,1,paragraph_continuation,low_reliability_or_unassigned,,,,
2179,"f17v.8,+P0",f17v,398,2,kchar,R06,H,A,1,paragraph_continuation,low_reliability_or_unassigned,,,,
2180,"f17v.8,+P0",f17v,398,3,ol,R06,H,A,1,paragraph_continuation,reliable_environment_sensitive,surface_token,ol,global=global,R06
2181,"f17v.8,+P0",f17v,398,4,dy,R02,H,A,1,paragraph_continuation,low_reliability_or_unassigned,,,,
2182,"f17v.8,+P0",f17v,398,5,choldaiin,R07,H,A,1,paragraph_continuation,low_reliability_or_unassigned,,,,
2183,"f17v.8,+P0",f17v,398,6,sy,R06,H,A,1,paragraph_continuation,reliable_global,broad_shape,X|y,global=global,R06
2184,"f18r.11,+P0",f18r,424,1,sotchaiin,R00,H,A,1,paragraph_continuation,low_reliability_or_unassigned,,,,
2185,"f18r.11,+P0",f18r,424,2,chokchy,R00,H,A,1,paragraph_continuation,low_reliability_or_unassigned,,,,
2186,"f18r.11,+P0",f18r,424,3,chckhol,R00,H,A,1,paragraph_continuation,low_reliability_or_unassigned,,,,
2187,"f18r.11,+P0",f18r,424,4,chor,R11,H,A,1,paragraph_continuation,low_reliability_or_unassigned,,,,
2188,"f18r.11,+P0",f18r,424,5,g,R00,H,A,1,paragraph_continuation,reliable_global,broad_shape,X|NONE,global=global,R06
2189,"f18r.14,+Pc",f18r,427,1,ychekchy,R00,H,A,1,paragraph_continuation,low_reliability_or_unassigned,,,,
2190,"f18r.14,+Pc",f18r,427,2,kchaiin,R00,H,A,1,paragraph_continuation,low_reliability_or_unassigned,,,,
2191,"f18r.4,+P0",f18r,417,1,chor,R11,H,A,1,paragraph_continuation,low_reliability_or_unassigned,,,,
2192,"f18r.4,+P0",f18r,417,2,or,R06,H,A,1,paragraph_continuation,reliable_global,surface_token,or,global=global,R06
2193,"f18r.4,+P0",f18r,417,3,okeor,R00,H,A,1,paragraph_continuation,low_reliability_or_unassigned,,,,
2194,"f18r.4,+P0",f18r,417,4,ykchol,R07,H,A,1,paragraph_continuation,low_reliability_or_unassigned,,,,
2195,"f18r.4,+P0",f18r,417,5,okain,R10,H,A,1,paragraph_continuation,reliable_global,surface_token,okain,global=global,R10
2196,"f18v.3,+P0",f18v,430,1,orshy,R00,H,A,1,paragraph_continuation,reliable_global,stolfi_inspired_signature,NG|S_BY|T_y,global=global,R00
2197,"f18v.3,+P0",f18v,430,2,qoky,H01,H,A,1,paragraph_continuation,low_reliability_or_unassigned,,,,
2198,"f18v.3,+P0",f18v,430,3,qoky,H01,H,A,1,paragraph_continuation,low_reliability_or_unassigned,,,,
2199,"f18v.3,+P0",f18v,430,4,chkchy,R00,H,A,1,paragraph_continuation,low_reliability_or_unassigned,,,,
2200,"f18v.3,+P0",f18v,430,5,qokshy,H08,H,A,1,paragraph_continuation,low_reliability_or_unassigned,,,,
2201,"f18v.3,+P0",f18v,430,6,qokam,H08,H,A,1,paragraph_continuation,low_reliability_or_unassigned,,,,
2202,"f18v.8,+P0",f18v,435,1,tolol,R06,H,A,1,paragraph_continuation,low_reliability_or_unassigned,,,,
2203,"f18v.8,+P0",f18v,435,2,sh,R06,H,A,1,paragraph_continuation,low_reliability_or_unassigned,,,,
2204,"f18v.8,+P0",f18v,435,3,cphoy,R00,H,A,1,paragraph_continuation,low_reliability_or_unassigned,,,,
2205,"f18v.8,+P0",f18v,435,4,daror,R06,H,A,1,paragraph_continuation,low_reliability_or_unassigned,,,,
2206,"f18v.8,+P0",f18v,435,5,ddy,R06,H,A,1,paragraph_continuation,low_reliability_or_unassigned,,,,
2207,"f18v.8,+P0",f18v,435,6,ytor,R06,H,A,1,paragraph_continuation,low_reliability_or_unassigned,,,,
2208,"f18v.8,+P0",f18v,435,7,ykam,R06,H,A,1,paragraph_continuation,low_reliability_or_unassigned,,,,
2209,"f19r.13,+P0",f19r,450,1,osocthor,R00,H,A,1,paragraph_continuation,low_reliability_or_unassigned,,,,
2210,"f19r.13,+P0",f19r,450,2,ytchor,R06,H,A,1,paragraph_continuation,low_reliability_or_unassigned,,,,
2211,"f19r.2,+P0",f19r,439,1,dshy,R06,H,A,1,paragraph_continuation,reliable_global,stolfi_inspired_signature,NG|S_BY|T_y,global=global,R00
2212,"f19r.2,+P0",f19r,439,2,chor,R11,H,A,1,paragraph_continuation,low_reliability_or_unassigned,,,,
2213,"f19r.2,+P0",f19r,439,3,y,R06,H,A,1,paragraph_continuation,reliable_global,surface_token,y,global=global,R06
2214,"f19r.2,+P0",f19r,439,4,tchy,R06,H,A,1,paragraph_continuation,low_reliability_or_unassigned,,,,
2215,"f19r.2,+P0",f19r,439,5,chol,R07,H,A,1,paragraph_continuation,low_reliability_or_unassigned,,,,
2216,"f19r.2,+P0",f19r,439,6,dytchy,R06,H,A,1,paragraph_continuation,low_reliability_or_unassigned,,,,
2217,"f19r.2,+P0",f19r,439,7,chordy,R00,H,A,1,paragraph_continuation,low_reliability_or_unassigned,,,,
2218,"f19r.2,+P0",f19r,439,8,daiin,R10,H,A,1,paragraph_continuation,reliable_conditioned,surface_token,daiin,meta_L=A,R10
2219,"f19r.2,+P0",f19r,439,9,dyty,R06,H,A,1,paragraph_continuation,low_reliability_or_unassigned,,,,
2220,"f19r.2,+P0",f19r,439,10,cho,R00,H,A,1,paragraph_continuation,low_reliability_or_unassigned,,,,
2221,"f19r.3,+P0",f19r,440,1,oscheor,R00,H,A,1,paragraph_continuation,low_reliability_or_unassigned,,,,
2222,"f19r.3,+P0",f19r,440,2,shy,R06,H,A,1,paragraph_continuation,reliable_global,broad_shape,X|y,global=global,R06
2223,"f19r.3,+P0",f19r,440,3,tdaiin,R06,H,A,1,paragraph_continuation,low_reliability_or_unassigned,,,,
2224,"f19r.3,+P0",f19r,440,4,chol,R07,H,A,1,paragraph_continuation,low_reliability_or_unassigned,,,,
2225,"f19r.3,+P0",f19r,440,5,dor,R06,H,A,1,paragraph_continuation,low_reliability_or_unassigned,,,,
2226,"f19r.3,+P0",f19r,440,6,yky,R06,H,A,1,paragraph_continuation,low_reliability_or_unassigned,,,,
2227,"f19r.6,+P0",f19r,443,1,yshor,R06,H,A,1,paragraph_continuation,low_reliability_or_unassigned,,,,
2228,"f19r.6,+P0",f19r,443,2,shy,R06,H,A,1,paragraph_continuation,reliable_global,broad_shape,X|y,global=global,R06
2229,"f19r.6,+P0",f19r,443,3,daiin,R10,H,A,1,paragraph_continuation,reliable_conditioned,surface_token,daiin,meta_L=A,R10
2230,"f19r.6,+P0",f19r,443,4,otytchy,R00,H,A,1,paragraph_continuation,low_reliability_or_unassigned,,,,
2231,"f19r.6,+P0",f19r,443,5,daiin,R10,H,A,1,paragraph_continuation,reliable_conditioned,surface_token,daiin,meta_L=A,R10
2232,"f19v.1,@P0",f19v,451,1,pochaiin,R00,H,A,1,paragraph_start,low_reliability_or_unassigned,,,,
2233,"f19v.1,@P0",f19v,451,2,cthor,R04,H,A,1,paragraph_start,low_reliability_or_unassigned,,,,
2234,"f19v.1,@P0",f19v,451,3,chpcheos,R00,H,A,1,paragraph_start,low_reliability_or_unassigned,,,,
2235,"f19v.1,@P0",f19v,451,4,opchey,R00,H,A,1,paragraph_start,low_reliability_or_unassigned,,,,
2236,"f19v.1,@P0",f19v,451,5,pykchy,R06,H,A,1,paragraph_start,low_reliability_or_unassigned,,,,
2237,"f19v.11,+P0",f19v,461,1,qotol,H13,H,A,1,paragraph_continuation,low_reliability_or_unassigned,,,,
2238,"f19v.11,+P0",f19v,461,2,dr,R06,H,A,1,paragraph_continuation,low_reliability_or_unassigned,,,,
2239,"f19v.11,+P0",f19v,461,3,okchor,R00,H,A,1,paragraph_continuation,low_reliability_or_unassigned,,,,
2240,"f19v.11,+P0",f19v,461,4,daiin,R10,H,A,1,paragraph_continuation,reliable_conditioned,surface_token,daiin,meta_L=A,R10
2241,"f19v.11,+P0",f19v,461,5,cthor,R04,H,A,1,paragraph_continuation,low_reliability_or_unassigned,,,,
2242,"f19v.11,+P0",f19v,461,6,otam,R06,H,A,1,paragraph_continuation,low_reliability_or_unassigned,,,,
2243,"f19v.14,+Pr",f19v,464,1,otcholcheaiin,R07,H,A,1,paragraph_continuation,low_reliability_or_unassigned,,,,
2244,"f19v.14,+Pr",f19v,464,2,cthol,R07,H,A,1,paragraph_continuation,low_reliability_or_unassigned,,,,
2245,"f19v.6,+P0",f19v,456,1,ychoy,R06,H,A,1,paragraph_continuation,low_reliability_or_unassigned,,,,
2246,"f19v.6,+P0",f19v,456,2,kchor,R06,H,A,1,paragraph_continuation,low_reliability_or_unassigned,,,,
2247,"f19v.6,+P0",f19v,456,3,cthol,R07,H,A,1,paragraph_continuation,low_reliability_or_unassigned,,,,
2248,"f19v.6,+P0",f19v,456,4,chocthy,R00,H,A,1,paragraph_continuation,reliable_environment_sensitive,broad_shape,OXGX|y,global=global,R00
2249,"f19v.6,+P0",f19v,456,5,s,R06,H,A,1,paragraph_continuation,reliable_global,broad_shape,X|NONE,global=global,R06
2250,"f19v.7,+P0",f19v,457,1,ycho,R06,H,A,1,paragraph_continuation,low_reliability_or_unassigned,,,,
2251,"f19v.7,+P0",f19v,457,2,chaiin,R00,H,A,1,paragraph_continuation,low_reliability_or_unassigned,,,,
2252,"f19v.7,+P0",f19v,457,3,cthor,R04,H,A,1,paragraph_continuation,low_reliability_or_unassigned,,,,
2253,"f19v.9,+P0",f19v,459,1,ychor,R06,H,A,1,paragraph_continuation,low_reliability_or_unassigned,,,,
2254,"f19v.9,+P0",f19v,459,2,oky,R00,H,A,1,paragraph_continuation,reliable_environment_sensitive,surface_token,oky,global=global,R00
2255,"f19v.9,+P0",f19v,459,3,chor,R11,H,A,1,paragraph_continuation,low_reliability_or_unassigned,,,,
2256,"f19v.9,+P0",f19v,459,4,ytl,R06,H,A,1,paragraph_continuation,low_reliability_or_unassigned,,,,
2257,"f19v.9,+P0",f19v,459,5,chol,R07,H,A,1,paragraph_continuation,low_reliability_or_unassigned,,,,
2258,"f19v.9,+P0",f19v,459,6,okyddor,R00,H,A,1,paragraph_continuation,low_reliability_or_unassigned,,,,
2259,"f1r.10,=Pt",f1r,10,1,dain,R06,T,A,1,paragraph_terminal_or_label,reliable_global,stolfi_inspired_signature,NG|S_OEL|T_in,global=global,R06
2260,"f1r.10,=Pt",f1r,10,2,os,R00,T,A,1,paragraph_terminal_or_label,good_but_not_reliable_enough,broad_shape,OX|NONE,global=global,R00
2261,"f1r.10,=Pt",f1r,10,3,teody,R06,T,A,1,paragraph_terminal_or_label,low_reliability_or_unassigned,,,,
2262,"f1r.20,+P0",f1r,20,1,shok,R06,T,A,1,paragraph_continuation,low_reliability_or_unassigned,,,,
2263,"f1r.20,+P0",f1r,20,2,chor,R11,T,A,1,paragraph_continuation,low_reliability_or_unassigned,,,,
2264,"f1r.20,+P0",f1r,20,3,chey,R06,T,A,1,paragraph_continuation,reliable_global,stolfi_inspired_signature,NG|S_EY|T_y,global=global,R06
2265,"f1r.20,+P0",f1r,20,4,dain,R06,T,A,1,paragraph_continuation,reliable_global,stolfi_inspired_signature,NG|S_OEL|T_in,global=global,R06
2266,"f1r.20,+P0",f1r,20,5,ckhey,R00,T,A,1,paragraph_continuation,low_reliability_or_unassigned,,,,
2267,"f1r.28,=Pt",f1r,28,1,dchaiin,R00,T,A,1,paragraph_terminal_or_label,low_reliability_or_unassigned,,,,
2268,"f1r.3,+P0",f1r,3,1,syaiir,R06,T,A,1,paragraph_continuation,low_reliability_or_unassigned,,,,
2269,"f1r.3,+P0",f1r,3,2,sheky,R06,T,A,1,paragraph_continuation,low_reliability_or_unassigned,,,,
2270,"f1r.3,+P0",f1r,3,3,or,R06,T,A,1,paragraph_continuation,reliable_global,surface_token,or,global=global,R06
2271,"f1r.3,+P0",f1r,3,4,ykaiin,R06,T,A,1,paragraph_continuation,low_reliability_or_unassigned,,,,
2272,"f1r.3,+P0",f1r,3,5,shod,R06,T,A,1,paragraph_continuation,low_reliability_or_unassigned,,,,
2273,"f1r.3,+P0",f1r,3,6,cthoary,R04,T,A,1,paragraph_continuation,low_reliability_or_unassigned,,,,
2274,"f1r.3,+P0",f1r,3,7,cthes,R04,T,A,1,paragraph_continuation,low_reliability_or_unassigned,,,,
2275,"f1r.3,+P0",f1r,3,8,daraiin,R00,T,A,1,paragraph_continuation,low_reliability_or_unassigned,,,,
2276,"f1r.3,+P0",f1r,3,9,sy,R06,T,A,1,paragraph_continuation,reliable_global,broad_shape,X|y,global=global,R06
2277,"f1r.5,+P0",f1r,5,1,sairy,R06,T,A,1,paragraph_continuation,low_reliability_or_unassigned,,,,
2278,"f1r.5,+P0",f1r,5,2,chear,R00,T,A,1,paragraph_continuation,low_reliability_or_unassigned,,,,
2279,"f1r.5,+P0",f1r,5,3,cthaiin,R04,T,A,1,paragraph_continuation,low_reliability_or_unassigned,,,,
2280,"f1r.5,+P0",f1r,5,4,cphar,R00,T,A,1,paragraph_continuation,low_reliability_or_unassigned,,,,
2281,"f1r.5,+P0",f1r,5,5,cfhaiin,R00,T,A,1,paragraph_continuation,low_reliability_or_unassigned,,,,
2282,"f1r.6,=Pt",f1r,6,1,ydaraishy,R00,T,A,1,paragraph_terminal_or_label,low_reliability_or_unassigned,,,,
2283,"f1r.8,+P0",f1r,8,1,yshey,R06,T,A,1,paragraph_continuation,low_reliability_or_unassigned,,,,
2284,"f1r.8,+P0",f1r,8,2,shody,R06,T,A,1,paragraph_continuation,reliable_global,broad_shape,O|dy,global=global,R00
2285,"f1r.8,+P0",f1r,8,3,okchoy,R00,T,A,1,paragraph_continuation,low_reliability_or_unassigned,,,,
2286,"f1r.8,+P0",f1r,8,4,otchol,R07,T,A,1,paragraph_continuation,low_reliability_or_unassigned,,,,
2287,"f1r.8,+P0",f1r,8,5,chocthy,R00,T,A,1,paragraph_continuation,reliable_environment_sensitive,broad_shape,OXGX|y,global=global,R00
2288,"f1r.8,+P0",f1r,8,6,oschy,R00,T,A,1,paragraph_continuation,low_reliability_or_unassigned,,,,
2289,"f1r.8,+P0",f1r,8,7,dain,R06,T,A,1,paragraph_continuation,reliable_global,stolfi_inspired_signature,NG|S_OEL|T_in,global=global,R06
2290,"f1r.8,+P0",f1r,8,8,chor,R11,T,A,1,paragraph_continuation,low_reliability_or_unassigned,,,,
2291,"f1r.8,+P0",f1r,8,9,kos,R06,T,A,1,paragraph_continuation,low_reliability_or_unassigned,,,,
2292,"f1v.2,+P0",f1v,30,1,yteey,R06,H,A,1,paragraph_continuation,low_reliability_or_unassigned,,,,
2293,"f1v.2,+P0",f1v,30,2,char,R11,H,A,1,paragraph_continuation,low_reliability_or_unassigned,,,,
2294,"f1v.2,+P0",f1v,30,3,or,R06,H,A,1,paragraph_continuation,reliable_global,surface_token,or,global=global,R06
2295,"f1v.2,+P0",f1v,30,4,ochy,R00,H,A,1,paragraph_continuation,reliable_global,stolfi_inspired_signature,NG|S_BY|T_y,global=global,R00
2296,"f1v.2,+P0",f1v,30,5,dcho,R06,H,A,1,paragraph_continuation,low_reliability_or_unassigned,,,,
2297,"f1v.2,+P0",f1v,30,6,lkody,R00,H,A,1,paragraph_continuation,low_reliability_or_unassigned,,,,
2298,"f1v.2,+P0",f1v,30,7,okodar,R00,H,A,1,paragraph_continuation,low_reliability_or_unassigned,,,,
2299,"f1v.2,+P0",f1v,30,8,chody,R00,H,A,1,paragraph_continuation,reliable_global,broad_shape,O|dy,global=global,R00
2300,"f1v.3,+P0",f1v,31,1,dackhy,R06,H,A,1,paragraph_continuation,reliable_environment_sensitive,broad_shape,OXGX|y,global=global,R00
2301,"f1v.3,+P0",f1v,31,2,ckhockhy,R00,H,A,1,paragraph_continuation,low_reliability_or_unassigned,,,,
2302,"f1v.3,+P0",f1v,31,3,shy,R06,H,A,1,paragraph_continuation,reliable_global,broad_shape,X|y,global=global,R06
2303,"f1v.3,+P0",f1v,31,4,dksheey,R00,H,A,1,paragraph_continuation,low_reliability_or_unassigned,,,,
2304,"f1v.3,+P0",f1v,31,5,cthy,R04,H,A,1,paragraph_continuation,low_reliability_or_unassigned,,,,
2305,"f1v.3,+P0",f1v,31,6,kotchody,R00,H,A,1,paragraph_continuation,low_reliability_or_unassigned,,,,
2306,"f1v.3,+P0",f1v,31,7,dal,R09,H,A,1,paragraph_continuation,reliable_global,surface_token,dal,global=global,R09
2307,"f20r.13,+P0",f20r,477,1,ochaiin,R00,H,A,1,paragraph_continuation,low_reliability_or_unassigned,,,,
2308,"f20r.13,+P0",f20r,477,2,chor,R11,H,A,1,paragraph_continuation,low_reliability_or_unassigned,,,,
2309,"f20r.13,+P0",f20r,477,3,chorcheey,R00,H,A,1,paragraph_continuation,low_reliability_or_unassigned,,,,
2310,"f20r.13,+P0",f20r,477,4,tchey,R06,H,A,1,paragraph_continuation,low_reliability_or_unassigned,,,,
2311,"f20v.10,+P0",f20v,487,1,shokaiin,R10,H,A,1,paragraph_continuation,low_reliability_or_unassigned,,,,
2312,"f20v.10,+P0",f20v,487,2,chocthy,R00,H,A,1,paragraph_continuation,reliable_environment_sensitive,broad_shape,OXGX|y,global=global,R00
2313,"f20v.10,+P0",f20v,487,3,chol,R07,H,A,1,paragraph_continuation,low_reliability_or_unassigned,,,,
2314,"f20v.10,+P0",f20v,487,4,daiin,R10,H,A,1,paragraph_continuation,reliable_conditioned,surface_token,daiin,meta_L=A,R10
2315,"f20v.10,+P0",f20v,487,5,chy,R00,H,A,1,paragraph_continuation,reliable_global,stolfi_inspired_signature,NG|S_BY|T_y,global=global,R00
2316,"f20v.10,+P0",f20v,487,6,chor,R11,H,A,1,paragraph_continuation,low_reliability_or_unassigned,,,,
2317,"f20v.10,+P0",f20v,487,7,ety,R00,H,A,1,paragraph_continuation,low_reliability_or_unassigned,,,,
2318,"f21r.11,+P0",f21r,499,1,shol,R08,H,A,1,paragraph_continuation,low_reliability_or_unassigned,,,,
2319,"f21r.11,+P0",f21r,499,2,chol,R07,H,A,1,paragraph_continuation,low_reliability_or_unassigned,,,,
2320,"f21r.11,+P0",f21r,499,3,shol,R08,H,A,1,paragraph_continuation,low_reliability_or_unassigned,,,,
2321,"f21r.11,+P0",f21r,499,4,tchol,R06,H,A,1,paragraph_continuation,low_reliability_or_unassigned,,,,
2322,"f21r.11,+P0",f21r,499,5,chcthy,R04,H,A,1,paragraph_continuation,low_reliability_or_unassigned,,,,
2323,"f21r.11,+P0",f21r,499,6,otyky,R00,H,A,1,paragraph_continuation,low_reliability_or_unassigned,,,,
2324,"f21r.11,+P0",f21r,499,7,shey,R06,H,A,1,paragraph_continuation,reliable_global,stolfi_inspired_signature,NG|S_EY|T_y,global=global,R06
2325,"f21r.11,+P0",f21r,499,8,yteol,R06,H,A,1,paragraph_continuation,low_reliability_or_unassigned,,,,
2326,"f21r.11,+P0",f21r,499,9,shody,R06,H,A,1,paragraph_continuation,reliable_global,broad_shape,O|dy,global=global,R00
2327,"f21r.6,+P0",f21r,494,1,dchor,R06,H,A,1,paragraph_continuation,low_reliability_or_unassigned,,,,
2328,"f21r.6,+P0",f21r,494,2,y,R06,H,A,1,paragraph_continuation,reliable_global,surface_token,y,global=global,R06
2329,"f21r.6,+P0",f21r,494,3,kolyky,R06,H,A,1,paragraph_continuation,low_reliability_or_unassigned,,,,
2330,"f21r.6,+P0",f21r,494,4,chol,R07,H,A,1,paragraph_continuation,low_reliability_or_unassigned,,,,
2331,"f21r.6,+P0",f21r,494,5,kol,R06,H,A,1,paragraph_continuation,low_reliability_or_unassigned,,,,
2332,"f21r.6,+P0",f21r,494,6,qokeol,H08,H,A,1,paragraph_continuation,low_reliability_or_unassigned,,,,
2333,"f21r.6,+P0",f21r,494,7,cholol,R07,H,A,1,paragraph_continuation,low_reliability_or_unassigned,,,,
2334,"f21r.6,+P0",f21r,494,8,qoteeol,H13,H,A,1,paragraph_continuation,low_reliability_or_unassigned,,,,
2335,"f21r.6,+P0",f21r,494,9,dady,R06,H,A,1,paragraph_continuation,reliable_global,broad_shape,O|dy,global=global,R00
2336,"f21v.5,+P0",f21v,505,1,osho,R00,H,A,1,paragraph_continuation,low_reliability_or_unassigned,,,,
2337,"f21v.5,+P0",f21v,505,2,deey,R06,H,A,1,paragraph_continuation,reliable_global,stolfi_inspired_signature,NG|S_EY|T_ey,global=global,R06
2338,"f21v.5,+P0",f21v,505,3,ctho,R04,H,A,1,paragraph_continuation,low_reliability_or_unassigned,,,,
2339,"f21v.5,+P0",f21v,505,4,l,R06,H,A,1,paragraph_continuation,good_but_not_reliable_enough,surface_token,l,global=global,R06
2340,"f21v.5,+P0",f21v,505,5,shocthy,R00,H,A,1,paragraph_continuation,reliable_environment_sensitive,broad_shape,OXGX|y,global=global,R00
2341,"f21v.5,+P0",f21v,505,6,daiin,R10,H,A,1,paragraph_continuation,reliable_conditioned,surface_token,daiin,meta_L=A,R10
2342,"f21v.5,+P0",f21v,505,7,dait,R06,H,A,1,paragraph_continuation,low_reliability_or_unassigned,,,,
2343,"f21v.5,+P0",f21v,505,8,oky,R00,H,A,1,paragraph_continuation,reliable_environment_sensitive,surface_token,oky,global=global,R00
2344,"f21v.8,+P0",f21v,508,1,cho,R00,H,A,1,paragraph_continuation,low_reliability_or_unassigned,,,,
2345,"f21v.8,+P0",f21v,508,2,l,R06,H,A,1,paragraph_continuation,good_but_not_reliable_enough,surface_token,l,global=global,R06
2346,"f21v.8,+P0",f21v,508,3,kchochaiin,R00,H,A,1,paragraph_continuation,low_reliability_or_unassigned,,,,
2347,"f22r.3,+P0",f22r,511,1,qokol,H08,H,A,1,paragraph_continuation,low_reliability_or_unassigned,,,,
2348,"f22r.3,+P0",f22r,511,2,dykaiin,R00,H,A,1,paragraph_continuation,low_reliability_or_unassigned,,,,
2349,"f22r.3,+P0",f22r,511,3,okchy,R00,H,A,1,paragraph_continuation,low_reliability_or_unassigned,,,,
2350,"f22r.3,+P0",f22r,511,4,daiin,R10,H,A,1,paragraph_continuation,reliable_conditioned,surface_token,daiin,meta_L=A,R10
2351,"f22r.3,+P0",f22r,511,5,cthol,R07,H,A,1,paragraph_continuation,low_reliability_or_unassigned,,,,
2352,"f22r.3,+P0",f22r,511,6,ctholo,R04,H,A,1,paragraph_continuation,low_reliability_or_unassigned,,,,
2353,"f22r.3,+P0",f22r,511,7,dar,R06,H,A,1,paragraph_continuation,reliable_global,surface_token,dar,global=global,R06
2354,"f22r.3,+P0",f22r,511,8,shain,R06,H,A,1,paragraph_continuation,reliable_global,stolfi_inspired_signature,NG|S_OEL|T_in,global=global,R06
2355,"f22v.1,@P0",f22v,522,1,pysaiinor,R00,H,A,1,paragraph_start,low_reliability_or_unassigned,,,,
2356,"f22v.1,@P0",f22v,522,2,ofchar,R00,H,A,1,paragraph_start,low_reliability_or_unassigned,,,,
2357,"f22v.1,@P0",f22v,522,3,oky,R00,H,A,1,paragraph_start,reliable_environment_sensitive,surface_token,oky,global=global,R00
2358,"f22v.1,@P0",f22v,522,4,tchy,R06,H,A,1,paragraph_start,low_reliability_or_unassigned,,,,
2359,"f22v.1,@P0",f22v,522,5,otdy,R00,H,A,1,paragraph_start,low_reliability_or_unassigned,,,,
2360,"f22v.1,@P0",f22v,522,6,sor,R06,H,A,1,paragraph_start,low_reliability_or_unassigned,,,,
2361,"f22v.1,@P0",f22v,522,7,shy,R06,H,A,1,paragraph_start,reliable_global,broad_shape,X|y,global=global,R06
2362,"f22v.1,@P0",f22v,522,8,qod,R00,H,A,1,paragraph_start,low_reliability_or_unassigned,,,,
2363,"f22v.13,+P0",f22v,534,1,okchain,R00,H,A,1,paragraph_continuation,low_reliability_or_unassigned,,,,
2364,"f22v.13,+P0",f22v,534,2,chkoldy,R00,H,A,1,paragraph_continuation,low_reliability_or_unassigned,,,,
2365,"f22v.13,+P0",f22v,534,3,shotoly,R00,H,A,1,paragraph_continuation,low_reliability_or_unassigned,,,,
2366,"f22v.16,+Pc",f22v,537,1,saiinchy,R00,H,A,1,paragraph_continuation,low_reliability_or_unassigned,,,,
2367,"f22v.16,+Pc",f22v,537,2,daldalol,R09,H,A,1,paragraph_continuation,low_reliability_or_unassigned,,,,
2368,"f22v.5,+P0",f22v,526,1,dor,R06,H,A,1,paragraph_continuation,low_reliability_or_unassigned,,,,
2369,"f22v.5,+P0",f22v,526,2,ykcheor,R00,H,A,1,paragraph_continuation,low_reliability_or_unassigned,,,,
2370,"f22v.5,+P0",f22v,526,3,daiin,R10,H,A,1,paragraph_continuation,reliable_conditioned,surface_token,daiin,meta_L=A,R10
2371,"f22v.6,+P0",f22v,527,1,fshor,R06,H,A,1,paragraph_continuation,low_reliability_or_unassigned,,,,
2372,"f22v.6,+P0",f22v,527,2,shytchor,R00,H,A,1,paragraph_continuation,low_reliability_or_unassigned,,,,
2373,"f22v.6,+P0",f22v,527,3,otaiin,R10,H,A,1,paragraph_continuation,low_reliability_or_unassigned,,,,
2374,"f22v.8,+P0",f22v,529,1,qotchy,H13,H,A,1,paragraph_continuation,low_reliability_or_unassigned,,,,
2375,"f22v.8,+P0",f22v,529,2,cthy,R04,H,A,1,paragraph_continuation,low_reliability_or_unassigned,,,,
2376,"f22v.8,+P0",f22v,529,3,qokol,H08,H,A,1,paragraph_continuation,low_reliability_or_unassigned,,,,
2377,"f22v.8,+P0",f22v,529,4,daiin,R10,H,A,1,paragraph_continuation,reliable_conditioned,surface_token,daiin,meta_L=A,R10
2378,"f22v.8,+P0",f22v,529,5,dam,R06,H,A,1,paragraph_continuation,good_but_not_reliable_enough,surface_token,dam,global=global,R06
2379,"f22v.9,+P0",f22v,530,1,okshor,R00,H,A,1,paragraph_continuation,low_reliability_or_unassigned,,,,
2380,"f22v.9,+P0",f22v,530,2,shody,R06,H,A,1,paragraph_continuation,reliable_global,broad_shape,O|dy,global=global,R00
2381,"f22v.9,+P0",f22v,530,3,chol,R07,H,A,1,paragraph_continuation,low_reliability_or_unassigned,,,,
2382,"f22v.9,+P0",f22v,530,4,tchol,R06,H,A,1,paragraph_continuation,low_reliability_or_unassigned,,,,
2383,"f22v.9,+P0",f22v,530,5,otaiindaiin,R10,H,A,1,paragraph_continuation,low_reliability_or_unassigned,,,,
2384,"f23r.3,+P0",f23r,540,1,dchar,R06,H,A,1,paragraph_continuation,low_reliability_or_unassigned,,,,
2385,"f23r.3,+P0",f23r,540,2,ykor,R06,H,A,1,paragraph_continuation,low_reliability_or_unassigned,,,,
2386,"f23r.3,+P0",f23r,540,3,ykaiin,R06,H,A,1,paragraph_continuation,low_reliability_or_unassigned,,,,
2387,"f23r.3,+P0",f23r,540,4,daiin,R10,H,A,1,paragraph_continuation,reliable_conditioned,surface_token,daiin,meta_L=A,R10
2388,"f23r.3,+P0",f23r,540,5,cth,R04,H,A,1,paragraph_continuation,low_reliability_or_unassigned,,,,
2389,"f23r.3,+P0",f23r,540,6,g,R00,H,A,1,paragraph_continuation,reliable_global,broad_shape,X|NONE,global=global,R06
2390,"f23r.4,+P0",f23r,541,1,qokoldy,H11,H,A,1,paragraph_continuation,low_reliability_or_unassigned,,,,
2391,"f23r.4,+P0",f23r,541,2,okaiir,R00,H,A,1,paragraph_continuation,low_reliability_or_unassigned,,,,
2392,"f23r.4,+P0",f23r,541,3,ykaiilg,R00,H,A,1,paragraph_continuation,low_reliability_or_unassigned,,,,
2393,"f23r.4,+P0",f23r,541,4,qokeey,H08,H,A,1,paragraph_continuation,low_reliability_or_unassigned,,,,
2394,"f23r.4,+P0",f23r,541,5,ofchol,R07,H,A,1,paragraph_continuation,low_reliability_or_unassigned,,,,
2395,"f23r.4,+P0",f23r,541,6,dain,R06,H,A,1,paragraph_continuation,reliable_global,stolfi_inspired_signature,NG|S_OEL|T_in,global=global,R06
2396,"f23r.4,+P0",f23r,541,7,yfchor,R06,H,A,1,paragraph_continuation,low_reliability_or_unassigned,,,,
2397,"f23r.4,+P0",f23r,541,8,olfchor,R00,H,A,1,paragraph_continuation,low_reliability_or_unassigned,,,,
2398,"f23r.4,+P0",f23r,541,9,otchald,R00,H,A,1,paragraph_continuation,low_reliability_or_unassigned,,,,
2399,"f23r.6,+P0",f23r,543,1,tshol,R06,H,A,1,paragraph_continuation,low_reliability_or_unassigned,,,,
2400,"f23r.6,+P0",f23r,543,2,ykor,R06,H,A,1,paragraph_continuation,low_reliability_or_unassigned,,,,
2401,"f23r.6,+P0",f23r,543,3,qokaiin,H08,H,A,1,paragraph_continuation,low_reliability_or_unassigned,,,,
2402,"f23r.6,+P0",f23r,543,4,yky,R06,H,A,1,paragraph_continuation,low_reliability_or_unassigned,,,,
2403,"f23r.6,+P0",f23r,543,5,dar,R06,H,A,1,paragraph_continuation,reliable_global,surface_token,dar,global=global,R06
2404,"f23r.6,+P0",f23r,543,6,okol,R07,H,A,1,paragraph_continuation,low_reliability_or_unassigned,,,,
2405,"f23r.6,+P0",f23r,543,7,dchey,R06,H,A,1,paragraph_continuation,low_reliability_or_unassigned,,,,
2406,"f23r.6,+P0",f23r,543,8,daiidal,R09,H,A,1,paragraph_continuation,low_reliability_or_unassigned,,,,
2407,"f23r.6,+P0",f23r,543,9,dam,R06,H,A,1,paragraph_continuation,good_but_not_reliable_enough,surface_token,dam,global=global,R06
2408,"f23r.6,+P0",f23r,543,10,ytcho,R06,H,A,1,paragraph_continuation,low_reliability_or_unassigned,,,,
2409,"f23r.6,+P0",f23r,543,11,ldals,R00,H,A,1,paragraph_continuation,low_reliability_or_unassigned,,,,
2410,"f23v.6,+P0",f23v,554,1,tshol,R06,H,A,1,paragraph_continuation,low_reliability_or_unassigned,,,,
2411,"f23v.6,+P0",f23v,554,2,shor,R06,H,A,1,paragraph_continuation,low_reliability_or_unassigned,,,,
2412,"f23v.6,+P0",f23v,554,3,shkshy,R06,H,A,1,paragraph_continuation,low_reliability_or_unassigned,,,,
2413,"f23v.6,+P0",f23v,554,4,okol,R07,H,A,1,paragraph_continuation,low_reliability_or_unassigned,,,,
2414,"f23v.6,+P0",f23v,554,5,daiin,R10,H,A,1,paragraph_continuation,reliable_conditioned,surface_token,daiin,meta_L=A,R10
2415,"f23v.6,+P0",f23v,554,6,otshor,R00,H,A,1,paragraph_continuation,low_reliability_or_unassigned,,,,
2416,"f23v.6,+P0",f23v,554,7,olsar,R00,H,A,1,paragraph_continuation,low_reliability_or_unassigned,,,,
2417,"f24r.1,@P0",f24r,561,1,porory,R06,H,A,1,paragraph_start,low_reliability_or_unassigned,,,,
2418,"f24r.1,@P0",f24r,561,2,chor,R11,H,A,1,paragraph_start,low_reliability_or_unassigned,,,,
2419,"f24r.1,@P0",f24r,561,3,opchar,R00,H,A,1,paragraph_start,low_reliability_or_unassigned,,,,
2420,"f24r.1,@P0",f24r,561,4,she,R06,H,A,1,paragraph_start,low_reliability_or_unassigned,,,,
2421,"f24r.1,@P0",f24r,561,5,cheol,R00,H,A,1,paragraph_start,low_reliability_or_unassigned,,,,
2422,"f24r.1,@P0",f24r,561,6,daiin,R10,H,A,1,paragraph_start,reliable_conditioned,surface_token,daiin,meta_L=A,R10
2423,"f24r.1,@P0",f24r,561,7,or,R06,H,A,1,paragraph_start,reliable_global,surface_token,or,global=global,R06
2424,"f24r.10,+P0",f24r,570,1,qor,R00,H,A,1,paragraph_continuation,low_reliability_or_unassigned,,,,
2425,"f24r.10,+P0",f24r,570,2,cfhar,R00,H,A,1,paragraph_continuation,low_reliability_or_unassigned,,,,
2426,"f24r.10,+P0",f24r,570,3,chor,R11,H,A,1,paragraph_continuation,low_reliability_or_unassigned,,,,
2427,"f24r.10,+P0",f24r,570,4,s,R06,H,A,1,paragraph_continuation,reliable_global,broad_shape,X|NONE,global=global,R06
2428,"f24r.10,+P0",f24r,570,5,am,R06,H,A,1,paragraph_continuation,low_reliability_or_unassigned,,,,
2429,"f24r.10,+P0",f24r,570,6,chotaiin,R10,H,A,1,paragraph_continuation,low_reliability_or_unassigned,,,,
2430,"f24r.10,+P0",f24r,570,7,dy,R02,H,A,1,paragraph_continuation,low_reliability_or_unassigned,,,,
2431,"f24r.15,+P0",f24r,575,1,ockhoees,R00,H,A,1,paragraph_continuation,low_reliability_or_unassigned,,,,
2432,"f24r.15,+P0",f24r,575,2,oeees,R00,H,A,1,paragraph_continuation,low_reliability_or_unassigned,,,,
2433,"f24r.15,+P0",f24r,575,3,ol,R06,H,A,1,paragraph_continuation,reliable_environment_sensitive,surface_token,ol,global=global,R06
2434,"f24r.15,+P0",f24r,575,4,dal,R09,H,A,1,paragraph_continuation,reliable_global,surface_token,dal,global=global,R09
2435,"f24r.15,+P0",f24r,575,5,s,R06,H,A,1,paragraph_continuation,reliable_global,broad_shape,X|NONE,global=global,R06
2436,"f24r.16,+P0",f24r,576,1,sham,R06,H,A,1,paragraph_continuation,low_reliability_or_unassigned,,,,
2437,"f24r.16,+P0",f24r,576,2,okeal,R00,H,A,1,paragraph_continuation,low_reliability_or_unassigned,,,,
2438,"f24r.16,+P0",f24r,576,3,dal,R09,H,A,1,paragraph_continuation,reliable_global,surface_token,dal,global=global,R09
2439,"f24r.16,+P0",f24r,576,4,dam,R06,H,A,1,paragraph_continuation,good_but_not_reliable_enough,surface_token,dam,global=global,R06
2440,"f24r.16,+P0",f24r,576,5,dal,R09,H,A,1,paragraph_continuation,reliable_global,surface_token,dal,global=global,R09
2441,"f24r.17,+P0",f24r,577,1,sshey,R06,H,A,1,paragraph_continuation,low_reliability_or_unassigned,,,,
2442,"f24r.17,+P0",f24r,577,2,otam,R06,H,A,1,paragraph_continuation,low_reliability_or_unassigned,,,,
2443,"f24r.17,+P0",f24r,577,3,sham,R06,H,A,1,paragraph_continuation,low_reliability_or_unassigned,,,,
2444,"f24r.17,+P0",f24r,577,4,cthoj,R04,H,A,1,paragraph_continuation,low_reliability_or_unassigned,,,,
2445,"f24r.17,+P0",f24r,577,5,oky,R00,H,A,1,paragraph_continuation,reliable_environment_sensitive,surface_token,oky,global=global,R00
2446,"f24r.18,+P0",f24r,578,1,ycheol,R06,H,A,1,paragraph_continuation,low_reliability_or_unassigned,,,,
2447,"f24r.18,+P0",f24r,578,2,chol,R07,H,A,1,paragraph_continuation,low_reliability_or_unassigned,,,,
2448,"f24r.18,+P0",f24r,578,3,daiin,R10,H,A,1,paragraph_continuation,reliable_conditioned,surface_token,daiin,meta_L=A,R10
2449,"f24r.18,+P0",f24r,578,4,chol,R07,H,A,1,paragraph_continuation,low_reliability_or_unassigned,,,,
2450,"f24r.18,+P0",f24r,578,5,s,R06,H,A,1,paragraph_continuation,reliable_global,broad_shape,X|NONE,global=global,R06
2451,"f24r.19,+P0",f24r,579,1,yol,R06,H,A,1,paragraph_continuation,low_reliability_or_unassigned,,,,
2452,"f24r.19,+P0",f24r,579,2,kol,R06,H,A,1,paragraph_continuation,low_reliability_or_unassigned,,,,
2453,"f24r.19,+P0",f24r,579,3,chol,R07,H,A,1,paragraph_continuation,low_reliability_or_unassigned,,,,
2454,"f24r.19,+P0",f24r,579,4,shom,R06,H,A,1,paragraph_continuation,low_reliability_or_unassigned,,,,
2455,"f24r.19,+P0",f24r,579,5,otacphy,R00,H,A,1,paragraph_continuation,reliable_environment_sensitive,broad_shape,OXGX|y,global=global,R00
2456,"f24r.20,+Pc",f24r,580,1,sam,R06,H,A,1,paragraph_continuation,low_reliability_or_unassigned,,,,
2457,"f24r.20,+Pc",f24r,580,2,chorly,R00,H,A,1,paragraph_continuation,low_reliability_or_unassigned,,,,
2458,"f24r.4,+P0",f24r,564,1,or,R06,H,A,1,paragraph_continuation,reliable_global,surface_token,or,global=global,R06
2459,"f24r.4,+P0",f24r,564,2,chckhaly,R00,H,A,1,paragraph_continuation,low_reliability_or_unassigned,,,,
2460,"f24r.4,+P0",f24r,564,3,cthar,R04,H,A,1,paragraph_continuation,low_reliability_or_unassigned,,,,
2461,"f24r.4,+P0",f24r,564,4,eeor,R00,H,A,1,paragraph_continuation,low_reliability_or_unassigned,,,,
2462,"f24r.4,+P0",f24r,564,5,chees,R00,H,A,1,paragraph_continuation,low_reliability_or_unassigned,,,,
2463,"f24r.4,+P0",f24r,564,6,da,R06,H,A,1,paragraph_continuation,low_reliability_or_unassigned,,,,
2464,"f24v.14,+P0",f24v,594,1,do,R06,H,A,1,paragraph_continuation,low_reliability_or_unassigned,,,,
2465,"f24v.14,+P0",f24v,594,2,cheeodam,R00,H,A,1,paragraph_continuation,low_reliability_or_unassigned,,,,
2466,"f24v.14,+P0",f24v,594,3,sho,R06,H,A,1,paragraph_continuation,reliable_environment_sensitive,surface_token,sho,global=global,R06
2467,"f24v.14,+P0",f24v,594,4,sho,R06,H,A,1,paragraph_continuation,reliable_environment_sensitive,surface_token,sho,global=global,R06
2468,"f24v.14,+P0",f24v,594,5,dy,R02,H,A,1,paragraph_continuation,low_reliability_or_unassigned,,,,
2469,"f24v.15,+P0",f24v,595,1,dchey,R06,H,A,1,paragraph_continuation,low_reliability_or_unassigned,,,,
2470,"f24v.15,+P0",f24v,595,2,kchod,R06,H,A,1,paragraph_continuation,low_reliability_or_unassigned,,,,
2471,"f24v.15,+P0",f24v,595,3,dchl,R06,H,A,1,paragraph_continuation,low_reliability_or_unassigned,,,,
2472,"f24v.15,+P0",f24v,595,4,ochdy,R00,H,A,1,paragraph_continuation,low_reliability_or_unassigned,,,,
2473,"f24v.16,+P0",f24v,596,1,otchol,R07,H,A,1,paragraph_continuation,low_reliability_or_unassigned,,,,
2474,"f24v.16,+P0",f24v,596,2,odaiim,R00,H,A,1,paragraph_continuation,low_reliability_or_unassigned,,,,
2475,"f24v.7,+P0",f24v,587,1,ycheol,R06,H,A,1,paragraph_continuation,low_reliability_or_unassigned,,,,
2476,"f24v.7,+P0",f24v,587,2,daid,R06,H,A,1,paragraph_continuation,low_reliability_or_unassigned,,,,
2477,"f24v.7,+P0",f24v,587,3,dar,R06,H,A,1,paragraph_continuation,reliable_global,surface_token,dar,global=global,R06
2478,"f24v.7,+P0",f24v,587,4,olom,R00,H,A,1,paragraph_continuation,low_reliability_or_unassigned,,,,
2479,"f25r.5,+P0",f25r,601,1,qotcheaiin,H13,H,A,1,paragraph_continuation,low_reliability_or_unassigned,,,,
2480,"f25r.5,+P0",f25r,601,2,dchain,R06,H,A,1,paragraph_continuation,low_reliability_or_unassigned,,,,
2481,"f25r.5,+P0",f25r,601,3,cthain,R04,H,A,1,paragraph_continuation,low_reliability_or_unassigned,,,,
2482,"f25r.5,+P0",f25r,601,4,daiin,R10,H,A,1,paragraph_continuation,reliable_conditioned,surface_token,daiin,meta_L=A,R10
2483,"f25r.5,+P0",f25r,601,5,daiin,R10,H,A,1,paragraph_continuation,reliable_conditioned,surface_token,daiin,meta_L=A,R10
2484,"f25r.5,+P0",f25r,601,6,cthain,R04,H,A,1,paragraph_continuation,low_reliability_or_unassigned,,,,
2485,"f25r.5,+P0",f25r,601,7,qotaiin,H13,H,A,1,paragraph_continuation,low_reliability_or_unassigned,,,,
2486,"f25r.6,+P0",f25r,602,1,okal,R07,H,A,1,paragraph_continuation,reliable_global,surface_token,okal,global=global,R07
2487,"f25r.6,+P0",f25r,602,2,chotaiin,R10,H,A,1,paragraph_continuation,low_reliability_or_unassigned,,,,
2488,"f25r.7,=Pt",f25r,603,1,dair,R06,H,A,1,paragraph_terminal_or_label,low_reliability_or_unassigned,,,,
2489,"f25r.7,=Pt",f25r,603,2,otaiir,R00,H,A,1,paragraph_terminal_or_label,low_reliability_or_unassigned,,,,
2490,"f25r.7,=Pt",f25r,603,3,otosy,R00,H,A,1,paragraph_terminal_or_label,low_reliability_or_unassigned,,,,
2491,"f25v.2,+P0",f25v,605,1,dchor,R06,H,A,1,paragraph_continuation,low_reliability_or_unassigned,,,,
2492,"f25v.2,+P0",f25v,605,2,cthor,R04,H,A,1,paragraph_continuation,low_reliability_or_unassigned,,,,
2493,"f25v.2,+P0",f25v,605,3,chor,R11,H,A,1,paragraph_continuation,low_reliability_or_unassigned,,,,
2494,"f25v.2,+P0",f25v,605,4,daiin,R10,H,A,1,paragraph_continuation,reliable_conditioned,surface_token,daiin,meta_L=A,R10
2495,"f25v.2,+P0",f25v,605,5,s,R06,H,A,1,paragraph_continuation,reliable_global,broad_shape,X|NONE,global=global,R06
2496,"f25v.2,+P0",f25v,605,6,okeeaiin,R00,H,A,1,paragraph_continuation,low_reliability_or_unassigned,,,,
2497,"f25v.2,+P0",f25v,605,7,daiin,R10,H,A,1,paragraph_continuation,reliable_conditioned,surface_token,daiin,meta_L=A,R10
2498,"f25v.2,+P0",f25v,605,8,ckhey,R00,H,A,1,paragraph_continuation,low_reliability_or_unassigned,,,,
2499,"f25v.2,+P0",f25v,605,9,daiin,R10,H,A,1,paragraph_continuation,reliable_conditioned,surface_token,daiin,meta_L=A,R10
2500,"f26r.6,+P0",f26r,616,1,rchedy,R00,H,B,2,paragraph_continuation,reliable_conditioned,broad_shape,LB|edy,meta_L=B,R00
2501,"f26r.6,+P0",f26r,616,2,qokedy,H12,H,B,2,paragraph_continuation,reliable_conditioned,surface_token,qokedy,meta_L=B,H12
2502,"f26v.5,+P0",f26v,625,1,deeol,R06,H,B,2,paragraph_continuation,low_reliability_or_unassigned,,,,
2503,"f26v.5,+P0",f26v,625,2,cheody,R00,H,B,2,paragraph_continuation,low_reliability_or_unassigned,,,,
2504,"f26v.5,+P0",f26v,625,3,qoteedy,H01,H,B,2,paragraph_continuation,low_reliability_or_unassigned,,,,
2505,"f26v.5,+P0",f26v,625,4,qokody,R00,H,B,2,paragraph_continuation,reliable_global,broad_shape,O|dy,global=global,R00
2506,"f26v.5,+P0",f26v,625,5,qotedy,H17,H,B,2,paragraph_continuation,low_reliability_or_unassigned,,,,
2507,"f26v.5,+P0",f26v,625,6,qotedy,H17,H,B,2,paragraph_continuation,low_reliability_or_unassigned,,,,
2508,"f26v.5,+P0",f26v,625,7,opchedy,R00,H,B,2,paragraph_continuation,low_reliability_or_unassigned,,,,
2509,"f26v.5,+P0",f26v,625,8,ofchy,R00,H,B,2,paragraph_continuation,low_reliability_or_unassigned,,,,
2510,"f26v.5,+P0",f26v,625,9,chs,R00,H,B,2,paragraph_continuation,low_reliability_or_unassigned,,,,
2511,"f26v.5,+P0",f26v,625,10,ar,R06,H,B,2,paragraph_continuation,reliable_global,surface_token,ar,global=global,R06
2512,"f27v.8,+P0",f27v,650,1,okshes,R00,H,A,1,paragraph_continuation,low_reliability_or_unassigned,,,,
2513,"f27v.8,+P0",f27v,650,2,okchokshy,R00,H,A,1,paragraph_continuation,low_reliability_or_unassigned,,,,
2514,"f28r.4,+P0",f28r,654,1,choty,R00,H,A,1,paragraph_continuation,reliable_global,broad_shape,OG|y,global=global,R00
2515,"f28r.4,+P0",f28r,654,2,chtol,R00,H,A,1,paragraph_continuation,low_reliability_or_unassigned,,,,
2516,"f28r.4,+P0",f28r,654,3,otol,R01,H,A,1,paragraph_continuation,low_reliability_or_unassigned,,,,
2517,"f28r.4,+P0",f28r,654,4,chotchy,R01,H,A,1,paragraph_continuation,low_reliability_or_unassigned,,,,
2518,"f28r.4,+P0",f28r,654,5,cthol,R07,H,A,1,paragraph_continuation,low_reliability_or_unassigned,,,,
2519,"f28r.4,+P0",f28r,654,6,otol,R01,H,A,1,paragraph_continuation,low_reliability_or_unassigned,,,,
2520,"f28r.4,+P0",f28r,654,7,choky,R00,H,A,1,paragraph_continuation,reliable_global,broad_shape,OG|y,global=global,R00
2521,"f28r.4,+P0",f28r,654,8,qoty,H01,H,A,1,paragraph_continuation,low_reliability_or_unassigned,,,,
2522,"f28r.8,+P0",f28r,658,1,oschotshl,R00,H,A,1,paragraph_continuation,low_reliability_or_unassigned,,,,
2523,"f28r.8,+P0",f28r,658,2,daiin,R10,H,A,1,paragraph_continuation,reliable_conditioned,surface_token,daiin,meta_L=A,R10
2524,"f28r.8,+P0",f28r,658,3,okchey,R00,H,A,1,paragraph_continuation,low_reliability_or_unassigned,,,,
2525,"f28r.8,+P0",f28r,658,4,kol,R06,H,A,1,paragraph_continuation,low_reliability_or_unassigned,,,,
2526,"f28r.8,+P0",f28r,658,5,daiin,R10,H,A,1,paragraph_continuation,reliable_conditioned,surface_token,daiin,meta_L=A,R10
2527,"f28r.8,+P0",f28r,658,6,shol,R08,H,A,1,paragraph_continuation,low_reliability_or_unassigned,,,,
2528,"f28r.8,+P0",f28r,658,7,dsho,R06,H,A,1,paragraph_continuation,low_reliability_or_unassigned,,,,
2529,"f28r.8,+P0",f28r,658,8,otaiin,R10,H,A,1,paragraph_continuation,low_reliability_or_unassigned,,,,
2530,"f28v.6,+Pr",f28v,665,1,daiin,R10,H,A,1,paragraph_continuation,reliable_conditioned,surface_token,daiin,meta_L=A,R10
2531,"f28v.6,+Pr",f28v,665,2,chkaiin,R00,H,A,1,paragraph_continuation,low_reliability_or_unassigned,,,,
2532,"f29r.1,@P0",f29r,669,1,posaiin,R00,H,A,1,paragraph_start,low_reliability_or_unassigned,,,,
2533,"f29r.1,@P0",f29r,669,2,she,R06,H,A,1,paragraph_start,low_reliability_or_unassigned,,,,
2534,"f29r.1,@P0",f29r,669,3,aiin,R06,H,A,1,paragraph_start,reliable_environment_sensitive,surface_token,aiin,global=global,R06
2535,"f29r.1,@P0",f29r,669,4,chepoty,R00,H,A,1,paragraph_start,low_reliability_or_unassigned,,,,
2536,"f29r.1,@P0",f29r,669,5,chy,R00,H,A,1,paragraph_start,reliable_global,stolfi_inspired_signature,NG|S_BY|T_y,global=global,R00
2537,"f29r.1,@P0",f29r,669,6,qotchy,H13,H,A,1,paragraph_start,low_reliability_or_unassigned,,,,
2538,"f29r.1,@P0",f29r,669,7,qoty,H01,H,A,1,paragraph_start,low_reliability_or_unassigned,,,,
2539,"f29r.1,@P0",f29r,669,8,cheecthy,R04,H,A,1,paragraph_start,good_but_not_reliable_enough,broad_shape,EXGX|y,global=global,R00
2540,"f29r.3,+P0",f29r,671,1,qokchy,H08,H,A,1,paragraph_continuation,low_reliability_or_unassigned,,,,
2541,"f29r.3,+P0",f29r,671,2,qoty,H01,H,A,1,paragraph_continuation,low_reliability_or_unassigned,,,,
2542,"f29r.3,+P0",f29r,671,3,kchaiin,R00,H,A,1,paragraph_continuation,low_reliability_or_unassigned,,,,
2543,"f29r.3,+P0",f29r,671,4,shear,R06,H,A,1,paragraph_continuation,low_reliability_or_unassigned,,,,
2544,"f29r.3,+P0",f29r,671,5,cthor,R04,H,A,1,paragraph_continuation,low_reliability_or_unassigned,,,,
2545,"f29r.3,+P0",f29r,671,6,dchor,R06,H,A,1,paragraph_continuation,low_reliability_or_unassigned,,,,
2546,"f29r.3,+P0",f29r,671,7,choly,R00,H,A,1,paragraph_continuation,low_reliability_or_unassigned,,,,
2547,"f29r.7,+P0",f29r,675,1,qokchy,H08,H,A,1,paragraph_continuation,low_reliability_or_unassigned,,,,
2548,"f29r.7,+P0",f29r,675,2,chol,R07,H,A,1,paragraph_continuation,low_reliability_or_unassigned,,,,
2549,"f29r.7,+P0",f29r,675,3,shokchy,R00,H,A,1,paragraph_continuation,low_reliability_or_unassigned,,,,
2550,"f29r.7,+P0",f29r,675,4,qokaiin,H08,H,A,1,paragraph_continuation,low_reliability_or_unassigned,,,,
2551,"f29r.7,+P0",f29r,675,5,choety,R00,H,A,1,paragraph_continuation,low_reliability_or_unassigned,,,,
2552,"f29r.7,+P0",f29r,675,6,choty,R00,H,A,1,paragraph_continuation,reliable_global,broad_shape,OG|y,global=global,R00
2553,"f29r.7,+P0",f29r,675,7,kaiin,R06,H,A,1,paragraph_continuation,low_reliability_or_unassigned,,,,
2554,"f29r.9,+P0",f29r,677,1,qokshe,H08,H,A,1,paragraph_continuation,low_reliability_or_unassigned,,,,
2555,"f29r.9,+P0",f29r,677,2,qor,R00,H,A,1,paragraph_continuation,low_reliability_or_unassigned,,,,
2556,"f29r.9,+P0",f29r,677,3,chey,R06,H,A,1,paragraph_continuation,reliable_global,stolfi_inspired_signature,NG|S_EY|T_y,global=global,R06
2557,"f29r.9,+P0",f29r,677,4,kor,R06,H,A,1,paragraph_continuation,low_reliability_or_unassigned,,,,
2558,"f29r.9,+P0",f29r,677,5,cheod,R00,H,A,1,paragraph_continuation,low_reliability_or_unassigned,,,,
2559,"f29r.9,+P0",f29r,677,6,ychom,R06,H,A,1,paragraph_continuation,low_reliability_or_unassigned,,,,
2560,"f29v.2,+P0",f29v,679,1,qotcheaiin,H13,H,A,1,paragraph_continuation,low_reliability_or_unassigned,,,,
2561,"f29v.2,+P0",f29v,679,2,s,R06,H,A,1,paragraph_continuation,reliable_global,broad_shape,X|NONE,global=global,R06
2562,"f29v.2,+P0",f29v,679,3,chol,R07,H,A,1,paragraph_continuation,low_reliability_or_unassigned,,,,
2563,"f29v.2,+P0",f29v,679,4,chol,R07,H,A,1,paragraph_continuation,low_reliability_or_unassigned,,,,
2564,"f29v.2,+P0",f29v,679,5,cthy,R04,H,A,1,paragraph_continuation,low_reliability_or_unassigned,,,,
2565,"f29v.2,+P0",f29v,679,6,chey,R06,H,A,1,paragraph_continuation,reliable_global,stolfi_inspired_signature,NG|S_EY|T_y,global=global,R06
2566,"f29v.2,+P0",f29v,679,7,cthold,R04,H,A,1,paragraph_continuation,low_reliability_or_unassigned,,,,
2567,"f29v.2,+P0",f29v,679,8,ytchor,R06,H,A,1,paragraph_continuation,low_reliability_or_unassigned,,,,
2568,"f29v.2,+P0",f29v,679,9,dary,R06,H,A,1,paragraph_continuation,low_reliability_or_unassigned,,,,
2569,"f29v.9,+P0",f29v,686,1,sho,R06,H,A,1,paragraph_continuation,reliable_environment_sensitive,surface_token,sho,global=global,R06
2570,"f29v.9,+P0",f29v,686,2,chokor,R00,H,A,1,paragraph_continuation,low_reliability_or_unassigned,,,,
2571,"f29v.9,+P0",f29v,686,3,chor,R11,H,A,1,paragraph_continuation,low_reliability_or_unassigned,,,,
2572,"f29v.9,+P0",f29v,686,4,chy,R00,H,A,1,paragraph_continuation,reliable_global,stolfi_inspired_signature,NG|S_BY|T_y,global=global,R00
2573,"f29v.9,+P0",f29v,686,5,ydaiin,R06,H,A,1,paragraph_continuation,low_reliability_or_unassigned,,,,
2574,"f29v.9,+P0",f29v,686,6,cho,R00,H,A,1,paragraph_continuation,low_reliability_or_unassigned,,,,
2575,"f29v.9,+P0",f29v,686,7,ykeeb,R06,H,A,1,paragraph_continuation,low_reliability_or_unassigned,,,,
2576,"f29v.9,+P0",f29v,686,8,oaiin,R00,H,A,1,paragraph_continuation,low_reliability_or_unassigned,,,,
2577,"f2r.11,+P0",f2r,49,1,ychain,R06,H,A,1,paragraph_continuation,low_reliability_or_unassigned,,,,
2578,"f2r.11,+P0",f2r,49,2,dal,R09,H,A,1,paragraph_continuation,reliable_global,surface_token,dal,global=global,R09
2579,"f2r.11,+P0",f2r,49,3,chy,R00,H,A,1,paragraph_continuation,reliable_global,stolfi_inspired_signature,NG|S_BY|T_y,global=global,R00
2580,"f2r.11,+P0",f2r,49,4,dalor,R09,H,A,1,paragraph_continuation,low_reliability_or_unassigned,,,,
2581,"f2r.11,+P0",f2r,49,5,shan,R06,H,A,1,paragraph_continuation,low_reliability_or_unassigned,,,,
2582,"f2r.11,+P0",f2r,49,6,dan,R06,H,A,1,paragraph_continuation,low_reliability_or_unassigned,,,,
2583,"f2r.11,+P0",f2r,49,7,olsaiin,R00,H,A,1,paragraph_continuation,low_reliability_or_unassigned,,,,
2584,"f2r.11,+P0",f2r,49,8,sheey,R06,H,A,1,paragraph_continuation,reliable_global,stolfi_inspired_signature,NG|S_EY|T_ey,global=global,R06
2585,"f2r.11,+P0",f2r,49,9,ckhor,R00,H,A,1,paragraph_continuation,low_reliability_or_unassigned,,,,
2586,"f2r.14,@Lp",f2r,52,1,ytoail,R06,H,A,1,label_or_marginal,low_reliability_or_unassigned,,,,
2587,"f2r.15,@L0",f2r,53,1,ios,R00,H,A,1,label_or_marginal,low_reliability_or_unassigned,,,,
2588,"f2r.15,@L0",f2r,53,2,an,R00,H,A,1,label_or_marginal,low_reliability_or_unassigned,,,,
2589,"f2r.15,@L0",f2r,53,3,on,R00,H,A,1,label_or_marginal,low_reliability_or_unassigned,,,,
2590,"f30v.11,+P0",f30v,713,1,sol,R06,H,A,1,paragraph_continuation,good_but_not_reliable_enough,surface_token,sol,global=global,R06
2591,"f30v.11,+P0",f30v,713,2,chokcheey,R00,H,A,1,paragraph_continuation,low_reliability_or_unassigned,,,,
2592,"f30v.11,+P0",f30v,713,3,daiin,R10,H,A,1,paragraph_continuation,reliable_conditioned,surface_token,daiin,meta_L=A,R10
2593,"f30v.11,+P0",f30v,713,4,kchydy,R06,H,A,1,paragraph_continuation,low_reliability_or_unassigned,,,,
2594,"f30v.5,+P0",f30v,707,1,dain,R06,H,A,1,paragraph_continuation,reliable_global,stolfi_inspired_signature,NG|S_OEL|T_in,global=global,R06
2595,"f30v.5,+P0",f30v,707,2,choty,R00,H,A,1,paragraph_continuation,reliable_global,broad_shape,OG|y,global=global,R00
2596,"f30v.5,+P0",f30v,707,3,chkol,R00,H,A,1,paragraph_continuation,low_reliability_or_unassigned,,,,
2597,"f30v.5,+P0",f30v,707,4,ytor,R06,H,A,1,paragraph_continuation,low_reliability_or_unassigned,,,,
2598,"f30v.5,+P0",f30v,707,5,cheoldy,R00,H,A,1,paragraph_continuation,low_reliability_or_unassigned,,,,
2599,"f31r.13,+P0",f31r,726,1,olsheor,R00,H,B,2,paragraph_continuation,low_reliability_or_unassigned,,,,
2600,"f31r.13,+P0",f31r,726,2,qoekedy,H21,H,B,2,paragraph_continuation,low_reliability_or_unassigned,,,,
2601,"f31r.13,+P0",f31r,726,3,otedy,R01,H,B,2,paragraph_continuation,reliable_conditioned,surface_token,otedy,meta_L=B,R01
2602,"f31r.13,+P0",f31r,726,4,ykedy,R00,H,B,2,paragraph_continuation,low_reliability_or_unassigned,,,,
2603,"f31r.13,+P0",f31r,726,5,dals,R09,H,B,2,paragraph_continuation,low_reliability_or_unassigned,,,,
2604,"f31r.15,+P0",f31r,728,1,yshedair,R00,H,B,2,paragraph_continuation,low_reliability_or_unassigned,,,,
2605,"f31r.15,+P0",f31r,728,2,sheolcheky,R00,H,B,2,paragraph_continuation,low_reliability_or_unassigned,,,,
2606,"f31r.15,+P0",f31r,728,3,okedam,R00,H,B,2,paragraph_continuation,low_reliability_or_unassigned,,,,
2607,"f31v.5,+P0",f31v,734,1,ykeos,R06,H,B,2,paragraph_continuation,low_reliability_or_unassigned,,,,
2608,"f31v.5,+P0",f31v,734,2,cheeoy,R00,H,B,2,paragraph_continuation,low_reliability_or_unassigned,,,,
2609,"f31v.5,+P0",f31v,734,3,oraiin,R10,H,B,2,paragraph_continuation,low_reliability_or_unassigned,,,,
2610,"f32r.14,+P0",f32r,754,1,schey,R06,H,A,1,paragraph_continuation,low_reliability_or_unassigned,,,,
2611,"f32r.14,+P0",f32r,754,2,qotshey,H13,H,A,1,paragraph_continuation,low_reliability_or_unassigned,,,,
2612,"f32r.14,+P0",f32r,754,3,daiin,R10,H,A,1,paragraph_continuation,reliable_conditioned,surface_token,daiin,meta_L=A,R10
2613,"f32r.14,+P0",f32r,754,4,cths,R04,H,A,1,paragraph_continuation,low_reliability_or_unassigned,,,,
2614,"f32r.17,+P0",f32r,757,1,chokeol,R00,H,A,1,paragraph_continuation,low_reliability_or_unassigned,,,,
2615,"f32r.17,+P0",f32r,757,2,dchoty,R06,H,A,1,paragraph_continuation,low_reliability_or_unassigned,,,,
2616,"f32r.18,+P0",f32r,758,1,doiin,R06,H,A,1,paragraph_continuation,low_reliability_or_unassigned,,,,
2617,"f32r.18,+P0",f32r,758,2,shoshy,R06,H,A,1,paragraph_continuation,low_reliability_or_unassigned,,,,
2618,"f32r.3,+P0",f32r,743,1,qokchor,H08,H,A,1,paragraph_continuation,low_reliability_or_unassigned,,,,
2619,"f32r.3,+P0",f32r,743,2,chor,R11,H,A,1,paragraph_continuation,low_reliability_or_unassigned,,,,
2620,"f32r.3,+P0",f32r,743,3,cthol,R07,H,A,1,paragraph_continuation,low_reliability_or_unassigned,,,,
2621,"f32r.3,+P0",f32r,743,4,chol,R07,H,A,1,paragraph_continuation,low_reliability_or_unassigned,,,,
2622,"f32r.3,+P0",f32r,743,5,dol,R06,H,A,1,paragraph_continuation,good_but_not_reliable_enough,surface_token,dol,global=global,R06
2623,"f32r.3,+P0",f32r,743,6,dcheodain,R00,H,A,1,paragraph_continuation,low_reliability_or_unassigned,,,,
2624,"f32r.3,+P0",f32r,743,7,daiin,R10,H,A,1,paragraph_continuation,reliable_conditioned,surface_token,daiin,meta_L=A,R10
2625,"f32r.6,+P0",f32r,746,1,fcho,R06,H,A,1,paragraph_continuation,low_reliability_or_unassigned,,,,
2626,"f32r.6,+P0",f32r,746,2,tcheychedy,R00,H,A,1,paragraph_continuation,low_reliability_or_unassigned,,,,
2627,"f32r.9,+P0",f32r,749,1,dytchor,R00,H,A,1,paragraph_continuation,low_reliability_or_unassigned,,,,
2628,"f32r.9,+P0",f32r,749,2,dary,R06,H,A,1,paragraph_continuation,low_reliability_or_unassigned,,,,
2629,"f32v.10,+P0",f32v,769,1,sho,R06,H,A,1,paragraph_continuation,reliable_environment_sensitive,surface_token,sho,global=global,R06
2630,"f32v.10,+P0",f32v,769,2,keol,R06,H,A,1,paragraph_continuation,low_reliability_or_unassigned,,,,
2631,"f32v.10,+P0",f32v,769,3,chor,R11,H,A,1,paragraph_continuation,low_reliability_or_unassigned,,,,
2632,"f32v.10,+P0",f32v,769,4,chol,R07,H,A,1,paragraph_continuation,low_reliability_or_unassigned,,,,
2633,"f32v.10,+P0",f32v,769,5,daiin,R10,H,A,1,paragraph_continuation,reliable_conditioned,surface_token,daiin,meta_L=A,R10
2634,"f32v.10,+P0",f32v,769,6,cphol,R00,H,A,1,paragraph_continuation,low_reliability_or_unassigned,,,,
2635,"f32v.10,+P0",f32v,769,7,cthol,R07,H,A,1,paragraph_continuation,low_reliability_or_unassigned,,,,
2636,"f32v.10,+P0",f32v,769,8,da,R06,H,A,1,paragraph_continuation,low_reliability_or_unassigned,,,,
2637,"f32v.10,+P0",f32v,769,9,ar,R06,H,A,1,paragraph_continuation,reliable_global,surface_token,ar,global=global,R06
2638,"f32v.11,+P0",f32v,770,1,ol,R06,H,A,1,paragraph_continuation,reliable_environment_sensitive,surface_token,ol,global=global,R06
2639,"f32v.11,+P0",f32v,770,2,sho,R06,H,A,1,paragraph_continuation,reliable_environment_sensitive,surface_token,sho,global=global,R06
2640,"f32v.11,+P0",f32v,770,3,chy,R00,H,A,1,paragraph_continuation,reliable_global,stolfi_inspired_signature,NG|S_BY|T_y,global=global,R00
2641,"f32v.6,+P0",f32v,765,1,okchan,R00,H,A,1,paragraph_continuation,low_reliability_or_unassigned,,,,
2642,"f32v.6,+P0",f32v,765,2,cholshal,R07,H,A,1,paragraph_continuation,low_reliability_or_unassigned,,,,
2643,"f32v.6,+P0",f32v,765,3,dchcthy,R00,H,A,1,paragraph_continuation,low_reliability_or_unassigned,,,,
2644,"f32v.9,+P0",f32v,768,1,qotchy,H13,H,A,1,paragraph_continuation,low_reliability_or_unassigned,,,,
2645,"f32v.9,+P0",f32v,768,2,cfhy,R00,H,A,1,paragraph_continuation,low_reliability_or_unassigned,,,,
2646,"f32v.9,+P0",f32v,768,3,skey,R06,H,A,1,paragraph_continuation,low_reliability_or_unassigned,,,,
2647,"f32v.9,+P0",f32v,768,4,chocthy,R00,H,A,1,paragraph_continuation,reliable_environment_sensitive,broad_shape,OXGX|y,global=global,R00
2648,"f32v.9,+P0",f32v,768,5,daiin,R10,H,A,1,paragraph_continuation,reliable_conditioned,surface_token,daiin,meta_L=A,R10
2649,"f32v.9,+P0",f32v,768,6,cthaiin,R04,H,A,1,paragraph_continuation,low_reliability_or_unassigned,,,,
2650,"f32v.9,+P0",f32v,768,7,daiin,R10,H,A,1,paragraph_continuation,reliable_conditioned,surface_token,daiin,meta_L=A,R10
2651,"f33r.3,+P0",f33r,773,1,laiin,R00,H,B,2,paragraph_continuation,low_reliability_or_unassigned,,,,
2652,"f33r.3,+P0",f33r,773,2,y,R06,H,B,2,paragraph_continuation,reliable_global,surface_token,y,global=global,R06
2653,"f33r.3,+P0",f33r,773,3,cheky,R06,H,B,2,paragraph_continuation,low_reliability_or_unassigned,,,,
2654,"f33r.3,+P0",f33r,773,4,qokedy,H12,H,B,2,paragraph_continuation,reliable_conditioned,surface_token,qokedy,meta_L=B,H12
2655,"f33r.3,+P0",f33r,773,5,shedy,R06,H,B,2,paragraph_continuation,reliable_conditioned,surface_token,shedy,meta_L=B,R06
2656,"f33r.3,+P0",f33r,773,6,chdal,R09,H,B,2,paragraph_continuation,low_reliability_or_unassigned,,,,
2657,"f33r.3,+P0",f33r,773,7,chechdaiin,R00,H,B,2,paragraph_continuation,low_reliability_or_unassigned,,,,
2658,"f33r.3,+P0",f33r,773,8,qokchy,H08,H,B,2,paragraph_continuation,low_reliability_or_unassigned,,,,
2659,"f33r.3,+P0",f33r,773,9,ody,R00,H,B,2,paragraph_continuation,low_reliability_or_unassigned,,,,
2660,"f33r.3,+P0",f33r,773,10,chekeedy,R00,H,B,2,paragraph_continuation,low_reliability_or_unassigned,,,,
2661,"f33r.3,+P0",f33r,773,11,yka,R06,H,B,2,paragraph_continuation,low_reliability_or_unassigned,,,,
2662,"f33r.4,+P0",f33r,774,1,taiin,R06,H,B,2,paragraph_continuation,low_reliability_or_unassigned,,,,
2663,"f33r.4,+P0",f33r,774,2,chekey,R00,H,B,2,paragraph_continuation,low_reliability_or_unassigned,,,,
2664,"f33r.4,+P0",f33r,774,3,or,R06,H,B,2,paragraph_continuation,reliable_global,surface_token,or,global=global,R06
2665,"f33r.4,+P0",f33r,774,4,alaiiin,R00,H,B,2,paragraph_continuation,low_reliability_or_unassigned,,,,
2666,"f33r.4,+P0",f33r,774,5,saiin,R06,H,B,2,paragraph_continuation,reliable_conditioned,surface_token,saiin,meta_L=B,R06
2667,"f33r.4,+P0",f33r,774,6,okaiin,R10,H,B,2,paragraph_continuation,reliable_global,surface_token,okaiin,global=global,R10
2668,"f33r.4,+P0",f33r,774,7,dar,R06,H,B,2,paragraph_continuation,reliable_global,surface_token,dar,global=global,R06
2669,"f33r.4,+P0",f33r,774,8,cheedy,R06,H,B,2,paragraph_continuation,low_reliability_or_unassigned,,,,
2670,"f33r.4,+P0",f33r,774,9,chkeey,R00,H,B,2,paragraph_continuation,low_reliability_or_unassigned,,,,
2671,"f33r.4,+P0",f33r,774,10,far,R06,H,B,2,paragraph_continuation,low_reliability_or_unassigned,,,,
2672,"f33r.4,+P0",f33r,774,11,aiin,R06,H,B,2,paragraph_continuation,reliable_environment_sensitive,surface_token,aiin,global=global,R06
2673,"f33r.4,+P0",f33r,774,12,s,R06,H,B,2,paragraph_continuation,reliable_global,broad_shape,X|NONE,global=global,R06
2674,"f34r.11,+P0",f34r,799,1,qokeey,H08,H,B,2,paragraph_continuation,reliable_conditioned,surface_token,qokeey,meta_L=B,H08
2675,"f34r.11,+P0",f34r,799,2,sh,R06,H,B,2,paragraph_continuation,low_reliability_or_unassigned,,,,
2676,"f34r.11,+P0",f34r,799,3,kaldaiin,R00,H,B,2,paragraph_continuation,low_reliability_or_unassigned,,,,
2677,"f34r.11,+P0",f34r,799,4,cheky,R06,H,B,2,paragraph_continuation,low_reliability_or_unassigned,,,,
2678,"f34r.11,+P0",f34r,799,5,cthdaly,R09,H,B,2,paragraph_continuation,low_reliability_or_unassigned,,,,
2679,"f34r.11,+P0",f34r,799,6,otchedy,R00,H,B,2,paragraph_continuation,low_reliability_or_unassigned,,,,
2680,"f34r.11,+P0",f34r,799,7,chty,R00,H,B,2,paragraph_continuation,low_reliability_or_unassigned,,,,
2681,"f34r.11,+P0",f34r,799,8,saiin,R06,H,B,2,paragraph_continuation,reliable_conditioned,surface_token,saiin,meta_L=B,R06
2682,"f34r.13,+P0",f34r,801,1,ykeo,R06,H,B,2,paragraph_continuation,low_reliability_or_unassigned,,,,
2683,"f34r.13,+P0",f34r,801,2,lor,R00,H,B,2,paragraph_continuation,good_but_not_reliable_enough,broad_shape,L|or,global=global,R00
2684,"f34r.13,+P0",f34r,801,3,ochey,R00,H,B,2,paragraph_continuation,low_reliability_or_unassigned,,,,
2685,"f34r.13,+P0",f34r,801,4,oly,R06,H,B,2,paragraph_continuation,good_but_not_reliable_enough,surface_token,oly,global=global,R06
2686,"f34r.13,+P0",f34r,801,5,okaly,R00,H,B,2,paragraph_continuation,low_reliability_or_unassigned,,,,
2687,"f34r.13,+P0",f34r,801,6,kechdy,R06,H,B,2,paragraph_continuation,low_reliability_or_unassigned,,,,
2688,"f34r.13,+P0",f34r,801,7,qokchdy,H09,H,B,2,paragraph_continuation,low_reliability_or_unassigned,,,,
2689,"f34r.13,+P0",f34r,801,8,chor,R11,H,B,2,paragraph_continuation,good_but_not_reliable_enough,stolfi_inspired_signature,NG|S_OL|T_r,meta_H=2,R06
2690,"f34r.13,+P0",f34r,801,9,ar,R06,H,B,2,paragraph_continuation,reliable_global,surface_token,ar,global=global,R06
2691,"f34r.13,+P0",f34r,801,10,aiiin,R00,H,B,2,paragraph_continuation,low_reliability_or_unassigned,,,,
2692,"f34r.13,+P0",f34r,801,11,daly,R09,H,B,2,paragraph_continuation,low_reliability_or_unassigned,,,,
2693,"f34r.2,+P0",f34r,790,1,ytar,R06,H,B,2,paragraph_continuation,low_reliability_or_unassigned,,,,
2694,"f34r.2,+P0",f34r,790,2,sheody,R06,H,B,2,paragraph_continuation,low_reliability_or_unassigned,,,,
2695,"f34r.2,+P0",f34r,790,3,olam,R00,H,B,2,paragraph_continuation,low_reliability_or_unassigned,,,,
2696,"f34r.2,+P0",f34r,790,4,octhedy,R00,H,B,2,paragraph_continuation,low_reliability_or_unassigned,,,,
2697,"f34r.2,+P0",f34r,790,5,otedy,R01,H,B,2,paragraph_continuation,reliable_conditioned,surface_token,otedy,meta_L=B,R01
2698,"f34r.2,+P0",f34r,790,6,chdain,R00,H,B,2,paragraph_continuation,low_reliability_or_unassigned,,,,
2699,"f34r.2,+P0",f34r,790,7,oltey,R00,H,B,2,paragraph_continuation,low_reliability_or_unassigned,,,,
2700,"f34r.2,+P0",f34r,790,8,kchyty,R06,H,B,2,paragraph_continuation,low_reliability_or_unassigned,,,,
2701,"f34r.4,+P0",f34r,792,1,ytedy,R00,H,B,2,paragraph_continuation,low_reliability_or_unassigned,,,,
2702,"f34r.4,+P0",f34r,792,2,daiin,R10,H,B,2,paragraph_continuation,good_but_not_reliable_enough,surface_token,daiin,global=global,R10
2703,"f34r.4,+P0",f34r,792,3,chey,R06,H,B,2,paragraph_continuation,reliable_global,stolfi_inspired_signature,NG|S_EY|T_y,global=global,R06
2704,"f34r.4,+P0",f34r,792,4,aiin,R06,H,B,2,paragraph_continuation,reliable_environment_sensitive,surface_token,aiin,global=global,R06
2705,"f34r.4,+P0",f34r,792,5,shy,R06,H,B,2,paragraph_continuation,reliable_global,broad_shape,X|y,global=global,R06
2706,"f34r.4,+P0",f34r,792,6,chckhy,R00,H,B,2,paragraph_continuation,reliable_environment_sensitive,surface_token,chckhy,global=global,R00
2707,"f34r.4,+P0",f34r,792,7,oltchedy,R00,H,B,2,paragraph_continuation,low_reliability_or_unassigned,,,,
2708,"f34r.4,+P0",f34r,792,8,otedy,R01,H,B,2,paragraph_continuation,reliable_conditioned,surface_token,otedy,meta_L=B,R01
2709,"f34r.4,+P0",f34r,792,9,dam,R06,H,B,2,paragraph_continuation,good_but_not_reliable_enough,surface_token,dam,global=global,R06
2710,"f34r.4,+P0",f34r,792,10,checthy,R00,H,B,2,paragraph_continuation,good_but_not_reliable_enough,broad_shape,EXGX|y,global=global,R00
2711,"f34r.7,+P0",f34r,795,1,qokedy,H12,H,B,2,paragraph_continuation,reliable_conditioned,surface_token,qokedy,meta_L=B,H12
2712,"f34r.7,+P0",f34r,795,2,dal,R09,H,B,2,paragraph_continuation,reliable_global,surface_token,dal,global=global,R09
2713,"f34r.7,+P0",f34r,795,3,chdy,R02,H,B,2,paragraph_continuation,reliable_conditioned,surface_token,chdy,meta_L=B,R02
2714,"f34r.7,+P0",f34r,795,4,olchy,R00,H,B,2,paragraph_continuation,reliable_global,stolfi_inspired_signature,NG|S_BY|T_y,global=global,R00
2715,"f34r.7,+P0",f34r,795,5,ykch,R06,H,B,2,paragraph_continuation,low_reliability_or_unassigned,,,,
2716,"f34r.7,+P0",f34r,795,6,ykedy,R00,H,B,2,paragraph_continuation,low_reliability_or_unassigned,,,,
2717,"f34r.7,+P0",f34r,795,7,qokchdy,H09,H,B,2,paragraph_continuation,low_reliability_or_unassigned,,,,
2718,"f34r.7,+P0",f34r,795,8,s,R06,H,B,2,paragraph_continuation,reliable_global,broad_shape,X|NONE,global=global,R06
2719,"f34r.7,+P0",f34r,795,9,as,R00,H,B,2,paragraph_continuation,good_but_not_reliable_enough,broad_shape,OX|NONE,global=global,R00
2720,"f34r.7,+P0",f34r,795,10,oldam,R00,H,B,2,paragraph_continuation,low_reliability_or_unassigned,,,,
2721,"f35r.12,+P0",f35r,826,1,olor,R00,H,A,1,paragraph_continuation,low_reliability_or_unassigned,,,,
2722,"f35r.12,+P0",f35r,826,2,chy,R00,H,A,1,paragraph_continuation,reliable_global,stolfi_inspired_signature,NG|S_BY|T_y,global=global,R00
2723,"f35r.12,+P0",f35r,826,3,chaiin,R00,H,A,1,paragraph_continuation,low_reliability_or_unassigned,,,,
2724,"f35r.12,+P0",f35r,826,4,chy,R00,H,A,1,paragraph_continuation,reliable_global,stolfi_inspired_signature,NG|S_BY|T_y,global=global,R00
2725,"f35r.12,+P0",f35r,826,5,taiin,R06,H,A,1,paragraph_continuation,low_reliability_or_unassigned,,,,
2726,"f35r.12,+P0",f35r,826,6,kchey,R06,H,A,1,paragraph_continuation,low_reliability_or_unassigned,,,,
2727,"f35r.12,+P0",f35r,826,7,koldy,R06,H,A,1,paragraph_continuation,low_reliability_or_unassigned,,,,
2728,"f35r.12,+P0",f35r,826,8,chetchaiin,R00,H,A,1,paragraph_continuation,low_reliability_or_unassigned,,,,
2729,"f35r.15,+P0",f35r,829,1,ochor,R00,H,A,1,paragraph_continuation,low_reliability_or_unassigned,,,,
2730,"f35r.15,+P0",f35r,829,2,s,R06,H,A,1,paragraph_continuation,reliable_global,broad_shape,X|NONE,global=global,R06
2731,"f35r.15,+P0",f35r,829,3,chiin,R00,H,A,1,paragraph_continuation,low_reliability_or_unassigned,,,,
2732,"f35r.15,+P0",f35r,829,4,daiin,R10,H,A,1,paragraph_continuation,reliable_conditioned,surface_token,daiin,meta_L=A,R10
2733,"f35r.15,+P0",f35r,829,5,ytain,R06,H,A,1,paragraph_continuation,low_reliability_or_unassigned,,,,
2734,"f35r.3,+P0",f35r,817,1,dchaiin,R00,H,A,1,paragraph_continuation,low_reliability_or_unassigned,,,,
2735,"f35r.3,+P0",f35r,817,2,cthey,R04,H,A,1,paragraph_continuation,low_reliability_or_unassigned,,,,
2736,"f35r.3,+P0",f35r,817,3,qotchey,H13,H,A,1,paragraph_continuation,low_reliability_or_unassigned,,,,
2737,"f35r.3,+P0",f35r,817,4,taiin,R06,H,A,1,paragraph_continuation,low_reliability_or_unassigned,,,,
2738,"f35r.3,+P0",f35r,817,5,cthory,R04,H,A,1,paragraph_continuation,low_reliability_or_unassigned,,,,
2739,"f35r.6,+P0",f35r,820,1,schaiin,R00,H,A,1,paragraph_continuation,low_reliability_or_unassigned,,,,
2740,"f35r.6,+P0",f35r,820,2,char,R11,H,A,1,paragraph_continuation,low_reliability_or_unassigned,,,,
2741,"f35r.6,+P0",f35r,820,3,chan,R00,H,A,1,paragraph_continuation,low_reliability_or_unassigned,,,,
2742,"f35r.6,+P0",f35r,820,4,daiin,R10,H,A,1,paragraph_continuation,reliable_conditioned,surface_token,daiin,meta_L=A,R10
2743,"f35r.7,+P0",f35r,821,1,shosaiin,R00,H,A,1,paragraph_continuation,low_reliability_or_unassigned,,,,
2744,"f35r.7,+P0",f35r,821,2,tchor,R06,H,A,1,paragraph_continuation,low_reliability_or_unassigned,,,,
2745,"f35r.7,+P0",f35r,821,3,choky,R00,H,A,1,paragraph_continuation,reliable_global,broad_shape,OG|y,global=global,R00
2746,"f35v.13,+P0",f35v,842,1,ol,R06,H,A,1,paragraph_continuation,reliable_environment_sensitive,surface_token,ol,global=global,R06
2747,"f35v.13,+P0",f35v,842,2,char,R11,H,A,1,paragraph_continuation,low_reliability_or_unassigned,,,,
2748,"f35v.13,+P0",f35v,842,3,od,R00,H,A,1,paragraph_continuation,low_reliability_or_unassigned,,,,
2749,"f35v.13,+P0",f35v,842,4,ar,R06,H,A,1,paragraph_continuation,reliable_global,surface_token,ar,global=global,R06
2750,"f35v.13,+P0",f35v,842,5,chear,R00,H,A,1,paragraph_continuation,low_reliability_or_unassigned,,,,
2751,"f35v.16,+P0",f35v,845,1,ydaiin,R06,H,A,1,paragraph_continuation,low_reliability_or_unassigned,,,,
2752,"f35v.16,+P0",f35v,845,2,okeey,R06,H,A,1,paragraph_continuation,low_reliability_or_unassigned,,,,
2753,"f35v.16,+P0",f35v,845,3,daiin,R10,H,A,1,paragraph_continuation,reliable_conditioned,surface_token,daiin,meta_L=A,R10
2754,"f35v.19,+P0",f35v,848,1,schokey,R00,H,A,1,paragraph_continuation,low_reliability_or_unassigned,,,,
2755,"f35v.19,+P0",f35v,848,2,ykeol,R06,H,A,1,paragraph_continuation,low_reliability_or_unassigned,,,,
2756,"f35v.19,+P0",f35v,848,3,chol,R07,H,A,1,paragraph_continuation,low_reliability_or_unassigned,,,,
2757,"f35v.19,+P0",f35v,848,4,daiin,R10,H,A,1,paragraph_continuation,reliable_conditioned,surface_token,daiin,meta_L=A,R10
2758,"f35v.20,+P0",f35v,849,1,sodaiin,R10,H,A,1,paragraph_continuation,low_reliability_or_unassigned,,,,
2759,"f35v.20,+P0",f35v,849,2,shy,R06,H,A,1,paragraph_continuation,reliable_global,broad_shape,X|y,global=global,R06
2760,"f35v.20,+P0",f35v,849,3,dchy,R06,H,A,1,paragraph_continuation,reliable_global,stolfi_inspired_signature,NG|S_BY|T_y,global=global,R00
2761,"f35v.20,+P0",f35v,849,4,ckhy,R00,H,A,1,paragraph_continuation,good_but_not_reliable_enough,conservative_morphology,ckh|y|XGX,meta_I=H,R00
2762,"f35v.20,+P0",f35v,849,5,dan,R06,H,A,1,paragraph_continuation,low_reliability_or_unassigned,,,,
2763,"f35v.5,+P0",f35v,834,1,dchokchy,R00,H,A,1,paragraph_continuation,low_reliability_or_unassigned,,,,
2764,"f35v.5,+P0",f35v,834,2,chocthy,R00,H,A,1,paragraph_continuation,reliable_environment_sensitive,broad_shape,OXGX|y,global=global,R00
2765,"f35v.5,+P0",f35v,834,3,chckhor,R00,H,A,1,paragraph_continuation,low_reliability_or_unassigned,,,,
2766,"f36v.14,+P1",f36v,873,1,soiin,R06,H,A,1,paragraph_continuation,low_reliability_or_unassigned,,,,
2767,"f36v.14,+P1",f36v,873,2,chtain,R00,H,A,1,paragraph_continuation,low_reliability_or_unassigned,,,,
2768,"f36v.8,+P1",f36v,867,1,ykshy,R06,H,A,1,paragraph_continuation,low_reliability_or_unassigned,,,,
2769,"f36v.8,+P1",f36v,867,2,ytchy,R06,H,A,1,paragraph_continuation,low_reliability_or_unassigned,,,,
2770,"f36v.8,+P1",f36v,867,3,dol,R06,H,A,1,paragraph_continuation,good_but_not_reliable_enough,surface_token,dol,global=global,R06
2771,"f36v.8,+P1",f36v,867,4,ytydy,R00,H,A,1,paragraph_continuation,low_reliability_or_unassigned,,,,
2772,"f36v.8,+P1",f36v,867,5,yky,R06,H,A,1,paragraph_continuation,low_reliability_or_unassigned,,,,
2773,"f36v.9,+P1",f36v,868,1,okaiin,R10,H,A,1,paragraph_continuation,reliable_global,surface_token,okaiin,global=global,R10
2774,"f36v.9,+P1",f36v,868,2,ykcholqod,R07,H,A,1,paragraph_continuation,low_reliability_or_unassigned,,,,
2775,"f36v.9,+P1",f36v,868,3,chory,R00,H,A,1,paragraph_continuation,low_reliability_or_unassigned,,,,
2776,"f37r.11,+P0",f37r,884,1,okchor,R00,H,A,1,paragraph_continuation,low_reliability_or_unassigned,,,,
2777,"f37r.11,+P0",f37r,884,2,daiin,R10,H,A,1,paragraph_continuation,reliable_conditioned,surface_token,daiin,meta_L=A,R10
2778,"f37r.11,+P0",f37r,884,3,ckhy,R00,H,A,1,paragraph_continuation,good_but_not_reliable_enough,conservative_morphology,ckh|y|XGX,meta_I=H,R00
2779,"f37r.11,+P0",f37r,884,4,dain,R06,H,A,1,paragraph_continuation,reliable_global,stolfi_inspired_signature,NG|S_OEL|T_in,global=global,R06
2780,"f37r.11,+P0",f37r,884,5,daiin,R10,H,A,1,paragraph_continuation,reliable_conditioned,surface_token,daiin,meta_L=A,R10
2781,"f37v.13,+P0",f37v,897,1,sotoiiin,R00,H,A,1,paragraph_continuation,low_reliability_or_unassigned,,,,
2782,"f37v.14,+P0",f37v,898,1,todain,R06,H,A,1,paragraph_continuation,low_reliability_or_unassigned,,,,
2783,"f37v.14,+P0",f37v,898,2,cphaiin,R00,H,A,1,paragraph_continuation,low_reliability_or_unassigned,,,,
2784,"f37v.14,+P0",f37v,898,3,cphorods,R00,H,A,1,paragraph_continuation,low_reliability_or_unassigned,,,,
2785,"f37v.15,+P0",f37v,899,1,soiiin,R06,H,A,1,paragraph_continuation,low_reliability_or_unassigned,,,,
2786,"f37v.15,+P0",f37v,899,2,cheoky,R00,H,A,1,paragraph_continuation,low_reliability_or_unassigned,,,,
2787,"f37v.15,+P0",f37v,899,3,daiin,R10,H,A,1,paragraph_continuation,reliable_conditioned,surface_token,daiin,meta_L=A,R10
2788,"f37v.15,+P0",f37v,899,4,dain,R06,H,A,1,paragraph_continuation,reliable_global,stolfi_inspired_signature,NG|S_OEL|T_in,global=global,R06
2789,"f37v.18,+P0",f37v,902,1,oyteey,R00,H,A,1,paragraph_continuation,low_reliability_or_unassigned,,,,
2790,"f37v.18,+P0",f37v,902,2,daiin,R10,H,A,1,paragraph_continuation,reliable_conditioned,surface_token,daiin,meta_L=A,R10
2791,"f37v.18,+P0",f37v,902,3,daiinody,R00,H,A,1,paragraph_continuation,low_reliability_or_unassigned,,,,
2792,"f37v.2,+P0",f37v,886,1,dor,R06,H,A,1,paragraph_continuation,low_reliability_or_unassigned,,,,
2793,"f37v.2,+P0",f37v,886,2,chol,R07,H,A,1,paragraph_continuation,low_reliability_or_unassigned,,,,
2794,"f37v.2,+P0",f37v,886,3,cthor,R04,H,A,1,paragraph_continuation,low_reliability_or_unassigned,,,,
2795,"f37v.2,+P0",f37v,886,4,orchochor,R00,H,A,1,paragraph_continuation,low_reliability_or_unassigned,,,,
2796,"f37v.2,+P0",f37v,886,5,daiin,R10,H,A,1,paragraph_continuation,reliable_conditioned,surface_token,daiin,meta_L=A,R10
2797,"f39r.11,+P0",f39r,932,1,dshdy,R06,H,B,2,paragraph_continuation,low_reliability_or_unassigned,,,,
2798,"f39r.11,+P0",f39r,932,2,ar,R06,H,B,2,paragraph_continuation,reliable_global,surface_token,ar,global=global,R06
2799,"f39r.11,+P0",f39r,932,3,aiin,R06,H,B,2,paragraph_continuation,reliable_environment_sensitive,surface_token,aiin,global=global,R06
2800,"f39r.11,+P0",f39r,932,4,y,R06,H,B,2,paragraph_continuation,reliable_global,surface_token,y,global=global,R06
2801,"f39r.11,+P0",f39r,932,5,yk,R06,H,B,2,paragraph_continuation,low_reliability_or_unassigned,,,,
2802,"f39r.11,+P0",f39r,932,6,chdy,R02,H,B,2,paragraph_continuation,reliable_conditioned,surface_token,chdy,meta_L=B,R02
2803,"f39r.11,+P0",f39r,932,7,ykal,R06,H,B,2,paragraph_continuation,low_reliability_or_unassigned,,,,
2804,"f39r.11,+P0",f39r,932,8,olkaiin,R00,H,B,2,paragraph_continuation,low_reliability_or_unassigned,,,,
2805,"f39r.11,+P0",f39r,932,9,qokaldar,H08,H,B,2,paragraph_continuation,low_reliability_or_unassigned,,,,
2806,"f39r.11,+P0",f39r,932,10,cheol,R00,H,B,2,paragraph_continuation,low_reliability_or_unassigned,,,,
2807,"f39r.11,+P0",f39r,932,11,dar,R06,H,B,2,paragraph_continuation,reliable_global,surface_token,dar,global=global,R06
2808,"f39r.11,+P0",f39r,932,12,aiin,R06,H,B,2,paragraph_continuation,reliable_environment_sensitive,surface_token,aiin,global=global,R06
2809,"f39r.7,+P0",f39r,928,1,dchdar,R06,H,B,2,paragraph_continuation,low_reliability_or_unassigned,,,,
2810,"f39r.7,+P0",f39r,928,2,chedy,R02,H,B,2,paragraph_continuation,reliable_conditioned,surface_token,chedy,meta_L=B,R02
2811,"f39r.7,+P0",f39r,928,3,cholal,R07,H,B,2,paragraph_continuation,low_reliability_or_unassigned,,,,
2812,"f39r.7,+P0",f39r,928,4,qokedar,H08,H,B,2,paragraph_continuation,low_reliability_or_unassigned,,,,
2813,"f39r.7,+P0",f39r,928,5,chdy,R02,H,B,2,paragraph_continuation,reliable_conditioned,surface_token,chdy,meta_L=B,R02
2814,"f39r.7,+P0",f39r,928,6,chckhdy,R00,H,B,2,paragraph_continuation,low_reliability_or_unassigned,,,,
2815,"f39r.7,+P0",f39r,928,7,dar,R06,H,B,2,paragraph_continuation,reliable_global,surface_token,dar,global=global,R06
2816,"f39r.7,+P0",f39r,928,8,ar,R06,H,B,2,paragraph_continuation,reliable_global,surface_token,ar,global=global,R06
2817,"f39r.7,+P0",f39r,928,9,al,R06,H,B,2,paragraph_continuation,reliable_environment_sensitive,surface_token,al,global=global,R06
2818,"f39r.7,+P0",f39r,928,10,ydy,R06,H,B,2,paragraph_continuation,low_reliability_or_unassigned,,,,
2819,"f39r.7,+P0",f39r,928,11,eees,R00,H,B,2,paragraph_continuation,low_reliability_or_unassigned,,,,
2820,"f39r.7,+P0",f39r,928,12,aiiin,R00,H,B,2,paragraph_continuation,low_reliability_or_unassigned,,,,
2821,"f39v.9,+P0",f39v,946,1,tar,R06,H,B,2,paragraph_continuation,low_reliability_or_unassigned,,,,
2822,"f39v.9,+P0",f39v,946,2,aiin,R06,H,B,2,paragraph_continuation,reliable_environment_sensitive,surface_token,aiin,global=global,R06
2823,"f39v.9,+P0",f39v,946,3,dal,R09,H,B,2,paragraph_continuation,reliable_global,surface_token,dal,global=global,R09
2824,"f39v.9,+P0",f39v,946,4,ar,R06,H,B,2,paragraph_continuation,reliable_global,surface_token,ar,global=global,R06
2825,"f39v.9,+P0",f39v,946,5,ain,R06,H,B,2,paragraph_continuation,reliable_global,stolfi_inspired_signature,NG|S_OEL|T_in,global=global,R06
2826,"f39v.9,+P0",f39v,946,6,cheor,R00,H,B,2,paragraph_continuation,low_reliability_or_unassigned,,,,
2827,"f39v.9,+P0",f39v,946,7,ydam,R06,H,B,2,paragraph_continuation,low_reliability_or_unassigned,,,,
2828,"f39v.9,+P0",f39v,946,8,shody,R06,H,B,2,paragraph_continuation,reliable_global,broad_shape,O|dy,global=global,R00
2829,"f39v.9,+P0",f39v,946,9,okal,R07,H,B,2,paragraph_continuation,reliable_global,surface_token,okal,global=global,R07
2830,"f39v.9,+P0",f39v,946,10,shdy,R06,H,B,2,paragraph_continuation,low_reliability_or_unassigned,,,,
2831,"f39v.9,+P0",f39v,946,11,kshy,R06,H,B,2,paragraph_continuation,low_reliability_or_unassigned,,,,
2832,"f39v.9,+P0",f39v,946,12,or,R06,H,B,2,paragraph_continuation,reliable_global,surface_token,or,global=global,R06
2833,"f3r.10,+P0",f3r,71,1,ydar,R06,H,A,1,paragraph_continuation,low_reliability_or_unassigned,,,,
2834,"f3r.10,+P0",f3r,71,2,cholcthom,R07,H,A,1,paragraph_continuation,low_reliability_or_unassigned,,,,
2835,"f3r.20,+P0",f3r,81,1,ycheor,R06,H,A,1,paragraph_continuation,low_reliability_or_unassigned,,,,
2836,"f3r.20,+P0",f3r,81,2,chol,R07,H,A,1,paragraph_continuation,low_reliability_or_unassigned,,,,
2837,"f3r.20,+P0",f3r,81,3,odaiin,R10,H,A,1,paragraph_continuation,low_reliability_or_unassigned,,,,
2838,"f3r.20,+P0",f3r,81,4,chol,R07,H,A,1,paragraph_continuation,low_reliability_or_unassigned,,,,
2839,"f3r.20,+P0",f3r,81,5,s,R06,H,A,1,paragraph_continuation,reliable_global,broad_shape,X|NONE,global=global,R06
2840,"f3r.20,+P0",f3r,81,6,aiin,R06,H,A,1,paragraph_continuation,reliable_environment_sensitive,surface_token,aiin,global=global,R06
2841,"f3r.20,+P0",f3r,81,7,okolor,R00,H,A,1,paragraph_continuation,low_reliability_or_unassigned,,,,
2842,"f3r.20,+P0",f3r,81,8,am,R06,H,A,1,paragraph_continuation,low_reliability_or_unassigned,,,,
2843,"f3r.5,+P0",f3r,66,1,qokol,H08,H,A,1,paragraph_continuation,low_reliability_or_unassigned,,,,
2844,"f3r.5,+P0",f3r,66,2,chololy,R07,H,A,1,paragraph_continuation,low_reliability_or_unassigned,,,,
2845,"f3r.5,+P0",f3r,66,3,s,R06,H,A,1,paragraph_continuation,reliable_global,broad_shape,X|NONE,global=global,R06
2846,"f3r.5,+P0",f3r,66,4,cham,R00,H,A,1,paragraph_continuation,low_reliability_or_unassigned,,,,
2847,"f3r.5,+P0",f3r,66,5,cthol,R07,H,A,1,paragraph_continuation,low_reliability_or_unassigned,,,,
2848,"f3r.8,+P0",f3r,69,1,ysheor,R06,H,A,1,paragraph_continuation,low_reliability_or_unassigned,,,,
2849,"f3r.8,+P0",f3r,69,2,chor,R11,H,A,1,paragraph_continuation,low_reliability_or_unassigned,,,,
2850,"f3r.8,+P0",f3r,69,3,chol,R07,H,A,1,paragraph_continuation,low_reliability_or_unassigned,,,,
2851,"f3r.8,+P0",f3r,69,4,oky,R00,H,A,1,paragraph_continuation,reliable_environment_sensitive,surface_token,oky,global=global,R00
2852,"f3r.8,+P0",f3r,69,5,dago,R06,H,A,1,paragraph_continuation,low_reliability_or_unassigned,,,,
2853,"f3r.9,+P0",f3r,70,1,sho,R06,H,A,1,paragraph_continuation,reliable_environment_sensitive,surface_token,sho,global=global,R06
2854,"f3r.9,+P0",f3r,70,2,vor,R00,H,A,1,paragraph_continuation,low_reliability_or_unassigned,,,,
2855,"f3r.9,+P0",f3r,70,3,sheoldam,R00,H,A,1,paragraph_continuation,low_reliability_or_unassigned,,,,
2856,"f3r.9,+P0",f3r,70,4,otchody,R00,H,A,1,paragraph_continuation,low_reliability_or_unassigned,,,,
2857,"f3r.9,+P0",f3r,70,5,ol,R06,H,A,1,paragraph_continuation,reliable_environment_sensitive,surface_token,ol,global=global,R06
2858,"f3v.10,+P0",f3v,91,1,ochos,R00,H,A,1,paragraph_continuation,low_reliability_or_unassigned,,,,
2859,"f3v.10,+P0",f3v,91,2,daiin,R10,H,A,1,paragraph_continuation,reliable_conditioned,surface_token,daiin,meta_L=A,R10
2860,"f3v.10,+P0",f3v,91,3,qokshol,H08,H,A,1,paragraph_continuation,low_reliability_or_unassigned,,,,
2861,"f3v.10,+P0",f3v,91,4,daiim,R06,H,A,1,paragraph_continuation,low_reliability_or_unassigned,,,,
2862,"f3v.10,+P0",f3v,91,5,chol,R07,H,A,1,paragraph_continuation,low_reliability_or_unassigned,,,,
2863,"f3v.10,+P0",f3v,91,6,okary,R00,H,A,1,paragraph_continuation,low_reliability_or_unassigned,,,,
2864,"f3v.11,+P0",f3v,92,1,sho,R06,H,A,1,paragraph_continuation,reliable_environment_sensitive,surface_token,sho,global=global,R06
2865,"f3v.11,+P0",f3v,92,2,shockho,R00,H,A,1,paragraph_continuation,low_reliability_or_unassigned,,,,
2866,"f3v.11,+P0",f3v,92,3,ckhy,R00,H,A,1,paragraph_continuation,good_but_not_reliable_enough,conservative_morphology,ckh|y|XGX,meta_I=H,R00
2867,"f3v.11,+P0",f3v,92,4,tchor,R06,H,A,1,paragraph_continuation,low_reliability_or_unassigned,,,,
2868,"f3v.11,+P0",f3v,92,5,chodaiin,R00,H,A,1,paragraph_continuation,low_reliability_or_unassigned,,,,
2869,"f3v.11,+P0",f3v,92,6,chom,R00,H,A,1,paragraph_continuation,low_reliability_or_unassigned,,,,
2870,"f3v.5,+P0",f3v,86,1,ychear,R06,H,A,1,paragraph_continuation,low_reliability_or_unassigned,,,,
2871,"f3v.5,+P0",f3v,86,2,otchal,R00,H,A,1,paragraph_continuation,low_reliability_or_unassigned,,,,
2872,"f3v.5,+P0",f3v,86,3,chor,R11,H,A,1,paragraph_continuation,low_reliability_or_unassigned,,,,
2873,"f3v.5,+P0",f3v,86,4,char,R11,H,A,1,paragraph_continuation,low_reliability_or_unassigned,,,,
2874,"f3v.5,+P0",f3v,86,5,ckh,R00,H,A,1,paragraph_continuation,low_reliability_or_unassigned,,,,
2875,"f3v.6,+P0",f3v,87,1,or,R06,H,A,1,paragraph_continuation,reliable_global,surface_token,or,global=global,R06
2876,"f3v.6,+P0",f3v,87,2,cheor,R00,H,A,1,paragraph_continuation,low_reliability_or_unassigned,,,,
2877,"f3v.6,+P0",f3v,87,3,kor,R06,H,A,1,paragraph_continuation,low_reliability_or_unassigned,,,,
2878,"f3v.6,+P0",f3v,87,4,chodaly,R00,H,A,1,paragraph_continuation,low_reliability_or_unassigned,,,,
2879,"f3v.6,+P0",f3v,87,5,chom,R00,H,A,1,paragraph_continuation,low_reliability_or_unassigned,,,,
2880,"f3v.7,+P0",f3v,88,1,tchor,R06,H,A,1,paragraph_continuation,low_reliability_or_unassigned,,,,
2881,"f3v.7,+P0",f3v,88,2,otcham,R00,H,A,1,paragraph_continuation,low_reliability_or_unassigned,,,,
2882,"f3v.7,+P0",f3v,88,3,chor,R11,H,A,1,paragraph_continuation,low_reliability_or_unassigned,,,,
2883,"f3v.7,+P0",f3v,88,4,cfham,R00,H,A,1,paragraph_continuation,low_reliability_or_unassigned,,,,
2884,"f3v.7,+P0",f3v,88,5,s,R06,H,A,1,paragraph_continuation,reliable_global,broad_shape,X|NONE,global=global,R06
2885,"f40r.5,+P0",f40r,956,1,lokar,R00,H,B,2,paragraph_continuation,low_reliability_or_unassigned,,,,
2886,"f40r.5,+P0",f40r,956,2,qokar,R03,H,B,2,paragraph_continuation,reliable_conditioned,surface_token,qokar,meta_L=B,R03
2887,"f40r.5,+P0",f40r,956,3,okar,R03,H,B,2,paragraph_continuation,low_reliability_or_unassigned,,,,
2888,"f40r.5,+P0",f40r,956,4,okol,R07,H,B,2,paragraph_continuation,low_reliability_or_unassigned,,,,
2889,"f40r.5,+P0",f40r,956,5,ol,R06,H,B,2,paragraph_continuation,reliable_environment_sensitive,surface_token,ol,global=global,R06
2890,"f40r.5,+P0",f40r,956,6,chedy,R02,H,B,2,paragraph_continuation,reliable_conditioned,surface_token,chedy,meta_L=B,R02
2891,"f40r.5,+P0",f40r,956,7,qokchd,H08,H,B,2,paragraph_continuation,low_reliability_or_unassigned,,,,
2892,"f40r.5,+P0",f40r,956,8,ar,R06,H,B,2,paragraph_continuation,reliable_global,surface_token,ar,global=global,R06
2893,"f40r.5,+P0",f40r,956,9,ar,R06,H,B,2,paragraph_continuation,reliable_global,surface_token,ar,global=global,R06
2894,"f40r.5,+P0",f40r,956,10,or,R06,H,B,2,paragraph_continuation,reliable_global,surface_token,or,global=global,R06
2895,"f40r.5,+P0",f40r,956,11,da,R06,H,B,2,paragraph_continuation,low_reliability_or_unassigned,,,,
2896,"f40v.1,@P0",f40v,963,1,pchedain,R00,H,B,2,paragraph_start,low_reliability_or_unassigned,,,,
2897,"f40v.1,@P0",f40v,963,2,chefaiin,R00,H,B,2,paragraph_start,low_reliability_or_unassigned,,,,
2898,"f40v.1,@P0",f40v,963,3,oldy,R00,H,B,2,paragraph_start,low_reliability_or_unassigned,,,,
2899,"f40v.12,+P0",f40v,974,1,ycheekeey,R00,H,B,2,paragraph_continuation,low_reliability_or_unassigned,,,,
2900,"f40v.12,+P0",f40v,974,2,daiin,R10,H,B,2,paragraph_continuation,good_but_not_reliable_enough,surface_token,daiin,global=global,R10
2901,"f40v.12,+P0",f40v,974,3,okaiin,R10,H,B,2,paragraph_continuation,reliable_global,surface_token,okaiin,global=global,R10
2902,"f40v.13,+P0",f40v,975,1,toees,R06,H,B,2,paragraph_continuation,low_reliability_or_unassigned,,,,
2903,"f40v.13,+P0",f40v,975,2,chedy,R02,H,B,2,paragraph_continuation,reliable_conditioned,surface_token,chedy,meta_L=B,R02
2904,"f40v.13,+P0",f40v,975,3,kedy,R06,H,B,2,paragraph_continuation,low_reliability_or_unassigned,,,,
2905,"f40v.13,+P0",f40v,975,4,olfchedy,R00,H,B,2,paragraph_continuation,low_reliability_or_unassigned,,,,
2906,"f40v.13,+P0",f40v,975,5,qokedy,H12,H,B,2,paragraph_continuation,reliable_conditioned,surface_token,qokedy,meta_L=B,H12
2907,"f40v.13,+P0",f40v,975,6,daiin,R10,H,B,2,paragraph_continuation,good_but_not_reliable_enough,surface_token,daiin,global=global,R10
2908,"f40v.13,+P0",f40v,975,7,chefain,R00,H,B,2,paragraph_continuation,low_reliability_or_unassigned,,,,
2909,"f40v.15,+P0",f40v,977,1,qokchey,H08,H,B,2,paragraph_continuation,low_reliability_or_unassigned,,,,
2910,"f40v.15,+P0",f40v,977,2,qody,H20,H,B,2,paragraph_continuation,low_reliability_or_unassigned,,,,
2911,"f40v.15,+P0",f40v,977,3,or,R06,H,B,2,paragraph_continuation,reliable_global,surface_token,or,global=global,R06
2912,"f40v.15,+P0",f40v,977,4,aiiin,R00,H,B,2,paragraph_continuation,low_reliability_or_unassigned,,,,
2913,"f40v.15,+P0",f40v,977,5,okaiin,R10,H,B,2,paragraph_continuation,reliable_global,surface_token,okaiin,global=global,R10
2914,"f40v.15,+P0",f40v,977,6,ockhy,R00,H,B,2,paragraph_continuation,good_but_not_reliable_enough,conservative_morphology,ckh|y|XGX,meta_I=H,R00
2915,"f40v.15,+P0",f40v,977,7,sheod,R06,H,B,2,paragraph_continuation,low_reliability_or_unassigned,,,,
2916,"f40v.15,+P0",f40v,977,8,faimy,R06,H,B,2,paragraph_continuation,low_reliability_or_unassigned,,,,
2917,"f40v.16,+P0",f40v,978,1,shol,R08,H,B,2,paragraph_continuation,low_reliability_or_unassigned,,,,
2918,"f40v.16,+P0",f40v,978,2,kedy,R06,H,B,2,paragraph_continuation,low_reliability_or_unassigned,,,,
2919,"f40v.16,+P0",f40v,978,3,lor,R00,H,B,2,paragraph_continuation,good_but_not_reliable_enough,broad_shape,L|or,global=global,R00
2920,"f40v.16,+P0",f40v,978,4,ar,R06,H,B,2,paragraph_continuation,reliable_global,surface_token,ar,global=global,R06
2921,"f40v.16,+P0",f40v,978,5,okar,R03,H,B,2,paragraph_continuation,low_reliability_or_unassigned,,,,
2922,"f40v.16,+P0",f40v,978,6,qoky,H01,H,B,2,paragraph_continuation,low_reliability_or_unassigned,,,,
2923,"f40v.16,+P0",f40v,978,7,kedy,R06,H,B,2,paragraph_continuation,low_reliability_or_unassigned,,,,
2924,"f40v.16,+P0",f40v,978,8,r,R00,H,B,2,paragraph_continuation,low_reliability_or_unassigned,,,,
2925,"f40v.16,+P0",f40v,978,9,yteey,R06,H,B,2,paragraph_continuation,low_reliability_or_unassigned,,,,
2926,"f40v.16,+P0",f40v,978,10,qokam,H08,H,B,2,paragraph_continuation,low_reliability_or_unassigned,,,,
2927,"f40v.17,+P0",f40v,979,1,tochey,R06,H,B,2,paragraph_continuation,low_reliability_or_unassigned,,,,
2928,"f40v.17,+P0",f40v,979,2,qokeedy,H01,H,B,2,paragraph_continuation,low_reliability_or_unassigned,,,,
2929,"f40v.17,+P0",f40v,979,3,qokaiin,H08,H,B,2,paragraph_continuation,reliable_conditioned,surface_token,qokaiin,meta_L=B,H08
2930,"f40v.17,+P0",f40v,979,4,okeos,R00,H,B,2,paragraph_continuation,low_reliability_or_unassigned,,,,
2931,"f40v.17,+P0",f40v,979,5,qokar,R03,H,B,2,paragraph_continuation,reliable_conditioned,surface_token,qokar,meta_L=B,R03
2932,"f40v.17,+P0",f40v,979,6,okees,R00,H,B,2,paragraph_continuation,low_reliability_or_unassigned,,,,
2933,"f40v.17,+P0",f40v,979,7,ar,R06,H,B,2,paragraph_continuation,reliable_global,surface_token,ar,global=global,R06
2934,"f40v.17,+P0",f40v,979,8,oy,R00,H,B,2,paragraph_continuation,low_reliability_or_unassigned,,,,
2935,"f40v.18,+P0",f40v,980,1,saiin,R06,H,B,2,paragraph_continuation,reliable_conditioned,surface_token,saiin,meta_L=B,R06
2936,"f40v.18,+P0",f40v,980,2,otain,R00,H,B,2,paragraph_continuation,low_reliability_or_unassigned,,,,
2937,"f40v.18,+P0",f40v,980,3,chckhy,R00,H,B,2,paragraph_continuation,reliable_environment_sensitive,surface_token,chckhy,global=global,R00
2938,"f40v.18,+P0",f40v,980,4,okal,R07,H,B,2,paragraph_continuation,reliable_global,surface_token,okal,global=global,R07
2939,"f40v.18,+P0",f40v,980,5,okair,R00,H,B,2,paragraph_continuation,low_reliability_or_unassigned,,,,
2940,"f40v.18,+P0",f40v,980,6,arol,R00,H,B,2,paragraph_continuation,low_reliability_or_unassigned,,,,
2941,"f40v.18,+P0",f40v,980,7,qokey,H08,H,B,2,paragraph_continuation,low_reliability_or_unassigned,,,,
2942,"f40v.18,+P0",f40v,980,8,okary,R00,H,B,2,paragraph_continuation,low_reliability_or_unassigned,,,,
2943,"f40v.19,+Pc",f40v,981,1,pchedy,R06,H,B,2,paragraph_continuation,low_reliability_or_unassigned,,,,
2944,"f40v.19,+Pc",f40v,981,2,chetar,R00,H,B,2,paragraph_continuation,low_reliability_or_unassigned,,,,
2945,"f40v.19,+Pc",f40v,981,3,ofair,R00,H,B,2,paragraph_continuation,low_reliability_or_unassigned,,,,
2946,"f40v.19,+Pc",f40v,981,4,arody,R00,H,B,2,paragraph_continuation,low_reliability_or_unassigned,,,,
2947,"f40v.4,+P0",f40v,966,1,taraiin,R00,H,B,2,paragraph_continuation,low_reliability_or_unassigned,,,,
2948,"f40v.4,+P0",f40v,966,2,okaiin,R10,H,B,2,paragraph_continuation,reliable_global,surface_token,okaiin,global=global,R10
2949,"f40v.4,+P0",f40v,966,3,ch,R00,H,B,2,paragraph_continuation,low_reliability_or_unassigned,,,,
2950,"f40v.5,+P0",f40v,967,1,solaiin,R00,H,B,2,paragraph_continuation,low_reliability_or_unassigned,,,,
2951,"f40v.5,+P0",f40v,967,2,okar,R03,H,B,2,paragraph_continuation,low_reliability_or_unassigned,,,,
2952,"f40v.5,+P0",f40v,967,3,oly,R06,H,B,2,paragraph_continuation,good_but_not_reliable_enough,surface_token,oly,global=global,R06
2953,"f40v.5,+P0",f40v,967,4,chckhy,R00,H,B,2,paragraph_continuation,reliable_environment_sensitive,surface_token,chckhy,global=global,R00
2954,"f41r.10,+P0",f41r,991,1,sshok,R06,H,B,5,paragraph_continuation,low_reliability_or_unassigned,,,,
2955,"f41r.10,+P0",f41r,991,2,shedy,R06,H,B,5,paragraph_continuation,reliable_conditioned,surface_token,shedy,meta_L=B,R06
2956,"f41r.10,+P0",f41r,991,3,qekchdy,R00,H,B,5,paragraph_continuation,low_reliability_or_unassigned,,,,
2957,"f41r.10,+P0",f41r,991,4,dchdaldy,R00,H,B,5,paragraph_continuation,low_reliability_or_unassigned,,,,
2958,"f41r.10,+P0",f41r,991,5,ykedy,R00,H,B,5,paragraph_continuation,low_reliability_or_unassigned,,,,
2959,"f41r.10,+P0",f41r,991,6,qokeedy,H01,H,B,5,paragraph_continuation,low_reliability_or_unassigned,,,,
2960,"f41r.10,+P0",f41r,991,7,qokedy,H12,H,B,5,paragraph_continuation,reliable_conditioned,surface_token,qokedy,meta_L=B,H12
2961,"f41r.10,+P0",f41r,991,8,qokeg,H08,H,B,5,paragraph_continuation,low_reliability_or_unassigned,,,,
2962,"f41r.7,+P0",f41r,988,1,parchdy,R00,H,B,5,paragraph_continuation,low_reliability_or_unassigned,,,,
2963,"f41r.7,+P0",f41r,988,2,kchey,R06,H,B,5,paragraph_continuation,low_reliability_or_unassigned,,,,
2964,"f41r.7,+P0",f41r,988,3,yteedy,R00,H,B,5,paragraph_continuation,low_reliability_or_unassigned,,,,
2965,"f41r.7,+P0",f41r,988,4,qokeod,H08,H,B,5,paragraph_continuation,low_reliability_or_unassigned,,,,
2966,"f41r.7,+P0",f41r,988,5,okedy,R00,H,B,5,paragraph_continuation,reliable_conditioned,surface_token,okedy,meta_L=B,R00
2967,"f41r.7,+P0",f41r,988,6,chkedy,R00,H,B,5,paragraph_continuation,low_reliability_or_unassigned,,,,
2968,"f41r.7,+P0",f41r,988,7,qokedy,H12,H,B,5,paragraph_continuation,reliable_conditioned,surface_token,qokedy,meta_L=B,H12
2969,"f41r.7,+P0",f41r,988,8,ched,R00,H,B,5,paragraph_continuation,low_reliability_or_unassigned,,,,
2970,"f41r.7,+P0",f41r,988,9,qokedy,H12,H,B,5,paragraph_continuation,reliable_conditioned,surface_token,qokedy,meta_L=B,H12
2971,"f42r.11,+P0",f42r,1011,1,qotor,H13,H,A,1,paragraph_continuation,low_reliability_or_unassigned,,,,
2972,"f42r.11,+P0",f42r,1011,2,cho,R00,H,A,1,paragraph_continuation,low_reliability_or_unassigned,,,,
2973,"f42r.11,+P0",f42r,1011,3,chody,R00,H,A,1,paragraph_continuation,reliable_global,broad_shape,O|dy,global=global,R00
2974,"f42r.11,+P0",f42r,1011,4,daiin,R10,H,A,1,paragraph_continuation,reliable_conditioned,surface_token,daiin,meta_L=A,R10
2975,"f42r.11,+P0",f42r,1011,5,shol,R08,H,A,1,paragraph_continuation,low_reliability_or_unassigned,,,,
2976,"f42r.11,+P0",f42r,1011,6,ctheey,R04,H,A,1,paragraph_continuation,low_reliability_or_unassigned,,,,
2977,"f42r.11,+P0",f42r,1011,7,dar,R06,H,A,1,paragraph_continuation,reliable_global,surface_token,dar,global=global,R06
2978,"f42r.11,+P0",f42r,1011,8,chy,R00,H,A,1,paragraph_continuation,reliable_global,stolfi_inspired_signature,NG|S_BY|T_y,global=global,R00
2979,"f42r.11,+P0",f42r,1011,9,daiidy,R06,H,A,1,paragraph_continuation,low_reliability_or_unassigned,,,,
2980,"f42r.15,+Pr",f42r,1015,1,pchody,R06,H,A,1,paragraph_continuation,low_reliability_or_unassigned,,,,
2981,"f42r.15,+Pr",f42r,1015,2,otshey,R00,H,A,1,paragraph_continuation,low_reliability_or_unassigned,,,,
2982,"f42r.15,+Pr",f42r,1015,3,dodaiin,R10,H,A,1,paragraph_continuation,low_reliability_or_unassigned,,,,
2983,"f42r.20,+P0",f42r,1020,1,shol,R08,H,A,1,paragraph_continuation,low_reliability_or_unassigned,,,,
2984,"f42r.20,+P0",f42r,1020,2,chol,R07,H,A,1,paragraph_continuation,low_reliability_or_unassigned,,,,
2985,"f42r.20,+P0",f42r,1020,3,shoky,R06,H,A,1,paragraph_continuation,reliable_global,broad_shape,OG|y,global=global,R00
2986,"f42r.20,+P0",f42r,1020,4,okol,R07,H,A,1,paragraph_continuation,low_reliability_or_unassigned,,,,
2987,"f42r.20,+P0",f42r,1020,5,sho,R06,H,A,1,paragraph_continuation,reliable_environment_sensitive,surface_token,sho,global=global,R06
2988,"f42r.20,+P0",f42r,1020,6,chol,R07,H,A,1,paragraph_continuation,low_reliability_or_unassigned,,,,
2989,"f42r.20,+P0",f42r,1020,7,shol,R08,H,A,1,paragraph_continuation,low_reliability_or_unassigned,,,,
2990,"f42r.20,+P0",f42r,1020,8,chal,R00,H,A,1,paragraph_continuation,low_reliability_or_unassigned,,,,
2991,"f42r.22,+P0",f42r,1022,1,kchaiin,R00,H,A,1,paragraph_continuation,low_reliability_or_unassigned,,,,
2992,"f42r.22,+P0",f42r,1022,2,chos,R00,H,A,1,paragraph_continuation,good_but_not_reliable_enough,broad_shape,OX|NONE,global=global,R00
2993,"f42r.22,+P0",f42r,1022,3,ckhaiin,R00,H,A,1,paragraph_continuation,low_reliability_or_unassigned,,,,
2994,"f42r.22,+P0",f42r,1022,4,choror,R00,H,A,1,paragraph_continuation,low_reliability_or_unassigned,,,,
2995,"f42r.22,+P0",f42r,1022,5,chaiin,R00,H,A,1,paragraph_continuation,low_reliability_or_unassigned,,,,
2996,"f42r.3,+P0",f42r,1003,1,toshy,R06,H,A,1,paragraph_continuation,low_reliability_or_unassigned,,,,
2997,"f42r.3,+P0",f42r,1003,2,chtshar,R00,H,A,1,paragraph_continuation,low_reliability_or_unassigned,,,,
2998,"f42r.3,+P0",f42r,1003,3,chotar,R00,H,A,1,paragraph_continuation,low_reliability_or_unassigned,,,,
2999,"f42r.3,+P0",f42r,1003,4,chain,R00,H,A,1,paragraph_continuation,reliable_global,stolfi_inspired_signature,NG|S_OEL|T_in,global=global,R06
3000,"f42r.3,+P0",f42r,1003,5,dal,R09,H,A,1,paragraph_continuation,reliable_global,surface_token,dal,global=global,R09
3001,"f42r.6,+Pc",f42r,1006,1,dorain,R06,H,A,1,paragraph_continuation,low_reliability_or_unassigned,,,,
3002,"f42r.6,+Pc",f42r,1006,2,ar,R06,H,A,1,paragraph_continuation,reliable_global,surface_token,ar,global=global,R06
3003,"f42r.9,+P0",f42r,1009,1,qotchr,H13,H,A,1,paragraph_continuation,low_reliability_or_unassigned,,,,
3004,"f42r.9,+P0",f42r,1009,2,otchol,R07,H,A,1,paragraph_continuation,low_reliability_or_unassigned,,,,
3005,"f42r.9,+P0",f42r,1009,3,ctho,R04,H,A,1,paragraph_continuation,low_reliability_or_unassigned,,,,
3006,"f42r.9,+P0",f42r,1009,4,kchodan,R00,H,A,1,paragraph_continuation,low_reliability_or_unassigned,,,,
3007,"f42r.9,+P0",f42r,1009,5,chkchory,R00,H,A,1,paragraph_continuation,low_reliability_or_unassigned,,,,
3008,"f42v.15,+P0",f42v,1038,1,chokey,R00,H,A,1,paragraph_continuation,low_reliability_or_unassigned,,,,
3009,"f42v.15,+P0",f42v,1038,2,chol,R07,H,A,1,paragraph_continuation,low_reliability_or_unassigned,,,,
3010,"f42v.15,+P0",f42v,1038,3,okey,R00,H,A,1,paragraph_continuation,low_reliability_or_unassigned,,,,
3011,"f42v.16,=Pt",f42v,1039,1,okor,R00,H,A,1,paragraph_terminal_or_label,low_reliability_or_unassigned,,,,
3012,"f42v.16,=Pt",f42v,1039,2,odeey,R00,H,A,1,paragraph_terminal_or_label,low_reliability_or_unassigned,,,,
3013,"f42v.8,+P0",f42v,1031,1,sodal,R06,H,A,1,paragraph_continuation,low_reliability_or_unassigned,,,,
3014,"f42v.8,+P0",f42v,1031,2,saiin,R06,H,A,1,paragraph_continuation,reliable_environment_sensitive,surface_token,saiin,global=global,R06
3015,"f43r.3,+P0",f43r,1042,1,yty,R06,H,B,2,paragraph_continuation,low_reliability_or_unassigned,,,,
3016,"f43r.3,+P0",f43r,1042,2,yty,R06,H,B,2,paragraph_continuation,low_reliability_or_unassigned,,,,
3017,"f43r.3,+P0",f43r,1042,3,oty,R01,H,B,2,paragraph_continuation,low_reliability_or_unassigned,,,,
3018,"f43r.3,+P0",f43r,1042,4,she,R06,H,B,2,paragraph_continuation,low_reliability_or_unassigned,,,,
3019,"f43r.3,+P0",f43r,1042,5,ody,R00,H,B,2,paragraph_continuation,low_reliability_or_unassigned,,,,
3020,"f43r.3,+P0",f43r,1042,6,shy,R06,H,B,2,paragraph_continuation,reliable_global,broad_shape,X|y,global=global,R06
3021,"f43r.3,+P0",f43r,1042,7,olor,R00,H,B,2,paragraph_continuation,good_but_not_reliable_enough,stolfi_inspired_signature,NG|S_OL|T_r,meta_H=2,R06
3022,"f43r.3,+P0",f43r,1042,8,yteedy,R00,H,B,2,paragraph_continuation,low_reliability_or_unassigned,,,,
3023,"f43r.3,+P0",f43r,1042,9,kaiin,R06,H,B,2,paragraph_continuation,low_reliability_or_unassigned,,,,
3024,"f43r.3,+P0",f43r,1042,10,chky,R00,H,B,2,paragraph_continuation,low_reliability_or_unassigned,,,,
3025,"f43r.3,+P0",f43r,1042,11,qotydy,R00,H,B,2,paragraph_continuation,low_reliability_or_unassigned,,,,
3026,"f43r.3,+P0",f43r,1042,12,dar,R06,H,B,2,paragraph_continuation,reliable_global,surface_token,dar,global=global,R06
3027,"f43r.3,+P0",f43r,1042,13,aiin,R06,H,B,2,paragraph_continuation,reliable_environment_sensitive,surface_token,aiin,global=global,R06
3028,"f43r.3,+P0",f43r,1042,14,ykam,R06,H,B,2,paragraph_continuation,low_reliability_or_unassigned,,,,
3029,"f43r.5,+P0",f43r,1044,1,ykar,R06,H,B,2,paragraph_continuation,low_reliability_or_unassigned,,,,
3030,"f43r.5,+P0",f43r,1044,2,chdy,R02,H,B,2,paragraph_continuation,reliable_conditioned,surface_token,chdy,meta_L=B,R02
3031,"f43r.5,+P0",f43r,1044,3,shekody,R00,H,B,2,paragraph_continuation,low_reliability_or_unassigned,,,,
3032,"f43r.5,+P0",f43r,1044,4,qotody,R00,H,B,2,paragraph_continuation,reliable_global,broad_shape,O|dy,global=global,R00
3033,"f43r.5,+P0",f43r,1044,5,qotar,H13,H,B,2,paragraph_continuation,low_reliability_or_unassigned,,,,
3034,"f43r.5,+P0",f43r,1044,6,okedy,R00,H,B,2,paragraph_continuation,reliable_conditioned,surface_token,okedy,meta_L=B,R00
3035,"f43r.5,+P0",f43r,1044,7,dar,R06,H,B,2,paragraph_continuation,reliable_global,surface_token,dar,global=global,R06
3036,"f43r.5,+P0",f43r,1044,8,choetchy,R00,H,B,2,paragraph_continuation,low_reliability_or_unassigned,,,,
3037,"f43r.5,+P0",f43r,1044,9,dam,R06,H,B,2,paragraph_continuation,good_but_not_reliable_enough,surface_token,dam,global=global,R06
3038,"f43r.5,+P0",f43r,1044,10,otain,R00,H,B,2,paragraph_continuation,low_reliability_or_unassigned,,,,
3039,"f43r.5,+P0",f43r,1044,11,ytam,R06,H,B,2,paragraph_continuation,low_reliability_or_unassigned,,,,
3040,"f43r.9,+P0",f43r,1048,1,dshedy,R06,H,B,2,paragraph_continuation,low_reliability_or_unassigned,,,,
3041,"f43r.9,+P0",f43r,1048,2,qotedy,H17,H,B,2,paragraph_continuation,low_reliability_or_unassigned,,,,
3042,"f43r.9,+P0",f43r,1048,3,dor,R06,H,B,2,paragraph_continuation,good_but_not_reliable_enough,stolfi_inspired_signature,NG|S_OL|T_r,meta_H=2,R06
3043,"f43r.9,+P0",f43r,1048,4,cheey,R06,H,B,2,paragraph_continuation,reliable_global,stolfi_inspired_signature,NG|S_EY|T_ey,global=global,R06
3044,"f43r.9,+P0",f43r,1048,5,odain,R00,H,B,2,paragraph_continuation,low_reliability_or_unassigned,,,,
3045,"f43v.16,+P0",f43v,1069,1,ol,R06,H,B,2,paragraph_continuation,reliable_environment_sensitive,surface_token,ol,global=global,R06
3046,"f43v.16,+P0",f43v,1069,2,eees,R00,H,B,2,paragraph_continuation,low_reliability_or_unassigned,,,,
3047,"f43v.16,+P0",f43v,1069,3,aiin,R06,H,B,2,paragraph_continuation,reliable_environment_sensitive,surface_token,aiin,global=global,R06
3048,"f43v.16,+P0",f43v,1069,4,oloaiin,R00,H,B,2,paragraph_continuation,low_reliability_or_unassigned,,,,
3049,"f43v.16,+P0",f43v,1069,5,oteos,R01,H,B,2,paragraph_continuation,low_reliability_or_unassigned,,,,
3050,"f43v.16,+P0",f43v,1069,6,qoky,H01,H,B,2,paragraph_continuation,low_reliability_or_unassigned,,,,
3051,"f43v.16,+P0",f43v,1069,7,chey,R06,H,B,2,paragraph_continuation,reliable_global,stolfi_inspired_signature,NG|S_EY|T_y,global=global,R06
3052,"f43v.3,+P0",f43v,1056,1,tody,R06,H,B,2,paragraph_continuation,low_reliability_or_unassigned,,,,
3053,"f43v.3,+P0",f43v,1056,2,teedy,R06,H,B,2,paragraph_continuation,low_reliability_or_unassigned,,,,
3054,"f43v.3,+P0",f43v,1056,3,qot,H13,H,B,2,paragraph_continuation,low_reliability_or_unassigned,,,,
3055,"f43v.3,+P0",f43v,1056,4,chocthy,R00,H,B,2,paragraph_continuation,reliable_environment_sensitive,broad_shape,OXGX|y,global=global,R00
3056,"f43v.3,+P0",f43v,1056,5,chky,R00,H,B,2,paragraph_continuation,low_reliability_or_unassigned,,,,
3057,"f43v.3,+P0",f43v,1056,6,oky,R00,H,B,2,paragraph_continuation,reliable_environment_sensitive,surface_token,oky,global=global,R00
3058,"f43v.3,+P0",f43v,1056,7,chdy,R02,H,B,2,paragraph_continuation,reliable_conditioned,surface_token,chdy,meta_L=B,R02
3059,"f43v.3,+P0",f43v,1056,8,okedy,R00,H,B,2,paragraph_continuation,reliable_conditioned,surface_token,okedy,meta_L=B,R00
3060,"f43v.3,+P0",f43v,1056,9,ykaiin,R06,H,B,2,paragraph_continuation,low_reliability_or_unassigned,,,,
3061,"f43v.3,+P0",f43v,1056,10,chey,R06,H,B,2,paragraph_continuation,reliable_global,stolfi_inspired_signature,NG|S_EY|T_y,global=global,R06
3062,"f43v.3,+P0",f43v,1056,11,ody,R00,H,B,2,paragraph_continuation,low_reliability_or_unassigned,,,,
3063,"f43v.3,+P0",f43v,1056,12,dary,R06,H,B,2,paragraph_continuation,low_reliability_or_unassigned,,,,
3064,"f43v.5,+P0",f43v,1058,1,qokchedy,H10,H,B,2,paragraph_continuation,low_reliability_or_unassigned,,,,
3065,"f43v.5,+P0",f43v,1058,2,oralody,R00,H,B,2,paragraph_continuation,low_reliability_or_unassigned,,,,
3066,"f43v.5,+P0",f43v,1058,3,otedol,R01,H,B,2,paragraph_continuation,low_reliability_or_unassigned,,,,
3067,"f43v.5,+P0",f43v,1058,4,chcthdy,R04,H,B,2,paragraph_continuation,low_reliability_or_unassigned,,,,
3068,"f43v.5,+P0",f43v,1058,5,chtey,R00,H,B,2,paragraph_continuation,low_reliability_or_unassigned,,,,
3069,"f43v.8,+P0",f43v,1061,1,shetcheodchs,R00,H,B,2,paragraph_continuation,low_reliability_or_unassigned,,,,
3070,"f43v.8,+P0",f43v,1061,2,ochedy,R00,H,B,2,paragraph_continuation,low_reliability_or_unassigned,,,,
3071,"f43v.8,+P0",f43v,1061,3,oteody,R01,H,B,2,paragraph_continuation,low_reliability_or_unassigned,,,,
3072,"f43v.8,+P0",f43v,1061,4,chedy,R02,H,B,2,paragraph_continuation,reliable_conditioned,surface_token,chedy,meta_L=B,R02
3073,"f43v.8,+P0",f43v,1061,5,chody,R00,H,B,2,paragraph_continuation,reliable_global,broad_shape,O|dy,global=global,R00
3074,"f43v.8,+P0",f43v,1061,6,daiin,R10,H,B,2,paragraph_continuation,good_but_not_reliable_enough,surface_token,daiin,global=global,R10
3075,"f43v.8,+P0",f43v,1061,7,sheody,R06,H,B,2,paragraph_continuation,low_reliability_or_unassigned,,,,
3076,"f43v.8,+P0",f43v,1061,8,ykar,R06,H,B,2,paragraph_continuation,low_reliability_or_unassigned,,,,
3077,"f43v.8,+P0",f43v,1061,9,chef,R00,H,B,2,paragraph_continuation,low_reliability_or_unassigned,,,,
3078,"f43v.9,+P0",f43v,1062,1,ytdy,R00,H,B,2,paragraph_continuation,low_reliability_or_unassigned,,,,
3079,"f43v.9,+P0",f43v,1062,2,olos,R00,H,B,2,paragraph_continuation,good_but_not_reliable_enough,broad_shape,OX|NONE,global=global,R00
3080,"f43v.9,+P0",f43v,1062,3,aiin,R06,H,B,2,paragraph_continuation,reliable_environment_sensitive,surface_token,aiin,global=global,R06
3081,"f43v.9,+P0",f43v,1062,4,ockhy,R00,H,B,2,paragraph_continuation,good_but_not_reliable_enough,conservative_morphology,ckh|y|XGX,meta_I=H,R00
3082,"f44r.10,+P0",f44r,1079,1,qokchor,H08,H,A,1,paragraph_continuation,low_reliability_or_unassigned,,,,
3083,"f44r.10,+P0",f44r,1079,2,okchy,R00,H,A,1,paragraph_continuation,low_reliability_or_unassigned,,,,
3084,"f44r.10,+P0",f44r,1079,3,qoto,R00,H,A,1,paragraph_continuation,low_reliability_or_unassigned,,,,
3085,"f44r.10,+P0",f44r,1079,4,ykol,R06,H,A,1,paragraph_continuation,low_reliability_or_unassigned,,,,
3086,"f44r.10,+P0",f44r,1079,5,choky,R00,H,A,1,paragraph_continuation,reliable_global,broad_shape,OG|y,global=global,R00
3087,"f44r.10,+P0",f44r,1079,6,choky,R00,H,A,1,paragraph_continuation,reliable_global,broad_shape,OG|y,global=global,R00
3088,"f44r.10,+P0",f44r,1079,7,choldam,R07,H,A,1,paragraph_continuation,low_reliability_or_unassigned,,,,
3089,"f44r.4,+P0",f44r,1073,1,ychor,R06,H,A,1,paragraph_continuation,low_reliability_or_unassigned,,,,
3090,"f44r.4,+P0",f44r,1073,2,ykchey,R06,H,A,1,paragraph_continuation,low_reliability_or_unassigned,,,,
3091,"f44r.4,+P0",f44r,1073,3,ykchy,R06,H,A,1,paragraph_continuation,low_reliability_or_unassigned,,,,
3092,"f44r.4,+P0",f44r,1073,4,chody,R00,H,A,1,paragraph_continuation,reliable_global,broad_shape,O|dy,global=global,R00
3093,"f44r.4,+P0",f44r,1073,5,dam,R06,H,A,1,paragraph_continuation,good_but_not_reliable_enough,surface_token,dam,global=global,R06
3094,"f44v.13,+P0",f44v,1093,1,lchor,R00,H,A,1,paragraph_continuation,low_reliability_or_unassigned,,,,
3095,"f44v.13,+P0",f44v,1093,2,shol,R08,H,A,1,paragraph_continuation,low_reliability_or_unassigned,,,,
3096,"f44v.13,+P0",f44v,1093,3,dairl,R06,H,A,1,paragraph_continuation,low_reliability_or_unassigned,,,,
3097,"f45r.2,+P0",f45r,1095,1,shor,R06,H,A,1,paragraph_continuation,low_reliability_or_unassigned,,,,
3098,"f45r.2,+P0",f45r,1095,2,cthy,R04,H,A,1,paragraph_continuation,low_reliability_or_unassigned,,,,
3099,"f45r.2,+P0",f45r,1095,3,qoky,H01,H,A,1,paragraph_continuation,low_reliability_or_unassigned,,,,
3100,"f45r.2,+P0",f45r,1095,4,qokol,H08,H,A,1,paragraph_continuation,low_reliability_or_unassigned,,,,
3101,"f45r.2,+P0",f45r,1095,5,qokaiin,H08,H,A,1,paragraph_continuation,low_reliability_or_unassigned,,,,
3102,"f45r.2,+P0",f45r,1095,6,chol,R07,H,A,1,paragraph_continuation,low_reliability_or_unassigned,,,,
3103,"f45r.2,+P0",f45r,1095,7,chol,R07,H,A,1,paragraph_continuation,low_reliability_or_unassigned,,,,
3104,"f45r.2,+P0",f45r,1095,8,ykaiin,R06,H,A,1,paragraph_continuation,low_reliability_or_unassigned,,,,
3105,"f45r.2,+P0",f45r,1095,9,dar,R06,H,A,1,paragraph_continuation,reliable_global,surface_token,dar,global=global,R06
3106,"f45r.2,+P0",f45r,1095,10,om,R06,H,A,1,paragraph_continuation,low_reliability_or_unassigned,,,,
3107,"f45v.10,+P0",f45v,1114,1,dshor,R06,H,A,1,paragraph_continuation,low_reliability_or_unassigned,,,,
3108,"f45v.10,+P0",f45v,1114,2,otshy,R00,H,A,1,paragraph_continuation,low_reliability_or_unassigned,,,,
3109,"f45v.10,+P0",f45v,1114,3,oky,R00,H,A,1,paragraph_continuation,reliable_environment_sensitive,surface_token,oky,global=global,R00
3110,"f45v.10,+P0",f45v,1114,4,tsholol,R00,H,A,1,paragraph_continuation,low_reliability_or_unassigned,,,,
3111,"f45v.10,+P0",f45v,1114,5,ytchord,R06,H,A,1,paragraph_continuation,low_reliability_or_unassigned,,,,
3112,"f45v.4,+P0",f45v,1108,1,okchy,R00,H,A,1,paragraph_continuation,low_reliability_or_unassigned,,,,
3113,"f45v.4,+P0",f45v,1108,2,qockhy,H07,H,A,1,paragraph_continuation,good_but_not_reliable_enough,conservative_morphology,ckh|y|XGX,meta_I=H,R00
3114,"f45v.4,+P0",f45v,1108,3,dain,R06,H,A,1,paragraph_continuation,reliable_global,stolfi_inspired_signature,NG|S_OEL|T_in,global=global,R06
3115,"f45v.4,+P0",f45v,1108,4,dail,R06,H,A,1,paragraph_continuation,low_reliability_or_unassigned,,,,
3116,"f45v.4,+P0",f45v,1108,5,dair,R06,H,A,1,paragraph_continuation,low_reliability_or_unassigned,,,,
3117,"f45v.4,+P0",f45v,1108,6,shy,R06,H,A,1,paragraph_continuation,reliable_global,broad_shape,X|y,global=global,R06
3118,"f45v.8,+P0",f45v,1112,1,yksheor,R00,H,A,1,paragraph_continuation,low_reliability_or_unassigned,,,,
3119,"f45v.8,+P0",f45v,1112,2,odal,R00,H,A,1,paragraph_continuation,low_reliability_or_unassigned,,,,
3120,"f45v.8,+P0",f45v,1112,3,sho,R06,H,A,1,paragraph_continuation,reliable_environment_sensitive,surface_token,sho,global=global,R06
3121,"f45v.8,+P0",f45v,1112,4,dy,R02,H,A,1,paragraph_continuation,low_reliability_or_unassigned,,,,
3122,"f45v.8,+P0",f45v,1112,5,pchom,R06,H,A,1,paragraph_continuation,low_reliability_or_unassigned,,,,
3123,"f45v.8,+P0",f45v,1112,6,otor,R00,H,A,1,paragraph_continuation,low_reliability_or_unassigned,,,,
3124,"f45v.8,+P0",f45v,1112,7,oa,R00,H,A,1,paragraph_continuation,good_but_not_reliable_enough,broad_shape,O|NONE,global=global,R00
3125,"f45v.9,+P0",f45v,1113,1,ychor,R06,H,A,1,paragraph_continuation,low_reliability_or_unassigned,,,,
3126,"f45v.9,+P0",f45v,1113,2,cthy,R04,H,A,1,paragraph_continuation,low_reliability_or_unassigned,,,,
3127,"f45v.9,+P0",f45v,1113,3,chol,R07,H,A,1,paragraph_continuation,low_reliability_or_unassigned,,,,
3128,"f45v.9,+P0",f45v,1113,4,qokom,H08,H,A,1,paragraph_continuation,low_reliability_or_unassigned,,,,
3129,"f45v.9,+P0",f45v,1113,5,sy,R06,H,A,1,paragraph_continuation,reliable_global,broad_shape,X|y,global=global,R06
3130,"f45v.9,+P0",f45v,1113,6,saykchom,R00,H,A,1,paragraph_continuation,low_reliability_or_unassigned,,,,
3131,"f46r.12,+P0",f46r,1127,1,techy,R06,H,B,2,paragraph_continuation,low_reliability_or_unassigned,,,,
3132,"f46r.12,+P0",f46r,1127,2,daiin,R10,H,B,2,paragraph_continuation,good_but_not_reliable_enough,surface_token,daiin,global=global,R10
3133,"f46r.12,+P0",f46r,1127,3,sheockhy,R00,H,B,2,paragraph_continuation,low_reliability_or_unassigned,,,,
3134,"f46r.12,+P0",f46r,1127,4,choky,R00,H,B,2,paragraph_continuation,reliable_global,broad_shape,OG|y,global=global,R00
3135,"f46r.12,+P0",f46r,1127,5,r,R00,H,B,2,paragraph_continuation,low_reliability_or_unassigned,,,,
3136,"f46r.12,+P0",f46r,1127,6,aiin,R06,H,B,2,paragraph_continuation,reliable_environment_sensitive,surface_token,aiin,global=global,R06
3137,"f46r.12,+P0",f46r,1127,7,ches,R00,H,B,2,paragraph_continuation,low_reliability_or_unassigned,,,,
3138,"f46r.12,+P0",f46r,1127,8,shey,R06,H,B,2,paragraph_continuation,reliable_global,stolfi_inspired_signature,NG|S_EY|T_y,global=global,R06
3139,"f46r.12,+P0",f46r,1127,9,kar,R06,H,B,2,paragraph_continuation,low_reliability_or_unassigned,,,,
3140,"f46r.12,+P0",f46r,1127,10,sheckhy,R00,H,B,2,paragraph_continuation,good_but_not_reliable_enough,broad_shape,EXGX|y,global=global,R00
3141,"f46r.12,+P0",f46r,1127,11,chdy,R02,H,B,2,paragraph_continuation,reliable_conditioned,surface_token,chdy,meta_L=B,R02
3142,"f46r.12,+P0",f46r,1127,12,chckham,R00,H,B,2,paragraph_continuation,low_reliability_or_unassigned,,,,
3143,"f46v.13,+P1",f46v,1143,1,ykar,R06,H,B,2,paragraph_continuation,low_reliability_or_unassigned,,,,
3144,"f46v.13,+P1",f46v,1143,2,chedy,R02,H,B,2,paragraph_continuation,reliable_conditioned,surface_token,chedy,meta_L=B,R02
3145,"f46v.3,+P0",f46v,1133,1,ytchey,R06,H,B,2,paragraph_continuation,low_reliability_or_unassigned,,,,
3146,"f46v.3,+P0",f46v,1133,2,keody,R06,H,B,2,paragraph_continuation,low_reliability_or_unassigned,,,,
3147,"f46v.3,+P0",f46v,1133,3,chockhdy,R00,H,B,2,paragraph_continuation,low_reliability_or_unassigned,,,,
3148,"f46v.3,+P0",f46v,1133,4,chotal,R00,H,B,2,paragraph_continuation,low_reliability_or_unassigned,,,,
3149,"f46v.3,+P0",f46v,1133,5,okalshdy,R00,H,B,2,paragraph_continuation,low_reliability_or_unassigned,,,,
3150,"f46v.3,+P0",f46v,1133,6,shy,R06,H,B,2,paragraph_continuation,reliable_global,broad_shape,X|y,global=global,R06
3151,"f46v.3,+P0",f46v,1133,7,qokar,R03,H,B,2,paragraph_continuation,reliable_conditioned,surface_token,qokar,meta_L=B,R03
3152,"f46v.3,+P0",f46v,1133,8,oty,R01,H,B,2,paragraph_continuation,low_reliability_or_unassigned,,,,
3153,"f46v.3,+P0",f46v,1133,9,qoty,H01,H,B,2,paragraph_continuation,low_reliability_or_unassigned,,,,
3154,"f46v.3,+P0",f46v,1133,10,shedy,R06,H,B,2,paragraph_continuation,reliable_conditioned,surface_token,shedy,meta_L=B,R06
3155,"f46v.3,+P0",f46v,1133,11,chedy,R02,H,B,2,paragraph_continuation,reliable_conditioned,surface_token,chedy,meta_L=B,R02
3156,"f46v.3,+P0",f46v,1133,12,dam,R06,H,B,2,paragraph_continuation,good_but_not_reliable_enough,surface_token,dam,global=global,R06
3157,"f47r.11,+P0",f47r,1154,1,dsho,R06,H,A,1,paragraph_continuation,low_reliability_or_unassigned,,,,
3158,"f47r.11,+P0",f47r,1154,2,cphy,R00,H,A,1,paragraph_continuation,low_reliability_or_unassigned,,,,
3159,"f47r.11,+P0",f47r,1154,3,daiin,R10,H,A,1,paragraph_continuation,reliable_conditioned,surface_token,daiin,meta_L=A,R10
3160,"f47r.11,+P0",f47r,1154,4,daiiny,R06,H,A,1,paragraph_continuation,low_reliability_or_unassigned,,,,
3161,"f47r.3,+P0",f47r,1146,1,dor,R06,H,A,1,paragraph_continuation,low_reliability_or_unassigned,,,,
3162,"f47r.3,+P0",f47r,1146,2,chol,R07,H,A,1,paragraph_continuation,low_reliability_or_unassigned,,,,
3163,"f47r.3,+P0",f47r,1146,3,chy,R00,H,A,1,paragraph_continuation,reliable_global,stolfi_inspired_signature,NG|S_BY|T_y,global=global,R00
3164,"f47r.3,+P0",f47r,1146,4,chaiin,R00,H,A,1,paragraph_continuation,low_reliability_or_unassigned,,,,
3165,"f47r.3,+P0",f47r,1146,5,ckhey,R00,H,A,1,paragraph_continuation,low_reliability_or_unassigned,,,,
3166,"f47r.3,+P0",f47r,1146,6,chol,R07,H,A,1,paragraph_continuation,low_reliability_or_unassigned,,,,
3167,"f47r.3,+P0",f47r,1146,7,dain,R06,H,A,1,paragraph_continuation,reliable_global,stolfi_inspired_signature,NG|S_OEL|T_in,global=global,R06
3168,"f47r.3,+P0",f47r,1146,8,okaiin,R10,H,A,1,paragraph_continuation,reliable_global,surface_token,okaiin,global=global,R10
3169,"f47r.4,+P0",f47r,1147,1,qokcheo,H08,H,A,1,paragraph_continuation,low_reliability_or_unassigned,,,,
3170,"f47r.4,+P0",f47r,1147,2,cthey,R04,H,A,1,paragraph_continuation,low_reliability_or_unassigned,,,,
3171,"f47r.4,+P0",f47r,1147,3,chokain,R00,H,A,1,paragraph_continuation,low_reliability_or_unassigned,,,,
3172,"f47r.4,+P0",f47r,1147,4,chol,R07,H,A,1,paragraph_continuation,low_reliability_or_unassigned,,,,
3173,"f47r.4,+P0",f47r,1147,5,daiin,R10,H,A,1,paragraph_continuation,reliable_conditioned,surface_token,daiin,meta_L=A,R10
3174,"f47r.4,+P0",f47r,1147,6,kchdal,R06,H,A,1,paragraph_continuation,low_reliability_or_unassigned,,,,
3175,"f47r.5,+P0",f47r,1148,1,dain,R06,H,A,1,paragraph_continuation,reliable_global,stolfi_inspired_signature,NG|S_OEL|T_in,global=global,R06
3176,"f47r.5,+P0",f47r,1148,2,olshey,R00,H,A,1,paragraph_continuation,low_reliability_or_unassigned,,,,
3177,"f47r.5,+P0",f47r,1148,3,chokolg,R00,H,A,1,paragraph_continuation,low_reliability_or_unassigned,,,,
3178,"f47v.6,+P0",f47v,1160,1,chody,R00,H,A,1,paragraph_continuation,reliable_global,broad_shape,O|dy,global=global,R00
3179,"f47v.6,+P0",f47v,1160,2,cheor,R00,H,A,1,paragraph_continuation,low_reliability_or_unassigned,,,,
3180,"f47v.6,+P0",f47v,1160,3,saiin,R06,H,A,1,paragraph_continuation,reliable_environment_sensitive,surface_token,saiin,global=global,R06
3181,"f47v.6,+P0",f47v,1160,4,dochod,R06,H,A,1,paragraph_continuation,low_reliability_or_unassigned,,,,
3182,"f47v.6,+P0",f47v,1160,5,chol,R07,H,A,1,paragraph_continuation,low_reliability_or_unassigned,,,,
3183,"f47v.7,+P0",f47v,1161,1,pchodaiin,R10,H,A,1,paragraph_continuation,low_reliability_or_unassigned,,,,
3184,"f47v.7,+P0",f47v,1161,2,dair,R06,H,A,1,paragraph_continuation,low_reliability_or_unassigned,,,,
3185,"f47v.7,+P0",f47v,1161,3,dcthy,R06,H,A,1,paragraph_continuation,low_reliability_or_unassigned,,,,
3186,"f49r.10,+P0",f49r,1198,1,sho,R06,H,A,1,paragraph_continuation,reliable_environment_sensitive,surface_token,sho,global=global,R06
3187,"f49r.10,+P0",f49r,1198,2,r,R00,H,A,1,paragraph_continuation,low_reliability_or_unassigned,,,,
3188,"f49r.10,+P0",f49r,1198,3,choiin,R00,H,A,1,paragraph_continuation,low_reliability_or_unassigned,,,,
3189,"f49r.10,+P0",f49r,1198,4,shor,R06,H,A,1,paragraph_continuation,low_reliability_or_unassigned,,,,
3190,"f49r.10,+P0",f49r,1198,5,shorshy,R00,H,A,1,paragraph_continuation,low_reliability_or_unassigned,,,,
3191,"f49r.15,+P0",f49r,1203,1,ochol,R00,H,A,1,paragraph_continuation,low_reliability_or_unassigned,,,,
3192,"f49r.15,+P0",f49r,1203,2,chol,R07,H,A,1,paragraph_continuation,low_reliability_or_unassigned,,,,
3193,"f49r.15,+P0",f49r,1203,3,chody,R00,H,A,1,paragraph_continuation,reliable_global,broad_shape,O|dy,global=global,R00
3194,"f49r.15,+P0",f49r,1203,4,dchodaiin,R10,H,A,1,paragraph_continuation,low_reliability_or_unassigned,,,,
3195,"f49r.15,+P0",f49r,1203,5,daiin,R10,H,A,1,paragraph_continuation,reliable_conditioned,surface_token,daiin,meta_L=A,R10
3196,"f49v.1,@L0",f49v,1210,1,f,R06,H,A,1,label_or_marginal,low_reliability_or_unassigned,,,,
3197,"f49v.13,*L0",f49v,1221,1,k,R06,H,A,1,label_or_marginal,low_reliability_or_unassigned,,,,
3198,"f49v.15,*L0",f49v,1223,1,s,R06,H,A,1,label_or_marginal,reliable_global,broad_shape,X|NONE,global=global,R06
3199,"f49v.17,*L0",f49v,1225,1,p,R06,H,A,1,label_or_marginal,low_reliability_or_unassigned,,,,
3200,"f49v.18,=P0",f49v,1226,1,ochor,R00,H,A,1,paragraph_terminal_or_label,low_reliability_or_unassigned,,,,
3201,"f49v.18,=P0",f49v,1226,2,sheeod,R06,H,A,1,paragraph_terminal_or_label,low_reliability_or_unassigned,,,,
3202,"f49v.18,=P0",f49v,1226,3,ksheodl,R00,H,A,1,paragraph_terminal_or_label,low_reliability_or_unassigned,,,,
3203,"f49v.19,*L0",f49v,1227,1,o,R00,H,A,1,label_or_marginal,good_but_not_reliable_enough,broad_shape,O|NONE,global=global,R00
3204,"f49v.23,*L0",f49v,1230,1,y,R06,H,A,1,label_or_marginal,reliable_global,surface_token,y,global=global,R06
3205,"f49v.25,*L0",f49v,1232,1,e,R00,H,A,1,label_or_marginal,low_reliability_or_unassigned,,,,
3206,"f49v.3,*L0",f49v,1212,1,o,R00,H,A,1,label_or_marginal,good_but_not_reliable_enough,broad_shape,O|NONE,global=global,R00
3207,"f49v.31,*L0",f49v,1236,1,p,R06,H,A,1,label_or_marginal,low_reliability_or_unassigned,,,,
3208,"f49v.33,*L0",f49v,1238,1,o,R00,H,A,1,label_or_marginal,good_but_not_reliable_enough,broad_shape,O|NONE,global=global,R00
3209,"f49v.37,*L0",f49v,1241,1,y,R06,H,A,1,label_or_marginal,reliable_global,surface_token,y,global=global,R06
3210,"f49v.39,*L0",f49v,1243,1,e,R00,H,A,1,label_or_marginal,low_reliability_or_unassigned,,,,
3211,"f49v.43,*L0",f49v,1246,1,d,R06,H,A,1,label_or_marginal,low_reliability_or_unassigned,,,,
3212,"f49v.45,*L0",f49v,1248,1,y,R06,H,A,1,label_or_marginal,reliable_global,surface_token,y,global=global,R06
3213,"f49v.47,*L0",f49v,1250,1,e,R00,H,A,1,label_or_marginal,low_reliability_or_unassigned,,,,
3214,"f49v.49,*L0",f49v,1252,1,k,R06,H,A,1,label_or_marginal,low_reliability_or_unassigned,,,,
3215,"f49v.5,*L0",f49v,1214,1,r,R00,H,A,1,label_or_marginal,low_reliability_or_unassigned,,,,
3216,"f49v.51,*L0",f49v,1254,1,y,R06,H,A,1,label_or_marginal,reliable_global,surface_token,y,global=global,R06
3217,"f49v.52,=P0",f49v,1255,1,ykchokeo,R00,H,A,1,paragraph_terminal_or_label,low_reliability_or_unassigned,,,,
3218,"f49v.52,=P0",f49v,1255,2,r,R00,H,A,1,paragraph_terminal_or_label,low_reliability_or_unassigned,,,,
3219,"f49v.52,=P0",f49v,1255,3,cheey,R06,H,A,1,paragraph_terminal_or_label,reliable_global,stolfi_inspired_signature,NG|S_EY|T_ey,global=global,R06
3220,"f49v.52,=P0",f49v,1255,4,daiin,R10,H,A,1,paragraph_terminal_or_label,reliable_conditioned,surface_token,daiin,meta_L=A,R10
3221,"f49v.7,*L0",f49v,1216,1,y,R06,H,A,1,label_or_marginal,reliable_global,surface_token,y,global=global,R06
3222,"f49v.8,=P0",f49v,1217,1,okeodsho,R00,H,A,1,paragraph_terminal_or_label,low_reliability_or_unassigned,,,,
3223,"f49v.8,=P0",f49v,1217,2,chotshol,R08,H,A,1,paragraph_terminal_or_label,low_reliability_or_unassigned,,,,
3224,"f49v.8,=P0",f49v,1217,3,dam,R06,H,A,1,paragraph_terminal_or_label,good_but_not_reliable_enough,surface_token,dam,global=global,R06
3225,"f49v.9,*L0",f49v,1218,1,e,R00,H,A,1,label_or_marginal,low_reliability_or_unassigned,,,,
3226,"f4r.12,+P0",f4r,107,1,soiin,R06,H,A,1,paragraph_continuation,low_reliability_or_unassigned,,,,
3227,"f4r.12,+P0",f4r,107,2,chaiin,R00,H,A,1,paragraph_continuation,low_reliability_or_unassigned,,,,
3228,"f4r.12,+P0",f4r,107,3,chaiin,R00,H,A,1,paragraph_continuation,low_reliability_or_unassigned,,,,
3229,"f4r.7,+P0",f4r,102,1,qotaiin,H13,H,A,1,paragraph_continuation,low_reliability_or_unassigned,,,,
3230,"f4r.7,+P0",f4r,102,2,cthol,R07,H,A,1,paragraph_continuation,low_reliability_or_unassigned,,,,
3231,"f4r.7,+P0",f4r,102,3,daiin,R10,H,A,1,paragraph_continuation,reliable_conditioned,surface_token,daiin,meta_L=A,R10
3232,"f4r.7,+P0",f4r,102,4,cthom,R04,H,A,1,paragraph_continuation,low_reliability_or_unassigned,,,,
3233,"f4v.1,@P0",f4v,109,1,pchooiin,R00,H,A,1,paragraph_start,low_reliability_or_unassigned,,,,
3234,"f4v.1,@P0",f4v,109,2,ksheo,R06,H,A,1,paragraph_start,low_reliability_or_unassigned,,,,
3235,"f4v.1,@P0",f4v,109,3,kchoy,R06,H,A,1,paragraph_start,low_reliability_or_unassigned,,,,
3236,"f4v.1,@P0",f4v,109,4,chopchy,R00,H,A,1,paragraph_start,low_reliability_or_unassigned,,,,
3237,"f4v.1,@P0",f4v,109,5,dolds,R06,H,A,1,paragraph_start,low_reliability_or_unassigned,,,,
3238,"f4v.1,@P0",f4v,109,6,dlod,R06,H,A,1,paragraph_start,low_reliability_or_unassigned,,,,
3239,"f4v.13,+P0",f4v,121,1,shody,R06,H,A,1,paragraph_continuation,reliable_global,broad_shape,O|dy,global=global,R00
3240,"f4v.13,+P0",f4v,121,2,s,R06,H,A,1,paragraph_continuation,reliable_global,broad_shape,X|NONE,global=global,R06
3241,"f4v.13,+P0",f4v,121,3,cheor,R00,H,A,1,paragraph_continuation,low_reliability_or_unassigned,,,,
3242,"f4v.13,+P0",f4v,121,4,chokody,R00,H,A,1,paragraph_continuation,low_reliability_or_unassigned,,,,
3243,"f4v.13,+P0",f4v,121,5,shodaiin,R05,H,A,1,paragraph_continuation,low_reliability_or_unassigned,,,,
3244,"f4v.13,+P0",f4v,121,6,qoty,H01,H,A,1,paragraph_continuation,low_reliability_or_unassigned,,,,
3245,"f4v.14,+P0",f4v,122,1,ochody,R00,H,A,1,paragraph_continuation,low_reliability_or_unassigned,,,,
3246,"f4v.14,+P0",f4v,122,2,chykey,R00,H,A,1,paragraph_continuation,low_reliability_or_unassigned,,,,
3247,"f4v.14,+P0",f4v,122,3,chtody,R00,H,A,1,paragraph_continuation,low_reliability_or_unassigned,,,,
3248,"f4v.2,+P0",f4v,110,1,ol,R06,H,A,1,paragraph_continuation,reliable_environment_sensitive,surface_token,ol,global=global,R06
3249,"f4v.2,+P0",f4v,110,2,chey,R06,H,A,1,paragraph_continuation,reliable_global,stolfi_inspired_signature,NG|S_EY|T_y,global=global,R06
3250,"f4v.2,+P0",f4v,110,3,chy,R00,H,A,1,paragraph_continuation,reliable_global,stolfi_inspired_signature,NG|S_BY|T_y,global=global,R00
3251,"f4v.2,+P0",f4v,110,4,cthy,R04,H,A,1,paragraph_continuation,low_reliability_or_unassigned,,,,
3252,"f4v.2,+P0",f4v,110,5,shkchor,R00,H,A,1,paragraph_continuation,low_reliability_or_unassigned,,,,
3253,"f4v.2,+P0",f4v,110,6,sheo,R06,H,A,1,paragraph_continuation,low_reliability_or_unassigned,,,,
3254,"f4v.2,+P0",f4v,110,7,cheory,R00,H,A,1,paragraph_continuation,low_reliability_or_unassigned,,,,
3255,"f4v.2,+P0",f4v,110,8,choldy,R07,H,A,1,paragraph_continuation,low_reliability_or_unassigned,,,,
3256,"f4v.6,+P0",f4v,114,1,ytchoy,R06,H,A,1,paragraph_continuation,low_reliability_or_unassigned,,,,
3257,"f4v.6,+P0",f4v,114,2,shokchy,R00,H,A,1,paragraph_continuation,low_reliability_or_unassigned,,,,
3258,"f4v.6,+P0",f4v,114,3,cphody,R05,H,A,1,paragraph_continuation,low_reliability_or_unassigned,,,,
3259,"f4v.7,+P0",f4v,115,1,torchy,R06,H,A,1,paragraph_continuation,low_reliability_or_unassigned,,,,
3260,"f4v.7,+P0",f4v,115,2,sheeor,R06,H,A,1,paragraph_continuation,low_reliability_or_unassigned,,,,
3261,"f4v.7,+P0",f4v,115,3,chor,R11,H,A,1,paragraph_continuation,low_reliability_or_unassigned,,,,
3262,"f4v.7,+P0",f4v,115,4,chokch,R00,H,A,1,paragraph_continuation,low_reliability_or_unassigned,,,,
3263,"f4v.7,+P0",f4v,115,5,cphydy,R00,H,A,1,paragraph_continuation,low_reliability_or_unassigned,,,,
3264,"f4v.8,+P0",f4v,116,1,oleeeb,R00,H,A,1,paragraph_continuation,low_reliability_or_unassigned,,,,
3265,"f4v.8,+P0",f4v,116,2,chor,R11,H,A,1,paragraph_continuation,low_reliability_or_unassigned,,,,
3266,"f4v.8,+P0",f4v,116,3,cthol,R07,H,A,1,paragraph_continuation,low_reliability_or_unassigned,,,,
3267,"f4v.8,+P0",f4v,116,4,sho,R06,H,A,1,paragraph_continuation,reliable_environment_sensitive,surface_token,sho,global=global,R06
3268,"f4v.8,+P0",f4v,116,5,otor,R00,H,A,1,paragraph_continuation,low_reliability_or_unassigned,,,,
3269,"f4v.8,+P0",f4v,116,6,cthory,R04,H,A,1,paragraph_continuation,low_reliability_or_unassigned,,,,
3270,"f50r.5,+P0",f50r,1260,1,solkchy,R00,H,B,2,paragraph_continuation,low_reliability_or_unassigned,,,,
3271,"f50r.5,+P0",f50r,1260,2,chckhy,R00,H,B,2,paragraph_continuation,reliable_environment_sensitive,surface_token,chckhy,global=global,R00
3272,"f50r.5,+P0",f50r,1260,3,qokchdy,H09,H,B,2,paragraph_continuation,low_reliability_or_unassigned,,,,
3273,"f50r.5,+P0",f50r,1260,4,qokchdy,H09,H,B,2,paragraph_continuation,low_reliability_or_unassigned,,,,
3274,"f50r.5,+P0",f50r,1260,5,okar,R03,H,B,2,paragraph_continuation,low_reliability_or_unassigned,,,,
3275,"f50r.5,+P0",f50r,1260,6,ar,R06,H,B,2,paragraph_continuation,reliable_global,surface_token,ar,global=global,R06
3276,"f50r.5,+P0",f50r,1260,7,y,R06,H,B,2,paragraph_continuation,reliable_global,surface_token,y,global=global,R06
3277,"f50r.5,+P0",f50r,1260,8,qokchdy,H09,H,B,2,paragraph_continuation,low_reliability_or_unassigned,,,,
3278,"f50r.5,+P0",f50r,1260,9,kar,R06,H,B,2,paragraph_continuation,low_reliability_or_unassigned,,,,
3279,"f50r.5,+P0",f50r,1260,10,ar,R06,H,B,2,paragraph_continuation,reliable_global,surface_token,ar,global=global,R06
3280,"f50r.5,+P0",f50r,1260,11,okain,R10,H,B,2,paragraph_continuation,reliable_global,surface_token,okain,global=global,R10
3281,"f50v.2,+P0",f50v,1267,1,tchodain,R00,H,B,2,paragraph_continuation,low_reliability_or_unassigned,,,,
3282,"f50v.2,+P0",f50v,1267,2,oeeey,R00,H,B,2,paragraph_continuation,low_reliability_or_unassigned,,,,
3283,"f50v.2,+P0",f50v,1267,3,okaiin,R10,H,B,2,paragraph_continuation,reliable_global,surface_token,okaiin,global=global,R10
3284,"f50v.2,+P0",f50v,1267,4,shedy,R06,H,B,2,paragraph_continuation,reliable_conditioned,surface_token,shedy,meta_L=B,R06
3285,"f50v.2,+P0",f50v,1267,5,qokaly,H08,H,B,2,paragraph_continuation,low_reliability_or_unassigned,,,,
3286,"f50v.2,+P0",f50v,1267,6,chdy,R02,H,B,2,paragraph_continuation,reliable_conditioned,surface_token,chdy,meta_L=B,R02
3287,"f50v.2,+P0",f50v,1267,7,oky,R00,H,B,2,paragraph_continuation,reliable_environment_sensitive,surface_token,oky,global=global,R00
3288,"f50v.2,+P0",f50v,1267,8,keody,R06,H,B,2,paragraph_continuation,low_reliability_or_unassigned,,,,
3289,"f50v.2,+P0",f50v,1267,9,cheey,R06,H,B,2,paragraph_continuation,reliable_global,stolfi_inspired_signature,NG|S_EY|T_ey,global=global,R06
3290,"f50v.2,+P0",f50v,1267,10,okain,R10,H,B,2,paragraph_continuation,reliable_global,surface_token,okain,global=global,R10
3291,"f50v.8,+P0",f50v,1273,1,ykar,R06,H,B,2,paragraph_continuation,low_reliability_or_unassigned,,,,
3292,"f50v.8,+P0",f50v,1273,2,okair,R00,H,B,2,paragraph_continuation,low_reliability_or_unassigned,,,,
3293,"f50v.8,+P0",f50v,1273,3,otor,R00,H,B,2,paragraph_continuation,low_reliability_or_unassigned,,,,
3294,"f50v.8,+P0",f50v,1273,4,qokedy,H12,H,B,2,paragraph_continuation,reliable_conditioned,surface_token,qokedy,meta_L=B,H12
3295,"f50v.8,+P0",f50v,1273,5,ykchol,R07,H,B,2,paragraph_continuation,low_reliability_or_unassigned,,,,
3296,"f50v.8,+P0",f50v,1273,6,kar,R06,H,B,2,paragraph_continuation,low_reliability_or_unassigned,,,,
3297,"f50v.8,+P0",f50v,1273,7,chckhy,R00,H,B,2,paragraph_continuation,reliable_environment_sensitive,surface_token,chckhy,global=global,R00
3298,"f50v.8,+P0",f50v,1273,8,olkaiin,R00,H,B,2,paragraph_continuation,low_reliability_or_unassigned,,,,
3299,"f50v.8,+P0",f50v,1273,9,okain,R10,H,B,2,paragraph_continuation,reliable_global,surface_token,okain,global=global,R10
3300,"f50v.8,+P0",f50v,1273,10,qod,R00,H,B,2,paragraph_continuation,low_reliability_or_unassigned,,,,
3301,"f51r.10,+P0",f51r,1286,1,ykchol,R07,H,A,1,paragraph_continuation,low_reliability_or_unassigned,,,,
3302,"f51r.10,+P0",f51r,1286,2,dr,R06,H,A,1,paragraph_continuation,low_reliability_or_unassigned,,,,
3303,"f51r.10,+P0",f51r,1286,3,shey,R06,H,A,1,paragraph_continuation,reliable_global,stolfi_inspired_signature,NG|S_EY|T_y,global=global,R06
3304,"f51r.10,+P0",f51r,1286,4,qokeol,H08,H,A,1,paragraph_continuation,low_reliability_or_unassigned,,,,
3305,"f51r.10,+P0",f51r,1286,5,kchey,R06,H,A,1,paragraph_continuation,low_reliability_or_unassigned,,,,
3306,"f51r.10,+P0",f51r,1286,6,shol,R08,H,A,1,paragraph_continuation,low_reliability_or_unassigned,,,,
3307,"f51r.10,+P0",f51r,1286,7,okam,R00,H,A,1,paragraph_continuation,low_reliability_or_unassigned,,,,
3308,"f51r.12,+P0",f51r,1288,1,yoees,R06,H,A,1,paragraph_continuation,low_reliability_or_unassigned,,,,
3309,"f51r.12,+P0",f51r,1288,2,ckheey,R00,H,A,1,paragraph_continuation,low_reliability_or_unassigned,,,,
3310,"f51r.12,+P0",f51r,1288,3,kol,R06,H,A,1,paragraph_continuation,low_reliability_or_unassigned,,,,
3311,"f51r.12,+P0",f51r,1288,4,cheeal,R00,H,A,1,paragraph_continuation,low_reliability_or_unassigned,,,,
3312,"f51r.12,+P0",f51r,1288,5,okeor,R00,H,A,1,paragraph_continuation,low_reliability_or_unassigned,,,,
3313,"f51r.12,+P0",f51r,1288,6,qockhey,H07,H,A,1,paragraph_continuation,low_reliability_or_unassigned,,,,
3314,"f51r.12,+P0",f51r,1288,7,pchodal,R09,H,A,1,paragraph_continuation,low_reliability_or_unassigned,,,,
3315,"f51r.2,+P0",f51r,1278,1,dcheodaiin,R00,H,A,1,paragraph_continuation,low_reliability_or_unassigned,,,,
3316,"f51r.2,+P0",f51r,1278,2,ckheody,R00,H,A,1,paragraph_continuation,low_reliability_or_unassigned,,,,
3317,"f51r.2,+P0",f51r,1278,3,ckhody,R00,H,A,1,paragraph_continuation,low_reliability_or_unassigned,,,,
3318,"f51r.2,+P0",f51r,1278,4,chody,R00,H,A,1,paragraph_continuation,reliable_global,broad_shape,O|dy,global=global,R00
3319,"f51r.5,+P0",f51r,1281,1,tcheody,R00,H,A,1,paragraph_continuation,low_reliability_or_unassigned,,,,
3320,"f51r.5,+P0",f51r,1281,2,qodaiin,H07,H,A,1,paragraph_continuation,low_reliability_or_unassigned,,,,
3321,"f51r.5,+P0",f51r,1281,3,okeey,R06,H,A,1,paragraph_continuation,low_reliability_or_unassigned,,,,
3322,"f51r.5,+P0",f51r,1281,4,qockhey,H07,H,A,1,paragraph_continuation,low_reliability_or_unassigned,,,,
3323,"f51r.5,+P0",f51r,1281,5,taiin,R06,H,A,1,paragraph_continuation,low_reliability_or_unassigned,,,,
3324,"f51r.7,+P0",f51r,1283,1,ychosar,R00,H,A,1,paragraph_continuation,low_reliability_or_unassigned,,,,
3325,"f51r.7,+P0",f51r,1283,2,eeckhy,R00,H,A,1,paragraph_continuation,good_but_not_reliable_enough,broad_shape,EXGX|y,global=global,R00
3326,"f51r.7,+P0",f51r,1283,3,kcho,R06,H,A,1,paragraph_continuation,low_reliability_or_unassigned,,,,
3327,"f51r.7,+P0",f51r,1283,4,qokchy,H08,H,A,1,paragraph_continuation,low_reliability_or_unassigned,,,,
3328,"f51r.7,+P0",f51r,1283,5,qotal,H13,H,A,1,paragraph_continuation,low_reliability_or_unassigned,,,,
3329,"f51r.8,+P0",f51r,1284,1,oshol,R00,H,A,1,paragraph_continuation,low_reliability_or_unassigned,,,,
3330,"f51r.8,+P0",f51r,1284,2,odaiin,R10,H,A,1,paragraph_continuation,low_reliability_or_unassigned,,,,
3331,"f51r.8,+P0",f51r,1284,3,y,R06,H,A,1,paragraph_continuation,reliable_global,surface_token,y,global=global,R06
3332,"f51r.8,+P0",f51r,1284,4,ckheody,R00,H,A,1,paragraph_continuation,low_reliability_or_unassigned,,,,
3333,"f51r.8,+P0",f51r,1284,5,qokey,H08,H,A,1,paragraph_continuation,low_reliability_or_unassigned,,,,
3334,"f51r.8,+P0",f51r,1284,6,otydy,R00,H,A,1,paragraph_continuation,low_reliability_or_unassigned,,,,
3335,"f51r.9,+P0",f51r,1285,1,tol,R06,H,A,1,paragraph_continuation,low_reliability_or_unassigned,,,,
3336,"f51r.9,+P0",f51r,1285,2,daiin,R10,H,A,1,paragraph_continuation,reliable_conditioned,surface_token,daiin,meta_L=A,R10
3337,"f51r.9,+P0",f51r,1285,3,daim,R06,H,A,1,paragraph_continuation,low_reliability_or_unassigned,,,,
3338,"f51r.9,+P0",f51r,1285,4,qchodal,R09,H,A,1,paragraph_continuation,low_reliability_or_unassigned,,,,
3339,"f51r.9,+P0",f51r,1285,5,dal,R09,H,A,1,paragraph_continuation,reliable_global,surface_token,dal,global=global,R09
3340,"f51r.9,+P0",f51r,1285,6,qody,H20,H,A,1,paragraph_continuation,low_reliability_or_unassigned,,,,
3341,"f51r.9,+P0",f51r,1285,7,qoetam,H07,H,A,1,paragraph_continuation,low_reliability_or_unassigned,,,,
3342,"f51v.12,+P0",f51v,1303,1,ochockhy,R00,H,A,1,paragraph_continuation,low_reliability_or_unassigned,,,,
3343,"f51v.12,+P0",f51v,1303,2,daiin,R10,H,A,1,paragraph_continuation,reliable_conditioned,surface_token,daiin,meta_L=A,R10
3344,"f51v.12,+P0",f51v,1303,3,chockhey,R00,H,A,1,paragraph_continuation,low_reliability_or_unassigned,,,,
3345,"f51v.13,+P0",f51v,1304,1,daiin,R10,H,A,1,paragraph_continuation,reliable_conditioned,surface_token,daiin,meta_L=A,R10
3346,"f51v.13,+P0",f51v,1304,2,cheol,R00,H,A,1,paragraph_continuation,low_reliability_or_unassigned,,,,
3347,"f51v.13,+P0",f51v,1304,3,cheodain,R00,H,A,1,paragraph_continuation,low_reliability_or_unassigned,,,,
3348,"f52v.10,+P0",f52v,1322,1,yokee,R06,H,A,1,paragraph_continuation,low_reliability_or_unassigned,,,,
3349,"f52v.10,+P0",f52v,1322,2,qokody,R00,H,A,1,paragraph_continuation,reliable_global,broad_shape,O|dy,global=global,R00
3350,"f52v.10,+P0",f52v,1322,3,chol,R07,H,A,1,paragraph_continuation,low_reliability_or_unassigned,,,,
3351,"f52v.10,+P0",f52v,1322,4,sols,R06,H,A,1,paragraph_continuation,low_reliability_or_unassigned,,,,
3352,"f52v.10,+P0",f52v,1322,5,aiin,R06,H,A,1,paragraph_continuation,reliable_environment_sensitive,surface_token,aiin,global=global,R06
3353,"f52v.14,+P0",f52v,1326,1,odar,R00,H,A,1,paragraph_continuation,low_reliability_or_unassigned,,,,
3354,"f52v.14,+P0",f52v,1326,2,cheokor,R00,H,A,1,paragraph_continuation,low_reliability_or_unassigned,,,,
3355,"f52v.14,+P0",f52v,1326,3,ckheey,R00,H,A,1,paragraph_continuation,low_reliability_or_unassigned,,,,
3356,"f52v.6,+P0",f52v,1318,1,qotodaiin,H13,H,A,1,paragraph_continuation,low_reliability_or_unassigned,,,,
3357,"f52v.6,+P0",f52v,1318,2,cthor,R04,H,A,1,paragraph_continuation,low_reliability_or_unassigned,,,,
3358,"f52v.6,+P0",f52v,1318,3,oty,R01,H,A,1,paragraph_continuation,low_reliability_or_unassigned,,,,
3359,"f52v.6,+P0",f52v,1318,4,kcholy,R06,H,A,1,paragraph_continuation,low_reliability_or_unassigned,,,,
3360,"f53r.3,+P0",f53r,1329,1,sho,R06,H,A,1,paragraph_continuation,reliable_environment_sensitive,surface_token,sho,global=global,R06
3361,"f53r.3,+P0",f53r,1329,2,chokan,R00,H,A,1,paragraph_continuation,low_reliability_or_unassigned,,,,
3362,"f53r.3,+P0",f53r,1329,3,ody,R00,H,A,1,paragraph_continuation,low_reliability_or_unassigned,,,,
3363,"f53r.7,+P0",f53r,1333,1,sodar,R06,H,A,1,paragraph_continuation,low_reliability_or_unassigned,,,,
3364,"f53r.7,+P0",f53r,1333,2,otos,R00,H,A,1,paragraph_continuation,good_but_not_reliable_enough,broad_shape,OX|NONE,global=global,R00
3365,"f53r.7,+P0",f53r,1333,3,qoy,R00,H,A,1,paragraph_continuation,low_reliability_or_unassigned,,,,
3366,"f53r.7,+P0",f53r,1333,4,tchy,R06,H,A,1,paragraph_continuation,low_reliability_or_unassigned,,,,
3367,"f53r.7,+P0",f53r,1333,5,otey,R01,H,A,1,paragraph_continuation,low_reliability_or_unassigned,,,,
3368,"f53r.7,+P0",f53r,1333,6,chos,R00,H,A,1,paragraph_continuation,good_but_not_reliable_enough,broad_shape,OX|NONE,global=global,R00
3369,"f53r.7,+P0",f53r,1333,7,okod,R00,H,A,1,paragraph_continuation,low_reliability_or_unassigned,,,,
3370,"f53r.7,+P0",f53r,1333,8,ykchody,R00,H,A,1,paragraph_continuation,low_reliability_or_unassigned,,,,
3371,"f53r.7,+P0",f53r,1333,9,qoky,H01,H,A,1,paragraph_continuation,low_reliability_or_unassigned,,,,
3372,"f53v.12,+P0",f53v,1347,1,ycheey,R06,H,A,1,paragraph_continuation,low_reliability_or_unassigned,,,,
3373,"f53v.12,+P0",f53v,1347,2,kchy,R06,H,A,1,paragraph_continuation,low_reliability_or_unassigned,,,,
3374,"f53v.12,+P0",f53v,1347,3,oky,R00,H,A,1,paragraph_continuation,reliable_environment_sensitive,surface_token,oky,global=global,R00
3375,"f53v.12,+P0",f53v,1347,4,kody,R06,H,A,1,paragraph_continuation,low_reliability_or_unassigned,,,,
3376,"f53v.12,+P0",f53v,1347,5,ydam,R06,H,A,1,paragraph_continuation,low_reliability_or_unassigned,,,,
3377,"f54r.11,+P0",f54r,1359,1,daiin,R10,H,A,1,paragraph_continuation,reliable_conditioned,surface_token,daiin,meta_L=A,R10
3378,"f54r.11,+P0",f54r,1359,2,okor,R00,H,A,1,paragraph_continuation,low_reliability_or_unassigned,,,,
3379,"f54r.11,+P0",f54r,1359,3,or,R06,H,A,1,paragraph_continuation,reliable_global,surface_token,or,global=global,R06
3380,"f54r.11,+P0",f54r,1359,4,ol,R06,H,A,1,paragraph_continuation,reliable_environment_sensitive,surface_token,ol,global=global,R06
3381,"f54r.11,+P0",f54r,1359,5,ckhol,R00,H,A,1,paragraph_continuation,low_reliability_or_unassigned,,,,
3382,"f54r.11,+P0",f54r,1359,6,chor,R11,H,A,1,paragraph_continuation,low_reliability_or_unassigned,,,,
3383,"f54r.11,+P0",f54r,1359,7,cho,R00,H,A,1,paragraph_continuation,low_reliability_or_unassigned,,,,
3384,"f54r.11,+P0",f54r,1359,8,dam,R06,H,A,1,paragraph_continuation,good_but_not_reliable_enough,surface_token,dam,global=global,R06
3385,"f54r.11,+P0",f54r,1359,9,or,R06,H,A,1,paragraph_continuation,reliable_global,surface_token,or,global=global,R06
3386,"f54r.11,+P0",f54r,1359,10,sho,R06,H,A,1,paragraph_continuation,reliable_environment_sensitive,surface_token,sho,global=global,R06
3387,"f54r.11,+P0",f54r,1359,11,chol,R07,H,A,1,paragraph_continuation,low_reliability_or_unassigned,,,,
3388,"f54r.11,+P0",f54r,1359,12,dom,R06,H,A,1,paragraph_continuation,low_reliability_or_unassigned,,,,
3389,"f54r.9,+P0",f54r,1357,1,oaiin,R00,H,A,1,paragraph_continuation,low_reliability_or_unassigned,,,,
3390,"f54r.9,+P0",f54r,1357,2,or,R06,H,A,1,paragraph_continuation,reliable_global,surface_token,or,global=global,R06
3391,"f54r.9,+P0",f54r,1357,3,ol,R06,H,A,1,paragraph_continuation,reliable_environment_sensitive,surface_token,ol,global=global,R06
3392,"f54r.9,+P0",f54r,1357,4,sal,R06,H,A,1,paragraph_continuation,low_reliability_or_unassigned,,,,
3393,"f54r.9,+P0",f54r,1357,5,qokor,H08,H,A,1,paragraph_continuation,low_reliability_or_unassigned,,,,
3394,"f54r.9,+P0",f54r,1357,6,chor,R11,H,A,1,paragraph_continuation,low_reliability_or_unassigned,,,,
3395,"f54r.9,+P0",f54r,1357,7,ckhol,R00,H,A,1,paragraph_continuation,low_reliability_or_unassigned,,,,
3396,"f54r.9,+P0",f54r,1357,8,s,R06,H,A,1,paragraph_continuation,reliable_global,broad_shape,X|NONE,global=global,R06
3397,"f54r.9,+P0",f54r,1357,9,ssho,R06,H,A,1,paragraph_continuation,low_reliability_or_unassigned,,,,
3398,"f54r.9,+P0",f54r,1357,10,chol,R07,H,A,1,paragraph_continuation,low_reliability_or_unassigned,,,,
3399,"f54r.9,+P0",f54r,1357,11,daiin,R10,H,A,1,paragraph_continuation,reliable_conditioned,surface_token,daiin,meta_L=A,R10
3400,"f54v.8,+P0",f54v,1368,1,daiinodaim,R10,H,A,1,paragraph_continuation,low_reliability_or_unassigned,,,,
3401,"f54v.8,+P0",f54v,1368,2,qokaiin,H08,H,A,1,paragraph_continuation,low_reliability_or_unassigned,,,,
3402,"f54v.8,+P0",f54v,1368,3,yteal,R06,H,A,1,paragraph_continuation,low_reliability_or_unassigned,,,,
3403,"f54v.8,+P0",f54v,1368,4,okal,R07,H,A,1,paragraph_continuation,reliable_global,surface_token,okal,global=global,R07
3404,"f54v.8,+P0",f54v,1368,5,om,R06,H,A,1,paragraph_continuation,low_reliability_or_unassigned,,,,
3405,"f55r.2,+P0",f55r,1378,1,okair,R00,H,B,2,paragraph_continuation,low_reliability_or_unassigned,,,,
3406,"f55r.2,+P0",f55r,1378,2,or,R06,H,B,2,paragraph_continuation,reliable_global,surface_token,or,global=global,R06
3407,"f55r.2,+P0",f55r,1378,3,aiin,R06,H,B,2,paragraph_continuation,reliable_environment_sensitive,surface_token,aiin,global=global,R06
3408,"f55r.2,+P0",f55r,1378,4,chody,R00,H,B,2,paragraph_continuation,reliable_global,broad_shape,O|dy,global=global,R00
3409,"f55r.2,+P0",f55r,1378,5,ykair,R06,H,B,2,paragraph_continuation,low_reliability_or_unassigned,,,,
3410,"f55r.2,+P0",f55r,1378,6,y,R06,H,B,2,paragraph_continuation,reliable_global,surface_token,y,global=global,R06
3411,"f55r.2,+P0",f55r,1378,7,qokar,R03,H,B,2,paragraph_continuation,reliable_conditioned,surface_token,qokar,meta_L=B,R03
3412,"f55r.2,+P0",f55r,1378,8,okar,R03,H,B,2,paragraph_continuation,low_reliability_or_unassigned,,,,
3413,"f55r.2,+P0",f55r,1378,9,ol,R06,H,B,2,paragraph_continuation,reliable_environment_sensitive,surface_token,ol,global=global,R06
3414,"f55r.2,+P0",f55r,1378,10,ykar,R06,H,B,2,paragraph_continuation,low_reliability_or_unassigned,,,,
3415,"f55r.2,+P0",f55r,1378,11,ar,R06,H,B,2,paragraph_continuation,reliable_global,surface_token,ar,global=global,R06
3416,"f55r.2,+P0",f55r,1378,12,al,R06,H,B,2,paragraph_continuation,reliable_environment_sensitive,surface_token,al,global=global,R06
3417,"f55r.3,+P0",f55r,1379,1,ykaiir,R06,H,B,2,paragraph_continuation,low_reliability_or_unassigned,,,,
3418,"f55r.3,+P0",f55r,1379,2,chol,R07,H,B,2,paragraph_continuation,low_reliability_or_unassigned,,,,
3419,"f55r.3,+P0",f55r,1379,3,chky,R00,H,B,2,paragraph_continuation,low_reliability_or_unassigned,,,,
3420,"f55r.3,+P0",f55r,1379,4,okar,R03,H,B,2,paragraph_continuation,low_reliability_or_unassigned,,,,
3421,"f55r.3,+P0",f55r,1379,5,chky,R00,H,B,2,paragraph_continuation,low_reliability_or_unassigned,,,,
3422,"f55r.3,+P0",f55r,1379,6,chdy,R02,H,B,2,paragraph_continuation,reliable_conditioned,surface_token,chdy,meta_L=B,R02
3423,"f55r.3,+P0",f55r,1379,7,qokar,R03,H,B,2,paragraph_continuation,reliable_conditioned,surface_token,qokar,meta_L=B,R03
3424,"f55r.3,+P0",f55r,1379,8,okaiin,R10,H,B,2,paragraph_continuation,reliable_global,surface_token,okaiin,global=global,R10
3425,"f55r.3,+P0",f55r,1379,9,chckhy,R00,H,B,2,paragraph_continuation,reliable_environment_sensitive,surface_token,chckhy,global=global,R00
3426,"f55r.3,+P0",f55r,1379,10,s,R06,H,B,2,paragraph_continuation,reliable_global,broad_shape,X|NONE,global=global,R06
3427,"f55r.3,+P0",f55r,1379,11,aiin,R06,H,B,2,paragraph_continuation,reliable_environment_sensitive,surface_token,aiin,global=global,R06
3428,"f55r.9,+P0",f55r,1385,1,dain,R06,H,B,2,paragraph_continuation,reliable_global,stolfi_inspired_signature,NG|S_OEL|T_in,global=global,R06
3429,"f55r.9,+P0",f55r,1385,2,cheky,R06,H,B,2,paragraph_continuation,low_reliability_or_unassigned,,,,
3430,"f55r.9,+P0",f55r,1385,3,dar,R06,H,B,2,paragraph_continuation,reliable_global,surface_token,dar,global=global,R06
3431,"f55r.9,+P0",f55r,1385,4,chckhy,R00,H,B,2,paragraph_continuation,reliable_environment_sensitive,surface_token,chckhy,global=global,R00
3432,"f55r.9,+P0",f55r,1385,5,dal,R09,H,B,2,paragraph_continuation,reliable_global,surface_token,dal,global=global,R09
3433,"f55r.9,+P0",f55r,1385,6,qoko,R00,H,B,2,paragraph_continuation,low_reliability_or_unassigned,,,,
3434,"f55r.9,+P0",f55r,1385,7,lkeedy,R00,H,B,2,paragraph_continuation,low_reliability_or_unassigned,,,,
3435,"f55r.9,+P0",f55r,1385,8,dar,R06,H,B,2,paragraph_continuation,reliable_global,surface_token,dar,global=global,R06
3436,"f55r.9,+P0",f55r,1385,9,kaiin,R06,H,B,2,paragraph_continuation,low_reliability_or_unassigned,,,,
3437,"f55r.9,+P0",f55r,1385,10,dy,R02,H,B,2,paragraph_continuation,low_reliability_or_unassigned,,,,
3438,"f55r.9,+P0",f55r,1385,11,ka,R06,H,B,2,paragraph_continuation,low_reliability_or_unassigned,,,,
3439,"f56r.19,+P0",f56r,1420,1,otchey,R00,H,A,1,paragraph_continuation,low_reliability_or_unassigned,,,,
3440,"f56r.19,+P0",f56r,1420,2,keol,R06,H,A,1,paragraph_continuation,low_reliability_or_unassigned,,,,
3441,"f56r.19,+P0",f56r,1420,3,daiin,R10,H,A,1,paragraph_continuation,reliable_conditioned,surface_token,daiin,meta_L=A,R10
3442,"f56r.5,+P0",f56r,1406,1,chochor,R00,H,A,1,paragraph_continuation,low_reliability_or_unassigned,,,,
3443,"f56r.5,+P0",f56r,1406,2,cho,R00,H,A,1,paragraph_continuation,low_reliability_or_unassigned,,,,
3444,"f56r.5,+P0",f56r,1406,3,chodaly,R00,H,A,1,paragraph_continuation,low_reliability_or_unassigned,,,,
3445,"f56r.5,+P0",f56r,1406,4,daiin,R10,H,A,1,paragraph_continuation,reliable_conditioned,surface_token,daiin,meta_L=A,R10
3446,"f56r.7,+P0",f56r,1408,1,sho,R06,H,A,1,paragraph_continuation,reliable_environment_sensitive,surface_token,sho,global=global,R06
3447,"f56r.7,+P0",f56r,1408,2,kchol,R06,H,A,1,paragraph_continuation,low_reliability_or_unassigned,,,,
3448,"f56r.7,+P0",f56r,1408,3,otchor,R00,H,A,1,paragraph_continuation,low_reliability_or_unassigned,,,,
3449,"f56r.7,+P0",f56r,1408,4,choky,R00,H,A,1,paragraph_continuation,reliable_global,broad_shape,OG|y,global=global,R00
3450,"f56r.7,+P0",f56r,1408,5,dal,R09,H,A,1,paragraph_continuation,reliable_global,surface_token,dal,global=global,R09
3451,"f56v.16,+P0",f56v,1436,1,sokchol,R00,H,A,1,paragraph_continuation,low_reliability_or_unassigned,,,,
3452,"f56v.16,+P0",f56v,1436,2,chol,R07,H,A,1,paragraph_continuation,low_reliability_or_unassigned,,,,
3453,"f56v.16,+P0",f56v,1436,3,chol,R07,H,A,1,paragraph_continuation,low_reliability_or_unassigned,,,,
3454,"f56v.16,+P0",f56v,1436,4,daiin,R10,H,A,1,paragraph_continuation,reliable_conditioned,surface_token,daiin,meta_L=A,R10
3455,"f56v.6,+P0",f56v,1426,1,chokchol,R07,H,A,1,paragraph_continuation,low_reliability_or_unassigned,,,,
3456,"f56v.6,+P0",f56v,1426,2,chor,R11,H,A,1,paragraph_continuation,low_reliability_or_unassigned,,,,
3457,"f56v.6,+P0",f56v,1426,3,ckhos,R00,H,A,1,paragraph_continuation,low_reliability_or_unassigned,,,,
3458,"f57v.1,@L0",f57v,1448,1,dairal,R06,C,,1,label_or_marginal,low_reliability_or_unassigned,,,,
3459,"f57v.12,@Ro",f57v,1459,1,okeely,R00,C,,1,radial/ring_text,low_reliability_or_unassigned,,,,
3460,"f57v.7,@L0",f57v,1454,1,oparairdly,R00,C,,1,label_or_marginal,low_reliability_or_unassigned,,,,
3461,"f57v.9,@L0",f57v,1456,1,otardaly,R09,C,,1,label_or_marginal,low_reliability_or_unassigned,,,,
3462,"f58v.10,+P0",f58v,1511,1,ykair,R06,S,A,3,paragraph_continuation,low_reliability_or_unassigned,,,,
3463,"f58v.10,+P0",f58v,1511,2,shey,R06,S,A,3,paragraph_continuation,reliable_global,stolfi_inspired_signature,NG|S_EY|T_y,global=global,R06
3464,"f58v.10,+P0",f58v,1511,3,key,R06,S,A,3,paragraph_continuation,low_reliability_or_unassigned,,,,
3465,"f58v.10,+P0",f58v,1511,4,ctholy,R04,S,A,3,paragraph_continuation,low_reliability_or_unassigned,,,,
3466,"f58v.10,+P0",f58v,1511,5,qotalom,H13,S,A,3,paragraph_continuation,low_reliability_or_unassigned,,,,
3467,"f58v.10,+P0",f58v,1511,6,qokals,H08,S,A,3,paragraph_continuation,low_reliability_or_unassigned,,,,
3468,"f58v.10,+P0",f58v,1511,7,qokaiin,H08,S,A,3,paragraph_continuation,low_reliability_or_unassigned,,,,
3469,"f58v.10,+P0",f58v,1511,8,okal,R07,S,A,3,paragraph_continuation,reliable_global,surface_token,okal,global=global,R07
3470,"f58v.10,+P0",f58v,1511,9,okaldy,R00,S,A,3,paragraph_continuation,low_reliability_or_unassigned,,,,
3471,"f58v.10,+P0",f58v,1511,10,ory,R00,S,A,3,paragraph_continuation,low_reliability_or_unassigned,,,,
3472,"f58v.12,+P0",f58v,1513,1,oreeey,R00,S,A,3,paragraph_continuation,low_reliability_or_unassigned,,,,
3473,"f58v.12,+P0",f58v,1513,2,cheekey,R00,S,A,3,paragraph_continuation,low_reliability_or_unassigned,,,,
3474,"f58v.12,+P0",f58v,1513,3,cheal,R00,S,A,3,paragraph_continuation,low_reliability_or_unassigned,,,,
3475,"f58v.12,+P0",f58v,1513,4,qokey,H08,S,A,3,paragraph_continuation,low_reliability_or_unassigned,,,,
3476,"f58v.12,+P0",f58v,1513,5,chedal,R00,S,A,3,paragraph_continuation,low_reliability_or_unassigned,,,,
3477,"f58v.12,+P0",f58v,1513,6,dy,R02,S,A,3,paragraph_continuation,low_reliability_or_unassigned,,,,
3478,"f58v.12,+P0",f58v,1513,7,tolair,R06,S,A,3,paragraph_continuation,low_reliability_or_unassigned,,,,
3479,"f58v.12,+P0",f58v,1513,8,opchey,R00,S,A,3,paragraph_continuation,low_reliability_or_unassigned,,,,
3480,"f58v.12,+P0",f58v,1513,9,poaly,R06,S,A,3,paragraph_continuation,low_reliability_or_unassigned,,,,
3481,"f58v.12,+P0",f58v,1513,10,cfhy,R00,S,A,3,paragraph_continuation,low_reliability_or_unassigned,,,,
3482,"f58v.14,+P0",f58v,1515,1,shar,R06,S,A,3,paragraph_continuation,low_reliability_or_unassigned,,,,
3483,"f58v.14,+P0",f58v,1515,2,air,R00,S,A,3,paragraph_continuation,low_reliability_or_unassigned,,,,
3484,"f58v.14,+P0",f58v,1515,3,alo,R00,S,A,3,paragraph_continuation,low_reliability_or_unassigned,,,,
3485,"f58v.14,+P0",f58v,1515,4,chol,R07,S,A,3,paragraph_continuation,low_reliability_or_unassigned,,,,
3486,"f58v.14,+P0",f58v,1515,5,oeear,R00,S,A,3,paragraph_continuation,low_reliability_or_unassigned,,,,
3487,"f58v.14,+P0",f58v,1515,6,sho,R06,S,A,3,paragraph_continuation,reliable_environment_sensitive,surface_token,sho,global=global,R06
3488,"f58v.14,+P0",f58v,1515,7,qotal,H13,S,A,3,paragraph_continuation,low_reliability_or_unassigned,,,,
3489,"f58v.14,+P0",f58v,1515,8,chol,R07,S,A,3,paragraph_continuation,low_reliability_or_unassigned,,,,
3490,"f58v.14,+P0",f58v,1515,9,talar,R06,S,A,3,paragraph_continuation,low_reliability_or_unassigned,,,,
3491,"f58v.14,+P0",f58v,1515,10,tar,R06,S,A,3,paragraph_continuation,low_reliability_or_unassigned,,,,
3492,"f58v.14,+P0",f58v,1515,11,aropam,R00,S,A,3,paragraph_continuation,low_reliability_or_unassigned,,,,
3493,"f58v.15,+P0",f58v,1516,1,qotoiin,H13,S,A,3,paragraph_continuation,low_reliability_or_unassigned,,,,
3494,"f58v.15,+P0",f58v,1516,2,okal,R07,S,A,3,paragraph_continuation,reliable_global,surface_token,okal,global=global,R07
3495,"f58v.15,+P0",f58v,1516,3,aral,R00,S,A,3,paragraph_continuation,low_reliability_or_unassigned,,,,
3496,"f58v.15,+P0",f58v,1516,4,s,R06,S,A,3,paragraph_continuation,reliable_global,broad_shape,X|NONE,global=global,R06
3497,"f58v.15,+P0",f58v,1516,5,air,R00,S,A,3,paragraph_continuation,low_reliability_or_unassigned,,,,
3498,"f58v.15,+P0",f58v,1516,6,qoal,H07,S,A,3,paragraph_continuation,low_reliability_or_unassigned,,,,
3499,"f58v.15,+P0",f58v,1516,7,talchos,R00,S,A,3,paragraph_continuation,low_reliability_or_unassigned,,,,
3500,"f58v.15,+P0",f58v,1516,8,okal,R07,S,A,3,paragraph_continuation,reliable_global,surface_token,okal,global=global,R07
3501,"f58v.15,+P0",f58v,1516,9,cho,R00,S,A,3,paragraph_continuation,low_reliability_or_unassigned,,,,
3502,"f58v.15,+P0",f58v,1516,10,ytam,R06,S,A,3,paragraph_continuation,low_reliability_or_unassigned,,,,
3503,"f58v.15,+P0",f58v,1516,11,dam,R06,S,A,3,paragraph_continuation,good_but_not_reliable_enough,surface_token,dam,global=global,R06
3504,"f58v.18,+P0",f58v,1519,1,taiin,R06,S,A,3,paragraph_continuation,low_reliability_or_unassigned,,,,
3505,"f58v.18,+P0",f58v,1519,2,chal,R00,S,A,3,paragraph_continuation,low_reliability_or_unassigned,,,,
3506,"f58v.18,+P0",f58v,1519,3,sheal,R06,S,A,3,paragraph_continuation,low_reliability_or_unassigned,,,,
3507,"f58v.18,+P0",f58v,1519,4,qockhy,H07,S,A,3,paragraph_continuation,low_reliability_or_unassigned,,,,
3508,"f58v.18,+P0",f58v,1519,5,dar,R06,S,A,3,paragraph_continuation,reliable_global,surface_token,dar,global=global,R06
3509,"f58v.18,+P0",f58v,1519,6,aiin,R06,S,A,3,paragraph_continuation,reliable_environment_sensitive,surface_token,aiin,global=global,R06
3510,"f58v.18,+P0",f58v,1519,7,ockhey,R00,S,A,3,paragraph_continuation,low_reliability_or_unassigned,,,,
3511,"f58v.18,+P0",f58v,1519,8,qokeey,H08,S,A,3,paragraph_continuation,low_reliability_or_unassigned,,,,
3512,"f58v.18,+P0",f58v,1519,9,qoaiin,H07,S,A,3,paragraph_continuation,low_reliability_or_unassigned,,,,
3513,"f58v.18,+P0",f58v,1519,10,aral,R00,S,A,3,paragraph_continuation,low_reliability_or_unassigned,,,,
3514,"f58v.19,+P0",f58v,1520,1,okain,R10,S,A,3,paragraph_continuation,reliable_global,surface_token,okain,global=global,R10
3515,"f58v.19,+P0",f58v,1520,2,chokal,R00,S,A,3,paragraph_continuation,low_reliability_or_unassigned,,,,
3516,"f58v.19,+P0",f58v,1520,3,sheoldy,R00,S,A,3,paragraph_continuation,low_reliability_or_unassigned,,,,
3517,"f58v.19,+P0",f58v,1520,4,qokor,H08,S,A,3,paragraph_continuation,low_reliability_or_unassigned,,,,
3518,"f58v.19,+P0",f58v,1520,5,olkam,R00,S,A,3,paragraph_continuation,low_reliability_or_unassigned,,,,
3519,"f58v.19,+P0",f58v,1520,6,cheol,R00,S,A,3,paragraph_continuation,low_reliability_or_unassigned,,,,
3520,"f58v.19,+P0",f58v,1520,7,dar,R06,S,A,3,paragraph_continuation,reliable_global,surface_token,dar,global=global,R06
3521,"f58v.19,+P0",f58v,1520,8,chokeey,R00,S,A,3,paragraph_continuation,low_reliability_or_unassigned,,,,
3522,"f58v.19,+P0",f58v,1520,9,okalchy,R00,S,A,3,paragraph_continuation,low_reliability_or_unassigned,,,,
3523,"f58v.2,+P0",f58v,1503,1,dair,R06,S,A,3,paragraph_continuation,low_reliability_or_unassigned,,,,
3524,"f58v.2,+P0",f58v,1503,2,or,R06,S,A,3,paragraph_continuation,reliable_global,surface_token,or,global=global,R06
3525,"f58v.2,+P0",f58v,1503,3,aiin,R06,S,A,3,paragraph_continuation,reliable_environment_sensitive,surface_token,aiin,global=global,R06
3526,"f58v.2,+P0",f58v,1503,4,tair,R06,S,A,3,paragraph_continuation,low_reliability_or_unassigned,,,,
3527,"f58v.2,+P0",f58v,1503,5,y,R06,S,A,3,paragraph_continuation,reliable_global,surface_token,y,global=global,R06
3528,"f58v.2,+P0",f58v,1503,6,qotalody,H16,S,A,3,paragraph_continuation,low_reliability_or_unassigned,,,,
3529,"f58v.2,+P0",f58v,1503,7,saiin,R06,S,A,3,paragraph_continuation,reliable_environment_sensitive,surface_token,saiin,global=global,R06
3530,"f58v.2,+P0",f58v,1503,8,okeody,R00,S,A,3,paragraph_continuation,low_reliability_or_unassigned,,,,
3531,"f58v.2,+P0",f58v,1503,9,qotair,H13,S,A,3,paragraph_continuation,low_reliability_or_unassigned,,,,
3532,"f58v.2,+P0",f58v,1503,10,ar,R06,S,A,3,paragraph_continuation,reliable_global,surface_token,ar,global=global,R06
3533,"f58v.2,+P0",f58v,1503,11,alor,R00,S,A,3,paragraph_continuation,low_reliability_or_unassigned,,,,
3534,"f58v.2,+P0",f58v,1503,12,orky,R00,S,A,3,paragraph_continuation,low_reliability_or_unassigned,,,,
3535,"f58v.22,+Pc",f58v,1523,1,okar,R03,S,A,3,paragraph_continuation,low_reliability_or_unassigned,,,,
3536,"f58v.22,+Pc",f58v,1523,2,sheey,R06,S,A,3,paragraph_continuation,reliable_global,stolfi_inspired_signature,NG|S_EY|T_ey,global=global,R06
3537,"f58v.22,+Pc",f58v,1523,3,shekealy,R00,S,A,3,paragraph_continuation,low_reliability_or_unassigned,,,,
3538,"f58v.23,*P0",f58v,1524,1,pchshy,R06,S,A,3,section/paragraph_break_start,low_reliability_or_unassigned,,,,
3539,"f58v.23,*P0",f58v,1524,2,sheoltey,R00,S,A,3,section/paragraph_break_start,low_reliability_or_unassigned,,,,
3540,"f58v.23,*P0",f58v,1524,3,shopalchedy,R00,S,A,3,section/paragraph_break_start,low_reliability_or_unassigned,,,,
3541,"f58v.23,*P0",f58v,1524,4,sheolkeal,R00,S,A,3,section/paragraph_break_start,low_reliability_or_unassigned,,,,
3542,"f58v.23,*P0",f58v,1524,5,qokar,R03,S,A,3,section/paragraph_break_start,low_reliability_or_unassigned,,,,
3543,"f58v.23,*P0",f58v,1524,6,aldaiin,R10,S,A,3,section/paragraph_break_start,low_reliability_or_unassigned,,,,
3544,"f58v.23,*P0",f58v,1524,7,qokalar,H08,S,A,3,section/paragraph_break_start,low_reliability_or_unassigned,,,,
3545,"f58v.23,*P0",f58v,1524,8,dal,R09,S,A,3,section/paragraph_break_start,reliable_global,surface_token,dal,global=global,R09
3546,"f58v.25,+P0",f58v,1526,1,qotain,H13,S,A,3,paragraph_continuation,low_reliability_or_unassigned,,,,
3547,"f58v.25,+P0",f58v,1526,2,okeor,R00,S,A,3,paragraph_continuation,low_reliability_or_unassigned,,,,
3548,"f58v.25,+P0",f58v,1526,3,sheey,R06,S,A,3,paragraph_continuation,reliable_global,stolfi_inspired_signature,NG|S_EY|T_ey,global=global,R06
3549,"f58v.25,+P0",f58v,1526,4,qokeol,H08,S,A,3,paragraph_continuation,low_reliability_or_unassigned,,,,
3550,"f58v.25,+P0",f58v,1526,5,okeoly,R00,S,A,3,paragraph_continuation,low_reliability_or_unassigned,,,,
3551,"f58v.25,+P0",f58v,1526,6,qokaly,H08,S,A,3,paragraph_continuation,low_reliability_or_unassigned,,,,
3552,"f58v.25,+P0",f58v,1526,7,qokairortas,H08,S,A,3,paragraph_continuation,low_reliability_or_unassigned,,,,
3553,"f58v.25,+P0",f58v,1526,8,ykal,R06,S,A,3,paragraph_continuation,low_reliability_or_unassigned,,,,
3554,"f58v.28,+P0",f58v,1529,1,ycheockhy,R00,S,A,3,paragraph_continuation,low_reliability_or_unassigned,,,,
3555,"f58v.28,+P0",f58v,1529,2,okey,R00,S,A,3,paragraph_continuation,low_reliability_or_unassigned,,,,
3556,"f58v.28,+P0",f58v,1529,3,okal,R07,S,A,3,paragraph_continuation,reliable_global,surface_token,okal,global=global,R07
3557,"f58v.28,+P0",f58v,1529,4,otaly,R00,S,A,3,paragraph_continuation,low_reliability_or_unassigned,,,,
3558,"f58v.28,+P0",f58v,1529,5,okaldy,R00,S,A,3,paragraph_continuation,low_reliability_or_unassigned,,,,
3559,"f58v.28,+P0",f58v,1529,6,okeor,R00,S,A,3,paragraph_continuation,low_reliability_or_unassigned,,,,
3560,"f58v.28,+P0",f58v,1529,7,sheey,R06,S,A,3,paragraph_continuation,reliable_global,stolfi_inspired_signature,NG|S_EY|T_ey,global=global,R06
3561,"f58v.31,+P0",f58v,1532,1,tcheor,R06,S,A,3,paragraph_continuation,low_reliability_or_unassigned,,,,
3562,"f58v.31,+P0",f58v,1532,2,chor,R11,S,A,3,paragraph_continuation,low_reliability_or_unassigned,,,,
3563,"f58v.31,+P0",f58v,1532,3,kar,R06,S,A,3,paragraph_continuation,low_reliability_or_unassigned,,,,
3564,"f58v.31,+P0",f58v,1532,4,okal,R07,S,A,3,paragraph_continuation,reliable_global,surface_token,okal,global=global,R07
3565,"f58v.31,+P0",f58v,1532,5,qokeey,H08,S,A,3,paragraph_continuation,low_reliability_or_unassigned,,,,
3566,"f58v.31,+P0",f58v,1532,6,qokal,H08,S,A,3,paragraph_continuation,low_reliability_or_unassigned,,,,
3567,"f58v.31,+P0",f58v,1532,7,shol,R08,S,A,3,paragraph_continuation,low_reliability_or_unassigned,,,,
3568,"f58v.31,+P0",f58v,1532,8,qokain,H08,S,A,3,paragraph_continuation,low_reliability_or_unassigned,,,,
3569,"f58v.31,+P0",f58v,1532,9,ar,R06,S,A,3,paragraph_continuation,reliable_global,surface_token,ar,global=global,R06
3570,"f58v.31,+P0",f58v,1532,10,oetalchg,R00,S,A,3,paragraph_continuation,low_reliability_or_unassigned,,,,
3571,"f58v.35,+P0",f58v,1536,1,daiin,R10,S,A,3,paragraph_continuation,reliable_conditioned,surface_token,daiin,meta_L=A,R10
3572,"f58v.35,+P0",f58v,1536,2,otain,R00,S,A,3,paragraph_continuation,low_reliability_or_unassigned,,,,
3573,"f58v.35,+P0",f58v,1536,3,okain,R10,S,A,3,paragraph_continuation,reliable_global,surface_token,okain,global=global,R10
3574,"f58v.35,+P0",f58v,1536,4,chey,R06,S,A,3,paragraph_continuation,reliable_global,stolfi_inspired_signature,NG|S_EY|T_y,global=global,R06
3575,"f58v.35,+P0",f58v,1536,5,okeey,R06,S,A,3,paragraph_continuation,low_reliability_or_unassigned,,,,
3576,"f58v.35,+P0",f58v,1536,6,qokeeos,H08,S,A,3,paragraph_continuation,low_reliability_or_unassigned,,,,
3577,"f58v.35,+P0",f58v,1536,7,olar,R00,S,A,3,paragraph_continuation,low_reliability_or_unassigned,,,,
3578,"f58v.35,+P0",f58v,1536,8,sheo,R06,S,A,3,paragraph_continuation,low_reliability_or_unassigned,,,,
3579,"f58v.35,+P0",f58v,1536,9,daly,R09,S,A,3,paragraph_continuation,low_reliability_or_unassigned,,,,
3580,"f58v.35,+P0",f58v,1536,10,dalychs,R09,S,A,3,paragraph_continuation,low_reliability_or_unassigned,,,,
3581,"f58v.38,+P0",f58v,1539,1,ykeeody,R00,S,A,3,paragraph_continuation,low_reliability_or_unassigned,,,,
3582,"f58v.38,+P0",f58v,1539,2,qokar,R03,S,A,3,paragraph_continuation,low_reliability_or_unassigned,,,,
3583,"f58v.38,+P0",f58v,1539,3,qoky,H01,S,A,3,paragraph_continuation,low_reliability_or_unassigned,,,,
3584,"f58v.38,+P0",f58v,1539,4,keey,R06,S,A,3,paragraph_continuation,low_reliability_or_unassigned,,,,
3585,"f58v.38,+P0",f58v,1539,5,qokol,H08,S,A,3,paragraph_continuation,low_reliability_or_unassigned,,,,
3586,"f58v.38,+P0",f58v,1539,6,okal,R07,S,A,3,paragraph_continuation,reliable_global,surface_token,okal,global=global,R07
3587,"f58v.38,+P0",f58v,1539,7,okor,R00,S,A,3,paragraph_continuation,low_reliability_or_unassigned,,,,
3588,"f58v.38,+P0",f58v,1539,8,cheky,R06,S,A,3,paragraph_continuation,low_reliability_or_unassigned,,,,
3589,"f58v.38,+P0",f58v,1539,9,sydy,R06,S,A,3,paragraph_continuation,low_reliability_or_unassigned,,,,
3590,"f58v.39,+P0",f58v,1540,1,oshar,R00,S,A,3,paragraph_continuation,low_reliability_or_unassigned,,,,
3591,"f58v.39,+P0",f58v,1540,2,qokain,H08,S,A,3,paragraph_continuation,low_reliability_or_unassigned,,,,
3592,"f58v.39,+P0",f58v,1540,3,okam,R00,S,A,3,paragraph_continuation,low_reliability_or_unassigned,,,,
3593,"f58v.39,+P0",f58v,1540,4,shear,R06,S,A,3,paragraph_continuation,low_reliability_or_unassigned,,,,
3594,"f58v.39,+P0",f58v,1540,5,ch,R00,S,A,3,paragraph_continuation,low_reliability_or_unassigned,,,,
3595,"f58v.39,+P0",f58v,1540,6,sarols,R06,S,A,3,paragraph_continuation,low_reliability_or_unassigned,,,,
3596,"f58v.6,+P0",f58v,1507,1,qokair,H08,S,A,3,paragraph_continuation,low_reliability_or_unassigned,,,,
3597,"f58v.6,+P0",f58v,1507,2,ar,R06,S,A,3,paragraph_continuation,reliable_global,surface_token,ar,global=global,R06
3598,"f58v.6,+P0",f58v,1507,3,aly,R00,S,A,3,paragraph_continuation,low_reliability_or_unassigned,,,,
3599,"f58v.6,+P0",f58v,1507,4,sho,R06,S,A,3,paragraph_continuation,reliable_environment_sensitive,surface_token,sho,global=global,R06
3600,"f58v.6,+P0",f58v,1507,5,daiin,R10,S,A,3,paragraph_continuation,reliable_conditioned,surface_token,daiin,meta_L=A,R10
3601,"f58v.6,+P0",f58v,1507,6,choly,R00,S,A,3,paragraph_continuation,low_reliability_or_unassigned,,,,
3602,"f58v.6,+P0",f58v,1507,7,dal,R09,S,A,3,paragraph_continuation,reliable_global,surface_token,dal,global=global,R09
3603,"f58v.6,+P0",f58v,1507,8,ykaiin,R06,S,A,3,paragraph_continuation,low_reliability_or_unassigned,,,,
3604,"f58v.6,+P0",f58v,1507,9,org,R00,S,A,3,paragraph_continuation,low_reliability_or_unassigned,,,,
3605,"f58v.6,+P0",f58v,1507,10,fchey,R06,S,A,3,paragraph_continuation,low_reliability_or_unassigned,,,,
3606,"f58v.6,+P0",f58v,1507,11,okaly,R00,S,A,3,paragraph_continuation,low_reliability_or_unassigned,,,,
3607,"f58v.6,+P0",f58v,1507,12,oky,R00,S,A,3,paragraph_continuation,reliable_environment_sensitive,surface_token,oky,global=global,R00
3608,"f58v.7,+P0",f58v,1508,1,y,R06,S,A,3,paragraph_continuation,reliable_global,surface_token,y,global=global,R06
3609,"f58v.7,+P0",f58v,1508,2,daiin,R10,S,A,3,paragraph_continuation,reliable_conditioned,surface_token,daiin,meta_L=A,R10
3610,"f58v.7,+P0",f58v,1508,3,qokeey,H08,S,A,3,paragraph_continuation,low_reliability_or_unassigned,,,,
3611,"f58v.7,+P0",f58v,1508,4,qokar,R03,S,A,3,paragraph_continuation,low_reliability_or_unassigned,,,,
3612,"f58v.7,+P0",f58v,1508,5,lchedy,R00,S,A,3,paragraph_continuation,low_reliability_or_unassigned,,,,
3613,"f58v.7,+P0",f58v,1508,6,qokalor,H08,S,A,3,paragraph_continuation,low_reliability_or_unassigned,,,,
3614,"f58v.7,+P0",f58v,1508,7,sheols,R06,S,A,3,paragraph_continuation,low_reliability_or_unassigned,,,,
3615,"f58v.7,+P0",f58v,1508,8,oteor,R01,S,A,3,paragraph_continuation,low_reliability_or_unassigned,,,,
3616,"f58v.7,+P0",f58v,1508,9,aiin,R06,S,A,3,paragraph_continuation,reliable_environment_sensitive,surface_token,aiin,global=global,R06
3617,"f58v.7,+P0",f58v,1508,10,cheky,R06,S,A,3,paragraph_continuation,low_reliability_or_unassigned,,,,
3618,"f58v.9,+P0",f58v,1510,1,salal,R06,S,A,3,paragraph_continuation,low_reliability_or_unassigned,,,,
3619,"f58v.9,+P0",f58v,1510,2,qolaiin,H07,S,A,3,paragraph_continuation,low_reliability_or_unassigned,,,,
3620,"f58v.9,+P0",f58v,1510,3,chockhey,R00,S,A,3,paragraph_continuation,low_reliability_or_unassigned,,,,
3621,"f58v.9,+P0",f58v,1510,4,tcholy,R06,S,A,3,paragraph_continuation,low_reliability_or_unassigned,,,,
3622,"f58v.9,+P0",f58v,1510,5,qokaiin,H08,S,A,3,paragraph_continuation,low_reliability_or_unassigned,,,,
3623,"f58v.9,+P0",f58v,1510,6,qokaiinos,H08,S,A,3,paragraph_continuation,low_reliability_or_unassigned,,,,
3624,"f58v.9,+P0",f58v,1510,7,orcheey,R00,S,A,3,paragraph_continuation,low_reliability_or_unassigned,,,,
3625,"f58v.9,+P0",f58v,1510,8,olaly,R00,S,A,3,paragraph_continuation,low_reliability_or_unassigned,,,,
3626,"f5v.1,@P0",f5v,130,1,kocheor,R00,H,A,1,paragraph_start,low_reliability_or_unassigned,,,,
3627,"f5v.1,@P0",f5v,130,2,chor,R11,H,A,1,paragraph_start,low_reliability_or_unassigned,,,,
3628,"f5v.1,@P0",f5v,130,3,ytchey,R06,H,A,1,paragraph_start,low_reliability_or_unassigned,,,,
3629,"f5v.1,@P0",f5v,130,4,pshod,R06,H,A,1,paragraph_start,low_reliability_or_unassigned,,,,
3630,"f5v.1,@P0",f5v,130,5,chols,R00,H,A,1,paragraph_start,low_reliability_or_unassigned,,,,
3631,"f5v.1,@P0",f5v,130,6,chodaiin,R00,H,A,1,paragraph_start,low_reliability_or_unassigned,,,,
3632,"f5v.1,@P0",f5v,130,7,ytoiiin,R00,H,A,1,paragraph_start,low_reliability_or_unassigned,,,,
3633,"f5v.1,@P0",f5v,130,8,daiin,R10,H,A,1,paragraph_start,reliable_conditioned,surface_token,daiin,meta_L=A,R10
3634,"f5v.2,+P0",f5v,131,1,dchol,R06,H,A,1,paragraph_continuation,low_reliability_or_unassigned,,,,
3635,"f5v.2,+P0",f5v,131,2,chol,R07,H,A,1,paragraph_continuation,low_reliability_or_unassigned,,,,
3636,"f5v.2,+P0",f5v,131,3,otaiin,R10,H,A,1,paragraph_continuation,low_reliability_or_unassigned,,,,
3637,"f5v.2,+P0",f5v,131,4,dain,R06,H,A,1,paragraph_continuation,reliable_global,stolfi_inspired_signature,NG|S_OEL|T_in,global=global,R06
3638,"f5v.2,+P0",f5v,131,5,cthor,R04,H,A,1,paragraph_continuation,low_reliability_or_unassigned,,,,
3639,"f5v.2,+P0",f5v,131,6,chots,R00,H,A,1,paragraph_continuation,low_reliability_or_unassigned,,,,
3640,"f5v.2,+P0",f5v,131,7,ychopordg,R00,H,A,1,paragraph_continuation,low_reliability_or_unassigned,,,,
3641,"f66r.1,@L0",f66r,1548,1,rary,R00,T,B,5,label_or_marginal,low_reliability_or_unassigned,,,,
3642,"f66r.10,+L0",f66r,1557,1,ykaly,R06,T,B,5,+L,low_reliability_or_unassigned,,,,
3643,"f66r.11,+L0",f66r,1558,1,doly,R06,T,B,5,+L,low_reliability_or_unassigned,,,,
3644,"f66r.12,+L0",f66r,1559,1,saiin,R06,T,B,5,+L,reliable_conditioned,surface_token,saiin,meta_L=B,R06
3645,"f66r.15,+L0",f66r,1562,1,raral,R00,T,B,5,+L,low_reliability_or_unassigned,,,,
3646,"f66r.16,@L0",f66r,1563,1,y,R06,T,B,5,label_or_marginal,reliable_global,surface_token,y,global=global,R06
3647,"f66r.17,+L0",f66r,1564,1,o,R00,T,B,5,+L,good_but_not_reliable_enough,broad_shape,O|NONE,global=global,R00
3648,"f66r.18,+L0",f66r,1565,1,s,R06,T,B,5,+L,reliable_global,broad_shape,X|NONE,global=global,R06
3649,"f66r.19,+L0",f66r,1566,1,sh,R06,T,B,5,+L,low_reliability_or_unassigned,,,,
3650,"f66r.2,+L0",f66r,1549,1,als,R00,T,B,5,+L,low_reliability_or_unassigned,,,,
3651,"f66r.20,+L0",f66r,1567,1,y,R06,T,B,5,+L,reliable_global,surface_token,y,global=global,R06
3652,"f66r.21,+L0",f66r,1568,1,d,R06,T,B,5,+L,low_reliability_or_unassigned,,,,
3653,"f66r.22,+L0",f66r,1569,1,o,R00,T,B,5,+L,good_but_not_reliable_enough,broad_shape,O|NONE,global=global,R00
3654,"f66r.23,+L0",f66r,1570,1,f,R06,T,B,5,+L,low_reliability_or_unassigned,,,,
3655,"f66r.25,+L0",f66r,1571,1,x,R00,T,B,5,+L,reliable_global,broad_shape,X|NONE,global=global,R06
3656,"f66r.26,+L0",f66r,1572,1,air,R00,T,B,5,+L,low_reliability_or_unassigned,,,,
3657,"f66r.27,+L0",f66r,1573,1,d,R06,T,B,5,+L,low_reliability_or_unassigned,,,,
3658,"f66r.28,+L0",f66r,1574,1,sh,R06,T,B,5,+L,low_reliability_or_unassigned,,,,
3659,"f66r.29,+L0",f66r,1575,1,y,R06,T,B,5,+L,reliable_global,surface_token,y,global=global,R06
3660,"f66r.30,+L0",f66r,1576,1,f,R06,T,B,5,+L,low_reliability_or_unassigned,,,,
3661,"f66r.31,+L0",f66r,1577,1,f,R06,T,B,5,+L,low_reliability_or_unassigned,,,,
3662,"f66r.32,+L0",f66r,1578,1,y,R06,T,B,5,+L,reliable_global,surface_token,y,global=global,R06
3663,"f66r.33,+L0",f66r,1579,1,o,R00,T,B,5,+L,good_but_not_reliable_enough,broad_shape,O|NONE,global=global,R00
3664,"f66r.34,+L0",f66r,1580,1,d,R06,T,B,5,+L,low_reliability_or_unassigned,,,,
3665,"f66r.35,+L0",f66r,1581,1,s,R06,T,B,5,+L,reliable_global,broad_shape,X|NONE,global=global,R06
3666,"f66r.36,+L0",f66r,1582,1,f,R06,T,B,5,+L,low_reliability_or_unassigned,,,,
3667,"f66r.37,+L0",f66r,1583,1,c,R00,T,B,5,+L,reliable_global,broad_shape,X|NONE,global=global,R06
3668,"f66r.39,+L0",f66r,1584,1,x,R00,T,B,5,+L,reliable_global,broad_shape,X|NONE,global=global,R06
3669,"f66r.4,+L0",f66r,1551,1,dary,R06,T,B,5,+L,low_reliability_or_unassigned,,,,
3670,"f66r.40,+L0",f66r,1585,1,t,R06,T,B,5,+L,low_reliability_or_unassigned,,,,
3671,"f66r.41,+L0",f66r,1586,1,o,R00,T,B,5,+L,good_but_not_reliable_enough,broad_shape,O|NONE,global=global,R00
3672,"f66r.43,+L0",f66r,1587,1,l,R06,T,B,5,+L,good_but_not_reliable_enough,surface_token,l,global=global,R06
3673,"f66r.44,+L0",f66r,1588,1,r,R00,T,B,5,+L,low_reliability_or_unassigned,,,,
3674,"f66r.45,+L0",f66r,1589,1,t,R06,T,B,5,+L,low_reliability_or_unassigned,,,,
3675,"f66r.46,+L0",f66r,1590,1,o,R00,T,B,5,+L,good_but_not_reliable_enough,broad_shape,O|NONE,global=global,R00
3676,"f66r.47,+L0",f66r,1591,1,x,R00,T,B,5,+L,reliable_global,broad_shape,X|NONE,global=global,R06
3677,"f66r.48,+L0",f66r,1592,1,p,R06,T,B,5,+L,low_reliability_or_unassigned,,,,
3678,"f66r.49,+L0",f66r,1593,1,d,R06,T,B,5,+L,low_reliability_or_unassigned,,,,
3679,"f66r.5,+L0",f66r,1552,1,ykeol,R06,T,B,5,+L,low_reliability_or_unassigned,,,,
3680,"f66r.51,+P0",f66r,1595,1,sair,R06,T,B,5,paragraph_continuation,low_reliability_or_unassigned,,,,
3681,"f66r.51,+P0",f66r,1595,2,shekey,R06,T,B,5,paragraph_continuation,low_reliability_or_unassigned,,,,
3682,"f66r.51,+P0",f66r,1595,3,qokeedar,H08,T,B,5,paragraph_continuation,low_reliability_or_unassigned,,,,
3683,"f66r.51,+P0",f66r,1595,4,okal,R07,T,B,5,paragraph_continuation,reliable_global,surface_token,okal,global=global,R07
3684,"f66r.51,+P0",f66r,1595,5,okedy,R00,T,B,5,paragraph_continuation,reliable_conditioned,surface_token,okedy,meta_L=B,R00
3685,"f66r.51,+P0",f66r,1595,6,qokeedy,H01,T,B,5,paragraph_continuation,low_reliability_or_unassigned,,,,
3686,"f66r.51,+P0",f66r,1595,7,qokal,H08,T,B,5,paragraph_continuation,low_reliability_or_unassigned,,,,
3687,"f66r.51,+P0",f66r,1595,8,okedy,R00,T,B,5,paragraph_continuation,reliable_conditioned,surface_token,okedy,meta_L=B,R00
3688,"f66r.51,+P0",f66r,1595,9,qokshd,H08,T,B,5,paragraph_continuation,low_reliability_or_unassigned,,,,
3689,"f66r.54,+P0",f66r,1598,1,qokeeody,H11,T,B,5,paragraph_continuation,low_reliability_or_unassigned,,,,
3690,"f66r.54,+P0",f66r,1598,2,qokeody,H11,T,B,5,paragraph_continuation,low_reliability_or_unassigned,,,,
3691,"f66r.54,+P0",f66r,1598,3,qokeody,H11,T,B,5,paragraph_continuation,low_reliability_or_unassigned,,,,
3692,"f66r.54,+P0",f66r,1598,4,qokar,R03,T,B,5,paragraph_continuation,reliable_conditioned,surface_token,qokar,meta_L=B,R03
3693,"f66r.54,+P0",f66r,1598,5,sheky,R06,T,B,5,paragraph_continuation,low_reliability_or_unassigned,,,,
3694,"f66r.54,+P0",f66r,1598,6,qokeeody,H11,T,B,5,paragraph_continuation,low_reliability_or_unassigned,,,,
3695,"f66r.54,+P0",f66r,1598,7,okedy,R00,T,B,5,paragraph_continuation,reliable_conditioned,surface_token,okedy,meta_L=B,R00
3696,"f66r.54,+P0",f66r,1598,8,kodary,R06,T,B,5,paragraph_continuation,low_reliability_or_unassigned,,,,
3697,"f66r.55,+P0",f66r,1599,1,ykeeody,R00,T,B,5,paragraph_continuation,low_reliability_or_unassigned,,,,
3698,"f66r.55,+P0",f66r,1599,2,choekeey,R00,T,B,5,paragraph_continuation,low_reliability_or_unassigned,,,,
3699,"f66r.55,+P0",f66r,1599,3,okeody,R00,T,B,5,paragraph_continuation,low_reliability_or_unassigned,,,,
3700,"f66r.55,+P0",f66r,1599,4,chekeody,R00,T,B,5,paragraph_continuation,low_reliability_or_unassigned,,,,
3701,"f66r.55,+P0",f66r,1599,5,qokeey,H08,T,B,5,paragraph_continuation,reliable_conditioned,surface_token,qokeey,meta_L=B,H08
3702,"f66r.55,+P0",f66r,1599,6,dyky,R06,T,B,5,paragraph_continuation,low_reliability_or_unassigned,,,,
3703,"f66r.55,+P0",f66r,1599,7,chctho,R04,T,B,5,paragraph_continuation,low_reliability_or_unassigned,,,,
3704,"f66r.55,+P0",f66r,1599,8,rotaiin,R00,T,B,5,paragraph_continuation,low_reliability_or_unassigned,,,,
3705,"f66r.6,+L0",f66r,1553,1,saly,R06,T,B,5,+L,low_reliability_or_unassigned,,,,
3706,"f66r.61,+P0",f66r,1605,1,qokchey,H08,T,B,5,paragraph_continuation,low_reliability_or_unassigned,,,,
3707,"f66r.61,+P0",f66r,1605,2,qokaiir,H08,T,B,5,paragraph_continuation,low_reliability_or_unassigned,,,,
3708,"f66r.61,+P0",f66r,1605,3,cheky,R06,T,B,5,paragraph_continuation,low_reliability_or_unassigned,,,,
3709,"f66r.61,+P0",f66r,1605,4,daly,R09,T,B,5,paragraph_continuation,low_reliability_or_unassigned,,,,
3710,"f66r.61,+P0",f66r,1605,5,daiin,R10,T,B,5,paragraph_continuation,good_but_not_reliable_enough,surface_token,daiin,global=global,R10
3711,"f66r.61,+P0",f66r,1605,6,dalshedy,R09,T,B,5,paragraph_continuation,low_reliability_or_unassigned,,,,
3712,"f66r.61,+P0",f66r,1605,7,chedy,R02,T,B,5,paragraph_continuation,reliable_conditioned,surface_token,chedy,meta_L=B,R02
3713,"f66r.61,+P0",f66r,1605,8,lkar,R00,T,B,5,paragraph_continuation,low_reliability_or_unassigned,,,,
3714,"f66r.61,+P0",f66r,1605,9,ol,R06,T,B,5,paragraph_continuation,reliable_environment_sensitive,surface_token,ol,global=global,R06
3715,"f66r.61,+P0",f66r,1605,10,okedy,R00,T,B,5,paragraph_continuation,reliable_conditioned,surface_token,okedy,meta_L=B,R00
3716,"f66r.67,+P0",f66r,1611,1,psheody,R00,T,B,5,paragraph_continuation,low_reliability_or_unassigned,,,,
3717,"f66r.67,+P0",f66r,1611,2,cfhol,R00,T,B,5,paragraph_continuation,low_reliability_or_unassigned,,,,
3718,"f66r.67,+P0",f66r,1611,3,shofol,R06,T,B,5,paragraph_continuation,low_reliability_or_unassigned,,,,
3719,"f66r.67,+P0",f66r,1611,4,okeody,R00,T,B,5,paragraph_continuation,low_reliability_or_unassigned,,,,
3720,"f66r.67,+P0",f66r,1611,5,qokaldy,H11,T,B,5,paragraph_continuation,low_reliability_or_unassigned,,,,
3721,"f66r.67,+P0",f66r,1611,6,ytarody,R00,T,B,5,paragraph_continuation,low_reliability_or_unassigned,,,,
3722,"f66r.67,+P0",f66r,1611,7,shedy,R06,T,B,5,paragraph_continuation,reliable_conditioned,surface_token,shedy,meta_L=B,R06
3723,"f66r.67,+P0",f66r,1611,8,shedy,R06,T,B,5,paragraph_continuation,reliable_conditioned,surface_token,shedy,meta_L=B,R06
3724,"f66r.67,+P0",f66r,1611,9,dair,R06,T,B,5,paragraph_continuation,low_reliability_or_unassigned,,,,
3725,"f66r.69,+P0",f66r,1613,1,tosheo,R06,T,B,5,paragraph_continuation,low_reliability_or_unassigned,,,,
3726,"f66r.69,+P0",f66r,1613,2,qokaldy,H11,T,B,5,paragraph_continuation,low_reliability_or_unassigned,,,,
3727,"f66r.69,+P0",f66r,1613,3,oky,R00,T,B,5,paragraph_continuation,reliable_environment_sensitive,surface_token,oky,global=global,R00
3728,"f66r.69,+P0",f66r,1613,4,ol,R06,T,B,5,paragraph_continuation,reliable_environment_sensitive,surface_token,ol,global=global,R06
3729,"f66r.69,+P0",f66r,1613,5,kcheeky,R00,T,B,5,paragraph_continuation,low_reliability_or_unassigned,,,,
3730,"f66r.69,+P0",f66r,1613,6,qoky,H01,T,B,5,paragraph_continuation,low_reliability_or_unassigned,,,,
3731,"f66r.69,+P0",f66r,1613,7,dary,R06,T,B,5,paragraph_continuation,low_reliability_or_unassigned,,,,
3732,"f66r.69,+P0",f66r,1613,8,okees,R00,T,B,5,paragraph_continuation,low_reliability_or_unassigned,,,,
3733,"f66r.69,+P0",f66r,1613,9,oly,R06,T,B,5,paragraph_continuation,good_but_not_reliable_enough,surface_token,oly,global=global,R06
3734,"f66r.7,+L0",f66r,1554,1,salf,R06,T,B,5,+L,low_reliability_or_unassigned,,,,
3735,"f66r.70,+P0",f66r,1614,1,todeeey,R00,T,B,5,paragraph_continuation,low_reliability_or_unassigned,,,,
3736,"f66r.70,+P0",f66r,1614,2,keody,R06,T,B,5,paragraph_continuation,low_reliability_or_unassigned,,,,
3737,"f66r.70,+P0",f66r,1614,3,chdy,R02,T,B,5,paragraph_continuation,reliable_conditioned,surface_token,chdy,meta_L=B,R02
3738,"f66r.70,+P0",f66r,1614,4,keody,R06,T,B,5,paragraph_continuation,low_reliability_or_unassigned,,,,
3739,"f66r.70,+P0",f66r,1614,5,shedy,R06,T,B,5,paragraph_continuation,reliable_conditioned,surface_token,shedy,meta_L=B,R06
3740,"f66r.70,+P0",f66r,1614,6,shekeefy,R00,T,B,5,paragraph_continuation,low_reliability_or_unassigned,,,,
3741,"f66r.70,+P0",f66r,1614,7,chdy,R02,T,B,5,paragraph_continuation,reliable_conditioned,surface_token,chdy,meta_L=B,R02
3742,"f66r.70,+P0",f66r,1614,8,sheol,R06,T,B,5,paragraph_continuation,good_but_not_reliable_enough,surface_token,sheol,global=global,R06
3743,"f66r.70,+P0",f66r,1614,9,shol,R08,T,B,5,paragraph_continuation,low_reliability_or_unassigned,,,,
3744,"f66r.70,+P0",f66r,1614,10,kedy,R06,T,B,5,paragraph_continuation,low_reliability_or_unassigned,,,,
3745,"f66r.70,+P0",f66r,1614,11,daly,R09,T,B,5,paragraph_continuation,low_reliability_or_unassigned,,,,
3746,"f66r.76,+P0",f66r,1620,1,daiin,R10,T,B,5,paragraph_continuation,good_but_not_reliable_enough,surface_token,daiin,global=global,R10
3747,"f66r.76,+P0",f66r,1620,2,sheol,R06,T,B,5,paragraph_continuation,good_but_not_reliable_enough,surface_token,sheol,global=global,R06
3748,"f66r.76,+P0",f66r,1620,3,qocthedy,H21,T,B,5,paragraph_continuation,low_reliability_or_unassigned,,,,
3749,"f66r.76,+P0",f66r,1620,4,qokedy,H12,T,B,5,paragraph_continuation,reliable_conditioned,surface_token,qokedy,meta_L=B,H12
3750,"f66r.76,+P0",f66r,1620,5,lchey,R00,T,B,5,paragraph_continuation,low_reliability_or_unassigned,,,,
3751,"f66r.76,+P0",f66r,1620,6,qokaly,H08,T,B,5,paragraph_continuation,low_reliability_or_unassigned,,,,
3752,"f66r.76,+P0",f66r,1620,7,shcthy,R06,T,B,5,paragraph_continuation,low_reliability_or_unassigned,,,,
3753,"f66r.76,+P0",f66r,1620,8,qotal,H13,T,B,5,paragraph_continuation,low_reliability_or_unassigned,,,,
3754,"f66r.76,+P0",f66r,1620,9,otchdy,R00,T,B,5,paragraph_continuation,low_reliability_or_unassigned,,,,
3755,"f66r.77,+P0",f66r,1621,1,qokey,H08,T,B,5,paragraph_continuation,low_reliability_or_unassigned,,,,
3756,"f66r.77,+P0",f66r,1621,2,ar,R06,T,B,5,paragraph_continuation,reliable_global,surface_token,ar,global=global,R06
3757,"f66r.77,+P0",f66r,1621,3,olkeol,R00,T,B,5,paragraph_continuation,low_reliability_or_unassigned,,,,
3758,"f66r.77,+P0",f66r,1621,4,qokal,H08,T,B,5,paragraph_continuation,low_reliability_or_unassigned,,,,
3759,"f66r.77,+P0",f66r,1621,5,cheoky,R00,T,B,5,paragraph_continuation,low_reliability_or_unassigned,,,,
3760,"f66r.77,+P0",f66r,1621,6,ykchdy,R00,T,B,5,paragraph_continuation,low_reliability_or_unassigned,,,,
3761,"f66r.77,+P0",f66r,1621,7,chody,R00,T,B,5,paragraph_continuation,reliable_global,broad_shape,O|dy,global=global,R00
3762,"f66r.77,+P0",f66r,1621,8,sheody,R06,T,B,5,paragraph_continuation,low_reliability_or_unassigned,,,,
3763,"f66r.77,+P0",f66r,1621,9,qoky,H01,T,B,5,paragraph_continuation,low_reliability_or_unassigned,,,,
3764,"f66r.77,+P0",f66r,1621,10,ldy,R00,T,B,5,paragraph_continuation,low_reliability_or_unassigned,,,,
3765,"f66r.78,+P0",f66r,1622,1,dor,R06,T,B,5,paragraph_continuation,low_reliability_or_unassigned,,,,
3766,"f66r.78,+P0",f66r,1622,2,aiin,R06,T,B,5,paragraph_continuation,reliable_environment_sensitive,surface_token,aiin,global=global,R06
3767,"f66r.78,+P0",f66r,1622,3,sheeol,R06,T,B,5,paragraph_continuation,low_reliability_or_unassigned,,,,
3768,"f66r.78,+P0",f66r,1622,4,lshedy,R00,T,B,5,paragraph_continuation,reliable_conditioned,broad_shape,LB|edy,meta_L=B,R00
3769,"f66r.78,+P0",f66r,1622,5,lchedy,R00,T,B,5,paragraph_continuation,reliable_conditioned,broad_shape,LB|edy,meta_L=B,R00
3770,"f66r.78,+P0",f66r,1622,6,cheedy,R06,T,B,5,paragraph_continuation,low_reliability_or_unassigned,,,,
3771,"f66r.78,+P0",f66r,1622,7,shekol,R06,T,B,5,paragraph_continuation,low_reliability_or_unassigned,,,,
3772,"f66r.78,+P0",f66r,1622,8,dalol,R06,T,B,5,paragraph_continuation,low_reliability_or_unassigned,,,,
3773,"f66r.78,+P0",f66r,1622,9,lodaiin,R10,T,B,5,paragraph_continuation,low_reliability_or_unassigned,,,,
3774,"f66r.79,+P0",f66r,1623,1,sheol,R06,T,B,5,paragraph_continuation,good_but_not_reliable_enough,surface_token,sheol,global=global,R06
3775,"f66r.79,+P0",f66r,1623,2,oteeyldaiin,R01,T,B,5,paragraph_continuation,low_reliability_or_unassigned,,,,
3776,"f66r.79,+P0",f66r,1623,3,okalchedy,R00,T,B,5,paragraph_continuation,low_reliability_or_unassigned,,,,
3777,"f66r.79,+P0",f66r,1623,4,pchedy,R06,T,B,5,paragraph_continuation,low_reliability_or_unassigned,,,,
3778,"f66r.79,+P0",f66r,1623,5,kody,R06,T,B,5,paragraph_continuation,low_reliability_or_unassigned,,,,
3779,"f66r.79,+P0",f66r,1623,6,qotchedy,H15,T,B,5,paragraph_continuation,low_reliability_or_unassigned,,,,
3780,"f66r.79,+P0",f66r,1623,7,cphedy,R00,T,B,5,paragraph_continuation,low_reliability_or_unassigned,,,,
3781,"f66r.8,+L0",f66r,1555,1,fary,R06,T,B,5,+L,low_reliability_or_unassigned,,,,
3782,"f66r.80,+P0",f66r,1624,1,daiin,R10,T,B,5,paragraph_continuation,good_but_not_reliable_enough,surface_token,daiin,global=global,R10
3783,"f66r.80,+P0",f66r,1624,2,shey,R06,T,B,5,paragraph_continuation,reliable_global,stolfi_inspired_signature,NG|S_EY|T_y,global=global,R06
3784,"f66r.80,+P0",f66r,1624,3,qoteoly,H13,T,B,5,paragraph_continuation,low_reliability_or_unassigned,,,,
3785,"f66r.80,+P0",f66r,1624,4,raiin,R00,T,B,5,paragraph_continuation,low_reliability_or_unassigned,,,,
3786,"f66r.80,+P0",f66r,1624,5,sheedy,R06,T,B,5,paragraph_continuation,reliable_environment_sensitive,surface_token,sheedy,global=global,R06
3787,"f66r.80,+P0",f66r,1624,6,shcthy,R06,T,B,5,paragraph_continuation,low_reliability_or_unassigned,,,,
3788,"f66r.80,+P0",f66r,1624,7,lkeol,R00,T,B,5,paragraph_continuation,low_reliability_or_unassigned,,,,
3789,"f66r.80,+P0",f66r,1624,8,qokol,H08,T,B,5,paragraph_continuation,low_reliability_or_unassigned,,,,
3790,"f66r.80,+P0",f66r,1624,9,dkar,R06,T,B,5,paragraph_continuation,low_reliability_or_unassigned,,,,
3791,"f66v.8,+P0",f66v,1634,1,dchekeedy,R00,H,B,5,paragraph_continuation,low_reliability_or_unassigned,,,,
3792,"f66v.8,+P0",f66v,1634,2,cheody,R00,H,B,5,paragraph_continuation,low_reliability_or_unassigned,,,,
3793,"f66v.8,+P0",f66v,1634,3,qokchdy,H09,H,B,5,paragraph_continuation,low_reliability_or_unassigned,,,,
3794,"f66v.8,+P0",f66v,1634,4,qokol,H08,H,B,5,paragraph_continuation,low_reliability_or_unassigned,,,,
3795,"f66v.8,+P0",f66v,1634,5,keedy,R06,H,B,5,paragraph_continuation,low_reliability_or_unassigned,,,,
3796,"f66v.8,+P0",f66v,1634,6,cheky,R06,H,B,5,paragraph_continuation,low_reliability_or_unassigned,,,,
3797,"f66v.8,+P0",f66v,1634,7,chety,R00,H,B,5,paragraph_continuation,low_reliability_or_unassigned,,,,
3798,"f66v.8,+P0",f66v,1634,8,kody,R06,H,B,5,paragraph_continuation,low_reliability_or_unassigned,,,,
3799,"f67r1.10,@Ri",f67r1,1649,1,seeaiir,R00,A,,4,radial/ring_text,low_reliability_or_unassigned,,,,
3800,"f67r1.11,@Ri",f67r1,1650,1,ykees,R06,A,,4,radial/ring_text,low_reliability_or_unassigned,,,,
3801,"f67r1.11,@Ri",f67r1,1650,2,ary,R00,A,,4,radial/ring_text,low_reliability_or_unassigned,,,,
3802,"f67r1.12,@Ri",f67r1,1651,1,sosaiir,R00,A,,4,radial/ring_text,low_reliability_or_unassigned,,,,
3803,"f67r1.14,@Ri",f67r1,1653,1,ytodaiir,R00,A,,4,radial/ring_text,low_reliability_or_unassigned,,,,
3804,"f67r1.15,@Ri",f67r1,1654,1,sheosam,R00,A,,4,radial/ring_text,low_reliability_or_unassigned,,,,
3805,"f67r1.16,@Ri",f67r1,1655,1,ykeeody,R00,A,,4,radial/ring_text,low_reliability_or_unassigned,,,,
3806,"f67r1.17,@Ri",f67r1,1656,1,okeol,R06,A,,4,radial/ring_text,low_reliability_or_unassigned,,,,
3807,"f67r1.17,@Ri",f67r1,1656,2,sal,R06,A,,4,radial/ring_text,low_reliability_or_unassigned,,,,
3808,"f67r1.18,@Ri",f67r1,1657,1,okeey,R06,A,,4,radial/ring_text,low_reliability_or_unassigned,,,,
3809,"f67r1.18,@Ri",f67r1,1657,2,sar,R06,A,,4,radial/ring_text,low_reliability_or_unassigned,,,,
3810,"f67r1.19,@Ri",f67r1,1658,1,dalary,R06,A,,4,radial/ring_text,low_reliability_or_unassigned,,,,
3811,"f67r1.8,@Ri",f67r1,1647,1,otaldy,R00,A,,4,radial/ring_text,low_reliability_or_unassigned,,,,
3812,"f67r1.9,@Ri",f67r1,1648,1,otoky,R00,A,,4,radial/ring_text,reliable_global,broad_shape,OG|y,global=global,R00
3813,"f67r2.10,&L0",f67r2,1668,1,lkshykchy,R00,A,,4,&L,low_reliability_or_unassigned,,,,
3814,"f67r2.10,&L0",f67r2,1668,2,okar,R03,A,,4,&L,low_reliability_or_unassigned,,,,
3815,"f67r2.12,&L0",f67r2,1670,1,ykees,R06,A,,4,&L,low_reliability_or_unassigned,,,,
3816,"f67r2.12,&L0",f67r2,1670,2,ykchos,R06,A,,4,&L,low_reliability_or_unassigned,,,,
3817,"f67r2.13,@Pb",f67r2,1671,1,opodchol,R07,A,,4,paragraph_start,low_reliability_or_unassigned,,,,
3818,"f67r2.13,@Pb",f67r2,1671,2,s,R06,A,,4,paragraph_start,reliable_global,broad_shape,X|NONE,global=global,R06
3819,"f67r2.13,@Pb",f67r2,1671,3,ain,R06,A,,4,paragraph_start,reliable_global,stolfi_inspired_signature,NG|S_OEL|T_in,global=global,R06
3820,"f67r2.13,@Pb",f67r2,1671,4,aldy,R00,A,,4,paragraph_start,low_reliability_or_unassigned,,,,
3821,"f67r2.14,+Pb",f67r2,1672,1,soeey,R06,A,,4,paragraph_continuation,low_reliability_or_unassigned,,,,
3822,"f67r2.14,+Pb",f67r2,1672,2,doiin,R06,A,,4,paragraph_continuation,low_reliability_or_unassigned,,,,
3823,"f67r2.14,+Pb",f67r2,1672,3,oldy,R00,A,,4,paragraph_continuation,low_reliability_or_unassigned,,,,
3824,"f67r2.15,+L0",f67r2,1673,1,dolchsody,R00,A,,4,+L,low_reliability_or_unassigned,,,,
3825,"f67r2.19,@Pb",f67r2,1677,1,ydchos,R06,A,,4,paragraph_start,low_reliability_or_unassigned,,,,
3826,"f67r2.19,@Pb",f67r2,1677,2,ain,R06,A,,4,paragraph_start,reliable_global,stolfi_inspired_signature,NG|S_OEL|T_in,global=global,R06
3827,"f67r2.19,@Pb",f67r2,1677,3,ar,R06,A,,4,paragraph_start,reliable_global,surface_token,ar,global=global,R06
3828,"f67r2.19,@Pb",f67r2,1677,4,amy,R00,A,,4,paragraph_start,low_reliability_or_unassigned,,,,
3829,"f67r2.2,&L0",f67r2,1660,1,ykecho,R06,A,,4,&L,low_reliability_or_unassigned,,,,
3830,"f67r2.2,&L0",f67r2,1660,2,ols,R00,A,,4,&L,low_reliability_or_unassigned,,,,
3831,"f67r2.2,&L0",f67r2,1660,3,eesydy,R00,A,,4,&L,low_reliability_or_unassigned,,,,
3832,"f67r2.20,+Pb",f67r2,1678,1,chocfhy,R00,A,,4,paragraph_continuation,reliable_environment_sensitive,broad_shape,OXGX|y,global=global,R00
3833,"f67r2.20,+Pb",f67r2,1678,2,saral,R06,A,,4,paragraph_continuation,low_reliability_or_unassigned,,,,
3834,"f67r2.21,+Pb",f67r2,1679,1,sain,R06,A,,4,paragraph_continuation,reliable_global,stolfi_inspired_signature,NG|S_OEL|T_in,global=global,R06
3835,"f67r2.21,+Pb",f67r2,1679,2,am,R06,A,,4,paragraph_continuation,low_reliability_or_unassigned,,,,
3836,"f67r2.21,+Pb",f67r2,1679,3,ar,R06,A,,4,paragraph_continuation,reliable_global,surface_token,ar,global=global,R06
3837,"f67r2.22,+L0",f67r2,1680,1,okal,R07,A,,4,+L,reliable_global,surface_token,okal,global=global,R07
3838,"f67r2.24,+Pb",f67r2,1682,1,sodar,R06,A,,4,paragraph_continuation,low_reliability_or_unassigned,,,,
3839,"f67r2.24,+Pb",f67r2,1682,2,ofar,R00,A,,4,paragraph_continuation,low_reliability_or_unassigned,,,,
3840,"f67r2.24,+Pb",f67r2,1682,3,ar,R06,A,,4,paragraph_continuation,reliable_global,surface_token,ar,global=global,R06
3841,"f67r2.25,+Pb",f67r2,1683,1,ydam,R06,A,,4,paragraph_continuation,low_reliability_or_unassigned,,,,
3842,"f67r2.26,@Pb",f67r2,1684,1,yteoor,R06,A,,4,paragraph_start,low_reliability_or_unassigned,,,,
3843,"f67r2.26,@Pb",f67r2,1684,2,yto,R06,A,,4,paragraph_start,low_reliability_or_unassigned,,,,
3844,"f67r2.26,@Pb",f67r2,1684,3,ykor,R06,A,,4,paragraph_start,low_reliability_or_unassigned,,,,
3845,"f67r2.27,+Pb",f67r2,1685,1,okeor,R00,A,,4,paragraph_continuation,low_reliability_or_unassigned,,,,
3846,"f67r2.27,+Pb",f67r2,1685,2,aiin,R06,A,,4,paragraph_continuation,reliable_environment_sensitive,surface_token,aiin,global=global,R06
3847,"f67r2.27,+Pb",f67r2,1685,3,am,R06,A,,4,paragraph_continuation,low_reliability_or_unassigned,,,,
3848,"f67r2.28,+L0",f67r2,1686,1,okain,R10,A,,4,+L,reliable_global,surface_token,okain,global=global,R10
3849,"f67r2.28,+L0",f67r2,1686,2,a,R00,A,,4,+L,good_but_not_reliable_enough,broad_shape,O|NONE,global=global,R00
3850,"f67r2.29,@Pb",f67r2,1687,1,ytody,R00,A,,4,paragraph_start,low_reliability_or_unassigned,,,,
3851,"f67r2.29,@Pb",f67r2,1687,2,saiin,R06,A,,4,paragraph_start,reliable_environment_sensitive,surface_token,saiin,global=global,R06
3852,"f67r2.3,&L0",f67r2,1661,1,ey,R00,A,,4,&L,reliable_global,stolfi_inspired_signature,NG|S_EY|T_y,global=global,R06
3853,"f67r2.3,&L0",f67r2,1661,2,shs,R06,A,,4,&L,reliable_global,broad_shape,X|NONE,global=global,R06
3854,"f67r2.3,&L0",f67r2,1661,3,okar,R03,A,,4,&L,low_reliability_or_unassigned,,,,
3855,"f67r2.30,+Pb",f67r2,1688,1,ochol,R00,A,,4,paragraph_continuation,low_reliability_or_unassigned,,,,
3856,"f67r2.30,+Pb",f67r2,1688,2,olol,R00,A,,4,paragraph_continuation,low_reliability_or_unassigned,,,,
3857,"f67r2.31,+L0",f67r2,1689,1,opcholdy,R07,A,,4,+L,low_reliability_or_unassigned,,,,
3858,"f67r2.33,+Pb",f67r2,1691,1,dokan,R06,A,,4,paragraph_continuation,low_reliability_or_unassigned,,,,
3859,"f67r2.33,+Pb",f67r2,1691,2,oear,R00,A,,4,paragraph_continuation,low_reliability_or_unassigned,,,,
3860,"f67r2.33,+Pb",f67r2,1691,3,odal,R00,A,,4,paragraph_continuation,low_reliability_or_unassigned,,,,
3861,"f67r2.34,+L0",f67r2,1692,1,ofar,R00,A,,4,+L,low_reliability_or_unassigned,,,,
3862,"f67r2.34,+L0",f67r2,1692,2,oeoldan,R00,A,,4,+L,low_reliability_or_unassigned,,,,
3863,"f67r2.35,@Pb",f67r2,1693,1,chol,R07,A,,4,paragraph_start,low_reliability_or_unassigned,,,,
3864,"f67r2.35,@Pb",f67r2,1693,2,iin,R00,A,,4,paragraph_start,low_reliability_or_unassigned,,,,
3865,"f67r2.35,@Pb",f67r2,1693,3,okol,R07,A,,4,paragraph_start,low_reliability_or_unassigned,,,,
3866,"f67r2.36,+Pb",f67r2,1694,1,ytor,R06,A,,4,paragraph_continuation,low_reliability_or_unassigned,,,,
3867,"f67r2.36,+Pb",f67r2,1694,2,daiin,R10,A,,4,paragraph_continuation,good_but_not_reliable_enough,surface_token,daiin,global=global,R10
3868,"f67r2.36,+Pb",f67r2,1694,3,or,R06,A,,4,paragraph_continuation,reliable_global,surface_token,or,global=global,R06
3869,"f67r2.37,+L0",f67r2,1695,1,ytoaiin,R00,A,,4,+L,low_reliability_or_unassigned,,,,
3870,"f67r2.39,+Pb",f67r2,1697,1,sor,R06,A,,4,paragraph_continuation,low_reliability_or_unassigned,,,,
3871,"f67r2.39,+Pb",f67r2,1697,2,chedaiin,R00,A,,4,paragraph_continuation,low_reliability_or_unassigned,,,,
3872,"f67r2.39,+Pb",f67r2,1697,3,dy,R02,A,,4,paragraph_continuation,low_reliability_or_unassigned,,,,
3873,"f67r2.4,&L0",f67r2,1662,1,shekchy,R00,A,,4,&L,low_reliability_or_unassigned,,,,
3874,"f67r2.4,&L0",f67r2,1662,2,sykos,R06,A,,4,&L,low_reliability_or_unassigned,,,,
3875,"f67r2.40,+Pb",f67r2,1698,1,yteos,R06,A,,4,paragraph_continuation,low_reliability_or_unassigned,,,,
3876,"f67r2.40,+Pb",f67r2,1698,2,oiin,R00,A,,4,paragraph_continuation,low_reliability_or_unassigned,,,,
3877,"f67r2.40,+Pb",f67r2,1698,3,og,R00,A,,4,paragraph_continuation,good_but_not_reliable_enough,broad_shape,OX|NONE,global=global,R00
3878,"f67r2.41,@Pb",f67r2,1699,1,ytoeopchey,R00,A,,4,paragraph_start,low_reliability_or_unassigned,,,,
3879,"f67r2.41,@Pb",f67r2,1699,2,chekody,R00,A,,4,paragraph_start,low_reliability_or_unassigned,,,,
3880,"f67r2.42,+Pb",f67r2,1700,1,sosho,R06,A,,4,paragraph_continuation,low_reliability_or_unassigned,,,,
3881,"f67r2.42,+Pb",f67r2,1700,2,chos,R00,A,,4,paragraph_continuation,good_but_not_reliable_enough,broad_shape,OX|NONE,global=global,R00
3882,"f67r2.42,+Pb",f67r2,1700,3,ockhy,R00,A,,4,paragraph_continuation,low_reliability_or_unassigned,,,,
3883,"f67r2.44,@Pb",f67r2,1702,1,ofydy,R00,A,,4,paragraph_start,low_reliability_or_unassigned,,,,
3884,"f67r2.44,@Pb",f67r2,1702,2,sheody,R06,A,,4,paragraph_start,good_but_not_reliable_enough,broad_shape,EO|dy,meta_L=nan,R00
3885,"f67r2.44,@Pb",f67r2,1702,3,aiin,R06,A,,4,paragraph_start,reliable_environment_sensitive,surface_token,aiin,global=global,R06
3886,"f67r2.45,+Pb",f67r2,1703,1,ycheody,R00,A,,4,paragraph_continuation,low_reliability_or_unassigned,,,,
3887,"f67r2.45,+Pb",f67r2,1703,2,es,R00,A,,4,paragraph_continuation,low_reliability_or_unassigned,,,,
3888,"f67r2.45,+Pb",f67r2,1703,3,odaiiin,R00,A,,4,paragraph_continuation,low_reliability_or_unassigned,,,,
3889,"f67r2.46,+Pb",f67r2,1704,1,yekees,R06,A,,4,paragraph_continuation,low_reliability_or_unassigned,,,,
3890,"f67r2.46,+Pb",f67r2,1704,2,oraly,R00,A,,4,paragraph_continuation,low_reliability_or_unassigned,,,,
3891,"f67r2.47,+L0",f67r2,1705,1,yfain,R06,A,,4,+L,low_reliability_or_unassigned,,,,
3892,"f67r2.49,+Pb",f67r2,1707,1,oschoer,R00,A,,4,paragraph_continuation,low_reliability_or_unassigned,,,,
3893,"f67r2.49,+Pb",f67r2,1707,2,aiin,R06,A,,4,paragraph_continuation,reliable_environment_sensitive,surface_token,aiin,global=global,R06
3894,"f67r2.5,&L0",f67r2,1663,1,ykeody,R00,A,,4,&L,low_reliability_or_unassigned,,,,
3895,"f67r2.5,&L0",f67r2,1663,2,okchy,R00,A,,4,&L,low_reliability_or_unassigned,,,,
3896,"f67r2.50,+Pb",f67r2,1708,1,choee,R00,A,,4,paragraph_continuation,low_reliability_or_unassigned,,,,
3897,"f67r2.50,+Pb",f67r2,1708,2,sal,R06,A,,4,paragraph_continuation,low_reliability_or_unassigned,,,,
3898,"f67r2.54,&Ls",f67r2,1712,1,ysaldal,R09,A,,4,&L,low_reliability_or_unassigned,,,,
3899,"f67r2.55,&Ls",f67r2,1713,1,ytodal,R09,A,,4,&L,low_reliability_or_unassigned,,,,
3900,"f67r2.56,&Ls",f67r2,1714,1,tol,R06,A,,4,&L,low_reliability_or_unassigned,,,,
3901,"f67r2.56,&Ls",f67r2,1714,2,daiin,R10,A,,4,&L,good_but_not_reliable_enough,surface_token,daiin,global=global,R10
3902,"f67r2.57,&Ls",f67r2,1715,1,otardy,R00,A,,4,&L,low_reliability_or_unassigned,,,,
3903,"f67r2.59,&Ls",f67r2,1717,1,ytchodly,R00,A,,4,&L,low_reliability_or_unassigned,,,,
3904,"f67r2.6,&L0",f67r2,1664,1,dchetay,R00,A,,4,&L,low_reliability_or_unassigned,,,,
3905,"f67r2.60,&Ls",f67r2,1718,1,octhys,R00,A,,4,&L,low_reliability_or_unassigned,,,,
3906,"f67r2.61,&Ls",f67r2,1719,1,ytokar,R06,A,,4,&L,low_reliability_or_unassigned,,,,
3907,"f67r2.64,@L0",f67r2,1722,1,s,R06,A,,4,label_or_marginal,reliable_global,broad_shape,X|NONE,global=global,R06
3908,"f67r2.64,@L0",f67r2,1722,2,air,R00,A,,4,label_or_marginal,low_reliability_or_unassigned,,,,
3909,"f67r2.66,&L0",f67r2,1724,1,cpheey,R00,A,,4,&L,low_reliability_or_unassigned,,,,
3910,"f67r2.68,&L0",f67r2,1726,1,oepchod,R00,A,,4,&L,low_reliability_or_unassigned,,,,
3911,"f67r2.7,&L0",f67r2,1665,1,ykchy,R06,A,,4,&L,low_reliability_or_unassigned,,,,
3912,"f67r2.7,&L0",f67r2,1665,2,kchey,R06,A,,4,&L,low_reliability_or_unassigned,,,,
3913,"f67r2.7,&L0",f67r2,1665,3,ykchys,R06,A,,4,&L,low_reliability_or_unassigned,,,,
3914,"f67r2.70,&L0",f67r2,1728,1,osar,R00,A,,4,&L,low_reliability_or_unassigned,,,,
3915,"f67r2.71,&L0",f67r2,1729,1,oran,R00,A,,4,&L,low_reliability_or_unassigned,,,,
3916,"f67r2.8,&L0",f67r2,1666,1,chkchdar,R00,A,,4,&L,low_reliability_or_unassigned,,,,
3917,"f67r2.9,&L0",f67r2,1667,1,ykar,R06,A,,4,&L,low_reliability_or_unassigned,,,,
3918,"f67r2.9,&L0",f67r2,1667,2,ykaly,R06,A,,4,&L,low_reliability_or_unassigned,,,,
3919,"f67v1.1,@L0",f67v1,1755,1,damamm,R06,A,,4,label_or_marginal,low_reliability_or_unassigned,,,,
3920,"f67v1.10,&L0",f67v1,1764,1,kochardy,R00,A,,4,&L,low_reliability_or_unassigned,,,,
3921,"f67v1.11,&L0",f67v1,1765,1,ochodare,R00,A,,4,&L,low_reliability_or_unassigned,,,,
3922,"f67v1.12,&L0",f67v1,1766,1,olsaiiny,R00,A,,4,&L,low_reliability_or_unassigned,,,,
3923,"f67v1.13,@Ro",f67v1,1767,1,otorkeol,R00,A,,4,radial/ring_text,low_reliability_or_unassigned,,,,
3924,"f67v1.13,@Ro",f67v1,1767,2,orsheey,R00,A,,4,radial/ring_text,low_reliability_or_unassigned,,,,
3925,"f67v1.13,@Ro",f67v1,1767,3,dary,R06,A,,4,radial/ring_text,low_reliability_or_unassigned,,,,
3926,"f67v1.14,@Ro",f67v1,1768,1,okechey,R00,A,,4,radial/ring_text,low_reliability_or_unassigned,,,,
3927,"f67v1.14,@Ro",f67v1,1768,2,cheody,R00,A,,4,radial/ring_text,good_but_not_reliable_enough,broad_shape,EO|dy,meta_L=nan,R00
3928,"f67v1.14,@Ro",f67v1,1768,3,cheky,R06,A,,4,radial/ring_text,low_reliability_or_unassigned,,,,
3929,"f67v1.16,@Ro",f67v1,1770,1,chockhey,R00,A,,4,radial/ring_text,low_reliability_or_unassigned,,,,
3930,"f67v1.16,@Ro",f67v1,1770,2,chockhy,R00,A,,4,radial/ring_text,reliable_environment_sensitive,broad_shape,OXGX|y,global=global,R00
3931,"f67v1.17,@Ro",f67v1,1771,1,yteeey,R06,A,,4,radial/ring_text,low_reliability_or_unassigned,,,,
3932,"f67v1.17,@Ro",f67v1,1771,2,keeochy,R00,A,,4,radial/ring_text,low_reliability_or_unassigned,,,,
3933,"f67v1.17,@Ro",f67v1,1771,3,dair,R06,A,,4,radial/ring_text,low_reliability_or_unassigned,,,,
3934,"f67v1.17,@Ro",f67v1,1771,4,ockey,R00,A,,4,radial/ring_text,low_reliability_or_unassigned,,,,
3935,"f67v1.18,@Ro",f67v1,1772,1,keechey,R00,A,,4,radial/ring_text,low_reliability_or_unassigned,,,,
3936,"f67v1.18,@Ro",f67v1,1772,2,chy,R00,A,,4,radial/ring_text,reliable_global,stolfi_inspired_signature,NG|S_BY|T_y,global=global,R00
3937,"f67v1.18,@Ro",f67v1,1772,3,koldy,R06,A,,4,radial/ring_text,low_reliability_or_unassigned,,,,
3938,"f67v1.2,&L0",f67v1,1756,1,dairkal,R00,A,,4,&L,low_reliability_or_unassigned,,,,
3939,"f67v1.22,@Ro",f67v1,1776,1,opcheey,R00,A,,4,radial/ring_text,low_reliability_or_unassigned,,,,
3940,"f67v1.22,@Ro",f67v1,1776,2,chso,R00,A,,4,radial/ring_text,low_reliability_or_unassigned,,,,
3941,"f67v1.22,@Ro",f67v1,1776,3,cheey,R06,A,,4,radial/ring_text,reliable_global,stolfi_inspired_signature,NG|S_EY|T_ey,global=global,R06
3942,"f67v1.22,@Ro",f67v1,1776,4,chedaly,R00,A,,4,radial/ring_text,low_reliability_or_unassigned,,,,
3943,"f67v1.24,@Ro",f67v1,1778,1,osheey,R00,A,,4,radial/ring_text,low_reliability_or_unassigned,,,,
3944,"f67v1.24,@Ro",f67v1,1778,2,keeody,R06,A,,4,radial/ring_text,low_reliability_or_unassigned,,,,
3945,"f67v1.24,@Ro",f67v1,1778,3,cheedals,R09,A,,4,radial/ring_text,low_reliability_or_unassigned,,,,
3946,"f67v1.27,@Ro",f67v1,1781,1,okeeodaiin,R00,A,,4,radial/ring_text,low_reliability_or_unassigned,,,,
3947,"f67v1.27,@Ro",f67v1,1781,2,saii,R06,A,,4,radial/ring_text,low_reliability_or_unassigned,,,,
3948,"f67v1.27,@Ro",f67v1,1781,3,dairal,R06,A,,4,radial/ring_text,low_reliability_or_unassigned,,,,
3949,"f67v1.28,@Ro",f67v1,1782,1,oksheeody,R00,A,,4,radial/ring_text,low_reliability_or_unassigned,,,,
3950,"f67v1.28,@Ro",f67v1,1782,2,or,R06,A,,4,radial/ring_text,reliable_global,surface_token,or,global=global,R06
3951,"f67v1.28,@Ro",f67v1,1782,3,aral,R00,A,,4,radial/ring_text,low_reliability_or_unassigned,,,,
3952,"f67v1.29,@Ro",f67v1,1783,1,olar,R00,A,,4,radial/ring_text,low_reliability_or_unassigned,,,,
3953,"f67v1.29,@Ro",f67v1,1783,2,aroky,R00,A,,4,radial/ring_text,low_reliability_or_unassigned,,,,
3954,"f67v1.3,&L0",f67v1,1757,1,okal,R07,A,,4,&L,reliable_global,surface_token,okal,global=global,R07
3955,"f67v1.3,&L0",f67v1,1757,2,ary,R00,A,,4,&L,low_reliability_or_unassigned,,,,
3956,"f67v1.4,&L0",f67v1,1758,1,dar,R06,A,,4,&L,reliable_global,surface_token,dar,global=global,R06
3957,"f67v1.4,&L0",f67v1,1758,2,echkalal,R00,A,,4,&L,low_reliability_or_unassigned,,,,
3958,"f67v1.6,&L0",f67v1,1760,1,dchesykchy,R00,A,,4,&L,low_reliability_or_unassigned,,,,
3959,"f67v1.7,&L0",f67v1,1761,1,ykeodar,R00,A,,4,&L,low_reliability_or_unassigned,,,,
3960,"f67v1.8,&L0",f67v1,1762,1,deeeoskol,R00,A,,4,&L,low_reliability_or_unassigned,,,,
3961,"f67v1.9,&L0",f67v1,1763,1,ockhosam,R00,A,,4,&L,low_reliability_or_unassigned,,,,
3962,"f67v2.1,@La",f67v2,1733,1,otchdy,R00,C,,4,label_or_marginal,low_reliability_or_unassigned,,,,
3963,"f67v2.11,@Ro",f67v2,1743,1,dcheeor,R00,C,,4,radial/ring_text,low_reliability_or_unassigned,,,,
3964,"f67v2.11,@Ro",f67v2,1743,2,ochepalain,R00,C,,4,radial/ring_text,low_reliability_or_unassigned,,,,
3965,"f67v2.14,@Ri",f67v2,1746,1,or,R06,C,,4,radial/ring_text,reliable_global,surface_token,or,global=global,R06
3966,"f67v2.14,@Ri",f67v2,1746,2,ykaly,R06,C,,4,radial/ring_text,low_reliability_or_unassigned,,,,
3967,"f67v2.14,@Ri",f67v2,1746,3,char,R11,C,,4,radial/ring_text,low_reliability_or_unassigned,,,,
3968,"f67v2.16,@Ri",f67v2,1748,1,okar,R03,C,,4,radial/ring_text,low_reliability_or_unassigned,,,,
3969,"f67v2.16,@Ri",f67v2,1748,2,alet,R00,C,,4,radial/ring_text,low_reliability_or_unassigned,,,,
3970,"f67v2.16,@Ri",f67v2,1748,3,olkao,R00,C,,4,radial/ring_text,low_reliability_or_unassigned,,,,
3971,"f67v2.18,@Ri",f67v2,1750,1,okeeey,R00,C,,4,radial/ring_text,low_reliability_or_unassigned,,,,
3972,"f67v2.18,@Ri",f67v2,1750,2,oekchdy,R00,C,,4,radial/ring_text,low_reliability_or_unassigned,,,,
3973,"f67v2.19,@La",f67v2,1751,1,soaiin,R06,C,,4,label_or_marginal,low_reliability_or_unassigned,,,,
3974,"f67v2.19,@La",f67v2,1751,2,dalam,R06,C,,4,label_or_marginal,low_reliability_or_unassigned,,,,
3975,"f67v2.2,@La",f67v2,1734,1,otararain,R00,C,,4,label_or_marginal,low_reliability_or_unassigned,,,,
3976,"f67v2.21,@La",f67v2,1753,1,oko,R00,C,,4,label_or_marginal,low_reliability_or_unassigned,,,,
3977,"f67v2.22,@La",f67v2,1754,1,okchosam,R00,C,,4,label_or_marginal,low_reliability_or_unassigned,,,,
3978,"f67v2.6,+Pb",f67v2,1738,1,ykaralam,R00,C,,4,paragraph_continuation,low_reliability_or_unassigned,,,,
3979,"f67v2.6,+Pb",f67v2,1738,2,olalade,R00,C,,4,paragraph_continuation,low_reliability_or_unassigned,,,,
3980,"f67v2.6,+Pb",f67v2,1738,3,odam,R00,C,,4,paragraph_continuation,low_reliability_or_unassigned,,,,
3981,"f67v2.8,+Pb",f67v2,1740,1,solair,R06,C,,4,paragraph_continuation,low_reliability_or_unassigned,,,,
3982,"f67v2.8,+Pb",f67v2,1740,2,cphey,R00,C,,4,paragraph_continuation,low_reliability_or_unassigned,,,,
3983,"f67v2.8,+Pb",f67v2,1740,3,solal,R06,C,,4,paragraph_continuation,low_reliability_or_unassigned,,,,
3984,"f67v2.8,+Pb",f67v2,1740,4,daly,R09,C,,4,paragraph_continuation,low_reliability_or_unassigned,,,,
3985,"f68r1.10,@Ls",f68r1,1793,1,otcheody,R00,A,,4,label_or_marginal,low_reliability_or_unassigned,,,,
3986,"f68r1.11,@Ls",f68r1,1794,1,okoaly,R00,A,,4,label_or_marginal,low_reliability_or_unassigned,,,,
3987,"f68r1.12,@Ls",f68r1,1795,1,chocfhy,R00,A,,4,label_or_marginal,reliable_environment_sensitive,broad_shape,OXGX|y,global=global,R00
3988,"f68r1.13,@Ls",f68r1,1796,1,octhey,R00,A,,4,label_or_marginal,low_reliability_or_unassigned,,,,
3989,"f68r1.14,@Ls",f68r1,1797,1,otshey,R00,A,,4,label_or_marginal,low_reliability_or_unassigned,,,,
3990,"f68r1.15,@Ls",f68r1,1798,1,otydy,R00,A,,4,label_or_marginal,low_reliability_or_unassigned,,,,
3991,"f68r1.16,@Ls",f68r1,1799,1,okear,R00,A,,4,label_or_marginal,low_reliability_or_unassigned,,,,
3992,"f68r1.18,@Ls",f68r1,1801,1,ytchody,R00,A,,4,label_or_marginal,low_reliability_or_unassigned,,,,
3993,"f68r1.19,@Ls",f68r1,1802,1,otys,R00,A,,4,label_or_marginal,low_reliability_or_unassigned,,,,
3994,"f68r1.20,@Ls",f68r1,1803,1,olor,R00,A,,4,label_or_marginal,low_reliability_or_unassigned,,,,
3995,"f68r1.21,@Ls",f68r1,1804,1,ockhy,R00,A,,4,label_or_marginal,low_reliability_or_unassigned,,,,
3996,"f68r1.22,@Ls",f68r1,1805,1,ofcheor,R00,A,,4,label_or_marginal,low_reliability_or_unassigned,,,,
3997,"f68r1.24,@Ls",f68r1,1807,1,otykchs,R00,A,,4,label_or_marginal,low_reliability_or_unassigned,,,,
3998,"f68r1.26,@Ls",f68r1,1809,1,otor,R00,A,,4,label_or_marginal,low_reliability_or_unassigned,,,,
3999,"f68r1.27,@Ls",f68r1,1810,1,oiinar,R00,A,,4,label_or_marginal,low_reliability_or_unassigned,,,,
4000,"f68r1.28,@Ls",f68r1,1811,1,okoldy,R00,A,,4,label_or_marginal,low_reliability_or_unassigned,,,,
4001,"f68r1.29,@Ls",f68r1,1812,1,ykchdy,R00,A,,4,label_or_marginal,low_reliability_or_unassigned,,,,
4002,"f68r1.31,@Ls",f68r1,1814,1,ocphy,R00,A,,4,label_or_marginal,low_reliability_or_unassigned,,,,
4003,"f68r1.32,@Ls",f68r1,1815,1,okeeodal,R00,A,,4,label_or_marginal,low_reliability_or_unassigned,,,,
4004,"f68r1.33,@Ls",f68r1,1816,1,okshor,R00,A,,4,label_or_marginal,low_reliability_or_unassigned,,,,
4005,"f68r1.34,@Ls",f68r1,1817,1,osdaiin,R10,A,,4,label_or_marginal,low_reliability_or_unassigned,,,,
4006,"f68r1.35,@Ls",f68r1,1818,1,otochedy,R00,A,,4,label_or_marginal,low_reliability_or_unassigned,,,,
4007,"f68r1.36,@Ls",f68r1,1819,1,dolchedy,R00,A,,4,label_or_marginal,low_reliability_or_unassigned,,,,
4008,"f68r1.37,@Cc",f68r1,1820,1,oky,R00,A,,4,circular/diagram_text,reliable_environment_sensitive,surface_token,oky,global=global,R00
4009,"f68r1.37,@Cc",f68r1,1820,2,okchdy,R00,A,,4,circular/diagram_text,low_reliability_or_unassigned,,,,
4010,"f68r1.37,@Cc",f68r1,1820,3,okardy,R03,A,,4,circular/diagram_text,low_reliability_or_unassigned,,,,
4011,"f68r1.37,@Cc",f68r1,1820,4,qear,R00,A,,4,circular/diagram_text,low_reliability_or_unassigned,,,,
4012,"f68r1.37,@Cc",f68r1,1820,5,oygy,R00,A,,4,circular/diagram_text,low_reliability_or_unassigned,,,,
4013,"f68r1.4,+P0",f68r1,1787,1,dchor,R06,A,,4,paragraph_continuation,low_reliability_or_unassigned,,,,
4014,"f68r1.4,+P0",f68r1,1787,2,okaiiin,R00,A,,4,paragraph_continuation,low_reliability_or_unassigned,,,,
4015,"f68r1.5,@Pb",f68r1,1788,1,yky,R06,A,,4,paragraph_start,low_reliability_or_unassigned,,,,
4016,"f68r1.6,+Pb",f68r1,1789,1,dary,R06,A,,4,paragraph_continuation,low_reliability_or_unassigned,,,,
4017,"f68r1.7,+Pb",f68r1,1790,1,chkchykoly,R00,A,,4,paragraph_continuation,low_reliability_or_unassigned,,,,
4018,"f68r1.8,@Ls",f68r1,1791,1,okodaly,R00,A,,4,label_or_marginal,low_reliability_or_unassigned,,,,
4019,"f68r1.9,@Ls",f68r1,1792,1,odchecthy,R00,A,,4,label_or_marginal,low_reliability_or_unassigned,,,,
4020,"f68r2.1,@P0",f68r2,1821,1,tsheeor,R00,A,,4,paragraph_start,low_reliability_or_unassigned,,,,
4021,"f68r2.1,@P0",f68r2,1821,2,chor,R11,A,,4,paragraph_start,low_reliability_or_unassigned,,,,
4022,"f68r2.1,@P0",f68r2,1821,3,shealdar,R00,A,,4,paragraph_start,low_reliability_or_unassigned,,,,
4023,"f68r2.1,@P0",f68r2,1821,4,opchey,R00,A,,4,paragraph_start,low_reliability_or_unassigned,,,,
4024,"f68r2.1,@P0",f68r2,1821,5,oeecthy,R00,A,,4,paragraph_start,good_but_not_reliable_enough,broad_shape,EXGX|y,global=global,R00
4025,"f68r2.1,@P0",f68r2,1821,6,sheol,R06,A,,4,paragraph_start,good_but_not_reliable_enough,surface_token,sheol,global=global,R06
4026,"f68r2.1,@P0",f68r2,1821,7,dokechy,R00,A,,4,paragraph_start,low_reliability_or_unassigned,,,,
4027,"f68r2.1,@P0",f68r2,1821,8,otcheoly,R00,A,,4,paragraph_start,low_reliability_or_unassigned,,,,
4028,"f68r2.10,@Ls",f68r2,1830,1,ochory,R00,A,,4,label_or_marginal,low_reliability_or_unassigned,,,,
4029,"f68r2.11,@Ls",f68r2,1831,1,shdar,R06,A,,4,label_or_marginal,low_reliability_or_unassigned,,,,
4030,"f68r2.12,@Ls",f68r2,1832,1,dchol,R06,A,,4,label_or_marginal,low_reliability_or_unassigned,,,,
4031,"f68r2.13,@Ls",f68r2,1833,1,todaraiily,R00,A,,4,label_or_marginal,low_reliability_or_unassigned,,,,
4032,"f68r2.14,@Ls",f68r2,1834,1,olcheesey,R00,A,,4,label_or_marginal,low_reliability_or_unassigned,,,,
4033,"f68r2.15,@Ls",f68r2,1835,1,okchor,R00,A,,4,label_or_marginal,low_reliability_or_unassigned,,,,
4034,"f68r2.17,@Ls",f68r2,1837,1,oydchy,R00,A,,4,label_or_marginal,low_reliability_or_unassigned,,,,
4035,"f68r2.18,@Ls",f68r2,1838,1,okeeeody,R00,A,,4,label_or_marginal,good_but_not_reliable_enough,broad_shape,EO|dy,meta_L=nan,R00
4036,"f68r2.19,@Ls",f68r2,1839,1,cholar,R07,A,,4,label_or_marginal,low_reliability_or_unassigned,,,,
4037,"f68r2.20,@Ls",f68r2,1840,1,dcheoldy,R00,A,,4,label_or_marginal,low_reliability_or_unassigned,,,,
4038,"f68r2.22,@Ls",f68r2,1842,1,otoeeo,R00,A,,4,label_or_marginal,low_reliability_or_unassigned,,,,
4039,"f68r2.23,@Ls",f68r2,1843,1,ofcheody,R00,A,,4,label_or_marginal,low_reliability_or_unassigned,,,,
4040,"f68r2.24,@Ls",f68r2,1844,1,otcheodar,R00,A,,4,label_or_marginal,low_reliability_or_unassigned,,,,
4041,"f68r2.25,@Ls",f68r2,1845,1,odair,R00,A,,4,label_or_marginal,low_reliability_or_unassigned,,,,
4042,"f68r2.25,@Ls",f68r2,1845,2,chol,R07,A,,4,label_or_marginal,low_reliability_or_unassigned,,,,
4043,"f68r2.26,@Ls",f68r2,1846,1,opocphor,R00,A,,4,label_or_marginal,low_reliability_or_unassigned,,,,
4044,"f68r2.27,@Ls",f68r2,1847,1,otoshol,R00,A,,4,label_or_marginal,low_reliability_or_unassigned,,,,
4045,"f68r2.28,@Ls",f68r2,1848,1,chodar,R00,A,,4,label_or_marginal,low_reliability_or_unassigned,,,,
4046,"f68r2.29,@Ls",f68r2,1849,1,sheey,R06,A,,4,label_or_marginal,reliable_global,stolfi_inspired_signature,NG|S_EY|T_ey,global=global,R06
4047,"f68r2.5,+P0",f68r2,1825,1,kcheoey,R00,A,,4,paragraph_continuation,low_reliability_or_unassigned,,,,
4048,"f68r2.5,+P0",f68r2,1825,2,cheody,R00,A,,4,paragraph_continuation,good_but_not_reliable_enough,broad_shape,EO|dy,meta_L=nan,R00
4049,"f68r2.5,+P0",f68r2,1825,3,sain,R06,A,,4,paragraph_continuation,reliable_global,stolfi_inspired_signature,NG|S_OEL|T_in,global=global,R06
4050,"f68r2.5,+P0",f68r2,1825,4,ykeody,R00,A,,4,paragraph_continuation,low_reliability_or_unassigned,,,,
4051,"f68r2.5,+P0",f68r2,1825,5,chykchy,R00,A,,4,paragraph_continuation,low_reliability_or_unassigned,,,,
4052,"f68r2.8,@Ls",f68r2,1828,1,cheorol,R00,A,,4,label_or_marginal,low_reliability_or_unassigned,,,,
4053,"f68r2.9,@Ls",f68r2,1829,1,odaiin,R10,A,,4,label_or_marginal,low_reliability_or_unassigned,,,,
4054,"f68r3.11,@Ls",f68r3,1862,1,doaro,R06,A,,4,label_or_marginal,low_reliability_or_unassigned,,,,
4055,"f68r3.12,@La",f68r3,1863,1,oalcheol,R00,A,,4,label_or_marginal,low_reliability_or_unassigned,,,,
4056,"f68r3.13,@Ls",f68r3,1864,1,okos,R00,A,,4,label_or_marginal,good_but_not_reliable_enough,broad_shape,OX|NONE,global=global,R00
4057,"f68r3.14,=Ls",f68r3,1865,1,otary,R00,A,,4,=L,low_reliability_or_unassigned,,,,
4058,"f68r3.15,@Ls",f68r3,1866,1,chky,R00,A,,4,label_or_marginal,low_reliability_or_unassigned,,,,
4059,"f68r3.15,@Ls",f68r3,1866,2,oky,R00,A,,4,label_or_marginal,reliable_environment_sensitive,surface_token,oky,global=global,R00
4060,"f68r3.16,+Ls",f68r3,1867,1,e,R00,A,,4,+L,low_reliability_or_unassigned,,,,
4061,"f68r3.16,+Ls",f68r3,1867,2,cphy,R00,A,,4,+L,low_reliability_or_unassigned,,,,
4062,"f68r3.17,+Ls",f68r3,1868,1,okolchy,R00,A,,4,+L,low_reliability_or_unassigned,,,,
4063,"f68r3.19,+Ls",f68r3,1870,1,otydg,R00,A,,4,+L,low_reliability_or_unassigned,,,,
4064,"f68r3.2,@Ri",f68r3,1853,1,toees,R06,A,,4,radial/ring_text,low_reliability_or_unassigned,,,,
4065,"f68r3.2,@Ri",f68r3,1853,2,ykeoshe,R00,A,,4,radial/ring_text,low_reliability_or_unassigned,,,,
4066,"f68r3.2,@Ri",f68r3,1853,3,qokolchey,H08,A,,4,radial/ring_text,low_reliability_or_unassigned,,,,
4067,"f68r3.2,@Ri",f68r3,1853,4,qokchdy,H09,A,,4,radial/ring_text,low_reliability_or_unassigned,,,,
4068,"f68r3.20,=Ls",f68r3,1871,1,darall,R06,A,,4,=L,low_reliability_or_unassigned,,,,
4069,"f68r3.21,*Ls",f68r3,1872,1,okchody,R00,A,,4,label_or_marginal,low_reliability_or_unassigned,,,,
4070,"f68r3.22,@Cc",f68r3,1873,1,otcheody,R00,A,,4,circular/diagram_text,low_reliability_or_unassigned,,,,
4071,"f68r3.22,@Cc",f68r3,1873,2,chokchy,R00,A,,4,circular/diagram_text,low_reliability_or_unassigned,,,,
4072,"f68r3.22,@Cc",f68r3,1873,3,okol,R07,A,,4,circular/diagram_text,low_reliability_or_unassigned,,,,
4073,"f68r3.22,@Cc",f68r3,1873,4,cheol,R00,A,,4,circular/diagram_text,low_reliability_or_unassigned,,,,
4074,"f68r3.22,@Cc",f68r3,1873,5,dar,R06,A,,4,circular/diagram_text,reliable_global,surface_token,dar,global=global,R06
4075,"f68r3.22,@Cc",f68r3,1873,6,cho,R00,A,,4,circular/diagram_text,low_reliability_or_unassigned,,,,
4076,"f68r3.22,@Cc",f68r3,1873,7,keol,R06,A,,4,circular/diagram_text,low_reliability_or_unassigned,,,,
4077,"f68r3.22,@Cc",f68r3,1873,8,dolaiin,R00,A,,4,circular/diagram_text,low_reliability_or_unassigned,,,,
4078,"f68r3.22,@Cc",f68r3,1873,9,okeol,R06,A,,4,circular/diagram_text,low_reliability_or_unassigned,,,,
4079,"f68r3.22,@Cc",f68r3,1873,10,oly,R06,A,,4,circular/diagram_text,good_but_not_reliable_enough,surface_token,oly,global=global,R06
4080,"f68r3.4,@Ri",f68r3,1855,1,dchykchy,R00,A,,4,radial/ring_text,low_reliability_or_unassigned,,,,
4081,"f68r3.4,@Ri",f68r3,1855,2,daiir,R06,A,,4,radial/ring_text,low_reliability_or_unassigned,,,,
4082,"f68r3.4,@Ri",f68r3,1855,3,chok,R00,A,,4,radial/ring_text,low_reliability_or_unassigned,,,,
4083,"f68r3.4,@Ri",f68r3,1855,4,ockhydar,R00,A,,4,radial/ring_text,low_reliability_or_unassigned,,,,
4084,"f68v1.6,@Ro",f68v1,1916,1,okechdaral,R00,A,,4,radial/ring_text,low_reliability_or_unassigned,,,,
4085,"f68v1.8,@Ro",f68v1,1918,1,okeey,R06,A,,4,radial/ring_text,low_reliability_or_unassigned,,,,
4086,"f68v1.8,@Ro",f68v1,1918,2,chek,R00,A,,4,radial/ring_text,low_reliability_or_unassigned,,,,
4087,"f68v1.8,@Ro",f68v1,1918,3,chekeys,R00,A,,4,radial/ring_text,low_reliability_or_unassigned,,,,
4088,"f68v1.9,@Ro",f68v1,1919,1,dar,R06,A,,4,radial/ring_text,reliable_global,surface_token,dar,global=global,R06
4089,"f68v1.9,@Ro",f68v1,1919,2,shes,R06,A,,4,radial/ring_text,low_reliability_or_unassigned,,,,
4090,"f68v1.9,@Ro",f68v1,1919,3,shokey,R06,A,,4,radial/ring_text,low_reliability_or_unassigned,,,,
4091,"f68v2.10,@Ro",f68v2,1902,1,socths,R06,A,,4,radial/ring_text,low_reliability_or_unassigned,,,,
4092,"f68v2.10,@Ro",f68v2,1902,2,chety,R00,A,,4,radial/ring_text,low_reliability_or_unassigned,,,,
4093,"f68v2.12,@Ro",f68v2,1904,1,yteody,R00,A,,4,radial/ring_text,low_reliability_or_unassigned,,,,
4094,"f68v2.12,@Ro",f68v2,1904,2,chetey,R00,A,,4,radial/ring_text,low_reliability_or_unassigned,,,,
4095,"f68v2.14,@Ro",f68v2,1906,1,otchdy,R00,A,,4,radial/ring_text,low_reliability_or_unassigned,,,,
4096,"f68v2.14,@Ro",f68v2,1906,2,chetal,R00,A,,4,radial/ring_text,low_reliability_or_unassigned,,,,
4097,"f68v2.15,@Ro",f68v2,1907,1,adairchdy,R00,A,,4,radial/ring_text,low_reliability_or_unassigned,,,,
4098,"f68v2.15,@Ro",f68v2,1907,2,aiin,R06,A,,4,radial/ring_text,reliable_environment_sensitive,surface_token,aiin,global=global,R06
4099,"f68v2.16,@Ro",f68v2,1908,1,dchedal,R09,A,,4,radial/ring_text,low_reliability_or_unassigned,,,,
4100,"f68v2.16,@Ro",f68v2,1908,2,daiin,R10,A,,4,radial/ring_text,good_but_not_reliable_enough,surface_token,daiin,global=global,R10
4101,"f68v2.17,@Ro",f68v2,1909,1,ykeeepol,R00,A,,4,radial/ring_text,low_reliability_or_unassigned,,,,
4102,"f68v2.17,@Ro",f68v2,1909,2,ypchy,R06,A,,4,radial/ring_text,low_reliability_or_unassigned,,,,
4103,"f68v2.4,+P0",f68v2,1896,1,okeey,R06,A,,4,paragraph_continuation,low_reliability_or_unassigned,,,,
4104,"f68v2.4,+P0",f68v2,1896,2,sheoy,R06,A,,4,paragraph_continuation,low_reliability_or_unassigned,,,,
4105,"f68v2.4,+P0",f68v2,1896,3,keol,R06,A,,4,paragraph_continuation,low_reliability_or_unassigned,,,,
4106,"f68v2.4,+P0",f68v2,1896,4,ycheety,R00,A,,4,paragraph_continuation,low_reliability_or_unassigned,,,,
4107,"f68v2.4,+P0",f68v2,1896,5,okeody,R00,A,,4,paragraph_continuation,good_but_not_reliable_enough,broad_shape,EO|dy,meta_L=nan,R00
4108,"f68v2.4,+P0",f68v2,1896,6,shey,R06,A,,4,paragraph_continuation,reliable_global,stolfi_inspired_signature,NG|S_EY|T_y,global=global,R06
4109,"f68v2.4,+P0",f68v2,1896,7,qokey,H08,A,,4,paragraph_continuation,low_reliability_or_unassigned,,,,
4110,"f68v2.4,+P0",f68v2,1896,8,chol,R07,A,,4,paragraph_continuation,low_reliability_or_unassigned,,,,
4111,"f68v2.4,+P0",f68v2,1896,9,chekody,R00,A,,4,paragraph_continuation,low_reliability_or_unassigned,,,,
4112,"f68v2.8,@Ro",f68v2,1900,1,otosey,R00,A,,4,radial/ring_text,low_reliability_or_unassigned,,,,
4113,"f68v2.8,@Ro",f68v2,1900,2,sary,R06,A,,4,radial/ring_text,low_reliability_or_unassigned,,,,
4114,"f68v2.9,@Ro",f68v2,1901,1,yshesas,R00,A,,4,radial/ring_text,low_reliability_or_unassigned,,,,
4115,"f68v2.9,@Ro",f68v2,1901,2,ar,R06,A,,4,radial/ring_text,reliable_global,surface_token,ar,global=global,R06
4116,"f68v2.9,@Ro",f68v2,1901,3,shy,R06,A,,4,radial/ring_text,reliable_global,broad_shape,X|y,global=global,R06
4117,"f68v3.13,@Ri",f68v3,1886,1,ydaiil,R06,C,,4,radial/ring_text,low_reliability_or_unassigned,,,,
4118,"f68v3.13,@Ri",f68v3,1886,2,ol,R06,C,,4,radial/ring_text,reliable_environment_sensitive,surface_token,ol,global=global,R06
4119,"f68v3.13,@Ri",f68v3,1886,3,chek,R00,C,,4,radial/ring_text,low_reliability_or_unassigned,,,,
4120,"f68v3.13,@Ri",f68v3,1886,4,okchyd,R00,C,,4,radial/ring_text,low_reliability_or_unassigned,,,,
4121,"f68v3.14,@Cc",f68v3,1887,1,okosy,R00,C,,4,circular/diagram_text,low_reliability_or_unassigned,,,,
4122,"f68v3.14,@Cc",f68v3,1887,2,okchy,R00,C,,4,circular/diagram_text,low_reliability_or_unassigned,,,,
4123,"f68v3.14,@Cc",f68v3,1887,3,okol,R07,C,,4,circular/diagram_text,low_reliability_or_unassigned,,,,
4124,"f68v3.14,@Cc",f68v3,1887,4,choekey,R00,C,,4,circular/diagram_text,low_reliability_or_unassigned,,,,
4125,"f68v3.14,@Cc",f68v3,1887,5,okeoeeey,R00,C,,4,circular/diagram_text,low_reliability_or_unassigned,,,,
4126,"f68v3.14,@Cc",f68v3,1887,6,ol,R06,C,,4,circular/diagram_text,reliable_environment_sensitive,surface_token,ol,global=global,R06
4127,"f68v3.14,@Cc",f68v3,1887,7,yko,R06,C,,4,circular/diagram_text,low_reliability_or_unassigned,,,,
4128,"f68v3.14,@Cc",f68v3,1887,8,otairo,R00,C,,4,circular/diagram_text,low_reliability_or_unassigned,,,,
4129,"f68v3.14,@Cc",f68v3,1887,9,orol,R00,C,,4,circular/diagram_text,low_reliability_or_unassigned,,,,
4130,"f68v3.14,@Cc",f68v3,1887,10,orkeeey,R00,C,,4,circular/diagram_text,low_reliability_or_unassigned,,,,
4131,"f68v3.14,@Cc",f68v3,1887,11,olkeeoly,R00,C,,4,circular/diagram_text,low_reliability_or_unassigned,,,,
4132,"f68v3.14,@Cc",f68v3,1887,12,ykeeol,R06,C,,4,circular/diagram_text,low_reliability_or_unassigned,,,,
4133,"f68v3.15,@L0",f68v3,1888,1,otodol,R00,C,,4,label_or_marginal,low_reliability_or_unassigned,,,,
4134,"f68v3.16,=L0",f68v3,1889,1,opcholdg,R00,C,,4,=L,low_reliability_or_unassigned,,,,
4135,"f68v3.7,@Ri",f68v3,1880,1,r,R00,C,,4,radial/ring_text,low_reliability_or_unassigned,,,,
4136,"f68v3.7,@Ri",f68v3,1880,2,al,R06,C,,4,radial/ring_text,reliable_environment_sensitive,surface_token,al,global=global,R06
4137,"f68v3.7,@Ri",f68v3,1880,3,chdail,R00,C,,4,radial/ring_text,low_reliability_or_unassigned,,,,
4138,"f68v3.7,@Ri",f68v3,1880,4,schekol,R00,C,,4,radial/ring_text,low_reliability_or_unassigned,,,,
4139,"f68v3.7,@Ri",f68v3,1880,5,okeody,R00,C,,4,radial/ring_text,good_but_not_reliable_enough,broad_shape,EO|dy,meta_L=nan,R00
4140,"f69r.10,&L0",f69r,1930,1,ytal,R06,C,,4,&L,low_reliability_or_unassigned,,,,
4141,"f69r.10,&L0",f69r,1930,2,air,R00,C,,4,&L,low_reliability_or_unassigned,,,,
4142,"f69r.10,&L0",f69r,1930,3,al,R06,C,,4,&L,reliable_environment_sensitive,surface_token,al,global=global,R06
4143,"f69r.11,&L0",f69r,1931,1,shy,R06,C,,4,&L,reliable_global,broad_shape,X|y,global=global,R06
4144,"f69r.11,&L0",f69r,1931,2,chtairy,R00,C,,4,&L,low_reliability_or_unassigned,,,,
4145,"f69r.12,&L0",f69r,1932,1,yt,R06,C,,4,&L,low_reliability_or_unassigned,,,,
4146,"f69r.12,&L0",f69r,1932,2,oetear,R00,C,,4,&L,low_reliability_or_unassigned,,,,
4147,"f69r.13,&L0",f69r,1933,1,ytey,R06,C,,4,&L,low_reliability_or_unassigned,,,,
4148,"f69r.13,&L0",f69r,1933,2,cholam,R07,C,,4,&L,low_reliability_or_unassigned,,,,
4149,"f69r.15,&L0",f69r,1935,1,okair,R00,C,,4,&L,low_reliability_or_unassigned,,,,
4150,"f69r.15,&L0",f69r,1935,2,osair,R00,C,,4,&L,low_reliability_or_unassigned,,,,
4151,"f69r.16,&L0",f69r,1936,1,chytos,R00,C,,4,&L,low_reliability_or_unassigned,,,,
4152,"f69r.16,&L0",f69r,1936,2,ly,R00,C,,4,&L,low_reliability_or_unassigned,,,,
4153,"f69r.17,&L0",f69r,1937,1,chetar,R00,C,,4,&L,low_reliability_or_unassigned,,,,
4154,"f69r.17,&L0",f69r,1937,2,araly,R00,C,,4,&L,low_reliability_or_unassigned,,,,
4155,"f69r.19,&L0",f69r,1939,1,daldaiin,R09,C,,4,&L,low_reliability_or_unassigned,,,,
4156,"f69r.19,&L0",f69r,1939,2,otalam,R00,C,,4,&L,low_reliability_or_unassigned,,,,
4157,"f69r.20,&L0",f69r,1940,1,ytcheodytor,R00,C,,4,&L,low_reliability_or_unassigned,,,,
4158,"f69r.21,@Ro",f69r,1941,1,chodchy,R00,C,,4,radial/ring_text,low_reliability_or_unassigned,,,,
4159,"f69r.21,@Ro",f69r,1941,2,chotal,R00,C,,4,radial/ring_text,low_reliability_or_unassigned,,,,
4160,"f69r.25,@Ro",f69r,1945,1,ykeey,R06,C,,4,radial/ring_text,low_reliability_or_unassigned,,,,
4161,"f69r.25,@Ro",f69r,1945,2,dal,R09,C,,4,radial/ring_text,reliable_global,surface_token,dal,global=global,R09
4162,"f69r.25,@Ro",f69r,1945,3,oky,R00,C,,4,radial/ring_text,reliable_environment_sensitive,surface_token,oky,global=global,R00
4163,"f69r.27,@Ro",f69r,1947,1,okchol,R07,C,,4,radial/ring_text,low_reliability_or_unassigned,,,,
4164,"f69r.27,@Ro",f69r,1947,2,qokol,H08,C,,4,radial/ring_text,low_reliability_or_unassigned,,,,
4165,"f69r.27,@Ro",f69r,1947,3,daly,R09,C,,4,radial/ring_text,low_reliability_or_unassigned,,,,
4166,"f69r.29,@Ro",f69r,1949,1,dary,R06,C,,4,radial/ring_text,low_reliability_or_unassigned,,,,
4167,"f69r.29,@Ro",f69r,1949,2,dar,R06,C,,4,radial/ring_text,reliable_global,surface_token,dar,global=global,R06
4168,"f69r.29,@Ro",f69r,1949,3,aloly,R00,C,,4,radial/ring_text,low_reliability_or_unassigned,,,,
4169,"f69r.30,@Ro",f69r,1950,1,okeeocthy,R00,C,,4,radial/ring_text,low_reliability_or_unassigned,,,,
4170,"f69r.30,@Ro",f69r,1950,2,okar,R03,C,,4,radial/ring_text,low_reliability_or_unassigned,,,,
4171,"f69r.30,@Ro",f69r,1950,3,ar,R06,C,,4,radial/ring_text,reliable_global,surface_token,ar,global=global,R06
4172,"f69r.32,@Ro",f69r,1952,1,sair,R06,C,,4,radial/ring_text,low_reliability_or_unassigned,,,,
4173,"f69r.32,@Ro",f69r,1952,2,chekey,R00,C,,4,radial/ring_text,low_reliability_or_unassigned,,,,
4174,"f69r.32,@Ro",f69r,1952,3,sairam,R06,C,,4,radial/ring_text,low_reliability_or_unassigned,,,,
4175,"f69r.33,@Ro",f69r,1953,1,okeeo,R00,C,,4,radial/ring_text,low_reliability_or_unassigned,,,,
4176,"f69r.33,@Ro",f69r,1953,2,dal,R09,C,,4,radial/ring_text,reliable_global,surface_token,dal,global=global,R09
4177,"f69r.33,@Ro",f69r,1953,3,okar,R03,C,,4,radial/ring_text,low_reliability_or_unassigned,,,,
4178,"f69r.33,@Ro",f69r,1953,4,a,R00,C,,4,radial/ring_text,good_but_not_reliable_enough,broad_shape,O|NONE,global=global,R00
4179,"f69r.34,@Ro",f69r,1954,1,sol,R06,C,,4,radial/ring_text,good_but_not_reliable_enough,surface_token,sol,global=global,R06
4180,"f69r.34,@Ro",f69r,1954,2,aiir,R00,C,,4,radial/ring_text,low_reliability_or_unassigned,,,,
4181,"f69r.34,@Ro",f69r,1954,3,okeytam,R00,C,,4,radial/ring_text,low_reliability_or_unassigned,,,,
4182,"f69r.36,@Ro",f69r,1956,1,docheeo,R00,C,,4,radial/ring_text,low_reliability_or_unassigned,,,,
4183,"f69r.36,@Ro",f69r,1956,2,kody,R06,C,,4,radial/ring_text,low_reliability_or_unassigned,,,,
4184,"f69r.36,@Ro",f69r,1956,3,sar,R06,C,,4,radial/ring_text,low_reliability_or_unassigned,,,,
4185,"f69r.37,@Ro",f69r,1957,1,dchokey,R00,C,,4,radial/ring_text,low_reliability_or_unassigned,,,,
4186,"f69r.37,@Ro",f69r,1957,2,shkchodyal,R00,C,,4,radial/ring_text,low_reliability_or_unassigned,,,,
4187,"f69r.40,@Ro",f69r,1960,1,okody,R00,C,,4,radial/ring_text,reliable_global,broad_shape,O|dy,global=global,R00
4188,"f69r.40,@Ro",f69r,1960,2,cheody,R00,C,,4,radial/ring_text,good_but_not_reliable_enough,broad_shape,EO|dy,meta_L=nan,R00
4189,"f69r.40,@Ro",f69r,1960,3,sar,R06,C,,4,radial/ring_text,low_reliability_or_unassigned,,,,
4190,"f69r.41,@Ro",f69r,1961,1,chokeod,R00,C,,4,radial/ring_text,low_reliability_or_unassigned,,,,
4191,"f69r.41,@Ro",f69r,1961,2,okeey,R06,C,,4,radial/ring_text,low_reliability_or_unassigned,,,,
4192,"f69r.44,@L0",f69r,1964,1,y,R06,C,,4,label_or_marginal,reliable_global,surface_token,y,global=global,R06
4193,"f69r.45,@L0",f69r,1965,1,d,R06,C,,4,label_or_marginal,low_reliability_or_unassigned,,,,
4194,"f69r.46,@L0",f69r,1966,1,o,R00,C,,4,label_or_marginal,good_but_not_reliable_enough,broad_shape,O|NONE,global=global,R00
4195,"f69r.47,@L0",f69r,1967,1,l,R06,C,,4,label_or_marginal,good_but_not_reliable_enough,surface_token,l,global=global,R06
4196,"f69r.48,@L0",f69r,1968,1,s,R06,C,,4,label_or_marginal,reliable_global,broad_shape,X|NONE,global=global,R06
4197,"f69r.6,&L0",f69r,1926,1,ar,R06,C,,4,&L,reliable_global,surface_token,ar,global=global,R06
4198,"f69r.6,&L0",f69r,1926,2,odair,R00,C,,4,&L,low_reliability_or_unassigned,,,,
4199,"f69r.6,&L0",f69r,1926,3,chtaly,R00,C,,4,&L,low_reliability_or_unassigned,,,,
4200,"f69r.7,&L0",f69r,1927,1,oto,R00,C,,4,&L,low_reliability_or_unassigned,,,,
4201,"f69r.7,&L0",f69r,1927,2,dar,R06,C,,4,&L,reliable_global,surface_token,dar,global=global,R06
4202,"f69r.7,&L0",f69r,1927,3,archol,R07,C,,4,&L,low_reliability_or_unassigned,,,,
4203,"f69r.8,&L0",f69r,1928,1,okeey,R06,C,,4,&L,low_reliability_or_unassigned,,,,
4204,"f69r.8,&L0",f69r,1928,2,cheydy,R00,C,,4,&L,low_reliability_or_unassigned,,,,
4205,"f69v.10,@Ri",f69v,1979,1,ytody,R00,C,,4,radial/ring_text,low_reliability_or_unassigned,,,,
4206,"f69v.11,@Ri",f69v,1980,1,okody,R00,C,,4,radial/ring_text,reliable_global,broad_shape,O|dy,global=global,R00
4207,"f69v.12,@Ri",f69v,1981,1,otody,R00,C,,4,radial/ring_text,reliable_global,broad_shape,O|dy,global=global,R00
4208,"f69v.13,@Ri",f69v,1982,1,okel,R00,C,,4,radial/ring_text,low_reliability_or_unassigned,,,,
4209,"f69v.14,@Ri",f69v,1983,1,okeod,R00,C,,4,radial/ring_text,low_reliability_or_unassigned,,,,
4210,"f69v.17,@Ri",f69v,1986,1,ykeydy,R00,C,,4,radial/ring_text,low_reliability_or_unassigned,,,,
4211,"f69v.18,@Ri",f69v,1987,1,okeod,R00,C,,4,radial/ring_text,low_reliability_or_unassigned,,,,
4212,"f69v.19,@Ri",f69v,1988,1,saral,R06,C,,4,radial/ring_text,low_reliability_or_unassigned,,,,
4213,"f69v.20,@Ri",f69v,1989,1,saiir,R06,C,,4,radial/ring_text,low_reliability_or_unassigned,,,,
4214,"f69v.21,@Ri",f69v,1990,1,okolar,R00,C,,4,radial/ring_text,low_reliability_or_unassigned,,,,
4215,"f69v.22,@Ri",f69v,1991,1,ykeody,R00,C,,4,radial/ring_text,low_reliability_or_unassigned,,,,
4216,"f69v.23,@Ri",f69v,1992,1,sarydy,R06,C,,4,radial/ring_text,low_reliability_or_unassigned,,,,
4217,"f69v.27,@Ri",f69v,1996,1,okeod,R00,C,,4,radial/ring_text,low_reliability_or_unassigned,,,,
4218,"f69v.28,@Ri",f69v,1997,1,okodchy,R00,C,,4,radial/ring_text,low_reliability_or_unassigned,,,,
4219,"f69v.29,@Ri",f69v,1998,1,okeody,R00,C,,4,radial/ring_text,good_but_not_reliable_enough,broad_shape,EO|dy,meta_L=nan,R00
4220,"f69v.31,@Ri",f69v,2000,1,oar,R00,C,,4,radial/ring_text,low_reliability_or_unassigned,,,,
4221,"f69v.31,@Ri",f69v,2000,2,alys,R00,C,,4,radial/ring_text,low_reliability_or_unassigned,,,,
4222,"f69v.6,@Ri",f69v,1975,1,ochoyk,R00,C,,4,radial/ring_text,low_reliability_or_unassigned,,,,
4223,"f69v.7,@Ri",f69v,1976,1,ykeey,R06,C,,4,radial/ring_text,low_reliability_or_unassigned,,,,
4224,"f69v.9,@Ri",f69v,1978,1,oeesy,R00,C,,4,radial/ring_text,low_reliability_or_unassigned,,,,
4225,"f6r.2,+P0",f6r,137,1,daiin,R10,H,A,1,paragraph_continuation,reliable_conditioned,surface_token,daiin,meta_L=A,R10
4226,"f6r.2,+P0",f6r,137,2,chckhy,R00,H,A,1,paragraph_continuation,reliable_environment_sensitive,surface_token,chckhy,global=global,R00
4227,"f6r.2,+P0",f6r,137,3,chor,R11,H,A,1,paragraph_continuation,low_reliability_or_unassigned,,,,
4228,"f6r.2,+P0",f6r,137,4,chor,R11,H,A,1,paragraph_continuation,low_reliability_or_unassigned,,,,
4229,"f6r.2,+P0",f6r,137,5,kar,R06,H,A,1,paragraph_continuation,low_reliability_or_unassigned,,,,
4230,"f6r.2,+P0",f6r,137,6,cthy,R04,H,A,1,paragraph_continuation,low_reliability_or_unassigned,,,,
4231,"f6r.2,+P0",f6r,137,7,cthor,R04,H,A,1,paragraph_continuation,low_reliability_or_unassigned,,,,
4232,"f6r.2,+P0",f6r,137,8,chotols,R00,H,A,1,paragraph_continuation,low_reliability_or_unassigned,,,,
4233,"f6r.6,+P0",f6r,141,1,or,R06,H,A,1,paragraph_continuation,reliable_global,surface_token,or,global=global,R06
4234,"f6r.6,+P0",f6r,141,2,al,R06,H,A,1,paragraph_continuation,reliable_environment_sensitive,surface_token,al,global=global,R06
4235,"f6r.6,+P0",f6r,141,3,daiin,R10,H,A,1,paragraph_continuation,reliable_conditioned,surface_token,daiin,meta_L=A,R10
4236,"f6r.6,+P0",f6r,141,4,ckham,R00,H,A,1,paragraph_continuation,low_reliability_or_unassigned,,,,
4237,"f6r.6,+P0",f6r,141,5,okom,R00,H,A,1,paragraph_continuation,low_reliability_or_unassigned,,,,
4238,"f6r.6,+P0",f6r,141,6,cthaiin,R04,H,A,1,paragraph_continuation,low_reliability_or_unassigned,,,,
4239,"f6r.6,+P0",f6r,141,7,ydaiin,R06,H,A,1,paragraph_continuation,low_reliability_or_unassigned,,,,
4240,"f6r.8,+P0",f6r,143,1,ychol,R06,H,A,1,paragraph_continuation,low_reliability_or_unassigned,,,,
4241,"f6r.8,+P0",f6r,143,2,ckhor,R00,H,A,1,paragraph_continuation,low_reliability_or_unassigned,,,,
4242,"f6r.8,+P0",f6r,143,3,pchar,R06,H,A,1,paragraph_continuation,low_reliability_or_unassigned,,,,
4243,"f6r.8,+P0",f6r,143,4,sheo,R06,H,A,1,paragraph_continuation,low_reliability_or_unassigned,,,,
4244,"f6r.8,+P0",f6r,143,5,ckhaiin,R00,H,A,1,paragraph_continuation,low_reliability_or_unassigned,,,,
4245,"f6r.9,+P0",f6r,144,1,dar,R06,H,A,1,paragraph_continuation,reliable_global,surface_token,dar,global=global,R06
4246,"f6r.9,+P0",f6r,144,2,sheol,R06,H,A,1,paragraph_continuation,good_but_not_reliable_enough,surface_token,sheol,global=global,R06
4247,"f6r.9,+P0",f6r,144,3,skaiiodar,R00,H,A,1,paragraph_continuation,low_reliability_or_unassigned,,,,
4248,"f6r.9,+P0",f6r,144,4,otaiin,R10,H,A,1,paragraph_continuation,low_reliability_or_unassigned,,,,
4249,"f6r.9,+P0",f6r,144,5,chory,R00,H,A,1,paragraph_continuation,low_reliability_or_unassigned,,,,
4250,"f6v.13,+P0",f6v,162,1,yodaiin,R10,H,A,1,paragraph_continuation,low_reliability_or_unassigned,,,,
4251,"f6v.13,+P0",f6v,162,2,cthy,R04,H,A,1,paragraph_continuation,low_reliability_or_unassigned,,,,
4252,"f6v.13,+P0",f6v,162,3,s,R06,H,A,1,paragraph_continuation,reliable_global,broad_shape,X|NONE,global=global,R06
4253,"f6v.13,+P0",f6v,162,4,chor,R11,H,A,1,paragraph_continuation,low_reliability_or_unassigned,,,,
4254,"f6v.13,+P0",f6v,162,5,oees,R00,H,A,1,paragraph_continuation,low_reliability_or_unassigned,,,,
4255,"f6v.13,+P0",f6v,162,6,or,R06,H,A,1,paragraph_continuation,reliable_global,surface_token,or,global=global,R06
4256,"f6v.14,+P0",f6v,163,1,qokor,H08,H,A,1,paragraph_continuation,low_reliability_or_unassigned,,,,
4257,"f6v.14,+P0",f6v,163,2,chol,R07,H,A,1,paragraph_continuation,low_reliability_or_unassigned,,,,
4258,"f6v.14,+P0",f6v,163,3,cthol,R07,H,A,1,paragraph_continuation,low_reliability_or_unassigned,,,,
4259,"f6v.14,+P0",f6v,163,4,tchalody,R00,H,A,1,paragraph_continuation,low_reliability_or_unassigned,,,,
4260,"f6v.17,+P0",f6v,166,1,ychaies,R00,H,A,1,paragraph_continuation,low_reliability_or_unassigned,,,,
4261,"f6v.17,+P0",f6v,166,2,ckhal,R00,H,A,1,paragraph_continuation,low_reliability_or_unassigned,,,,
4262,"f6v.17,+P0",f6v,166,3,cthodam,R04,H,A,1,paragraph_continuation,low_reliability_or_unassigned,,,,
4263,"f6v.17,+P0",f6v,166,4,dy,R02,H,A,1,paragraph_continuation,low_reliability_or_unassigned,,,,
4264,"f6v.18,+P0",f6v,167,1,ytchocthol,R07,H,A,1,paragraph_continuation,low_reliability_or_unassigned,,,,
4265,"f6v.18,+P0",f6v,167,2,ches,R00,H,A,1,paragraph_continuation,low_reliability_or_unassigned,,,,
4266,"f6v.18,+P0",f6v,167,3,or,R06,H,A,1,paragraph_continuation,reliable_global,surface_token,or,global=global,R06
4267,"f6v.21,+P0",f6v,170,1,ycheor,R06,H,A,1,paragraph_continuation,low_reliability_or_unassigned,,,,
4268,"f6v.21,+P0",f6v,170,2,chor,R11,H,A,1,paragraph_continuation,low_reliability_or_unassigned,,,,
4269,"f6v.21,+P0",f6v,170,3,octham,R00,H,A,1,paragraph_continuation,low_reliability_or_unassigned,,,,
4270,"f6v.6,+P0",f6v,155,1,tchody,R06,H,A,1,paragraph_continuation,low_reliability_or_unassigned,,,,
4271,"f6v.6,+P0",f6v,155,2,shocthol,R00,H,A,1,paragraph_continuation,low_reliability_or_unassigned,,,,
4272,"f6v.6,+P0",f6v,155,3,choy,R00,H,A,1,paragraph_continuation,low_reliability_or_unassigned,,,,
4273,"f6v.6,+P0",f6v,155,4,s,R06,H,A,1,paragraph_continuation,reliable_global,broad_shape,X|NONE,global=global,R06
4274,"f6v.7,+P0",f6v,156,1,ychos,R06,H,A,1,paragraph_continuation,low_reliability_or_unassigned,,,,
4275,"f6v.7,+P0",f6v,156,2,ychol,R06,H,A,1,paragraph_continuation,low_reliability_or_unassigned,,,,
4276,"f6v.7,+P0",f6v,156,3,daiin,R10,H,A,1,paragraph_continuation,reliable_conditioned,surface_token,daiin,meta_L=A,R10
4277,"f6v.7,+P0",f6v,156,4,cthol,R07,H,A,1,paragraph_continuation,low_reliability_or_unassigned,,,,
4278,"f6v.7,+P0",f6v,156,5,dol,R06,H,A,1,paragraph_continuation,good_but_not_reliable_enough,surface_token,dol,global=global,R06
4279,"f70r1.10,@Ri",f70r1,2010,1,dchal,R06,C,,4,radial/ring_text,low_reliability_or_unassigned,,,,
4280,"f70r1.10,@Ri",f70r1,2010,2,daim,R06,C,,4,radial/ring_text,low_reliability_or_unassigned,,,,
4281,"f70r1.11,@Ri",f70r1,2011,1,yteody,R00,C,,4,radial/ring_text,low_reliability_or_unassigned,,,,
4282,"f70r1.11,@Ri",f70r1,2011,2,sam,R06,C,,4,radial/ring_text,low_reliability_or_unassigned,,,,
4283,"f70r1.14,@Ri",f70r1,2014,1,ykeal,R06,C,,4,radial/ring_text,low_reliability_or_unassigned,,,,
4284,"f70r1.15,@Ri",f70r1,2015,1,okeody,R00,C,,4,radial/ring_text,good_but_not_reliable_enough,broad_shape,EO|dy,meta_L=nan,R00
4285,"f70r1.16,@Ri",f70r1,2016,1,otody,R00,C,,4,radial/ring_text,reliable_global,broad_shape,O|dy,global=global,R00
4286,"f70r1.17,@Ri",f70r1,2017,1,ypolol,R06,C,,4,radial/ring_text,low_reliability_or_unassigned,,,,
4287,"f70r1.18,@Ri",f70r1,2018,1,chodal,R00,C,,4,radial/ring_text,low_reliability_or_unassigned,,,,
4288,"f70r1.4,@Ri",f70r1,2004,1,yfcheodly,R00,C,,4,radial/ring_text,low_reliability_or_unassigned,,,,
4289,"f70r1.7,@Ri",f70r1,2007,1,opar,R00,C,,4,radial/ring_text,low_reliability_or_unassigned,,,,
4290,"f70r1.7,@Ri",f70r1,2007,2,ykchy,R06,C,,4,radial/ring_text,low_reliability_or_unassigned,,,,
4291,"f70r1.8,@Ri",f70r1,2008,1,ysaikchy,R00,C,,4,radial/ring_text,low_reliability_or_unassigned,,,,
4292,"f70r1.8,@Ri",f70r1,2008,2,dam,R06,C,,4,radial/ring_text,good_but_not_reliable_enough,surface_token,dam,global=global,R06
4293,"f70r2.11,+P1",f70r2,2030,1,daiin,R10,C,,4,paragraph_continuation,good_but_not_reliable_enough,surface_token,daiin,global=global,R10
4294,"f70r2.11,+P1",f70r2,2030,2,chotal,R00,C,,4,paragraph_continuation,low_reliability_or_unassigned,,,,
4295,"f70r2.11,+P1",f70r2,2030,3,qokal,H08,C,,4,paragraph_continuation,low_reliability_or_unassigned,,,,
4296,"f70r2.11,+P1",f70r2,2030,4,chol,R07,C,,4,paragraph_continuation,low_reliability_or_unassigned,,,,
4297,"f70r2.11,+P1",f70r2,2030,5,chotals,R00,C,,4,paragraph_continuation,low_reliability_or_unassigned,,,,
4298,"f70r2.6,+P1",f70r2,2025,1,ytar,R06,C,,4,paragraph_continuation,low_reliability_or_unassigned,,,,
4299,"f70r2.6,+P1",f70r2,2025,2,ar,R06,C,,4,paragraph_continuation,reliable_global,surface_token,ar,global=global,R06
4300,"f70r2.6,+P1",f70r2,2025,3,al,R06,C,,4,paragraph_continuation,reliable_environment_sensitive,surface_token,al,global=global,R06
4301,"f70r2.6,+P1",f70r2,2025,4,yol,R06,C,,4,paragraph_continuation,low_reliability_or_unassigned,,,,
4302,"f70r2.6,+P1",f70r2,2025,5,al,R06,C,,4,paragraph_continuation,reliable_environment_sensitive,surface_token,al,global=global,R06
4303,"f70r2.6,+P1",f70r2,2025,6,aloees,R00,C,,4,paragraph_continuation,low_reliability_or_unassigned,,,,
4304,"f70r2.6,+P1",f70r2,2025,7,ytaiir,R06,C,,4,paragraph_continuation,low_reliability_or_unassigned,,,,
4305,"f70r2.6,+P1",f70r2,2025,8,otaldal,R09,C,,4,paragraph_continuation,low_reliability_or_unassigned,,,,
4306,"f70r2.8,+P1",f70r2,2027,1,ytals,R06,C,,4,paragraph_continuation,low_reliability_or_unassigned,,,,
4307,"f70r2.8,+P1",f70r2,2027,2,alal,R00,C,,4,paragraph_continuation,low_reliability_or_unassigned,,,,
4308,"f70r2.8,+P1",f70r2,2027,3,dalam,R06,C,,4,paragraph_continuation,low_reliability_or_unassigned,,,,
4309,"f70r2.8,+P1",f70r2,2027,4,dal,R09,C,,4,paragraph_continuation,reliable_global,surface_token,dal,global=global,R09
4310,"f70r2.8,+P1",f70r2,2027,5,cthol,R07,C,,4,paragraph_continuation,low_reliability_or_unassigned,,,,
4311,"f70r2.8,+P1",f70r2,2027,6,oparam,R00,C,,4,paragraph_continuation,low_reliability_or_unassigned,,,,
4312,"f70v1.10,&Lz",f70v1,2081,1,otshshdy,R00,Z,,4,&L,low_reliability_or_unassigned,,,,
4313,"f70v1.13,@Lz",f70v1,2084,1,okoly,R00,Z,,4,label_or_marginal,good_but_not_reliable_enough,broad_shape,OL|y,meta_I=Z,R00
4314,"f70v1.14,&Lz",f70v1,2085,1,otalaiin,R00,Z,,4,&L,low_reliability_or_unassigned,,,,
4315,"f70v1.3,&Lz",f70v1,2074,1,opchey,R00,Z,,4,&L,low_reliability_or_unassigned,,,,
4316,"f70v1.3,&Lz",f70v1,2074,2,sal,R06,Z,,4,&L,low_reliability_or_unassigned,,,,
4317,"f70v1.5,&Lz",f70v1,2076,1,okalal,R00,Z,,4,&L,low_reliability_or_unassigned,,,,
4318,"f70v1.6,&Lz",f70v1,2077,1,otaly,R00,Z,,4,&L,good_but_not_reliable_enough,broad_shape,OL|y,meta_I=Z,R00
4319,"f70v1.7,&Lz",f70v1,2078,1,oalcheg,R00,Z,,4,&L,low_reliability_or_unassigned,,,,
4320,"f70v1.8,&Lz",f70v1,2079,1,otchodals,R00,Z,,4,&L,low_reliability_or_unassigned,,,,
4321,"f70v1.9,&Lz",f70v1,2080,1,okolshy,R00,Z,,4,&L,low_reliability_or_unassigned,,,,
4322,"f70v2.10,&Lz",f70v2,2048,1,otald,R00,Z,,4,&L,low_reliability_or_unassigned,,,,
4323,"f70v2.11,&Lz",f70v2,2049,1,otaldar,R00,Z,,4,&L,low_reliability_or_unassigned,,,,
4324,"f70v2.12,&Lz",f70v2,2050,1,okody,R00,Z,,4,&L,reliable_global,broad_shape,O|dy,global=global,R00
4325,"f70v2.13,&Lz",f70v2,2051,1,opysam,R00,Z,,4,&L,low_reliability_or_unassigned,,,,
4326,"f70v2.15,&Lz",f70v2,2053,1,otaly,R00,Z,,4,&L,good_but_not_reliable_enough,broad_shape,OL|y,meta_I=Z,R00
4327,"f70v2.17,&Lz",f70v2,2055,1,otaldy,R00,Z,,4,&L,low_reliability_or_unassigned,,,,
4328,"f70v2.18,&Lz",f70v2,2056,1,okeoly,R00,Z,,4,&L,low_reliability_or_unassigned,,,,
4329,"f70v2.19,&Lz",f70v2,2057,1,okydy,R00,Z,,4,&L,low_reliability_or_unassigned,,,,
4330,"f70v2.2,@Lz",f70v2,2040,1,otalalg,R00,Z,,4,label_or_marginal,low_reliability_or_unassigned,,,,
4331,"f70v2.20,&Lz",f70v2,2058,1,okee,R00,Z,,4,&L,low_reliability_or_unassigned,,,,
4332,"f70v2.23,&Lz",f70v2,2061,1,otaral,R00,Z,,4,&L,low_reliability_or_unassigned,,,,
4333,"f70v2.24,&Lz",f70v2,2062,1,otalar,R00,Z,,4,&L,low_reliability_or_unassigned,,,,
4334,"f70v2.25,&Lz",f70v2,2063,1,otalam,R00,Z,,4,&L,low_reliability_or_unassigned,,,,
4335,"f70v2.26,&Lz",f70v2,2064,1,dolaram,R00,Z,,4,&L,low_reliability_or_unassigned,,,,
4336,"f70v2.27,&Lz",f70v2,2065,1,okaram,R03,Z,,4,&L,low_reliability_or_unassigned,,,,
4337,"f70v2.29,&Lz",f70v2,2067,1,salols,R06,Z,,4,&L,low_reliability_or_unassigned,,,,
4338,"f70v2.30,&Lz",f70v2,2068,1,okaldal,R09,Z,,4,&L,low_reliability_or_unassigned,,,,
4339,"f70v2.31,&Lz",f70v2,2069,1,ykolaiin,R00,Z,,4,&L,low_reliability_or_unassigned,,,,
4340,"f70v2.6,&Lz",f70v2,2044,1,oky,R00,Z,,4,&L,reliable_environment_sensitive,surface_token,oky,global=global,R00
4341,"f70v2.6,&Lz",f70v2,2044,2,ody,R00,Z,,4,&L,low_reliability_or_unassigned,,,,
4342,"f70v2.8,&Lz",f70v2,2046,1,okala,R00,Z,,4,&L,low_reliability_or_unassigned,,,,
4343,"f70v2.9,&Lz",f70v2,2047,1,otody,R00,Z,,4,&L,reliable_global,broad_shape,O|dy,global=global,R00
4344,"f71r.11,&Lz",f71r,2099,1,otalaly,R00,Z,,4,&L,low_reliability_or_unassigned,,,,
4345,"f71r.17,&Lz",f71r,2105,1,otaldar,R00,Z,,4,&L,low_reliability_or_unassigned,,,,
4346,"f71r.3,&Lz",f71r,2091,1,okldam,R00,Z,,4,&L,low_reliability_or_unassigned,,,,
4347,"f71r.6,&Lz",f71r,2094,1,okeoaly,R00,Z,,4,&L,low_reliability_or_unassigned,,,,
4348,"f71r.7,&Lz",f71r,2095,1,otaleky,R00,Z,,4,&L,low_reliability_or_unassigned,,,,
4349,"f71r.8,&Lz",f71r,2096,1,otalsar,R00,Z,,4,&L,low_reliability_or_unassigned,,,,
4350,"f71r.9,&Lz",f71r,2097,1,cheary,R00,Z,,4,&L,low_reliability_or_unassigned,,,,
4351,"f71v.10,&Lz",f71v,2116,1,opalar,R00,Z,,4,&L,low_reliability_or_unassigned,,,,
4352,"f71v.10,&Lz",f71v,2116,2,am,R06,Z,,4,&L,low_reliability_or_unassigned,,,,
4353,"f71v.10,&Lz",f71v,2116,3,dan,R06,Z,,4,&L,low_reliability_or_unassigned,,,,
4354,"f71v.11,&Lz",f71v,2117,1,opalor,R00,Z,,4,&L,low_reliability_or_unassigned,,,,
4355,"f71v.11,&Lz",f71v,2117,2,ar,R06,Z,,4,&L,reliable_global,surface_token,ar,global=global,R06
4356,"f71v.14,&Lz",f71v,2120,1,otalody,R00,Z,,4,&L,low_reliability_or_unassigned,,,,
4357,"f71v.15,&Lz",f71v,2121,1,otalaiin,R00,Z,,4,&L,low_reliability_or_unassigned,,,,
4358,"f71v.2,@Lz",f71v,2108,1,char,R11,Z,,4,label_or_marginal,low_reliability_or_unassigned,,,,
4359,"f71v.2,@Lz",f71v,2108,2,arom,R00,Z,,4,label_or_marginal,low_reliability_or_unassigned,,,,
4360,"f71v.3,&Lz",f71v,2109,1,chfaly,R00,Z,,4,&L,low_reliability_or_unassigned,,,,
4361,"f71v.4,&Lz",f71v,2110,1,okolar,R00,Z,,4,&L,low_reliability_or_unassigned,,,,
4362,"f71v.5,&Lz",f71v,2111,1,otchody,R00,Z,,4,&L,low_reliability_or_unassigned,,,,
4363,"f71v.6,&Lz",f71v,2112,1,alcphy,R00,Z,,4,&L,low_reliability_or_unassigned,,,,
4364,"f71v.7,&Lz",f71v,2113,1,otaiin,R10,Z,,4,&L,low_reliability_or_unassigned,,,,
4365,"f71v.8,&Lz",f71v,2114,1,okaraiin,R03,Z,,4,&L,low_reliability_or_unassigned,,,,
4366,"f72r1.11,&Lz",f72r1,2135,1,ocholsharam,R00,Z,,4,&L,low_reliability_or_unassigned,,,,
4367,"f72r1.13,@Lz",f72r1,2137,1,ofaralar,R00,Z,,4,label_or_marginal,low_reliability_or_unassigned,,,,
4368,"f72r1.14,&Lz",f72r1,2138,1,otchoshy,R00,Z,,4,&L,low_reliability_or_unassigned,,,,
4369,"f72r1.15,&Lz",f72r1,2139,1,otchdal,R09,Z,,4,&L,low_reliability_or_unassigned,,,,
4370,"f72r1.16,&Lz",f72r1,2140,1,okeey,R06,Z,,4,&L,low_reliability_or_unassigned,,,,
4371,"f72r1.16,&Lz",f72r1,2140,2,ary,R00,Z,,4,&L,good_but_not_reliable_enough,broad_shape,OL|y,meta_I=Z,R00
4372,"f72r1.17,&Lz",f72r1,2141,1,otainy,R00,Z,,4,&L,low_reliability_or_unassigned,,,,
4373,"f72r1.3,&Lz",f72r1,2127,1,chdaiirdainy,R00,Z,,4,&L,low_reliability_or_unassigned,,,,
4374,"f72r1.5,&Lz",f72r1,2129,1,okalam,R00,Z,,4,&L,low_reliability_or_unassigned,,,,
4375,"f72r1.7,&Lz",f72r1,2131,1,char,R11,Z,,4,&L,low_reliability_or_unassigned,,,,
4376,"f72r1.7,&Lz",f72r1,2131,2,alif,R00,Z,,4,&L,low_reliability_or_unassigned,,,,
4377,"f72r1.8,&Lz",f72r1,2132,1,otaraldy,R00,Z,,4,&L,low_reliability_or_unassigned,,,,
4378,"f72r1.9,&Lz",f72r1,2133,1,otaiin,R10,Z,,4,&L,low_reliability_or_unassigned,,,,
4379,"f72r1.9,&Lz",f72r1,2133,2,otain,R00,Z,,4,&L,low_reliability_or_unassigned,,,,
4380,"f72r2.10,&Lz",f72r2,2152,1,okaly,R00,Z,,4,&L,good_but_not_reliable_enough,broad_shape,OL|y,meta_I=Z,R00
4381,"f72r2.11,&Lz",f72r2,2153,1,okal,R07,Z,,4,&L,reliable_global,surface_token,okal,global=global,R07
4382,"f72r2.12,&Lz",f72r2,2154,1,okeey,R06,Z,,4,&L,low_reliability_or_unassigned,,,,
4383,"f72r2.12,&Lz",f72r2,2154,2,ary,R00,Z,,4,&L,good_but_not_reliable_enough,broad_shape,OL|y,meta_I=Z,R00
4384,"f72r2.14,&Lz",f72r2,2156,1,otairdy,R00,Z,,4,&L,low_reliability_or_unassigned,,,,
4385,"f72r2.15,&Lz",f72r2,2157,1,okaircham,R00,Z,,4,&L,low_reliability_or_unassigned,,,,
4386,"f72r2.16,&Lz",f72r2,2158,1,okeal,R00,Z,,4,&L,low_reliability_or_unassigned,,,,
4387,"f72r2.18,&Lz",f72r2,2160,1,okaly,R00,Z,,4,&L,good_but_not_reliable_enough,broad_shape,OL|y,meta_I=Z,R00
4388,"f72r2.19,&Lz",f72r2,2161,1,orary,R00,Z,,4,&L,good_but_not_reliable_enough,broad_shape,OL|y,meta_I=Z,R00
4389,"f72r2.2,&Lz",f72r2,2144,1,oklairdy,R00,Z,,4,&L,low_reliability_or_unassigned,,,,
4390,"f72r2.20,&Lz",f72r2,2162,1,okyd,R00,Z,,4,&L,low_reliability_or_unassigned,,,,
4391,"f72r2.24,&Lz",f72r2,2166,1,ralal,R00,Z,,4,&L,low_reliability_or_unassigned,,,,
4392,"f72r2.25,&Lz",f72r2,2167,1,okam,R00,Z,,4,&L,low_reliability_or_unassigned,,,,
4393,"f72r2.26,&Lz",f72r2,2168,1,otalshy,R00,Z,,4,&L,low_reliability_or_unassigned,,,,
4394,"f72r2.27,&Lz",f72r2,2169,1,okaldy,R00,Z,,4,&L,low_reliability_or_unassigned,,,,
4395,"f72r2.28,&Lz",f72r2,2170,1,chosar,R00,Z,,4,&L,low_reliability_or_unassigned,,,,
4396,"f72r2.29,&Lz",f72r2,2171,1,otam,R06,Z,,4,&L,low_reliability_or_unassigned,,,,
4397,"f72r2.3,&Lz",f72r2,2145,1,okaram,R03,Z,,4,&L,low_reliability_or_unassigned,,,,
4398,"f72r2.30,&Lz",f72r2,2172,1,ainaly,R00,Z,,4,&L,low_reliability_or_unassigned,,,,
4399,"f72r2.31,&Lz",f72r2,2173,1,okarcham,R03,Z,,4,&L,low_reliability_or_unassigned,,,,
4400,"f72r2.4,&Lz",f72r2,2146,1,okairy,R00,Z,,4,&L,low_reliability_or_unassigned,,,,
4401,"f72r2.5,&Lz",f72r2,2147,1,okealar,R00,Z,,4,&L,low_reliability_or_unassigned,,,,
4402,"f72r2.7,@Lz",f72r2,2149,1,otaraldy,R00,Z,,4,label_or_marginal,low_reliability_or_unassigned,,,,
4403,"f72r2.8,&Lz",f72r2,2150,1,okalar,R00,Z,,4,&L,low_reliability_or_unassigned,,,,
4404,"f72r2.9,&Lz",f72r2,2151,1,okal,R07,Z,,4,&L,reliable_global,surface_token,okal,global=global,R07
4405,"f72r3.10,&Lz",f72r3,2184,1,oeeodaiin,R10,Z,,4,&L,low_reliability_or_unassigned,,,,
4406,"f72r3.12,&Lz",f72r3,2186,1,opoeey,R00,Z,,4,&L,low_reliability_or_unassigned,,,,
4407,"f72r3.12,&Lz",f72r3,2186,2,okaiin,R10,Z,,4,&L,reliable_global,surface_token,okaiin,global=global,R10
4408,"f72r3.13,&Lz",f72r3,2187,1,ykolairol,R00,Z,,4,&L,low_reliability_or_unassigned,,,,
4409,"f72r3.16,&Lz",f72r3,2190,1,ytairal,R00,Z,,4,&L,low_reliability_or_unassigned,,,,
4410,"f72r3.18,&Lz",f72r3,2192,1,ory,R00,Z,,4,&L,low_reliability_or_unassigned,,,,
4411,"f72r3.2,@Lz",f72r3,2176,1,olkalaiin,R00,Z,,4,label_or_marginal,low_reliability_or_unassigned,,,,
4412,"f72r3.20,&Lz",f72r3,2194,1,of,R00,Z,,4,&L,low_reliability_or_unassigned,,,,
4413,"f72r3.20,&Lz",f72r3,2194,2,o,R00,Z,,4,&L,good_but_not_reliable_enough,broad_shape,O|NONE,global=global,R00
4414,"f72r3.20,&Lz",f72r3,2194,3,eeesaly,R00,Z,,4,&L,low_reliability_or_unassigned,,,,
4415,"f72r3.21,&Lz",f72r3,2195,1,ykaraiin,R00,Z,,4,&L,low_reliability_or_unassigned,,,,
4416,"f72r3.21,&Lz",f72r3,2195,2,airal,R00,Z,,4,&L,low_reliability_or_unassigned,,,,
4417,"f72r3.22,&Lz",f72r3,2196,1,okalar,R00,Z,,4,&L,low_reliability_or_unassigned,,,,
4418,"f72r3.23,&Lz",f72r3,2197,1,orara,R00,Z,,4,&L,low_reliability_or_unassigned,,,,
4419,"f72r3.25,&Lz",f72r3,2199,1,olfsheoral,R00,Z,,4,&L,low_reliability_or_unassigned,,,,
4420,"f72r3.27,@Lz",f72r3,2201,1,opalal,R00,Z,,4,label_or_marginal,low_reliability_or_unassigned,,,,
4421,"f72r3.28,&Lz",f72r3,2202,1,yfary,R06,Z,,4,&L,low_reliability_or_unassigned,,,,
4422,"f72r3.3,&Lz",f72r3,2177,1,olalsy,R00,Z,,4,&L,low_reliability_or_unassigned,,,,
4423,"f72r3.30,&Lz",f72r3,2204,1,ytoar,R06,Z,,4,&L,low_reliability_or_unassigned,,,,
4424,"f72r3.30,&Lz",f72r3,2204,2,shar,R06,Z,,4,&L,low_reliability_or_unassigned,,,,
4425,"f72r3.31,&Lz",f72r3,2205,1,octho,R00,Z,,4,&L,low_reliability_or_unassigned,,,,
4426,"f72r3.32,&Lz",f72r3,2206,1,aral,R00,Z,,4,&L,low_reliability_or_unassigned,,,,
4427,"f72r3.33,&Lz",f72r3,2207,1,oletal,R00,Z,,4,&L,low_reliability_or_unassigned,,,,
4428,"f72r3.5,&Lz",f72r3,2179,1,osarsheeeo,R00,Z,,4,&L,low_reliability_or_unassigned,,,,
4429,"f72r3.6,&Lz",f72r3,2180,1,otoaiin,R00,Z,,4,&L,low_reliability_or_unassigned,,,,
4430,"f72r3.8,&Lz",f72r3,2182,1,ypaiin,R06,Z,,4,&L,low_reliability_or_unassigned,,,,
4431,"f72r3.8,&Lz",f72r3,2182,2,alaly,R00,Z,,4,&L,low_reliability_or_unassigned,,,,
4432,"f72v1.10,&Lz",f72v1,2284,1,odal,R00,Z,,4,&L,low_reliability_or_unassigned,,,,
4433,"f72v1.11,&Lz",f72v1,2285,1,aiinod,R00,Z,,4,&L,low_reliability_or_unassigned,,,,
4434,"f72v1.14,&Lz",f72v1,2288,1,yteod,R06,Z,,4,&L,low_reliability_or_unassigned,,,,
4435,"f72v1.15,&Lz",f72v1,2289,1,okody,R00,Z,,4,&L,reliable_global,broad_shape,O|dy,global=global,R00
4436,"f72v1.17,&Lz",f72v1,2291,1,ytaly,R06,Z,,4,&L,low_reliability_or_unassigned,,,,
4437,"f72v1.18,&Lz",f72v1,2292,1,oeeeos,R00,Z,,4,&L,low_reliability_or_unassigned,,,,
4438,"f72v1.2,@Lz",f72v1,2276,1,oeeoty,R00,Z,,4,label_or_marginal,low_reliability_or_unassigned,,,,
4439,"f72v1.20,&Lz",f72v1,2294,1,cheoepy,R00,Z,,4,&L,low_reliability_or_unassigned,,,,
4440,"f72v1.21,&Lz",f72v1,2295,1,ykeedy,R00,Z,,4,&L,low_reliability_or_unassigned,,,,
4441,"f72v1.23,@Lz",f72v1,2297,1,oeeoly,R00,Z,,4,label_or_marginal,low_reliability_or_unassigned,,,,
4442,"f72v1.24,&Lz",f72v1,2298,1,okydy,R00,Z,,4,&L,low_reliability_or_unassigned,,,,
4443,"f72v1.25,&Lz",f72v1,2299,1,okeey,R06,Z,,4,&L,low_reliability_or_unassigned,,,,
4444,"f72v1.26,&Lz",f72v1,2300,1,oiiny,R00,Z,,4,&L,low_reliability_or_unassigned,,,,
4445,"f72v1.27,&Lz",f72v1,2301,1,oeey,R00,Z,,4,&L,reliable_global,stolfi_inspired_signature,NG|S_EY|T_ey,global=global,R06
4446,"f72v1.28,&Lz",f72v1,2302,1,okedy,R00,Z,,4,&L,low_reliability_or_unassigned,,,,
4447,"f72v1.29,&Lz",f72v1,2303,1,ypaim,R06,Z,,4,&L,low_reliability_or_unassigned,,,,
4448,"f72v1.3,&Lz",f72v1,2277,1,octhy,R00,Z,,4,&L,low_reliability_or_unassigned,,,,
4449,"f72v1.30,&Lz",f72v1,2304,1,okalair,R00,Z,,4,&L,low_reliability_or_unassigned,,,,
4450,"f72v1.31,&Lz",f72v1,2305,1,oeeody,R00,Z,,4,&L,good_but_not_reliable_enough,broad_shape,EO|dy,meta_L=nan,R00
4451,"f72v1.32,&Lz",f72v1,2306,1,okeol,R06,Z,,4,&L,low_reliability_or_unassigned,,,,
4452,"f72v1.5,&Lz",f72v1,2279,1,okeoly,R00,Z,,4,&L,low_reliability_or_unassigned,,,,
4453,"f72v1.6,&Lz",f72v1,2280,1,oeees,R00,Z,,4,&L,low_reliability_or_unassigned,,,,
4454,"f72v1.8,&Lz",f72v1,2282,1,oees,R00,Z,,4,&L,low_reliability_or_unassigned,,,,
4455,"f72v1.9,&Lz",f72v1,2283,1,okeeoly,R00,Z,,4,&L,low_reliability_or_unassigned,,,,
4456,"f72v2.10,&Lz",f72v2,2251,1,sheoeky,R00,Z,,4,&L,low_reliability_or_unassigned,,,,
4457,"f72v2.12,&Lz",f72v2,2253,1,ofchdysd,R00,Z,,4,&L,low_reliability_or_unassigned,,,,
4458,"f72v2.14,&Lz",f72v2,2255,1,yteody,R00,Z,,4,&L,low_reliability_or_unassigned,,,,
4459,"f72v2.15,&Lz",f72v2,2256,1,okeody,R00,Z,,4,&L,good_but_not_reliable_enough,broad_shape,EO|dy,meta_L=nan,R00
4460,"f72v2.16,&Lz",f72v2,2257,1,okeoldy,R00,Z,,4,&L,low_reliability_or_unassigned,,,,
4461,"f72v2.17,&Lz",f72v2,2258,1,ykeeor,R06,Z,,4,&L,low_reliability_or_unassigned,,,,
4462,"f72v2.19,&Lz",f72v2,2260,1,cheoldy,R00,Z,,4,&L,low_reliability_or_unassigned,,,,
4463,"f72v2.2,@Lz",f72v2,2243,1,oeedey,R00,Z,,4,label_or_marginal,low_reliability_or_unassigned,,,,
4464,"f72v2.21,@Lz",f72v2,2262,1,okaiin,R10,Z,,4,label_or_marginal,reliable_global,surface_token,okaiin,global=global,R10
4465,"f72v2.22,&Lz",f72v2,2263,1,ockhol,R00,Z,,4,&L,low_reliability_or_unassigned,,,,
4466,"f72v2.23,&Lz",f72v2,2264,1,oeedy,R00,Z,,4,&L,low_reliability_or_unassigned,,,,
4467,"f72v2.24,&Lz",f72v2,2265,1,opalg,R00,Z,,4,&L,low_reliability_or_unassigned,,,,
4468,"f72v2.25,&Lz",f72v2,2266,1,okeeom,R00,Z,,4,&L,low_reliability_or_unassigned,,,,
4469,"f72v2.26,&Lz",f72v2,2267,1,olkar,R00,Z,,4,&L,low_reliability_or_unassigned,,,,
4470,"f72v2.27,&Lz",f72v2,2268,1,oeedaly,R00,Z,,4,&L,low_reliability_or_unassigned,,,,
4471,"f72v2.28,&Lz",f72v2,2269,1,cheosy,R00,Z,,4,&L,low_reliability_or_unassigned,,,,
4472,"f72v2.29,&Lz",f72v2,2270,1,ofcheay,R00,Z,,4,&L,low_reliability_or_unassigned,,,,
4473,"f72v2.30,&Lz",f72v2,2271,1,yteedy,R00,Z,,4,&L,low_reliability_or_unassigned,,,,
4474,"f72v2.31,&Lz",f72v2,2272,1,oaiin,R00,Z,,4,&L,low_reliability_or_unassigned,,,,
4475,"f72v2.32,&Lz",f72v2,2273,1,okeorar,R00,Z,,4,&L,low_reliability_or_unassigned,,,,
4476,"f72v2.4,&Lz",f72v2,2245,1,okeoram,R00,Z,,4,&L,low_reliability_or_unassigned,,,,
4477,"f72v2.6,&Lz",f72v2,2247,1,oshesy,R00,Z,,4,&L,low_reliability_or_unassigned,,,,
4478,"f72v2.9,&Lz",f72v2,2250,1,cheoly,R00,Z,,4,&L,low_reliability_or_unassigned,,,,
4479,"f72v3.10,&Lz",f72v3,2218,1,otly,R00,Z,,4,&L,low_reliability_or_unassigned,,,,
4480,"f72v3.11,&Lz",f72v3,2219,1,ofalals,R00,Z,,4,&L,low_reliability_or_unassigned,,,,
4481,"f72v3.15,&Lz",f72v3,2223,1,chealpy,R00,Z,,4,&L,low_reliability_or_unassigned,,,,
4482,"f72v3.16,&Lz",f72v3,2224,1,okeeol,R00,Z,,4,&L,low_reliability_or_unassigned,,,,
4483,"f72v3.17,&Lz",f72v3,2225,1,okaly,R00,Z,,4,&L,good_but_not_reliable_enough,broad_shape,OL|y,meta_I=Z,R00
4484,"f72v3.18,&Lz",f72v3,2226,1,okaldy,R00,Z,,4,&L,low_reliability_or_unassigned,,,,
4485,"f72v3.19,&Lz",f72v3,2227,1,okeolyd,R00,Z,,4,&L,low_reliability_or_unassigned,,,,
4486,"f72v3.21,@Lz",f72v3,2229,1,choleey,R07,Z,,4,label_or_marginal,low_reliability_or_unassigned,,,,
4487,"f72v3.22,&Lz",f72v3,2230,1,oky,R00,Z,,4,&L,reliable_environment_sensitive,surface_token,oky,global=global,R00
4488,"f72v3.24,&Lz",f72v3,2232,1,laly,R00,Z,,4,&L,low_reliability_or_unassigned,,,,
4489,"f72v3.25,&Lz",f72v3,2233,1,oeedy,R00,Z,,4,&L,low_reliability_or_unassigned,,,,
4490,"f72v3.26,&Lz",f72v3,2234,1,odairan,R00,Z,,4,&L,low_reliability_or_unassigned,,,,
4491,"f72v3.27,&Lz",f72v3,2235,1,okary,R00,Z,,4,&L,good_but_not_reliable_enough,broad_shape,OL|y,meta_I=Z,R00
4492,"f72v3.28,&Lz",f72v3,2236,1,oeesaiin,R00,Z,,4,&L,low_reliability_or_unassigned,,,,
4493,"f72v3.3,&Lz",f72v3,2211,1,orchey,R00,Z,,4,&L,low_reliability_or_unassigned,,,,
4494,"f72v3.30,&Lz",f72v3,2238,1,opal,R00,Z,,4,&L,low_reliability_or_unassigned,,,,
4495,"f72v3.31,&Lz",f72v3,2239,1,otaly,R00,Z,,4,&L,good_but_not_reliable_enough,broad_shape,OL|y,meta_I=Z,R00
4496,"f72v3.4,&Lz",f72v3,2212,1,okam,R00,Z,,4,&L,low_reliability_or_unassigned,,,,
4497,"f72v3.5,&Lz",f72v3,2213,1,okey,R00,Z,,4,&L,low_reliability_or_unassigned,,,,
4498,"f72v3.6,&Lz",f72v3,2214,1,otcheody,R00,Z,,4,&L,low_reliability_or_unassigned,,,,
4499,"f72v3.7,&Lz",f72v3,2215,1,okyeeshy,R00,Z,,4,&L,low_reliability_or_unassigned,,,,
4500,"f72v3.8,&Lz",f72v3,2216,1,ofaiin,R00,Z,,4,&L,low_reliability_or_unassigned,,,,
4501,"f72v3.9,&Lz",f72v3,2217,1,okaly,R00,Z,,4,&L,good_but_not_reliable_enough,broad_shape,OL|y,meta_I=Z,R00
4502,"f73r.1,@Lz",f73r,2308,1,otaly,R00,Z,,4,label_or_marginal,good_but_not_reliable_enough,broad_shape,OL|y,meta_I=Z,R00
4503,"f73r.10,&Lz",f73r,2317,1,okeey,R06,Z,,4,&L,low_reliability_or_unassigned,,,,
4504,"f73r.11,&Lz",f73r,2318,1,okeedy,R00,Z,,4,&L,low_reliability_or_unassigned,,,,
4505,"f73r.12,&Lz",f73r,2319,1,ykeeory,R00,Z,,4,&L,low_reliability_or_unassigned,,,,
4506,"f73r.14,&Lz",f73r,2321,1,shekal,R06,Z,,4,&L,low_reliability_or_unassigned,,,,
4507,"f73r.16,&Lz",f73r,2323,1,okedl,R00,Z,,4,&L,low_reliability_or_unassigned,,,,
4508,"f73r.17,&Lz",f73r,2324,1,chdy,R02,Z,,4,&L,low_reliability_or_unassigned,,,,
4509,"f73r.18,&Lz",f73r,2325,1,dalshey,R09,Z,,4,&L,low_reliability_or_unassigned,,,,
4510,"f73r.19,&Lz",f73r,2326,1,opaiin,R00,Z,,4,&L,low_reliability_or_unassigned,,,,
4511,"f73r.2,&Lz",f73r,2309,1,chockhy,R00,Z,,4,&L,reliable_environment_sensitive,broad_shape,OXGX|y,global=global,R00
4512,"f73r.20,&Lz",f73r,2327,1,okeos,R00,Z,,4,&L,low_reliability_or_unassigned,,,,
4513,"f73r.23,@Lz",f73r,2330,1,okary,R00,Z,,4,label_or_marginal,good_but_not_reliable_enough,broad_shape,OL|y,meta_I=Z,R00
4514,"f73r.24,&Lz",f73r,2331,1,okeeody,R00,Z,,4,&L,good_but_not_reliable_enough,broad_shape,EO|dy,meta_L=nan,R00
4515,"f73r.25,&Lz",f73r,2332,1,oyteedy,R00,Z,,4,&L,low_reliability_or_unassigned,,,,
4516,"f73r.26,&Lz",f73r,2333,1,oky,R00,Z,,4,&L,reliable_environment_sensitive,surface_token,oky,global=global,R00
4517,"f73r.27,&Lz",f73r,2334,1,chefy,R00,Z,,4,&L,low_reliability_or_unassigned,,,,
4518,"f73r.29,&Lz",f73r,2336,1,chek,R00,Z,,4,&L,low_reliability_or_unassigned,,,,
4519,"f73r.30,&Lz",f73r,2337,1,ar,R06,Z,,4,&L,reliable_global,surface_token,ar,global=global,R06
4520,"f73r.31,&Lz",f73r,2338,1,kar,R06,Z,,4,&L,low_reliability_or_unassigned,,,,
4521,"f73r.32,&Lz",f73r,2339,1,okeeos,R00,Z,,4,&L,low_reliability_or_unassigned,,,,
4522,"f73r.4,&Lz",f73r,2311,1,yteeody,R00,Z,,4,&L,low_reliability_or_unassigned,,,,
4523,"f73r.6,@Lz",f73r,2313,1,otaly,R00,Z,,4,label_or_marginal,good_but_not_reliable_enough,broad_shape,OL|y,meta_I=Z,R00
4524,"f73r.7,&Lz",f73r,2314,1,okeody,R00,Z,,4,&L,good_but_not_reliable_enough,broad_shape,EO|dy,meta_L=nan,R00
4525,"f73r.9,&Lz",f73r,2316,1,keedy,R06,Z,,4,&L,low_reliability_or_unassigned,,,,
4526,"f73v.1,@Lz",f73v,2341,1,okol,R07,Z,,4,label_or_marginal,low_reliability_or_unassigned,,,,
4527,"f73v.10,&Lz",f73v,2350,1,okeor,R00,Z,,4,&L,low_reliability_or_unassigned,,,,
4528,"f73v.11,&Lz",f73v,2351,1,ofals,R00,Z,,4,&L,low_reliability_or_unassigned,,,,
4529,"f73v.12,&Lz",f73v,2352,1,ykeody,R00,Z,,4,&L,low_reliability_or_unassigned,,,,
4530,"f73v.14,&Lz",f73v,2354,1,ypaiin,R06,Z,,4,&L,low_reliability_or_unassigned,,,,
4531,"f73v.15,&Lz",f73v,2355,1,yfaiiny,R00,Z,,4,&L,low_reliability_or_unassigned,,,,
4532,"f73v.16,&Lz",f73v,2356,1,ofcheesy,R00,Z,,4,&L,low_reliability_or_unassigned,,,,
4533,"f73v.17,&Lz",f73v,2357,1,oraiiny,R00,Z,,4,&L,low_reliability_or_unassigned,,,,
4534,"f73v.18,&Lz",f73v,2358,1,ykeeody,R00,Z,,4,&L,low_reliability_or_unassigned,,,,
4535,"f73v.19,&Lz",f73v,2359,1,okeos,R00,Z,,4,&L,low_reliability_or_unassigned,,,,
4536,"f73v.20,&Lz",f73v,2360,1,ykeear,R06,Z,,4,&L,low_reliability_or_unassigned,,,,
4537,"f73v.24,&Lz",f73v,2364,1,eeed,R00,Z,,4,&L,low_reliability_or_unassigned,,,,
4538,"f73v.25,&Lz",f73v,2365,1,oky,R00,Z,,4,&L,reliable_environment_sensitive,surface_token,oky,global=global,R00
4539,"f73v.27,&Lz",f73v,2367,1,okal,R07,Z,,4,&L,reliable_global,surface_token,okal,global=global,R07
4540,"f73v.28,&Lz",f73v,2368,1,ykey,R06,Z,,4,&L,low_reliability_or_unassigned,,,,
4541,"f73v.29,&Lz",f73v,2369,1,ykeee,R06,Z,,4,&L,low_reliability_or_unassigned,,,,
4542,"f73v.30,&Lz",f73v,2370,1,okeod,R00,Z,,4,&L,low_reliability_or_unassigned,,,,
4543,"f73v.31,&Lz",f73v,2371,1,ykey,R06,Z,,4,&L,low_reliability_or_unassigned,,,,
4544,"f73v.32,&Lz",f73v,2372,1,ypal,R06,Z,,4,&L,low_reliability_or_unassigned,,,,
4545,"f73v.4,&Lz",f73v,2344,1,eeeody,R00,Z,,4,&L,good_but_not_reliable_enough,broad_shape,EO|dy,meta_L=nan,R00
4546,"f73v.6,@Lz",f73v,2346,1,okeody,R00,Z,,4,label_or_marginal,good_but_not_reliable_enough,broad_shape,EO|dy,meta_L=nan,R00
4547,"f73v.7,&Lz",f73v,2347,1,sheol,R06,Z,,4,&L,good_but_not_reliable_enough,surface_token,sheol,global=global,R06
4548,"f73v.8,&Lz",f73v,2348,1,odees,R00,Z,,4,&L,low_reliability_or_unassigned,,,,
4549,"f75r.10,+P0",f75r,2383,1,dshor,R06,B,B,2,paragraph_continuation,low_reliability_or_unassigned,,,,
4550,"f75r.10,+P0",f75r,2383,2,qotar,H13,B,B,2,paragraph_continuation,low_reliability_or_unassigned,,,,
4551,"f75r.10,+P0",f75r,2383,3,chdy,R02,B,B,2,paragraph_continuation,reliable_conditioned,surface_token,chdy,meta_L=B,R02
4552,"f75r.10,+P0",f75r,2383,4,shey,R06,B,B,2,paragraph_continuation,reliable_global,stolfi_inspired_signature,NG|S_EY|T_y,global=global,R06
4553,"f75r.10,+P0",f75r,2383,5,qokain,H08,B,B,2,paragraph_continuation,low_reliability_or_unassigned,,,,
4554,"f75r.10,+P0",f75r,2383,6,chckhy,R00,B,B,2,paragraph_continuation,reliable_environment_sensitive,surface_token,chckhy,global=global,R00
4555,"f75r.10,+P0",f75r,2383,7,dy,R02,B,B,2,paragraph_continuation,low_reliability_or_unassigned,,,,
4556,"f75r.10,+P0",f75r,2383,8,otey,R01,B,B,2,paragraph_continuation,low_reliability_or_unassigned,,,,
4557,"f75r.10,+P0",f75r,2383,9,tedy,R06,B,B,2,paragraph_continuation,low_reliability_or_unassigned,,,,
4558,"f75r.10,+P0",f75r,2383,10,lchedy,R00,B,B,2,paragraph_continuation,reliable_conditioned,broad_shape,LB|edy,meta_L=B,R00
4559,"f75r.11,+P0",f75r,2384,1,qokeedy,H01,B,B,2,paragraph_continuation,low_reliability_or_unassigned,,,,
4560,"f75r.11,+P0",f75r,2384,2,qokair,H08,B,B,2,paragraph_continuation,low_reliability_or_unassigned,,,,
4561,"f75r.11,+P0",f75r,2384,3,oly,R06,B,B,2,paragraph_continuation,good_but_not_reliable_enough,surface_token,oly,global=global,R06
4562,"f75r.11,+P0",f75r,2384,4,qokeedy,H01,B,B,2,paragraph_continuation,low_reliability_or_unassigned,,,,
4563,"f75r.11,+P0",f75r,2384,5,dy,R02,B,B,2,paragraph_continuation,low_reliability_or_unassigned,,,,
4564,"f75r.11,+P0",f75r,2384,6,qokal,H08,B,B,2,paragraph_continuation,good_but_not_reliable_enough,surface_token,qokal,meta_H=2,H08
4565,"f75r.11,+P0",f75r,2384,7,okar,R03,B,B,2,paragraph_continuation,low_reliability_or_unassigned,,,,
4566,"f75r.11,+P0",f75r,2384,8,shedy,R06,B,B,2,paragraph_continuation,reliable_conditioned,surface_token,shedy,meta_L=B,R06
4567,"f75r.11,+P0",f75r,2384,9,dor,R06,B,B,2,paragraph_continuation,good_but_not_reliable_enough,stolfi_inspired_signature,NG|S_OL|T_r,meta_H=2,R06
4568,"f75r.11,+P0",f75r,2384,10,chekam,R00,B,B,2,paragraph_continuation,low_reliability_or_unassigned,,,,
4569,"f75r.13,+P0",f75r,2386,1,pchedy,R06,B,B,2,paragraph_continuation,low_reliability_or_unassigned,,,,
4570,"f75r.13,+P0",f75r,2386,2,keedy,R06,B,B,2,paragraph_continuation,low_reliability_or_unassigned,,,,
4571,"f75r.13,+P0",f75r,2386,3,qokedy,H12,B,B,2,paragraph_continuation,reliable_conditioned,surface_token,qokedy,meta_L=B,H12
4572,"f75r.13,+P0",f75r,2386,4,qokedy,H12,B,B,2,paragraph_continuation,reliable_conditioned,surface_token,qokedy,meta_L=B,H12
4573,"f75r.13,+P0",f75r,2386,5,qokedy,H12,B,B,2,paragraph_continuation,reliable_conditioned,surface_token,qokedy,meta_L=B,H12
4574,"f75r.13,+P0",f75r,2386,6,qokedy,H12,B,B,2,paragraph_continuation,reliable_conditioned,surface_token,qokedy,meta_L=B,H12
4575,"f75r.13,+P0",f75r,2386,7,qokain,H08,B,B,2,paragraph_continuation,low_reliability_or_unassigned,,,,
4576,"f75r.13,+P0",f75r,2386,8,olshedy,R00,B,B,2,paragraph_continuation,low_reliability_or_unassigned,,,,
4577,"f75r.15,+P0",f75r,2388,1,sain,R06,B,B,2,paragraph_continuation,reliable_global,stolfi_inspired_signature,NG|S_OEL|T_in,global=global,R06
4578,"f75r.15,+P0",f75r,2388,2,qokain,H08,B,B,2,paragraph_continuation,low_reliability_or_unassigned,,,,
4579,"f75r.15,+P0",f75r,2388,3,qolkeeoly,H07,B,B,2,paragraph_continuation,low_reliability_or_unassigned,,,,
4580,"f75r.15,+P0",f75r,2388,4,saiin,R06,B,B,2,paragraph_continuation,reliable_conditioned,surface_token,saiin,meta_L=B,R06
4581,"f75r.15,+P0",f75r,2388,5,chedy,R02,B,B,2,paragraph_continuation,reliable_conditioned,surface_token,chedy,meta_L=B,R02
4582,"f75r.15,+P0",f75r,2388,6,sol,R06,B,B,2,paragraph_continuation,good_but_not_reliable_enough,surface_token,sol,global=global,R06
4583,"f75r.15,+P0",f75r,2388,7,or,R06,B,B,2,paragraph_continuation,reliable_global,surface_token,or,global=global,R06
4584,"f75r.15,+P0",f75r,2388,8,shedy,R06,B,B,2,paragraph_continuation,reliable_conditioned,surface_token,shedy,meta_L=B,R06
4585,"f75r.15,+P0",f75r,2388,9,okchdy,R00,B,B,2,paragraph_continuation,low_reliability_or_unassigned,,,,
4586,"f75r.15,+P0",f75r,2388,10,qoky,H01,B,B,2,paragraph_continuation,low_reliability_or_unassigned,,,,
4587,"f75r.16,+P0",f75r,2389,1,dshedy,R06,B,B,2,paragraph_continuation,low_reliability_or_unassigned,,,,
4588,"f75r.16,+P0",f75r,2389,2,qokar,R03,B,B,2,paragraph_continuation,reliable_conditioned,surface_token,qokar,meta_L=B,R03
4589,"f75r.16,+P0",f75r,2389,3,sheedy,R06,B,B,2,paragraph_continuation,reliable_environment_sensitive,surface_token,sheedy,global=global,R06
4590,"f75r.16,+P0",f75r,2389,4,lch,R00,B,B,2,paragraph_continuation,low_reliability_or_unassigned,,,,
4591,"f75r.16,+P0",f75r,2389,5,shokain,R00,B,B,2,paragraph_continuation,low_reliability_or_unassigned,,,,
4592,"f75r.16,+P0",f75r,2389,6,chy,R00,B,B,2,paragraph_continuation,reliable_global,stolfi_inspired_signature,NG|S_BY|T_y,global=global,R00
4593,"f75r.16,+P0",f75r,2389,7,okshedy,R00,B,B,2,paragraph_continuation,low_reliability_or_unassigned,,,,
4594,"f75r.16,+P0",f75r,2389,8,qokain,H08,B,B,2,paragraph_continuation,low_reliability_or_unassigned,,,,
4595,"f75r.16,+P0",f75r,2389,9,chedy,R02,B,B,2,paragraph_continuation,reliable_conditioned,surface_token,chedy,meta_L=B,R02
4596,"f75r.17,+P0",f75r,2390,1,pchedar,R00,B,B,2,paragraph_continuation,low_reliability_or_unassigned,,,,
4597,"f75r.17,+P0",f75r,2390,2,shepchy,R00,B,B,2,paragraph_continuation,low_reliability_or_unassigned,,,,
4598,"f75r.17,+P0",f75r,2390,3,lshedary,R00,B,B,2,paragraph_continuation,low_reliability_or_unassigned,,,,
4599,"f75r.17,+P0",f75r,2390,4,dal,R09,B,B,2,paragraph_continuation,reliable_global,surface_token,dal,global=global,R09
4600,"f75r.17,+P0",f75r,2390,5,shal,R06,B,B,2,paragraph_continuation,low_reliability_or_unassigned,,,,
4601,"f75r.17,+P0",f75r,2390,6,shykol,R06,B,B,2,paragraph_continuation,low_reliability_or_unassigned,,,,
4602,"f75r.17,+P0",f75r,2390,7,shedy,R06,B,B,2,paragraph_continuation,reliable_conditioned,surface_token,shedy,meta_L=B,R06
4603,"f75r.17,+P0",f75r,2390,8,qokam,H08,B,B,2,paragraph_continuation,low_reliability_or_unassigned,,,,
4604,"f75r.18,+P0",f75r,2391,1,sol,R06,B,B,2,paragraph_continuation,good_but_not_reliable_enough,surface_token,sol,global=global,R06
4605,"f75r.18,+P0",f75r,2391,2,sheedy,R06,B,B,2,paragraph_continuation,reliable_environment_sensitive,surface_token,sheedy,global=global,R06
4606,"f75r.18,+P0",f75r,2391,3,qol,R00,B,B,2,paragraph_continuation,low_reliability_or_unassigned,,,,
4607,"f75r.18,+P0",f75r,2391,4,shedy,R06,B,B,2,paragraph_continuation,reliable_conditioned,surface_token,shedy,meta_L=B,R06
4608,"f75r.18,+P0",f75r,2391,5,qol,R00,B,B,2,paragraph_continuation,low_reliability_or_unassigned,,,,
4609,"f75r.18,+P0",f75r,2391,6,otain,R00,B,B,2,paragraph_continuation,low_reliability_or_unassigned,,,,
4610,"f75r.18,+P0",f75r,2391,7,char,R11,B,B,2,paragraph_continuation,good_but_not_reliable_enough,stolfi_inspired_signature,NG|S_OL|T_r,meta_H=2,R06
4611,"f75r.18,+P0",f75r,2391,8,sar,R06,B,B,2,paragraph_continuation,good_but_not_reliable_enough,stolfi_inspired_signature,NG|S_OL|T_r,meta_H=2,R06
4612,"f75r.18,+P0",f75r,2391,9,oly,R06,B,B,2,paragraph_continuation,good_but_not_reliable_enough,surface_token,oly,global=global,R06
4613,"f75r.2,+P0",f75r,2375,1,dain,R06,B,B,2,paragraph_continuation,reliable_global,stolfi_inspired_signature,NG|S_OEL|T_in,global=global,R06
4614,"f75r.2,+P0",f75r,2375,2,shey,R06,B,B,2,paragraph_continuation,reliable_global,stolfi_inspired_signature,NG|S_EY|T_y,global=global,R06
4615,"f75r.2,+P0",f75r,2375,3,ly,R00,B,B,2,paragraph_continuation,low_reliability_or_unassigned,,,,
4616,"f75r.2,+P0",f75r,2375,4,ssheol,R06,B,B,2,paragraph_continuation,low_reliability_or_unassigned,,,,
4617,"f75r.2,+P0",f75r,2375,5,qoldy,R00,B,B,2,paragraph_continuation,low_reliability_or_unassigned,,,,
4618,"f75r.2,+P0",f75r,2375,6,chedykar,R00,B,B,2,paragraph_continuation,low_reliability_or_unassigned,,,,
4619,"f75r.2,+P0",f75r,2375,7,chekeedy,R00,B,B,2,paragraph_continuation,low_reliability_or_unassigned,,,,
4620,"f75r.2,+P0",f75r,2375,8,ror,R00,B,B,2,paragraph_continuation,good_but_not_reliable_enough,broad_shape,L|or,global=global,R00
4621,"f75r.21,+P0",f75r,2394,1,oqokain,R00,B,B,2,paragraph_continuation,low_reliability_or_unassigned,,,,
4622,"f75r.21,+P0",f75r,2394,2,chey,R06,B,B,2,paragraph_continuation,reliable_global,stolfi_inspired_signature,NG|S_EY|T_y,global=global,R06
4623,"f75r.21,+P0",f75r,2394,3,qckhsy,R00,B,B,2,paragraph_continuation,low_reliability_or_unassigned,,,,
4624,"f75r.21,+P0",f75r,2394,4,or,R06,B,B,2,paragraph_continuation,reliable_global,surface_token,or,global=global,R06
4625,"f75r.21,+P0",f75r,2394,5,ysheor,R06,B,B,2,paragraph_continuation,low_reliability_or_unassigned,,,,
4626,"f75r.21,+P0",f75r,2394,6,ol,R06,B,B,2,paragraph_continuation,reliable_environment_sensitive,surface_token,ol,global=global,R06
4627,"f75r.21,+P0",f75r,2394,7,lor,R00,B,B,2,paragraph_continuation,good_but_not_reliable_enough,broad_shape,L|or,global=global,R00
4628,"f75r.21,+P0",f75r,2394,8,am,R06,B,B,2,paragraph_continuation,low_reliability_or_unassigned,,,,
4629,"f75r.24,+P0",f75r,2397,1,qokain,H08,B,B,2,paragraph_continuation,low_reliability_or_unassigned,,,,
4630,"f75r.24,+P0",f75r,2397,2,olkeey,R00,B,B,2,paragraph_continuation,low_reliability_or_unassigned,,,,
4631,"f75r.24,+P0",f75r,2397,3,qolkary,H07,B,B,2,paragraph_continuation,low_reliability_or_unassigned,,,,
4632,"f75r.24,+P0",f75r,2397,4,sain,R06,B,B,2,paragraph_continuation,reliable_global,stolfi_inspired_signature,NG|S_OEL|T_in,global=global,R06
4633,"f75r.24,+P0",f75r,2397,5,checthy,R00,B,B,2,paragraph_continuation,good_but_not_reliable_enough,broad_shape,EXGX|y,global=global,R00
4634,"f75r.24,+P0",f75r,2397,6,lor,R00,B,B,2,paragraph_continuation,good_but_not_reliable_enough,broad_shape,L|or,global=global,R00
4635,"f75r.24,+P0",f75r,2397,7,ol,R06,B,B,2,paragraph_continuation,reliable_environment_sensitive,surface_token,ol,global=global,R06
4636,"f75r.25,+P0",f75r,2398,1,sain,R06,B,B,2,paragraph_continuation,reliable_global,stolfi_inspired_signature,NG|S_OEL|T_in,global=global,R06
4637,"f75r.25,+P0",f75r,2398,2,shckhy,R06,B,B,2,paragraph_continuation,low_reliability_or_unassigned,,,,
4638,"f75r.25,+P0",f75r,2398,3,qokeedy,H01,B,B,2,paragraph_continuation,low_reliability_or_unassigned,,,,
4639,"f75r.25,+P0",f75r,2398,4,shy,R06,B,B,2,paragraph_continuation,reliable_global,broad_shape,X|y,global=global,R06
4640,"f75r.25,+P0",f75r,2398,5,dy,R02,B,B,2,paragraph_continuation,low_reliability_or_unassigned,,,,
4641,"f75r.25,+P0",f75r,2398,6,qokeedy,H01,B,B,2,paragraph_continuation,low_reliability_or_unassigned,,,,
4642,"f75r.25,+P0",f75r,2398,7,lchedy,R00,B,B,2,paragraph_continuation,reliable_conditioned,broad_shape,LB|edy,meta_L=B,R00
4643,"f75r.25,+P0",f75r,2398,8,ram,R00,B,B,2,paragraph_continuation,low_reliability_or_unassigned,,,,
4644,"f75r.27,+P0",f75r,2400,1,pdalshor,R00,B,B,2,paragraph_continuation,low_reliability_or_unassigned,,,,
4645,"f75r.27,+P0",f75r,2400,2,shtol,R06,B,B,2,paragraph_continuation,low_reliability_or_unassigned,,,,
4646,"f75r.27,+P0",f75r,2400,3,qoty,H01,B,B,2,paragraph_continuation,low_reliability_or_unassigned,,,,
4647,"f75r.27,+P0",f75r,2400,4,pshar,R06,B,B,2,paragraph_continuation,low_reliability_or_unassigned,,,,
4648,"f75r.27,+P0",f75r,2400,5,shedy,R06,B,B,2,paragraph_continuation,reliable_conditioned,surface_token,shedy,meta_L=B,R06
4649,"f75r.27,+P0",f75r,2400,6,okaldy,R00,B,B,2,paragraph_continuation,low_reliability_or_unassigned,,,,
4650,"f75r.27,+P0",f75r,2400,7,dar,R06,B,B,2,paragraph_continuation,reliable_global,surface_token,dar,global=global,R06
4651,"f75r.27,+P0",f75r,2400,8,otar,R01,B,B,2,paragraph_continuation,low_reliability_or_unassigned,,,,
4652,"f75r.27,+P0",f75r,2400,9,otody,R00,B,B,2,paragraph_continuation,reliable_global,broad_shape,O|dy,global=global,R00
4653,"f75r.27,+P0",f75r,2400,10,dy,R02,B,B,2,paragraph_continuation,low_reliability_or_unassigned,,,,
4654,"f75r.27,+P0",f75r,2400,11,rol,R00,B,B,2,paragraph_continuation,low_reliability_or_unassigned,,,,
4655,"f75r.29,+P0",f75r,2402,1,dain,R06,B,B,2,paragraph_continuation,reliable_global,stolfi_inspired_signature,NG|S_OEL|T_in,global=global,R06
4656,"f75r.29,+P0",f75r,2402,2,chkal,R00,B,B,2,paragraph_continuation,low_reliability_or_unassigned,,,,
4657,"f75r.29,+P0",f75r,2402,3,dy,R02,B,B,2,paragraph_continuation,low_reliability_or_unassigned,,,,
4658,"f75r.29,+P0",f75r,2402,4,lolkaiin,R00,B,B,2,paragraph_continuation,low_reliability_or_unassigned,,,,
4659,"f75r.29,+P0",f75r,2402,5,ol,R06,B,B,2,paragraph_continuation,reliable_environment_sensitive,surface_token,ol,global=global,R06
4660,"f75r.29,+P0",f75r,2402,6,okeedyqol,R00,B,B,2,paragraph_continuation,low_reliability_or_unassigned,,,,
4661,"f75r.29,+P0",f75r,2402,7,dain,R06,B,B,2,paragraph_continuation,reliable_global,stolfi_inspired_signature,NG|S_OEL|T_in,global=global,R06
4662,"f75r.29,+P0",f75r,2402,8,olchey,R00,B,B,2,paragraph_continuation,low_reliability_or_unassigned,,,,
4663,"f75r.29,+P0",f75r,2402,9,qokeedy,H01,B,B,2,paragraph_continuation,low_reliability_or_unassigned,,,,
4664,"f75r.29,+P0",f75r,2402,10,chedy,R02,B,B,2,paragraph_continuation,reliable_conditioned,surface_token,chedy,meta_L=B,R02
4665,"f75r.29,+P0",f75r,2402,11,qotan,H13,B,B,2,paragraph_continuation,low_reliability_or_unassigned,,,,
4666,"f75r.3,+P0",f75r,2376,1,qokain,H08,B,B,2,paragraph_continuation,low_reliability_or_unassigned,,,,
4667,"f75r.3,+P0",f75r,2376,2,chal,R00,B,B,2,paragraph_continuation,low_reliability_or_unassigned,,,,
4668,"f75r.3,+P0",f75r,2376,3,orchey,R00,B,B,2,paragraph_continuation,low_reliability_or_unassigned,,,,
4669,"f75r.3,+P0",f75r,2376,4,qey,R00,B,B,2,paragraph_continuation,reliable_global,stolfi_inspired_signature,NG|S_EY|T_y,global=global,R06
4670,"f75r.3,+P0",f75r,2376,5,kain,R06,B,B,2,paragraph_continuation,low_reliability_or_unassigned,,,,
4671,"f75r.3,+P0",f75r,2376,6,sheeky,R06,B,B,2,paragraph_continuation,low_reliability_or_unassigned,,,,
4672,"f75r.3,+P0",f75r,2376,7,ltain,R00,B,B,2,paragraph_continuation,low_reliability_or_unassigned,,,,
4673,"f75r.3,+P0",f75r,2376,8,olkar,R00,B,B,2,paragraph_continuation,low_reliability_or_unassigned,,,,
4674,"f75r.3,+P0",f75r,2376,9,or,R06,B,B,2,paragraph_continuation,reliable_global,surface_token,or,global=global,R06
4675,"f75r.31,+P0",f75r,2404,1,dshedy,R06,B,B,2,paragraph_continuation,low_reliability_or_unassigned,,,,
4676,"f75r.31,+P0",f75r,2404,2,qokey,H08,B,B,2,paragraph_continuation,low_reliability_or_unassigned,,,,
4677,"f75r.31,+P0",f75r,2404,3,chckhy,R00,B,B,2,paragraph_continuation,reliable_environment_sensitive,surface_token,chckhy,global=global,R00
4678,"f75r.31,+P0",f75r,2404,4,qokar,R03,B,B,2,paragraph_continuation,reliable_conditioned,surface_token,qokar,meta_L=B,R03
4679,"f75r.31,+P0",f75r,2404,5,shedy,R06,B,B,2,paragraph_continuation,reliable_conditioned,surface_token,shedy,meta_L=B,R06
4680,"f75r.31,+P0",f75r,2404,6,chey,R06,B,B,2,paragraph_continuation,reliable_global,stolfi_inspired_signature,NG|S_EY|T_y,global=global,R06
4681,"f75r.31,+P0",f75r,2404,7,qoked,H08,B,B,2,paragraph_continuation,low_reliability_or_unassigned,,,,
4682,"f75r.31,+P0",f75r,2404,8,qokedy,H12,B,B,2,paragraph_continuation,reliable_conditioned,surface_token,qokedy,meta_L=B,H12
4683,"f75r.31,+P0",f75r,2404,9,daldy,R09,B,B,2,paragraph_continuation,low_reliability_or_unassigned,,,,
4684,"f75r.33,+P0",f75r,2406,1,qokeey,H08,B,B,2,paragraph_continuation,reliable_conditioned,surface_token,qokeey,meta_L=B,H08
4685,"f75r.33,+P0",f75r,2406,2,lshedy,R00,B,B,2,paragraph_continuation,reliable_conditioned,broad_shape,LB|edy,meta_L=B,R00
4686,"f75r.33,+P0",f75r,2406,3,qol,R00,B,B,2,paragraph_continuation,low_reliability_or_unassigned,,,,
4687,"f75r.33,+P0",f75r,2406,4,chedy,R02,B,B,2,paragraph_continuation,reliable_conditioned,surface_token,chedy,meta_L=B,R02
4688,"f75r.33,+P0",f75r,2406,5,qokain,H08,B,B,2,paragraph_continuation,low_reliability_or_unassigned,,,,
4689,"f75r.33,+P0",f75r,2406,6,chcthedy,R04,B,B,2,paragraph_continuation,low_reliability_or_unassigned,,,,
4690,"f75r.33,+P0",f75r,2406,7,ltedy,R00,B,B,2,paragraph_continuation,low_reliability_or_unassigned,,,,
4691,"f75r.33,+P0",f75r,2406,8,darom,R06,B,B,2,paragraph_continuation,low_reliability_or_unassigned,,,,
4692,"f75r.37,+P0",f75r,2410,1,qokedy,H12,B,B,2,paragraph_continuation,reliable_conditioned,surface_token,qokedy,meta_L=B,H12
4693,"f75r.37,+P0",f75r,2410,2,dy,R02,B,B,2,paragraph_continuation,low_reliability_or_unassigned,,,,
4694,"f75r.37,+P0",f75r,2410,3,sheety,R06,B,B,2,paragraph_continuation,low_reliability_or_unassigned,,,,
4695,"f75r.37,+P0",f75r,2410,4,qokedy,H12,B,B,2,paragraph_continuation,reliable_conditioned,surface_token,qokedy,meta_L=B,H12
4696,"f75r.37,+P0",f75r,2410,5,qokeedy,H01,B,B,2,paragraph_continuation,low_reliability_or_unassigned,,,,
4697,"f75r.37,+P0",f75r,2410,6,qokechdy,R00,B,B,2,paragraph_continuation,low_reliability_or_unassigned,,,,
4698,"f75r.37,+P0",f75r,2410,7,lol,R00,B,B,2,paragraph_continuation,low_reliability_or_unassigned,,,,
4699,"f75r.39,+P0",f75r,2412,1,yshedy,R00,B,B,2,paragraph_continuation,low_reliability_or_unassigned,,,,
4700,"f75r.39,+P0",f75r,2412,2,qokeedy,H01,B,B,2,paragraph_continuation,low_reliability_or_unassigned,,,,
4701,"f75r.39,+P0",f75r,2412,3,qokeedy,H01,B,B,2,paragraph_continuation,low_reliability_or_unassigned,,,,
4702,"f75r.39,+P0",f75r,2412,4,olkeedy,R00,B,B,2,paragraph_continuation,low_reliability_or_unassigned,,,,
4703,"f75r.39,+P0",f75r,2412,5,otey,R01,B,B,2,paragraph_continuation,low_reliability_or_unassigned,,,,
4704,"f75r.39,+P0",f75r,2412,6,koldy,R06,B,B,2,paragraph_continuation,low_reliability_or_unassigned,,,,
4705,"f75r.41,+P0",f75r,2414,1,sokeedy,R00,B,B,2,paragraph_continuation,low_reliability_or_unassigned,,,,
4706,"f75r.41,+P0",f75r,2414,2,qokeedy,H01,B,B,2,paragraph_continuation,low_reliability_or_unassigned,,,,
4707,"f75r.41,+P0",f75r,2414,3,oteedy,R01,B,B,2,paragraph_continuation,low_reliability_or_unassigned,,,,
4708,"f75r.41,+P0",f75r,2414,4,qoky,H01,B,B,2,paragraph_continuation,low_reliability_or_unassigned,,,,
4709,"f75r.41,+P0",f75r,2414,5,dykeedy,R00,B,B,2,paragraph_continuation,low_reliability_or_unassigned,,,,
4710,"f75r.41,+P0",f75r,2414,6,sy,R06,B,B,2,paragraph_continuation,reliable_global,broad_shape,X|y,global=global,R06
4711,"f75r.44,+P0",f75r,2417,1,dchedy,R06,B,B,2,paragraph_continuation,low_reliability_or_unassigned,,,,
4712,"f75r.44,+P0",f75r,2417,2,sain,R06,B,B,2,paragraph_continuation,reliable_global,stolfi_inspired_signature,NG|S_OEL|T_in,global=global,R06
4713,"f75r.44,+P0",f75r,2417,3,okedy,R00,B,B,2,paragraph_continuation,reliable_conditioned,surface_token,okedy,meta_L=B,R00
4714,"f75r.44,+P0",f75r,2417,4,qokedy,H12,B,B,2,paragraph_continuation,reliable_conditioned,surface_token,qokedy,meta_L=B,H12
4715,"f75r.44,+P0",f75r,2417,5,otedy,R01,B,B,2,paragraph_continuation,reliable_conditioned,surface_token,otedy,meta_L=B,R01
4716,"f75r.44,+P0",f75r,2417,6,okoldy,R00,B,B,2,paragraph_continuation,low_reliability_or_unassigned,,,,
4717,"f75r.44,+P0",f75r,2417,7,otar,R01,B,B,2,paragraph_continuation,low_reliability_or_unassigned,,,,
4718,"f75r.44,+P0",f75r,2417,8,otam,R06,B,B,2,paragraph_continuation,low_reliability_or_unassigned,,,,
4719,"f75r.44,+P0",f75r,2417,9,olaiin,R10,B,B,2,paragraph_continuation,low_reliability_or_unassigned,,,,
4720,"f75r.44,+P0",f75r,2417,10,ch,R00,B,B,2,paragraph_continuation,low_reliability_or_unassigned,,,,
4721,"f75r.44,+P0",f75r,2417,11,dar,R06,B,B,2,paragraph_continuation,reliable_global,surface_token,dar,global=global,R06
4722,"f75r.44,+P0",f75r,2417,12,dy,R02,B,B,2,paragraph_continuation,low_reliability_or_unassigned,,,,
4723,"f75r.47,@Pb",f75r,2420,1,sal,R06,B,B,2,paragraph_start,low_reliability_or_unassigned,,,,
4724,"f75r.47,@Pb",f75r,2420,2,okeedy,R00,B,B,2,paragraph_start,reliable_conditioned,surface_token,okeedy,meta_L=B,R00
4725,"f75r.49,+Pb",f75r,2422,1,sols,R06,B,B,2,paragraph_continuation,low_reliability_or_unassigned,,,,
4726,"f75r.49,+Pb",f75r,2422,2,dara,R06,B,B,2,paragraph_continuation,low_reliability_or_unassigned,,,,
4727,"f75r.50,+Pb",f75r,2423,1,ychty,R06,B,B,2,paragraph_continuation,low_reliability_or_unassigned,,,,
4728,"f75r.51,+Pb",f75r,2424,1,saino,R06,B,B,2,paragraph_continuation,low_reliability_or_unassigned,,,,
4729,"f75r.52,+Pb",f75r,2425,1,saldy,R06,B,B,2,paragraph_continuation,low_reliability_or_unassigned,,,,
4730,"f75r.53,+Pb",f75r,2426,1,dainy,R06,B,B,2,paragraph_continuation,low_reliability_or_unassigned,,,,
4731,"f75r.6,+P0",f75r,2379,1,pcheykeeor,R00,B,B,2,paragraph_continuation,low_reliability_or_unassigned,,,,
4732,"f75r.6,+P0",f75r,2379,2,olky,R00,B,B,2,paragraph_continuation,low_reliability_or_unassigned,,,,
4733,"f75r.6,+P0",f75r,2379,3,dar,R06,B,B,2,paragraph_continuation,reliable_global,surface_token,dar,global=global,R06
4734,"f75r.6,+P0",f75r,2379,4,okey,R00,B,B,2,paragraph_continuation,low_reliability_or_unassigned,,,,
4735,"f75r.6,+P0",f75r,2379,5,qokain,H08,B,B,2,paragraph_continuation,low_reliability_or_unassigned,,,,
4736,"f75r.6,+P0",f75r,2379,6,chcthy,R04,B,B,2,paragraph_continuation,low_reliability_or_unassigned,,,,
4737,"f75r.6,+P0",f75r,2379,7,qokeedy,H01,B,B,2,paragraph_continuation,low_reliability_or_unassigned,,,,
4738,"f75r.6,+P0",f75r,2379,8,qoky,H01,B,B,2,paragraph_continuation,low_reliability_or_unassigned,,,,
4739,"f75r.7,+P0",f75r,2380,1,pchedy,R06,B,B,2,paragraph_continuation,low_reliability_or_unassigned,,,,
4740,"f75r.7,+P0",f75r,2380,2,qokshdy,H11,B,B,2,paragraph_continuation,low_reliability_or_unassigned,,,,
4741,"f75r.7,+P0",f75r,2380,3,ytain,R06,B,B,2,paragraph_continuation,low_reliability_or_unassigned,,,,
4742,"f75r.7,+P0",f75r,2380,4,chedy,R02,B,B,2,paragraph_continuation,reliable_conditioned,surface_token,chedy,meta_L=B,R02
4743,"f75r.7,+P0",f75r,2380,5,qokar,R03,B,B,2,paragraph_continuation,reliable_conditioned,surface_token,qokar,meta_L=B,R03
4744,"f75r.7,+P0",f75r,2380,6,chy,R00,B,B,2,paragraph_continuation,reliable_global,stolfi_inspired_signature,NG|S_BY|T_y,global=global,R00
4745,"f75r.7,+P0",f75r,2380,7,lol,R00,B,B,2,paragraph_continuation,low_reliability_or_unassigned,,,,
4746,"f75r.7,+P0",f75r,2380,8,chedy,R02,B,B,2,paragraph_continuation,reliable_conditioned,surface_token,chedy,meta_L=B,R02
4747,"f75r.7,+P0",f75r,2380,9,qoky,H01,B,B,2,paragraph_continuation,low_reliability_or_unassigned,,,,
4748,"f75r.8,+P0",f75r,2381,1,sor,R06,B,B,2,paragraph_continuation,good_but_not_reliable_enough,stolfi_inspired_signature,NG|S_OL|T_r,meta_H=2,R06
4749,"f75r.8,+P0",f75r,2381,2,chey,R06,B,B,2,paragraph_continuation,reliable_global,stolfi_inspired_signature,NG|S_EY|T_y,global=global,R06
4750,"f75r.8,+P0",f75r,2381,3,qokardy,R03,B,B,2,paragraph_continuation,low_reliability_or_unassigned,,,,
4751,"f75r.8,+P0",f75r,2381,4,dsheckhy,R00,B,B,2,paragraph_continuation,low_reliability_or_unassigned,,,,
4752,"f75r.8,+P0",f75r,2381,5,qokain,H08,B,B,2,paragraph_continuation,low_reliability_or_unassigned,,,,
4753,"f75r.8,+P0",f75r,2381,6,chckhy,R00,B,B,2,paragraph_continuation,reliable_environment_sensitive,surface_token,chckhy,global=global,R00
4754,"f75r.8,+P0",f75r,2381,7,lshedy,R00,B,B,2,paragraph_continuation,reliable_conditioned,broad_shape,LB|edy,meta_L=B,R00
4755,"f75r.8,+P0",f75r,2381,8,okeedy,R00,B,B,2,paragraph_continuation,reliable_conditioned,surface_token,okeedy,meta_L=B,R00
4756,"f75r.9,+P0",f75r,2382,1,qokchdy,H09,B,B,2,paragraph_continuation,low_reliability_or_unassigned,,,,
4757,"f75r.9,+P0",f75r,2382,2,chcthy,R04,B,B,2,paragraph_continuation,low_reliability_or_unassigned,,,,
4758,"f75r.9,+P0",f75r,2382,3,lo,R00,B,B,2,paragraph_continuation,low_reliability_or_unassigned,,,,
4759,"f75r.9,+P0",f75r,2382,4,qokedy,H12,B,B,2,paragraph_continuation,reliable_conditioned,surface_token,qokedy,meta_L=B,H12
4760,"f75r.9,+P0",f75r,2382,5,qokan,H08,B,B,2,paragraph_continuation,low_reliability_or_unassigned,,,,
4761,"f75r.9,+P0",f75r,2382,6,checkhy,R00,B,B,2,paragraph_continuation,good_but_not_reliable_enough,broad_shape,EXGX|y,global=global,R00
4762,"f75r.9,+P0",f75r,2382,7,qokar,R03,B,B,2,paragraph_continuation,reliable_conditioned,surface_token,qokar,meta_L=B,R03
4763,"f75r.9,+P0",f75r,2382,8,olchedy,R00,B,B,2,paragraph_continuation,low_reliability_or_unassigned,,,,
4764,"f75r.9,+P0",f75r,2382,9,sal,R06,B,B,2,paragraph_continuation,low_reliability_or_unassigned,,,,
4765,"f75v.11,=L0",f75v,2437,1,s,R06,B,B,2,=L,reliable_global,broad_shape,X|NONE,global=global,R06
4766,"f75v.13,+P0",f75v,2439,1,ocheain,R00,B,B,2,paragraph_continuation,low_reliability_or_unassigned,,,,
4767,"f75v.13,+P0",f75v,2439,2,cheedy,R06,B,B,2,paragraph_continuation,low_reliability_or_unassigned,,,,
4768,"f75v.13,+P0",f75v,2439,3,qokal,H08,B,B,2,paragraph_continuation,good_but_not_reliable_enough,surface_token,qokal,meta_H=2,H08
4769,"f75v.13,+P0",f75v,2439,4,dain,R06,B,B,2,paragraph_continuation,reliable_global,stolfi_inspired_signature,NG|S_OEL|T_in,global=global,R06
4770,"f75v.13,+P0",f75v,2439,5,sheeky,R06,B,B,2,paragraph_continuation,low_reliability_or_unassigned,,,,
4771,"f75v.13,+P0",f75v,2439,6,qoky,H01,B,B,2,paragraph_continuation,low_reliability_or_unassigned,,,,
4772,"f75v.13,+P0",f75v,2439,7,sshedy,R06,B,B,2,paragraph_continuation,low_reliability_or_unassigned,,,,
4773,"f75v.13,+P0",f75v,2439,8,tedy,R06,B,B,2,paragraph_continuation,low_reliability_or_unassigned,,,,
4774,"f75v.13,+P0",f75v,2439,9,otedy,R01,B,B,2,paragraph_continuation,reliable_conditioned,surface_token,otedy,meta_L=B,R01
4775,"f75v.13,+P0",f75v,2439,10,tedy,R06,B,B,2,paragraph_continuation,low_reliability_or_unassigned,,,,
4776,"f75v.13,+P0",f75v,2439,11,taral,R06,B,B,2,paragraph_continuation,low_reliability_or_unassigned,,,,
4777,"f75v.18,@Ln",f75v,2444,1,okshy,R00,B,B,2,label_or_marginal,low_reliability_or_unassigned,,,,
4778,"f75v.19,+Ln",f75v,2445,1,saral,R06,B,B,2,+L,low_reliability_or_unassigned,,,,
4779,"f75v.2,=L0",f75v,2428,1,s,R06,B,B,2,=L,reliable_global,broad_shape,X|NONE,global=global,R06
4780,"f75v.20,@Ln",f75v,2446,1,dokal,R06,B,B,2,label_or_marginal,low_reliability_or_unassigned,,,,
4781,"f75v.21,+Ln",f75v,2447,1,darol,R06,B,B,2,+L,low_reliability_or_unassigned,,,,
4782,"f75v.22,@Ln",f75v,2448,1,daldy,R09,B,B,2,label_or_marginal,low_reliability_or_unassigned,,,,
4783,"f75v.23,+Ln",f75v,2449,1,dalshd,R06,B,B,2,+L,low_reliability_or_unassigned,,,,
4784,"f75v.24,@Ln",f75v,2450,1,dalkar,R06,B,B,2,label_or_marginal,low_reliability_or_unassigned,,,,
4785,"f75v.26,@Ln",f75v,2452,1,dly,R06,B,B,2,label_or_marginal,low_reliability_or_unassigned,,,,
4786,"f75v.27,+Ln",f75v,2453,1,ory,R00,B,B,2,+L,low_reliability_or_unassigned,,,,
4787,"f75v.29,+Ln",f75v,2455,1,lchy,R00,B,B,2,+L,low_reliability_or_unassigned,,,,
4788,"f75v.30,@Ln",f75v,2456,1,dary,R06,B,B,2,label_or_marginal,low_reliability_or_unassigned,,,,
4789,"f75v.31,+Ln",f75v,2457,1,dal,R09,B,B,2,+L,reliable_global,surface_token,dal,global=global,R09
4790,"f75v.32,@Ln",f75v,2458,1,daldy,R09,B,B,2,label_or_marginal,low_reliability_or_unassigned,,,,
4791,"f75v.34,@Ln",f75v,2460,1,rkal,R00,B,B,2,label_or_marginal,low_reliability_or_unassigned,,,,
4792,"f75v.35,+Ln",f75v,2461,1,ykedy,R00,B,B,2,+L,low_reliability_or_unassigned,,,,
4793,"f75v.36,@Ln",f75v,2462,1,olkchy,R00,B,B,2,label_or_marginal,low_reliability_or_unassigned,,,,
4794,"f75v.37,+Ln",f75v,2463,1,otoly,R00,B,B,2,+L,low_reliability_or_unassigned,,,,
4795,"f75v.4,=L0",f75v,2430,1,l,R06,B,B,2,=L,good_but_not_reliable_enough,surface_token,l,global=global,R06
4796,"f75v.45,+P0",f75v,2471,1,yshey,R06,B,B,2,paragraph_continuation,low_reliability_or_unassigned,,,,
4797,"f75v.45,+P0",f75v,2471,2,qokar,R03,B,B,2,paragraph_continuation,reliable_conditioned,surface_token,qokar,meta_L=B,R03
4798,"f75v.45,+P0",f75v,2471,3,olchedy,R00,B,B,2,paragraph_continuation,low_reliability_or_unassigned,,,,
4799,"f75v.45,+P0",f75v,2471,4,qor,R00,B,B,2,paragraph_continuation,good_but_not_reliable_enough,stolfi_inspired_signature,NG|S_OL|T_r,meta_H=2,R06
4800,"f75v.45,+P0",f75v,2471,5,oiin,R00,B,B,2,paragraph_continuation,low_reliability_or_unassigned,,,,
4801,"f75v.45,+P0",f75v,2471,6,okeedy,R00,B,B,2,paragraph_continuation,reliable_conditioned,surface_token,okeedy,meta_L=B,R00
4802,"f75v.45,+P0",f75v,2471,7,qokeed,H08,B,B,2,paragraph_continuation,low_reliability_or_unassigned,,,,
4803,"f75v.45,+P0",f75v,2471,8,qokeey,H08,B,B,2,paragraph_continuation,reliable_conditioned,surface_token,qokeey,meta_L=B,H08
4804,"f75v.45,+P0",f75v,2471,9,qokeey,H08,B,B,2,paragraph_continuation,reliable_conditioned,surface_token,qokeey,meta_L=B,H08
4805,"f75v.45,+P0",f75v,2471,10,otey,R01,B,B,2,paragraph_continuation,low_reliability_or_unassigned,,,,
4806,"f75v.45,+P0",f75v,2471,11,qoky,H01,B,B,2,paragraph_continuation,low_reliability_or_unassigned,,,,
4807,"f75v.45,+P0",f75v,2471,12,dy,R02,B,B,2,paragraph_continuation,low_reliability_or_unassigned,,,,
4808,"f75v.51,=Lt",f75v,2477,1,okeey,R06,B,B,2,=L,low_reliability_or_unassigned,,,,
4809,"f75v.51,=Lt",f75v,2477,2,lol,R00,B,B,2,=L,low_reliability_or_unassigned,,,,
4810,"f75v.52,=Lt",f75v,2478,1,olol,R00,B,B,2,=L,low_reliability_or_unassigned,,,,
4811,"f75v.53,*Lt",f75v,2479,1,ytedy,R00,B,B,2,label_or_marginal,low_reliability_or_unassigned,,,,
4812,"f75v.58,+Pb",f75v,2484,1,salchedy,R00,B,B,2,paragraph_continuation,low_reliability_or_unassigned,,,,
4813,"f75v.58,+Pb",f75v,2484,2,solkedy,R00,B,B,2,paragraph_continuation,low_reliability_or_unassigned,,,,
4814,"f75v.6,=L0",f75v,2432,1,l,R06,B,B,2,=L,good_but_not_reliable_enough,surface_token,l,global=global,R06
4815,"f75v.60,@P1",f75v,2486,1,kolkedy,R00,B,B,2,paragraph_start,low_reliability_or_unassigned,,,,
4816,"f75v.60,@P1",f75v,2486,2,qokedy,H12,B,B,2,paragraph_start,reliable_conditioned,surface_token,qokedy,meta_L=B,H12
4817,"f75v.60,@P1",f75v,2486,3,qoky,H01,B,B,2,paragraph_start,low_reliability_or_unassigned,,,,
4818,"f75v.60,@P1",f75v,2486,4,lpchdy,R00,B,B,2,paragraph_start,low_reliability_or_unassigned,,,,
4819,"f75v.60,@P1",f75v,2486,5,qotchdy,H14,B,B,2,paragraph_start,low_reliability_or_unassigned,,,,
4820,"f75v.60,@P1",f75v,2486,6,lol,R00,B,B,2,paragraph_start,low_reliability_or_unassigned,,,,
4821,"f75v.8,~L0",f75v,2434,1,o,R00,B,B,2,~L,good_but_not_reliable_enough,broad_shape,O|NONE,global=global,R00
4822,"f75v.9,+L0",f75v,2435,1,r,R00,B,B,2,+L,low_reliability_or_unassigned,,,,
4823,"f76r.10,*L0",f76r,2506,1,q,R00,T,B,2,label_or_marginal,low_reliability_or_unassigned,,,,
4824,"f76r.14,*L0",f76r,2510,1,s,R06,T,B,2,label_or_marginal,reliable_global,broad_shape,X|NONE,global=global,R06
4825,"f76r.17,+P0",f76r,2513,1,chey,R06,T,B,2,paragraph_continuation,reliable_global,stolfi_inspired_signature,NG|S_EY|T_y,global=global,R06
4826,"f76r.17,+P0",f76r,2513,2,chckh,R00,T,B,2,paragraph_continuation,low_reliability_or_unassigned,,,,
4827,"f76r.17,+P0",f76r,2513,3,shey,R06,T,B,2,paragraph_continuation,reliable_global,stolfi_inspired_signature,NG|S_EY|T_y,global=global,R06
4828,"f76r.17,+P0",f76r,2513,4,qeeey,R00,T,B,2,paragraph_continuation,low_reliability_or_unassigned,,,,
4829,"f76r.17,+P0",f76r,2513,5,chol,R07,T,B,2,paragraph_continuation,low_reliability_or_unassigned,,,,
4830,"f76r.17,+P0",f76r,2513,6,lkain,R00,T,B,2,paragraph_continuation,low_reliability_or_unassigned,,,,
4831,"f76r.17,+P0",f76r,2513,7,shedy,R06,T,B,2,paragraph_continuation,reliable_conditioned,surface_token,shedy,meta_L=B,R06
4832,"f76r.17,+P0",f76r,2513,8,qokeedy,H01,T,B,2,paragraph_continuation,low_reliability_or_unassigned,,,,
4833,"f76r.17,+P0",f76r,2513,9,okain,R10,T,B,2,paragraph_continuation,reliable_global,surface_token,okain,global=global,R10
4834,"f76r.17,+P0",f76r,2513,10,chedy,R02,T,B,2,paragraph_continuation,reliable_conditioned,surface_token,chedy,meta_L=B,R02
4835,"f76r.17,+P0",f76r,2513,11,okeed,R00,T,B,2,paragraph_continuation,low_reliability_or_unassigned,,,,
4836,"f76r.17,+P0",f76r,2513,12,qokaloro,H08,T,B,2,paragraph_continuation,low_reliability_or_unassigned,,,,
4837,"f76r.18,*L0",f76r,2514,1,o,R00,T,B,2,label_or_marginal,good_but_not_reliable_enough,broad_shape,O|NONE,global=global,R00
4838,"f76r.19,=P0",f76r,2515,1,dcheedy,R00,T,B,2,paragraph_terminal_or_label,low_reliability_or_unassigned,,,,
4839,"f76r.19,=P0",f76r,2515,2,qolchey,H07,T,B,2,paragraph_terminal_or_label,low_reliability_or_unassigned,,,,
4840,"f76r.19,=P0",f76r,2515,3,qokeey,H08,T,B,2,paragraph_terminal_or_label,reliable_conditioned,surface_token,qokeey,meta_L=B,H08
4841,"f76r.19,=P0",f76r,2515,4,qokeey,H08,T,B,2,paragraph_terminal_or_label,reliable_conditioned,surface_token,qokeey,meta_L=B,H08
4842,"f76r.19,=P0",f76r,2515,5,chedy,R02,T,B,2,paragraph_terminal_or_label,reliable_conditioned,surface_token,chedy,meta_L=B,R02
4843,"f76r.19,=P0",f76r,2515,6,qokar,R03,T,B,2,paragraph_terminal_or_label,reliable_conditioned,surface_token,qokar,meta_L=B,R03
4844,"f76r.19,=P0",f76r,2515,7,shedy,R06,T,B,2,paragraph_terminal_or_label,reliable_conditioned,surface_token,shedy,meta_L=B,R06
4845,"f76r.19,=P0",f76r,2515,8,shedy,R06,T,B,2,paragraph_terminal_or_label,reliable_conditioned,surface_token,shedy,meta_L=B,R06
4846,"f76r.19,=P0",f76r,2515,9,lshedy,R00,T,B,2,paragraph_terminal_or_label,reliable_conditioned,broad_shape,LB|edy,meta_L=B,R00
4847,"f76r.19,=P0",f76r,2515,10,qolchedy,R00,T,B,2,paragraph_terminal_or_label,reliable_conditioned,broad_shape,LB|edy,meta_L=B,R00
4848,"f76r.19,=P0",f76r,2515,11,otedyl,R01,T,B,2,paragraph_terminal_or_label,low_reliability_or_unassigned,,,,
4849,"f76r.20,+P0",f76r,2516,1,dshedy,R06,T,B,2,paragraph_continuation,low_reliability_or_unassigned,,,,
4850,"f76r.20,+P0",f76r,2516,2,qo,H07,T,B,2,paragraph_continuation,low_reliability_or_unassigned,,,,
4851,"f76r.20,+P0",f76r,2516,3,chedy,R02,T,B,2,paragraph_continuation,reliable_conditioned,surface_token,chedy,meta_L=B,R02
4852,"f76r.20,+P0",f76r,2516,4,lchedy,R00,T,B,2,paragraph_continuation,reliable_conditioned,broad_shape,LB|edy,meta_L=B,R00
4853,"f76r.20,+P0",f76r,2516,5,qokey,H08,T,B,2,paragraph_continuation,low_reliability_or_unassigned,,,,
4854,"f76r.20,+P0",f76r,2516,6,qolchey,H07,T,B,2,paragraph_continuation,low_reliability_or_unassigned,,,,
4855,"f76r.20,+P0",f76r,2516,7,qotain,H13,T,B,2,paragraph_continuation,low_reliability_or_unassigned,,,,
4856,"f76r.20,+P0",f76r,2516,8,chckhy,R00,T,B,2,paragraph_continuation,reliable_environment_sensitive,surface_token,chckhy,global=global,R00
4857,"f76r.20,+P0",f76r,2516,9,shckhy,R06,T,B,2,paragraph_continuation,low_reliability_or_unassigned,,,,
4858,"f76r.20,+P0",f76r,2516,10,lchar,R00,T,B,2,paragraph_continuation,low_reliability_or_unassigned,,,,
4859,"f76r.20,+P0",f76r,2516,11,okar,R03,T,B,2,paragraph_continuation,low_reliability_or_unassigned,,,,
4860,"f76r.20,+P0",f76r,2516,12,alchdy,R00,T,B,2,paragraph_continuation,low_reliability_or_unassigned,,,,
4861,"f76r.22,*L0",f76r,2518,1,l,R06,T,B,2,label_or_marginal,good_but_not_reliable_enough,surface_token,l,global=global,R06
4862,"f76r.24,+P0",f76r,2520,1,dalshedy,R09,T,B,2,paragraph_continuation,low_reliability_or_unassigned,,,,
4863,"f76r.24,+P0",f76r,2520,2,qolsheedy,H21,T,B,2,paragraph_continuation,low_reliability_or_unassigned,,,,
4864,"f76r.24,+P0",f76r,2520,3,qokaldy,H11,T,B,2,paragraph_continuation,low_reliability_or_unassigned,,,,
4865,"f76r.24,+P0",f76r,2520,4,chepy,R00,T,B,2,paragraph_continuation,low_reliability_or_unassigned,,,,
4866,"f76r.24,+P0",f76r,2520,5,dain,R06,T,B,2,paragraph_continuation,reliable_global,stolfi_inspired_signature,NG|S_OEL|T_in,global=global,R06
4867,"f76r.24,+P0",f76r,2520,6,alolor,R00,T,B,2,paragraph_continuation,low_reliability_or_unassigned,,,,
4868,"f76r.24,+P0",f76r,2520,7,olain,R00,T,B,2,paragraph_continuation,reliable_global,stolfi_inspired_signature,NG|S_OEL|T_in,global=global,R06
4869,"f76r.24,+P0",f76r,2520,8,chedy,R02,T,B,2,paragraph_continuation,reliable_conditioned,surface_token,chedy,meta_L=B,R02
4870,"f76r.24,+P0",f76r,2520,9,shecthy,R00,T,B,2,paragraph_continuation,good_but_not_reliable_enough,broad_shape,EXGX|y,global=global,R00
4871,"f76r.24,+P0",f76r,2520,10,qokey,H08,T,B,2,paragraph_continuation,low_reliability_or_unassigned,,,,
4872,"f76r.24,+P0",f76r,2520,11,lor,R00,T,B,2,paragraph_continuation,good_but_not_reliable_enough,broad_shape,L|or,global=global,R00
4873,"f76r.27,*L0",f76r,2523,1,k,R06,T,B,2,label_or_marginal,low_reliability_or_unassigned,,,,
4874,"f76r.29,+P0",f76r,2525,1,qokar,R03,T,B,2,paragraph_continuation,reliable_conditioned,surface_token,qokar,meta_L=B,R03
4875,"f76r.29,+P0",f76r,2525,2,shedy,R06,T,B,2,paragraph_continuation,reliable_conditioned,surface_token,shedy,meta_L=B,R06
4876,"f76r.29,+P0",f76r,2525,3,shedy,R06,T,B,2,paragraph_continuation,reliable_conditioned,surface_token,shedy,meta_L=B,R06
4877,"f76r.29,+P0",f76r,2525,4,qokar,R03,T,B,2,paragraph_continuation,reliable_conditioned,surface_token,qokar,meta_L=B,R03
4878,"f76r.29,+P0",f76r,2525,5,shedy,R06,T,B,2,paragraph_continuation,reliable_conditioned,surface_token,shedy,meta_L=B,R06
4879,"f76r.29,+P0",f76r,2525,6,qokain,H08,T,B,2,paragraph_continuation,low_reliability_or_unassigned,,,,
4880,"f76r.29,+P0",f76r,2525,7,dar,R06,T,B,2,paragraph_continuation,reliable_global,surface_token,dar,global=global,R06
4881,"f76r.29,+P0",f76r,2525,8,shey,R06,T,B,2,paragraph_continuation,reliable_global,stolfi_inspired_signature,NG|S_EY|T_y,global=global,R06
4882,"f76r.29,+P0",f76r,2525,9,lshcthy,R00,T,B,2,paragraph_continuation,low_reliability_or_unassigned,,,,
4883,"f76r.29,+P0",f76r,2525,10,okar,R03,T,B,2,paragraph_continuation,low_reliability_or_unassigned,,,,
4884,"f76r.29,+P0",f76r,2525,11,okain,R10,T,B,2,paragraph_continuation,reliable_global,surface_token,okain,global=global,R10
4885,"f76r.29,+P0",f76r,2525,12,ylaiiny,R00,T,B,2,paragraph_continuation,low_reliability_or_unassigned,,,,
4886,"f76r.30,+P0",f76r,2526,1,darchey,R00,T,B,2,paragraph_continuation,low_reliability_or_unassigned,,,,
4887,"f76r.30,+P0",f76r,2526,2,cheolchey,R00,T,B,2,paragraph_continuation,low_reliability_or_unassigned,,,,
4888,"f76r.30,+P0",f76r,2526,3,shcthy,R06,T,B,2,paragraph_continuation,low_reliability_or_unassigned,,,,
4889,"f76r.30,+P0",f76r,2526,4,chedy,R02,T,B,2,paragraph_continuation,reliable_conditioned,surface_token,chedy,meta_L=B,R02
4890,"f76r.30,+P0",f76r,2526,5,qo,H07,T,B,2,paragraph_continuation,low_reliability_or_unassigned,,,,
4891,"f76r.30,+P0",f76r,2526,6,qokey,H08,T,B,2,paragraph_continuation,low_reliability_or_unassigned,,,,
4892,"f76r.30,+P0",f76r,2526,7,dalaiin,R09,T,B,2,paragraph_continuation,low_reliability_or_unassigned,,,,
4893,"f76r.30,+P0",f76r,2526,8,sheeky,R06,T,B,2,paragraph_continuation,low_reliability_or_unassigned,,,,
4894,"f76r.30,+P0",f76r,2526,9,qokain,H08,T,B,2,paragraph_continuation,low_reliability_or_unassigned,,,,
4895,"f76r.30,+P0",f76r,2526,10,olky,R00,T,B,2,paragraph_continuation,low_reliability_or_unassigned,,,,
4896,"f76r.30,+P0",f76r,2526,11,sain,R06,T,B,2,paragraph_continuation,reliable_global,stolfi_inspired_signature,NG|S_OEL|T_in,global=global,R06
4897,"f76r.30,+P0",f76r,2526,12,chy,R00,T,B,2,paragraph_continuation,reliable_global,stolfi_inspired_signature,NG|S_BY|T_y,global=global,R00
4898,"f76r.31,*L0",f76r,2527,1,r,R00,T,B,2,label_or_marginal,low_reliability_or_unassigned,,,,
4899,"f76r.32,=P0",f76r,2528,1,cher,R00,T,B,2,paragraph_terminal_or_label,low_reliability_or_unassigned,,,,
4900,"f76r.32,=P0",f76r,2528,2,ain,R06,T,B,2,paragraph_terminal_or_label,reliable_global,stolfi_inspired_signature,NG|S_OEL|T_in,global=global,R06
4901,"f76r.32,=P0",f76r,2528,3,okaiin,R10,T,B,2,paragraph_terminal_or_label,reliable_global,surface_token,okaiin,global=global,R10
4902,"f76r.32,=P0",f76r,2528,4,dain,R06,T,B,2,paragraph_terminal_or_label,reliable_global,stolfi_inspired_signature,NG|S_OEL|T_in,global=global,R06
4903,"f76r.32,=P0",f76r,2528,5,chey,R06,T,B,2,paragraph_terminal_or_label,reliable_global,stolfi_inspired_signature,NG|S_EY|T_y,global=global,R06
4904,"f76r.32,=P0",f76r,2528,6,dalshedy,R09,T,B,2,paragraph_terminal_or_label,low_reliability_or_unassigned,,,,
4905,"f76r.32,=P0",f76r,2528,7,qokaiin,H08,T,B,2,paragraph_terminal_or_label,reliable_conditioned,surface_token,qokaiin,meta_L=B,H08
4906,"f76r.32,=P0",f76r,2528,8,chel,R00,T,B,2,paragraph_terminal_or_label,low_reliability_or_unassigned,,,,
4907,"f76r.32,=P0",f76r,2528,9,shy,R06,T,B,2,paragraph_terminal_or_label,reliable_global,broad_shape,X|y,global=global,R06
4908,"f76r.32,=P0",f76r,2528,10,chedy,R02,T,B,2,paragraph_terminal_or_label,reliable_conditioned,surface_token,chedy,meta_L=B,R02
4909,"f76r.32,=P0",f76r,2528,11,rain,R00,T,B,2,paragraph_terminal_or_label,low_reliability_or_unassigned,,,,
4910,"f76r.32,=P0",f76r,2528,12,chedy,R02,T,B,2,paragraph_terminal_or_label,reliable_conditioned,surface_token,chedy,meta_L=B,R02
4911,"f76r.32,=P0",f76r,2528,13,shy,R06,T,B,2,paragraph_terminal_or_label,reliable_global,broad_shape,X|y,global=global,R06
4912,"f76r.35,+P0",f76r,2531,1,sain,R06,T,B,2,paragraph_continuation,reliable_global,stolfi_inspired_signature,NG|S_OEL|T_in,global=global,R06
4913,"f76r.35,+P0",f76r,2531,2,shedy,R06,T,B,2,paragraph_continuation,reliable_conditioned,surface_token,shedy,meta_L=B,R06
4914,"f76r.35,+P0",f76r,2531,3,lshey,R00,T,B,2,paragraph_continuation,low_reliability_or_unassigned,,,,
4915,"f76r.35,+P0",f76r,2531,4,qokal,H08,T,B,2,paragraph_continuation,good_but_not_reliable_enough,surface_token,qokal,meta_H=2,H08
4916,"f76r.35,+P0",f76r,2531,5,chcthy,R04,T,B,2,paragraph_continuation,low_reliability_or_unassigned,,,,
4917,"f76r.35,+P0",f76r,2531,6,okeolor,R00,T,B,2,paragraph_continuation,low_reliability_or_unassigned,,,,
4918,"f76r.35,+P0",f76r,2531,7,cheol,R00,T,B,2,paragraph_continuation,low_reliability_or_unassigned,,,,
4919,"f76r.35,+P0",f76r,2531,8,otar,R01,T,B,2,paragraph_continuation,low_reliability_or_unassigned,,,,
4920,"f76r.35,+P0",f76r,2531,9,chedy,R02,T,B,2,paragraph_continuation,reliable_conditioned,surface_token,chedy,meta_L=B,R02
4921,"f76r.35,+P0",f76r,2531,10,qol,R00,T,B,2,paragraph_continuation,low_reliability_or_unassigned,,,,
4922,"f76r.35,+P0",f76r,2531,11,chcthy,R04,T,B,2,paragraph_continuation,low_reliability_or_unassigned,,,,
4923,"f76r.35,+P0",f76r,2531,12,chckhy,R00,T,B,2,paragraph_continuation,reliable_environment_sensitive,surface_token,chckhy,global=global,R00
4924,"f76r.37,*L0",f76r,2533,1,s,R06,T,B,2,label_or_marginal,reliable_global,broad_shape,X|NONE,global=global,R06
4925,"f76r.4,*L0",f76r,2500,1,s,R06,T,B,2,label_or_marginal,reliable_global,broad_shape,X|NONE,global=global,R06
4926,"f76r.40,+P0",f76r,2536,1,qolchey,H07,T,B,2,paragraph_continuation,low_reliability_or_unassigned,,,,
4927,"f76r.40,+P0",f76r,2536,2,shckhy,R06,T,B,2,paragraph_continuation,low_reliability_or_unassigned,,,,
4928,"f76r.40,+P0",f76r,2536,3,qokey,H08,T,B,2,paragraph_continuation,low_reliability_or_unassigned,,,,
4929,"f76r.40,+P0",f76r,2536,4,lchy,R00,T,B,2,paragraph_continuation,low_reliability_or_unassigned,,,,
4930,"f76r.40,+P0",f76r,2536,5,opchey,R00,T,B,2,paragraph_continuation,low_reliability_or_unassigned,,,,
4931,"f76r.40,+P0",f76r,2536,6,dain,R06,T,B,2,paragraph_continuation,reliable_global,stolfi_inspired_signature,NG|S_OEL|T_in,global=global,R06
4932,"f76r.40,+P0",f76r,2536,7,shdy,R06,T,B,2,paragraph_continuation,low_reliability_or_unassigned,,,,
4933,"f76r.40,+P0",f76r,2536,8,qokedar,H08,T,B,2,paragraph_continuation,low_reliability_or_unassigned,,,,
4934,"f76r.40,+P0",f76r,2536,9,olchdy,R00,T,B,2,paragraph_continuation,low_reliability_or_unassigned,,,,
4935,"f76r.40,+P0",f76r,2536,10,sor,R06,T,B,2,paragraph_continuation,good_but_not_reliable_enough,stolfi_inspired_signature,NG|S_OL|T_r,meta_H=2,R06
4936,"f76r.40,+P0",f76r,2536,11,oty,R01,T,B,2,paragraph_continuation,low_reliability_or_unassigned,,,,
4937,"f76r.40,+P0",f76r,2536,12,dy,R02,T,B,2,paragraph_continuation,low_reliability_or_unassigned,,,,
4938,"f76r.40,+P0",f76r,2536,13,lchedy,R00,T,B,2,paragraph_continuation,reliable_conditioned,broad_shape,LB|edy,meta_L=B,R00
4939,"f76r.42,+P0",f76r,2538,1,dain,R06,T,B,2,paragraph_continuation,reliable_global,stolfi_inspired_signature,NG|S_OEL|T_in,global=global,R06
4940,"f76r.42,+P0",f76r,2538,2,chey,R06,T,B,2,paragraph_continuation,reliable_global,stolfi_inspired_signature,NG|S_EY|T_y,global=global,R06
4941,"f76r.42,+P0",f76r,2538,3,lsh,R00,T,B,2,paragraph_continuation,low_reliability_or_unassigned,,,,
4942,"f76r.42,+P0",f76r,2538,4,daiin,R10,T,B,2,paragraph_continuation,good_but_not_reliable_enough,surface_token,daiin,global=global,R10
4943,"f76r.42,+P0",f76r,2538,5,chey,R06,T,B,2,paragraph_continuation,reliable_global,stolfi_inspired_signature,NG|S_EY|T_y,global=global,R06
4944,"f76r.42,+P0",f76r,2538,6,lchedy,R00,T,B,2,paragraph_continuation,reliable_conditioned,broad_shape,LB|edy,meta_L=B,R00
4945,"f76r.42,+P0",f76r,2538,7,qolin,H07,T,B,2,paragraph_continuation,low_reliability_or_unassigned,,,,
4946,"f76r.42,+P0",f76r,2538,8,qotal,H13,T,B,2,paragraph_continuation,low_reliability_or_unassigned,,,,
4947,"f76r.42,+P0",f76r,2538,9,shedy,R06,T,B,2,paragraph_continuation,reliable_conditioned,surface_token,shedy,meta_L=B,R06
4948,"f76r.42,+P0",f76r,2538,10,dy,R02,T,B,2,paragraph_continuation,low_reliability_or_unassigned,,,,
4949,"f76r.42,+P0",f76r,2538,11,shecthy,R00,T,B,2,paragraph_continuation,good_but_not_reliable_enough,broad_shape,EXGX|y,global=global,R00
4950,"f76r.42,+P0",f76r,2538,12,otalam,R00,T,B,2,paragraph_continuation,low_reliability_or_unassigned,,,,
4951,"f76r.43,+P0",f76r,2539,1,sor,R06,T,B,2,paragraph_continuation,good_but_not_reliable_enough,stolfi_inspired_signature,NG|S_OL|T_r,meta_H=2,R06
4952,"f76r.43,+P0",f76r,2539,2,shey,R06,T,B,2,paragraph_continuation,reliable_global,stolfi_inspired_signature,NG|S_EY|T_y,global=global,R06
4953,"f76r.43,+P0",f76r,2539,3,qokey,H08,T,B,2,paragraph_continuation,low_reliability_or_unassigned,,,,
4954,"f76r.43,+P0",f76r,2539,4,qokar,R03,T,B,2,paragraph_continuation,reliable_conditioned,surface_token,qokar,meta_L=B,R03
4955,"f76r.43,+P0",f76r,2539,5,sheeoldy,R00,T,B,2,paragraph_continuation,low_reliability_or_unassigned,,,,
4956,"f76r.43,+P0",f76r,2539,6,chol,R07,T,B,2,paragraph_continuation,low_reliability_or_unassigned,,,,
4957,"f76r.43,+P0",f76r,2539,7,oly,R06,T,B,2,paragraph_continuation,good_but_not_reliable_enough,surface_token,oly,global=global,R06
4958,"f76r.43,+P0",f76r,2539,8,chaly,R00,T,B,2,paragraph_continuation,low_reliability_or_unassigned,,,,
4959,"f76r.43,+P0",f76r,2539,9,lol,R00,T,B,2,paragraph_continuation,low_reliability_or_unassigned,,,,
4960,"f76r.43,+P0",f76r,2539,10,chdy,R02,T,B,2,paragraph_continuation,reliable_conditioned,surface_token,chdy,meta_L=B,R02
4961,"f76r.44,+P0",f76r,2540,1,poleedaran,R00,T,B,2,paragraph_continuation,low_reliability_or_unassigned,,,,
4962,"f76r.44,+P0",f76r,2540,2,shckhy,R06,T,B,2,paragraph_continuation,low_reliability_or_unassigned,,,,
4963,"f76r.44,+P0",f76r,2540,3,qoty,H01,T,B,2,paragraph_continuation,low_reliability_or_unassigned,,,,
4964,"f76r.44,+P0",f76r,2540,4,ykar,R06,T,B,2,paragraph_continuation,low_reliability_or_unassigned,,,,
4965,"f76r.44,+P0",f76r,2540,5,alol,R00,T,B,2,paragraph_continuation,low_reliability_or_unassigned,,,,
4966,"f76r.44,+P0",f76r,2540,6,lkaiin,R00,T,B,2,paragraph_continuation,low_reliability_or_unassigned,,,,
4967,"f76r.44,+P0",f76r,2540,7,olshedy,R00,T,B,2,paragraph_continuation,low_reliability_or_unassigned,,,,
4968,"f76r.44,+P0",f76r,2540,8,otain,R00,T,B,2,paragraph_continuation,low_reliability_or_unassigned,,,,
4969,"f76r.44,+P0",f76r,2540,9,okar,R03,T,B,2,paragraph_continuation,low_reliability_or_unassigned,,,,
4970,"f76r.44,+P0",f76r,2540,10,opar,R00,T,B,2,paragraph_continuation,low_reliability_or_unassigned,,,,
4971,"f76r.44,+P0",f76r,2540,11,kolpy,R06,T,B,2,paragraph_continuation,low_reliability_or_unassigned,,,,
4972,"f76r.45,+P0",f76r,2541,1,yshedy,R00,T,B,2,paragraph_continuation,low_reliability_or_unassigned,,,,
4973,"f76r.45,+P0",f76r,2541,2,qo,H07,T,B,2,paragraph_continuation,low_reliability_or_unassigned,,,,
4974,"f76r.45,+P0",f76r,2541,3,or,R06,T,B,2,paragraph_continuation,reliable_global,surface_token,or,global=global,R06
4975,"f76r.45,+P0",f76r,2541,4,okain,R10,T,B,2,paragraph_continuation,reliable_global,surface_token,okain,global=global,R10
4976,"f76r.45,+P0",f76r,2541,5,shey,R06,T,B,2,paragraph_continuation,reliable_global,stolfi_inspired_signature,NG|S_EY|T_y,global=global,R06
4977,"f76r.45,+P0",f76r,2541,6,qokaiin,H08,T,B,2,paragraph_continuation,reliable_conditioned,surface_token,qokaiin,meta_L=B,H08
4978,"f76r.45,+P0",f76r,2541,7,okeedy,R00,T,B,2,paragraph_continuation,reliable_conditioned,surface_token,okeedy,meta_L=B,R00
4979,"f76r.45,+P0",f76r,2541,8,qochy,H07,T,B,2,paragraph_continuation,reliable_global,stolfi_inspired_signature,NG|S_BY|T_y,global=global,R00
4980,"f76r.45,+P0",f76r,2541,9,as,R00,T,B,2,paragraph_continuation,good_but_not_reliable_enough,broad_shape,OX|NONE,global=global,R00
4981,"f76r.45,+P0",f76r,2541,10,in,R00,T,B,2,paragraph_continuation,low_reliability_or_unassigned,,,,
4982,"f76r.45,+P0",f76r,2541,11,sheey,R06,T,B,2,paragraph_continuation,reliable_global,stolfi_inspired_signature,NG|S_EY|T_ey,global=global,R06
4983,"f76r.45,+P0",f76r,2541,12,chckhy,R00,T,B,2,paragraph_continuation,reliable_environment_sensitive,surface_token,chckhy,global=global,R00
4984,"f76r.47,+P0",f76r,2543,1,dain,R06,T,B,2,paragraph_continuation,reliable_global,stolfi_inspired_signature,NG|S_OEL|T_in,global=global,R06
4985,"f76r.47,+P0",f76r,2543,2,chckhy,R00,T,B,2,paragraph_continuation,reliable_environment_sensitive,surface_token,chckhy,global=global,R00
4986,"f76r.47,+P0",f76r,2543,3,raiin,R00,T,B,2,paragraph_continuation,low_reliability_or_unassigned,,,,
4987,"f76r.47,+P0",f76r,2543,4,sheey,R06,T,B,2,paragraph_continuation,reliable_global,stolfi_inspired_signature,NG|S_EY|T_ey,global=global,R06
4988,"f76r.47,+P0",f76r,2543,5,qockhey,H07,T,B,2,paragraph_continuation,low_reliability_or_unassigned,,,,
4989,"f76r.47,+P0",f76r,2543,6,olchdar,R00,T,B,2,paragraph_continuation,low_reliability_or_unassigned,,,,
4990,"f76r.47,+P0",f76r,2543,7,sheey,R06,T,B,2,paragraph_continuation,reliable_global,stolfi_inspired_signature,NG|S_EY|T_ey,global=global,R06
4991,"f76r.47,+P0",f76r,2543,8,otedy,R01,T,B,2,paragraph_continuation,reliable_conditioned,surface_token,otedy,meta_L=B,R01
4992,"f76r.47,+P0",f76r,2543,9,olain,R00,T,B,2,paragraph_continuation,reliable_global,stolfi_inspired_signature,NG|S_OEL|T_in,global=global,R06
4993,"f76r.47,+P0",f76r,2543,10,oky,R00,T,B,2,paragraph_continuation,reliable_environment_sensitive,surface_token,oky,global=global,R00
4994,"f76r.48,+P0",f76r,2544,1,saiin,R06,T,B,2,paragraph_continuation,reliable_conditioned,surface_token,saiin,meta_L=B,R06
4995,"f76r.48,+P0",f76r,2544,2,shckhy,R06,T,B,2,paragraph_continuation,low_reliability_or_unassigned,,,,
4996,"f76r.48,+P0",f76r,2544,3,lkeedy,R00,T,B,2,paragraph_continuation,low_reliability_or_unassigned,,,,
4997,"f76r.48,+P0",f76r,2544,4,qoky,H01,T,B,2,paragraph_continuation,low_reliability_or_unassigned,,,,
4998,"f76r.48,+P0",f76r,2544,5,okain,R10,T,B,2,paragraph_continuation,reliable_global,surface_token,okain,global=global,R10
4999,"f76r.48,+P0",f76r,2544,6,ytain,R06,T,B,2,paragraph_continuation,low_reliability_or_unassigned,,,,
5000,"f76r.48,+P0",f76r,2544,7,oteedy,R01,T,B,2,paragraph_continuation,low_reliability_or_unassigned,,,,
5001,"f76r.48,+P0",f76r,2544,8,okedor,R00,T,B,2,paragraph_continuation,low_reliability_or_unassigned,,,,
5002,"f76r.48,+P0",f76r,2544,9,shedy,R06,T,B,2,paragraph_continuation,reliable_conditioned,surface_token,shedy,meta_L=B,R06
5003,"f76r.48,+P0",f76r,2544,10,qokal,H08,T,B,2,paragraph_continuation,good_but_not_reliable_enough,surface_token,qokal,meta_H=2,H08
5004,"f76r.52,+P0",f76r,2548,1,olsheed,R00,T,B,2,paragraph_continuation,low_reliability_or_unassigned,,,,
5005,"f76r.52,+P0",f76r,2548,2,qokedy,H12,T,B,2,paragraph_continuation,reliable_conditioned,surface_token,qokedy,meta_L=B,H12
5006,"f76r.52,+P0",f76r,2548,3,qokeedy,H01,T,B,2,paragraph_continuation,low_reliability_or_unassigned,,,,
5007,"f76r.52,+P0",f76r,2548,4,qokedy,H12,T,B,2,paragraph_continuation,reliable_conditioned,surface_token,qokedy,meta_L=B,H12
5008,"f76r.52,+P0",f76r,2548,5,lkedy,R00,T,B,2,paragraph_continuation,low_reliability_or_unassigned,,,,
5009,"f76r.52,+P0",f76r,2548,6,lsheedy,R00,T,B,2,paragraph_continuation,low_reliability_or_unassigned,,,,
5010,"f76r.52,+P0",f76r,2548,7,okar,R03,T,B,2,paragraph_continuation,low_reliability_or_unassigned,,,,
5011,"f76r.52,+P0",f76r,2548,8,shedy,R06,T,B,2,paragraph_continuation,reliable_conditioned,surface_token,shedy,meta_L=B,R06
5012,"f76r.52,+P0",f76r,2548,9,otain,R00,T,B,2,paragraph_continuation,low_reliability_or_unassigned,,,,
5013,"f76r.53,+P0",f76r,2549,1,saiin,R06,T,B,2,paragraph_continuation,reliable_conditioned,surface_token,saiin,meta_L=B,R06
5014,"f76r.53,+P0",f76r,2549,2,qol,R00,T,B,2,paragraph_continuation,low_reliability_or_unassigned,,,,
5015,"f76r.53,+P0",f76r,2549,3,shedy,R06,T,B,2,paragraph_continuation,reliable_conditioned,surface_token,shedy,meta_L=B,R06
5016,"f76r.53,+P0",f76r,2549,4,ol,R06,T,B,2,paragraph_continuation,reliable_environment_sensitive,surface_token,ol,global=global,R06
5017,"f76r.53,+P0",f76r,2549,5,chedor,R00,T,B,2,paragraph_continuation,low_reliability_or_unassigned,,,,
5018,"f76r.53,+P0",f76r,2549,6,chal,R00,T,B,2,paragraph_continuation,low_reliability_or_unassigned,,,,
5019,"f76r.53,+P0",f76r,2549,7,shed,R06,T,B,2,paragraph_continuation,low_reliability_or_unassigned,,,,
5020,"f76r.53,+P0",f76r,2549,8,qoteedy,H01,T,B,2,paragraph_continuation,low_reliability_or_unassigned,,,,
5021,"f76r.53,+P0",f76r,2549,9,dshdy,R06,T,B,2,paragraph_continuation,low_reliability_or_unassigned,,,,
5022,"f76r.53,+P0",f76r,2549,10,okal,R07,T,B,2,paragraph_continuation,reliable_global,surface_token,okal,global=global,R07
5023,"f76r.53,+P0",f76r,2549,11,chedyl,R00,T,B,2,paragraph_continuation,low_reliability_or_unassigned,,,,
5024,"f76r.55,+P0",f76r,2551,1,sain,R06,T,B,2,paragraph_continuation,reliable_global,stolfi_inspired_signature,NG|S_OEL|T_in,global=global,R06
5025,"f76r.55,+P0",f76r,2551,2,sheey,R06,T,B,2,paragraph_continuation,reliable_global,stolfi_inspired_signature,NG|S_EY|T_ey,global=global,R06
5026,"f76r.55,+P0",f76r,2551,3,or,R06,T,B,2,paragraph_continuation,reliable_global,surface_token,or,global=global,R06
5027,"f76r.55,+P0",f76r,2551,4,ar,R06,T,B,2,paragraph_continuation,reliable_global,surface_token,ar,global=global,R06
5028,"f76r.55,+P0",f76r,2551,5,al,R06,T,B,2,paragraph_continuation,reliable_environment_sensitive,surface_token,al,global=global,R06
5029,"f76r.55,+P0",f76r,2551,6,solshey,R00,T,B,2,paragraph_continuation,low_reliability_or_unassigned,,,,
5030,"f76r.55,+P0",f76r,2551,7,okeedy,R00,T,B,2,paragraph_continuation,reliable_conditioned,surface_token,okeedy,meta_L=B,R00
5031,"f76r.55,+P0",f76r,2551,8,ldaiin,R00,T,B,2,paragraph_continuation,low_reliability_or_unassigned,,,,
5032,"f76r.55,+P0",f76r,2551,9,checkhey,R00,T,B,2,paragraph_continuation,low_reliability_or_unassigned,,,,
5033,"f76r.55,+P0",f76r,2551,10,okedalor,R00,T,B,2,paragraph_continuation,low_reliability_or_unassigned,,,,
5034,"f76r.6,+P0",f76r,2502,1,solchedy,R00,T,B,2,paragraph_continuation,low_reliability_or_unassigned,,,,
5035,"f76r.6,+P0",f76r,2502,2,qokeedy,H01,T,B,2,paragraph_continuation,low_reliability_or_unassigned,,,,
5036,"f76r.6,+P0",f76r,2502,3,qopchedy,R00,T,B,2,paragraph_continuation,low_reliability_or_unassigned,,,,
5037,"f76r.6,+P0",f76r,2502,4,qokeeo,H08,T,B,2,paragraph_continuation,low_reliability_or_unassigned,,,,
5038,"f76r.6,+P0",f76r,2502,5,rol,R00,T,B,2,paragraph_continuation,low_reliability_or_unassigned,,,,
5039,"f76r.6,+P0",f76r,2502,6,shedy,R06,T,B,2,paragraph_continuation,reliable_conditioned,surface_token,shedy,meta_L=B,R06
5040,"f76r.6,+P0",f76r,2502,7,qokedy,H12,T,B,2,paragraph_continuation,reliable_conditioned,surface_token,qokedy,meta_L=B,H12
5041,"f76r.6,+P0",f76r,2502,8,sheey,R06,T,B,2,paragraph_continuation,reliable_global,stolfi_inspired_signature,NG|S_EY|T_ey,global=global,R06
5042,"f76r.6,+P0",f76r,2502,9,okees,R00,T,B,2,paragraph_continuation,low_reliability_or_unassigned,,,,
5043,"f76r.6,+P0",f76r,2502,10,al,R06,T,B,2,paragraph_continuation,reliable_environment_sensitive,surface_token,al,global=global,R06
5044,"f76r.6,+P0",f76r,2502,11,al,R06,T,B,2,paragraph_continuation,reliable_environment_sensitive,surface_token,al,global=global,R06
5045,"f76r.6,+P0",f76r,2502,12,chedain,R00,T,B,2,paragraph_continuation,low_reliability_or_unassigned,,,,
5046,"f76r.6,+P0",f76r,2502,13,dar,R06,T,B,2,paragraph_continuation,reliable_global,surface_token,dar,global=global,R06
5047,"f76r.7,*L0",f76r,2503,1,d,R06,T,B,2,label_or_marginal,low_reliability_or_unassigned,,,,
5048,"f76r.8,=P0",f76r,2504,1,qoaiin,H07,T,B,2,paragraph_terminal_or_label,low_reliability_or_unassigned,,,,
5049,"f76r.8,=P0",f76r,2504,2,ches,R00,T,B,2,paragraph_terminal_or_label,low_reliability_or_unassigned,,,,
5050,"f76r.8,=P0",f76r,2504,3,okeedal,R09,T,B,2,paragraph_terminal_or_label,low_reliability_or_unassigned,,,,
5051,"f76r.8,=P0",f76r,2504,4,qoked,H08,T,B,2,paragraph_terminal_or_label,low_reliability_or_unassigned,,,,
5052,"f76r.8,=P0",f76r,2504,5,qokeey,H08,T,B,2,paragraph_terminal_or_label,reliable_conditioned,surface_token,qokeey,meta_L=B,H08
5053,"f76r.8,=P0",f76r,2504,6,shedy,R06,T,B,2,paragraph_terminal_or_label,reliable_conditioned,surface_token,shedy,meta_L=B,R06
5054,"f76r.8,=P0",f76r,2504,7,chey,R06,T,B,2,paragraph_terminal_or_label,reliable_global,stolfi_inspired_signature,NG|S_EY|T_y,global=global,R06
5055,"f76r.8,=P0",f76r,2504,8,lkeedy,R00,T,B,2,paragraph_terminal_or_label,low_reliability_or_unassigned,,,,
5056,"f76r.8,=P0",f76r,2504,9,okey,R00,T,B,2,paragraph_terminal_or_label,low_reliability_or_unassigned,,,,
5057,"f76r.8,=P0",f76r,2504,10,dar,R06,T,B,2,paragraph_terminal_or_label,reliable_global,surface_token,dar,global=global,R06
5058,"f76r.8,=P0",f76r,2504,11,aiin,R06,T,B,2,paragraph_terminal_or_label,reliable_environment_sensitive,surface_token,aiin,global=global,R06
5059,"f76r.8,=P0",f76r,2504,12,chekain,R00,T,B,2,paragraph_terminal_or_label,low_reliability_or_unassigned,,,,
5060,"f76r.8,=P0",f76r,2504,13,oldy,R00,T,B,2,paragraph_terminal_or_label,low_reliability_or_unassigned,,,,
5061,"f76v.11,+P0",f76v,2563,1,cheor,R00,B,B,2,paragraph_continuation,low_reliability_or_unassigned,,,,
5062,"f76v.11,+P0",f76v,2563,2,sheedy,R06,B,B,2,paragraph_continuation,reliable_environment_sensitive,surface_token,sheedy,global=global,R06
5063,"f76v.11,+P0",f76v,2563,3,daiin,R10,B,B,2,paragraph_continuation,good_but_not_reliable_enough,surface_token,daiin,global=global,R10
5064,"f76v.11,+P0",f76v,2563,4,oekeedy,R00,B,B,2,paragraph_continuation,low_reliability_or_unassigned,,,,
5065,"f76v.11,+P0",f76v,2563,5,qokeey,H08,B,B,2,paragraph_continuation,reliable_conditioned,surface_token,qokeey,meta_L=B,H08
5066,"f76v.11,+P0",f76v,2563,6,qokedy,H12,B,B,2,paragraph_continuation,reliable_conditioned,surface_token,qokedy,meta_L=B,H12
5067,"f76v.11,+P0",f76v,2563,7,oteedy,R01,B,B,2,paragraph_continuation,low_reliability_or_unassigned,,,,
5068,"f76v.11,+P0",f76v,2563,8,shedy,R06,B,B,2,paragraph_continuation,reliable_conditioned,surface_token,shedy,meta_L=B,R06
5069,"f76v.11,+P0",f76v,2563,9,qokedy,H12,B,B,2,paragraph_continuation,reliable_conditioned,surface_token,qokedy,meta_L=B,H12
5070,"f76v.11,+P0",f76v,2563,10,shedam,R06,B,B,2,paragraph_continuation,low_reliability_or_unassigned,,,,
5071,"f76v.12,+P0",f76v,2564,1,solsheol,R00,B,B,2,paragraph_continuation,low_reliability_or_unassigned,,,,
5072,"f76v.12,+P0",f76v,2564,2,sheey,R06,B,B,2,paragraph_continuation,reliable_global,stolfi_inspired_signature,NG|S_EY|T_ey,global=global,R06
5073,"f76v.12,+P0",f76v,2564,3,lteedy,R00,B,B,2,paragraph_continuation,low_reliability_or_unassigned,,,,
5074,"f76v.12,+P0",f76v,2564,4,qokeedy,H01,B,B,2,paragraph_continuation,low_reliability_or_unassigned,,,,
5075,"f76v.12,+P0",f76v,2564,5,qotal,H13,B,B,2,paragraph_continuation,low_reliability_or_unassigned,,,,
5076,"f76v.12,+P0",f76v,2564,6,chedy,R02,B,B,2,paragraph_continuation,reliable_conditioned,surface_token,chedy,meta_L=B,R02
5077,"f76v.12,+P0",f76v,2564,7,checthy,R00,B,B,2,paragraph_continuation,good_but_not_reliable_enough,broad_shape,EXGX|y,global=global,R00
5078,"f76v.12,+P0",f76v,2564,8,otedeey,R01,B,B,2,paragraph_continuation,low_reliability_or_unassigned,,,,
5079,"f76v.12,+P0",f76v,2564,9,qokol,H08,B,B,2,paragraph_continuation,low_reliability_or_unassigned,,,,
5080,"f76v.12,+P0",f76v,2564,10,chedy,R02,B,B,2,paragraph_continuation,reliable_conditioned,surface_token,chedy,meta_L=B,R02
5081,"f76v.12,+P0",f76v,2564,11,deey,R06,B,B,2,paragraph_continuation,reliable_global,stolfi_inspired_signature,NG|S_EY|T_ey,global=global,R06
5082,"f76v.13,+P0",f76v,2565,1,saiin,R06,B,B,2,paragraph_continuation,reliable_conditioned,surface_token,saiin,meta_L=B,R06
5083,"f76v.13,+P0",f76v,2565,2,sheedy,R06,B,B,2,paragraph_continuation,reliable_environment_sensitive,surface_token,sheedy,global=global,R06
5084,"f76v.13,+P0",f76v,2565,3,qol,R00,B,B,2,paragraph_continuation,low_reliability_or_unassigned,,,,
5085,"f76v.13,+P0",f76v,2565,4,sheedy,R06,B,B,2,paragraph_continuation,reliable_environment_sensitive,surface_token,sheedy,global=global,R06
5086,"f76v.13,+P0",f76v,2565,5,okeeedy,R00,B,B,2,paragraph_continuation,low_reliability_or_unassigned,,,,
5087,"f76v.13,+P0",f76v,2565,6,qoteedy,H01,B,B,2,paragraph_continuation,low_reliability_or_unassigned,,,,
5088,"f76v.13,+P0",f76v,2565,7,chedy,R02,B,B,2,paragraph_continuation,reliable_conditioned,surface_token,chedy,meta_L=B,R02
5089,"f76v.13,+P0",f76v,2565,8,qotedy,H17,B,B,2,paragraph_continuation,low_reliability_or_unassigned,,,,
5090,"f76v.13,+P0",f76v,2565,9,oleeedy,R00,B,B,2,paragraph_continuation,low_reliability_or_unassigned,,,,
5091,"f76v.13,+P0",f76v,2565,10,qoteedy,H01,B,B,2,paragraph_continuation,low_reliability_or_unassigned,,,,
5092,"f76v.13,+P0",f76v,2565,11,lo,R00,B,B,2,paragraph_continuation,low_reliability_or_unassigned,,,,
5093,"f76v.15,+P0",f76v,2567,1,tchedy,R06,B,B,2,paragraph_continuation,low_reliability_or_unassigned,,,,
5094,"f76v.15,+P0",f76v,2567,2,lsheedy,R00,B,B,2,paragraph_continuation,low_reliability_or_unassigned,,,,
5095,"f76v.15,+P0",f76v,2567,3,chedal,R00,B,B,2,paragraph_continuation,low_reliability_or_unassigned,,,,
5096,"f76v.15,+P0",f76v,2567,4,chedy,R02,B,B,2,paragraph_continuation,reliable_conditioned,surface_token,chedy,meta_L=B,R02
5097,"f76v.15,+P0",f76v,2567,5,checthey,R00,B,B,2,paragraph_continuation,low_reliability_or_unassigned,,,,
5098,"f76v.17,+P0",f76v,2569,1,sar,R06,B,B,2,paragraph_continuation,good_but_not_reliable_enough,stolfi_inspired_signature,NG|S_OL|T_r,meta_H=2,R06
5099,"f76v.17,+P0",f76v,2569,2,olkeey,R00,B,B,2,paragraph_continuation,low_reliability_or_unassigned,,,,
5100,"f76v.17,+P0",f76v,2569,3,shokaiin,R10,B,B,2,paragraph_continuation,low_reliability_or_unassigned,,,,
5101,"f76v.17,+P0",f76v,2569,4,sheolol,R00,B,B,2,paragraph_continuation,low_reliability_or_unassigned,,,,
5102,"f76v.17,+P0",f76v,2569,5,otedy,R01,B,B,2,paragraph_continuation,reliable_conditioned,surface_token,otedy,meta_L=B,R01
5103,"f76v.17,+P0",f76v,2569,6,qekchdy,R00,B,B,2,paragraph_continuation,low_reliability_or_unassigned,,,,
5104,"f76v.17,+P0",f76v,2569,7,qoeeedy,H21,B,B,2,paragraph_continuation,low_reliability_or_unassigned,,,,
5105,"f76v.17,+P0",f76v,2569,8,qokedy,H12,B,B,2,paragraph_continuation,reliable_conditioned,surface_token,qokedy,meta_L=B,H12
5106,"f76v.17,+P0",f76v,2569,9,lkedy,R00,B,B,2,paragraph_continuation,low_reliability_or_unassigned,,,,
5107,"f76v.17,+P0",f76v,2569,10,chdy,R02,B,B,2,paragraph_continuation,reliable_conditioned,surface_token,chdy,meta_L=B,R02
5108,"f76v.18,+P0",f76v,2570,1,lshey,R00,B,B,2,paragraph_continuation,low_reliability_or_unassigned,,,,
5109,"f76v.18,+P0",f76v,2570,2,qockhedy,H21,B,B,2,paragraph_continuation,low_reliability_or_unassigned,,,,
5110,"f76v.18,+P0",f76v,2570,3,qodeey,H07,B,B,2,paragraph_continuation,low_reliability_or_unassigned,,,,
5111,"f76v.18,+P0",f76v,2570,4,qolkeedy,H21,B,B,2,paragraph_continuation,low_reliability_or_unassigned,,,,
5112,"f76v.18,+P0",f76v,2570,5,qokedy,H12,B,B,2,paragraph_continuation,reliable_conditioned,surface_token,qokedy,meta_L=B,H12
5113,"f76v.18,+P0",f76v,2570,6,chol,R07,B,B,2,paragraph_continuation,low_reliability_or_unassigned,,,,
5114,"f76v.18,+P0",f76v,2570,7,chedchey,R00,B,B,2,paragraph_continuation,low_reliability_or_unassigned,,,,
5115,"f76v.18,+P0",f76v,2570,8,daiin,R10,B,B,2,paragraph_continuation,good_but_not_reliable_enough,surface_token,daiin,global=global,R10
5116,"f76v.18,+P0",f76v,2570,9,olkedy,R00,B,B,2,paragraph_continuation,low_reliability_or_unassigned,,,,
5117,"f77r.1,@Ln",f77r,2594,1,darchdar,R00,B,B,2,label_or_marginal,low_reliability_or_unassigned,,,,
5118,"f77r.11,+P0",f77r,2604,1,qoteedy,H01,B,B,2,paragraph_continuation,low_reliability_or_unassigned,,,,
5119,"f77r.11,+P0",f77r,2604,2,qokaiin,H08,B,B,2,paragraph_continuation,reliable_conditioned,surface_token,qokaiin,meta_L=B,H08
5120,"f77r.11,+P0",f77r,2604,3,shedy,R06,B,B,2,paragraph_continuation,reliable_conditioned,surface_token,shedy,meta_L=B,R06
5121,"f77r.11,+P0",f77r,2604,4,chol,R07,B,B,2,paragraph_continuation,low_reliability_or_unassigned,,,,
5122,"f77r.11,+P0",f77r,2604,5,shedy,R06,B,B,2,paragraph_continuation,reliable_conditioned,surface_token,shedy,meta_L=B,R06
5123,"f77r.11,+P0",f77r,2604,6,shcthey,R04,B,B,2,paragraph_continuation,low_reliability_or_unassigned,,,,
5124,"f77r.11,+P0",f77r,2604,7,qokeedy,H01,B,B,2,paragraph_continuation,low_reliability_or_unassigned,,,,
5125,"f77r.11,+P0",f77r,2604,8,oteedy,R01,B,B,2,paragraph_continuation,low_reliability_or_unassigned,,,,
5126,"f77r.11,+P0",f77r,2604,9,cham,R00,B,B,2,paragraph_continuation,low_reliability_or_unassigned,,,,
5127,"f77r.14,+P0",f77r,2607,1,sokcheey,R00,B,B,2,paragraph_continuation,low_reliability_or_unassigned,,,,
5128,"f77r.14,+P0",f77r,2607,2,sain,R06,B,B,2,paragraph_continuation,reliable_global,stolfi_inspired_signature,NG|S_OEL|T_in,global=global,R06
5129,"f77r.14,+P0",f77r,2607,3,sheeol,R06,B,B,2,paragraph_continuation,low_reliability_or_unassigned,,,,
5130,"f77r.14,+P0",f77r,2607,4,qoteedy,H01,B,B,2,paragraph_continuation,low_reliability_or_unassigned,,,,
5131,"f77r.14,+P0",f77r,2607,5,qokaiin,H08,B,B,2,paragraph_continuation,reliable_conditioned,surface_token,qokaiin,meta_L=B,H08
5132,"f77r.14,+P0",f77r,2607,6,shedy,R06,B,B,2,paragraph_continuation,reliable_conditioned,surface_token,shedy,meta_L=B,R06
5133,"f77r.14,+P0",f77r,2607,7,qokeedy,H01,B,B,2,paragraph_continuation,low_reliability_or_unassigned,,,,
5134,"f77r.14,+P0",f77r,2607,8,qotedy,H17,B,B,2,paragraph_continuation,low_reliability_or_unassigned,,,,
5135,"f77r.15,+P0",f77r,2608,1,qokeedy,H01,B,B,2,paragraph_continuation,low_reliability_or_unassigned,,,,
5136,"f77r.15,+P0",f77r,2608,2,shedy,R06,B,B,2,paragraph_continuation,reliable_conditioned,surface_token,shedy,meta_L=B,R06
5137,"f77r.15,+P0",f77r,2608,3,qotol,H13,B,B,2,paragraph_continuation,low_reliability_or_unassigned,,,,
5138,"f77r.15,+P0",f77r,2608,4,shedy,R06,B,B,2,paragraph_continuation,reliable_conditioned,surface_token,shedy,meta_L=B,R06
5139,"f77r.15,+P0",f77r,2608,5,qokaiin,H08,B,B,2,paragraph_continuation,reliable_conditioned,surface_token,qokaiin,meta_L=B,H08
5140,"f77r.15,+P0",f77r,2608,6,sheety,R06,B,B,2,paragraph_continuation,low_reliability_or_unassigned,,,,
5141,"f77r.15,+P0",f77r,2608,7,qokeedy,H01,B,B,2,paragraph_continuation,low_reliability_or_unassigned,,,,
5142,"f77r.15,+P0",f77r,2608,8,lchedylol,R00,B,B,2,paragraph_continuation,low_reliability_or_unassigned,,,,
5143,"f77r.16,+P0",f77r,2609,1,sshedy,R06,B,B,2,paragraph_continuation,low_reliability_or_unassigned,,,,
5144,"f77r.16,+P0",f77r,2609,2,qotaiin,H13,B,B,2,paragraph_continuation,low_reliability_or_unassigned,,,,
5145,"f77r.16,+P0",f77r,2609,3,chedy,R02,B,B,2,paragraph_continuation,reliable_conditioned,surface_token,chedy,meta_L=B,R02
5146,"f77r.16,+P0",f77r,2609,4,qokaiin,H08,B,B,2,paragraph_continuation,reliable_conditioned,surface_token,qokaiin,meta_L=B,H08
5147,"f77r.16,+P0",f77r,2609,5,shedy,R06,B,B,2,paragraph_continuation,reliable_conditioned,surface_token,shedy,meta_L=B,R06
5148,"f77r.16,+P0",f77r,2609,6,qolcheedy,H21,B,B,2,paragraph_continuation,low_reliability_or_unassigned,,,,
5149,"f77r.16,+P0",f77r,2609,7,qokeedy,H01,B,B,2,paragraph_continuation,low_reliability_or_unassigned,,,,
5150,"f77r.16,+P0",f77r,2609,8,lol,R00,B,B,2,paragraph_continuation,low_reliability_or_unassigned,,,,
5151,"f77r.2,+Lt",f77r,2595,1,olkchs,R00,B,B,2,+L,low_reliability_or_unassigned,,,,
5152,"f77r.21,+P0",f77r,2614,1,chedaiin,R00,B,B,2,paragraph_continuation,low_reliability_or_unassigned,,,,
5153,"f77r.21,+P0",f77r,2614,2,shedy,R06,B,B,2,paragraph_continuation,reliable_conditioned,surface_token,shedy,meta_L=B,R06
5154,"f77r.21,+P0",f77r,2614,3,qokeedy,H01,B,B,2,paragraph_continuation,low_reliability_or_unassigned,,,,
5155,"f77r.21,+P0",f77r,2614,4,qokedy,H12,B,B,2,paragraph_continuation,reliable_conditioned,surface_token,qokedy,meta_L=B,H12
5156,"f77r.21,+P0",f77r,2614,5,qokeey,H08,B,B,2,paragraph_continuation,reliable_conditioned,surface_token,qokeey,meta_L=B,H08
5157,"f77r.21,+P0",f77r,2614,6,chedy,R02,B,B,2,paragraph_continuation,reliable_conditioned,surface_token,chedy,meta_L=B,R02
5158,"f77r.21,+P0",f77r,2614,7,shear,R06,B,B,2,paragraph_continuation,low_reliability_or_unassigned,,,,
5159,"f77r.21,+P0",f77r,2614,8,olaiiny,R00,B,B,2,paragraph_continuation,low_reliability_or_unassigned,,,,
5160,"f77r.27,+P0",f77r,2620,1,solchedy,R00,B,B,2,paragraph_continuation,low_reliability_or_unassigned,,,,
5161,"f77r.27,+P0",f77r,2620,2,qokain,H08,B,B,2,paragraph_continuation,low_reliability_or_unassigned,,,,
5162,"f77r.27,+P0",f77r,2620,3,okaiin,R10,B,B,2,paragraph_continuation,reliable_global,surface_token,okaiin,global=global,R10
5163,"f77r.27,+P0",f77r,2620,4,shedy,R06,B,B,2,paragraph_continuation,reliable_conditioned,surface_token,shedy,meta_L=B,R06
5164,"f77r.27,+P0",f77r,2620,5,qokeedy,H01,B,B,2,paragraph_continuation,low_reliability_or_unassigned,,,,
5165,"f77r.27,+P0",f77r,2620,6,qotedy,H17,B,B,2,paragraph_continuation,low_reliability_or_unassigned,,,,
5166,"f77r.29,+P0",f77r,2622,1,saiin,R06,B,B,2,paragraph_continuation,reliable_conditioned,surface_token,saiin,meta_L=B,R06
5167,"f77r.29,+P0",f77r,2622,2,cheeol,R00,B,B,2,paragraph_continuation,low_reliability_or_unassigned,,,,
5168,"f77r.29,+P0",f77r,2622,3,qokeedy,H01,B,B,2,paragraph_continuation,low_reliability_or_unassigned,,,,
5169,"f77r.29,+P0",f77r,2622,4,qokeedy,H01,B,B,2,paragraph_continuation,low_reliability_or_unassigned,,,,
5170,"f77r.29,+P0",f77r,2622,5,qotal,H13,B,B,2,paragraph_continuation,low_reliability_or_unassigned,,,,
5171,"f77r.37,+P0",f77r,2630,1,teeolain,R00,B,B,2,paragraph_continuation,low_reliability_or_unassigned,,,,
5172,"f77r.37,+P0",f77r,2630,2,chey,R06,B,B,2,paragraph_continuation,reliable_global,stolfi_inspired_signature,NG|S_EY|T_y,global=global,R06
5173,"f77r.37,+P0",f77r,2630,3,qoteedy,H01,B,B,2,paragraph_continuation,low_reliability_or_unassigned,,,,
5174,"f77r.37,+P0",f77r,2630,4,qokain,H08,B,B,2,paragraph_continuation,low_reliability_or_unassigned,,,,
5175,"f77r.37,+P0",f77r,2630,5,cheedy,R06,B,B,2,paragraph_continuation,low_reliability_or_unassigned,,,,
5176,"f77r.37,+P0",f77r,2630,6,cheey,R06,B,B,2,paragraph_continuation,reliable_global,stolfi_inspired_signature,NG|S_EY|T_ey,global=global,R06
5177,"f77r.37,+P0",f77r,2630,7,lchedy,R00,B,B,2,paragraph_continuation,reliable_conditioned,broad_shape,LB|edy,meta_L=B,R00
5178,"f77r.4,~Lt",f77r,2597,1,otork,R00,B,B,2,~L,low_reliability_or_unassigned,,,,
5179,"f77r.48,+P0",f77r,2641,1,sodar,R06,B,B,2,paragraph_continuation,low_reliability_or_unassigned,,,,
5180,"f77r.48,+P0",f77r,2641,2,oloky,R00,B,B,2,paragraph_continuation,reliable_global,broad_shape,OG|y,global=global,R00
5181,"f77r.49,@Ln",f77r,2642,1,otchdy,R00,B,B,2,label_or_marginal,low_reliability_or_unassigned,,,,
5182,"f77r.6,~Lt",f77r,2599,1,dchdy,R06,B,B,2,~L,low_reliability_or_unassigned,,,,
5183,"f77r.7,~Lt",f77r,2600,1,soral,R06,B,B,2,~L,low_reliability_or_unassigned,,,,
5184,"f77r.8,~Ln",f77r,2601,1,dotedy,R06,B,B,2,~L,low_reliability_or_unassigned,,,,
5185,"f77v.24,+P0",f77v,2667,1,daiin,R10,B,B,2,paragraph_continuation,good_but_not_reliable_enough,surface_token,daiin,global=global,R10
5186,"f77v.24,+P0",f77v,2667,2,sheekey,R00,B,B,2,paragraph_continuation,low_reliability_or_unassigned,,,,
5187,"f77v.24,+P0",f77v,2667,3,qokeedy,H01,B,B,2,paragraph_continuation,low_reliability_or_unassigned,,,,
5188,"f77v.24,+P0",f77v,2667,4,daiin,R10,B,B,2,paragraph_continuation,good_but_not_reliable_enough,surface_token,daiin,global=global,R10
5189,"f77v.24,+P0",f77v,2667,5,dail,R06,B,B,2,paragraph_continuation,low_reliability_or_unassigned,,,,
5190,"f77v.24,+P0",f77v,2667,6,qokedy,H12,B,B,2,paragraph_continuation,reliable_conditioned,surface_token,qokedy,meta_L=B,H12
5191,"f77v.24,+P0",f77v,2667,7,qokedy,H12,B,B,2,paragraph_continuation,reliable_conditioned,surface_token,qokedy,meta_L=B,H12
5192,"f77v.24,+P0",f77v,2667,8,ol,R06,B,B,2,paragraph_continuation,reliable_environment_sensitive,surface_token,ol,global=global,R06
5193,"f77v.25,+P0",f77v,2668,1,lchor,R00,B,B,2,paragraph_continuation,low_reliability_or_unassigned,,,,
5194,"f77v.25,+P0",f77v,2668,2,oiiin,R00,B,B,2,paragraph_continuation,low_reliability_or_unassigned,,,,
5195,"f77v.25,+P0",f77v,2668,3,shedy,R06,B,B,2,paragraph_continuation,reliable_conditioned,surface_token,shedy,meta_L=B,R06
5196,"f77v.25,+P0",f77v,2668,4,qokaiin,H08,B,B,2,paragraph_continuation,reliable_conditioned,surface_token,qokaiin,meta_L=B,H08
5197,"f77v.25,+P0",f77v,2668,5,saiin,R06,B,B,2,paragraph_continuation,reliable_conditioned,surface_token,saiin,meta_L=B,R06
5198,"f77v.25,+P0",f77v,2668,6,dal,R09,B,B,2,paragraph_continuation,reliable_global,surface_token,dal,global=global,R09
5199,"f77v.25,+P0",f77v,2668,7,sheedy,R06,B,B,2,paragraph_continuation,reliable_environment_sensitive,surface_token,sheedy,global=global,R06
5200,"f77v.25,+P0",f77v,2668,8,qokeedy,H01,B,B,2,paragraph_continuation,low_reliability_or_unassigned,,,,
5201,"f77v.25,+P0",f77v,2668,9,al,R06,B,B,2,paragraph_continuation,reliable_environment_sensitive,surface_token,al,global=global,R06
5202,"f77v.26,+P0",f77v,2669,1,dairol,R06,B,B,2,paragraph_continuation,low_reliability_or_unassigned,,,,
5203,"f77v.26,+P0",f77v,2669,2,shedy,R06,B,B,2,paragraph_continuation,reliable_conditioned,surface_token,shedy,meta_L=B,R06
5204,"f77v.26,+P0",f77v,2669,3,rchy,R00,B,B,2,paragraph_continuation,low_reliability_or_unassigned,,,,
5205,"f77v.26,+P0",f77v,2669,4,sheor,R06,B,B,2,paragraph_continuation,low_reliability_or_unassigned,,,,
5206,"f77v.26,+P0",f77v,2669,5,qokedy,H12,B,B,2,paragraph_continuation,reliable_conditioned,surface_token,qokedy,meta_L=B,H12
5207,"f77v.26,+P0",f77v,2669,6,qoky,H01,B,B,2,paragraph_continuation,low_reliability_or_unassigned,,,,
5208,"f77v.26,+P0",f77v,2669,7,chckhy,R00,B,B,2,paragraph_continuation,reliable_environment_sensitive,surface_token,chckhy,global=global,R00
5209,"f77v.26,+P0",f77v,2669,8,qokchy,H08,B,B,2,paragraph_continuation,low_reliability_or_unassigned,,,,
5210,"f77v.26,+P0",f77v,2669,9,ldol,R00,B,B,2,paragraph_continuation,low_reliability_or_unassigned,,,,
5211,"f77v.3,=Lt",f77v,2646,1,olkeedal,R00,B,B,2,=L,low_reliability_or_unassigned,,,,
5212,"f77v.42,+P0",f77v,2685,1,tcheey,R06,B,B,2,paragraph_continuation,low_reliability_or_unassigned,,,,
5213,"f77v.42,+P0",f77v,2685,2,qokeey,H08,B,B,2,paragraph_continuation,reliable_conditioned,surface_token,qokeey,meta_L=B,H08
5214,"f77v.42,+P0",f77v,2685,3,qokal,H08,B,B,2,paragraph_continuation,good_but_not_reliable_enough,surface_token,qokal,meta_H=2,H08
5215,"f77v.42,+P0",f77v,2685,4,lchedy,R00,B,B,2,paragraph_continuation,reliable_conditioned,broad_shape,LB|edy,meta_L=B,R00
5216,"f77v.42,+P0",f77v,2685,5,cheolkaiin,R00,B,B,2,paragraph_continuation,low_reliability_or_unassigned,,,,
5217,"f77v.42,+P0",f77v,2685,6,okol,R07,B,B,2,paragraph_continuation,low_reliability_or_unassigned,,,,
5218,"f77v.44,@Lt",f77v,2687,1,okalo,R00,B,B,2,label_or_marginal,low_reliability_or_unassigned,,,,
5219,"f77v.6,@P0",f77v,2649,1,qetedy,R00,B,B,2,paragraph_start,low_reliability_or_unassigned,,,,
5220,"f77v.6,@P0",f77v,2649,2,shedy,R06,B,B,2,paragraph_start,reliable_conditioned,surface_token,shedy,meta_L=B,R06
5221,"f77v.6,@P0",f77v,2649,3,qotol,H13,B,B,2,paragraph_start,low_reliability_or_unassigned,,,,
5222,"f77v.6,@P0",f77v,2649,4,odal,R00,B,B,2,paragraph_start,low_reliability_or_unassigned,,,,
5223,"f77v.6,@P0",f77v,2649,5,chal,R00,B,B,2,paragraph_start,low_reliability_or_unassigned,,,,
5224,"f77v.6,@P0",f77v,2649,6,dar,R06,B,B,2,paragraph_start,reliable_global,surface_token,dar,global=global,R06
5225,"f77v.6,@P0",f77v,2649,7,qopshedy,H21,B,B,2,paragraph_start,low_reliability_or_unassigned,,,,
5226,"f77v.6,@P0",f77v,2649,8,qotedy,H17,B,B,2,paragraph_start,low_reliability_or_unassigned,,,,
5227,"f77v.6,@P0",f77v,2649,9,qotedy,H17,B,B,2,paragraph_start,low_reliability_or_unassigned,,,,
5228,"f77v.6,@P0",f77v,2649,10,qokedy,H12,B,B,2,paragraph_start,reliable_conditioned,surface_token,qokedy,meta_L=B,H12
5229,"f77v.6,@P0",f77v,2649,11,dal,R09,B,B,2,paragraph_start,reliable_global,surface_token,dal,global=global,R09
5230,"f78r.1,@Lt",f78r,2689,1,okchdldlo,R00,B,B,2,label_or_marginal,low_reliability_or_unassigned,,,,
5231,"f78r.14,+P0",f78r,2702,1,sor,R06,B,B,2,paragraph_continuation,good_but_not_reliable_enough,stolfi_inspired_signature,NG|S_OL|T_r,meta_H=2,R06
5232,"f78r.14,+P0",f78r,2702,2,checkhy,R00,B,B,2,paragraph_continuation,good_but_not_reliable_enough,broad_shape,EXGX|y,global=global,R00
5233,"f78r.14,+P0",f78r,2702,3,or,R06,B,B,2,paragraph_continuation,reliable_global,surface_token,or,global=global,R06
5234,"f78r.14,+P0",f78r,2702,4,chckhdy,R00,B,B,2,paragraph_continuation,low_reliability_or_unassigned,,,,
5235,"f78r.14,+P0",f78r,2702,5,dol,R06,B,B,2,paragraph_continuation,good_but_not_reliable_enough,surface_token,dol,global=global,R06
5236,"f78r.14,+P0",f78r,2702,6,kedy,R06,B,B,2,paragraph_continuation,low_reliability_or_unassigned,,,,
5237,"f78r.14,+P0",f78r,2702,7,qokededy,H12,B,B,2,paragraph_continuation,low_reliability_or_unassigned,,,,
5238,"f78r.14,+P0",f78r,2702,8,qokan,H08,B,B,2,paragraph_continuation,low_reliability_or_unassigned,,,,
5239,"f78r.14,+P0",f78r,2702,9,ol,R06,B,B,2,paragraph_continuation,reliable_environment_sensitive,surface_token,ol,global=global,R06
5240,"f78r.2,@Lt",f78r,2690,1,okchdy,R00,B,B,2,label_or_marginal,low_reliability_or_unassigned,,,,
5241,"f78r.45,@Lt",f78r,2733,1,dchedaly,R09,B,B,2,label_or_marginal,low_reliability_or_unassigned,,,,
5242,"f78r.47,@Lt",f78r,2735,1,okaral,R03,B,B,2,label_or_marginal,low_reliability_or_unassigned,,,,
5243,"f78r.5,+P0",f78r,2693,1,qckhedy,R00,B,B,2,paragraph_continuation,low_reliability_or_unassigned,,,,
5244,"f78r.5,+P0",f78r,2693,2,cheky,R06,B,B,2,paragraph_continuation,low_reliability_or_unassigned,,,,
5245,"f78r.5,+P0",f78r,2693,3,dol,R06,B,B,2,paragraph_continuation,good_but_not_reliable_enough,surface_token,dol,global=global,R06
5246,"f78r.5,+P0",f78r,2693,4,chedy,R02,B,B,2,paragraph_continuation,reliable_conditioned,surface_token,chedy,meta_L=B,R02
5247,"f78r.5,+P0",f78r,2693,5,qokedy,H12,B,B,2,paragraph_continuation,reliable_conditioned,surface_token,qokedy,meta_L=B,H12
5248,"f78r.5,+P0",f78r,2693,6,qokain,H08,B,B,2,paragraph_continuation,low_reliability_or_unassigned,,,,
5249,"f78r.5,+P0",f78r,2693,7,olkedy,R00,B,B,2,paragraph_continuation,low_reliability_or_unassigned,,,,
5250,"f78v.29,+P0",f78v,2764,1,lchedy,R00,B,B,2,paragraph_continuation,reliable_conditioned,broad_shape,LB|edy,meta_L=B,R00
5251,"f78v.29,+P0",f78v,2764,2,otchey,R00,B,B,2,paragraph_continuation,low_reliability_or_unassigned,,,,
5252,"f78v.29,+P0",f78v,2764,3,qol,R00,B,B,2,paragraph_continuation,low_reliability_or_unassigned,,,,
5253,"f78v.29,+P0",f78v,2764,4,chedy,R02,B,B,2,paragraph_continuation,reliable_conditioned,surface_token,chedy,meta_L=B,R02
5254,"f78v.29,+P0",f78v,2764,5,lr,R00,B,B,2,paragraph_continuation,low_reliability_or_unassigned,,,,
5255,"f78v.29,+P0",f78v,2764,6,al,R06,B,B,2,paragraph_continuation,reliable_environment_sensitive,surface_token,al,global=global,R06
5256,"f78v.29,+P0",f78v,2764,7,s,R06,B,B,2,paragraph_continuation,reliable_global,broad_shape,X|NONE,global=global,R06
5257,"f78v.29,+P0",f78v,2764,8,aiiin,R00,B,B,2,paragraph_continuation,low_reliability_or_unassigned,,,,
5258,"f78v.29,+P0",f78v,2764,9,ol,R06,B,B,2,paragraph_continuation,reliable_environment_sensitive,surface_token,ol,global=global,R06
5259,"f78v.29,+P0",f78v,2764,10,shedy,R06,B,B,2,paragraph_continuation,reliable_conditioned,surface_token,shedy,meta_L=B,R06
5260,"f78v.29,+P0",f78v,2764,11,ary,R00,B,B,2,paragraph_continuation,low_reliability_or_unassigned,,,,
5261,"f78v.7,+P0",f78v,2742,1,otor,R00,B,B,2,paragraph_continuation,low_reliability_or_unassigned,,,,
5262,"f78v.7,+P0",f78v,2742,2,yshedy,R00,B,B,2,paragraph_continuation,low_reliability_or_unassigned,,,,
5263,"f78v.7,+P0",f78v,2742,3,otedy,R01,B,B,2,paragraph_continuation,reliable_conditioned,surface_token,otedy,meta_L=B,R01
5264,"f78v.7,+P0",f78v,2742,4,shedy,R06,B,B,2,paragraph_continuation,reliable_conditioned,surface_token,shedy,meta_L=B,R06
5265,"f78v.7,+P0",f78v,2742,5,qokeedy,H01,B,B,2,paragraph_continuation,low_reliability_or_unassigned,,,,
5266,"f78v.7,+P0",f78v,2742,6,qokedy,H12,B,B,2,paragraph_continuation,reliable_conditioned,surface_token,qokedy,meta_L=B,H12
5267,"f78v.7,+P0",f78v,2742,7,otar,R01,B,B,2,paragraph_continuation,low_reliability_or_unassigned,,,,
5268,"f78v.7,+P0",f78v,2742,8,otedy,R01,B,B,2,paragraph_continuation,reliable_conditioned,surface_token,otedy,meta_L=B,R01
5269,"f79r.10,+P0",f79r,2777,1,qokshedy,H12,B,B,2,paragraph_continuation,low_reliability_or_unassigned,,,,
5270,"f79r.10,+P0",f79r,2777,2,qokain,H08,B,B,2,paragraph_continuation,low_reliability_or_unassigned,,,,
5271,"f79r.10,+P0",f79r,2777,3,cheor,R00,B,B,2,paragraph_continuation,low_reliability_or_unassigned,,,,
5272,"f79r.10,+P0",f79r,2777,4,okol,R07,B,B,2,paragraph_continuation,low_reliability_or_unassigned,,,,
5273,"f79r.10,+P0",f79r,2777,5,sheeol,R06,B,B,2,paragraph_continuation,low_reliability_or_unassigned,,,,
5274,"f79r.10,+P0",f79r,2777,6,qotey,H13,B,B,2,paragraph_continuation,low_reliability_or_unassigned,,,,
5275,"f79r.10,+P0",f79r,2777,7,choty,R00,B,B,2,paragraph_continuation,reliable_global,broad_shape,OG|y,global=global,R00
5276,"f79r.10,+P0",f79r,2777,8,otechys,R01,B,B,2,paragraph_continuation,low_reliability_or_unassigned,,,,
5277,"f79r.15,+P0",f79r,2782,1,qokl,R00,B,B,2,paragraph_continuation,low_reliability_or_unassigned,,,,
5278,"f79r.15,+P0",f79r,2782,2,shey,R06,B,B,2,paragraph_continuation,reliable_global,stolfi_inspired_signature,NG|S_EY|T_y,global=global,R06
5279,"f79r.15,+P0",f79r,2782,3,qokal,H08,B,B,2,paragraph_continuation,good_but_not_reliable_enough,surface_token,qokal,meta_H=2,H08
5280,"f79r.15,+P0",f79r,2782,4,chedy,R02,B,B,2,paragraph_continuation,reliable_conditioned,surface_token,chedy,meta_L=B,R02
5281,"f79r.15,+P0",f79r,2782,5,okol,R07,B,B,2,paragraph_continuation,low_reliability_or_unassigned,,,,
5282,"f79r.15,+P0",f79r,2782,6,dyty,R06,B,B,2,paragraph_continuation,low_reliability_or_unassigned,,,,
5283,"f79r.15,+P0",f79r,2782,7,r,R00,B,B,2,paragraph_continuation,low_reliability_or_unassigned,,,,
5284,"f79r.15,+P0",f79r,2782,8,aiin,R06,B,B,2,paragraph_continuation,reliable_environment_sensitive,surface_token,aiin,global=global,R06
5285,"f79r.15,+P0",f79r,2782,9,ol,R06,B,B,2,paragraph_continuation,reliable_environment_sensitive,surface_token,ol,global=global,R06
5286,"f79r.15,+P0",f79r,2782,10,sheol,R06,B,B,2,paragraph_continuation,good_but_not_reliable_enough,surface_token,sheol,global=global,R06
5287,"f79r.15,+P0",f79r,2782,11,lchey,R00,B,B,2,paragraph_continuation,low_reliability_or_unassigned,,,,
5288,"f79r.16,+P0",f79r,2783,1,shain,R06,B,B,2,paragraph_continuation,reliable_global,stolfi_inspired_signature,NG|S_OEL|T_in,global=global,R06
5289,"f79r.16,+P0",f79r,2783,2,shckhy,R06,B,B,2,paragraph_continuation,low_reliability_or_unassigned,,,,
5290,"f79r.16,+P0",f79r,2783,3,qoly,H07,B,B,2,paragraph_continuation,low_reliability_or_unassigned,,,,
5291,"f79r.16,+P0",f79r,2783,4,kshedy,R06,B,B,2,paragraph_continuation,low_reliability_or_unassigned,,,,
5292,"f79r.16,+P0",f79r,2783,5,otal,R01,B,B,2,paragraph_continuation,low_reliability_or_unassigned,,,,
5293,"f79r.16,+P0",f79r,2783,6,sheey,R06,B,B,2,paragraph_continuation,reliable_global,stolfi_inspired_signature,NG|S_EY|T_ey,global=global,R06
5294,"f79r.16,+P0",f79r,2783,7,qokain,H08,B,B,2,paragraph_continuation,low_reliability_or_unassigned,,,,
5295,"f79r.16,+P0",f79r,2783,8,shey,R06,B,B,2,paragraph_continuation,reliable_global,stolfi_inspired_signature,NG|S_EY|T_y,global=global,R06
5296,"f79r.16,+P0",f79r,2783,9,qokam,H08,B,B,2,paragraph_continuation,low_reliability_or_unassigned,,,,
5297,"f79r.42,+P0",f79r,2809,1,sain,R06,B,B,2,paragraph_continuation,reliable_global,stolfi_inspired_signature,NG|S_OEL|T_in,global=global,R06
5298,"f79r.42,+P0",f79r,2809,2,okio,R00,B,B,2,paragraph_continuation,low_reliability_or_unassigned,,,,
5299,"f79r.42,+P0",f79r,2809,3,chedy,R02,B,B,2,paragraph_continuation,reliable_conditioned,surface_token,chedy,meta_L=B,R02
5300,"f79r.42,+P0",f79r,2809,4,lkchedy,R00,B,B,2,paragraph_continuation,low_reliability_or_unassigned,,,,
5301,"f79r.42,+P0",f79r,2809,5,aiin,R06,B,B,2,paragraph_continuation,reliable_environment_sensitive,surface_token,aiin,global=global,R06
5302,"f79r.42,+P0",f79r,2809,6,okain,R10,B,B,2,paragraph_continuation,reliable_global,surface_token,okain,global=global,R10
5303,"f79r.42,+P0",f79r,2809,7,oly,R06,B,B,2,paragraph_continuation,good_but_not_reliable_enough,surface_token,oly,global=global,R06
5304,"f79r.42,+P0",f79r,2809,8,cheedy,R06,B,B,2,paragraph_continuation,low_reliability_or_unassigned,,,,
5305,"f79r.8,+P0",f79r,2775,1,qokol,H08,B,B,2,paragraph_continuation,low_reliability_or_unassigned,,,,
5306,"f79r.8,+P0",f79r,2775,2,cheedy,R06,B,B,2,paragraph_continuation,low_reliability_or_unassigned,,,,
5307,"f79r.8,+P0",f79r,2775,3,qokal,H08,B,B,2,paragraph_continuation,good_but_not_reliable_enough,surface_token,qokal,meta_H=2,H08
5308,"f79r.8,+P0",f79r,2775,4,shed,R06,B,B,2,paragraph_continuation,low_reliability_or_unassigned,,,,
5309,"f79r.8,+P0",f79r,2775,5,ykchedy,R00,B,B,2,paragraph_continuation,low_reliability_or_unassigned,,,,
5310,"f79r.8,+P0",f79r,2775,6,chcthy,R04,B,B,2,paragraph_continuation,low_reliability_or_unassigned,,,,
5311,"f79r.8,+P0",f79r,2775,7,yoky,R06,B,B,2,paragraph_continuation,reliable_global,broad_shape,OG|y,global=global,R00
5312,"f79r.8,+P0",f79r,2775,8,qokal,H08,B,B,2,paragraph_continuation,good_but_not_reliable_enough,surface_token,qokal,meta_H=2,H08
5313,"f79r.8,+P0",f79r,2775,9,cholo,R00,B,B,2,paragraph_continuation,low_reliability_or_unassigned,,,,
5314,"f79r.9,+P0",f79r,2776,1,saiin,R06,B,B,2,paragraph_continuation,reliable_conditioned,surface_token,saiin,meta_L=B,R06
5315,"f79r.9,+P0",f79r,2776,2,shedy,R06,B,B,2,paragraph_continuation,reliable_conditioned,surface_token,shedy,meta_L=B,R06
5316,"f79r.9,+P0",f79r,2776,3,psheedy,R00,B,B,2,paragraph_continuation,low_reliability_or_unassigned,,,,
5317,"f79r.9,+P0",f79r,2776,4,qokar,R03,B,B,2,paragraph_continuation,reliable_conditioned,surface_token,qokar,meta_L=B,R03
5318,"f79r.9,+P0",f79r,2776,5,sheol,R06,B,B,2,paragraph_continuation,good_but_not_reliable_enough,surface_token,sheol,global=global,R06
5319,"f79r.9,+P0",f79r,2776,6,qolchey,H07,B,B,2,paragraph_continuation,low_reliability_or_unassigned,,,,
5320,"f79r.9,+P0",f79r,2776,7,qoty,H01,B,B,2,paragraph_continuation,low_reliability_or_unassigned,,,,
5321,"f79r.9,+P0",f79r,2776,8,qokal,H08,B,B,2,paragraph_continuation,good_but_not_reliable_enough,surface_token,qokal,meta_H=2,H08
5322,"f79r.9,+P0",f79r,2776,9,qokam,H08,B,B,2,paragraph_continuation,low_reliability_or_unassigned,,,,
5323,"f79v.11,+P0",f79v,2822,1,olcheey,R00,B,B,2,paragraph_continuation,low_reliability_or_unassigned,,,,
5324,"f79v.11,+P0",f79v,2822,2,lchedy,R00,B,B,2,paragraph_continuation,reliable_conditioned,broad_shape,LB|edy,meta_L=B,R00
5325,"f79v.11,+P0",f79v,2822,3,qolkeedy,H21,B,B,2,paragraph_continuation,low_reliability_or_unassigned,,,,
5326,"f79v.11,+P0",f79v,2822,4,qokain,H08,B,B,2,paragraph_continuation,low_reliability_or_unassigned,,,,
5327,"f79v.11,+P0",f79v,2822,5,chckhy,R00,B,B,2,paragraph_continuation,reliable_environment_sensitive,surface_token,chckhy,global=global,R00
5328,"f79v.11,+P0",f79v,2822,6,otar,R01,B,B,2,paragraph_continuation,low_reliability_or_unassigned,,,,
5329,"f79v.11,+P0",f79v,2822,7,olkam,R00,B,B,2,paragraph_continuation,low_reliability_or_unassigned,,,,
5330,"f79v.12,+P0",f79v,2823,1,pshdy,R06,B,B,2,paragraph_continuation,low_reliability_or_unassigned,,,,
5331,"f79v.12,+P0",f79v,2823,2,ofchdy,R00,B,B,2,paragraph_continuation,low_reliability_or_unassigned,,,,
5332,"f79v.12,+P0",f79v,2823,3,qokedy,H12,B,B,2,paragraph_continuation,reliable_conditioned,surface_token,qokedy,meta_L=B,H12
5333,"f79v.12,+P0",f79v,2823,4,qoteedy,H01,B,B,2,paragraph_continuation,low_reliability_or_unassigned,,,,
5334,"f79v.12,+P0",f79v,2823,5,qokedy,H12,B,B,2,paragraph_continuation,reliable_conditioned,surface_token,qokedy,meta_L=B,H12
5335,"f79v.12,+P0",f79v,2823,6,qoltedy,H21,B,B,2,paragraph_continuation,low_reliability_or_unassigned,,,,
5336,"f79v.12,+P0",f79v,2823,7,qotedy,H17,B,B,2,paragraph_continuation,low_reliability_or_unassigned,,,,
5337,"f79v.12,+P0",f79v,2823,8,oky,R00,B,B,2,paragraph_continuation,reliable_environment_sensitive,surface_token,oky,global=global,R00
5338,"f79v.13,+P0",f79v,2824,1,dain,R06,B,B,2,paragraph_continuation,reliable_global,stolfi_inspired_signature,NG|S_OEL|T_in,global=global,R06
5339,"f79v.13,+P0",f79v,2824,2,ar,R06,B,B,2,paragraph_continuation,reliable_global,surface_token,ar,global=global,R06
5340,"f79v.13,+P0",f79v,2824,3,olshey,R00,B,B,2,paragraph_continuation,low_reliability_or_unassigned,,,,
5341,"f79v.13,+P0",f79v,2824,4,dytain,R06,B,B,2,paragraph_continuation,low_reliability_or_unassigned,,,,
5342,"f79v.13,+P0",f79v,2824,5,qokain,H08,B,B,2,paragraph_continuation,low_reliability_or_unassigned,,,,
5343,"f79v.13,+P0",f79v,2824,6,checthy,R00,B,B,2,paragraph_continuation,good_but_not_reliable_enough,broad_shape,EXGX|y,global=global,R00
5344,"f79v.13,+P0",f79v,2824,7,okeedy,R00,B,B,2,paragraph_continuation,reliable_conditioned,surface_token,okeedy,meta_L=B,R00
5345,"f79v.13,+P0",f79v,2824,8,qokeedy,H01,B,B,2,paragraph_continuation,low_reliability_or_unassigned,,,,
5346,"f79v.13,+P0",f79v,2824,9,ror,R00,B,B,2,paragraph_continuation,good_but_not_reliable_enough,broad_shape,L|or,global=global,R00
5347,"f79v.16,+P0",f79v,2827,1,dol,R06,B,B,2,paragraph_continuation,good_but_not_reliable_enough,surface_token,dol,global=global,R06
5348,"f79v.16,+P0",f79v,2827,2,sheey,R06,B,B,2,paragraph_continuation,reliable_global,stolfi_inspired_signature,NG|S_EY|T_ey,global=global,R06
5349,"f79v.16,+P0",f79v,2827,3,qol,R00,B,B,2,paragraph_continuation,low_reliability_or_unassigned,,,,
5350,"f79v.16,+P0",f79v,2827,4,olkshey,R00,B,B,2,paragraph_continuation,low_reliability_or_unassigned,,,,
5351,"f79v.16,+P0",f79v,2827,5,qokeedy,H01,B,B,2,paragraph_continuation,low_reliability_or_unassigned,,,,
5352,"f79v.16,+P0",f79v,2827,6,olkeedy,R00,B,B,2,paragraph_continuation,low_reliability_or_unassigned,,,,
5353,"f79v.16,+P0",f79v,2827,7,qol,R00,B,B,2,paragraph_continuation,low_reliability_or_unassigned,,,,
5354,"f79v.16,+P0",f79v,2827,8,okaiin,R10,B,B,2,paragraph_continuation,reliable_global,surface_token,okaiin,global=global,R10
5355,"f79v.16,+P0",f79v,2827,9,oly,R06,B,B,2,paragraph_continuation,good_but_not_reliable_enough,surface_token,oly,global=global,R06
5356,"f79v.17,+P0",f79v,2828,1,qol,R00,B,B,2,paragraph_continuation,low_reliability_or_unassigned,,,,
5357,"f79v.17,+P0",f79v,2828,2,sheey,R06,B,B,2,paragraph_continuation,reliable_global,stolfi_inspired_signature,NG|S_EY|T_ey,global=global,R06
5358,"f79v.17,+P0",f79v,2828,3,chol,R07,B,B,2,paragraph_continuation,low_reliability_or_unassigned,,,,
5359,"f79v.17,+P0",f79v,2828,4,ol,R06,B,B,2,paragraph_continuation,reliable_environment_sensitive,surface_token,ol,global=global,R06
5360,"f79v.17,+P0",f79v,2828,5,dar,R06,B,B,2,paragraph_continuation,reliable_global,surface_token,dar,global=global,R06
5361,"f79v.17,+P0",f79v,2828,6,qokaiin,H08,B,B,2,paragraph_continuation,reliable_conditioned,surface_token,qokaiin,meta_L=B,H08
5362,"f79v.17,+P0",f79v,2828,7,cheekey,R00,B,B,2,paragraph_continuation,low_reliability_or_unassigned,,,,
5363,"f79v.17,+P0",f79v,2828,8,qoky,H01,B,B,2,paragraph_continuation,low_reliability_or_unassigned,,,,
5364,"f79v.17,+P0",f79v,2828,9,otain,R00,B,B,2,paragraph_continuation,low_reliability_or_unassigned,,,,
5365,"f79v.17,+P0",f79v,2828,10,oram,R00,B,B,2,paragraph_continuation,low_reliability_or_unassigned,,,,
5366,"f79v.18,+P0",f79v,2829,1,qokain,H08,B,B,2,paragraph_continuation,low_reliability_or_unassigned,,,,
5367,"f79v.18,+P0",f79v,2829,2,sheey,R06,B,B,2,paragraph_continuation,reliable_global,stolfi_inspired_signature,NG|S_EY|T_ey,global=global,R06
5368,"f79v.18,+P0",f79v,2829,3,qokeey,H08,B,B,2,paragraph_continuation,reliable_conditioned,surface_token,qokeey,meta_L=B,H08
5369,"f79v.18,+P0",f79v,2829,4,teey,R06,B,B,2,paragraph_continuation,low_reliability_or_unassigned,,,,
5370,"f79v.18,+P0",f79v,2829,5,oteey,R01,B,B,2,paragraph_continuation,low_reliability_or_unassigned,,,,
5371,"f79v.18,+P0",f79v,2829,6,lcheey,R00,B,B,2,paragraph_continuation,low_reliability_or_unassigned,,,,
5372,"f79v.18,+P0",f79v,2829,7,qokeey,H08,B,B,2,paragraph_continuation,reliable_conditioned,surface_token,qokeey,meta_L=B,H08
5373,"f79v.18,+P0",f79v,2829,8,olkeedy,R00,B,B,2,paragraph_continuation,low_reliability_or_unassigned,,,,
5374,"f79v.18,+P0",f79v,2829,9,rchey,R00,B,B,2,paragraph_continuation,low_reliability_or_unassigned,,,,
5375,"f79v.2,+P0",f79v,2813,1,qoteedy,H01,B,B,2,paragraph_continuation,low_reliability_or_unassigned,,,,
5376,"f79v.2,+P0",f79v,2813,2,qokchey,H08,B,B,2,paragraph_continuation,low_reliability_or_unassigned,,,,
5377,"f79v.2,+P0",f79v,2813,3,qoty,H01,B,B,2,paragraph_continuation,low_reliability_or_unassigned,,,,
5378,"f79v.2,+P0",f79v,2813,4,lshey,R00,B,B,2,paragraph_continuation,low_reliability_or_unassigned,,,,
5379,"f79v.2,+P0",f79v,2813,5,qokain,H08,B,B,2,paragraph_continuation,low_reliability_or_unassigned,,,,
5380,"f79v.2,+P0",f79v,2813,6,shey,R06,B,B,2,paragraph_continuation,reliable_global,stolfi_inspired_signature,NG|S_EY|T_y,global=global,R06
5381,"f79v.2,+P0",f79v,2813,7,qorchedy,R00,B,B,2,paragraph_continuation,reliable_conditioned,broad_shape,LB|edy,meta_L=B,R00
5382,"f79v.21,+P0",f79v,2832,1,dshey,R06,B,B,2,paragraph_continuation,low_reliability_or_unassigned,,,,
5383,"f79v.21,+P0",f79v,2832,2,qokal,H08,B,B,2,paragraph_continuation,good_but_not_reliable_enough,surface_token,qokal,meta_H=2,H08
5384,"f79v.21,+P0",f79v,2832,3,sheedy,R06,B,B,2,paragraph_continuation,reliable_environment_sensitive,surface_token,sheedy,global=global,R06
5385,"f79v.21,+P0",f79v,2832,4,sheky,R06,B,B,2,paragraph_continuation,low_reliability_or_unassigned,,,,
5386,"f79v.21,+P0",f79v,2832,5,orain,R00,B,B,2,paragraph_continuation,reliable_global,stolfi_inspired_signature,NG|S_OEL|T_in,global=global,R06
5387,"f79v.21,+P0",f79v,2832,6,otshdy,R00,B,B,2,paragraph_continuation,low_reliability_or_unassigned,,,,
5388,"f79v.21,+P0",f79v,2832,7,dain,R06,B,B,2,paragraph_continuation,reliable_global,stolfi_inspired_signature,NG|S_OEL|T_in,global=global,R06
5389,"f79v.21,+P0",f79v,2832,8,cther,R04,B,B,2,paragraph_continuation,low_reliability_or_unassigned,,,,
5390,"f79v.21,+P0",f79v,2832,9,aror,R00,B,B,2,paragraph_continuation,low_reliability_or_unassigned,,,,
5391,"f79v.23,+P0",f79v,2834,1,tolkey,R06,B,B,2,paragraph_continuation,low_reliability_or_unassigned,,,,
5392,"f79v.23,+P0",f79v,2834,2,okar,R03,B,B,2,paragraph_continuation,low_reliability_or_unassigned,,,,
5393,"f79v.23,+P0",f79v,2834,3,ol,R06,B,B,2,paragraph_continuation,reliable_environment_sensitive,surface_token,ol,global=global,R06
5394,"f79v.23,+P0",f79v,2834,4,okaiin,R10,B,B,2,paragraph_continuation,reliable_global,surface_token,okaiin,global=global,R10
5395,"f79v.23,+P0",f79v,2834,5,otylor,R00,B,B,2,paragraph_continuation,low_reliability_or_unassigned,,,,
5396,"f79v.23,+P0",f79v,2834,6,qokol,H08,B,B,2,paragraph_continuation,low_reliability_or_unassigned,,,,
5397,"f79v.23,+P0",f79v,2834,7,okeedy,R00,B,B,2,paragraph_continuation,reliable_conditioned,surface_token,okeedy,meta_L=B,R00
5398,"f79v.23,+P0",f79v,2834,8,dalary,R06,B,B,2,paragraph_continuation,low_reliability_or_unassigned,,,,
5399,"f79v.25,+P0",f79v,2836,1,qokeey,H08,B,B,2,paragraph_continuation,reliable_conditioned,surface_token,qokeey,meta_L=B,H08
5400,"f79v.25,+P0",f79v,2836,2,ol,R06,B,B,2,paragraph_continuation,reliable_environment_sensitive,surface_token,ol,global=global,R06
5401,"f79v.25,+P0",f79v,2836,3,olshdy,R00,B,B,2,paragraph_continuation,low_reliability_or_unassigned,,,,
5402,"f79v.25,+P0",f79v,2836,4,qotain,H13,B,B,2,paragraph_continuation,low_reliability_or_unassigned,,,,
5403,"f79v.25,+P0",f79v,2836,5,oteedy,R01,B,B,2,paragraph_continuation,low_reliability_or_unassigned,,,,
5404,"f79v.25,+P0",f79v,2836,6,olkain,R00,B,B,2,paragraph_continuation,low_reliability_or_unassigned,,,,
5405,"f79v.25,+P0",f79v,2836,7,otshey,R00,B,B,2,paragraph_continuation,low_reliability_or_unassigned,,,,
5406,"f79v.25,+P0",f79v,2836,8,sain,R06,B,B,2,paragraph_continuation,reliable_global,stolfi_inspired_signature,NG|S_OEL|T_in,global=global,R06
5407,"f79v.25,+P0",f79v,2836,9,ol,R06,B,B,2,paragraph_continuation,reliable_environment_sensitive,surface_token,ol,global=global,R06
5408,"f79v.27,+P0",f79v,2838,1,odchey,R00,B,B,2,paragraph_continuation,low_reliability_or_unassigned,,,,
5409,"f79v.27,+P0",f79v,2838,2,kar,R06,B,B,2,paragraph_continuation,low_reliability_or_unassigned,,,,
5410,"f79v.27,+P0",f79v,2838,3,akain,R00,B,B,2,paragraph_continuation,low_reliability_or_unassigned,,,,
5411,"f79v.27,+P0",f79v,2838,4,opar,R00,B,B,2,paragraph_continuation,low_reliability_or_unassigned,,,,
5412,"f79v.27,+P0",f79v,2838,5,otain,R00,B,B,2,paragraph_continuation,low_reliability_or_unassigned,,,,
5413,"f79v.27,+P0",f79v,2838,6,olkey,R00,B,B,2,paragraph_continuation,low_reliability_or_unassigned,,,,
5414,"f79v.28,+P0",f79v,2839,1,pchey,R06,B,B,2,paragraph_continuation,low_reliability_or_unassigned,,,,
5415,"f79v.28,+P0",f79v,2839,2,ksheol,R06,B,B,2,paragraph_continuation,low_reliability_or_unassigned,,,,
5416,"f79v.28,+P0",f79v,2839,3,qokain,H08,B,B,2,paragraph_continuation,low_reliability_or_unassigned,,,,
5417,"f79v.28,+P0",f79v,2839,4,ofchedy,R00,B,B,2,paragraph_continuation,low_reliability_or_unassigned,,,,
5418,"f79v.28,+P0",f79v,2839,5,otalshdy,R00,B,B,2,paragraph_continuation,low_reliability_or_unassigned,,,,
5419,"f79v.28,+P0",f79v,2839,6,olkair,R00,B,B,2,paragraph_continuation,low_reliability_or_unassigned,,,,
5420,"f79v.28,+P0",f79v,2839,7,otaiin,R10,B,B,2,paragraph_continuation,low_reliability_or_unassigned,,,,
5421,"f79v.28,+P0",f79v,2839,8,okeedy,R00,B,B,2,paragraph_continuation,reliable_conditioned,surface_token,okeedy,meta_L=B,R00
5422,"f79v.29,+P0",f79v,2840,1,dain,R06,B,B,2,paragraph_continuation,reliable_global,stolfi_inspired_signature,NG|S_OEL|T_in,global=global,R06
5423,"f79v.29,+P0",f79v,2840,2,sheyteedy,R00,B,B,2,paragraph_continuation,low_reliability_or_unassigned,,,,
5424,"f79v.29,+P0",f79v,2840,3,lk,R00,B,B,2,paragraph_continuation,low_reliability_or_unassigned,,,,
5425,"f79v.29,+P0",f79v,2840,4,opchedy,R00,B,B,2,paragraph_continuation,low_reliability_or_unassigned,,,,
5426,"f79v.29,+P0",f79v,2840,5,qotedy,H17,B,B,2,paragraph_continuation,low_reliability_or_unassigned,,,,
5427,"f79v.29,+P0",f79v,2840,6,otey,R01,B,B,2,paragraph_continuation,low_reliability_or_unassigned,,,,
5428,"f79v.29,+P0",f79v,2840,7,tal,R06,B,B,2,paragraph_continuation,low_reliability_or_unassigned,,,,
5429,"f79v.29,+P0",f79v,2840,8,dain,R06,B,B,2,paragraph_continuation,reliable_global,stolfi_inspired_signature,NG|S_OEL|T_in,global=global,R06
5430,"f79v.29,+P0",f79v,2840,9,oteey,R01,B,B,2,paragraph_continuation,low_reliability_or_unassigned,,,,
5431,"f79v.29,+P0",f79v,2840,10,oty,R01,B,B,2,paragraph_continuation,low_reliability_or_unassigned,,,,
5432,"f79v.34,+P0",f79v,2845,1,ykeeey,R06,B,B,2,paragraph_continuation,low_reliability_or_unassigned,,,,
5433,"f79v.34,+P0",f79v,2845,2,qokeey,H08,B,B,2,paragraph_continuation,reliable_conditioned,surface_token,qokeey,meta_L=B,H08
5434,"f79v.34,+P0",f79v,2845,3,lshey,R00,B,B,2,paragraph_continuation,low_reliability_or_unassigned,,,,
5435,"f79v.34,+P0",f79v,2845,4,qokytchedy,H10,B,B,2,paragraph_continuation,low_reliability_or_unassigned,,,,
5436,"f79v.34,+P0",f79v,2845,5,orsheedy,R00,B,B,2,paragraph_continuation,low_reliability_or_unassigned,,,,
5437,"f79v.34,+P0",f79v,2845,6,otain,R00,B,B,2,paragraph_continuation,low_reliability_or_unassigned,,,,
5438,"f79v.34,+P0",f79v,2845,7,sheor,R06,B,B,2,paragraph_continuation,low_reliability_or_unassigned,,,,
5439,"f79v.34,+P0",f79v,2845,8,oly,R06,B,B,2,paragraph_continuation,good_but_not_reliable_enough,surface_token,oly,global=global,R06
5440,"f79v.35,+P0",f79v,2846,1,qor,R00,B,B,2,paragraph_continuation,good_but_not_reliable_enough,stolfi_inspired_signature,NG|S_OL|T_r,meta_H=2,R06
5441,"f79v.35,+P0",f79v,2846,2,cheey,R06,B,B,2,paragraph_continuation,reliable_global,stolfi_inspired_signature,NG|S_EY|T_ey,global=global,R06
5442,"f79v.35,+P0",f79v,2846,3,kain,R06,B,B,2,paragraph_continuation,low_reliability_or_unassigned,,,,
5443,"f79v.35,+P0",f79v,2846,4,chl,R00,B,B,2,paragraph_continuation,low_reliability_or_unassigned,,,,
5444,"f79v.35,+P0",f79v,2846,5,ol,R06,B,B,2,paragraph_continuation,reliable_environment_sensitive,surface_token,ol,global=global,R06
5445,"f79v.35,+P0",f79v,2846,6,otol,R01,B,B,2,paragraph_continuation,low_reliability_or_unassigned,,,,
5446,"f79v.35,+P0",f79v,2846,7,dain,R06,B,B,2,paragraph_continuation,reliable_global,stolfi_inspired_signature,NG|S_OEL|T_in,global=global,R06
5447,"f79v.35,+P0",f79v,2846,8,otain,R00,B,B,2,paragraph_continuation,low_reliability_or_unassigned,,,,
5448,"f79v.35,+P0",f79v,2846,9,ol,R06,B,B,2,paragraph_continuation,reliable_environment_sensitive,surface_token,ol,global=global,R06
5449,"f79v.35,+P0",f79v,2846,10,oteedy,R01,B,B,2,paragraph_continuation,low_reliability_or_unassigned,,,,
5450,"f79v.35,+P0",f79v,2846,11,qokan,H08,B,B,2,paragraph_continuation,low_reliability_or_unassigned,,,,
5451,"f79v.36,+P0",f79v,2847,1,ysheey,R06,B,B,2,paragraph_continuation,low_reliability_or_unassigned,,,,
5452,"f79v.36,+P0",f79v,2847,2,olshey,R00,B,B,2,paragraph_continuation,low_reliability_or_unassigned,,,,
5453,"f79v.36,+P0",f79v,2847,3,oltshsey,R00,B,B,2,paragraph_continuation,low_reliability_or_unassigned,,,,
5454,"f79v.36,+P0",f79v,2847,4,sheepshey,R00,B,B,2,paragraph_continuation,low_reliability_or_unassigned,,,,
5455,"f79v.38,+P0",f79v,2849,1,olkeeey,R00,B,B,2,paragraph_continuation,low_reliability_or_unassigned,,,,
5456,"f79v.38,+P0",f79v,2849,2,qokeey,H08,B,B,2,paragraph_continuation,reliable_conditioned,surface_token,qokeey,meta_L=B,H08
5457,"f79v.38,+P0",f79v,2849,3,okeedy,R00,B,B,2,paragraph_continuation,reliable_conditioned,surface_token,okeedy,meta_L=B,R00
5458,"f79v.38,+P0",f79v,2849,4,shedy,R06,B,B,2,paragraph_continuation,reliable_conditioned,surface_token,shedy,meta_L=B,R06
5459,"f79v.38,+P0",f79v,2849,5,qokeey,H08,B,B,2,paragraph_continuation,reliable_conditioned,surface_token,qokeey,meta_L=B,H08
5460,"f79v.38,+P0",f79v,2849,6,okain,R10,B,B,2,paragraph_continuation,reliable_global,surface_token,okain,global=global,R10
5461,"f79v.38,+P0",f79v,2849,7,sheckhdy,R00,B,B,2,paragraph_continuation,low_reliability_or_unassigned,,,,
5462,"f79v.38,+P0",f79v,2849,8,dag,R06,B,B,2,paragraph_continuation,good_but_not_reliable_enough,broad_shape,OX|NONE,global=global,R00
5463,"f79v.4,+P0",f79v,2815,1,qokeedy,H01,B,B,2,paragraph_continuation,low_reliability_or_unassigned,,,,
5464,"f79v.4,+P0",f79v,2815,2,qokeedy,H01,B,B,2,paragraph_continuation,low_reliability_or_unassigned,,,,
5465,"f79v.4,+P0",f79v,2815,3,qotain,H13,B,B,2,paragraph_continuation,low_reliability_or_unassigned,,,,
5466,"f79v.4,+P0",f79v,2815,4,sol,R06,B,B,2,paragraph_continuation,good_but_not_reliable_enough,surface_token,sol,global=global,R06
5467,"f79v.4,+P0",f79v,2815,5,chedy,R02,B,B,2,paragraph_continuation,reliable_conditioned,surface_token,chedy,meta_L=B,R02
5468,"f79v.4,+P0",f79v,2815,6,rchey,R00,B,B,2,paragraph_continuation,low_reliability_or_unassigned,,,,
5469,"f79v.4,+P0",f79v,2815,7,qoky,H01,B,B,2,paragraph_continuation,low_reliability_or_unassigned,,,,
5470,"f79v.4,+P0",f79v,2815,8,lchedy,R00,B,B,2,paragraph_continuation,reliable_conditioned,broad_shape,LB|edy,meta_L=B,R00
5471,"f79v.40,+P0",f79v,2851,1,qokees,H08,B,B,2,paragraph_continuation,low_reliability_or_unassigned,,,,
5472,"f79v.40,+P0",f79v,2851,2,aiin,R06,B,B,2,paragraph_continuation,reliable_environment_sensitive,surface_token,aiin,global=global,R06
5473,"f79v.40,+P0",f79v,2851,3,okain,R10,B,B,2,paragraph_continuation,reliable_global,surface_token,okain,global=global,R10
5474,"f79v.40,+P0",f79v,2851,4,ol,R06,B,B,2,paragraph_continuation,reliable_environment_sensitive,surface_token,ol,global=global,R06
5475,"f79v.40,+P0",f79v,2851,5,oiin,R00,B,B,2,paragraph_continuation,low_reliability_or_unassigned,,,,
5476,"f79v.40,+P0",f79v,2851,6,qokoin,H08,B,B,2,paragraph_continuation,low_reliability_or_unassigned,,,,
5477,"f79v.40,+P0",f79v,2851,7,sheky,R06,B,B,2,paragraph_continuation,low_reliability_or_unassigned,,,,
5478,"f79v.40,+P0",f79v,2851,8,qokeedy,H01,B,B,2,paragraph_continuation,low_reliability_or_unassigned,,,,
5479,"f79v.40,+P0",f79v,2851,9,qokar,R03,B,B,2,paragraph_continuation,reliable_conditioned,surface_token,qokar,meta_L=B,R03
5480,"f79v.40,+P0",f79v,2851,10,ol,R06,B,B,2,paragraph_continuation,reliable_environment_sensitive,surface_token,ol,global=global,R06
5481,"f79v.5,+P0",f79v,2816,1,qolkeedy,H21,B,B,2,paragraph_continuation,low_reliability_or_unassigned,,,,
5482,"f79v.5,+P0",f79v,2816,2,qokedy,H12,B,B,2,paragraph_continuation,reliable_conditioned,surface_token,qokedy,meta_L=B,H12
5483,"f79v.5,+P0",f79v,2816,3,qotal,H13,B,B,2,paragraph_continuation,low_reliability_or_unassigned,,,,
5484,"f79v.5,+P0",f79v,2816,4,saiin,R06,B,B,2,paragraph_continuation,reliable_conditioned,surface_token,saiin,meta_L=B,R06
5485,"f79v.5,+P0",f79v,2816,5,ory,R00,B,B,2,paragraph_continuation,low_reliability_or_unassigned,,,,
5486,"f79v.5,+P0",f79v,2816,6,qokedy,H12,B,B,2,paragraph_continuation,reliable_conditioned,surface_token,qokedy,meta_L=B,H12
5487,"f79v.5,+P0",f79v,2816,7,oteedy,R01,B,B,2,paragraph_continuation,low_reliability_or_unassigned,,,,
5488,"f79v.5,+P0",f79v,2816,8,lcheam,R00,B,B,2,paragraph_continuation,low_reliability_or_unassigned,,,,
5489,"f79v.8,+P0",f79v,2819,1,ychedy,R00,B,B,2,paragraph_continuation,low_reliability_or_unassigned,,,,
5490,"f79v.8,+P0",f79v,2819,2,qotey,H13,B,B,2,paragraph_continuation,low_reliability_or_unassigned,,,,
5491,"f79v.8,+P0",f79v,2819,3,okedy,R00,B,B,2,paragraph_continuation,reliable_conditioned,surface_token,okedy,meta_L=B,R00
5492,"f79v.8,+P0",f79v,2819,4,tedyol,R06,B,B,2,paragraph_continuation,low_reliability_or_unassigned,,,,
5493,"f79v.8,+P0",f79v,2819,5,sheedy,R06,B,B,2,paragraph_continuation,reliable_environment_sensitive,surface_token,sheedy,global=global,R06
5494,"f79v.8,+P0",f79v,2819,6,qokeey,H08,B,B,2,paragraph_continuation,reliable_conditioned,surface_token,qokeey,meta_L=B,H08
5495,"f79v.8,+P0",f79v,2819,7,qoteedy,H01,B,B,2,paragraph_continuation,low_reliability_or_unassigned,,,,
5496,"f79v.8,+P0",f79v,2819,8,lol,R00,B,B,2,paragraph_continuation,low_reliability_or_unassigned,,,,
5497,"f79v.9,+P0",f79v,2820,1,sar,R06,B,B,2,paragraph_continuation,good_but_not_reliable_enough,stolfi_inspired_signature,NG|S_OL|T_r,meta_H=2,R06
5498,"f79v.9,+P0",f79v,2820,2,ol,R06,B,B,2,paragraph_continuation,reliable_environment_sensitive,surface_token,ol,global=global,R06
5499,"f79v.9,+P0",f79v,2820,3,sheey,R06,B,B,2,paragraph_continuation,reliable_global,stolfi_inspired_signature,NG|S_EY|T_ey,global=global,R06
5500,"f79v.9,+P0",f79v,2820,4,qokeedy,H01,B,B,2,paragraph_continuation,low_reliability_or_unassigned,,,,
5501,"f79v.9,+P0",f79v,2820,5,qokechey,H08,B,B,2,paragraph_continuation,low_reliability_or_unassigned,,,,
5502,"f79v.9,+P0",f79v,2820,6,qol,R00,B,B,2,paragraph_continuation,low_reliability_or_unassigned,,,,
5503,"f7r.1,@P0",f7r,171,1,fchodaiin,R10,H,A,1,paragraph_start,low_reliability_or_unassigned,,,,
5504,"f7r.1,@P0",f7r,171,2,shopchey,R00,H,A,1,paragraph_start,low_reliability_or_unassigned,,,,
5505,"f7r.1,@P0",f7r,171,3,qko,R00,H,A,1,paragraph_start,low_reliability_or_unassigned,,,,
5506,"f7r.1,@P0",f7r,171,4,shey,R06,H,A,1,paragraph_start,reliable_global,stolfi_inspired_signature,NG|S_EY|T_y,global=global,R06
5507,"f7r.1,@P0",f7r,171,5,qoos,H07,H,A,1,paragraph_start,good_but_not_reliable_enough,broad_shape,OX|NONE,global=global,R00
5508,"f7r.1,@P0",f7r,171,6,sheey,R06,H,A,1,paragraph_start,reliable_global,stolfi_inspired_signature,NG|S_EY|T_ey,global=global,R06
5509,"f7r.1,@P0",f7r,171,7,charochy,R00,H,A,1,paragraph_start,low_reliability_or_unassigned,,,,
5510,"f7r.3,+P0",f7r,173,1,oeeees,R00,H,A,1,paragraph_continuation,low_reliability_or_unassigned,,,,
5511,"f7r.3,+P0",f7r,173,2,cheodaiin,R10,H,A,1,paragraph_continuation,low_reliability_or_unassigned,,,,
5512,"f7r.3,+P0",f7r,173,3,sheey,R06,H,A,1,paragraph_continuation,reliable_global,stolfi_inspired_signature,NG|S_EY|T_ey,global=global,R06
5513,"f7r.3,+P0",f7r,173,4,ytcheey,R00,H,A,1,paragraph_continuation,low_reliability_or_unassigned,,,,
5514,"f7r.3,+P0",f7r,173,5,qotchy,H13,H,A,1,paragraph_continuation,low_reliability_or_unassigned,,,,
5515,"f7r.3,+P0",f7r,173,6,chald,R00,H,A,1,paragraph_continuation,low_reliability_or_unassigned,,,,
5516,"f7r.4,+P0",f7r,174,1,qokcho,H08,H,A,1,paragraph_continuation,low_reliability_or_unassigned,,,,
5517,"f7r.4,+P0",f7r,174,2,cho,R00,H,A,1,paragraph_continuation,low_reliability_or_unassigned,,,,
5518,"f7r.4,+P0",f7r,174,3,lochey,R00,H,A,1,paragraph_continuation,low_reliability_or_unassigned,,,,
5519,"f7r.4,+P0",f7r,174,4,daiin,R10,H,A,1,paragraph_continuation,reliable_conditioned,surface_token,daiin,meta_L=A,R10
5520,"f7r.4,+P0",f7r,174,5,ychey,R06,H,A,1,paragraph_continuation,low_reliability_or_unassigned,,,,
5521,"f7r.4,+P0",f7r,174,6,kchos,R06,H,A,1,paragraph_continuation,low_reliability_or_unassigned,,,,
5522,"f7r.4,+P0",f7r,174,7,odaiin,R10,H,A,1,paragraph_continuation,low_reliability_or_unassigned,,,,
5523,"f7r.5,+P0",f7r,175,1,oaiir,R00,H,A,1,paragraph_continuation,low_reliability_or_unassigned,,,,
5524,"f7r.5,+P0",f7r,175,2,otaiin,R10,H,A,1,paragraph_continuation,low_reliability_or_unassigned,,,,
5525,"f7r.9,+P0",f7r,179,1,qokechy,H08,H,A,1,paragraph_continuation,low_reliability_or_unassigned,,,,
5526,"f7r.9,+P0",f7r,179,2,olchoiin,R00,H,A,1,paragraph_continuation,low_reliability_or_unassigned,,,,
5527,"f7r.9,+P0",f7r,179,3,chol,R07,H,A,1,paragraph_continuation,low_reliability_or_unassigned,,,,
5528,"f7r.9,+P0",f7r,179,4,cphey,R00,H,A,1,paragraph_continuation,low_reliability_or_unassigned,,,,
5529,"f7r.9,+P0",f7r,179,5,shckhy,R06,H,A,1,paragraph_continuation,good_but_not_reliable_enough,conservative_morphology,ckh|y|XGX,meta_I=H,R00
5530,"f7r.9,+P0",f7r,179,6,chochy,R00,H,A,1,paragraph_continuation,low_reliability_or_unassigned,,,,
5531,"f7r.9,+P0",f7r,179,7,kchod,R06,H,A,1,paragraph_continuation,low_reliability_or_unassigned,,,,
5532,"f7v.9,+P0",f7v,189,1,sho,R06,H,A,1,paragraph_continuation,reliable_environment_sensitive,surface_token,sho,global=global,R06
5533,"f7v.9,+P0",f7v,189,2,keeo,R06,H,A,1,paragraph_continuation,low_reliability_or_unassigned,,,,
5534,"f7v.9,+P0",f7v,189,3,daiir,R06,H,A,1,paragraph_continuation,low_reliability_or_unassigned,,,,
5535,"f7v.9,+P0",f7v,189,4,chokchy,R00,H,A,1,paragraph_continuation,low_reliability_or_unassigned,,,,
5536,"f7v.9,+P0",f7v,189,5,dor,R06,H,A,1,paragraph_continuation,low_reliability_or_unassigned,,,,
5537,"f7v.9,+P0",f7v,189,6,deol,R06,H,A,1,paragraph_continuation,low_reliability_or_unassigned,,,,
5538,"f7v.9,+P0",f7v,189,7,dy,R02,H,A,1,paragraph_continuation,low_reliability_or_unassigned,,,,
5539,"f7v.9,+P0",f7v,189,8,doldaiin,R00,H,A,1,paragraph_continuation,low_reliability_or_unassigned,,,,
5540,"f80r.10,+Ln",f80r,2863,1,okan,R00,B,B,2,+L,low_reliability_or_unassigned,,,,
5541,"f80r.12,+P0",f80r,2865,1,dykshy,R06,B,B,2,paragraph_continuation,low_reliability_or_unassigned,,,,
5542,"f80r.12,+P0",f80r,2865,2,olotchedy,R00,B,B,2,paragraph_continuation,low_reliability_or_unassigned,,,,
5543,"f80r.12,+P0",f80r,2865,3,qokain,H08,B,B,2,paragraph_continuation,low_reliability_or_unassigned,,,,
5544,"f80r.12,+P0",f80r,2865,4,qotain,H13,B,B,2,paragraph_continuation,low_reliability_or_unassigned,,,,
5545,"f80r.12,+P0",f80r,2865,5,chckhey,R00,B,B,2,paragraph_continuation,low_reliability_or_unassigned,,,,
5546,"f80r.12,+P0",f80r,2865,6,qokain,H08,B,B,2,paragraph_continuation,low_reliability_or_unassigned,,,,
5547,"f80r.12,+P0",f80r,2865,7,okal,R07,B,B,2,paragraph_continuation,reliable_global,surface_token,okal,global=global,R07
5548,"f80r.12,+P0",f80r,2865,8,qotain,H13,B,B,2,paragraph_continuation,low_reliability_or_unassigned,,,,
5549,"f80r.12,+P0",f80r,2865,9,okedy,R00,B,B,2,paragraph_continuation,reliable_conditioned,surface_token,okedy,meta_L=B,R00
5550,"f80r.12,+P0",f80r,2865,10,qolr,H07,B,B,2,paragraph_continuation,low_reliability_or_unassigned,,,,
5551,"f80r.14,+P0",f80r,2867,1,solkain,R00,B,B,2,paragraph_continuation,low_reliability_or_unassigned,,,,
5552,"f80r.14,+P0",f80r,2867,2,shl,R06,B,B,2,paragraph_continuation,low_reliability_or_unassigned,,,,
5553,"f80r.14,+P0",f80r,2867,3,lky,R00,B,B,2,paragraph_continuation,low_reliability_or_unassigned,,,,
5554,"f80r.14,+P0",f80r,2867,4,chcthy,R04,B,B,2,paragraph_continuation,low_reliability_or_unassigned,,,,
5555,"f80r.14,+P0",f80r,2867,5,qokain,H08,B,B,2,paragraph_continuation,low_reliability_or_unassigned,,,,
5556,"f80r.14,+P0",f80r,2867,6,qotchy,H13,B,B,2,paragraph_continuation,low_reliability_or_unassigned,,,,
5557,"f80r.14,+P0",f80r,2867,7,qotal,H13,B,B,2,paragraph_continuation,low_reliability_or_unassigned,,,,
5558,"f80r.14,+P0",f80r,2867,8,dy,R02,B,B,2,paragraph_continuation,low_reliability_or_unassigned,,,,
5559,"f80r.14,+P0",f80r,2867,9,chckhy,R00,B,B,2,paragraph_continuation,reliable_environment_sensitive,surface_token,chckhy,global=global,R00
5560,"f80r.14,+P0",f80r,2867,10,lchey,R00,B,B,2,paragraph_continuation,low_reliability_or_unassigned,,,,
5561,"f80r.14,+P0",f80r,2867,11,qotar,H13,B,B,2,paragraph_continuation,low_reliability_or_unassigned,,,,
5562,"f80r.14,+P0",f80r,2867,12,otal,R01,B,B,2,paragraph_continuation,low_reliability_or_unassigned,,,,
5563,"f80r.2,=Ln",f80r,2855,1,olchdy,R00,B,B,2,=L,low_reliability_or_unassigned,,,,
5564,"f80r.21,+P0",f80r,2874,1,shedy,R06,B,B,2,paragraph_continuation,reliable_conditioned,surface_token,shedy,meta_L=B,R06
5565,"f80r.21,+P0",f80r,2874,2,qokey,H08,B,B,2,paragraph_continuation,low_reliability_or_unassigned,,,,
5566,"f80r.21,+P0",f80r,2874,3,shckhey,R00,B,B,2,paragraph_continuation,low_reliability_or_unassigned,,,,
5567,"f80r.21,+P0",f80r,2874,4,qotar,H13,B,B,2,paragraph_continuation,low_reliability_or_unassigned,,,,
5568,"f80r.21,+P0",f80r,2874,5,chckhy,R00,B,B,2,paragraph_continuation,reliable_environment_sensitive,surface_token,chckhy,global=global,R00
5569,"f80r.21,+P0",f80r,2874,6,otol,R01,B,B,2,paragraph_continuation,low_reliability_or_unassigned,,,,
5570,"f80r.21,+P0",f80r,2874,7,teol,R06,B,B,2,paragraph_continuation,low_reliability_or_unassigned,,,,
5571,"f80r.21,+P0",f80r,2874,8,sheol,R06,B,B,2,paragraph_continuation,good_but_not_reliable_enough,surface_token,sheol,global=global,R06
5572,"f80r.21,+P0",f80r,2874,9,qotal,H13,B,B,2,paragraph_continuation,low_reliability_or_unassigned,,,,
5573,"f80r.21,+P0",f80r,2874,10,oltain,R00,B,B,2,paragraph_continuation,low_reliability_or_unassigned,,,,
5574,"f80r.21,+P0",f80r,2874,11,chcthy,R04,B,B,2,paragraph_continuation,low_reliability_or_unassigned,,,,
5575,"f80r.25,+P0",f80r,2878,1,dar,R06,B,B,2,paragraph_continuation,reliable_global,surface_token,dar,global=global,R06
5576,"f80r.25,+P0",f80r,2878,2,sheal,R06,B,B,2,paragraph_continuation,low_reliability_or_unassigned,,,,
5577,"f80r.25,+P0",f80r,2878,3,cheeky,R00,B,B,2,paragraph_continuation,low_reliability_or_unassigned,,,,
5578,"f80r.25,+P0",f80r,2878,4,okain,R10,B,B,2,paragraph_continuation,reliable_global,surface_token,okain,global=global,R10
5579,"f80r.25,+P0",f80r,2878,5,sol,R06,B,B,2,paragraph_continuation,good_but_not_reliable_enough,surface_token,sol,global=global,R06
5580,"f80r.25,+P0",f80r,2878,6,lshedy,R00,B,B,2,paragraph_continuation,reliable_conditioned,broad_shape,LB|edy,meta_L=B,R00
5581,"f80r.25,+P0",f80r,2878,7,dol,R06,B,B,2,paragraph_continuation,good_but_not_reliable_enough,surface_token,dol,global=global,R06
5582,"f80r.25,+P0",f80r,2878,8,checthy,R00,B,B,2,paragraph_continuation,good_but_not_reliable_enough,broad_shape,EXGX|y,global=global,R00
5583,"f80r.25,+P0",f80r,2878,9,orol,R00,B,B,2,paragraph_continuation,low_reliability_or_unassigned,,,,
5584,"f80r.25,+P0",f80r,2878,10,eeesal,R00,B,B,2,paragraph_continuation,low_reliability_or_unassigned,,,,
5585,"f80r.25,+P0",f80r,2878,11,olo,R00,B,B,2,paragraph_continuation,low_reliability_or_unassigned,,,,
5586,"f80r.25,+P0",f80r,2878,12,teol,R06,B,B,2,paragraph_continuation,low_reliability_or_unassigned,,,,
5587,"f80r.25,+P0",f80r,2878,13,ory,R00,B,B,2,paragraph_continuation,low_reliability_or_unassigned,,,,
5588,"f80r.3,=Ln",f80r,2856,1,okaly,R00,B,B,2,=L,low_reliability_or_unassigned,,,,
5589,"f80r.35,+P0",f80r,2888,1,olkeey,R00,B,B,2,paragraph_continuation,low_reliability_or_unassigned,,,,
5590,"f80r.35,+P0",f80r,2888,2,lsheol,R00,B,B,2,paragraph_continuation,low_reliability_or_unassigned,,,,
5591,"f80r.35,+P0",f80r,2888,3,qokeey,H08,B,B,2,paragraph_continuation,reliable_conditioned,surface_token,qokeey,meta_L=B,H08
5592,"f80r.35,+P0",f80r,2888,4,shedy,R06,B,B,2,paragraph_continuation,reliable_conditioned,surface_token,shedy,meta_L=B,R06
5593,"f80r.35,+P0",f80r,2888,5,qol,R00,B,B,2,paragraph_continuation,low_reliability_or_unassigned,,,,
5594,"f80r.35,+P0",f80r,2888,6,shedy,R06,B,B,2,paragraph_continuation,reliable_conditioned,surface_token,shedy,meta_L=B,R06
5595,"f80r.35,+P0",f80r,2888,7,qokain,H08,B,B,2,paragraph_continuation,low_reliability_or_unassigned,,,,
5596,"f80r.35,+P0",f80r,2888,8,shey,R06,B,B,2,paragraph_continuation,reliable_global,stolfi_inspired_signature,NG|S_EY|T_y,global=global,R06
5597,"f80r.35,+P0",f80r,2888,9,qoty,H01,B,B,2,paragraph_continuation,low_reliability_or_unassigned,,,,
5598,"f80r.35,+P0",f80r,2888,10,qokain,H08,B,B,2,paragraph_continuation,low_reliability_or_unassigned,,,,
5599,"f80r.35,+P0",f80r,2888,11,qokady,R00,B,B,2,paragraph_continuation,reliable_global,broad_shape,O|dy,global=global,R00
5600,"f80r.4,=Ln",f80r,2857,1,okolo,R00,B,B,2,=L,low_reliability_or_unassigned,,,,
5601,"f80r.40,+P0",f80r,2893,1,torolshsdy,R00,B,B,2,paragraph_continuation,low_reliability_or_unassigned,,,,
5602,"f80r.40,+P0",f80r,2893,2,opchey,R00,B,B,2,paragraph_continuation,low_reliability_or_unassigned,,,,
5603,"f80r.40,+P0",f80r,2893,3,shepchy,R00,B,B,2,paragraph_continuation,low_reliability_or_unassigned,,,,
5604,"f80r.40,+P0",f80r,2893,4,qotain,H13,B,B,2,paragraph_continuation,low_reliability_or_unassigned,,,,
5605,"f80r.40,+P0",f80r,2893,5,shcthy,R06,B,B,2,paragraph_continuation,low_reliability_or_unassigned,,,,
5606,"f80r.40,+P0",f80r,2893,6,qokedy,H12,B,B,2,paragraph_continuation,reliable_conditioned,surface_token,qokedy,meta_L=B,H12
5607,"f80r.40,+P0",f80r,2893,7,daly,R09,B,B,2,paragraph_continuation,low_reliability_or_unassigned,,,,
5608,"f80r.5,=Ln",f80r,2858,1,okary,R00,B,B,2,=L,low_reliability_or_unassigned,,,,
5609,"f80r.6,=Ln",f80r,2859,1,opor,R00,B,B,2,=L,low_reliability_or_unassigned,,,,
5610,"f80r.7,~Ln",f80r,2860,1,olky,R00,B,B,2,~L,low_reliability_or_unassigned,,,,
5611,"f80r.8,=Ln",f80r,2861,1,otalshedy,R00,B,B,2,=L,low_reliability_or_unassigned,,,,
5612,"f80r.9,~Ln",f80r,2862,1,okar,R03,B,B,2,~L,low_reliability_or_unassigned,,,,
5613,"f80v.18,+P0",f80v,2924,1,ychedy,R00,B,B,2,paragraph_continuation,low_reliability_or_unassigned,,,,
5614,"f80v.18,+P0",f80v,2924,2,qol,R00,B,B,2,paragraph_continuation,low_reliability_or_unassigned,,,,
5615,"f80v.18,+P0",f80v,2924,3,okaiin,R10,B,B,2,paragraph_continuation,reliable_global,surface_token,okaiin,global=global,R10
5616,"f80v.18,+P0",f80v,2924,4,olkedy,R00,B,B,2,paragraph_continuation,low_reliability_or_unassigned,,,,
5617,"f80v.18,+P0",f80v,2924,5,or,R06,B,B,2,paragraph_continuation,reliable_global,surface_token,or,global=global,R06
5618,"f80v.18,+P0",f80v,2924,6,okain,R10,B,B,2,paragraph_continuation,reliable_global,surface_token,okain,global=global,R10
5619,"f80v.22,+P0",f80v,2928,1,dchedy,R06,B,B,2,paragraph_continuation,low_reliability_or_unassigned,,,,
5620,"f80v.22,+P0",f80v,2928,2,qokal,H08,B,B,2,paragraph_continuation,good_but_not_reliable_enough,surface_token,qokal,meta_H=2,H08
5621,"f80v.22,+P0",f80v,2928,3,ol,R06,B,B,2,paragraph_continuation,reliable_environment_sensitive,surface_token,ol,global=global,R06
5622,"f80v.22,+P0",f80v,2928,4,chey,R06,B,B,2,paragraph_continuation,reliable_global,stolfi_inspired_signature,NG|S_EY|T_y,global=global,R06
5623,"f80v.22,+P0",f80v,2928,5,dal,R09,B,B,2,paragraph_continuation,reliable_global,surface_token,dal,global=global,R09
5624,"f80v.22,+P0",f80v,2928,6,or,R06,B,B,2,paragraph_continuation,reliable_global,surface_token,or,global=global,R06
5625,"f80v.22,+P0",f80v,2928,7,shedy,R06,B,B,2,paragraph_continuation,reliable_conditioned,surface_token,shedy,meta_L=B,R06
5626,"f80v.22,+P0",f80v,2928,8,lshedy,R00,B,B,2,paragraph_continuation,reliable_conditioned,broad_shape,LB|edy,meta_L=B,R00
5627,"f80v.23,+P0",f80v,2929,1,polteshol,R00,B,B,2,paragraph_continuation,low_reliability_or_unassigned,,,,
5628,"f80v.23,+P0",f80v,2929,2,opy,R00,B,B,2,paragraph_continuation,low_reliability_or_unassigned,,,,
5629,"f80v.23,+P0",f80v,2929,3,shey,R06,B,B,2,paragraph_continuation,reliable_global,stolfi_inspired_signature,NG|S_EY|T_y,global=global,R06
5630,"f80v.23,+P0",f80v,2929,4,qopshedy,H21,B,B,2,paragraph_continuation,low_reliability_or_unassigned,,,,
5631,"f80v.23,+P0",f80v,2929,5,qoteedy,H01,B,B,2,paragraph_continuation,low_reliability_or_unassigned,,,,
5632,"f80v.23,+P0",f80v,2929,6,qotol,H13,B,B,2,paragraph_continuation,low_reliability_or_unassigned,,,,
5633,"f80v.23,+P0",f80v,2929,7,shy,R06,B,B,2,paragraph_continuation,reliable_global,broad_shape,X|y,global=global,R06
5634,"f80v.23,+P0",f80v,2929,8,kolshd,R06,B,B,2,paragraph_continuation,low_reliability_or_unassigned,,,,
5635,"f80v.23,+P0",f80v,2929,9,qoky,H01,B,B,2,paragraph_continuation,low_reliability_or_unassigned,,,,
5636,"f80v.24,+P0",f80v,2930,1,yshedy,R00,B,B,2,paragraph_continuation,low_reliability_or_unassigned,,,,
5637,"f80v.24,+P0",f80v,2930,2,qokeey,H08,B,B,2,paragraph_continuation,reliable_conditioned,surface_token,qokeey,meta_L=B,H08
5638,"f80v.24,+P0",f80v,2930,3,qokey,H08,B,B,2,paragraph_continuation,low_reliability_or_unassigned,,,,
5639,"f80v.24,+P0",f80v,2930,4,qoty,H01,B,B,2,paragraph_continuation,low_reliability_or_unassigned,,,,
5640,"f80v.24,+P0",f80v,2930,5,qotol,H13,B,B,2,paragraph_continuation,low_reliability_or_unassigned,,,,
5641,"f80v.24,+P0",f80v,2930,6,otaiin,R10,B,B,2,paragraph_continuation,low_reliability_or_unassigned,,,,
5642,"f80v.24,+P0",f80v,2930,7,ol,R06,B,B,2,paragraph_continuation,reliable_environment_sensitive,surface_token,ol,global=global,R06
5643,"f80v.24,+P0",f80v,2930,8,chedy,R02,B,B,2,paragraph_continuation,reliable_conditioned,surface_token,chedy,meta_L=B,R02
5644,"f80v.24,+P0",f80v,2930,9,qoky,H01,B,B,2,paragraph_continuation,low_reliability_or_unassigned,,,,
5645,"f80v.24,+P0",f80v,2930,10,daiin,R10,B,B,2,paragraph_continuation,good_but_not_reliable_enough,surface_token,daiin,global=global,R10
5646,"f80v.27,+P0",f80v,2933,1,pshol,R06,B,B,2,paragraph_continuation,low_reliability_or_unassigned,,,,
5647,"f80v.27,+P0",f80v,2933,2,kain,R06,B,B,2,paragraph_continuation,low_reliability_or_unassigned,,,,
5648,"f80v.27,+P0",f80v,2933,3,olkar,R00,B,B,2,paragraph_continuation,low_reliability_or_unassigned,,,,
5649,"f80v.27,+P0",f80v,2933,4,shey,R06,B,B,2,paragraph_continuation,reliable_global,stolfi_inspired_signature,NG|S_EY|T_y,global=global,R06
5650,"f80v.27,+P0",f80v,2933,5,qokain,H08,B,B,2,paragraph_continuation,low_reliability_or_unassigned,,,,
5651,"f80v.27,+P0",f80v,2933,6,dal,R09,B,B,2,paragraph_continuation,reliable_global,surface_token,dal,global=global,R09
5652,"f80v.27,+P0",f80v,2933,7,oltaiin,R00,B,B,2,paragraph_continuation,low_reliability_or_unassigned,,,,
5653,"f80v.27,+P0",f80v,2933,8,okain,R10,B,B,2,paragraph_continuation,reliable_global,surface_token,okain,global=global,R10
5654,"f80v.27,+P0",f80v,2933,9,shal,R06,B,B,2,paragraph_continuation,low_reliability_or_unassigned,,,,
5655,"f80v.27,+P0",f80v,2933,10,qoty,H01,B,B,2,paragraph_continuation,low_reliability_or_unassigned,,,,
5656,"f80v.38,+P0",f80v,2944,1,polkedy,R00,B,B,2,paragraph_continuation,low_reliability_or_unassigned,,,,
5657,"f80v.38,+P0",f80v,2944,2,lsheckhy,R00,B,B,2,paragraph_continuation,low_reliability_or_unassigned,,,,
5658,"f80v.38,+P0",f80v,2944,3,olky,R00,B,B,2,paragraph_continuation,low_reliability_or_unassigned,,,,
5659,"f80v.38,+P0",f80v,2944,4,ot,R00,B,B,2,paragraph_continuation,low_reliability_or_unassigned,,,,
5660,"f80v.38,+P0",f80v,2944,5,olkchy,R00,B,B,2,paragraph_continuation,low_reliability_or_unassigned,,,,
5661,"f80v.38,+P0",f80v,2944,6,rchey,R00,B,B,2,paragraph_continuation,low_reliability_or_unassigned,,,,
5662,"f80v.38,+P0",f80v,2944,7,qcthy,R00,B,B,2,paragraph_continuation,low_reliability_or_unassigned,,,,
5663,"f80v.38,+P0",f80v,2944,8,rchey,R00,B,B,2,paragraph_continuation,low_reliability_or_unassigned,,,,
5664,"f80v.38,+P0",f80v,2944,9,ral,R00,B,B,2,paragraph_continuation,low_reliability_or_unassigned,,,,
5665,"f80v.43,+P0",f80v,2949,1,sor,R06,B,B,2,paragraph_continuation,good_but_not_reliable_enough,stolfi_inspired_signature,NG|S_OL|T_r,meta_H=2,R06
5666,"f80v.43,+P0",f80v,2949,2,ain,R06,B,B,2,paragraph_continuation,reliable_global,stolfi_inspired_signature,NG|S_OEL|T_in,global=global,R06
5667,"f80v.43,+P0",f80v,2949,3,shkain,R06,B,B,2,paragraph_continuation,low_reliability_or_unassigned,,,,
5668,"f80v.43,+P0",f80v,2949,4,shar,R06,B,B,2,paragraph_continuation,good_but_not_reliable_enough,stolfi_inspired_signature,NG|S_OL|T_r,meta_H=2,R06
5669,"f80v.43,+P0",f80v,2949,5,okshey,R00,B,B,2,paragraph_continuation,low_reliability_or_unassigned,,,,
5670,"f80v.43,+P0",f80v,2949,6,dalar,R06,B,B,2,paragraph_continuation,low_reliability_or_unassigned,,,,
5671,"f80v.43,+P0",f80v,2949,7,shokal,R06,B,B,2,paragraph_continuation,low_reliability_or_unassigned,,,,
5672,"f80v.43,+P0",f80v,2949,8,dy,R02,B,B,2,paragraph_continuation,low_reliability_or_unassigned,,,,
5673,"f80v.8,+P0",f80v,2914,1,olteedy,R00,B,B,2,paragraph_continuation,low_reliability_or_unassigned,,,,
5674,"f80v.8,+P0",f80v,2914,2,qokaiin,H08,B,B,2,paragraph_continuation,reliable_conditioned,surface_token,qokaiin,meta_L=B,H08
5675,"f80v.8,+P0",f80v,2914,3,shedy,R06,B,B,2,paragraph_continuation,reliable_conditioned,surface_token,shedy,meta_L=B,R06
5676,"f80v.8,+P0",f80v,2914,4,qokain,H08,B,B,2,paragraph_continuation,low_reliability_or_unassigned,,,,
5677,"f80v.8,+P0",f80v,2914,5,sheol,R06,B,B,2,paragraph_continuation,good_but_not_reliable_enough,surface_token,sheol,global=global,R06
5678,"f80v.8,+P0",f80v,2914,6,qokchdy,H09,B,B,2,paragraph_continuation,low_reliability_or_unassigned,,,,
5679,"f80v.8,+P0",f80v,2914,7,qokchdy,H09,B,B,2,paragraph_continuation,low_reliability_or_unassigned,,,,
5680,"f80v.8,+P0",f80v,2914,8,qotydy,R00,B,B,2,paragraph_continuation,low_reliability_or_unassigned,,,,
5681,"f81r.10,+P0",f81r,2960,1,chol,R07,B,B,2,paragraph_continuation,low_reliability_or_unassigned,,,,
5682,"f81r.10,+P0",f81r,2960,2,dain,R06,B,B,2,paragraph_continuation,reliable_global,stolfi_inspired_signature,NG|S_OEL|T_in,global=global,R06
5683,"f81r.10,+P0",f81r,2960,3,otedy,R01,B,B,2,paragraph_continuation,reliable_conditioned,surface_token,otedy,meta_L=B,R01
5684,"f81r.10,+P0",f81r,2960,4,cheey,R06,B,B,2,paragraph_continuation,reliable_global,stolfi_inspired_signature,NG|S_EY|T_ey,global=global,R06
5685,"f81r.10,+P0",f81r,2960,5,qotain,H13,B,B,2,paragraph_continuation,low_reliability_or_unassigned,,,,
5686,"f81r.10,+P0",f81r,2960,6,ly,R00,B,B,2,paragraph_continuation,low_reliability_or_unassigned,,,,
5687,"f81r.12,+P0",f81r,2962,1,ychedy,R00,B,B,2,paragraph_continuation,low_reliability_or_unassigned,,,,
5688,"f81r.12,+P0",f81r,2962,2,tedy,R06,B,B,2,paragraph_continuation,low_reliability_or_unassigned,,,,
5689,"f81r.12,+P0",f81r,2962,3,ol,R06,B,B,2,paragraph_continuation,reliable_environment_sensitive,surface_token,ol,global=global,R06
5690,"f81r.12,+P0",f81r,2962,4,sheedy,R06,B,B,2,paragraph_continuation,reliable_environment_sensitive,surface_token,sheedy,global=global,R06
5691,"f81r.12,+P0",f81r,2962,5,qokeey,H08,B,B,2,paragraph_continuation,reliable_conditioned,surface_token,qokeey,meta_L=B,H08
5692,"f81r.12,+P0",f81r,2962,6,loly,R00,B,B,2,paragraph_continuation,low_reliability_or_unassigned,,,,
5693,"f81r.13,+P0",f81r,2963,1,dchol,R06,B,B,2,paragraph_continuation,low_reliability_or_unassigned,,,,
5694,"f81r.13,+P0",f81r,2963,2,shedy,R06,B,B,2,paragraph_continuation,reliable_conditioned,surface_token,shedy,meta_L=B,R06
5695,"f81r.13,+P0",f81r,2963,3,qotedy,H17,B,B,2,paragraph_continuation,low_reliability_or_unassigned,,,,
5696,"f81r.13,+P0",f81r,2963,4,qol,R00,B,B,2,paragraph_continuation,low_reliability_or_unassigned,,,,
5697,"f81r.13,+P0",f81r,2963,5,chedy,R02,B,B,2,paragraph_continuation,reliable_conditioned,surface_token,chedy,meta_L=B,R02
5698,"f81r.13,+P0",f81r,2963,6,chetyry,R00,B,B,2,paragraph_continuation,low_reliability_or_unassigned,,,,
5699,"f81r.15,+P0",f81r,2965,1,sain,R06,B,B,2,paragraph_continuation,reliable_global,stolfi_inspired_signature,NG|S_OEL|T_in,global=global,R06
5700,"f81r.15,+P0",f81r,2965,2,ol,R06,B,B,2,paragraph_continuation,reliable_environment_sensitive,surface_token,ol,global=global,R06
5701,"f81r.15,+P0",f81r,2965,3,cheedy,R06,B,B,2,paragraph_continuation,low_reliability_or_unassigned,,,,
5702,"f81r.15,+P0",f81r,2965,4,qokeedy,H01,B,B,2,paragraph_continuation,low_reliability_or_unassigned,,,,
5703,"f81r.15,+P0",f81r,2965,5,otedy,R01,B,B,2,paragraph_continuation,reliable_conditioned,surface_token,otedy,meta_L=B,R01
5704,"f81r.17,+P0",f81r,2967,1,ychecthy,R04,B,B,2,paragraph_continuation,low_reliability_or_unassigned,,,,
5705,"f81r.17,+P0",f81r,2967,2,okeedy,R00,B,B,2,paragraph_continuation,reliable_conditioned,surface_token,okeedy,meta_L=B,R00
5706,"f81r.17,+P0",f81r,2967,3,shey,R06,B,B,2,paragraph_continuation,reliable_global,stolfi_inspired_signature,NG|S_EY|T_y,global=global,R06
5707,"f81r.17,+P0",f81r,2967,4,qokedy,H12,B,B,2,paragraph_continuation,reliable_conditioned,surface_token,qokedy,meta_L=B,H12
5708,"f81r.17,+P0",f81r,2967,5,ol,R06,B,B,2,paragraph_continuation,reliable_environment_sensitive,surface_token,ol,global=global,R06
5709,"f81r.17,+P0",f81r,2967,6,ochedar,R00,B,B,2,paragraph_continuation,low_reliability_or_unassigned,,,,
5710,"f81r.18,+P0",f81r,2968,1,osheedy,R00,B,B,2,paragraph_continuation,low_reliability_or_unassigned,,,,
5711,"f81r.18,+P0",f81r,2968,2,shedy,R06,B,B,2,paragraph_continuation,reliable_conditioned,surface_token,shedy,meta_L=B,R06
5712,"f81r.18,+P0",f81r,2968,3,ol,R06,B,B,2,paragraph_continuation,reliable_environment_sensitive,surface_token,ol,global=global,R06
5713,"f81r.18,+P0",f81r,2968,4,shedy,R06,B,B,2,paragraph_continuation,reliable_conditioned,surface_token,shedy,meta_L=B,R06
5714,"f81r.18,+P0",f81r,2968,5,okeedy,R00,B,B,2,paragraph_continuation,reliable_conditioned,surface_token,okeedy,meta_L=B,R00
5715,"f81r.18,+P0",f81r,2968,6,oror,R00,B,B,2,paragraph_continuation,good_but_not_reliable_enough,stolfi_inspired_signature,NG|S_OL|T_r,meta_H=2,R06
5716,"f81r.19,+P0",f81r,2969,1,qokedy,H12,B,B,2,paragraph_continuation,reliable_conditioned,surface_token,qokedy,meta_L=B,H12
5717,"f81r.19,+P0",f81r,2969,2,sheedy,R06,B,B,2,paragraph_continuation,reliable_environment_sensitive,surface_token,sheedy,global=global,R06
5718,"f81r.19,+P0",f81r,2969,3,chedy,R02,B,B,2,paragraph_continuation,reliable_conditioned,surface_token,chedy,meta_L=B,R02
5719,"f81r.19,+P0",f81r,2969,4,qoteedy,H01,B,B,2,paragraph_continuation,low_reliability_or_unassigned,,,,
5720,"f81r.19,+P0",f81r,2969,5,olam,R00,B,B,2,paragraph_continuation,low_reliability_or_unassigned,,,,
5721,"f81r.26,+P0",f81r,2976,1,pchedy,R06,B,B,2,paragraph_continuation,low_reliability_or_unassigned,,,,
5722,"f81r.26,+P0",f81r,2976,2,qokey,H08,B,B,2,paragraph_continuation,low_reliability_or_unassigned,,,,
5723,"f81r.26,+P0",f81r,2976,3,oteol,R01,B,B,2,paragraph_continuation,low_reliability_or_unassigned,,,,
5724,"f81r.26,+P0",f81r,2976,4,qol,R00,B,B,2,paragraph_continuation,low_reliability_or_unassigned,,,,
5725,"f81r.26,+P0",f81r,2976,5,sheor,R06,B,B,2,paragraph_continuation,low_reliability_or_unassigned,,,,
5726,"f81r.26,+P0",f81r,2976,6,shedy,R06,B,B,2,paragraph_continuation,reliable_conditioned,surface_token,shedy,meta_L=B,R06
5727,"f81r.26,+P0",f81r,2976,7,qcthdys,R00,B,B,2,paragraph_continuation,low_reliability_or_unassigned,,,,
5728,"f81r.27,+P0",f81r,2977,1,sol,R06,B,B,2,paragraph_continuation,good_but_not_reliable_enough,surface_token,sol,global=global,R06
5729,"f81r.27,+P0",f81r,2977,2,chedy,R02,B,B,2,paragraph_continuation,reliable_conditioned,surface_token,chedy,meta_L=B,R02
5730,"f81r.27,+P0",f81r,2977,3,qokedy,H12,B,B,2,paragraph_continuation,reliable_conditioned,surface_token,qokedy,meta_L=B,H12
5731,"f81r.27,+P0",f81r,2977,4,olkedy,R00,B,B,2,paragraph_continuation,low_reliability_or_unassigned,,,,
5732,"f81r.27,+P0",f81r,2977,5,dol,R06,B,B,2,paragraph_continuation,good_but_not_reliable_enough,surface_token,dol,global=global,R06
5733,"f81r.27,+P0",f81r,2977,6,qokchedy,H10,B,B,2,paragraph_continuation,low_reliability_or_unassigned,,,,
5734,"f81r.28,+P0",f81r,2978,1,qokesdy,H11,B,B,2,paragraph_continuation,low_reliability_or_unassigned,,,,
5735,"f81r.28,+P0",f81r,2978,2,chedy,R02,B,B,2,paragraph_continuation,reliable_conditioned,surface_token,chedy,meta_L=B,R02
5736,"f81r.28,+P0",f81r,2978,3,qokar,R03,B,B,2,paragraph_continuation,reliable_conditioned,surface_token,qokar,meta_L=B,R03
5737,"f81r.28,+P0",f81r,2978,4,chey,R06,B,B,2,paragraph_continuation,reliable_global,stolfi_inspired_signature,NG|S_EY|T_y,global=global,R06
5738,"f81r.28,+P0",f81r,2978,5,taiin,R06,B,B,2,paragraph_continuation,low_reliability_or_unassigned,,,,
5739,"f81r.28,+P0",f81r,2978,6,otey,R01,B,B,2,paragraph_continuation,low_reliability_or_unassigned,,,,
5740,"f81r.28,+P0",f81r,2978,7,lchl,R00,B,B,2,paragraph_continuation,low_reliability_or_unassigned,,,,
5741,"f81r.30,+P0",f81r,2980,1,l,R06,B,B,2,paragraph_continuation,good_but_not_reliable_enough,surface_token,l,global=global,R06
5742,"f81r.30,+P0",f81r,2980,2,shedy,R06,B,B,2,paragraph_continuation,reliable_conditioned,surface_token,shedy,meta_L=B,R06
5743,"f81r.30,+P0",f81r,2980,3,qokedy,H12,B,B,2,paragraph_continuation,reliable_conditioned,surface_token,qokedy,meta_L=B,H12
5744,"f81r.30,+P0",f81r,2980,4,sor,R06,B,B,2,paragraph_continuation,good_but_not_reliable_enough,stolfi_inspired_signature,NG|S_OL|T_r,meta_H=2,R06
5745,"f81r.30,+P0",f81r,2980,5,olkar,R00,B,B,2,paragraph_continuation,low_reliability_or_unassigned,,,,
5746,"f81r.30,+P0",f81r,2980,6,olkaiin,R00,B,B,2,paragraph_continuation,low_reliability_or_unassigned,,,,
5747,"f81r.30,+P0",f81r,2980,7,olkshdy,R00,B,B,2,paragraph_continuation,low_reliability_or_unassigned,,,,
5748,"f81r.7,+P0",f81r,2957,1,dshees,R06,B,B,2,paragraph_continuation,low_reliability_or_unassigned,,,,
5749,"f81r.7,+P0",f81r,2957,2,okain,R10,B,B,2,paragraph_continuation,reliable_global,surface_token,okain,global=global,R10
5750,"f81r.7,+P0",f81r,2957,3,chcthy,R04,B,B,2,paragraph_continuation,low_reliability_or_unassigned,,,,
5751,"f81r.7,+P0",f81r,2957,4,otey,R01,B,B,2,paragraph_continuation,low_reliability_or_unassigned,,,,
5752,"f81r.7,+P0",f81r,2957,5,okain,R10,B,B,2,paragraph_continuation,reliable_global,surface_token,okain,global=global,R10
5753,"f81r.8,+P0",f81r,2958,1,pchedy,R06,B,B,2,paragraph_continuation,low_reliability_or_unassigned,,,,
5754,"f81r.8,+P0",f81r,2958,2,qokeey,H08,B,B,2,paragraph_continuation,reliable_conditioned,surface_token,qokeey,meta_L=B,H08
5755,"f81r.8,+P0",f81r,2958,3,oty,R01,B,B,2,paragraph_continuation,low_reliability_or_unassigned,,,,
5756,"f81r.8,+P0",f81r,2958,4,qotey,H13,B,B,2,paragraph_continuation,low_reliability_or_unassigned,,,,
5757,"f81r.8,+P0",f81r,2958,5,oteey,R01,B,B,2,paragraph_continuation,low_reliability_or_unassigned,,,,
5758,"f81r.8,+P0",f81r,2958,6,oly,R06,B,B,2,paragraph_continuation,good_but_not_reliable_enough,surface_token,oly,global=global,R06
5759,"f81v.12,+P0",f81v,2993,1,qol,R00,B,B,2,paragraph_continuation,low_reliability_or_unassigned,,,,
5760,"f81v.12,+P0",f81v,2993,2,ol,R06,B,B,2,paragraph_continuation,reliable_environment_sensitive,surface_token,ol,global=global,R06
5761,"f81v.12,+P0",f81v,2993,3,chdy,R02,B,B,2,paragraph_continuation,reliable_conditioned,surface_token,chdy,meta_L=B,R02
5762,"f81v.12,+P0",f81v,2993,4,shedy,R06,B,B,2,paragraph_continuation,reliable_conditioned,surface_token,shedy,meta_L=B,R06
5763,"f81v.12,+P0",f81v,2993,5,qokedy,H12,B,B,2,paragraph_continuation,reliable_conditioned,surface_token,qokedy,meta_L=B,H12
5764,"f81v.12,+P0",f81v,2993,6,ytedy,R00,B,B,2,paragraph_continuation,low_reliability_or_unassigned,,,,
5765,"f81v.12,+P0",f81v,2993,7,chetedy,R00,B,B,2,paragraph_continuation,low_reliability_or_unassigned,,,,
5766,"f81v.12,+P0",f81v,2993,8,lkedey,R00,B,B,2,paragraph_continuation,low_reliability_or_unassigned,,,,
5767,"f81v.12,+P0",f81v,2993,9,ytedy,R00,B,B,2,paragraph_continuation,low_reliability_or_unassigned,,,,
5768,"f81v.14,+P0",f81v,2995,1,dshedy,R06,B,B,2,paragraph_continuation,low_reliability_or_unassigned,,,,
5769,"f81v.14,+P0",f81v,2995,2,ykeedy,R00,B,B,2,paragraph_continuation,low_reliability_or_unassigned,,,,
5770,"f81v.14,+P0",f81v,2995,3,sheeky,R06,B,B,2,paragraph_continuation,low_reliability_or_unassigned,,,,
5771,"f81v.14,+P0",f81v,2995,4,daiin,R10,B,B,2,paragraph_continuation,good_but_not_reliable_enough,surface_token,daiin,global=global,R10
5772,"f81v.14,+P0",f81v,2995,5,okedy,R00,B,B,2,paragraph_continuation,reliable_conditioned,surface_token,okedy,meta_L=B,R00
5773,"f81v.14,+P0",f81v,2995,6,qokeed,H08,B,B,2,paragraph_continuation,low_reliability_or_unassigned,,,,
5774,"f81v.14,+P0",f81v,2995,7,qokedy,H12,B,B,2,paragraph_continuation,reliable_conditioned,surface_token,qokedy,meta_L=B,H12
5775,"f81v.14,+P0",f81v,2995,8,lchpchdy,R00,B,B,2,paragraph_continuation,low_reliability_or_unassigned,,,,
5776,"f81v.15,+P0",f81v,2996,1,qokal,H08,B,B,2,paragraph_continuation,good_but_not_reliable_enough,surface_token,qokal,meta_H=2,H08
5777,"f81v.15,+P0",f81v,2996,2,chedy,R02,B,B,2,paragraph_continuation,reliable_conditioned,surface_token,chedy,meta_L=B,R02
5778,"f81v.15,+P0",f81v,2996,3,ol,R06,B,B,2,paragraph_continuation,reliable_environment_sensitive,surface_token,ol,global=global,R06
5779,"f81v.15,+P0",f81v,2996,4,sheey,R06,B,B,2,paragraph_continuation,reliable_global,stolfi_inspired_signature,NG|S_EY|T_ey,global=global,R06
5780,"f81v.15,+P0",f81v,2996,5,salshcthdy,R00,B,B,2,paragraph_continuation,low_reliability_or_unassigned,,,,
5781,"f81v.15,+P0",f81v,2996,6,qofchedy,R00,B,B,2,paragraph_continuation,low_reliability_or_unassigned,,,,
5782,"f81v.15,+P0",f81v,2996,7,r,R00,B,B,2,paragraph_continuation,low_reliability_or_unassigned,,,,
5783,"f81v.15,+P0",f81v,2996,8,chedy,R02,B,B,2,paragraph_continuation,reliable_conditioned,surface_token,chedy,meta_L=B,R02
5784,"f81v.15,+P0",f81v,2996,9,ltary,R00,B,B,2,paragraph_continuation,low_reliability_or_unassigned,,,,
5785,"f81v.16,+P0",f81v,2997,1,lor,R00,B,B,2,paragraph_continuation,good_but_not_reliable_enough,broad_shape,L|or,global=global,R00
5786,"f81v.16,+P0",f81v,2997,2,shedy,R06,B,B,2,paragraph_continuation,reliable_conditioned,surface_token,shedy,meta_L=B,R06
5787,"f81v.16,+P0",f81v,2997,3,qoeedy,R00,B,B,2,paragraph_continuation,low_reliability_or_unassigned,,,,
5788,"f81v.16,+P0",f81v,2997,4,ol,R06,B,B,2,paragraph_continuation,reliable_environment_sensitive,surface_token,ol,global=global,R06
5789,"f81v.16,+P0",f81v,2997,5,chy,R00,B,B,2,paragraph_continuation,reliable_global,stolfi_inspired_signature,NG|S_BY|T_y,global=global,R00
5790,"f81v.16,+P0",f81v,2997,6,rshdy,R00,B,B,2,paragraph_continuation,low_reliability_or_unassigned,,,,
5791,"f81v.16,+P0",f81v,2997,7,lshedy,R00,B,B,2,paragraph_continuation,reliable_conditioned,broad_shape,LB|edy,meta_L=B,R00
5792,"f81v.16,+P0",f81v,2997,8,dar,R06,B,B,2,paragraph_continuation,reliable_global,surface_token,dar,global=global,R06
5793,"f81v.16,+P0",f81v,2997,9,chdy,R02,B,B,2,paragraph_continuation,reliable_conditioned,surface_token,chdy,meta_L=B,R02
5794,"f81v.16,+P0",f81v,2997,10,pchdy,R06,B,B,2,paragraph_continuation,low_reliability_or_unassigned,,,,
5795,"f81v.17,+P0",f81v,2998,1,sshkchdy,R00,B,B,2,paragraph_continuation,low_reliability_or_unassigned,,,,
5796,"f81v.17,+P0",f81v,2998,2,chedy,R02,B,B,2,paragraph_continuation,reliable_conditioned,surface_token,chedy,meta_L=B,R02
5797,"f81v.17,+P0",f81v,2998,3,ol,R06,B,B,2,paragraph_continuation,reliable_environment_sensitive,surface_token,ol,global=global,R06
5798,"f81v.17,+P0",f81v,2998,4,shedy,R06,B,B,2,paragraph_continuation,reliable_conditioned,surface_token,shedy,meta_L=B,R06
5799,"f81v.17,+P0",f81v,2998,5,qolchedy,R00,B,B,2,paragraph_continuation,reliable_conditioned,broad_shape,LB|edy,meta_L=B,R00
5800,"f81v.17,+P0",f81v,2998,6,qokain,H08,B,B,2,paragraph_continuation,low_reliability_or_unassigned,,,,
5801,"f81v.17,+P0",f81v,2998,7,ckhy,R00,B,B,2,paragraph_continuation,low_reliability_or_unassigned,,,,
5802,"f81v.17,+P0",f81v,2998,8,dl,R06,B,B,2,paragraph_continuation,low_reliability_or_unassigned,,,,
5803,"f81v.17,+P0",f81v,2998,9,ral,R00,B,B,2,paragraph_continuation,low_reliability_or_unassigned,,,,
5804,"f81v.18,+P0",f81v,2999,1,qokchdy,H09,B,B,2,paragraph_continuation,low_reliability_or_unassigned,,,,
5805,"f81v.18,+P0",f81v,2999,2,chey,R06,B,B,2,paragraph_continuation,reliable_global,stolfi_inspired_signature,NG|S_EY|T_y,global=global,R06
5806,"f81v.18,+P0",f81v,2999,3,ol,R06,B,B,2,paragraph_continuation,reliable_environment_sensitive,surface_token,ol,global=global,R06
5807,"f81v.18,+P0",f81v,2999,4,cheky,R06,B,B,2,paragraph_continuation,low_reliability_or_unassigned,,,,
5808,"f81v.18,+P0",f81v,2999,5,ol,R06,B,B,2,paragraph_continuation,reliable_environment_sensitive,surface_token,ol,global=global,R06
5809,"f81v.18,+P0",f81v,2999,6,shedy,R06,B,B,2,paragraph_continuation,reliable_conditioned,surface_token,shedy,meta_L=B,R06
5810,"f81v.18,+P0",f81v,2999,7,qokedy,H12,B,B,2,paragraph_continuation,reliable_conditioned,surface_token,qokedy,meta_L=B,H12
5811,"f81v.18,+P0",f81v,2999,8,qokedy,H12,B,B,2,paragraph_continuation,reliable_conditioned,surface_token,qokedy,meta_L=B,H12
5812,"f81v.18,+P0",f81v,2999,9,chckhy,R00,B,B,2,paragraph_continuation,reliable_environment_sensitive,surface_token,chckhy,global=global,R00
5813,"f81v.18,+P0",f81v,2999,10,qoky,H01,B,B,2,paragraph_continuation,low_reliability_or_unassigned,,,,
5814,"f81v.2,+P0",f81v,2983,1,qokedy,H12,B,B,2,paragraph_continuation,reliable_conditioned,surface_token,qokedy,meta_L=B,H12
5815,"f81v.2,+P0",f81v,2983,2,okaiin,R10,B,B,2,paragraph_continuation,reliable_global,surface_token,okaiin,global=global,R10
5816,"f81v.2,+P0",f81v,2983,3,kair,R06,B,B,2,paragraph_continuation,low_reliability_or_unassigned,,,,
5817,"f81v.2,+P0",f81v,2983,4,okal,R07,B,B,2,paragraph_continuation,reliable_global,surface_token,okal,global=global,R07
5818,"f81v.2,+P0",f81v,2983,5,sar,R06,B,B,2,paragraph_continuation,good_but_not_reliable_enough,stolfi_inspired_signature,NG|S_OL|T_r,meta_H=2,R06
5819,"f81v.2,+P0",f81v,2983,6,ol,R06,B,B,2,paragraph_continuation,reliable_environment_sensitive,surface_token,ol,global=global,R06
5820,"f81v.2,+P0",f81v,2983,7,kain,R06,B,B,2,paragraph_continuation,low_reliability_or_unassigned,,,,
5821,"f81v.2,+P0",f81v,2983,8,olkain,R00,B,B,2,paragraph_continuation,low_reliability_or_unassigned,,,,
5822,"f81v.2,+P0",f81v,2983,9,al,R06,B,B,2,paragraph_continuation,reliable_environment_sensitive,surface_token,al,global=global,R06
5823,"f81v.2,+P0",f81v,2983,10,ol,R06,B,B,2,paragraph_continuation,reliable_environment_sensitive,surface_token,ol,global=global,R06
5824,"f81v.2,+P0",f81v,2983,11,rol,R00,B,B,2,paragraph_continuation,low_reliability_or_unassigned,,,,
5825,"f81v.2,+P0",f81v,2983,12,dl,R06,B,B,2,paragraph_continuation,low_reliability_or_unassigned,,,,
5826,"f81v.23,+P0",f81v,3004,1,shol,R08,B,B,2,paragraph_continuation,low_reliability_or_unassigned,,,,
5827,"f81v.23,+P0",f81v,3004,2,qechy,R00,B,B,2,paragraph_continuation,low_reliability_or_unassigned,,,,
5828,"f81v.23,+P0",f81v,3004,3,ykaiin,R06,B,B,2,paragraph_continuation,low_reliability_or_unassigned,,,,
5829,"f81v.23,+P0",f81v,3004,4,olkain,R00,B,B,2,paragraph_continuation,low_reliability_or_unassigned,,,,
5830,"f81v.23,+P0",f81v,3004,5,shedy,R06,B,B,2,paragraph_continuation,reliable_conditioned,surface_token,shedy,meta_L=B,R06
5831,"f81v.23,+P0",f81v,3004,6,qoky,H01,B,B,2,paragraph_continuation,low_reliability_or_unassigned,,,,
5832,"f81v.23,+P0",f81v,3004,7,dchedy,R06,B,B,2,paragraph_continuation,low_reliability_or_unassigned,,,,
5833,"f81v.23,+P0",f81v,3004,8,rol,R00,B,B,2,paragraph_continuation,low_reliability_or_unassigned,,,,
5834,"f81v.23,+P0",f81v,3004,9,olcthdy,R04,B,B,2,paragraph_continuation,low_reliability_or_unassigned,,,,
5835,"f81v.24,+P0",f81v,3005,1,ytey,R06,B,B,2,paragraph_continuation,low_reliability_or_unassigned,,,,
5836,"f81v.24,+P0",f81v,3005,2,okchedy,R00,B,B,2,paragraph_continuation,low_reliability_or_unassigned,,,,
5837,"f81v.24,+P0",f81v,3005,3,qokal,H08,B,B,2,paragraph_continuation,good_but_not_reliable_enough,surface_token,qokal,meta_H=2,H08
5838,"f81v.24,+P0",f81v,3005,4,okeey,R06,B,B,2,paragraph_continuation,low_reliability_or_unassigned,,,,
5839,"f81v.24,+P0",f81v,3005,5,qol,R00,B,B,2,paragraph_continuation,low_reliability_or_unassigned,,,,
5840,"f81v.24,+P0",f81v,3005,6,cheedy,R06,B,B,2,paragraph_continuation,low_reliability_or_unassigned,,,,
5841,"f81v.24,+P0",f81v,3005,7,sal,R06,B,B,2,paragraph_continuation,low_reliability_or_unassigned,,,,
5842,"f81v.24,+P0",f81v,3005,8,teol,R06,B,B,2,paragraph_continuation,low_reliability_or_unassigned,,,,
5843,"f81v.24,+P0",f81v,3005,9,dchdy,R06,B,B,2,paragraph_continuation,low_reliability_or_unassigned,,,,
5844,"f81v.24,+P0",f81v,3005,10,ly,R00,B,B,2,paragraph_continuation,low_reliability_or_unassigned,,,,
5845,"f81v.26,+P0",f81v,3007,1,ol,R06,B,B,2,paragraph_continuation,reliable_environment_sensitive,surface_token,ol,global=global,R06
5846,"f81v.26,+P0",f81v,3007,2,checholtar,R00,B,B,2,paragraph_continuation,low_reliability_or_unassigned,,,,
5847,"f81v.26,+P0",f81v,3007,3,oiin,R00,B,B,2,paragraph_continuation,low_reliability_or_unassigned,,,,
5848,"f81v.26,+P0",f81v,3007,4,okedy,R00,B,B,2,paragraph_continuation,reliable_conditioned,surface_token,okedy,meta_L=B,R00
5849,"f81v.26,+P0",f81v,3007,5,dal,R09,B,B,2,paragraph_continuation,reliable_global,surface_token,dal,global=global,R09
5850,"f81v.26,+P0",f81v,3007,6,shey,R06,B,B,2,paragraph_continuation,reliable_global,stolfi_inspired_signature,NG|S_EY|T_y,global=global,R06
5851,"f81v.26,+P0",f81v,3007,7,olkeol,R00,B,B,2,paragraph_continuation,low_reliability_or_unassigned,,,,
5852,"f81v.26,+P0",f81v,3007,8,olkeedy,R00,B,B,2,paragraph_continuation,low_reliability_or_unassigned,,,,
5853,"f81v.26,+P0",f81v,3007,9,okeol,R06,B,B,2,paragraph_continuation,low_reliability_or_unassigned,,,,
5854,"f81v.27,+P0",f81v,3008,1,dsheol,R06,B,B,2,paragraph_continuation,low_reliability_or_unassigned,,,,
5855,"f81v.27,+P0",f81v,3008,2,oiiin,R00,B,B,2,paragraph_continuation,low_reliability_or_unassigned,,,,
5856,"f81v.27,+P0",f81v,3008,3,olkeedy,R00,B,B,2,paragraph_continuation,low_reliability_or_unassigned,,,,
5857,"f81v.27,+P0",f81v,3008,4,tedy,R06,B,B,2,paragraph_continuation,low_reliability_or_unassigned,,,,
5858,"f81v.27,+P0",f81v,3008,5,cheky,R06,B,B,2,paragraph_continuation,low_reliability_or_unassigned,,,,
5859,"f81v.27,+P0",f81v,3008,6,shckhedy,R00,B,B,2,paragraph_continuation,low_reliability_or_unassigned,,,,
5860,"f81v.27,+P0",f81v,3008,7,chal,R00,B,B,2,paragraph_continuation,low_reliability_or_unassigned,,,,
5861,"f81v.3,+P0",f81v,2984,1,saiin,R06,B,B,2,paragraph_continuation,reliable_conditioned,surface_token,saiin,meta_L=B,R06
5862,"f81v.3,+P0",f81v,2984,2,daiin,R10,B,B,2,paragraph_continuation,good_but_not_reliable_enough,surface_token,daiin,global=global,R10
5863,"f81v.3,+P0",f81v,2984,3,olkeedy,R00,B,B,2,paragraph_continuation,low_reliability_or_unassigned,,,,
5864,"f81v.3,+P0",f81v,2984,4,okedy,R00,B,B,2,paragraph_continuation,reliable_conditioned,surface_token,okedy,meta_L=B,R00
5865,"f81v.3,+P0",f81v,2984,5,dykain,R06,B,B,2,paragraph_continuation,low_reliability_or_unassigned,,,,
5866,"f81v.3,+P0",f81v,2984,6,shek,R06,B,B,2,paragraph_continuation,low_reliability_or_unassigned,,,,
5867,"f81v.3,+P0",f81v,2984,7,chdy,R02,B,B,2,paragraph_continuation,reliable_conditioned,surface_token,chdy,meta_L=B,R02
5868,"f81v.3,+P0",f81v,2984,8,dalal,R06,B,B,2,paragraph_continuation,low_reliability_or_unassigned,,,,
5869,"f81v.3,+P0",f81v,2984,9,oldy,R00,B,B,2,paragraph_continuation,low_reliability_or_unassigned,,,,
5870,"f81v.5,+P0",f81v,2986,1,okaiin,R10,B,B,2,paragraph_continuation,reliable_global,surface_token,okaiin,global=global,R10
5871,"f81v.5,+P0",f81v,2986,2,daiin,R10,B,B,2,paragraph_continuation,good_but_not_reliable_enough,surface_token,daiin,global=global,R10
5872,"f81v.5,+P0",f81v,2986,3,otain,R00,B,B,2,paragraph_continuation,low_reliability_or_unassigned,,,,
5873,"f81v.5,+P0",f81v,2986,4,chckhy,R00,B,B,2,paragraph_continuation,reliable_environment_sensitive,surface_token,chckhy,global=global,R00
5874,"f81v.5,+P0",f81v,2986,5,okeedy,R00,B,B,2,paragraph_continuation,reliable_conditioned,surface_token,okeedy,meta_L=B,R00
5875,"f81v.5,+P0",f81v,2986,6,qoky,H01,B,B,2,paragraph_continuation,low_reliability_or_unassigned,,,,
5876,"f81v.5,+P0",f81v,2986,7,kar,R06,B,B,2,paragraph_continuation,low_reliability_or_unassigned,,,,
5877,"f81v.5,+P0",f81v,2986,8,daiin,R10,B,B,2,paragraph_continuation,good_but_not_reliable_enough,surface_token,daiin,global=global,R10
5878,"f81v.5,+P0",f81v,2986,9,okar,R03,B,B,2,paragraph_continuation,low_reliability_or_unassigned,,,,
5879,"f82r.2,+P0",f82r,3011,1,dchedy,R06,B,B,2,paragraph_continuation,low_reliability_or_unassigned,,,,
5880,"f82r.2,+P0",f82r,3011,2,qolchedy,R00,B,B,2,paragraph_continuation,reliable_conditioned,broad_shape,LB|edy,meta_L=B,R00
5881,"f82r.2,+P0",f82r,3011,3,qokain,H08,B,B,2,paragraph_continuation,low_reliability_or_unassigned,,,,
5882,"f82r.2,+P0",f82r,3011,4,dy,R02,B,B,2,paragraph_continuation,low_reliability_or_unassigned,,,,
5883,"f82r.2,+P0",f82r,3011,5,qokeedy,H01,B,B,2,paragraph_continuation,low_reliability_or_unassigned,,,,
5884,"f82r.2,+P0",f82r,3011,6,qokal,H08,B,B,2,paragraph_continuation,good_but_not_reliable_enough,surface_token,qokal,meta_H=2,H08
5885,"f82r.2,+P0",f82r,3011,7,lcheckhy,R00,B,B,2,paragraph_continuation,low_reliability_or_unassigned,,,,
5886,"f82r.2,+P0",f82r,3011,8,lched,R00,B,B,2,paragraph_continuation,low_reliability_or_unassigned,,,,
5887,"f82r.27,+P0",f82r,3036,1,pchedy,R06,B,B,2,paragraph_continuation,low_reliability_or_unassigned,,,,
5888,"f82r.27,+P0",f82r,3036,2,rsheal,R00,B,B,2,paragraph_continuation,low_reliability_or_unassigned,,,,
5889,"f82r.27,+P0",f82r,3036,3,daldy,R09,B,B,2,paragraph_continuation,low_reliability_or_unassigned,,,,
5890,"f82r.27,+P0",f82r,3036,4,qokeedy,H01,B,B,2,paragraph_continuation,low_reliability_or_unassigned,,,,
5891,"f82r.27,+P0",f82r,3036,5,rshedy,R00,B,B,2,paragraph_continuation,reliable_conditioned,broad_shape,LB|edy,meta_L=B,R00
5892,"f82r.27,+P0",f82r,3036,6,qoteedy,H01,B,B,2,paragraph_continuation,low_reliability_or_unassigned,,,,
5893,"f82r.27,+P0",f82r,3036,7,qokeedy,H01,B,B,2,paragraph_continuation,low_reliability_or_unassigned,,,,
5894,"f82r.27,+P0",f82r,3036,8,lochedy,R00,B,B,2,paragraph_continuation,low_reliability_or_unassigned,,,,
5895,"f82r.30,+P0",f82r,3039,1,qoteey,H13,B,B,2,paragraph_continuation,low_reliability_or_unassigned,,,,
5896,"f82r.30,+P0",f82r,3039,2,raiin,R00,B,B,2,paragraph_continuation,low_reliability_or_unassigned,,,,
5897,"f82r.30,+P0",f82r,3039,3,cheol,R00,B,B,2,paragraph_continuation,low_reliability_or_unassigned,,,,
5898,"f82r.30,+P0",f82r,3039,4,qoteey,H13,B,B,2,paragraph_continuation,low_reliability_or_unassigned,,,,
5899,"f82r.30,+P0",f82r,3039,5,shedy,R06,B,B,2,paragraph_continuation,reliable_conditioned,surface_token,shedy,meta_L=B,R06
5900,"f82r.30,+P0",f82r,3039,6,qokeey,H08,B,B,2,paragraph_continuation,reliable_conditioned,surface_token,qokeey,meta_L=B,H08
5901,"f82r.30,+P0",f82r,3039,7,lshedy,R00,B,B,2,paragraph_continuation,reliable_conditioned,broad_shape,LB|edy,meta_L=B,R00
5902,"f82r.30,+P0",f82r,3039,8,qokeedy,H01,B,B,2,paragraph_continuation,low_reliability_or_unassigned,,,,
5903,"f82r.30,+P0",f82r,3039,9,rag,R00,B,B,2,paragraph_continuation,low_reliability_or_unassigned,,,,
5904,"f82r.34,@Ln",f82r,3043,1,okor,R00,B,B,2,label_or_marginal,low_reliability_or_unassigned,,,,
5905,"f82r.35,@Lt",f82r,3044,1,darol,R06,B,B,2,label_or_marginal,low_reliability_or_unassigned,,,,
5906,"f82r.36,@Ln",f82r,3045,1,okal,R07,B,B,2,label_or_marginal,reliable_global,surface_token,okal,global=global,R07
5907,"f82r.37,@Ln",f82r,3046,1,okaldy,R00,B,B,2,label_or_marginal,low_reliability_or_unassigned,,,,
5908,"f82r.40,*Ln",f82r,3049,1,sororl,R06,B,B,2,label_or_marginal,low_reliability_or_unassigned,,,,
5909,"f82r.42,=Ln",f82r,3051,1,sokoly,R06,B,B,2,=L,low_reliability_or_unassigned,,,,
5910,"f82r.43,=Ln",f82r,3052,1,dolol,R06,B,B,2,=L,low_reliability_or_unassigned,,,,
5911,"f82r.44,=Ln",f82r,3053,1,olaiin,R10,B,B,2,=L,low_reliability_or_unassigned,,,,
5912,"f82r.45,=Ln",f82r,3054,1,okeear,R00,B,B,2,=L,low_reliability_or_unassigned,,,,
5913,"f82r.5,+P0",f82r,3014,1,sol,R06,B,B,2,paragraph_continuation,good_but_not_reliable_enough,surface_token,sol,global=global,R06
5914,"f82r.5,+P0",f82r,3014,2,lkchedy,R00,B,B,2,paragraph_continuation,low_reliability_or_unassigned,,,,
5915,"f82r.5,+P0",f82r,3014,3,qokeedy,H01,B,B,2,paragraph_continuation,low_reliability_or_unassigned,,,,
5916,"f82r.5,+P0",f82r,3014,4,qokal,H08,B,B,2,paragraph_continuation,good_but_not_reliable_enough,surface_token,qokal,meta_H=2,H08
5917,"f82r.5,+P0",f82r,3014,5,cthol,R07,B,B,2,paragraph_continuation,low_reliability_or_unassigned,,,,
5918,"f82r.5,+P0",f82r,3014,6,chedy,R02,B,B,2,paragraph_continuation,reliable_conditioned,surface_token,chedy,meta_L=B,R02
5919,"f82r.5,+P0",f82r,3014,7,qoteedy,H01,B,B,2,paragraph_continuation,low_reliability_or_unassigned,,,,
5920,"f82r.5,+P0",f82r,3014,8,qokal,H08,B,B,2,paragraph_continuation,good_but_not_reliable_enough,surface_token,qokal,meta_H=2,H08
5921,"f82v.13,+P0",f82v,3067,1,tchedy,R06,B,B,2,paragraph_continuation,low_reliability_or_unassigned,,,,
5922,"f82v.13,+P0",f82v,3067,2,qocthes,H07,B,B,2,paragraph_continuation,low_reliability_or_unassigned,,,,
5923,"f82v.13,+P0",f82v,3067,3,qokar,R03,B,B,2,paragraph_continuation,reliable_conditioned,surface_token,qokar,meta_L=B,R03
5924,"f82v.13,+P0",f82v,3067,4,chckhy,R00,B,B,2,paragraph_continuation,reliable_environment_sensitive,surface_token,chckhy,global=global,R00
5925,"f82v.13,+P0",f82v,3067,5,qokain,H08,B,B,2,paragraph_continuation,low_reliability_or_unassigned,,,,
5926,"f82v.13,+P0",f82v,3067,6,cholkaiin,R07,B,B,2,paragraph_continuation,low_reliability_or_unassigned,,,,
5927,"f82v.13,+P0",f82v,3067,7,chckhdy,R00,B,B,2,paragraph_continuation,low_reliability_or_unassigned,,,,
5928,"f82v.13,+P0",f82v,3067,8,qokoldy,H11,B,B,2,paragraph_continuation,low_reliability_or_unassigned,,,,
5929,"f82v.16,+P0",f82v,3070,1,qokedy,H12,B,B,2,paragraph_continuation,reliable_conditioned,surface_token,qokedy,meta_L=B,H12
5930,"f82v.16,+P0",f82v,3070,2,lchey,R00,B,B,2,paragraph_continuation,low_reliability_or_unassigned,,,,
5931,"f82v.16,+P0",f82v,3070,3,cheey,R06,B,B,2,paragraph_continuation,reliable_global,stolfi_inspired_signature,NG|S_EY|T_ey,global=global,R06
5932,"f82v.16,+P0",f82v,3070,4,raiin,R00,B,B,2,paragraph_continuation,low_reliability_or_unassigned,,,,
5933,"f82v.16,+P0",f82v,3070,5,shes,R06,B,B,2,paragraph_continuation,low_reliability_or_unassigned,,,,
5934,"f82v.16,+P0",f82v,3070,6,qokchey,H08,B,B,2,paragraph_continuation,low_reliability_or_unassigned,,,,
5935,"f82v.16,+P0",f82v,3070,7,qokain,H08,B,B,2,paragraph_continuation,low_reliability_or_unassigned,,,,
5936,"f82v.16,+P0",f82v,3070,8,okal,R07,B,B,2,paragraph_continuation,reliable_global,surface_token,okal,global=global,R07
5937,"f82v.16,+P0",f82v,3070,9,dy,R02,B,B,2,paragraph_continuation,low_reliability_or_unassigned,,,,
5938,"f82v.16,+P0",f82v,3070,10,lchedam,R00,B,B,2,paragraph_continuation,low_reliability_or_unassigned,,,,
5939,"f82v.26,+P0",f82v,3080,1,saiin,R06,B,B,2,paragraph_continuation,reliable_conditioned,surface_token,saiin,meta_L=B,R06
5940,"f82v.26,+P0",f82v,3080,2,shey,R06,B,B,2,paragraph_continuation,reliable_global,stolfi_inspired_signature,NG|S_EY|T_y,global=global,R06
5941,"f82v.26,+P0",f82v,3080,3,qokol,H08,B,B,2,paragraph_continuation,low_reliability_or_unassigned,,,,
5942,"f82v.26,+P0",f82v,3080,4,chol,R07,B,B,2,paragraph_continuation,low_reliability_or_unassigned,,,,
5943,"f82v.26,+P0",f82v,3080,5,qol,R00,B,B,2,paragraph_continuation,low_reliability_or_unassigned,,,,
5944,"f82v.26,+P0",f82v,3080,6,sheedy,R06,B,B,2,paragraph_continuation,reliable_environment_sensitive,surface_token,sheedy,global=global,R06
5945,"f82v.26,+P0",f82v,3080,7,qokal,H08,B,B,2,paragraph_continuation,good_but_not_reliable_enough,surface_token,qokal,meta_H=2,H08
5946,"f82v.26,+P0",f82v,3080,8,shedy,R06,B,B,2,paragraph_continuation,reliable_conditioned,surface_token,shedy,meta_L=B,R06
5947,"f82v.26,+P0",f82v,3080,9,qokaiin,H08,B,B,2,paragraph_continuation,reliable_conditioned,surface_token,qokaiin,meta_L=B,H08
5948,"f82v.3,@Lt",f82v,3057,1,daiinoty,R10,B,B,2,label_or_marginal,low_reliability_or_unassigned,,,,
5949,"f82v.39,@Ln",f82v,3093,1,olkeedy,R00,B,B,2,label_or_marginal,low_reliability_or_unassigned,,,,
5950,"f82v.4,@Lt",f82v,3058,1,otedal,R09,B,B,2,label_or_marginal,low_reliability_or_unassigned,,,,
5951,"f82v.40,@Ln",f82v,3094,1,okalchy,R00,B,B,2,label_or_marginal,low_reliability_or_unassigned,,,,
5952,"f82v.41,@Ln",f82v,3095,1,okain,R10,B,B,2,label_or_marginal,reliable_global,surface_token,okain,global=global,R10
5953,"f82v.43,~Lt",f82v,3097,1,okedor,R00,B,B,2,~L,low_reliability_or_unassigned,,,,
5954,"f82v.44,~Ln",f82v,3098,1,okol,R07,B,B,2,~L,low_reliability_or_unassigned,,,,
5955,"f82v.45,@Lt",f82v,3099,1,okoldy,R00,B,B,2,label_or_marginal,low_reliability_or_unassigned,,,,
5956,"f82v.46,@Lt",f82v,3100,1,olkol,R00,B,B,2,label_or_marginal,low_reliability_or_unassigned,,,,
5957,"f82v.9,+P0",f82v,3063,1,solshedy,R00,B,B,2,paragraph_continuation,low_reliability_or_unassigned,,,,
5958,"f82v.9,+P0",f82v,3063,2,lchedy,R00,B,B,2,paragraph_continuation,reliable_conditioned,broad_shape,LB|edy,meta_L=B,R00
5959,"f82v.9,+P0",f82v,3063,3,dolshedy,R00,B,B,2,paragraph_continuation,low_reliability_or_unassigned,,,,
5960,"f82v.9,+P0",f82v,3063,4,qokal,H08,B,B,2,paragraph_continuation,good_but_not_reliable_enough,surface_token,qokal,meta_H=2,H08
5961,"f82v.9,+P0",f82v,3063,5,sheckhy,R00,B,B,2,paragraph_continuation,good_but_not_reliable_enough,broad_shape,EXGX|y,global=global,R00
5962,"f82v.9,+P0",f82v,3063,6,shey,R06,B,B,2,paragraph_continuation,reliable_global,stolfi_inspired_signature,NG|S_EY|T_y,global=global,R06
5963,"f82v.9,+P0",f82v,3063,7,teeol,R06,B,B,2,paragraph_continuation,low_reliability_or_unassigned,,,,
5964,"f82v.9,+P0",f82v,3063,8,oteedy,R01,B,B,2,paragraph_continuation,low_reliability_or_unassigned,,,,
5965,"f82v.9,+P0",f82v,3063,9,qokedy,H12,B,B,2,paragraph_continuation,reliable_conditioned,surface_token,qokedy,meta_L=B,H12
5966,"f83r.20,+P0",f83r,3122,1,solkeedy,R00,B,B,2,paragraph_continuation,low_reliability_or_unassigned,,,,
5967,"f83r.20,+P0",f83r,3122,2,qoteedy,H01,B,B,2,paragraph_continuation,low_reliability_or_unassigned,,,,
5968,"f83r.20,+P0",f83r,3122,3,qokeey,H08,B,B,2,paragraph_continuation,reliable_conditioned,surface_token,qokeey,meta_L=B,H08
5969,"f83r.20,+P0",f83r,3122,4,qokedy,H12,B,B,2,paragraph_continuation,reliable_conditioned,surface_token,qokedy,meta_L=B,H12
5970,"f83r.20,+P0",f83r,3122,5,sol,R06,B,B,2,paragraph_continuation,good_but_not_reliable_enough,surface_token,sol,global=global,R06
5971,"f83r.20,+P0",f83r,3122,6,cheeety,R00,B,B,2,paragraph_continuation,low_reliability_or_unassigned,,,,
5972,"f83r.20,+P0",f83r,3122,7,qokedy,H12,B,B,2,paragraph_continuation,reliable_conditioned,surface_token,qokedy,meta_L=B,H12
5973,"f83r.20,+P0",f83r,3122,8,qoky,H01,B,B,2,paragraph_continuation,low_reliability_or_unassigned,,,,
5974,"f83r.20,+P0",f83r,3122,9,saiin,R06,B,B,2,paragraph_continuation,reliable_conditioned,surface_token,saiin,meta_L=B,R06
5975,"f83r.21,+P0",f83r,3123,1,solkeedy,R00,B,B,2,paragraph_continuation,low_reliability_or_unassigned,,,,
5976,"f83r.21,+P0",f83r,3123,2,qokedy,H12,B,B,2,paragraph_continuation,reliable_conditioned,surface_token,qokedy,meta_L=B,H12
5977,"f83r.21,+P0",f83r,3123,3,otedy,R01,B,B,2,paragraph_continuation,reliable_conditioned,surface_token,otedy,meta_L=B,R01
5978,"f83r.21,+P0",f83r,3123,4,solchedy,R00,B,B,2,paragraph_continuation,low_reliability_or_unassigned,,,,
5979,"f83r.21,+P0",f83r,3123,5,lkedy,R00,B,B,2,paragraph_continuation,low_reliability_or_unassigned,,,,
5980,"f83r.21,+P0",f83r,3123,6,qokchedy,H10,B,B,2,paragraph_continuation,low_reliability_or_unassigned,,,,
5981,"f83r.21,+P0",f83r,3123,7,qokedy,H12,B,B,2,paragraph_continuation,reliable_conditioned,surface_token,qokedy,meta_L=B,H12
5982,"f83r.21,+P0",f83r,3123,8,chckhdy,R00,B,B,2,paragraph_continuation,low_reliability_or_unassigned,,,,
5983,"f83r.21,+P0",f83r,3123,9,sar,R06,B,B,2,paragraph_continuation,good_but_not_reliable_enough,stolfi_inspired_signature,NG|S_OL|T_r,meta_H=2,R06
5984,"f83r.26,+P1",f83r,3128,1,otchey,R00,B,B,2,paragraph_continuation,low_reliability_or_unassigned,,,,
5985,"f83r.26,+P1",f83r,3128,2,qokeey,H08,B,B,2,paragraph_continuation,reliable_conditioned,surface_token,qokeey,meta_L=B,H08
5986,"f83r.26,+P1",f83r,3128,3,qoky,H01,B,B,2,paragraph_continuation,low_reliability_or_unassigned,,,,
5987,"f83r.26,+P1",f83r,3128,4,tol,R06,B,B,2,paragraph_continuation,low_reliability_or_unassigned,,,,
5988,"f83r.26,+P1",f83r,3128,5,shedy,R06,B,B,2,paragraph_continuation,reliable_conditioned,surface_token,shedy,meta_L=B,R06
5989,"f83r.26,+P1",f83r,3128,6,qokylddy,H11,B,B,2,paragraph_continuation,low_reliability_or_unassigned,,,,
5990,"f83r.30,+P1",f83r,3132,1,sokeedy,R00,B,B,2,paragraph_continuation,low_reliability_or_unassigned,,,,
5991,"f83r.30,+P1",f83r,3132,2,qokeedy,H01,B,B,2,paragraph_continuation,low_reliability_or_unassigned,,,,
5992,"f83r.30,+P1",f83r,3132,3,qoky,H01,B,B,2,paragraph_continuation,low_reliability_or_unassigned,,,,
5993,"f83r.30,+P1",f83r,3132,4,saii,R06,B,B,2,paragraph_continuation,low_reliability_or_unassigned,,,,
5994,"f83r.35,+P1",f83r,3137,1,saiin,R06,B,B,2,paragraph_continuation,reliable_conditioned,surface_token,saiin,meta_L=B,R06
5995,"f83r.35,+P1",f83r,3137,2,cheky,R06,B,B,2,paragraph_continuation,low_reliability_or_unassigned,,,,
5996,"f83r.35,+P1",f83r,3137,3,okeeol,R00,B,B,2,paragraph_continuation,low_reliability_or_unassigned,,,,
5997,"f83r.35,+P1",f83r,3137,4,okain,R10,B,B,2,paragraph_continuation,reliable_global,surface_token,okain,global=global,R10
5998,"f83r.35,+P1",f83r,3137,5,chdy,R02,B,B,2,paragraph_continuation,reliable_conditioned,surface_token,chdy,meta_L=B,R02
5999,"f83r.45,@Lt",f83r,3147,1,chtorol,R00,B,B,2,label_or_marginal,low_reliability_or_unassigned,,,,
6000,"f83r.46,=Lt",f83r,3148,1,olsaiin,R00,B,B,2,=L,low_reliability_or_unassigned,,,,
6001,"f83r.47,@Pb",f83r,3149,1,otchdy,R00,B,B,2,paragraph_start,low_reliability_or_unassigned,,,,
6002,"f83r.47,@Pb",f83r,3149,2,qokchdy,H09,B,B,2,paragraph_start,low_reliability_or_unassigned,,,,
6003,"f83r.47,@Pb",f83r,3149,3,shedal,R06,B,B,2,paragraph_start,low_reliability_or_unassigned,,,,
6004,"f83r.48,+Pb",f83r,3150,1,dal,R09,B,B,2,paragraph_continuation,reliable_global,surface_token,dal,global=global,R09
6005,"f83r.48,+Pb",f83r,3150,2,cheol,R00,B,B,2,paragraph_continuation,low_reliability_or_unassigned,,,,
6006,"f83r.48,+Pb",f83r,3150,3,lol,R00,B,B,2,paragraph_continuation,low_reliability_or_unassigned,,,,
6007,"f83r.48,+Pb",f83r,3150,4,chdal,R09,B,B,2,paragraph_continuation,low_reliability_or_unassigned,,,,
6008,"f83r.48,+Pb",f83r,3150,5,aiin,R06,B,B,2,paragraph_continuation,reliable_environment_sensitive,surface_token,aiin,global=global,R06
6009,"f83r.51,+Lt",f83r,3153,1,darolsy,R00,B,B,2,+L,low_reliability_or_unassigned,,,,
6010,"f83r.6,+P0",f83r,3108,1,schedy,R06,B,B,2,paragraph_continuation,low_reliability_or_unassigned,,,,
6011,"f83r.6,+P0",f83r,3108,2,chedchy,R00,B,B,2,paragraph_continuation,low_reliability_or_unassigned,,,,
6012,"f83r.6,+P0",f83r,3108,3,qokal,H08,B,B,2,paragraph_continuation,good_but_not_reliable_enough,surface_token,qokal,meta_H=2,H08
6013,"f83r.6,+P0",f83r,3108,4,olchedy,R00,B,B,2,paragraph_continuation,low_reliability_or_unassigned,,,,
6014,"f83r.6,+P0",f83r,3108,5,qokaiin,H08,B,B,2,paragraph_continuation,reliable_conditioned,surface_token,qokaiin,meta_L=B,H08
6015,"f83r.6,+P0",f83r,3108,6,chedy,R02,B,B,2,paragraph_continuation,reliable_conditioned,surface_token,chedy,meta_L=B,R02
6016,"f83r.6,+P0",f83r,3108,7,qokeedy,H01,B,B,2,paragraph_continuation,low_reliability_or_unassigned,,,,
6017,"f83r.6,+P0",f83r,3108,8,lchedy,R00,B,B,2,paragraph_continuation,reliable_conditioned,broad_shape,LB|edy,meta_L=B,R00
6018,"f83r.6,+P0",f83r,3108,9,qoky,H01,B,B,2,paragraph_continuation,low_reliability_or_unassigned,,,,
6019,"f83r.7,+P0",f83r,3109,1,solshed,R00,B,B,2,paragraph_continuation,low_reliability_or_unassigned,,,,
6020,"f83r.7,+P0",f83r,3109,2,lsheedy,R00,B,B,2,paragraph_continuation,low_reliability_or_unassigned,,,,
6021,"f83r.7,+P0",f83r,3109,3,qeeedy,R00,B,B,2,paragraph_continuation,low_reliability_or_unassigned,,,,
6022,"f83r.7,+P0",f83r,3109,4,qoky,H01,B,B,2,paragraph_continuation,low_reliability_or_unassigned,,,,
6023,"f83r.7,+P0",f83r,3109,5,oqol,R00,B,B,2,paragraph_continuation,low_reliability_or_unassigned,,,,
6024,"f83r.7,+P0",f83r,3109,6,rsheedy,R00,B,B,2,paragraph_continuation,low_reliability_or_unassigned,,,,
6025,"f83r.7,+P0",f83r,3109,7,qokedy,H12,B,B,2,paragraph_continuation,reliable_conditioned,surface_token,qokedy,meta_L=B,H12
6026,"f83r.7,+P0",f83r,3109,8,qoteedy,H01,B,B,2,paragraph_continuation,low_reliability_or_unassigned,,,,
6027,"f83r.7,+P0",f83r,3109,9,qoteedy,H01,B,B,2,paragraph_continuation,low_reliability_or_unassigned,,,,
6028,"f83v.10,@Lt",f83v,3167,1,okarchy,R03,B,B,2,label_or_marginal,low_reliability_or_unassigned,,,,
6029,"f83v.18,+P0",f83v,3175,1,solkeedy,R00,B,B,2,paragraph_continuation,low_reliability_or_unassigned,,,,
6030,"f83v.18,+P0",f83v,3175,2,qokeedy,H01,B,B,2,paragraph_continuation,low_reliability_or_unassigned,,,,
6031,"f83v.18,+P0",f83v,3175,3,qokeedy,H01,B,B,2,paragraph_continuation,low_reliability_or_unassigned,,,,
6032,"f83v.18,+P0",f83v,3175,4,saiin,R06,B,B,2,paragraph_continuation,reliable_conditioned,surface_token,saiin,meta_L=B,R06
6033,"f83v.18,+P0",f83v,3175,5,okaiin,R10,B,B,2,paragraph_continuation,reliable_global,surface_token,okaiin,global=global,R10
6034,"f83v.18,+P0",f83v,3175,6,chedy,R02,B,B,2,paragraph_continuation,reliable_conditioned,surface_token,chedy,meta_L=B,R02
6035,"f83v.18,+P0",f83v,3175,7,qokeedy,H01,B,B,2,paragraph_continuation,low_reliability_or_unassigned,,,,
6036,"f83v.18,+P0",f83v,3175,8,qolkeedy,H21,B,B,2,paragraph_continuation,low_reliability_or_unassigned,,,,
6037,"f83v.19,+P0",f83v,3176,1,qolchedy,R00,B,B,2,paragraph_continuation,reliable_conditioned,broad_shape,LB|edy,meta_L=B,R00
6038,"f83v.19,+P0",f83v,3176,2,qolteedy,H21,B,B,2,paragraph_continuation,low_reliability_or_unassigned,,,,
6039,"f83v.19,+P0",f83v,3176,3,qokeedy,H01,B,B,2,paragraph_continuation,low_reliability_or_unassigned,,,,
6040,"f83v.19,+P0",f83v,3176,4,qokal,H08,B,B,2,paragraph_continuation,good_but_not_reliable_enough,surface_token,qokal,meta_H=2,H08
6041,"f83v.19,+P0",f83v,3176,5,okaiin,R10,B,B,2,paragraph_continuation,reliable_global,surface_token,okaiin,global=global,R10
6042,"f83v.19,+P0",f83v,3176,6,chear,R00,B,B,2,paragraph_continuation,low_reliability_or_unassigned,,,,
6043,"f83v.19,+P0",f83v,3176,7,checkhy,R00,B,B,2,paragraph_continuation,good_but_not_reliable_enough,broad_shape,EXGX|y,global=global,R00
6044,"f83v.19,+P0",f83v,3176,8,dal,R09,B,B,2,paragraph_continuation,reliable_global,surface_token,dal,global=global,R09
6045,"f83v.19,+P0",f83v,3176,9,checkhdy,R00,B,B,2,paragraph_continuation,low_reliability_or_unassigned,,,,
6046,"f83v.33,+P0",f83v,3190,1,shey,R06,B,B,2,paragraph_continuation,reliable_global,stolfi_inspired_signature,NG|S_EY|T_y,global=global,R06
6047,"f83v.33,+P0",f83v,3190,2,opchey,R00,B,B,2,paragraph_continuation,low_reliability_or_unassigned,,,,
6048,"f83v.33,+P0",f83v,3190,3,cthey,R04,B,B,2,paragraph_continuation,low_reliability_or_unassigned,,,,
6049,"f83v.33,+P0",f83v,3190,4,oly,R06,B,B,2,paragraph_continuation,good_but_not_reliable_enough,surface_token,oly,global=global,R06
6050,"f83v.34,@Ln",f83v,3191,1,okchdy,R00,B,B,2,label_or_marginal,low_reliability_or_unassigned,,,,
6051,"f83v.35,@Lt",f83v,3192,1,okaiin,R10,B,B,2,label_or_marginal,reliable_global,surface_token,okaiin,global=global,R10
6052,"f83v.9,@Lt",f83v,3166,1,ololary,R00,B,B,2,label_or_marginal,low_reliability_or_unassigned,,,,
6053,"f84r.1,@Lt",f84r,3193,1,ololal,R00,B,B,2,label_or_marginal,low_reliability_or_unassigned,,,,
6054,"f84r.10,@Ln",f84r,3202,1,okolshy,R00,B,B,2,label_or_marginal,low_reliability_or_unassigned,,,,
6055,"f84r.11,@Ln",f84r,3203,1,otoly,R00,B,B,2,label_or_marginal,low_reliability_or_unassigned,,,,
6056,"f84r.12,@Ln",f84r,3204,1,dshedy,R06,B,B,2,label_or_marginal,low_reliability_or_unassigned,,,,
6057,"f84r.13,@P0",f84r,3205,1,kol,R06,B,B,2,paragraph_start,low_reliability_or_unassigned,,,,
6058,"f84r.13,@P0",f84r,3205,2,chedy,R02,B,B,2,paragraph_start,reliable_conditioned,surface_token,chedy,meta_L=B,R02
6059,"f84r.13,@P0",f84r,3205,3,qokeey,H08,B,B,2,paragraph_start,reliable_conditioned,surface_token,qokeey,meta_L=B,H08
6060,"f84r.13,@P0",f84r,3205,4,otedy,R01,B,B,2,paragraph_start,reliable_conditioned,surface_token,otedy,meta_L=B,R01
6061,"f84r.13,@P0",f84r,3205,5,dytedy,R06,B,B,2,paragraph_start,low_reliability_or_unassigned,,,,
6062,"f84r.13,@P0",f84r,3205,6,okeedy,R00,B,B,2,paragraph_start,reliable_conditioned,surface_token,okeedy,meta_L=B,R00
6063,"f84r.13,@P0",f84r,3205,7,olshed,R00,B,B,2,paragraph_start,low_reliability_or_unassigned,,,,
6064,"f84r.13,@P0",f84r,3205,8,opshed,R00,B,B,2,paragraph_start,low_reliability_or_unassigned,,,,
6065,"f84r.13,@P0",f84r,3205,9,ykshedy,R00,B,B,2,paragraph_start,low_reliability_or_unassigned,,,,
6066,"f84r.13,@P0",f84r,3205,10,qotedy,H17,B,B,2,paragraph_start,low_reliability_or_unassigned,,,,
6067,"f84r.13,@P0",f84r,3205,11,opoly,R00,B,B,2,paragraph_start,low_reliability_or_unassigned,,,,
6068,"f84r.16,+P0",f84r,3208,1,tor,R06,B,B,2,paragraph_continuation,low_reliability_or_unassigned,,,,
6069,"f84r.16,+P0",f84r,3208,2,shedytedy,R00,B,B,2,paragraph_continuation,low_reliability_or_unassigned,,,,
6070,"f84r.16,+P0",f84r,3208,3,ol,R06,B,B,2,paragraph_continuation,reliable_environment_sensitive,surface_token,ol,global=global,R06
6071,"f84r.16,+P0",f84r,3208,4,olcheol,R00,B,B,2,paragraph_continuation,low_reliability_or_unassigned,,,,
6072,"f84r.16,+P0",f84r,3208,5,shedy,R06,B,B,2,paragraph_continuation,reliable_conditioned,surface_token,shedy,meta_L=B,R06
6073,"f84r.16,+P0",f84r,3208,6,shckhy,R06,B,B,2,paragraph_continuation,low_reliability_or_unassigned,,,,
6074,"f84r.16,+P0",f84r,3208,7,qokal,H08,B,B,2,paragraph_continuation,good_but_not_reliable_enough,surface_token,qokal,meta_H=2,H08
6075,"f84r.16,+P0",f84r,3208,8,olkedy,R00,B,B,2,paragraph_continuation,low_reliability_or_unassigned,,,,
6076,"f84r.18,+P0",f84r,3210,1,otchy,R01,B,B,2,paragraph_continuation,low_reliability_or_unassigned,,,,
6077,"f84r.18,+P0",f84r,3210,2,olshedy,R00,B,B,2,paragraph_continuation,low_reliability_or_unassigned,,,,
6078,"f84r.18,+P0",f84r,3210,3,qokedy,H12,B,B,2,paragraph_continuation,reliable_conditioned,surface_token,qokedy,meta_L=B,H12
6079,"f84r.18,+P0",f84r,3210,4,shedy,R06,B,B,2,paragraph_continuation,reliable_conditioned,surface_token,shedy,meta_L=B,R06
6080,"f84r.18,+P0",f84r,3210,5,okedy,R00,B,B,2,paragraph_continuation,reliable_conditioned,surface_token,okedy,meta_L=B,R00
6081,"f84r.18,+P0",f84r,3210,6,shckhy,R06,B,B,2,paragraph_continuation,low_reliability_or_unassigned,,,,
6082,"f84r.18,+P0",f84r,3210,7,chckhy,R00,B,B,2,paragraph_continuation,reliable_environment_sensitive,surface_token,chckhy,global=global,R00
6083,"f84r.18,+P0",f84r,3210,8,olchey,R00,B,B,2,paragraph_continuation,low_reliability_or_unassigned,,,,
6084,"f84r.18,+P0",f84r,3210,9,schey,R06,B,B,2,paragraph_continuation,low_reliability_or_unassigned,,,,
6085,"f84r.18,+P0",f84r,3210,10,dal,R09,B,B,2,paragraph_continuation,reliable_global,surface_token,dal,global=global,R09
6086,"f84r.18,+P0",f84r,3210,11,chckhy,R00,B,B,2,paragraph_continuation,reliable_environment_sensitive,surface_token,chckhy,global=global,R00
6087,"f84r.18,+P0",f84r,3210,12,ral,R00,B,B,2,paragraph_continuation,low_reliability_or_unassigned,,,,
6088,"f84r.19,+P0",f84r,3211,1,qokey,H08,B,B,2,paragraph_continuation,low_reliability_or_unassigned,,,,
6089,"f84r.19,+P0",f84r,3211,2,sol,R06,B,B,2,paragraph_continuation,good_but_not_reliable_enough,surface_token,sol,global=global,R06
6090,"f84r.19,+P0",f84r,3211,3,yqokain,R00,B,B,2,paragraph_continuation,low_reliability_or_unassigned,,,,
6091,"f84r.19,+P0",f84r,3211,4,qolkeey,H07,B,B,2,paragraph_continuation,good_but_not_reliable_enough,stolfi_inspired_signature,G_k|S_LGEY|T_eey,global=global,R00
6092,"f84r.19,+P0",f84r,3211,5,qotedy,H17,B,B,2,paragraph_continuation,low_reliability_or_unassigned,,,,
6093,"f84r.19,+P0",f84r,3211,6,qokain,H08,B,B,2,paragraph_continuation,low_reliability_or_unassigned,,,,
6094,"f84r.19,+P0",f84r,3211,7,shedy,R06,B,B,2,paragraph_continuation,reliable_conditioned,surface_token,shedy,meta_L=B,R06
6095,"f84r.19,+P0",f84r,3211,8,salchedy,R00,B,B,2,paragraph_continuation,low_reliability_or_unassigned,,,,
6096,"f84r.29,+P0",f84r,3221,1,qokeedy,H01,B,B,2,paragraph_continuation,low_reliability_or_unassigned,,,,
6097,"f84r.29,+P0",f84r,3221,2,okeey,R06,B,B,2,paragraph_continuation,low_reliability_or_unassigned,,,,
6098,"f84r.29,+P0",f84r,3221,3,dar,R06,B,B,2,paragraph_continuation,reliable_global,surface_token,dar,global=global,R06
6099,"f84r.29,+P0",f84r,3221,4,olchedy,R00,B,B,2,paragraph_continuation,low_reliability_or_unassigned,,,,
6100,"f84r.29,+P0",f84r,3221,5,qsolkeedy,R00,B,B,2,paragraph_continuation,low_reliability_or_unassigned,,,,
6101,"f84r.29,+P0",f84r,3221,6,rar,R00,B,B,2,paragraph_continuation,low_reliability_or_unassigned,,,,
6102,"f84r.29,+P0",f84r,3221,7,checkhy,R00,B,B,2,paragraph_continuation,good_but_not_reliable_enough,broad_shape,EXGX|y,global=global,R00
6103,"f84r.29,+P0",f84r,3221,8,otar,R01,B,B,2,paragraph_continuation,low_reliability_or_unassigned,,,,
6104,"f84r.29,+P0",f84r,3221,9,chedy,R02,B,B,2,paragraph_continuation,reliable_conditioned,surface_token,chedy,meta_L=B,R02
6105,"f84r.29,+P0",f84r,3221,10,olchcthy,R04,B,B,2,paragraph_continuation,low_reliability_or_unassigned,,,,
6106,"f84r.29,+P0",f84r,3221,11,lor,R00,B,B,2,paragraph_continuation,good_but_not_reliable_enough,broad_shape,L|or,global=global,R00
6107,"f84r.3,+Ln",f84r,3195,1,ydy,R06,B,B,2,+L,low_reliability_or_unassigned,,,,
6108,"f84r.31,+P0",f84r,3223,1,ykchdar,R00,B,B,2,paragraph_continuation,low_reliability_or_unassigned,,,,
6109,"f84r.31,+P0",f84r,3223,2,or,R06,B,B,2,paragraph_continuation,reliable_global,surface_token,or,global=global,R06
6110,"f84r.31,+P0",f84r,3223,3,arar,R00,B,B,2,paragraph_continuation,low_reliability_or_unassigned,,,,
6111,"f84r.31,+P0",f84r,3223,4,shedy,R06,B,B,2,paragraph_continuation,reliable_conditioned,surface_token,shedy,meta_L=B,R06
6112,"f84r.31,+P0",f84r,3223,5,qokal,H08,B,B,2,paragraph_continuation,good_but_not_reliable_enough,surface_token,qokal,meta_H=2,H08
6113,"f84r.31,+P0",f84r,3223,6,daiin,R10,B,B,2,paragraph_continuation,good_but_not_reliable_enough,surface_token,daiin,global=global,R10
6114,"f84r.31,+P0",f84r,3223,7,shedy,R06,B,B,2,paragraph_continuation,reliable_conditioned,surface_token,shedy,meta_L=B,R06
6115,"f84r.31,+P0",f84r,3223,8,olkedy,R00,B,B,2,paragraph_continuation,low_reliability_or_unassigned,,,,
6116,"f84r.31,+P0",f84r,3223,9,qokedy,H12,B,B,2,paragraph_continuation,reliable_conditioned,surface_token,qokedy,meta_L=B,H12
6117,"f84r.31,+P0",f84r,3223,10,qoky,H01,B,B,2,paragraph_continuation,low_reliability_or_unassigned,,,,
6118,"f84r.31,+P0",f84r,3223,11,chedy,R02,B,B,2,paragraph_continuation,reliable_conditioned,surface_token,chedy,meta_L=B,R02
6119,"f84r.31,+P0",f84r,3223,12,daiin,R10,B,B,2,paragraph_continuation,good_but_not_reliable_enough,surface_token,daiin,global=global,R10
6120,"f84r.4,@Ln",f84r,3196,1,okedy,R00,B,B,2,label_or_marginal,reliable_conditioned,surface_token,okedy,meta_L=B,R00
6121,"f84r.42,+P1",f84r,3234,1,okaiin,R10,B,B,2,paragraph_continuation,reliable_global,surface_token,okaiin,global=global,R10
6122,"f84r.42,+P1",f84r,3234,2,otchdy,R00,B,B,2,paragraph_continuation,low_reliability_or_unassigned,,,,
6123,"f84r.42,+P1",f84r,3234,3,qokain,H08,B,B,2,paragraph_continuation,low_reliability_or_unassigned,,,,
6124,"f84r.42,+P1",f84r,3234,4,shedy,R06,B,B,2,paragraph_continuation,reliable_conditioned,surface_token,shedy,meta_L=B,R06
6125,"f84r.42,+P1",f84r,3234,5,qokeey,H08,B,B,2,paragraph_continuation,reliable_conditioned,surface_token,qokeey,meta_L=B,H08
6126,"f84r.42,+P1",f84r,3234,6,qotedy,H17,B,B,2,paragraph_continuation,low_reliability_or_unassigned,,,,
6127,"f84r.43,+P1",f84r,3235,1,qokain,H08,B,B,2,paragraph_continuation,low_reliability_or_unassigned,,,,
6128,"f84r.43,+P1",f84r,3235,2,otchedy,R00,B,B,2,paragraph_continuation,low_reliability_or_unassigned,,,,
6129,"f84r.43,+P1",f84r,3235,3,skeey,R06,B,B,2,paragraph_continuation,low_reliability_or_unassigned,,,,
6130,"f84r.43,+P1",f84r,3235,4,rcheky,R00,B,B,2,paragraph_continuation,low_reliability_or_unassigned,,,,
6131,"f84r.43,+P1",f84r,3235,5,dal,R09,B,B,2,paragraph_continuation,reliable_global,surface_token,dal,global=global,R09
6132,"f84r.43,+P1",f84r,3235,6,okeedy,R00,B,B,2,paragraph_continuation,reliable_conditioned,surface_token,okeedy,meta_L=B,R00
6133,"f84r.44,+P1",f84r,3236,1,ykedy,R00,B,B,2,paragraph_continuation,low_reliability_or_unassigned,,,,
6134,"f84r.44,+P1",f84r,3236,2,qotedy,H17,B,B,2,paragraph_continuation,low_reliability_or_unassigned,,,,
6135,"f84r.44,+P1",f84r,3236,3,chcthy,R04,B,B,2,paragraph_continuation,low_reliability_or_unassigned,,,,
6136,"f84r.44,+P1",f84r,3236,4,olchcthy,R04,B,B,2,paragraph_continuation,low_reliability_or_unassigned,,,,
6137,"f84r.44,+P1",f84r,3236,5,dar,R06,B,B,2,paragraph_continuation,reliable_global,surface_token,dar,global=global,R06
6138,"f84r.44,+P1",f84r,3236,6,arory,R00,B,B,2,paragraph_continuation,low_reliability_or_unassigned,,,,
6139,"f84r.46,+P1",f84r,3238,1,dedy,R06,B,B,2,paragraph_continuation,low_reliability_or_unassigned,,,,
6140,"f84r.46,+P1",f84r,3238,2,qokedy,H12,B,B,2,paragraph_continuation,reliable_conditioned,surface_token,qokedy,meta_L=B,H12
6141,"f84r.46,+P1",f84r,3238,3,ar,R06,B,B,2,paragraph_continuation,reliable_global,surface_token,ar,global=global,R06
6142,"f84r.46,+P1",f84r,3238,4,oror,R00,B,B,2,paragraph_continuation,good_but_not_reliable_enough,stolfi_inspired_signature,NG|S_OL|T_r,meta_H=2,R06
6143,"f84r.46,+P1",f84r,3238,5,okedy,R00,B,B,2,paragraph_continuation,reliable_conditioned,surface_token,okedy,meta_L=B,R00
6144,"f84r.46,+P1",f84r,3238,6,okedy,R00,B,B,2,paragraph_continuation,reliable_conditioned,surface_token,okedy,meta_L=B,R00
6145,"f84r.47,@Lt",f84r,3239,1,otaly,R00,B,B,2,label_or_marginal,low_reliability_or_unassigned,,,,
6146,"f84r.5,=Ln",f84r,3197,1,loly,R00,B,B,2,=L,low_reliability_or_unassigned,,,,
6147,"f84r.6,@Ln",f84r,3198,1,doiir,R06,B,B,2,label_or_marginal,low_reliability_or_unassigned,,,,
6148,"f84r.7,=Ln",f84r,3199,1,olshy,R00,B,B,2,=L,reliable_global,stolfi_inspired_signature,NG|S_BY|T_y,global=global,R00
6149,"f84r.8,@Ln",f84r,3200,1,otedy,R01,B,B,2,label_or_marginal,reliable_conditioned,surface_token,otedy,meta_L=B,R01
6150,"f84r.9,=Ln",f84r,3201,1,lkol,R00,B,B,2,=L,low_reliability_or_unassigned,,,,
6151,"f84v.10,+P0",f84v,3249,1,qoteed,H13,B,B,2,paragraph_continuation,low_reliability_or_unassigned,,,,
6152,"f84v.10,+P0",f84v,3249,2,otedy,R01,B,B,2,paragraph_continuation,reliable_conditioned,surface_token,otedy,meta_L=B,R01
6153,"f84v.10,+P0",f84v,3249,3,sheedy,R06,B,B,2,paragraph_continuation,reliable_environment_sensitive,surface_token,sheedy,global=global,R06
6154,"f84v.10,+P0",f84v,3249,4,qokeedy,H01,B,B,2,paragraph_continuation,low_reliability_or_unassigned,,,,
6155,"f84v.10,+P0",f84v,3249,5,qoeedy,R00,B,B,2,paragraph_continuation,low_reliability_or_unassigned,,,,
6156,"f84v.10,+P0",f84v,3249,6,okeedy,R00,B,B,2,paragraph_continuation,reliable_conditioned,surface_token,okeedy,meta_L=B,R00
6157,"f84v.10,+P0",f84v,3249,7,dam,R06,B,B,2,paragraph_continuation,good_but_not_reliable_enough,surface_token,dam,global=global,R06
6158,"f84v.12,+P0",f84v,3251,1,qokees,H08,B,B,2,paragraph_continuation,low_reliability_or_unassigned,,,,
6159,"f84v.12,+P0",f84v,3251,2,qokedy,H12,B,B,2,paragraph_continuation,reliable_conditioned,surface_token,qokedy,meta_L=B,H12
6160,"f84v.12,+P0",f84v,3251,3,otedy,R01,B,B,2,paragraph_continuation,reliable_conditioned,surface_token,otedy,meta_L=B,R01
6161,"f84v.12,+P0",f84v,3251,4,shedy,R06,B,B,2,paragraph_continuation,reliable_conditioned,surface_token,shedy,meta_L=B,R06
6162,"f84v.12,+P0",f84v,3251,5,qokedy,H12,B,B,2,paragraph_continuation,reliable_conditioned,surface_token,qokedy,meta_L=B,H12
6163,"f84v.12,+P0",f84v,3251,6,dol,R06,B,B,2,paragraph_continuation,good_but_not_reliable_enough,surface_token,dol,global=global,R06
6164,"f84v.12,+P0",f84v,3251,7,olkeedy,R00,B,B,2,paragraph_continuation,low_reliability_or_unassigned,,,,
6165,"f84v.12,+P0",f84v,3251,8,dol,R06,B,B,2,paragraph_continuation,good_but_not_reliable_enough,surface_token,dol,global=global,R06
6166,"f84v.12,+P0",f84v,3251,9,teedam,R06,B,B,2,paragraph_continuation,low_reliability_or_unassigned,,,,
6167,"f84v.13,+P0",f84v,3252,1,shedol,R06,B,B,2,paragraph_continuation,low_reliability_or_unassigned,,,,
6168,"f84v.13,+P0",f84v,3252,2,chedy,R02,B,B,2,paragraph_continuation,reliable_conditioned,surface_token,chedy,meta_L=B,R02
6169,"f84v.13,+P0",f84v,3252,3,okedy,R00,B,B,2,paragraph_continuation,reliable_conditioned,surface_token,okedy,meta_L=B,R00
6170,"f84v.13,+P0",f84v,3252,4,otal,R01,B,B,2,paragraph_continuation,low_reliability_or_unassigned,,,,
6171,"f84v.13,+P0",f84v,3252,5,chckhedy,R00,B,B,2,paragraph_continuation,low_reliability_or_unassigned,,,,
6172,"f84v.13,+P0",f84v,3252,6,qotedy,H17,B,B,2,paragraph_continuation,low_reliability_or_unassigned,,,,
6173,"f84v.13,+P0",f84v,3252,7,dokedy,R06,B,B,2,paragraph_continuation,low_reliability_or_unassigned,,,,
6174,"f84v.13,+P0",f84v,3252,8,dol,R06,B,B,2,paragraph_continuation,good_but_not_reliable_enough,surface_token,dol,global=global,R06
6175,"f84v.13,+P0",f84v,3252,9,lkeey,R00,B,B,2,paragraph_continuation,good_but_not_reliable_enough,stolfi_inspired_signature,G_k|S_LGEY|T_eey,global=global,R00
6176,"f84v.13,+P0",f84v,3252,10,qokydy,R00,B,B,2,paragraph_continuation,low_reliability_or_unassigned,,,,
6177,"f84v.14,+P0",f84v,3253,1,dshey,R06,B,B,2,paragraph_continuation,low_reliability_or_unassigned,,,,
6178,"f84v.14,+P0",f84v,3253,2,olkeey,R00,B,B,2,paragraph_continuation,low_reliability_or_unassigned,,,,
6179,"f84v.14,+P0",f84v,3253,3,dol,R06,B,B,2,paragraph_continuation,good_but_not_reliable_enough,surface_token,dol,global=global,R06
6180,"f84v.14,+P0",f84v,3253,4,ol,R06,B,B,2,paragraph_continuation,reliable_environment_sensitive,surface_token,ol,global=global,R06
6181,"f84v.14,+P0",f84v,3253,5,otedy,R01,B,B,2,paragraph_continuation,reliable_conditioned,surface_token,otedy,meta_L=B,R01
6182,"f84v.14,+P0",f84v,3253,6,okedy,R00,B,B,2,paragraph_continuation,reliable_conditioned,surface_token,okedy,meta_L=B,R00
6183,"f84v.14,+P0",f84v,3253,7,okedy,R00,B,B,2,paragraph_continuation,reliable_conditioned,surface_token,okedy,meta_L=B,R00
6184,"f84v.14,+P0",f84v,3253,8,qokedy,H12,B,B,2,paragraph_continuation,reliable_conditioned,surface_token,qokedy,meta_L=B,H12
6185,"f84v.14,+P0",f84v,3253,9,dal,R09,B,B,2,paragraph_continuation,reliable_global,surface_token,dal,global=global,R09
6186,"f84v.14,+P0",f84v,3253,10,dar,R06,B,B,2,paragraph_continuation,reliable_global,surface_token,dar,global=global,R06
6187,"f84v.14,+P0",f84v,3253,11,ol,R06,B,B,2,paragraph_continuation,reliable_environment_sensitive,surface_token,ol,global=global,R06
6188,"f84v.14,+P0",f84v,3253,12,chedy,R02,B,B,2,paragraph_continuation,reliable_conditioned,surface_token,chedy,meta_L=B,R02
6189,"f84v.14,+P0",f84v,3253,13,sain,R06,B,B,2,paragraph_continuation,reliable_global,stolfi_inspired_signature,NG|S_OEL|T_in,global=global,R06
6190,"f84v.17,+P0",f84v,3256,1,qokeey,H08,B,B,2,paragraph_continuation,reliable_conditioned,surface_token,qokeey,meta_L=B,H08
6191,"f84v.17,+P0",f84v,3256,2,otol,R01,B,B,2,paragraph_continuation,low_reliability_or_unassigned,,,,
6192,"f84v.17,+P0",f84v,3256,3,chedy,R02,B,B,2,paragraph_continuation,reliable_conditioned,surface_token,chedy,meta_L=B,R02
6193,"f84v.17,+P0",f84v,3256,4,daiin,R10,B,B,2,paragraph_continuation,good_but_not_reliable_enough,surface_token,daiin,global=global,R10
6194,"f84v.17,+P0",f84v,3256,5,dol,R06,B,B,2,paragraph_continuation,good_but_not_reliable_enough,surface_token,dol,global=global,R06
6195,"f84v.17,+P0",f84v,3256,6,sheedy,R06,B,B,2,paragraph_continuation,reliable_environment_sensitive,surface_token,sheedy,global=global,R06
6196,"f84v.17,+P0",f84v,3256,7,chedy,R02,B,B,2,paragraph_continuation,reliable_conditioned,surface_token,chedy,meta_L=B,R02
6197,"f84v.17,+P0",f84v,3256,8,okedy,R00,B,B,2,paragraph_continuation,reliable_conditioned,surface_token,okedy,meta_L=B,R00
6198,"f84v.17,+P0",f84v,3256,9,rkchdy,R00,B,B,2,paragraph_continuation,low_reliability_or_unassigned,,,,
6199,"f84v.17,+P0",f84v,3256,10,kol,R06,B,B,2,paragraph_continuation,low_reliability_or_unassigned,,,,
6200,"f84v.17,+P0",f84v,3256,11,koldy,R06,B,B,2,paragraph_continuation,low_reliability_or_unassigned,,,,
6201,"f84v.18,+P0",f84v,3257,1,dsheey,R06,B,B,2,paragraph_continuation,low_reliability_or_unassigned,,,,
6202,"f84v.18,+P0",f84v,3257,2,qokeedy,H01,B,B,2,paragraph_continuation,low_reliability_or_unassigned,,,,
6203,"f84v.18,+P0",f84v,3257,3,ykedy,R00,B,B,2,paragraph_continuation,low_reliability_or_unassigned,,,,
6204,"f84v.18,+P0",f84v,3257,4,qokor,H08,B,B,2,paragraph_continuation,low_reliability_or_unassigned,,,,
6205,"f84v.18,+P0",f84v,3257,5,shedy,R06,B,B,2,paragraph_continuation,reliable_conditioned,surface_token,shedy,meta_L=B,R06
6206,"f84v.18,+P0",f84v,3257,6,qoky,H01,B,B,2,paragraph_continuation,low_reliability_or_unassigned,,,,
6207,"f84v.18,+P0",f84v,3257,7,dol,R06,B,B,2,paragraph_continuation,good_but_not_reliable_enough,surface_token,dol,global=global,R06
6208,"f84v.18,+P0",f84v,3257,8,shckhy,R06,B,B,2,paragraph_continuation,low_reliability_or_unassigned,,,,
6209,"f84v.18,+P0",f84v,3257,9,qokain,H08,B,B,2,paragraph_continuation,low_reliability_or_unassigned,,,,
6210,"f84v.18,+P0",f84v,3257,10,ol,R06,B,B,2,paragraph_continuation,reliable_environment_sensitive,surface_token,ol,global=global,R06
6211,"f84v.18,+P0",f84v,3257,11,koldy,R06,B,B,2,paragraph_continuation,low_reliability_or_unassigned,,,,
6212,"f84v.2,+P1",f84v,3241,1,soiin,R06,B,B,2,paragraph_continuation,low_reliability_or_unassigned,,,,
6213,"f84v.2,+P1",f84v,3241,2,okeeey,R00,B,B,2,paragraph_continuation,low_reliability_or_unassigned,,,,
6214,"f84v.2,+P1",f84v,3241,3,sol,R06,B,B,2,paragraph_continuation,good_but_not_reliable_enough,surface_token,sol,global=global,R06
6215,"f84v.2,+P1",f84v,3241,4,okaly,R00,B,B,2,paragraph_continuation,low_reliability_or_unassigned,,,,
6216,"f84v.22,+P0",f84v,3261,1,oshey,R00,B,B,2,paragraph_continuation,low_reliability_or_unassigned,,,,
6217,"f84v.22,+P0",f84v,3261,2,tedy,R06,B,B,2,paragraph_continuation,low_reliability_or_unassigned,,,,
6218,"f84v.22,+P0",f84v,3261,3,okain,R10,B,B,2,paragraph_continuation,reliable_global,surface_token,okain,global=global,R10
6219,"f84v.22,+P0",f84v,3261,4,shey,R06,B,B,2,paragraph_continuation,reliable_global,stolfi_inspired_signature,NG|S_EY|T_y,global=global,R06
6220,"f84v.22,+P0",f84v,3261,5,qokedy,H12,B,B,2,paragraph_continuation,reliable_conditioned,surface_token,qokedy,meta_L=B,H12
6221,"f84v.22,+P0",f84v,3261,6,kchdy,R06,B,B,2,paragraph_continuation,low_reliability_or_unassigned,,,,
6222,"f84v.22,+P0",f84v,3261,7,okedy,R00,B,B,2,paragraph_continuation,reliable_conditioned,surface_token,okedy,meta_L=B,R00
6223,"f84v.22,+P0",f84v,3261,8,okey,R00,B,B,2,paragraph_continuation,low_reliability_or_unassigned,,,,
6224,"f84v.22,+P0",f84v,3261,9,dy,R02,B,B,2,paragraph_continuation,low_reliability_or_unassigned,,,,
6225,"f84v.22,+P0",f84v,3261,10,okedy,R00,B,B,2,paragraph_continuation,reliable_conditioned,surface_token,okedy,meta_L=B,R00
6226,"f84v.22,+P0",f84v,3261,11,olshdy,R00,B,B,2,paragraph_continuation,low_reliability_or_unassigned,,,,
6227,"f84v.24,+P0",f84v,3263,1,ycheey,R06,B,B,2,paragraph_continuation,low_reliability_or_unassigned,,,,
6228,"f84v.24,+P0",f84v,3263,2,okeedy,R00,B,B,2,paragraph_continuation,reliable_conditioned,surface_token,okeedy,meta_L=B,R00
6229,"f84v.24,+P0",f84v,3263,3,olkain,R00,B,B,2,paragraph_continuation,low_reliability_or_unassigned,,,,
6230,"f84v.24,+P0",f84v,3263,4,olchey,R00,B,B,2,paragraph_continuation,low_reliability_or_unassigned,,,,
6231,"f84v.24,+P0",f84v,3263,5,saiin,R06,B,B,2,paragraph_continuation,reliable_conditioned,surface_token,saiin,meta_L=B,R06
6232,"f84v.24,+P0",f84v,3263,6,oly,R06,B,B,2,paragraph_continuation,good_but_not_reliable_enough,surface_token,oly,global=global,R06
6233,"f84v.26,+P0",f84v,3265,1,ol,R06,B,B,2,paragraph_continuation,reliable_environment_sensitive,surface_token,ol,global=global,R06
6234,"f84v.26,+P0",f84v,3265,2,qokar,R03,B,B,2,paragraph_continuation,reliable_conditioned,surface_token,qokar,meta_L=B,R03
6235,"f84v.26,+P0",f84v,3265,3,shdy,R06,B,B,2,paragraph_continuation,low_reliability_or_unassigned,,,,
6236,"f84v.26,+P0",f84v,3265,4,qol,R00,B,B,2,paragraph_continuation,low_reliability_or_unassigned,,,,
6237,"f84v.26,+P0",f84v,3265,5,otedy,R01,B,B,2,paragraph_continuation,reliable_conditioned,surface_token,otedy,meta_L=B,R01
6238,"f84v.26,+P0",f84v,3265,6,olchedy,R00,B,B,2,paragraph_continuation,low_reliability_or_unassigned,,,,
6239,"f84v.27,+P0",f84v,3266,1,y,R06,B,B,2,paragraph_continuation,reliable_global,surface_token,y,global=global,R06
6240,"f84v.27,+P0",f84v,3266,2,or,R06,B,B,2,paragraph_continuation,reliable_global,surface_token,or,global=global,R06
6241,"f84v.27,+P0",f84v,3266,3,shedy,R06,B,B,2,paragraph_continuation,reliable_conditioned,surface_token,shedy,meta_L=B,R06
6242,"f84v.27,+P0",f84v,3266,4,qolkeedy,H21,B,B,2,paragraph_continuation,low_reliability_or_unassigned,,,,
6243,"f84v.27,+P0",f84v,3266,5,olchedy,R00,B,B,2,paragraph_continuation,low_reliability_or_unassigned,,,,
6244,"f84v.27,+P0",f84v,3266,6,olkal,R00,B,B,2,paragraph_continuation,low_reliability_or_unassigned,,,,
6245,"f84v.28,+P0",f84v,3267,1,dal,R09,B,B,2,paragraph_continuation,reliable_global,surface_token,dal,global=global,R09
6246,"f84v.28,+P0",f84v,3267,2,shedy,R06,B,B,2,paragraph_continuation,reliable_conditioned,surface_token,shedy,meta_L=B,R06
6247,"f84v.28,+P0",f84v,3267,3,qokedy,H12,B,B,2,paragraph_continuation,reliable_conditioned,surface_token,qokedy,meta_L=B,H12
6248,"f84v.28,+P0",f84v,3267,4,shedy,R06,B,B,2,paragraph_continuation,reliable_conditioned,surface_token,shedy,meta_L=B,R06
6249,"f84v.28,+P0",f84v,3267,5,dain,R06,B,B,2,paragraph_continuation,reliable_global,stolfi_inspired_signature,NG|S_OEL|T_in,global=global,R06
6250,"f84v.28,+P0",f84v,3267,6,daiin,R10,B,B,2,paragraph_continuation,good_but_not_reliable_enough,surface_token,daiin,global=global,R10
6251,"f84v.29,+P0",f84v,3268,1,sain,R06,B,B,2,paragraph_continuation,reliable_global,stolfi_inspired_signature,NG|S_OEL|T_in,global=global,R06
6252,"f84v.29,+P0",f84v,3268,2,shedy,R06,B,B,2,paragraph_continuation,reliable_conditioned,surface_token,shedy,meta_L=B,R06
6253,"f84v.29,+P0",f84v,3268,3,qokeey,H08,B,B,2,paragraph_continuation,reliable_conditioned,surface_token,qokeey,meta_L=B,H08
6254,"f84v.29,+P0",f84v,3268,4,daiin,R10,B,B,2,paragraph_continuation,good_but_not_reliable_enough,surface_token,daiin,global=global,R10
6255,"f84v.29,+P0",f84v,3268,5,okedy,R00,B,B,2,paragraph_continuation,reliable_conditioned,surface_token,okedy,meta_L=B,R00
6256,"f84v.29,+P0",f84v,3268,6,oldy,R00,B,B,2,paragraph_continuation,low_reliability_or_unassigned,,,,
6257,"f84v.31,+P0",f84v,3270,1,chal,R00,B,B,2,paragraph_continuation,low_reliability_or_unassigned,,,,
6258,"f84v.31,+P0",f84v,3270,2,daiin,R10,B,B,2,paragraph_continuation,good_but_not_reliable_enough,surface_token,daiin,global=global,R10
6259,"f84v.31,+P0",f84v,3270,3,otal,R01,B,B,2,paragraph_continuation,low_reliability_or_unassigned,,,,
6260,"f84v.31,+P0",f84v,3270,4,chdy,R02,B,B,2,paragraph_continuation,reliable_conditioned,surface_token,chdy,meta_L=B,R02
6261,"f84v.31,+P0",f84v,3270,5,otal,R01,B,B,2,paragraph_continuation,low_reliability_or_unassigned,,,,
6262,"f84v.31,+P0",f84v,3270,6,chckhor,R00,B,B,2,paragraph_continuation,low_reliability_or_unassigned,,,,
6263,"f84v.31,+P0",f84v,3270,7,aly,R00,B,B,2,paragraph_continuation,low_reliability_or_unassigned,,,,
6264,"f84v.32,+P0",f84v,3271,1,qokedy,H12,B,B,2,paragraph_continuation,reliable_conditioned,surface_token,qokedy,meta_L=B,H12
6265,"f84v.32,+P0",f84v,3271,2,shey,R06,B,B,2,paragraph_continuation,reliable_global,stolfi_inspired_signature,NG|S_EY|T_y,global=global,R06
6266,"f84v.32,+P0",f84v,3271,3,kal,R06,B,B,2,paragraph_continuation,low_reliability_or_unassigned,,,,
6267,"f84v.32,+P0",f84v,3271,4,okedy,R00,B,B,2,paragraph_continuation,reliable_conditioned,surface_token,okedy,meta_L=B,R00
6268,"f84v.32,+P0",f84v,3271,5,yfchedy,R00,B,B,2,paragraph_continuation,low_reliability_or_unassigned,,,,
6269,"f84v.32,+P0",f84v,3271,6,tedy,R06,B,B,2,paragraph_continuation,low_reliability_or_unassigned,,,,
6270,"f84v.32,+P0",f84v,3271,7,lolor,R00,B,B,2,paragraph_continuation,low_reliability_or_unassigned,,,,
6271,"f84v.33,+P0",f84v,3272,1,shedy,R06,B,B,2,paragraph_continuation,reliable_conditioned,surface_token,shedy,meta_L=B,R06
6272,"f84v.33,+P0",f84v,3272,2,qokey,H08,B,B,2,paragraph_continuation,low_reliability_or_unassigned,,,,
6273,"f84v.33,+P0",f84v,3272,3,qokedy,H12,B,B,2,paragraph_continuation,reliable_conditioned,surface_token,qokedy,meta_L=B,H12
6274,"f84v.33,+P0",f84v,3272,4,chey,R06,B,B,2,paragraph_continuation,reliable_global,stolfi_inspired_signature,NG|S_EY|T_y,global=global,R06
6275,"f84v.33,+P0",f84v,3272,5,dar,R06,B,B,2,paragraph_continuation,reliable_global,surface_token,dar,global=global,R06
6276,"f84v.33,+P0",f84v,3272,6,okey,R00,B,B,2,paragraph_continuation,low_reliability_or_unassigned,,,,
6277,"f84v.33,+P0",f84v,3272,7,okeshy,R00,B,B,2,paragraph_continuation,low_reliability_or_unassigned,,,,
6278,"f84v.33,+P0",f84v,3272,8,olchy,R00,B,B,2,paragraph_continuation,reliable_global,stolfi_inspired_signature,NG|S_BY|T_y,global=global,R00
6279,"f84v.34,+P0",f84v,3273,1,qokain,H08,B,B,2,paragraph_continuation,low_reliability_or_unassigned,,,,
6280,"f84v.34,+P0",f84v,3273,2,ol,R06,B,B,2,paragraph_continuation,reliable_environment_sensitive,surface_token,ol,global=global,R06
6281,"f84v.34,+P0",f84v,3273,3,chedy,R02,B,B,2,paragraph_continuation,reliable_conditioned,surface_token,chedy,meta_L=B,R02
6282,"f84v.34,+P0",f84v,3273,4,alchey,R00,B,B,2,paragraph_continuation,low_reliability_or_unassigned,,,,
6283,"f84v.34,+P0",f84v,3273,5,sal,R06,B,B,2,paragraph_continuation,low_reliability_or_unassigned,,,,
6284,"f84v.34,+P0",f84v,3273,6,or,R06,B,B,2,paragraph_continuation,reliable_global,surface_token,or,global=global,R06
6285,"f84v.34,+P0",f84v,3273,7,chdy,R02,B,B,2,paragraph_continuation,reliable_conditioned,surface_token,chdy,meta_L=B,R02
6286,"f84v.34,+P0",f84v,3273,8,dchey,R06,B,B,2,paragraph_continuation,low_reliability_or_unassigned,,,,
6287,"f84v.34,+P0",f84v,3273,9,okey,R00,B,B,2,paragraph_continuation,low_reliability_or_unassigned,,,,
6288,"f84v.34,+P0",f84v,3273,10,lchy,R00,B,B,2,paragraph_continuation,low_reliability_or_unassigned,,,,
6289,"f84v.38,+P0",f84v,3277,1,qokchey,H08,B,B,2,paragraph_continuation,low_reliability_or_unassigned,,,,
6290,"f84v.38,+P0",f84v,3277,2,qokeedy,H01,B,B,2,paragraph_continuation,low_reliability_or_unassigned,,,,
6291,"f84v.38,+P0",f84v,3277,3,okedy,R00,B,B,2,paragraph_continuation,reliable_conditioned,surface_token,okedy,meta_L=B,R00
6292,"f84v.38,+P0",f84v,3277,4,dolor,R06,B,B,2,paragraph_continuation,low_reliability_or_unassigned,,,,
6293,"f84v.38,+P0",f84v,3277,5,ol,R06,B,B,2,paragraph_continuation,reliable_environment_sensitive,surface_token,ol,global=global,R06
6294,"f84v.38,+P0",f84v,3277,6,chedy,R02,B,B,2,paragraph_continuation,reliable_conditioned,surface_token,chedy,meta_L=B,R02
6295,"f84v.38,+P0",f84v,3277,7,oteol,R01,B,B,2,paragraph_continuation,low_reliability_or_unassigned,,,,
6296,"f84v.38,+P0",f84v,3277,8,olol,R00,B,B,2,paragraph_continuation,low_reliability_or_unassigned,,,,
6297,"f84v.39,+P0",f84v,3278,1,lshedy,R00,B,B,2,paragraph_continuation,reliable_conditioned,broad_shape,LB|edy,meta_L=B,R00
6298,"f84v.39,+P0",f84v,3278,2,qol,R00,B,B,2,paragraph_continuation,low_reliability_or_unassigned,,,,
6299,"f84v.39,+P0",f84v,3278,3,aiin,R06,B,B,2,paragraph_continuation,reliable_environment_sensitive,surface_token,aiin,global=global,R06
6300,"f84v.39,+P0",f84v,3278,4,okey,R00,B,B,2,paragraph_continuation,low_reliability_or_unassigned,,,,
6301,"f84v.39,+P0",f84v,3278,5,olchey,R00,B,B,2,paragraph_continuation,low_reliability_or_unassigned,,,,
6302,"f84v.39,+P0",f84v,3278,6,lchey,R00,B,B,2,paragraph_continuation,low_reliability_or_unassigned,,,,
6303,"f84v.39,+P0",f84v,3278,7,olshedy,R00,B,B,2,paragraph_continuation,low_reliability_or_unassigned,,,,
6304,"f84v.39,+P0",f84v,3278,8,shckhy,R06,B,B,2,paragraph_continuation,low_reliability_or_unassigned,,,,
6305,"f84v.39,+P0",f84v,3278,9,soly,R06,B,B,2,paragraph_continuation,low_reliability_or_unassigned,,,,
6306,"f84v.43,+Pb",f84v,3282,1,ydairol,R00,B,B,2,paragraph_continuation,low_reliability_or_unassigned,,,,
6307,"f84v.44,+Pb",f84v,3283,1,ychckhy,R00,B,B,2,paragraph_continuation,low_reliability_or_unassigned,,,,
6308,"f84v.45,+Pb",f84v,3284,1,dshedy,R06,B,B,2,paragraph_continuation,low_reliability_or_unassigned,,,,
6309,"f84v.46,@Pb",f84v,3285,1,okchdy,R00,B,B,2,paragraph_start,low_reliability_or_unassigned,,,,
6310,"f84v.47,+Pb",f84v,3286,1,solchey,R00,B,B,2,paragraph_continuation,low_reliability_or_unassigned,,,,
6311,"f84v.49,+Pb",f84v,3288,1,darchy,R06,B,B,2,paragraph_continuation,low_reliability_or_unassigned,,,,
6312,"f84v.51,+Pb",f84v,3290,1,ochedy,R00,B,B,2,paragraph_continuation,low_reliability_or_unassigned,,,,
6313,"f84v.6,+P0",f84v,3245,1,ykeedy,R00,B,B,2,paragraph_continuation,low_reliability_or_unassigned,,,,
6314,"f84v.6,+P0",f84v,3245,2,qoeedy,R00,B,B,2,paragraph_continuation,low_reliability_or_unassigned,,,,
6315,"f84v.6,+P0",f84v,3245,3,olkeey,R00,B,B,2,paragraph_continuation,low_reliability_or_unassigned,,,,
6316,"f84v.6,+P0",f84v,3245,4,sheky,R06,B,B,2,paragraph_continuation,low_reliability_or_unassigned,,,,
6317,"f84v.6,+P0",f84v,3245,5,qokeey,H08,B,B,2,paragraph_continuation,reliable_conditioned,surface_token,qokeey,meta_L=B,H08
6318,"f84v.7,+P0",f84v,3246,1,poiin,R06,B,B,2,paragraph_continuation,low_reliability_or_unassigned,,,,
6319,"f84v.7,+P0",f84v,3246,2,olkedy,R00,B,B,2,paragraph_continuation,low_reliability_or_unassigned,,,,
6320,"f84v.7,+P0",f84v,3246,3,okedy,R00,B,B,2,paragraph_continuation,reliable_conditioned,surface_token,okedy,meta_L=B,R00
6321,"f84v.7,+P0",f84v,3246,4,qoky,H01,B,B,2,paragraph_continuation,low_reliability_or_unassigned,,,,
6322,"f84v.7,+P0",f84v,3246,5,okdy,R00,B,B,2,paragraph_continuation,low_reliability_or_unassigned,,,,
6323,"f84v.7,+P0",f84v,3246,6,qokey,H08,B,B,2,paragraph_continuation,low_reliability_or_unassigned,,,,
6324,"f84v.8,+P0",f84v,3247,1,qokedy,H12,B,B,2,paragraph_continuation,reliable_conditioned,surface_token,qokedy,meta_L=B,H12
6325,"f84v.8,+P0",f84v,3247,2,okedy,R00,B,B,2,paragraph_continuation,reliable_conditioned,surface_token,okedy,meta_L=B,R00
6326,"f84v.8,+P0",f84v,3247,3,qokeedy,H01,B,B,2,paragraph_continuation,low_reliability_or_unassigned,,,,
6327,"f84v.8,+P0",f84v,3247,4,okeedy,R00,B,B,2,paragraph_continuation,reliable_conditioned,surface_token,okeedy,meta_L=B,R00
6328,"f84v.8,+P0",f84v,3247,5,shedy,R06,B,B,2,paragraph_continuation,reliable_conditioned,surface_token,shedy,meta_L=B,R06
6329,"f84v.8,+P0",f84v,3247,6,qoky,H01,B,B,2,paragraph_continuation,low_reliability_or_unassigned,,,,
6330,"f84v.9,+P0",f84v,3248,1,eol,R00,B,B,2,paragraph_continuation,low_reliability_or_unassigned,,,,
6331,"f84v.9,+P0",f84v,3248,2,qolchey,H07,B,B,2,paragraph_continuation,low_reliability_or_unassigned,,,,
6332,"f84v.9,+P0",f84v,3248,3,okeedy,R00,B,B,2,paragraph_continuation,reliable_conditioned,surface_token,okeedy,meta_L=B,R00
6333,"f84v.9,+P0",f84v,3248,4,saiin,R06,B,B,2,paragraph_continuation,reliable_conditioned,surface_token,saiin,meta_L=B,R06
6334,"f84v.9,+P0",f84v,3248,5,okeedy,R00,B,B,2,paragraph_continuation,reliable_conditioned,surface_token,okeedy,meta_L=B,R00
6335,"f84v.9,+P0",f84v,3248,6,chkeedy,R00,B,B,2,paragraph_continuation,low_reliability_or_unassigned,,,,
6336,"f85r1.19,+Pr",f85r1,3309,1,okchy,R00,T,B,2,paragraph_continuation,low_reliability_or_unassigned,,,,
6337,"f85r1.19,+Pr",f85r1,3309,2,okchdy,R00,T,B,2,paragraph_continuation,low_reliability_or_unassigned,,,,
6338,"f85r1.19,+Pr",f85r1,3309,3,otchedy,R00,T,B,2,paragraph_continuation,low_reliability_or_unassigned,,,,
6339,"f85r1.19,+Pr",f85r1,3309,4,dam,R06,T,B,2,paragraph_continuation,good_but_not_reliable_enough,surface_token,dam,global=global,R06
6340,"f85r1.19,+Pr",f85r1,3309,5,lam,R00,T,B,2,paragraph_continuation,low_reliability_or_unassigned,,,,
6341,"f85r1.7,+P0",f85r1,3297,1,pchedy,R06,T,B,2,paragraph_continuation,low_reliability_or_unassigned,,,,
6342,"f85r1.7,+P0",f85r1,3297,2,oraiin,R10,T,B,2,paragraph_continuation,low_reliability_or_unassigned,,,,
6343,"f85r1.7,+P0",f85r1,3297,3,shefchdy,R00,T,B,2,paragraph_continuation,low_reliability_or_unassigned,,,,
6344,"f85r1.7,+P0",f85r1,3297,4,qopar,H07,T,B,2,paragraph_continuation,low_reliability_or_unassigned,,,,
6345,"f85r1.7,+P0",f85r1,3297,5,sheedy,R06,T,B,2,paragraph_continuation,reliable_environment_sensitive,surface_token,sheedy,global=global,R06
6346,"f85r1.7,+P0",f85r1,3297,6,qokedy,H12,T,B,2,paragraph_continuation,reliable_conditioned,surface_token,qokedy,meta_L=B,H12
6347,"f85r1.7,+P0",f85r1,3297,7,qotchedy,H15,T,B,2,paragraph_continuation,low_reliability_or_unassigned,,,,
6348,"f85r1.7,+P0",f85r1,3297,8,kchdar,R06,T,B,2,paragraph_continuation,low_reliability_or_unassigned,,,,
6349,"f85r1.7,+P0",f85r1,3297,9,ypchdyldo,R00,T,B,2,paragraph_continuation,low_reliability_or_unassigned,,,,
6350,"f85r1.8,+P0",f85r1,3298,1,daiin,R10,T,B,2,paragraph_continuation,good_but_not_reliable_enough,surface_token,daiin,global=global,R10
6351,"f85r1.8,+P0",f85r1,3298,2,chckhdy,R00,T,B,2,paragraph_continuation,low_reliability_or_unassigned,,,,
6352,"f85r1.8,+P0",f85r1,3298,3,qotchdy,H14,T,B,2,paragraph_continuation,low_reliability_or_unassigned,,,,
6353,"f85r1.8,+P0",f85r1,3298,4,opchsd,R00,T,B,2,paragraph_continuation,low_reliability_or_unassigned,,,,
6354,"f85r1.8,+P0",f85r1,3298,5,qokchdy,H09,T,B,2,paragraph_continuation,low_reliability_or_unassigned,,,,
6355,"f85r1.8,+P0",f85r1,3298,6,otchy,R01,T,B,2,paragraph_continuation,low_reliability_or_unassigned,,,,
6356,"f85r1.8,+P0",f85r1,3298,7,qodal,R09,T,B,2,paragraph_continuation,low_reliability_or_unassigned,,,,
6357,"f85r1.8,+P0",f85r1,3298,8,daiin,R10,T,B,2,paragraph_continuation,good_but_not_reliable_enough,surface_token,daiin,global=global,R10
6358,"f85r1.8,+P0",f85r1,3298,9,dal,R09,T,B,2,paragraph_continuation,reliable_global,surface_token,dal,global=global,R09
6359,"f85r1.8,+P0",f85r1,3298,10,shdar,R06,T,B,2,paragraph_continuation,low_reliability_or_unassigned,,,,
6360,"f85r1.8,+P0",f85r1,3298,11,oram,R00,T,B,2,paragraph_continuation,low_reliability_or_unassigned,,,,
6361,"f85r2.23,+Pb",f85r2,3348,1,ol,R06,C,B,2,paragraph_continuation,reliable_environment_sensitive,surface_token,ol,global=global,R06
6362,"f85r2.23,+Pb",f85r2,3348,2,lcheol,R00,C,B,2,paragraph_continuation,low_reliability_or_unassigned,,,,
6363,"f85r2.23,+Pb",f85r2,3348,3,chol,R07,C,B,2,paragraph_continuation,low_reliability_or_unassigned,,,,
6364,"f85r2.23,+Pb",f85r2,3348,4,ol,R06,C,B,2,paragraph_continuation,reliable_environment_sensitive,surface_token,ol,global=global,R06
6365,"f85r2.23,+Pb",f85r2,3348,5,sheoly,R06,C,B,2,paragraph_continuation,low_reliability_or_unassigned,,,,
6366,"f85r2.7,@Pb",f85r2,3332,1,pchedeey,R00,C,B,2,paragraph_start,low_reliability_or_unassigned,,,,
6367,"f85r2.7,@Pb",f85r2,3332,2,olkey,R00,C,B,2,paragraph_start,low_reliability_or_unassigned,,,,
6368,"f85r2.7,@Pb",f85r2,3332,3,qokedy,H12,C,B,2,paragraph_start,reliable_conditioned,surface_token,qokedy,meta_L=B,H12
6369,"f85r2.7,@Pb",f85r2,3332,4,sheos,R06,C,B,2,paragraph_start,low_reliability_or_unassigned,,,,
6370,"f85r2.7,@Pb",f85r2,3332,5,fcheey,R06,C,B,2,paragraph_start,low_reliability_or_unassigned,,,,
6371,"f86v3.1,@Pb",f86v3,3603,1,tchedy,R06,C,B,2,paragraph_start,low_reliability_or_unassigned,,,,
6372,"f86v3.1,@Pb",f86v3,3603,2,qokeedy,H01,C,B,2,paragraph_start,low_reliability_or_unassigned,,,,
6373,"f86v3.1,@Pb",f86v3,3603,3,qoedy,R00,C,B,2,paragraph_start,low_reliability_or_unassigned,,,,
6374,"f86v3.1,@Pb",f86v3,3603,4,qopchy,H07,C,B,2,paragraph_start,low_reliability_or_unassigned,,,,
6375,"f86v3.1,@Pb",f86v3,3603,5,raiin,R00,C,B,2,paragraph_start,low_reliability_or_unassigned,,,,
6376,"f86v3.1,@Pb",f86v3,3603,6,olpchey,R00,C,B,2,paragraph_start,low_reliability_or_unassigned,,,,
6377,"f86v3.1,@Pb",f86v3,3603,7,qokaiin,H08,C,B,2,paragraph_start,reliable_conditioned,surface_token,qokaiin,meta_L=B,H08
6378,"f86v3.10,+Pb",f86v3,3612,1,ychey,R06,C,B,2,paragraph_continuation,low_reliability_or_unassigned,,,,
6379,"f86v3.10,+Pb",f86v3,3612,2,olkeeey,R00,C,B,2,paragraph_continuation,low_reliability_or_unassigned,,,,
6380,"f86v3.10,+Pb",f86v3,3612,3,qotchedy,H15,C,B,2,paragraph_continuation,low_reliability_or_unassigned,,,,
6381,"f86v3.10,+Pb",f86v3,3612,4,qokeey,H08,C,B,2,paragraph_continuation,reliable_conditioned,surface_token,qokeey,meta_L=B,H08
6382,"f86v3.10,+Pb",f86v3,3612,5,qotchedar,H13,C,B,2,paragraph_continuation,low_reliability_or_unassigned,,,,
6383,"f86v3.10,+Pb",f86v3,3612,6,sheedy,R06,C,B,2,paragraph_continuation,reliable_environment_sensitive,surface_token,sheedy,global=global,R06
6384,"f86v3.10,+Pb",f86v3,3612,7,qokaiin,H08,C,B,2,paragraph_continuation,reliable_conditioned,surface_token,qokaiin,meta_L=B,H08
6385,"f86v3.10,+Pb",f86v3,3612,8,qokedy,H12,C,B,2,paragraph_continuation,reliable_conditioned,surface_token,qokedy,meta_L=B,H12
6386,"f86v3.10,+Pb",f86v3,3612,9,ykaiin,R06,C,B,2,paragraph_continuation,low_reliability_or_unassigned,,,,
6387,"f86v3.10,+Pb",f86v3,3612,10,qotaiior,H13,C,B,2,paragraph_continuation,low_reliability_or_unassigned,,,,
6388,"f86v3.10,+Pb",f86v3,3612,11,am,R06,C,B,2,paragraph_continuation,low_reliability_or_unassigned,,,,
6389,"f86v3.14,+Pb",f86v3,3616,1,ar,R06,C,B,2,paragraph_continuation,reliable_global,surface_token,ar,global=global,R06
6390,"f86v3.14,+Pb",f86v3,3616,2,aiin,R06,C,B,2,paragraph_continuation,reliable_environment_sensitive,surface_token,aiin,global=global,R06
6391,"f86v3.14,+Pb",f86v3,3616,3,shodain,R05,C,B,2,paragraph_continuation,low_reliability_or_unassigned,,,,
6392,"f86v3.14,+Pb",f86v3,3616,4,shor,R06,C,B,2,paragraph_continuation,good_but_not_reliable_enough,stolfi_inspired_signature,NG|S_OL|T_r,meta_H=2,R06
6393,"f86v3.14,+Pb",f86v3,3616,5,chalkar,R00,C,B,2,paragraph_continuation,low_reliability_or_unassigned,,,,
6394,"f86v3.14,+Pb",f86v3,3616,6,shekshol,R08,C,B,2,paragraph_continuation,low_reliability_or_unassigned,,,,
6395,"f86v3.14,+Pb",f86v3,3616,7,okchor,R00,C,B,2,paragraph_continuation,low_reliability_or_unassigned,,,,
6396,"f86v3.17,+P0",f86v3,3619,1,dsheody,R00,C,B,2,paragraph_continuation,low_reliability_or_unassigned,,,,
6397,"f86v3.17,+P0",f86v3,3619,2,qokchey,H08,C,B,2,paragraph_continuation,low_reliability_or_unassigned,,,,
6398,"f86v3.17,+P0",f86v3,3619,3,dal,R09,C,B,2,paragraph_continuation,reliable_global,surface_token,dal,global=global,R09
6399,"f86v3.17,+P0",f86v3,3619,4,or,R06,C,B,2,paragraph_continuation,reliable_global,surface_token,or,global=global,R06
6400,"f86v3.17,+P0",f86v3,3619,5,odaiin,R10,C,B,2,paragraph_continuation,low_reliability_or_unassigned,,,,
6401,"f86v3.17,+P0",f86v3,3619,6,sar,R06,C,B,2,paragraph_continuation,good_but_not_reliable_enough,stolfi_inspired_signature,NG|S_OL|T_r,meta_H=2,R06
6402,"f86v3.20,+P0",f86v3,3622,1,lshodair,R00,C,B,2,paragraph_continuation,low_reliability_or_unassigned,,,,
6403,"f86v3.20,+P0",f86v3,3622,2,ykcho,R06,C,B,2,paragraph_continuation,low_reliability_or_unassigned,,,,
6404,"f86v3.20,+P0",f86v3,3622,3,dar,R06,C,B,2,paragraph_continuation,reliable_global,surface_token,dar,global=global,R06
6405,"f86v3.20,+P0",f86v3,3622,4,chody,R00,C,B,2,paragraph_continuation,reliable_global,broad_shape,O|dy,global=global,R00
6406,"f86v3.20,+P0",f86v3,3622,5,ykeeody,R00,C,B,2,paragraph_continuation,low_reliability_or_unassigned,,,,
6407,"f86v3.20,+P0",f86v3,3622,6,qochey,H07,C,B,2,paragraph_continuation,low_reliability_or_unassigned,,,,
6408,"f86v3.20,+P0",f86v3,3622,7,chckhey,R00,C,B,2,paragraph_continuation,low_reliability_or_unassigned,,,,
6409,"f86v3.20,+P0",f86v3,3622,8,lkarary,R00,C,B,2,paragraph_continuation,low_reliability_or_unassigned,,,,
6410,"f86v3.21,+P0",f86v3,3623,1,dshedy,R06,C,B,2,paragraph_continuation,low_reliability_or_unassigned,,,,
6411,"f86v3.21,+P0",f86v3,3623,2,kshey,R06,C,B,2,paragraph_continuation,low_reliability_or_unassigned,,,,
6412,"f86v3.21,+P0",f86v3,3623,3,tchdy,R06,C,B,2,paragraph_continuation,low_reliability_or_unassigned,,,,
6413,"f86v3.21,+P0",f86v3,3623,4,shdy,R06,C,B,2,paragraph_continuation,low_reliability_or_unassigned,,,,
6414,"f86v3.21,+P0",f86v3,3623,5,ralkchedy,R00,C,B,2,paragraph_continuation,low_reliability_or_unassigned,,,,
6415,"f86v3.21,+P0",f86v3,3623,6,ytchol,R06,C,B,2,paragraph_continuation,low_reliability_or_unassigned,,,,
6416,"f86v3.21,+P0",f86v3,3623,7,qoty,H01,C,B,2,paragraph_continuation,low_reliability_or_unassigned,,,,
6417,"f86v3.21,+P0",f86v3,3623,8,okshy,R00,C,B,2,paragraph_continuation,low_reliability_or_unassigned,,,,
6418,"f86v3.21,+P0",f86v3,3623,9,tam,R06,C,B,2,paragraph_continuation,low_reliability_or_unassigned,,,,
6419,"f86v3.22,+P0",f86v3,3624,1,ytchdy,R00,C,B,2,paragraph_continuation,low_reliability_or_unassigned,,,,
6420,"f86v3.22,+P0",f86v3,3624,2,dar,R06,C,B,2,paragraph_continuation,reliable_global,surface_token,dar,global=global,R06
6421,"f86v3.22,+P0",f86v3,3624,3,sholor,R06,C,B,2,paragraph_continuation,low_reliability_or_unassigned,,,,
6422,"f86v3.22,+P0",f86v3,3624,4,alor,R00,C,B,2,paragraph_continuation,low_reliability_or_unassigned,,,,
6423,"f86v3.23,@Pb",f86v3,3625,1,tshedal,R09,C,B,2,paragraph_start,low_reliability_or_unassigned,,,,
6424,"f86v3.23,@Pb",f86v3,3625,2,ypchey,R06,C,B,2,paragraph_start,low_reliability_or_unassigned,,,,
6425,"f86v3.23,@Pb",f86v3,3625,3,shdy,R06,C,B,2,paragraph_start,low_reliability_or_unassigned,,,,
6426,"f86v3.23,@Pb",f86v3,3625,4,qopcheeody,H20,C,B,2,paragraph_start,low_reliability_or_unassigned,,,,
6427,"f86v3.23,@Pb",f86v3,3625,5,opchdy,R00,C,B,2,paragraph_start,low_reliability_or_unassigned,,,,
6428,"f86v3.23,@Pb",f86v3,3625,6,olfchey,R00,C,B,2,paragraph_start,low_reliability_or_unassigned,,,,
6429,"f86v3.23,@Pb",f86v3,3625,7,ypchey,R06,C,B,2,paragraph_start,low_reliability_or_unassigned,,,,
6430,"f86v3.23,@Pb",f86v3,3625,8,qotaiin,H13,C,B,2,paragraph_start,low_reliability_or_unassigned,,,,
6431,"f86v3.24,+Pb",f86v3,3626,1,dshedy,R06,C,B,2,paragraph_continuation,low_reliability_or_unassigned,,,,
6432,"f86v3.24,+Pb",f86v3,3626,2,qokeey,H08,C,B,2,paragraph_continuation,reliable_conditioned,surface_token,qokeey,meta_L=B,H08
6433,"f86v3.24,+Pb",f86v3,3626,3,qotee,H13,C,B,2,paragraph_continuation,low_reliability_or_unassigned,,,,
6434,"f86v3.24,+Pb",f86v3,3626,4,shedy,R06,C,B,2,paragraph_continuation,reliable_conditioned,surface_token,shedy,meta_L=B,R06
6435,"f86v3.24,+Pb",f86v3,3626,5,qokaiin,H08,C,B,2,paragraph_continuation,reliable_conditioned,surface_token,qokaiin,meta_L=B,H08
6436,"f86v3.24,+Pb",f86v3,3626,6,chdy,R02,C,B,2,paragraph_continuation,reliable_conditioned,surface_token,chdy,meta_L=B,R02
6437,"f86v3.24,+Pb",f86v3,3626,7,otar,R01,C,B,2,paragraph_continuation,low_reliability_or_unassigned,,,,
6438,"f86v3.24,+Pb",f86v3,3626,8,otaiin,R10,C,B,2,paragraph_continuation,low_reliability_or_unassigned,,,,
6439,"f86v3.24,+Pb",f86v3,3626,9,ykaiin,R06,C,B,2,paragraph_continuation,low_reliability_or_unassigned,,,,
6440,"f86v3.26,+Pb",f86v3,3628,1,shor,R06,C,B,2,paragraph_continuation,good_but_not_reliable_enough,stolfi_inspired_signature,NG|S_OL|T_r,meta_H=2,R06
6441,"f86v3.26,+Pb",f86v3,3628,2,yteey,R06,C,B,2,paragraph_continuation,low_reliability_or_unassigned,,,,
6442,"f86v3.26,+Pb",f86v3,3628,3,oteedy,R01,C,B,2,paragraph_continuation,low_reliability_or_unassigned,,,,
6443,"f86v3.26,+Pb",f86v3,3628,4,shedaiin,R00,C,B,2,paragraph_continuation,low_reliability_or_unassigned,,,,
6444,"f86v3.26,+Pb",f86v3,3628,5,sheey,R06,C,B,2,paragraph_continuation,reliable_global,stolfi_inspired_signature,NG|S_EY|T_ey,global=global,R06
6445,"f86v3.26,+Pb",f86v3,3628,6,otaiin,R10,C,B,2,paragraph_continuation,low_reliability_or_unassigned,,,,
6446,"f86v3.26,+Pb",f86v3,3628,7,ytaiin,R06,C,B,2,paragraph_continuation,low_reliability_or_unassigned,,,,
6447,"f86v3.26,+Pb",f86v3,3628,8,otodar,R00,C,B,2,paragraph_continuation,low_reliability_or_unassigned,,,,
6448,"f86v3.26,+Pb",f86v3,3628,9,aiin,R06,C,B,2,paragraph_continuation,reliable_environment_sensitive,surface_token,aiin,global=global,R06
6449,"f86v3.27,+Pb",f86v3,3629,1,teeos,R06,C,B,2,paragraph_continuation,low_reliability_or_unassigned,,,,
6450,"f86v3.27,+Pb",f86v3,3629,2,aiin,R06,C,B,2,paragraph_continuation,reliable_environment_sensitive,surface_token,aiin,global=global,R06
6451,"f86v3.27,+Pb",f86v3,3629,3,yteey,R06,C,B,2,paragraph_continuation,low_reliability_or_unassigned,,,,
6452,"f86v3.27,+Pb",f86v3,3629,4,qoteey,H13,C,B,2,paragraph_continuation,low_reliability_or_unassigned,,,,
6453,"f86v3.27,+Pb",f86v3,3629,5,otchey,R00,C,B,2,paragraph_continuation,low_reliability_or_unassigned,,,,
6454,"f86v3.27,+Pb",f86v3,3629,6,qoteeody,H16,C,B,2,paragraph_continuation,low_reliability_or_unassigned,,,,
6455,"f86v3.27,+Pb",f86v3,3629,7,cheeor,R00,C,B,2,paragraph_continuation,low_reliability_or_unassigned,,,,
6456,"f86v3.27,+Pb",f86v3,3629,8,cheedaiin,R10,C,B,2,paragraph_continuation,low_reliability_or_unassigned,,,,
6457,"f86v3.28,+Pb",f86v3,3630,1,ycheeody,R00,C,B,2,paragraph_continuation,low_reliability_or_unassigned,,,,
6458,"f86v3.28,+Pb",f86v3,3630,2,daii,R06,C,B,2,paragraph_continuation,low_reliability_or_unassigned,,,,
6459,"f86v3.28,+Pb",f86v3,3630,3,oteey,R01,C,B,2,paragraph_continuation,low_reliability_or_unassigned,,,,
6460,"f86v3.28,+Pb",f86v3,3630,4,qoedy,R00,C,B,2,paragraph_continuation,low_reliability_or_unassigned,,,,
6461,"f86v3.28,+Pb",f86v3,3630,5,oteey,R01,C,B,2,paragraph_continuation,low_reliability_or_unassigned,,,,
6462,"f86v3.28,+Pb",f86v3,3630,6,olteey,R00,C,B,2,paragraph_continuation,low_reliability_or_unassigned,,,,
6463,"f86v3.29,@Pb",f86v3,3631,1,toeeedchy,R00,C,B,2,paragraph_start,low_reliability_or_unassigned,,,,
6464,"f86v3.29,@Pb",f86v3,3631,2,okchey,R00,C,B,2,paragraph_start,low_reliability_or_unassigned,,,,
6465,"f86v3.29,@Pb",f86v3,3631,3,qokchedy,H10,C,B,2,paragraph_start,low_reliability_or_unassigned,,,,
6466,"f86v3.29,@Pb",f86v3,3631,4,shedy,R06,C,B,2,paragraph_start,reliable_conditioned,surface_token,shedy,meta_L=B,R06
6467,"f86v3.29,@Pb",f86v3,3631,5,ytcheodar,R00,C,B,2,paragraph_start,low_reliability_or_unassigned,,,,
6468,"f86v3.31,+Pb",f86v3,3633,1,tchedy,R06,C,B,2,paragraph_continuation,low_reliability_or_unassigned,,,,
6469,"f86v3.31,+Pb",f86v3,3633,2,chy,R00,C,B,2,paragraph_continuation,reliable_global,stolfi_inspired_signature,NG|S_BY|T_y,global=global,R00
6470,"f86v3.31,+Pb",f86v3,3633,3,tchey,R06,C,B,2,paragraph_continuation,low_reliability_or_unassigned,,,,
6471,"f86v3.31,+Pb",f86v3,3633,4,otchedy,R00,C,B,2,paragraph_continuation,low_reliability_or_unassigned,,,,
6472,"f86v3.31,+Pb",f86v3,3633,5,qokal,H08,C,B,2,paragraph_continuation,good_but_not_reliable_enough,surface_token,qokal,meta_H=2,H08
6473,"f86v3.31,+Pb",f86v3,3633,6,oeedy,R00,C,B,2,paragraph_continuation,low_reliability_or_unassigned,,,,
6474,"f86v3.31,+Pb",f86v3,3633,7,lkam,R00,C,B,2,paragraph_continuation,low_reliability_or_unassigned,,,,
6475,"f86v3.33,+Pb",f86v3,3635,1,ytchey,R06,C,B,2,paragraph_continuation,low_reliability_or_unassigned,,,,
6476,"f86v3.33,+Pb",f86v3,3635,2,otaiin,R10,C,B,2,paragraph_continuation,low_reliability_or_unassigned,,,,
6477,"f86v3.33,+Pb",f86v3,3635,3,kshd,R06,C,B,2,paragraph_continuation,low_reliability_or_unassigned,,,,
6478,"f86v3.33,+Pb",f86v3,3635,4,qotar,H13,C,B,2,paragraph_continuation,low_reliability_or_unassigned,,,,
6479,"f86v3.33,+Pb",f86v3,3635,5,chear,R00,C,B,2,paragraph_continuation,low_reliability_or_unassigned,,,,
6480,"f86v3.33,+Pb",f86v3,3635,6,oram,R00,C,B,2,paragraph_continuation,low_reliability_or_unassigned,,,,
6481,"f86v3.7,+Pb",f86v3,3609,1,sain,R06,C,B,2,paragraph_continuation,reliable_global,stolfi_inspired_signature,NG|S_OEL|T_in,global=global,R06
6482,"f86v3.7,+Pb",f86v3,3609,2,ytaiin,R06,C,B,2,paragraph_continuation,low_reliability_or_unassigned,,,,
6483,"f86v3.7,+Pb",f86v3,3609,3,ytapy,R06,C,B,2,paragraph_continuation,low_reliability_or_unassigned,,,,
6484,"f86v3.7,+Pb",f86v3,3609,4,odeeey,R00,C,B,2,paragraph_continuation,low_reliability_or_unassigned,,,,
6485,"f86v3.7,+Pb",f86v3,3609,5,dal,R09,C,B,2,paragraph_continuation,reliable_global,surface_token,dal,global=global,R09
6486,"f86v3.7,+Pb",f86v3,3609,6,dair,R06,C,B,2,paragraph_continuation,low_reliability_or_unassigned,,,,
6487,"f86v3.7,+Pb",f86v3,3609,7,ytam,R06,C,B,2,paragraph_continuation,low_reliability_or_unassigned,,,,
6488,"f86v6.19,+P0",f86v6,3537,1,pol,R06,T,B,2,paragraph_continuation,low_reliability_or_unassigned,,,,
6489,"f86v6.19,+P0",f86v6,3537,2,sheopchey,R00,T,B,2,paragraph_continuation,low_reliability_or_unassigned,,,,
6490,"f86v6.19,+P0",f86v6,3537,3,pchecfhey,R00,T,B,2,paragraph_continuation,low_reliability_or_unassigned,,,,
6491,"f86v6.19,+P0",f86v6,3537,4,or,R06,T,B,2,paragraph_continuation,reliable_global,surface_token,or,global=global,R06
6492,"f86v6.19,+P0",f86v6,3537,5,aiiin,R00,T,B,2,paragraph_continuation,low_reliability_or_unassigned,,,,
6493,"f86v6.19,+P0",f86v6,3537,6,qokaiin,H08,T,B,2,paragraph_continuation,reliable_conditioned,surface_token,qokaiin,meta_L=B,H08
6494,"f86v6.19,+P0",f86v6,3537,7,cholkar,R07,T,B,2,paragraph_continuation,low_reliability_or_unassigned,,,,
6495,"f86v6.28,+P0",f86v6,3546,1,qokaiin,H08,T,B,2,paragraph_continuation,reliable_conditioned,surface_token,qokaiin,meta_L=B,H08
6496,"f86v6.28,+P0",f86v6,3546,2,qokar,R03,T,B,2,paragraph_continuation,reliable_conditioned,surface_token,qokar,meta_L=B,R03
6497,"f86v6.28,+P0",f86v6,3546,3,okar,R03,T,B,2,paragraph_continuation,low_reliability_or_unassigned,,,,
6498,"f86v6.28,+P0",f86v6,3546,4,qotar,H13,T,B,2,paragraph_continuation,low_reliability_or_unassigned,,,,
6499,"f86v6.28,+P0",f86v6,3546,5,lor,R00,T,B,2,paragraph_continuation,good_but_not_reliable_enough,broad_shape,L|or,global=global,R00
6500,"f86v6.28,+P0",f86v6,3546,6,qokchdy,H09,T,B,2,paragraph_continuation,low_reliability_or_unassigned,,,,
6501,"f86v6.28,+P0",f86v6,3546,7,dar,R06,T,B,2,paragraph_continuation,reliable_global,surface_token,dar,global=global,R06
6502,"f86v6.28,+P0",f86v6,3546,8,shey,R06,T,B,2,paragraph_continuation,reliable_global,stolfi_inspired_signature,NG|S_EY|T_y,global=global,R06
6503,"f86v6.28,+P0",f86v6,3546,9,dytshedy,R00,T,B,2,paragraph_continuation,low_reliability_or_unassigned,,,,
6504,"f86v6.28,+P0",f86v6,3546,10,qotol,H13,T,B,2,paragraph_continuation,low_reliability_or_unassigned,,,,
6505,"f86v6.28,+P0",f86v6,3546,11,dytshy,R06,T,B,2,paragraph_continuation,low_reliability_or_unassigned,,,,
6506,"f86v6.28,+P0",f86v6,3546,12,dy,R02,T,B,2,paragraph_continuation,low_reliability_or_unassigned,,,,
6507,"f87r.2,+P0",f87r,3640,1,dcheeckhos,R00,H,A,1,paragraph_continuation,low_reliability_or_unassigned,,,,
6508,"f87r.2,+P0",f87r,3640,2,chety,R00,H,A,1,paragraph_continuation,low_reliability_or_unassigned,,,,
6509,"f87r.2,+P0",f87r,3640,3,cthodal,R04,H,A,1,paragraph_continuation,low_reliability_or_unassigned,,,,
6510,"f87r.2,+P0",f87r,3640,4,yteodam,R00,H,A,1,paragraph_continuation,low_reliability_or_unassigned,,,,
6511,"f87r.2,+P0",f87r,3640,5,cphecthy,R04,H,A,1,paragraph_continuation,low_reliability_or_unassigned,,,,
6512,"f87r.2,+P0",f87r,3640,6,syty,R06,H,A,1,paragraph_continuation,low_reliability_or_unassigned,,,,
6513,"f87v.7,+P0",f87v,3661,1,qotechoep,H13,H,A,1,paragraph_continuation,low_reliability_or_unassigned,,,,
6514,"f87v.7,+P0",f87v,3661,2,cheos,R00,H,A,1,paragraph_continuation,low_reliability_or_unassigned,,,,
6515,"f87v.7,+P0",f87v,3661,3,cthey,R04,H,A,1,paragraph_continuation,low_reliability_or_unassigned,,,,
6516,"f87v.7,+P0",f87v,3661,4,qokeod,H08,H,A,1,paragraph_continuation,low_reliability_or_unassigned,,,,
6517,"f87v.7,+P0",f87v,3661,5,qokeog,H08,H,A,1,paragraph_continuation,low_reliability_or_unassigned,,,,
6518,"f88r.1,@Lc",f88r,3671,1,otorchety,R00,P,A,1,label_or_marginal,low_reliability_or_unassigned,,,,
6519,"f88r.12,@Lc",f88r,3682,1,otaldy,R00,P,A,1,label_or_marginal,low_reliability_or_unassigned,,,,
6520,"f88r.13,@Lf",f88r,3683,1,oram,R00,P,A,1,label_or_marginal,low_reliability_or_unassigned,,,,
6521,"f88r.14,@Lf",f88r,3684,1,dary,R06,P,A,1,label_or_marginal,low_reliability_or_unassigned,,,,
6522,"f88r.15,@Lf",f88r,3685,1,okol,R07,P,A,1,label_or_marginal,low_reliability_or_unassigned,,,,
6523,"f88r.16,@Lf",f88r,3686,1,sorory,R06,P,A,1,label_or_marginal,low_reliability_or_unassigned,,,,
6524,"f88r.17,@Lf",f88r,3687,1,otyda,R00,P,A,1,label_or_marginal,low_reliability_or_unassigned,,,,
6525,"f88r.2,@Lf",f88r,3672,1,osal,R00,P,A,1,label_or_marginal,low_reliability_or_unassigned,,,,
6526,"f88r.22,+P0",f88r,3692,1,ychey,R06,P,A,1,paragraph_continuation,low_reliability_or_unassigned,,,,
6527,"f88r.22,+P0",f88r,3692,2,okaiin,R10,P,A,1,paragraph_continuation,reliable_global,surface_token,okaiin,global=global,R10
6528,"f88r.22,+P0",f88r,3692,3,chol,R07,P,A,1,paragraph_continuation,low_reliability_or_unassigned,,,,
6529,"f88r.22,+P0",f88r,3692,4,cheor,R00,P,A,1,paragraph_continuation,low_reliability_or_unassigned,,,,
6530,"f88r.22,+P0",f88r,3692,5,ol,R06,P,A,1,paragraph_continuation,reliable_environment_sensitive,surface_token,ol,global=global,R06
6531,"f88r.22,+P0",f88r,3692,6,chorcholsal,R07,P,A,1,paragraph_continuation,low_reliability_or_unassigned,,,,
6532,"f88r.23,@Lc",f88r,3693,1,ofyskydal,R09,P,A,1,label_or_marginal,low_reliability_or_unassigned,,,,
6533,"f88r.24,@Lf",f88r,3694,1,otoram,R00,P,A,1,label_or_marginal,low_reliability_or_unassigned,,,,
6534,"f88r.25,@Lf",f88r,3695,1,ofaldo,R00,P,A,1,label_or_marginal,low_reliability_or_unassigned,,,,
6535,"f88r.27,+P0",f88r,3697,1,qokol,H08,P,A,1,paragraph_continuation,low_reliability_or_unassigned,,,,
6536,"f88r.27,+P0",f88r,3697,2,chol,R07,P,A,1,paragraph_continuation,low_reliability_or_unassigned,,,,
6537,"f88r.27,+P0",f88r,3697,3,qokol,H08,P,A,1,paragraph_continuation,low_reliability_or_unassigned,,,,
6538,"f88r.27,+P0",f88r,3697,4,qokol,H08,P,A,1,paragraph_continuation,low_reliability_or_unassigned,,,,
6539,"f88r.27,+P0",f88r,3697,5,chol,R07,P,A,1,paragraph_continuation,low_reliability_or_unassigned,,,,
6540,"f88r.27,+P0",f88r,3697,6,cheey,R06,P,A,1,paragraph_continuation,reliable_global,stolfi_inspired_signature,NG|S_EY|T_ey,global=global,R06
6541,"f88r.27,+P0",f88r,3697,7,or,R06,P,A,1,paragraph_continuation,reliable_global,surface_token,or,global=global,R06
6542,"f88r.27,+P0",f88r,3697,8,aiin,R06,P,A,1,paragraph_continuation,reliable_environment_sensitive,surface_token,aiin,global=global,R06
6543,"f88r.27,+P0",f88r,3697,9,oldal,R09,P,A,1,paragraph_continuation,low_reliability_or_unassigned,,,,
6544,"f88r.3,@Lf",f88r,3673,1,orald,R00,P,A,1,label_or_marginal,low_reliability_or_unassigned,,,,
6545,"f88r.4,@Lf",f88r,3674,1,oldar,R00,P,A,1,label_or_marginal,low_reliability_or_unassigned,,,,
6546,"f88r.5,@Lf",f88r,3675,1,otoky,R00,P,A,1,label_or_marginal,reliable_global,broad_shape,OG|y,global=global,R00
6547,"f88r.6,@Lf",f88r,3676,1,otaly,R00,P,A,1,label_or_marginal,low_reliability_or_unassigned,,,,
6548,"f88v.11,@Lc",f88v,3712,1,otoram,R00,P,A,1,label_or_marginal,low_reliability_or_unassigned,,,,
6549,"f88v.12,@Lf",f88v,3713,1,otor,R00,P,A,1,label_or_marginal,low_reliability_or_unassigned,,,,
6550,"f88v.13,@Lf",f88v,3714,1,cheosdy,R00,P,A,1,label_or_marginal,low_reliability_or_unassigned,,,,
6551,"f88v.16,+P0",f88v,3717,1,ysheod,R06,P,A,1,paragraph_continuation,low_reliability_or_unassigned,,,,
6552,"f88v.16,+P0",f88v,3717,2,sheo,R06,P,A,1,paragraph_continuation,low_reliability_or_unassigned,,,,
6553,"f88v.16,+P0",f88v,3717,3,sheody,R06,P,A,1,paragraph_continuation,low_reliability_or_unassigned,,,,
6554,"f88v.16,+P0",f88v,3717,4,qokeody,H11,P,A,1,paragraph_continuation,low_reliability_or_unassigned,,,,
6555,"f88v.16,+P0",f88v,3717,5,qoky,H01,P,A,1,paragraph_continuation,low_reliability_or_unassigned,,,,
6556,"f88v.16,+P0",f88v,3717,6,chees,R00,P,A,1,paragraph_continuation,low_reliability_or_unassigned,,,,
6557,"f88v.16,+P0",f88v,3717,7,cheody,R00,P,A,1,paragraph_continuation,low_reliability_or_unassigned,,,,
6558,"f88v.16,+P0",f88v,3717,8,qokeody,H11,P,A,1,paragraph_continuation,low_reliability_or_unassigned,,,,
6559,"f88v.16,+P0",f88v,3717,9,dal,R09,P,A,1,paragraph_continuation,reliable_global,surface_token,dal,global=global,R09
6560,"f88v.17,+P0",f88v,3718,1,qokeey,H08,P,A,1,paragraph_continuation,low_reliability_or_unassigned,,,,
6561,"f88v.17,+P0",f88v,3718,2,qokeody,H11,P,A,1,paragraph_continuation,low_reliability_or_unassigned,,,,
6562,"f88v.17,+P0",f88v,3718,3,chor,R11,P,A,1,paragraph_continuation,low_reliability_or_unassigned,,,,
6563,"f88v.17,+P0",f88v,3718,4,oteody,R01,P,A,1,paragraph_continuation,low_reliability_or_unassigned,,,,
6564,"f88v.17,+P0",f88v,3718,5,qockhol,H07,P,A,1,paragraph_continuation,low_reliability_or_unassigned,,,,
6565,"f88v.17,+P0",f88v,3718,6,okol,R07,P,A,1,paragraph_continuation,low_reliability_or_unassigned,,,,
6566,"f88v.17,+P0",f88v,3718,7,cheedy,R06,P,A,1,paragraph_continuation,low_reliability_or_unassigned,,,,
6567,"f88v.17,+P0",f88v,3718,8,qokody,R00,P,A,1,paragraph_continuation,reliable_global,broad_shape,O|dy,global=global,R00
6568,"f88v.18,+P0",f88v,3719,1,ykeeor,R06,P,A,1,paragraph_continuation,low_reliability_or_unassigned,,,,
6569,"f88v.18,+P0",f88v,3719,2,chockhy,R00,P,A,1,paragraph_continuation,reliable_environment_sensitive,broad_shape,OXGX|y,global=global,R00
6570,"f88v.18,+P0",f88v,3719,3,otol,R01,P,A,1,paragraph_continuation,low_reliability_or_unassigned,,,,
6571,"f88v.18,+P0",f88v,3719,4,cheeol,R00,P,A,1,paragraph_continuation,low_reliability_or_unassigned,,,,
6572,"f88v.18,+P0",f88v,3719,5,cheody,R00,P,A,1,paragraph_continuation,low_reliability_or_unassigned,,,,
6573,"f88v.18,+P0",f88v,3719,6,qotody,R00,P,A,1,paragraph_continuation,reliable_global,broad_shape,O|dy,global=global,R00
6574,"f88v.18,+P0",f88v,3719,7,soteol,R06,P,A,1,paragraph_continuation,low_reliability_or_unassigned,,,,
6575,"f88v.18,+P0",f88v,3719,8,chtam,R00,P,A,1,paragraph_continuation,low_reliability_or_unassigned,,,,
6576,"f88v.25,+P0",f88v,3726,1,ykeey,R06,P,A,1,paragraph_continuation,low_reliability_or_unassigned,,,,
6577,"f88v.25,+P0",f88v,3726,2,sheor,R06,P,A,1,paragraph_continuation,low_reliability_or_unassigned,,,,
6578,"f88v.25,+P0",f88v,3726,3,tos,R06,P,A,1,paragraph_continuation,low_reliability_or_unassigned,,,,
6579,"f88v.25,+P0",f88v,3726,4,checkhy,R00,P,A,1,paragraph_continuation,good_but_not_reliable_enough,broad_shape,EXGX|y,global=global,R00
6580,"f88v.25,+P0",f88v,3726,5,dain,R06,P,A,1,paragraph_continuation,reliable_global,stolfi_inspired_signature,NG|S_OEL|T_in,global=global,R06
6581,"f88v.25,+P0",f88v,3726,6,cheos,R00,P,A,1,paragraph_continuation,low_reliability_or_unassigned,,,,
6582,"f88v.25,+P0",f88v,3726,7,cheockhy,R00,P,A,1,paragraph_continuation,low_reliability_or_unassigned,,,,
6583,"f88v.25,+P0",f88v,3726,8,saldy,R06,P,A,1,paragraph_continuation,low_reliability_or_unassigned,,,,
6584,"f88v.26,+P0",f88v,3727,1,saiin,R06,P,A,1,paragraph_continuation,reliable_environment_sensitive,surface_token,saiin,global=global,R06
6585,"f88v.26,+P0",f88v,3727,2,choky,R00,P,A,1,paragraph_continuation,reliable_global,broad_shape,OG|y,global=global,R00
6586,"f88v.26,+P0",f88v,3727,3,cheor,R00,P,A,1,paragraph_continuation,low_reliability_or_unassigned,,,,
6587,"f88v.26,+P0",f88v,3727,4,shy,R06,P,A,1,paragraph_continuation,reliable_global,broad_shape,X|y,global=global,R06
6588,"f88v.27,@Lc",f88v,3728,1,daramdal,R00,P,A,1,label_or_marginal,low_reliability_or_unassigned,,,,
6589,"f88v.28,@Lf",f88v,3729,1,otydary,R00,P,A,1,label_or_marginal,low_reliability_or_unassigned,,,,
6590,"f88v.29,@Lf",f88v,3730,1,otdordy,R00,P,A,1,label_or_marginal,low_reliability_or_unassigned,,,,
6591,"f88v.3,@Lf",f88v,3704,1,cpheor,R00,P,A,1,label_or_marginal,low_reliability_or_unassigned,,,,
6592,"f88v.30,@Lf",f88v,3731,1,dararda,R00,P,A,1,label_or_marginal,low_reliability_or_unassigned,,,,
6593,"f88v.5,@Lf",f88v,3706,1,otokol,R00,P,A,1,label_or_marginal,low_reliability_or_unassigned,,,,
6594,"f88v.7,+P0",f88v,3708,1,dshor,R06,P,A,1,paragraph_continuation,low_reliability_or_unassigned,,,,
6595,"f88v.7,+P0",f88v,3708,2,shor,R06,P,A,1,paragraph_continuation,low_reliability_or_unassigned,,,,
6596,"f88v.7,+P0",f88v,3708,3,qokeody,H11,P,A,1,paragraph_continuation,low_reliability_or_unassigned,,,,
6597,"f88v.7,+P0",f88v,3708,4,qokeolchey,H08,P,A,1,paragraph_continuation,low_reliability_or_unassigned,,,,
6598,"f88v.7,+P0",f88v,3708,5,chkeor,R00,P,A,1,paragraph_continuation,low_reliability_or_unassigned,,,,
6599,"f88v.7,+P0",f88v,3708,6,qokeey,H08,P,A,1,paragraph_continuation,low_reliability_or_unassigned,,,,
6600,"f88v.7,+P0",f88v,3708,7,daiin,R10,P,A,1,paragraph_continuation,reliable_conditioned,surface_token,daiin,meta_L=A,R10
6601,"f88v.7,+P0",f88v,3708,8,qokeom,H08,P,A,1,paragraph_continuation,low_reliability_or_unassigned,,,,
6602,"f88v.8,+P0",f88v,3709,1,qoaiin,H07,P,A,1,paragraph_continuation,low_reliability_or_unassigned,,,,
6603,"f88v.8,+P0",f88v,3709,2,cheoy,R00,P,A,1,paragraph_continuation,low_reliability_or_unassigned,,,,
6604,"f88v.8,+P0",f88v,3709,3,olcheody,R00,P,A,1,paragraph_continuation,low_reliability_or_unassigned,,,,
6605,"f88v.8,+P0",f88v,3709,4,qoekeol,H07,P,A,1,paragraph_continuation,low_reliability_or_unassigned,,,,
6606,"f88v.8,+P0",f88v,3709,5,cho,R00,P,A,1,paragraph_continuation,low_reliability_or_unassigned,,,,
6607,"f88v.8,+P0",f88v,3709,6,chckhy,R00,P,A,1,paragraph_continuation,reliable_environment_sensitive,surface_token,chckhy,global=global,R00
6608,"f88v.8,+P0",f88v,3709,7,qoeey,H07,P,A,1,paragraph_continuation,reliable_global,stolfi_inspired_signature,NG|S_EY|T_ey,global=global,R06
6609,"f88v.8,+P0",f88v,3709,8,key,R06,P,A,1,paragraph_continuation,low_reliability_or_unassigned,,,,
6610,"f88v.8,+P0",f88v,3709,9,cheokam,R00,P,A,1,paragraph_continuation,low_reliability_or_unassigned,,,,
6611,"f89r1.1,@Lc",f89r1,3732,1,okchshy,R00,P,A,1,label_or_marginal,low_reliability_or_unassigned,,,,
6612,"f89r1.11,@Lc",f89r1,3742,1,ykyd,R06,P,A,1,label_or_marginal,low_reliability_or_unassigned,,,,
6613,"f89r1.13,@Lf",f89r1,3744,1,otorain,R00,P,A,1,label_or_marginal,low_reliability_or_unassigned,,,,
6614,"f89r1.2,@Lf",f89r1,3733,1,qkol,R00,P,A,1,label_or_marginal,low_reliability_or_unassigned,,,,
6615,"f89r1.24,@Lc",f89r1,3755,1,ykocfhy,R00,P,A,1,label_or_marginal,low_reliability_or_unassigned,,,,
6616,"f89r1.25,@Lf",f89r1,3756,1,saldam,R06,P,A,1,label_or_marginal,low_reliability_or_unassigned,,,,
6617,"f89r1.3,@Lf",f89r1,3734,1,oldam,R00,P,A,1,label_or_marginal,low_reliability_or_unassigned,,,,
6618,"f89r1.5,@Lf",f89r1,3736,1,ararchodaiin,R00,P,A,1,label_or_marginal,low_reliability_or_unassigned,,,,
6619,"f89r1.8,+P0",f89r1,3739,1,qokeol,H08,P,A,1,paragraph_continuation,low_reliability_or_unassigned,,,,
6620,"f89r1.8,+P0",f89r1,3739,2,chol,R07,P,A,1,paragraph_continuation,low_reliability_or_unassigned,,,,
6621,"f89r1.8,+P0",f89r1,3739,3,qodaiin,H07,P,A,1,paragraph_continuation,low_reliability_or_unassigned,,,,
6622,"f89r1.8,+P0",f89r1,3739,4,chol,R07,P,A,1,paragraph_continuation,low_reliability_or_unassigned,,,,
6623,"f89r1.8,+P0",f89r1,3739,5,cheody,R00,P,A,1,paragraph_continuation,low_reliability_or_unassigned,,,,
6624,"f89r1.8,+P0",f89r1,3739,6,qokechy,H08,P,A,1,paragraph_continuation,low_reliability_or_unassigned,,,,
6625,"f89r1.8,+P0",f89r1,3739,7,daiin,R10,P,A,1,paragraph_continuation,reliable_conditioned,surface_token,daiin,meta_L=A,R10
6626,"f89r1.8,+P0",f89r1,3739,8,ctheody,R04,P,A,1,paragraph_continuation,low_reliability_or_unassigned,,,,
6627,"f89r1.8,+P0",f89r1,3739,9,dam,R06,P,A,1,paragraph_continuation,good_but_not_reliable_enough,surface_token,dam,global=global,R06
6628,"f89r2.1,@Lc",f89r2,3759,1,odory,R00,P,A,1,label_or_marginal,low_reliability_or_unassigned,,,,
6629,"f89r2.16,@Lc",f89r2,3774,1,korainy,R00,P,A,1,label_or_marginal,low_reliability_or_unassigned,,,,
6630,"f89r2.17,@Lf",f89r2,3775,1,sodar,R06,P,A,1,label_or_marginal,low_reliability_or_unassigned,,,,
6631,"f89r2.18,@Lf",f89r2,3776,1,cheys,R00,P,A,1,label_or_marginal,low_reliability_or_unassigned,,,,
6632,"f89r2.19,@Lf",f89r2,3777,1,cheody,R00,P,A,1,label_or_marginal,low_reliability_or_unassigned,,,,
6633,"f89r2.2,@Lf",f89r2,3760,1,doly,R06,P,A,1,label_or_marginal,low_reliability_or_unassigned,,,,
6634,"f89r2.21,@Lf",f89r2,3779,1,okshdchos,R00,P,A,1,label_or_marginal,low_reliability_or_unassigned,,,,
6635,"f89r2.29,@Lc",f89r2,3787,1,okain,R10,P,A,1,label_or_marginal,reliable_global,surface_token,okain,global=global,R10
6636,"f89r2.3,@Lf",f89r2,3761,1,opchosam,R00,P,A,1,label_or_marginal,low_reliability_or_unassigned,,,,
6637,"f89r2.30,+Lc",f89r2,3788,1,yorain,R06,P,A,1,+L,low_reliability_or_unassigned,,,,
6638,"f89r2.31,@Lf",f89r2,3789,1,ofakal,R00,P,A,1,label_or_marginal,low_reliability_or_unassigned,,,,
6639,"f89r2.32,@Lf",f89r2,3790,1,otalsy,R00,P,A,1,label_or_marginal,low_reliability_or_unassigned,,,,
6640,"f89r2.33,@Lf",f89r2,3791,1,ytarem,R06,P,A,1,label_or_marginal,low_reliability_or_unassigned,,,,
6641,"f89r2.4,@Lf",f89r2,3762,1,saloiinsheol,R00,P,A,1,label_or_marginal,low_reliability_or_unassigned,,,,
6642,"f89r2.5,@Lf",f89r2,3763,1,opcheor,R00,P,A,1,label_or_marginal,low_reliability_or_unassigned,,,,
6643,"f89r2.9,@Lc",f89r2,3767,1,otold,R00,P,A,1,label_or_marginal,low_reliability_or_unassigned,,,,
6644,"f89v1.1,@Lc",f89v1,3820,1,okoraldy,R00,P,A,1,label_or_marginal,low_reliability_or_unassigned,,,,
6645,"f89v1.10,+P0",f89v1,3829,1,tor,R06,P,A,1,paragraph_continuation,low_reliability_or_unassigned,,,,
6646,"f89v1.10,+P0",f89v1,3829,2,sheor,R06,P,A,1,paragraph_continuation,low_reliability_or_unassigned,,,,
6647,"f89v1.10,+P0",f89v1,3829,3,cheeor,R00,P,A,1,paragraph_continuation,low_reliability_or_unassigned,,,,
6648,"f89v1.10,+P0",f89v1,3829,4,cthey,R04,P,A,1,paragraph_continuation,low_reliability_or_unassigned,,,,
6649,"f89v1.10,+P0",f89v1,3829,5,qokol,H08,P,A,1,paragraph_continuation,low_reliability_or_unassigned,,,,
6650,"f89v1.10,+P0",f89v1,3829,6,daiin,R10,P,A,1,paragraph_continuation,reliable_conditioned,surface_token,daiin,meta_L=A,R10
6651,"f89v1.10,+P0",f89v1,3829,7,chekal,R00,P,A,1,paragraph_continuation,low_reliability_or_unassigned,,,,
6652,"f89v1.10,+P0",f89v1,3829,8,dals,R09,P,A,1,paragraph_continuation,low_reliability_or_unassigned,,,,
6653,"f89v1.10,+P0",f89v1,3829,9,chear,R00,P,A,1,paragraph_continuation,low_reliability_or_unassigned,,,,
6654,"f89v1.10,+P0",f89v1,3829,10,qotam,H13,P,A,1,paragraph_continuation,low_reliability_or_unassigned,,,,
6655,"f89v1.16,+P0",f89v1,3835,1,qokaiin,H08,P,A,1,paragraph_continuation,low_reliability_or_unassigned,,,,
6656,"f89v1.16,+P0",f89v1,3835,2,ykchol,R07,P,A,1,paragraph_continuation,low_reliability_or_unassigned,,,,
6657,"f89v1.16,+P0",f89v1,3835,3,qockhy,H07,P,A,1,paragraph_continuation,low_reliability_or_unassigned,,,,
6658,"f89v1.16,+P0",f89v1,3835,4,okaldy,R00,P,A,1,paragraph_continuation,low_reliability_or_unassigned,,,,
6659,"f89v1.16,+P0",f89v1,3835,5,okal,R07,P,A,1,paragraph_continuation,reliable_global,surface_token,okal,global=global,R07
6660,"f89v1.16,+P0",f89v1,3835,6,dal,R09,P,A,1,paragraph_continuation,reliable_global,surface_token,dal,global=global,R09
6661,"f89v1.16,+P0",f89v1,3835,7,chodar,R00,P,A,1,paragraph_continuation,low_reliability_or_unassigned,,,,
6662,"f89v1.16,+P0",f89v1,3835,8,okaiin,R10,P,A,1,paragraph_continuation,reliable_global,surface_token,okaiin,global=global,R10
6663,"f89v1.16,+P0",f89v1,3835,9,dalg,R09,P,A,1,paragraph_continuation,low_reliability_or_unassigned,,,,
6664,"f89v1.19,+P0",f89v1,3838,1,sar,R06,P,A,1,paragraph_continuation,low_reliability_or_unassigned,,,,
6665,"f89v1.19,+P0",f89v1,3838,2,a,R00,P,A,1,paragraph_continuation,good_but_not_reliable_enough,broad_shape,O|NONE,global=global,R00
6666,"f89v1.19,+P0",f89v1,3838,3,da,R06,P,A,1,paragraph_continuation,low_reliability_or_unassigned,,,,
6667,"f89v1.19,+P0",f89v1,3838,4,ckhy,R00,P,A,1,paragraph_continuation,low_reliability_or_unassigned,,,,
6668,"f89v1.19,+P0",f89v1,3838,5,qotchy,H13,P,A,1,paragraph_continuation,low_reliability_or_unassigned,,,,
6669,"f89v1.19,+P0",f89v1,3838,6,okol,R07,P,A,1,paragraph_continuation,low_reliability_or_unassigned,,,,
6670,"f89v1.19,+P0",f89v1,3838,7,ycheo,R06,P,A,1,paragraph_continuation,low_reliability_or_unassigned,,,,
6671,"f89v1.19,+P0",f89v1,3838,8,cthody,R04,P,A,1,paragraph_continuation,low_reliability_or_unassigned,,,,
6672,"f89v1.19,+P0",f89v1,3838,9,okol,R07,P,A,1,paragraph_continuation,low_reliability_or_unassigned,,,,
6673,"f89v1.19,+P0",f89v1,3838,10,olkaycthy,R00,P,A,1,paragraph_continuation,low_reliability_or_unassigned,,,,
6674,"f89v1.21,@Lc",f89v1,3840,1,koeeorain,R00,P,A,1,label_or_marginal,low_reliability_or_unassigned,,,,
6675,"f89v1.22,@Lf",f89v1,3841,1,otorshos,R00,P,A,1,label_or_marginal,low_reliability_or_unassigned,,,,
6676,"f89v1.24,@Lf",f89v1,3843,1,opaldaiin,R10,P,A,1,label_or_marginal,low_reliability_or_unassigned,,,,
6677,"f89v1.3,@Lf",f89v1,3822,1,otchar,R00,P,A,1,label_or_marginal,low_reliability_or_unassigned,,,,
6678,"f89v1.4,@Lf",f89v1,3823,1,darshody,R00,P,A,1,label_or_marginal,low_reliability_or_unassigned,,,,
6679,"f89v2.1,@Lc",f89v2,3793,1,choeesy,R00,P,A,1,label_or_marginal,low_reliability_or_unassigned,,,,
6680,"f89v2.11,@Lc",f89v2,3803,1,otory,R00,P,A,1,label_or_marginal,low_reliability_or_unassigned,,,,
6681,"f89v2.12,@Lf",f89v2,3804,1,otair,R00,P,A,1,label_or_marginal,low_reliability_or_unassigned,,,,
6682,"f89v2.12,@Lf",f89v2,3804,2,chody,R00,P,A,1,label_or_marginal,reliable_global,broad_shape,O|dy,global=global,R00
6683,"f89v2.13,@Lf",f89v2,3805,1,dykaran,R00,P,A,1,label_or_marginal,low_reliability_or_unassigned,,,,
6684,"f89v2.14,@Lf",f89v2,3806,1,opcheedey,R00,P,A,1,label_or_marginal,low_reliability_or_unassigned,,,,
6685,"f89v2.2,@Lf",f89v2,3794,1,okam,R00,P,A,1,label_or_marginal,low_reliability_or_unassigned,,,,
6686,"f89v2.23,@Lc",f89v2,3815,1,opaloiiry,R00,P,A,1,label_or_marginal,low_reliability_or_unassigned,,,,
6687,"f89v2.24,@Lf",f89v2,3816,1,otaram,R00,P,A,1,label_or_marginal,low_reliability_or_unassigned,,,,
6688,"f89v2.25,@Lf",f89v2,3817,1,chtchy,R00,P,A,1,label_or_marginal,low_reliability_or_unassigned,,,,
6689,"f89v2.3,@Lf",f89v2,3795,1,darcheor,R00,P,A,1,label_or_marginal,low_reliability_or_unassigned,,,,
6690,"f89v2.4,@Lf",f89v2,3796,1,chokaro,R00,P,A,1,label_or_marginal,low_reliability_or_unassigned,,,,
6691,"f89v2.5,@Lf",f89v2,3797,1,sheol,R06,P,A,1,label_or_marginal,good_but_not_reliable_enough,surface_token,sheol,global=global,R06
6692,"f89v2.6,@Lf",f89v2,3798,1,chokam,R00,P,A,1,label_or_marginal,low_reliability_or_unassigned,,,,
6693,"f8r.1,@P0",f8r,190,1,pshol,R06,H,A,1,paragraph_start,low_reliability_or_unassigned,,,,
6694,"f8r.1,@P0",f8r,190,2,chor,R11,H,A,1,paragraph_start,low_reliability_or_unassigned,,,,
6695,"f8r.1,@P0",f8r,190,3,otshal,R00,H,A,1,paragraph_start,low_reliability_or_unassigned,,,,
6696,"f8r.1,@P0",f8r,190,4,chopy,R00,H,A,1,paragraph_start,reliable_global,broad_shape,OG|y,global=global,R00
6697,"f8r.1,@P0",f8r,190,5,cphl,R00,H,A,1,paragraph_start,low_reliability_or_unassigned,,,,
6698,"f8r.1,@P0",f8r,190,6,chody,R00,H,A,1,paragraph_start,reliable_global,broad_shape,O|dy,global=global,R00
6699,"f8r.1,@P0",f8r,190,7,shy,R06,H,A,1,paragraph_start,reliable_global,broad_shape,X|y,global=global,R06
6700,"f8r.1,@P0",f8r,190,8,cfhodar,R00,H,A,1,paragraph_start,low_reliability_or_unassigned,,,,
6701,"f8r.1,@P0",f8r,190,9,shor,R06,H,A,1,paragraph_start,low_reliability_or_unassigned,,,,
6702,"f8r.13,=Pt",f8r,202,1,okokchodg,R00,H,A,1,paragraph_terminal_or_label,low_reliability_or_unassigned,,,,
6703,"f8r.19,+P0",f8r,208,1,sair,R06,H,A,1,paragraph_continuation,low_reliability_or_unassigned,,,,
6704,"f8r.19,+P0",f8r,208,2,cheain,R00,H,A,1,paragraph_continuation,low_reliability_or_unassigned,,,,
6705,"f8r.19,+P0",f8r,208,3,cphol,R00,H,A,1,paragraph_continuation,low_reliability_or_unassigned,,,,
6706,"f8r.19,+P0",f8r,208,4,dar,R06,H,A,1,paragraph_continuation,reliable_global,surface_token,dar,global=global,R06
6707,"f8r.19,+P0",f8r,208,5,shol,R08,H,A,1,paragraph_continuation,low_reliability_or_unassigned,,,,
6708,"f8r.19,+P0",f8r,208,6,kaiin,R06,H,A,1,paragraph_continuation,low_reliability_or_unassigned,,,,
6709,"f8r.19,+P0",f8r,208,7,shol,R08,H,A,1,paragraph_continuation,low_reliability_or_unassigned,,,,
6710,"f8r.19,+P0",f8r,208,8,kaiin,R06,H,A,1,paragraph_continuation,low_reliability_or_unassigned,,,,
6711,"f8r.19,+P0",f8r,208,9,daikam,R06,H,A,1,paragraph_continuation,low_reliability_or_unassigned,,,,
6712,"f8r.21,=Pt",f8r,210,1,schol,R06,H,A,1,paragraph_terminal_or_label,low_reliability_or_unassigned,,,,
6713,"f8r.21,=Pt",f8r,210,2,saim,R06,H,A,1,paragraph_terminal_or_label,low_reliability_or_unassigned,,,,
6714,"f8r.8,=Pt",f8r,197,1,dcho,R06,H,A,1,paragraph_terminal_or_label,low_reliability_or_unassigned,,,,
6715,"f8r.8,=Pt",f8r,197,2,dain,R06,H,A,1,paragraph_terminal_or_label,reliable_global,stolfi_inspired_signature,NG|S_OEL|T_in,global=global,R06
6716,"f8v.10,+P0",f8v,220,1,scharchy,R00,H,A,1,paragraph_continuation,low_reliability_or_unassigned,,,,
6717,"f8v.10,+P0",f8v,220,2,oeesody,R00,H,A,1,paragraph_continuation,low_reliability_or_unassigned,,,,
6718,"f8v.10,+P0",f8v,220,3,kchey,R06,H,A,1,paragraph_continuation,low_reliability_or_unassigned,,,,
6719,"f8v.10,+P0",f8v,220,4,pchy,R06,H,A,1,paragraph_continuation,low_reliability_or_unassigned,,,,
6720,"f8v.10,+P0",f8v,220,5,cpharom,R00,H,A,1,paragraph_continuation,low_reliability_or_unassigned,,,,
6721,"f8v.11,+P0",f8v,221,1,sorain,R06,H,A,1,paragraph_continuation,low_reliability_or_unassigned,,,,
6722,"f8v.17,+P0",f8v,227,1,dain,R06,H,A,1,paragraph_continuation,reliable_global,stolfi_inspired_signature,NG|S_OEL|T_in,global=global,R06
6723,"f8v.17,+P0",f8v,227,2,chear,R00,H,A,1,paragraph_continuation,low_reliability_or_unassigned,,,,
6724,"f8v.17,+P0",f8v,227,3,daiin,R10,H,A,1,paragraph_continuation,reliable_conditioned,surface_token,daiin,meta_L=A,R10
6725,"f8v.5,+P0",f8v,215,1,chol,R07,H,A,1,paragraph_continuation,low_reliability_or_unassigned,,,,
6726,"f8v.5,+P0",f8v,215,2,chol,R07,H,A,1,paragraph_continuation,low_reliability_or_unassigned,,,,
6727,"f8v.5,+P0",f8v,215,3,dar,R06,H,A,1,paragraph_continuation,reliable_global,surface_token,dar,global=global,R06
6728,"f8v.5,+P0",f8v,215,4,otchar,R00,H,A,1,paragraph_continuation,low_reliability_or_unassigned,,,,
6729,"f8v.5,+P0",f8v,215,5,etaiin,R00,H,A,1,paragraph_continuation,low_reliability_or_unassigned,,,,
6730,"f8v.5,+P0",f8v,215,6,cthol,R07,H,A,1,paragraph_continuation,low_reliability_or_unassigned,,,,
6731,"f8v.5,+P0",f8v,215,7,dar,R06,H,A,1,paragraph_continuation,reliable_global,surface_token,dar,global=global,R06
6732,"f8v.7,+P0",f8v,217,1,sho,R06,H,A,1,paragraph_continuation,reliable_environment_sensitive,surface_token,sho,global=global,R06
6733,"f8v.7,+P0",f8v,217,2,kchol,R06,H,A,1,paragraph_continuation,low_reliability_or_unassigned,,,,
6734,"f8v.7,+P0",f8v,217,3,dar,R06,H,A,1,paragraph_continuation,reliable_global,surface_token,dar,global=global,R06
6735,"f8v.7,+P0",f8v,217,4,shey,R06,H,A,1,paragraph_continuation,reliable_global,stolfi_inspired_signature,NG|S_EY|T_y,global=global,R06
6736,"f8v.7,+P0",f8v,217,5,cthar,R04,H,A,1,paragraph_continuation,low_reliability_or_unassigned,,,,
6737,"f8v.7,+P0",f8v,217,6,chotain,R00,H,A,1,paragraph_continuation,low_reliability_or_unassigned,,,,
6738,"f8v.7,+P0",f8v,217,7,ry,R00,H,A,1,paragraph_continuation,low_reliability_or_unassigned,,,,
6739,"f90r1.8,+P0",f90r1,3851,1,kor,R06,H,A,1,paragraph_continuation,low_reliability_or_unassigned,,,,
6740,"f90r1.8,+P0",f90r1,3851,2,sheol,R06,H,A,1,paragraph_continuation,good_but_not_reliable_enough,surface_token,sheol,global=global,R06
6741,"f90r1.8,+P0",f90r1,3851,3,qodar,H07,H,A,1,paragraph_continuation,low_reliability_or_unassigned,,,,
6742,"f90r1.8,+P0",f90r1,3851,4,oko,R00,H,A,1,paragraph_continuation,low_reliability_or_unassigned,,,,
6743,"f90r1.8,+P0",f90r1,3851,5,ykeey,R06,H,A,1,paragraph_continuation,low_reliability_or_unassigned,,,,
6744,"f90r1.8,+P0",f90r1,3851,6,qokeey,H08,H,A,1,paragraph_continuation,low_reliability_or_unassigned,,,,
6745,"f90r1.8,+P0",f90r1,3851,7,qodar,H07,H,A,1,paragraph_continuation,low_reliability_or_unassigned,,,,
6746,"f90r1.8,+P0",f90r1,3851,8,qokeed,H08,H,A,1,paragraph_continuation,low_reliability_or_unassigned,,,,
6747,"f90r1.8,+P0",f90r1,3851,9,s,R06,H,A,1,paragraph_continuation,reliable_global,broad_shape,X|NONE,global=global,R06
6748,"f90r1.8,+P0",f90r1,3851,10,choky,R00,H,A,1,paragraph_continuation,reliable_global,broad_shape,OG|y,global=global,R00
6749,"f90r2.1,@P0",f90r2,3853,1,toealchs,R00,H,A,1,paragraph_start,low_reliability_or_unassigned,,,,
6750,"f90r2.1,@P0",f90r2,3853,2,shakol,R06,H,A,1,paragraph_start,low_reliability_or_unassigned,,,,
6751,"f90r2.1,@P0",f90r2,3853,3,sheo,R06,H,A,1,paragraph_start,low_reliability_or_unassigned,,,,
6752,"f90r2.1,@P0",f90r2,3853,4,qoekeey,H07,H,A,1,paragraph_start,low_reliability_or_unassigned,,,,
6753,"f90r2.1,@P0",f90r2,3853,5,soeeol,R06,H,A,1,paragraph_start,low_reliability_or_unassigned,,,,
6754,"f90r2.1,@P0",f90r2,3853,6,qoteody,H16,H,A,1,paragraph_start,low_reliability_or_unassigned,,,,
6755,"f90r2.2,+P0",f90r2,3854,1,saiin,R06,H,A,1,paragraph_continuation,reliable_environment_sensitive,surface_token,saiin,global=global,R06
6756,"f90r2.2,+P0",f90r2,3854,2,ckheo,R00,H,A,1,paragraph_continuation,low_reliability_or_unassigned,,,,
6757,"f90r2.2,+P0",f90r2,3854,3,saiin,R06,H,A,1,paragraph_continuation,reliable_environment_sensitive,surface_token,saiin,global=global,R06
6758,"f90r2.2,+P0",f90r2,3854,4,qockhey,H07,H,A,1,paragraph_continuation,low_reliability_or_unassigned,,,,
6759,"f90r2.2,+P0",f90r2,3854,5,s,R06,H,A,1,paragraph_continuation,reliable_global,broad_shape,X|NONE,global=global,R06
6760,"f90r2.2,+P0",f90r2,3854,6,ykeeody,R00,H,A,1,paragraph_continuation,low_reliability_or_unassigned,,,,
6761,"f90r2.2,+P0",f90r2,3854,7,scheey,R06,H,A,1,paragraph_continuation,low_reliability_or_unassigned,,,,
6762,"f90r2.2,+P0",f90r2,3854,8,chos,R00,H,A,1,paragraph_continuation,good_but_not_reliable_enough,broad_shape,OX|NONE,global=global,R00
6763,"f90r2.2,+P0",f90r2,3854,9,ckhs,R00,H,A,1,paragraph_continuation,low_reliability_or_unassigned,,,,
6764,"f90v1.4,+P0",f90v1,3870,1,kos,R06,H,A,1,paragraph_continuation,low_reliability_or_unassigned,,,,
6765,"f90v1.4,+P0",f90v1,3870,2,sheor,R06,H,A,1,paragraph_continuation,low_reliability_or_unassigned,,,,
6766,"f90v1.4,+P0",f90v1,3870,3,chockhor,R00,H,A,1,paragraph_continuation,low_reliability_or_unassigned,,,,
6767,"f90v1.4,+P0",f90v1,3870,4,qekeody,R00,H,A,1,paragraph_continuation,low_reliability_or_unassigned,,,,
6768,"f90v1.4,+P0",f90v1,3870,5,cheody,R00,H,A,1,paragraph_continuation,low_reliability_or_unassigned,,,,
6769,"f90v1.4,+P0",f90v1,3870,6,sy,R06,H,A,1,paragraph_continuation,reliable_global,broad_shape,X|y,global=global,R06
6770,"f90v1.4,+P0",f90v1,3870,7,s,R06,H,A,1,paragraph_continuation,reliable_global,broad_shape,X|NONE,global=global,R06
6771,"f90v1.4,+P0",f90v1,3870,8,olcheey,R00,H,A,1,paragraph_continuation,low_reliability_or_unassigned,,,,
6772,"f90v1.4,+P0",f90v1,3870,9,y,R06,H,A,1,paragraph_continuation,reliable_global,surface_token,y,global=global,R06
6773,"f90v1.4,+P0",f90v1,3870,10,qoky,H01,H,A,1,paragraph_continuation,low_reliability_or_unassigned,,,,
6774,"f90v2.5,+P0",f90v2,3863,1,tcheody,R00,H,A,1,paragraph_continuation,low_reliability_or_unassigned,,,,
6775,"f90v2.5,+P0",f90v2,3863,2,cpheal,R00,H,A,1,paragraph_continuation,low_reliability_or_unassigned,,,,
6776,"f90v2.5,+P0",f90v2,3863,3,qoar,H07,H,A,1,paragraph_continuation,low_reliability_or_unassigned,,,,
6777,"f90v2.5,+P0",f90v2,3863,4,cheol,R00,H,A,1,paragraph_continuation,low_reliability_or_unassigned,,,,
6778,"f90v2.5,+P0",f90v2,3863,5,chosolols,R00,H,A,1,paragraph_continuation,low_reliability_or_unassigned,,,,
6779,"f90v2.5,+P0",f90v2,3863,6,dshcheal,R00,H,A,1,paragraph_continuation,low_reliability_or_unassigned,,,,
6780,"f90v2.5,+P0",f90v2,3863,7,sheol,R06,H,A,1,paragraph_continuation,good_but_not_reliable_enough,surface_token,sheol,global=global,R06
6781,"f90v2.5,+P0",f90v2,3863,8,qodar,H07,H,A,1,paragraph_continuation,low_reliability_or_unassigned,,,,
6782,"f90v2.6,+P0",f90v2,3864,1,sal,R06,H,A,1,paragraph_continuation,low_reliability_or_unassigned,,,,
6783,"f90v2.6,+P0",f90v2,3864,2,sheol,R06,H,A,1,paragraph_continuation,good_but_not_reliable_enough,surface_token,sheol,global=global,R06
6784,"f90v2.6,+P0",f90v2,3864,3,shey,R06,H,A,1,paragraph_continuation,reliable_global,stolfi_inspired_signature,NG|S_EY|T_y,global=global,R06
6785,"f90v2.6,+P0",f90v2,3864,4,qokeey,H08,H,A,1,paragraph_continuation,low_reliability_or_unassigned,,,,
6786,"f90v2.6,+P0",f90v2,3864,5,qokeol,H08,H,A,1,paragraph_continuation,low_reliability_or_unassigned,,,,
6787,"f90v2.6,+P0",f90v2,3864,6,cheody,R00,H,A,1,paragraph_continuation,low_reliability_or_unassigned,,,,
6788,"f90v2.6,+P0",f90v2,3864,7,s,R06,H,A,1,paragraph_continuation,reliable_global,broad_shape,X|NONE,global=global,R06
6789,"f90v2.6,+P0",f90v2,3864,8,ykeeoldarchody,R00,H,A,1,paragraph_continuation,low_reliability_or_unassigned,,,,
6790,"f90v2.6,+P0",f90v2,3864,9,y,R06,H,A,1,paragraph_continuation,reliable_global,surface_token,y,global=global,R06
6791,"f93r.30,+P0",f93r,3907,1,shodaiin,R05,H,A,1,paragraph_continuation,low_reliability_or_unassigned,,,,
6792,"f93r.30,+P0",f93r,3907,2,qokcho,H08,H,A,1,paragraph_continuation,low_reliability_or_unassigned,,,,
6793,"f93r.30,+P0",f93r,3907,3,cthol,R07,H,A,1,paragraph_continuation,low_reliability_or_unassigned,,,,
6794,"f93v.10,+P0",f93v,3919,1,ychol,R06,H,A,1,paragraph_continuation,low_reliability_or_unassigned,,,,
6795,"f93v.10,+P0",f93v,3919,2,chs,R00,H,A,1,paragraph_continuation,low_reliability_or_unassigned,,,,
6796,"f93v.10,+P0",f93v,3919,3,ckhy,R00,H,A,1,paragraph_continuation,good_but_not_reliable_enough,conservative_morphology,ckh|y|XGX,meta_I=H,R00
6797,"f93v.10,+P0",f93v,3919,4,scheeol,R00,H,A,1,paragraph_continuation,low_reliability_or_unassigned,,,,
6798,"f93v.8,+P0",f93v,3917,1,dcho,R06,H,A,1,paragraph_continuation,low_reliability_or_unassigned,,,,
6799,"f93v.8,+P0",f93v,3917,2,chody,R00,H,A,1,paragraph_continuation,reliable_global,broad_shape,O|dy,global=global,R00
6800,"f93v.8,+P0",f93v,3917,3,teol,R06,H,A,1,paragraph_continuation,low_reliability_or_unassigned,,,,
6801,"f93v.8,+P0",f93v,3917,4,sheol,R06,H,A,1,paragraph_continuation,good_but_not_reliable_enough,surface_token,sheol,global=global,R06
6802,"f93v.8,+P0",f93v,3917,5,cheeoldair,R00,H,A,1,paragraph_continuation,low_reliability_or_unassigned,,,,
6803,"f93v.8,+P0",f93v,3917,6,okchey,R00,H,A,1,paragraph_continuation,low_reliability_or_unassigned,,,,
6804,"f93v.8,+P0",f93v,3917,7,cthey,R04,H,A,1,paragraph_continuation,low_reliability_or_unassigned,,,,
6805,"f93v.8,+P0",f93v,3917,8,dsheog,R06,H,A,1,paragraph_continuation,low_reliability_or_unassigned,,,,
6806,"f93v.8,+P0",f93v,3917,9,okeey,R06,H,A,1,paragraph_continuation,low_reliability_or_unassigned,,,,
6807,"f93v.8,+P0",f93v,3917,10,dama,R06,H,A,1,paragraph_continuation,low_reliability_or_unassigned,,,,
6808,"f93v.9,+P0",f93v,3918,1,odeeeodl,R00,H,A,1,paragraph_continuation,low_reliability_or_unassigned,,,,
6809,"f93v.9,+P0",f93v,3918,2,cheodar,R00,H,A,1,paragraph_continuation,low_reliability_or_unassigned,,,,
6810,"f93v.9,+P0",f93v,3918,3,oksho,R00,H,A,1,paragraph_continuation,low_reliability_or_unassigned,,,,
6811,"f93v.9,+P0",f93v,3918,4,chody,R00,H,A,1,paragraph_continuation,reliable_global,broad_shape,O|dy,global=global,R00
6812,"f93v.9,+P0",f93v,3918,5,okchey,R00,H,A,1,paragraph_continuation,low_reliability_or_unassigned,,,,
6813,"f93v.9,+P0",f93v,3918,6,cthol,R07,H,A,1,paragraph_continuation,low_reliability_or_unassigned,,,,
6814,"f93v.9,+P0",f93v,3918,7,oly,R06,H,A,1,paragraph_continuation,good_but_not_reliable_enough,surface_token,oly,global=global,R06
6815,"f93v.9,+P0",f93v,3918,8,ytchol,R06,H,A,1,paragraph_continuation,low_reliability_or_unassigned,,,,
6816,"f93v.9,+P0",f93v,3918,9,sar,R06,H,A,1,paragraph_continuation,low_reliability_or_unassigned,,,,
6817,"f93v.9,+P0",f93v,3918,10,dar,R06,H,A,1,paragraph_continuation,reliable_global,surface_token,dar,global=global,R06
6818,"f94r.3,+P0",f94r,3922,1,todal,R06,H,B,3,paragraph_continuation,low_reliability_or_unassigned,,,,
6819,"f94r.3,+P0",f94r,3922,2,cholky,R07,H,B,3,paragraph_continuation,low_reliability_or_unassigned,,,,
6820,"f94r.3,+P0",f94r,3922,3,qokal,H08,H,B,3,paragraph_continuation,low_reliability_or_unassigned,,,,
6821,"f94r.3,+P0",f94r,3922,4,shdy,R06,H,B,3,paragraph_continuation,low_reliability_or_unassigned,,,,
6822,"f94r.3,+P0",f94r,3922,5,qoky,H01,H,B,3,paragraph_continuation,low_reliability_or_unassigned,,,,
6823,"f94r.3,+P0",f94r,3922,6,otody,R00,H,B,3,paragraph_continuation,reliable_global,broad_shape,O|dy,global=global,R00
6824,"f94r.3,+P0",f94r,3922,7,qokolchey,H08,H,B,3,paragraph_continuation,low_reliability_or_unassigned,,,,
6825,"f94r.3,+P0",f94r,3922,8,qokair,H08,H,B,3,paragraph_continuation,low_reliability_or_unassigned,,,,
6826,"f94r.3,+P0",f94r,3922,9,opary,R00,H,B,3,paragraph_continuation,low_reliability_or_unassigned,,,,
6827,"f94v.6,+P0",f94v,3934,1,ycheeo,R06,H,B,3,paragraph_continuation,low_reliability_or_unassigned,,,,
6828,"f94v.6,+P0",f94v,3934,2,lkeol,R00,H,B,3,paragraph_continuation,low_reliability_or_unassigned,,,,
6829,"f94v.6,+P0",f94v,3934,3,otor,R00,H,B,3,paragraph_continuation,low_reliability_or_unassigned,,,,
6830,"f94v.6,+P0",f94v,3934,4,opchdy,R00,H,B,3,paragraph_continuation,low_reliability_or_unassigned,,,,
6831,"f94v.6,+P0",f94v,3934,5,qotar,H13,H,B,3,paragraph_continuation,low_reliability_or_unassigned,,,,
6832,"f94v.6,+P0",f94v,3934,6,aral,R00,H,B,3,paragraph_continuation,low_reliability_or_unassigned,,,,
6833,"f94v.6,+P0",f94v,3934,7,otor,R00,H,B,3,paragraph_continuation,low_reliability_or_unassigned,,,,
6834,"f94v.6,+P0",f94v,3934,8,otchy,R01,H,B,3,paragraph_continuation,low_reliability_or_unassigned,,,,
6835,"f94v.6,+P0",f94v,3934,9,tody,R06,H,B,3,paragraph_continuation,low_reliability_or_unassigned,,,,
6836,"f94v.6,+P0",f94v,3934,10,oty,R01,H,B,3,paragraph_continuation,low_reliability_or_unassigned,,,,
6837,"f95r1.9,+P0",f95r1,3949,1,tchdy,R06,H,B,3,paragraph_continuation,low_reliability_or_unassigned,,,,
6838,"f95r1.9,+P0",f95r1,3949,2,tchor,R06,H,B,3,paragraph_continuation,low_reliability_or_unassigned,,,,
6839,"f95r1.9,+P0",f95r1,3949,3,chol,R07,H,B,3,paragraph_continuation,low_reliability_or_unassigned,,,,
6840,"f95r1.9,+P0",f95r1,3949,4,tar,R06,H,B,3,paragraph_continuation,low_reliability_or_unassigned,,,,
6841,"f95r1.9,+P0",f95r1,3949,5,chdy,R02,H,B,3,paragraph_continuation,reliable_conditioned,surface_token,chdy,meta_L=B,R02
6842,"f95r1.9,+P0",f95r1,3949,6,okol,R07,H,B,3,paragraph_continuation,low_reliability_or_unassigned,,,,
6843,"f95r1.9,+P0",f95r1,3949,7,ykoldy,R00,H,B,3,paragraph_continuation,low_reliability_or_unassigned,,,,
6844,"f95r1.9,+P0",f95r1,3949,8,olkeedy,R00,H,B,3,paragraph_continuation,low_reliability_or_unassigned,,,,
6845,"f95r1.9,+P0",f95r1,3949,9,qotaiin,H13,H,B,3,paragraph_continuation,low_reliability_or_unassigned,,,,
6846,"f95r1.9,+P0",f95r1,3949,10,or,R06,H,B,3,paragraph_continuation,reliable_global,surface_token,or,global=global,R06
6847,"f95r2.1,@P0",f95r2,3952,1,kshedy,R06,H,B,3,paragraph_start,low_reliability_or_unassigned,,,,
6848,"f95r2.1,@P0",f95r2,3952,2,or,R06,H,B,3,paragraph_start,reliable_global,surface_token,or,global=global,R06
6849,"f95r2.1,@P0",f95r2,3952,3,chdy,R02,H,B,3,paragraph_start,reliable_conditioned,surface_token,chdy,meta_L=B,R02
6850,"f95r2.1,@P0",f95r2,3952,4,dalfchy,R09,H,B,3,paragraph_start,low_reliability_or_unassigned,,,,
6851,"f95r2.1,@P0",f95r2,3952,5,qodaiin,H07,H,B,3,paragraph_start,low_reliability_or_unassigned,,,,
6852,"f95r2.1,@P0",f95r2,3952,6,chckhyfchy,R00,H,B,3,paragraph_start,low_reliability_or_unassigned,,,,
6853,"f95r2.1,@P0",f95r2,3952,7,daraiin,R00,H,B,3,paragraph_start,low_reliability_or_unassigned,,,,
6854,"f95r2.1,@P0",f95r2,3952,8,dalal,R06,H,B,3,paragraph_start,low_reliability_or_unassigned,,,,
6855,"f95r2.5,+P0",f95r2,3956,1,tshod,R06,H,B,3,paragraph_continuation,low_reliability_or_unassigned,,,,
6856,"f95r2.5,+P0",f95r2,3956,2,qokal,H08,H,B,3,paragraph_continuation,low_reliability_or_unassigned,,,,
6857,"f95r2.5,+P0",f95r2,3956,3,ody,R00,H,B,3,paragraph_continuation,low_reliability_or_unassigned,,,,
6858,"f95r2.5,+P0",f95r2,3956,4,chcfhol,R00,H,B,3,paragraph_continuation,low_reliability_or_unassigned,,,,
6859,"f95r2.5,+P0",f95r2,3956,5,okal,R07,H,B,3,paragraph_continuation,reliable_global,surface_token,okal,global=global,R07
6860,"f95r2.5,+P0",f95r2,3956,6,chedy,R02,H,B,3,paragraph_continuation,reliable_conditioned,surface_token,chedy,meta_L=B,R02
6861,"f95r2.5,+P0",f95r2,3956,7,dalshdy,R09,H,B,3,paragraph_continuation,low_reliability_or_unassigned,,,,
6862,"f95r2.5,+P0",f95r2,3956,8,qopchdy,R00,H,B,3,paragraph_continuation,low_reliability_or_unassigned,,,,
6863,"f95r2.5,+P0",f95r2,3956,9,kary,R06,H,B,3,paragraph_continuation,low_reliability_or_unassigned,,,,
6864,"f96r.2,+P0",f96r,3982,1,ytol,R06,H,A,1,paragraph_continuation,low_reliability_or_unassigned,,,,
6865,"f96r.2,+P0",f96r,3982,2,oteeor,R01,H,A,1,paragraph_continuation,low_reliability_or_unassigned,,,,
6866,"f96r.2,+P0",f96r,3982,3,sheol,R06,H,A,1,paragraph_continuation,good_but_not_reliable_enough,surface_token,sheol,global=global,R06
6867,"f96r.2,+P0",f96r,3982,4,oteey,R01,H,A,1,paragraph_continuation,low_reliability_or_unassigned,,,,
6868,"f96r.2,+P0",f96r,3982,5,qokeody,H11,H,A,1,paragraph_continuation,low_reliability_or_unassigned,,,,
6869,"f96r.2,+P0",f96r,3982,6,qokeeody,H11,H,A,1,paragraph_continuation,low_reliability_or_unassigned,,,,
6870,"f96r.2,+P0",f96r,3982,7,cthey,R04,H,A,1,paragraph_continuation,low_reliability_or_unassigned,,,,
6871,"f96r.5,+P0",f96r,3985,1,daiin,R10,H,A,1,paragraph_continuation,reliable_conditioned,surface_token,daiin,meta_L=A,R10
6872,"f96r.5,+P0",f96r,3985,2,chodaiin,R00,H,A,1,paragraph_continuation,low_reliability_or_unassigned,,,,
6873,"f96r.5,+P0",f96r,3985,3,cthey,R04,H,A,1,paragraph_continuation,low_reliability_or_unassigned,,,,
6874,"f96r.5,+P0",f96r,3985,4,tol,R06,H,A,1,paragraph_continuation,low_reliability_or_unassigned,,,,
6875,"f96r.5,+P0",f96r,3985,5,sheor,R06,H,A,1,paragraph_continuation,low_reliability_or_unassigned,,,,
6876,"f96r.5,+P0",f96r,3985,6,qokeol,H08,H,A,1,paragraph_continuation,low_reliability_or_unassigned,,,,
6877,"f96r.5,+P0",f96r,3985,7,okol,R07,H,A,1,paragraph_continuation,low_reliability_or_unassigned,,,,
6878,"f96r.7,+P0",f96r,3987,1,oiir,R00,H,A,1,paragraph_continuation,low_reliability_or_unassigned,,,,
6879,"f96r.7,+P0",f96r,3987,2,or,R06,H,A,1,paragraph_continuation,reliable_global,surface_token,or,global=global,R06
6880,"f96r.7,+P0",f96r,3987,3,ckhor,R00,H,A,1,paragraph_continuation,low_reliability_or_unassigned,,,,
6881,"f96r.7,+P0",f96r,3987,4,chkey,R00,H,A,1,paragraph_continuation,low_reliability_or_unassigned,,,,
6882,"f96r.7,+P0",f96r,3987,5,ckhocthy,R04,H,A,1,paragraph_continuation,low_reliability_or_unassigned,,,,
6883,"f96r.7,+P0",f96r,3987,6,or,R06,H,A,1,paragraph_continuation,reliable_global,surface_token,or,global=global,R06
6884,"f96r.7,+P0",f96r,3987,7,chockhy,R00,H,A,1,paragraph_continuation,reliable_environment_sensitive,broad_shape,OXGX|y,global=global,R00
6885,"f96v.13,+P0",f96v,4006,1,soysar,R06,H,A,1,paragraph_continuation,low_reliability_or_unassigned,,,,
6886,"f96v.13,+P0",f96v,4006,2,cheor,R00,H,A,1,paragraph_continuation,low_reliability_or_unassigned,,,,
6887,"f99r.10,@Lf",f99r,4016,1,skeeal,R06,P,A,1,label_or_marginal,low_reliability_or_unassigned,,,,
6888,"f99r.11,@Lf",f99r,4017,1,okary,R00,P,A,1,label_or_marginal,low_reliability_or_unassigned,,,,
6889,"f99r.12,@Lf",f99r,4018,1,okolo,R00,P,A,1,label_or_marginal,low_reliability_or_unassigned,,,,
6890,"f99r.13,@Lf",f99r,4019,1,otalam,R00,P,A,1,label_or_marginal,low_reliability_or_unassigned,,,,
6891,"f99r.18,+P0",f99r,4024,1,qokeor,H08,P,A,1,paragraph_continuation,low_reliability_or_unassigned,,,,
6892,"f99r.18,+P0",f99r,4024,2,chol,R07,P,A,1,paragraph_continuation,low_reliability_or_unassigned,,,,
6893,"f99r.18,+P0",f99r,4024,3,ykol,R06,P,A,1,paragraph_continuation,low_reliability_or_unassigned,,,,
6894,"f99r.18,+P0",f99r,4024,4,cheey,R06,P,A,1,paragraph_continuation,reliable_global,stolfi_inspired_signature,NG|S_EY|T_ey,global=global,R06
6895,"f99r.18,+P0",f99r,4024,5,chody,R00,P,A,1,paragraph_continuation,reliable_global,broad_shape,O|dy,global=global,R00
6896,"f99r.18,+P0",f99r,4024,6,ckhol,R00,P,A,1,paragraph_continuation,low_reliability_or_unassigned,,,,
6897,"f99r.18,+P0",f99r,4024,7,daiin,R10,P,A,1,paragraph_continuation,reliable_conditioned,surface_token,daiin,meta_L=A,R10
6898,"f99r.18,+P0",f99r,4024,8,okeoly,R00,P,A,1,paragraph_continuation,low_reliability_or_unassigned,,,,
6899,"f99r.18,+P0",f99r,4024,9,daiin,R10,P,A,1,paragraph_continuation,reliable_conditioned,surface_token,daiin,meta_L=A,R10
6900,"f99r.18,+P0",f99r,4024,10,ckhy,R00,P,A,1,paragraph_continuation,low_reliability_or_unassigned,,,,
6901,"f99r.19,@Lc",f99r,4025,1,oparal,R00,P,A,1,label_or_marginal,low_reliability_or_unassigned,,,,
6902,"f99r.2,@Lf",f99r,4008,1,okary,R00,P,A,1,label_or_marginal,low_reliability_or_unassigned,,,,
6903,"f99r.20,@Lf",f99r,4026,1,oaro,R00,P,A,1,label_or_marginal,low_reliability_or_unassigned,,,,
6904,"f99r.21,@Lf",f99r,4027,1,aloly,R00,P,A,1,label_or_marginal,low_reliability_or_unassigned,,,,
6905,"f99r.23,@Lf",f99r,4029,1,choky,R00,P,A,1,label_or_marginal,reliable_global,broad_shape,OG|y,global=global,R00
6906,"f99r.24,@Lf",f99r,4030,1,oky,R00,P,A,1,label_or_marginal,reliable_environment_sensitive,surface_token,oky,global=global,R00
6907,"f99r.25,@Lf",f99r,4031,1,okeoly,R00,P,A,1,label_or_marginal,low_reliability_or_unassigned,,,,
6908,"f99r.26,@Lf",f99r,4032,1,yteold,R06,P,A,1,label_or_marginal,low_reliability_or_unassigned,,,,
6909,"f99r.27,@Lf",f99r,4033,1,cheotchy,R00,P,A,1,label_or_marginal,low_reliability_or_unassigned,,,,
6910,"f99r.3,@Lf",f99r,4009,1,darar,R06,P,A,1,label_or_marginal,low_reliability_or_unassigned,,,,
6911,"f99r.32,@Lc",f99r,4038,1,tsholdy,R00,P,A,1,label_or_marginal,low_reliability_or_unassigned,,,,
6912,"f99r.33,@Lf",f99r,4039,1,okos,R00,P,A,1,label_or_marginal,good_but_not_reliable_enough,broad_shape,OX|NONE,global=global,R00
6913,"f99r.34,@Lf",f99r,4040,1,oekey,R00,P,A,1,label_or_marginal,low_reliability_or_unassigned,,,,
6914,"f99r.35,@Lf",f99r,4041,1,dar,R06,P,A,1,label_or_marginal,reliable_global,surface_token,dar,global=global,R06
6915,"f99r.37,@Lf",f99r,4043,1,rcheyet,R00,P,A,1,label_or_marginal,low_reliability_or_unassigned,,,,
6916,"f99r.38,@Lf",f99r,4044,1,saiiny,R06,P,A,1,label_or_marginal,low_reliability_or_unassigned,,,,
6917,"f99r.39,@Lf",f99r,4045,1,sory,R06,P,A,1,label_or_marginal,low_reliability_or_unassigned,,,,
6918,"f99r.4,@Lf",f99r,4010,1,oky,R00,P,A,1,label_or_marginal,reliable_environment_sensitive,surface_token,oky,global=global,R00
6919,"f99r.40,@Lf",f99r,4046,1,dam,R06,P,A,1,label_or_marginal,good_but_not_reliable_enough,surface_token,dam,global=global,R06
6920,"f99r.45,@Lc",f99r,4051,1,yteoldy,R00,P,A,1,label_or_marginal,low_reliability_or_unassigned,,,,
6921,"f99r.46,@Lf",f99r,4052,1,tolsasy,R00,P,A,1,label_or_marginal,low_reliability_or_unassigned,,,,
6922,"f99r.5,@Lf",f99r,4011,1,salo,R06,P,A,1,label_or_marginal,low_reliability_or_unassigned,,,,
6923,"f99r.6,@Lf",f99r,4012,1,aro,R00,P,A,1,label_or_marginal,low_reliability_or_unassigned,,,,
6924,"f99r.7,+Lf",f99r,4013,1,ain,R06,P,A,1,+L,reliable_global,stolfi_inspired_signature,NG|S_OEL|T_in,global=global,R06
6925,"f99r.8,@Lf",f99r,4014,1,okor,R00,P,A,1,label_or_marginal,low_reliability_or_unassigned,,,,
6926,"f99r.9,@Lf",f99r,4015,1,ralol,R00,P,A,1,label_or_marginal,low_reliability_or_unassigned,,,,
6927,"f99v.14,@Lc",f99v,4072,1,okoldody,R00,P,A,1,label_or_marginal,low_reliability_or_unassigned,,,,
6928,"f99v.15,@Lf",f99v,4073,1,oeeesary,R00,P,A,1,label_or_marginal,low_reliability_or_unassigned,,,,
6929,"f99v.17,@Lf",f99v,4075,1,sary,R06,P,A,1,label_or_marginal,low_reliability_or_unassigned,,,,
6930,"f99v.18,@Lf",f99v,4076,1,saiino,R06,P,A,1,label_or_marginal,low_reliability_or_unassigned,,,,
6931,"f99v.20,@Lf",f99v,4078,1,osary,R00,P,A,1,label_or_marginal,low_reliability_or_unassigned,,,,
6932,"f99v.23,+P0",f99v,4081,1,qokeey,H08,P,A,1,paragraph_continuation,low_reliability_or_unassigned,,,,
6933,"f99v.23,+P0",f99v,4081,2,chol,R07,P,A,1,paragraph_continuation,low_reliability_or_unassigned,,,,
6934,"f99v.23,+P0",f99v,4081,3,okeoldy,R00,P,A,1,paragraph_continuation,low_reliability_or_unassigned,,,,
6935,"f99v.23,+P0",f99v,4081,4,qokol,H08,P,A,1,paragraph_continuation,low_reliability_or_unassigned,,,,
6936,"f99v.23,+P0",f99v,4081,5,qokeolo,H08,P,A,1,paragraph_continuation,low_reliability_or_unassigned,,,,
6937,"f99v.23,+P0",f99v,4081,6,lchol,R00,P,A,1,paragraph_continuation,low_reliability_or_unassigned,,,,
6938,"f99v.23,+P0",f99v,4081,7,okeol,R06,P,A,1,paragraph_continuation,low_reliability_or_unassigned,,,,
6939,"f99v.23,+P0",f99v,4081,8,sheodol,R00,P,A,1,paragraph_continuation,low_reliability_or_unassigned,,,,
6940,"f99v.23,+P0",f99v,4081,9,qokeechom,H08,P,A,1,paragraph_continuation,low_reliability_or_unassigned,,,,
6941,"f99v.25,@Lc",f99v,4083,1,darolaly,R00,P,A,1,label_or_marginal,low_reliability_or_unassigned,,,,
6942,"f99v.26,@Lf",f99v,4084,1,okechy,R00,P,A,1,label_or_marginal,low_reliability_or_unassigned,,,,
6943,"f99v.28,@Lf",f99v,4086,1,chor,R11,P,A,1,label_or_marginal,low_reliability_or_unassigned,,,,
6944,"f99v.28,@Lf",f99v,4086,2,olekor,R00,P,A,1,label_or_marginal,low_reliability_or_unassigned,,,,
6945,"f99v.29,@Lf",f99v,4087,1,okeodor,R00,P,A,1,label_or_marginal,low_reliability_or_unassigned,,,,
6946,"f99v.3,@Lf",f99v,4061,1,otor,R00,P,A,1,label_or_marginal,low_reliability_or_unassigned,,,,
6947,"f99v.3,@Lf",f99v,4061,2,chy,R00,P,A,1,label_or_marginal,reliable_global,stolfi_inspired_signature,NG|S_BY|T_y,global=global,R00
6948,"f99v.30,@Lf",f99v,4088,1,olky,R00,P,A,1,label_or_marginal,low_reliability_or_unassigned,,,,
6949,"f99v.31,@Lf",f99v,4089,1,doldam,R06,P,A,1,label_or_marginal,low_reliability_or_unassigned,,,,
6950,"f99v.36,@Lc",f99v,4094,1,oralas,R00,P,A,1,label_or_marginal,low_reliability_or_unassigned,,,,
6951,"f99v.4,@Lf",f99v,4062,1,oldy,R00,P,A,1,label_or_marginal,low_reliability_or_unassigned,,,,
6952,"f99v.44,@Lf",f99v,4102,1,koleearol,R00,P,A,1,label_or_marginal,low_reliability_or_unassigned,,,,
6953,"f99v.5,@Lf",f99v,4063,1,dar,R06,P,A,1,label_or_marginal,reliable_global,surface_token,dar,global=global,R06
6954,"f99v.5,@Lf",f99v,4063,2,ary,R00,P,A,1,label_or_marginal,low_reliability_or_unassigned,,,,
6955,"f99v.6,@Lf",f99v,4064,1,otaly,R00,P,A,1,label_or_marginal,low_reliability_or_unassigned,,,,
6956,"f99v.7,@Lf",f99v,4065,1,olsy,R00,P,A,1,label_or_marginal,reliable_global,broad_shape,X|y,global=global,R06
6957,"f99v.8,@Lf",f99v,4066,1,arol,R00,P,A,1,label_or_marginal,low_reliability_or_unassigned,,,,
6958,"f99v.9,@Lf",f99v,4067,1,otoky,R00,P,A,1,label_or_marginal,reliable_global,broad_shape,OG|y,global=global,R00
6959,"f9r.1,@P0",f9r,228,1,tydlo,R06,H,A,1,paragraph_start,low_reliability_or_unassigned,,,,
6960,"f9r.1,@P0",f9r,228,2,choly,R00,H,A,1,paragraph_start,low_reliability_or_unassigned,,,,
6961,"f9r.1,@P0",f9r,228,3,cthor,R04,H,A,1,paragraph_start,low_reliability_or_unassigned,,,,
6962,"f9r.1,@P0",f9r,228,4,orchey,R00,H,A,1,paragraph_start,low_reliability_or_unassigned,,,,
6963,"f9r.1,@P0",f9r,228,5,s,R06,H,A,1,paragraph_start,reliable_global,broad_shape,X|NONE,global=global,R06
6964,"f9r.1,@P0",f9r,228,6,shy,R06,H,A,1,paragraph_start,reliable_global,broad_shape,X|y,global=global,R06
6965,"f9r.1,@P0",f9r,228,7,odaiin,R10,H,A,1,paragraph_start,low_reliability_or_unassigned,,,,
6966,"f9r.1,@P0",f9r,228,8,sary,R06,H,A,1,paragraph_start,low_reliability_or_unassigned,,,,
6967,"f9r.1,@P0",f9r,228,9,shor,R06,H,A,1,paragraph_start,low_reliability_or_unassigned,,,,
6968,"f9r.1,@P0",f9r,228,10,cthy,R04,H,A,1,paragraph_start,low_reliability_or_unassigned,,,,
6969,"f9r.3,+P0",f9r,230,1,toiin,R06,H,A,1,paragraph_continuation,low_reliability_or_unassigned,,,,
6970,"f9r.3,+P0",f9r,230,2,cphy,R00,H,A,1,paragraph_continuation,low_reliability_or_unassigned,,,,
6971,"f9r.3,+P0",f9r,230,3,qotod,H13,H,A,1,paragraph_continuation,low_reliability_or_unassigned,,,,
6972,"f9r.3,+P0",f9r,230,4,otaiin,R10,H,A,1,paragraph_continuation,low_reliability_or_unassigned,,,,
6973,"f9r.3,+P0",f9r,230,5,cthy,R04,H,A,1,paragraph_continuation,low_reliability_or_unassigned,,,,
6974,"f9r.3,+P0",f9r,230,6,okor,R00,H,A,1,paragraph_continuation,low_reliability_or_unassigned,,,,
6975,"f9r.3,+P0",f9r,230,7,chey,R06,H,A,1,paragraph_continuation,reliable_global,stolfi_inspired_signature,NG|S_EY|T_y,global=global,R06
6976,"f9r.3,+P0",f9r,230,8,cthod,R04,H,A,1,paragraph_continuation,low_reliability_or_unassigned,,,,
6977,"f9r.3,+P0",f9r,230,9,ram,R00,H,A,1,paragraph_continuation,low_reliability_or_unassigned,,,,
6978,"f9v.11,+P0",f9v,248,1,ychor,R06,H,A,1,paragraph_continuation,low_reliability_or_unassigned,,,,
6979,"f9v.11,+P0",f9v,248,2,chshoty,R00,H,A,1,paragraph_continuation,low_reliability_or_unassigned,,,,
6980,"f9v.11,+P0",f9v,248,3,okykaiin,R00,H,A,1,paragraph_continuation,low_reliability_or_unassigned,,,,
6981,"f9v.12,+P0",f9v,249,1,chkaiin,R00,H,A,1,paragraph_continuation,low_reliability_or_unassigned,,,,
6982,"f9v.12,+P0",f9v,249,2,ckhy,R00,H,A,1,paragraph_continuation,good_but_not_reliable_enough,conservative_morphology,ckh|y|XGX,meta_I=H,R00
6983,"f9v.12,+P0",f9v,249,3,chor,R11,H,A,1,paragraph_continuation,low_reliability_or_unassigned,,,,
6984,"f9v.3,+P0",f9v,240,1,ykey,R06,H,A,1,paragraph_continuation,low_reliability_or_unassigned,,,,
6985,"f9v.3,+P0",f9v,240,2,chor,R11,H,A,1,paragraph_continuation,low_reliability_or_unassigned,,,,
6986,"f9v.3,+P0",f9v,240,3,ykaiin,R06,H,A,1,paragraph_continuation,low_reliability_or_unassigned,,,,
6987,"f9v.3,+P0",f9v,240,4,daiin,R10,H,A,1,paragraph_continuation,reliable_conditioned,surface_token,daiin,meta_L=A,R10
6988,"f9v.3,+P0",f9v,240,5,cthy,R04,H,A,1,paragraph_continuation,low_reliability_or_unassigned,,,,
6989,"f9v.3,+P0",f9v,240,6,otaiin,R10,H,A,1,paragraph_continuation,low_reliability_or_unassigned,,,,
6990,"f9v.3,+P0",f9v,240,7,oky,R00,H,A,1,paragraph_continuation,reliable_environment_sensitive,surface_token,oky,global=global,R00
6991,"f9v.3,+P0",f9v,240,8,oeees,R00,H,A,1,paragraph_continuation,low_reliability_or_unassigned,,,,
6992,"f9v.3,+P0",f9v,240,9,daiin,R10,H,A,1,paragraph_continuation,reliable_conditioned,surface_token,daiin,meta_L=A,R10
6993,"f9v.9,+P0",f9v,246,1,daiin,R10,H,A,1,paragraph_continuation,reliable_conditioned,surface_token,daiin,meta_L=A,R10
6994,"f9v.9,+P0",f9v,246,2,chy,R00,H,A,1,paragraph_continuation,reliable_global,stolfi_inspired_signature,NG|S_BY|T_y,global=global,R00
6995,"f9v.9,+P0",f9v,246,3,tor,R06,H,A,1,paragraph_continuation,low_reliability_or_unassigned,,,,
6996,"f9v.9,+P0",f9v,246,4,chyty,R00,H,A,1,paragraph_continuation,low_reliability_or_unassigned,,,,
6997,"f9v.9,+P0",f9v,246,5,dary,R06,H,A,1,paragraph_continuation,low_reliability_or_unassigned,,,,
6998,"f9v.9,+P0",f9v,246,6,ytoldy,R00,H,A,1,paragraph_continuation,low_reliability_or_unassigned,,,,
6999,"fRos.1,@L0",fRos,3350,1,saeeasa,R00,C,B,4,label_or_marginal,low_reliability_or_unassigned,,,,
7000,"fRos.101,@L0",fRos,3450,1,lokedshs,R00,C,B,4,label_or_marginal,low_reliability_or_unassigned,,,,
7001,"fRos.102,@L0",fRos,3451,1,otodar,R00,C,B,4,label_or_marginal,low_reliability_or_unassigned,,,,
7002,"fRos.104,@L0",fRos,3453,1,okedy,R00,C,B,4,label_or_marginal,reliable_conditioned,surface_token,okedy,meta_L=B,R00
7003,"fRos.108,@L0",fRos,3457,1,otdy,R00,C,B,4,label_or_marginal,low_reliability_or_unassigned,,,,
7004,"fRos.109,+L0",fRos,3458,1,otody,R00,C,B,4,+L,reliable_global,broad_shape,O|dy,global=global,R00
7005,"fRos.11,@L0",fRos,3360,1,okchdarar,R00,C,B,4,label_or_marginal,low_reliability_or_unassigned,,,,
7006,"fRos.110,/L0",fRos,3459,1,chdain,R00,C,B,4,/L,low_reliability_or_unassigned,,,,
7007,"fRos.118,@L0",fRos,3467,1,otodey,R00,C,B,4,label_or_marginal,low_reliability_or_unassigned,,,,
7008,"fRos.119,@L0",fRos,3468,1,otodedy,R00,C,B,4,label_or_marginal,low_reliability_or_unassigned,,,,
7009,"fRos.12,@L0",fRos,3361,1,soiindy,R00,C,B,4,label_or_marginal,low_reliability_or_unassigned,,,,
7010,"fRos.120,@L0",fRos,3469,1,opchdain,R00,C,B,4,label_or_marginal,low_reliability_or_unassigned,,,,
7011,"fRos.121,@L0",fRos,3470,1,otdar,R00,C,B,4,label_or_marginal,low_reliability_or_unassigned,,,,
7012,"fRos.121,@L0",fRos,3470,2,shed,R06,C,B,4,label_or_marginal,low_reliability_or_unassigned,,,,
7013,"fRos.123,@L0",fRos,3472,1,ofaraiin,R00,C,B,4,label_or_marginal,low_reliability_or_unassigned,,,,
7014,"fRos.124,@L0",fRos,3473,1,okolar,R00,C,B,4,label_or_marginal,low_reliability_or_unassigned,,,,
7015,"fRos.125,@L0",fRos,3474,1,okchdy,R00,C,B,4,label_or_marginal,low_reliability_or_unassigned,,,,
7016,"fRos.126,@L0",fRos,3475,1,ykedy,R00,C,B,4,label_or_marginal,low_reliability_or_unassigned,,,,
7017,"fRos.128,@L0",fRos,3477,1,otosaiin,R00,C,B,4,label_or_marginal,low_reliability_or_unassigned,,,,
7018,"fRos.129,@L0",fRos,3478,1,otchdam,R00,C,B,4,label_or_marginal,low_reliability_or_unassigned,,,,
7019,"fRos.13,@L0",fRos,3362,1,ytedar,R06,C,B,4,label_or_marginal,low_reliability_or_unassigned,,,,
7020,"fRos.130,@L0",fRos,3479,1,tedy,R06,C,B,4,label_or_marginal,low_reliability_or_unassigned,,,,
7021,"fRos.131,@L0",fRos,3480,1,okar,R03,C,B,4,label_or_marginal,low_reliability_or_unassigned,,,,
7022,"fRos.132,@L0",fRos,3481,1,lashalg,R00,C,B,4,label_or_marginal,low_reliability_or_unassigned,,,,
7023,"fRos.135,@L0",fRos,3484,1,osaram,R00,C,B,4,label_or_marginal,low_reliability_or_unassigned,,,,
7024,"fRos.136,@L0",fRos,3485,1,oparodam,R00,C,B,4,label_or_marginal,low_reliability_or_unassigned,,,,
7025,"fRos.140,+Pb",fRos,3489,1,okchy,R00,C,B,4,paragraph_continuation,low_reliability_or_unassigned,,,,
7026,"fRos.140,+Pb",fRos,3489,2,qokedy,H12,C,B,4,paragraph_continuation,reliable_conditioned,surface_token,qokedy,meta_L=B,H12
7027,"fRos.140,+Pb",fRos,3489,3,qokedy,H12,C,B,4,paragraph_continuation,reliable_conditioned,surface_token,qokedy,meta_L=B,H12
7028,"fRos.142,@Pb",fRos,3491,1,okar,R03,C,B,4,paragraph_start,low_reliability_or_unassigned,,,,
7029,"fRos.142,@Pb",fRos,3491,2,olchey,R00,C,B,4,paragraph_start,low_reliability_or_unassigned,,,,
7030,"fRos.142,@Pb",fRos,3491,3,daiin,R10,C,B,4,paragraph_start,good_but_not_reliable_enough,surface_token,daiin,global=global,R10
7031,"fRos.146,@L0",fRos,3495,1,dor,R06,C,B,4,label_or_marginal,low_reliability_or_unassigned,,,,
7032,"fRos.147,+L0",fRos,3496,1,oky,R00,C,B,4,+L,reliable_environment_sensitive,surface_token,oky,global=global,R00
7033,"fRos.15,@L0",fRos,3364,1,daldar,R06,C,B,4,label_or_marginal,low_reliability_or_unassigned,,,,
7034,"fRos.150,+L0",fRos,3499,1,ardas,R00,C,B,4,+L,low_reliability_or_unassigned,,,,
7035,"fRos.152,@L0",fRos,3501,1,oparod,R00,C,B,4,label_or_marginal,low_reliability_or_unassigned,,,,
7036,"fRos.153,+L0",fRos,3502,1,shckhdy,R00,C,B,4,+L,low_reliability_or_unassigned,,,,
7037,"fRos.154,+L0",fRos,3503,1,tshda,R06,C,B,4,+L,low_reliability_or_unassigned,,,,
7038,"fRos.155,@L0",fRos,3504,1,opchd,R00,C,B,4,label_or_marginal,low_reliability_or_unassigned,,,,
7039,"fRos.156,+L0",fRos,3505,1,opchdy,R00,C,B,4,+L,low_reliability_or_unassigned,,,,
7040,"fRos.158,@L0",fRos,3507,1,shet,R06,C,B,4,label_or_marginal,low_reliability_or_unassigned,,,,
7041,"fRos.159,+L0",fRos,3508,1,opchsy,R00,C,B,4,+L,low_reliability_or_unassigned,,,,
7042,"fRos.16,@L0",fRos,3365,1,ofardy,R00,C,B,4,label_or_marginal,low_reliability_or_unassigned,,,,
7043,"fRos.160,+L0",fRos,3509,1,cheky,R06,C,B,4,+L,low_reliability_or_unassigned,,,,
7044,"fRos.17,@L0",fRos,3366,1,orarol,R00,C,B,4,label_or_marginal,low_reliability_or_unassigned,,,,
7045,"fRos.18,@L0",fRos,3367,1,daldal,R06,C,B,4,label_or_marginal,low_reliability_or_unassigned,,,,
7046,"fRos.19,@L0",fRos,3368,1,daaldy,R06,C,B,4,label_or_marginal,low_reliability_or_unassigned,,,,
7047,"fRos.21,@L0",fRos,3370,1,oko,R00,C,B,4,label_or_marginal,low_reliability_or_unassigned,,,,
7048,"fRos.22,@L0",fRos,3371,1,daiiny,R06,C,B,4,label_or_marginal,low_reliability_or_unassigned,,,,
7049,"fRos.24,@L0",fRos,3373,1,okedy,R00,C,B,4,label_or_marginal,reliable_conditioned,surface_token,okedy,meta_L=B,R00
7050,"fRos.25,@L0",fRos,3374,1,oary,R00,C,B,4,label_or_marginal,low_reliability_or_unassigned,,,,
7051,"fRos.27,@L0",fRos,3376,1,opar,R00,C,B,4,label_or_marginal,low_reliability_or_unassigned,,,,
7052,"fRos.29,@L0",fRos,3378,1,dxar,R06,C,B,4,label_or_marginal,low_reliability_or_unassigned,,,,
7053,"fRos.3,@L0",fRos,3352,1,ofainain,R00,C,B,4,label_or_marginal,low_reliability_or_unassigned,,,,
7054,"fRos.30,@L0",fRos,3379,1,okory,R00,C,B,4,label_or_marginal,low_reliability_or_unassigned,,,,
7055,"fRos.32,@L0",fRos,3381,1,adashgasain,R00,C,B,4,label_or_marginal,low_reliability_or_unassigned,,,,
7056,"fRos.34,@L0",fRos,3383,1,okody,R00,C,B,4,label_or_marginal,reliable_global,broad_shape,O|dy,global=global,R00
7057,"fRos.38,@L0",fRos,3387,1,okas,R00,C,B,4,label_or_marginal,good_but_not_reliable_enough,broad_shape,OX|NONE,global=global,R00
7058,"fRos.38,@L0",fRos,3387,2,oedady,R00,C,B,4,label_or_marginal,low_reliability_or_unassigned,,,,
7059,"fRos.4,+L0",fRos,3353,1,ychais,R06,C,B,4,+L,low_reliability_or_unassigned,,,,
7060,"fRos.41,@L0",fRos,3390,1,oal,R00,C,B,4,label_or_marginal,low_reliability_or_unassigned,,,,
7061,"fRos.43,@L0",fRos,3392,1,okor,R00,C,B,4,label_or_marginal,low_reliability_or_unassigned,,,,
7062,"fRos.44,@L0",fRos,3393,1,sarchcphdy,R00,C,B,4,label_or_marginal,low_reliability_or_unassigned,,,,
7063,"fRos.46,@L0",fRos,3395,1,ofchedaiin,R00,C,B,4,label_or_marginal,low_reliability_or_unassigned,,,,
7064,"fRos.48,@L0",fRos,3397,1,otedal,R09,C,B,4,label_or_marginal,low_reliability_or_unassigned,,,,
7065,"fRos.49,@L0",fRos,3398,1,opaiino,R00,C,B,4,label_or_marginal,low_reliability_or_unassigned,,,,
7066,"fRos.5,+L0",fRos,3354,1,ydekam,R06,C,B,4,+L,low_reliability_or_unassigned,,,,
7067,"fRos.50,@L0",fRos,3399,1,otchdy,R00,C,B,4,label_or_marginal,low_reliability_or_unassigned,,,,
7068,"fRos.51,@L0",fRos,3400,1,okchy,R00,C,B,4,label_or_marginal,low_reliability_or_unassigned,,,,
7069,"fRos.52,@L0",fRos,3401,1,chkeedy,R00,C,B,4,label_or_marginal,low_reliability_or_unassigned,,,,
7070,"fRos.54,@L0",fRos,3403,1,odeey,R00,C,B,4,label_or_marginal,low_reliability_or_unassigned,,,,
7071,"fRos.56,@L0",fRos,3405,1,depcheky,R00,C,B,4,label_or_marginal,low_reliability_or_unassigned,,,,
7072,"fRos.57,@L0",fRos,3406,1,ot,R00,C,B,4,label_or_marginal,low_reliability_or_unassigned,,,,
7073,"fRos.58,@L0",fRos,3407,1,osy,R00,C,B,4,label_or_marginal,reliable_global,broad_shape,X|y,global=global,R06
7074,"fRos.59,@L0",fRos,3408,1,dl,R06,C,B,4,label_or_marginal,low_reliability_or_unassigned,,,,
7075,"fRos.6,+L0",fRos,3355,1,darchedy,R00,C,B,4,+L,low_reliability_or_unassigned,,,,
7076,"fRos.60,@L0",fRos,3409,1,ddy,R06,C,B,4,label_or_marginal,low_reliability_or_unassigned,,,,
7077,"fRos.64,@L0",fRos,3413,1,opy,R00,C,B,4,label_or_marginal,low_reliability_or_unassigned,,,,
7078,"fRos.65,@L0",fRos,3414,1,odal,R00,C,B,4,label_or_marginal,low_reliability_or_unassigned,,,,
7079,"fRos.66,@L0",fRos,3415,1,shdy,R06,C,B,4,label_or_marginal,low_reliability_or_unassigned,,,,
7080,"fRos.67,@L0",fRos,3416,1,opchees,R00,C,B,4,label_or_marginal,low_reliability_or_unassigned,,,,
7081,"fRos.68,@L0",fRos,3417,1,opar,R00,C,B,4,label_or_marginal,low_reliability_or_unassigned,,,,
7082,"fRos.69,@L0",fRos,3418,1,daral,R06,C,B,4,label_or_marginal,low_reliability_or_unassigned,,,,
7083,"fRos.7,+L0",fRos,3356,1,otochedysy,R00,C,B,4,+L,low_reliability_or_unassigned,,,,
7084,"fRos.73,@L0",fRos,3422,1,ytedar,R06,C,B,4,label_or_marginal,low_reliability_or_unassigned,,,,
7085,"fRos.73,@L0",fRos,3422,2,ary,R00,C,B,4,label_or_marginal,low_reliability_or_unassigned,,,,
7086,"fRos.74,@L0",fRos,3423,1,opcheda,R00,C,B,4,label_or_marginal,low_reliability_or_unassigned,,,,
7087,"fRos.75,@L0",fRos,3424,1,ols,R00,C,B,4,label_or_marginal,low_reliability_or_unassigned,,,,
7088,"fRos.76,@L0",fRos,3425,1,ypal,R06,C,B,4,label_or_marginal,low_reliability_or_unassigned,,,,
7089,"fRos.77,@L0",fRos,3426,1,opydsh,R00,C,B,4,label_or_marginal,low_reliability_or_unassigned,,,,
7090,"fRos.79,@L0",fRos,3428,1,olz,R00,C,B,4,label_or_marginal,low_reliability_or_unassigned,,,,
7091,"fRos.8,+L0",fRos,3357,1,soeedoy,R00,C,B,4,+L,low_reliability_or_unassigned,,,,
7092,"fRos.8,+L0",fRos,3357,2,olal,R00,C,B,4,+L,low_reliability_or_unassigned,,,,
7093,"fRos.80,@L0",fRos,3429,1,dtedg,R06,C,B,4,label_or_marginal,low_reliability_or_unassigned,,,,
7094,"fRos.81,@L0",fRos,3430,1,opy,R00,C,B,4,label_or_marginal,low_reliability_or_unassigned,,,,
7095,"fRos.83,@L0",fRos,3432,1,ddary,R06,C,B,4,label_or_marginal,low_reliability_or_unassigned,,,,
7096,"fRos.84,@L0",fRos,3433,1,otdy,R00,C,B,4,label_or_marginal,low_reliability_or_unassigned,,,,
7097,"fRos.85,@L0",fRos,3434,1,dairdy,R06,C,B,4,label_or_marginal,low_reliability_or_unassigned,,,,
7098,"fRos.86,@L0",fRos,3435,1,rody,R00,C,B,4,label_or_marginal,low_reliability_or_unassigned,,,,
7099,"fRos.88,@L0",fRos,3437,1,ofary,R00,C,B,4,label_or_marginal,low_reliability_or_unassigned,,,,
7100,"fRos.9,+L0",fRos,3358,1,dchor,R06,C,B,4,+L,low_reliability_or_unassigned,,,,
7101,"fRos.9,+L0",fRos,3358,2,orary,R00,C,B,4,+L,low_reliability_or_unassigned,,,,
7102,"fRos.90,@L0",fRos,3439,1,okchdy,R00,C,B,4,label_or_marginal,low_reliability_or_unassigned,,,,
7103,"fRos.90,@L0",fRos,3439,2,kary,R06,C,B,4,label_or_marginal,low_reliability_or_unassigned,,,,
7104,"fRos.96,@L0",fRos,3445,1,opchdy,R00,C,B,4,label_or_marginal,low_reliability_or_unassigned,,,,
7105,"fRos.98,@L0",fRos,3447,1,oda,R00,C,B,4,label_or_marginal,low_reliability_or_unassigned,,,,
7106,"fRos.99,@L0",fRos,3448,1,ofchdar,R00,C,B,4,label_or_marginal,low_reliability_or_unassigned,,,,
