lens,role_unit_key,induction_k,induced_cluster,cluster_dominant_role,cluster_dominant_role_share,dominant_role,occurrences,status_standard,supported_standard,supported_loose,induced_agrees_with_audited_role,induced_high_purity
surface_token,aiin,24,2,R06,1.0,R06,57,STABLE_BUT_LOCAL_OR_THRESHOLD_SENSITIVE,False,True,True,True
surface_token,ain,24,2,R06,1.0,R06,12,CONTEXTUAL_ROLE_SIGNAL,False,False,True,True
surface_token,al,24,22,R06,0.778,R06,31,STABLE_BUT_LOCAL_OR_THRESHOLD_SENSITIVE,False,True,True,True
surface_token,am,24,1,R06,0.519,R06,11,CONTEXTUAL_ROLE_SIGNAL,False,False,True,False
surface_token,ar,24,22,R06,0.778,R06,58,ROLE_STABLE_ACROSS_CONFOUNDS,True,True,True,True
surface_token,chal,24,16,R07,0.471,R00,12,CONTEXTUAL_ROLE_SIGNAL,False,False,False,False
surface_token,char,24,22,R06,0.778,R11,12,CONTEXTUAL_ROLE_SIGNAL,False,False,False,True
surface_token,chckhy,24,0,R00,0.416,R00,41,STABLE_BUT_LOCAL_OR_THRESHOLD_SENSITIVE,False,False,True,False
surface_token,chcthy,24,0,R00,0.416,R04,16,CONTEXTUAL_ROLE_SIGNAL,False,False,False,False
surface_token,chdy,24,13,R02,0.648,R02,27,STABLE_BUT_LOCAL_OR_THRESHOLD_SENSITIVE,False,True,True,True
surface_token,chear,24,12,R06,0.665,R00,12,CONTEXTUAL_ROLE_SIGNAL,False,False,False,True
surface_token,chedy,24,9,R06,0.389,R02,94,STABLE_BUT_LOCAL_OR_THRESHOLD_SENSITIVE,False,False,False,False
surface_token,cheedy,24,9,R06,0.389,R06,11,CONTEXTUAL_ROLE_SIGNAL,False,False,True,False
surface_token,cheey,24,12,R06,0.665,R06,25,STABLE_BUT_LOCAL_OR_THRESHOLD_SENSITIVE,False,True,True,True
surface_token,cheky,24,0,R00,0.416,R06,15,CONTEXTUAL_ROLE_SIGNAL,False,False,False,False
surface_token,cheody,24,9,R06,0.389,R00,17,CONTEXTUAL_ROLE_SIGNAL,False,False,False,False
surface_token,cheol,24,12,R06,0.665,R00,25,STABLE_BUT_LOCAL_OR_THRESHOLD_SENSITIVE,False,True,False,True
surface_token,cheor,24,12,R06,0.665,R00,13,CONTEXTUAL_ROLE_SIGNAL,False,False,False,True
surface_token,chey,24,12,R06,0.665,R06,54,STABLE_BUT_LOCAL_OR_THRESHOLD_SENSITIVE,False,False,True,True
surface_token,cho,24,19,R06,0.705,R00,12,CONTEXTUAL_ROLE_SIGNAL,False,False,False,True
surface_token,chodaiin,24,23,R00,1.0,R00,10,CONTEXTUAL_ROLE_SIGNAL,False,False,True,True
surface_token,chody,24,16,R07,0.471,R00,18,CONTEXTUAL_ROLE_SIGNAL,False,True,False,False
surface_token,choky,24,0,R00,0.416,R00,12,CONTEXTUAL_ROLE_SIGNAL,False,False,True,False
surface_token,chol,24,16,R07,0.471,R07,96,STABLE_BUT_LOCAL_OR_THRESHOLD_SENSITIVE,False,False,True,False
surface_token,chor,24,22,R06,0.778,R11,48,ROLE_STABLE_ACROSS_CONFOUNDS,True,True,False,True
surface_token,chy,24,18,R00,0.362,R00,21,STABLE_BUT_LOCAL_OR_THRESHOLD_SENSITIVE,False,True,True,False
surface_token,cthey,24,11,R04,0.679,R04,11,CONTEXTUAL_ROLE_SIGNAL,False,False,True,True
surface_token,cthol,24,11,R04,0.679,R07,18,CONTEXTUAL_ROLE_SIGNAL,False,False,False,True
surface_token,cthor,24,11,R04,0.679,R04,12,CONTEXTUAL_ROLE_SIGNAL,False,False,True,True
surface_token,cthy,24,11,R04,0.679,R04,15,CONTEXTUAL_ROLE_SIGNAL,False,False,True,True
surface_token,daiin,24,17,R10,0.907,R10,134,STABLE_BUT_LOCAL_OR_THRESHOLD_SENSITIVE,False,True,True,True
surface_token,dain,24,6,R06,1.0,R06,48,ROLE_STABLE_ACROSS_CONFOUNDS,True,True,True,True
surface_token,dair,24,14,R06,1.0,R06,11,CONTEXTUAL_ROLE_SIGNAL,False,False,True,True
surface_token,dal,24,1,R06,0.519,R09,37,ROLE_STABLE_ACROSS_CONFOUNDS,True,True,False,False
surface_token,dam,24,1,R06,0.519,R06,18,CONTEXTUAL_ROLE_SIGNAL,False,True,True,False
surface_token,dar,24,14,R06,1.0,R06,49,ROLE_STABLE_ACROSS_CONFOUNDS,True,True,True,True
surface_token,dary,24,19,R06,0.705,R06,12,CONTEXTUAL_ROLE_SIGNAL,False,False,True,True
surface_token,dol,24,16,R07,0.471,R06,19,CONTEXTUAL_ROLE_SIGNAL,False,False,False,False
surface_token,dor,24,14,R06,1.0,R06,12,CONTEXTUAL_ROLE_SIGNAL,False,False,True,True
surface_token,dshedy,24,14,R06,1.0,R06,10,CONTEXTUAL_ROLE_SIGNAL,False,False,True,True
surface_token,dy,24,13,R02,0.648,R02,30,STABLE_BUT_LOCAL_OR_THRESHOLD_SENSITIVE,False,False,True,True
surface_token,l,24,19,R06,0.705,R06,15,CONTEXTUAL_ROLE_SIGNAL,False,False,True,True
surface_token,lchedy,24,10,R00,1.0,R00,27,STABLE_BUT_LOCAL_OR_THRESHOLD_SENSITIVE,False,False,True,True
surface_token,lkain,24,20,R00,1.0,R00,11,CONTEXTUAL_ROLE_SIGNAL,False,False,True,True
surface_token,lkeedy,24,20,R00,1.0,R00,12,CONTEXTUAL_ROLE_SIGNAL,False,False,True,True
surface_token,lol,24,7,R00,0.694,R00,10,CONTEXTUAL_ROLE_SIGNAL,False,False,True,True
surface_token,lor,24,7,R00,0.694,R00,11,CONTEXTUAL_ROLE_SIGNAL,False,False,True,True
surface_token,lshedy,24,10,R00,1.0,R00,11,CONTEXTUAL_ROLE_SIGNAL,False,False,True,True
surface_token,o,24,19,R06,0.705,R00,14,CONTEXTUAL_ROLE_SIGNAL,False,False,False,True
surface_token,okaiin,24,17,R10,0.907,R10,42,ROLE_STABLE_ACROSS_CONFOUNDS,True,True,True,True
surface_token,okain,24,17,R10,0.907,R10,36,ROLE_STABLE_ACROSS_CONFOUNDS,True,True,True,True
surface_token,okal,24,8,H08,0.579,R07,36,ROLE_STABLE_ACROSS_CONFOUNDS,True,True,False,True
surface_token,okar,24,8,H08,0.579,R03,27,ROLE_STABLE_ACROSS_CONFOUNDS,True,True,False,True
surface_token,okedy,24,4,H12,0.23,R00,34,STABLE_BUT_LOCAL_OR_THRESHOLD_SENSITIVE,False,False,False,False
surface_token,okeedy,24,4,H12,0.23,R00,33,STABLE_BUT_LOCAL_OR_THRESHOLD_SENSITIVE,False,False,False,False
surface_token,okeey,24,4,H12,0.23,R06,37,ROLE_STABLE_ACROSS_CONFOUNDS,True,True,False,False
surface_token,okeody,24,17,R10,0.907,R00,12,CONTEXTUAL_ROLE_SIGNAL,False,False,False,True
surface_token,okey,24,12,R06,0.665,R00,12,CONTEXTUAL_ROLE_SIGNAL,False,False,False,True
surface_token,okol,24,8,H08,0.579,R07,23,STABLE_BUT_LOCAL_OR_THRESHOLD_SENSITIVE,False,True,False,True
surface_token,oky,24,0,R00,0.416,R00,29,ROLE_STABLE_ACROSS_CONFOUNDS,True,True,True,False
surface_token,ol,24,22,R06,0.778,R06,73,STABLE_BUT_LOCAL_OR_THRESHOLD_SENSITIVE,False,False,True,True
surface_token,olkeedy,24,4,H12,0.23,R00,11,CONTEXTUAL_ROLE_SIGNAL,False,False,False,False
surface_token,oly,24,7,R00,0.694,R06,15,CONTEXTUAL_ROLE_SIGNAL,False,False,False,True
surface_token,or,24,22,R06,0.778,R06,48,ROLE_STABLE_ACROSS_CONFOUNDS,True,True,True,True
surface_token,otaiin,24,17,R10,0.907,R10,23,STABLE_BUT_LOCAL_OR_THRESHOLD_SENSITIVE,False,True,True,True
surface_token,otain,24,21,R00,0.74,R00,25,STABLE_BUT_LOCAL_OR_THRESHOLD_SENSITIVE,False,False,True,True
surface_token,otar,24,21,R00,0.74,R01,13,CONTEXTUAL_ROLE_SIGNAL,False,False,False,True
surface_token,otedy,24,9,R06,0.389,R01,30,STABLE_BUT_LOCAL_OR_THRESHOLD_SENSITIVE,False,False,False,False
surface_token,oteedy,24,9,R06,0.389,R01,15,CONTEXTUAL_ROLE_SIGNAL,False,False,False,False
surface_token,oteey,24,5,R01,1.0,R01,13,CONTEXTUAL_ROLE_SIGNAL,False,False,True,True
surface_token,otey,24,5,R01,1.0,R01,10,CONTEXTUAL_ROLE_SIGNAL,False,False,True,True
surface_token,otor,24,21,R00,0.74,R00,12,CONTEXTUAL_ROLE_SIGNAL,False,False,True,True
surface_token,oty,24,0,R00,0.416,R01,11,CONTEXTUAL_ROLE_SIGNAL,False,False,False,False
surface_token,qokaiin,24,8,H08,0.579,H08,44,STABLE_BUT_LOCAL_OR_THRESHOLD_SENSITIVE,False,False,True,True
surface_token,qokain,24,8,H08,0.579,H08,57,CONTEXTUAL_ROLE_SIGNAL,False,False,True,True
surface_token,qokal,24,8,H08,0.579,H08,37,STABLE_BUT_LOCAL_OR_THRESHOLD_SENSITIVE,False,False,True,True
surface_token,qokar,24,8,H08,0.579,R03,29,STABLE_BUT_LOCAL_OR_THRESHOLD_SENSITIVE,False,True,False,True
surface_token,qokchdy,24,18,R00,0.362,H09,16,CONTEXTUAL_ROLE_SIGNAL,False,False,False,False
surface_token,qokchy,24,18,R00,0.362,H08,10,CONTEXTUAL_ROLE_SIGNAL,False,False,False,False
surface_token,qokedy,24,4,H12,0.23,H12,89,STABLE_BUT_LOCAL_OR_THRESHOLD_SENSITIVE,False,False,True,False
surface_token,qokeedy,24,4,H12,0.23,H01,85,STABLE_BUT_LOCAL_OR_THRESHOLD_SENSITIVE,False,False,False,False
surface_token,qokeey,24,4,H12,0.23,H08,77,STABLE_BUT_LOCAL_OR_THRESHOLD_SENSITIVE,False,True,False,False
surface_token,qokey,24,12,R06,0.665,H08,25,STABLE_BUT_LOCAL_OR_THRESHOLD_SENSITIVE,False,False,False,True
surface_token,qokol,24,8,H08,0.579,H08,20,STABLE_BUT_LOCAL_OR_THRESHOLD_SENSITIVE,False,False,True,True
surface_token,qoky,24,0,R00,0.416,H01,43,STABLE_BUT_LOCAL_OR_THRESHOLD_SENSITIVE,False,False,False,False
surface_token,qol,24,16,R07,0.471,R00,23,CONTEXTUAL_ROLE_SIGNAL,False,False,False,False
surface_token,qotaiin,24,17,R10,0.907,H13,12,CONTEXTUAL_ROLE_SIGNAL,False,False,False,True
surface_token,qotain,24,3,H13,1.0,H13,15,CONTEXTUAL_ROLE_SIGNAL,False,False,True,True
surface_token,qotal,24,15,H13,1.0,H13,12,CONTEXTUAL_ROLE_SIGNAL,False,False,True,True
surface_token,qotar,24,3,H13,1.0,H13,10,CONTEXTUAL_ROLE_SIGNAL,False,False,True,True
surface_token,qotchy,24,18,R00,0.362,H13,11,CONTEXTUAL_ROLE_SIGNAL,False,False,False,False
surface_token,qotedy,24,9,R06,0.389,H17,22,STABLE_BUT_LOCAL_OR_THRESHOLD_SENSITIVE,False,False,False,False
surface_token,qoteedy,24,9,R06,0.389,H01,25,STABLE_BUT_LOCAL_OR_THRESHOLD_SENSITIVE,False,False,False,False
surface_token,qoty,24,0,R00,0.416,H01,16,CONTEXTUAL_ROLE_SIGNAL,False,False,False,False
surface_token,r,24,19,R06,0.705,R00,12,CONTEXTUAL_ROLE_SIGNAL,False,False,False,True
surface_token,raiin,24,7,R00,0.694,R00,13,CONTEXTUAL_ROLE_SIGNAL,False,False,True,True
surface_token,s,24,19,R06,0.705,R06,39,ROLE_STABLE_ACROSS_CONFOUNDS,True,True,True,True
surface_token,saiin,24,6,R06,1.0,R06,39,STABLE_BUT_LOCAL_OR_THRESHOLD_SENSITIVE,False,True,True,True
surface_token,sain,24,6,R06,1.0,R06,20,STABLE_BUT_LOCAL_OR_THRESHOLD_SENSITIVE,False,False,True,True
surface_token,sal,24,1,R06,0.519,R06,11,CONTEXTUAL_ROLE_SIGNAL,False,False,True,False
surface_token,sar,24,14,R06,1.0,R06,14,CONTEXTUAL_ROLE_SIGNAL,False,False,True,True
surface_token,shckhy,24,0,R00,0.416,R06,14,CONTEXTUAL_ROLE_SIGNAL,False,False,False,False
surface_token,shdy,24,13,R02,0.648,R06,10,CONTEXTUAL_ROLE_SIGNAL,False,False,False,True
surface_token,shedy,24,9,R06,0.389,R06,95,STABLE_BUT_LOCAL_OR_THRESHOLD_SENSITIVE,False,False,True,False
surface_token,sheedy,24,9,R06,0.389,R06,23,STABLE_BUT_LOCAL_OR_THRESHOLD_SENSITIVE,False,False,True,False
surface_token,sheey,24,12,R06,0.665,R06,29,ROLE_STABLE_ACROSS_CONFOUNDS,True,True,True,True
surface_token,sheol,24,12,R06,0.665,R06,17,CONTEXTUAL_ROLE_SIGNAL,False,False,True,True
surface_token,shey,24,12,R06,0.665,R06,48,ROLE_STABLE_ACROSS_CONFOUNDS,True,True,True,True
surface_token,sho,24,6,R06,1.0,R06,22,CONTEXTUAL_ROLE_SIGNAL,False,False,True,True
surface_token,shol,24,16,R07,0.471,R08,21,STABLE_BUT_LOCAL_OR_THRESHOLD_SENSITIVE,False,True,False,False
surface_token,shor,24,14,R06,1.0,R06,11,CONTEXTUAL_ROLE_SIGNAL,False,False,True,True
surface_token,shy,24,13,R02,0.648,R06,21,STABLE_BUT_LOCAL_OR_THRESHOLD_SENSITIVE,False,True,False,True
surface_token,sol,24,16,R07,0.471,R06,15,CONTEXTUAL_ROLE_SIGNAL,False,False,False,False
surface_token,sor,24,14,R06,1.0,R06,10,CONTEXTUAL_ROLE_SIGNAL,False,False,True,True
surface_token,tedy,24,4,H12,0.23,R06,10,CONTEXTUAL_ROLE_SIGNAL,False,False,False,False
surface_token,y,24,19,R06,0.705,R06,25,ROLE_STABLE_ACROSS_CONFOUNDS,True,True,True,True
surface_token,ykaiin,24,4,H12,0.23,R06,11,CONTEXTUAL_ROLE_SIGNAL,False,False,False,False
conservative_morphology,ai|r|OE,24,6,R06,0.36,R06,39,CONTEXTUAL_ROLE_SIGNAL,False,False,True,False
conservative_morphology,ala|m|OLO,24,20,R06,0.545,R00,10,CONTEXTUAL_ROLE_SIGNAL,False,False,False,False
conservative_morphology,al|dy|OL,24,4,R00,0.58,R00,22,CONTEXTUAL_ROLE_SIGNAL,False,False,True,True
conservative_morphology,al|y|OL,24,4,R00,0.58,R00,33,CONTEXTUAL_ROLE_SIGNAL,False,False,True,True
conservative_morphology,ar|al|OL,24,4,R00,0.58,R00,12,CONTEXTUAL_ROLE_SIGNAL,False,False,True,True
conservative_morphology,ar|y|OL,24,4,R00,0.58,R00,35,CONTEXTUAL_ROLE_SIGNAL,False,False,True,True
conservative_morphology,a|iin|O,24,6,R06,0.36,R10,380,LOW_POWER_OR_UNSTABLE,False,False,False,False
conservative_morphology,a|in|O,24,6,R06,0.36,R06,226,LOW_POWER_OR_UNSTABLE,False,False,True,False
conservative_morphology,a|l|O,24,6,R06,0.36,R06,192,LOW_POWER_OR_UNSTABLE,False,False,True,False
conservative_morphology,a|m|O,24,20,R06,0.545,R06,63,LOW_POWER_OR_UNSTABLE,False,False,True,False
conservative_morphology,a|n|O,24,20,R06,0.545,R06,16,CONTEXTUAL_ROLE_SIGNAL,False,False,True,False
conservative_morphology,a|r|O,24,6,R06,0.36,R06,224,LOW_POWER_OR_UNSTABLE,False,False,True,False
conservative_morphology,cho|NONE|BO,24,7,R00,0.653,R00,20,CONTEXTUAL_ROLE_SIGNAL,False,False,True,True
conservative_morphology,ch|dy|B,24,13,R00,0.438,R00,42,CONTEXTUAL_ROLE_SIGNAL,False,False,True,False
conservative_morphology,ch|edy|B,24,13,R00,0.438,R00,37,LOW_POWER_OR_UNSTABLE,False,False,True,False
conservative_morphology,ch|eey|B,24,10,R00,0.494,R00,14,LOW_POWER_OR_UNSTABLE,False,False,True,False
conservative_morphology,ch|ey|B,24,10,R00,0.494,R00,43,LOW_POWER_OR_UNSTABLE,False,False,True,False
conservative_morphology,ch|ol|B,24,13,R00,0.438,R06,20,LOW_POWER_OR_UNSTABLE,False,False,False,False
conservative_morphology,ch|or|B,24,13,R00,0.438,R06,21,LOW_POWER_OR_UNSTABLE,False,False,False,False
conservative_morphology,ch|y|B,24,1,R00,0.543,R00,63,LOW_POWER_OR_UNSTABLE,False,False,True,False
conservative_morphology,ckh|ey|XGX,24,0,R04,0.532,R00,20,CONTEXTUAL_ROLE_SIGNAL,False,False,False,False
conservative_morphology,ckh|y|XGX,24,1,R00,0.543,R00,73,STABLE_BUT_LOCAL_OR_THRESHOLD_SENSITIVE,False,False,True,False
conservative_morphology,cth|ey|XGX,24,0,R04,0.532,R04,14,CONTEXTUAL_ROLE_SIGNAL,False,False,True,False
conservative_morphology,cth|or|XGX,24,0,R04,0.532,R04,13,CONTEXTUAL_ROLE_SIGNAL,False,False,True,False
conservative_morphology,cth|y|XGX,24,1,R00,0.543,R04,40,STABLE_BUT_LOCAL_OR_THRESHOLD_SENSITIVE,False,False,False,False
conservative_morphology,d|aiin|D,24,5,R02,0.46,R10,20,CONTEXTUAL_ROLE_SIGNAL,False,False,False,False
conservative_morphology,d|al|D,24,5,R02,0.46,R00,12,CONTEXTUAL_ROLE_SIGNAL,False,False,False,False
conservative_morphology,d|ar|D,24,2,R00,0.5,R00,12,CONTEXTUAL_ROLE_SIGNAL,False,False,True,False
conservative_morphology,d|y|D,24,5,R02,0.46,R02,92,CONTEXTUAL_ROLE_SIGNAL,False,False,True,False
conservative_morphology,eckh|y|EXGX,24,16,R00,1.0,R00,12,CONTEXTUAL_ROLE_SIGNAL,False,False,True,True
conservative_morphology,ed|NONE|ED,24,9,R06,0.294,R06,12,CONTEXTUAL_ROLE_SIGNAL,False,False,True,False
conservative_morphology,ed|al|ED,24,9,R06,0.294,R00,11,LOW_POWER_OR_UNSTABLE,False,False,False,False
conservative_morphology,eed|NONE|ED,24,9,R06,0.294,H08,11,LOW_POWER_OR_UNSTABLE,False,False,False,False
conservative_morphology,ees|NONE|EX,24,7,R00,0.653,R00,11,CONTEXTUAL_ROLE_SIGNAL,False,False,True,True
conservative_morphology,ee|ol|E,24,3,R00,0.562,R00,10,CONTEXTUAL_ROLE_SIGNAL,False,False,True,True
conservative_morphology,ee|or|E,24,3,R00,0.562,R00,10,LOW_POWER_OR_UNSTABLE,False,False,True,True
conservative_morphology,ek|y|EG,24,8,R00,0.386,R06,22,STABLE_BUT_LOCAL_OR_THRESHOLD_SENSITIVE,False,True,False,False
conservative_morphology,eos|NONE|EOX,24,7,R00,0.653,R00,12,CONTEXTUAL_ROLE_SIGNAL,False,False,True,True
conservative_morphology,eo|NONE|EO,24,7,R00,0.653,R00,16,LOW_POWER_OR_UNSTABLE,False,False,True,True
conservative_morphology,eo|dy|EO,24,7,R00,0.653,R00,50,LOW_POWER_OR_UNSTABLE,False,False,True,True
conservative_morphology,e|al|E,24,3,R00,0.562,R00,14,CONTEXTUAL_ROLE_SIGNAL,False,False,True,True
conservative_morphology,e|ar|E,24,14,R00,0.692,R00,26,CONTEXTUAL_ROLE_SIGNAL,False,False,True,True
conservative_morphology,e|dy|E,24,11,R06,0.228,R06,367,LOW_POWER_OR_UNSTABLE,False,False,True,False
conservative_morphology,e|edy|E,24,11,R06,0.228,H01,203,LOW_POWER_OR_UNSTABLE,False,False,False,False
conservative_morphology,e|eey|E,24,23,R06,0.531,R00,16,LOW_POWER_OR_UNSTABLE,False,False,False,False
conservative_morphology,e|ey|E,24,23,R06,0.531,R06,195,LOW_POWER_OR_UNSTABLE,False,False,True,False
conservative_morphology,e|ol|E,24,3,R00,0.562,R00,68,LOW_POWER_OR_UNSTABLE,False,False,True,True
conservative_morphology,e|or|E,24,3,R00,0.562,R00,28,CONTEXTUAL_ROLE_SIGNAL,False,False,True,True
conservative_morphology,e|y|E,24,23,R06,0.531,R06,156,LOW_POWER_OR_UNSTABLE,False,False,True,False
conservative_morphology,i|in|E,24,3,R00,0.562,R00,11,CONTEXTUAL_ROLE_SIGNAL,False,False,True,True
conservative_morphology,kch|y|GB,24,8,R00,0.386,R06,16,CONTEXTUAL_ROLE_SIGNAL,False,False,False,False
conservative_morphology,ke|eey|GE,24,18,R00,0.562,R00,11,LOW_POWER_OR_UNSTABLE,False,False,True,True
conservative_morphology,ke|ol|GE,24,22,R06,0.761,R06,10,CONTEXTUAL_ROLE_SIGNAL,False,False,True,True
conservative_morphology,k|aiin|G,24,12,R06,0.656,R06,27,CONTEXTUAL_ROLE_SIGNAL,False,False,True,True
conservative_morphology,k|ain|G,24,8,R00,0.386,R06,14,LOW_POWER_OR_UNSTABLE,False,False,False,False
conservative_morphology,k|ar|G,24,22,R06,0.761,R06,24,STABLE_BUT_LOCAL_OR_THRESHOLD_SENSITIVE,False,True,True,True
conservative_morphology,k|edy|G,24,8,R00,0.386,R00,22,CONTEXTUAL_ROLE_SIGNAL,False,False,True,False
conservative_morphology,k|eedy|G,24,8,R00,0.386,R00,25,CONTEXTUAL_ROLE_SIGNAL,False,False,True,False
conservative_morphology,k|eey|G,24,18,R00,0.562,R00,21,CONTEXTUAL_ROLE_SIGNAL,False,False,True,True
conservative_morphology,k|ey|G,24,8,R00,0.386,R06,10,CONTEXTUAL_ROLE_SIGNAL,False,False,False,False
conservative_morphology,k|ol|G,24,22,R06,0.761,R06,12,CONTEXTUAL_ROLE_SIGNAL,False,False,True,True
conservative_morphology,k|y|G,24,8,R00,0.386,H01,91,CONTEXTUAL_ROLE_SIGNAL,False,False,False,False
conservative_morphology,lch|edy|LB,24,19,R00,0.884,R00,31,STABLE_BUT_LOCAL_OR_THRESHOLD_SENSITIVE,False,False,True,True
conservative_morphology,lch|ey|LB,24,19,R00,0.884,R00,12,CONTEXTUAL_ROLE_SIGNAL,False,False,True,True
conservative_morphology,lk|eedy|LG,24,15,R00,0.778,R00,17,CONTEXTUAL_ROLE_SIGNAL,False,False,True,True
conservative_morphology,lk|eey|LG,24,15,R00,0.778,R00,10,CONTEXTUAL_ROLE_SIGNAL,False,False,True,True
conservative_morphology,l|or|L,24,3,R00,0.562,R00,12,CONTEXTUAL_ROLE_SIGNAL,False,False,True,True
conservative_morphology,l|y|L,24,4,R00,0.58,R06,23,CONTEXTUAL_ROLE_SIGNAL,False,False,False,True
conservative_morphology,octh|y|OXGX,24,1,R00,0.543,R00,10,CONTEXTUAL_ROLE_SIGNAL,False,False,True,False
conservative_morphology,od|aiin|OD,24,21,R00,0.593,R00,17,LOW_POWER_OR_UNSTABLE,False,False,True,True
conservative_morphology,od|ar|OD,24,21,R00,0.593,R00,10,CONTEXTUAL_ROLE_SIGNAL,False,False,True,True
conservative_morphology,ok|y|OG,24,4,R00,0.58,R00,18,CONTEXTUAL_ROLE_SIGNAL,False,True,True,True
conservative_morphology,os|NONE|OX,24,7,R00,0.653,R00,15,CONTEXTUAL_ROLE_SIGNAL,False,False,True,True
conservative_morphology,o|dy|O,24,6,R06,0.36,R00,41,ROLE_STABLE_ACROSS_CONFOUNDS,True,True,False,False
conservative_morphology,o|iin|O,24,6,R06,0.36,R06,11,CONTEXTUAL_ROLE_SIGNAL,False,False,True,False
conservative_morphology,o|l|O,24,6,R06,0.36,R07,314,LOW_POWER_OR_UNSTABLE,False,False,False,False
conservative_morphology,o|m|O,24,20,R06,0.545,R06,10,LOW_POWER_OR_UNSTABLE,False,False,True,False
conservative_morphology,o|r|O,24,6,R06,0.36,R06,172,LOW_POWER_OR_UNSTABLE,False,False,True,False
conservative_morphology,pch|edy|GB,24,17,R00,0.625,R00,19,CONTEXTUAL_ROLE_SIGNAL,False,False,True,True
conservative_morphology,pch|ey|GB,24,17,R00,0.625,R00,13,CONTEXTUAL_ROLE_SIGNAL,False,False,True,True
conservative_morphology,sh|edy|B,24,13,R00,0.438,R06,24,LOW_POWER_OR_UNSTABLE,False,False,False,False
conservative_morphology,sh|ey|B,24,10,R00,0.494,R00,20,LOW_POWER_OR_UNSTABLE,False,False,True,False
conservative_morphology,t|aiin|G,24,12,R06,0.656,R06,12,CONTEXTUAL_ROLE_SIGNAL,False,False,True,True
conservative_morphology,t|edy|G,24,12,R06,0.656,R06,15,CONTEXTUAL_ROLE_SIGNAL,False,False,True,True
conservative_morphology,t|eedy|G,24,12,R06,0.656,R00,10,CONTEXTUAL_ROLE_SIGNAL,False,False,False,True
conservative_morphology,t|y|G,24,8,R00,0.386,H01,33,LOW_POWER_OR_UNSTABLE,False,False,False,False
broad_shape,BEO|dy,24,12,R00,0.516,R00,14,CONTEXTUAL_ROLE_SIGNAL,False,False,True,False
broad_shape,BE|ol,24,12,R00,0.516,R06,10,LOW_POWER_OR_UNSTABLE,False,False,False,False
broad_shape,BO|NONE,24,20,R00,0.473,R00,25,LOW_POWER_OR_UNSTABLE,False,False,True,False
broad_shape,B|dy,24,6,R00,0.523,R00,50,LOW_POWER_OR_UNSTABLE,False,False,True,False
broad_shape,B|edy,24,6,R00,0.523,R00,61,LOW_POWER_OR_UNSTABLE,False,False,True,False
broad_shape,B|eedy,24,6,R00,0.523,R00,11,LOW_POWER_OR_UNSTABLE,False,False,True,False
broad_shape,B|eey,24,12,R00,0.516,R06,21,LOW_POWER_OR_UNSTABLE,False,False,False,False
broad_shape,B|ey,24,6,R00,0.523,R00,63,LOW_POWER_OR_UNSTABLE,False,False,True,False
broad_shape,B|ol,24,12,R00,0.516,R06,22,LOW_POWER_OR_UNSTABLE,False,False,False,False
broad_shape,B|or,24,12,R00,0.516,R06,28,LOW_POWER_OR_UNSTABLE,False,False,False,False
broad_shape,B|y,24,6,R00,0.523,R00,73,LOW_POWER_OR_UNSTABLE,False,False,True,False
broad_shape,DO|NONE,24,20,R00,0.473,R06,10,CONTEXTUAL_ROLE_SIGNAL,False,False,False,False
broad_shape,D|aiin,24,11,R10,0.6,R10,20,CONTEXTUAL_ROLE_SIGNAL,False,False,True,True
broad_shape,D|al,24,21,R00,0.423,R00,12,CONTEXTUAL_ROLE_SIGNAL,False,False,True,False
broad_shape,D|ar,24,23,R00,0.564,R00,12,CONTEXTUAL_ROLE_SIGNAL,False,False,True,True
broad_shape,D|y,24,21,R00,0.423,R02,92,CONTEXTUAL_ROLE_SIGNAL,False,False,False,False
broad_shape,ED|NONE,24,19,R00,0.397,H08,24,LOW_POWER_OR_UNSTABLE,False,False,False,False
broad_shape,ED|aiin,24,19,R00,0.397,R00,10,CONTEXTUAL_ROLE_SIGNAL,False,False,True,False
broad_shape,ED|ain,24,19,R00,0.397,R00,11,CONTEXTUAL_ROLE_SIGNAL,False,False,True,False
broad_shape,ED|al,24,19,R00,0.397,R09,13,LOW_POWER_OR_UNSTABLE,False,False,False,False
broad_shape,EG|ain,24,14,R00,0.57,R00,10,CONTEXTUAL_ROLE_SIGNAL,False,False,True,True
broad_shape,EG|y,24,14,R00,0.57,R06,40,STABLE_BUT_LOCAL_OR_THRESHOLD_SENSITIVE,False,True,False,True
broad_shape,EOD|NONE,24,20,R00,0.473,R00,11,CONTEXTUAL_ROLE_SIGNAL,False,False,True,False
broad_shape,EOL|y,24,4,R00,0.747,R00,14,CONTEXTUAL_ROLE_SIGNAL,False,False,True,True
broad_shape,EOX|NONE,24,20,R00,0.473,R00,19,CONTEXTUAL_ROLE_SIGNAL,False,False,True,False
broad_shape,EO|NONE,24,13,R00,0.661,R00,25,CONTEXTUAL_ROLE_SIGNAL,False,False,True,True
broad_shape,EO|dy,24,17,R00,0.576,R00,59,LOW_POWER_OR_UNSTABLE,False,False,True,True
broad_shape,EXGX|y,24,14,R00,0.57,R00,25,STABLE_BUT_LOCAL_OR_THRESHOLD_SENSITIVE,False,True,True,True
broad_shape,EX|NONE,24,13,R00,0.661,R00,31,STABLE_BUT_LOCAL_OR_THRESHOLD_SENSITIVE,False,True,True,True
broad_shape,E|al,24,7,R00,0.557,R00,17,CONTEXTUAL_ROLE_SIGNAL,False,False,True,True
broad_shape,E|ar,24,7,R00,0.557,R00,32,LOW_POWER_OR_UNSTABLE,False,False,True,True
broad_shape,E|dy,24,22,R06,0.223,R06,367,LOW_POWER_OR_UNSTABLE,False,False,True,False
broad_shape,E|edy,24,22,R06,0.223,H01,203,LOW_POWER_OR_UNSTABLE,False,False,False,False
broad_shape,E|eey,24,3,R06,0.531,R00,16,LOW_POWER_OR_UNSTABLE,False,False,False,False
broad_shape,E|ey,24,3,R06,0.531,R06,195,LOW_POWER_OR_UNSTABLE,False,False,True,False
broad_shape,E|in,24,7,R00,0.557,R00,11,CONTEXTUAL_ROLE_SIGNAL,False,False,True,True
broad_shape,E|ol,24,7,R00,0.557,R00,78,LOW_POWER_OR_UNSTABLE,False,False,True,True
broad_shape,E|or,24,7,R00,0.557,R00,38,LOW_POWER_OR_UNSTABLE,False,False,True,True
broad_shape,E|y,24,3,R06,0.531,R06,156,LOW_POWER_OR_UNSTABLE,False,False,True,False
broad_shape,GBE|or,24,12,R00,0.516,R00,10,CONTEXTUAL_ROLE_SIGNAL,False,False,True,False
broad_shape,GB|dy,24,5,R06,0.599,R00,17,CONTEXTUAL_ROLE_SIGNAL,False,False,False,True
broad_shape,GB|edy,24,5,R06,0.599,R00,42,LOW_POWER_OR_UNSTABLE,False,False,False,True
broad_shape,GB|ey,24,5,R06,0.599,R06,30,CONTEXTUAL_ROLE_SIGNAL,False,False,True,True
broad_shape,GB|ol,24,5,R06,0.599,R06,19,CONTEXTUAL_ROLE_SIGNAL,False,False,True,True
broad_shape,GB|or,24,5,R06,0.599,R06,20,STABLE_BUT_LOCAL_OR_THRESHOLD_SENSITIVE,False,True,True,True
broad_shape,GB|y,24,5,R06,0.599,R06,39,CONTEXTUAL_ROLE_SIGNAL,False,False,True,True
broad_shape,GEO|dy,24,2,R06,0.428,R00,25,CONTEXTUAL_ROLE_SIGNAL,False,False,False,False
broad_shape,GE|eey,24,2,R06,0.428,R00,12,LOW_POWER_OR_UNSTABLE,False,False,False,False
broad_shape,GE|ol,24,9,R00,0.365,R06,19,STABLE_BUT_LOCAL_OR_THRESHOLD_SENSITIVE,False,True,False,False
broad_shape,GOE|r,24,15,R06,0.492,R06,11,CONTEXTUAL_ROLE_SIGNAL,False,False,True,False
broad_shape,GOL|y,24,4,R00,0.747,R06,16,CONTEXTUAL_ROLE_SIGNAL,False,False,False,True
broad_shape,GO|NONE,24,20,R00,0.473,R00,14,CONTEXTUAL_ROLE_SIGNAL,False,False,True,False
broad_shape,GO|m,24,18,R00,0.492,R06,12,CONTEXTUAL_ROLE_SIGNAL,False,False,False,False
broad_shape,G|NONE,24,18,R00,0.492,R06,13,CONTEXTUAL_ROLE_SIGNAL,False,False,False,False
broad_shape,G|aiin,24,2,R06,0.428,R06,44,CONTEXTUAL_ROLE_SIGNAL,False,False,True,False
broad_shape,G|ain,24,2,R06,0.428,R06,23,LOW_POWER_OR_UNSTABLE,False,False,True,False
broad_shape,G|al,24,2,R06,0.428,R06,15,LOW_POWER_OR_UNSTABLE,False,False,True,False
broad_shape,G|ar,24,2,R06,0.428,R06,40,CONTEXTUAL_ROLE_SIGNAL,False,False,True,False
broad_shape,G|edy,24,2,R06,0.428,R00,37,LOW_POWER_OR_UNSTABLE,False,False,False,False
broad_shape,G|eedy,24,2,R06,0.428,R00,35,CONTEXTUAL_ROLE_SIGNAL,False,False,False,False
broad_shape,G|eey,24,2,R06,0.428,R06,30,CONTEXTUAL_ROLE_SIGNAL,False,False,True,False
broad_shape,G|ey,24,2,R06,0.428,R06,14,CONTEXTUAL_ROLE_SIGNAL,False,False,True,False
broad_shape,G|ol,24,2,R06,0.428,R06,20,STABLE_BUT_LOCAL_OR_THRESHOLD_SENSITIVE,False,True,True,False
broad_shape,G|or,24,2,R06,0.428,R06,17,CONTEXTUAL_ROLE_SIGNAL,False,False,True,False
broad_shape,G|y,24,2,R06,0.428,H01,127,LOW_POWER_OR_UNSTABLE,False,False,False,False
broad_shape,LB|edy,24,16,R00,0.929,R00,45,STABLE_BUT_LOCAL_OR_THRESHOLD_SENSITIVE,False,False,True,True
broad_shape,LB|ey,24,16,R00,0.929,R00,25,STABLE_BUT_LOCAL_OR_THRESHOLD_SENSITIVE,False,False,True,True
broad_shape,LG|ain,24,10,R00,0.844,R00,13,CONTEXTUAL_ROLE_SIGNAL,False,False,True,True
broad_shape,LG|eedy,24,10,R00,0.844,R00,20,CONTEXTUAL_ROLE_SIGNAL,False,False,True,True
broad_shape,LG|eey,24,10,R00,0.844,R00,12,CONTEXTUAL_ROLE_SIGNAL,False,False,True,True
broad_shape,LO|NONE,24,8,R00,1.0,R00,10,CONTEXTUAL_ROLE_SIGNAL,False,False,True,True
broad_shape,L|NONE,24,20,R00,0.473,R06,27,CONTEXTUAL_ROLE_SIGNAL,False,False,False,False
broad_shape,L|aiin,24,21,R00,0.423,R00,17,CONTEXTUAL_ROLE_SIGNAL,False,False,True,False
broad_shape,L|ol,24,21,R00,0.423,R00,14,CONTEXTUAL_ROLE_SIGNAL,False,False,True,False
broad_shape,L|or,24,21,R00,0.423,R00,16,CONTEXTUAL_ROLE_SIGNAL,False,False,True,False
broad_shape,L|y,24,21,R00,0.423,R06,31,CONTEXTUAL_ROLE_SIGNAL,False,False,False,False
broad_shape,OD|aiin,24,23,R00,0.564,R00,17,LOW_POWER_OR_UNSTABLE,False,False,True,True
broad_shape,OD|ar,24,23,R00,0.564,R00,10,CONTEXTUAL_ROLE_SIGNAL,False,False,True,True
broad_shape,OE|iin,24,21,R00,0.423,R00,11,CONTEXTUAL_ROLE_SIGNAL,False,False,True,False
broad_shape,OE|r,24,15,R06,0.492,R06,39,CONTEXTUAL_ROLE_SIGNAL,False,False,True,False
broad_shape,OGB|y,24,14,R00,0.57,R00,10,CONTEXTUAL_ROLE_SIGNAL,False,False,True,True
broad_shape,OG|NONE,24,20,R00,0.473,R00,12,CONTEXTUAL_ROLE_SIGNAL,False,False,True,False
broad_shape,OG|y,24,4,R00,0.747,R00,26,ROLE_STABLE_ACROSS_CONFOUNDS,True,True,True,True
broad_shape,OI|r,24,15,R06,0.492,R00,11,CONTEXTUAL_ROLE_SIGNAL,False,False,False,False
broad_shape,OLB|edy,24,12,R00,0.516,R00,17,CONTEXTUAL_ROLE_SIGNAL,False,False,True,False
broad_shape,OLOL|y,24,4,R00,0.747,R00,16,CONTEXTUAL_ROLE_SIGNAL,False,False,True,True
broad_shape,OLO|NONE,24,18,R00,0.492,R00,15,CONTEXTUAL_ROLE_SIGNAL,False,False,True,False
broad_shape,OLO|m,24,18,R00,0.492,R00,23,CONTEXTUAL_ROLE_SIGNAL,False,False,True,False
broad_shape,OLX|NONE,24,20,R00,0.473,R00,11,CONTEXTUAL_ROLE_SIGNAL,False,False,True,False
broad_shape,OL|aiin,24,1,R00,0.611,R00,13,CONTEXTUAL_ROLE_SIGNAL,False,False,True,True
broad_shape,OL|al,24,1,R00,0.611,R00,21,CONTEXTUAL_ROLE_SIGNAL,False,False,True,True
broad_shape,OL|ar,24,1,R00,0.611,R00,14,CONTEXTUAL_ROLE_SIGNAL,False,False,True,True
broad_shape,OL|dy,24,1,R00,0.611,R00,34,LOW_POWER_OR_UNSTABLE,False,False,True,True
broad_shape,OL|ol,24,1,R00,0.611,R00,12,CONTEXTUAL_ROLE_SIGNAL,False,False,True,True
broad_shape,OL|or,24,21,R00,0.423,R00,11,LOW_POWER_OR_UNSTABLE,False,False,True,False
broad_shape,OL|y,24,1,R00,0.611,R00,86,CONTEXTUAL_ROLE_SIGNAL,False,False,True,True
broad_shape,OXGX|y,24,4,R00,0.747,R00,23,STABLE_BUT_LOCAL_OR_THRESHOLD_SENSITIVE,False,True,True,True
broad_shape,OX|NONE,24,20,R00,0.473,R00,20,STABLE_BUT_LOCAL_OR_THRESHOLD_SENSITIVE,False,True,True,False
broad_shape,O|NONE,24,20,R00,0.473,R00,18,CONTEXTUAL_ROLE_SIGNAL,False,True,True,False
broad_shape,O|dy,24,0,R06,0.369,R00,43,ROLE_STABLE_ACROSS_CONFOUNDS,True,True,False,False
broad_shape,O|iin,24,0,R06,0.369,R10,391,LOW_POWER_OR_UNSTABLE,False,False,False,False
broad_shape,O|in,24,0,R06,0.369,R06,227,LOW_POWER_OR_UNSTABLE,False,False,True,False
broad_shape,O|l,24,0,R06,0.369,R07,506,LOW_POWER_OR_UNSTABLE,False,False,False,False
broad_shape,O|m,24,0,R06,0.369,R06,73,LOW_POWER_OR_UNSTABLE,False,False,True,False
broad_shape,O|n,24,0,R06,0.369,R00,17,CONTEXTUAL_ROLE_SIGNAL,False,False,False,False
broad_shape,O|r,24,0,R06,0.369,R06,396,LOW_POWER_OR_UNSTABLE,False,False,True,False
broad_shape,XGX|aiin,24,9,R00,0.365,R00,11,LOW_POWER_OR_UNSTABLE,False,False,True,False
broad_shape,XGX|edy,24,22,R06,0.223,R00,12,LOW_POWER_OR_UNSTABLE,False,False,False,False
broad_shape,XGX|ey,24,9,R00,0.365,R00,37,LOW_POWER_OR_UNSTABLE,False,False,True,False
broad_shape,XGX|ol,24,9,R00,0.365,R07,30,CONTEXTUAL_ROLE_SIGNAL,False,False,False,False
broad_shape,XGX|or,24,9,R00,0.365,R04,18,CONTEXTUAL_ROLE_SIGNAL,False,False,False,False
broad_shape,XGX|y,24,14,R00,0.57,R00,122,LOW_POWER_OR_UNSTABLE,False,False,True,True
broad_shape,XO|NONE,24,20,R00,0.473,R06,24,STABLE_BUT_LOCAL_OR_THRESHOLD_SENSITIVE,False,False,False,False
broad_shape,X|NONE,24,20,R00,0.473,R06,46,ROLE_STABLE_ACROSS_CONFOUNDS,True,True,False,False
broad_shape,X|y,24,21,R00,0.423,R06,30,ROLE_STABLE_ACROSS_CONFOUNDS,True,True,False,False
stolfi_inspired_signature,G_k|S_BDY|T_dy,24,11,R00,0.5,H09,26,CONTEXTUAL_ROLE_SIGNAL,False,False,False,False
stolfi_inspired_signature,G_k|S_BEY|T_ey,24,20,H08,0.62,H08,17,CONTEXTUAL_ROLE_SIGNAL,False,False,True,True
stolfi_inspired_signature,G_k|S_BY|T_y,24,20,H08,0.62,R00,24,CONTEXTUAL_ROLE_SIGNAL,False,False,False,True
stolfi_inspired_signature,G_k|S_EDY|T_dy,24,2,H01,0.33,H12,123,CONTEXTUAL_ROLE_SIGNAL,False,False,False,False
stolfi_inspired_signature,G_k|S_EDY|T_edy,24,2,H01,0.33,H01,118,CONTEXTUAL_ROLE_SIGNAL,False,False,True,False
stolfi_inspired_signature,G_k|S_EGY|T_y,24,0,R00,0.671,R06,28,ROLE_STABLE_ACROSS_CONFOUNDS,True,True,False,True
stolfi_inspired_signature,G_k|S_EODY|T_dy,24,5,R00,0.716,R00,26,CONTEXTUAL_ROLE_SIGNAL,False,False,True,True
stolfi_inspired_signature,G_k|S_EOL|T_ol,24,20,H08,0.62,H08,21,LOW_POWER_OR_UNSTABLE,False,False,True,True
stolfi_inspired_signature,G_k|S_EXGXY|T_y,24,0,R00,0.671,R00,14,CONTEXTUAL_ROLE_SIGNAL,False,False,True,True
stolfi_inspired_signature,G_k|S_EY|T_ey,24,20,H08,0.62,H08,114,CONTEXTUAL_ROLE_SIGNAL,False,False,True,True
stolfi_inspired_signature,G_k|S_EY|T_y,24,20,H08,0.62,H08,37,CONTEXTUAL_ROLE_SIGNAL,False,False,True,True
stolfi_inspired_signature,G_k|S_GBY|T_y,24,7,R06,0.409,R06,20,STABLE_BUT_LOCAL_OR_THRESHOLD_SENSITIVE,False,True,True,False
stolfi_inspired_signature,G_k|S_GEDY|T_edy,24,23,R00,0.502,R00,22,CONTEXTUAL_ROLE_SIGNAL,False,False,True,False
stolfi_inspired_signature,G_k|S_GEDY|T_eedy,24,23,R00,0.502,R00,25,CONTEXTUAL_ROLE_SIGNAL,False,False,True,False
stolfi_inspired_signature,G_k|S_GEODY|T_dy,24,5,R00,0.716,R00,17,CONTEXTUAL_ROLE_SIGNAL,False,False,True,True
stolfi_inspired_signature,G_k|S_GEOL|T_ol,24,3,R06,0.776,R06,13,CONTEXTUAL_ROLE_SIGNAL,False,False,True,True
stolfi_inspired_signature,G_k|S_GEY|T_eey,24,23,R00,0.502,R00,32,CONTEXTUAL_ROLE_SIGNAL,False,False,True,False
stolfi_inspired_signature,G_k|S_GEY|T_ey,24,23,R00,0.502,R06,10,CONTEXTUAL_ROLE_SIGNAL,False,False,False,False
stolfi_inspired_signature,G_k|S_GOEL|T_ain,24,23,R00,0.502,R06,14,LOW_POWER_OR_UNSTABLE,False,False,False,False
stolfi_inspired_signature,G_k|S_GOIL|T_aiin,24,23,R00,0.502,R06,27,CONTEXTUAL_ROLE_SIGNAL,False,False,False,False
stolfi_inspired_signature,G_k|S_GOL|T_ar,24,3,R06,0.776,R06,24,STABLE_BUT_LOCAL_OR_THRESHOLD_SENSITIVE,False,True,True,True
stolfi_inspired_signature,G_k|S_GOL|T_ol,24,3,R06,0.776,R06,12,CONTEXTUAL_ROLE_SIGNAL,False,False,True,True
stolfi_inspired_signature,G_k|S_GO|T_NONE,24,5,R00,0.716,R00,10,CONTEXTUAL_ROLE_SIGNAL,False,False,True,True
stolfi_inspired_signature,G_k|S_GY|T_y,24,23,R00,0.502,H01,91,CONTEXTUAL_ROLE_SIGNAL,False,False,False,False
stolfi_inspired_signature,G_k|S_LGEDY|T_eedy,24,16,R00,0.824,R00,17,CONTEXTUAL_ROLE_SIGNAL,False,False,True,True
stolfi_inspired_signature,G_k|S_LGEY|T_eey,24,16,R00,0.824,R00,17,CONTEXTUAL_ROLE_SIGNAL,False,False,True,True
stolfi_inspired_signature,G_k|S_ODY|T_dy,24,5,R00,0.716,R00,10,CONTEXTUAL_ROLE_SIGNAL,False,False,True,True
stolfi_inspired_signature,G_k|S_OEL|T_in,24,21,H08,0.348,H08,94,CONTEXTUAL_ROLE_SIGNAL,False,False,True,False
stolfi_inspired_signature,G_k|S_OGY|T_y,24,0,R00,0.671,R00,16,CONTEXTUAL_ROLE_SIGNAL,False,False,True,True
stolfi_inspired_signature,G_k|S_OIL|T_iin,24,12,R10,0.469,H08,86,LOW_POWER_OR_UNSTABLE,False,False,False,False
stolfi_inspired_signature,G_k|S_OLDY|T_dy,24,5,R00,0.716,R00,17,CONTEXTUAL_ROLE_SIGNAL,False,False,True,True
stolfi_inspired_signature,G_k|S_OLY|T_y,24,5,R00,0.716,R00,22,STABLE_BUT_LOCAL_OR_THRESHOLD_SENSITIVE,False,True,True,True
stolfi_inspired_signature,G_k|S_OL|T_l,24,21,H08,0.348,R07,116,CONTEXTUAL_ROLE_SIGNAL,False,False,False,False
stolfi_inspired_signature,G_k|S_OL|T_m,24,21,H08,0.348,H08,13,CONTEXTUAL_ROLE_SIGNAL,False,False,True,False
stolfi_inspired_signature,G_k|S_OL|T_r,24,21,H08,0.348,R03,68,ROLE_STABLE_ACROSS_CONFOUNDS,True,True,False,False
stolfi_inspired_signature,G_k|S_XGXEY|T_ey,24,14,R00,0.412,R00,20,CONTEXTUAL_ROLE_SIGNAL,False,False,True,False
stolfi_inspired_signature,G_k|S_XGXY|T_y,24,0,R00,0.671,R00,74,STABLE_BUT_LOCAL_OR_THRESHOLD_SENSITIVE,False,False,True,True
stolfi_inspired_signature,G_p|S_GBEDY|T_edy,24,7,R06,0.409,R00,21,CONTEXTUAL_ROLE_SIGNAL,False,False,False,False
stolfi_inspired_signature,G_p|S_GBEY|T_ey,24,7,R06,0.409,R00,13,CONTEXTUAL_ROLE_SIGNAL,False,False,False,False
stolfi_inspired_signature,G_t|S_BDY|T_dy,24,11,R00,0.5,R00,13,CONTEXTUAL_ROLE_SIGNAL,False,False,True,False
stolfi_inspired_signature,G_t|S_BEDY|T_edy,24,10,R01,0.375,H15,13,LOW_POWER_OR_UNSTABLE,False,False,False,False
stolfi_inspired_signature,G_t|S_BY|T_y,24,10,R01,0.375,H13,16,CONTEXTUAL_ROLE_SIGNAL,False,False,False,False
stolfi_inspired_signature,G_t|S_EDY|T_dy,24,2,H01,0.33,R01,52,LOW_POWER_OR_UNSTABLE,False,False,False,False
stolfi_inspired_signature,G_t|S_EDY|T_edy,24,2,H01,0.33,H01,40,LOW_POWER_OR_UNSTABLE,False,False,True,False
stolfi_inspired_signature,G_t|S_EXGXY|T_y,24,0,R00,0.671,R00,11,CONTEXTUAL_ROLE_SIGNAL,False,False,True,True
stolfi_inspired_signature,G_t|S_EY|T_ey,24,10,R01,0.375,R01,18,CONTEXTUAL_ROLE_SIGNAL,False,False,True,False
stolfi_inspired_signature,G_t|S_EY|T_y,24,10,R01,0.375,R01,15,LOW_POWER_OR_UNSTABLE,False,False,True,False
stolfi_inspired_signature,G_t|S_GBOL|T_or,24,7,R06,0.409,R06,10,CONTEXTUAL_ROLE_SIGNAL,False,False,True,False
stolfi_inspired_signature,G_t|S_GBY|T_y,24,7,R06,0.409,R06,10,CONTEXTUAL_ROLE_SIGNAL,False,False,True,False
stolfi_inspired_signature,G_t|S_GEDY|T_edy,24,13,R06,0.463,R06,15,CONTEXTUAL_ROLE_SIGNAL,False,False,True,False
stolfi_inspired_signature,G_t|S_GEDY|T_eedy,24,13,R06,0.463,R00,11,CONTEXTUAL_ROLE_SIGNAL,False,False,False,False
stolfi_inspired_signature,G_t|S_GEY|T_eey,24,13,R06,0.463,R06,10,CONTEXTUAL_ROLE_SIGNAL,False,False,True,False
stolfi_inspired_signature,G_t|S_GOIL|T_aiin,24,13,R06,0.463,R06,13,CONTEXTUAL_ROLE_SIGNAL,False,False,True,False
stolfi_inspired_signature,G_t|S_GY|T_y,24,13,R06,0.463,H01,33,LOW_POWER_OR_UNSTABLE,False,False,False,False
stolfi_inspired_signature,G_t|S_OEL|T_in,24,12,R10,0.469,R00,40,LOW_POWER_OR_UNSTABLE,False,False,False,False
stolfi_inspired_signature,G_t|S_OIL|T_iin,24,12,R10,0.469,R10,36,CONTEXTUAL_ROLE_SIGNAL,False,False,True,False
stolfi_inspired_signature,G_t|S_OLY|T_y,24,1,R00,0.566,R00,14,CONTEXTUAL_ROLE_SIGNAL,False,False,True,True
stolfi_inspired_signature,G_t|S_OL|T_l,24,21,H08,0.348,H13,36,LOW_POWER_OR_UNSTABLE,False,False,False,False
stolfi_inspired_signature,G_t|S_OL|T_r,24,21,H08,0.348,H13,38,LOW_POWER_OR_UNSTABLE,False,False,False,False
stolfi_inspired_signature,G_t|S_OXGXY|T_y,24,10,R01,0.375,R00,10,CONTEXTUAL_ROLE_SIGNAL,False,False,False,False
stolfi_inspired_signature,G_t|S_XGXEY|T_ey,24,14,R00,0.412,R04,14,CONTEXTUAL_ROLE_SIGNAL,False,False,False,False
stolfi_inspired_signature,G_t|S_XGXOL|T_or,24,7,R06,0.409,R04,13,CONTEXTUAL_ROLE_SIGNAL,False,False,False,False
stolfi_inspired_signature,G_t|S_XGXY|T_y,24,7,R06,0.409,R04,40,STABLE_BUT_LOCAL_OR_THRESHOLD_SENSITIVE,False,False,False,False
stolfi_inspired_signature,NG|S_BDY|T_dy,24,11,R00,0.5,R00,11,CONTEXTUAL_ROLE_SIGNAL,False,False,True,False
stolfi_inspired_signature,NG|S_BEDY|T_edy,24,8,R06,0.5,R00,39,LOW_POWER_OR_UNSTABLE,False,False,False,False
stolfi_inspired_signature,NG|S_BEOL|T_ol,24,8,R06,0.5,R06,10,LOW_POWER_OR_UNSTABLE,False,False,True,False
stolfi_inspired_signature,NG|S_BEY|T_eey,24,8,R06,0.5,R06,19,CONTEXTUAL_ROLE_SIGNAL,False,False,True,False
stolfi_inspired_signature,NG|S_BEY|T_ey,24,8,R06,0.5,R00,37,LOW_POWER_OR_UNSTABLE,False,False,False,False
stolfi_inspired_signature,NG|S_BOL|T_ol,24,8,R06,0.5,R06,13,CONTEXTUAL_ROLE_SIGNAL,False,False,True,False
stolfi_inspired_signature,NG|S_BOL|T_or,24,8,R06,0.5,R06,17,CONTEXTUAL_ROLE_SIGNAL,False,False,True,False
stolfi_inspired_signature,NG|S_BO|T_NONE,24,6,R06,0.547,R00,20,CONTEXTUAL_ROLE_SIGNAL,False,False,False,False
stolfi_inspired_signature,NG|S_BY|T_y,24,6,R06,0.547,R00,33,ROLE_STABLE_ACROSS_CONFOUNDS,True,True,False,False
stolfi_inspired_signature,NG|S_DOIL|T_aiin,24,15,R02,0.435,R10,20,CONTEXTUAL_ROLE_SIGNAL,False,False,False,False
stolfi_inspired_signature,NG|S_DOL|T_al,24,15,R02,0.435,R00,12,CONTEXTUAL_ROLE_SIGNAL,False,False,False,False
stolfi_inspired_signature,NG|S_DOL|T_ar,24,15,R02,0.435,R00,11,CONTEXTUAL_ROLE_SIGNAL,False,False,False,False
stolfi_inspired_signature,NG|S_DO|T_NONE,24,6,R06,0.547,R06,10,CONTEXTUAL_ROLE_SIGNAL,False,False,True,False
stolfi_inspired_signature,NG|S_DY|T_y,24,15,R02,0.435,R02,88,CONTEXTUAL_ROLE_SIGNAL,False,False,True,False
stolfi_inspired_signature,NG|S_EDY|T_dy,24,9,R06,0.624,R06,192,LOW_POWER_OR_UNSTABLE,False,False,True,True
stolfi_inspired_signature,NG|S_EDY|T_edy,24,9,R06,0.624,R06,45,STABLE_BUT_LOCAL_OR_THRESHOLD_SENSITIVE,False,False,True,True
stolfi_inspired_signature,NG|S_ED|T_NONE,24,22,R00,0.52,R06,10,CONTEXTUAL_ROLE_SIGNAL,False,False,False,False
stolfi_inspired_signature,NG|S_EODY|T_dy,24,19,R00,0.704,R00,27,CONTEXTUAL_ROLE_SIGNAL,False,False,True,True
stolfi_inspired_signature,NG|S_EOL|T_al,24,9,R06,0.624,R00,14,LOW_POWER_OR_UNSTABLE,False,False,False,True
stolfi_inspired_signature,NG|S_EOL|T_ar,24,9,R06,0.624,R00,23,STABLE_BUT_LOCAL_OR_THRESHOLD_SENSITIVE,False,True,False,True
stolfi_inspired_signature,NG|S_EOL|T_ol,24,9,R06,0.624,R00,51,CONTEXTUAL_ROLE_SIGNAL,False,False,False,True
stolfi_inspired_signature,NG|S_EOL|T_or,24,9,R06,0.624,R00,27,CONTEXTUAL_ROLE_SIGNAL,False,False,False,True
stolfi_inspired_signature,NG|S_EO|T_NONE,24,22,R00,0.52,R00,16,CONTEXTUAL_ROLE_SIGNAL,False,False,True,False
stolfi_inspired_signature,NG|S_EX|T_NONE,24,22,R00,0.52,R00,23,STABLE_BUT_LOCAL_OR_THRESHOLD_SENSITIVE,False,True,True,False
stolfi_inspired_signature,NG|S_EY|T_ey,24,9,R06,0.624,R06,63,ROLE_STABLE_ACROSS_CONFOUNDS,True,True,True,True
stolfi_inspired_signature,NG|S_EY|T_y,24,9,R06,0.624,R06,104,ROLE_STABLE_ACROSS_CONFOUNDS,True,True,True,True
stolfi_inspired_signature,NG|S_IL|T_in,24,9,R06,0.624,R00,10,CONTEXTUAL_ROLE_SIGNAL,False,False,False,True
stolfi_inspired_signature,NG|S_LBEDY|T_edy,24,17,R00,0.929,R00,45,STABLE_BUT_LOCAL_OR_THRESHOLD_SENSITIVE,False,False,True,True
stolfi_inspired_signature,NG|S_LBEY|T_ey,24,17,R00,0.929,R00,25,STABLE_BUT_LOCAL_OR_THRESHOLD_SENSITIVE,False,False,True,True
stolfi_inspired_signature,NG|S_LOIL|T_aiin,24,18,R00,0.75,R00,17,CONTEXTUAL_ROLE_SIGNAL,False,False,True,True
stolfi_inspired_signature,NG|S_LOL|T_ol,24,18,R00,0.75,R00,14,CONTEXTUAL_ROLE_SIGNAL,False,False,True,True
stolfi_inspired_signature,NG|S_LOL|T_or,24,18,R00,0.75,R00,16,CONTEXTUAL_ROLE_SIGNAL,False,False,True,True
stolfi_inspired_signature,NG|S_LO|T_NONE,24,6,R06,0.547,R00,10,CONTEXTUAL_ROLE_SIGNAL,False,False,False,False
stolfi_inspired_signature,NG|S_LY|T_y,24,18,R00,0.75,R06,29,CONTEXTUAL_ROLE_SIGNAL,False,False,False,True
stolfi_inspired_signature,NG|S_L|T_NONE,24,6,R06,0.547,R06,27,CONTEXTUAL_ROLE_SIGNAL,False,False,True,False
stolfi_inspired_signature,NG|S_ODOIL|T_aiin,24,4,R06,0.602,R00,16,LOW_POWER_OR_UNSTABLE,False,False,False,True
stolfi_inspired_signature,NG|S_ODY|T_dy,24,22,R00,0.52,R00,25,CONTEXTUAL_ROLE_SIGNAL,False,False,True,False
stolfi_inspired_signature,NG|S_OEL|T_in,24,4,R06,0.602,R06,93,ROLE_STABLE_ACROSS_CONFOUNDS,True,True,True,True
stolfi_inspired_signature,NG|S_OEL|T_r,24,4,R06,0.602,R06,25,CONTEXTUAL_ROLE_SIGNAL,False,False,True,True
stolfi_inspired_signature,NG|S_OIEL|T_iin,24,12,R10,0.469,R00,10,CONTEXTUAL_ROLE_SIGNAL,False,False,False,False
stolfi_inspired_signature,NG|S_OIL|T_iin,24,12,R10,0.469,R10,269,LOW_POWER_OR_UNSTABLE,False,False,True,False
stolfi_inspired_signature,NG|S_OLBEDY|T_edy,24,8,R06,0.5,R00,15,CONTEXTUAL_ROLE_SIGNAL,False,False,False,False
stolfi_inspired_signature,NG|S_OLDY|T_dy,24,1,R00,0.566,R09,12,CONTEXTUAL_ROLE_SIGNAL,False,False,False,True
stolfi_inspired_signature,NG|S_OLOLY|T_y,24,1,R00,0.566,R00,12,CONTEXTUAL_ROLE_SIGNAL,False,False,True,True
stolfi_inspired_signature,NG|S_OLOL|T_al,24,1,R00,0.566,R06,17,CONTEXTUAL_ROLE_SIGNAL,False,False,False,True
stolfi_inspired_signature,NG|S_OLOL|T_m,24,1,R00,0.566,R00,13,CONTEXTUAL_ROLE_SIGNAL,False,False,True,True
stolfi_inspired_signature,NG|S_OLOL|T_ol,24,1,R00,0.566,R00,12,CONTEXTUAL_ROLE_SIGNAL,False,False,True,True
stolfi_inspired_signature,NG|S_OLO|T_NONE,24,1,R00,0.566,R00,11,CONTEXTUAL_ROLE_SIGNAL,False,False,True,True
stolfi_inspired_signature,NG|S_OLY|T_y,24,1,R00,0.566,R00,50,CONTEXTUAL_ROLE_SIGNAL,False,False,True,True
stolfi_inspired_signature,NG|S_OL|T_l,24,4,R06,0.602,R06,355,LOW_POWER_OR_UNSTABLE,False,False,True,True
stolfi_inspired_signature,NG|S_OL|T_m,24,4,R06,0.602,R06,51,CONTEXTUAL_ROLE_SIGNAL,False,True,True,True
stolfi_inspired_signature,NG|S_OL|T_n,24,4,R06,0.602,R06,11,CONTEXTUAL_ROLE_SIGNAL,False,False,True,True
stolfi_inspired_signature,NG|S_OL|T_r,24,4,R06,0.602,R06,290,CONTEXTUAL_ROLE_SIGNAL,False,False,True,True
stolfi_inspired_signature,NG|S_OX|T_NONE,24,6,R06,0.547,R00,16,CONTEXTUAL_ROLE_SIGNAL,False,False,False,False
stolfi_inspired_signature,NG|S_O|T_NONE,24,1,R00,0.566,R00,18,CONTEXTUAL_ROLE_SIGNAL,False,True,True,True
stolfi_inspired_signature,NG|S_XO|T_NONE,24,22,R00,0.52,R06,24,STABLE_BUT_LOCAL_OR_THRESHOLD_SENSITIVE,False,False,False,False
stolfi_inspired_signature,NG|S_XY|T_y,24,6,R06,0.547,R06,30,ROLE_STABLE_ACROSS_CONFOUNDS,True,True,True,False
stolfi_inspired_signature,NG|S_X|T_NONE,24,6,R06,0.547,R06,46,ROLE_STABLE_ACROSS_CONFOUNDS,True,True,True,False
surface_token,aiin,32,28,R06,0.704,R06,57,STABLE_BUT_LOCAL_OR_THRESHOLD_SENSITIVE,False,True,True,True
surface_token,ain,32,28,R06,0.704,R06,12,CONTEXTUAL_ROLE_SIGNAL,False,False,True,True
surface_token,al,32,2,R06,0.456,R06,31,STABLE_BUT_LOCAL_OR_THRESHOLD_SENSITIVE,False,True,True,False
surface_token,am,32,28,R06,0.704,R06,11,CONTEXTUAL_ROLE_SIGNAL,False,False,True,True
surface_token,ar,32,28,R06,0.704,R06,58,ROLE_STABLE_ACROSS_CONFOUNDS,True,True,True,True
surface_token,chal,32,2,R06,0.456,R00,12,CONTEXTUAL_ROLE_SIGNAL,False,False,False,False
surface_token,char,32,28,R06,0.704,R11,12,CONTEXTUAL_ROLE_SIGNAL,False,False,False,True
surface_token,chckhy,32,23,R00,0.745,R00,41,STABLE_BUT_LOCAL_OR_THRESHOLD_SENSITIVE,False,False,True,True
surface_token,chcthy,32,10,R04,1.0,R04,16,CONTEXTUAL_ROLE_SIGNAL,False,False,True,True
surface_token,chdy,32,19,R02,0.553,R02,27,STABLE_BUT_LOCAL_OR_THRESHOLD_SENSITIVE,False,True,True,True
surface_token,chear,32,25,R00,0.746,R00,12,CONTEXTUAL_ROLE_SIGNAL,False,False,True,True
surface_token,chedy,32,6,R06,0.578,R02,94,STABLE_BUT_LOCAL_OR_THRESHOLD_SENSITIVE,False,False,False,True
surface_token,cheedy,32,6,R06,0.578,R06,11,CONTEXTUAL_ROLE_SIGNAL,False,False,True,True
surface_token,cheey,32,12,R06,0.776,R06,25,STABLE_BUT_LOCAL_OR_THRESHOLD_SENSITIVE,False,True,True,True
surface_token,cheky,32,30,R06,0.556,R06,15,CONTEXTUAL_ROLE_SIGNAL,False,False,True,True
surface_token,cheody,32,12,R06,0.776,R00,17,CONTEXTUAL_ROLE_SIGNAL,False,False,False,True
surface_token,cheol,32,25,R00,0.746,R00,25,STABLE_BUT_LOCAL_OR_THRESHOLD_SENSITIVE,False,True,True,True
surface_token,cheor,32,25,R00,0.746,R00,13,CONTEXTUAL_ROLE_SIGNAL,False,False,True,True
surface_token,chey,32,12,R06,0.776,R06,54,STABLE_BUT_LOCAL_OR_THRESHOLD_SENSITIVE,False,False,True,True
surface_token,cho,32,9,R06,0.675,R00,12,CONTEXTUAL_ROLE_SIGNAL,False,False,False,True
surface_token,chodaiin,32,12,R06,0.776,R00,10,CONTEXTUAL_ROLE_SIGNAL,False,False,False,True
surface_token,chody,32,12,R06,0.776,R00,18,CONTEXTUAL_ROLE_SIGNAL,False,True,False,True
surface_token,choky,32,30,R06,0.556,R00,12,CONTEXTUAL_ROLE_SIGNAL,False,False,False,True
surface_token,chol,32,2,R06,0.456,R07,96,STABLE_BUT_LOCAL_OR_THRESHOLD_SENSITIVE,False,False,False,False
surface_token,chor,32,28,R06,0.704,R11,48,ROLE_STABLE_ACROSS_CONFOUNDS,True,True,False,True
surface_token,chy,32,21,R00,0.5,R00,21,STABLE_BUT_LOCAL_OR_THRESHOLD_SENSITIVE,False,True,True,False
surface_token,cthey,32,15,R04,1.0,R04,11,CONTEXTUAL_ROLE_SIGNAL,False,False,True,True
surface_token,cthol,32,27,R07,0.6,R07,18,CONTEXTUAL_ROLE_SIGNAL,False,False,True,True
surface_token,cthor,32,27,R07,0.6,R04,12,CONTEXTUAL_ROLE_SIGNAL,False,False,False,True
surface_token,cthy,32,10,R04,1.0,R04,15,CONTEXTUAL_ROLE_SIGNAL,False,False,True,True
surface_token,daiin,32,13,R10,0.538,R10,134,STABLE_BUT_LOCAL_OR_THRESHOLD_SENSITIVE,False,True,True,False
surface_token,dain,32,14,R06,1.0,R06,48,ROLE_STABLE_ACROSS_CONFOUNDS,True,True,True,True
surface_token,dair,32,8,R06,1.0,R06,11,CONTEXTUAL_ROLE_SIGNAL,False,False,True,True
surface_token,dal,32,2,R06,0.456,R09,37,ROLE_STABLE_ACROSS_CONFOUNDS,True,True,False,False
surface_token,dam,32,13,R10,0.538,R06,18,CONTEXTUAL_ROLE_SIGNAL,False,True,False,False
surface_token,dar,32,13,R10,0.538,R06,49,ROLE_STABLE_ACROSS_CONFOUNDS,True,True,False,False
surface_token,dary,32,7,R06,1.0,R06,12,CONTEXTUAL_ROLE_SIGNAL,False,False,True,True
surface_token,dol,32,2,R06,0.456,R06,19,CONTEXTUAL_ROLE_SIGNAL,False,False,True,False
surface_token,dor,32,13,R10,0.538,R06,12,CONTEXTUAL_ROLE_SIGNAL,False,False,False,False
surface_token,dshedy,32,14,R06,1.0,R06,10,CONTEXTUAL_ROLE_SIGNAL,False,False,True,True
surface_token,dy,32,19,R02,0.553,R02,30,STABLE_BUT_LOCAL_OR_THRESHOLD_SENSITIVE,False,False,True,True
surface_token,l,32,9,R06,0.675,R06,15,CONTEXTUAL_ROLE_SIGNAL,False,False,True,True
surface_token,lchedy,32,16,R00,1.0,R00,27,STABLE_BUT_LOCAL_OR_THRESHOLD_SENSITIVE,False,False,True,True
surface_token,lkain,32,29,R00,1.0,R00,11,CONTEXTUAL_ROLE_SIGNAL,False,False,True,True
surface_token,lkeedy,32,29,R00,1.0,R00,12,CONTEXTUAL_ROLE_SIGNAL,False,False,True,True
surface_token,lol,32,0,R00,1.0,R00,10,CONTEXTUAL_ROLE_SIGNAL,False,False,True,True
surface_token,lor,32,24,R00,1.0,R00,11,CONTEXTUAL_ROLE_SIGNAL,False,False,True,True
surface_token,lshedy,32,16,R00,1.0,R00,11,CONTEXTUAL_ROLE_SIGNAL,False,False,True,True
surface_token,o,32,9,R06,0.675,R00,14,CONTEXTUAL_ROLE_SIGNAL,False,False,False,True
surface_token,okaiin,32,1,R10,0.667,R10,42,ROLE_STABLE_ACROSS_CONFOUNDS,True,True,True,True
surface_token,okain,32,1,R10,0.667,R10,36,ROLE_STABLE_ACROSS_CONFOUNDS,True,True,True,True
surface_token,okal,32,22,R07,1.0,R07,36,ROLE_STABLE_ACROSS_CONFOUNDS,True,True,True,True
surface_token,okar,32,1,R10,0.667,R03,27,ROLE_STABLE_ACROSS_CONFOUNDS,True,True,False,True
surface_token,okedy,32,3,H12,0.346,R00,34,STABLE_BUT_LOCAL_OR_THRESHOLD_SENSITIVE,False,False,False,False
surface_token,okeedy,32,3,H12,0.346,R00,33,STABLE_BUT_LOCAL_OR_THRESHOLD_SENSITIVE,False,False,False,False
surface_token,okeey,32,17,H08,0.675,R06,37,ROLE_STABLE_ACROSS_CONFOUNDS,True,True,False,True
surface_token,okeody,32,1,R10,0.667,R00,12,CONTEXTUAL_ROLE_SIGNAL,False,False,False,True
surface_token,okey,32,17,H08,0.675,R00,12,CONTEXTUAL_ROLE_SIGNAL,False,False,False,True
surface_token,okol,32,22,R07,1.0,R07,23,STABLE_BUT_LOCAL_OR_THRESHOLD_SENSITIVE,False,True,True,True
surface_token,oky,32,31,H01,0.596,R00,29,ROLE_STABLE_ACROSS_CONFOUNDS,True,True,False,True
surface_token,ol,32,2,R06,0.456,R06,73,STABLE_BUT_LOCAL_OR_THRESHOLD_SENSITIVE,False,False,True,False
surface_token,olkeedy,32,26,R06,0.656,R00,11,CONTEXTUAL_ROLE_SIGNAL,False,False,False,True
surface_token,oly,32,19,R02,0.553,R06,15,CONTEXTUAL_ROLE_SIGNAL,False,False,False,True
surface_token,or,32,28,R06,0.704,R06,48,ROLE_STABLE_ACROSS_CONFOUNDS,True,True,True,True
surface_token,otaiin,32,11,R10,0.657,R10,23,STABLE_BUT_LOCAL_OR_THRESHOLD_SENSITIVE,False,True,True,True
surface_token,otain,32,5,R00,0.625,R00,25,STABLE_BUT_LOCAL_OR_THRESHOLD_SENSITIVE,False,False,True,True
surface_token,otar,32,28,R06,0.704,R01,13,CONTEXTUAL_ROLE_SIGNAL,False,False,False,True
surface_token,otedy,32,18,R01,0.591,R01,30,STABLE_BUT_LOCAL_OR_THRESHOLD_SENSITIVE,False,False,True,True
surface_token,oteedy,32,18,R01,0.591,R01,15,CONTEXTUAL_ROLE_SIGNAL,False,False,True,True
surface_token,oteey,32,18,R01,0.591,R01,13,CONTEXTUAL_ROLE_SIGNAL,False,False,True,True
surface_token,otey,32,18,R01,0.591,R01,10,CONTEXTUAL_ROLE_SIGNAL,False,False,True,True
surface_token,otor,32,13,R10,0.538,R00,12,CONTEXTUAL_ROLE_SIGNAL,False,False,False,False
surface_token,oty,32,31,H01,0.596,R01,11,CONTEXTUAL_ROLE_SIGNAL,False,False,False,True
surface_token,qokaiin,32,20,H08,0.845,H08,44,STABLE_BUT_LOCAL_OR_THRESHOLD_SENSITIVE,False,False,True,True
surface_token,qokain,32,20,H08,0.845,H08,57,CONTEXTUAL_ROLE_SIGNAL,False,False,True,True
surface_token,qokal,32,20,H08,0.845,H08,37,STABLE_BUT_LOCAL_OR_THRESHOLD_SENSITIVE,False,False,True,True
surface_token,qokar,32,20,H08,0.845,R03,29,STABLE_BUT_LOCAL_OR_THRESHOLD_SENSITIVE,False,True,False,True
surface_token,qokchdy,32,3,H12,0.346,H09,16,CONTEXTUAL_ROLE_SIGNAL,False,False,False,False
surface_token,qokchy,32,21,R00,0.5,H08,10,CONTEXTUAL_ROLE_SIGNAL,False,False,False,False
surface_token,qokedy,32,3,H12,0.346,H12,89,STABLE_BUT_LOCAL_OR_THRESHOLD_SENSITIVE,False,False,True,False
surface_token,qokeedy,32,3,H12,0.346,H01,85,STABLE_BUT_LOCAL_OR_THRESHOLD_SENSITIVE,False,False,False,False
surface_token,qokeey,32,17,H08,0.675,H08,77,STABLE_BUT_LOCAL_OR_THRESHOLD_SENSITIVE,False,True,True,True
surface_token,qokey,32,17,H08,0.675,H08,25,STABLE_BUT_LOCAL_OR_THRESHOLD_SENSITIVE,False,False,True,True
surface_token,qokol,32,20,H08,0.845,H08,20,STABLE_BUT_LOCAL_OR_THRESHOLD_SENSITIVE,False,False,True,True
surface_token,qoky,32,31,H01,0.596,H01,43,STABLE_BUT_LOCAL_OR_THRESHOLD_SENSITIVE,False,False,True,True
surface_token,qol,32,4,R00,1.0,R00,23,CONTEXTUAL_ROLE_SIGNAL,False,False,True,True
surface_token,qotaiin,32,11,R10,0.657,H13,12,CONTEXTUAL_ROLE_SIGNAL,False,False,False,True
surface_token,qotain,32,5,R00,0.625,H13,15,CONTEXTUAL_ROLE_SIGNAL,False,False,False,True
surface_token,qotal,32,2,R06,0.456,H13,12,CONTEXTUAL_ROLE_SIGNAL,False,False,False,False
surface_token,qotar,32,28,R06,0.704,H13,10,CONTEXTUAL_ROLE_SIGNAL,False,False,False,True
surface_token,qotchy,32,21,R00,0.5,H13,11,CONTEXTUAL_ROLE_SIGNAL,False,False,False,False
surface_token,qotedy,32,18,R01,0.591,H17,22,STABLE_BUT_LOCAL_OR_THRESHOLD_SENSITIVE,False,False,False,True
surface_token,qoteedy,32,18,R01,0.591,H01,25,STABLE_BUT_LOCAL_OR_THRESHOLD_SENSITIVE,False,False,False,True
surface_token,qoty,32,31,H01,0.596,H01,16,CONTEXTUAL_ROLE_SIGNAL,False,False,True,True
surface_token,r,32,9,R06,0.675,R00,12,CONTEXTUAL_ROLE_SIGNAL,False,False,False,True
surface_token,raiin,32,0,R00,1.0,R00,13,CONTEXTUAL_ROLE_SIGNAL,False,False,True,True
surface_token,s,32,9,R06,0.675,R06,39,ROLE_STABLE_ACROSS_CONFOUNDS,True,True,True,True
surface_token,saiin,32,14,R06,1.0,R06,39,STABLE_BUT_LOCAL_OR_THRESHOLD_SENSITIVE,False,True,True,True
surface_token,sain,32,14,R06,1.0,R06,20,STABLE_BUT_LOCAL_OR_THRESHOLD_SENSITIVE,False,False,True,True
surface_token,sal,32,2,R06,0.456,R06,11,CONTEXTUAL_ROLE_SIGNAL,False,False,True,False
surface_token,sar,32,13,R10,0.538,R06,14,CONTEXTUAL_ROLE_SIGNAL,False,False,False,False
surface_token,shckhy,32,23,R00,0.745,R06,14,CONTEXTUAL_ROLE_SIGNAL,False,False,False,True
surface_token,shdy,32,19,R02,0.553,R06,10,CONTEXTUAL_ROLE_SIGNAL,False,False,False,True
surface_token,shedy,32,6,R06,0.578,R06,95,STABLE_BUT_LOCAL_OR_THRESHOLD_SENSITIVE,False,False,True,True
surface_token,sheedy,32,6,R06,0.578,R06,23,STABLE_BUT_LOCAL_OR_THRESHOLD_SENSITIVE,False,False,True,True
surface_token,sheey,32,12,R06,0.776,R06,29,ROLE_STABLE_ACROSS_CONFOUNDS,True,True,True,True
surface_token,sheol,32,25,R00,0.746,R06,17,CONTEXTUAL_ROLE_SIGNAL,False,False,False,True
surface_token,shey,32,12,R06,0.776,R06,48,ROLE_STABLE_ACROSS_CONFOUNDS,True,True,True,True
surface_token,sho,32,14,R06,1.0,R06,22,CONTEXTUAL_ROLE_SIGNAL,False,False,True,True
surface_token,shol,32,2,R06,0.456,R08,21,STABLE_BUT_LOCAL_OR_THRESHOLD_SENSITIVE,False,True,False,False
surface_token,shor,32,28,R06,0.704,R06,11,CONTEXTUAL_ROLE_SIGNAL,False,False,True,True
surface_token,shy,32,19,R02,0.553,R06,21,STABLE_BUT_LOCAL_OR_THRESHOLD_SENSITIVE,False,True,False,True
surface_token,sol,32,2,R06,0.456,R06,15,CONTEXTUAL_ROLE_SIGNAL,False,False,True,False
surface_token,sor,32,13,R10,0.538,R06,10,CONTEXTUAL_ROLE_SIGNAL,False,False,False,False
surface_token,tedy,32,26,R06,0.656,R06,10,CONTEXTUAL_ROLE_SIGNAL,False,False,True,True
surface_token,y,32,9,R06,0.675,R06,25,ROLE_STABLE_ACROSS_CONFOUNDS,True,True,True,True
surface_token,ykaiin,32,26,R06,0.656,R06,11,CONTEXTUAL_ROLE_SIGNAL,False,False,True,True
conservative_morphology,ai|r|OE,32,30,R06,0.381,R06,39,CONTEXTUAL_ROLE_SIGNAL,False,False,True,False
conservative_morphology,ala|m|OLO,32,31,R06,0.545,R00,10,CONTEXTUAL_ROLE_SIGNAL,False,False,False,False
conservative_morphology,al|dy|OL,32,3,R00,0.62,R00,22,CONTEXTUAL_ROLE_SIGNAL,False,False,True,True
conservative_morphology,al|y|OL,32,3,R00,0.62,R00,33,CONTEXTUAL_ROLE_SIGNAL,False,False,True,True
conservative_morphology,ar|al|OL,32,3,R00,0.62,R00,12,CONTEXTUAL_ROLE_SIGNAL,False,False,True,True
conservative_morphology,ar|y|OL,32,3,R00,0.62,R00,35,CONTEXTUAL_ROLE_SIGNAL,False,False,True,True
conservative_morphology,a|iin|O,32,5,R10,0.529,R10,380,LOW_POWER_OR_UNSTABLE,False,False,True,False
conservative_morphology,a|in|O,32,30,R06,0.381,R06,226,LOW_POWER_OR_UNSTABLE,False,False,True,False
conservative_morphology,a|l|O,32,9,R07,0.306,R06,192,LOW_POWER_OR_UNSTABLE,False,False,False,False
conservative_morphology,a|m|O,32,31,R06,0.545,R06,63,LOW_POWER_OR_UNSTABLE,False,False,True,False
conservative_morphology,a|n|O,32,31,R06,0.545,R06,16,CONTEXTUAL_ROLE_SIGNAL,False,False,True,False
conservative_morphology,a|r|O,32,20,R06,0.523,R06,224,LOW_POWER_OR_UNSTABLE,False,False,True,False
conservative_morphology,cho|NONE|BO,32,25,R00,0.7,R00,20,CONTEXTUAL_ROLE_SIGNAL,False,False,True,True
conservative_morphology,ch|dy|B,32,3,R00,0.62,R00,42,CONTEXTUAL_ROLE_SIGNAL,False,False,True,True
conservative_morphology,ch|edy|B,32,26,R00,0.548,R00,37,LOW_POWER_OR_UNSTABLE,False,False,True,False
conservative_morphology,ch|eey|B,32,16,R00,0.494,R00,14,LOW_POWER_OR_UNSTABLE,False,False,True,False
conservative_morphology,ch|ey|B,32,16,R00,0.494,R00,43,LOW_POWER_OR_UNSTABLE,False,False,True,False
conservative_morphology,ch|ol|B,32,28,R06,0.488,R06,20,LOW_POWER_OR_UNSTABLE,False,False,True,False
conservative_morphology,ch|or|B,32,28,R06,0.488,R06,21,LOW_POWER_OR_UNSTABLE,False,False,True,False
conservative_morphology,ch|y|B,32,14,R00,0.524,R00,63,LOW_POWER_OR_UNSTABLE,False,False,True,False
conservative_morphology,ckh|ey|XGX,32,11,R04,0.532,R00,20,CONTEXTUAL_ROLE_SIGNAL,False,False,False,False
conservative_morphology,ckh|y|XGX,32,14,R00,0.524,R00,73,STABLE_BUT_LOCAL_OR_THRESHOLD_SENSITIVE,False,False,True,False
conservative_morphology,cth|ey|XGX,32,11,R04,0.532,R04,14,CONTEXTUAL_ROLE_SIGNAL,False,False,True,False
conservative_morphology,cth|or|XGX,32,11,R04,0.532,R04,13,CONTEXTUAL_ROLE_SIGNAL,False,False,True,False
conservative_morphology,cth|y|XGX,32,14,R00,0.524,R04,40,STABLE_BUT_LOCAL_OR_THRESHOLD_SENSITIVE,False,False,False,False
conservative_morphology,d|aiin|D,32,21,R10,0.6,R10,20,CONTEXTUAL_ROLE_SIGNAL,False,False,True,True
conservative_morphology,d|al|D,32,1,R00,0.429,R00,12,CONTEXTUAL_ROLE_SIGNAL,False,False,True,False
conservative_morphology,d|ar|D,32,1,R00,0.429,R00,12,CONTEXTUAL_ROLE_SIGNAL,False,False,True,False
conservative_morphology,d|y|D,32,6,R02,0.62,R02,92,CONTEXTUAL_ROLE_SIGNAL,False,False,True,True
conservative_morphology,eckh|y|EXGX,32,14,R00,0.524,R00,12,CONTEXTUAL_ROLE_SIGNAL,False,False,True,False
conservative_morphology,ed|NONE|ED,32,22,H08,0.348,R06,12,CONTEXTUAL_ROLE_SIGNAL,False,False,False,False
conservative_morphology,ed|al|ED,32,1,R00,0.429,R00,11,LOW_POWER_OR_UNSTABLE,False,False,True,False
conservative_morphology,eed|NONE|ED,32,22,H08,0.348,H08,11,LOW_POWER_OR_UNSTABLE,False,False,True,False
conservative_morphology,ees|NONE|EX,32,8,R00,0.704,R00,11,CONTEXTUAL_ROLE_SIGNAL,False,False,True,True
conservative_morphology,ee|ol|E,32,2,R00,0.542,R00,10,CONTEXTUAL_ROLE_SIGNAL,False,False,True,False
conservative_morphology,ee|or|E,32,2,R00,0.542,R00,10,LOW_POWER_OR_UNSTABLE,False,False,True,False
conservative_morphology,ek|y|EG,32,14,R00,0.524,R06,22,STABLE_BUT_LOCAL_OR_THRESHOLD_SENSITIVE,False,True,False,False
conservative_morphology,eos|NONE|EOX,32,8,R00,0.704,R00,12,CONTEXTUAL_ROLE_SIGNAL,False,False,True,True
conservative_morphology,eo|NONE|EO,32,8,R00,0.704,R00,16,LOW_POWER_OR_UNSTABLE,False,False,True,True
conservative_morphology,eo|dy|EO,32,3,R00,0.62,R00,50,LOW_POWER_OR_UNSTABLE,False,False,True,True
conservative_morphology,e|al|E,32,12,R00,0.643,R00,14,CONTEXTUAL_ROLE_SIGNAL,False,False,True,True
conservative_morphology,e|ar|E,32,2,R00,0.542,R00,26,CONTEXTUAL_ROLE_SIGNAL,False,False,True,False
conservative_morphology,e|dy|E,32,10,R06,0.228,R06,367,LOW_POWER_OR_UNSTABLE,False,False,True,False
conservative_morphology,e|edy|E,32,10,R06,0.228,H01,203,LOW_POWER_OR_UNSTABLE,False,False,False,False
conservative_morphology,e|eey|E,32,17,R06,0.531,R00,16,LOW_POWER_OR_UNSTABLE,False,False,False,False
conservative_morphology,e|ey|E,32,17,R06,0.531,R06,195,LOW_POWER_OR_UNSTABLE,False,False,True,False
conservative_morphology,e|ol|E,32,2,R00,0.542,R00,68,LOW_POWER_OR_UNSTABLE,False,False,True,False
conservative_morphology,e|or|E,32,2,R00,0.542,R00,28,CONTEXTUAL_ROLE_SIGNAL,False,False,True,False
conservative_morphology,e|y|E,32,17,R06,0.531,R06,156,LOW_POWER_OR_UNSTABLE,False,False,True,False
conservative_morphology,i|in|E,32,2,R00,0.542,R00,11,CONTEXTUAL_ROLE_SIGNAL,False,False,True,False
conservative_morphology,kch|y|GB,32,14,R00,0.524,R06,16,CONTEXTUAL_ROLE_SIGNAL,False,False,False,False
conservative_morphology,ke|eey|GE,32,0,R00,0.562,R00,11,LOW_POWER_OR_UNSTABLE,False,False,True,True
conservative_morphology,ke|ol|GE,32,29,R00,0.531,R06,10,CONTEXTUAL_ROLE_SIGNAL,False,False,False,False
conservative_morphology,k|aiin|G,32,15,R06,0.769,R06,27,CONTEXTUAL_ROLE_SIGNAL,False,False,True,True
conservative_morphology,k|ain|G,32,13,R06,0.571,R06,14,LOW_POWER_OR_UNSTABLE,False,False,True,True
conservative_morphology,k|ar|G,32,19,R06,0.706,R06,24,STABLE_BUT_LOCAL_OR_THRESHOLD_SENSITIVE,False,True,True,True
conservative_morphology,k|edy|G,32,4,R00,0.639,R00,22,CONTEXTUAL_ROLE_SIGNAL,False,False,True,True
conservative_morphology,k|eedy|G,32,4,R00,0.639,R00,25,CONTEXTUAL_ROLE_SIGNAL,False,False,True,True
conservative_morphology,k|eey|G,32,0,R00,0.562,R00,21,CONTEXTUAL_ROLE_SIGNAL,False,False,True,True
conservative_morphology,k|ey|G,32,19,R06,0.706,R06,10,CONTEXTUAL_ROLE_SIGNAL,False,False,True,True
conservative_morphology,k|ol|G,32,29,R00,0.531,R06,12,CONTEXTUAL_ROLE_SIGNAL,False,False,False,False
conservative_morphology,k|y|G,32,7,H01,0.476,H01,91,CONTEXTUAL_ROLE_SIGNAL,False,False,True,False
conservative_morphology,lch|edy|LB,32,18,R00,0.884,R00,31,STABLE_BUT_LOCAL_OR_THRESHOLD_SENSITIVE,False,False,True,True
conservative_morphology,lch|ey|LB,32,18,R00,0.884,R00,12,CONTEXTUAL_ROLE_SIGNAL,False,False,True,True
conservative_morphology,lk|eedy|LG,32,29,R00,0.531,R00,17,CONTEXTUAL_ROLE_SIGNAL,False,False,True,False
conservative_morphology,lk|eey|LG,32,29,R00,0.531,R00,10,CONTEXTUAL_ROLE_SIGNAL,False,False,True,False
conservative_morphology,l|or|L,32,27,R00,1.0,R00,12,CONTEXTUAL_ROLE_SIGNAL,False,False,True,True
conservative_morphology,l|y|L,32,24,R06,0.696,R06,23,CONTEXTUAL_ROLE_SIGNAL,False,False,True,True
conservative_morphology,octh|y|OXGX,32,14,R00,0.524,R00,10,CONTEXTUAL_ROLE_SIGNAL,False,False,True,False
conservative_morphology,od|aiin|OD,32,23,R00,0.588,R00,17,LOW_POWER_OR_UNSTABLE,False,False,True,True
conservative_morphology,od|ar|OD,32,3,R00,0.62,R00,10,CONTEXTUAL_ROLE_SIGNAL,False,False,True,True
conservative_morphology,ok|y|OG,32,14,R00,0.524,R00,18,CONTEXTUAL_ROLE_SIGNAL,False,True,True,False
conservative_morphology,os|NONE|OX,32,8,R00,0.704,R00,15,CONTEXTUAL_ROLE_SIGNAL,False,False,True,True
conservative_morphology,o|dy|O,32,3,R00,0.62,R00,41,ROLE_STABLE_ACROSS_CONFOUNDS,True,True,True,True
conservative_morphology,o|iin|O,32,5,R10,0.529,R06,11,CONTEXTUAL_ROLE_SIGNAL,False,False,False,False
conservative_morphology,o|l|O,32,9,R07,0.306,R07,314,LOW_POWER_OR_UNSTABLE,False,False,True,False
conservative_morphology,o|m|O,32,31,R06,0.545,R06,10,LOW_POWER_OR_UNSTABLE,False,False,True,False
conservative_morphology,o|r|O,32,20,R06,0.523,R06,172,LOW_POWER_OR_UNSTABLE,False,False,True,False
conservative_morphology,pch|edy|GB,32,26,R00,0.548,R00,19,CONTEXTUAL_ROLE_SIGNAL,False,False,True,False
conservative_morphology,pch|ey|GB,32,26,R00,0.548,R00,13,CONTEXTUAL_ROLE_SIGNAL,False,False,True,False
conservative_morphology,sh|edy|B,32,26,R00,0.548,R06,24,LOW_POWER_OR_UNSTABLE,False,False,False,False
conservative_morphology,sh|ey|B,32,16,R00,0.494,R00,20,LOW_POWER_OR_UNSTABLE,False,False,True,False
conservative_morphology,t|aiin|G,32,15,R06,0.769,R06,12,CONTEXTUAL_ROLE_SIGNAL,False,False,True,True
conservative_morphology,t|edy|G,32,4,R00,0.639,R06,15,CONTEXTUAL_ROLE_SIGNAL,False,False,False,True
conservative_morphology,t|eedy|G,32,4,R00,0.639,R00,10,CONTEXTUAL_ROLE_SIGNAL,False,False,True,True
conservative_morphology,t|y|G,32,7,H01,0.476,H01,33,LOW_POWER_OR_UNSTABLE,False,False,True,False
broad_shape,BEO|dy,32,8,R00,0.5,R00,14,CONTEXTUAL_ROLE_SIGNAL,False,False,True,False
broad_shape,BE|ol,32,8,R00,0.5,R06,10,LOW_POWER_OR_UNSTABLE,False,False,False,False
broad_shape,BO|NONE,32,1,R00,0.548,R00,25,LOW_POWER_OR_UNSTABLE,False,False,True,False
broad_shape,B|dy,32,16,R00,0.618,R00,50,LOW_POWER_OR_UNSTABLE,False,False,True,True
broad_shape,B|edy,32,8,R00,0.5,R00,61,LOW_POWER_OR_UNSTABLE,False,False,True,False
broad_shape,B|eedy,32,8,R00,0.5,R00,11,LOW_POWER_OR_UNSTABLE,False,False,True,False
broad_shape,B|eey,32,8,R00,0.5,R06,21,LOW_POWER_OR_UNSTABLE,False,False,False,False
broad_shape,B|ey,32,8,R00,0.5,R00,63,LOW_POWER_OR_UNSTABLE,False,False,True,False
broad_shape,B|ol,32,8,R00,0.5,R06,22,LOW_POWER_OR_UNSTABLE,False,False,False,False
broad_shape,B|or,32,8,R00,0.5,R06,28,LOW_POWER_OR_UNSTABLE,False,False,False,False
broad_shape,B|y,32,8,R00,0.5,R00,73,LOW_POWER_OR_UNSTABLE,False,False,True,False
broad_shape,DO|NONE,32,1,R00,0.548,R06,10,CONTEXTUAL_ROLE_SIGNAL,False,False,False,False
broad_shape,D|aiin,32,17,R02,0.343,R10,20,CONTEXTUAL_ROLE_SIGNAL,False,False,False,False
broad_shape,D|al,32,17,R02,0.343,R00,12,CONTEXTUAL_ROLE_SIGNAL,False,False,False,False
broad_shape,D|ar,32,17,R02,0.343,R00,12,CONTEXTUAL_ROLE_SIGNAL,False,False,False,False
broad_shape,D|y,32,17,R02,0.343,R02,92,CONTEXTUAL_ROLE_SIGNAL,False,False,True,False
broad_shape,ED|NONE,32,29,R00,0.333,H08,24,LOW_POWER_OR_UNSTABLE,False,False,False,False
broad_shape,ED|aiin,32,7,R00,0.63,R00,10,CONTEXTUAL_ROLE_SIGNAL,False,False,True,True
broad_shape,ED|ain,32,29,R00,0.333,R00,11,CONTEXTUAL_ROLE_SIGNAL,False,False,True,False
broad_shape,ED|al,32,29,R00,0.333,R09,13,LOW_POWER_OR_UNSTABLE,False,False,False,False
broad_shape,EG|ain,32,21,R00,0.545,R00,10,CONTEXTUAL_ROLE_SIGNAL,False,False,True,False
broad_shape,EG|y,32,28,R00,0.435,R06,40,STABLE_BUT_LOCAL_OR_THRESHOLD_SENSITIVE,False,True,False,False
broad_shape,EOD|NONE,32,15,R00,0.548,R00,11,CONTEXTUAL_ROLE_SIGNAL,False,False,True,False
broad_shape,EOL|y,32,14,R00,0.786,R00,14,CONTEXTUAL_ROLE_SIGNAL,False,False,True,True
broad_shape,EOX|NONE,32,1,R00,0.548,R00,19,CONTEXTUAL_ROLE_SIGNAL,False,False,True,False
broad_shape,EO|NONE,32,25,R00,0.661,R00,25,CONTEXTUAL_ROLE_SIGNAL,False,False,True,True
broad_shape,EO|dy,32,16,R00,0.618,R00,59,LOW_POWER_OR_UNSTABLE,False,False,True,True
broad_shape,EXGX|y,32,13,R00,0.594,R00,25,STABLE_BUT_LOCAL_OR_THRESHOLD_SENSITIVE,False,True,True,True
broad_shape,EX|NONE,32,25,R00,0.661,R00,31,STABLE_BUT_LOCAL_OR_THRESHOLD_SENSITIVE,False,True,True,True
broad_shape,E|al,32,12,R00,0.539,R00,17,CONTEXTUAL_ROLE_SIGNAL,False,False,True,False
broad_shape,E|ar,32,12,R00,0.539,R00,32,LOW_POWER_OR_UNSTABLE,False,False,True,False
broad_shape,E|dy,32,11,R06,0.228,R06,367,LOW_POWER_OR_UNSTABLE,False,False,True,False
broad_shape,E|edy,32,11,R06,0.228,H01,203,LOW_POWER_OR_UNSTABLE,False,False,False,False
broad_shape,E|eey,32,10,R06,0.531,R00,16,LOW_POWER_OR_UNSTABLE,False,False,False,False
broad_shape,E|ey,32,10,R06,0.531,R06,195,LOW_POWER_OR_UNSTABLE,False,False,True,False
broad_shape,E|in,32,9,R00,0.818,R00,11,CONTEXTUAL_ROLE_SIGNAL,False,False,True,True
broad_shape,E|ol,32,12,R00,0.539,R00,78,LOW_POWER_OR_UNSTABLE,False,False,True,False
broad_shape,E|or,32,12,R00,0.539,R00,38,LOW_POWER_OR_UNSTABLE,False,False,True,False
broad_shape,E|y,32,10,R06,0.531,R06,156,LOW_POWER_OR_UNSTABLE,False,False,True,False
broad_shape,GBE|or,32,8,R00,0.5,R00,10,CONTEXTUAL_ROLE_SIGNAL,False,False,True,False
broad_shape,GB|dy,32,16,R00,0.618,R00,17,CONTEXTUAL_ROLE_SIGNAL,False,False,True,True
broad_shape,GB|edy,32,20,R06,0.604,R00,42,LOW_POWER_OR_UNSTABLE,False,False,False,True
broad_shape,GB|ey,32,20,R06,0.604,R06,30,CONTEXTUAL_ROLE_SIGNAL,False,False,True,True
broad_shape,GB|ol,32,20,R06,0.604,R06,19,CONTEXTUAL_ROLE_SIGNAL,False,False,True,True
broad_shape,GB|or,32,20,R06,0.604,R06,20,STABLE_BUT_LOCAL_OR_THRESHOLD_SENSITIVE,False,True,True,True
broad_shape,GB|y,32,28,R00,0.435,R06,39,CONTEXTUAL_ROLE_SIGNAL,False,False,False,False
broad_shape,GEO|dy,32,16,R00,0.618,R00,25,CONTEXTUAL_ROLE_SIGNAL,False,False,True,True
broad_shape,GE|eey,32,22,R06,0.554,R00,12,LOW_POWER_OR_UNSTABLE,False,False,False,True
broad_shape,GE|ol,32,19,R07,0.269,R06,19,STABLE_BUT_LOCAL_OR_THRESHOLD_SENSITIVE,False,True,False,False
broad_shape,GOE|r,32,8,R00,0.5,R06,11,CONTEXTUAL_ROLE_SIGNAL,False,False,False,False
broad_shape,GOL|y,32,15,R00,0.548,R06,16,CONTEXTUAL_ROLE_SIGNAL,False,False,False,False
broad_shape,GO|NONE,32,15,R00,0.548,R00,14,CONTEXTUAL_ROLE_SIGNAL,False,False,True,False
broad_shape,GO|m,32,4,R06,0.418,R06,12,CONTEXTUAL_ROLE_SIGNAL,False,False,True,False
broad_shape,G|NONE,32,15,R00,0.548,R06,13,CONTEXTUAL_ROLE_SIGNAL,False,False,False,False
broad_shape,G|aiin,32,5,R06,0.713,R06,44,CONTEXTUAL_ROLE_SIGNAL,False,False,True,True
broad_shape,G|ain,32,21,R00,0.545,R06,23,LOW_POWER_OR_UNSTABLE,False,False,False,False
broad_shape,G|al,32,5,R06,0.713,R06,15,LOW_POWER_OR_UNSTABLE,False,False,True,True
broad_shape,G|ar,32,5,R06,0.713,R06,40,CONTEXTUAL_ROLE_SIGNAL,False,False,True,True
broad_shape,G|edy,32,31,R00,0.639,R00,37,LOW_POWER_OR_UNSTABLE,False,False,True,True
broad_shape,G|eedy,32,31,R00,0.639,R00,35,CONTEXTUAL_ROLE_SIGNAL,False,False,True,True
broad_shape,G|eey,32,22,R06,0.554,R06,30,CONTEXTUAL_ROLE_SIGNAL,False,False,True,True
broad_shape,G|ey,32,22,R06,0.554,R06,14,CONTEXTUAL_ROLE_SIGNAL,False,False,True,True
broad_shape,G|ol,32,5,R06,0.713,R06,20,STABLE_BUT_LOCAL_OR_THRESHOLD_SENSITIVE,False,True,True,True
broad_shape,G|or,32,5,R06,0.713,R06,17,CONTEXTUAL_ROLE_SIGNAL,False,False,True,True
broad_shape,G|y,32,28,R00,0.435,H01,127,LOW_POWER_OR_UNSTABLE,False,False,False,False
broad_shape,LB|edy,32,18,R00,0.929,R00,45,STABLE_BUT_LOCAL_OR_THRESHOLD_SENSITIVE,False,False,True,True
broad_shape,LB|ey,32,18,R00,0.929,R00,25,STABLE_BUT_LOCAL_OR_THRESHOLD_SENSITIVE,False,False,True,True
broad_shape,LG|ain,32,0,R00,0.844,R00,13,CONTEXTUAL_ROLE_SIGNAL,False,False,True,True
broad_shape,LG|eedy,32,0,R00,0.844,R00,20,CONTEXTUAL_ROLE_SIGNAL,False,False,True,True
broad_shape,LG|eey,32,0,R00,0.844,R00,12,CONTEXTUAL_ROLE_SIGNAL,False,False,True,True
broad_shape,LO|NONE,32,1,R00,0.548,R00,10,CONTEXTUAL_ROLE_SIGNAL,False,False,True,False
broad_shape,L|NONE,32,1,R00,0.548,R06,27,CONTEXTUAL_ROLE_SIGNAL,False,False,False,False
broad_shape,L|aiin,32,23,R00,0.882,R00,17,CONTEXTUAL_ROLE_SIGNAL,False,False,True,True
broad_shape,L|ol,32,2,R00,0.854,R00,14,CONTEXTUAL_ROLE_SIGNAL,False,False,True,True
broad_shape,L|or,32,2,R00,0.854,R00,16,CONTEXTUAL_ROLE_SIGNAL,False,False,True,True
broad_shape,L|y,32,15,R00,0.548,R06,31,CONTEXTUAL_ROLE_SIGNAL,False,False,False,False
broad_shape,OD|aiin,32,7,R00,0.63,R00,17,LOW_POWER_OR_UNSTABLE,False,False,True,True
broad_shape,OD|ar,32,15,R00,0.548,R00,10,CONTEXTUAL_ROLE_SIGNAL,False,False,True,False
broad_shape,OE|iin,32,1,R00,0.548,R00,11,CONTEXTUAL_ROLE_SIGNAL,False,False,True,False
broad_shape,OE|r,32,8,R00,0.5,R06,39,CONTEXTUAL_ROLE_SIGNAL,False,False,False,False
broad_shape,OGB|y,32,13,R00,0.594,R00,10,CONTEXTUAL_ROLE_SIGNAL,False,False,True,True
broad_shape,OG|NONE,32,27,R00,0.667,R00,12,CONTEXTUAL_ROLE_SIGNAL,False,False,True,True
broad_shape,OG|y,32,28,R00,0.435,R00,26,ROLE_STABLE_ACROSS_CONFOUNDS,True,True,True,False
broad_shape,OI|r,32,26,R10,0.515,R00,11,CONTEXTUAL_ROLE_SIGNAL,False,False,False,False
broad_shape,OLB|edy,32,8,R00,0.5,R00,17,CONTEXTUAL_ROLE_SIGNAL,False,False,True,False
broad_shape,OLOL|y,32,15,R00,0.548,R00,16,CONTEXTUAL_ROLE_SIGNAL,False,False,True,False
broad_shape,OLO|NONE,32,15,R00,0.548,R00,15,CONTEXTUAL_ROLE_SIGNAL,False,False,True,False
broad_shape,OLO|m,32,6,R00,0.696,R00,23,CONTEXTUAL_ROLE_SIGNAL,False,False,True,True
broad_shape,OLX|NONE,32,15,R00,0.548,R00,11,CONTEXTUAL_ROLE_SIGNAL,False,False,True,False
broad_shape,OL|aiin,32,15,R00,0.548,R00,13,CONTEXTUAL_ROLE_SIGNAL,False,False,True,False
broad_shape,OL|al,32,15,R00,0.548,R00,21,CONTEXTUAL_ROLE_SIGNAL,False,False,True,False
broad_shape,OL|ar,32,15,R00,0.548,R00,14,CONTEXTUAL_ROLE_SIGNAL,False,False,True,False
broad_shape,OL|dy,32,16,R00,0.618,R00,34,LOW_POWER_OR_UNSTABLE,False,False,True,True
broad_shape,OL|ol,32,15,R00,0.548,R00,12,CONTEXTUAL_ROLE_SIGNAL,False,False,True,False
broad_shape,OL|or,32,2,R00,0.854,R00,11,LOW_POWER_OR_UNSTABLE,False,False,True,True
broad_shape,OL|y,32,15,R00,0.548,R00,86,CONTEXTUAL_ROLE_SIGNAL,False,False,True,False
broad_shape,OXGX|y,32,28,R00,0.435,R00,23,STABLE_BUT_LOCAL_OR_THRESHOLD_SENSITIVE,False,True,True,False
broad_shape,OX|NONE,32,1,R00,0.548,R00,20,STABLE_BUT_LOCAL_OR_THRESHOLD_SENSITIVE,False,True,True,False
broad_shape,O|NONE,32,1,R00,0.548,R00,18,CONTEXTUAL_ROLE_SIGNAL,False,True,True,False
broad_shape,O|dy,32,16,R00,0.618,R00,43,ROLE_STABLE_ACROSS_CONFOUNDS,True,True,True,True
broad_shape,O|iin,32,26,R10,0.515,R10,391,LOW_POWER_OR_UNSTABLE,False,False,True,False
broad_shape,O|in,32,24,R06,0.366,R06,227,LOW_POWER_OR_UNSTABLE,False,False,True,False
broad_shape,O|l,32,4,R06,0.418,R07,506,LOW_POWER_OR_UNSTABLE,False,False,False,False
broad_shape,O|m,32,4,R06,0.418,R06,73,LOW_POWER_OR_UNSTABLE,False,False,True,False
broad_shape,O|n,32,4,R06,0.418,R00,17,CONTEXTUAL_ROLE_SIGNAL,False,False,False,False
broad_shape,O|r,32,4,R06,0.418,R06,396,LOW_POWER_OR_UNSTABLE,False,False,True,False
broad_shape,XGX|aiin,32,13,R00,0.594,R00,11,LOW_POWER_OR_UNSTABLE,False,False,True,True
broad_shape,XGX|edy,32,13,R00,0.594,R00,12,LOW_POWER_OR_UNSTABLE,False,False,True,True
broad_shape,XGX|ey,32,13,R00,0.594,R00,37,LOW_POWER_OR_UNSTABLE,False,False,True,True
broad_shape,XGX|ol,32,19,R07,0.269,R07,30,CONTEXTUAL_ROLE_SIGNAL,False,False,True,False
broad_shape,XGX|or,32,19,R07,0.269,R04,18,CONTEXTUAL_ROLE_SIGNAL,False,False,False,False
broad_shape,XGX|y,32,13,R00,0.594,R00,122,LOW_POWER_OR_UNSTABLE,False,False,True,True
broad_shape,XO|NONE,32,30,R06,0.917,R06,24,STABLE_BUT_LOCAL_OR_THRESHOLD_SENSITIVE,False,False,True,True
broad_shape,X|NONE,32,1,R00,0.548,R06,46,ROLE_STABLE_ACROSS_CONFOUNDS,True,True,False,False
broad_shape,X|y,32,17,R02,0.343,R06,30,ROLE_STABLE_ACROSS_CONFOUNDS,True,True,False,False
stolfi_inspired_signature,G_k|S_BDY|T_dy,32,29,R00,0.5,H09,26,CONTEXTUAL_ROLE_SIGNAL,False,False,False,False
stolfi_inspired_signature,G_k|S_BEY|T_ey,32,10,R00,0.541,H08,17,CONTEXTUAL_ROLE_SIGNAL,False,False,False,False
stolfi_inspired_signature,G_k|S_BY|T_y,32,6,R00,0.527,R00,24,CONTEXTUAL_ROLE_SIGNAL,False,False,True,False
stolfi_inspired_signature,G_k|S_EDY|T_dy,32,12,R06,0.203,H12,123,CONTEXTUAL_ROLE_SIGNAL,False,False,False,False
stolfi_inspired_signature,G_k|S_EDY|T_edy,32,12,R06,0.203,H01,118,CONTEXTUAL_ROLE_SIGNAL,False,False,False,False
stolfi_inspired_signature,G_k|S_EGY|T_y,32,28,R00,0.571,R06,28,ROLE_STABLE_ACROSS_CONFOUNDS,True,True,False,True
stolfi_inspired_signature,G_k|S_EODY|T_dy,32,23,R00,0.675,R00,26,CONTEXTUAL_ROLE_SIGNAL,False,False,True,True
stolfi_inspired_signature,G_k|S_EOL|T_ol,32,3,H08,0.429,H08,21,LOW_POWER_OR_UNSTABLE,False,False,True,False
stolfi_inspired_signature,G_k|S_EXGXY|T_y,32,28,R00,0.571,R00,14,CONTEXTUAL_ROLE_SIGNAL,False,False,True,True
stolfi_inspired_signature,G_k|S_EY|T_ey,32,12,R06,0.203,H08,114,CONTEXTUAL_ROLE_SIGNAL,False,False,False,False
stolfi_inspired_signature,G_k|S_EY|T_y,32,12,R06,0.203,H08,37,CONTEXTUAL_ROLE_SIGNAL,False,False,False,False
stolfi_inspired_signature,G_k|S_GBY|T_y,32,22,R06,0.833,R06,20,STABLE_BUT_LOCAL_OR_THRESHOLD_SENSITIVE,False,True,True,True
stolfi_inspired_signature,G_k|S_GEDY|T_edy,32,7,R06,0.504,R00,22,CONTEXTUAL_ROLE_SIGNAL,False,False,False,False
stolfi_inspired_signature,G_k|S_GEDY|T_eedy,32,7,R06,0.504,R00,25,CONTEXTUAL_ROLE_SIGNAL,False,False,False,False
stolfi_inspired_signature,G_k|S_GEODY|T_dy,32,23,R00,0.675,R00,17,CONTEXTUAL_ROLE_SIGNAL,False,False,True,True
stolfi_inspired_signature,G_k|S_GEOL|T_ol,32,21,R06,0.846,R06,13,CONTEXTUAL_ROLE_SIGNAL,False,False,True,True
stolfi_inspired_signature,G_k|S_GEY|T_eey,32,25,R06,0.558,R00,32,CONTEXTUAL_ROLE_SIGNAL,False,False,False,True
stolfi_inspired_signature,G_k|S_GEY|T_ey,32,25,R06,0.558,R06,10,CONTEXTUAL_ROLE_SIGNAL,False,False,True,True
stolfi_inspired_signature,G_k|S_GOEL|T_ain,32,11,R06,0.7,R06,14,LOW_POWER_OR_UNSTABLE,False,False,True,True
stolfi_inspired_signature,G_k|S_GOIL|T_aiin,32,7,R06,0.504,R06,27,CONTEXTUAL_ROLE_SIGNAL,False,False,True,False
stolfi_inspired_signature,G_k|S_GOL|T_ar,32,11,R06,0.7,R06,24,STABLE_BUT_LOCAL_OR_THRESHOLD_SENSITIVE,False,True,True,True
stolfi_inspired_signature,G_k|S_GOL|T_ol,32,11,R06,0.7,R06,12,CONTEXTUAL_ROLE_SIGNAL,False,False,True,True
stolfi_inspired_signature,G_k|S_GO|T_NONE,32,23,R00,0.675,R00,10,CONTEXTUAL_ROLE_SIGNAL,False,False,True,True
stolfi_inspired_signature,G_k|S_GY|T_y,32,6,R00,0.527,H01,91,CONTEXTUAL_ROLE_SIGNAL,False,False,False,False
stolfi_inspired_signature,G_k|S_LGEDY|T_eedy,32,26,R00,0.824,R00,17,CONTEXTUAL_ROLE_SIGNAL,False,False,True,True
stolfi_inspired_signature,G_k|S_LGEY|T_eey,32,26,R00,0.824,R00,17,CONTEXTUAL_ROLE_SIGNAL,False,False,True,True
stolfi_inspired_signature,G_k|S_ODY|T_dy,32,23,R00,0.675,R00,10,CONTEXTUAL_ROLE_SIGNAL,False,False,True,True
stolfi_inspired_signature,G_k|S_OEL|T_in,32,13,R06,0.316,H08,94,CONTEXTUAL_ROLE_SIGNAL,False,False,False,False
stolfi_inspired_signature,G_k|S_OGY|T_y,32,6,R00,0.527,R00,16,CONTEXTUAL_ROLE_SIGNAL,False,False,True,False
stolfi_inspired_signature,G_k|S_OIL|T_iin,32,9,H08,0.317,H08,86,LOW_POWER_OR_UNSTABLE,False,False,True,False
stolfi_inspired_signature,G_k|S_OLDY|T_dy,32,23,R00,0.675,R00,17,CONTEXTUAL_ROLE_SIGNAL,False,False,True,True
stolfi_inspired_signature,G_k|S_OLY|T_y,32,17,R00,0.455,R00,22,STABLE_BUT_LOCAL_OR_THRESHOLD_SENSITIVE,False,True,True,False
stolfi_inspired_signature,G_k|S_OL|T_l,32,9,H08,0.317,R07,116,CONTEXTUAL_ROLE_SIGNAL,False,False,False,False
stolfi_inspired_signature,G_k|S_OL|T_m,32,9,H08,0.317,H08,13,CONTEXTUAL_ROLE_SIGNAL,False,False,True,False
stolfi_inspired_signature,G_k|S_OL|T_r,32,9,H08,0.317,R03,68,ROLE_STABLE_ACROSS_CONFOUNDS,True,True,False,False
stolfi_inspired_signature,G_k|S_XGXEY|T_ey,32,10,R00,0.541,R00,20,CONTEXTUAL_ROLE_SIGNAL,False,False,True,False
stolfi_inspired_signature,G_k|S_XGXY|T_y,32,27,R00,0.418,R00,74,STABLE_BUT_LOCAL_OR_THRESHOLD_SENSITIVE,False,False,True,False
stolfi_inspired_signature,G_p|S_GBEDY|T_edy,32,15,R00,0.588,R00,21,CONTEXTUAL_ROLE_SIGNAL,False,False,True,True
stolfi_inspired_signature,G_p|S_GBEY|T_ey,32,15,R00,0.588,R00,13,CONTEXTUAL_ROLE_SIGNAL,False,False,True,True
stolfi_inspired_signature,G_t|S_BDY|T_dy,32,29,R00,0.5,R00,13,CONTEXTUAL_ROLE_SIGNAL,False,False,True,False
stolfi_inspired_signature,G_t|S_BEDY|T_edy,32,14,H13,0.379,H15,13,LOW_POWER_OR_UNSTABLE,False,False,False,False
stolfi_inspired_signature,G_t|S_BY|T_y,32,14,H13,0.379,H13,16,CONTEXTUAL_ROLE_SIGNAL,False,False,True,False
stolfi_inspired_signature,G_t|S_EDY|T_dy,32,12,R06,0.203,R01,52,LOW_POWER_OR_UNSTABLE,False,False,False,False
stolfi_inspired_signature,G_t|S_EDY|T_edy,32,12,R06,0.203,H01,40,LOW_POWER_OR_UNSTABLE,False,False,False,False
stolfi_inspired_signature,G_t|S_EXGXY|T_y,32,28,R00,0.571,R00,11,CONTEXTUAL_ROLE_SIGNAL,False,False,True,True
stolfi_inspired_signature,G_t|S_EY|T_ey,32,12,R06,0.203,R01,18,CONTEXTUAL_ROLE_SIGNAL,False,False,False,False
stolfi_inspired_signature,G_t|S_EY|T_y,32,12,R06,0.203,R01,15,LOW_POWER_OR_UNSTABLE,False,False,False,False
stolfi_inspired_signature,G_t|S_GBOL|T_or,32,24,R06,0.9,R06,10,CONTEXTUAL_ROLE_SIGNAL,False,False,True,True
stolfi_inspired_signature,G_t|S_GBY|T_y,32,22,R06,0.833,R06,10,CONTEXTUAL_ROLE_SIGNAL,False,False,True,True
stolfi_inspired_signature,G_t|S_GEDY|T_edy,32,7,R06,0.504,R06,15,CONTEXTUAL_ROLE_SIGNAL,False,False,True,False
stolfi_inspired_signature,G_t|S_GEDY|T_eedy,32,7,R06,0.504,R00,11,CONTEXTUAL_ROLE_SIGNAL,False,False,False,False
stolfi_inspired_signature,G_t|S_GEY|T_eey,32,25,R06,0.558,R06,10,CONTEXTUAL_ROLE_SIGNAL,False,False,True,True
stolfi_inspired_signature,G_t|S_GOIL|T_aiin,32,7,R06,0.504,R06,13,CONTEXTUAL_ROLE_SIGNAL,False,False,True,False
stolfi_inspired_signature,G_t|S_GY|T_y,32,2,H01,0.485,H01,33,LOW_POWER_OR_UNSTABLE,False,False,True,False
stolfi_inspired_signature,G_t|S_OEL|T_in,32,13,R06,0.316,R00,40,LOW_POWER_OR_UNSTABLE,False,False,False,False
stolfi_inspired_signature,G_t|S_OIL|T_iin,32,13,R06,0.316,R10,36,CONTEXTUAL_ROLE_SIGNAL,False,False,False,False
stolfi_inspired_signature,G_t|S_OLY|T_y,32,17,R00,0.455,R00,14,CONTEXTUAL_ROLE_SIGNAL,False,False,True,False
stolfi_inspired_signature,G_t|S_OL|T_l,32,9,H08,0.317,H13,36,LOW_POWER_OR_UNSTABLE,False,False,False,False
stolfi_inspired_signature,G_t|S_OL|T_r,32,9,H08,0.317,H13,38,LOW_POWER_OR_UNSTABLE,False,False,False,False
stolfi_inspired_signature,G_t|S_OXGXY|T_y,32,28,R00,0.571,R00,10,CONTEXTUAL_ROLE_SIGNAL,False,False,True,True
stolfi_inspired_signature,G_t|S_XGXEY|T_ey,32,27,R00,0.418,R04,14,CONTEXTUAL_ROLE_SIGNAL,False,False,False,False
stolfi_inspired_signature,G_t|S_XGXOL|T_or,32,27,R00,0.418,R04,13,CONTEXTUAL_ROLE_SIGNAL,False,False,False,False
stolfi_inspired_signature,G_t|S_XGXY|T_y,32,27,R00,0.418,R04,40,STABLE_BUT_LOCAL_OR_THRESHOLD_SENSITIVE,False,False,False,False
stolfi_inspired_signature,NG|S_BDY|T_dy,32,29,R00,0.5,R00,11,CONTEXTUAL_ROLE_SIGNAL,False,False,True,False
stolfi_inspired_signature,NG|S_BEDY|T_edy,32,4,R06,0.5,R00,39,LOW_POWER_OR_UNSTABLE,False,False,False,False
stolfi_inspired_signature,NG|S_BEOL|T_ol,32,4,R06,0.5,R06,10,LOW_POWER_OR_UNSTABLE,False,False,True,False
stolfi_inspired_signature,NG|S_BEY|T_eey,32,4,R06,0.5,R06,19,CONTEXTUAL_ROLE_SIGNAL,False,False,True,False
stolfi_inspired_signature,NG|S_BEY|T_ey,32,4,R06,0.5,R00,37,LOW_POWER_OR_UNSTABLE,False,False,False,False
stolfi_inspired_signature,NG|S_BOL|T_ol,32,4,R06,0.5,R06,13,CONTEXTUAL_ROLE_SIGNAL,False,False,True,False
stolfi_inspired_signature,NG|S_BOL|T_or,32,4,R06,0.5,R06,17,CONTEXTUAL_ROLE_SIGNAL,False,False,True,False
stolfi_inspired_signature,NG|S_BO|T_NONE,32,19,R00,0.55,R00,20,CONTEXTUAL_ROLE_SIGNAL,False,False,True,True
stolfi_inspired_signature,NG|S_BY|T_y,32,17,R00,0.455,R00,33,ROLE_STABLE_ACROSS_CONFOUNDS,True,True,True,False
stolfi_inspired_signature,NG|S_DOIL|T_aiin,32,18,R10,0.444,R10,20,CONTEXTUAL_ROLE_SIGNAL,False,False,True,False
stolfi_inspired_signature,NG|S_DOL|T_al,32,17,R00,0.455,R00,12,CONTEXTUAL_ROLE_SIGNAL,False,False,True,False
stolfi_inspired_signature,NG|S_DOL|T_ar,32,17,R00,0.455,R00,11,CONTEXTUAL_ROLE_SIGNAL,False,False,True,False
stolfi_inspired_signature,NG|S_DO|T_NONE,32,8,R06,0.748,R06,10,CONTEXTUAL_ROLE_SIGNAL,False,False,True,True
stolfi_inspired_signature,NG|S_DY|T_y,32,17,R00,0.455,R02,88,CONTEXTUAL_ROLE_SIGNAL,False,False,False,False
stolfi_inspired_signature,NG|S_EDY|T_dy,32,5,R06,0.612,R06,192,LOW_POWER_OR_UNSTABLE,False,False,True,True
stolfi_inspired_signature,NG|S_EDY|T_edy,32,12,R06,0.203,R06,45,STABLE_BUT_LOCAL_OR_THRESHOLD_SENSITIVE,False,False,True,False
stolfi_inspired_signature,NG|S_ED|T_NONE,32,19,R00,0.55,R06,10,CONTEXTUAL_ROLE_SIGNAL,False,False,False,True
stolfi_inspired_signature,NG|S_EODY|T_dy,32,5,R06,0.612,R00,27,CONTEXTUAL_ROLE_SIGNAL,False,False,False,True
stolfi_inspired_signature,NG|S_EOL|T_al,32,20,R00,0.656,R00,14,LOW_POWER_OR_UNSTABLE,False,False,True,True
stolfi_inspired_signature,NG|S_EOL|T_ar,32,20,R00,0.656,R00,23,STABLE_BUT_LOCAL_OR_THRESHOLD_SENSITIVE,False,True,True,True
stolfi_inspired_signature,NG|S_EOL|T_ol,32,20,R00,0.656,R00,51,CONTEXTUAL_ROLE_SIGNAL,False,False,True,True
stolfi_inspired_signature,NG|S_EOL|T_or,32,20,R00,0.656,R00,27,CONTEXTUAL_ROLE_SIGNAL,False,False,True,True
stolfi_inspired_signature,NG|S_EO|T_NONE,32,19,R00,0.55,R00,16,CONTEXTUAL_ROLE_SIGNAL,False,False,True,True
stolfi_inspired_signature,NG|S_EX|T_NONE,32,19,R00,0.55,R00,23,STABLE_BUT_LOCAL_OR_THRESHOLD_SENSITIVE,False,True,True,True
stolfi_inspired_signature,NG|S_EY|T_ey,32,12,R06,0.203,R06,63,ROLE_STABLE_ACROSS_CONFOUNDS,True,True,True,False
stolfi_inspired_signature,NG|S_EY|T_y,32,5,R06,0.612,R06,104,ROLE_STABLE_ACROSS_CONFOUNDS,True,True,True,True
stolfi_inspired_signature,NG|S_IL|T_in,32,20,R00,0.656,R00,10,CONTEXTUAL_ROLE_SIGNAL,False,False,True,True
stolfi_inspired_signature,NG|S_LBEDY|T_edy,32,30,R00,0.929,R00,45,STABLE_BUT_LOCAL_OR_THRESHOLD_SENSITIVE,False,False,True,True
stolfi_inspired_signature,NG|S_LBEY|T_ey,32,30,R00,0.929,R00,25,STABLE_BUT_LOCAL_OR_THRESHOLD_SENSITIVE,False,False,True,True
stolfi_inspired_signature,NG|S_LOIL|T_aiin,32,16,R00,0.957,R00,17,CONTEXTUAL_ROLE_SIGNAL,False,False,True,True
stolfi_inspired_signature,NG|S_LOL|T_ol,32,16,R00,0.957,R00,14,CONTEXTUAL_ROLE_SIGNAL,False,False,True,True
stolfi_inspired_signature,NG|S_LOL|T_or,32,16,R00,0.957,R00,16,CONTEXTUAL_ROLE_SIGNAL,False,False,True,True
stolfi_inspired_signature,NG|S_LO|T_NONE,32,8,R06,0.748,R00,10,CONTEXTUAL_ROLE_SIGNAL,False,False,False,True
stolfi_inspired_signature,NG|S_LY|T_y,32,17,R00,0.455,R06,29,CONTEXTUAL_ROLE_SIGNAL,False,False,False,False
stolfi_inspired_signature,NG|S_L|T_NONE,32,8,R06,0.748,R06,27,CONTEXTUAL_ROLE_SIGNAL,False,False,True,True
stolfi_inspired_signature,NG|S_ODOIL|T_aiin,32,18,R10,0.444,R00,16,LOW_POWER_OR_UNSTABLE,False,False,False,False
stolfi_inspired_signature,NG|S_ODY|T_dy,32,5,R06,0.612,R00,25,CONTEXTUAL_ROLE_SIGNAL,False,False,False,True
stolfi_inspired_signature,NG|S_OEL|T_in,32,13,R06,0.316,R06,93,ROLE_STABLE_ACROSS_CONFOUNDS,True,True,True,False
stolfi_inspired_signature,NG|S_OEL|T_r,32,0,R06,0.529,R06,25,CONTEXTUAL_ROLE_SIGNAL,False,False,True,False
stolfi_inspired_signature,NG|S_OIEL|T_iin,32,31,R00,0.7,R00,10,CONTEXTUAL_ROLE_SIGNAL,False,False,True,True
stolfi_inspired_signature,NG|S_OIL|T_iin,32,0,R06,0.529,R10,269,LOW_POWER_OR_UNSTABLE,False,False,False,False
stolfi_inspired_signature,NG|S_OLBEDY|T_edy,32,4,R06,0.5,R00,15,CONTEXTUAL_ROLE_SIGNAL,False,False,False,False
stolfi_inspired_signature,NG|S_OLDY|T_dy,32,17,R00,0.455,R09,12,CONTEXTUAL_ROLE_SIGNAL,False,False,False,False
stolfi_inspired_signature,NG|S_OLOLY|T_y,32,17,R00,0.455,R00,12,CONTEXTUAL_ROLE_SIGNAL,False,False,True,False
stolfi_inspired_signature,NG|S_OLOL|T_al,32,17,R00,0.455,R06,17,CONTEXTUAL_ROLE_SIGNAL,False,False,False,False
stolfi_inspired_signature,NG|S_OLOL|T_m,32,1,R00,0.762,R00,13,CONTEXTUAL_ROLE_SIGNAL,False,False,True,True
stolfi_inspired_signature,NG|S_OLOL|T_ol,32,17,R00,0.455,R00,12,CONTEXTUAL_ROLE_SIGNAL,False,False,True,False
stolfi_inspired_signature,NG|S_OLO|T_NONE,32,1,R00,0.762,R00,11,CONTEXTUAL_ROLE_SIGNAL,False,False,True,True
stolfi_inspired_signature,NG|S_OLY|T_y,32,17,R00,0.455,R00,50,CONTEXTUAL_ROLE_SIGNAL,False,False,True,False
stolfi_inspired_signature,NG|S_OL|T_l,32,0,R06,0.529,R06,355,LOW_POWER_OR_UNSTABLE,False,False,True,False
stolfi_inspired_signature,NG|S_OL|T_m,32,0,R06,0.529,R06,51,CONTEXTUAL_ROLE_SIGNAL,False,True,True,False
stolfi_inspired_signature,NG|S_OL|T_n,32,0,R06,0.529,R06,11,CONTEXTUAL_ROLE_SIGNAL,False,False,True,False
stolfi_inspired_signature,NG|S_OL|T_r,32,0,R06,0.529,R06,290,CONTEXTUAL_ROLE_SIGNAL,False,False,True,False
stolfi_inspired_signature,NG|S_OX|T_NONE,32,19,R00,0.55,R00,16,CONTEXTUAL_ROLE_SIGNAL,False,False,True,True
stolfi_inspired_signature,NG|S_O|T_NONE,32,1,R00,0.762,R00,18,CONTEXTUAL_ROLE_SIGNAL,False,True,True,True
stolfi_inspired_signature,NG|S_XO|T_NONE,32,19,R00,0.55,R06,24,STABLE_BUT_LOCAL_OR_THRESHOLD_SENSITIVE,False,False,False,True
stolfi_inspired_signature,NG|S_XY|T_y,32,8,R06,0.748,R06,30,ROLE_STABLE_ACROSS_CONFOUNDS,True,True,True,True
stolfi_inspired_signature,NG|S_X|T_NONE,32,8,R06,0.748,R06,46,ROLE_STABLE_ACROSS_CONFOUNDS,True,True,True,True
surface_token,aiin,40,10,R10,0.583,R06,57,STABLE_BUT_LOCAL_OR_THRESHOLD_SENSITIVE,False,True,False,True
surface_token,ain,40,23,R06,1.0,R06,12,CONTEXTUAL_ROLE_SIGNAL,False,False,True,True
surface_token,al,40,35,R06,1.0,R06,31,STABLE_BUT_LOCAL_OR_THRESHOLD_SENSITIVE,False,True,True,True
surface_token,am,40,21,R06,1.0,R06,11,CONTEXTUAL_ROLE_SIGNAL,False,False,True,True
surface_token,ar,40,35,R06,1.0,R06,58,ROLE_STABLE_ACROSS_CONFOUNDS,True,True,True,True
surface_token,chal,40,8,R07,0.571,R00,12,CONTEXTUAL_ROLE_SIGNAL,False,False,False,True
surface_token,char,40,8,R07,0.571,R11,12,CONTEXTUAL_ROLE_SIGNAL,False,False,False,True
surface_token,chckhy,40,26,R00,0.541,R00,41,STABLE_BUT_LOCAL_OR_THRESHOLD_SENSITIVE,False,False,True,False
surface_token,chcthy,40,26,R00,0.541,R04,16,CONTEXTUAL_ROLE_SIGNAL,False,False,False,False
surface_token,chdy,40,27,R02,0.648,R02,27,STABLE_BUT_LOCAL_OR_THRESHOLD_SENSITIVE,False,True,True,True
surface_token,chear,40,31,R00,0.746,R00,12,CONTEXTUAL_ROLE_SIGNAL,False,False,True,True
surface_token,chedy,40,3,R06,0.526,R02,94,STABLE_BUT_LOCAL_OR_THRESHOLD_SENSITIVE,False,False,False,False
surface_token,cheedy,40,3,R06,0.526,R06,11,CONTEXTUAL_ROLE_SIGNAL,False,False,True,False
surface_token,cheey,40,3,R06,0.526,R06,25,STABLE_BUT_LOCAL_OR_THRESHOLD_SENSITIVE,False,True,True,False
surface_token,cheky,40,26,R00,0.541,R06,15,CONTEXTUAL_ROLE_SIGNAL,False,False,False,False
surface_token,cheody,40,3,R06,0.526,R00,17,CONTEXTUAL_ROLE_SIGNAL,False,False,False,False
surface_token,cheol,40,31,R00,0.746,R00,25,STABLE_BUT_LOCAL_OR_THRESHOLD_SENSITIVE,False,True,True,True
surface_token,cheor,40,31,R00,0.746,R00,13,CONTEXTUAL_ROLE_SIGNAL,False,False,True,True
surface_token,chey,40,2,R06,1.0,R06,54,STABLE_BUT_LOCAL_OR_THRESHOLD_SENSITIVE,False,False,True,True
surface_token,cho,40,17,R00,1.0,R00,12,CONTEXTUAL_ROLE_SIGNAL,False,False,True,True
surface_token,chodaiin,40,3,R06,0.526,R00,10,CONTEXTUAL_ROLE_SIGNAL,False,False,False,False
surface_token,chody,40,3,R06,0.526,R00,18,CONTEXTUAL_ROLE_SIGNAL,False,True,False,False
surface_token,choky,40,26,R00,0.541,R00,12,CONTEXTUAL_ROLE_SIGNAL,False,False,True,False
surface_token,chol,40,8,R07,0.571,R07,96,STABLE_BUT_LOCAL_OR_THRESHOLD_SENSITIVE,False,False,True,True
surface_token,chor,40,8,R07,0.571,R11,48,ROLE_STABLE_ACROSS_CONFOUNDS,True,True,False,True
surface_token,chy,40,5,R00,1.0,R00,21,STABLE_BUT_LOCAL_OR_THRESHOLD_SENSITIVE,False,True,True,True
surface_token,cthey,40,9,R04,0.679,R04,11,CONTEXTUAL_ROLE_SIGNAL,False,False,True,True
surface_token,cthol,40,9,R04,0.679,R07,18,CONTEXTUAL_ROLE_SIGNAL,False,False,False,True
surface_token,cthor,40,9,R04,0.679,R04,12,CONTEXTUAL_ROLE_SIGNAL,False,False,True,True
surface_token,cthy,40,9,R04,0.679,R04,15,CONTEXTUAL_ROLE_SIGNAL,False,False,True,True
surface_token,daiin,40,10,R10,0.583,R10,134,STABLE_BUT_LOCAL_OR_THRESHOLD_SENSITIVE,False,True,True,True
surface_token,dain,40,23,R06,1.0,R06,48,ROLE_STABLE_ACROSS_CONFOUNDS,True,True,True,True
surface_token,dair,40,16,R06,1.0,R06,11,CONTEXTUAL_ROLE_SIGNAL,False,False,True,True
surface_token,dal,40,24,R09,0.37,R09,37,ROLE_STABLE_ACROSS_CONFOUNDS,True,True,True,False
surface_token,dam,40,21,R06,1.0,R06,18,CONTEXTUAL_ROLE_SIGNAL,False,True,True,True
surface_token,dar,40,16,R06,1.0,R06,49,ROLE_STABLE_ACROSS_CONFOUNDS,True,True,True,True
surface_token,dary,40,28,R06,0.778,R06,12,CONTEXTUAL_ROLE_SIGNAL,False,False,True,True
surface_token,dol,40,24,R09,0.37,R06,19,CONTEXTUAL_ROLE_SIGNAL,False,False,False,False
surface_token,dor,40,16,R06,1.0,R06,12,CONTEXTUAL_ROLE_SIGNAL,False,False,True,True
surface_token,dshedy,40,18,R06,1.0,R06,10,CONTEXTUAL_ROLE_SIGNAL,False,False,True,True
surface_token,dy,40,27,R02,0.648,R02,30,STABLE_BUT_LOCAL_OR_THRESHOLD_SENSITIVE,False,False,True,True
surface_token,l,40,28,R06,0.778,R06,15,CONTEXTUAL_ROLE_SIGNAL,False,False,True,True
surface_token,lchedy,40,7,R00,1.0,R00,27,STABLE_BUT_LOCAL_OR_THRESHOLD_SENSITIVE,False,False,True,True
surface_token,lkain,40,14,R00,1.0,R00,11,CONTEXTUAL_ROLE_SIGNAL,False,False,True,True
surface_token,lkeedy,40,14,R00,1.0,R00,12,CONTEXTUAL_ROLE_SIGNAL,False,False,True,True
surface_token,lol,40,11,R00,0.694,R00,10,CONTEXTUAL_ROLE_SIGNAL,False,False,True,True
surface_token,lor,40,11,R00,0.694,R00,11,CONTEXTUAL_ROLE_SIGNAL,False,False,True,True
surface_token,lshedy,40,7,R00,1.0,R00,11,CONTEXTUAL_ROLE_SIGNAL,False,False,True,True
surface_token,o,40,28,R06,0.778,R00,14,CONTEXTUAL_ROLE_SIGNAL,False,False,False,True
surface_token,okaiin,40,38,H08,0.512,R10,42,ROLE_STABLE_ACROSS_CONFOUNDS,True,True,False,False
surface_token,okain,40,33,H08,0.613,R10,36,ROLE_STABLE_ACROSS_CONFOUNDS,True,True,False,True
surface_token,okal,40,6,R07,0.686,R07,36,ROLE_STABLE_ACROSS_CONFOUNDS,True,True,True,True
surface_token,okar,40,6,R07,0.686,R03,27,ROLE_STABLE_ACROSS_CONFOUNDS,True,True,False,True
surface_token,okedy,40,12,H12,0.64,R00,34,STABLE_BUT_LOCAL_OR_THRESHOLD_SENSITIVE,False,False,False,True
surface_token,okeedy,40,20,H01,0.72,R00,33,STABLE_BUT_LOCAL_OR_THRESHOLD_SENSITIVE,False,False,False,True
surface_token,okeey,40,15,H08,0.675,R06,37,ROLE_STABLE_ACROSS_CONFOUNDS,True,True,False,True
surface_token,okeody,40,39,R00,1.0,R00,12,CONTEXTUAL_ROLE_SIGNAL,False,False,True,True
surface_token,okey,40,15,H08,0.675,R00,12,CONTEXTUAL_ROLE_SIGNAL,False,False,False,True
surface_token,okol,40,6,R07,0.686,R07,23,STABLE_BUT_LOCAL_OR_THRESHOLD_SENSITIVE,False,True,True,True
surface_token,oky,40,36,H01,0.536,R00,29,ROLE_STABLE_ACROSS_CONFOUNDS,True,True,False,False
surface_token,ol,40,35,R06,1.0,R06,73,STABLE_BUT_LOCAL_OR_THRESHOLD_SENSITIVE,False,False,True,True
surface_token,olkeedy,40,36,H01,0.536,R00,11,CONTEXTUAL_ROLE_SIGNAL,False,False,False,False
surface_token,oly,40,11,R00,0.694,R06,15,CONTEXTUAL_ROLE_SIGNAL,False,False,False,True
surface_token,or,40,35,R06,1.0,R06,48,ROLE_STABLE_ACROSS_CONFOUNDS,True,True,True,True
surface_token,otaiin,40,19,R10,0.657,R10,23,STABLE_BUT_LOCAL_OR_THRESHOLD_SENSITIVE,False,True,True,True
surface_token,otain,40,4,R00,0.625,R00,25,STABLE_BUT_LOCAL_OR_THRESHOLD_SENSITIVE,False,False,True,True
surface_token,otar,40,13,H13,0.468,R01,13,CONTEXTUAL_ROLE_SIGNAL,False,False,False,False
surface_token,otedy,40,32,R01,0.707,R01,30,STABLE_BUT_LOCAL_OR_THRESHOLD_SENSITIVE,False,False,True,True
surface_token,oteedy,40,37,H01,0.625,R01,15,CONTEXTUAL_ROLE_SIGNAL,False,False,False,True
surface_token,oteey,40,32,R01,0.707,R01,13,CONTEXTUAL_ROLE_SIGNAL,False,False,True,True
surface_token,otey,40,32,R01,0.707,R01,10,CONTEXTUAL_ROLE_SIGNAL,False,False,True,True
surface_token,otor,40,13,H13,0.468,R00,12,CONTEXTUAL_ROLE_SIGNAL,False,False,False,False
surface_token,oty,40,36,H01,0.536,R01,11,CONTEXTUAL_ROLE_SIGNAL,False,False,False,False
surface_token,qokaiin,40,38,H08,0.512,H08,44,STABLE_BUT_LOCAL_OR_THRESHOLD_SENSITIVE,False,False,True,False
surface_token,qokain,40,33,H08,0.613,H08,57,CONTEXTUAL_ROLE_SIGNAL,False,False,True,True
surface_token,qokal,40,34,H08,0.561,H08,37,STABLE_BUT_LOCAL_OR_THRESHOLD_SENSITIVE,False,False,True,True
surface_token,qokar,40,34,H08,0.561,R03,29,STABLE_BUT_LOCAL_OR_THRESHOLD_SENSITIVE,False,True,False,True
surface_token,qokchdy,40,12,H12,0.64,H09,16,CONTEXTUAL_ROLE_SIGNAL,False,False,False,True
surface_token,qokchy,40,29,H13,0.524,H08,10,CONTEXTUAL_ROLE_SIGNAL,False,False,False,False
surface_token,qokedy,40,12,H12,0.64,H12,89,STABLE_BUT_LOCAL_OR_THRESHOLD_SENSITIVE,False,False,True,True
surface_token,qokeedy,40,20,H01,0.72,H01,85,STABLE_BUT_LOCAL_OR_THRESHOLD_SENSITIVE,False,False,True,True
surface_token,qokeey,40,15,H08,0.675,H08,77,STABLE_BUT_LOCAL_OR_THRESHOLD_SENSITIVE,False,True,True,True
surface_token,qokey,40,15,H08,0.675,H08,25,STABLE_BUT_LOCAL_OR_THRESHOLD_SENSITIVE,False,False,True,True
surface_token,qokol,40,25,H08,1.0,H08,20,STABLE_BUT_LOCAL_OR_THRESHOLD_SENSITIVE,False,False,True,True
surface_token,qoky,40,36,H01,0.536,H01,43,STABLE_BUT_LOCAL_OR_THRESHOLD_SENSITIVE,False,False,True,False
surface_token,qol,40,24,R09,0.37,R00,23,CONTEXTUAL_ROLE_SIGNAL,False,False,False,False
surface_token,qotaiin,40,19,R10,0.657,H13,12,CONTEXTUAL_ROLE_SIGNAL,False,False,False,True
surface_token,qotain,40,4,R00,0.625,H13,15,CONTEXTUAL_ROLE_SIGNAL,False,False,False,True
surface_token,qotal,40,13,H13,0.468,H13,12,CONTEXTUAL_ROLE_SIGNAL,False,False,True,False
surface_token,qotar,40,13,H13,0.468,H13,10,CONTEXTUAL_ROLE_SIGNAL,False,False,True,False
surface_token,qotchy,40,29,H13,0.524,H13,11,CONTEXTUAL_ROLE_SIGNAL,False,False,True,False
surface_token,qotedy,40,32,R01,0.707,H17,22,STABLE_BUT_LOCAL_OR_THRESHOLD_SENSITIVE,False,False,False,True
surface_token,qoteedy,40,37,H01,0.625,H01,25,STABLE_BUT_LOCAL_OR_THRESHOLD_SENSITIVE,False,False,True,True
surface_token,qoty,40,36,H01,0.536,H01,16,CONTEXTUAL_ROLE_SIGNAL,False,False,True,False
surface_token,r,40,28,R06,0.778,R00,12,CONTEXTUAL_ROLE_SIGNAL,False,False,False,True
surface_token,raiin,40,11,R00,0.694,R00,13,CONTEXTUAL_ROLE_SIGNAL,False,False,True,True
surface_token,s,40,28,R06,0.778,R06,39,ROLE_STABLE_ACROSS_CONFOUNDS,True,True,True,True
surface_token,saiin,40,10,R10,0.583,R06,39,STABLE_BUT_LOCAL_OR_THRESHOLD_SENSITIVE,False,True,False,True
surface_token,sain,40,23,R06,1.0,R06,20,STABLE_BUT_LOCAL_OR_THRESHOLD_SENSITIVE,False,False,True,True
surface_token,sal,40,1,R06,1.0,R06,11,CONTEXTUAL_ROLE_SIGNAL,False,False,True,True
surface_token,sar,40,1,R06,1.0,R06,14,CONTEXTUAL_ROLE_SIGNAL,False,False,True,True
surface_token,shckhy,40,26,R00,0.541,R06,14,CONTEXTUAL_ROLE_SIGNAL,False,False,False,False
surface_token,shdy,40,27,R02,0.648,R06,10,CONTEXTUAL_ROLE_SIGNAL,False,False,False,True
surface_token,shedy,40,3,R06,0.526,R06,95,STABLE_BUT_LOCAL_OR_THRESHOLD_SENSITIVE,False,False,True,False
surface_token,sheedy,40,3,R06,0.526,R06,23,STABLE_BUT_LOCAL_OR_THRESHOLD_SENSITIVE,False,False,True,False
surface_token,sheey,40,0,R06,1.0,R06,29,ROLE_STABLE_ACROSS_CONFOUNDS,True,True,True,True
surface_token,sheol,40,31,R00,0.746,R06,17,CONTEXTUAL_ROLE_SIGNAL,False,False,False,True
surface_token,shey,40,2,R06,1.0,R06,48,ROLE_STABLE_ACROSS_CONFOUNDS,True,True,True,True
surface_token,sho,40,1,R06,1.0,R06,22,CONTEXTUAL_ROLE_SIGNAL,False,False,True,True
surface_token,shol,40,24,R09,0.37,R08,21,STABLE_BUT_LOCAL_OR_THRESHOLD_SENSITIVE,False,True,False,False
surface_token,shor,40,16,R06,1.0,R06,11,CONTEXTUAL_ROLE_SIGNAL,False,False,True,True
surface_token,shy,40,27,R02,0.648,R06,21,STABLE_BUT_LOCAL_OR_THRESHOLD_SENSITIVE,False,True,False,True
surface_token,sol,40,1,R06,1.0,R06,15,CONTEXTUAL_ROLE_SIGNAL,False,False,True,True
surface_token,sor,40,1,R06,1.0,R06,10,CONTEXTUAL_ROLE_SIGNAL,False,False,True,True
surface_token,tedy,40,30,R06,1.0,R06,10,CONTEXTUAL_ROLE_SIGNAL,False,False,True,True
surface_token,y,40,28,R06,0.778,R06,25,ROLE_STABLE_ACROSS_CONFOUNDS,True,True,True,True
surface_token,ykaiin,40,22,R06,1.0,R06,11,CONTEXTUAL_ROLE_SIGNAL,False,False,True,True
conservative_morphology,ai|r|OE,40,28,R06,0.462,R06,39,CONTEXTUAL_ROLE_SIGNAL,False,False,True,False
conservative_morphology,ala|m|OLO,40,8,R00,0.505,R00,10,CONTEXTUAL_ROLE_SIGNAL,False,False,True,False
conservative_morphology,al|dy|OL,40,35,R00,0.434,R00,22,CONTEXTUAL_ROLE_SIGNAL,False,False,True,False
conservative_morphology,al|y|OL,40,35,R00,0.434,R00,33,CONTEXTUAL_ROLE_SIGNAL,False,False,True,False
conservative_morphology,ar|al|OL,40,35,R00,0.434,R00,12,CONTEXTUAL_ROLE_SIGNAL,False,False,True,False
conservative_morphology,ar|y|OL,40,35,R00,0.434,R00,35,CONTEXTUAL_ROLE_SIGNAL,False,False,True,False
conservative_morphology,a|iin|O,40,17,R10,0.545,R10,380,LOW_POWER_OR_UNSTABLE,False,False,True,False
conservative_morphology,a|in|O,40,14,R06,0.367,R06,226,LOW_POWER_OR_UNSTABLE,False,False,True,False
conservative_morphology,a|l|O,40,1,R07,0.306,R06,192,LOW_POWER_OR_UNSTABLE,False,False,False,False
conservative_morphology,a|m|O,40,8,R00,0.505,R06,63,LOW_POWER_OR_UNSTABLE,False,False,False,False
conservative_morphology,a|n|O,40,8,R00,0.505,R06,16,CONTEXTUAL_ROLE_SIGNAL,False,False,False,False
conservative_morphology,a|r|O,40,32,R06,0.523,R06,224,LOW_POWER_OR_UNSTABLE,False,False,True,False
conservative_morphology,cho|NONE|BO,40,24,R00,0.7,R00,20,CONTEXTUAL_ROLE_SIGNAL,False,False,True,True
conservative_morphology,ch|dy|B,40,2,R00,0.5,R00,42,CONTEXTUAL_ROLE_SIGNAL,False,False,True,False
conservative_morphology,ch|edy|B,40,37,R00,0.508,R00,37,LOW_POWER_OR_UNSTABLE,False,False,True,False
conservative_morphology,ch|eey|B,40,10,R00,0.494,R00,14,LOW_POWER_OR_UNSTABLE,False,False,True,False
conservative_morphology,ch|ey|B,40,10,R00,0.494,R00,43,LOW_POWER_OR_UNSTABLE,False,False,True,False
conservative_morphology,ch|ol|B,40,5,R06,0.488,R06,20,LOW_POWER_OR_UNSTABLE,False,False,True,False
conservative_morphology,ch|or|B,40,5,R06,0.488,R06,21,LOW_POWER_OR_UNSTABLE,False,False,True,False
conservative_morphology,ch|y|B,40,21,R00,0.54,R00,63,LOW_POWER_OR_UNSTABLE,False,False,True,False
conservative_morphology,ckh|ey|XGX,40,7,R00,0.412,R00,20,CONTEXTUAL_ROLE_SIGNAL,False,False,True,False
conservative_morphology,ckh|y|XGX,40,4,R00,0.434,R00,73,STABLE_BUT_LOCAL_OR_THRESHOLD_SENSITIVE,False,False,True,False
conservative_morphology,cth|ey|XGX,40,7,R00,0.412,R04,14,CONTEXTUAL_ROLE_SIGNAL,False,False,False,False
conservative_morphology,cth|or|XGX,40,19,R04,1.0,R04,13,CONTEXTUAL_ROLE_SIGNAL,False,False,True,True
conservative_morphology,cth|y|XGX,40,4,R00,0.434,R04,40,STABLE_BUT_LOCAL_OR_THRESHOLD_SENSITIVE,False,False,False,False
conservative_morphology,d|aiin|D,40,12,R10,0.6,R10,20,CONTEXTUAL_ROLE_SIGNAL,False,False,True,True
conservative_morphology,d|al|D,40,26,R00,0.564,R00,12,CONTEXTUAL_ROLE_SIGNAL,False,False,True,True
conservative_morphology,d|ar|D,40,23,R00,0.5,R00,12,CONTEXTUAL_ROLE_SIGNAL,False,False,True,False
conservative_morphology,d|y|D,40,35,R00,0.434,R02,92,CONTEXTUAL_ROLE_SIGNAL,False,False,False,False
conservative_morphology,eckh|y|EXGX,40,4,R00,0.434,R00,12,CONTEXTUAL_ROLE_SIGNAL,False,False,True,False
conservative_morphology,ed|NONE|ED,40,13,R00,0.5,R06,12,CONTEXTUAL_ROLE_SIGNAL,False,False,False,False
conservative_morphology,ed|al|ED,40,36,R06,0.273,R00,11,LOW_POWER_OR_UNSTABLE,False,False,False,False
conservative_morphology,eed|NONE|ED,40,13,R00,0.5,H08,11,LOW_POWER_OR_UNSTABLE,False,False,False,False
conservative_morphology,ees|NONE|EX,40,33,R00,0.818,R00,11,CONTEXTUAL_ROLE_SIGNAL,False,False,True,True
conservative_morphology,ee|ol|E,40,3,R00,0.41,R00,10,CONTEXTUAL_ROLE_SIGNAL,False,False,True,False
conservative_morphology,ee|or|E,40,22,R00,0.674,R00,10,LOW_POWER_OR_UNSTABLE,False,False,True,True
conservative_morphology,ek|y|EG,40,4,R00,0.434,R06,22,STABLE_BUT_LOCAL_OR_THRESHOLD_SENSITIVE,False,True,False,False
conservative_morphology,eos|NONE|EOX,40,13,R00,0.5,R00,12,CONTEXTUAL_ROLE_SIGNAL,False,False,True,False
conservative_morphology,eo|NONE|EO,40,39,R00,0.438,R00,16,LOW_POWER_OR_UNSTABLE,False,False,True,False
conservative_morphology,eo|dy|EO,40,8,R00,0.505,R00,50,LOW_POWER_OR_UNSTABLE,False,False,True,False
conservative_morphology,e|al|E,40,22,R00,0.674,R00,14,CONTEXTUAL_ROLE_SIGNAL,False,False,True,True
conservative_morphology,e|ar|E,40,22,R00,0.674,R00,26,CONTEXTUAL_ROLE_SIGNAL,False,False,True,True
conservative_morphology,e|dy|E,40,20,R06,0.228,R06,367,LOW_POWER_OR_UNSTABLE,False,False,True,False
conservative_morphology,e|edy|E,40,20,R06,0.228,H01,203,LOW_POWER_OR_UNSTABLE,False,False,False,False
conservative_morphology,e|eey|E,40,6,R06,0.593,R00,16,LOW_POWER_OR_UNSTABLE,False,False,False,True
conservative_morphology,e|ey|E,40,11,R06,0.477,R06,195,LOW_POWER_OR_UNSTABLE,False,False,True,False
conservative_morphology,e|ol|E,40,3,R00,0.41,R00,68,LOW_POWER_OR_UNSTABLE,False,False,True,False
conservative_morphology,e|or|E,40,22,R00,0.674,R00,28,CONTEXTUAL_ROLE_SIGNAL,False,False,True,True
conservative_morphology,e|y|E,40,6,R06,0.593,R06,156,LOW_POWER_OR_UNSTABLE,False,False,True,True
conservative_morphology,i|in|E,40,22,R00,0.674,R00,11,CONTEXTUAL_ROLE_SIGNAL,False,False,True,True
conservative_morphology,kch|y|GB,40,38,R06,0.75,R06,16,CONTEXTUAL_ROLE_SIGNAL,False,False,True,True
conservative_morphology,ke|eey|GE,40,9,R00,0.596,R00,11,LOW_POWER_OR_UNSTABLE,False,False,True,True
conservative_morphology,ke|ol|GE,40,29,R06,0.8,R06,10,CONTEXTUAL_ROLE_SIGNAL,False,False,True,True
conservative_morphology,k|aiin|G,40,25,R06,0.769,R06,27,CONTEXTUAL_ROLE_SIGNAL,False,False,True,True
conservative_morphology,k|ain|G,40,15,R06,0.7,R06,14,LOW_POWER_OR_UNSTABLE,False,False,True,True
conservative_morphology,k|ar|G,40,15,R06,0.7,R06,24,STABLE_BUT_LOCAL_OR_THRESHOLD_SENSITIVE,False,True,True,True
conservative_morphology,k|edy|G,40,0,R00,0.633,R00,22,CONTEXTUAL_ROLE_SIGNAL,False,False,True,True
conservative_morphology,k|eedy|G,40,0,R00,0.633,R00,25,CONTEXTUAL_ROLE_SIGNAL,False,False,True,True
conservative_morphology,k|eey|G,40,9,R00,0.596,R00,21,CONTEXTUAL_ROLE_SIGNAL,False,False,True,True
conservative_morphology,k|ey|G,40,9,R00,0.596,R06,10,CONTEXTUAL_ROLE_SIGNAL,False,False,False,True
conservative_morphology,k|ol|G,40,15,R06,0.7,R06,12,CONTEXTUAL_ROLE_SIGNAL,False,False,True,True
conservative_morphology,k|y|G,40,4,R00,0.434,H01,91,CONTEXTUAL_ROLE_SIGNAL,False,False,False,False
conservative_morphology,lch|edy|LB,40,16,R00,0.884,R00,31,STABLE_BUT_LOCAL_OR_THRESHOLD_SENSITIVE,False,False,True,True
conservative_morphology,lch|ey|LB,40,16,R00,0.884,R00,12,CONTEXTUAL_ROLE_SIGNAL,False,False,True,True
conservative_morphology,lk|eedy|LG,40,0,R00,0.633,R00,17,CONTEXTUAL_ROLE_SIGNAL,False,False,True,True
conservative_morphology,lk|eey|LG,40,9,R00,0.596,R00,10,CONTEXTUAL_ROLE_SIGNAL,False,False,True,True
conservative_morphology,l|or|L,40,27,R00,1.0,R00,12,CONTEXTUAL_ROLE_SIGNAL,False,False,True,True
conservative_morphology,l|y|L,40,35,R00,0.434,R06,23,CONTEXTUAL_ROLE_SIGNAL,False,False,False,False
conservative_morphology,octh|y|OXGX,40,4,R00,0.434,R00,10,CONTEXTUAL_ROLE_SIGNAL,False,False,True,False
conservative_morphology,od|aiin|OD,40,26,R00,0.564,R00,17,LOW_POWER_OR_UNSTABLE,False,False,True,True
conservative_morphology,od|ar|OD,40,26,R00,0.564,R00,10,CONTEXTUAL_ROLE_SIGNAL,False,False,True,True
conservative_morphology,ok|y|OG,40,35,R00,0.434,R00,18,CONTEXTUAL_ROLE_SIGNAL,False,True,True,False
conservative_morphology,os|NONE|OX,40,13,R00,0.5,R00,15,CONTEXTUAL_ROLE_SIGNAL,False,False,True,False
conservative_morphology,o|dy|O,40,8,R00,0.505,R00,41,ROLE_STABLE_ACROSS_CONFOUNDS,True,True,True,False
conservative_morphology,o|iin|O,40,18,R06,0.727,R06,11,CONTEXTUAL_ROLE_SIGNAL,False,False,True,True
conservative_morphology,o|l|O,40,1,R07,0.306,R07,314,LOW_POWER_OR_UNSTABLE,False,False,True,False
conservative_morphology,o|m|O,40,8,R00,0.505,R06,10,LOW_POWER_OR_UNSTABLE,False,False,False,False
conservative_morphology,o|r|O,40,32,R06,0.523,R06,172,LOW_POWER_OR_UNSTABLE,False,False,True,False
conservative_morphology,pch|edy|GB,40,30,R00,0.625,R00,19,CONTEXTUAL_ROLE_SIGNAL,False,False,True,True
conservative_morphology,pch|ey|GB,40,30,R00,0.625,R00,13,CONTEXTUAL_ROLE_SIGNAL,False,False,True,True
conservative_morphology,sh|edy|B,40,37,R00,0.508,R06,24,LOW_POWER_OR_UNSTABLE,False,False,False,False
conservative_morphology,sh|ey|B,40,10,R00,0.494,R00,20,LOW_POWER_OR_UNSTABLE,False,False,True,False
conservative_morphology,t|aiin|G,40,25,R06,0.769,R06,12,CONTEXTUAL_ROLE_SIGNAL,False,False,True,True
conservative_morphology,t|edy|G,40,0,R00,0.633,R06,15,CONTEXTUAL_ROLE_SIGNAL,False,False,False,True
conservative_morphology,t|eedy|G,40,34,R00,0.8,R00,10,CONTEXTUAL_ROLE_SIGNAL,False,False,True,True
conservative_morphology,t|y|G,40,4,R00,0.434,H01,33,LOW_POWER_OR_UNSTABLE,False,False,False,False
broad_shape,BEO|dy,40,5,R00,0.618,R00,14,CONTEXTUAL_ROLE_SIGNAL,False,False,True,True
broad_shape,BE|ol,40,3,R06,0.5,R06,10,LOW_POWER_OR_UNSTABLE,False,False,True,False
broad_shape,BO|NONE,40,32,R00,0.581,R00,25,LOW_POWER_OR_UNSTABLE,False,False,True,True
broad_shape,B|dy,40,5,R00,0.618,R00,50,LOW_POWER_OR_UNSTABLE,False,False,True,True
broad_shape,B|edy,40,37,R00,0.528,R00,61,LOW_POWER_OR_UNSTABLE,False,False,True,False
broad_shape,B|eedy,40,37,R00,0.528,R00,11,LOW_POWER_OR_UNSTABLE,False,False,True,False
broad_shape,B|eey,40,31,R00,0.488,R06,21,LOW_POWER_OR_UNSTABLE,False,False,False,False
broad_shape,B|ey,40,31,R00,0.488,R00,63,LOW_POWER_OR_UNSTABLE,False,False,True,False
broad_shape,B|ol,40,3,R06,0.5,R06,22,LOW_POWER_OR_UNSTABLE,False,False,True,False
broad_shape,B|or,40,3,R06,0.5,R06,28,LOW_POWER_OR_UNSTABLE,False,False,True,False
broad_shape,B|y,40,18,R00,0.611,R00,73,LOW_POWER_OR_UNSTABLE,False,False,True,True
broad_shape,DO|NONE,40,1,R06,0.567,R06,10,CONTEXTUAL_ROLE_SIGNAL,False,False,True,True
broad_shape,D|aiin,40,36,R10,0.6,R10,20,CONTEXTUAL_ROLE_SIGNAL,False,False,True,True
broad_shape,D|al,40,21,R00,0.5,R00,12,CONTEXTUAL_ROLE_SIGNAL,False,False,True,False
broad_shape,D|ar,40,25,R00,0.5,R00,12,CONTEXTUAL_ROLE_SIGNAL,False,False,True,False
broad_shape,D|y,40,2,R02,0.467,R02,92,CONTEXTUAL_ROLE_SIGNAL,False,False,True,False
broad_shape,ED|NONE,40,32,R00,0.581,H08,24,LOW_POWER_OR_UNSTABLE,False,False,False,True
broad_shape,ED|aiin,40,16,R00,0.762,R00,10,CONTEXTUAL_ROLE_SIGNAL,False,False,True,True
broad_shape,ED|ain,40,16,R00,0.762,R00,11,CONTEXTUAL_ROLE_SIGNAL,False,False,True,True
broad_shape,ED|al,40,38,R09,0.308,R09,13,LOW_POWER_OR_UNSTABLE,False,False,True,False
broad_shape,EG|ain,40,13,R06,0.517,R00,10,CONTEXTUAL_ROLE_SIGNAL,False,False,False,False
broad_shape,EG|y,40,13,R06,0.517,R06,40,STABLE_BUT_LOCAL_OR_THRESHOLD_SENSITIVE,False,True,True,False
broad_shape,EOD|NONE,40,32,R00,0.581,R00,11,CONTEXTUAL_ROLE_SIGNAL,False,False,True,True
broad_shape,EOL|y,40,27,R00,0.665,R00,14,CONTEXTUAL_ROLE_SIGNAL,False,False,True,True
broad_shape,EOX|NONE,40,32,R00,0.581,R00,19,CONTEXTUAL_ROLE_SIGNAL,False,False,True,True
broad_shape,EO|NONE,40,15,R00,0.52,R00,25,CONTEXTUAL_ROLE_SIGNAL,False,False,True,False
broad_shape,EO|dy,40,5,R00,0.618,R00,59,LOW_POWER_OR_UNSTABLE,False,False,True,True
broad_shape,EXGX|y,40,34,R00,0.96,R00,25,STABLE_BUT_LOCAL_OR_THRESHOLD_SENSITIVE,False,True,True,True
broad_shape,EX|NONE,40,32,R00,0.581,R00,31,STABLE_BUT_LOCAL_OR_THRESHOLD_SENSITIVE,False,True,True,True
broad_shape,E|al,40,11,R00,0.557,R00,17,CONTEXTUAL_ROLE_SIGNAL,False,False,True,True
broad_shape,E|ar,40,11,R00,0.557,R00,32,LOW_POWER_OR_UNSTABLE,False,False,True,True
broad_shape,E|dy,40,22,R06,0.223,R06,367,LOW_POWER_OR_UNSTABLE,False,False,True,False
broad_shape,E|edy,40,22,R06,0.223,H01,203,LOW_POWER_OR_UNSTABLE,False,False,False,False
broad_shape,E|eey,40,17,R06,0.531,R00,16,LOW_POWER_OR_UNSTABLE,False,False,False,False
broad_shape,E|ey,40,17,R06,0.531,R06,195,LOW_POWER_OR_UNSTABLE,False,False,True,False
broad_shape,E|in,40,11,R00,0.557,R00,11,CONTEXTUAL_ROLE_SIGNAL,False,False,True,True
broad_shape,E|ol,40,11,R00,0.557,R00,78,LOW_POWER_OR_UNSTABLE,False,False,True,True
broad_shape,E|or,40,11,R00,0.557,R00,38,LOW_POWER_OR_UNSTABLE,False,False,True,True
broad_shape,E|y,40,17,R06,0.531,R06,156,LOW_POWER_OR_UNSTABLE,False,False,True,False
broad_shape,GBE|or,40,10,R06,0.582,R00,10,CONTEXTUAL_ROLE_SIGNAL,False,False,False,True
broad_shape,GB|dy,40,5,R00,0.618,R00,17,CONTEXTUAL_ROLE_SIGNAL,False,False,True,True
broad_shape,GB|edy,40,10,R06,0.582,R00,42,LOW_POWER_OR_UNSTABLE,False,False,False,True
broad_shape,GB|ey,40,33,R06,0.6,R06,30,CONTEXTUAL_ROLE_SIGNAL,False,False,True,True
broad_shape,GB|ol,40,10,R06,0.582,R06,19,CONTEXTUAL_ROLE_SIGNAL,False,False,True,True
broad_shape,GB|or,40,10,R06,0.582,R06,20,STABLE_BUT_LOCAL_OR_THRESHOLD_SENSITIVE,False,True,True,True
broad_shape,GB|y,40,39,R06,0.718,R06,39,CONTEXTUAL_ROLE_SIGNAL,False,False,True,True
broad_shape,GEO|dy,40,5,R00,0.618,R00,25,CONTEXTUAL_ROLE_SIGNAL,False,False,True,True
broad_shape,GE|eey,40,6,R06,0.548,R00,12,LOW_POWER_OR_UNSTABLE,False,False,False,False
broad_shape,GE|ol,40,24,R06,0.739,R06,19,STABLE_BUT_LOCAL_OR_THRESHOLD_SENSITIVE,False,True,True,True
broad_shape,GOE|r,40,29,R06,0.727,R06,11,CONTEXTUAL_ROLE_SIGNAL,False,False,True,True
broad_shape,GOL|y,40,27,R00,0.665,R06,16,CONTEXTUAL_ROLE_SIGNAL,False,False,False,True
broad_shape,GO|NONE,40,32,R00,0.581,R00,14,CONTEXTUAL_ROLE_SIGNAL,False,False,True,True
broad_shape,GO|m,40,20,R06,0.578,R06,12,CONTEXTUAL_ROLE_SIGNAL,False,False,True,True
broad_shape,G|NONE,40,1,R06,0.567,R06,13,CONTEXTUAL_ROLE_SIGNAL,False,False,True,True
broad_shape,G|aiin,40,0,R00,0.421,R06,44,CONTEXTUAL_ROLE_SIGNAL,False,False,False,False
broad_shape,G|ain,40,0,R00,0.421,R06,23,LOW_POWER_OR_UNSTABLE,False,False,False,False
broad_shape,G|al,40,24,R06,0.739,R06,15,LOW_POWER_OR_UNSTABLE,False,False,True,True
broad_shape,G|ar,40,24,R06,0.739,R06,40,CONTEXTUAL_ROLE_SIGNAL,False,False,True,True
broad_shape,G|edy,40,0,R00,0.421,R00,37,LOW_POWER_OR_UNSTABLE,False,False,True,False
broad_shape,G|eedy,40,0,R00,0.421,R00,35,CONTEXTUAL_ROLE_SIGNAL,False,False,True,False
broad_shape,G|eey,40,6,R06,0.548,R06,30,CONTEXTUAL_ROLE_SIGNAL,False,False,True,False
broad_shape,G|ey,40,0,R00,0.421,R06,14,CONTEXTUAL_ROLE_SIGNAL,False,False,False,False
broad_shape,G|ol,40,24,R06,0.739,R06,20,STABLE_BUT_LOCAL_OR_THRESHOLD_SENSITIVE,False,True,True,True
broad_shape,G|or,40,24,R06,0.739,R06,17,CONTEXTUAL_ROLE_SIGNAL,False,False,True,True
broad_shape,G|y,40,0,R00,0.421,H01,127,LOW_POWER_OR_UNSTABLE,False,False,False,False
broad_shape,LB|edy,40,7,R00,0.929,R00,45,STABLE_BUT_LOCAL_OR_THRESHOLD_SENSITIVE,False,False,True,True
broad_shape,LB|ey,40,7,R00,0.929,R00,25,STABLE_BUT_LOCAL_OR_THRESHOLD_SENSITIVE,False,False,True,True
broad_shape,LG|ain,40,14,R00,0.844,R00,13,CONTEXTUAL_ROLE_SIGNAL,False,False,True,True
broad_shape,LG|eedy,40,14,R00,0.844,R00,20,CONTEXTUAL_ROLE_SIGNAL,False,False,True,True
broad_shape,LG|eey,40,14,R00,0.844,R00,12,CONTEXTUAL_ROLE_SIGNAL,False,False,True,True
broad_shape,LO|NONE,40,1,R06,0.567,R00,10,CONTEXTUAL_ROLE_SIGNAL,False,False,False,True
broad_shape,L|NONE,40,1,R06,0.567,R06,27,CONTEXTUAL_ROLE_SIGNAL,False,False,True,True
broad_shape,L|aiin,40,12,R00,0.957,R00,17,CONTEXTUAL_ROLE_SIGNAL,False,False,True,True
broad_shape,L|ol,40,12,R00,0.957,R00,14,CONTEXTUAL_ROLE_SIGNAL,False,False,True,True
broad_shape,L|or,40,12,R00,0.957,R00,16,CONTEXTUAL_ROLE_SIGNAL,False,False,True,True
broad_shape,L|y,40,27,R00,0.665,R06,31,CONTEXTUAL_ROLE_SIGNAL,False,False,False,True
broad_shape,OD|aiin,40,28,R00,0.588,R00,17,LOW_POWER_OR_UNSTABLE,False,False,True,True
broad_shape,OD|ar,40,9,R00,0.587,R00,10,CONTEXTUAL_ROLE_SIGNAL,False,False,True,True
broad_shape,OE|iin,40,8,R10,0.458,R00,11,CONTEXTUAL_ROLE_SIGNAL,False,False,False,False
broad_shape,OE|r,40,8,R10,0.458,R06,39,CONTEXTUAL_ROLE_SIGNAL,False,False,False,False
broad_shape,OGB|y,40,13,R06,0.517,R00,10,CONTEXTUAL_ROLE_SIGNAL,False,False,False,False
broad_shape,OG|NONE,40,32,R00,0.581,R00,12,CONTEXTUAL_ROLE_SIGNAL,False,False,True,True
broad_shape,OG|y,40,27,R00,0.665,R00,26,ROLE_STABLE_ACROSS_CONFOUNDS,True,True,True,True
broad_shape,OI|r,40,8,R10,0.458,R00,11,CONTEXTUAL_ROLE_SIGNAL,False,False,False,False
broad_shape,OLB|edy,40,18,R00,0.611,R00,17,CONTEXTUAL_ROLE_SIGNAL,False,False,True,True
broad_shape,OLOL|y,40,27,R00,0.665,R00,16,CONTEXTUAL_ROLE_SIGNAL,False,False,True,True
broad_shape,OLO|NONE,40,1,R06,0.567,R00,15,CONTEXTUAL_ROLE_SIGNAL,False,False,False,True
broad_shape,OLO|m,40,9,R00,0.587,R00,23,CONTEXTUAL_ROLE_SIGNAL,False,False,True,True
broad_shape,OLX|NONE,40,1,R06,0.567,R00,11,CONTEXTUAL_ROLE_SIGNAL,False,False,False,True
broad_shape,OL|aiin,40,9,R00,0.587,R00,13,CONTEXTUAL_ROLE_SIGNAL,False,False,True,True
broad_shape,OL|al,40,9,R00,0.587,R00,21,CONTEXTUAL_ROLE_SIGNAL,False,False,True,True
broad_shape,OL|ar,40,9,R00,0.587,R00,14,CONTEXTUAL_ROLE_SIGNAL,False,False,True,True
broad_shape,OL|dy,40,9,R00,0.587,R00,34,LOW_POWER_OR_UNSTABLE,False,False,True,True
broad_shape,OL|ol,40,9,R00,0.587,R00,12,CONTEXTUAL_ROLE_SIGNAL,False,False,True,True
broad_shape,OL|or,40,9,R00,0.587,R00,11,LOW_POWER_OR_UNSTABLE,False,False,True,True
broad_shape,OL|y,40,27,R00,0.665,R00,86,CONTEXTUAL_ROLE_SIGNAL,False,False,True,True
broad_shape,OXGX|y,40,27,R00,0.665,R00,23,STABLE_BUT_LOCAL_OR_THRESHOLD_SENSITIVE,False,True,True,True
broad_shape,OX|NONE,40,35,R00,0.9,R00,20,STABLE_BUT_LOCAL_OR_THRESHOLD_SENSITIVE,False,True,True,True
broad_shape,O|NONE,40,1,R06,0.567,R00,18,CONTEXTUAL_ROLE_SIGNAL,False,True,False,True
broad_shape,O|dy,40,19,R00,0.837,R00,43,ROLE_STABLE_ACROSS_CONFOUNDS,True,True,True,True
broad_shape,O|iin,40,8,R10,0.458,R10,391,LOW_POWER_OR_UNSTABLE,False,False,True,False
broad_shape,O|in,40,30,R06,0.366,R06,227,LOW_POWER_OR_UNSTABLE,False,False,True,False
broad_shape,O|l,40,26,R06,0.4,R07,506,LOW_POWER_OR_UNSTABLE,False,False,False,False
broad_shape,O|m,40,20,R06,0.578,R06,73,LOW_POWER_OR_UNSTABLE,False,False,True,True
broad_shape,O|n,40,20,R06,0.578,R00,17,CONTEXTUAL_ROLE_SIGNAL,False,False,False,True
broad_shape,O|r,40,26,R06,0.4,R06,396,LOW_POWER_OR_UNSTABLE,False,False,True,False
broad_shape,XGX|aiin,40,4,R00,0.486,R00,11,LOW_POWER_OR_UNSTABLE,False,False,True,False
broad_shape,XGX|edy,40,22,R06,0.223,R00,12,LOW_POWER_OR_UNSTABLE,False,False,False,False
broad_shape,XGX|ey,40,4,R00,0.486,R00,37,LOW_POWER_OR_UNSTABLE,False,False,True,False
broad_shape,XGX|ol,40,4,R00,0.486,R07,30,CONTEXTUAL_ROLE_SIGNAL,False,False,False,False
broad_shape,XGX|or,40,4,R00,0.486,R04,18,CONTEXTUAL_ROLE_SIGNAL,False,False,False,False
broad_shape,XGX|y,40,4,R00,0.486,R00,122,LOW_POWER_OR_UNSTABLE,False,False,True,False
broad_shape,XO|NONE,40,23,R06,0.917,R06,24,STABLE_BUT_LOCAL_OR_THRESHOLD_SENSITIVE,False,False,True,True
broad_shape,X|NONE,40,1,R06,0.567,R06,46,ROLE_STABLE_ACROSS_CONFOUNDS,True,True,True,True
broad_shape,X|y,40,2,R02,0.467,R06,30,ROLE_STABLE_ACROSS_CONFOUNDS,True,True,False,False
stolfi_inspired_signature,G_k|S_BDY|T_dy,40,6,R00,0.496,H09,26,CONTEXTUAL_ROLE_SIGNAL,False,False,False,False
stolfi_inspired_signature,G_k|S_BEY|T_ey,40,27,H08,0.588,H08,17,CONTEXTUAL_ROLE_SIGNAL,False,False,True,True
stolfi_inspired_signature,G_k|S_BY|T_y,40,22,R00,0.562,R00,24,CONTEXTUAL_ROLE_SIGNAL,False,False,True,True
stolfi_inspired_signature,G_k|S_EDY|T_dy,40,24,R06,0.298,H12,123,CONTEXTUAL_ROLE_SIGNAL,False,False,False,False
stolfi_inspired_signature,G_k|S_EDY|T_edy,40,16,H01,0.41,H01,118,CONTEXTUAL_ROLE_SIGNAL,False,False,True,False
stolfi_inspired_signature,G_k|S_EGY|T_y,40,6,R00,0.496,R06,28,ROLE_STABLE_ACROSS_CONFOUNDS,True,True,False,False
stolfi_inspired_signature,G_k|S_EODY|T_dy,40,6,R00,0.496,R00,26,CONTEXTUAL_ROLE_SIGNAL,False,False,True,False
stolfi_inspired_signature,G_k|S_EOL|T_ol,40,38,H08,0.429,H08,21,LOW_POWER_OR_UNSTABLE,False,False,True,False
stolfi_inspired_signature,G_k|S_EXGXY|T_y,40,33,R00,0.96,R00,14,CONTEXTUAL_ROLE_SIGNAL,False,False,True,True
stolfi_inspired_signature,G_k|S_EY|T_ey,40,3,H08,0.675,H08,114,CONTEXTUAL_ROLE_SIGNAL,False,False,True,True
stolfi_inspired_signature,G_k|S_EY|T_y,40,3,H08,0.675,H08,37,CONTEXTUAL_ROLE_SIGNAL,False,False,True,True
stolfi_inspired_signature,G_k|S_GBY|T_y,40,21,R06,0.85,R06,20,STABLE_BUT_LOCAL_OR_THRESHOLD_SENSITIVE,False,True,True,True
stolfi_inspired_signature,G_k|S_GEDY|T_edy,40,8,R00,0.523,R00,22,CONTEXTUAL_ROLE_SIGNAL,False,False,True,False
stolfi_inspired_signature,G_k|S_GEDY|T_eedy,40,8,R00,0.523,R00,25,CONTEXTUAL_ROLE_SIGNAL,False,False,True,False
stolfi_inspired_signature,G_k|S_GEODY|T_dy,40,32,R00,0.706,R00,17,CONTEXTUAL_ROLE_SIGNAL,False,False,True,True
stolfi_inspired_signature,G_k|S_GEOL|T_ol,40,37,R06,0.8,R06,13,CONTEXTUAL_ROLE_SIGNAL,False,False,True,True
stolfi_inspired_signature,G_k|S_GEY|T_eey,40,10,R06,0.558,R00,32,CONTEXTUAL_ROLE_SIGNAL,False,False,False,True
stolfi_inspired_signature,G_k|S_GEY|T_ey,40,10,R06,0.558,R06,10,CONTEXTUAL_ROLE_SIGNAL,False,False,True,True
stolfi_inspired_signature,G_k|S_GOEL|T_ain,40,8,R00,0.523,R06,14,LOW_POWER_OR_UNSTABLE,False,False,False,False
stolfi_inspired_signature,G_k|S_GOIL|T_aiin,40,26,R06,0.75,R06,27,CONTEXTUAL_ROLE_SIGNAL,False,False,True,True
stolfi_inspired_signature,G_k|S_GOL|T_ar,40,8,R00,0.523,R06,24,STABLE_BUT_LOCAL_OR_THRESHOLD_SENSITIVE,False,True,False,False
stolfi_inspired_signature,G_k|S_GOL|T_ol,40,37,R06,0.8,R06,12,CONTEXTUAL_ROLE_SIGNAL,False,False,True,True
stolfi_inspired_signature,G_k|S_GO|T_NONE,40,6,R00,0.496,R00,10,CONTEXTUAL_ROLE_SIGNAL,False,False,True,False
stolfi_inspired_signature,G_k|S_GY|T_y,40,20,H01,0.476,H01,91,CONTEXTUAL_ROLE_SIGNAL,False,False,True,False
stolfi_inspired_signature,G_k|S_LGEDY|T_eedy,40,25,R00,0.824,R00,17,CONTEXTUAL_ROLE_SIGNAL,False,False,True,True
stolfi_inspired_signature,G_k|S_LGEY|T_eey,40,25,R00,0.824,R00,17,CONTEXTUAL_ROLE_SIGNAL,False,False,True,True
stolfi_inspired_signature,G_k|S_ODY|T_dy,40,6,R00,0.496,R00,10,CONTEXTUAL_ROLE_SIGNAL,False,False,True,False
stolfi_inspired_signature,G_k|S_OEL|T_in,40,17,R06,0.366,H08,94,CONTEXTUAL_ROLE_SIGNAL,False,False,False,False
stolfi_inspired_signature,G_k|S_OGY|T_y,40,6,R00,0.496,R00,16,CONTEXTUAL_ROLE_SIGNAL,False,False,True,False
stolfi_inspired_signature,G_k|S_OIL|T_iin,40,4,R10,0.529,H08,86,LOW_POWER_OR_UNSTABLE,False,False,False,False
stolfi_inspired_signature,G_k|S_OLDY|T_dy,40,6,R00,0.496,R00,17,CONTEXTUAL_ROLE_SIGNAL,False,False,True,False
stolfi_inspired_signature,G_k|S_OLY|T_y,40,29,R00,0.633,R00,22,STABLE_BUT_LOCAL_OR_THRESHOLD_SENSITIVE,False,True,True,True
stolfi_inspired_signature,G_k|S_OL|T_l,40,36,R06,0.453,R07,116,CONTEXTUAL_ROLE_SIGNAL,False,False,False,False
stolfi_inspired_signature,G_k|S_OL|T_m,40,34,R06,0.594,H08,13,CONTEXTUAL_ROLE_SIGNAL,False,False,False,True
stolfi_inspired_signature,G_k|S_OL|T_r,40,2,R03,0.528,R03,68,ROLE_STABLE_ACROSS_CONFOUNDS,True,True,True,False
stolfi_inspired_signature,G_k|S_XGXEY|T_ey,40,18,R00,0.412,R00,20,CONTEXTUAL_ROLE_SIGNAL,False,False,True,False
stolfi_inspired_signature,G_k|S_XGXY|T_y,40,5,R00,0.496,R00,74,STABLE_BUT_LOCAL_OR_THRESHOLD_SENSITIVE,False,False,True,False
stolfi_inspired_signature,G_p|S_GBEDY|T_edy,40,13,R00,0.588,R00,21,CONTEXTUAL_ROLE_SIGNAL,False,False,True,True
stolfi_inspired_signature,G_p|S_GBEY|T_ey,40,13,R00,0.588,R00,13,CONTEXTUAL_ROLE_SIGNAL,False,False,True,True
stolfi_inspired_signature,G_t|S_BDY|T_dy,40,19,R00,0.528,R00,13,CONTEXTUAL_ROLE_SIGNAL,False,False,True,False
stolfi_inspired_signature,G_t|S_BEDY|T_edy,40,16,H01,0.41,H15,13,LOW_POWER_OR_UNSTABLE,False,False,False,False
stolfi_inspired_signature,G_t|S_BY|T_y,40,22,R00,0.562,H13,16,CONTEXTUAL_ROLE_SIGNAL,False,False,False,True
stolfi_inspired_signature,G_t|S_EDY|T_dy,40,16,H01,0.41,R01,52,LOW_POWER_OR_UNSTABLE,False,False,False,False
stolfi_inspired_signature,G_t|S_EDY|T_edy,40,16,H01,0.41,H01,40,LOW_POWER_OR_UNSTABLE,False,False,True,False
stolfi_inspired_signature,G_t|S_EXGXY|T_y,40,33,R00,0.96,R00,11,CONTEXTUAL_ROLE_SIGNAL,False,False,True,True
stolfi_inspired_signature,G_t|S_EY|T_ey,40,11,R01,0.722,R01,18,CONTEXTUAL_ROLE_SIGNAL,False,False,True,True
stolfi_inspired_signature,G_t|S_EY|T_y,40,30,R01,0.667,R01,15,LOW_POWER_OR_UNSTABLE,False,False,True,True
stolfi_inspired_signature,G_t|S_GBOL|T_or,40,21,R06,0.85,R06,10,CONTEXTUAL_ROLE_SIGNAL,False,False,True,True
stolfi_inspired_signature,G_t|S_GBY|T_y,40,21,R06,0.85,R06,10,CONTEXTUAL_ROLE_SIGNAL,False,False,True,True
stolfi_inspired_signature,G_t|S_GEDY|T_edy,40,8,R00,0.523,R06,15,CONTEXTUAL_ROLE_SIGNAL,False,False,False,False
stolfi_inspired_signature,G_t|S_GEDY|T_eedy,40,8,R00,0.523,R00,11,CONTEXTUAL_ROLE_SIGNAL,False,False,True,False
stolfi_inspired_signature,G_t|S_GEY|T_eey,40,10,R06,0.558,R06,10,CONTEXTUAL_ROLE_SIGNAL,False,False,True,True
stolfi_inspired_signature,G_t|S_GOIL|T_aiin,40,26,R06,0.75,R06,13,CONTEXTUAL_ROLE_SIGNAL,False,False,True,True
stolfi_inspired_signature,G_t|S_GY|T_y,40,20,H01,0.476,H01,33,LOW_POWER_OR_UNSTABLE,False,False,True,False
stolfi_inspired_signature,G_t|S_OEL|T_in,40,17,R06,0.366,R00,40,LOW_POWER_OR_UNSTABLE,False,False,False,False
stolfi_inspired_signature,G_t|S_OIL|T_iin,40,4,R10,0.529,R10,36,CONTEXTUAL_ROLE_SIGNAL,False,False,True,False
stolfi_inspired_signature,G_t|S_OLY|T_y,40,29,R00,0.633,R00,14,CONTEXTUAL_ROLE_SIGNAL,False,False,True,True
stolfi_inspired_signature,G_t|S_OL|T_l,40,36,R06,0.453,H13,36,LOW_POWER_OR_UNSTABLE,False,False,False,False
stolfi_inspired_signature,G_t|S_OL|T_r,40,2,R03,0.528,H13,38,LOW_POWER_OR_UNSTABLE,False,False,False,False
stolfi_inspired_signature,G_t|S_OXGXY|T_y,40,5,R00,0.496,R00,10,CONTEXTUAL_ROLE_SIGNAL,False,False,True,False
stolfi_inspired_signature,G_t|S_XGXEY|T_ey,40,18,R00,0.412,R04,14,CONTEXTUAL_ROLE_SIGNAL,False,False,False,False
stolfi_inspired_signature,G_t|S_XGXOL|T_or,40,5,R00,0.496,R04,13,CONTEXTUAL_ROLE_SIGNAL,False,False,False,False
stolfi_inspired_signature,G_t|S_XGXY|T_y,40,5,R00,0.496,R04,40,STABLE_BUT_LOCAL_OR_THRESHOLD_SENSITIVE,False,False,False,False
stolfi_inspired_signature,NG|S_BDY|T_dy,40,19,R00,0.528,R00,11,CONTEXTUAL_ROLE_SIGNAL,False,False,True,False
stolfi_inspired_signature,NG|S_BEDY|T_edy,40,12,R00,0.536,R00,39,LOW_POWER_OR_UNSTABLE,False,False,True,False
stolfi_inspired_signature,NG|S_BEOL|T_ol,40,31,R06,0.738,R06,10,LOW_POWER_OR_UNSTABLE,False,False,True,True
stolfi_inspired_signature,NG|S_BEY|T_eey,40,12,R00,0.536,R06,19,CONTEXTUAL_ROLE_SIGNAL,False,False,False,False
stolfi_inspired_signature,NG|S_BEY|T_ey,40,12,R00,0.536,R00,37,LOW_POWER_OR_UNSTABLE,False,False,True,False
stolfi_inspired_signature,NG|S_BOL|T_ol,40,31,R06,0.738,R06,13,CONTEXTUAL_ROLE_SIGNAL,False,False,True,True
stolfi_inspired_signature,NG|S_BOL|T_or,40,31,R06,0.738,R06,17,CONTEXTUAL_ROLE_SIGNAL,False,False,True,True
stolfi_inspired_signature,NG|S_BO|T_NONE,40,9,R00,0.571,R00,20,CONTEXTUAL_ROLE_SIGNAL,False,False,True,True
stolfi_inspired_signature,NG|S_BY|T_y,40,22,R00,0.562,R00,33,ROLE_STABLE_ACROSS_CONFOUNDS,True,True,True,True
stolfi_inspired_signature,NG|S_DOIL|T_aiin,40,0,R10,0.6,R10,20,CONTEXTUAL_ROLE_SIGNAL,False,False,True,True
stolfi_inspired_signature,NG|S_DOL|T_al,40,35,R00,0.478,R00,12,CONTEXTUAL_ROLE_SIGNAL,False,False,True,False
stolfi_inspired_signature,NG|S_DOL|T_ar,40,35,R00,0.478,R00,11,CONTEXTUAL_ROLE_SIGNAL,False,False,True,False
stolfi_inspired_signature,NG|S_DO|T_NONE,40,9,R00,0.571,R06,10,CONTEXTUAL_ROLE_SIGNAL,False,False,False,True
stolfi_inspired_signature,NG|S_DY|T_y,40,1,R02,0.648,R02,88,CONTEXTUAL_ROLE_SIGNAL,False,False,True,True
stolfi_inspired_signature,NG|S_EDY|T_dy,40,24,R06,0.298,R06,192,LOW_POWER_OR_UNSTABLE,False,False,True,False
stolfi_inspired_signature,NG|S_EDY|T_edy,40,16,H01,0.41,R06,45,STABLE_BUT_LOCAL_OR_THRESHOLD_SENSITIVE,False,False,False,False
stolfi_inspired_signature,NG|S_ED|T_NONE,40,9,R00,0.571,R06,10,CONTEXTUAL_ROLE_SIGNAL,False,False,False,True
stolfi_inspired_signature,NG|S_EODY|T_dy,40,14,R00,0.712,R00,27,CONTEXTUAL_ROLE_SIGNAL,False,False,True,True
stolfi_inspired_signature,NG|S_EOL|T_al,40,7,R00,0.635,R00,14,LOW_POWER_OR_UNSTABLE,False,False,True,True
stolfi_inspired_signature,NG|S_EOL|T_ar,40,7,R00,0.635,R00,23,STABLE_BUT_LOCAL_OR_THRESHOLD_SENSITIVE,False,True,True,True
stolfi_inspired_signature,NG|S_EOL|T_ol,40,7,R00,0.635,R00,51,CONTEXTUAL_ROLE_SIGNAL,False,False,True,True
stolfi_inspired_signature,NG|S_EOL|T_or,40,7,R00,0.635,R00,27,CONTEXTUAL_ROLE_SIGNAL,False,False,True,True
stolfi_inspired_signature,NG|S_EO|T_NONE,40,28,R06,0.524,R00,16,CONTEXTUAL_ROLE_SIGNAL,False,False,False,False
stolfi_inspired_signature,NG|S_EX|T_NONE,40,28,R06,0.524,R00,23,STABLE_BUT_LOCAL_OR_THRESHOLD_SENSITIVE,False,True,False,False
stolfi_inspired_signature,NG|S_EY|T_ey,40,39,R06,0.946,R06,63,ROLE_STABLE_ACROSS_CONFOUNDS,True,True,True,True
stolfi_inspired_signature,NG|S_EY|T_y,40,39,R06,0.946,R06,104,ROLE_STABLE_ACROSS_CONFOUNDS,True,True,True,True
stolfi_inspired_signature,NG|S_IL|T_in,40,24,R06,0.298,R00,10,CONTEXTUAL_ROLE_SIGNAL,False,False,False,False
stolfi_inspired_signature,NG|S_LBEDY|T_edy,40,23,R00,0.929,R00,45,STABLE_BUT_LOCAL_OR_THRESHOLD_SENSITIVE,False,False,True,True
stolfi_inspired_signature,NG|S_LBEY|T_ey,40,23,R00,0.929,R00,25,STABLE_BUT_LOCAL_OR_THRESHOLD_SENSITIVE,False,False,True,True
stolfi_inspired_signature,NG|S_LOIL|T_aiin,40,9,R00,0.571,R00,17,CONTEXTUAL_ROLE_SIGNAL,False,False,True,True
stolfi_inspired_signature,NG|S_LOL|T_ol,40,9,R00,0.571,R00,14,CONTEXTUAL_ROLE_SIGNAL,False,False,True,True
stolfi_inspired_signature,NG|S_LOL|T_or,40,9,R00,0.571,R00,16,CONTEXTUAL_ROLE_SIGNAL,False,False,True,True
stolfi_inspired_signature,NG|S_LO|T_NONE,40,9,R00,0.571,R00,10,CONTEXTUAL_ROLE_SIGNAL,False,False,True,True
stolfi_inspired_signature,NG|S_LY|T_y,40,15,R06,0.518,R06,29,CONTEXTUAL_ROLE_SIGNAL,False,False,True,False
stolfi_inspired_signature,NG|S_L|T_NONE,40,9,R00,0.571,R06,27,CONTEXTUAL_ROLE_SIGNAL,False,False,False,True
stolfi_inspired_signature,NG|S_ODOIL|T_aiin,40,9,R00,0.571,R00,16,LOW_POWER_OR_UNSTABLE,False,False,True,True
stolfi_inspired_signature,NG|S_ODY|T_dy,40,14,R00,0.712,R00,25,CONTEXTUAL_ROLE_SIGNAL,False,False,True,True
stolfi_inspired_signature,NG|S_OEL|T_in,40,17,R06,0.366,R06,93,ROLE_STABLE_ACROSS_CONFOUNDS,True,True,True,False
stolfi_inspired_signature,NG|S_OEL|T_r,40,31,R06,0.738,R06,25,CONTEXTUAL_ROLE_SIGNAL,False,False,True,True
stolfi_inspired_signature,NG|S_OIEL|T_iin,40,9,R00,0.571,R00,10,CONTEXTUAL_ROLE_SIGNAL,False,False,True,True
stolfi_inspired_signature,NG|S_OIL|T_iin,40,4,R10,0.529,R10,269,LOW_POWER_OR_UNSTABLE,False,False,True,False
stolfi_inspired_signature,NG|S_OLBEDY|T_edy,40,12,R00,0.536,R00,15,CONTEXTUAL_ROLE_SIGNAL,False,False,True,False
stolfi_inspired_signature,NG|S_OLDY|T_dy,40,19,R00,0.528,R09,12,CONTEXTUAL_ROLE_SIGNAL,False,False,False,False
stolfi_inspired_signature,NG|S_OLOLY|T_y,40,29,R00,0.633,R00,12,CONTEXTUAL_ROLE_SIGNAL,False,False,True,True
stolfi_inspired_signature,NG|S_OLOL|T_al,40,15,R06,0.518,R06,17,CONTEXTUAL_ROLE_SIGNAL,False,False,True,False
stolfi_inspired_signature,NG|S_OLOL|T_m,40,15,R06,0.518,R00,13,CONTEXTUAL_ROLE_SIGNAL,False,False,False,False
stolfi_inspired_signature,NG|S_OLOL|T_ol,40,15,R06,0.518,R00,12,CONTEXTUAL_ROLE_SIGNAL,False,False,False,False
stolfi_inspired_signature,NG|S_OLO|T_NONE,40,15,R06,0.518,R00,11,CONTEXTUAL_ROLE_SIGNAL,False,False,False,False
stolfi_inspired_signature,NG|S_OLY|T_y,40,29,R00,0.633,R00,50,CONTEXTUAL_ROLE_SIGNAL,False,False,True,True
stolfi_inspired_signature,NG|S_OL|T_l,40,36,R06,0.453,R06,355,LOW_POWER_OR_UNSTABLE,False,False,True,False
stolfi_inspired_signature,NG|S_OL|T_m,40,34,R06,0.594,R06,51,CONTEXTUAL_ROLE_SIGNAL,False,True,True,True
stolfi_inspired_signature,NG|S_OL|T_n,40,15,R06,0.518,R06,11,CONTEXTUAL_ROLE_SIGNAL,False,False,True,False
stolfi_inspired_signature,NG|S_OL|T_r,40,36,R06,0.453,R06,290,CONTEXTUAL_ROLE_SIGNAL,False,False,True,False
stolfi_inspired_signature,NG|S_OX|T_NONE,40,9,R00,0.571,R00,16,CONTEXTUAL_ROLE_SIGNAL,False,False,True,True
stolfi_inspired_signature,NG|S_O|T_NONE,40,15,R06,0.518,R00,18,CONTEXTUAL_ROLE_SIGNAL,False,True,False,False
stolfi_inspired_signature,NG|S_XO|T_NONE,40,28,R06,0.524,R06,24,STABLE_BUT_LOCAL_OR_THRESHOLD_SENSITIVE,False,False,True,False
stolfi_inspired_signature,NG|S_XY|T_y,40,15,R06,0.518,R06,30,ROLE_STABLE_ACROSS_CONFOUNDS,True,True,True,False
stolfi_inspired_signature,NG|S_X|T_NONE,40,9,R00,0.571,R06,46,ROLE_STABLE_ACROSS_CONFOUNDS,True,True,False,True
surface_token,aiin,50,25,R10,0.583,R06,57,STABLE_BUT_LOCAL_OR_THRESHOLD_SENSITIVE,False,True,False,True
surface_token,ain,50,17,R06,1.0,R06,12,CONTEXTUAL_ROLE_SIGNAL,False,False,True,True
surface_token,al,50,21,R06,0.491,R06,31,STABLE_BUT_LOCAL_OR_THRESHOLD_SENSITIVE,False,True,True,False
surface_token,am,50,2,R06,1.0,R06,11,CONTEXTUAL_ROLE_SIGNAL,False,False,True,True
surface_token,ar,50,48,R06,1.0,R06,58,ROLE_STABLE_ACROSS_CONFOUNDS,True,True,True,True
surface_token,chal,50,21,R06,0.491,R00,12,CONTEXTUAL_ROLE_SIGNAL,False,False,False,False
surface_token,char,50,5,R06,0.504,R11,12,CONTEXTUAL_ROLE_SIGNAL,False,False,False,False
surface_token,chckhy,50,35,R00,0.719,R00,41,STABLE_BUT_LOCAL_OR_THRESHOLD_SENSITIVE,False,False,True,True
surface_token,chcthy,50,35,R00,0.719,R04,16,CONTEXTUAL_ROLE_SIGNAL,False,False,False,True
surface_token,chdy,50,18,R02,0.851,R02,27,STABLE_BUT_LOCAL_OR_THRESHOLD_SENSITIVE,False,True,True,True
surface_token,chear,50,19,R00,0.746,R00,12,CONTEXTUAL_ROLE_SIGNAL,False,False,True,True
surface_token,chedy,50,3,R02,0.895,R02,94,STABLE_BUT_LOCAL_OR_THRESHOLD_SENSITIVE,False,False,True,True
surface_token,cheedy,50,3,R02,0.895,R06,11,CONTEXTUAL_ROLE_SIGNAL,False,False,False,True
surface_token,cheey,50,37,R06,1.0,R06,25,STABLE_BUT_LOCAL_OR_THRESHOLD_SENSITIVE,False,True,True,True
surface_token,cheky,50,26,R06,0.556,R06,15,CONTEXTUAL_ROLE_SIGNAL,False,False,True,True
surface_token,cheody,50,30,R00,1.0,R00,17,CONTEXTUAL_ROLE_SIGNAL,False,False,True,True
surface_token,cheol,50,19,R00,0.746,R00,25,STABLE_BUT_LOCAL_OR_THRESHOLD_SENSITIVE,False,True,True,True
surface_token,cheor,50,19,R00,0.746,R00,13,CONTEXTUAL_ROLE_SIGNAL,False,False,True,True
surface_token,chey,50,37,R06,1.0,R06,54,STABLE_BUT_LOCAL_OR_THRESHOLD_SENSITIVE,False,False,True,True
surface_token,cho,50,27,R00,1.0,R00,12,CONTEXTUAL_ROLE_SIGNAL,False,False,True,True
surface_token,chodaiin,50,30,R00,1.0,R00,10,CONTEXTUAL_ROLE_SIGNAL,False,False,True,True
surface_token,chody,50,30,R00,1.0,R00,18,CONTEXTUAL_ROLE_SIGNAL,False,True,True,True
surface_token,choky,50,26,R06,0.556,R00,12,CONTEXTUAL_ROLE_SIGNAL,False,False,False,True
surface_token,chol,50,21,R06,0.491,R07,96,STABLE_BUT_LOCAL_OR_THRESHOLD_SENSITIVE,False,False,False,False
surface_token,chor,50,5,R06,0.504,R11,48,ROLE_STABLE_ACROSS_CONFOUNDS,True,True,False,False
surface_token,chy,50,0,R00,1.0,R00,21,STABLE_BUT_LOCAL_OR_THRESHOLD_SENSITIVE,False,True,True,True
surface_token,cthey,50,31,R04,1.0,R04,11,CONTEXTUAL_ROLE_SIGNAL,False,False,True,True
surface_token,cthol,50,7,R07,0.6,R07,18,CONTEXTUAL_ROLE_SIGNAL,False,False,True,True
surface_token,cthor,50,7,R07,0.6,R04,12,CONTEXTUAL_ROLE_SIGNAL,False,False,False,True
surface_token,cthy,50,16,R04,1.0,R04,15,CONTEXTUAL_ROLE_SIGNAL,False,False,True,True
surface_token,daiin,50,25,R10,0.583,R10,134,STABLE_BUT_LOCAL_OR_THRESHOLD_SENSITIVE,False,True,True,True
surface_token,dain,50,17,R06,1.0,R06,48,ROLE_STABLE_ACROSS_CONFOUNDS,True,True,True,True
surface_token,dair,50,17,R06,1.0,R06,11,CONTEXTUAL_ROLE_SIGNAL,False,False,True,True
surface_token,dal,50,42,R09,0.37,R09,37,ROLE_STABLE_ACROSS_CONFOUNDS,True,True,True,False
surface_token,dam,50,2,R06,1.0,R06,18,CONTEXTUAL_ROLE_SIGNAL,False,True,True,True
surface_token,dar,50,5,R06,0.504,R06,49,ROLE_STABLE_ACROSS_CONFOUNDS,True,True,True,False
surface_token,dary,50,17,R06,1.0,R06,12,CONTEXTUAL_ROLE_SIGNAL,False,False,True,True
surface_token,dol,50,42,R09,0.37,R06,19,CONTEXTUAL_ROLE_SIGNAL,False,False,False,False
surface_token,dor,50,5,R06,0.504,R06,12,CONTEXTUAL_ROLE_SIGNAL,False,False,True,False
surface_token,dshedy,50,17,R06,1.0,R06,10,CONTEXTUAL_ROLE_SIGNAL,False,False,True,True
surface_token,dy,50,18,R02,0.851,R02,30,STABLE_BUT_LOCAL_OR_THRESHOLD_SENSITIVE,False,False,True,True
surface_token,l,50,32,R06,0.627,R06,15,CONTEXTUAL_ROLE_SIGNAL,False,False,True,True
surface_token,lchedy,50,20,R00,1.0,R00,27,STABLE_BUT_LOCAL_OR_THRESHOLD_SENSITIVE,False,False,True,True
surface_token,lkain,50,45,R00,1.0,R00,11,CONTEXTUAL_ROLE_SIGNAL,False,False,True,True
surface_token,lkeedy,50,14,R00,1.0,R00,12,CONTEXTUAL_ROLE_SIGNAL,False,False,True,True
surface_token,lol,50,32,R06,0.627,R00,10,CONTEXTUAL_ROLE_SIGNAL,False,False,False,True
surface_token,lor,50,32,R06,0.627,R00,11,CONTEXTUAL_ROLE_SIGNAL,False,False,False,True
surface_token,lshedy,50,20,R00,1.0,R00,11,CONTEXTUAL_ROLE_SIGNAL,False,False,True,True
surface_token,o,50,32,R06,0.627,R00,14,CONTEXTUAL_ROLE_SIGNAL,False,False,False,True
surface_token,okaiin,50,8,H08,0.512,R10,42,ROLE_STABLE_ACROSS_CONFOUNDS,True,True,False,False
surface_token,okain,50,36,H08,0.613,R10,36,ROLE_STABLE_ACROSS_CONFOUNDS,True,True,False,True
surface_token,okal,50,28,R07,0.343,R07,36,ROLE_STABLE_ACROSS_CONFOUNDS,True,True,True,False
surface_token,okar,50,28,R07,0.343,R03,27,ROLE_STABLE_ACROSS_CONFOUNDS,True,True,False,False
surface_token,okedy,50,1,H08,0.26,R00,34,STABLE_BUT_LOCAL_OR_THRESHOLD_SENSITIVE,False,False,False,False
surface_token,okeedy,50,1,H08,0.26,R00,33,STABLE_BUT_LOCAL_OR_THRESHOLD_SENSITIVE,False,False,False,False
surface_token,okeey,50,1,H08,0.26,R06,37,ROLE_STABLE_ACROSS_CONFOUNDS,True,True,False,False
surface_token,okeody,50,44,R00,1.0,R00,12,CONTEXTUAL_ROLE_SIGNAL,False,False,True,True
surface_token,okey,50,1,H08,0.26,R00,12,CONTEXTUAL_ROLE_SIGNAL,False,False,False,False
surface_token,okol,50,28,R07,0.343,R07,23,STABLE_BUT_LOCAL_OR_THRESHOLD_SENSITIVE,False,True,True,False
surface_token,oky,50,6,H01,0.518,R00,29,ROLE_STABLE_ACROSS_CONFOUNDS,True,True,False,False
surface_token,ol,50,21,R06,0.491,R06,73,STABLE_BUT_LOCAL_OR_THRESHOLD_SENSITIVE,False,False,True,False
surface_token,olkeedy,50,39,R00,1.0,R00,11,CONTEXTUAL_ROLE_SIGNAL,False,False,True,True
surface_token,oly,50,6,H01,0.518,R06,15,CONTEXTUAL_ROLE_SIGNAL,False,False,False,False
surface_token,or,50,48,R06,1.0,R06,48,ROLE_STABLE_ACROSS_CONFOUNDS,True,True,True,True
surface_token,otaiin,50,46,R10,1.0,R10,23,STABLE_BUT_LOCAL_OR_THRESHOLD_SENSITIVE,False,True,True,True
surface_token,otain,50,43,R00,0.625,R00,25,STABLE_BUT_LOCAL_OR_THRESHOLD_SENSITIVE,False,False,True,True
surface_token,otar,50,23,R01,0.371,R01,13,CONTEXTUAL_ROLE_SIGNAL,False,False,True,False
surface_token,otedy,50,13,R01,0.577,R01,30,STABLE_BUT_LOCAL_OR_THRESHOLD_SENSITIVE,False,False,True,True
surface_token,oteedy,50,10,H01,0.625,R01,15,CONTEXTUAL_ROLE_SIGNAL,False,False,False,True
surface_token,oteey,50,34,R01,1.0,R01,13,CONTEXTUAL_ROLE_SIGNAL,False,False,True,True
surface_token,otey,50,34,R01,1.0,R01,10,CONTEXTUAL_ROLE_SIGNAL,False,False,True,True
surface_token,otor,50,23,R01,0.371,R00,12,CONTEXTUAL_ROLE_SIGNAL,False,False,False,False
surface_token,oty,50,6,H01,0.518,R01,11,CONTEXTUAL_ROLE_SIGNAL,False,False,False,False
surface_token,qokaiin,50,8,H08,0.512,H08,44,STABLE_BUT_LOCAL_OR_THRESHOLD_SENSITIVE,False,False,True,False
surface_token,qokain,50,36,H08,0.613,H08,57,CONTEXTUAL_ROLE_SIGNAL,False,False,True,True
surface_token,qokal,50,28,R07,0.343,H08,37,STABLE_BUT_LOCAL_OR_THRESHOLD_SENSITIVE,False,False,False,False
surface_token,qokar,50,28,R07,0.343,R03,29,STABLE_BUT_LOCAL_OR_THRESHOLD_SENSITIVE,False,True,False,False
surface_token,qokchdy,50,22,H09,0.615,H09,16,CONTEXTUAL_ROLE_SIGNAL,False,False,True,True
surface_token,qokchy,50,22,H09,0.615,H08,10,CONTEXTUAL_ROLE_SIGNAL,False,False,False,True
surface_token,qokedy,50,1,H08,0.26,H12,89,STABLE_BUT_LOCAL_OR_THRESHOLD_SENSITIVE,False,False,False,False
surface_token,qokeedy,50,1,H08,0.26,H01,85,STABLE_BUT_LOCAL_OR_THRESHOLD_SENSITIVE,False,False,False,False
surface_token,qokeey,50,1,H08,0.26,H08,77,STABLE_BUT_LOCAL_OR_THRESHOLD_SENSITIVE,False,True,True,False
surface_token,qokey,50,1,H08,0.26,H08,25,STABLE_BUT_LOCAL_OR_THRESHOLD_SENSITIVE,False,False,True,False
surface_token,qokol,50,28,R07,0.343,H08,20,STABLE_BUT_LOCAL_OR_THRESHOLD_SENSITIVE,False,False,False,False
surface_token,qoky,50,6,H01,0.518,H01,43,STABLE_BUT_LOCAL_OR_THRESHOLD_SENSITIVE,False,False,True,False
surface_token,qol,50,42,R09,0.37,R00,23,CONTEXTUAL_ROLE_SIGNAL,False,False,False,False
surface_token,qotaiin,50,33,H13,1.0,H13,12,CONTEXTUAL_ROLE_SIGNAL,False,False,True,True
surface_token,qotain,50,43,R00,0.625,H13,15,CONTEXTUAL_ROLE_SIGNAL,False,False,False,True
surface_token,qotal,50,9,H13,1.0,H13,12,CONTEXTUAL_ROLE_SIGNAL,False,False,True,True
surface_token,qotar,50,23,R01,0.371,H13,10,CONTEXTUAL_ROLE_SIGNAL,False,False,False,False
surface_token,qotchy,50,49,H13,1.0,H13,11,CONTEXTUAL_ROLE_SIGNAL,False,False,True,True
surface_token,qotedy,50,13,R01,0.577,H17,22,STABLE_BUT_LOCAL_OR_THRESHOLD_SENSITIVE,False,False,False,True
surface_token,qoteedy,50,10,H01,0.625,H01,25,STABLE_BUT_LOCAL_OR_THRESHOLD_SENSITIVE,False,False,True,True
surface_token,qoty,50,6,H01,0.518,H01,16,CONTEXTUAL_ROLE_SIGNAL,False,False,True,False
surface_token,r,50,32,R06,0.627,R00,12,CONTEXTUAL_ROLE_SIGNAL,False,False,False,True
surface_token,raiin,50,29,R00,1.0,R00,13,CONTEXTUAL_ROLE_SIGNAL,False,False,True,True
surface_token,s,50,32,R06,0.627,R06,39,ROLE_STABLE_ACROSS_CONFOUNDS,True,True,True,True
surface_token,saiin,50,25,R10,0.583,R06,39,STABLE_BUT_LOCAL_OR_THRESHOLD_SENSITIVE,False,True,False,True
surface_token,sain,50,17,R06,1.0,R06,20,STABLE_BUT_LOCAL_OR_THRESHOLD_SENSITIVE,False,False,True,True
surface_token,sal,50,4,R06,1.0,R06,11,CONTEXTUAL_ROLE_SIGNAL,False,False,True,True
surface_token,sar,50,4,R06,1.0,R06,14,CONTEXTUAL_ROLE_SIGNAL,False,False,True,True
surface_token,shckhy,50,15,R06,1.0,R06,14,CONTEXTUAL_ROLE_SIGNAL,False,False,True,True
surface_token,shdy,50,18,R02,0.851,R06,10,CONTEXTUAL_ROLE_SIGNAL,False,False,False,True
surface_token,shedy,50,38,R06,1.0,R06,95,STABLE_BUT_LOCAL_OR_THRESHOLD_SENSITIVE,False,False,True,True
surface_token,sheedy,50,38,R06,1.0,R06,23,STABLE_BUT_LOCAL_OR_THRESHOLD_SENSITIVE,False,False,True,True
surface_token,sheey,50,37,R06,1.0,R06,29,ROLE_STABLE_ACROSS_CONFOUNDS,True,True,True,True
surface_token,sheol,50,19,R00,0.746,R06,17,CONTEXTUAL_ROLE_SIGNAL,False,False,False,True
surface_token,shey,50,37,R06,1.0,R06,48,ROLE_STABLE_ACROSS_CONFOUNDS,True,True,True,True
surface_token,sho,50,4,R06,1.0,R06,22,CONTEXTUAL_ROLE_SIGNAL,False,False,True,True
surface_token,shol,50,42,R09,0.37,R08,21,STABLE_BUT_LOCAL_OR_THRESHOLD_SENSITIVE,False,True,False,False
surface_token,shor,50,24,R06,1.0,R06,11,CONTEXTUAL_ROLE_SIGNAL,False,False,True,True
surface_token,shy,50,40,R06,1.0,R06,21,STABLE_BUT_LOCAL_OR_THRESHOLD_SENSITIVE,False,True,True,True
surface_token,sol,50,4,R06,1.0,R06,15,CONTEXTUAL_ROLE_SIGNAL,False,False,True,True
surface_token,sor,50,4,R06,1.0,R06,10,CONTEXTUAL_ROLE_SIGNAL,False,False,True,True
surface_token,tedy,50,41,R06,1.0,R06,10,CONTEXTUAL_ROLE_SIGNAL,False,False,True,True
surface_token,y,50,32,R06,0.627,R06,25,ROLE_STABLE_ACROSS_CONFOUNDS,True,True,True,True
surface_token,ykaiin,50,47,R06,1.0,R06,11,CONTEXTUAL_ROLE_SIGNAL,False,False,True,True
conservative_morphology,ai|r|OE,43,38,R06,0.517,R06,39,CONTEXTUAL_ROLE_SIGNAL,False,False,True,False
conservative_morphology,ala|m|OLO,43,6,R00,0.8,R00,10,CONTEXTUAL_ROLE_SIGNAL,False,False,True,True
conservative_morphology,al|dy|OL,43,28,R00,0.531,R00,22,CONTEXTUAL_ROLE_SIGNAL,False,False,True,False
conservative_morphology,al|y|OL,43,28,R00,0.531,R00,33,CONTEXTUAL_ROLE_SIGNAL,False,False,True,False
conservative_morphology,ar|al|OL,43,3,R00,0.583,R00,12,CONTEXTUAL_ROLE_SIGNAL,False,False,True,True
conservative_morphology,ar|y|OL,43,28,R00,0.531,R00,35,CONTEXTUAL_ROLE_SIGNAL,False,False,True,False
conservative_morphology,a|iin|O,43,27,R10,0.394,R10,380,LOW_POWER_OR_UNSTABLE,False,False,True,False
conservative_morphology,a|in|O,43,27,R10,0.394,R06,226,LOW_POWER_OR_UNSTABLE,False,False,False,False
conservative_morphology,a|l|O,43,0,R07,0.306,R06,192,LOW_POWER_OR_UNSTABLE,False,False,False,False
conservative_morphology,a|m|O,43,15,R06,0.584,R06,63,LOW_POWER_OR_UNSTABLE,False,False,True,True
conservative_morphology,a|n|O,43,15,R06,0.584,R06,16,CONTEXTUAL_ROLE_SIGNAL,False,False,True,True
conservative_morphology,a|r|O,43,38,R06,0.517,R06,224,LOW_POWER_OR_UNSTABLE,False,False,True,False
conservative_morphology,cho|NONE|BO,43,39,R00,0.7,R00,20,CONTEXTUAL_ROLE_SIGNAL,False,False,True,True
conservative_morphology,ch|dy|B,43,29,R00,0.639,R00,42,CONTEXTUAL_ROLE_SIGNAL,False,False,True,True
conservative_morphology,ch|edy|B,43,31,R00,0.508,R00,37,LOW_POWER_OR_UNSTABLE,False,False,True,False
conservative_morphology,ch|eey|B,43,13,R00,0.494,R00,14,LOW_POWER_OR_UNSTABLE,False,False,True,False
conservative_morphology,ch|ey|B,43,13,R00,0.494,R00,43,LOW_POWER_OR_UNSTABLE,False,False,True,False
conservative_morphology,ch|ol|B,43,1,R06,0.5,R06,20,LOW_POWER_OR_UNSTABLE,False,False,True,False
conservative_morphology,ch|or|B,43,5,R06,0.476,R06,21,LOW_POWER_OR_UNSTABLE,False,False,True,False
conservative_morphology,ch|y|B,43,40,R00,0.54,R00,63,LOW_POWER_OR_UNSTABLE,False,False,True,False
conservative_morphology,ckh|ey|XGX,43,4,R00,0.412,R00,20,CONTEXTUAL_ROLE_SIGNAL,False,False,True,False
conservative_morphology,ckh|y|XGX,43,25,R00,0.445,R00,73,STABLE_BUT_LOCAL_OR_THRESHOLD_SENSITIVE,False,False,True,False
conservative_morphology,cth|ey|XGX,43,4,R00,0.412,R04,14,CONTEXTUAL_ROLE_SIGNAL,False,False,False,False
conservative_morphology,cth|or|XGX,43,22,R04,1.0,R04,13,CONTEXTUAL_ROLE_SIGNAL,False,False,True,True
conservative_morphology,cth|y|XGX,43,25,R00,0.445,R04,40,STABLE_BUT_LOCAL_OR_THRESHOLD_SENSITIVE,False,False,False,False
conservative_morphology,d|aiin|D,43,18,R02,0.419,R10,20,CONTEXTUAL_ROLE_SIGNAL,False,False,False,False
conservative_morphology,d|al|D,43,18,R02,0.419,R00,12,CONTEXTUAL_ROLE_SIGNAL,False,False,False,False
conservative_morphology,d|ar|D,43,18,R02,0.419,R00,12,CONTEXTUAL_ROLE_SIGNAL,False,False,False,False
conservative_morphology,d|y|D,43,18,R02,0.419,R02,92,CONTEXTUAL_ROLE_SIGNAL,False,False,True,False
conservative_morphology,eckh|y|EXGX,43,26,R06,0.647,R00,12,CONTEXTUAL_ROLE_SIGNAL,False,False,False,True
conservative_morphology,ed|NONE|ED,43,24,R00,0.361,R06,12,CONTEXTUAL_ROLE_SIGNAL,False,False,False,False
conservative_morphology,ed|al|ED,43,24,R00,0.361,R00,11,LOW_POWER_OR_UNSTABLE,False,False,True,False
conservative_morphology,eed|NONE|ED,43,24,R00,0.361,H08,11,LOW_POWER_OR_UNSTABLE,False,False,False,False
conservative_morphology,ees|NONE|EX,43,24,R00,0.361,R00,11,CONTEXTUAL_ROLE_SIGNAL,False,False,True,False
conservative_morphology,ee|ol|E,43,37,R00,0.5,R00,10,CONTEXTUAL_ROLE_SIGNAL,False,False,True,False
conservative_morphology,ee|or|E,43,37,R00,0.5,R00,10,LOW_POWER_OR_UNSTABLE,False,False,True,False
conservative_morphology,ek|y|EG,43,26,R06,0.647,R06,22,STABLE_BUT_LOCAL_OR_THRESHOLD_SENSITIVE,False,True,True,True
conservative_morphology,eos|NONE|EOX,43,34,R00,0.667,R00,12,CONTEXTUAL_ROLE_SIGNAL,False,False,True,True
conservative_morphology,eo|NONE|EO,43,24,R00,0.361,R00,16,LOW_POWER_OR_UNSTABLE,False,False,True,False
conservative_morphology,eo|dy|EO,43,29,R00,0.639,R00,50,LOW_POWER_OR_UNSTABLE,False,False,True,True
conservative_morphology,e|al|E,43,37,R00,0.5,R00,14,CONTEXTUAL_ROLE_SIGNAL,False,False,True,False
conservative_morphology,e|ar|E,43,20,R00,0.692,R00,26,CONTEXTUAL_ROLE_SIGNAL,False,False,True,True
conservative_morphology,e|dy|E,43,12,R06,0.228,R06,367,LOW_POWER_OR_UNSTABLE,False,False,True,False
conservative_morphology,e|edy|E,43,12,R06,0.228,H01,203,LOW_POWER_OR_UNSTABLE,False,False,False,False
conservative_morphology,e|eey|E,43,16,R06,0.593,R00,16,LOW_POWER_OR_UNSTABLE,False,False,False,True
conservative_morphology,e|ey|E,43,2,R06,0.477,R06,195,LOW_POWER_OR_UNSTABLE,False,False,True,False
conservative_morphology,e|ol|E,43,37,R00,0.5,R00,68,LOW_POWER_OR_UNSTABLE,False,False,True,False
conservative_morphology,e|or|E,43,37,R00,0.5,R00,28,CONTEXTUAL_ROLE_SIGNAL,False,False,True,False
conservative_morphology,e|y|E,43,16,R06,0.593,R06,156,LOW_POWER_OR_UNSTABLE,False,False,True,True
conservative_morphology,i|in|E,43,23,R00,0.818,R00,11,CONTEXTUAL_ROLE_SIGNAL,False,False,True,True
conservative_morphology,kch|y|GB,43,33,R06,0.75,R06,16,CONTEXTUAL_ROLE_SIGNAL,False,False,True,True
conservative_morphology,ke|eey|GE,43,10,R00,0.562,R00,11,LOW_POWER_OR_UNSTABLE,False,False,True,True
conservative_morphology,ke|ol|GE,43,41,R06,0.8,R06,10,CONTEXTUAL_ROLE_SIGNAL,False,False,True,True
conservative_morphology,k|aiin|G,43,8,R06,0.769,R06,27,CONTEXTUAL_ROLE_SIGNAL,False,False,True,True
conservative_morphology,k|ain|G,43,42,R00,0.659,R06,14,LOW_POWER_OR_UNSTABLE,False,False,False,True
conservative_morphology,k|ar|G,43,19,R06,0.75,R06,24,STABLE_BUT_LOCAL_OR_THRESHOLD_SENSITIVE,False,True,True,True
conservative_morphology,k|edy|G,43,14,R00,0.719,R00,22,CONTEXTUAL_ROLE_SIGNAL,False,False,True,True
conservative_morphology,k|eedy|G,43,14,R00,0.719,R00,25,CONTEXTUAL_ROLE_SIGNAL,False,False,True,True
conservative_morphology,k|eey|G,43,10,R00,0.562,R00,21,CONTEXTUAL_ROLE_SIGNAL,False,False,True,True
conservative_morphology,k|ey|G,43,35,R06,0.6,R06,10,CONTEXTUAL_ROLE_SIGNAL,False,False,True,True
conservative_morphology,k|ol|G,43,19,R06,0.75,R06,12,CONTEXTUAL_ROLE_SIGNAL,False,False,True,True
conservative_morphology,k|y|G,43,25,R00,0.445,H01,91,CONTEXTUAL_ROLE_SIGNAL,False,False,False,False
conservative_morphology,lch|edy|LB,43,21,R00,0.909,R00,31,STABLE_BUT_LOCAL_OR_THRESHOLD_SENSITIVE,False,False,True,True
conservative_morphology,lch|ey|LB,43,21,R00,0.909,R00,12,CONTEXTUAL_ROLE_SIGNAL,False,False,True,True
conservative_morphology,lk|eedy|LG,43,42,R00,0.659,R00,17,CONTEXTUAL_ROLE_SIGNAL,False,False,True,True
conservative_morphology,lk|eey|LG,43,42,R00,0.659,R00,10,CONTEXTUAL_ROLE_SIGNAL,False,False,True,True
conservative_morphology,l|or|L,43,21,R00,0.909,R00,12,CONTEXTUAL_ROLE_SIGNAL,False,False,True,True
conservative_morphology,l|y|L,43,28,R00,0.531,R06,23,CONTEXTUAL_ROLE_SIGNAL,False,False,False,False
conservative_morphology,octh|y|OXGX,43,25,R00,0.445,R00,10,CONTEXTUAL_ROLE_SIGNAL,False,False,True,False
conservative_morphology,od|aiin|OD,43,17,R00,0.588,R00,17,LOW_POWER_OR_UNSTABLE,False,False,True,True
conservative_morphology,od|ar|OD,43,32,R00,0.6,R00,10,CONTEXTUAL_ROLE_SIGNAL,False,False,True,True
conservative_morphology,ok|y|OG,43,36,R00,0.889,R00,18,CONTEXTUAL_ROLE_SIGNAL,False,True,True,True
conservative_morphology,os|NONE|OX,43,9,R00,0.933,R00,15,CONTEXTUAL_ROLE_SIGNAL,False,False,True,True
conservative_morphology,o|dy|O,43,29,R00,0.639,R00,41,ROLE_STABLE_ACROSS_CONFOUNDS,True,True,True,True
conservative_morphology,o|iin|O,43,27,R10,0.394,R06,11,CONTEXTUAL_ROLE_SIGNAL,False,False,False,False
conservative_morphology,o|l|O,43,0,R07,0.306,R07,314,LOW_POWER_OR_UNSTABLE,False,False,True,False
conservative_morphology,o|m|O,43,15,R06,0.584,R06,10,LOW_POWER_OR_UNSTABLE,False,False,True,True
conservative_morphology,o|r|O,43,38,R06,0.517,R06,172,LOW_POWER_OR_UNSTABLE,False,False,True,False
conservative_morphology,pch|edy|GB,43,7,R00,0.625,R00,19,CONTEXTUAL_ROLE_SIGNAL,False,False,True,True
conservative_morphology,pch|ey|GB,43,7,R00,0.625,R00,13,CONTEXTUAL_ROLE_SIGNAL,False,False,True,True
conservative_morphology,sh|edy|B,43,31,R00,0.508,R06,24,LOW_POWER_OR_UNSTABLE,False,False,False,False
conservative_morphology,sh|ey|B,43,13,R00,0.494,R00,20,LOW_POWER_OR_UNSTABLE,False,False,True,False
conservative_morphology,t|aiin|G,43,8,R06,0.769,R06,12,CONTEXTUAL_ROLE_SIGNAL,False,False,True,True
conservative_morphology,t|edy|G,43,11,R06,0.667,R06,15,CONTEXTUAL_ROLE_SIGNAL,False,False,True,True
conservative_morphology,t|eedy|G,43,14,R00,0.719,R00,10,CONTEXTUAL_ROLE_SIGNAL,False,False,True,True
conservative_morphology,t|y|G,43,25,R00,0.445,H01,33,LOW_POWER_OR_UNSTABLE,False,False,False,False
broad_shape,BEO|dy,50,34,R00,0.903,R00,14,CONTEXTUAL_ROLE_SIGNAL,False,False,True,True
broad_shape,BE|ol,50,12,R06,0.5,R06,10,LOW_POWER_OR_UNSTABLE,False,False,True,False
broad_shape,BO|NONE,50,25,R00,0.442,R00,25,LOW_POWER_OR_UNSTABLE,False,False,True,False
broad_shape,B|dy,50,19,R00,0.567,R00,50,LOW_POWER_OR_UNSTABLE,False,False,True,True
broad_shape,B|edy,50,27,R00,0.508,R00,61,LOW_POWER_OR_UNSTABLE,False,False,True,False
broad_shape,B|eedy,50,22,R00,0.636,R00,11,LOW_POWER_OR_UNSTABLE,False,False,True,True
broad_shape,B|eey,50,11,R00,0.488,R06,21,LOW_POWER_OR_UNSTABLE,False,False,False,False
broad_shape,B|ey,50,11,R00,0.488,R00,63,LOW_POWER_OR_UNSTABLE,False,False,True,False
broad_shape,B|ol,50,12,R06,0.5,R06,22,LOW_POWER_OR_UNSTABLE,False,False,True,False
broad_shape,B|or,50,12,R06,0.5,R06,28,LOW_POWER_OR_UNSTABLE,False,False,True,False
broad_shape,B|y,50,1,R00,0.562,R00,73,LOW_POWER_OR_UNSTABLE,False,False,True,True
broad_shape,DO|NONE,50,3,R06,0.67,R06,10,CONTEXTUAL_ROLE_SIGNAL,False,False,True,True
broad_shape,D|aiin,50,28,R10,0.6,R10,20,CONTEXTUAL_ROLE_SIGNAL,False,False,True,True
broad_shape,D|al,50,2,R02,0.491,R00,12,CONTEXTUAL_ROLE_SIGNAL,False,False,False,False
broad_shape,D|ar,50,2,R02,0.491,R00,12,CONTEXTUAL_ROLE_SIGNAL,False,False,False,False
broad_shape,D|y,50,2,R02,0.491,R02,92,CONTEXTUAL_ROLE_SIGNAL,False,False,True,False
broad_shape,ED|NONE,50,25,R00,0.442,H08,24,LOW_POWER_OR_UNSTABLE,False,False,False,False
broad_shape,ED|aiin,50,30,R00,0.7,R00,10,CONTEXTUAL_ROLE_SIGNAL,False,False,True,True
broad_shape,ED|ain,50,17,R00,0.818,R00,11,CONTEXTUAL_ROLE_SIGNAL,False,False,True,True
broad_shape,ED|al,50,44,R09,0.308,R09,13,LOW_POWER_OR_UNSTABLE,False,False,True,False
broad_shape,EG|ain,50,14,R00,0.558,R00,10,CONTEXTUAL_ROLE_SIGNAL,False,False,True,True
broad_shape,EG|y,50,14,R00,0.558,R06,40,STABLE_BUT_LOCAL_OR_THRESHOLD_SENSITIVE,False,True,False,True
broad_shape,EOD|NONE,50,24,R00,0.625,R00,11,CONTEXTUAL_ROLE_SIGNAL,False,False,True,True
broad_shape,EOL|y,50,9,R00,0.638,R00,14,CONTEXTUAL_ROLE_SIGNAL,False,False,True,True
broad_shape,EOX|NONE,50,24,R00,0.625,R00,19,CONTEXTUAL_ROLE_SIGNAL,False,False,True,True
broad_shape,EO|NONE,50,48,R00,0.52,R00,25,CONTEXTUAL_ROLE_SIGNAL,False,False,True,False
broad_shape,EO|dy,50,19,R00,0.567,R00,59,LOW_POWER_OR_UNSTABLE,False,False,True,True
broad_shape,EXGX|y,50,14,R00,0.558,R00,25,STABLE_BUT_LOCAL_OR_THRESHOLD_SENSITIVE,False,True,True,True
broad_shape,EX|NONE,50,25,R00,0.442,R00,31,STABLE_BUT_LOCAL_OR_THRESHOLD_SENSITIVE,False,True,True,False
broad_shape,E|al,50,10,R06,0.458,R00,17,CONTEXTUAL_ROLE_SIGNAL,False,False,False,False
broad_shape,E|ar,50,10,R06,0.458,R00,32,LOW_POWER_OR_UNSTABLE,False,False,False,False
broad_shape,E|dy,50,23,R06,0.223,R06,367,LOW_POWER_OR_UNSTABLE,False,False,True,False
broad_shape,E|edy,50,23,R06,0.223,H01,203,LOW_POWER_OR_UNSTABLE,False,False,False,False
broad_shape,E|eey,50,8,R06,0.441,R00,16,LOW_POWER_OR_UNSTABLE,False,False,False,False
broad_shape,E|ey,50,8,R06,0.441,R06,195,LOW_POWER_OR_UNSTABLE,False,False,True,False
broad_shape,E|in,50,10,R06,0.458,R00,11,CONTEXTUAL_ROLE_SIGNAL,False,False,False,False
broad_shape,E|ol,50,10,R06,0.458,R00,78,LOW_POWER_OR_UNSTABLE,False,False,False,False
broad_shape,E|or,50,10,R06,0.458,R00,38,LOW_POWER_OR_UNSTABLE,False,False,False,False
broad_shape,E|y,50,10,R06,0.458,R06,156,LOW_POWER_OR_UNSTABLE,False,False,True,False
broad_shape,GBE|or,50,40,R06,0.667,R00,10,CONTEXTUAL_ROLE_SIGNAL,False,False,False,True
broad_shape,GB|dy,50,15,R06,0.555,R00,17,CONTEXTUAL_ROLE_SIGNAL,False,False,False,True
broad_shape,GB|edy,50,15,R06,0.555,R00,42,LOW_POWER_OR_UNSTABLE,False,False,False,True
broad_shape,GB|ey,50,15,R06,0.555,R06,30,CONTEXTUAL_ROLE_SIGNAL,False,False,True,True
broad_shape,GB|ol,50,29,R06,0.744,R06,19,CONTEXTUAL_ROLE_SIGNAL,False,False,True,True
broad_shape,GB|or,50,29,R06,0.744,R06,20,STABLE_BUT_LOCAL_OR_THRESHOLD_SENSITIVE,False,True,True,True
broad_shape,GB|y,50,15,R06,0.555,R06,39,CONTEXTUAL_ROLE_SIGNAL,False,False,True,True
broad_shape,GEO|dy,50,19,R00,0.567,R00,25,CONTEXTUAL_ROLE_SIGNAL,False,False,True,True
broad_shape,GE|eey,50,21,R06,0.63,R00,12,LOW_POWER_OR_UNSTABLE,False,False,False,True
broad_shape,GE|ol,50,32,R00,0.321,R06,19,STABLE_BUT_LOCAL_OR_THRESHOLD_SENSITIVE,False,True,False,False
broad_shape,GOE|r,50,36,R06,0.727,R06,11,CONTEXTUAL_ROLE_SIGNAL,False,False,True,True
broad_shape,GOL|y,50,49,R06,0.688,R06,16,CONTEXTUAL_ROLE_SIGNAL,False,False,True,True
broad_shape,GO|NONE,50,24,R00,0.625,R00,14,CONTEXTUAL_ROLE_SIGNAL,False,False,True,True
broad_shape,GO|m,50,9,R00,0.638,R06,12,CONTEXTUAL_ROLE_SIGNAL,False,False,False,True
broad_shape,G|NONE,50,24,R00,0.625,R06,13,CONTEXTUAL_ROLE_SIGNAL,False,False,False,True
broad_shape,G|aiin,50,21,R06,0.63,R06,44,CONTEXTUAL_ROLE_SIGNAL,False,False,True,True
broad_shape,G|ain,50,38,R06,0.652,R06,23,LOW_POWER_OR_UNSTABLE,False,False,True,True
broad_shape,G|al,50,45,R06,0.667,R06,15,LOW_POWER_OR_UNSTABLE,False,False,True,True
broad_shape,G|ar,50,0,R06,0.683,R06,40,CONTEXTUAL_ROLE_SIGNAL,False,False,True,True
broad_shape,G|edy,50,33,R00,0.639,R00,37,LOW_POWER_OR_UNSTABLE,False,False,True,True
broad_shape,G|eedy,50,33,R00,0.639,R00,35,CONTEXTUAL_ROLE_SIGNAL,False,False,True,True
broad_shape,G|eey,50,21,R06,0.63,R06,30,CONTEXTUAL_ROLE_SIGNAL,False,False,True,True
broad_shape,G|ey,50,21,R06,0.63,R06,14,CONTEXTUAL_ROLE_SIGNAL,False,False,True,True
broad_shape,G|ol,50,0,R06,0.683,R06,20,STABLE_BUT_LOCAL_OR_THRESHOLD_SENSITIVE,False,True,True,True
broad_shape,G|or,50,40,R06,0.667,R06,17,CONTEXTUAL_ROLE_SIGNAL,False,False,True,True
broad_shape,G|y,50,6,H01,0.465,H01,127,LOW_POWER_OR_UNSTABLE,False,False,True,False
broad_shape,LB|edy,50,5,R00,0.929,R00,45,STABLE_BUT_LOCAL_OR_THRESHOLD_SENSITIVE,False,False,True,True
broad_shape,LB|ey,50,5,R00,0.929,R00,25,STABLE_BUT_LOCAL_OR_THRESHOLD_SENSITIVE,False,False,True,True
broad_shape,LG|ain,50,13,R00,0.844,R00,13,CONTEXTUAL_ROLE_SIGNAL,False,False,True,True
broad_shape,LG|eedy,50,13,R00,0.844,R00,20,CONTEXTUAL_ROLE_SIGNAL,False,False,True,True
broad_shape,LG|eey,50,13,R00,0.844,R00,12,CONTEXTUAL_ROLE_SIGNAL,False,False,True,True
broad_shape,LO|NONE,50,3,R06,0.67,R00,10,CONTEXTUAL_ROLE_SIGNAL,False,False,False,True
broad_shape,L|NONE,50,4,R06,0.556,R06,27,CONTEXTUAL_ROLE_SIGNAL,False,False,True,True
broad_shape,L|aiin,50,26,R00,0.957,R00,17,CONTEXTUAL_ROLE_SIGNAL,False,False,True,True
broad_shape,L|ol,50,26,R00,0.957,R00,14,CONTEXTUAL_ROLE_SIGNAL,False,False,True,True
broad_shape,L|or,50,26,R00,0.957,R00,16,CONTEXTUAL_ROLE_SIGNAL,False,False,True,True
broad_shape,L|y,50,3,R06,0.67,R06,31,CONTEXTUAL_ROLE_SIGNAL,False,False,True,True
broad_shape,OD|aiin,50,20,R00,0.593,R00,17,LOW_POWER_OR_UNSTABLE,False,False,True,True
broad_shape,OD|ar,50,20,R00,0.593,R00,10,CONTEXTUAL_ROLE_SIGNAL,False,False,True,True
broad_shape,OE|iin,50,7,R10,0.364,R00,11,CONTEXTUAL_ROLE_SIGNAL,False,False,False,False
broad_shape,OE|r,50,7,R10,0.364,R06,39,CONTEXTUAL_ROLE_SIGNAL,False,False,False,False
broad_shape,OGB|y,50,41,R00,0.8,R00,10,CONTEXTUAL_ROLE_SIGNAL,False,False,True,True
broad_shape,OG|NONE,50,24,R00,0.625,R00,12,CONTEXTUAL_ROLE_SIGNAL,False,False,True,True
broad_shape,OG|y,50,31,R00,0.923,R00,26,ROLE_STABLE_ACROSS_CONFOUNDS,True,True,True,True
broad_shape,OI|r,50,24,R00,0.625,R00,11,CONTEXTUAL_ROLE_SIGNAL,False,False,True,True
broad_shape,OLB|edy,50,34,R00,0.903,R00,17,CONTEXTUAL_ROLE_SIGNAL,False,False,True,True
broad_shape,OLOL|y,50,9,R00,0.638,R00,16,CONTEXTUAL_ROLE_SIGNAL,False,False,True,True
broad_shape,OLO|NONE,50,24,R00,0.625,R00,15,CONTEXTUAL_ROLE_SIGNAL,False,False,True,True
broad_shape,OLO|m,50,9,R00,0.638,R00,23,CONTEXTUAL_ROLE_SIGNAL,False,False,True,True
broad_shape,OLX|NONE,50,24,R00,0.625,R00,11,CONTEXTUAL_ROLE_SIGNAL,False,False,True,True
broad_shape,OL|aiin,50,9,R00,0.638,R00,13,CONTEXTUAL_ROLE_SIGNAL,False,False,True,True
broad_shape,OL|al,50,9,R00,0.638,R00,21,CONTEXTUAL_ROLE_SIGNAL,False,False,True,True
broad_shape,OL|ar,50,9,R00,0.638,R00,14,CONTEXTUAL_ROLE_SIGNAL,False,False,True,True
broad_shape,OL|dy,50,9,R00,0.638,R00,34,LOW_POWER_OR_UNSTABLE,False,False,True,True
broad_shape,OL|ol,50,9,R00,0.638,R00,12,CONTEXTUAL_ROLE_SIGNAL,False,False,True,True
broad_shape,OL|or,50,9,R00,0.638,R00,11,LOW_POWER_OR_UNSTABLE,False,False,True,True
broad_shape,OL|y,50,9,R00,0.638,R00,86,CONTEXTUAL_ROLE_SIGNAL,False,False,True,True
broad_shape,OXGX|y,50,9,R00,0.638,R00,23,STABLE_BUT_LOCAL_OR_THRESHOLD_SENSITIVE,False,True,True,True
broad_shape,OX|NONE,50,24,R00,0.625,R00,20,STABLE_BUT_LOCAL_OR_THRESHOLD_SENSITIVE,False,True,True,True
broad_shape,O|NONE,50,24,R00,0.625,R00,18,CONTEXTUAL_ROLE_SIGNAL,False,True,True,True
broad_shape,O|dy,50,16,R00,0.837,R00,43,ROLE_STABLE_ACROSS_CONFOUNDS,True,True,True,True
broad_shape,O|iin,50,7,R10,0.364,R10,391,LOW_POWER_OR_UNSTABLE,False,False,True,False
broad_shape,O|in,50,7,R10,0.364,R06,227,LOW_POWER_OR_UNSTABLE,False,False,False,False
broad_shape,O|l,50,18,R06,0.4,R07,506,LOW_POWER_OR_UNSTABLE,False,False,False,False
broad_shape,O|m,50,43,R06,0.578,R06,73,LOW_POWER_OR_UNSTABLE,False,False,True,True
broad_shape,O|n,50,43,R06,0.578,R00,17,CONTEXTUAL_ROLE_SIGNAL,False,False,False,True
broad_shape,O|r,50,18,R06,0.4,R06,396,LOW_POWER_OR_UNSTABLE,False,False,True,False
broad_shape,XGX|aiin,50,32,R00,0.321,R00,11,LOW_POWER_OR_UNSTABLE,False,False,True,False
broad_shape,XGX|edy,50,23,R06,0.223,R00,12,LOW_POWER_OR_UNSTABLE,False,False,False,False
broad_shape,XGX|ey,50,47,R00,0.459,R00,37,LOW_POWER_OR_UNSTABLE,False,False,True,False
broad_shape,XGX|ol,50,32,R00,0.321,R07,30,CONTEXTUAL_ROLE_SIGNAL,False,False,False,False
broad_shape,XGX|or,50,32,R00,0.321,R04,18,CONTEXTUAL_ROLE_SIGNAL,False,False,False,False
broad_shape,XGX|y,50,14,R00,0.558,R00,122,LOW_POWER_OR_UNSTABLE,False,False,True,True
broad_shape,XO|NONE,50,25,R00,0.442,R06,24,STABLE_BUT_LOCAL_OR_THRESHOLD_SENSITIVE,False,False,False,False
broad_shape,X|NONE,50,3,R06,0.67,R06,46,ROLE_STABLE_ACROSS_CONFOUNDS,True,True,True,True
broad_shape,X|y,50,42,R06,0.933,R06,30,ROLE_STABLE_ACROSS_CONFOUNDS,True,True,True,True
stolfi_inspired_signature,G_k|S_BDY|T_dy,50,5,R00,0.5,H09,26,CONTEXTUAL_ROLE_SIGNAL,False,False,False,False
stolfi_inspired_signature,G_k|S_BEY|T_ey,50,19,R00,0.567,H08,17,CONTEXTUAL_ROLE_SIGNAL,False,False,False,True
stolfi_inspired_signature,G_k|S_BY|T_y,50,34,R00,0.562,R00,24,CONTEXTUAL_ROLE_SIGNAL,False,False,True,True
stolfi_inspired_signature,G_k|S_EDY|T_dy,50,38,H12,0.369,H12,123,CONTEXTUAL_ROLE_SIGNAL,False,False,True,False
stolfi_inspired_signature,G_k|S_EDY|T_edy,50,38,H12,0.369,H01,118,CONTEXTUAL_ROLE_SIGNAL,False,False,False,False
stolfi_inspired_signature,G_k|S_EGY|T_y,50,9,R00,0.454,R06,28,ROLE_STABLE_ACROSS_CONFOUNDS,True,True,False,False
stolfi_inspired_signature,G_k|S_EODY|T_dy,50,11,R00,0.698,R00,26,CONTEXTUAL_ROLE_SIGNAL,False,False,True,True
stolfi_inspired_signature,G_k|S_EOL|T_ol,50,8,H08,0.645,H08,21,LOW_POWER_OR_UNSTABLE,False,False,True,True
stolfi_inspired_signature,G_k|S_EXGXY|T_y,50,45,R00,1.0,R00,14,CONTEXTUAL_ROLE_SIGNAL,False,False,True,True
stolfi_inspired_signature,G_k|S_EY|T_ey,50,8,H08,0.645,H08,114,CONTEXTUAL_ROLE_SIGNAL,False,False,True,True
stolfi_inspired_signature,G_k|S_EY|T_y,50,8,H08,0.645,H08,37,CONTEXTUAL_ROLE_SIGNAL,False,False,True,True
stolfi_inspired_signature,G_k|S_GBY|T_y,50,9,R00,0.454,R06,20,STABLE_BUT_LOCAL_OR_THRESHOLD_SENSITIVE,False,True,False,False
stolfi_inspired_signature,G_k|S_GEDY|T_edy,50,26,R00,0.702,R00,22,CONTEXTUAL_ROLE_SIGNAL,False,False,True,True
stolfi_inspired_signature,G_k|S_GEDY|T_eedy,50,26,R00,0.702,R00,25,CONTEXTUAL_ROLE_SIGNAL,False,False,True,True
stolfi_inspired_signature,G_k|S_GEODY|T_dy,50,11,R00,0.698,R00,17,CONTEXTUAL_ROLE_SIGNAL,False,False,True,True
stolfi_inspired_signature,G_k|S_GEOL|T_ol,50,31,R06,0.846,R06,13,CONTEXTUAL_ROLE_SIGNAL,False,False,True,True
stolfi_inspired_signature,G_k|S_GEY|T_eey,50,20,R06,0.603,R00,32,CONTEXTUAL_ROLE_SIGNAL,False,False,False,True
stolfi_inspired_signature,G_k|S_GEY|T_ey,50,20,R06,0.603,R06,10,CONTEXTUAL_ROLE_SIGNAL,False,False,True,True
stolfi_inspired_signature,G_k|S_GOEL|T_ain,50,2,R06,0.571,R06,14,LOW_POWER_OR_UNSTABLE,False,False,True,True
stolfi_inspired_signature,G_k|S_GOIL|T_aiin,50,43,R06,0.75,R06,27,CONTEXTUAL_ROLE_SIGNAL,False,False,True,True
stolfi_inspired_signature,G_k|S_GOL|T_ar,50,20,R06,0.603,R06,24,STABLE_BUT_LOCAL_OR_THRESHOLD_SENSITIVE,False,True,True,True
stolfi_inspired_signature,G_k|S_GOL|T_ol,50,20,R06,0.603,R06,12,CONTEXTUAL_ROLE_SIGNAL,False,False,True,True
stolfi_inspired_signature,G_k|S_GO|T_NONE,50,42,R00,0.7,R00,10,CONTEXTUAL_ROLE_SIGNAL,False,False,True,True
stolfi_inspired_signature,G_k|S_GY|T_y,50,9,R00,0.454,H01,91,CONTEXTUAL_ROLE_SIGNAL,False,False,False,False
stolfi_inspired_signature,G_k|S_LGEDY|T_eedy,50,49,R00,0.824,R00,17,CONTEXTUAL_ROLE_SIGNAL,False,False,True,True
stolfi_inspired_signature,G_k|S_LGEY|T_eey,50,49,R00,0.824,R00,17,CONTEXTUAL_ROLE_SIGNAL,False,False,True,True
stolfi_inspired_signature,G_k|S_ODY|T_dy,50,11,R00,0.698,R00,10,CONTEXTUAL_ROLE_SIGNAL,False,False,True,True
stolfi_inspired_signature,G_k|S_OEL|T_in,50,4,R06,0.366,H08,94,CONTEXTUAL_ROLE_SIGNAL,False,False,False,False
stolfi_inspired_signature,G_k|S_OGY|T_y,50,9,R00,0.454,R00,16,CONTEXTUAL_ROLE_SIGNAL,False,False,True,False
stolfi_inspired_signature,G_k|S_OIL|T_iin,50,14,R10,0.529,H08,86,LOW_POWER_OR_UNSTABLE,False,False,False,False
stolfi_inspired_signature,G_k|S_OLDY|T_dy,50,21,R00,0.588,R00,17,CONTEXTUAL_ROLE_SIGNAL,False,False,True,True
stolfi_inspired_signature,G_k|S_OLY|T_y,50,10,R00,0.54,R00,22,STABLE_BUT_LOCAL_OR_THRESHOLD_SENSITIVE,False,True,True,False
stolfi_inspired_signature,G_k|S_OL|T_l,50,23,R06,0.4,R07,116,CONTEXTUAL_ROLE_SIGNAL,False,False,False,False
stolfi_inspired_signature,G_k|S_OL|T_m,50,35,R06,0.587,H08,13,CONTEXTUAL_ROLE_SIGNAL,False,False,False,True
stolfi_inspired_signature,G_k|S_OL|T_r,50,23,R06,0.4,R03,68,ROLE_STABLE_ACROSS_CONFOUNDS,True,True,False,False
stolfi_inspired_signature,G_k|S_XGXEY|T_ey,50,33,R00,0.412,R00,20,CONTEXTUAL_ROLE_SIGNAL,False,False,True,False
stolfi_inspired_signature,G_k|S_XGXY|T_y,50,9,R00,0.454,R00,74,STABLE_BUT_LOCAL_OR_THRESHOLD_SENSITIVE,False,False,True,False
stolfi_inspired_signature,G_p|S_GBEDY|T_edy,50,7,R00,0.587,R00,21,CONTEXTUAL_ROLE_SIGNAL,False,False,True,True
stolfi_inspired_signature,G_p|S_GBEY|T_ey,50,19,R00,0.567,R00,13,CONTEXTUAL_ROLE_SIGNAL,False,False,True,True
stolfi_inspired_signature,G_t|S_BDY|T_dy,50,5,R00,0.5,R00,13,CONTEXTUAL_ROLE_SIGNAL,False,False,True,False
stolfi_inspired_signature,G_t|S_BEDY|T_edy,50,16,R01,0.429,H15,13,LOW_POWER_OR_UNSTABLE,False,False,False,False
stolfi_inspired_signature,G_t|S_BY|T_y,50,34,R00,0.562,H13,16,CONTEXTUAL_ROLE_SIGNAL,False,False,False,True
stolfi_inspired_signature,G_t|S_EDY|T_dy,50,16,R01,0.429,R01,52,LOW_POWER_OR_UNSTABLE,False,False,True,False
stolfi_inspired_signature,G_t|S_EDY|T_edy,50,16,R01,0.429,H01,40,LOW_POWER_OR_UNSTABLE,False,False,False,False
stolfi_inspired_signature,G_t|S_EXGXY|T_y,50,24,R04,0.451,R00,11,CONTEXTUAL_ROLE_SIGNAL,False,False,False,False
stolfi_inspired_signature,G_t|S_EY|T_ey,50,47,R01,0.697,R01,18,CONTEXTUAL_ROLE_SIGNAL,False,False,True,True
stolfi_inspired_signature,G_t|S_EY|T_y,50,47,R01,0.697,R01,15,LOW_POWER_OR_UNSTABLE,False,False,True,True
stolfi_inspired_signature,G_t|S_GBOL|T_or,50,29,R04,0.565,R06,10,CONTEXTUAL_ROLE_SIGNAL,False,False,False,True
stolfi_inspired_signature,G_t|S_GBY|T_y,50,24,R04,0.451,R06,10,CONTEXTUAL_ROLE_SIGNAL,False,False,False,False
stolfi_inspired_signature,G_t|S_GEDY|T_edy,50,36,R06,0.611,R06,15,CONTEXTUAL_ROLE_SIGNAL,False,False,True,True
stolfi_inspired_signature,G_t|S_GEDY|T_eedy,50,36,R06,0.611,R00,11,CONTEXTUAL_ROLE_SIGNAL,False,False,False,True
stolfi_inspired_signature,G_t|S_GEY|T_eey,50,36,R06,0.611,R06,10,CONTEXTUAL_ROLE_SIGNAL,False,False,True,True
stolfi_inspired_signature,G_t|S_GOIL|T_aiin,50,43,R06,0.75,R06,13,CONTEXTUAL_ROLE_SIGNAL,False,False,True,True
stolfi_inspired_signature,G_t|S_GY|T_y,50,9,R00,0.454,H01,33,LOW_POWER_OR_UNSTABLE,False,False,False,False
stolfi_inspired_signature,G_t|S_OEL|T_in,50,4,R06,0.366,R00,40,LOW_POWER_OR_UNSTABLE,False,False,False,False
stolfi_inspired_signature,G_t|S_OIL|T_iin,50,14,R10,0.529,R10,36,CONTEXTUAL_ROLE_SIGNAL,False,False,True,False
stolfi_inspired_signature,G_t|S_OLY|T_y,50,32,R00,1.0,R00,14,CONTEXTUAL_ROLE_SIGNAL,False,False,True,True
stolfi_inspired_signature,G_t|S_OL|T_l,50,23,R06,0.4,H13,36,LOW_POWER_OR_UNSTABLE,False,False,False,False
stolfi_inspired_signature,G_t|S_OL|T_r,50,23,R06,0.4,H13,38,LOW_POWER_OR_UNSTABLE,False,False,False,False
stolfi_inspired_signature,G_t|S_OXGXY|T_y,50,24,R04,0.451,R00,10,CONTEXTUAL_ROLE_SIGNAL,False,False,False,False
stolfi_inspired_signature,G_t|S_XGXEY|T_ey,50,33,R00,0.412,R04,14,CONTEXTUAL_ROLE_SIGNAL,False,False,False,False
stolfi_inspired_signature,G_t|S_XGXOL|T_or,50,29,R04,0.565,R04,13,CONTEXTUAL_ROLE_SIGNAL,False,False,True,True
stolfi_inspired_signature,G_t|S_XGXY|T_y,50,24,R04,0.451,R04,40,STABLE_BUT_LOCAL_OR_THRESHOLD_SENSITIVE,False,False,True,False
stolfi_inspired_signature,NG|S_BDY|T_dy,50,5,R00,0.5,R00,11,CONTEXTUAL_ROLE_SIGNAL,False,False,True,False
stolfi_inspired_signature,NG|S_BEDY|T_edy,50,7,R00,0.587,R00,39,LOW_POWER_OR_UNSTABLE,False,False,True,True
stolfi_inspired_signature,NG|S_BEOL|T_ol,50,27,R06,0.75,R06,10,LOW_POWER_OR_UNSTABLE,False,False,True,True
stolfi_inspired_signature,NG|S_BEY|T_eey,50,25,R06,0.579,R06,19,CONTEXTUAL_ROLE_SIGNAL,False,False,True,True
stolfi_inspired_signature,NG|S_BEY|T_ey,50,18,R06,0.459,R00,37,LOW_POWER_OR_UNSTABLE,False,False,False,False
stolfi_inspired_signature,NG|S_BOL|T_ol,50,27,R06,0.75,R06,13,CONTEXTUAL_ROLE_SIGNAL,False,False,True,True
stolfi_inspired_signature,NG|S_BOL|T_or,50,27,R06,0.75,R06,17,CONTEXTUAL_ROLE_SIGNAL,False,False,True,True
stolfi_inspired_signature,NG|S_BO|T_NONE,50,44,R00,0.65,R00,20,CONTEXTUAL_ROLE_SIGNAL,False,False,True,True
stolfi_inspired_signature,NG|S_BY|T_y,50,34,R00,0.562,R00,33,ROLE_STABLE_ACROSS_CONFOUNDS,True,True,True,True
stolfi_inspired_signature,NG|S_DOIL|T_aiin,50,13,R10,0.279,R10,20,CONTEXTUAL_ROLE_SIGNAL,False,False,True,False
stolfi_inspired_signature,NG|S_DOL|T_al,50,13,R10,0.279,R00,12,CONTEXTUAL_ROLE_SIGNAL,False,False,False,False
stolfi_inspired_signature,NG|S_DOL|T_ar,50,13,R10,0.279,R00,11,CONTEXTUAL_ROLE_SIGNAL,False,False,False,False
stolfi_inspired_signature,NG|S_DO|T_NONE,50,1,R00,0.416,R06,10,CONTEXTUAL_ROLE_SIGNAL,False,False,False,False
stolfi_inspired_signature,NG|S_DY|T_y,50,1,R00,0.416,R02,88,CONTEXTUAL_ROLE_SIGNAL,False,False,False,False
stolfi_inspired_signature,NG|S_EDY|T_dy,50,46,R06,0.5,R06,192,LOW_POWER_OR_UNSTABLE,False,False,True,False
stolfi_inspired_signature,NG|S_EDY|T_edy,50,3,R06,0.636,R06,45,STABLE_BUT_LOCAL_OR_THRESHOLD_SENSITIVE,False,False,True,True
stolfi_inspired_signature,NG|S_ED|T_NONE,50,1,R00,0.416,R06,10,CONTEXTUAL_ROLE_SIGNAL,False,False,False,False
stolfi_inspired_signature,NG|S_EODY|T_dy,50,40,R00,0.712,R00,27,CONTEXTUAL_ROLE_SIGNAL,False,False,True,True
stolfi_inspired_signature,NG|S_EOL|T_al,50,15,R00,0.625,R00,14,LOW_POWER_OR_UNSTABLE,False,False,True,True
stolfi_inspired_signature,NG|S_EOL|T_ar,50,15,R00,0.625,R00,23,STABLE_BUT_LOCAL_OR_THRESHOLD_SENSITIVE,False,True,True,True
stolfi_inspired_signature,NG|S_EOL|T_ol,50,15,R00,0.625,R00,51,CONTEXTUAL_ROLE_SIGNAL,False,False,True,True
stolfi_inspired_signature,NG|S_EOL|T_or,50,12,R00,0.667,R00,27,CONTEXTUAL_ROLE_SIGNAL,False,False,True,True
stolfi_inspired_signature,NG|S_EO|T_NONE,50,1,R00,0.416,R00,16,CONTEXTUAL_ROLE_SIGNAL,False,False,True,False
stolfi_inspired_signature,NG|S_EX|T_NONE,50,1,R00,0.416,R00,23,STABLE_BUT_LOCAL_OR_THRESHOLD_SENSITIVE,False,True,True,False
stolfi_inspired_signature,NG|S_EY|T_ey,50,39,R06,0.946,R06,63,ROLE_STABLE_ACROSS_CONFOUNDS,True,True,True,True
stolfi_inspired_signature,NG|S_EY|T_y,50,39,R06,0.946,R06,104,ROLE_STABLE_ACROSS_CONFOUNDS,True,True,True,True
stolfi_inspired_signature,NG|S_IL|T_in,50,3,R06,0.636,R00,10,CONTEXTUAL_ROLE_SIGNAL,False,False,False,True
stolfi_inspired_signature,NG|S_LBEDY|T_edy,50,17,R00,1.0,R00,45,STABLE_BUT_LOCAL_OR_THRESHOLD_SENSITIVE,False,False,True,True
stolfi_inspired_signature,NG|S_LBEY|T_ey,50,41,R00,0.8,R00,25,STABLE_BUT_LOCAL_OR_THRESHOLD_SENSITIVE,False,False,True,True
stolfi_inspired_signature,NG|S_LOIL|T_aiin,50,22,R00,0.882,R00,17,CONTEXTUAL_ROLE_SIGNAL,False,False,True,True
stolfi_inspired_signature,NG|S_LOL|T_ol,50,1,R00,0.416,R00,14,CONTEXTUAL_ROLE_SIGNAL,False,False,True,False
stolfi_inspired_signature,NG|S_LOL|T_or,50,1,R00,0.416,R00,16,CONTEXTUAL_ROLE_SIGNAL,False,False,True,False
stolfi_inspired_signature,NG|S_LO|T_NONE,50,1,R00,0.416,R00,10,CONTEXTUAL_ROLE_SIGNAL,False,False,True,False
stolfi_inspired_signature,NG|S_LY|T_y,50,37,R06,0.552,R06,29,CONTEXTUAL_ROLE_SIGNAL,False,False,True,True
stolfi_inspired_signature,NG|S_L|T_NONE,50,1,R00,0.416,R06,27,CONTEXTUAL_ROLE_SIGNAL,False,False,False,False
stolfi_inspired_signature,NG|S_ODOIL|T_aiin,50,1,R00,0.416,R00,16,LOW_POWER_OR_UNSTABLE,False,False,True,False
stolfi_inspired_signature,NG|S_ODY|T_dy,50,40,R00,0.712,R00,25,CONTEXTUAL_ROLE_SIGNAL,False,False,True,True
stolfi_inspired_signature,NG|S_OEL|T_in,50,4,R06,0.366,R06,93,ROLE_STABLE_ACROSS_CONFOUNDS,True,True,True,False
stolfi_inspired_signature,NG|S_OEL|T_r,50,0,R06,0.72,R06,25,CONTEXTUAL_ROLE_SIGNAL,False,False,True,True
stolfi_inspired_signature,NG|S_OIEL|T_iin,50,1,R00,0.416,R00,10,CONTEXTUAL_ROLE_SIGNAL,False,False,True,False
stolfi_inspired_signature,NG|S_OIL|T_iin,50,14,R10,0.529,R10,269,LOW_POWER_OR_UNSTABLE,False,False,True,False
stolfi_inspired_signature,NG|S_OLBEDY|T_edy,50,7,R00,0.587,R00,15,CONTEXTUAL_ROLE_SIGNAL,False,False,True,True
stolfi_inspired_signature,NG|S_OLDY|T_dy,50,30,R09,0.417,R09,12,CONTEXTUAL_ROLE_SIGNAL,False,False,True,False
stolfi_inspired_signature,NG|S_OLOLY|T_y,50,10,R00,0.54,R00,12,CONTEXTUAL_ROLE_SIGNAL,False,False,True,False
stolfi_inspired_signature,NG|S_OLOL|T_al,50,10,R00,0.54,R06,17,CONTEXTUAL_ROLE_SIGNAL,False,False,False,False
stolfi_inspired_signature,NG|S_OLOL|T_m,50,6,R00,0.762,R00,13,CONTEXTUAL_ROLE_SIGNAL,False,False,True,True
stolfi_inspired_signature,NG|S_OLOL|T_ol,50,10,R00,0.54,R00,12,CONTEXTUAL_ROLE_SIGNAL,False,False,True,False
stolfi_inspired_signature,NG|S_OLO|T_NONE,50,6,R00,0.762,R00,11,CONTEXTUAL_ROLE_SIGNAL,False,False,True,True
stolfi_inspired_signature,NG|S_OLY|T_y,50,10,R00,0.54,R00,50,CONTEXTUAL_ROLE_SIGNAL,False,False,True,False
stolfi_inspired_signature,NG|S_OL|T_l,50,23,R06,0.4,R06,355,LOW_POWER_OR_UNSTABLE,False,False,True,False
stolfi_inspired_signature,NG|S_OL|T_m,50,35,R06,0.587,R06,51,CONTEXTUAL_ROLE_SIGNAL,False,True,True,True
stolfi_inspired_signature,NG|S_OL|T_n,50,35,R06,0.587,R06,11,CONTEXTUAL_ROLE_SIGNAL,False,False,True,True
stolfi_inspired_signature,NG|S_OL|T_r,50,23,R06,0.4,R06,290,CONTEXTUAL_ROLE_SIGNAL,False,False,True,False
stolfi_inspired_signature,NG|S_OX|T_NONE,50,1,R00,0.416,R00,16,CONTEXTUAL_ROLE_SIGNAL,False,False,True,False
stolfi_inspired_signature,NG|S_O|T_NONE,50,6,R00,0.762,R00,18,CONTEXTUAL_ROLE_SIGNAL,False,True,True,True
stolfi_inspired_signature,NG|S_XO|T_NONE,50,28,R06,0.917,R06,24,STABLE_BUT_LOCAL_OR_THRESHOLD_SENSITIVE,False,False,True,True
stolfi_inspired_signature,NG|S_XY|T_y,50,1,R00,0.416,R06,30,ROLE_STABLE_ACROSS_CONFOUNDS,True,True,False,False
stolfi_inspired_signature,NG|S_X|T_NONE,50,1,R00,0.416,R06,46,ROLE_STABLE_ACROSS_CONFOUNDS,True,True,False,False
