scope_name,scope_type,scope_value,lens,role_unit_key,dominant_role,occurrences,distinct_lines,distinct_token_types,dominant_role_share,section_count,currier_count,hand_count,marker_count,top_tokens,induction_votes,loose_induction_votes,mean_induction_match,mean_induction_cluster_purity,induction_detail,tier,reason
global,global,global,surface_token,aiin,R06,57,51,1,1.0,7,3,5,4,aiin,5,5,0.825,0.52,16:0.895/0.457 24:0.754/0.476 32:0.702/0.458 48:0.930/0.477 64:0.842/0.732,low_reliability_or_unlikely,does not meet good candidate thresholds
global,global,global,surface_token,al,R06,31,28,1,1.0,5,3,5,3,al,5,5,0.787,0.469,16:0.871/0.455 24:0.742/0.463 32:0.871/0.476 48:0.806/0.473 64:0.645/0.478,low_reliability_or_unlikely,does not meet good candidate thresholds
global,global,global,surface_token,ar,R06,58,52,1,1.0,7,3,5,4,ar,5,5,0.724,0.483,16:0.845/0.461 24:0.690/0.492 32:0.672/0.473 48:0.793/0.501 64:0.621/0.487,low_reliability_or_unlikely,does not meet good candidate thresholds
global,global,global,surface_token,chckhy,R00,41,39,1,1.0,5,2,3,1,chckhy,4,5,0.961,0.482,16:0.951/0.447 24:0.976/0.499 32:0.976/0.496 48:0.951/0.474 64:0.951/0.496,low_reliability_or_unlikely,does not meet good candidate thresholds
global,global,global,surface_token,chcthy,R04,16,15,1,1.0,4,2,3,1,chcthy,0,0,0.0,0.372,16:0.000/0.335 24:0.000/0.317 32:0.000/0.485 48:0.000/0.318 64:0.000/0.404,low_reliability_or_unlikely,does not meet good candidate thresholds
global,global,global,surface_token,chdy,R02,27,26,1,1.0,6,3,6,3,chdy,0,0,0.0,0.473,16:0.000/0.449 24:0.000/0.459 32:0.000/0.461 48:0.000/0.461 64:0.000/0.537,low_reliability_or_unlikely,does not meet good candidate thresholds
global,global,global,surface_token,chedy,R02,94,82,1,1.0,4,1,4,3,chedy,0,0,0.091,0.46,16:0.000/0.440 24:0.000/0.476 32:0.000/0.440 48:0.000/0.450 64:0.457/0.493,low_reliability_or_unlikely,does not meet good candidate thresholds
global,global,global,surface_token,cheey,R06,25,24,1,1.0,5,3,5,3,cheey,3,5,0.864,0.496,16:1.000/0.437 24:0.840/0.489 32:0.640/0.446 48:0.920/0.473 64:0.920/0.635,low_reliability_or_unlikely,does not meet good candidate thresholds
global,global,global,surface_token,cheky,R06,15,15,1,1.0,6,3,5,3,cheky,0,0,0.027,0.509,16:0.000/0.516 24:0.067/0.532 32:0.000/0.505 48:0.000/0.492 64:0.067/0.502,low_reliability_or_unlikely,does not meet good candidate thresholds
global,global,global,surface_token,cheody,R00,17,17,1,1.0,5,3,6,3,cheody,0,1,0.306,0.45,16:0.059/0.444 24:0.588/0.474 32:0.294/0.443 48:0.176/0.426 64:0.412/0.462,low_reliability_or_unlikely,does not meet good candidate thresholds
global,global,global,surface_token,cheol,R00,25,24,1,1.0,6,3,5,3,cheol,0,0,0.224,0.439,16:0.000/0.443 24:0.200/0.450 32:0.400/0.444 48:0.160/0.435 64:0.360/0.425,low_reliability_or_unlikely,does not meet good candidate thresholds
global,global,global,surface_token,chey,R06,54,50,1,1.0,5,2,4,2,chey,3,5,0.833,0.519,16:0.963/0.443 24:0.852/0.487 32:0.556/0.451 48:0.870/0.467 64:0.926/0.747,low_reliability_or_unlikely,does not meet good candidate thresholds
global,global,global,surface_token,chody,R00,18,18,1,1.0,5,2,4,3,chody,0,1,0.311,0.458,16:0.167/0.456 24:0.500/0.469 32:0.278/0.453 48:0.389/0.449 64:0.222/0.459,low_reliability_or_unlikely,does not meet good candidate thresholds
global,global,global,surface_token,chol,R07,96,83,1,1.0,7,3,5,3,chol,0,0,0.0,0.445,16:0.000/0.446 24:0.000/0.420 32:0.000/0.474 48:0.000/0.447 64:0.000/0.440,low_reliability_or_unlikely,does not meet good candidate thresholds
global,global,global,surface_token,chor,R11,48,47,1,1.0,5,3,5,4,chor,0,0,0.0,0.458,16:0.000/0.451 24:0.000/0.458 32:0.000/0.474 48:0.000/0.462 64:0.000/0.442,low_reliability_or_unlikely,does not meet good candidate thresholds
global,global,global,surface_token,chy,R00,21,20,1,1.0,6,3,3,4,chy,0,0,0.276,0.466,16:0.143/0.458 24:0.429/0.468 32:0.333/0.472 48:0.143/0.476 64:0.333/0.458,low_reliability_or_unlikely,does not meet good candidate thresholds
global,global,global,surface_token,cthol,R07,18,18,1,1.0,4,3,4,1,cthol,0,0,0.0,0.376,16:0.000/0.337 24:0.000/0.342 32:0.000/0.364 48:0.000/0.379 64:0.000/0.458,low_reliability_or_unlikely,does not meet good candidate thresholds
global,global,global,surface_token,cthy,R04,15,15,1,1.0,1,1,1,2,cthy,0,0,0.0,0.383,16:0.000/0.330 24:0.000/0.339 32:0.000/0.421 48:0.000/0.407 64:0.000/0.418,low_reliability_or_unlikely,does not meet good candidate thresholds
global,global,global,surface_token,dain,R06,48,45,1,1.0,5,2,3,3,dain,5,5,0.838,0.498,16:0.958/0.504 24:0.792/0.503 32:0.729/0.497 48:0.938/0.481 64:0.771/0.505,low_reliability_or_unlikely,does not meet good candidate thresholds
global,global,global,surface_token,dal,R09,37,36,1,1.0,6,3,4,5,dal,0,0,0.0,0.455,16:0.000/0.448 24:0.000/0.443 32:0.000/0.475 48:0.000/0.447 64:0.000/0.462,low_reliability_or_unlikely,does not meet good candidate thresholds
global,global,global,surface_token,dar,R06,49,47,1,1.0,7,3,5,7,dar,5,5,0.816,0.474,16:0.918/0.470 24:0.796/0.472 32:0.898/0.479 48:0.837/0.486 64:0.633/0.462,low_reliability_or_unlikely,does not meet good candidate thresholds
global,global,global,surface_token,dy,R02,30,30,1,1.0,6,3,4,2,dy,0,0,0.0,0.467,16:0.000/0.460 24:0.000/0.463 32:0.000/0.467 48:0.000/0.485 64:0.000/0.460,low_reliability_or_unlikely,does not meet good candidate thresholds
global,global,global,surface_token,lchedy,R00,27,27,1,1.0,3,2,3,1,lchedy,0,1,0.356,0.464,16:0.148/0.455 24:0.519/0.465 32:0.333/0.469 48:0.296/0.463 64:0.481/0.469,low_reliability_or_unlikely,does not meet good candidate thresholds
global,global,global,surface_token,okaiin,R10,42,41,1,1.0,6,3,4,4,okaiin,0,0,0.0,0.455,16:0.000/0.460 24:0.000/0.480 32:0.000/0.448 48:0.000/0.439 64:0.000/0.450,low_reliability_or_unlikely,does not meet good candidate thresholds
global,global,global,surface_token,okain,R10,36,34,1,1.0,6,3,4,3,okain,0,0,0.0,0.467,16:0.000/0.474 24:0.000/0.487 32:0.000/0.447 48:0.000/0.456 64:0.000/0.471,low_reliability_or_unlikely,does not meet good candidate thresholds
global,global,global,surface_token,okal,R07,36,34,1,1.0,7,3,5,4,okal,0,0,0.0,0.495,16:0.000/0.466 24:0.000/0.515 32:0.000/0.491 48:0.000/0.490 64:0.000/0.513,low_reliability_or_unlikely,does not meet good candidate thresholds
global,global,global,surface_token,okar,R03,27,26,1,1.0,6,3,3,6,okar,0,0,0.0,0.48,16:0.000/0.475 24:0.000/0.483 32:0.000/0.471 48:0.000/0.466 64:0.000/0.503,low_reliability_or_unlikely,does not meet good candidate thresholds
global,global,global,surface_token,okedy,R00,34,30,1,1.0,6,2,4,3,okedy,1,4,0.682,0.429,16:0.588/0.403 24:0.824/0.487 32:0.559/0.388 48:0.765/0.422 64:0.676/0.445,low_reliability_or_unlikely,does not meet good candidate thresholds
global,global,global,surface_token,okeedy,R00,33,31,1,1.0,4,2,3,3,okeedy,1,4,0.794,0.435,16:0.758/0.436 24:0.848/0.469 32:0.697/0.399 48:0.848/0.436 64:0.818/0.435,low_reliability_or_unlikely,does not meet good candidate thresholds
global,global,global,surface_token,okeey,R06,37,36,1,1.0,7,3,5,4,okeey,0,0,0.0,0.47,16:0.000/0.469 24:0.000/0.463 32:0.000/0.459 48:0.000/0.456 64:0.000/0.504,low_reliability_or_unlikely,does not meet good candidate thresholds
global,global,global,surface_token,okol,R07,23,22,1,1.0,6,3,4,5,okol,0,0,0.0,0.522,16:0.000/0.496 24:0.000/0.563 32:0.000/0.514 48:0.000/0.492 64:0.000/0.545,low_reliability_or_unlikely,does not meet good candidate thresholds
global,global,global,surface_token,oky,R00,29,29,1,1.0,8,3,5,7,oky,5,5,0.993,0.554,16:1.000/0.531 24:1.000/0.583 32:1.000/0.538 48:1.000/0.552 64:0.966/0.565,low_reliability_or_unlikely,does not meet good candidate thresholds
global,global,global,surface_token,ol,R06,73,66,1,1.0,6,3,5,4,ol,5,5,0.844,0.482,16:0.904/0.464 24:0.822/0.469 32:0.877/0.492 48:0.877/0.499 64:0.740/0.485,low_reliability_or_unlikely,does not meet good candidate thresholds
global,global,global,surface_token,or,R06,48,46,1,1.0,7,3,4,3,or,4,5,0.729,0.483,16:0.854/0.469 24:0.583/0.479 32:0.729/0.486 48:0.729/0.514 64:0.750/0.468,low_reliability_or_unlikely,does not meet good candidate thresholds
global,global,global,surface_token,otaiin,R10,23,22,1,1.0,5,3,4,3,otaiin,0,0,0.0,0.37,16:0.000/0.356 24:0.000/0.366 32:0.000/0.337 48:0.000/0.379 64:0.000/0.413,low_reliability_or_unlikely,does not meet good candidate thresholds
global,global,global,surface_token,otain,R00,25,24,1,1.0,5,3,3,2,otain,0,0,0.976,0.344,16:1.000/0.334 24:1.000/0.328 32:1.000/0.329 48:1.000/0.352 64:0.880/0.378,low_reliability_or_unlikely,does not meet good candidate thresholds
global,global,global,surface_token,otedy,R01,30,28,1,1.0,4,1,2,3,otedy,0,0,0.0,0.31,16:0.000/0.326 24:0.000/0.324 32:0.000/0.276 48:0.000/0.263 64:0.000/0.362,low_reliability_or_unlikely,does not meet good candidate thresholds
global,global,global,surface_token,oteedy,R01,15,15,1,1.0,4,1,2,1,oteedy,0,0,0.0,0.299,16:0.000/0.298 24:0.000/0.305 32:0.000/0.248 48:0.000/0.246 64:0.000/0.396,low_reliability_or_unlikely,does not meet good candidate thresholds
global,global,global,surface_token,qokaiin,H08,44,43,1,1.0,6,2,3,3,qokaiin,0,0,0.445,0.366,16:0.432/0.353 24:0.364/0.412 32:0.386/0.378 48:0.318/0.335 64:0.727/0.354,low_reliability_or_unlikely,does not meet good candidate thresholds
global,global,global,surface_token,qokain,H08,57,54,1,1.0,3,2,2,1,qokain,0,1,0.435,0.383,16:0.246/0.359 24:0.509/0.444 32:0.333/0.400 48:0.456/0.356 64:0.632/0.358,low_reliability_or_unlikely,does not meet good candidate thresholds
global,global,global,surface_token,qokal,H08,37,35,1,1.0,5,3,4,1,qokal,0,0,0.389,0.401,16:0.243/0.368 24:0.486/0.449 32:0.216/0.432 48:0.378/0.375 64:0.622/0.381,low_reliability_or_unlikely,does not meet good candidate thresholds
global,global,global,surface_token,qokar,R03,29,27,1,1.0,4,2,3,3,qokar,0,0,0.0,0.387,16:0.000/0.364 24:0.000/0.446 32:0.000/0.394 48:0.000/0.366 64:0.000/0.365,low_reliability_or_unlikely,does not meet good candidate thresholds
global,global,global,surface_token,qokchdy,H09,16,13,1,1.0,5,2,4,3,qokchdy,0,0,0.0,0.409,16:0.000/0.401 24:0.000/0.439 32:0.000/0.390 48:0.000/0.416 64:0.000/0.400,low_reliability_or_unlikely,does not meet good candidate thresholds
global,global,global,surface_token,qokedy,H12,89,73,1,1.0,5,1,5,2,qokedy,0,0,0.0,0.348,16:0.000/0.314 24:0.000/0.429 32:0.000/0.313 48:0.000/0.336 64:0.000/0.348,low_reliability_or_unlikely,does not meet good candidate thresholds
global,global,global,surface_token,qokeedy,H01,85,70,1,1.0,5,1,4,2,qokeedy,0,0,0.085,0.347,16:0.000/0.324 24:0.000/0.414 32:0.412/0.315 48:0.000/0.344 64:0.012/0.341,low_reliability_or_unlikely,does not meet good candidate thresholds
global,global,global,surface_token,qokeey,H08,77,67,1,1.0,6,2,4,3,qokeey,0,0,0.421,0.391,16:0.338/0.377 24:0.429/0.434 32:0.429/0.408 48:0.377/0.364 64:0.532/0.372,low_reliability_or_unlikely,does not meet good candidate thresholds
global,global,global,surface_token,qokey,H08,25,25,1,1.0,6,3,5,1,qokey,0,0,0.288,0.423,16:0.120/0.413 24:0.480/0.452 32:0.240/0.434 48:0.240/0.410 64:0.360/0.407,low_reliability_or_unlikely,does not meet good candidate thresholds
global,global,global,surface_token,qokol,H08,20,18,1,1.0,6,3,5,2,qokol,0,0,0.19,0.395,16:0.050/0.380 24:0.400/0.433 32:0.000/0.403 48:0.200/0.385 64:0.300/0.374,low_reliability_or_unlikely,does not meet good candidate thresholds
global,global,global,surface_token,qoky,H01,43,42,1,1.0,5,2,4,2,qoky,0,0,0.0,0.45,16:0.000/0.414 24:0.000/0.520 32:0.000/0.438 48:0.000/0.445 64:0.000/0.434,low_reliability_or_unlikely,does not meet good candidate thresholds
global,global,global,surface_token,qol,R00,23,21,1,1.0,3,1,3,1,qol,0,0,0.148,0.455,16:0.000/0.457 24:0.174/0.441 32:0.043/0.483 48:0.174/0.450 64:0.348/0.445,low_reliability_or_unlikely,does not meet good candidate thresholds
global,global,global,surface_token,qotain,H13,15,14,1,1.0,3,2,2,1,qotain,0,0,0.053,0.307,16:0.000/0.310 24:0.000/0.323 32:0.000/0.273 48:0.000/0.242 64:0.267/0.390,low_reliability_or_unlikely,does not meet good candidate thresholds
global,global,global,surface_token,qotedy,H17,22,20,1,1.0,3,1,2,2,qotedy,0,0,0.0,0.33,16:0.000/0.333 24:0.000/0.325 32:0.000/0.322 48:0.000/0.305 64:0.000/0.363,low_reliability_or_unlikely,does not meet good candidate thresholds
global,global,global,surface_token,qoteedy,H01,25,23,1,1.0,4,1,3,1,qoteedy,0,0,0.128,0.315,16:0.000/0.312 24:0.000/0.328 32:0.040/0.278 48:0.000/0.282 64:0.600/0.377,low_reliability_or_unlikely,does not meet good candidate thresholds
global,global,global,surface_token,qoty,H01,16,16,1,1.0,5,2,4,2,qoty,0,0,0.0,0.383,16:0.000/0.370 24:0.000/0.353 32:0.000/0.457 48:0.000/0.340 64:0.000/0.396,low_reliability_or_unlikely,does not meet good candidate thresholds
global,global,global,surface_token,s,R06,39,39,1,1.0,7,3,5,5,s,1,2,0.462,0.483,16:0.744/0.466 24:0.256/0.488 32:0.410/0.487 48:0.564/0.483 64:0.333/0.490,low_reliability_or_unlikely,does not meet good candidate thresholds
global,global,global,surface_token,saiin,R06,39,38,1,1.0,6,3,6,3,saiin,5,5,0.836,0.54,16:0.923/0.514 24:0.769/0.516 32:0.846/0.502 48:0.897/0.553 64:0.744/0.613,low_reliability_or_unlikely,does not meet good candidate thresholds
global,global,global,surface_token,sain,R06,20,20,1,1.0,5,2,3,1,sain,5,5,0.9,0.546,16:1.000/0.539 24:0.900/0.550 32:0.800/0.542 48:0.950/0.551 64:0.850/0.547,low_reliability_or_unlikely,does not meet good candidate thresholds
global,global,global,surface_token,shedy,R06,95,83,1,1.0,5,1,4,3,shedy,3,5,0.865,0.465,16:0.989/0.445 24:0.800/0.477 32:0.874/0.445 48:0.926/0.464 64:0.737/0.493,low_reliability_or_unlikely,does not meet good candidate thresholds
global,global,global,surface_token,sheedy,R06,23,22,1,1.0,4,1,3,1,sheedy,5,5,0.913,0.469,16:1.000/0.458 24:0.826/0.481 32:0.957/0.459 48:0.870/0.471 64:0.913/0.476,low_reliability_or_unlikely,does not meet good candidate thresholds
global,global,global,surface_token,sheey,R06,29,28,1,1.0,7,3,4,3,sheey,4,5,0.814,0.499,16:0.897/0.452 24:0.828/0.474 32:0.655/0.448 48:0.828/0.478 64:0.862/0.641,low_reliability_or_unlikely,does not meet good candidate thresholds
global,global,global,surface_token,shey,R06,48,46,1,1.0,6,3,6,2,shey,3,5,0.896,0.524,16:0.979/0.444 24:0.938/0.491 32:0.729/0.448 48:0.854/0.471 64:0.979/0.767,low_reliability_or_unlikely,does not meet good candidate thresholds
global,global,global,surface_token,sho,R06,22,21,1,1.0,3,2,2,1,sho,5,5,0.891,0.505,16:1.000/0.506 24:0.818/0.517 32:0.818/0.506 48:0.909/0.495 64:0.909/0.500,low_reliability_or_unlikely,does not meet good candidate thresholds
global,global,global,surface_token,shol,R08,21,17,1,1.0,5,2,4,2,shol,0,0,0.0,0.474,16:0.000/0.476 24:0.000/0.454 32:0.000/0.501 48:0.000/0.470 64:0.000/0.470,low_reliability_or_unlikely,does not meet good candidate thresholds
global,global,global,surface_token,shy,R06,21,20,1,1.0,7,3,4,5,shy,2,5,0.695,0.468,16:0.952/0.439 24:0.667/0.468 32:0.571/0.460 48:0.762/0.459 64:0.524/0.513,low_reliability_or_unlikely,does not meet good candidate thresholds
global,global,global,surface_token,y,R06,25,25,1,1.0,5,3,5,3,y,0,0,0.384,0.523,16:0.480/0.515 24:0.400/0.518 32:0.320/0.519 48:0.480/0.524 64:0.240/0.537,low_reliability_or_unlikely,does not meet good candidate thresholds
global,global,global,conservative_morphology,ai|r|OE,R06,39,37,7,0.462,7,3,5,6,"dair, air, sair, qokair, okair, otair, qotair",0,3,0.523,0.484,16:0.564/0.466 24:0.538/0.492 32:0.436/0.480 48:0.590/0.480 64:0.487/0.501,low_reliability_or_unlikely,does not meet good candidate thresholds
global,global,global,conservative_morphology,al|dy|OL,R00,22,22,6,0.545,7,3,5,5,"okaldy, daldy, otaldy, qokaldy, saldy, aldy",5,5,0.836,0.571,16:0.773/0.557 24:0.864/0.588 32:0.864/0.561 48:0.773/0.567 64:0.909/0.584,low_reliability_or_unlikely,does not meet good candidate thresholds
global,global,global,conservative_morphology,al|y|OL,R00,33,31,9,0.667,8,3,5,6,"otaly, okaly, daly, qokaly, aly, olaly, saly, oraly",5,5,0.836,0.599,16:0.818/0.592 24:0.848/0.599 32:0.848/0.597 48:0.848/0.614 64:0.818/0.591,low_reliability_or_unlikely,does not meet good candidate thresholds
global,global,global,conservative_morphology,ar|y|OL,R00,35,35,8,0.571,8,3,5,7,"dary, okary, ary, sary, orary, chary, otary, oary",5,5,0.869,0.564,16:0.886/0.568 24:0.886/0.551 32:0.914/0.558 48:0.771/0.573 64:0.886/0.570,low_reliability_or_unlikely,does not meet good candidate thresholds
global,global,global,conservative_morphology,a|iin|O,R10,380,297,15,0.545,8,3,6,8,"daiin, aiin, qokaiin, okaiin, saiin, otaiin, qotaiin, chaiin",0,0,0.062,0.482,16:0.000/0.446 24:0.000/0.466 32:0.000/0.440 48:0.000/0.449 64:0.311/0.610,low_reliability_or_unlikely,does not meet good candidate thresholds
global,global,global,conservative_morphology,a|in|O,R06,226,179,13,0.367,8,3,4,6,"qokain, dain, okain, otain, sain, qotain, ain, oain",0,0,0.347,0.438,16:0.394/0.431 24:0.327/0.459 32:0.305/0.433 48:0.381/0.423 64:0.327/0.445,low_reliability_or_unlikely,does not meet good candidate thresholds
global,global,global,conservative_morphology,a|l|O,R06,192,157,12,0.234,8,3,6,7,"qokal, dal, okal, al, qotal, chal, sal, otal",0,0,0.375,0.444,16:0.432/0.430 24:0.370/0.448 32:0.396/0.453 48:0.406/0.437 64:0.271/0.451,low_reliability_or_unlikely,does not meet good candidate thresholds
global,global,global,conservative_morphology,a|m|O,R06,63,61,12,0.651,8,3,4,6,"dam, am, otam, qokam, okam, oram, olam, sham",0,0,0.26,0.501,16:0.397/0.485 24:0.190/0.493 32:0.175/0.494 48:0.349/0.527 64:0.190/0.507,low_reliability_or_unlikely,does not meet good candidate thresholds
global,global,global,conservative_morphology,a|n|O,R06,16,15,8,0.375,5,3,4,4,"qokan, dan, chan, shan, an, oran, qotan, okan",0,1,0.338,0.462,16:0.500/0.441 24:0.188/0.484 32:0.375/0.452 48:0.375/0.470 64:0.250/0.461,low_reliability_or_unlikely,does not meet good candidate thresholds
global,global,global,conservative_morphology,a|r|O,R06,224,183,13,0.562,8,3,6,9,"ar, dar, qokar, okar, sar, otar, char, qotar",0,2,0.487,0.455,16:0.567/0.442 24:0.460/0.464 32:0.496/0.452 48:0.513/0.460 64:0.402/0.459,low_reliability_or_unlikely,does not meet good candidate thresholds
global,global,global,conservative_morphology,cho|NONE|BO,R00,20,19,6,0.7,4,3,4,3,"cho, dcho, qokcho, okcho, ycho, otcho",0,0,0.33,0.489,16:0.250/0.483 24:0.400/0.504 32:0.400/0.492 48:0.200/0.492 64:0.400/0.474,low_reliability_or_unlikely,does not meet good candidate thresholds
global,global,global,conservative_morphology,ch|dy|B,R00,42,37,8,0.5,7,3,6,7,"qokchdy, otchdy, okchdy, dchdy, olchdy, qotchdy, chchdy, ochdy",5,5,0.795,0.486,16:0.786/0.474 24:0.833/0.501 32:0.810/0.463 48:0.810/0.488 64:0.738/0.504,low_reliability_or_unlikely,does not meet good candidate thresholds
global,global,global,conservative_morphology,ch|edy|B,R00,37,35,9,0.568,5,1,4,2,"olchedy, qotchedy, otchedy, qokchedy, dchedy, ychedy, okchedy, ochedy",0,3,0.519,0.428,16:0.459/0.418 24:0.649/0.439 32:0.568/0.415 48:0.541/0.415 64:0.378/0.456,low_reliability_or_unlikely,does not meet good candidate thresholds
global,global,global,conservative_morphology,ch|ey|B,R00,43,42,11,0.488,7,3,5,3,"qokchey, olchey, okchey, otchey, dchey, qochey, orchey, ychey",0,2,0.447,0.447,16:0.395/0.438 24:0.442/0.471 32:0.512/0.442 48:0.372/0.426 64:0.512/0.458,low_reliability_or_unlikely,does not meet good candidate thresholds
global,global,global,conservative_morphology,ch|ol|B,R06,20,20,7,0.5,6,3,4,4,"ychol, otchol, dchol, okchol, qotchol, ochol, schol",1,5,0.55,0.491,16:0.550/0.493 24:0.500/0.500 32:0.550/0.475 48:0.550/0.480 64:0.600/0.509,low_reliability_or_unlikely,does not meet good candidate thresholds
global,global,global,conservative_morphology,ch|or|B,R06,21,21,6,0.476,4,3,4,4,"dchor, okchor, ychor, ochor, otchor, qokchor",3,5,0.6,0.512,16:0.619/0.528 24:0.571/0.525 32:0.571/0.522 48:0.619/0.501 64:0.619/0.483,low_reliability_or_unlikely,does not meet good candidate thresholds
global,global,global,conservative_morphology,ch|y|B,R00,63,60,10,0.54,7,3,5,6,"chy, qotchy, qokchy, okchy, otchy, olchy, dchy, shchy",0,5,0.625,0.437,16:0.619/0.428 24:0.714/0.443 32:0.698/0.440 48:0.556/0.433 64:0.540/0.441,low_reliability_or_unlikely,does not meet good candidate thresholds
global,global,global,conservative_morphology,ckh|ey|XGX,R00,20,20,5,0.65,6,2,3,1,"qockhey, chckhey, ckhey, ockhey, shckhey",4,5,0.9,0.465,16:1.000/0.456 24:1.000/0.507 32:0.850/0.463 48:0.750/0.430 64:0.900/0.470,low_reliability_or_unlikely,does not meet good candidate thresholds
global,global,global,conservative_morphology,ckh|y|XGX,R00,73,69,6,0.753,6,3,4,2,"chckhy, shckhy, ckhy, ockhy, qockhy, dckhy",5,5,0.953,0.49,16:0.959/0.467 24:0.986/0.512 32:0.973/0.504 48:0.959/0.483 64:0.890/0.486,low_reliability_or_unlikely,does not meet good candidate thresholds
global,global,global,conservative_morphology,cth|y|XGX,R04,40,39,7,0.775,5,3,5,3,"chcthy, cthy, shcthy, qocthy, dcthy, octhy, qcthy",0,0,0.0,0.387,16:0.000/0.344 24:0.000/0.338 32:0.000/0.469 48:0.000/0.362 64:0.000/0.423,low_reliability_or_unlikely,does not meet good candidate thresholds
global,global,global,conservative_morphology,d|aiin|D,R10,20,19,5,0.6,5,3,4,3,"odaiin, ydaiin, qodaiin, oldaiin, chdaiin",0,0,0.0,0.471,16:0.000/0.470 24:0.000/0.482 32:0.000/0.461 48:0.000/0.463 64:0.000/0.478,low_reliability_or_unlikely,does not meet good candidate thresholds
global,global,global,conservative_morphology,d|y|D,R02,92,86,10,0.62,8,3,6,6,"dy, chdy, shdy, ody, oldy, otdy, ddy, ydy",0,0,0.0,0.484,16:0.000/0.470 24:0.000/0.476 32:0.000/0.477 48:0.000/0.485 64:0.000/0.514,low_reliability_or_unlikely,does not meet good candidate thresholds
global,global,global,conservative_morphology,ek|y|EG,R06,22,22,2,1.0,6,3,6,4,"cheky, sheky",0,0,0.018,0.502,16:0.000/0.483 24:0.045/0.536 32:0.000/0.508 48:0.000/0.487 64:0.045/0.495,low_reliability_or_unlikely,does not meet good candidate thresholds
global,global,global,conservative_morphology,eo|NONE|EO,R00,16,15,4,0.438,3,2,3,3,"sheo, cheo, okeo, qokeo",2,3,0.487,0.475,16:0.250/0.476 24:0.562/0.483 32:0.688/0.471 48:0.250/0.465 64:0.688/0.481,low_reliability_or_unlikely,does not meet good candidate thresholds
global,global,global,conservative_morphology,eo|dy|EO,R00,50,44,6,0.58,7,3,6,5,"cheody, okeody, qokeody, sheody, oteody, qoteody",2,2,0.524,0.474,16:0.460/0.458 24:0.620/0.509 32:0.480/0.456 48:0.460/0.455 64:0.600/0.490,low_reliability_or_unlikely,does not meet good candidate thresholds
global,global,global,conservative_morphology,e|ar|E,R00,26,25,7,0.692,7,3,4,4,"chear, shear, qokear, okear, ear, oear, qear",0,2,0.392,0.452,16:0.154/0.441 24:0.577/0.477 32:0.577/0.437 48:0.346/0.445 64:0.308/0.456,low_reliability_or_unlikely,does not meet good candidate thresholds
global,global,global,conservative_morphology,e|dy|E,R06,367,232,8,0.262,6,2,5,5,"shedy, chedy, qokedy, okedy, otedy, qotedy, qoedy, dedy",0,0,0.421,0.411,16:0.515/0.392 24:0.398/0.445 32:0.422/0.386 48:0.452/0.399 64:0.316/0.435,low_reliability_or_unlikely,does not meet good candidate thresholds
global,global,global,conservative_morphology,e|edy|E,H01,203,153,9,0.542,7,3,6,3,"qokeedy, okeedy, qoteedy, sheedy, oteedy, cheedy, qoeedy, oeedy",0,0,0.06,0.382,16:0.000/0.368 24:0.000/0.420 32:0.212/0.352 48:0.000/0.372 64:0.089/0.395,low_reliability_or_unlikely,does not meet good candidate thresholds
global,global,global,conservative_morphology,e|eey|E,R00,16,16,8,0.625,6,3,4,2,"qokeeey, okeeey, qeeey, qoteeey, eeey, oteeey, oeeey, oreeey",0,5,0.562,0.426,16:0.562/0.416 24:0.562/0.435 32:0.625/0.408 48:0.562/0.426 64:0.500/0.445,low_reliability_or_unlikely,does not meet good candidate thresholds
global,global,global,conservative_morphology,e|ey|E,R06,195,159,10,0.477,8,3,6,7,"qokeey, okeey, sheey, cheey, oteey, qoeey, qoteey, deey",0,0,0.266,0.431,16:0.303/0.411 24:0.256/0.443 32:0.200/0.419 48:0.282/0.407 64:0.287/0.476,low_reliability_or_unlikely,does not meet good candidate thresholds
global,global,global,conservative_morphology,e|ol|E,R06,68,62,9,0.397,7,3,6,6,"cheol, sheol, qokeol, okeol, qoteol, oteol, qeol, deol",0,3,0.518,0.443,16:0.632/0.438 24:0.515/0.464 32:0.471/0.440 48:0.529/0.438 64:0.441/0.434,low_reliability_or_unlikely,does not meet good candidate thresholds
global,global,global,conservative_morphology,e|or|E,R00,28,28,5,0.679,6,3,4,3,"cheor, sheor, okeor, oteor, qokeor",0,1,0.429,0.482,16:0.357/0.465 24:0.571/0.505 32:0.464/0.470 48:0.286/0.476 64:0.464/0.494,low_reliability_or_unlikely,does not meet good candidate thresholds
global,global,global,conservative_morphology,e|y|E,R06,156,137,8,0.654,7,3,6,4,"chey, shey, qokey, okey, otey, qotey, ey, qey",1,4,0.577,0.483,16:0.647/0.430 24:0.596/0.469 32:0.429/0.434 48:0.577/0.442 64:0.635/0.642,low_reliability_or_unlikely,does not meet good candidate thresholds
global,global,global,conservative_morphology,kch|y|GB,R06,16,13,5,0.75,4,3,3,4,"kchy, ykchy, chkchy, olkchy, shkchy",0,0,0.0,0.504,16:0.000/0.487 24:0.000/0.543 32:0.000/0.486 48:0.000/0.502 64:0.000/0.500,low_reliability_or_unlikely,does not meet good candidate thresholds
global,global,global,conservative_morphology,k|aiin|G,R06,27,26,6,0.704,5,2,3,1,"ykaiin, kaiin, olkaiin, chkaiin, skaiin, shkaiin",0,0,0.022,0.455,16:0.000/0.448 24:0.000/0.484 32:0.037/0.448 48:0.000/0.448 64:0.074/0.444,low_reliability_or_unlikely,does not meet good candidate thresholds
global,global,global,conservative_morphology,k|ar|G,R06,24,23,4,0.75,6,3,5,2,"kar, ykar, olkar, dkar",0,0,0.008,0.485,16:0.000/0.463 24:0.000/0.519 32:0.000/0.473 48:0.042/0.472 64:0.000/0.498,low_reliability_or_unlikely,does not meet good candidate thresholds
global,global,global,conservative_morphology,k|edy|G,R00,22,20,4,0.727,5,1,4,3,"ykedy, olkedy, kedy, chkedy",2,5,0.8,0.445,16:0.727/0.442 24:0.955/0.470 32:0.773/0.432 48:0.818/0.428 64:0.727/0.451,low_reliability_or_unlikely,does not meet good candidate thresholds
global,global,global,conservative_morphology,k|eedy|G,R00,25,25,4,0.68,5,2,4,3,"olkeedy, keedy, ykeedy, chkeedy",4,5,0.872,0.471,16:0.720/0.443 24:0.920/0.486 32:0.920/0.468 48:1.000/0.475 64:0.800/0.480,low_reliability_or_unlikely,does not meet good candidate thresholds
global,global,global,conservative_morphology,k|eey|G,R00,21,21,5,0.524,5,3,4,2,"olkeey, ykeey, keey, chkeey, skeey",3,5,0.876,0.454,16:1.000/0.455 24:0.952/0.481 32:0.762/0.448 48:0.905/0.458 64:0.762/0.427,low_reliability_or_unlikely,does not meet good candidate thresholds
global,global,global,conservative_morphology,k|y|G,H01,91,85,7,0.473,8,3,5,8,"qoky, oky, chky, olky, yky, shky, orky",0,0,0.0,0.501,16:0.000/0.472 24:0.000/0.544 32:0.000/0.492 48:0.000/0.497 64:0.000/0.500,low_reliability_or_unlikely,does not meet good candidate thresholds
global,global,global,conservative_morphology,lch|edy|LB,R00,31,31,2,1.0,3,2,3,2,"lchedy, qolchedy",0,0,0.329,0.467,16:0.129/0.458 24:0.484/0.470 32:0.323/0.469 48:0.258/0.464 64:0.452/0.473,low_reliability_or_unlikely,does not meet good candidate thresholds
global,global,global,conservative_morphology,lk|eedy|LG,R00,17,17,2,0.706,4,1,2,2,"lkeedy, qolkeedy",1,4,0.847,0.436,16:0.882/0.435 24:0.941/0.471 32:0.824/0.445 48:0.882/0.444 64:0.706/0.384,low_reliability_or_unlikely,does not meet good candidate thresholds
global,global,global,conservative_morphology,l|y|L,R06,23,23,5,0.696,8,3,5,4,"oly, ly, otly, dly, qoly",0,1,0.391,0.515,16:0.522/0.487 24:0.304/0.504 32:0.304/0.520 48:0.348/0.540 64:0.478/0.522,low_reliability_or_unlikely,does not meet good candidate thresholds
global,global,global,conservative_morphology,od|aiin|OD,R00,17,16,6,0.588,2,2,2,2,"chodaiin, sodaiin, shodaiin, dodaiin, qotodaiin, yodaiin",0,1,0.282,0.491,16:0.235/0.498 24:0.529/0.502 32:0.294/0.482 48:0.118/0.501 64:0.235/0.470,low_reliability_or_unlikely,does not meet good candidate thresholds
global,global,global,conservative_morphology,ok|y|OG,R00,18,17,5,0.889,4,3,3,3,"choky, otoky, shoky, oloky, yoky",5,5,0.978,0.545,16:1.000/0.544 24:1.000/0.557 32:1.000/0.528 48:1.000/0.533 64:0.889/0.560,low_reliability_or_unlikely,does not meet good candidate thresholds
global,global,global,conservative_morphology,o|dy|O,R00,41,41,6,0.854,7,3,5,6,"chody, okody, shody, otody, qokody, qotody",2,3,0.571,0.521,16:0.488/0.521 24:0.707/0.521 32:0.561/0.511 48:0.610/0.521 64:0.488/0.528,low_reliability_or_unlikely,does not meet good candidate thresholds
global,global,global,conservative_morphology,o|l|O,R07,314,235,13,0.379,8,3,6,7,"chol, ol, okol, qol, shol, qokol, dol, sol",0,0,0.0,0.458,16:0.000/0.451 24:0.000/0.448 32:0.000/0.473 48:0.000/0.460 64:0.000/0.459,low_reliability_or_unlikely,does not meet good candidate thresholds
global,global,global,conservative_morphology,o|r|O,R06,172,150,13,0.471,7,3,6,6,"or, chor, otor, dor, shor, sor, okor, qor",4,5,0.666,0.484,16:0.762/0.473 24:0.535/0.482 32:0.692/0.488 48:0.703/0.499 64:0.640/0.477,low_reliability_or_unlikely,does not meet good candidate thresholds
global,global,global,conservative_morphology,pch|edy|GB,R00,19,18,4,0.526,4,1,3,2,"pchedy, opchedy, ypchedy, qopchedy",1,2,0.779,0.404,16:0.789/0.346 24:1.000/0.364 32:0.842/0.413 48:0.474/0.430 64:0.789/0.469,low_reliability_or_unlikely,does not meet good candidate thresholds
global,global,global,conservative_morphology,sh|edy|B,R06,24,22,7,0.5,5,1,3,2,"dshedy, olshedy, yshedy, sshedy, qotshedy, okshedy, qokshedy",4,5,0.667,0.535,16:0.750/0.518 24:0.667/0.536 32:0.583/0.537 48:0.708/0.534 64:0.625/0.550,low_reliability_or_unlikely,does not meet good candidate thresholds
global,global,global,conservative_morphology,sh|ey|B,R00,20,20,9,0.5,5,3,4,2,"dshey, otshey, yshey, olshey, sshey, okshey, oshey, qokshey",0,1,0.39,0.523,16:0.350/0.493 24:0.350/0.547 32:0.500/0.507 48:0.350/0.519 64:0.400/0.548,low_reliability_or_unlikely,does not meet good candidate thresholds
global,global,global,conservative_morphology,t|edy|G,R06,15,13,3,0.667,4,1,4,2,"tedy, ytedy, oltedy",0,0,0.027,0.386,16:0.000/0.398 24:0.000/0.396 32:0.000/0.363 48:0.067/0.355 64:0.067/0.417,low_reliability_or_unlikely,does not meet good candidate thresholds
global,global,global,conservative_morphology,t|y|G,H01,33,30,6,0.485,5,2,4,2,"qoty, oty, yty, shty, ty, chty",0,0,0.0,0.39,16:0.000/0.370 24:0.000/0.353 32:0.000/0.445 48:0.000/0.380 64:0.000/0.404,low_reliability_or_unlikely,does not meet good candidate thresholds
global,global,global,broad_shape,BO|NONE,R00,25,24,10,0.64,4,3,4,3,"cho, dcho, qokcho, dsho, okcho, otcho, osho, ycho",0,0,0.304,0.493,16:0.240/0.484 24:0.400/0.508 32:0.360/0.496 48:0.160/0.494 64:0.360/0.481,low_reliability_or_unlikely,does not meet good candidate thresholds
global,global,global,broad_shape,B|dy,R00,50,45,13,0.5,8,3,6,8,"qokchdy, otchdy, okchdy, dchdy, qokshdy, olshdy, dshdy, olchdy",5,5,0.744,0.487,16:0.740/0.474 24:0.760/0.503 32:0.760/0.467 48:0.760/0.485 64:0.700/0.508,low_reliability_or_unlikely,does not meet good candidate thresholds
global,global,global,broad_shape,B|edy,R00,61,57,16,0.508,5,1,4,3,"dshedy, olchedy, qotchedy, otchedy, qokchedy, olshedy, yshedy, dchedy",0,2,0.446,0.47,16:0.377/0.457 24:0.525/0.477 32:0.508/0.463 48:0.443/0.462 64:0.377/0.493,low_reliability_or_unlikely,does not meet good candidate thresholds
global,global,global,broad_shape,B|eey,R06,21,21,13,0.524,4,3,4,2,"ycheey, olcheey, dsheey, dcheey, okcheey, ocheey, otcheey, olsheey",5,5,0.8,0.529,16:0.905/0.541 24:0.667/0.543 32:0.857/0.535 48:0.857/0.508 64:0.714/0.517,low_reliability_or_unlikely,does not meet good candidate thresholds
global,global,global,broad_shape,B|ey,R00,63,61,20,0.492,8,3,5,4,"qokchey, olchey, okchey, dchey, otchey, ychey, olshey, orchey",0,1,0.429,0.471,16:0.381/0.455 24:0.413/0.495 32:0.508/0.463 48:0.365/0.455 64:0.476/0.487,low_reliability_or_unlikely,does not meet good candidate thresholds
global,global,global,broad_shape,B|ol,R06,22,22,9,0.455,6,3,4,4,"ychol, otchol, dchol, okchol, qotchol, ochol, qokshol, oshol",0,5,0.545,0.495,16:0.545/0.499 24:0.500/0.505 32:0.545/0.481 48:0.545/0.482 64:0.591/0.509,low_reliability_or_unlikely,does not meet good candidate thresholds
global,global,global,broad_shape,B|or,R06,28,28,10,0.5,6,3,4,4,"dchor, okchor, ychor, ochor, dshor, otchor, qokchor, okshor",3,5,0.593,0.524,16:0.607/0.536 24:0.571/0.535 32:0.571/0.528 48:0.607/0.518 64:0.607/0.504,low_reliability_or_unlikely,does not meet good candidate thresholds
global,global,global,broad_shape,B|y,R00,73,68,17,0.562,7,3,5,7,"chy, qotchy, qokchy, okchy, otchy, okshy, olchy, dchy",2,5,0.633,0.455,16:0.630/0.442 24:0.712/0.462 32:0.699/0.458 48:0.575/0.457 64:0.548/0.455,low_reliability_or_unlikely,does not meet good candidate thresholds
global,global,global,broad_shape,D|aiin,R10,20,19,5,0.6,5,3,4,3,"odaiin, ydaiin, qodaiin, oldaiin, chdaiin",0,0,0.0,0.471,16:0.000/0.470 24:0.000/0.482 32:0.000/0.461 48:0.000/0.463 64:0.000/0.478,low_reliability_or_unlikely,does not meet good candidate thresholds
global,global,global,broad_shape,D|y,R02,92,86,10,0.62,8,3,6,6,"dy, chdy, shdy, ody, oldy, otdy, ddy, ydy",0,0,0.0,0.484,16:0.000/0.470 24:0.000/0.476 32:0.000/0.477 48:0.000/0.485 64:0.000/0.514,low_reliability_or_unlikely,does not meet good candidate thresholds
global,global,global,broad_shape,ED|NONE,H08,24,23,10,0.333,6,3,6,5,"shed, qokeed, qoted, oteed, ched, qoked, sheed, eeed",0,0,0.208,0.406,16:0.167/0.394 24:0.083/0.418 32:0.333/0.388 48:0.167/0.398 64:0.292/0.434,low_reliability_or_unlikely,does not meet good candidate thresholds
global,global,global,broad_shape,EG|y,R06,40,39,12,0.75,7,3,6,5,"cheky, sheky, sheeky, sheety, chety, cheeky, sheefy, cheety",0,0,0.01,0.477,16:0.000/0.456 24:0.025/0.478 32:0.000/0.492 48:0.000/0.476 64:0.025/0.480,low_reliability_or_unlikely,does not meet good candidate thresholds
global,global,global,broad_shape,EOX|NONE,R00,19,18,11,0.684,5,3,4,4,"cheos, okeos, okeeos, oteos, qoteos, oeeos, ios, qokeeos",4,5,0.695,0.526,16:0.579/0.505 24:0.737/0.549 32:0.737/0.526 48:0.737/0.523 64:0.684/0.525,low_reliability_or_unlikely,does not meet good candidate thresholds
global,global,global,broad_shape,EO|NONE,R00,25,24,9,0.52,6,3,5,4,"sheo, cheo, cheeo, qokeo, okeo, qokeeo, okeeo, sheeo",2,3,0.52,0.466,16:0.360/0.468 24:0.560/0.471 32:0.680/0.465 48:0.320/0.449 64:0.680/0.476,low_reliability_or_unlikely,does not meet good candidate thresholds
global,global,global,broad_shape,EO|dy,R00,59,49,13,0.576,7,3,6,5,"cheody, okeody, qokeody, sheody, oteody, qokeeody, okeady, okeeeody",2,5,0.576,0.48,16:0.508/0.464 24:0.661/0.512 32:0.542/0.465 48:0.542/0.465 64:0.627/0.493,low_reliability_or_unlikely,does not meet good candidate thresholds
global,global,global,broad_shape,EX|NONE,R00,31,31,16,0.774,7,3,5,4,"ches, chees, oeees, okees, shes, oees, qokees, eees",1,3,0.49,0.463,16:0.355/0.467 24:0.613/0.480 32:0.516/0.448 48:0.452/0.468 64:0.516/0.454,low_reliability_or_unlikely,does not meet good candidate thresholds
global,global,global,broad_shape,E|al,R00,17,17,5,0.647,4,3,4,2,"cheal, sheal, okeal, cheeal, qokeeal",0,0,0.353,0.466,16:0.176/0.459 24:0.353/0.491 32:0.471/0.449 48:0.353/0.458 64:0.412/0.474,low_reliability_or_unlikely,does not meet good candidate thresholds
global,global,global,broad_shape,E|ar,R00,32,30,12,0.688,7,3,4,5,"chear, shear, okear, qokear, qokeear, cheear, ear, qeear",0,2,0.412,0.458,16:0.188/0.448 24:0.562/0.479 32:0.594/0.447 48:0.375/0.446 64:0.344/0.469,low_reliability_or_unlikely,does not meet good candidate thresholds
global,global,global,broad_shape,E|dy,R06,367,232,8,0.262,6,2,5,5,"shedy, chedy, qokedy, okedy, otedy, qotedy, qoedy, dedy",0,0,0.421,0.411,16:0.515/0.392 24:0.398/0.445 32:0.422/0.386 48:0.452/0.399 64:0.316/0.435,low_reliability_or_unlikely,does not meet good candidate thresholds
global,global,global,broad_shape,E|edy,H01,203,153,9,0.542,7,3,6,3,"qokeedy, okeedy, qoteedy, sheedy, oteedy, cheedy, qoeedy, oeedy",0,0,0.06,0.382,16:0.000/0.368 24:0.000/0.420 32:0.212/0.352 48:0.000/0.372 64:0.089/0.395,low_reliability_or_unlikely,does not meet good candidate thresholds
global,global,global,broad_shape,E|eey,R00,16,16,8,0.625,6,3,4,2,"qokeeey, okeeey, qeeey, qoteeey, eeey, oteeey, oeeey, oreeey",0,5,0.562,0.426,16:0.562/0.416 24:0.562/0.435 32:0.625/0.408 48:0.562/0.426 64:0.500/0.445,low_reliability_or_unlikely,does not meet good candidate thresholds
global,global,global,broad_shape,E|ey,R06,195,159,10,0.477,8,3,6,7,"qokeey, okeey, sheey, cheey, oteey, qoeey, qoteey, deey",0,0,0.266,0.431,16:0.303/0.411 24:0.256/0.443 32:0.200/0.419 48:0.282/0.407 64:0.287/0.476,low_reliability_or_unlikely,does not meet good candidate thresholds
global,global,global,broad_shape,E|ol,R00,78,70,14,0.41,7,3,6,6,"cheol, sheol, okeol, qokeol, qoteol, okeeol, sheeol, oteol",0,0,0.403,0.449,16:0.346/0.443 24:0.410/0.470 32:0.462/0.445 48:0.397/0.443 64:0.397/0.446,low_reliability_or_unlikely,does not meet good candidate thresholds
global,global,global,broad_shape,E|or,R00,38,37,11,0.632,7,3,4,4,"cheor, sheor, okeor, cheeor, oteeor, qoeeor, qokeeor, eeor",1,1,0.442,0.466,16:0.342/0.455 24:0.605/0.491 32:0.474/0.452 48:0.316/0.459 64:0.474/0.471,low_reliability_or_unlikely,does not meet good candidate thresholds
global,global,global,broad_shape,E|y,R06,156,137,8,0.654,7,3,6,4,"chey, shey, qokey, okey, otey, qotey, ey, qey",1,4,0.577,0.483,16:0.647/0.430 24:0.596/0.469 32:0.429/0.434 48:0.577/0.442 64:0.635/0.642,low_reliability_or_unlikely,does not meet good candidate thresholds
global,global,global,broad_shape,GB|dy,R00,17,16,10,0.706,7,3,5,4,"opchdy, ykchdy, qopchdy, tchdy, pshdy, ofchdy, pchdy, olkshdy",5,5,0.835,0.483,16:0.824/0.460 24:1.000/0.476 32:0.941/0.480 48:0.765/0.475 64:0.647/0.522,low_reliability_or_unlikely,does not meet good candidate thresholds
global,global,global,broad_shape,GB|edy,R00,42,40,19,0.476,5,1,4,2,"pchedy, opchedy, tchedy, qopshedy, kchedy, ykchedy, kshedy, fchedy",0,2,0.776,0.391,16:0.810/0.360 24:0.952/0.369 32:0.881/0.393 48:0.571/0.401 64:0.667/0.435,low_reliability_or_unlikely,does not meet good candidate thresholds
global,global,global,broad_shape,GB|ey,R06,30,28,13,0.6,7,3,5,3,"opchey, kchey, ytchey, tchey, ykchey, ypchey, tshey, olkshey",0,0,0.047,0.44,16:0.000/0.422 24:0.000/0.423 32:0.000/0.425 48:0.133/0.451 64:0.100/0.476,low_reliability_or_unlikely,does not meet good candidate thresholds
global,global,global,broad_shape,GB|ol,R06,19,19,9,0.737,5,2,3,3,"ykchol, ytchol, tshol, kchol, tchol, pshol, pchol, fchol",0,0,0.063,0.435,16:0.000/0.409 24:0.000/0.434 32:0.000/0.429 48:0.158/0.452 64:0.158/0.452,low_reliability_or_unlikely,does not meet good candidate thresholds
global,global,global,broad_shape,GB|or,R06,20,19,11,0.75,3,2,3,4,"tchor, kchor, opchor, ytchor, fchor, chtchor, tshor, fshor",0,0,0.09,0.442,16:0.000/0.399 24:0.050/0.427 32:0.050/0.440 48:0.150/0.468 64:0.200/0.476,low_reliability_or_unlikely,does not meet good candidate thresholds
global,global,global,broad_shape,GB|y,R06,39,31,18,0.718,6,3,4,6,"kchy, ykchy, tchy, ytchy, opchy, qopchy, chkchy, ykshy",0,0,0.026,0.46,16:0.000/0.431 24:0.000/0.470 32:0.000/0.462 48:0.077/0.464 64:0.051/0.474,low_reliability_or_unlikely,does not meet good candidate thresholds
global,global,global,broad_shape,GEO|dy,R00,25,24,9,0.68,7,3,5,5,"ykeeody, ykeody, keody, yteody, yteeody, teody, chkeeody, teeody",5,5,0.936,0.528,16:1.000/0.536 24:0.960/0.530 32:1.000/0.512 48:0.800/0.517 64:0.920/0.543,low_reliability_or_unlikely,does not meet good candidate thresholds
global,global,global,broad_shape,GE|ol,R06,19,19,8,0.895,7,3,5,4,"keol, teol, ykeol, ykeeol, olkeol, keeol, yteol, teeol",0,0,0.0,0.426,16:0.000/0.439 24:0.000/0.440 32:0.000/0.399 48:0.000/0.393 64:0.000/0.458,low_reliability_or_unlikely,does not meet good candidate thresholds
global,global,global,broad_shape,GOL|y,R06,16,16,13,0.688,7,3,5,6,"ykaly, kary, poly, poaly, ykoly, fary, chtaly, yfary",0,0,0.0,0.596,16:0.000/0.591 24:0.000/0.607 32:0.000/0.591 48:0.000/0.604 64:0.000/0.587,low_reliability_or_unlikely,does not meet good candidate thresholds
global,global,global,broad_shape,G|aiin,R06,44,43,12,0.727,6,3,4,2,"ykaiin, taiin, kaiin, olkaiin, ytaiin, opaiin, ypaiin, chkaiin",0,0,0.05,0.457,16:0.000/0.450 24:0.000/0.471 32:0.023/0.445 48:0.091/0.451 64:0.136/0.470,low_reliability_or_unlikely,does not meet good candidate thresholds
global,global,global,broad_shape,G|ain,R06,23,22,11,0.652,5,3,5,2,"kain, ytain, olkain, tain, qkain, ykain, chkain, chtain",0,0,0.052,0.445,16:0.000/0.422 24:0.000/0.447 32:0.000/0.454 48:0.087/0.453 64:0.174/0.451,low_reliability_or_unlikely,does not meet good candidate thresholds
global,global,global,broad_shape,G|al,R06,15,15,8,0.667,6,3,4,3,"kal, chkal, ytal, ykal, ypal, opal, tal, olkal",0,0,0.053,0.522,16:0.000/0.538 24:0.067/0.505 32:0.000/0.503 48:0.133/0.514 64:0.067/0.551,low_reliability_or_unlikely,does not meet good candidate thresholds
global,global,global,broad_shape,G|ar,R06,40,37,10,0.625,7,3,5,6,"kar, ykar, olkar, opar, ytar, tar, ofar, far",0,0,0.045,0.476,16:0.000/0.454 24:0.000/0.480 32:0.025/0.464 48:0.100/0.480 64:0.100/0.501,low_reliability_or_unlikely,does not meet good candidate thresholds
global,global,global,broad_shape,G|edy,R00,37,33,7,0.568,5,1,5,3,"tedy, ykedy, olkedy, kedy, ytedy, oltedy, chkedy",0,4,0.827,0.421,16:0.811/0.424 24:0.973/0.440 32:0.811/0.404 48:0.811/0.398 64:0.730/0.437,low_reliability_or_unlikely,does not meet good candidate thresholds
global,global,global,broad_shape,G|eedy,R00,35,34,7,0.714,5,2,4,4,"olkeedy, keedy, yteedy, ykeedy, teedy, chkeedy, olteedy",3,5,0.863,0.452,16:0.800/0.436 24:0.943/0.459 32:0.914/0.437 48:0.943/0.455 64:0.714/0.475,low_reliability_or_unlikely,does not meet good candidate thresholds
global,global,global,broad_shape,G|eey,R06,30,29,8,0.6,5,3,4,2,"olkeey, ykeey, yteey, keey, teey, chkeey, skeey, olteey",0,0,0.033,0.431,16:0.000/0.432 24:0.000/0.444 32:0.000/0.416 48:0.067/0.424 64:0.100/0.438,low_reliability_or_unlikely,does not meet good candidate thresholds
global,global,global,broad_shape,G|ol,R06,20,20,10,0.8,5,3,3,4,"kol, tol, ykol, chtol, chkol, shtol, olkol, pol",0,0,0.07,0.452,16:0.000/0.424 24:0.000/0.471 32:0.000/0.450 48:0.200/0.446 64:0.150/0.471,low_reliability_or_unlikely,does not meet good candidate thresholds
global,global,global,broad_shape,G|or,R06,17,17,7,0.824,4,3,3,4,"tor, ykor, ytor, kor, olkor, chkor, opor",0,0,0.106,0.482,16:0.000/0.460 24:0.000/0.498 32:0.000/0.469 48:0.294/0.458 64:0.235/0.524,low_reliability_or_unlikely,does not meet good candidate thresholds
global,global,global,broad_shape,G|y,H01,127,115,14,0.465,8,3,6,8,"qoky, oky, qoty, oty, chky, olky, yky, opy",0,0,0.0,0.476,16:0.000/0.451 24:0.000/0.496 32:0.000/0.483 48:0.000/0.472 64:0.000/0.478,low_reliability_or_unlikely,does not meet good candidate thresholds
global,global,global,broad_shape,LB|edy,R00,45,43,6,1.0,4,2,3,2,"lchedy, lshedy, qolchedy, rchedy, qorchedy, rshedy",0,0,0.307,0.47,16:0.133/0.463 24:0.467/0.475 32:0.311/0.466 48:0.222/0.467 64:0.400/0.478,low_reliability_or_unlikely,does not meet good candidate thresholds
global,global,global,broad_shape,LB|ey,R00,25,24,5,0.8,3,1,3,2,"lshey, lchey, qolchey, rchey, llchey",0,0,0.256,0.464,16:0.080/0.464 24:0.320/0.475 32:0.320/0.463 48:0.200/0.444 64:0.360/0.475,low_reliability_or_unlikely,does not meet good candidate thresholds
global,global,global,broad_shape,LG|eedy,R00,20,20,4,0.7,4,1,2,2,"lkeedy, qolkeedy, lteedy, qolteedy",0,4,0.86,0.413,16:0.900/0.415 24:0.950/0.447 32:0.800/0.414 48:0.900/0.409 64:0.750/0.381,low_reliability_or_unlikely,does not meet good candidate thresholds
global,global,global,broad_shape,L|NONE,R06,27,27,2,0.556,5,3,5,6,"l, r",1,2,0.415,0.497,16:0.667/0.496 24:0.296/0.502 32:0.333/0.487 48:0.556/0.481 64:0.222/0.518,low_reliability_or_unlikely,does not meet good candidate thresholds
global,global,global,broad_shape,L|aiin,R00,17,17,5,0.882,5,2,4,2,"raiin, dlaiin, rlaiin, laiin, qolaiin",0,0,0.247,0.454,16:0.059/0.455 24:0.412/0.473 32:0.294/0.460 48:0.118/0.436 64:0.353/0.448,low_reliability_or_unlikely,does not meet good candidate thresholds
global,global,global,broad_shape,L|y,R06,31,31,7,0.516,8,3,5,5,"oly, ory, ly, otly, dly, qoly, ry",0,0,0.342,0.513,16:0.452/0.492 24:0.290/0.496 32:0.258/0.516 48:0.323/0.534 64:0.387/0.525,low_reliability_or_unlikely,does not meet good candidate thresholds
global,global,global,broad_shape,OD|aiin,R00,17,16,6,0.588,2,2,2,2,"chodaiin, sodaiin, shodaiin, dodaiin, qotodaiin, yodaiin",0,1,0.282,0.491,16:0.235/0.498 24:0.529/0.502 32:0.294/0.482 48:0.118/0.501 64:0.235/0.470,low_reliability_or_unlikely,does not meet good candidate thresholds
global,global,global,broad_shape,OE|r,R06,39,37,7,0.462,7,3,5,6,"dair, air, sair, qokair, okair, otair, qotair",0,3,0.523,0.484,16:0.564/0.466 24:0.538/0.492 32:0.436/0.480 48:0.590/0.480 64:0.487/0.501,low_reliability_or_unlikely,does not meet good candidate thresholds
global,global,global,broad_shape,OG|y,R00,26,24,8,0.923,5,3,4,4,"choky, choty, otoky, aky, shoky, oloky, yoky, chopy",5,5,0.946,0.505,16:1.000/0.483 24:0.962/0.523 32:1.000/0.517 48:0.923/0.485 64:0.846/0.518,low_reliability_or_unlikely,does not meet good candidate thresholds
global,global,global,broad_shape,OLB|edy,R00,17,16,10,0.824,5,2,4,5,"solchedy, dalshedy, salchedy, darchedy, alchedy, okalchedy, dolchedy, otalshedy",0,0,0.329,0.544,16:0.294/0.531 24:0.353/0.552 32:0.353/0.540 48:0.353/0.545 64:0.294/0.551,low_reliability_or_unlikely,does not meet good candidate thresholds
global,global,global,broad_shape,OLOL|y,R00,16,16,14,0.562,6,3,3,4,"aloly, dalary, soraly, okolaly, dolary, qokarary, chololy, okorory",5,5,0.925,0.564,16:0.875/0.556 24:0.938/0.552 32:0.938/0.567 48:0.938/0.574 64:0.938/0.570,low_reliability_or_unlikely,does not meet good candidate thresholds
global,global,global,broad_shape,OLO|NONE,R00,15,15,13,0.667,6,3,4,4,"oaro, okolo, shara, doaro, alo, okala, orara, okalo",5,5,0.88,0.601,16:0.867/0.597 24:0.933/0.591 32:0.867/0.597 48:0.800/0.615 64:0.933/0.604,low_reliability_or_unlikely,does not meet good candidate thresholds
global,global,global,broad_shape,OLO|m,R00,23,23,14,0.696,6,3,4,3,"otalam, alam, otoram, okaram, dalam, arom, qotalom, alom",5,5,0.896,0.596,16:0.913/0.600 24:0.957/0.575 32:0.870/0.593 48:0.826/0.605 64:0.913/0.608,low_reliability_or_unlikely,does not meet good candidate thresholds
global,global,global,broad_shape,OL|al,R00,21,21,13,0.476,6,3,3,7,"aral, saral, otaral, dalal, cholal, salal, solal, okalal",5,5,0.686,0.551,16:0.667/0.554 24:0.714/0.547 32:0.762/0.546 48:0.619/0.563 64:0.667/0.545,low_reliability_or_unlikely,does not meet good candidate thresholds
global,global,global,broad_shape,OL|dy,R00,34,34,14,0.5,8,3,5,6,"okaldy, daldy, otaldy, qokaldy, okoldy, choldy, saldy, qokoldy",5,5,0.8,0.556,16:0.765/0.549 24:0.853/0.579 32:0.765/0.540 48:0.765/0.547 64:0.853/0.567,low_reliability_or_unlikely,does not meet good candidate thresholds
global,global,global,broad_shape,OL|y,R00,86,82,29,0.651,8,3,5,7,"dary, otaly, okary, okaly, daly, ary, qokaly, sary",5,5,0.858,0.589,16:0.849/0.587 24:0.884/0.580 32:0.884/0.588 48:0.826/0.602 64:0.849/0.587,low_reliability_or_unlikely,does not meet good candidate thresholds
global,global,global,broad_shape,OXGX|y,R00,23,23,9,0.957,6,3,4,6,"chocthy, chockhy, shocthy, chocfhy, shockhy, okockhy, olockhy, dackhy",4,5,0.948,0.465,16:0.957/0.445 24:1.000/0.464 32:0.957/0.498 48:0.913/0.457 64:0.913/0.461,low_reliability_or_unlikely,does not meet good candidate thresholds
global,global,global,broad_shape,O|dy,R00,43,43,8,0.837,7,3,5,6,"chody, okody, shody, otody, qokody, qotody, dady, qokady",2,5,0.586,0.52,16:0.512/0.520 24:0.721/0.521 32:0.581/0.510 48:0.605/0.520 64:0.512/0.528,low_reliability_or_unlikely,does not meet good candidate thresholds
global,global,global,broad_shape,O|iin,R10,391,305,20,0.529,8,3,6,8,"daiin, aiin, qokaiin, okaiin, saiin, otaiin, qotaiin, chaiin",0,0,0.061,0.484,16:0.000/0.448 24:0.000/0.467 32:0.000/0.442 48:0.000/0.452 64:0.307/0.611,low_reliability_or_unlikely,does not meet good candidate thresholds
global,global,global,broad_shape,O|in,R06,227,179,14,0.366,8,3,4,6,"qokain, dain, okain, otain, sain, qotain, ain, shain",0,0,0.345,0.438,16:0.392/0.431 24:0.326/0.459 32:0.304/0.434 48:0.379/0.423 64:0.326/0.444,low_reliability_or_unlikely,does not meet good candidate thresholds
global,global,global,broad_shape,O|l,R07,506,353,25,0.306,8,3,6,10,"chol, ol, qokal, dal, okal, al, qol, okol",0,0,0.0,0.453,16:0.000/0.443 24:0.000/0.448 32:0.000/0.465 48:0.000/0.452 64:0.000/0.456,low_reliability_or_unlikely,does not meet good candidate thresholds
global,global,global,broad_shape,O|m,R06,73,70,19,0.63,8,3,4,6,"dam, am, otam, qokam, okam, oram, om, olam",0,0,0.252,0.498,16:0.425/0.478 24:0.178/0.490 32:0.164/0.494 48:0.315/0.527 64:0.178/0.503,low_reliability_or_unlikely,does not meet good candidate thresholds
global,global,global,broad_shape,O|n,R00,17,15,9,0.353,5,3,4,4,"qokan, dan, chan, shan, an, on, oran, qotan",1,4,0.553,0.464,16:0.412/0.445 24:0.706/0.482 32:0.529/0.455 48:0.529/0.474 64:0.588/0.464,low_reliability_or_unlikely,does not meet good candidate thresholds
global,global,global,broad_shape,O|r,R06,396,299,26,0.523,8,3,6,9,"ar, dar, chor, or, qokar, okar, sar, otar",1,4,0.565,0.468,16:0.652/0.456 24:0.492/0.471 32:0.581/0.468 48:0.596/0.477 64:0.505/0.467,low_reliability_or_unlikely,does not meet good candidate thresholds
global,global,global,broad_shape,XGX|ey,R00,37,36,11,0.459,7,3,4,2,"cthey, qockhey, chckhey, ckhey, ockhey, cphey, qocthey, chcfhey",2,5,0.903,0.432,16:0.946/0.419 24:0.973/0.450 32:0.865/0.427 48:0.838/0.415 64:0.892/0.451,low_reliability_or_unlikely,does not meet good candidate thresholds
global,global,global,broad_shape,XGX|ol,R07,30,29,8,0.6,7,3,5,2,"cthol, cphol, ckhol, chckhol, cfhol, ockhol, qockhol, chcfhol",0,0,0.0,0.399,16:0.000/0.358 24:0.000/0.367 32:0.000/0.397 48:0.000/0.413 64:0.000/0.462,low_reliability_or_unlikely,does not meet good candidate thresholds
global,global,global,broad_shape,XGX|or,R04,18,18,4,0.722,2,2,2,2,"cthor, ckhor, chckhor, chcthor",0,0,0.0,0.406,16:0.000/0.374 24:0.000/0.384 32:0.000/0.390 48:0.000/0.446 64:0.000/0.437,low_reliability_or_unlikely,does not meet good candidate thresholds
global,global,global,broad_shape,XGX|y,R00,122,110,17,0.541,7,3,5,5,"chckhy, chcthy, cthy, shckhy, ckhy, ockhy, shcthy, cphy",3,5,0.962,0.457,16:0.975/0.424 24:0.992/0.455 32:0.967/0.495 48:0.967/0.446 64:0.910/0.464,low_reliability_or_unlikely,does not meet good candidate thresholds
global,global,global,broad_shape,XO|NONE,R06,24,23,2,0.917,4,3,3,2,"sho, chso",5,5,0.875,0.5,16:1.000/0.501 24:0.792/0.514 32:0.792/0.500 48:0.917/0.489 64:0.875/0.495,low_reliability_or_unlikely,does not meet good candidate thresholds
global,global,global,broad_shape,X|NONE,R06,46,46,5,0.87,7,3,5,6,"s, x, g, c, shs",1,2,0.413,0.489,16:0.696/0.470 24:0.217/0.494 32:0.370/0.494 48:0.500/0.491 64:0.283/0.499,low_reliability_or_unlikely,does not meet good candidate thresholds
global,global,global,broad_shape,X|y,R06,30,29,4,0.933,7,3,4,6,"shy, sy, olsy, osy",2,4,0.613,0.479,16:0.867/0.451 24:0.567/0.482 32:0.500/0.474 48:0.667/0.479 64:0.467/0.509,low_reliability_or_unlikely,does not meet good candidate thresholds
global,global,global,stolfi_inspired_signature,G_k|S_BDY|T_dy,H09,26,23,3,0.615,6,2,4,5,"qokchdy, okchdy, qokshdy",0,0,0.0,0.476,16:0.000/0.468 24:0.000/0.512 32:0.000/0.456 48:0.000/0.474 64:0.000/0.469,low_reliability_or_unlikely,does not meet good candidate thresholds
global,global,global,stolfi_inspired_signature,G_k|S_BEY|T_ey,H08,17,17,4,0.588,5,2,4,2,"qokchey, okchey, okshey, qokshey",0,0,0.224,0.431,16:0.176/0.386 24:0.294/0.494 32:0.176/0.426 48:0.353/0.413 64:0.118/0.438,low_reliability_or_unlikely,does not meet good candidate thresholds
global,global,global,stolfi_inspired_signature,G_k|S_BY|T_y,R00,24,24,5,0.542,7,3,5,5,"qokchy, okchy, okshy, qokshy, okchshy",5,5,0.925,0.482,16:1.000/0.466 24:0.958/0.508 32:0.958/0.486 48:0.958/0.471 64:0.750/0.480,low_reliability_or_unlikely,does not meet good candidate thresholds
global,global,global,stolfi_inspired_signature,G_k|S_EDY|T_dy,H12,123,93,2,0.724,6,2,5,4,"qokedy, okedy",0,0,0.0,0.37,16:0.000/0.339 24:0.000/0.445 32:0.000/0.334 48:0.000/0.360 64:0.000/0.375,low_reliability_or_unlikely,does not meet good candidate thresholds
global,global,global,stolfi_inspired_signature,G_k|S_EDY|T_edy,H01,118,95,2,0.72,6,2,5,3,"qokeedy, okeedy",0,0,0.073,0.372,16:0.000/0.355 24:0.000/0.429 32:0.356/0.338 48:0.000/0.370 64:0.008/0.367,low_reliability_or_unlikely,does not meet good candidate thresholds
global,global,global,stolfi_inspired_signature,G_k|S_EGY|T_y,R06,28,28,4,0.929,6,3,6,4,"cheky, sheky, sheeky, cheeky",0,0,0.014,0.494,16:0.000/0.476 24:0.036/0.521 32:0.000/0.507 48:0.000/0.487 64:0.036/0.478,low_reliability_or_unlikely,does not meet good candidate thresholds
global,global,global,stolfi_inspired_signature,G_k|S_EODY|T_dy,R00,26,21,6,0.577,7,3,4,4,"okeody, qokeody, qokeeody, okeady, okeeeody, okeeody",5,5,0.762,0.541,16:0.808/0.506 24:0.692/0.591 32:0.731/0.519 48:0.731/0.539 64:0.846/0.551,low_reliability_or_unlikely,does not meet good candidate thresholds
global,global,global,stolfi_inspired_signature,G_k|S_EOL|T_ol,H08,21,20,3,0.429,6,3,4,4,"qokeol, okeol, okeeol",0,0,0.21,0.456,16:0.095/0.451 24:0.238/0.503 32:0.095/0.443 48:0.238/0.435 64:0.381/0.448,low_reliability_or_unlikely,does not meet good candidate thresholds
global,global,global,stolfi_inspired_signature,G_k|S_EY|T_ey,H08,114,97,2,0.675,8,3,6,6,"qokeey, okeey",0,0,0.302,0.417,16:0.237/0.406 24:0.289/0.443 32:0.316/0.424 48:0.272/0.394 64:0.395/0.415,low_reliability_or_unlikely,does not meet good candidate thresholds
global,global,global,stolfi_inspired_signature,G_k|S_EY|T_y,H08,37,35,2,0.676,7,3,5,3,"qokey, okey",0,0,0.216,0.449,16:0.081/0.439 24:0.324/0.476 32:0.189/0.453 48:0.189/0.437 64:0.297/0.441,low_reliability_or_unlikely,does not meet good candidate thresholds
global,global,global,stolfi_inspired_signature,G_k|S_GBY|T_y,R06,20,17,8,0.8,4,3,3,4,"kchy, ykchy, ykshy, chkchy, olkchy, shkchy, shkshy, kshy",0,0,0.0,0.493,16:0.000/0.476 24:0.000/0.521 32:0.000/0.474 48:0.000/0.488 64:0.000/0.505,low_reliability_or_unlikely,does not meet good candidate thresholds
global,global,global,stolfi_inspired_signature,G_k|S_GEDY|T_edy,R00,22,20,4,0.727,5,1,4,3,"ykedy, olkedy, kedy, chkedy",2,5,0.8,0.445,16:0.727/0.442 24:0.955/0.470 32:0.773/0.432 48:0.818/0.428 64:0.727/0.451,low_reliability_or_unlikely,does not meet good candidate thresholds
global,global,global,stolfi_inspired_signature,G_k|S_GEDY|T_eedy,R00,25,25,4,0.68,5,2,4,3,"olkeedy, keedy, ykeedy, chkeedy",4,5,0.872,0.471,16:0.720/0.443 24:0.920/0.486 32:0.920/0.468 48:1.000/0.475 64:0.800/0.480,low_reliability_or_unlikely,does not meet good candidate thresholds
global,global,global,stolfi_inspired_signature,G_k|S_GEODY|T_dy,R00,17,16,5,0.706,7,3,5,3,"ykeeody, ykeody, keody, chkeeody, keeody",5,5,0.953,0.533,16:1.000/0.540 24:0.941/0.554 32:1.000/0.515 48:0.824/0.506 64:1.000/0.550,low_reliability_or_unlikely,does not meet good candidate thresholds
global,global,global,stolfi_inspired_signature,G_k|S_GEY|T_eey,R00,32,32,10,0.562,5,3,4,3,"olkeey, ykeey, olkeeey, keey, chkeey, keeey, ykeeey, qkeeey",4,5,0.912,0.458,16:1.000/0.454 24:0.969/0.477 32:0.812/0.454 48:0.938/0.468 64:0.844/0.438,low_reliability_or_unlikely,does not meet good candidate thresholds
global,global,global,stolfi_inspired_signature,G_k|S_GOIL|T_aiin,R06,27,26,6,0.704,5,2,3,1,"ykaiin, kaiin, olkaiin, chkaiin, skaiin, shkaiin",0,0,0.022,0.455,16:0.000/0.448 24:0.000/0.484 32:0.037/0.448 48:0.000/0.448 64:0.074/0.444,low_reliability_or_unlikely,does not meet good candidate thresholds
global,global,global,stolfi_inspired_signature,G_k|S_GOL|T_ar,R06,24,23,4,0.75,6,3,5,2,"kar, ykar, olkar, dkar",0,0,0.008,0.485,16:0.000/0.463 24:0.000/0.519 32:0.000/0.473 48:0.042/0.472 64:0.000/0.498,low_reliability_or_unlikely,does not meet good candidate thresholds
global,global,global,stolfi_inspired_signature,G_k|S_GY|T_y,H01,91,85,7,0.473,8,3,5,8,"qoky, oky, chky, olky, yky, shky, orky",0,0,0.0,0.501,16:0.000/0.472 24:0.000/0.544 32:0.000/0.492 48:0.000/0.497 64:0.000/0.500,low_reliability_or_unlikely,does not meet good candidate thresholds
global,global,global,stolfi_inspired_signature,G_k|S_LGEDY|T_eedy,R00,17,17,2,0.706,4,1,2,2,"lkeedy, qolkeedy",1,4,0.847,0.436,16:0.882/0.435 24:0.941/0.471 32:0.824/0.445 48:0.882/0.444 64:0.706/0.384,low_reliability_or_unlikely,does not meet good candidate thresholds
global,global,global,stolfi_inspired_signature,G_k|S_OEL|T_in,H08,94,85,3,0.617,6,3,4,3,"qokain, okain, qokoin",0,0,0.304,0.416,16:0.181/0.403 24:0.330/0.462 32:0.223/0.419 48:0.330/0.394 64:0.457/0.401,low_reliability_or_unlikely,does not meet good candidate thresholds
global,global,global,stolfi_inspired_signature,G_k|S_OGY|T_y,R00,16,15,5,0.875,4,2,3,2,"choky, aky, shoky, oloky, yoky",5,5,0.963,0.491,16:1.000/0.483 24:1.000/0.513 32:1.000/0.472 48:0.938/0.471 64:0.875/0.514,low_reliability_or_unlikely,does not meet good candidate thresholds
global,global,global,stolfi_inspired_signature,G_k|S_OIL|T_iin,H08,86,76,2,0.512,7,3,4,5,"qokaiin, okaiin",0,0,0.272,0.41,16:0.256/0.405 24:0.186/0.445 32:0.221/0.412 48:0.221/0.386 64:0.477/0.401,low_reliability_or_unlikely,does not meet good candidate thresholds
global,global,global,stolfi_inspired_signature,G_k|S_OLDY|T_dy,R00,17,17,6,0.588,7,3,5,4,"okaldy, qokaldy, okoldy, qokoldy, okardy, qokardy",5,5,0.835,0.531,16:0.941/0.539 24:0.824/0.575 32:0.824/0.503 48:0.706/0.498 64:0.882/0.542,low_reliability_or_unlikely,does not meet good candidate thresholds
global,global,global,stolfi_inspired_signature,G_k|S_OLY|T_y,R00,22,22,6,0.864,8,3,5,4,"okary, okaly, qokaly, okoaly, okoly, okory",5,5,0.936,0.663,16:0.955/0.659 24:0.909/0.682 32:0.955/0.650 48:0.955/0.661 64:0.909/0.662,low_reliability_or_unlikely,does not meet good candidate thresholds
global,global,global,stolfi_inspired_signature,G_k|S_OL|T_l,R07,116,100,4,0.509,8,3,5,8,"qokal, okal, okol, qokol",0,0,0.0,0.453,16:0.000/0.426 24:0.000/0.489 32:0.000/0.462 48:0.000/0.436 64:0.000/0.453,low_reliability_or_unlikely,does not meet good candidate thresholds
global,global,global,stolfi_inspired_signature,G_k|S_OL|T_r,R03,68,59,4,0.824,7,3,5,8,"qokar, okar, okor, qokor",0,0,0.0,0.447,16:0.000/0.433 24:0.000/0.475 32:0.000/0.447 48:0.000/0.430 64:0.000/0.450,low_reliability_or_unlikely,does not meet good candidate thresholds
global,global,global,stolfi_inspired_signature,G_k|S_XGXEY|T_ey,R00,20,20,5,0.65,6,2,3,1,"qockhey, chckhey, ckhey, ockhey, shckhey",4,5,0.9,0.465,16:1.000/0.456 24:1.000/0.507 32:0.850/0.463 48:0.750/0.430 64:0.900/0.470,low_reliability_or_unlikely,does not meet good candidate thresholds
global,global,global,stolfi_inspired_signature,G_k|S_XGXY|T_y,R00,74,70,7,0.757,6,3,4,2,"chckhy, shckhy, ckhy, ockhy, qockhy, dckhy, qckhsy",5,5,0.954,0.49,16:0.959/0.465 24:0.986/0.512 32:0.973/0.503 48:0.959/0.482 64:0.892/0.485,low_reliability_or_unlikely,does not meet good candidate thresholds
global,global,global,stolfi_inspired_signature,G_p|S_GBEDY|T_edy,R00,21,20,5,0.476,4,1,3,2,"pchedy, opchedy, qopshedy, ypchedy, qopchedy",1,2,0.771,0.395,16:0.810/0.351 24:1.000/0.355 32:0.810/0.400 48:0.476/0.416 64:0.762/0.456,low_reliability_or_unlikely,does not meet good candidate thresholds
global,global,global,stolfi_inspired_signature,G_t|S_BY|T_y,H13,16,16,3,0.688,5,2,4,2,"qotchy, otchy, otshy",0,0,0.0,0.354,16:0.000/0.331 24:0.000/0.341 32:0.000/0.350 48:0.000/0.365 64:0.000/0.385,low_reliability_or_unlikely,does not meet good candidate thresholds
global,global,global,stolfi_inspired_signature,G_t|S_EDY|T_dy,R01,52,46,2,0.577,4,1,2,3,"otedy, qotedy",0,0,0.0,0.318,16:0.000/0.329 24:0.000/0.325 32:0.000/0.296 48:0.000/0.281 64:0.000/0.363,low_reliability_or_unlikely,does not meet good candidate thresholds
global,global,global,stolfi_inspired_signature,G_t|S_EDY|T_edy,H01,40,37,2,0.625,5,1,3,1,"qoteedy, oteedy",0,0,0.09,0.309,16:0.000/0.307 24:0.000/0.319 32:0.025/0.267 48:0.000/0.268 64:0.425/0.384,low_reliability_or_unlikely,does not meet good candidate thresholds
global,global,global,stolfi_inspired_signature,G_t|S_EY|T_ey,R01,18,16,2,0.722,4,2,3,2,"oteey, qoteey",0,0,0.0,0.312,16:0.000/0.324 24:0.000/0.312 32:0.000/0.283 48:0.000/0.268 64:0.000/0.373,low_reliability_or_unlikely,does not meet good candidate thresholds
global,global,global,stolfi_inspired_signature,G_t|S_EY|T_y,R01,15,15,2,0.667,3,2,3,1,"otey, qotey",0,0,0.0,0.298,16:0.000/0.302 24:0.000/0.305 32:0.000/0.265 48:0.000/0.264 64:0.000/0.353,low_reliability_or_unlikely,does not meet good candidate thresholds
global,global,global,stolfi_inspired_signature,G_t|S_GEDY|T_edy,R06,15,13,3,0.667,4,1,4,2,"tedy, ytedy, oltedy",0,0,0.027,0.386,16:0.000/0.398 24:0.000/0.396 32:0.000/0.363 48:0.067/0.355 64:0.067/0.417,low_reliability_or_unlikely,does not meet good candidate thresholds
global,global,global,stolfi_inspired_signature,G_t|S_GY|T_y,H01,33,30,6,0.485,5,2,4,2,"qoty, oty, yty, shty, ty, chty",0,0,0.0,0.39,16:0.000/0.370 24:0.000/0.353 32:0.000/0.445 48:0.000/0.380 64:0.000/0.404,low_reliability_or_unlikely,does not meet good candidate thresholds
global,global,global,stolfi_inspired_signature,G_t|S_OEL|T_in,R00,40,37,2,0.625,5,3,3,2,"otain, qotain",0,0,0.94,0.33,16:1.000/0.325 24:1.000/0.326 32:1.000/0.308 48:0.975/0.311 64:0.725/0.382,low_reliability_or_unlikely,does not meet good candidate thresholds
global,global,global,stolfi_inspired_signature,G_t|S_OIL|T_iin,R10,36,35,3,0.639,5,3,5,3,"otaiin, qotaiin, qotoiin",0,0,0.0,0.373,16:0.000/0.368 24:0.000/0.364 32:0.000/0.353 48:0.000/0.381 64:0.000/0.400,low_reliability_or_unlikely,does not meet good candidate thresholds
global,global,global,stolfi_inspired_signature,G_t|S_OL|T_l,H13,36,32,4,0.528,5,2,4,2,"qotal, otal, otol, qotol",0,0,0.022,0.323,16:0.000/0.348 24:0.000/0.306 32:0.000/0.279 48:0.000/0.305 64:0.111/0.375,low_reliability_or_unlikely,does not meet good candidate thresholds
global,global,global,stolfi_inspired_signature,G_t|S_OL|T_r,R01,38,32,4,0.342,7,3,5,3,"otar, otor, qotar, qotor",0,0,0.0,0.362,16:0.000/0.363 24:0.000/0.351 32:0.000/0.344 48:0.000/0.326 64:0.000/0.426,low_reliability_or_unlikely,does not meet good candidate thresholds
global,global,global,stolfi_inspired_signature,G_t|S_XGXY|T_y,R04,40,39,7,0.775,5,3,5,3,"chcthy, cthy, shcthy, qocthy, dcthy, octhy, qcthy",0,0,0.0,0.387,16:0.000/0.344 24:0.000/0.338 32:0.000/0.469 48:0.000/0.362 64:0.000/0.423,low_reliability_or_unlikely,does not meet good candidate thresholds
global,global,global,stolfi_inspired_signature,NG|S_BEDY|T_edy,R00,39,38,9,0.564,5,1,3,2,"dshedy, olchedy, olshedy, yshedy, dchedy, ychedy, ochedy, sshedy",0,0,0.21,0.535,16:0.103/0.525 24:0.256/0.540 32:0.282/0.535 48:0.179/0.532 64:0.231/0.544,low_reliability_or_unlikely,does not meet good candidate thresholds
global,global,global,stolfi_inspired_signature,NG|S_BEY|T_eey,R06,19,19,11,0.579,4,3,4,2,"ycheey, olcheey, dsheey, dcheey, ocheey, olsheey, orcheey, orsheey",5,5,0.884,0.537,16:1.000/0.549 24:0.737/0.556 32:0.947/0.545 48:0.947/0.504 64:0.789/0.530,low_reliability_or_unlikely,does not meet good candidate thresholds
global,global,global,stolfi_inspired_signature,NG|S_BEY|T_ey,R06,37,36,12,0.459,7,3,4,3,"olchey, dchey, qochey, yshey, ychey, orchey, dshey, olshey",5,5,0.838,0.506,16:0.973/0.505 24:0.865/0.519 32:0.730/0.503 48:0.865/0.490 64:0.757/0.516,low_reliability_or_unlikely,does not meet good candidate thresholds
global,global,global,stolfi_inspired_signature,NG|S_BOL|T_or,R06,17,17,5,0.824,6,3,4,3,"dchor, ychor, ochor, dshor, yshor",5,5,0.953,0.554,16:1.000/0.570 24:0.941/0.570 32:0.941/0.568 48:0.941/0.538 64:0.941/0.525,low_reliability_or_unlikely,does not meet good candidate thresholds
global,global,global,stolfi_inspired_signature,NG|S_BO|T_NONE,R00,20,20,6,0.65,4,3,4,3,"cho, dcho, dsho, ycho, osho, ssho",0,0,0.18,0.501,16:0.050/0.495 24:0.300/0.511 32:0.200/0.509 48:0.050/0.501 64:0.300/0.491,low_reliability_or_unlikely,does not meet good candidate thresholds
global,global,global,stolfi_inspired_signature,NG|S_BY|T_y,R00,33,32,9,0.818,7,3,4,5,"chy, olchy, dchy, dshy, shchy, orshy, ochy, qochy",0,0,0.297,0.484,16:0.182/0.479 24:0.394/0.487 32:0.364/0.489 48:0.212/0.492 64:0.333/0.472,low_reliability_or_unlikely,does not meet good candidate thresholds
global,global,global,stolfi_inspired_signature,NG|S_DOIL|T_aiin,R10,20,19,5,0.6,5,3,4,3,"odaiin, ydaiin, qodaiin, oldaiin, chdaiin",0,0,0.0,0.471,16:0.000/0.470 24:0.000/0.482 32:0.000/0.461 48:0.000/0.463 64:0.000/0.478,low_reliability_or_unlikely,does not meet good candidate thresholds
global,global,global,stolfi_inspired_signature,NG|S_DY|T_y,R02,88,82,8,0.648,8,3,6,6,"dy, chdy, shdy, ody, oldy, ddy, ydy, qody",0,0,0.0,0.478,16:0.000/0.464 24:0.000/0.470 32:0.000/0.470 48:0.000/0.478 64:0.000/0.509,low_reliability_or_unlikely,does not meet good candidate thresholds
global,global,global,stolfi_inspired_signature,NG|S_EDY|T_dy,R06,192,152,4,0.5,5,1,4,3,"shedy, chedy, qoedy, dedy",3,5,0.804,0.463,16:0.984/0.443 24:0.760/0.477 32:0.807/0.443 48:0.865/0.456 64:0.604/0.494,low_reliability_or_unlikely,does not meet good candidate thresholds
global,global,global,stolfi_inspired_signature,NG|S_EDY|T_edy,R06,45,43,5,0.756,7,3,5,2,"sheedy, cheedy, qoeedy, oeedy, oleedy",5,5,0.822,0.471,16:0.933/0.457 24:0.711/0.485 32:0.822/0.462 48:0.844/0.471 64:0.800/0.480,low_reliability_or_unlikely,does not meet good candidate thresholds
global,global,global,stolfi_inspired_signature,NG|S_EODY|T_dy,R00,27,26,4,0.704,7,3,6,5,"cheody, sheody, oeeody, eeeody",0,1,0.304,0.454,16:0.111/0.453 24:0.556/0.481 32:0.259/0.449 48:0.259/0.430 64:0.333/0.460,low_reliability_or_unlikely,does not meet good candidate thresholds
global,global,global,stolfi_inspired_signature,NG|S_EOL|T_ar,R00,23,22,8,0.783,7,3,4,3,"chear, shear, cheear, ear, qeear, oeear, oear, qear",0,0,0.261,0.453,16:0.000/0.437 24:0.391/0.479 32:0.478/0.434 48:0.174/0.443 64:0.261/0.472,low_reliability_or_unlikely,does not meet good candidate thresholds
global,global,global,stolfi_inspired_signature,NG|S_EOL|T_ol,R00,51,49,8,0.569,7,3,6,5,"cheol, sheol, sheeol, cheeol, deeol, qeol, deol, eol",0,0,0.184,0.464,16:0.039/0.456 24:0.196/0.474 32:0.255/0.463 48:0.176/0.469 64:0.255/0.456,low_reliability_or_unlikely,does not meet good candidate thresholds
global,global,global,stolfi_inspired_signature,NG|S_EOL|T_or,R00,27,26,6,0.667,5,2,3,2,"cheor, sheor, cheeor, qoeeor, eeor, sheeor",0,0,0.259,0.472,16:0.074/0.457 24:0.444/0.495 32:0.333/0.456 48:0.148/0.482 64:0.296/0.471,low_reliability_or_unlikely,does not meet good candidate thresholds
global,global,global,stolfi_inspired_signature,NG|S_EO|T_NONE,R00,16,16,4,0.5,3,2,3,2,"sheo, cheo, cheeo, sheeo",1,2,0.312,0.462,16:0.000/0.459 24:0.375/0.485 32:0.562/0.457 48:0.000/0.446 64:0.625/0.466,low_reliability_or_unlikely,does not meet good candidate thresholds
global,global,global,stolfi_inspired_signature,NG|S_EX|T_NONE,R00,23,23,11,0.87,7,3,4,4,"ches, chees, oeees, oees, eees, shes, sheees, oleeeb",0,0,0.33,0.471,16:0.130/0.471 24:0.478/0.486 32:0.348/0.461 48:0.304/0.464 64:0.391/0.471,low_reliability_or_unlikely,does not meet good candidate thresholds
global,global,global,stolfi_inspired_signature,NG|S_EY|T_ey,R06,63,58,6,0.889,8,3,5,6,"sheey, cheey, qoeey, deey, oleey, oeey",3,5,0.81,0.492,16:0.937/0.445 24:0.794/0.481 32:0.619/0.448 48:0.841/0.471 64:0.857/0.616,low_reliability_or_unlikely,does not meet good candidate thresholds
global,global,global,stolfi_inspired_signature,NG|S_EY|T_y,R06,104,96,4,0.981,6,3,6,4,"chey, shey, ey, qey",4,5,0.865,0.522,16:0.971/0.445 24:0.894/0.490 32:0.644/0.451 48:0.865/0.470 64:0.952/0.755,low_reliability_or_unlikely,does not meet good candidate thresholds
global,global,global,stolfi_inspired_signature,NG|S_LBEDY|T_edy,R00,45,43,6,1.0,4,2,3,2,"lchedy, lshedy, qolchedy, rchedy, qorchedy, rshedy",0,0,0.307,0.47,16:0.133/0.463 24:0.467/0.475 32:0.311/0.466 48:0.222/0.467 64:0.400/0.478,low_reliability_or_unlikely,does not meet good candidate thresholds
global,global,global,stolfi_inspired_signature,NG|S_LBEY|T_ey,R00,25,24,5,0.8,3,1,3,2,"lshey, lchey, qolchey, rchey, llchey",0,0,0.256,0.464,16:0.080/0.464 24:0.320/0.475 32:0.320/0.463 48:0.200/0.444 64:0.360/0.475,low_reliability_or_unlikely,does not meet good candidate thresholds
global,global,global,stolfi_inspired_signature,NG|S_LOIL|T_aiin,R00,17,17,5,0.882,5,2,4,2,"raiin, dlaiin, rlaiin, laiin, qolaiin",0,0,0.247,0.454,16:0.059/0.455 24:0.412/0.473 32:0.294/0.460 48:0.118/0.436 64:0.353/0.448,low_reliability_or_unlikely,does not meet good candidate thresholds
global,global,global,stolfi_inspired_signature,NG|S_LY|T_y,R06,29,29,6,0.552,8,3,5,5,"oly, ory, ly, dly, qoly, ry",0,0,0.366,0.493,16:0.483/0.472 24:0.310/0.475 32:0.276/0.496 48:0.345/0.515 64:0.414/0.506,low_reliability_or_unlikely,does not meet good candidate thresholds
global,global,global,stolfi_inspired_signature,NG|S_L|T_NONE,R06,27,27,2,0.556,5,3,5,6,"l, r",1,2,0.415,0.497,16:0.667/0.496 24:0.296/0.502 32:0.333/0.487 48:0.556/0.481 64:0.222/0.518,low_reliability_or_unlikely,does not meet good candidate thresholds
global,global,global,stolfi_inspired_signature,NG|S_ODOIL|T_aiin,R00,16,15,5,0.625,2,2,2,2,"chodaiin, sodaiin, shodaiin, dodaiin, yodaiin",0,1,0.263,0.494,16:0.188/0.503 24:0.500/0.508 32:0.250/0.486 48:0.125/0.504 64:0.250/0.469,low_reliability_or_unlikely,does not meet good candidate thresholds
global,global,global,stolfi_inspired_signature,NG|S_ODY|T_dy,R00,25,25,3,0.72,5,2,4,3,"chody, shody, dady",0,1,0.312,0.467,16:0.200/0.465 24:0.520/0.473 32:0.280/0.465 48:0.320/0.468 64:0.240/0.463,low_reliability_or_unlikely,does not meet good candidate thresholds
global,global,global,stolfi_inspired_signature,NG|S_OEL|T_in,R06,93,82,9,0.892,7,3,4,4,"dain, sain, ain, olain, oain, shain, chain, qoain",5,5,0.837,0.507,16:0.957/0.505 24:0.796/0.514 32:0.742/0.503 48:0.914/0.499 64:0.774/0.515,low_reliability_or_unlikely,does not meet good candidate thresholds
global,global,global,stolfi_inspired_signature,NG|S_OEL|T_r,R06,25,24,3,0.72,5,3,5,6,"dair, sair, air",5,5,0.8,0.528,16:0.880/0.517 24:0.840/0.523 32:0.680/0.517 48:0.880/0.544 64:0.720/0.541,low_reliability_or_unlikely,does not meet good candidate thresholds
global,global,global,stolfi_inspired_signature,NG|S_OIL|T_iin,R10,269,227,15,0.528,8,3,6,7,"daiin, aiin, saiin, chaiin, olaiin, oraiin, qoaiin, oaiin",0,0,0.089,0.523,16:0.000/0.473 24:0.000/0.488 32:0.000/0.464 48:0.000/0.483 64:0.446/0.707,low_reliability_or_unlikely,does not meet good candidate thresholds
global,global,global,stolfi_inspired_signature,NG|S_OLBEDY|T_edy,R00,15,14,8,0.8,5,2,4,4,"solchedy, dalshedy, darchedy, salchedy, alchedy, dolchedy, solshedy, dolshedy",0,0,0.24,0.531,16:0.200/0.527 24:0.267/0.534 32:0.267/0.527 48:0.267/0.529 64:0.200/0.537,low_reliability_or_unlikely,does not meet good candidate thresholds
global,global,global,stolfi_inspired_signature,NG|S_OLOL|T_al,R06,17,17,10,0.529,6,3,3,7,"aral, saral, dalal, cholal, solal, salal, alal, soral",0,0,0.376,0.512,16:0.412/0.514 24:0.353/0.509 32:0.294/0.506 48:0.471/0.524 64:0.353/0.508,low_reliability_or_unlikely,does not meet good candidate thresholds
global,global,global,stolfi_inspired_signature,NG|S_OLY|T_y,R00,50,48,19,0.46,8,3,5,6,"dary, ary, daly, choly, sary, aly, doly, orary",5,5,0.784,0.506,16:0.760/0.507 24:0.840/0.485 32:0.820/0.510 48:0.720/0.525 64:0.780/0.504,low_reliability_or_unlikely,does not meet good candidate thresholds
global,global,global,stolfi_inspired_signature,NG|S_OL|T_l,R06,355,267,18,0.434,8,3,6,9,"chol, ol, dal, al, qol, shol, dol, sol",4,5,0.831,0.466,16:0.921/0.459 24:0.817/0.449 32:0.876/0.485 48:0.854/0.472 64:0.687/0.465,low_reliability_or_unlikely,does not meet good candidate thresholds
global,global,global,stolfi_inspired_signature,NG|S_OL|T_m,R06,51,49,13,0.745,8,3,4,6,"dam, am, oram, olam, om, chom, sham, cham",1,1,0.361,0.482,16:0.608/0.452 24:0.255/0.468 32:0.235/0.491 48:0.451/0.515 64:0.255/0.486,low_reliability_or_unlikely,does not meet good candidate thresholds
global,global,global,stolfi_inspired_signature,NG|S_OL|T_r,R06,290,236,18,0.714,8,3,6,8,"ar, dar, chor, or, sar, char, dor, shor",5,5,0.764,0.486,16:0.890/0.473 24:0.672/0.486 32:0.786/0.488 48:0.800/0.508 64:0.672/0.476,low_reliability_or_unlikely,does not meet good candidate thresholds
global,global,global,stolfi_inspired_signature,NG|S_OX|T_NONE,R00,16,16,7,0.875,6,3,5,4,"chos, os, as, olos, og, dag, qoos",1,1,0.412,0.461,16:0.188/0.460 24:0.750/0.481 32:0.438/0.443 48:0.250/0.457 64:0.438/0.465,low_reliability_or_unlikely,does not meet good candidate thresholds
global,global,global,stolfi_inspired_signature,NG|S_XO|T_NONE,R06,24,23,2,0.917,4,3,3,2,"sho, chso",5,5,0.875,0.5,16:1.000/0.501 24:0.792/0.514 32:0.792/0.500 48:0.917/0.489 64:0.875/0.495,low_reliability_or_unlikely,does not meet good candidate thresholds
global,global,global,stolfi_inspired_signature,NG|S_XY|T_y,R06,30,29,4,0.933,7,3,4,6,"shy, sy, olsy, osy",2,4,0.613,0.479,16:0.867/0.451 24:0.567/0.482 32:0.500/0.474 48:0.667/0.479 64:0.467/0.509,low_reliability_or_unlikely,does not meet good candidate thresholds
global,global,global,stolfi_inspired_signature,NG|S_X|T_NONE,R06,46,46,5,0.87,7,3,5,6,"s, x, g, c, shs",1,2,0.413,0.489,16:0.696/0.470 24:0.217/0.494 32:0.370/0.494 48:0.500/0.491 64:0.283/0.499,low_reliability_or_unlikely,does not meet good candidate thresholds
section,meta_I,B,surface_token,chedy,R02,37,33,1,1.0,1,1,1,2,chedy,0,0,0.059,0.458,16:0.000/0.447 24:0.000/0.470 32:0.000/0.445 48:0.000/0.447 64:0.297/0.483,low_reliability_or_unlikely,does not meet good candidate thresholds
section,meta_I,B,surface_token,okedy,R00,21,18,1,1.0,1,1,1,2,okedy,0,1,0.629,0.388,16:0.571/0.376 24:0.905/0.445 32:0.476/0.345 48:0.714/0.375 64:0.476/0.401,low_reliability_or_unlikely,does not meet good candidate thresholds
section,meta_I,B,surface_token,okeedy,R00,17,16,1,1.0,1,1,1,2,okeedy,1,5,0.753,0.434,16:0.706/0.425 24:0.765/0.469 32:0.706/0.412 48:0.824/0.422 64:0.765/0.443,low_reliability_or_unlikely,does not meet good candidate thresholds
section,meta_I,B,surface_token,ol,R06,38,32,1,1.0,1,1,1,1,ol,5,5,0.832,0.476,16:0.868/0.460 24:0.816/0.460 32:0.868/0.490 48:0.842/0.490 64:0.763/0.481,low_reliability_or_unlikely,does not meet good candidate thresholds
section,meta_I,B,surface_token,qokain,H08,35,33,1,1.0,1,1,1,1,qokain,0,1,0.491,0.38,16:0.286/0.347 24:0.571/0.450 32:0.371/0.404 48:0.543/0.345 64:0.686/0.355,low_reliability_or_unlikely,does not meet good candidate thresholds
section,meta_I,B,surface_token,qokedy,H12,53,41,1,1.0,1,1,1,2,qokedy,0,0,0.0,0.34,16:0.000/0.305 24:0.000/0.426 32:0.000/0.300 48:0.000/0.335 64:0.000/0.333,low_reliability_or_unlikely,does not meet good candidate thresholds
section,meta_I,B,surface_token,qokeedy,H01,46,37,1,1.0,1,1,1,1,qokeedy,0,0,0.061,0.35,16:0.000/0.310 24:0.000/0.418 32:0.304/0.331 48:0.000/0.344 64:0.000/0.349,low_reliability_or_unlikely,does not meet good candidate thresholds
section,meta_I,B,surface_token,qokeey,H08,25,22,1,1.0,1,1,1,2,qokeey,0,0,0.48,0.379,16:0.440/0.386 24:0.480/0.425 32:0.520/0.394 48:0.400/0.342 64:0.560/0.348,low_reliability_or_unlikely,does not meet good candidate thresholds
section,meta_I,B,surface_token,qoky,H01,24,24,1,1.0,1,1,1,2,qoky,0,0,0.0,0.441,16:0.000/0.413 24:0.000/0.527 32:0.000/0.416 48:0.000/0.440 64:0.000/0.410,low_reliability_or_unlikely,does not meet good candidate thresholds
section,meta_I,B,surface_token,qol,R00,18,16,1,1.0,1,1,1,1,qol,0,0,0.156,0.448,16:0.000/0.454 24:0.222/0.428 32:0.056/0.478 48:0.222/0.444 64:0.278/0.435,low_reliability_or_unlikely,does not meet good candidate thresholds
section,meta_I,B,surface_token,qoteedy,H01,15,13,1,1.0,1,1,1,1,qoteedy,0,0,0.12,0.325,16:0.000/0.324 24:0.000/0.333 32:0.067/0.296 48:0.000/0.291 64:0.533/0.383,low_reliability_or_unlikely,does not meet good candidate thresholds
section,meta_I,B,surface_token,shedy,R06,54,48,1,1.0,1,1,1,2,shedy,4,5,0.907,0.468,16:1.000/0.448 24:0.815/0.482 32:0.963/0.452 48:0.944/0.466 64:0.815/0.493,low_reliability_or_unlikely,does not meet good candidate thresholds
section,meta_I,B,surface_token,shey,R06,15,15,1,1.0,1,1,1,1,shey,5,5,0.973,0.523,16:1.000/0.450 24:1.000/0.523 32:0.867/0.453 48:1.000/0.511 64:1.000/0.680,low_reliability_or_unlikely,does not meet good candidate thresholds
section,meta_I,H,surface_token,aiin,R06,15,14,1,1.0,1,2,2,2,aiin,5,5,0.813,0.519,16:0.867/0.457 24:0.733/0.478 32:0.733/0.459 48:1.000/0.486 64:0.733/0.718,low_reliability_or_unlikely,does not meet good candidate thresholds
section,meta_I,H,surface_token,ar,R06,16,14,1,1.0,1,2,2,1,ar,5,5,0.738,0.471,16:0.812/0.459 24:0.688/0.467 32:0.750/0.477 48:0.750/0.495 64:0.688/0.457,low_reliability_or_unlikely,does not meet good candidate thresholds
section,meta_I,H,surface_token,chol,R07,57,47,1,1.0,1,2,3,1,chol,0,0,0.0,0.442,16:0.000/0.442 24:0.000/0.418 32:0.000/0.466 48:0.000/0.444 64:0.000/0.439,low_reliability_or_unlikely,does not meet good candidate thresholds
section,meta_I,H,surface_token,chor,R11,36,35,1,1.0,1,2,2,3,chor,0,0,0.0,0.453,16:0.000/0.446 24:0.000/0.452 32:0.000/0.472 48:0.000/0.457 64:0.000/0.437,low_reliability_or_unlikely,does not meet good candidate thresholds
section,meta_I,H,surface_token,cthol,R07,15,15,1,1.0,1,1,1,1,cthol,0,0,0.0,0.379,16:0.000/0.345 24:0.000/0.351 32:0.000/0.357 48:0.000/0.384 64:0.000/0.460,low_reliability_or_unlikely,does not meet good candidate thresholds
section,meta_I,H,surface_token,cthy,R04,15,15,1,1.0,1,1,1,2,cthy,0,0,0.0,0.383,16:0.000/0.330 24:0.000/0.339 32:0.000/0.421 48:0.000/0.407 64:0.000/0.418,low_reliability_or_unlikely,does not meet good candidate thresholds
section,meta_I,H,surface_token,daiin,R10,78,67,1,1.0,1,2,2,3,daiin,1,1,0.172,0.509,16:0.000/0.442 24:0.000/0.473 32:0.000/0.430 48:0.000/0.450 64:0.859/0.751,low_reliability_or_unlikely,does not meet good candidate thresholds
section,meta_I,H,surface_token,dain,R06,15,15,1,1.0,1,2,2,3,dain,4,5,0.787,0.493,16:0.933/0.488 24:0.533/0.493 32:0.667/0.494 48:0.933/0.489 64:0.867/0.499,low_reliability_or_unlikely,does not meet good candidate thresholds
section,meta_I,H,surface_token,dar,R06,19,17,1,1.0,1,2,2,1,dar,3,5,0.768,0.452,16:0.842/0.463 24:0.737/0.447 32:0.895/0.455 48:0.789/0.455 64:0.579/0.439,low_reliability_or_unlikely,does not meet good candidate thresholds
section,meta_I,H,surface_token,or,R06,21,19,1,1.0,1,2,3,2,or,4,5,0.705,0.494,16:0.810/0.475 24:0.571/0.492 32:0.714/0.499 48:0.667/0.532 64:0.762/0.471,low_reliability_or_unlikely,does not meet good candidate thresholds
section,meta_I,H,surface_token,s,R06,25,25,1,1.0,1,2,2,3,s,1,3,0.544,0.459,16:0.920/0.431 24:0.240/0.465 32:0.520/0.467 48:0.640/0.466 64:0.400/0.469,low_reliability_or_unlikely,does not meet good candidate thresholds
section,meta_I,H,surface_token,sho,R06,18,17,1,1.0,1,1,1,1,sho,5,5,0.933,0.523,16:1.000/0.522 24:0.889/0.534 32:0.833/0.524 48:1.000/0.519 64:0.944/0.518,low_reliability_or_unlikely,does not meet good candidate thresholds
section,meta_I,H,surface_token,y,R06,15,15,1,1.0,1,2,2,2,y,0,2,0.4,0.507,16:0.533/0.494 24:0.400/0.505 32:0.333/0.503 48:0.533/0.508 64:0.200/0.524,low_reliability_or_unlikely,does not meet good candidate thresholds
section,meta_I,S,surface_token,aiin,R06,27,22,1,1.0,1,2,1,1,aiin,4,5,0.859,0.523,16:1.000/0.454 24:0.889/0.474 32:0.556/0.461 48:0.852/0.469 64:1.000/0.757,low_reliability_or_unlikely,does not meet good candidate thresholds
section,meta_I,S,surface_token,al,R06,18,17,1,1.0,1,1,2,1,al,4,5,0.856,0.464,16:0.944/0.448 24:0.833/0.456 32:0.944/0.473 48:0.889/0.473 64:0.667/0.470,low_reliability_or_unlikely,does not meet good candidate thresholds
section,meta_I,S,surface_token,ar,R06,28,24,1,1.0,1,2,1,1,ar,4,5,0.8,0.475,16:0.964/0.445 24:0.821/0.496 32:0.679/0.458 48:0.893/0.491 64:0.643/0.487,low_reliability_or_unlikely,does not meet good candidate thresholds
section,meta_I,S,surface_token,chedy,R02,41,34,1,1.0,1,1,2,1,chedy,0,1,0.107,0.458,16:0.000/0.432 24:0.000/0.477 32:0.000/0.435 48:0.000/0.449 64:0.537/0.497,low_reliability_or_unlikely,does not meet good candidate thresholds
section,meta_I,S,surface_token,cheol,R00,15,14,1,1.0,1,2,2,1,cheol,0,1,0.28,0.442,16:0.000/0.443 24:0.267/0.455 32:0.600/0.445 48:0.133/0.441 64:0.400/0.426,low_reliability_or_unlikely,does not meet good candidate thresholds
section,meta_I,S,surface_token,chey,R06,32,29,1,1.0,1,2,2,1,chey,3,4,0.794,0.515,16:0.969/0.436 24:0.844/0.479 32:0.438/0.441 48:0.812/0.456 64:0.906/0.764,low_reliability_or_unlikely,does not meet good candidate thresholds
section,meta_I,S,surface_token,chol,R07,18,17,1,1.0,1,2,2,1,chol,0,0,0.0,0.449,16:0.000/0.439 24:0.000/0.431 32:0.000/0.486 48:0.000/0.448 64:0.000/0.440,low_reliability_or_unlikely,does not meet good candidate thresholds
section,meta_I,S,surface_token,daiin,R10,25,23,1,1.0,1,2,2,1,daiin,0,0,0.04,0.538,16:0.000/0.513 24:0.000/0.512 32:0.000/0.504 48:0.000/0.470 64:0.200/0.690,low_reliability_or_unlikely,does not meet good candidate thresholds
section,meta_I,S,surface_token,okaiin,R10,16,16,1,1.0,1,1,1,1,okaiin,0,0,0.0,0.438,16:0.000/0.455 24:0.000/0.475 32:0.000/0.434 48:0.000/0.411 64:0.000/0.413,low_reliability_or_unlikely,does not meet good candidate thresholds
section,meta_I,S,surface_token,okain,R10,15,14,1,1.0,1,2,1,1,okain,0,0,0.0,0.431,16:0.000/0.440 24:0.000/0.456 32:0.000/0.418 48:0.000/0.417 64:0.000/0.426,low_reliability_or_unlikely,does not meet good candidate thresholds
section,meta_I,S,surface_token,okal,R07,18,16,1,1.0,1,2,1,1,okal,0,0,0.0,0.454,16:0.000/0.414 24:0.000/0.489 32:0.000/0.449 48:0.000/0.449 64:0.000/0.470,low_reliability_or_unlikely,does not meet good candidate thresholds
section,meta_I,S,surface_token,okeey,R06,20,19,1,1.0,1,2,2,1,okeey,0,0,0.0,0.445,16:0.000/0.456 24:0.000/0.431 32:0.000/0.440 48:0.000/0.436 64:0.000/0.459,low_reliability_or_unlikely,does not meet good candidate thresholds
section,meta_I,S,surface_token,qokaiin,H08,22,21,1,1.0,1,2,1,1,qokaiin,0,0,0.5,0.354,16:0.409/0.349 24:0.364/0.409 32:0.455/0.366 48:0.409/0.303 64:0.864/0.343,low_reliability_or_unlikely,does not meet good candidate thresholds
section,meta_I,S,surface_token,qokain,H08,20,19,1,1.0,1,2,1,1,qokain,0,0,0.36,0.388,16:0.200/0.369 24:0.450/0.439 32:0.250/0.398 48:0.300/0.376 64:0.600/0.359,low_reliability_or_unlikely,does not meet good candidate thresholds
section,meta_I,S,surface_token,qokedy,H12,19,18,1,1.0,1,1,2,1,qokedy,0,0,0.0,0.333,16:0.000/0.318 24:0.000/0.396 32:0.000/0.298 48:0.000/0.323 64:0.000/0.331,low_reliability_or_unlikely,does not meet good candidate thresholds
section,meta_I,S,surface_token,qokeedy,H01,32,26,1,1.0,1,1,2,1,qokeedy,0,0,0.131,0.354,16:0.000/0.356 24:0.000/0.423 32:0.625/0.299 48:0.000/0.356 64:0.031/0.334,low_reliability_or_unlikely,does not meet good candidate thresholds
section,meta_I,S,surface_token,qokeey,H08,37,31,1,1.0,1,2,1,1,qokeey,0,0,0.427,0.396,16:0.351/0.366 24:0.405/0.442 32:0.405/0.411 48:0.378/0.376 64:0.595/0.383,low_reliability_or_unlikely,does not meet good candidate thresholds
section,meta_I,S,surface_token,shedy,R06,19,17,1,1.0,1,1,2,1,shedy,1,4,0.747,0.454,16:0.947/0.441 24:0.737/0.456 32:0.737/0.432 48:0.842/0.446 64:0.474/0.495,low_reliability_or_unlikely,does not meet good candidate thresholds
section,meta_I,T,surface_token,shedy,R06,16,12,1,1.0,1,1,2,2,shedy,4,5,0.887,0.475,16:1.000/0.440 24:0.938/0.492 32:0.750/0.458 48:1.000/0.484 64:0.750/0.503,low_reliability_or_unlikely,does not meet good candidate thresholds
section,meta_I,B,conservative_morphology,a|iin|O,R10,57,47,8,0.509,1,1,1,3,"daiin, saiin, okaiin, qokaiin, aiin, olaiin, otaiin, qotaiin",0,0,0.049,0.466,16:0.000/0.433 24:0.000/0.453 32:0.000/0.435 48:0.000/0.450 64:0.246/0.558,low_reliability_or_unlikely,does not meet good candidate thresholds
section,meta_I,B,conservative_morphology,a|in|O,H08,82,65,9,0.427,1,1,1,2,"qokain, dain, okain, sain, otain, qotain, shain, orain",0,0,0.222,0.423,16:0.122/0.408 24:0.244/0.457 32:0.159/0.423 48:0.244/0.405 64:0.341/0.419,low_reliability_or_unlikely,does not meet good candidate thresholds
section,meta_I,B,conservative_morphology,a|l|O,H08,60,47,9,0.333,1,1,1,4,"qokal, dal, qotal, otal, chal, okal, sal, al",0,0,0.18,0.439,16:0.167/0.412 24:0.217/0.457 32:0.117/0.446 48:0.167/0.430 64:0.233/0.450,low_reliability_or_unlikely,does not meet good candidate thresholds
section,meta_I,B,conservative_morphology,a|r|O,R06,42,38,9,0.452,1,1,1,3,"dar, qokar, otar, sar, okar, qotar, ar, char",0,0,0.438,0.426,16:0.476/0.407 24:0.452/0.447 32:0.452/0.431 48:0.429/0.416 64:0.381/0.429,low_reliability_or_unlikely,does not meet good candidate thresholds
section,meta_I,B,conservative_morphology,ch|dy|B,R00,16,14,6,0.5,1,1,1,5,"qokchdy, okchdy, otchdy, dchdy, qotchdy, olchdy",5,5,0.688,0.507,16:0.688/0.481 24:0.688/0.547 32:0.688/0.469 48:0.688/0.526 64:0.688/0.513,low_reliability_or_unlikely,does not meet good candidate thresholds
section,meta_I,B,conservative_morphology,ch|edy|B,R00,19,18,8,0.632,1,1,1,1,"olchedy, dchedy, ychedy, qokchedy, okchedy, schedy, otchedy, ochedy",0,0,0.295,0.506,16:0.211/0.494 24:0.368/0.510 32:0.368/0.496 48:0.316/0.515 64:0.211/0.514,low_reliability_or_unlikely,does not meet good candidate thresholds
section,meta_I,B,conservative_morphology,ckh|y|XGX,R00,19,17,3,0.684,1,1,1,1,"chckhy, shckhy, ckhy",4,5,0.916,0.47,16:0.895/0.424 24:0.947/0.500 32:0.895/0.482 48:0.947/0.467 64:0.895/0.477,low_reliability_or_unlikely,does not meet good candidate thresholds
section,meta_I,B,conservative_morphology,d|y|D,R02,26,24,6,0.808,1,1,1,2,"dy, chdy, oldy, ydy, shdy, okdy",0,0,0.0,0.473,16:0.000/0.459 24:0.000/0.483 32:0.000/0.476 48:0.000/0.483 64:0.000/0.464,low_reliability_or_unlikely,does not meet good candidate thresholds
section,meta_I,B,conservative_morphology,e|dy|E,R06,193,110,7,0.285,1,1,1,3,"shedy, qokedy, chedy, okedy, otedy, qotedy, dedy",0,0,0.421,0.405,16:0.472/0.388 24:0.373/0.442 32:0.456/0.379 48:0.440/0.396 64:0.363/0.421,low_reliability_or_unlikely,does not meet good candidate thresholds
section,meta_I,B,conservative_morphology,e|edy|E,H01,107,76,7,0.57,1,1,1,2,"qokeedy, okeedy, qoteedy, sheedy, oteedy, cheedy, qoeedy",0,0,0.052,0.381,16:0.000/0.358 24:0.000/0.419 32:0.168/0.360 48:0.000/0.371 64:0.093/0.400,low_reliability_or_unlikely,does not meet good candidate thresholds
section,meta_I,B,conservative_morphology,e|ey|E,H08,45,36,7,0.556,1,1,1,3,"qokeey, sheey, cheey, okeey, oteey, qoteey, deey",0,0,0.267,0.406,16:0.244/0.394 24:0.267/0.425 32:0.289/0.406 48:0.222/0.377 64:0.311/0.431,low_reliability_or_unlikely,does not meet good candidate thresholds
section,meta_I,B,conservative_morphology,e|y|E,R06,45,39,7,0.511,1,1,1,1,"shey, chey, qokey, otey, okey, qotey, qey",0,4,0.52,0.453,16:0.533/0.415 24:0.511/0.465 32:0.489/0.407 48:0.533/0.425 64:0.533/0.554,low_reliability_or_unlikely,does not meet good candidate thresholds
section,meta_I,B,conservative_morphology,k|y|G,H01,28,27,3,0.857,1,1,1,3,"qoky, olky, oky",0,0,0.0,0.459,16:0.000/0.431 24:0.000/0.541 32:0.000/0.435 48:0.000/0.459 64:0.000/0.430,low_reliability_or_unlikely,does not meet good candidate thresholds
section,meta_I,B,conservative_morphology,o|l|O,R06,100,69,12,0.58,1,1,1,4,"ol, qol, dol, sol, chol, okol, qotol, qokol",4,5,0.73,0.461,16:0.780/0.455 24:0.720/0.448 32:0.770/0.471 48:0.730/0.465 64:0.650/0.464,low_reliability_or_unlikely,does not meet good candidate thresholds
section,meta_I,B,conservative_morphology,o|r|O,R06,21,20,8,0.667,1,1,1,2,"or, sor, qor, oror, dor, otor, okor, qokor",5,5,0.743,0.497,16:0.810/0.479 24:0.714/0.490 32:0.714/0.503 48:0.810/0.522 64:0.667/0.489,low_reliability_or_unlikely,does not meet good candidate thresholds
section,meta_I,B,conservative_morphology,sh|edy|B,R00,15,14,6,0.467,1,1,1,2,"dshedy, olshedy, yshedy, sshedy, okshedy, qokshedy",0,0,0.387,0.531,16:0.333/0.516 24:0.400/0.537 32:0.467/0.528 48:0.333/0.547 64:0.400/0.526,low_reliability_or_unlikely,does not meet good candidate thresholds
section,meta_I,C,conservative_morphology,a|r|O,R06,20,19,8,0.55,1,2,2,5,"okar, dar, ar, sar, char, oar, otar, qotar",0,1,0.37,0.496,16:0.500/0.473 24:0.300/0.491 32:0.400/0.493 48:0.400/0.521 64:0.250/0.503,low_reliability_or_unlikely,does not meet good candidate thresholds
section,meta_I,H,conservative_morphology,a|iin|O,R10,141,112,11,0.695,1,2,3,3,"daiin, aiin, okaiin, saiin, otaiin, chaiin, qokaiin, qotaiin",0,1,0.115,0.494,16:0.000/0.439 24:0.000/0.466 32:0.000/0.434 48:0.000/0.458 64:0.574/0.671,low_reliability_or_unlikely,does not meet good candidate thresholds
section,meta_I,H,conservative_morphology,a|in|O,R06,24,24,6,0.708,1,2,2,3,"dain, okain, otain, shain, ain, chain",3,4,0.575,0.485,16:0.667/0.475 24:0.417/0.489 32:0.500/0.475 48:0.667/0.490 64:0.625/0.495,low_reliability_or_unlikely,does not meet good candidate thresholds
section,meta_I,H,conservative_morphology,a|l|O,R09,27,24,7,0.407,1,2,3,1,"dal, okal, sal, al, qokal, chal, qotal",0,0,0.0,0.454,16:0.000/0.438 24:0.000/0.457 32:0.000/0.466 48:0.000/0.456 64:0.000/0.452,low_reliability_or_unlikely,does not meet good candidate thresholds
section,meta_I,H,conservative_morphology,a|m|O,R06,22,20,9,0.773,1,2,2,2,"dam, qokam, otam, am, sham, sam, olam, cham",2,2,0.491,0.472,16:0.682/0.453 24:0.409/0.478 32:0.318/0.467 48:0.682/0.493 64:0.364/0.468,low_reliability_or_unlikely,does not meet good candidate thresholds
section,meta_I,H,conservative_morphology,a|r|O,R06,54,37,8,0.667,1,2,3,1,"dar, ar, okar, qokar, char, qotar, qoar, sar",3,4,0.585,0.449,16:0.648/0.456 24:0.537/0.447 32:0.648/0.450 48:0.611/0.450 64:0.481/0.440,low_reliability_or_unlikely,does not meet good candidate thresholds
section,meta_I,H,conservative_morphology,ch|or|B,R06,16,16,6,0.5,1,1,1,2,"dchor, ychor, otchor, okchor, qokchor, ochor",4,5,0.625,0.49,16:0.625/0.510 24:0.562/0.503 32:0.625/0.505 48:0.625/0.472 64:0.688/0.460,low_reliability_or_unlikely,does not meet good candidate thresholds
section,meta_I,H,conservative_morphology,ch|y|B,R00,35,33,8,0.571,1,2,3,2,"chy, qokchy, qotchy, okchy, dchy, ochy, olchy, otchy",1,3,0.531,0.443,16:0.514/0.431 24:0.600/0.452 32:0.629/0.445 48:0.429/0.440 64:0.486/0.447,low_reliability_or_unlikely,does not meet good candidate thresholds
section,meta_I,H,conservative_morphology,cth|y|XGX,R04,18,18,3,0.944,1,1,1,2,"cthy, chcthy, dcthy",0,0,0.0,0.388,16:0.000/0.337 24:0.000/0.339 32:0.000/0.438 48:0.000/0.408 64:0.000/0.417,low_reliability_or_unlikely,does not meet good candidate thresholds
section,meta_I,H,conservative_morphology,d|y|D,R02,37,35,9,0.595,1,2,3,2,"dy, chdy, ody, oldy, qody, shdy, ddy, ydy",0,0,0.0,0.469,16:0.000/0.452 24:0.000/0.452 32:0.000/0.460 48:0.000/0.466 64:0.000/0.513,low_reliability_or_unlikely,does not meet good candidate thresholds
section,meta_I,H,conservative_morphology,e|dy|E,H12,28,21,6,0.286,1,1,3,1,"qokedy, chedy, shedy, qotedy, otedy, okedy",0,0,0.0,0.404,16:0.000/0.384 24:0.000/0.433 32:0.000/0.383 48:0.000/0.378 64:0.000/0.443,low_reliability_or_unlikely,does not meet good candidate thresholds
section,meta_I,H,conservative_morphology,e|ey|E,R06,17,17,6,0.647,1,2,2,3,"qokeey, okeey, sheey, cheey, deey, oteey",0,0,0.365,0.457,16:0.412/0.429 24:0.294/0.484 32:0.353/0.426 48:0.353/0.424 64:0.412/0.521,low_reliability_or_unlikely,does not meet good candidate thresholds
section,meta_I,H,conservative_morphology,e|ol|E,R06,17,15,5,0.529,1,2,2,2,"sheol, qokeol, cheol, okeol, deol",0,3,0.588,0.439,16:0.706/0.427 24:0.471/0.481 32:0.647/0.445 48:0.529/0.445 64:0.588/0.397,low_reliability_or_unlikely,does not meet good candidate thresholds
section,meta_I,H,conservative_morphology,e|y|E,R06,21,20,5,0.81,1,2,2,2,"shey, chey, qokey, okey, otey",5,5,0.705,0.507,16:0.762/0.450 24:0.667/0.481 32:0.667/0.458 48:0.667/0.459 64:0.762/0.689,low_reliability_or_unlikely,does not meet good candidate thresholds
section,meta_I,H,conservative_morphology,k|aiin|G,R06,15,14,5,0.667,1,2,2,1,"ykaiin, kaiin, chkaiin, olkaiin, shkaiin",0,0,0.027,0.451,16:0.000/0.453 24:0.000/0.480 32:0.067/0.441 48:0.000/0.448 64:0.067/0.432,low_reliability_or_unlikely,does not meet good candidate thresholds
section,meta_I,H,conservative_morphology,k|y|G,R00,28,25,4,0.571,1,2,3,2,"oky, qoky, chky, yky",5,5,0.986,0.485,16:1.000/0.457 24:1.000/0.524 32:1.000/0.477 48:0.964/0.483 64:0.964/0.484,low_reliability_or_unlikely,does not meet good candidate thresholds
section,meta_I,H,conservative_morphology,o|dy|O,R00,21,21,5,0.81,1,2,3,2,"chody, shody, qokody, qotody, otody",0,2,0.419,0.443,16:0.286/0.452 24:0.619/0.439 32:0.381/0.439 48:0.524/0.435 64:0.286/0.451,low_reliability_or_unlikely,does not meet good candidate thresholds
section,meta_I,H,conservative_morphology,o|l|O,R07,110,83,11,0.582,1,2,4,2,"chol, shol, ol, qokol, okol, dol, sol, otol",0,0,0.0,0.454,16:0.000/0.447 24:0.000/0.441 32:0.000/0.471 48:0.000/0.458 64:0.000/0.453,low_reliability_or_unlikely,does not meet good candidate thresholds
section,meta_I,H,conservative_morphology,o|r|O,R06,92,74,11,0.424,1,2,3,4,"chor, or, shor, dor, otor, okor, sor, qotor",4,5,0.702,0.464,16:0.793/0.454 24:0.554/0.463 32:0.739/0.470 48:0.739/0.478 64:0.685/0.457,low_reliability_or_unlikely,does not meet good candidate thresholds
section,meta_I,H,conservative_morphology,t|y|G,H01,16,13,5,0.375,1,2,3,2,"qoty, oty, yty, ty, chty",0,0,0.0,0.38,16:0.000/0.362 24:0.000/0.349 32:0.000/0.417 48:0.000/0.386 64:0.000/0.387,low_reliability_or_unlikely,does not meet good candidate thresholds
section,meta_I,P,conservative_morphology,eo|dy|EO,R00,15,11,5,0.467,1,1,1,2,"qokeody, cheody, okeody, sheody, oteody",1,4,0.533,0.47,16:0.600/0.459 24:0.533/0.511 32:0.400/0.437 48:0.600/0.447 64:0.533/0.493,low_reliability_or_unlikely,does not meet good candidate thresholds
section,meta_I,P,conservative_morphology,o|l|O,R07,31,21,9,0.548,1,1,1,2,"chol, okol, qokol, dol, ol, orol, shol, sol",0,0,0.0,0.462,16:0.000/0.451 24:0.000/0.466 32:0.000/0.476 48:0.000/0.446 64:0.000/0.470,low_reliability_or_unlikely,does not meet good candidate thresholds
section,meta_I,S,conservative_morphology,ai|r|OE,R06,19,17,6,0.421,1,2,1,1,"dair, sair, air, qokair, qotair, otair",3,3,0.568,0.474,16:0.632/0.465 24:0.632/0.483 32:0.474/0.468 48:0.632/0.460 64:0.474/0.492,low_reliability_or_unlikely,does not meet good candidate thresholds
section,meta_I,S,conservative_morphology,a|iin|O,R10,126,89,15,0.413,1,2,2,2,"aiin, daiin, qokaiin, okaiin, saiin, otaiin, qotaiin, oraiin",0,0,0.014,0.463,16:0.000/0.441 24:0.000/0.458 32:0.000/0.436 48:0.000/0.420 64:0.071/0.562,low_reliability_or_unlikely,does not meet good candidate thresholds
section,meta_I,S,conservative_morphology,a|in|O,R06,87,62,12,0.276,1,2,1,1,"qokain, okain, otain, dain, qotain, ain, sain, oain",0,0,0.306,0.427,16:0.333/0.422 24:0.310/0.444 32:0.276/0.417 48:0.345/0.408 64:0.264/0.443,low_reliability_or_unlikely,does not meet good candidate thresholds
section,meta_I,S,conservative_morphology,a|l|O,R06,68,54,10,0.294,1,2,2,2,"al, okal, qokal, chal, dal, otal, qotal, qoal",0,0,0.385,0.43,16:0.441/0.425 24:0.397/0.431 32:0.426/0.433 48:0.412/0.422 64:0.250/0.439,low_reliability_or_unlikely,does not meet good candidate thresholds
section,meta_I,S,conservative_morphology,a|m|O,R06,15,15,7,0.733,1,2,1,2,"otam, am, dam, qokam, oam, olam, okam",0,0,0.12,0.478,16:0.333/0.451 24:0.067/0.452 32:0.000/0.467 48:0.133/0.520 64:0.067/0.500,low_reliability_or_unlikely,does not meet good candidate thresholds
section,meta_I,S,conservative_morphology,a|r|O,R06,69,56,12,0.58,1,2,2,3,"ar, qokar, otar, dar, okar, char, sar, shar",1,3,0.548,0.452,16:0.667/0.429 24:0.536/0.471 32:0.493/0.434 48:0.609/0.460 64:0.435/0.466,low_reliability_or_unlikely,does not meet good candidate thresholds
section,meta_I,S,conservative_morphology,ckh|y|XGX,R00,19,18,4,0.737,1,2,1,1,"chckhy, shckhy, dckhy, qockhy",4,5,0.947,0.472,16:0.947/0.444 24:1.000/0.484 32:1.000/0.500 48:1.000/0.474 64:0.789/0.456,low_reliability_or_unlikely,does not meet good candidate thresholds
section,meta_I,S,conservative_morphology,e|dy|E,R02,100,69,6,0.41,1,1,2,2,"chedy, shedy, qokedy, otedy, qotedy, okedy",0,0,0.062,0.401,16:0.000/0.386 24:0.000/0.425 32:0.000/0.375 48:0.000/0.383 64:0.310/0.434,low_reliability_or_unlikely,does not meet good candidate thresholds
section,meta_I,S,conservative_morphology,e|edy|E,H01,73,54,9,0.548,1,1,2,1,"qokeedy, okeedy, qoteedy, sheedy, oteedy, qoeedy, cheedy, oeedy",0,0,0.079,0.375,16:0.000/0.375 24:0.000/0.415 32:0.315/0.332 48:0.000/0.369 64:0.082/0.381,low_reliability_or_unlikely,does not meet good candidate thresholds
section,meta_I,S,conservative_morphology,e|ey|E,R06,94,72,8,0.457,1,2,2,2,"qokeey, okeey, cheey, sheey, oteey, qoeey, qoteey, oleey",0,0,0.245,0.427,16:0.287/0.404 24:0.245/0.439 32:0.149/0.413 48:0.277/0.410 64:0.266/0.467,low_reliability_or_unlikely,does not meet good candidate thresholds
section,meta_I,S,conservative_morphology,e|ol|E,R00,22,20,5,0.727,1,2,2,1,"cheol, qokeol, okeol, qoteol, qeol",0,1,0.364,0.416,16:0.182/0.417 24:0.364/0.442 32:0.545/0.414 48:0.318/0.405 64:0.409/0.403,low_reliability_or_unlikely,does not meet good candidate thresholds
section,meta_I,S,conservative_morphology,e|y|E,R06,60,54,6,0.767,1,2,2,2,"chey, shey, qokey, otey, okey, qotey",2,4,0.607,0.483,16:0.733/0.422 24:0.650/0.453 32:0.350/0.425 48:0.600/0.430 64:0.700/0.685,low_reliability_or_unlikely,does not meet good candidate thresholds
section,meta_I,S,conservative_morphology,k|y|G,R00,15,15,5,0.467,1,2,1,1,"qoky, oky, shky, chky, orky",4,5,0.947,0.47,16:0.933/0.446 24:1.000/0.490 32:0.933/0.466 48:0.933/0.453 64:0.933/0.493,low_reliability_or_unlikely,does not meet good candidate thresholds
section,meta_I,S,conservative_morphology,o|l|O,R07,45,40,8,0.4,1,2,2,2,"chol, ol, shol, qol, otol, qokol, sol, qotol",0,0,0.0,0.456,16:0.000/0.444 24:0.000/0.441 32:0.000/0.466 48:0.000/0.469 64:0.000/0.460,low_reliability_or_unlikely,does not meet good candidate thresholds
section,meta_I,S,conservative_morphology,o|r|O,R06,24,22,11,0.375,1,2,2,2,"or, chor, otor, qokor, qor, olor, oror, sor",1,3,0.508,0.466,16:0.667/0.461 24:0.333/0.464 32:0.542/0.467 48:0.458/0.478 64:0.542/0.461,low_reliability_or_unlikely,does not meet good candidate thresholds
section,meta_I,T,conservative_morphology,a|iin|O,R10,18,15,7,0.444,1,1,2,3,"daiin, qokaiin, saiin, aiin, okaiin, qoaiin, oraiin",0,0,0.022,0.526,16:0.000/0.505 24:0.000/0.512 32:0.000/0.505 48:0.000/0.506 64:0.111/0.604,low_reliability_or_unlikely,does not meet good candidate thresholds
section,meta_I,T,conservative_morphology,a|in|O,R06,23,18,8,0.522,1,2,2,2,"dain, okain, sain, olain, otain, qokain, qotain, ain",1,3,0.496,0.451,16:0.609/0.461 24:0.565/0.455 32:0.348/0.447 48:0.565/0.435 64:0.391/0.456,low_reliability_or_unlikely,does not meet good candidate thresholds
section,meta_I,T,conservative_morphology,a|r|O,R03,19,13,6,0.579,1,1,2,2,"qokar, okar, dar, ar, otar, qotar",0,0,0.0,0.407,16:0.000/0.394 24:0.000/0.408 32:0.000/0.424 48:0.000/0.388 64:0.000/0.419,low_reliability_or_unlikely,does not meet good candidate thresholds
section,meta_I,T,conservative_morphology,e|dy|E,R06,35,22,5,0.457,1,1,2,2,"shedy, chedy, qokedy, okedy, otedy",1,2,0.589,0.449,16:0.714/0.400 24:0.657/0.494 32:0.429/0.420 48:0.714/0.447 64:0.429/0.482,low_reliability_or_unlikely,does not meet good candidate thresholds
section,meta_I,T,conservative_morphology,e|y|E,R06,19,15,4,0.632,1,2,3,2,"chey, qokey, shey, okey",3,4,0.579,0.504,16:0.632/0.444 24:0.632/0.483 32:0.368/0.466 48:0.632/0.478 64:0.632/0.649,low_reliability_or_unlikely,does not meet good candidate thresholds
section,meta_I,A,broad_shape,O|r,R06,17,17,10,0.647,1,1,1,6,"ar, dar, or, okar, sar, sor, olar, olor",0,2,0.471,0.545,16:0.529/0.531 24:0.353/0.541 32:0.471/0.547 48:0.529/0.565 64:0.471/0.541,low_reliability_or_unlikely,does not meet good candidate thresholds
section,meta_I,B,broad_shape,B|dy,R00,20,18,9,0.55,1,1,1,5,"qokchdy, okchdy, otchdy, olshdy, dchdy, qotchdy, qokshdy, otshdy",5,5,0.65,0.49,16:0.650/0.466 24:0.650/0.524 32:0.650/0.459 48:0.650/0.496 64:0.650/0.507,low_reliability_or_unlikely,does not meet good candidate thresholds
section,meta_I,B,broad_shape,B|edy,R00,34,32,14,0.559,1,1,1,2,"olchedy, dshedy, dchedy, olshedy, yshedy, ychedy, qokchedy, sshedy",0,0,0.335,0.517,16:0.265/0.504 24:0.382/0.522 32:0.412/0.510 48:0.324/0.529 64:0.294/0.519,low_reliability_or_unlikely,does not meet good candidate thresholds
section,meta_I,B,broad_shape,B|ey,R00,20,19,12,0.6,1,1,1,1,"olchey, qokchey, olshey, otchey, dshey, orchey, yshey, otshey",0,0,0.34,0.462,16:0.300/0.437 24:0.350/0.488 32:0.400/0.453 48:0.250/0.451 64:0.400/0.481,low_reliability_or_unlikely,does not meet good candidate thresholds
section,meta_I,B,broad_shape,D|y,R02,26,24,6,0.808,1,1,1,2,"dy, chdy, oldy, ydy, shdy, okdy",0,0,0.0,0.473,16:0.000/0.459 24:0.000/0.483 32:0.000/0.476 48:0.000/0.483 64:0.000/0.464,low_reliability_or_unlikely,does not meet good candidate thresholds
section,meta_I,B,broad_shape,E|dy,R06,193,110,7,0.285,1,1,1,3,"shedy, qokedy, chedy, okedy, otedy, qotedy, dedy",0,0,0.421,0.405,16:0.472/0.388 24:0.373/0.442 32:0.456/0.379 48:0.440/0.396 64:0.363/0.421,low_reliability_or_unlikely,does not meet good candidate thresholds
section,meta_I,B,broad_shape,E|edy,H01,107,76,7,0.57,1,1,1,2,"qokeedy, okeedy, qoteedy, sheedy, oteedy, cheedy, qoeedy",0,0,0.052,0.381,16:0.000/0.358 24:0.000/0.419 32:0.168/0.360 48:0.000/0.371 64:0.093/0.400,low_reliability_or_unlikely,does not meet good candidate thresholds
section,meta_I,B,broad_shape,E|ey,H08,45,36,7,0.556,1,1,1,3,"qokeey, sheey, cheey, okeey, oteey, qoteey, deey",0,0,0.267,0.406,16:0.244/0.394 24:0.267/0.425 32:0.289/0.406 48:0.222/0.377 64:0.311/0.431,low_reliability_or_unlikely,does not meet good candidate thresholds
section,meta_I,B,broad_shape,E|y,R06,45,39,7,0.511,1,1,1,1,"shey, chey, qokey, otey, okey, qotey, qey",0,4,0.52,0.453,16:0.533/0.415 24:0.511/0.465 32:0.489/0.407 48:0.533/0.425 64:0.533/0.554,low_reliability_or_unlikely,does not meet good candidate thresholds
section,meta_I,B,broad_shape,GB|edy,R06,16,16,10,0.5,1,1,1,2,"pchedy, tchedy, qopshedy, kshedy, ykchedy, ofchedy, opchedy, qofchedy",0,0,0.125,0.388,16:0.000/0.370 24:0.062/0.380 32:0.000/0.384 48:0.438/0.372 64:0.125/0.436,low_reliability_or_unlikely,does not meet good candidate thresholds
section,meta_I,B,broad_shape,G|edy,R00,21,19,5,0.619,1,1,1,3,"tedy, olkedy, ykedy, ytedy, kedy",0,3,0.876,0.411,16:0.857/0.426 24:1.000/0.431 32:0.857/0.396 48:0.905/0.387 64:0.762/0.416,low_reliability_or_unlikely,does not meet good candidate thresholds
section,meta_I,B,broad_shape,G|y,H01,37,34,6,0.811,1,1,1,3,"qoky, qoty, olky, oty, oky, opy",0,0,0.0,0.439,16:0.000/0.417 24:0.000/0.493 32:0.000/0.439 48:0.000/0.427 64:0.000/0.419,low_reliability_or_unlikely,does not meet good candidate thresholds
section,meta_I,B,broad_shape,LB|edy,R00,21,21,5,1.0,1,1,1,1,"lchedy, lshedy, qolchedy, qorchedy, rshedy",0,1,0.295,0.482,16:0.238/0.482 24:0.524/0.487 32:0.190/0.479 48:0.238/0.484 64:0.286/0.480,low_reliability_or_unlikely,does not meet good candidate thresholds
section,meta_I,B,broad_shape,L|y,R06,16,16,5,0.562,1,1,1,3,"oly, ly, ory, dly, qoly",0,1,0.388,0.491,16:0.562/0.458 24:0.312/0.482 32:0.312/0.497 48:0.312/0.522 64:0.438/0.494,low_reliability_or_unlikely,does not meet good candidate thresholds
section,meta_I,B,broad_shape,O|iin,R10,58,48,9,0.5,1,1,1,3,"daiin, saiin, okaiin, qokaiin, aiin, otaiin, olaiin, qotaiin",0,0,0.048,0.469,16:0.000/0.436 24:0.000/0.455 32:0.000/0.438 48:0.000/0.455 64:0.241/0.559,low_reliability_or_unlikely,does not meet good candidate thresholds
section,meta_I,B,broad_shape,O|in,H08,83,65,10,0.434,1,1,1,2,"qokain, dain, okain, sain, otain, qotain, shain, orain",0,0,0.229,0.423,16:0.120/0.407 24:0.253/0.458 32:0.169/0.425 48:0.253/0.405 64:0.349/0.418,low_reliability_or_unlikely,does not meet good candidate thresholds
section,meta_I,B,broad_shape,O|l,R06,160,98,21,0.419,1,1,1,6,"ol, qokal, qol, dal, dol, sol, otal, chol",1,5,0.584,0.452,16:0.625/0.439 24:0.581/0.451 32:0.613/0.462 48:0.588/0.452 64:0.512/0.459,low_reliability_or_unlikely,does not meet good candidate thresholds
section,meta_I,B,broad_shape,O|r,R06,63,53,17,0.524,1,1,1,4,"dar, qokar, or, otar, sar, sor, okar, qotar",0,4,0.54,0.45,16:0.587/0.431 24:0.540/0.461 32:0.540/0.455 48:0.556/0.452 64:0.476/0.449,low_reliability_or_unlikely,does not meet good candidate thresholds
section,meta_I,B,broad_shape,XGX|y,R00,29,25,7,0.517,1,1,1,1,"chckhy, chcthy, shckhy, qckhsy, shcthy, qcthy, ckhy",2,4,0.931,0.439,16:0.931/0.390 24:0.966/0.444 32:0.897/0.489 48:0.966/0.412 64:0.897/0.462,low_reliability_or_unlikely,does not meet good candidate thresholds
section,meta_I,C,broad_shape,O|l,R06,24,17,12,0.417,1,2,2,6,"dal, ol, al, qokal, chol, okol, orol, qokol",3,4,0.642,0.457,16:0.708/0.461 24:0.625/0.452 32:0.708/0.480 48:0.708/0.428 64:0.458/0.462,low_reliability_or_unlikely,does not meet good candidate thresholds
section,meta_I,C,broad_shape,O|r,R06,26,22,12,0.615,1,2,2,5,"okar, dar, ar, sar, shor, or, char, oar",0,1,0.438,0.516,16:0.538/0.497 24:0.385/0.512 32:0.462/0.513 48:0.462/0.541 64:0.346/0.518,low_reliability_or_unlikely,does not meet good candidate thresholds
section,meta_I,H,broad_shape,BO|NONE,R00,19,18,9,0.526,1,1,1,2,"cho, dcho, qokcho, dsho, otcho, osho, ycho, ssho",0,0,0.295,0.499,16:0.263/0.493 24:0.421/0.516 32:0.316/0.508 48:0.158/0.500 64:0.316/0.478,low_reliability_or_unlikely,does not meet good candidate thresholds
section,meta_I,H,broad_shape,B|ey,R00,16,15,13,0.5,1,2,2,2,"okchey, dchey, sshey, schey, qotshey, ochey, qotchey, qokchey",0,4,0.5,0.459,16:0.500/0.432 24:0.500/0.480 32:0.625/0.444 48:0.312/0.455 64:0.562/0.485,low_reliability_or_unlikely,does not meet good candidate thresholds
section,meta_I,H,broad_shape,B|ol,R06,15,15,9,0.4,1,1,1,2,"otchol, ychol, qotchol, dchol, okchol, qokshol, ochol, oshol",1,4,0.533,0.485,16:0.533/0.486 24:0.467/0.496 32:0.533/0.465 48:0.533/0.482 64:0.600/0.497,low_reliability_or_unlikely,does not meet good candidate thresholds
section,meta_I,H,broad_shape,B|or,R06,20,20,10,0.5,1,1,1,2,"dchor, ychor, otchor, okchor, ochor, qokchor, okshor, yshor",4,5,0.6,0.488,16:0.600/0.503 24:0.550/0.500 32:0.600/0.496 48:0.600/0.476 64:0.650/0.462,low_reliability_or_unlikely,does not meet good candidate thresholds
section,meta_I,H,broad_shape,B|y,R00,41,37,13,0.561,1,2,3,2,"chy, qokchy, qotchy, okchy, dchy, dshy, okshy, orshy",1,3,0.522,0.452,16:0.512/0.437 24:0.585/0.461 32:0.610/0.454 48:0.439/0.459 64:0.463/0.450,low_reliability_or_unlikely,does not meet good candidate thresholds
section,meta_I,H,broad_shape,D|y,R02,37,35,9,0.595,1,2,3,2,"dy, chdy, ody, oldy, qody, shdy, ddy, ydy",0,0,0.0,0.469,16:0.000/0.452 24:0.000/0.452 32:0.000/0.460 48:0.000/0.466 64:0.000/0.513,low_reliability_or_unlikely,does not meet good candidate thresholds
section,meta_I,H,broad_shape,E|dy,H12,28,21,6,0.286,1,1,3,1,"qokedy, chedy, shedy, qotedy, otedy, okedy",0,0,0.0,0.404,16:0.000/0.384 24:0.000/0.433 32:0.000/0.383 48:0.000/0.378 64:0.000/0.443,low_reliability_or_unlikely,does not meet good candidate thresholds
section,meta_I,H,broad_shape,E|ey,R06,17,17,6,0.647,1,2,2,3,"qokeey, okeey, sheey, cheey, deey, oteey",0,0,0.365,0.457,16:0.412/0.429 24:0.294/0.484 32:0.353/0.426 48:0.353/0.424 64:0.412/0.521,low_reliability_or_unlikely,does not meet good candidate thresholds
section,meta_I,H,broad_shape,E|ol,R06,20,16,8,0.5,1,2,2,2,"sheol, qokeol, cheol, okeeol, okeol, qoteeol, deeol, deol",0,4,0.55,0.443,16:0.650/0.434 24:0.450/0.485 32:0.600/0.443 48:0.500/0.441 64:0.550/0.411,low_reliability_or_unlikely,does not meet good candidate thresholds
section,meta_I,H,broad_shape,E|y,R06,21,20,5,0.81,1,2,2,2,"shey, chey, qokey, okey, otey",5,5,0.705,0.507,16:0.762/0.450 24:0.667/0.481 32:0.667/0.458 48:0.667/0.459 64:0.762/0.689,low_reliability_or_unlikely,does not meet good candidate thresholds
section,meta_I,H,broad_shape,GB|or,R06,17,16,10,0.765,1,2,2,3,"tchor, kchor, ytchor, chtchor, opchor, tshor, fshor, yfchor",0,0,0.106,0.42,16:0.000/0.369 24:0.059/0.407 32:0.059/0.418 48:0.176/0.453 64:0.235/0.454,low_reliability_or_unlikely,does not meet good candidate thresholds
section,meta_I,H,broad_shape,GB|y,R06,29,21,14,0.793,1,2,2,3,"kchy, tchy, ykchy, ytchy, ykshy, opchy, chkchy, qopchy",0,0,0.014,0.422,16:0.000/0.392 24:0.000/0.429 32:0.000/0.430 48:0.034/0.431 64:0.034/0.429,low_reliability_or_unlikely,does not meet good candidate thresholds
section,meta_I,H,broad_shape,G|aiin,R06,20,19,7,0.75,1,2,2,1,"ykaiin, kaiin, taiin, chkaiin, olkaiin, ytaiin, shkaiin",0,0,0.05,0.44,16:0.000/0.442 24:0.000/0.456 32:0.050/0.436 48:0.050/0.432 64:0.150/0.433,low_reliability_or_unlikely,does not meet good candidate thresholds
section,meta_I,H,broad_shape,G|y,R00,44,37,9,0.386,1,2,3,2,"oky, qoky, qoty, oty, chky, yty, yky, ty",2,5,0.982,0.447,16:1.000/0.423 24:1.000/0.460 32:1.000/0.455 48:0.955/0.448 64:0.955/0.449,low_reliability_or_unlikely,does not meet good candidate thresholds
section,meta_I,H,broad_shape,OL|y,R00,15,13,9,0.533,1,2,2,2,"dary, okary, choly, chory, chorly, daly, okaly, qokaly",4,5,0.693,0.472,16:0.667/0.467 24:0.800/0.475 32:0.800/0.465 48:0.533/0.479 64:0.667/0.475,low_reliability_or_unlikely,does not meet good candidate thresholds
section,meta_I,H,broad_shape,O|dy,R00,22,22,6,0.773,1,2,3,2,"chody, shody, qokody, dady, qotody, otody",0,2,0.436,0.445,16:0.318/0.454 24:0.636/0.440 32:0.409/0.442 48:0.500/0.438 64:0.318/0.452,low_reliability_or_unlikely,does not meet good candidate thresholds
section,meta_I,H,broad_shape,O|iin,R10,148,116,15,0.662,1,2,3,3,"daiin, aiin, okaiin, saiin, otaiin, chaiin, qokaiin, qotaiin",0,1,0.111,0.497,16:0.000/0.443 24:0.000/0.469 32:0.000/0.438 48:0.000/0.464 64:0.554/0.670,low_reliability_or_unlikely,does not meet good candidate thresholds
section,meta_I,H,broad_shape,O|in,R06,24,24,6,0.708,1,2,2,3,"dain, okain, otain, shain, ain, chain",3,4,0.575,0.485,16:0.667/0.475 24:0.417/0.489 32:0.500/0.475 48:0.667/0.490 64:0.625/0.495,low_reliability_or_unlikely,does not meet good candidate thresholds
section,meta_I,H,broad_shape,O|l,R07,137,101,18,0.511,1,2,4,2,"chol, shol, ol, dal, qokol, okol, okal, dol",0,0,0.0,0.454,16:0.000/0.445 24:0.000/0.444 32:0.000/0.470 48:0.000/0.457 64:0.000/0.453,low_reliability_or_unlikely,does not meet good candidate thresholds
section,meta_I,H,broad_shape,O|m,R06,31,28,16,0.677,1,2,2,2,"dam, qokam, otam, am, sham, om, chom, shom",0,2,0.413,0.473,16:0.677/0.444 24:0.323/0.476 32:0.258/0.474 48:0.516/0.501 64:0.290/0.470,low_reliability_or_unlikely,does not meet good candidate thresholds
section,meta_I,H,broad_shape,O|r,R06,146,98,19,0.514,1,2,3,4,"chor, or, dar, ar, shor, dor, otor, okar",4,5,0.659,0.459,16:0.740/0.455 24:0.548/0.457 32:0.705/0.463 48:0.692/0.467 64:0.610/0.450,low_reliability_or_unlikely,does not meet good candidate thresholds
section,meta_I,H,broad_shape,XGX|ol,R07,23,22,5,0.652,1,2,2,1,"cthol, cphol, ckhol, chckhol, chcfhol",0,0,0.0,0.392,16:0.000/0.351 24:0.000/0.360 32:0.000/0.378 48:0.000/0.406 64:0.000/0.462,low_reliability_or_unlikely,does not meet good candidate thresholds
section,meta_I,H,broad_shape,XGX|or,R04,17,17,4,0.765,1,1,1,2,"cthor, ckhor, chcthor, chckhor",0,0,0.0,0.402,16:0.000/0.365 24:0.000/0.373 32:0.000/0.385 48:0.000/0.447 64:0.000/0.439,low_reliability_or_unlikely,does not meet good candidate thresholds
section,meta_I,H,broad_shape,XGX|y,R00,43,39,10,0.535,1,2,2,2,"cthy, chckhy, ckhy, cphy, chcthy, cfhy, ockhy, qockhy",3,5,0.991,0.445,16:1.000/0.410 24:1.000/0.438 32:1.000/0.476 48:0.977/0.451 64:0.977/0.450,low_reliability_or_unlikely,does not meet good candidate thresholds
section,meta_I,H,broad_shape,X|NONE,R06,27,27,2,0.926,1,2,2,3,"s, g",0,2,0.519,0.461,16:0.926/0.426 24:0.222/0.464 32:0.481/0.469 48:0.593/0.472 64:0.370/0.473,low_reliability_or_unlikely,does not meet good candidate thresholds
section,meta_I,H,broad_shape,X|y,R06,18,18,2,1.0,1,2,2,2,"shy, sy",3,5,0.756,0.468,16:1.000/0.441 24:0.667/0.481 32:0.667/0.458 48:0.833/0.445 64:0.611/0.512,low_reliability_or_unlikely,does not meet good candidate thresholds
section,meta_I,P,broad_shape,EO|dy,R00,16,11,6,0.5,1,1,1,2,"qokeody, cheody, okeody, sheody, okeady, oteody",2,4,0.562,0.473,16:0.625/0.463 24:0.562/0.514 32:0.438/0.439 48:0.625/0.452 64:0.562/0.498,low_reliability_or_unlikely,does not meet good candidate thresholds
section,meta_I,P,broad_shape,O|l,R07,34,23,11,0.529,1,1,1,2,"chol, okol, qokol, dol, dal, ol, orol, shol",0,0,0.0,0.458,16:0.000/0.444 24:0.000/0.461 32:0.000/0.473 48:0.000/0.442 64:0.000/0.468,low_reliability_or_unlikely,does not meet good candidate thresholds
section,meta_I,P,broad_shape,O|r,R06,17,16,10,0.412,1,1,1,2,"chor, or, otor, qoor, dar, orar, oror, shor",0,3,0.518,0.546,16:0.588/0.539 24:0.412/0.540 32:0.529/0.544 48:0.588/0.563 64:0.471/0.541,low_reliability_or_unlikely,does not meet good candidate thresholds
section,meta_I,S,broad_shape,B|ey,R00,16,16,12,0.375,1,1,1,1,"qokchey, olchey, qochey, sshey, oshey, qokshey, yshey, dchey",0,1,0.338,0.474,16:0.250/0.450 24:0.188/0.503 32:0.500/0.470 48:0.312/0.456 64:0.438/0.490,low_reliability_or_unlikely,does not meet good candidate thresholds
section,meta_I,S,broad_shape,E|ar,R00,19,17,9,0.579,1,2,1,2,"chear, shear, qokear, qokeear, ear, cheear, qeear, okear",0,2,0.4,0.427,16:0.158/0.416 24:0.526/0.447 32:0.632/0.404 48:0.368/0.409 64:0.316/0.457,low_reliability_or_unlikely,does not meet good candidate thresholds
section,meta_I,S,broad_shape,E|dy,R02,100,69,6,0.41,1,1,2,2,"chedy, shedy, qokedy, otedy, qotedy, okedy",0,0,0.062,0.401,16:0.000/0.386 24:0.000/0.425 32:0.000/0.375 48:0.000/0.383 64:0.310/0.434,low_reliability_or_unlikely,does not meet good candidate thresholds
section,meta_I,S,broad_shape,E|edy,H01,73,54,9,0.548,1,1,2,1,"qokeedy, okeedy, qoteedy, sheedy, oteedy, qoeedy, cheedy, oeedy",0,0,0.079,0.375,16:0.000/0.375 24:0.000/0.415 32:0.315/0.332 48:0.000/0.369 64:0.082/0.381,low_reliability_or_unlikely,does not meet good candidate thresholds
section,meta_I,S,broad_shape,E|ey,R06,94,72,8,0.457,1,2,2,2,"qokeey, okeey, cheey, sheey, oteey, qoeey, qoteey, oleey",0,0,0.245,0.427,16:0.287/0.404 24:0.245/0.439 32:0.149/0.413 48:0.277/0.410 64:0.266/0.467,low_reliability_or_unlikely,does not meet good candidate thresholds
section,meta_I,S,broad_shape,E|ol,R00,22,20,5,0.727,1,2,2,1,"cheol, qokeol, okeol, qoteol, qeol",0,1,0.364,0.416,16:0.182/0.417 24:0.364/0.442 32:0.545/0.414 48:0.318/0.405 64:0.409/0.403,low_reliability_or_unlikely,does not meet good candidate thresholds
section,meta_I,S,broad_shape,E|y,R06,60,54,6,0.767,1,2,2,2,"chey, shey, qokey, otey, okey, qotey",2,4,0.607,0.483,16:0.733/0.422 24:0.650/0.453 32:0.350/0.425 48:0.600/0.430 64:0.700/0.685,low_reliability_or_unlikely,does not meet good candidate thresholds
section,meta_I,S,broad_shape,GB|edy,R00,16,14,10,0.625,1,1,2,2,"opchedy, kchedy, fchedy, olkchedy, tshedy, pchedy, tchedy, ytchedy",0,3,0.887,0.395,16:0.875/0.357 24:1.000/0.361 32:0.938/0.403 48:0.812/0.429 64:0.812/0.424,low_reliability_or_unlikely,does not meet good candidate thresholds
section,meta_I,S,broad_shape,G|y,H01,21,21,8,0.381,1,2,2,1,"qoky, oky, oty, qoty, shky, chky, shty, orky",0,0,0.0,0.462,16:0.000/0.445 24:0.000/0.461 32:0.000/0.474 48:0.000/0.452 64:0.000/0.479,low_reliability_or_unlikely,does not meet good candidate thresholds
section,meta_I,S,broad_shape,LB|edy,R00,16,16,2,1.0,1,2,1,1,"lchedy, lshedy",0,1,0.3,0.453,16:0.000/0.437 24:0.500/0.462 32:0.312/0.451 48:0.250/0.451 64:0.438/0.466,low_reliability_or_unlikely,does not meet good candidate thresholds
section,meta_I,S,broad_shape,OE|r,R06,19,17,6,0.421,1,2,1,1,"dair, sair, air, qokair, qotair, otair",3,3,0.568,0.474,16:0.632/0.465 24:0.632/0.483 32:0.474/0.468 48:0.632/0.460 64:0.474/0.492,low_reliability_or_unlikely,does not meet good candidate thresholds
section,meta_I,S,broad_shape,O|iin,R10,128,91,17,0.406,1,2,2,2,"aiin, daiin, qokaiin, okaiin, saiin, otaiin, qotaiin, oraiin",0,0,0.014,0.465,16:0.000/0.442 24:0.000/0.459 32:0.000/0.437 48:0.000/0.423 64:0.070/0.562,low_reliability_or_unlikely,does not meet good candidate thresholds
section,meta_I,S,broad_shape,O|in,R06,87,62,12,0.276,1,2,1,1,"qokain, okain, otain, dain, qotain, ain, sain, oain",0,0,0.306,0.427,16:0.333/0.422 24:0.310/0.444 32:0.276/0.417 48:0.345/0.408 64:0.264/0.443,low_reliability_or_unlikely,does not meet good candidate thresholds
section,meta_I,S,broad_shape,O|l,R07,113,83,18,0.319,1,2,2,3,"okal, chol, al, ol, qokal, chal, dal, otal",0,0,0.0,0.441,16:0.000/0.433 24:0.000/0.435 32:0.000/0.446 48:0.000/0.441 64:0.000/0.448,low_reliability_or_unlikely,does not meet good candidate thresholds
section,meta_I,S,broad_shape,O|m,R06,16,16,8,0.75,1,2,1,2,"otam, am, dam, qokam, om, oam, olam, okam",0,0,0.113,0.48,16:0.312/0.455 24:0.062/0.452 32:0.000/0.469 48:0.125/0.522 64:0.062/0.502,low_reliability_or_unlikely,does not meet good candidate thresholds
section,meta_I,S,broad_shape,O|r,R06,93,67,23,0.527,1,2,2,3,"ar, qokar, or, dar, otar, chor, okar, char",0,3,0.538,0.456,16:0.667/0.437 24:0.484/0.469 32:0.505/0.443 48:0.570/0.464 64:0.462/0.465,low_reliability_or_unlikely,does not meet good candidate thresholds
section,meta_I,S,broad_shape,XGX|y,R00,27,26,8,0.556,1,2,1,1,"chckhy, chcthy, shckhy, qocthy, dckhy, shcthy, cfhy, qockhy",1,5,0.941,0.449,16:0.963/0.421 24:1.000/0.445 32:0.963/0.494 48:0.963/0.433 64:0.815/0.449,low_reliability_or_unlikely,does not meet good candidate thresholds
section,meta_I,T,broad_shape,E|dy,R06,35,22,5,0.457,1,1,2,2,"shedy, chedy, qokedy, okedy, otedy",1,2,0.589,0.449,16:0.714/0.400 24:0.657/0.494 32:0.429/0.420 48:0.714/0.447 64:0.429/0.482,low_reliability_or_unlikely,does not meet good candidate thresholds
section,meta_I,T,broad_shape,E|y,R06,19,15,4,0.632,1,2,3,2,"chey, qokey, shey, okey",3,4,0.579,0.504,16:0.632/0.444 24:0.632/0.483 32:0.368/0.466 48:0.632/0.478 64:0.632/0.649,low_reliability_or_unlikely,does not meet good candidate thresholds
section,meta_I,T,broad_shape,O|iin,R10,18,15,7,0.444,1,1,2,3,"daiin, qokaiin, saiin, aiin, okaiin, qoaiin, oraiin",0,0,0.022,0.526,16:0.000/0.505 24:0.000/0.512 32:0.000/0.505 48:0.000/0.506 64:0.111/0.604,low_reliability_or_unlikely,does not meet good candidate thresholds
section,meta_I,T,broad_shape,O|in,R06,23,18,8,0.522,1,2,2,2,"dain, okain, sain, olain, otain, qokain, qotain, ain",1,3,0.496,0.451,16:0.609/0.461 24:0.565/0.455 32:0.348/0.447 48:0.565/0.435 64:0.391/0.456,low_reliability_or_unlikely,does not meet good candidate thresholds
section,meta_I,T,broad_shape,O|l,R06,23,17,12,0.261,1,1,2,1,"qokal, ol, al, okal, qol, qotal, chol, shol",0,4,0.504,0.405,16:0.565/0.403 24:0.565/0.400 32:0.565/0.440 48:0.565/0.401 64:0.261/0.381,low_reliability_or_unlikely,does not meet good candidate thresholds
section,meta_I,T,broad_shape,O|r,R06,29,21,11,0.448,1,3,4,3,"qokar, okar, or, dar, chor, sor, ar, oror",0,2,0.462,0.442,16:0.552/0.427 24:0.379/0.442 32:0.517/0.450 48:0.483/0.437 64:0.379/0.452,low_reliability_or_unlikely,does not meet good candidate thresholds
section,meta_I,B,stolfi_inspired_signature,G_k|S_EDY|T_dy,H12,74,51,2,0.716,1,1,1,3,"qokedy, okedy",0,0,0.0,0.354,16:0.000/0.325 24:0.000/0.432 32:0.000/0.312 48:0.000/0.346 64:0.000/0.352,low_reliability_or_unlikely,does not meet good candidate thresholds
section,meta_I,B,stolfi_inspired_signature,G_k|S_EDY|T_edy,H01,63,50,2,0.73,1,1,1,2,"qokeedy, okeedy",0,0,0.054,0.373,16:0.000/0.341 24:0.000/0.432 32:0.270/0.353 48:0.000/0.365 64:0.000/0.375,low_reliability_or_unlikely,does not meet good candidate thresholds
section,meta_I,B,stolfi_inspired_signature,G_k|S_EY|T_ey,H08,28,25,2,0.893,1,1,1,3,"qokeey, okeey",0,0,0.429,0.383,16:0.393/0.387 24:0.429/0.422 32:0.464/0.395 48:0.357/0.348 64:0.500/0.362,low_reliability_or_unlikely,does not meet good candidate thresholds
section,meta_I,B,stolfi_inspired_signature,G_k|S_GY|T_y,H01,28,27,3,0.857,1,1,1,3,"qoky, olky, oky",0,0,0.0,0.459,16:0.000/0.431 24:0.000/0.541 32:0.000/0.435 48:0.000/0.459 64:0.000/0.430,low_reliability_or_unlikely,does not meet good candidate thresholds
section,meta_I,B,stolfi_inspired_signature,G_k|S_OEL|T_in,H08,47,42,3,0.766,1,1,1,2,"qokain, okain, qokoin",0,0,0.396,0.405,16:0.213/0.383 24:0.447/0.465 32:0.298/0.417 48:0.447/0.377 64:0.574/0.382,low_reliability_or_unlikely,does not meet good candidate thresholds
section,meta_I,B,stolfi_inspired_signature,G_k|S_OIL|T_iin,R10,19,19,2,0.526,1,1,1,2,"okaiin, qokaiin",0,0,0.0,0.398,16:0.000/0.380 24:0.000/0.428 32:0.000/0.400 48:0.000/0.388 64:0.000/0.396,low_reliability_or_unlikely,does not meet good candidate thresholds
section,meta_I,B,stolfi_inspired_signature,G_k|S_OL|T_l,H08,32,26,4,0.75,1,1,1,3,"qokal, qokol, okol, okal",0,1,0.362,0.43,16:0.250/0.386 24:0.438/0.485 32:0.219/0.447 48:0.406/0.409 64:0.500/0.423,low_reliability_or_unlikely,does not meet good candidate thresholds
section,meta_I,B,stolfi_inspired_signature,G_k|S_OL|T_r,R03,16,16,4,0.875,1,1,1,3,"qokar, okar, okor, qokor",0,0,0.0,0.424,16:0.000/0.408 24:0.000/0.475 32:0.000/0.438 48:0.000/0.389 64:0.000/0.412,low_reliability_or_unlikely,does not meet good candidate thresholds
section,meta_I,B,stolfi_inspired_signature,G_k|S_XGXY|T_y,R00,20,18,4,0.7,1,1,1,1,"chckhy, shckhy, qckhsy, ckhy",4,5,0.92,0.469,16:0.900/0.419 24:0.950/0.504 32:0.900/0.481 48:0.950/0.466 64:0.900/0.476,low_reliability_or_unlikely,does not meet good candidate thresholds
section,meta_I,B,stolfi_inspired_signature,G_t|S_EDY|T_dy,R01,27,24,2,0.519,1,1,1,3,"otedy, qotedy",0,0,0.0,0.341,16:0.000/0.350 24:0.000/0.343 32:0.000/0.320 48:0.000/0.315 64:0.000/0.374,low_reliability_or_unlikely,does not meet good candidate thresholds
section,meta_I,B,stolfi_inspired_signature,G_t|S_EDY|T_edy,H01,22,19,2,0.682,1,1,1,1,"qoteedy, oteedy",0,0,0.1,0.318,16:0.000/0.314 24:0.000/0.323 32:0.045/0.285 48:0.000/0.281 64:0.455/0.388,low_reliability_or_unlikely,does not meet good candidate thresholds
section,meta_I,B,stolfi_inspired_signature,G_t|S_OL|T_l,H13,17,14,4,0.529,1,1,1,2,"qotal, otal, qotol, otol",0,0,0.035,0.326,16:0.000/0.347 24:0.000/0.306 32:0.000/0.284 48:0.000/0.312 64:0.176/0.383,low_reliability_or_unlikely,does not meet good candidate thresholds
section,meta_I,B,stolfi_inspired_signature,NG|S_BEDY|T_edy,R00,28,27,9,0.571,1,1,1,2,"olchedy, dshedy, dchedy, olshedy, yshedy, ychedy, sshedy, schedy",0,0,0.214,0.54,16:0.143/0.528 24:0.250/0.545 32:0.286/0.540 48:0.179/0.549 64:0.214/0.535,low_reliability_or_unlikely,does not meet good candidate thresholds
section,meta_I,B,stolfi_inspired_signature,NG|S_DY|T_y,R02,25,23,5,0.84,1,1,1,2,"dy, chdy, oldy, ydy, shdy",0,0,0.0,0.472,16:0.000/0.456 24:0.000/0.480 32:0.000/0.477 48:0.000/0.485 64:0.000/0.464,low_reliability_or_unlikely,does not meet good candidate thresholds
section,meta_I,B,stolfi_inspired_signature,NG|S_EDY|T_dy,R06,92,75,3,0.598,1,1,1,2,"shedy, chedy, dedy",4,5,0.883,0.466,16:0.989/0.449 24:0.783/0.479 32:0.957/0.451 48:0.924/0.459 64:0.761/0.491,low_reliability_or_unlikely,does not meet good candidate thresholds
section,meta_I,B,stolfi_inspired_signature,NG|S_EDY|T_edy,R06,22,20,3,0.864,1,1,1,1,"sheedy, cheedy, qoeedy",4,5,0.873,0.468,16:0.955/0.450 24:0.773/0.480 32:0.909/0.453 48:0.864/0.477 64:0.864/0.483,low_reliability_or_unlikely,does not meet good candidate thresholds
section,meta_I,B,stolfi_inspired_signature,NG|S_EY|T_y,R06,24,24,3,0.958,1,1,1,1,"shey, chey, qey",4,5,0.975,0.523,16:1.000/0.449 24:0.958/0.512 32:0.917/0.458 48:1.000/0.490 64:1.000/0.708,low_reliability_or_unlikely,does not meet good candidate thresholds
section,meta_I,B,stolfi_inspired_signature,NG|S_LBEDY|T_edy,R00,21,21,5,1.0,1,1,1,1,"lchedy, lshedy, qolchedy, qorchedy, rshedy",0,1,0.295,0.482,16:0.238/0.482 24:0.524/0.487 32:0.190/0.479 48:0.238/0.484 64:0.286/0.480,low_reliability_or_unlikely,does not meet good candidate thresholds
section,meta_I,B,stolfi_inspired_signature,NG|S_LY|T_y,R06,16,16,5,0.562,1,1,1,3,"oly, ly, ory, dly, qoly",0,1,0.388,0.491,16:0.562/0.458 24:0.312/0.482 32:0.312/0.497 48:0.312/0.522 64:0.438/0.494,low_reliability_or_unlikely,does not meet good candidate thresholds
section,meta_I,B,stolfi_inspired_signature,NG|S_OEL|T_in,R06,24,21,5,0.958,1,1,1,1,"dain, sain, shain, orain, ain",5,5,0.892,0.513,16:1.000/0.506 24:0.833/0.517 32:0.875/0.508 48:0.875/0.519 64:0.875/0.514,low_reliability_or_unlikely,does not meet good candidate thresholds
section,meta_I,B,stolfi_inspired_signature,NG|S_OIL|T_iin,R06,36,32,5,0.528,1,1,1,2,"daiin, saiin, aiin, olaiin, soiin",4,5,0.833,0.519,16:0.972/0.476 24:0.778/0.481 32:0.889/0.471 48:0.944/0.502 64:0.583/0.662,low_reliability_or_unlikely,does not meet good candidate thresholds
section,meta_I,B,stolfi_inspired_signature,NG|S_OL|T_l,R06,111,75,13,0.604,1,1,1,4,"ol, qol, dal, dol, sol, chol, sal, chal",5,5,0.841,0.478,16:0.901/0.468 24:0.838/0.464 32:0.883/0.493 48:0.847/0.486 64:0.739/0.481,low_reliability_or_unlikely,does not meet good candidate thresholds
section,meta_I,B,stolfi_inspired_signature,NG|S_OL|T_r,R06,38,34,10,0.868,1,1,1,2,"dar, or, sar, sor, oror, qor, ar, dor",5,5,0.874,0.492,16:0.974/0.470 24:0.895/0.490 32:0.868/0.494 48:0.895/0.521 64:0.737/0.484,low_reliability_or_unlikely,does not meet good candidate thresholds
section,meta_I,C,stolfi_inspired_signature,NG|S_OL|T_l,R06,20,15,9,0.5,1,2,2,6,"dal, ol, al, chol, orol, sol, yol, oal",3,5,0.77,0.465,16:0.850/0.475 24:0.750/0.453 32:0.850/0.487 48:0.850/0.434 64:0.550/0.474,low_reliability_or_unlikely,does not meet good candidate thresholds
section,meta_I,C,stolfi_inspired_signature,NG|S_OL|T_r,R06,18,15,8,0.889,1,2,2,4,"ar, dar, sar, or, shor, char, oar, dor",3,5,0.633,0.513,16:0.778/0.495 24:0.556/0.507 32:0.667/0.521 48:0.667/0.543 64:0.500/0.501,low_reliability_or_unlikely,does not meet good candidate thresholds
section,meta_I,H,stolfi_inspired_signature,G_k|S_GBY|T_y,R06,16,13,7,0.875,1,2,2,1,"kchy, ykchy, ykshy, chkchy, shkchy, shkshy, kshy",0,0,0.0,0.47,16:0.000/0.454 24:0.000/0.506 32:0.000/0.450 48:0.000/0.466 64:0.000/0.474,low_reliability_or_unlikely,does not meet good candidate thresholds
section,meta_I,H,stolfi_inspired_signature,G_k|S_GOIL|T_aiin,R06,15,14,5,0.667,1,2,2,1,"ykaiin, kaiin, chkaiin, olkaiin, shkaiin",0,0,0.027,0.451,16:0.000/0.453 24:0.000/0.480 32:0.067/0.441 48:0.000/0.448 64:0.067/0.432,low_reliability_or_unlikely,does not meet good candidate thresholds
section,meta_I,H,stolfi_inspired_signature,G_k|S_GY|T_y,R00,28,25,4,0.571,1,2,3,2,"oky, qoky, chky, yky",5,5,0.986,0.485,16:1.000/0.457 24:1.000/0.524 32:1.000/0.477 48:0.964/0.483 64:0.964/0.484,low_reliability_or_unlikely,does not meet good candidate thresholds
section,meta_I,H,stolfi_inspired_signature,G_k|S_OIL|T_iin,R10,16,15,2,0.688,1,2,2,1,"okaiin, qokaiin",0,0,0.0,0.439,16:0.000/0.419 24:0.000/0.460 32:0.000/0.442 48:0.000/0.438 64:0.000/0.433,low_reliability_or_unlikely,does not meet good candidate thresholds
section,meta_I,H,stolfi_inspired_signature,G_k|S_OL|T_l,R07,22,21,4,0.591,1,2,4,1,"qokol, okol, okal, qokal",0,0,0.0,0.433,16:0.000/0.414 24:0.000/0.475 32:0.000/0.433 48:0.000/0.424 64:0.000/0.419,low_reliability_or_unlikely,does not meet good candidate thresholds
section,meta_I,H,stolfi_inspired_signature,G_k|S_OL|T_r,R03,16,13,4,0.688,1,2,2,2,"okar, qokar, okor, qokor",0,0,0.0,0.442,16:0.000/0.445 24:0.000/0.439 32:0.000/0.433 48:0.000/0.441 64:0.000/0.451,low_reliability_or_unlikely,does not meet good candidate thresholds
section,meta_I,H,stolfi_inspired_signature,G_t|S_GY|T_y,H01,16,13,5,0.375,1,2,3,2,"qoty, oty, yty, ty, chty",0,0,0.0,0.38,16:0.000/0.362 24:0.000/0.349 32:0.000/0.417 48:0.000/0.386 64:0.000/0.387,low_reliability_or_unlikely,does not meet good candidate thresholds
section,meta_I,H,stolfi_inspired_signature,G_t|S_XGXY|T_y,R04,18,18,3,0.944,1,1,1,2,"cthy, chcthy, dcthy",0,0,0.0,0.388,16:0.000/0.337 24:0.000/0.339 32:0.000/0.438 48:0.000/0.408 64:0.000/0.417,low_reliability_or_unlikely,does not meet good candidate thresholds
section,meta_I,H,stolfi_inspired_signature,NG|S_BO|T_NONE,R00,15,15,6,0.533,1,1,1,2,"cho, dcho, dsho, ycho, osho, ssho",0,0,0.173,0.514,16:0.067/0.512 24:0.333/0.526 32:0.133/0.526 48:0.067/0.514 64:0.267/0.490,low_reliability_or_unlikely,does not meet good candidate thresholds
section,meta_I,H,stolfi_inspired_signature,NG|S_BY|T_y,R00,21,20,6,0.81,1,2,2,2,"chy, dchy, dshy, orshy, ochy, olchy",0,0,0.143,0.487,16:0.048/0.480 24:0.190/0.495 32:0.238/0.494 48:0.048/0.490 64:0.190/0.476,low_reliability_or_unlikely,does not meet good candidate thresholds
section,meta_I,H,stolfi_inspired_signature,NG|S_DY|T_y,R02,36,34,8,0.611,1,2,3,2,"dy, chdy, ody, oldy, qody, shdy, ydy, ddy",0,0,0.0,0.471,16:0.000/0.456 24:0.000/0.456 32:0.000/0.460 48:0.000/0.467 64:0.000/0.515,low_reliability_or_unlikely,does not meet good candidate thresholds
section,meta_I,H,stolfi_inspired_signature,NG|S_EY|T_y,R06,17,16,2,1.0,1,2,2,2,"shey, chey",4,5,0.871,0.518,16:0.941/0.447 24:0.824/0.483 32:0.824/0.461 48:0.824/0.462 64:0.941/0.740,low_reliability_or_unlikely,does not meet good candidate thresholds
section,meta_I,H,stolfi_inspired_signature,NG|S_ODY|T_dy,R00,18,18,3,0.722,1,2,2,2,"chody, shody, dady",0,1,0.344,0.469,16:0.222/0.469 24:0.556/0.472 32:0.278/0.466 48:0.389/0.467 64:0.278/0.471,low_reliability_or_unlikely,does not meet good candidate thresholds
section,meta_I,H,stolfi_inspired_signature,NG|S_OEL|T_in,R06,18,18,4,0.944,1,2,2,3,"dain, shain, ain, chain",4,5,0.767,0.494,16:0.889/0.486 24:0.556/0.492 32:0.667/0.496 48:0.889/0.499 64:0.833/0.496,low_reliability_or_unlikely,does not meet good candidate thresholds
section,meta_I,H,stolfi_inspired_signature,NG|S_OIL|T_iin,R10,121,99,11,0.653,1,2,2,3,"daiin, aiin, saiin, chaiin, choiin, oaiin, doiin, soiin",1,1,0.136,0.513,16:0.000/0.451 24:0.000/0.479 32:0.000/0.441 48:0.000/0.468 64:0.678/0.724,low_reliability_or_unlikely,does not meet good candidate thresholds
section,meta_I,H,stolfi_inspired_signature,NG|S_OL|T_l,R07,111,83,11,0.514,1,2,3,2,"chol, shol, ol, dal, dol, al, sal, sol",0,0,0.0,0.462,16:0.000/0.453 24:0.000/0.441 32:0.000/0.482 48:0.000/0.468 64:0.000/0.463,low_reliability_or_unlikely,does not meet good candidate thresholds
section,meta_I,H,stolfi_inspired_signature,NG|S_OL|T_m,R06,24,22,11,0.792,1,2,2,2,"dam, am, sham, om, chom, shom, sam, olam",1,2,0.533,0.469,16:0.875/0.431 24:0.417/0.467 32:0.333/0.486 48:0.667/0.499 64:0.375/0.462,low_reliability_or_unlikely,does not meet good candidate thresholds
section,meta_I,H,stolfi_inspired_signature,NG|S_OL|T_r,R06,120,89,12,0.625,1,2,3,3,"chor, or, dar, ar, dor, shor, char, sor",5,5,0.793,0.471,16:0.900/0.465 24:0.667/0.470 32:0.858/0.479 48:0.825/0.487 64:0.717/0.456,low_reliability_or_unlikely,does not meet good candidate thresholds
section,meta_I,H,stolfi_inspired_signature,NG|S_XY|T_y,R06,18,18,2,1.0,1,2,2,2,"shy, sy",3,5,0.756,0.468,16:1.000/0.441 24:0.667/0.481 32:0.667/0.458 48:0.833/0.445 64:0.611/0.512,low_reliability_or_unlikely,does not meet good candidate thresholds
section,meta_I,H,stolfi_inspired_signature,NG|S_X|T_NONE,R06,27,27,2,0.926,1,2,2,3,"s, g",0,2,0.519,0.461,16:0.926/0.426 24:0.222/0.464 32:0.481/0.469 48:0.593/0.472 64:0.370/0.473,low_reliability_or_unlikely,does not meet good candidate thresholds
section,meta_I,P,stolfi_inspired_signature,NG|S_OL|T_l,R07,19,15,7,0.474,1,1,1,2,"chol, dol, ol, dal, orol, shol, sol",0,0,0.0,0.448,16:0.000/0.445 24:0.000/0.424 32:0.000/0.480 48:0.000/0.452 64:0.000/0.437,low_reliability_or_unlikely,does not meet good candidate thresholds
section,meta_I,S,stolfi_inspired_signature,G_k|S_EDY|T_dy,H12,22,20,2,0.864,1,1,2,1,"qokedy, okedy",0,0,0.0,0.333,16:0.000/0.314 24:0.000/0.400 32:0.000/0.301 48:0.000/0.322 64:0.000/0.327,low_reliability_or_unlikely,does not meet good candidate thresholds
section,meta_I,S,stolfi_inspired_signature,G_k|S_EDY|T_edy,H01,45,35,2,0.711,1,1,2,1,"qokeedy, okeedy",0,0,0.107,0.368,16:0.000/0.373 24:0.000/0.428 32:0.511/0.316 48:0.000/0.373 64:0.022/0.349,low_reliability_or_unlikely,does not meet good candidate thresholds
section,meta_I,S,stolfi_inspired_signature,G_k|S_EY|T_ey,H08,57,44,2,0.649,1,2,2,1,"qokeey, okeey",0,0,0.309,0.413,16:0.246/0.398 24:0.263/0.438 32:0.316/0.421 48:0.263/0.397 64:0.456/0.410,low_reliability_or_unlikely,does not meet good candidate thresholds
section,meta_I,S,stolfi_inspired_signature,G_k|S_GY|T_y,R00,15,15,5,0.467,1,2,1,1,"qoky, oky, shky, chky, orky",4,5,0.947,0.47,16:0.933/0.446 24:1.000/0.490 32:0.933/0.466 48:0.933/0.453 64:0.933/0.493,low_reliability_or_unlikely,does not meet good candidate thresholds
section,meta_I,S,stolfi_inspired_signature,G_k|S_OEL|T_in,H08,35,32,2,0.571,1,2,1,1,"qokain, okain",0,0,0.257,0.407,16:0.171/0.400 24:0.286/0.446 32:0.171/0.406 48:0.229/0.394 64:0.429/0.388,low_reliability_or_unlikely,does not meet good candidate thresholds
section,meta_I,S,stolfi_inspired_signature,G_k|S_OIL|T_iin,H08,38,31,2,0.579,1,2,1,1,"qokaiin, okaiin",0,0,0.337,0.389,16:0.237/0.393 24:0.211/0.437 32:0.289/0.395 48:0.316/0.349 64:0.632/0.372,low_reliability_or_unlikely,does not meet good candidate thresholds
section,meta_I,S,stolfi_inspired_signature,G_k|S_OL|T_l,R07,29,24,3,0.621,1,2,1,1,"okal, qokal, qokol",0,0,0.0,0.437,16:0.000/0.419 24:0.000/0.456 32:0.000/0.437 48:0.000/0.426 64:0.000/0.446,low_reliability_or_unlikely,does not meet good candidate thresholds
section,meta_I,S,stolfi_inspired_signature,G_k|S_OL|T_r,R03,16,13,4,0.812,1,2,1,2,"qokar, okar, qokor, okor",0,0,0.0,0.431,16:0.000/0.399 24:0.000/0.500 32:0.000/0.417 48:0.000/0.409 64:0.000/0.430,low_reliability_or_unlikely,does not meet good candidate thresholds
section,meta_I,S,stolfi_inspired_signature,G_k|S_XGXY|T_y,R00,19,18,4,0.737,1,2,1,1,"chckhy, shckhy, dckhy, qockhy",4,5,0.947,0.472,16:0.947/0.444 24:1.000/0.484 32:1.000/0.500 48:1.000/0.474 64:0.789/0.456,low_reliability_or_unlikely,does not meet good candidate thresholds
section,meta_I,S,stolfi_inspired_signature,G_t|S_EDY|T_dy,R01,18,16,2,0.667,1,1,1,2,"otedy, qotedy",0,0,0.0,0.296,16:0.000/0.310 24:0.000/0.306 32:0.000/0.268 48:0.000/0.241 64:0.000/0.356,low_reliability_or_unlikely,does not meet good candidate thresholds
section,meta_I,S,stolfi_inspired_signature,G_t|S_OEL|T_in,R00,22,20,2,0.636,1,2,1,1,"otain, qotain",0,0,0.955,0.329,16:1.000/0.324 24:1.000/0.325 32:1.000/0.302 48:0.955/0.301 64:0.818/0.392,low_reliability_or_unlikely,does not meet good candidate thresholds
section,meta_I,S,stolfi_inspired_signature,G_t|S_OIL|T_iin,R10,16,15,3,0.5,1,2,2,2,"otaiin, qotaiin, qotoiin",0,0,0.0,0.332,16:0.000/0.340 24:0.000/0.342 32:0.000/0.311 48:0.000/0.312 64:0.000/0.354,low_reliability_or_unlikely,does not meet good candidate thresholds
section,meta_I,S,stolfi_inspired_signature,NG|S_EDY|T_dy,R02,60,46,2,0.683,1,1,2,1,"chedy, shedy",0,1,0.103,0.457,16:0.000/0.435 24:0.000/0.470 32:0.000/0.434 48:0.000/0.448 64:0.517/0.496,low_reliability_or_unlikely,does not meet good candidate thresholds
section,meta_I,S,stolfi_inspired_signature,NG|S_EOL|T_ol,R00,16,15,2,1.0,1,2,2,1,"cheol, qeol",0,1,0.287,0.442,16:0.000/0.443 24:0.250/0.458 32:0.562/0.444 48:0.188/0.438 64:0.438/0.427,low_reliability_or_unlikely,does not meet good candidate thresholds
section,meta_I,S,stolfi_inspired_signature,NG|S_EY|T_ey,R06,28,26,4,0.821,1,2,2,1,"cheey, sheey, qoeey, oleey",3,5,0.807,0.488,16:0.964/0.440 24:0.821/0.481 32:0.500/0.443 48:0.893/0.473 64:0.857/0.602,low_reliability_or_unlikely,does not meet good candidate thresholds
section,meta_I,S,stolfi_inspired_signature,NG|S_EY|T_y,R06,46,41,2,1.0,1,2,2,2,"chey, shey",3,4,0.791,0.515,16:0.957/0.438 24:0.848/0.473 32:0.457/0.439 48:0.783/0.452 64:0.913/0.773,low_reliability_or_unlikely,does not meet good candidate thresholds
section,meta_I,S,stolfi_inspired_signature,NG|S_LBEDY|T_edy,R00,16,16,2,1.0,1,2,1,1,"lchedy, lshedy",0,1,0.3,0.453,16:0.000/0.437 24:0.500/0.462 32:0.312/0.451 48:0.250/0.451 64:0.438/0.466,low_reliability_or_unlikely,does not meet good candidate thresholds
section,meta_I,S,stolfi_inspired_signature,NG|S_OEL|T_in,R06,30,25,8,0.8,1,1,1,1,"dain, ain, sain, oain, qoain, olain, shain, chain",5,5,0.873,0.522,16:0.967/0.518 24:0.900/0.530 32:0.800/0.514 48:0.967/0.503 64:0.733/0.545,low_reliability_or_unlikely,does not meet good candidate thresholds
section,meta_I,S,stolfi_inspired_signature,NG|S_OIL|T_iin,R06,74,61,12,0.541,1,2,2,1,"aiin, daiin, saiin, qoaiin, oraiin, chaiin, yaiin, qaiin",5,5,0.876,0.532,16:1.000/0.489 24:0.919/0.496 32:0.689/0.486 48:0.905/0.484 64:0.865/0.705,low_reliability_or_unlikely,does not meet good candidate thresholds
section,meta_I,S,stolfi_inspired_signature,NG|S_OL|T_l,R06,74,62,12,0.473,1,2,2,3,"chol, al, ol, chal, dal, shol, qol, sol",2,5,0.803,0.46,16:0.919/0.450 24:0.838/0.447 32:0.865/0.477 48:0.865/0.469 64:0.527/0.457,low_reliability_or_unlikely,does not meet good candidate thresholds
section,meta_I,S,stolfi_inspired_signature,NG|S_OL|T_r,R06,65,51,15,0.754,1,2,2,2,"ar, or, chor, dar, char, shar, sar, qoar",5,5,0.769,0.482,16:0.954/0.464 24:0.692/0.488 32:0.723/0.476 48:0.815/0.505 64:0.662/0.479,low_reliability_or_unlikely,does not meet good candidate thresholds
section,meta_I,T,stolfi_inspired_signature,NG|S_EDY|T_dy,R06,25,17,2,0.64,1,1,2,2,"shedy, chedy",3,5,0.824,0.475,16:1.000/0.439 24:0.920/0.493 32:0.600/0.449 48:1.000/0.481 64:0.600/0.512,low_reliability_or_unlikely,does not meet good candidate thresholds
section,meta_I,T,stolfi_inspired_signature,NG|S_OL|T_r,R06,16,15,7,0.812,1,3,4,3,"or, dar, chor, sor, ar, oror, dor",5,5,0.825,0.49,16:1.000/0.465 24:0.688/0.499 32:0.875/0.486 48:0.875/0.502 64:0.688/0.499,low_reliability_or_unlikely,does not meet good candidate thresholds
currier,meta_L,A,surface_token,chol,R07,66,53,1,1.0,3,1,2,1,chol,0,0,0.0,0.442,16:0.000/0.443 24:0.000/0.417 32:0.000/0.466 48:0.000/0.442 64:0.000/0.442,low_reliability_or_unlikely,does not meet good candidate thresholds
currier,meta_L,A,surface_token,chor,R11,41,40,1,1.0,4,1,2,4,chor,0,0,0.0,0.463,16:0.000/0.453 24:0.000/0.462 32:0.000/0.479 48:0.000/0.469 64:0.000/0.450,low_reliability_or_unlikely,does not meet good candidate thresholds
currier,meta_L,A,surface_token,chy,R00,15,14,1,1.0,2,1,1,3,chy,0,0,0.253,0.464,16:0.133/0.457 24:0.333/0.463 32:0.333/0.472 48:0.133/0.471 64:0.333/0.458,low_reliability_or_unlikely,does not meet good candidate thresholds
currier,meta_L,A,surface_token,cthol,R07,15,15,1,1.0,1,1,1,1,cthol,0,0,0.0,0.379,16:0.000/0.345 24:0.000/0.351 32:0.000/0.357 48:0.000/0.384 64:0.000/0.460,low_reliability_or_unlikely,does not meet good candidate thresholds
currier,meta_L,A,surface_token,cthy,R04,15,15,1,1.0,1,1,1,2,cthy,0,0,0.0,0.383,16:0.000/0.330 24:0.000/0.339 32:0.000/0.421 48:0.000/0.407 64:0.000/0.418,low_reliability_or_unlikely,does not meet good candidate thresholds
currier,meta_L,A,surface_token,daiin,R10,81,69,1,1.0,3,1,2,3,daiin,1,1,0.173,0.512,16:0.000/0.444 24:0.000/0.474 32:0.000/0.433 48:0.000/0.454 64:0.864/0.757,low_reliability_or_unlikely,does not meet good candidate thresholds
currier,meta_L,A,surface_token,dain,R06,18,18,1,1.0,3,1,1,3,dain,5,5,0.811,0.483,16:0.944/0.481 24:0.611/0.488 32:0.667/0.483 48:0.944/0.481 64:0.889/0.480,low_reliability_or_unlikely,does not meet good candidate thresholds
currier,meta_L,A,surface_token,dar,R06,16,15,1,1.0,3,1,2,2,dar,5,5,0.762,0.481,16:0.750/0.486 24:0.688/0.474 32:0.875/0.476 48:0.750/0.495 64:0.750/0.474,low_reliability_or_unlikely,does not meet good candidate thresholds
currier,meta_L,A,surface_token,or,R06,19,17,1,1.0,4,1,2,2,or,4,5,0.747,0.49,16:0.895/0.471 24:0.579/0.490 32:0.789/0.492 48:0.684/0.524 64:0.789/0.475,low_reliability_or_unlikely,does not meet good candidate thresholds
currier,meta_L,A,surface_token,s,R06,24,24,1,1.0,3,1,2,3,s,1,3,0.575,0.459,16:0.958/0.429 24:0.333/0.463 32:0.500/0.465 48:0.708/0.463 64:0.375/0.474,low_reliability_or_unlikely,does not meet good candidate thresholds
currier,meta_L,A,surface_token,sho,R06,21,20,1,1.0,3,1,2,1,sho,5,5,0.905,0.509,16:1.000/0.510 24:0.810/0.521 32:0.857/0.510 48:0.905/0.499 64:0.952/0.506,low_reliability_or_unlikely,does not meet good candidate thresholds
currier,meta_L,A,surface_token,shol,R08,15,11,1,1.0,3,1,2,2,shol,0,0,0.0,0.463,16:0.000/0.465 24:0.000/0.446 32:0.000/0.492 48:0.000/0.450 64:0.000/0.463,low_reliability_or_unlikely,does not meet good candidate thresholds
currier,meta_L,B,surface_token,aiin,R06,45,39,1,1.0,5,1,3,2,aiin,5,5,0.836,0.52,16:0.933/0.456 24:0.800/0.473 32:0.644/0.458 48:0.911/0.475 64:0.889/0.737,low_reliability_or_unlikely,does not meet good candidate thresholds
currier,meta_L,B,surface_token,al,R06,26,24,1,1.0,4,1,3,1,al,5,5,0.815,0.471,16:0.885/0.454 24:0.808/0.463 32:0.885/0.479 48:0.846/0.484 64:0.654/0.478,low_reliability_or_unlikely,does not meet good candidate thresholds
currier,meta_L,B,surface_token,ar,R06,42,36,1,1.0,5,1,3,1,ar,5,5,0.819,0.476,16:0.952/0.452 24:0.810/0.486 32:0.762/0.465 48:0.881/0.494 64:0.690/0.482,low_reliability_or_unlikely,does not meet good candidate thresholds
currier,meta_L,B,surface_token,chckhy,R00,37,35,1,1.0,4,1,2,1,chckhy,4,5,0.957,0.478,16:0.946/0.439 24:0.973/0.492 32:0.973/0.493 48:0.946/0.468 64:0.946/0.496,low_reliability_or_unlikely,does not meet good candidate thresholds
currier,meta_L,B,surface_token,chdy,R02,25,24,1,1.0,5,1,4,2,chdy,0,0,0.0,0.472,16:0.000/0.445 24:0.000/0.456 32:0.000/0.459 48:0.000/0.459 64:0.000/0.541,low_reliability_or_unlikely,does not meet good candidate thresholds
currier,meta_L,B,surface_token,chedy,R02,94,82,1,1.0,4,1,4,3,chedy,0,0,0.091,0.46,16:0.000/0.440 24:0.000/0.476 32:0.000/0.440 48:0.000/0.450 64:0.457/0.493,low_reliability_or_unlikely,does not meet good candidate thresholds
currier,meta_L,B,surface_token,cheey,R06,20,19,1,1.0,3,1,3,1,cheey,4,5,0.87,0.507,16:1.000/0.436 24:0.850/0.499 32:0.650/0.452 48:0.950/0.483 64:0.900/0.663,low_reliability_or_unlikely,does not meet good candidate thresholds
currier,meta_L,B,surface_token,cheol,R00,18,17,1,1.0,4,1,3,1,cheol,0,1,0.256,0.44,16:0.000/0.442 24:0.167/0.452 32:0.500/0.444 48:0.167/0.436 64:0.444/0.427,low_reliability_or_unlikely,does not meet good candidate thresholds
currier,meta_L,B,surface_token,chey,R06,47,43,1,1.0,4,1,3,2,chey,3,4,0.809,0.516,16:0.957/0.443 24:0.830/0.482 32:0.489/0.447 48:0.851/0.458 64:0.915/0.749,low_reliability_or_unlikely,does not meet good candidate thresholds
currier,meta_L,B,surface_token,chol,R07,26,26,1,1.0,5,1,3,1,chol,0,0,0.0,0.447,16:0.000/0.446 24:0.000/0.423 32:0.000/0.487 48:0.000/0.446 64:0.000/0.431,low_reliability_or_unlikely,does not meet good candidate thresholds
currier,meta_L,B,surface_token,daiin,R10,49,43,1,1.0,5,1,5,2,daiin,0,0,0.082,0.522,16:0.000/0.485 24:0.000/0.488 32:0.000/0.476 48:0.000/0.467 64:0.408/0.694,low_reliability_or_unlikely,does not meet good candidate thresholds
currier,meta_L,B,surface_token,dain,R06,30,27,1,1.0,4,1,2,2,dain,5,5,0.853,0.507,16:0.967/0.518 24:0.900/0.511 32:0.767/0.505 48:0.933/0.482 64:0.700/0.520,low_reliability_or_unlikely,does not meet good candidate thresholds
currier,meta_L,B,surface_token,dal,R09,22,22,1,1.0,5,1,2,3,dal,0,0,0.0,0.462,16:0.000/0.460 24:0.000/0.451 32:0.000/0.476 48:0.000/0.455 64:0.000/0.469,low_reliability_or_unlikely,does not meet good candidate thresholds
currier,meta_L,B,surface_token,dar,R06,28,27,1,1.0,5,1,3,3,dar,4,5,0.829,0.463,16:1.000/0.455 24:0.821/0.462 32:0.893/0.473 48:0.857/0.476 64:0.571/0.449,low_reliability_or_unlikely,does not meet good candidate thresholds
currier,meta_L,B,surface_token,dy,R02,17,17,1,1.0,3,1,1,1,dy,0,0,0.0,0.462,16:0.000/0.457 24:0.000/0.462 32:0.000/0.455 48:0.000/0.469 64:0.000/0.466,low_reliability_or_unlikely,does not meet good candidate thresholds
currier,meta_L,B,surface_token,lchedy,R00,26,26,1,1.0,3,1,3,1,lchedy,0,2,0.369,0.463,16:0.154/0.455 24:0.538/0.462 32:0.346/0.467 48:0.308/0.460 64:0.500/0.469,low_reliability_or_unlikely,does not meet good candidate thresholds
currier,meta_L,B,surface_token,okaiin,R10,33,33,1,1.0,4,1,2,3,okaiin,0,0,0.0,0.443,16:0.000/0.454 24:0.000/0.472 32:0.000/0.440 48:0.000/0.424 64:0.000/0.424,low_reliability_or_unlikely,does not meet good candidate thresholds
currier,meta_L,B,surface_token,okain,R10,31,29,1,1.0,4,1,2,2,okain,0,0,0.0,0.456,16:0.000/0.464 24:0.000/0.477 32:0.000/0.437 48:0.000/0.446 64:0.000/0.455,low_reliability_or_unlikely,does not meet good candidate thresholds
currier,meta_L,B,surface_token,okal,R07,21,20,1,1.0,4,1,3,2,okal,0,0,0.0,0.462,16:0.000/0.436 24:0.000/0.476 32:0.000/0.454 48:0.000/0.463 64:0.000/0.480,low_reliability_or_unlikely,does not meet good candidate thresholds
currier,meta_L,B,surface_token,okar,R03,21,20,1,1.0,5,1,3,4,okar,0,0,0.0,0.474,16:0.000/0.476 24:0.000/0.474 32:0.000/0.464 48:0.000/0.464 64:0.000/0.493,low_reliability_or_unlikely,does not meet good candidate thresholds
currier,meta_L,B,surface_token,okedy,R00,33,29,1,1.0,5,1,4,2,okedy,1,3,0.673,0.418,16:0.576/0.391 24:0.818/0.478 32:0.545/0.376 48:0.758/0.411 64:0.667/0.434,low_reliability_or_unlikely,does not meet good candidate thresholds
currier,meta_L,B,surface_token,okeedy,R00,32,30,1,1.0,3,1,2,2,okeedy,1,4,0.787,0.424,16:0.750/0.425 24:0.844/0.459 32:0.688/0.387 48:0.844/0.425 64:0.812/0.424,low_reliability_or_unlikely,does not meet good candidate thresholds
currier,meta_L,B,surface_token,okeey,R06,22,21,1,1.0,2,1,3,2,okeey,0,0,0.0,0.442,16:0.000/0.455 24:0.000/0.419 32:0.000/0.435 48:0.000/0.435 64:0.000/0.466,low_reliability_or_unlikely,does not meet good candidate thresholds
currier,meta_L,B,surface_token,ol,R06,59,52,1,1.0,5,1,3,2,ol,5,5,0.841,0.478,16:0.881/0.461 24:0.831/0.467 32:0.864/0.489 48:0.864/0.497 64:0.763/0.477,low_reliability_or_unlikely,does not meet good candidate thresholds
currier,meta_L,B,surface_token,or,R06,26,26,1,1.0,5,1,2,2,or,5,5,0.731,0.475,16:0.846/0.463 24:0.615/0.467 32:0.692/0.478 48:0.769/0.504 64:0.731/0.463,low_reliability_or_unlikely,does not meet good candidate thresholds
currier,meta_L,B,surface_token,otain,R00,23,22,1,1.0,4,1,2,1,otain,0,0,0.983,0.336,16:1.000/0.328 24:1.000/0.324 32:1.000/0.321 48:1.000/0.338 64:0.913/0.370,low_reliability_or_unlikely,does not meet good candidate thresholds
currier,meta_L,B,surface_token,otedy,R01,30,28,1,1.0,4,1,2,3,otedy,0,0,0.0,0.31,16:0.000/0.326 24:0.000/0.324 32:0.000/0.276 48:0.000/0.263 64:0.000/0.362,low_reliability_or_unlikely,does not meet good candidate thresholds
currier,meta_L,B,surface_token,oteedy,R01,15,15,1,1.0,4,1,2,1,oteedy,0,0,0.0,0.299,16:0.000/0.298 24:0.000/0.305 32:0.000/0.248 48:0.000/0.246 64:0.000/0.396,low_reliability_or_unlikely,does not meet good candidate thresholds
currier,meta_L,B,surface_token,qokaiin,H08,37,36,1,1.0,5,1,2,3,qokaiin,0,0,0.486,0.359,16:0.514/0.345 24:0.351/0.407 32:0.459/0.369 48:0.324/0.325 64:0.784/0.349,low_reliability_or_unlikely,does not meet good candidate thresholds
currier,meta_L,B,surface_token,qokain,H08,55,52,1,1.0,3,1,2,1,qokain,0,0,0.44,0.381,16:0.255/0.357 24:0.491/0.442 32:0.345/0.397 48:0.473/0.352 64:0.636/0.356,low_reliability_or_unlikely,does not meet good candidate thresholds
currier,meta_L,B,surface_token,qokal,H08,35,33,1,1.0,5,1,3,1,qokal,0,1,0.406,0.405,16:0.257/0.370 24:0.514/0.455 32:0.229/0.436 48:0.400/0.380 64:0.629/0.385,low_reliability_or_unlikely,does not meet good candidate thresholds
currier,meta_L,B,surface_token,qokar,R03,26,24,1,1.0,4,1,3,2,qokar,0,0,0.0,0.385,16:0.000/0.361 24:0.000/0.438 32:0.000/0.396 48:0.000/0.367 64:0.000/0.365,low_reliability_or_unlikely,does not meet good candidate thresholds
currier,meta_L,B,surface_token,qokchdy,H09,15,12,1,1.0,4,1,3,2,qokchdy,0,0,0.0,0.401,16:0.000/0.394 24:0.000/0.431 32:0.000/0.385 48:0.000/0.409 64:0.000/0.388,low_reliability_or_unlikely,does not meet good candidate thresholds
currier,meta_L,B,surface_token,qokedy,H12,89,73,1,1.0,5,1,5,2,qokedy,0,0,0.0,0.348,16:0.000/0.314 24:0.000/0.429 32:0.000/0.313 48:0.000/0.336 64:0.000/0.348,low_reliability_or_unlikely,does not meet good candidate thresholds
currier,meta_L,B,surface_token,qokeedy,H01,85,70,1,1.0,5,1,4,2,qokeedy,0,0,0.085,0.347,16:0.000/0.324 24:0.000/0.414 32:0.412/0.315 48:0.000/0.344 64:0.012/0.341,low_reliability_or_unlikely,does not meet good candidate thresholds
currier,meta_L,B,surface_token,qokeey,H08,66,56,1,1.0,5,1,3,3,qokeey,0,0,0.455,0.388,16:0.394/0.376 24:0.409/0.430 32:0.485/0.408 48:0.394/0.359 64:0.591/0.367,low_reliability_or_unlikely,does not meet good candidate thresholds
currier,meta_L,B,surface_token,qokey,H08,19,19,1,1.0,4,1,3,1,qokey,0,0,0.295,0.415,16:0.158/0.419 24:0.368/0.441 32:0.316/0.427 48:0.211/0.404 64:0.421/0.383,low_reliability_or_unlikely,does not meet good candidate thresholds
currier,meta_L,B,surface_token,qoky,H01,35,35,1,1.0,4,1,3,2,qoky,0,0,0.0,0.446,16:0.000/0.412 24:0.000/0.516 32:0.000/0.433 48:0.000/0.444 64:0.000/0.428,low_reliability_or_unlikely,does not meet good candidate thresholds
currier,meta_L,B,surface_token,qol,R00,23,21,1,1.0,3,1,3,1,qol,0,0,0.148,0.455,16:0.000/0.457 24:0.174/0.441 32:0.043/0.483 48:0.174/0.450 64:0.348/0.445,low_reliability_or_unlikely,does not meet good candidate thresholds
currier,meta_L,B,surface_token,qotedy,H17,22,20,1,1.0,3,1,2,2,qotedy,0,0,0.0,0.33,16:0.000/0.333 24:0.000/0.325 32:0.000/0.322 48:0.000/0.305 64:0.000/0.363,low_reliability_or_unlikely,does not meet good candidate thresholds
currier,meta_L,B,surface_token,qoteedy,H01,25,23,1,1.0,4,1,3,1,qoteedy,0,0,0.128,0.315,16:0.000/0.312 24:0.000/0.328 32:0.040/0.278 48:0.000/0.282 64:0.600/0.377,low_reliability_or_unlikely,does not meet good candidate thresholds
currier,meta_L,B,surface_token,saiin,R06,28,28,1,1.0,4,1,4,2,saiin,5,5,0.886,0.545,16:0.964/0.523 24:0.821/0.523 32:0.929/0.514 48:0.893/0.573 64:0.821/0.591,low_reliability_or_unlikely,does not meet good candidate thresholds
currier,meta_L,B,surface_token,sain,R06,18,18,1,1.0,4,1,2,1,sain,5,5,0.9,0.552,16:1.000/0.541 24:0.889/0.552 32:0.833/0.545 48:0.944/0.564 64:0.833/0.555,low_reliability_or_unlikely,does not meet good candidate thresholds
currier,meta_L,B,surface_token,shedy,R06,95,83,1,1.0,5,1,4,3,shedy,3,5,0.865,0.465,16:0.989/0.445 24:0.800/0.477 32:0.874/0.445 48:0.926/0.464 64:0.737/0.493,low_reliability_or_unlikely,does not meet good candidate thresholds
currier,meta_L,B,surface_token,sheedy,R06,23,22,1,1.0,4,1,3,1,sheedy,5,5,0.913,0.469,16:1.000/0.458 24:0.826/0.481 32:0.957/0.459 48:0.870/0.471 64:0.913/0.476,low_reliability_or_unlikely,does not meet good candidate thresholds
currier,meta_L,B,surface_token,sheey,R06,19,18,1,1.0,4,1,2,1,sheey,3,5,0.884,0.487,16:1.000/0.444 24:0.895/0.464 32:0.684/0.435 48:0.895/0.476 64:0.947/0.614,low_reliability_or_unlikely,does not meet good candidate thresholds
currier,meta_L,B,surface_token,shey,R06,35,34,1,1.0,4,1,4,2,shey,3,5,0.891,0.521,16:0.971/0.445 24:0.943/0.491 32:0.686/0.447 48:0.886/0.483 64:0.971/0.742,low_reliability_or_unlikely,does not meet good candidate thresholds
currier,meta_L,A,conservative_morphology,a|iin|O,R10,136,109,12,0.713,3,1,2,3,"daiin, saiin, otaiin, aiin, okaiin, chaiin, qokaiin, oaiin",1,1,0.121,0.499,16:0.000/0.443 24:0.000/0.470 32:0.000/0.438 48:0.000/0.460 64:0.603/0.683,low_reliability_or_unlikely,does not meet good candidate thresholds
currier,meta_L,A,conservative_morphology,a|in|O,R06,29,28,8,0.69,4,1,2,5,"dain, okain, qokain, shain, chain, qotain, otain, ain",3,3,0.552,0.489,16:0.621/0.483 24:0.414/0.495 32:0.448/0.481 48:0.655/0.495 64:0.621/0.491,low_reliability_or_unlikely,does not meet good candidate thresholds
currier,meta_L,A,conservative_morphology,a|l|O,R09,32,27,8,0.375,3,1,2,2,"dal, okal, sal, chal, qotal, qoal, qokal, al",0,0,0.0,0.448,16:0.000/0.423 24:0.000/0.454 32:0.000/0.463 48:0.000/0.443 64:0.000/0.456,low_reliability_or_unlikely,does not meet good candidate thresholds
currier,meta_L,A,conservative_morphology,a|m|O,R06,24,22,10,0.708,3,1,2,3,"dam, okam, sham, otam, am, qokam, sam, cham",0,2,0.358,0.498,16:0.500/0.484 24:0.250/0.499 32:0.250/0.488 48:0.542/0.520 64:0.250/0.497,low_reliability_or_unlikely,does not meet good candidate thresholds
currier,meta_L,A,conservative_morphology,a|r|O,R06,37,34,10,0.703,3,1,2,3,"dar, ar, char, qokar, sar, orar, okar, shar",3,5,0.659,0.479,16:0.703/0.472 24:0.568/0.490 32:0.730/0.474 48:0.703/0.484 64:0.595/0.472,low_reliability_or_unlikely,does not meet good candidate thresholds
currier,meta_L,A,conservative_morphology,cho|NONE|BO,R00,16,15,5,0.625,3,1,2,2,"cho, dcho, qokcho, otcho, ycho",0,0,0.3,0.49,16:0.250/0.489 24:0.438/0.507 32:0.312/0.500 48:0.188/0.491 64:0.312/0.463,low_reliability_or_unlikely,does not meet good candidate thresholds
currier,meta_L,A,conservative_morphology,ch|or|B,R06,16,16,6,0.5,1,1,1,2,"dchor, ychor, otchor, okchor, qokchor, ochor",4,5,0.625,0.49,16:0.625/0.510 24:0.562/0.503 32:0.625/0.505 48:0.625/0.472 64:0.688/0.460,low_reliability_or_unlikely,does not meet good candidate thresholds
currier,meta_L,A,conservative_morphology,ch|y|B,R00,34,32,6,0.588,2,1,1,3,"chy, qotchy, qokchy, okchy, dchy, ochy",1,4,0.547,0.443,16:0.529/0.432 24:0.618/0.452 32:0.647/0.449 48:0.441/0.436 64:0.500/0.444,low_reliability_or_unlikely,does not meet good candidate thresholds
currier,meta_L,A,conservative_morphology,ckh|y|XGX,R00,17,17,5,0.765,3,1,2,1,"ckhy, chckhy, qockhy, ockhy, shckhy",5,5,0.976,0.514,16:1.000/0.496 24:1.000/0.567 32:1.000/0.529 48:0.941/0.500 64:0.941/0.480,low_reliability_or_unlikely,does not meet good candidate thresholds
currier,meta_L,A,conservative_morphology,cth|y|XGX,R04,18,18,3,0.944,1,1,1,2,"cthy, chcthy, dcthy",0,0,0.0,0.388,16:0.000/0.337 24:0.000/0.339 32:0.000/0.438 48:0.000/0.408 64:0.000/0.417,low_reliability_or_unlikely,does not meet good candidate thresholds
currier,meta_L,A,conservative_morphology,d|y|D,R02,21,21,7,0.619,3,1,2,3,"dy, ody, oldy, chdy, ddy, otdy, qody",0,0,0.0,0.476,16:0.000/0.467 24:0.000/0.464 32:0.000/0.484 48:0.000/0.498 64:0.000/0.466,low_reliability_or_unlikely,does not meet good candidate thresholds
currier,meta_L,A,conservative_morphology,eo|dy|EO,R00,20,16,6,0.5,3,1,2,3,"cheody, qokeody, okeody, sheody, oteody, qoteody",1,4,0.53,0.459,16:0.550/0.451 24:0.550/0.500 32:0.400/0.431 48:0.550/0.447 64:0.600/0.468,low_reliability_or_unlikely,does not meet good candidate thresholds
currier,meta_L,A,conservative_morphology,e|ey|E,R06,32,30,7,0.594,3,1,2,3,"qokeey, sheey, okeey, cheey, deey, qoeey, oteey",0,0,0.375,0.451,16:0.406/0.421 24:0.344/0.476 32:0.344/0.426 48:0.375/0.414 64:0.406/0.516,low_reliability_or_unlikely,does not meet good candidate thresholds
currier,meta_L,A,conservative_morphology,e|ol|E,R06,27,24,6,0.444,3,1,2,3,"sheol, qokeol, cheol, okeol, qoteol, deol",0,1,0.43,0.429,16:0.519/0.425 24:0.333/0.465 32:0.444/0.428 48:0.407/0.424 64:0.444/0.405,low_reliability_or_unlikely,does not meet good candidate thresholds
currier,meta_L,A,conservative_morphology,e|or|E,R00,19,19,5,0.684,3,1,2,2,"cheor, okeor, sheor, oteor, qokeor",1,2,0.495,0.458,16:0.421/0.450 24:0.737/0.484 32:0.474/0.459 48:0.316/0.447 64:0.526/0.450,low_reliability_or_unlikely,does not meet good candidate thresholds
currier,meta_L,A,conservative_morphology,e|y|E,R06,28,26,5,0.679,4,1,2,2,"shey, chey, qokey, okey, otey",4,5,0.643,0.508,16:0.679/0.433 24:0.643/0.495 32:0.607/0.458 48:0.607/0.458 64:0.679/0.694,low_reliability_or_unlikely,does not meet good candidate thresholds
currier,meta_L,A,conservative_morphology,k|y|G,R00,26,25,5,0.577,3,1,2,3,"oky, qoky, yky, orky, olky",5,5,0.985,0.529,16:1.000/0.503 24:1.000/0.576 32:1.000/0.510 48:0.962/0.523 64:0.962/0.533,low_reliability_or_unlikely,does not meet good candidate thresholds
currier,meta_L,A,conservative_morphology,o|dy|O,R00,21,21,5,0.81,3,1,1,3,"chody, shody, qokody, okody, qotody",1,2,0.467,0.476,16:0.381/0.483 24:0.667/0.490 32:0.381/0.468 48:0.524/0.465 64:0.381/0.472,low_reliability_or_unlikely,does not meet good candidate thresholds
currier,meta_L,A,conservative_morphology,o|l|O,R07,136,100,12,0.581,3,1,2,3,"chol, shol, okol, qokol, ol, dol, otol, sol",0,0,0.0,0.453,16:0.000/0.446 24:0.000/0.443 32:0.000/0.470 48:0.000/0.451 64:0.000/0.457,low_reliability_or_unlikely,does not meet good candidate thresholds
currier,meta_L,A,conservative_morphology,o|r|O,R11,99,81,13,0.414,4,1,2,5,"chor, or, shor, dor, otor, okor, qokor, qoor",0,0,0.0,0.48,16:0.000/0.467 24:0.000/0.481 32:0.000/0.485 48:0.000/0.491 64:0.000/0.475,low_reliability_or_unlikely,does not meet good candidate thresholds
currier,meta_L,B,conservative_morphology,ai|r|OE,R06,23,22,7,0.435,5,1,3,2,"sair, dair, qokair, okair, air, otair, qotair",0,0,0.426,0.478,16:0.478/0.454 24:0.478/0.499 32:0.348/0.474 48:0.478/0.463 64:0.348/0.499,low_reliability_or_unlikely,does not meet good candidate thresholds
currier,meta_L,B,conservative_morphology,a|iin|O,R10,230,174,15,0.443,5,1,5,6,"daiin, aiin, qokaiin, okaiin, saiin, otaiin, qotaiin, oraiin",0,0,0.027,0.468,16:0.000/0.442 24:0.000/0.459 32:0.000/0.437 48:0.000/0.437 64:0.135/0.563,low_reliability_or_unlikely,does not meet good candidate thresholds
currier,meta_L,B,conservative_morphology,a|in|O,R06,191,145,13,0.309,5,1,2,3,"qokain, okain, dain, otain, sain, qotain, ain, oain",0,0,0.31,0.429,16:0.351/0.422 24:0.314/0.453 32:0.283/0.425 48:0.330/0.411 64:0.272/0.437,low_reliability_or_unlikely,does not meet good candidate thresholds
currier,meta_L,B,conservative_morphology,a|l|O,H08,144,115,12,0.243,5,1,5,4,"qokal, al, dal, okal, qotal, chal, otal, sal",0,0,0.117,0.433,16:0.111/0.419 24:0.125/0.439 32:0.069/0.440 48:0.104/0.427 64:0.174/0.439,low_reliability_or_unlikely,does not meet good candidate thresholds
currier,meta_L,B,conservative_morphology,a|m|O,R06,31,31,8,0.581,5,1,2,2,"dam, am, qokam, otam, olam, oram, oam, cham",0,0,0.187,0.477,16:0.355/0.456 24:0.161/0.461 32:0.097/0.474 48:0.194/0.510 64:0.129/0.486,low_reliability_or_unlikely,does not meet good candidate thresholds
currier,meta_L,B,conservative_morphology,a|r|O,R06,159,122,11,0.516,5,1,5,5,"ar, dar, qokar, okar, otar, qotar, sar, char",0,1,0.458,0.438,16:0.547/0.423 24:0.447/0.448 32:0.453/0.435 48:0.478/0.439 64:0.365/0.446,low_reliability_or_unlikely,does not meet good candidate thresholds
currier,meta_L,B,conservative_morphology,ch|dy|B,R00,36,31,7,0.472,5,1,5,5,"qokchdy, otchdy, okchdy, olchdy, qotchdy, dchdy, chchdy",5,5,0.778,0.475,16:0.778/0.464 24:0.806/0.492 32:0.778/0.451 48:0.806/0.475 64:0.722/0.494,low_reliability_or_unlikely,does not meet good candidate thresholds
currier,meta_L,B,conservative_morphology,ch|edy|B,R00,37,35,9,0.568,5,1,4,2,"olchedy, qotchedy, otchedy, qokchedy, dchedy, ychedy, okchedy, ochedy",0,3,0.519,0.428,16:0.459/0.418 24:0.649/0.439 32:0.568/0.415 48:0.541/0.415 64:0.378/0.456,low_reliability_or_unlikely,does not meet good candidate thresholds
currier,meta_L,B,conservative_morphology,ch|ey|B,R00,31,30,10,0.484,5,1,4,2,"qokchey, olchey, qochey, otchey, okchey, dchey, ochey, orchey",0,2,0.445,0.434,16:0.355/0.427 24:0.419/0.457 32:0.516/0.426 48:0.419/0.415 64:0.516/0.445,low_reliability_or_unlikely,does not meet good candidate thresholds
currier,meta_L,B,conservative_morphology,ch|y|B,R00,26,25,8,0.423,5,1,4,3,"qokchy, chy, qotchy, otchy, okchy, olchy, shchy, qochy",0,5,0.708,0.426,16:0.731/0.416 24:0.808/0.429 32:0.731/0.426 48:0.692/0.430 64:0.577/0.430,low_reliability_or_unlikely,does not meet good candidate thresholds
currier,meta_L,B,conservative_morphology,ckh|y|XGX,R00,54,50,5,0.741,4,1,2,1,"chckhy, shckhy, ockhy, dckhy, ckhy",5,5,0.944,0.476,16:0.944/0.451 24:0.981/0.488 32:0.963/0.488 48:0.963/0.471 64:0.870/0.480,low_reliability_or_unlikely,does not meet good candidate thresholds
currier,meta_L,B,conservative_morphology,cth|y|XGX,R04,21,20,4,0.667,3,1,3,1,"chcthy, shcthy, qocthy, qcthy",0,0,0.0,0.367,16:0.000/0.327 24:0.000/0.316 32:0.000/0.479 48:0.000/0.301 64:0.000/0.411,low_reliability_or_unlikely,does not meet good candidate thresholds
currier,meta_L,B,conservative_morphology,d|y|D,R02,67,61,10,0.627,5,1,5,5,"chdy, dy, shdy, ody, oldy, ydy, otdy, qody",0,0,0.0,0.485,16:0.000/0.468 24:0.000/0.479 32:0.000/0.472 48:0.000/0.476 64:0.000/0.530,low_reliability_or_unlikely,does not meet good candidate thresholds
currier,meta_L,B,conservative_morphology,ek|y|EG,R06,18,18,2,1.0,5,1,5,3,"cheky, sheky",0,0,0.011,0.497,16:0.000/0.475 24:0.056/0.530 32:0.000/0.505 48:0.000/0.481 64:0.000/0.495,low_reliability_or_unlikely,does not meet good candidate thresholds
currier,meta_L,B,conservative_morphology,eo|dy|EO,R00,19,17,5,0.474,3,1,4,1,"cheody, sheody, oteody, qokeody, okeody",0,1,0.379,0.413,16:0.263/0.384 24:0.526/0.448 32:0.421/0.403 48:0.263/0.394 64:0.421/0.437,low_reliability_or_unlikely,does not meet good candidate thresholds
currier,meta_L,B,conservative_morphology,e|ar|E,R00,16,15,5,0.625,3,1,2,2,"chear, shear, qokear, ear, okear",0,1,0.325,0.432,16:0.125/0.422 24:0.438/0.455 32:0.500/0.406 48:0.312/0.429 64:0.250/0.450,low_reliability_or_unlikely,does not meet good candidate thresholds
currier,meta_L,B,conservative_morphology,e|dy|E,R06,366,231,8,0.262,5,1,5,4,"shedy, chedy, qokedy, okedy, otedy, qotedy, qoedy, dedy",0,0,0.422,0.41,16:0.516/0.391 24:0.399/0.444 32:0.423/0.384 48:0.454/0.398 64:0.317/0.434,low_reliability_or_unlikely,does not meet good candidate thresholds
currier,meta_L,B,conservative_morphology,e|edy|E,H01,199,149,9,0.553,5,1,4,2,"qokeedy, okeedy, qoteedy, sheedy, oteedy, cheedy, qoeedy, oeedy",0,0,0.061,0.377,16:0.000/0.364 24:0.000/0.416 32:0.216/0.347 48:0.000/0.368 64:0.090/0.391,low_reliability_or_unlikely,does not meet good candidate thresholds
currier,meta_L,B,conservative_morphology,e|ey|E,H08,150,116,9,0.44,5,1,4,4,"qokeey, okeey, cheey, sheey, oteey, qoteey, qoeey, oleey",0,0,0.212,0.418,16:0.180/0.400 24:0.180/0.430 32:0.240/0.408 48:0.173/0.395 64:0.287/0.458,low_reliability_or_unlikely,does not meet good candidate thresholds
currier,meta_L,B,conservative_morphology,e|ol|E,R00,35,33,8,0.571,4,1,4,1,"cheol, sheol, okeol, qokeol, oteol, qoteol, qeol, eol",0,0,0.314,0.438,16:0.171/0.433 24:0.286/0.451 32:0.429/0.438 48:0.314/0.432 64:0.371/0.435,low_reliability_or_unlikely,does not meet good candidate thresholds
currier,meta_L,B,conservative_morphology,e|y|E,R06,124,108,7,0.661,4,1,4,3,"chey, shey, qokey, otey, okey, qotey, qey",1,4,0.566,0.475,16:0.645/0.426 24:0.589/0.460 32:0.387/0.425 48:0.581/0.436 64:0.629/0.630,low_reliability_or_unlikely,does not meet good candidate thresholds
currier,meta_L,B,conservative_morphology,k|aiin|G,R06,15,15,4,0.667,4,1,2,1,"ykaiin, olkaiin, kaiin, skaiin",0,0,0.027,0.446,16:0.000/0.441 24:0.000/0.474 32:0.067/0.440 48:0.000/0.436 64:0.067/0.438,low_reliability_or_unlikely,does not meet good candidate thresholds
currier,meta_L,B,conservative_morphology,k|ar|G,R06,19,18,4,0.737,4,1,3,1,"ykar, kar, olkar, dkar",0,0,0.011,0.46,16:0.000/0.445 24:0.000/0.502 32:0.000/0.448 48:0.053/0.445 64:0.000/0.459,low_reliability_or_unlikely,does not meet good candidate thresholds
currier,meta_L,B,conservative_morphology,k|edy|G,R00,22,20,4,0.727,5,1,4,3,"ykedy, olkedy, kedy, chkedy",2,5,0.8,0.445,16:0.727/0.442 24:0.955/0.470 32:0.773/0.432 48:0.818/0.428 64:0.727/0.451,low_reliability_or_unlikely,does not meet good candidate thresholds
currier,meta_L,B,conservative_morphology,k|eedy|G,R00,23,23,4,0.696,4,1,4,2,"olkeedy, keedy, ykeedy, chkeedy",2,5,0.861,0.442,16:0.696/0.413 24:0.913/0.459 32:0.913/0.440 48:1.000/0.447 64:0.783/0.453,low_reliability_or_unlikely,does not meet good candidate thresholds
currier,meta_L,B,conservative_morphology,k|y|G,H01,56,52,5,0.625,5,1,4,4,"qoky, oky, chky, olky, shky",0,0,0.0,0.469,16:0.000/0.436 24:0.000/0.517 32:0.000/0.464 48:0.000/0.466 64:0.000/0.460,low_reliability_or_unlikely,does not meet good candidate thresholds
currier,meta_L,B,conservative_morphology,lch|edy|LB,R00,30,30,2,1.0,3,1,3,2,"lchedy, qolchedy",0,1,0.34,0.465,16:0.133/0.458 24:0.500/0.467 32:0.333/0.467 48:0.267/0.461 64:0.467/0.473,low_reliability_or_unlikely,does not meet good candidate thresholds
currier,meta_L,B,conservative_morphology,lk|eedy|LG,R00,17,17,2,0.706,4,1,2,2,"lkeedy, qolkeedy",1,4,0.847,0.436,16:0.882/0.435 24:0.941/0.471 32:0.824/0.445 48:0.882/0.444 64:0.706/0.384,low_reliability_or_unlikely,does not meet good candidate thresholds
currier,meta_L,B,conservative_morphology,l|y|L,R06,18,18,4,0.778,4,1,3,2,"oly, ly, dly, qoly",1,2,0.456,0.488,16:0.611/0.453 24:0.389/0.479 32:0.333/0.494 48:0.389/0.516 64:0.556/0.500,low_reliability_or_unlikely,does not meet good candidate thresholds
currier,meta_L,B,conservative_morphology,o|l|O,R06,163,123,12,0.497,5,1,4,4,"ol, chol, qol, sol, dol, qokol, qotol, shol",3,5,0.725,0.458,16:0.791/0.451 24:0.736/0.447 32:0.767/0.471 48:0.748/0.465 64:0.583/0.457,low_reliability_or_unlikely,does not meet good candidate thresholds
currier,meta_L,B,conservative_morphology,o|r|O,R06,65,61,12,0.615,5,1,5,3,"or, sor, otor, chor, dor, qor, oror, olor",3,5,0.631,0.478,16:0.738/0.472 24:0.569/0.472 32:0.615/0.480 48:0.646/0.496 64:0.585/0.471,low_reliability_or_unlikely,does not meet good candidate thresholds
currier,meta_L,B,conservative_morphology,pch|edy|GB,R00,19,18,4,0.526,4,1,3,2,"pchedy, opchedy, ypchedy, qopchedy",1,2,0.779,0.404,16:0.789/0.346 24:1.000/0.364 32:0.842/0.413 48:0.474/0.430 64:0.789/0.469,low_reliability_or_unlikely,does not meet good candidate thresholds
currier,meta_L,B,conservative_morphology,sh|edy|B,R06,24,22,7,0.5,5,1,3,2,"dshedy, olshedy, yshedy, sshedy, qotshedy, okshedy, qokshedy",4,5,0.667,0.535,16:0.750/0.518 24:0.667/0.536 32:0.583/0.537 48:0.708/0.534 64:0.625/0.550,low_reliability_or_unlikely,does not meet good candidate thresholds
currier,meta_L,B,conservative_morphology,t|edy|G,R06,15,13,3,0.667,4,1,4,2,"tedy, ytedy, oltedy",0,0,0.027,0.386,16:0.000/0.398 24:0.000/0.396 32:0.000/0.363 48:0.067/0.355 64:0.067/0.417,low_reliability_or_unlikely,does not meet good candidate thresholds
currier,meta_L,B,conservative_morphology,t|y|G,H01,24,21,5,0.458,5,1,3,1,"qoty, oty, yty, shty, chty",0,0,0.0,0.392,16:0.000/0.370 24:0.000/0.350 32:0.000/0.450 48:0.000/0.384 64:0.000/0.409,low_reliability_or_unlikely,does not meet good candidate thresholds
currier,meta_L,nan,conservative_morphology,a|l|O,R06,16,15,5,0.438,3,1,1,4,"okal, al, sal, dal, qokal",0,0,0.325,0.537,16:0.375/0.541 24:0.312/0.523 32:0.375/0.545 48:0.375/0.518 64:0.188/0.557,low_reliability_or_unlikely,does not meet good candidate thresholds
currier,meta_L,nan,conservative_morphology,a|r|O,R06,28,27,8,0.643,3,1,1,6,"ar, okar, dar, sar, char, olar, oar, shar",0,1,0.429,0.523,16:0.500/0.510 24:0.393/0.517 32:0.429/0.522 48:0.464/0.551 64:0.357/0.516,low_reliability_or_unlikely,does not meet good candidate thresholds
currier,meta_L,nan,conservative_morphology,o|l|O,R07,15,12,8,0.533,3,1,1,5,"chol, okol, ol, olol, orol, qokol, sol, yol",0,0,0.0,0.503,16:0.000/0.499 24:0.000/0.502 32:0.000/0.519 48:0.000/0.502 64:0.000/0.492,low_reliability_or_unlikely,does not meet good candidate thresholds
currier,meta_L,A,broad_shape,BO|NONE,R00,21,20,9,0.571,3,1,2,2,"cho, dcho, qokcho, dsho, otcho, osho, ycho, ssho",0,0,0.276,0.494,16:0.238/0.488 24:0.429/0.511 32:0.286/0.503 48:0.143/0.493 64:0.286/0.474,low_reliability_or_unlikely,does not meet good candidate thresholds
currier,meta_L,A,broad_shape,B|ey,R06,16,15,12,0.438,3,1,1,2,"okchey, dchey, ychey, yshey, sshey, schey, qotchey, qotshey",1,5,0.562,0.479,16:0.562/0.454 24:0.562/0.502 32:0.500/0.466 48:0.625/0.471 64:0.562/0.501,low_reliability_or_unlikely,does not meet good candidate thresholds
currier,meta_L,A,broad_shape,B|ol,R06,16,16,9,0.375,2,1,1,2,"otchol, ychol, qotchol, dchol, okchol, qokshol, ochol, oshol",0,4,0.5,0.471,16:0.500/0.474 24:0.438/0.483 32:0.500/0.450 48:0.500/0.465 64:0.562/0.483,low_reliability_or_unlikely,does not meet good candidate thresholds
currier,meta_L,A,broad_shape,B|or,R06,21,21,10,0.524,2,1,1,2,"dchor, ychor, otchor, okchor, ochor, qokchor, dshor, yshor",4,5,0.619,0.494,16:0.619/0.508 24:0.571/0.505 32:0.619/0.501 48:0.619/0.483 64:0.667/0.470,low_reliability_or_unlikely,does not meet good candidate thresholds
currier,meta_L,A,broad_shape,B|y,R00,41,37,12,0.585,2,1,1,3,"chy, qotchy, qokchy, okchy, dchy, dshy, okshy, orshy",2,3,0.546,0.46,16:0.537/0.447 24:0.610/0.469 32:0.634/0.466 48:0.463/0.463 64:0.488/0.456,low_reliability_or_unlikely,does not meet good candidate thresholds
currier,meta_L,A,broad_shape,D|y,R02,21,21,7,0.619,3,1,2,3,"dy, ody, oldy, chdy, ddy, otdy, qody",0,0,0.0,0.476,16:0.000/0.467 24:0.000/0.464 32:0.000/0.484 48:0.000/0.498 64:0.000/0.466,low_reliability_or_unlikely,does not meet good candidate thresholds
currier,meta_L,A,broad_shape,EO|dy,R00,22,16,8,0.5,3,1,2,3,"cheody, qokeody, okeody, sheody, okeady, oteody, qoteody, qokeeody",0,4,0.536,0.46,16:0.545/0.445 24:0.545/0.504 32:0.409/0.436 48:0.591/0.454 64:0.591/0.464,low_reliability_or_unlikely,does not meet good candidate thresholds
currier,meta_L,A,broad_shape,E|ey,R06,32,30,7,0.594,3,1,2,3,"qokeey, sheey, okeey, cheey, deey, qoeey, oteey",0,0,0.375,0.451,16:0.406/0.421 24:0.344/0.476 32:0.344/0.426 48:0.375/0.414 64:0.406/0.516,low_reliability_or_unlikely,does not meet good candidate thresholds
currier,meta_L,A,broad_shape,E|ol,R06,30,25,9,0.4,3,1,2,3,"sheol, qokeol, cheol, okeol, qoteol, okeeol, qoteeol, deol",0,1,0.42,0.427,16:0.500/0.425 24:0.333/0.463 32:0.433/0.424 48:0.400/0.417 64:0.433/0.408,low_reliability_or_unlikely,does not meet good candidate thresholds
currier,meta_L,A,broad_shape,E|or,R00,25,24,9,0.64,3,1,2,3,"cheor, okeor, sheor, cheeor, oteeor, eeor, sheeor, oteor",1,2,0.512,0.444,16:0.400/0.439 24:0.760/0.473 32:0.480/0.437 48:0.360/0.429 64:0.560/0.442,low_reliability_or_unlikely,does not meet good candidate thresholds
currier,meta_L,A,broad_shape,E|y,R06,28,26,5,0.679,4,1,2,2,"shey, chey, qokey, okey, otey",4,5,0.643,0.508,16:0.679/0.433 24:0.643/0.495 32:0.607/0.458 48:0.607/0.458 64:0.679/0.694,low_reliability_or_unlikely,does not meet good candidate thresholds
currier,meta_L,A,broad_shape,GB|ol,R06,15,15,8,0.733,2,1,1,3,"tshol, ykchol, ytchol, tchol, kchol, fchol, ofchol, pshol",0,0,0.067,0.449,16:0.000/0.433 24:0.000/0.448 32:0.000/0.442 48:0.133/0.455 64:0.200/0.465,low_reliability_or_unlikely,does not meet good candidate thresholds
currier,meta_L,A,broad_shape,GB|or,R06,17,16,10,0.706,2,1,1,4,"tchor, opchor, ytchor, kchor, chtchor, tshor, fshor, yfchor",0,0,0.106,0.447,16:0.000/0.398 24:0.059/0.434 32:0.059/0.443 48:0.176/0.482 64:0.235/0.479,low_reliability_or_unlikely,does not meet good candidate thresholds
currier,meta_L,A,broad_shape,GB|y,R06,31,23,14,0.774,3,1,2,4,"kchy, ytchy, tchy, opchy, ykchy, ykshy, chkchy, qopchy",0,0,0.032,0.447,16:0.000/0.420 24:0.000/0.455 32:0.000/0.448 48:0.097/0.453 64:0.065/0.459,low_reliability_or_unlikely,does not meet good candidate thresholds
currier,meta_L,A,broad_shape,G|aiin,R06,17,16,6,0.824,3,1,2,1,"ykaiin, taiin, kaiin, chkaiin, shkaiin, ytaiin",0,0,0.047,0.448,16:0.000/0.443 24:0.000/0.464 32:0.000/0.447 48:0.059/0.441 64:0.176/0.447,low_reliability_or_unlikely,does not meet good candidate thresholds
currier,meta_L,A,broad_shape,G|y,R00,35,34,9,0.429,3,1,2,3,"oky, qoky, qoty, yky, oty, yty, ty, orky",5,5,0.989,0.492,16:1.000/0.469 24:1.000/0.521 32:1.000/0.490 48:0.971/0.483 64:0.971/0.496,low_reliability_or_unlikely,does not meet good candidate thresholds
currier,meta_L,A,broad_shape,OG|y,R00,19,17,5,0.947,2,1,1,3,"choky, choty, otoky, shoky, chopy",5,5,0.958,0.52,16:1.000/0.502 24:0.947/0.541 32:1.000/0.516 48:0.947/0.516 64:0.895/0.526,low_reliability_or_unlikely,does not meet good candidate thresholds
currier,meta_L,A,broad_shape,OL|y,R00,28,25,16,0.643,3,1,2,3,"dary, choly, otaly, okary, chory, otory, sary, chorly",5,5,0.771,0.554,16:0.750/0.547 24:0.821/0.549 32:0.821/0.556 48:0.714/0.569 64:0.750/0.550,low_reliability_or_unlikely,does not meet good candidate thresholds
currier,meta_L,A,broad_shape,OXGX|y,R00,15,15,8,0.933,3,1,1,4,"chocthy, shocthy, chockhy, shockhy, okockhy, olockhy, dackhy, otacphy",1,5,0.973,0.421,16:1.000/0.407 24:1.000/0.416 32:1.000/0.468 48:0.933/0.410 64:0.933/0.403,low_reliability_or_unlikely,does not meet good candidate thresholds
currier,meta_L,A,broad_shape,O|dy,R00,22,22,6,0.773,3,1,1,3,"chody, shody, qokody, okody, dady, qotody",1,2,0.482,0.476,16:0.409/0.484 24:0.682/0.488 32:0.409/0.470 48:0.500/0.466 64:0.409/0.473,low_reliability_or_unlikely,does not meet good candidate thresholds
currier,meta_L,A,broad_shape,O|iin,R10,144,114,17,0.674,3,1,2,3,"daiin, saiin, aiin, otaiin, okaiin, qokaiin, chaiin, oaiin",0,1,0.115,0.502,16:0.000/0.447 24:0.000/0.472 32:0.000/0.442 48:0.000/0.466 64:0.576/0.680,low_reliability_or_unlikely,does not meet good candidate thresholds
currier,meta_L,A,broad_shape,O|in,R06,29,28,8,0.69,4,1,2,5,"dain, okain, qokain, shain, chain, qotain, otain, ain",3,3,0.552,0.489,16:0.621/0.483 24:0.414/0.495 32:0.448/0.481 48:0.655/0.495 64:0.621/0.491,low_reliability_or_unlikely,does not meet good candidate thresholds
currier,meta_L,A,broad_shape,O|l,R07,168,119,20,0.53,3,1,2,4,"chol, shol, okol, qokol, dal, ol, okal, dol",0,0,0.0,0.452,16:0.000/0.442 24:0.000/0.445 32:0.000/0.469 48:0.000/0.450 64:0.000/0.457,low_reliability_or_unlikely,does not meet good candidate thresholds
currier,meta_L,A,broad_shape,O|m,R06,33,30,17,0.636,3,1,2,3,"dam, okam, otam, sham, am, chom, om, shom",0,1,0.321,0.491,16:0.545/0.467 24:0.212/0.491 32:0.212/0.488 48:0.424/0.520 64:0.212/0.491,low_reliability_or_unlikely,does not meet good candidate thresholds
currier,meta_L,A,broad_shape,O|r,R06,136,105,23,0.463,4,1,2,5,"chor, or, dar, shor, ar, dor, otor, okor",4,5,0.687,0.479,16:0.765/0.468 24:0.537/0.483 32:0.743/0.482 48:0.735/0.489 64:0.654/0.474,low_reliability_or_unlikely,does not meet good candidate thresholds
currier,meta_L,A,broad_shape,XGX|ey,R04,21,20,6,0.429,4,1,2,1,"cthey, qockhey, ckhey, chckhey, ockhey, cphey",0,0,0.0,0.414,16:0.000/0.407 24:0.000/0.424 32:0.000/0.409 48:0.000/0.399 64:0.000/0.433,low_reliability_or_unlikely,does not meet good candidate thresholds
currier,meta_L,A,broad_shape,XGX|ol,R07,24,23,5,0.625,2,1,1,1,"cthol, cphol, ckhol, chckhol, qockhol",0,0,0.0,0.391,16:0.000/0.351 24:0.000/0.363 32:0.000/0.379 48:0.000/0.406 64:0.000/0.458,low_reliability_or_unlikely,does not meet good candidate thresholds
currier,meta_L,A,broad_shape,XGX|or,R04,17,17,4,0.765,1,1,1,2,"cthor, ckhor, chcthor, chckhor",0,0,0.0,0.402,16:0.000/0.365 24:0.000/0.373 32:0.000/0.385 48:0.000/0.447 64:0.000/0.439,low_reliability_or_unlikely,does not meet good candidate thresholds
currier,meta_L,A,broad_shape,XGX|y,R00,41,37,10,0.463,3,1,2,2,"cthy, ckhy, chckhy, qockhy, cphy, cfhy, chcthy, ockhy",3,5,0.99,0.449,16:1.000/0.409 24:1.000/0.450 32:1.000/0.486 48:0.976/0.459 64:0.976/0.439,low_reliability_or_unlikely,does not meet good candidate thresholds
currier,meta_L,A,broad_shape,XO|NONE,R06,22,21,2,0.955,3,1,2,1,"sho, chso",5,5,0.909,0.507,16:1.000/0.507 24:0.818/0.519 32:0.864/0.507 48:0.909/0.499 64:0.955/0.502,low_reliability_or_unlikely,does not meet good candidate thresholds
currier,meta_L,A,broad_shape,X|NONE,R06,26,26,2,0.923,3,1,2,3,"s, g",1,2,0.546,0.46,16:0.962/0.423 24:0.308/0.462 32:0.462/0.468 48:0.654/0.470 64:0.346/0.478,low_reliability_or_unlikely,does not meet good candidate thresholds
currier,meta_L,A,broad_shape,X|y,R06,18,18,3,0.944,3,1,1,3,"shy, sy, olsy",1,5,0.622,0.479,16:0.889/0.448 24:0.500/0.494 32:0.500/0.475 48:0.667/0.469 64:0.556/0.508,low_reliability_or_unlikely,does not meet good candidate thresholds
currier,meta_L,B,broad_shape,B|dy,R00,43,38,11,0.465,5,1,5,5,"qokchdy, otchdy, okchdy, qokshdy, dshdy, qotchdy, olchdy, olshdy",4,5,0.716,0.471,16:0.721/0.459 24:0.721/0.488 32:0.721/0.450 48:0.744/0.466 64:0.674/0.493,low_reliability_or_unlikely,does not meet good candidate thresholds
currier,meta_L,B,broad_shape,B|edy,R00,61,57,16,0.508,5,1,4,3,"dshedy, olchedy, qotchedy, otchedy, qokchedy, olshedy, yshedy, dchedy",0,2,0.446,0.47,16:0.377/0.457 24:0.525/0.477 32:0.508/0.463 48:0.443/0.462 64:0.377/0.493,low_reliability_or_unlikely,does not meet good candidate thresholds
currier,meta_L,B,broad_shape,B|eey,R06,15,15,9,0.6,2,1,2,1,"dsheey, ycheey, olcheey, dcheey, okcheey, ocheey, otcheey, olsheey",5,5,0.813,0.548,16:0.867/0.559 24:0.800/0.552 32:0.800/0.552 48:0.800/0.530 64:0.800/0.547,low_reliability_or_unlikely,does not meet good candidate thresholds
currier,meta_L,B,broad_shape,B|ey,R00,45,44,18,0.489,5,1,4,2,"qokchey, olchey, otchey, qochey, dshey, okshey, okchey, dchey",0,0,0.409,0.459,16:0.333/0.446 24:0.378/0.484 32:0.489/0.451 48:0.378/0.440 64:0.467/0.473,low_reliability_or_unlikely,does not meet good candidate thresholds
currier,meta_L,B,broad_shape,B|y,R00,29,28,10,0.483,5,1,4,4,"qokchy, chy, otchy, qotchy, olchy, okchy, okshy, shchy",3,5,0.738,0.446,16:0.759/0.432 24:0.828/0.452 32:0.759/0.445 48:0.724/0.451 64:0.621/0.451,low_reliability_or_unlikely,does not meet good candidate thresholds
currier,meta_L,B,broad_shape,D|y,R02,67,61,10,0.627,5,1,5,5,"chdy, dy, shdy, ody, oldy, ydy, otdy, qody",0,0,0.0,0.485,16:0.000/0.468 24:0.000/0.479 32:0.000/0.472 48:0.000/0.476 64:0.000/0.530,low_reliability_or_unlikely,does not meet good candidate thresholds
currier,meta_L,B,broad_shape,ED|NONE,R06,22,21,9,0.318,5,1,5,4,"shed, qokeed, qoted, oteed, ched, qoked, sheed, okeed",0,0,0.309,0.396,16:0.364/0.388 24:0.364/0.406 32:0.182/0.375 48:0.409/0.384 64:0.227/0.424,low_reliability_or_unlikely,does not meet good candidate thresholds
currier,meta_L,B,broad_shape,EG|y,R06,32,31,10,0.812,5,1,5,3,"cheky, sheky, sheeky, sheety, cheeky, sheefy, cheety, chety",0,0,0.006,0.461,16:0.000/0.439 24:0.031/0.465 32:0.000/0.480 48:0.000/0.458 64:0.000/0.465,low_reliability_or_unlikely,does not meet good candidate thresholds
currier,meta_L,B,broad_shape,EO|dy,R00,22,18,7,0.409,4,1,4,1,"cheody, sheody, oteody, qokeeody, qokeody, okeody, qoteeody",0,1,0.445,0.401,16:0.318/0.377 24:0.591/0.430 32:0.500/0.390 48:0.364/0.384 64:0.455/0.422,low_reliability_or_unlikely,does not meet good candidate thresholds
currier,meta_L,B,broad_shape,EX|NONE,R00,16,16,10,0.625,4,1,3,2,"okees, chees, qokees, eees, ches, okeees, sheees, otes",1,5,0.6,0.446,16:0.500/0.449 24:0.625/0.459 32:0.688/0.421 48:0.562/0.460 64:0.625/0.439,low_reliability_or_unlikely,does not meet good candidate thresholds
currier,meta_L,B,broad_shape,E|ar,R00,21,19,9,0.619,3,1,2,3,"chear, shear, qokear, qokeear, ear, cheear, qeear, okear",0,1,0.39,0.447,16:0.190/0.436 24:0.476/0.465 32:0.571/0.428 48:0.381/0.435 64:0.333/0.469,low_reliability_or_unlikely,does not meet good candidate thresholds
currier,meta_L,B,broad_shape,E|dy,R06,366,231,8,0.262,5,1,5,4,"shedy, chedy, qokedy, okedy, otedy, qotedy, qoedy, dedy",0,0,0.422,0.41,16:0.516/0.391 24:0.399/0.444 32:0.423/0.384 48:0.454/0.398 64:0.317/0.434,low_reliability_or_unlikely,does not meet good candidate thresholds
currier,meta_L,B,broad_shape,E|edy,H01,199,149,9,0.553,5,1,4,2,"qokeedy, okeedy, qoteedy, sheedy, oteedy, cheedy, qoeedy, oeedy",0,0,0.061,0.377,16:0.000/0.364 24:0.000/0.416 32:0.216/0.347 48:0.000/0.368 64:0.090/0.391,low_reliability_or_unlikely,does not meet good candidate thresholds
currier,meta_L,B,broad_shape,E|ey,H08,150,116,9,0.44,5,1,4,4,"qokeey, okeey, cheey, sheey, oteey, qoteey, qoeey, oleey",0,0,0.212,0.418,16:0.180/0.400 24:0.180/0.430 32:0.240/0.408 48:0.173/0.395 64:0.287/0.458,low_reliability_or_unlikely,does not meet good candidate thresholds
currier,meta_L,B,broad_shape,E|ol,R00,41,39,12,0.537,4,1,4,1,"cheol, sheol, sheeol, okeol, oteol, qokeol, qoteol, deeol",0,0,0.288,0.444,16:0.171/0.435 24:0.268/0.457 32:0.390/0.442 48:0.293/0.439 64:0.317/0.448,low_reliability_or_unlikely,does not meet good candidate thresholds
currier,meta_L,B,broad_shape,E|y,R06,124,108,7,0.661,4,1,4,3,"chey, shey, qokey, otey, okey, qotey, qey",1,4,0.566,0.475,16:0.645/0.426 24:0.589/0.460 32:0.387/0.425 48:0.581/0.436 64:0.629/0.630,low_reliability_or_unlikely,does not meet good candidate thresholds
currier,meta_L,B,broad_shape,GB|dy,R00,15,14,10,0.667,5,1,4,4,"opchdy, qopchdy, tchdy, ykchdy, pshdy, ofchdy, pchdy, olkshdy",1,5,0.813,0.441,16:0.800/0.415 24:1.000/0.433 32:0.933/0.439 48:0.733/0.433 64:0.600/0.485,low_reliability_or_unlikely,does not meet good candidate thresholds
currier,meta_L,B,broad_shape,GB|edy,R00,42,40,19,0.476,5,1,4,2,"pchedy, opchedy, tchedy, qopshedy, kchedy, ykchedy, kshedy, fchedy",0,2,0.776,0.391,16:0.810/0.360 24:0.952/0.369 32:0.881/0.393 48:0.571/0.401 64:0.667/0.435,low_reliability_or_unlikely,does not meet good candidate thresholds
currier,meta_L,B,broad_shape,GB|ey,R06,18,16,12,0.556,5,1,3,2,"opchey, ytchey, ypchey, ykchey, kchey, tshey, pchey, olkshey",0,0,0.078,0.434,16:0.000/0.412 24:0.000/0.419 32:0.000/0.418 48:0.222/0.457 64:0.167/0.465,low_reliability_or_unlikely,does not meet good candidate thresholds
currier,meta_L,B,broad_shape,G|aiin,R06,23,23,8,0.696,4,1,2,1,"ykaiin, olkaiin, kaiin, taiin, ytaiin, opaiin, skaiin, oltaiin",0,0,0.052,0.42,16:0.000/0.412 24:0.000/0.436 32:0.043/0.400 48:0.087/0.414 64:0.130/0.439,low_reliability_or_unlikely,does not meet good candidate thresholds
currier,meta_L,B,broad_shape,G|ain,R06,20,19,9,0.65,3,1,3,1,"kain, olkain, ytain, tain, qkain, ykain, chkain, oltain",0,0,0.04,0.424,16:0.000/0.394 24:0.000/0.431 32:0.000/0.428 48:0.100/0.430 64:0.100/0.437,low_reliability_or_unlikely,does not meet good candidate thresholds
currier,meta_L,B,broad_shape,G|ar,R06,30,27,9,0.633,5,1,4,3,"ykar, kar, opar, olkar, ytar, tar, far, dkar",0,0,0.047,0.467,16:0.000/0.450 24:0.000/0.478 32:0.033/0.460 48:0.100/0.471 64:0.100/0.478,low_reliability_or_unlikely,does not meet good candidate thresholds
currier,meta_L,B,broad_shape,G|edy,R00,37,33,7,0.568,5,1,5,3,"tedy, ykedy, olkedy, kedy, ytedy, oltedy, chkedy",0,4,0.827,0.421,16:0.811/0.424 24:0.973/0.440 32:0.811/0.404 48:0.811/0.398 64:0.730/0.437,low_reliability_or_unlikely,does not meet good candidate thresholds
currier,meta_L,B,broad_shape,G|eedy,R00,32,31,7,0.719,4,1,4,3,"olkeedy, keedy, yteedy, ykeedy, teedy, chkeedy, olteedy",0,5,0.85,0.42,16:0.781/0.402 24:0.938/0.428 32:0.906/0.403 48:0.938/0.422 64:0.688/0.445,low_reliability_or_unlikely,does not meet good candidate thresholds
currier,meta_L,B,broad_shape,G|eey,R00,22,21,7,0.545,4,1,2,1,"olkeey, yteey, keey, teey, chkeey, skeey, olteey",0,4,0.873,0.42,16:1.000/0.433 24:0.955/0.426 32:0.818/0.395 48:0.864/0.412 64:0.727/0.434,low_reliability_or_unlikely,does not meet good candidate thresholds
currier,meta_L,B,broad_shape,G|y,H01,83,73,11,0.554,5,1,5,5,"qoky, qoty, oty, oky, chky, olky, opy, yty",0,0,0.0,0.454,16:0.000/0.426 24:0.000/0.472 32:0.000/0.467 48:0.000/0.451 64:0.000/0.451,low_reliability_or_unlikely,does not meet good candidate thresholds
currier,meta_L,B,broad_shape,LB|edy,R00,44,42,6,1.0,4,1,3,2,"lchedy, lshedy, qolchedy, rchedy, qorchedy, rshedy",0,0,0.314,0.469,16:0.136/0.463 24:0.477/0.473 32:0.318/0.465 48:0.227/0.466 64:0.409/0.478,low_reliability_or_unlikely,does not meet good candidate thresholds
currier,meta_L,B,broad_shape,LB|ey,R00,25,24,5,0.8,3,1,3,2,"lshey, lchey, qolchey, rchey, llchey",0,0,0.256,0.464,16:0.080/0.464 24:0.320/0.475 32:0.320/0.463 48:0.200/0.444 64:0.360/0.475,low_reliability_or_unlikely,does not meet good candidate thresholds
currier,meta_L,B,broad_shape,LG|eedy,R00,20,20,4,0.7,4,1,2,2,"lkeedy, qolkeedy, lteedy, qolteedy",0,4,0.86,0.413,16:0.900/0.415 24:0.950/0.447 32:0.800/0.414 48:0.900/0.409 64:0.750/0.381,low_reliability_or_unlikely,does not meet good candidate thresholds
currier,meta_L,B,broad_shape,L|NONE,R06,19,19,2,0.632,4,1,3,4,"l, r",1,2,0.421,0.498,16:0.632/0.496 24:0.368/0.498 32:0.316/0.488 48:0.526/0.487 64:0.263/0.523,low_reliability_or_unlikely,does not meet good candidate thresholds
currier,meta_L,B,broad_shape,L|aiin,R00,16,16,4,0.938,5,1,4,2,"raiin, dlaiin, rlaiin, laiin",0,0,0.25,0.457,16:0.062/0.456 24:0.375/0.472 32:0.312/0.462 48:0.125/0.441 64:0.375/0.452,low_reliability_or_unlikely,does not meet good candidate thresholds
currier,meta_L,B,broad_shape,L|y,R06,22,22,5,0.636,4,1,3,3,"oly, ory, ly, dly, qoly",0,2,0.418,0.492,16:0.545/0.463 24:0.364/0.476 32:0.318/0.495 48:0.364/0.517 64:0.500/0.507,low_reliability_or_unlikely,does not meet good candidate thresholds
currier,meta_L,B,broad_shape,OE|r,R06,23,22,7,0.435,5,1,3,2,"sair, dair, qokair, okair, air, otair, qotair",0,0,0.426,0.478,16:0.478/0.454 24:0.478/0.499 32:0.348/0.474 48:0.478/0.463 64:0.348/0.499,low_reliability_or_unlikely,does not meet good candidate thresholds
currier,meta_L,B,broad_shape,OLB|edy,R00,16,15,9,0.812,4,1,4,4,"solchedy, dalshedy, darchedy, salchedy, alchedy, okalchedy, otalshedy, solshedy",0,0,0.287,0.542,16:0.250/0.529 24:0.312/0.550 32:0.312/0.538 48:0.312/0.544 64:0.250/0.550,low_reliability_or_unlikely,does not meet good candidate thresholds
currier,meta_L,B,broad_shape,OL|dy,H11,16,16,9,0.25,4,1,4,2,"daldy, qokaldy, okaldy, okoldy, choldy, saldy, qokardy, qokoldy",0,0,0.0,0.511,16:0.000/0.511 24:0.000/0.538 32:0.000/0.484 48:0.000/0.492 64:0.000/0.529,low_reliability_or_unlikely,does not meet good candidate thresholds
currier,meta_L,B,broad_shape,OL|y,R00,31,30,17,0.548,5,1,4,4,"dary, daly, okary, okaly, qokaly, ary, otoly, chary",5,5,0.865,0.557,16:0.871/0.560 24:0.871/0.553 32:0.871/0.550 48:0.871/0.566 64:0.839/0.558,low_reliability_or_unlikely,does not meet good candidate thresholds
currier,meta_L,B,broad_shape,O|iin,R10,232,176,16,0.44,5,1,5,6,"daiin, aiin, qokaiin, okaiin, saiin, otaiin, qotaiin, oraiin",0,0,0.027,0.469,16:0.000/0.443 24:0.000/0.461 32:0.000/0.439 48:0.000/0.439 64:0.134/0.564,low_reliability_or_unlikely,does not meet good candidate thresholds
currier,meta_L,B,broad_shape,O|in,R06,192,145,14,0.307,5,1,2,3,"qokain, okain, dain, otain, sain, qotain, ain, olain",0,0,0.308,0.429,16:0.349/0.421 24:0.312/0.453 32:0.281/0.425 48:0.328/0.411 64:0.271/0.436,low_reliability_or_unlikely,does not meet good candidate thresholds
currier,meta_L,B,broad_shape,O|l,R06,307,209,24,0.375,5,1,5,6,"ol, qokal, chol, al, qol, dal, okal, sol",0,4,0.562,0.446,16:0.616/0.436 24:0.573/0.443 32:0.599/0.457 48:0.580/0.447 64:0.440/0.449,low_reliability_or_unlikely,does not meet good candidate thresholds
currier,meta_L,B,broad_shape,O|m,R06,32,32,9,0.594,5,1,2,2,"dam, am, qokam, otam, olam, oram, om, oam",0,0,0.181,0.478,16:0.344/0.458 24:0.156/0.460 32:0.094/0.474 48:0.188/0.511 64:0.125/0.488,low_reliability_or_unlikely,does not meet good candidate thresholds
currier,meta_L,B,broad_shape,O|r,R06,224,160,23,0.545,5,1,5,5,"ar, dar, or, qokar, okar, otar, qotar, sar",0,3,0.508,0.45,16:0.603/0.437 24:0.482/0.455 32:0.500/0.448 48:0.527/0.455 64:0.429/0.453,low_reliability_or_unlikely,does not meet good candidate thresholds
currier,meta_L,B,broad_shape,XGX|y,R00,76,68,10,0.553,4,1,3,1,"chckhy, chcthy, shckhy, shcthy, ockhy, dckhy, qocthy, qckhsy",2,5,0.945,0.445,16:0.961/0.415 24:0.987/0.442 32:0.947/0.485 48:0.961/0.424 64:0.868/0.460,low_reliability_or_unlikely,does not meet good candidate thresholds
currier,meta_L,B,broad_shape,X|NONE,R06,16,16,3,0.75,4,1,3,4,"s, x, c",0,0,0.175,0.534,16:0.250/0.536 24:0.062/0.535 32:0.188/0.533 48:0.188/0.536 64:0.188/0.531,low_reliability_or_unlikely,does not meet good candidate thresholds
currier,meta_L,nan,broad_shape,OL|y,R00,27,27,13,0.778,3,1,1,6,"otaly, okaly, ary, dary, daly, okary, oraly, amy",5,5,0.941,0.661,16:0.926/0.660 24:0.963/0.645 32:0.963/0.664 48:0.889/0.677 64:0.963/0.659,low_reliability_or_unlikely,does not meet good candidate thresholds
currier,meta_L,nan,broad_shape,O|iin,R10,15,15,7,0.533,3,1,1,5,"aiin, daiin, otaiin, okaiin, doiin, saiin, oaiin",0,0,0.08,0.553,16:0.000/0.541 24:0.000/0.523 32:0.000/0.499 48:0.000/0.525 64:0.400/0.679,low_reliability_or_unlikely,does not meet good candidate thresholds
currier,meta_L,nan,broad_shape,O|l,R07,31,25,13,0.419,3,1,1,7,"okal, okol, chol, al, sal, dal, ol, olol",0,0,0.0,0.52,16:0.000/0.521 24:0.000/0.513 32:0.000/0.533 48:0.000/0.510 64:0.000/0.526,low_reliability_or_unlikely,does not meet good candidate thresholds
currier,meta_L,nan,broad_shape,O|r,R06,36,34,14,0.611,4,1,2,6,"ar, okar, dar, or, char, sar, sor, oror",0,2,0.461,0.535,16:0.528/0.523 24:0.389/0.529 32:0.472/0.534 48:0.500/0.565 64:0.417/0.524,low_reliability_or_unlikely,does not meet good candidate thresholds
currier,meta_L,A,stolfi_inspired_signature,G_k|S_EY|T_ey,H08,17,17,2,0.647,3,1,2,1,"qokeey, okeey",0,0,0.176,0.431,16:0.000/0.408 24:0.353/0.488 32:0.059/0.421 48:0.294/0.406 64:0.176/0.432,low_reliability_or_unlikely,does not meet good candidate thresholds
currier,meta_L,A,stolfi_inspired_signature,G_k|S_GBY|T_y,R06,15,12,6,0.867,1,1,1,1,"kchy, ykchy, chkchy, ykshy, shkchy, shkshy",0,0,0.0,0.472,16:0.000/0.454 24:0.000/0.512 32:0.000/0.449 48:0.000/0.467 64:0.000/0.476,low_reliability_or_unlikely,does not meet good candidate thresholds
currier,meta_L,A,stolfi_inspired_signature,G_k|S_GY|T_y,R00,26,25,5,0.577,3,1,2,3,"oky, qoky, yky, orky, olky",5,5,0.985,0.529,16:1.000/0.503 24:1.000/0.576 32:1.000/0.510 48:0.962/0.523 64:0.962/0.533,low_reliability_or_unlikely,does not meet good candidate thresholds
currier,meta_L,A,stolfi_inspired_signature,G_k|S_OL|T_l,R07,36,30,4,0.639,3,1,2,2,"okol, qokol, okal, qokal",0,0,0.0,0.456,16:0.000/0.424 24:0.000/0.495 32:0.000/0.455 48:0.000/0.440 64:0.000/0.465,low_reliability_or_unlikely,does not meet good candidate thresholds
currier,meta_L,A,stolfi_inspired_signature,G_k|S_XGXY|T_y,R00,17,17,5,0.765,3,1,2,1,"ckhy, chckhy, qockhy, ockhy, shckhy",5,5,0.976,0.514,16:1.000/0.496 24:1.000/0.567 32:1.000/0.529 48:0.941/0.500 64:0.941/0.480,low_reliability_or_unlikely,does not meet good candidate thresholds
currier,meta_L,A,stolfi_inspired_signature,G_t|S_XGXY|T_y,R04,18,18,3,0.944,1,1,1,2,"cthy, chcthy, dcthy",0,0,0.0,0.388,16:0.000/0.337 24:0.000/0.339 32:0.000/0.438 48:0.000/0.408 64:0.000/0.417,low_reliability_or_unlikely,does not meet good candidate thresholds
currier,meta_L,A,stolfi_inspired_signature,NG|S_BO|T_NONE,R00,17,17,6,0.588,3,1,2,2,"cho, dcho, dsho, ycho, osho, ssho",0,0,0.165,0.506,16:0.059/0.504 24:0.353/0.518 32:0.118/0.518 48:0.059/0.504 64:0.235/0.484,low_reliability_or_unlikely,does not meet good candidate thresholds
currier,meta_L,A,stolfi_inspired_signature,NG|S_BY|T_y,R00,21,20,5,0.81,2,1,1,3,"chy, dchy, dshy, orshy, ochy",0,0,0.19,0.49,16:0.095/0.483 24:0.238/0.493 32:0.286/0.496 48:0.095/0.496 64:0.238/0.481,low_reliability_or_unlikely,does not meet good candidate thresholds
currier,meta_L,A,stolfi_inspired_signature,NG|S_DY|T_y,R02,20,20,6,0.65,3,1,2,3,"dy, ody, oldy, chdy, ddy, qody",0,0,0.0,0.48,16:0.000/0.475 24:0.000/0.472 32:0.000/0.485 48:0.000/0.500 64:0.000/0.466,low_reliability_or_unlikely,does not meet good candidate thresholds
currier,meta_L,A,stolfi_inspired_signature,NG|S_EOL|T_ol,R06,16,15,4,0.562,3,1,2,3,"sheol, cheol, deol, cheeol",3,5,0.787,0.458,16:0.938/0.448 24:0.625/0.478 32:0.812/0.463 48:0.750/0.471 64:0.812/0.429,low_reliability_or_unlikely,does not meet good candidate thresholds
currier,meta_L,A,stolfi_inspired_signature,NG|S_EOL|T_or,R00,17,16,5,0.706,2,1,1,2,"cheor, sheor, cheeor, eeor, sheeor",1,1,0.341,0.461,16:0.118/0.456 24:0.647/0.480 32:0.353/0.453 48:0.235/0.468 64:0.353/0.447,low_reliability_or_unlikely,does not meet good candidate thresholds
currier,meta_L,A,stolfi_inspired_signature,NG|S_EY|T_y,R06,19,18,2,1.0,4,1,2,2,"shey, chey",4,5,0.947,0.535,16:1.000/0.443 24:0.947/0.501 32:0.895/0.461 48:0.895/0.474 64:1.000/0.793,low_reliability_or_unlikely,does not meet good candidate thresholds
currier,meta_L,A,stolfi_inspired_signature,NG|S_ODY|T_dy,R00,18,18,3,0.722,3,1,1,3,"chody, shody, dady",1,1,0.378,0.473,16:0.278/0.474 24:0.611/0.483 32:0.278/0.473 48:0.389/0.470 64:0.333/0.467,low_reliability_or_unlikely,does not meet good candidate thresholds
currier,meta_L,A,stolfi_inspired_signature,NG|S_OEL|T_in,R06,21,21,4,0.952,3,1,1,4,"dain, shain, chain, ain",4,5,0.743,0.488,16:0.857/0.485 24:0.571/0.490 32:0.619/0.488 48:0.857/0.492 64:0.810/0.485,low_reliability_or_unlikely,does not meet good candidate thresholds
currier,meta_L,A,stolfi_inspired_signature,NG|S_OIL|T_iin,R10,119,97,12,0.689,3,1,2,3,"daiin, saiin, aiin, chaiin, soiin, choiin, oaiin, doiin",1,1,0.139,0.518,16:0.000/0.456 24:0.000/0.484 32:0.000/0.448 48:0.000/0.472 64:0.697/0.732,low_reliability_or_unlikely,does not meet good candidate thresholds
currier,meta_L,A,stolfi_inspired_signature,NG|S_OLY|T_y,R00,18,16,11,0.5,3,1,2,3,"dary, choly, chory, sary, chorly, aly, daly, olaly",4,5,0.644,0.498,16:0.611/0.493 24:0.722/0.487 32:0.722/0.507 48:0.556/0.512 64:0.611/0.490,low_reliability_or_unlikely,does not meet good candidate thresholds
currier,meta_L,A,stolfi_inspired_signature,NG|S_OL|T_l,R07,126,94,13,0.524,3,1,2,4,"chol, shol, ol, dal, dol, sal, sol, chal",0,0,0.0,0.456,16:0.000/0.449 24:0.000/0.436 32:0.000/0.479 48:0.000/0.459 64:0.000/0.459,low_reliability_or_unlikely,does not meet good candidate thresholds
currier,meta_L,A,stolfi_inspired_signature,NG|S_OL|T_m,R06,24,22,11,0.792,3,1,2,3,"dam, am, sham, om, chom, shom, sam, cham",0,2,0.442,0.482,16:0.750/0.446 24:0.292/0.476 32:0.292/0.493 48:0.583/0.517 64:0.292/0.479,low_reliability_or_unlikely,does not meet good candidate thresholds
currier,meta_L,A,stolfi_inspired_signature,NG|S_OL|T_r,R06,117,94,17,0.538,4,1,2,4,"chor, or, dar, shor, ar, dor, char, qoor",5,5,0.788,0.482,16:0.889/0.473 24:0.624/0.483 32:0.863/0.487 48:0.829/0.498 64:0.735/0.470,low_reliability_or_unlikely,does not meet good candidate thresholds
currier,meta_L,A,stolfi_inspired_signature,NG|S_XO|T_NONE,R06,22,21,2,0.955,3,1,2,1,"sho, chso",5,5,0.909,0.507,16:1.000/0.507 24:0.818/0.519 32:0.864/0.507 48:0.909/0.499 64:0.955/0.502,low_reliability_or_unlikely,does not meet good candidate thresholds
currier,meta_L,A,stolfi_inspired_signature,NG|S_XY|T_y,R06,18,18,3,0.944,3,1,1,3,"shy, sy, olsy",1,5,0.622,0.479,16:0.889/0.448 24:0.500/0.494 32:0.500/0.475 48:0.667/0.469 64:0.556/0.508,low_reliability_or_unlikely,does not meet good candidate thresholds
currier,meta_L,A,stolfi_inspired_signature,NG|S_X|T_NONE,R06,26,26,2,0.923,3,1,2,3,"s, g",1,2,0.546,0.46,16:0.962/0.423 24:0.308/0.462 32:0.462/0.468 48:0.654/0.470 64:0.346/0.478,low_reliability_or_unlikely,does not meet good candidate thresholds
currier,meta_L,B,stolfi_inspired_signature,G_k|S_BDY|T_dy,H09,24,21,3,0.625,5,1,4,3,"qokchdy, okchdy, qokshdy",0,0,0.0,0.472,16:0.000/0.464 24:0.000/0.507 32:0.000/0.456 48:0.000/0.471 64:0.000/0.464,low_reliability_or_unlikely,does not meet good candidate thresholds
currier,meta_L,B,stolfi_inspired_signature,G_k|S_EDY|T_dy,H12,122,92,2,0.73,5,1,5,3,"qokedy, okedy",0,0,0.0,0.367,16:0.000/0.335 24:0.000/0.442 32:0.000/0.330 48:0.000/0.357 64:0.000/0.371,low_reliability_or_unlikely,does not meet good candidate thresholds
currier,meta_L,B,stolfi_inspired_signature,G_k|S_EDY|T_edy,H01,117,94,2,0.726,5,1,4,2,"qokeedy, okeedy",0,0,0.074,0.368,16:0.000/0.351 24:0.000/0.426 32:0.359/0.334 48:0.000/0.366 64:0.009/0.363,low_reliability_or_unlikely,does not meet good candidate thresholds
currier,meta_L,B,stolfi_inspired_signature,G_k|S_EGY|T_y,R06,24,24,4,0.917,5,1,5,3,"cheky, sheky, sheeky, cheeky",0,0,0.008,0.489,16:0.000/0.469 24:0.042/0.513 32:0.000/0.505 48:0.000/0.483 64:0.000/0.475,low_reliability_or_unlikely,does not meet good candidate thresholds
currier,meta_L,B,stolfi_inspired_signature,G_k|S_EY|T_ey,H08,88,71,2,0.75,5,1,4,4,"qokeey, okeey",0,0,0.357,0.401,16:0.307/0.395 24:0.307/0.427 32:0.398/0.415 48:0.295/0.378 64:0.477/0.392,low_reliability_or_unlikely,does not meet good candidate thresholds
currier,meta_L,B,stolfi_inspired_signature,G_k|S_EY|T_y,H08,27,26,2,0.704,4,1,3,2,"qokey, okey",0,0,0.23,0.434,16:0.111/0.435 24:0.259/0.461 32:0.259/0.436 48:0.185/0.425 64:0.333/0.413,low_reliability_or_unlikely,does not meet good candidate thresholds
currier,meta_L,B,stolfi_inspired_signature,G_k|S_GEDY|T_edy,R00,22,20,4,0.727,5,1,4,3,"ykedy, olkedy, kedy, chkedy",2,5,0.8,0.445,16:0.727/0.442 24:0.955/0.470 32:0.773/0.432 48:0.818/0.428 64:0.727/0.451,low_reliability_or_unlikely,does not meet good candidate thresholds
currier,meta_L,B,stolfi_inspired_signature,G_k|S_GEDY|T_eedy,R00,23,23,4,0.696,4,1,4,2,"olkeedy, keedy, ykeedy, chkeedy",2,5,0.861,0.442,16:0.696/0.413 24:0.913/0.459 32:0.913/0.440 48:1.000/0.447 64:0.783/0.453,low_reliability_or_unlikely,does not meet good candidate thresholds
currier,meta_L,B,stolfi_inspired_signature,G_k|S_GEY|T_eey,R00,23,23,7,0.696,4,1,2,1,"olkeey, olkeeey, keey, keeey, chkeey, ykeeey, skeey",3,5,0.904,0.453,16:1.000/0.457 24:0.957/0.468 32:0.783/0.444 48:0.957/0.465 64:0.826/0.434,low_reliability_or_unlikely,does not meet good candidate thresholds
currier,meta_L,B,stolfi_inspired_signature,G_k|S_GOIL|T_aiin,R06,15,15,4,0.667,4,1,2,1,"ykaiin, olkaiin, kaiin, skaiin",0,0,0.027,0.446,16:0.000/0.441 24:0.000/0.474 32:0.067/0.440 48:0.000/0.436 64:0.067/0.438,low_reliability_or_unlikely,does not meet good candidate thresholds
currier,meta_L,B,stolfi_inspired_signature,G_k|S_GOL|T_ar,R06,19,18,4,0.737,4,1,3,1,"ykar, kar, olkar, dkar",0,0,0.011,0.46,16:0.000/0.445 24:0.000/0.502 32:0.000/0.448 48:0.053/0.445 64:0.000/0.459,low_reliability_or_unlikely,does not meet good candidate thresholds
currier,meta_L,B,stolfi_inspired_signature,G_k|S_GY|T_y,H01,56,52,5,0.625,5,1,4,4,"qoky, oky, chky, olky, shky",0,0,0.0,0.469,16:0.000/0.436 24:0.000/0.517 32:0.000/0.464 48:0.000/0.466 64:0.000/0.460,low_reliability_or_unlikely,does not meet good candidate thresholds
currier,meta_L,B,stolfi_inspired_signature,G_k|S_LGEDY|T_eedy,R00,17,17,2,0.706,4,1,2,2,"lkeedy, qolkeedy",1,4,0.847,0.436,16:0.882/0.435 24:0.941/0.471 32:0.824/0.445 48:0.882/0.444 64:0.706/0.384,low_reliability_or_unlikely,does not meet good candidate thresholds
currier,meta_L,B,stolfi_inspired_signature,G_k|S_OEL|T_in,H08,87,78,3,0.644,4,1,2,2,"qokain, okain, qokoin",0,0,0.32,0.408,16:0.195/0.395 24:0.333/0.455 32:0.241/0.413 48:0.345/0.385 64:0.483/0.391,low_reliability_or_unlikely,does not meet good candidate thresholds
currier,meta_L,B,stolfi_inspired_signature,G_k|S_OIL|T_iin,H08,70,62,2,0.529,5,1,2,4,"qokaiin, okaiin",0,0,0.309,0.399,16:0.314/0.396 24:0.186/0.438 32:0.271/0.402 48:0.243/0.372 64:0.529/0.385,low_reliability_or_unlikely,does not meet good candidate thresholds
currier,meta_L,B,stolfi_inspired_signature,G_k|S_OL|T_l,H08,69,59,4,0.609,5,1,3,3,"qokal, okal, qokol, okol",0,0,0.27,0.427,16:0.174/0.400 24:0.304/0.466 32:0.130/0.442 48:0.304/0.408 64:0.435/0.422,low_reliability_or_unlikely,does not meet good candidate thresholds
currier,meta_L,B,stolfi_inspired_signature,G_k|S_OL|T_r,R03,51,43,4,0.922,5,1,4,5,"qokar, okar, qokor, okor",0,0,0.0,0.437,16:0.000/0.425 24:0.000/0.463 32:0.000/0.439 48:0.000/0.422 64:0.000/0.434,low_reliability_or_unlikely,does not meet good candidate thresholds
currier,meta_L,B,stolfi_inspired_signature,G_k|S_XGXY|T_y,R00,55,51,6,0.745,4,1,2,1,"chckhy, shckhy, ockhy, dckhy, qckhsy, ckhy",4,5,0.945,0.475,16:0.945/0.448 24:0.982/0.490 32:0.964/0.488 48:0.964/0.470 64:0.873/0.479,low_reliability_or_unlikely,does not meet good candidate thresholds
currier,meta_L,B,stolfi_inspired_signature,G_p|S_GBEDY|T_edy,R00,21,20,5,0.476,4,1,3,2,"pchedy, opchedy, qopshedy, ypchedy, qopchedy",1,2,0.771,0.395,16:0.810/0.351 24:1.000/0.355 32:0.810/0.400 48:0.476/0.416 64:0.762/0.456,low_reliability_or_unlikely,does not meet good candidate thresholds
currier,meta_L,B,stolfi_inspired_signature,G_t|S_EDY|T_dy,R01,52,46,2,0.577,4,1,2,3,"otedy, qotedy",0,0,0.0,0.318,16:0.000/0.329 24:0.000/0.325 32:0.000/0.296 48:0.000/0.281 64:0.000/0.363,low_reliability_or_unlikely,does not meet good candidate thresholds
currier,meta_L,B,stolfi_inspired_signature,G_t|S_EDY|T_edy,H01,40,37,2,0.625,5,1,3,1,"qoteedy, oteedy",0,0,0.09,0.309,16:0.000/0.307 24:0.000/0.319 32:0.025/0.267 48:0.000/0.268 64:0.425/0.384,low_reliability_or_unlikely,does not meet good candidate thresholds
currier,meta_L,B,stolfi_inspired_signature,G_t|S_EY|T_ey,R01,17,15,2,0.706,3,1,2,2,"oteey, qoteey",0,0,0.0,0.314,16:0.000/0.325 24:0.000/0.313 32:0.000/0.286 48:0.000/0.271 64:0.000/0.374,low_reliability_or_unlikely,does not meet good candidate thresholds
currier,meta_L,B,stolfi_inspired_signature,G_t|S_GEDY|T_edy,R06,15,13,3,0.667,4,1,4,2,"tedy, ytedy, oltedy",0,0,0.027,0.386,16:0.000/0.398 24:0.000/0.396 32:0.000/0.363 48:0.067/0.355 64:0.067/0.417,low_reliability_or_unlikely,does not meet good candidate thresholds
currier,meta_L,B,stolfi_inspired_signature,G_t|S_GY|T_y,H01,24,21,5,0.458,5,1,3,1,"qoty, oty, yty, shty, chty",0,0,0.0,0.392,16:0.000/0.370 24:0.000/0.350 32:0.000/0.450 48:0.000/0.384 64:0.000/0.409,low_reliability_or_unlikely,does not meet good candidate thresholds
currier,meta_L,B,stolfi_inspired_signature,G_t|S_OEL|T_in,R00,37,34,2,0.622,4,1,2,1,"otain, qotain",0,0,0.951,0.322,16:1.000/0.318 24:1.000/0.321 32:1.000/0.299 48:1.000/0.296 64:0.757/0.375,low_reliability_or_unlikely,does not meet good candidate thresholds
currier,meta_L,B,stolfi_inspired_signature,G_t|S_OIL|T_iin,R10,23,22,2,0.565,4,1,3,2,"otaiin, qotaiin",0,0,0.0,0.332,16:0.000/0.333 24:0.000/0.337 32:0.000/0.307 48:0.000/0.320 64:0.000/0.365,low_reliability_or_unlikely,does not meet good candidate thresholds
currier,meta_L,B,stolfi_inspired_signature,G_t|S_OL|T_l,H13,30,27,4,0.533,3,1,3,2,"qotal, otal, qotol, otol",0,0,0.027,0.318,16:0.000/0.341 24:0.000/0.298 32:0.000/0.271 48:0.000/0.303 64:0.133/0.377,low_reliability_or_unlikely,does not meet good candidate thresholds
currier,meta_L,B,stolfi_inspired_signature,G_t|S_OL|T_r,R01,30,24,4,0.433,5,1,3,2,"otar, qotar, otor, qotor",0,0,0.0,0.326,16:0.000/0.331 24:0.000/0.314 32:0.000/0.306 48:0.000/0.289 64:0.000/0.390,low_reliability_or_unlikely,does not meet good candidate thresholds
currier,meta_L,B,stolfi_inspired_signature,G_t|S_XGXY|T_y,R04,21,20,4,0.667,3,1,3,1,"chcthy, shcthy, qocthy, qcthy",0,0,0.0,0.367,16:0.000/0.327 24:0.000/0.316 32:0.000/0.479 48:0.000/0.301 64:0.000/0.411,low_reliability_or_unlikely,does not meet good candidate thresholds
currier,meta_L,B,stolfi_inspired_signature,NG|S_BEDY|T_edy,R00,39,38,9,0.564,5,1,3,2,"dshedy, olchedy, olshedy, yshedy, dchedy, ychedy, ochedy, sshedy",0,0,0.21,0.535,16:0.103/0.525 24:0.256/0.540 32:0.282/0.535 48:0.179/0.532 64:0.231/0.544,low_reliability_or_unlikely,does not meet good candidate thresholds
currier,meta_L,B,stolfi_inspired_signature,NG|S_BEY|T_ey,R00,27,26,12,0.519,4,1,3,2,"olchey, qochey, dshey, oshey, olshey, yshey, dchey, ochey",0,0,0.163,0.497,16:0.000/0.494 24:0.148/0.509 32:0.296/0.491 48:0.148/0.474 64:0.222/0.516,low_reliability_or_unlikely,does not meet good candidate thresholds
currier,meta_L,B,stolfi_inspired_signature,NG|S_DY|T_y,R02,64,58,8,0.656,5,1,5,5,"chdy, dy, shdy, ody, oldy, ydy, qody, ddy",0,0,0.0,0.475,16:0.000/0.456 24:0.000/0.468 32:0.000/0.462 48:0.000/0.467 64:0.000/0.522,low_reliability_or_unlikely,does not meet good candidate thresholds
currier,meta_L,B,stolfi_inspired_signature,NG|S_EDY|T_dy,R06,192,152,4,0.5,5,1,4,3,"shedy, chedy, qoedy, dedy",3,5,0.804,0.463,16:0.984/0.443 24:0.760/0.477 32:0.807/0.443 48:0.865/0.456 64:0.604/0.494,low_reliability_or_unlikely,does not meet good candidate thresholds
currier,meta_L,B,stolfi_inspired_signature,NG|S_EDY|T_edy,R06,42,40,5,0.786,5,1,3,1,"sheedy, cheedy, qoeedy, oeedy, oleedy",5,5,0.857,0.466,16:0.976/0.451 24:0.738/0.481 32:0.857/0.457 48:0.881/0.467 64:0.833/0.475,low_reliability_or_unlikely,does not meet good candidate thresholds
currier,meta_L,B,stolfi_inspired_signature,NG|S_EOL|T_ol,R00,32,31,7,0.656,4,1,4,1,"cheol, sheol, sheeol, deeol, qeol, cheeol, eol",0,0,0.156,0.464,16:0.000/0.457 24:0.094/0.470 32:0.281/0.461 48:0.125/0.467 64:0.281/0.466,low_reliability_or_unlikely,does not meet good candidate thresholds
currier,meta_L,B,stolfi_inspired_signature,NG|S_EY|T_ey,R06,45,41,5,0.889,5,1,3,1,"cheey, sheey, qoeey, oleey, deey",3,5,0.849,0.491,16:1.000/0.438 24:0.844/0.480 32:0.622/0.442 48:0.889/0.474 64:0.889/0.620,low_reliability_or_unlikely,does not meet good candidate thresholds
currier,meta_L,B,stolfi_inspired_signature,NG|S_EY|T_y,R06,83,76,3,0.988,4,1,4,3,"chey, shey, qey",3,5,0.846,0.519,16:0.964/0.443 24:0.880/0.486 32:0.578/0.447 48:0.867/0.468 64:0.940/0.748,low_reliability_or_unlikely,does not meet good candidate thresholds
currier,meta_L,B,stolfi_inspired_signature,NG|S_LBEDY|T_edy,R00,44,42,6,1.0,4,1,3,2,"lchedy, lshedy, qolchedy, rchedy, qorchedy, rshedy",0,0,0.314,0.469,16:0.136/0.463 24:0.477/0.473 32:0.318/0.465 48:0.227/0.466 64:0.409/0.478,low_reliability_or_unlikely,does not meet good candidate thresholds
currier,meta_L,B,stolfi_inspired_signature,NG|S_LBEY|T_ey,R00,25,24,5,0.8,3,1,3,2,"lshey, lchey, qolchey, rchey, llchey",0,0,0.256,0.464,16:0.080/0.464 24:0.320/0.475 32:0.320/0.463 48:0.200/0.444 64:0.360/0.475,low_reliability_or_unlikely,does not meet good candidate thresholds
currier,meta_L,B,stolfi_inspired_signature,NG|S_LOIL|T_aiin,R00,16,16,4,0.938,5,1,4,2,"raiin, dlaiin, rlaiin, laiin",0,0,0.25,0.457,16:0.062/0.456 24:0.375/0.472 32:0.312/0.462 48:0.125/0.441 64:0.375/0.452,low_reliability_or_unlikely,does not meet good candidate thresholds
currier,meta_L,B,stolfi_inspired_signature,NG|S_LY|T_y,R06,22,22,5,0.636,4,1,3,3,"oly, ory, ly, dly, qoly",0,2,0.418,0.492,16:0.545/0.463 24:0.364/0.476 32:0.318/0.495 48:0.364/0.517 64:0.500/0.507,low_reliability_or_unlikely,does not meet good candidate thresholds
currier,meta_L,B,stolfi_inspired_signature,NG|S_L|T_NONE,R06,19,19,2,0.632,4,1,3,4,"l, r",1,2,0.421,0.498,16:0.632/0.496 24:0.368/0.498 32:0.316/0.488 48:0.526/0.487 64:0.263/0.523,low_reliability_or_unlikely,does not meet good candidate thresholds
currier,meta_L,B,stolfi_inspired_signature,NG|S_OEL|T_in,R06,68,57,9,0.868,5,1,2,2,"dain, sain, ain, olain, oain, shain, qoain, chain",5,5,0.871,0.515,16:0.985/0.512 24:0.882/0.522 32:0.794/0.510 48:0.926/0.506 64:0.765/0.527,low_reliability_or_unlikely,does not meet good candidate thresholds
currier,meta_L,B,stolfi_inspired_signature,NG|S_OIL|T_iin,R06,139,119,12,0.554,5,1,5,5,"daiin, aiin, saiin, oraiin, olaiin, qoaiin, soiin, chaiin",5,5,0.843,0.527,16:0.964/0.485 24:0.820/0.493 32:0.770/0.479 48:0.921/0.493 64:0.741/0.687,low_reliability_or_unlikely,does not meet good candidate thresholds
currier,meta_L,B,stolfi_inspired_signature,NG|S_OLY|T_y,R06,19,19,11,0.421,5,1,4,3,"dary, daly, ary, chary, doly, saly, chaly, aly",0,0,0.147,0.509,16:0.158/0.515 24:0.105/0.486 32:0.158/0.507 48:0.158/0.524 64:0.158/0.511,low_reliability_or_unlikely,does not meet good candidate thresholds
currier,meta_L,B,stolfi_inspired_signature,NG|S_OL|T_l,R06,209,156,17,0.55,5,1,5,5,"ol, al, chol, qol, dal, dol, sol, chal",5,5,0.83,0.471,16:0.909/0.462 24:0.847/0.456 32:0.885/0.488 48:0.856/0.480 64:0.651/0.467,low_reliability_or_unlikely,does not meet good candidate thresholds
currier,meta_L,B,stolfi_inspired_signature,NG|S_OL|T_m,R06,22,22,7,0.636,5,1,2,2,"dam, am, olam, oram, om, oam, cham",0,1,0.264,0.481,16:0.500/0.451 24:0.227/0.454 32:0.136/0.493 48:0.273/0.515 64:0.182/0.489,low_reliability_or_unlikely,does not meet good candidate thresholds
currier,meta_L,B,stolfi_inspired_signature,NG|S_OL|T_r,R06,143,113,15,0.853,5,1,5,4,"ar, dar, or, sar, sor, chor, char, dor",5,5,0.789,0.48,16:0.944/0.464 24:0.755/0.482 32:0.769/0.481 48:0.818/0.502 64:0.657/0.473,low_reliability_or_unlikely,does not meet good candidate thresholds
currier,meta_L,B,stolfi_inspired_signature,NG|S_X|T_NONE,R06,16,16,3,0.75,4,1,3,4,"s, x, c",0,0,0.175,0.534,16:0.250/0.536 24:0.062/0.535 32:0.188/0.533 48:0.188/0.536 64:0.188/0.531,low_reliability_or_unlikely,does not meet good candidate thresholds
currier,meta_L,nan,stolfi_inspired_signature,NG|S_OL|T_l,R06,20,17,9,0.55,3,1,1,6,"chol, al, sal, dal, ol, orol, olol, sol",4,4,0.62,0.474,16:0.700/0.480 24:0.600/0.455 32:0.700/0.491 48:0.700/0.465 64:0.400/0.477,low_reliability_or_unlikely,does not meet good candidate thresholds
currier,meta_L,nan,stolfi_inspired_signature,NG|S_OL|T_r,R06,30,29,12,0.733,4,1,2,6,"ar, dar, or, sar, char, oror, olar, sor",2,4,0.553,0.531,16:0.633/0.520 24:0.467/0.519 32:0.567/0.529 48:0.600/0.572 64:0.500/0.514,low_reliability_or_unlikely,does not meet good candidate thresholds
hand,meta_H,1,surface_token,chol,R07,64,52,1,1.0,2,1,1,1,chol,0,0,0.0,0.442,16:0.000/0.443 24:0.000/0.416 32:0.000/0.466 48:0.000/0.443 64:0.000/0.439,low_reliability_or_unlikely,does not meet good candidate thresholds
hand,meta_H,1,surface_token,chor,R11,40,39,1,1.0,3,1,1,4,chor,0,0,0.0,0.463,16:0.000/0.453 24:0.000/0.462 32:0.000/0.479 48:0.000/0.468 64:0.000/0.452,low_reliability_or_unlikely,does not meet good candidate thresholds
hand,meta_H,1,surface_token,chy,R00,15,14,1,1.0,2,1,1,3,chy,0,0,0.253,0.464,16:0.133/0.457 24:0.333/0.463 32:0.333/0.472 48:0.133/0.471 64:0.333/0.458,low_reliability_or_unlikely,does not meet good candidate thresholds
hand,meta_H,1,surface_token,cthol,R07,15,15,1,1.0,1,1,1,1,cthol,0,0,0.0,0.379,16:0.000/0.345 24:0.000/0.351 32:0.000/0.357 48:0.000/0.384 64:0.000/0.460,low_reliability_or_unlikely,does not meet good candidate thresholds
hand,meta_H,1,surface_token,cthy,R04,15,15,1,1.0,1,1,1,2,cthy,0,0,0.0,0.383,16:0.000/0.330 24:0.000/0.339 32:0.000/0.421 48:0.000/0.407 64:0.000/0.418,low_reliability_or_unlikely,does not meet good candidate thresholds
hand,meta_H,1,surface_token,daiin,R10,78,66,1,1.0,2,1,1,3,daiin,1,1,0.177,0.511,16:0.000/0.442 24:0.000/0.473 32:0.000/0.432 48:0.000/0.454 64:0.885/0.757,low_reliability_or_unlikely,does not meet good candidate thresholds
hand,meta_H,1,surface_token,dain,R06,18,18,1,1.0,3,1,1,3,dain,5,5,0.811,0.483,16:0.944/0.481 24:0.611/0.488 32:0.667/0.483 48:0.944/0.481 64:0.889/0.480,low_reliability_or_unlikely,does not meet good candidate thresholds
hand,meta_H,1,surface_token,or,R06,18,16,1,1.0,3,1,1,2,or,5,5,0.756,0.494,16:0.889/0.473 24:0.611/0.494 32:0.778/0.498 48:0.722/0.532 64:0.778/0.475,low_reliability_or_unlikely,does not meet good candidate thresholds
hand,meta_H,1,surface_token,s,R06,23,23,1,1.0,2,1,1,3,s,1,3,0.574,0.459,16:0.957/0.429 24:0.304/0.465 32:0.522/0.467 48:0.696/0.466 64:0.391/0.470,low_reliability_or_unlikely,does not meet good candidate thresholds
hand,meta_H,1,surface_token,sho,R06,19,18,1,1.0,2,1,1,1,sho,5,5,0.916,0.519,16:1.000/0.518 24:0.842/0.532 32:0.842/0.519 48:0.947/0.512 64:0.947/0.513,low_reliability_or_unlikely,does not meet good candidate thresholds
hand,meta_H,2,surface_token,aiin,R06,20,19,1,1.0,4,1,1,2,aiin,5,5,0.82,0.518,16:0.850/0.459 24:0.700/0.475 32:0.800/0.457 48:1.000/0.486 64:0.750/0.713,low_reliability_or_unlikely,does not meet good candidate thresholds
hand,meta_H,2,surface_token,ar,R06,16,14,1,1.0,4,1,1,1,ar,5,5,0.863,0.481,16:0.938/0.462 24:0.875/0.484 32:0.875/0.477 48:0.875/0.501 64:0.750/0.481,low_reliability_or_unlikely,does not meet good candidate thresholds
hand,meta_H,2,surface_token,chckhy,R00,23,22,1,1.0,3,1,1,1,chckhy,4,5,0.957,0.479,16:0.957/0.440 24:0.957/0.494 32:0.957/0.484 48:0.913/0.462 64:1.000/0.516,low_reliability_or_unlikely,does not meet good candidate thresholds
hand,meta_H,2,surface_token,chdy,R02,18,18,1,1.0,4,1,1,1,chdy,0,0,0.0,0.474,16:0.000/0.446 24:0.000/0.456 32:0.000/0.463 48:0.000/0.468 64:0.000/0.537,low_reliability_or_unlikely,does not meet good candidate thresholds
hand,meta_H,2,surface_token,chedy,R02,51,46,1,1.0,3,1,1,3,chedy,0,0,0.078,0.461,16:0.000/0.446 24:0.000/0.475 32:0.000/0.443 48:0.000/0.452 64:0.392/0.491,low_reliability_or_unlikely,does not meet good candidate thresholds
hand,meta_H,2,surface_token,chey,R06,16,15,1,1.0,3,1,1,2,chey,5,5,0.85,0.519,16:0.938/0.456 24:0.812/0.495 32:0.625/0.459 48:0.938/0.474 64:0.938/0.713,low_reliability_or_unlikely,does not meet good candidate thresholds
hand,meta_H,2,surface_token,dain,R06,17,15,1,1.0,3,1,1,2,dain,5,5,0.859,0.499,16:1.000/0.508 24:0.882/0.501 32:0.765/0.499 48:0.882/0.481 64:0.765/0.506,low_reliability_or_unlikely,does not meet good candidate thresholds
hand,meta_H,2,surface_token,dal,R09,19,19,1,1.0,4,1,1,3,dal,0,0,0.0,0.463,16:0.000/0.464 24:0.000/0.451 32:0.000/0.485 48:0.000/0.449 64:0.000/0.465,low_reliability_or_unlikely,does not meet good candidate thresholds
hand,meta_H,2,surface_token,dar,R06,24,23,1,1.0,4,1,1,3,dar,3,5,0.808,0.45,16:1.000/0.444 24:0.792/0.454 32:0.875/0.463 48:0.833/0.455 64:0.542/0.435,low_reliability_or_unlikely,does not meet good candidate thresholds
hand,meta_H,2,surface_token,dy,R02,17,17,1,1.0,3,1,1,1,dy,0,0,0.0,0.462,16:0.000/0.457 24:0.000/0.462 32:0.000/0.455 48:0.000/0.469 64:0.000/0.466,low_reliability_or_unlikely,does not meet good candidate thresholds
hand,meta_H,2,surface_token,okaiin,R10,17,17,1,1.0,3,1,1,3,okaiin,0,0,0.0,0.448,16:0.000/0.453 24:0.000/0.469 32:0.000/0.446 48:0.000/0.435 64:0.000/0.435,low_reliability_or_unlikely,does not meet good candidate thresholds
hand,meta_H,2,surface_token,okain,R10,18,17,1,1.0,3,1,1,2,okain,0,0,0.0,0.476,16:0.000/0.484 24:0.000/0.497 32:0.000/0.454 48:0.000/0.466 64:0.000/0.479,low_reliability_or_unlikely,does not meet good candidate thresholds
hand,meta_H,2,surface_token,okar,R03,15,15,1,1.0,3,1,1,2,okar,0,0,0.0,0.451,16:0.000/0.472 24:0.000/0.432 32:0.000/0.445 48:0.000/0.448 64:0.000/0.458,low_reliability_or_unlikely,does not meet good candidate thresholds
hand,meta_H,2,surface_token,okedy,R00,23,20,1,1.0,2,1,1,2,okedy,0,2,0.661,0.394,16:0.609/0.383 24:0.913/0.442 32:0.522/0.354 48:0.739/0.382 64:0.522/0.408,low_reliability_or_unlikely,does not meet good candidate thresholds
hand,meta_H,2,surface_token,okeedy,R00,19,18,1,1.0,2,1,1,2,okeedy,2,5,0.768,0.439,16:0.737/0.432 24:0.789/0.472 32:0.684/0.407 48:0.842/0.432 64:0.789/0.450,low_reliability_or_unlikely,does not meet good candidate thresholds
hand,meta_H,2,surface_token,ol,R06,44,37,1,1.0,4,1,1,1,ol,5,5,0.85,0.48,16:0.886/0.465 24:0.841/0.466 32:0.886/0.494 48:0.864/0.495 64:0.773/0.481,low_reliability_or_unlikely,does not meet good candidate thresholds
hand,meta_H,2,surface_token,or,R06,18,18,1,1.0,4,1,1,1,or,3,5,0.767,0.456,16:0.889/0.451 24:0.722/0.449 32:0.722/0.459 48:0.833/0.472 64:0.667/0.449,low_reliability_or_unlikely,does not meet good candidate thresholds
hand,meta_H,2,surface_token,otedy,R01,18,17,1,1.0,3,1,1,3,otedy,0,0,0.0,0.331,16:0.000/0.345 24:0.000/0.341 32:0.000/0.297 48:0.000/0.294 64:0.000/0.375,low_reliability_or_unlikely,does not meet good candidate thresholds
hand,meta_H,2,surface_token,qokaiin,H08,17,17,1,1.0,4,1,1,3,qokaiin,0,0,0.459,0.367,16:0.588/0.338 24:0.353/0.407 32:0.412/0.378 48:0.235/0.353 64:0.706/0.360,low_reliability_or_unlikely,does not meet good candidate thresholds
hand,meta_H,2,surface_token,qokain,H08,37,35,1,1.0,2,1,1,1,qokain,0,1,0.476,0.381,16:0.270/0.353 24:0.541/0.448 32:0.378/0.401 48:0.541/0.345 64:0.649/0.357,low_reliability_or_unlikely,does not meet good candidate thresholds
hand,meta_H,2,surface_token,qokar,R03,20,19,1,1.0,3,1,1,2,qokar,0,0,0.0,0.384,16:0.000/0.363 24:0.000/0.430 32:0.000/0.396 48:0.000/0.358 64:0.000/0.374,low_reliability_or_unlikely,does not meet good candidate thresholds
hand,meta_H,2,surface_token,qokedy,H12,64,51,1,1.0,4,1,1,2,qokedy,0,0,0.0,0.347,16:0.000/0.309 24:0.000/0.433 32:0.000/0.311 48:0.000/0.336 64:0.000/0.346,low_reliability_or_unlikely,does not meet good candidate thresholds
hand,meta_H,2,surface_token,qokeedy,H01,51,42,1,1.0,4,1,1,2,qokeedy,0,0,0.059,0.346,16:0.000/0.306 24:0.000/0.413 32:0.294/0.326 48:0.000/0.340 64:0.000/0.347,low_reliability_or_unlikely,does not meet good candidate thresholds
hand,meta_H,2,surface_token,qokeey,H08,31,27,1,1.0,4,1,1,3,qokeey,0,1,0.452,0.379,16:0.419/0.390 24:0.419/0.415 32:0.516/0.400 48:0.355/0.343 64:0.548/0.348,low_reliability_or_unlikely,does not meet good candidate thresholds
hand,meta_H,2,surface_token,qoky,H01,27,27,1,1.0,3,1,1,2,qoky,0,0,0.0,0.448,16:0.000/0.410 24:0.000/0.532 32:0.000/0.429 48:0.000/0.452 64:0.000/0.420,low_reliability_or_unlikely,does not meet good candidate thresholds
hand,meta_H,2,surface_token,qol,R00,20,18,1,1.0,2,1,1,1,qol,0,0,0.16,0.445,16:0.000/0.452 24:0.200/0.426 32:0.050/0.478 48:0.200/0.441 64:0.350/0.429,low_reliability_or_unlikely,does not meet good candidate thresholds
hand,meta_H,2,surface_token,qotedy,H17,16,14,1,1.0,2,1,1,2,qotedy,0,0,0.0,0.33,16:0.000/0.331 24:0.000/0.328 32:0.000/0.326 48:0.000/0.311 64:0.000/0.356,low_reliability_or_unlikely,does not meet good candidate thresholds
hand,meta_H,2,surface_token,qoteedy,H01,17,15,1,1.0,3,1,1,1,qoteedy,0,0,0.129,0.321,16:0.000/0.321 24:0.000/0.335 32:0.059/0.288 48:0.000/0.282 64:0.588/0.381,low_reliability_or_unlikely,does not meet good candidate thresholds
hand,meta_H,2,surface_token,saiin,R06,18,18,1,1.0,3,1,1,1,saiin,5,5,0.889,0.538,16:1.000/0.514 24:0.778/0.519 32:0.944/0.505 48:0.889/0.561 64:0.833/0.593,low_reliability_or_unlikely,does not meet good candidate thresholds
hand,meta_H,2,surface_token,shedy,R06,72,63,1,1.0,4,1,1,3,shedy,3,5,0.9,0.468,16:1.000/0.446 24:0.833/0.481 32:0.917/0.450 48:0.944/0.471 64:0.806/0.493,low_reliability_or_unlikely,does not meet good candidate thresholds
hand,meta_H,2,surface_token,sheedy,R06,15,14,1,1.0,3,1,1,1,sheedy,3,5,0.907,0.459,16:1.000/0.446 24:0.800/0.474 32:1.000/0.446 48:0.800/0.459 64:0.933/0.470,low_reliability_or_unlikely,does not meet good candidate thresholds
hand,meta_H,2,surface_token,shey,R06,21,21,1,1.0,3,1,1,1,shey,4,5,0.962,0.528,16:1.000/0.446 24:1.000/0.519 32:0.810/0.457 48:1.000/0.510 64:1.000/0.707,low_reliability_or_unlikely,does not meet good candidate thresholds
hand,meta_H,3,surface_token,aiin,R06,27,22,1,1.0,1,2,1,1,aiin,4,5,0.859,0.523,16:1.000/0.454 24:0.889/0.474 32:0.556/0.461 48:0.852/0.469 64:1.000/0.757,low_reliability_or_unlikely,does not meet good candidate thresholds
hand,meta_H,3,surface_token,al,R06,17,16,1,1.0,1,1,1,1,al,4,5,0.871,0.467,16:0.941/0.449 24:0.882/0.458 32:0.941/0.478 48:0.941/0.478 64:0.647/0.474,low_reliability_or_unlikely,does not meet good candidate thresholds
hand,meta_H,3,surface_token,ar,R06,28,24,1,1.0,1,2,1,1,ar,4,5,0.8,0.475,16:0.964/0.445 24:0.821/0.496 32:0.679/0.458 48:0.893/0.491 64:0.643/0.487,low_reliability_or_unlikely,does not meet good candidate thresholds
hand,meta_H,3,surface_token,chedy,R02,40,34,1,1.0,2,1,1,1,chedy,0,1,0.105,0.458,16:0.000/0.432 24:0.000/0.479 32:0.000/0.435 48:0.000/0.446 64:0.525/0.496,low_reliability_or_unlikely,does not meet good candidate thresholds
hand,meta_H,3,surface_token,chey,R06,31,28,1,1.0,1,2,1,1,chey,3,4,0.787,0.513,16:0.968/0.436 24:0.839/0.477 32:0.419/0.439 48:0.806/0.453 64:0.903/0.759,low_reliability_or_unlikely,does not meet good candidate thresholds
hand,meta_H,3,surface_token,chol,R07,17,16,1,1.0,2,2,1,1,chol,0,0,0.0,0.451,16:0.000/0.439 24:0.000/0.431 32:0.000/0.486 48:0.000/0.455 64:0.000/0.445,low_reliability_or_unlikely,does not meet good candidate thresholds
hand,meta_H,3,surface_token,daiin,R10,21,20,1,1.0,1,2,1,1,daiin,0,0,0.048,0.545,16:0.000/0.519 24:0.000/0.523 32:0.000/0.513 48:0.000/0.473 64:0.238/0.698,low_reliability_or_unlikely,does not meet good candidate thresholds
hand,meta_H,3,surface_token,okaiin,R10,16,16,1,1.0,1,1,1,1,okaiin,0,0,0.0,0.438,16:0.000/0.455 24:0.000/0.475 32:0.000/0.434 48:0.000/0.411 64:0.000/0.413,low_reliability_or_unlikely,does not meet good candidate thresholds
hand,meta_H,3,surface_token,okain,R10,15,14,1,1.0,1,2,1,1,okain,0,0,0.0,0.431,16:0.000/0.440 24:0.000/0.456 32:0.000/0.418 48:0.000/0.417 64:0.000/0.426,low_reliability_or_unlikely,does not meet good candidate thresholds
hand,meta_H,3,surface_token,okal,R07,19,17,1,1.0,2,2,1,1,okal,0,0,0.0,0.446,16:0.000/0.409 24:0.000/0.477 32:0.000/0.441 48:0.000/0.440 64:0.000/0.461,low_reliability_or_unlikely,does not meet good candidate thresholds
hand,meta_H,3,surface_token,okeey,R06,19,18,1,1.0,1,2,1,1,okeey,0,0,0.0,0.441,16:0.000/0.453 24:0.000/0.424 32:0.000/0.438 48:0.000/0.431 64:0.000/0.458,low_reliability_or_unlikely,does not meet good candidate thresholds
hand,meta_H,3,surface_token,qokaiin,H08,22,21,1,1.0,1,2,1,1,qokaiin,0,0,0.5,0.354,16:0.409/0.349 24:0.364/0.409 32:0.455/0.366 48:0.409/0.303 64:0.864/0.343,low_reliability_or_unlikely,does not meet good candidate thresholds
hand,meta_H,3,surface_token,qokain,H08,20,19,1,1.0,1,2,1,1,qokain,0,0,0.36,0.388,16:0.200/0.369 24:0.450/0.439 32:0.250/0.398 48:0.300/0.376 64:0.600/0.359,low_reliability_or_unlikely,does not meet good candidate thresholds
hand,meta_H,3,surface_token,qokedy,H12,18,17,1,1.0,1,1,1,1,qokedy,0,0,0.0,0.334,16:0.000/0.321 24:0.000/0.395 32:0.000/0.300 48:0.000/0.326 64:0.000/0.327,low_reliability_or_unlikely,does not meet good candidate thresholds
hand,meta_H,3,surface_token,qokeedy,H01,31,25,1,1.0,1,1,1,1,qokeedy,0,0,0.129,0.352,16:0.000/0.353 24:0.000/0.424 32:0.613/0.300 48:0.000/0.350 64:0.032/0.333,low_reliability_or_unlikely,does not meet good candidate thresholds
hand,meta_H,3,surface_token,qokeey,H08,37,31,1,1.0,1,2,1,1,qokeey,0,0,0.427,0.396,16:0.351/0.366 24:0.405/0.442 32:0.405/0.411 48:0.378/0.376 64:0.595/0.383,low_reliability_or_unlikely,does not meet good candidate thresholds
hand,meta_H,3,surface_token,shedy,R06,18,16,1,1.0,1,1,1,1,shedy,1,5,0.744,0.455,16:0.944/0.442 24:0.722/0.460 32:0.722/0.432 48:0.833/0.448 64:0.500/0.495,low_reliability_or_unlikely,does not meet good candidate thresholds
hand,meta_H,1,conservative_morphology,a|iin|O,R10,126,102,12,0.746,2,1,1,3,"daiin, saiin, otaiin, chaiin, okaiin, aiin, qokaiin, oaiin",1,1,0.127,0.498,16:0.000/0.443 24:0.000/0.469 32:0.000/0.435 48:0.000/0.460 64:0.635/0.683,low_reliability_or_unlikely,does not meet good candidate thresholds
hand,meta_H,1,conservative_morphology,a|in|O,R06,23,23,5,0.87,3,1,1,5,"dain, okain, shain, chain, ain",3,5,0.678,0.503,16:0.783/0.500 24:0.522/0.506 32:0.565/0.501 48:0.783/0.506 64:0.739/0.502,low_reliability_or_unlikely,does not meet good candidate thresholds
hand,meta_H,1,conservative_morphology,a|l|O,R09,20,18,6,0.5,2,1,1,1,"dal, okal, sal, chal, qotal, al",0,0,0.0,0.46,16:0.000/0.435 24:0.000/0.456 32:0.000/0.469 48:0.000/0.466 64:0.000/0.473,low_reliability_or_unlikely,does not meet good candidate thresholds
hand,meta_H,1,conservative_morphology,a|m|O,R06,22,20,10,0.727,2,1,1,3,"dam, otam, sham, am, okam, qokam, sam, cham",0,2,0.382,0.498,16:0.500/0.488 24:0.273/0.497 32:0.273/0.488 48:0.591/0.523 64:0.273/0.493,low_reliability_or_unlikely,does not meet good candidate thresholds
hand,meta_H,1,conservative_morphology,a|r|O,R06,26,23,6,0.769,2,1,1,2,"dar, ar, char, sar, orar, qoar",5,5,0.715,0.487,16:0.731/0.487 24:0.615/0.481 32:0.808/0.487 48:0.769/0.500 64:0.654/0.479,low_reliability_or_unlikely,does not meet good candidate thresholds
hand,meta_H,1,conservative_morphology,cho|NONE|BO,R00,15,14,5,0.6,2,1,1,2,"cho, dcho, qokcho, otcho, ycho",0,0,0.32,0.493,16:0.267/0.491 24:0.467/0.512 32:0.333/0.503 48:0.200/0.495 64:0.333/0.462,low_reliability_or_unlikely,does not meet good candidate thresholds
hand,meta_H,1,conservative_morphology,ch|or|B,R06,16,16,6,0.5,1,1,1,2,"dchor, ychor, otchor, okchor, qokchor, ochor",4,5,0.625,0.49,16:0.625/0.510 24:0.562/0.503 32:0.625/0.505 48:0.625/0.472 64:0.688/0.460,low_reliability_or_unlikely,does not meet good candidate thresholds
hand,meta_H,1,conservative_morphology,ch|y|B,R00,34,32,6,0.588,2,1,1,3,"chy, qotchy, qokchy, okchy, dchy, ochy",1,4,0.547,0.443,16:0.529/0.432 24:0.618/0.452 32:0.647/0.449 48:0.441/0.436 64:0.500/0.444,low_reliability_or_unlikely,does not meet good candidate thresholds
hand,meta_H,1,conservative_morphology,ckh|y|XGX,R00,16,16,5,0.812,2,1,1,1,"ckhy, chckhy, qockhy, ockhy, shckhy",5,5,0.975,0.518,16:1.000/0.507 24:1.000/0.567 32:1.000/0.533 48:0.938/0.503 64:0.938/0.481,low_reliability_or_unlikely,does not meet good candidate thresholds
hand,meta_H,1,conservative_morphology,cth|y|XGX,R04,18,18,3,0.944,1,1,1,2,"cthy, chcthy, dcthy",0,0,0.0,0.388,16:0.000/0.337 24:0.000/0.339 32:0.000/0.438 48:0.000/0.408 64:0.000/0.417,low_reliability_or_unlikely,does not meet good candidate thresholds
hand,meta_H,1,conservative_morphology,d|y|D,R02,20,20,7,0.6,2,1,1,3,"dy, ody, oldy, chdy, ddy, otdy, qody",0,0,0.0,0.477,16:0.000/0.467 24:0.000/0.462 32:0.000/0.485 48:0.000/0.502 64:0.000/0.469,low_reliability_or_unlikely,does not meet good candidate thresholds
hand,meta_H,1,conservative_morphology,eo|dy|EO,R00,19,15,6,0.474,2,1,1,3,"cheody, qokeody, okeody, sheody, oteody, qoteody",0,4,0.505,0.459,16:0.526/0.450 24:0.526/0.505 32:0.368/0.429 48:0.526/0.444 64:0.579/0.466,low_reliability_or_unlikely,does not meet good candidate thresholds
hand,meta_H,1,conservative_morphology,e|ey|E,R06,25,23,7,0.6,2,1,1,3,"qokeey, sheey, okeey, cheey, deey, qoeey, oteey",0,0,0.4,0.449,16:0.440/0.423 24:0.360/0.471 32:0.360/0.421 48:0.400/0.408 64:0.440/0.525,low_reliability_or_unlikely,does not meet good candidate thresholds
hand,meta_H,1,conservative_morphology,e|ol|E,R06,25,22,6,0.48,2,1,1,3,"sheol, qokeol, cheol, okeol, qoteol, deol",0,1,0.432,0.432,16:0.520/0.427 24:0.360/0.462 32:0.440/0.435 48:0.400/0.427 64:0.440/0.410,low_reliability_or_unlikely,does not meet good candidate thresholds
hand,meta_H,1,conservative_morphology,e|or|E,R00,16,16,4,0.688,2,1,1,2,"cheor, sheor, okeor, qokeor",1,2,0.45,0.46,16:0.312/0.451 24:0.688/0.482 32:0.500/0.456 48:0.312/0.461 64:0.438/0.450,low_reliability_or_unlikely,does not meet good candidate thresholds
hand,meta_H,1,conservative_morphology,e|y|E,R06,24,22,5,0.708,3,1,1,2,"shey, chey, qokey, okey, otey",4,5,0.667,0.514,16:0.708/0.441 24:0.667/0.496 32:0.625/0.462 48:0.625/0.465 64:0.708/0.708,low_reliability_or_unlikely,does not meet good candidate thresholds
hand,meta_H,1,conservative_morphology,k|y|G,R00,23,22,4,0.565,2,1,1,3,"oky, qoky, yky, olky",5,5,0.983,0.53,16:1.000/0.510 24:1.000/0.578 32:1.000/0.512 48:0.957/0.522 64:0.957/0.529,low_reliability_or_unlikely,does not meet good candidate thresholds
hand,meta_H,1,conservative_morphology,o|dy|O,R00,21,21,5,0.81,3,1,1,3,"chody, shody, qokody, okody, qotody",1,2,0.467,0.476,16:0.381/0.483 24:0.667/0.490 32:0.381/0.468 48:0.524/0.465 64:0.381/0.472,low_reliability_or_unlikely,does not meet good candidate thresholds
hand,meta_H,1,conservative_morphology,o|l|O,R07,132,97,12,0.583,2,1,1,3,"chol, shol, okol, ol, qokol, dol, otol, sol",0,0,0.0,0.454,16:0.000/0.447 24:0.000/0.444 32:0.000/0.471 48:0.000/0.453 64:0.000/0.457,low_reliability_or_unlikely,does not meet good candidate thresholds
hand,meta_H,1,conservative_morphology,o|r|O,R11,95,77,13,0.421,3,1,1,5,"chor, or, shor, dor, otor, okor, qotor, qoor",0,0,0.0,0.481,16:0.000/0.468 24:0.000/0.480 32:0.000/0.486 48:0.000/0.494 64:0.000/0.476,low_reliability_or_unlikely,does not meet good candidate thresholds
hand,meta_H,2,conservative_morphology,a|iin|O,R10,107,85,10,0.458,4,1,1,5,"daiin, aiin, saiin, okaiin, qokaiin, otaiin, oraiin, olaiin",0,0,0.041,0.472,16:0.000/0.440 24:0.000/0.460 32:0.000/0.438 48:0.000/0.452 64:0.206/0.569,low_reliability_or_unlikely,does not meet good candidate thresholds
hand,meta_H,2,conservative_morphology,a|in|O,H08,110,88,10,0.336,4,1,1,3,"qokain, okain, dain, sain, otain, qotain, ain, olain",0,0,0.178,0.432,16:0.100/0.422 24:0.182/0.459 32:0.127/0.430 48:0.200/0.416 64:0.282/0.433,low_reliability_or_unlikely,does not meet good candidate thresholds
hand,meta_H,2,conservative_morphology,a|l|O,H08,79,63,9,0.291,4,1,1,4,"qokal, dal, al, okal, qotal, otal, chal, sal",0,0,0.154,0.439,16:0.139/0.417 24:0.177/0.451 32:0.101/0.450 48:0.139/0.432 64:0.215/0.444,low_reliability_or_unlikely,does not meet good candidate thresholds
hand,meta_H,2,conservative_morphology,a|m|O,R06,18,18,7,0.444,4,1,1,1,"dam, qokam, oram, olam, am, otam, cham",0,0,0.233,0.479,16:0.389/0.458 24:0.222/0.473 32:0.167/0.481 48:0.222/0.499 64:0.167/0.482,low_reliability_or_unlikely,does not meet good candidate thresholds
hand,meta_H,2,conservative_morphology,a|r|O,R06,96,72,9,0.49,4,1,1,4,"dar, qokar, ar, okar, otar, qotar, sar, char",0,0,0.417,0.429,16:0.490/0.420 24:0.406/0.436 32:0.448/0.434 48:0.406/0.424 64:0.333/0.431,low_reliability_or_unlikely,does not meet good candidate thresholds
hand,meta_H,2,conservative_morphology,ch|dy|B,H09,26,21,6,0.462,3,1,1,5,"qokchdy, okchdy, otchdy, qotchdy, olchdy, dchdy",0,0,0.0,0.476,16:0.000/0.461 24:0.000/0.503 32:0.000/0.449 48:0.000/0.484 64:0.000/0.482,low_reliability_or_unlikely,does not meet good candidate thresholds
hand,meta_H,2,conservative_morphology,ch|edy|B,R00,27,26,9,0.593,4,1,1,2,"olchedy, otchedy, qokchedy, dchedy, ychedy, ochedy, qotchedy, okchedy",0,1,0.437,0.453,16:0.333/0.444 24:0.556/0.461 32:0.481/0.444 48:0.444/0.450 64:0.370/0.466,low_reliability_or_unlikely,does not meet good candidate thresholds
hand,meta_H,2,conservative_morphology,ch|ey|B,R00,19,18,10,0.526,3,1,1,2,"qokchey, olchey, otchey, ochey, orchey, schey, dchey, ychey",0,2,0.474,0.43,16:0.421/0.424 24:0.474/0.453 32:0.526/0.417 48:0.421/0.423 64:0.526/0.435,low_reliability_or_unlikely,does not meet good candidate thresholds
hand,meta_H,2,conservative_morphology,ckh|y|XGX,R00,36,33,4,0.722,3,1,1,1,"chckhy, shckhy, ockhy, ckhy",5,5,0.944,0.477,16:0.944/0.451 24:0.972/0.492 32:0.944/0.481 48:0.944/0.468 64:0.917/0.492,low_reliability_or_unlikely,does not meet good candidate thresholds
hand,meta_H,2,conservative_morphology,d|y|D,R02,51,46,8,0.686,4,1,1,4,"chdy, dy, shdy, oldy, ody, ydy, qody, okdy",0,0,0.0,0.474,16:0.000/0.455 24:0.000/0.468 32:0.000/0.460 48:0.000/0.468 64:0.000/0.521,low_reliability_or_unlikely,does not meet good candidate thresholds
hand,meta_H,2,conservative_morphology,e|dy|E,R06,247,150,8,0.296,4,1,1,4,"shedy, qokedy, chedy, okedy, otedy, qotedy, qoedy, dedy",0,0,0.436,0.41,16:0.502/0.390 24:0.409/0.444 32:0.445/0.385 48:0.470/0.400 64:0.356/0.430,low_reliability_or_unlikely,does not meet good candidate thresholds
hand,meta_H,2,conservative_morphology,e|edy|E,H01,122,91,8,0.557,4,1,1,2,"qokeedy, okeedy, qoteedy, sheedy, oteedy, cheedy, qoeedy, oeedy",0,0,0.052,0.379,16:0.000/0.357 24:0.000/0.418 32:0.164/0.355 48:0.000/0.367 64:0.098/0.398,low_reliability_or_unlikely,does not meet good candidate thresholds
hand,meta_H,2,conservative_morphology,e|ey|E,H08,62,50,7,0.5,4,1,1,4,"qokeey, sheey, cheey, oteey, okeey, qoteey, deey",0,0,0.232,0.409,16:0.210/0.397 24:0.210/0.422 32:0.274/0.404 48:0.177/0.378 64:0.290/0.446,low_reliability_or_unlikely,does not meet good candidate thresholds
hand,meta_H,2,conservative_morphology,e|y|E,R06,66,56,7,0.561,3,1,1,2,"shey, chey, qokey, otey, okey, qotey, qey",0,4,0.527,0.469,16:0.561/0.427 24:0.530/0.470 32:0.424/0.425 48:0.561/0.443 64:0.561/0.580,low_reliability_or_unlikely,does not meet good candidate thresholds
hand,meta_H,2,conservative_morphology,k|edy|G,R00,16,15,3,0.75,2,1,1,2,"olkedy, ykedy, kedy",1,5,0.8,0.443,16:0.750/0.435 24:0.938/0.489 32:0.812/0.431 48:0.812/0.424 64:0.688/0.434,low_reliability_or_unlikely,does not meet good candidate thresholds
hand,meta_H,2,conservative_morphology,k|y|G,H01,39,36,4,0.692,3,1,1,3,"qoky, chky, oky, olky",0,0,0.0,0.466,16:0.000/0.432 24:0.000/0.524 32:0.000/0.454 48:0.000/0.471 64:0.000/0.447,low_reliability_or_unlikely,does not meet good candidate thresholds
hand,meta_H,2,conservative_morphology,lch|edy|LB,R00,16,16,2,1.0,2,1,1,2,"lchedy, qolchedy",0,1,0.375,0.478,16:0.250/0.477 24:0.438/0.475 32:0.438/0.481 48:0.250/0.478 64:0.500/0.481,low_reliability_or_unlikely,does not meet good candidate thresholds
hand,meta_H,2,conservative_morphology,l|y|L,R06,16,16,4,0.75,3,1,1,2,"oly, ly, dly, qoly",0,2,0.5,0.487,16:0.688/0.446 24:0.438/0.482 32:0.375/0.490 48:0.438/0.512 64:0.562/0.507,low_reliability_or_unlikely,does not meet good candidate thresholds
hand,meta_H,2,conservative_morphology,o|l|O,R06,115,80,12,0.557,4,1,1,4,"ol, qol, dol, chol, sol, okol, qotol, qokol",4,5,0.739,0.46,16:0.791/0.457 24:0.739/0.447 32:0.783/0.472 48:0.748/0.463 64:0.635/0.462,low_reliability_or_unlikely,does not meet good candidate thresholds
hand,meta_H,2,conservative_morphology,o|r|O,R06,38,37,11,0.737,4,1,1,2,"or, sor, dor, oror, shor, otor, qor, olor",5,5,0.742,0.479,16:0.842/0.469 24:0.737/0.474 32:0.711/0.484 48:0.789/0.497 64:0.632/0.470,low_reliability_or_unlikely,does not meet good candidate thresholds
hand,meta_H,2,conservative_morphology,sh|edy|B,R06,21,20,6,0.524,4,1,1,2,"dshedy, olshedy, yshedy, sshedy, okshedy, qokshedy",5,5,0.705,0.542,16:0.762/0.532 24:0.714/0.546 32:0.619/0.539 48:0.762/0.540 64:0.667/0.554,low_reliability_or_unlikely,does not meet good candidate thresholds
hand,meta_H,2,conservative_morphology,t|y|G,H01,17,14,4,0.529,4,1,1,1,"qoty, oty, yty, chty",0,0,0.0,0.37,16:0.000/0.335 24:0.000/0.330 32:0.000/0.435 48:0.000/0.352 64:0.000/0.395,low_reliability_or_unlikely,does not meet good candidate thresholds
hand,meta_H,3,conservative_morphology,ai|r|OE,R06,20,18,6,0.4,2,2,1,1,"qokair, sair, air, dair, qotair, otair",3,3,0.54,0.472,16:0.600/0.458 24:0.600/0.485 32:0.450/0.471 48:0.600/0.455 64:0.450/0.493,low_reliability_or_unlikely,does not meet good candidate thresholds
hand,meta_H,3,conservative_morphology,a|iin|O,R10,121,86,15,0.397,2,2,1,2,"aiin, qokaiin, daiin, okaiin, saiin, otaiin, qotaiin, oraiin",0,0,0.015,0.463,16:0.000/0.440 24:0.000/0.459 32:0.000/0.436 48:0.000/0.420 64:0.074/0.561,low_reliability_or_unlikely,does not meet good candidate thresholds
hand,meta_H,3,conservative_morphology,a|in|O,R06,87,62,12,0.276,1,2,1,1,"qokain, okain, otain, dain, qotain, ain, sain, oain",0,0,0.306,0.427,16:0.333/0.422 24:0.310/0.444 32:0.276/0.417 48:0.345/0.408 64:0.264/0.443,low_reliability_or_unlikely,does not meet good candidate thresholds
hand,meta_H,3,conservative_morphology,a|l|O,R07,70,55,10,0.271,2,2,1,2,"okal, al, qokal, chal, dal, otal, qotal, qoal",0,0,0.0,0.428,16:0.000/0.423 24:0.000/0.431 32:0.000/0.433 48:0.000/0.419 64:0.000/0.436,low_reliability_or_unlikely,does not meet good candidate thresholds
hand,meta_H,3,conservative_morphology,a|m|O,R06,15,15,7,0.733,1,2,1,2,"otam, am, dam, qokam, oam, olam, okam",0,0,0.12,0.478,16:0.333/0.451 24:0.067/0.452 32:0.000/0.467 48:0.133/0.520 64:0.067/0.500,low_reliability_or_unlikely,does not meet good candidate thresholds
hand,meta_H,3,conservative_morphology,a|r|O,R06,67,55,12,0.582,2,2,1,3,"ar, qokar, otar, okar, dar, char, sar, shar",1,3,0.552,0.454,16:0.672/0.431 24:0.537/0.474 32:0.493/0.437 48:0.612/0.464 64:0.448/0.467,low_reliability_or_unlikely,does not meet good candidate thresholds
hand,meta_H,3,conservative_morphology,ckh|y|XGX,R00,19,18,4,0.737,1,2,1,1,"chckhy, shckhy, dckhy, qockhy",4,5,0.947,0.472,16:0.947/0.444 24:1.000/0.484 32:1.000/0.500 48:1.000/0.474 64:0.789/0.456,low_reliability_or_unlikely,does not meet good candidate thresholds
hand,meta_H,3,conservative_morphology,e|dy|E,R02,97,67,6,0.412,2,1,1,2,"chedy, shedy, qokedy, otedy, qotedy, okedy",0,0,0.06,0.4,16:0.000/0.386 24:0.000/0.426 32:0.000/0.375 48:0.000/0.382 64:0.299/0.432,low_reliability_or_unlikely,does not meet good candidate thresholds
hand,meta_H,3,conservative_morphology,e|edy|E,H01,70,52,9,0.529,1,1,1,1,"qokeedy, okeedy, sheedy, oteedy, qoteedy, qoeedy, cheedy, oeedy",0,0,0.074,0.377,16:0.000/0.376 24:0.000/0.419 32:0.314/0.335 48:0.000/0.372 64:0.057/0.382,low_reliability_or_unlikely,does not meet good candidate thresholds
hand,meta_H,3,conservative_morphology,e|ey|E,R06,93,71,8,0.452,2,3,1,3,"qokeey, okeey, cheey, sheey, oteey, qoeey, qoteey, oleey",0,0,0.237,0.426,16:0.280/0.403 24:0.237/0.437 32:0.140/0.413 48:0.269/0.410 64:0.258/0.468,low_reliability_or_unlikely,does not meet good candidate thresholds
hand,meta_H,3,conservative_morphology,e|ol|E,R00,20,18,5,0.7,1,2,1,1,"cheol, qokeol, okeol, qoteol, qeol",0,0,0.4,0.405,16:0.200/0.407 24:0.400/0.429 32:0.600/0.400 48:0.350/0.394 64:0.450/0.398,low_reliability_or_unlikely,does not meet good candidate thresholds
hand,meta_H,3,conservative_morphology,e|y|E,R06,58,52,6,0.759,1,2,1,2,"chey, shey, qokey, otey, okey, qotey",2,4,0.597,0.481,16:0.724/0.421 24:0.638/0.452 32:0.345/0.423 48:0.586/0.429 64:0.690/0.677,low_reliability_or_unlikely,does not meet good candidate thresholds
hand,meta_H,3,conservative_morphology,k|y|G,R00,16,16,5,0.438,2,2,1,1,"qoky, oky, shky, chky, orky",3,5,0.938,0.469,16:0.938/0.439 24:1.000/0.495 32:0.938/0.471 48:0.875/0.447 64:0.938/0.493,low_reliability_or_unlikely,does not meet good candidate thresholds
hand,meta_H,3,conservative_morphology,o|l|O,R07,43,38,9,0.419,2,2,1,2,"chol, ol, shol, qokol, otol, qol, qotol, sol",0,0,0.0,0.454,16:0.000/0.438 24:0.000/0.441 32:0.000/0.462 48:0.000/0.471 64:0.000/0.458,low_reliability_or_unlikely,does not meet good candidate thresholds
hand,meta_H,3,conservative_morphology,o|r|O,R06,26,23,9,0.385,3,3,1,3,"or, chor, otor, qokor, oror, qor, olor, sor",1,3,0.477,0.459,16:0.615/0.451 24:0.269/0.459 32:0.500/0.459 48:0.423/0.474 64:0.577/0.452,low_reliability_or_unlikely,does not meet good candidate thresholds
hand,meta_H,4,conservative_morphology,ar|y|OL,R00,15,15,7,0.733,3,2,1,6,"ary, dary, orary, okary, otary, sary, oary",5,5,0.92,0.58,16:0.933/0.585 24:0.933/0.555 32:0.933/0.580 48:0.867/0.602 64:0.933/0.578,low_reliability_or_unlikely,does not meet good candidate thresholds
hand,meta_H,4,conservative_morphology,a|iin|O,R10,15,15,6,0.6,3,2,1,5,"daiin, aiin, okaiin, otaiin, saiin, oaiin",0,0,0.08,0.552,16:0.000/0.534 24:0.000/0.523 32:0.000/0.495 48:0.000/0.534 64:0.400/0.672,low_reliability_or_unlikely,does not meet good candidate thresholds
hand,meta_H,4,conservative_morphology,a|l|O,R06,18,17,7,0.389,3,2,1,5,"okal, al, sal, dal, qokal, oal, olal",0,0,0.289,0.537,16:0.333/0.541 24:0.278/0.522 32:0.333/0.544 48:0.333/0.522 64:0.167/0.555,low_reliability_or_unlikely,does not meet good candidate thresholds
hand,meta_H,4,conservative_morphology,a|r|O,R06,30,29,8,0.6,3,2,1,6,"ar, okar, dar, sar, char, olar, oar, shar",0,0,0.4,0.53,16:0.467/0.516 24:0.367/0.523 32:0.400/0.527 48:0.433/0.556 64:0.333/0.527,low_reliability_or_unlikely,does not meet good candidate thresholds
hand,meta_H,4,conservative_morphology,o|l|O,R07,15,12,8,0.533,3,1,1,5,"chol, okol, ol, olol, orol, qokol, sol, yol",0,0,0.0,0.503,16:0.000/0.499 24:0.000/0.502 32:0.000/0.519 48:0.000/0.502 64:0.000/0.492,low_reliability_or_unlikely,does not meet good candidate thresholds
hand,meta_H,1,broad_shape,BO|NONE,R00,20,19,9,0.55,2,1,1,2,"cho, dcho, qokcho, dsho, otcho, osho, ycho, ssho",0,0,0.29,0.496,16:0.250/0.490 24:0.450/0.515 32:0.300/0.506 48:0.150/0.497 64:0.300/0.474,low_reliability_or_unlikely,does not meet good candidate thresholds
hand,meta_H,1,broad_shape,B|ey,R06,16,15,12,0.438,3,1,1,2,"okchey, dchey, ychey, yshey, sshey, schey, qotchey, qotshey",1,5,0.562,0.479,16:0.562/0.454 24:0.562/0.502 32:0.500/0.466 48:0.625/0.471 64:0.562/0.501,low_reliability_or_unlikely,does not meet good candidate thresholds
hand,meta_H,1,broad_shape,B|ol,R06,16,16,9,0.375,2,1,1,2,"otchol, ychol, qotchol, dchol, okchol, qokshol, ochol, oshol",0,4,0.5,0.471,16:0.500/0.474 24:0.438/0.483 32:0.500/0.450 48:0.500/0.465 64:0.562/0.483,low_reliability_or_unlikely,does not meet good candidate thresholds
hand,meta_H,1,broad_shape,B|or,R06,21,21,10,0.524,2,1,1,2,"dchor, ychor, otchor, okchor, ochor, qokchor, dshor, yshor",4,5,0.619,0.494,16:0.619/0.508 24:0.571/0.505 32:0.619/0.501 48:0.619/0.483 64:0.667/0.470,low_reliability_or_unlikely,does not meet good candidate thresholds
hand,meta_H,1,broad_shape,B|y,R00,41,37,12,0.585,2,1,1,3,"chy, qotchy, qokchy, okchy, dchy, dshy, okshy, orshy",2,3,0.546,0.46,16:0.537/0.447 24:0.610/0.469 32:0.634/0.466 48:0.463/0.463 64:0.488/0.456,low_reliability_or_unlikely,does not meet good candidate thresholds
hand,meta_H,1,broad_shape,D|y,R02,20,20,7,0.6,2,1,1,3,"dy, ody, oldy, chdy, ddy, otdy, qody",0,0,0.0,0.477,16:0.000/0.467 24:0.000/0.462 32:0.000/0.485 48:0.000/0.502 64:0.000/0.469,low_reliability_or_unlikely,does not meet good candidate thresholds
hand,meta_H,1,broad_shape,EO|dy,R00,21,15,8,0.476,2,1,1,3,"cheody, qokeody, okeody, sheody, okeady, oteody, qoteody, qokeeody",0,4,0.514,0.46,16:0.524/0.444 24:0.524/0.508 32:0.381/0.435 48:0.571/0.451 64:0.571/0.462,low_reliability_or_unlikely,does not meet good candidate thresholds
hand,meta_H,1,broad_shape,E|ey,R06,25,23,7,0.6,2,1,1,3,"qokeey, sheey, okeey, cheey, deey, qoeey, oteey",0,0,0.4,0.449,16:0.440/0.423 24:0.360/0.471 32:0.360/0.421 48:0.400/0.408 64:0.440/0.525,low_reliability_or_unlikely,does not meet good candidate thresholds
hand,meta_H,1,broad_shape,E|ol,R06,28,23,9,0.429,2,1,1,3,"sheol, qokeol, cheol, okeol, qoteol, okeeol, qoteeol, deol",0,1,0.421,0.43,16:0.500/0.427 24:0.357/0.461 32:0.429/0.429 48:0.393/0.420 64:0.429/0.413,low_reliability_or_unlikely,does not meet good candidate thresholds
hand,meta_H,1,broad_shape,E|or,R00,22,21,8,0.636,2,1,1,3,"cheor, sheor, cheeor, oteeor, okeor, eeor, sheeor, qokeor",1,3,0.482,0.444,16:0.318/0.438 24:0.727/0.470 32:0.500/0.432 48:0.364/0.437 64:0.500/0.441,low_reliability_or_unlikely,does not meet good candidate thresholds
hand,meta_H,1,broad_shape,E|y,R06,24,22,5,0.708,3,1,1,2,"shey, chey, qokey, okey, otey",4,5,0.667,0.514,16:0.708/0.441 24:0.667/0.496 32:0.625/0.462 48:0.625/0.465 64:0.708/0.708,low_reliability_or_unlikely,does not meet good candidate thresholds
hand,meta_H,1,broad_shape,GB|ol,R06,15,15,8,0.733,2,1,1,3,"tshol, ykchol, ytchol, tchol, kchol, fchol, ofchol, pshol",0,0,0.067,0.449,16:0.000/0.433 24:0.000/0.448 32:0.000/0.442 48:0.133/0.455 64:0.200/0.465,low_reliability_or_unlikely,does not meet good candidate thresholds
hand,meta_H,1,broad_shape,GB|or,R06,17,16,10,0.706,2,1,1,4,"tchor, opchor, ytchor, kchor, chtchor, tshor, fshor, yfchor",0,0,0.106,0.447,16:0.000/0.398 24:0.059/0.434 32:0.059/0.443 48:0.176/0.482 64:0.235/0.479,low_reliability_or_unlikely,does not meet good candidate thresholds
hand,meta_H,1,broad_shape,GB|y,R06,30,22,13,0.767,2,1,1,4,"kchy, ytchy, tchy, opchy, ykchy, chkchy, ykshy, qopchy",0,0,0.027,0.447,16:0.000/0.420 24:0.000/0.456 32:0.000/0.449 48:0.067/0.452 64:0.067/0.457,low_reliability_or_unlikely,does not meet good candidate thresholds
hand,meta_H,1,broad_shape,G|aiin,R06,15,14,6,0.8,2,1,1,1,"ykaiin, taiin, kaiin, chkaiin, shkaiin, ytaiin",0,0,0.027,0.45,16:0.000/0.444 24:0.000/0.471 32:0.000/0.449 48:0.000/0.441 64:0.133/0.447,low_reliability_or_unlikely,does not meet good candidate thresholds
hand,meta_H,1,broad_shape,G|y,R00,32,31,8,0.406,2,1,1,3,"oky, qoky, qoty, yky, oty, yty, ty, olky",5,5,0.988,0.489,16:1.000/0.471 24:1.000/0.517 32:1.000/0.489 48:0.969/0.479 64:0.969/0.489,low_reliability_or_unlikely,does not meet good candidate thresholds
hand,meta_H,1,broad_shape,OG|y,R00,19,17,5,0.947,2,1,1,3,"choky, choty, otoky, shoky, chopy",5,5,0.958,0.52,16:1.000/0.502 24:0.947/0.541 32:1.000/0.516 48:0.947/0.516 64:0.895/0.526,low_reliability_or_unlikely,does not meet good candidate thresholds
hand,meta_H,1,broad_shape,OL|y,R00,21,20,11,0.619,2,1,1,3,"dary, okary, otory, sary, choly, chory, otaly, chorly",5,5,0.838,0.59,16:0.810/0.587 24:0.905/0.583 32:0.905/0.592 48:0.762/0.600 64:0.810/0.586,low_reliability_or_unlikely,does not meet good candidate thresholds
hand,meta_H,1,broad_shape,OXGX|y,R00,15,15,8,0.933,3,1,1,4,"chocthy, shocthy, chockhy, shockhy, okockhy, olockhy, dackhy, otacphy",1,5,0.973,0.421,16:1.000/0.407 24:1.000/0.416 32:1.000/0.468 48:0.933/0.410 64:0.933/0.403,low_reliability_or_unlikely,does not meet good candidate thresholds
hand,meta_H,1,broad_shape,O|dy,R00,22,22,6,0.773,3,1,1,3,"chody, shody, qokody, okody, dady, qotody",1,2,0.482,0.476,16:0.409/0.484 24:0.682/0.488 32:0.409/0.470 48:0.500/0.466 64:0.409/0.473,low_reliability_or_unlikely,does not meet good candidate thresholds
hand,meta_H,1,broad_shape,O|iin,R10,133,106,16,0.707,2,1,1,3,"daiin, saiin, otaiin, chaiin, okaiin, qokaiin, aiin, choiin",1,1,0.122,0.502,16:0.000/0.448 24:0.000/0.472 32:0.000/0.440 48:0.000/0.467 64:0.609/0.682,low_reliability_or_unlikely,does not meet good candidate thresholds
hand,meta_H,1,broad_shape,O|in,R06,23,23,5,0.87,3,1,1,5,"dain, okain, shain, chain, ain",3,5,0.678,0.503,16:0.783/0.500 24:0.522/0.506 32:0.565/0.501 48:0.783/0.506 64:0.739/0.502,low_reliability_or_unlikely,does not meet good candidate thresholds
hand,meta_H,1,broad_shape,O|l,R07,152,110,18,0.533,2,1,1,3,"chol, shol, okol, ol, qokol, dal, dol, okal",0,0,0.0,0.455,16:0.000/0.445 24:0.000/0.446 32:0.000/0.471 48:0.000/0.455 64:0.000/0.459,low_reliability_or_unlikely,does not meet good candidate thresholds
hand,meta_H,1,broad_shape,O|m,R06,31,28,17,0.645,2,1,1,3,"dam, otam, am, sham, chom, om, okam, shom",0,1,0.335,0.491,16:0.548/0.469 24:0.226/0.490 32:0.226/0.488 48:0.452/0.522 64:0.226/0.488,low_reliability_or_unlikely,does not meet good candidate thresholds
hand,meta_H,1,broad_shape,O|r,R06,121,94,19,0.463,3,1,1,5,"chor, or, dar, shor, dor, otor, ar, char",4,5,0.712,0.482,16:0.785/0.472 24:0.562/0.480 32:0.769/0.487 48:0.769/0.496 64:0.678/0.477,low_reliability_or_unlikely,does not meet good candidate thresholds
hand,meta_H,1,broad_shape,XGX|ey,R04,20,19,5,0.45,3,1,1,1,"cthey, qockhey, ckhey, chckhey, cphey",0,0,0.0,0.41,16:0.000/0.401 24:0.000/0.416 32:0.000/0.403 48:0.000/0.394 64:0.000/0.433,low_reliability_or_unlikely,does not meet good candidate thresholds
hand,meta_H,1,broad_shape,XGX|ol,R07,24,23,5,0.625,2,1,1,1,"cthol, cphol, ckhol, chckhol, qockhol",0,0,0.0,0.391,16:0.000/0.351 24:0.000/0.363 32:0.000/0.379 48:0.000/0.406 64:0.000/0.458,low_reliability_or_unlikely,does not meet good candidate thresholds
hand,meta_H,1,broad_shape,XGX|or,R04,17,17,4,0.765,1,1,1,2,"cthor, ckhor, chcthor, chckhor",0,0,0.0,0.402,16:0.000/0.365 24:0.000/0.373 32:0.000/0.385 48:0.000/0.447 64:0.000/0.439,low_reliability_or_unlikely,does not meet good candidate thresholds
hand,meta_H,1,broad_shape,XGX|y,R00,39,35,10,0.462,2,1,1,2,"cthy, ckhy, chckhy, cphy, cfhy, chcthy, qockhy, ockhy",2,5,0.99,0.447,16:1.000/0.409 24:1.000/0.444 32:1.000/0.487 48:0.974/0.458 64:0.974/0.438,low_reliability_or_unlikely,does not meet good candidate thresholds
hand,meta_H,1,broad_shape,XO|NONE,R06,20,19,2,0.95,2,1,1,1,"sho, chso",5,5,0.92,0.515,16:1.000/0.514 24:0.850/0.528 32:0.850/0.514 48:0.950/0.512 64:0.950/0.509,low_reliability_or_unlikely,does not meet good candidate thresholds
hand,meta_H,1,broad_shape,X|NONE,R06,25,25,2,0.92,2,1,1,3,"s, g",1,2,0.544,0.461,16:0.960/0.423 24:0.280/0.464 32:0.480/0.470 48:0.640/0.472 64:0.360/0.475,low_reliability_or_unlikely,does not meet good candidate thresholds
hand,meta_H,1,broad_shape,X|y,R06,18,18,3,0.944,3,1,1,3,"shy, sy, olsy",1,5,0.622,0.479,16:0.889/0.448 24:0.500/0.494 32:0.500/0.475 48:0.667/0.469 64:0.556/0.508,low_reliability_or_unlikely,does not meet good candidate thresholds
hand,meta_H,2,broad_shape,B|dy,R00,32,27,10,0.406,3,1,1,5,"qokchdy, okchdy, otchdy, dshdy, olchdy, qotchdy, olshdy, dchdy",5,5,0.644,0.473,16:0.656/0.459 24:0.656/0.495 32:0.625/0.450 48:0.656/0.473 64:0.625/0.487,low_reliability_or_unlikely,does not meet good candidate thresholds
hand,meta_H,2,broad_shape,B|edy,R00,48,46,15,0.521,4,1,1,3,"dshedy, olchedy, otchedy, olshedy, yshedy, dchedy, qokchedy, ychedy",0,0,0.375,0.492,16:0.292/0.482 24:0.438/0.499 32:0.438/0.486 48:0.354/0.489 64:0.354/0.504,low_reliability_or_unlikely,does not meet good candidate thresholds
hand,meta_H,2,broad_shape,B|ey,R00,27,26,16,0.556,3,1,1,2,"qokchey, olchey, otchey, olshey, dshey, ochey, orchey, yshey",0,0,0.43,0.454,16:0.370/0.444 24:0.444/0.478 32:0.481/0.443 48:0.370/0.437 64:0.481/0.467,low_reliability_or_unlikely,does not meet good candidate thresholds
hand,meta_H,2,broad_shape,B|y,R00,17,17,9,0.647,4,1,1,3,"chy, qokchy, olchy, okshy, otchy, qochy, qotchy, olshy",2,5,0.659,0.466,16:0.647/0.447 24:0.765/0.480 32:0.706/0.470 48:0.588/0.471 64:0.588/0.463,low_reliability_or_unlikely,does not meet good candidate thresholds
hand,meta_H,2,broad_shape,D|y,R02,51,46,8,0.686,4,1,1,4,"chdy, dy, shdy, oldy, ody, ydy, qody, okdy",0,0,0.0,0.474,16:0.000/0.455 24:0.000/0.468 32:0.000/0.460 48:0.000/0.468 64:0.000/0.521,low_reliability_or_unlikely,does not meet good candidate thresholds
hand,meta_H,2,broad_shape,EG|y,R06,19,19,7,0.842,3,1,1,1,"cheky, sheeky, sheky, sheety, chepy, cheeky, cheeety",0,0,0.011,0.443,16:0.000/0.423 24:0.053/0.447 32:0.000/0.470 48:0.000/0.433 64:0.000/0.444,low_reliability_or_unlikely,does not meet good candidate thresholds
hand,meta_H,2,broad_shape,E|dy,R06,247,150,8,0.296,4,1,1,4,"shedy, qokedy, chedy, okedy, otedy, qotedy, qoedy, dedy",0,0,0.436,0.41,16:0.502/0.390 24:0.409/0.444 32:0.445/0.385 48:0.470/0.400 64:0.356/0.430,low_reliability_or_unlikely,does not meet good candidate thresholds
hand,meta_H,2,broad_shape,E|edy,H01,122,91,8,0.557,4,1,1,2,"qokeedy, okeedy, qoteedy, sheedy, oteedy, cheedy, qoeedy, oeedy",0,0,0.052,0.379,16:0.000/0.357 24:0.000/0.418 32:0.164/0.355 48:0.000/0.367 64:0.098/0.398,low_reliability_or_unlikely,does not meet good candidate thresholds
hand,meta_H,2,broad_shape,E|ey,H08,62,50,7,0.5,4,1,1,4,"qokeey, sheey, cheey, oteey, okeey, qoteey, deey",0,0,0.232,0.409,16:0.210/0.397 24:0.210/0.422 32:0.274/0.404 48:0.177/0.378 64:0.290/0.446,low_reliability_or_unlikely,does not meet good candidate thresholds
hand,meta_H,2,broad_shape,E|ol,R06,17,17,9,0.471,3,1,1,1,"cheol, sheol, sheeol, oteol, deeol, cheeol, okeol, okeeol",3,5,0.718,0.466,16:0.765/0.444 24:0.765/0.483 32:0.765/0.457 48:0.706/0.464 64:0.588/0.480,low_reliability_or_unlikely,does not meet good candidate thresholds
hand,meta_H,2,broad_shape,E|y,R06,66,56,7,0.561,3,1,1,2,"shey, chey, qokey, otey, okey, qotey, qey",0,4,0.527,0.469,16:0.561/0.427 24:0.530/0.470 32:0.424/0.425 48:0.561/0.443 64:0.561/0.580,low_reliability_or_unlikely,does not meet good candidate thresholds
hand,meta_H,2,broad_shape,GB|edy,R06,24,24,13,0.5,4,1,1,2,"pchedy, tchedy, opchedy, qopshedy, oltchedy, qopchedy, olfchedy, kshedy",0,0,0.117,0.386,16:0.000/0.362 24:0.042/0.375 32:0.000/0.381 48:0.417/0.381 64:0.125/0.434,low_reliability_or_unlikely,does not meet good candidate thresholds
hand,meta_H,2,broad_shape,G|ar,R06,20,17,8,0.7,3,1,1,1,"ykar, kar, olkar, opar, tar, ytar, far, qopar",0,0,0.05,0.444,16:0.000/0.423 24:0.000/0.450 32:0.050/0.443 48:0.100/0.439 64:0.100/0.466,low_reliability_or_unlikely,does not meet good candidate thresholds
hand,meta_H,2,broad_shape,G|edy,R00,27,24,5,0.593,2,1,1,3,"olkedy, tedy, ykedy, kedy, ytedy",0,3,0.815,0.41,16:0.815/0.410 24:0.963/0.446 32:0.815/0.393 48:0.778/0.386 64:0.704/0.416,low_reliability_or_unlikely,does not meet good candidate thresholds
hand,meta_H,2,broad_shape,G|eedy,R00,15,15,7,0.867,2,1,1,2,"olkeedy, ykeedy, yteedy, keedy, teedy, olteedy, chkeedy",2,5,0.84,0.44,16:0.800/0.417 24:0.867/0.449 32:0.867/0.421 48:0.933/0.458 64:0.733/0.456,low_reliability_or_unlikely,does not meet good candidate thresholds
hand,meta_H,2,broad_shape,G|y,H01,57,48,9,0.632,4,1,1,3,"qoky, qoty, oty, olky, chky, oky, yty, chty",0,0,0.0,0.436,16:0.000/0.405 24:0.000/0.462 32:0.000/0.447 48:0.000/0.437 64:0.000/0.429,low_reliability_or_unlikely,does not meet good candidate thresholds
hand,meta_H,2,broad_shape,LB|edy,R00,27,26,6,1.0,3,1,1,2,"lchedy, lshedy, qolchedy, rchedy, qorchedy, rshedy",0,0,0.326,0.481,16:0.222/0.480 24:0.444/0.481 32:0.333/0.475 48:0.222/0.480 64:0.407/0.486,low_reliability_or_unlikely,does not meet good candidate thresholds
hand,meta_H,2,broad_shape,LB|ey,R00,17,16,4,0.706,2,1,1,2,"qolchey, lshey, lchey, rchey",0,0,0.259,0.466,16:0.118/0.467 24:0.412/0.481 32:0.235/0.469 48:0.235/0.456 64:0.294/0.459,low_reliability_or_unlikely,does not meet good candidate thresholds
hand,meta_H,2,broad_shape,L|y,R06,19,19,5,0.632,3,1,1,3,"oly, ly, ory, dly, qoly",1,2,0.474,0.49,16:0.632/0.456 24:0.421/0.480 32:0.368/0.492 48:0.421/0.512 64:0.526/0.512,low_reliability_or_unlikely,does not meet good candidate thresholds
hand,meta_H,2,broad_shape,OL|y,R00,17,16,11,0.647,3,1,1,4,"okaly, daly, okary, dary, otoly, qokaly, chaly, ary",5,5,0.871,0.577,16:0.882/0.576 24:0.882/0.578 32:0.882/0.566 48:0.824/0.581 64:0.882/0.584,low_reliability_or_unlikely,does not meet good candidate thresholds
hand,meta_H,2,broad_shape,O|iin,R10,108,86,11,0.454,4,1,1,5,"daiin, aiin, saiin, qokaiin, okaiin, otaiin, oraiin, olaiin",0,0,0.041,0.473,16:0.000/0.442 24:0.000/0.461 32:0.000/0.439 48:0.000/0.455 64:0.204/0.570,low_reliability_or_unlikely,does not meet good candidate thresholds
hand,meta_H,2,broad_shape,O|in,H08,111,88,11,0.342,4,1,1,3,"qokain, okain, dain, sain, otain, qotain, ain, olain",0,0,0.184,0.432,16:0.099/0.421 24:0.189/0.460 32:0.135/0.431 48:0.207/0.416 64:0.288/0.432,low_reliability_or_unlikely,does not meet good candidate thresholds
hand,meta_H,2,broad_shape,O|l,R06,194,122,21,0.402,4,1,1,6,"ol, qokal, qol, dal, dol, chol, sol, al",2,5,0.596,0.451,16:0.639/0.440 24:0.603/0.449 32:0.629/0.463 48:0.608/0.450 64:0.500/0.455,low_reliability_or_unlikely,does not meet good candidate thresholds
hand,meta_H,2,broad_shape,O|m,R06,18,18,7,0.444,4,1,1,1,"dam, qokam, oram, olam, am, otam, cham",0,0,0.233,0.479,16:0.389/0.458 24:0.222/0.473 32:0.167/0.481 48:0.222/0.499 64:0.167/0.482,low_reliability_or_unlikely,does not meet good candidate thresholds
hand,meta_H,2,broad_shape,O|r,R06,134,94,20,0.56,4,1,1,5,"dar, qokar, or, ar, okar, otar, sor, qotar",0,4,0.509,0.443,16:0.590/0.433 24:0.500/0.447 32:0.522/0.448 48:0.515/0.445 64:0.418/0.442,low_reliability_or_unlikely,does not meet good candidate thresholds
hand,meta_H,2,broad_shape,XGX|y,R00,49,42,8,0.571,3,1,1,1,"chckhy, shckhy, chcthy, ockhy, shcthy, qckhsy, qcthy, ckhy",2,5,0.947,0.449,16:0.959/0.416 24:0.980/0.449 32:0.939/0.481 48:0.959/0.428 64:0.898/0.470,low_reliability_or_unlikely,does not meet good candidate thresholds
hand,meta_H,3,broad_shape,B|ey,R00,16,16,12,0.375,1,1,1,1,"qokchey, olchey, qochey, sshey, oshey, qokshey, yshey, dchey",0,1,0.338,0.474,16:0.250/0.450 24:0.188/0.503 32:0.500/0.470 48:0.312/0.456 64:0.438/0.490,low_reliability_or_unlikely,does not meet good candidate thresholds
hand,meta_H,3,broad_shape,E|ar,R00,19,17,9,0.579,1,2,1,2,"chear, shear, qokear, qokeear, ear, cheear, qeear, okear",0,2,0.4,0.427,16:0.158/0.416 24:0.526/0.447 32:0.632/0.404 48:0.368/0.409 64:0.316/0.457,low_reliability_or_unlikely,does not meet good candidate thresholds
hand,meta_H,3,broad_shape,E|dy,R02,97,67,6,0.412,2,1,1,2,"chedy, shedy, qokedy, otedy, qotedy, okedy",0,0,0.06,0.4,16:0.000/0.386 24:0.000/0.426 32:0.000/0.375 48:0.000/0.382 64:0.299/0.432,low_reliability_or_unlikely,does not meet good candidate thresholds
hand,meta_H,3,broad_shape,E|edy,H01,70,52,9,0.529,1,1,1,1,"qokeedy, okeedy, sheedy, oteedy, qoteedy, qoeedy, cheedy, oeedy",0,0,0.074,0.377,16:0.000/0.376 24:0.000/0.419 32:0.314/0.335 48:0.000/0.372 64:0.057/0.382,low_reliability_or_unlikely,does not meet good candidate thresholds
hand,meta_H,3,broad_shape,E|ey,R06,93,71,8,0.452,2,3,1,3,"qokeey, okeey, cheey, sheey, oteey, qoeey, qoteey, oleey",0,0,0.237,0.426,16:0.280/0.403 24:0.237/0.437 32:0.140/0.413 48:0.269/0.410 64:0.258/0.468,low_reliability_or_unlikely,does not meet good candidate thresholds
hand,meta_H,3,broad_shape,E|ol,R00,20,18,5,0.7,1,2,1,1,"cheol, qokeol, okeol, qoteol, qeol",0,0,0.4,0.405,16:0.200/0.407 24:0.400/0.429 32:0.600/0.400 48:0.350/0.394 64:0.450/0.398,low_reliability_or_unlikely,does not meet good candidate thresholds
hand,meta_H,3,broad_shape,E|y,R06,58,52,6,0.759,1,2,1,2,"chey, shey, qokey, otey, okey, qotey",2,4,0.597,0.481,16:0.724/0.421 24:0.638/0.452 32:0.345/0.423 48:0.586/0.429 64:0.690/0.677,low_reliability_or_unlikely,does not meet good candidate thresholds
hand,meta_H,3,broad_shape,GB|edy,R00,16,14,11,0.625,2,1,1,2,"opchedy, fchedy, kchedy, olkchedy, tshedy, pchedy, tchedy, ytchedy",0,3,0.887,0.396,16:0.875/0.355 24:1.000/0.361 32:0.938/0.405 48:0.812/0.424 64:0.812/0.436,low_reliability_or_unlikely,does not meet good candidate thresholds
hand,meta_H,3,broad_shape,G|y,H01,22,22,8,0.364,2,2,1,1,"qoky, oty, oky, shky, chky, qoty, shty, orky",0,0,0.0,0.462,16:0.000/0.440 24:0.000/0.466 32:0.000/0.477 48:0.000/0.448 64:0.000/0.478,low_reliability_or_unlikely,does not meet good candidate thresholds
hand,meta_H,3,broad_shape,LB|edy,R00,16,16,2,1.0,1,2,1,1,"lchedy, lshedy",0,1,0.3,0.453,16:0.000/0.437 24:0.500/0.462 32:0.312/0.451 48:0.250/0.451 64:0.438/0.466,low_reliability_or_unlikely,does not meet good candidate thresholds
hand,meta_H,3,broad_shape,OE|r,R06,20,18,6,0.4,2,2,1,1,"qokair, sair, air, dair, qotair, otair",3,3,0.54,0.472,16:0.600/0.458 24:0.600/0.485 32:0.450/0.471 48:0.600/0.455 64:0.450/0.493,low_reliability_or_unlikely,does not meet good candidate thresholds
hand,meta_H,3,broad_shape,O|iin,R10,123,88,17,0.39,2,2,1,2,"aiin, qokaiin, daiin, okaiin, saiin, otaiin, qotaiin, oraiin",0,0,0.015,0.464,16:0.000/0.441 24:0.000/0.459 32:0.000/0.437 48:0.000/0.423 64:0.073/0.561,low_reliability_or_unlikely,does not meet good candidate thresholds
hand,meta_H,3,broad_shape,O|in,R06,87,62,12,0.276,1,2,1,1,"qokain, okain, otain, dain, qotain, ain, sain, oain",0,0,0.306,0.427,16:0.333/0.422 24:0.310/0.444 32:0.276/0.417 48:0.345/0.408 64:0.264/0.443,low_reliability_or_unlikely,does not meet good candidate thresholds
hand,meta_H,3,broad_shape,O|l,R07,113,82,19,0.327,2,2,1,3,"okal, chol, al, ol, qokal, chal, dal, qotal",0,0,0.0,0.438,16:0.000/0.429 24:0.000/0.435 32:0.000/0.444 48:0.000/0.439 64:0.000/0.444,low_reliability_or_unlikely,does not meet good candidate thresholds
hand,meta_H,3,broad_shape,O|m,R06,16,16,8,0.75,1,2,1,2,"otam, am, dam, qokam, om, oam, olam, okam",0,0,0.113,0.48,16:0.312/0.455 24:0.062/0.452 32:0.000/0.469 48:0.125/0.522 64:0.062/0.502,low_reliability_or_unlikely,does not meet good candidate thresholds
hand,meta_H,3,broad_shape,O|r,R06,93,68,21,0.527,3,3,1,4,"ar, or, qokar, okar, otar, dar, chor, char",0,2,0.531,0.456,16:0.656/0.436 24:0.462/0.470 32:0.495/0.443 48:0.559/0.467 64:0.484/0.463,low_reliability_or_unlikely,does not meet good candidate thresholds
hand,meta_H,3,broad_shape,XGX|y,R00,27,26,8,0.556,1,2,1,1,"chckhy, chcthy, shckhy, qocthy, dckhy, shcthy, cfhy, qockhy",1,5,0.941,0.449,16:0.963/0.421 24:1.000/0.445 32:0.963/0.494 48:0.963/0.433 64:0.815/0.449,low_reliability_or_unlikely,does not meet good candidate thresholds
hand,meta_H,4,broad_shape,OL|y,R00,31,31,15,0.806,3,2,1,7,"ary, otaly, okaly, dary, okary, orary, daly, otary",5,5,0.948,0.652,16:0.935/0.652 24:0.968/0.635 32:0.968/0.654 48:0.903/0.668 64:0.968/0.651,low_reliability_or_unlikely,does not meet good candidate thresholds
hand,meta_H,4,broad_shape,O|iin,R10,16,16,7,0.562,3,2,1,5,"daiin, aiin, otaiin, okaiin, doiin, saiin, oaiin",0,0,0.087,0.548,16:0.000/0.529 24:0.000/0.519 32:0.000/0.490 48:0.000/0.522 64:0.438/0.681,low_reliability_or_unlikely,does not meet good candidate thresholds
hand,meta_H,4,broad_shape,O|l,R07,33,27,15,0.394,3,2,1,7,"okal, okol, chol, al, sal, dal, ol, orol",0,0,0.0,0.521,16:0.000/0.522 24:0.000/0.513 32:0.000/0.533 48:0.000/0.513 64:0.000/0.526,low_reliability_or_unlikely,does not meet good candidate thresholds
hand,meta_H,4,broad_shape,O|r,R06,39,37,15,0.59,3,2,1,6,"ar, okar, dar, sar, or, char, sor, olar",0,0,0.4,0.545,16:0.462/0.534 24:0.333/0.539 32:0.410/0.544 48:0.436/0.571 64:0.359/0.538,low_reliability_or_unlikely,does not meet good candidate thresholds
hand,meta_H,1,stolfi_inspired_signature,G_k|S_GBY|T_y,R06,15,12,6,0.867,1,1,1,1,"kchy, ykchy, chkchy, ykshy, shkchy, shkshy",0,0,0.0,0.472,16:0.000/0.454 24:0.000/0.512 32:0.000/0.449 48:0.000/0.467 64:0.000/0.476,low_reliability_or_unlikely,does not meet good candidate thresholds
hand,meta_H,1,stolfi_inspired_signature,G_k|S_GY|T_y,R00,23,22,4,0.565,2,1,1,3,"oky, qoky, yky, olky",5,5,0.983,0.53,16:1.000/0.510 24:1.000/0.578 32:1.000/0.512 48:0.957/0.522 64:0.957/0.529,low_reliability_or_unlikely,does not meet good candidate thresholds
hand,meta_H,1,stolfi_inspired_signature,G_k|S_OL|T_l,R07,28,25,3,0.607,2,1,1,2,"okol, qokol, okal",0,0,0.0,0.467,16:0.000/0.442 24:0.000/0.503 32:0.000/0.458 48:0.000/0.454 64:0.000/0.479,low_reliability_or_unlikely,does not meet good candidate thresholds
hand,meta_H,1,stolfi_inspired_signature,G_k|S_XGXY|T_y,R00,16,16,5,0.812,2,1,1,1,"ckhy, chckhy, qockhy, ockhy, shckhy",5,5,0.975,0.518,16:1.000/0.507 24:1.000/0.567 32:1.000/0.533 48:0.938/0.503 64:0.938/0.481,low_reliability_or_unlikely,does not meet good candidate thresholds
hand,meta_H,1,stolfi_inspired_signature,G_t|S_XGXY|T_y,R04,18,18,3,0.944,1,1,1,2,"cthy, chcthy, dcthy",0,0,0.0,0.388,16:0.000/0.337 24:0.000/0.339 32:0.000/0.438 48:0.000/0.408 64:0.000/0.417,low_reliability_or_unlikely,does not meet good candidate thresholds
hand,meta_H,1,stolfi_inspired_signature,NG|S_BO|T_NONE,R00,16,16,6,0.562,2,1,1,2,"cho, dcho, dsho, ycho, osho, ssho",0,0,0.175,0.509,16:0.062/0.508 24:0.375/0.524 32:0.125/0.522 48:0.062/0.509 64:0.250/0.485,low_reliability_or_unlikely,does not meet good candidate thresholds
hand,meta_H,1,stolfi_inspired_signature,NG|S_BY|T_y,R00,21,20,5,0.81,2,1,1,3,"chy, dchy, dshy, orshy, ochy",0,0,0.19,0.49,16:0.095/0.483 24:0.238/0.493 32:0.286/0.496 48:0.095/0.496 64:0.238/0.481,low_reliability_or_unlikely,does not meet good candidate thresholds
hand,meta_H,1,stolfi_inspired_signature,NG|S_DY|T_y,R02,19,19,6,0.632,2,1,1,3,"dy, ody, oldy, chdy, ddy, qody",0,0,0.0,0.481,16:0.000/0.476 24:0.000/0.470 32:0.000/0.486 48:0.000/0.504 64:0.000/0.470,low_reliability_or_unlikely,does not meet good candidate thresholds
hand,meta_H,1,stolfi_inspired_signature,NG|S_EOL|T_ol,R06,15,14,4,0.6,2,1,1,3,"sheol, cheol, deol, cheeol",3,5,0.787,0.459,16:0.933/0.448 24:0.667/0.477 32:0.800/0.465 48:0.733/0.475 64:0.800/0.429,low_reliability_or_unlikely,does not meet good candidate thresholds
hand,meta_H,1,stolfi_inspired_signature,NG|S_EOL|T_or,R00,17,16,5,0.706,2,1,1,2,"cheor, sheor, cheeor, eeor, sheeor",1,1,0.341,0.461,16:0.118/0.456 24:0.647/0.480 32:0.353/0.453 48:0.235/0.468 64:0.353/0.447,low_reliability_or_unlikely,does not meet good candidate thresholds
hand,meta_H,1,stolfi_inspired_signature,NG|S_EY|T_y,R06,17,16,2,1.0,3,1,1,2,"shey, chey",4,5,0.941,0.533,16:1.000/0.444 24:0.941/0.496 32:0.882/0.463 48:0.882/0.469 64:1.000/0.795,low_reliability_or_unlikely,does not meet good candidate thresholds
hand,meta_H,1,stolfi_inspired_signature,NG|S_ODY|T_dy,R00,18,18,3,0.722,3,1,1,3,"chody, shody, dady",1,1,0.378,0.473,16:0.278/0.474 24:0.611/0.483 32:0.278/0.473 48:0.389/0.470 64:0.333/0.467,low_reliability_or_unlikely,does not meet good candidate thresholds
hand,meta_H,1,stolfi_inspired_signature,NG|S_OEL|T_in,R06,21,21,4,0.952,3,1,1,4,"dain, shain, chain, ain",4,5,0.743,0.488,16:0.857/0.485 24:0.571/0.490 32:0.619/0.488 48:0.857/0.492 64:0.810/0.485,low_reliability_or_unlikely,does not meet good candidate thresholds
hand,meta_H,1,stolfi_inspired_signature,NG|S_OIL|T_iin,R10,111,92,12,0.712,2,1,1,3,"daiin, saiin, chaiin, aiin, soiin, choiin, oaiin, doiin",1,1,0.146,0.517,16:0.000/0.454 24:0.000/0.483 32:0.000/0.445 48:0.000/0.471 64:0.730/0.730,low_reliability_or_unlikely,does not meet good candidate thresholds
hand,meta_H,1,stolfi_inspired_signature,NG|S_OL|T_l,R07,119,88,12,0.538,2,1,1,3,"chol, shol, ol, dal, dol, sol, sal, orol",0,0,0.0,0.457,16:0.000/0.449 24:0.000/0.436 32:0.000/0.480 48:0.000/0.460 64:0.000/0.458,low_reliability_or_unlikely,does not meet good candidate thresholds
hand,meta_H,1,stolfi_inspired_signature,NG|S_OL|T_m,R06,23,21,11,0.783,2,1,1,3,"dam, am, sham, om, chom, shom, sam, cham",1,2,0.452,0.482,16:0.739/0.449 24:0.304/0.477 32:0.304/0.493 48:0.609/0.515 64:0.304/0.477,low_reliability_or_unlikely,does not meet good candidate thresholds
hand,meta_H,1,stolfi_inspired_signature,NG|S_OL|T_r,R06,108,87,15,0.519,3,1,1,4,"chor, or, dar, shor, dor, char, ar, qor",5,5,0.787,0.483,16:0.880/0.474 24:0.630/0.481 32:0.861/0.489 48:0.833/0.500 64:0.731/0.470,low_reliability_or_unlikely,does not meet good candidate thresholds
hand,meta_H,1,stolfi_inspired_signature,NG|S_XO|T_NONE,R06,20,19,2,0.95,2,1,1,1,"sho, chso",5,5,0.92,0.515,16:1.000/0.514 24:0.850/0.528 32:0.850/0.514 48:0.950/0.512 64:0.950/0.509,low_reliability_or_unlikely,does not meet good candidate thresholds
hand,meta_H,1,stolfi_inspired_signature,NG|S_XY|T_y,R06,18,18,3,0.944,3,1,1,3,"shy, sy, olsy",1,5,0.622,0.479,16:0.889/0.448 24:0.500/0.494 32:0.500/0.475 48:0.667/0.469 64:0.556/0.508,low_reliability_or_unlikely,does not meet good candidate thresholds
hand,meta_H,1,stolfi_inspired_signature,NG|S_X|T_NONE,R06,25,25,2,0.92,2,1,1,3,"s, g",1,2,0.544,0.461,16:0.960/0.423 24:0.280/0.464 32:0.480/0.470 48:0.640/0.472 64:0.360/0.475,low_reliability_or_unlikely,does not meet good candidate thresholds
hand,meta_H,2,stolfi_inspired_signature,G_k|S_BDY|T_dy,H09,18,15,3,0.667,3,1,1,3,"qokchdy, okchdy, qokshdy",0,0,0.0,0.477,16:0.000/0.464 24:0.000/0.519 32:0.000/0.458 48:0.000/0.482 64:0.000/0.461,low_reliability_or_unlikely,does not meet good candidate thresholds
hand,meta_H,2,stolfi_inspired_signature,G_k|S_EDY|T_dy,H12,87,63,2,0.736,4,1,1,3,"qokedy, okedy",0,0,0.0,0.359,16:0.000/0.328 24:0.000/0.436 32:0.000/0.323 48:0.000/0.348 64:0.000/0.362,low_reliability_or_unlikely,does not meet good candidate thresholds
hand,meta_H,2,stolfi_inspired_signature,G_k|S_EDY|T_edy,H01,70,57,2,0.729,4,1,1,2,"qokeedy, okeedy",0,0,0.054,0.371,16:0.000/0.340 24:0.000/0.429 32:0.271/0.348 48:0.000/0.365 64:0.000/0.375,low_reliability_or_unlikely,does not meet good candidate thresholds
hand,meta_H,2,stolfi_inspired_signature,G_k|S_EGY|T_y,R06,15,15,4,0.933,3,1,1,1,"cheky, sheeky, sheky, cheeky",0,0,0.013,0.461,16:0.000/0.444 24:0.067/0.487 32:0.000/0.482 48:0.000/0.441 64:0.000/0.449,low_reliability_or_unlikely,does not meet good candidate thresholds
hand,meta_H,2,stolfi_inspired_signature,G_k|S_EY|T_ey,H08,34,30,2,0.912,4,1,1,4,"qokeey, okeey",0,0,0.412,0.383,16:0.382/0.391 24:0.382/0.413 32:0.471/0.401 48:0.324/0.348 64:0.500/0.360,low_reliability_or_unlikely,does not meet good candidate thresholds
hand,meta_H,2,stolfi_inspired_signature,G_k|S_EY|T_y,H08,19,18,2,0.684,3,1,1,2,"qokey, okey",0,0,0.263,0.439,16:0.105/0.438 24:0.263/0.471 32:0.316/0.440 48:0.263/0.422 64:0.368/0.422,low_reliability_or_unlikely,does not meet good candidate thresholds
hand,meta_H,2,stolfi_inspired_signature,G_k|S_GEDY|T_edy,R00,16,15,3,0.75,2,1,1,2,"olkedy, ykedy, kedy",1,5,0.8,0.443,16:0.750/0.435 24:0.938/0.489 32:0.812/0.431 48:0.812/0.424 64:0.688/0.434,low_reliability_or_unlikely,does not meet good candidate thresholds
hand,meta_H,2,stolfi_inspired_signature,G_k|S_GY|T_y,H01,39,36,4,0.692,3,1,1,3,"qoky, chky, oky, olky",0,0,0.0,0.466,16:0.000/0.432 24:0.000/0.524 32:0.000/0.454 48:0.000/0.471 64:0.000/0.447,low_reliability_or_unlikely,does not meet good candidate thresholds
hand,meta_H,2,stolfi_inspired_signature,G_k|S_OEL|T_in,H08,56,50,3,0.679,3,1,1,2,"qokain, okain, qokoin",0,0,0.35,0.412,16:0.196/0.395 24:0.375/0.465 32:0.268/0.420 48:0.411/0.384 64:0.500/0.395,low_reliability_or_unlikely,does not meet good candidate thresholds
hand,meta_H,2,stolfi_inspired_signature,G_k|S_OIL|T_iin,R10,34,33,2,0.5,4,1,1,4,"okaiin, qokaiin",0,0,0.0,0.407,16:0.000/0.396 24:0.000/0.438 32:0.000/0.412 48:0.000/0.394 64:0.000/0.397,low_reliability_or_unlikely,does not meet good candidate thresholds
hand,meta_H,2,stolfi_inspired_signature,G_k|S_OL|T_l,H08,39,33,4,0.692,4,1,1,3,"qokal, okal, okol, qokol",0,0,0.333,0.431,16:0.231/0.392 24:0.385/0.481 32:0.205/0.447 48:0.359/0.410 64:0.487/0.425,low_reliability_or_unlikely,does not meet good candidate thresholds
hand,meta_H,2,stolfi_inspired_signature,G_k|S_OL|T_r,R03,37,31,4,0.946,3,1,1,4,"qokar, okar, okor, qokor",0,0,0.0,0.419,16:0.000/0.416 24:0.000/0.436 32:0.000/0.424 48:0.000/0.402 64:0.000/0.417,low_reliability_or_unlikely,does not meet good candidate thresholds
hand,meta_H,2,stolfi_inspired_signature,G_k|S_XGXY|T_y,R00,37,34,5,0.73,3,1,1,1,"chckhy, shckhy, ockhy, qckhsy, ckhy",4,5,0.946,0.476,16:0.946/0.448 24:0.973/0.495 32:0.946/0.481 48:0.946/0.468 64:0.919/0.491,low_reliability_or_unlikely,does not meet good candidate thresholds
hand,meta_H,2,stolfi_inspired_signature,G_t|S_EDY|T_dy,R01,34,30,2,0.529,3,1,1,3,"otedy, qotedy",0,0,0.0,0.33,16:0.000/0.339 24:0.000/0.335 32:0.000/0.310 48:0.000/0.302 64:0.000/0.366,low_reliability_or_unlikely,does not meet good candidate thresholds
hand,meta_H,2,stolfi_inspired_signature,G_t|S_EDY|T_edy,H01,26,23,2,0.654,4,1,1,1,"qoteedy, oteedy",0,0,0.1,0.313,16:0.000/0.312 24:0.000/0.325 32:0.038/0.276 48:0.000/0.270 64:0.462/0.384,low_reliability_or_unlikely,does not meet good candidate thresholds
hand,meta_H,2,stolfi_inspired_signature,G_t|S_GY|T_y,H01,17,14,4,0.529,4,1,1,1,"qoty, oty, yty, chty",0,0,0.0,0.37,16:0.000/0.335 24:0.000/0.330 32:0.000/0.435 48:0.000/0.352 64:0.000/0.395,low_reliability_or_unlikely,does not meet good candidate thresholds
hand,meta_H,2,stolfi_inspired_signature,G_t|S_OEL|T_in,R00,17,16,2,0.588,3,1,1,1,"otain, qotain",0,0,0.929,0.322,16:1.000/0.315 24:1.000/0.321 32:1.000/0.297 48:1.000/0.311 64:0.647/0.368,low_reliability_or_unlikely,does not meet good candidate thresholds
hand,meta_H,2,stolfi_inspired_signature,G_t|S_OL|T_l,H13,19,16,4,0.579,2,1,1,2,"qotal, qotol, otal, otol",0,0,0.032,0.32,16:0.000/0.342 24:0.000/0.303 32:0.000/0.281 48:0.000/0.301 64:0.158/0.373,low_reliability_or_unlikely,does not meet good candidate thresholds
hand,meta_H,2,stolfi_inspired_signature,G_t|S_OL|T_r,R01,15,14,3,0.467,4,1,1,1,"otar, qotar, otor",0,0,0.0,0.323,16:0.000/0.329 24:0.000/0.306 32:0.000/0.328 48:0.000/0.281 64:0.000/0.371,low_reliability_or_unlikely,does not meet good candidate thresholds
hand,meta_H,2,stolfi_inspired_signature,NG|S_BEDY|T_edy,R00,35,34,9,0.543,4,1,1,2,"dshedy, olchedy, olshedy, dchedy, yshedy, ychedy, ochedy, sshedy",0,0,0.194,0.542,16:0.114/0.533 24:0.229/0.548 32:0.257/0.542 48:0.143/0.541 64:0.229/0.548,low_reliability_or_unlikely,does not meet good candidate thresholds
hand,meta_H,2,stolfi_inspired_signature,NG|S_BEY|T_ey,R00,16,15,11,0.562,3,1,1,1,"olchey, dshey, olshey, orchey, ochey, yshey, schey, oshey",0,0,0.163,0.496,16:0.000/0.491 24:0.188/0.513 32:0.250/0.490 48:0.125/0.470 64:0.250/0.514,low_reliability_or_unlikely,does not meet good candidate thresholds
hand,meta_H,2,stolfi_inspired_signature,NG|S_DY|T_y,R02,50,45,7,0.7,4,1,1,4,"chdy, dy, shdy, oldy, ody, ydy, qody",0,0,0.0,0.474,16:0.000/0.454 24:0.000/0.466 32:0.000/0.460 48:0.000/0.469 64:0.000/0.522,low_reliability_or_unlikely,does not meet good candidate thresholds
hand,meta_H,2,stolfi_inspired_signature,NG|S_EDY|T_dy,R06,126,101,4,0.579,4,1,1,3,"shedy, chedy, qoedy, dedy",3,5,0.856,0.466,16:0.984/0.447 24:0.802/0.480 32:0.873/0.448 48:0.921/0.462 64:0.698/0.493,low_reliability_or_unlikely,does not meet good candidate thresholds
hand,meta_H,2,stolfi_inspired_signature,NG|S_EDY|T_edy,R06,26,24,4,0.846,4,1,1,1,"sheedy, cheedy, qoeedy, oeedy",4,5,0.877,0.466,16:0.962/0.448 24:0.769/0.481 32:0.923/0.453 48:0.846/0.473 64:0.885/0.477,low_reliability_or_unlikely,does not meet good candidate thresholds
hand,meta_H,2,stolfi_inspired_signature,NG|S_EY|T_ey,R06,20,18,3,1.0,4,1,1,1,"sheey, cheey, deey",3,5,0.88,0.498,16:1.000/0.439 24:0.850/0.482 32:0.800/0.448 48:0.850/0.480 64:0.900/0.641,low_reliability_or_unlikely,does not meet good candidate thresholds
hand,meta_H,2,stolfi_inspired_signature,NG|S_EY|T_y,R06,38,36,3,0.974,3,1,1,2,"shey, chey, qey",5,5,0.916,0.525,16:0.974/0.450 24:0.921/0.509 32:0.737/0.458 48:0.974/0.493 64:0.974/0.715,low_reliability_or_unlikely,does not meet good candidate thresholds
hand,meta_H,2,stolfi_inspired_signature,NG|S_LBEDY|T_edy,R00,27,26,6,1.0,3,1,1,2,"lchedy, lshedy, qolchedy, rchedy, qorchedy, rshedy",0,0,0.326,0.481,16:0.222/0.480 24:0.444/0.481 32:0.333/0.475 48:0.222/0.480 64:0.407/0.486,low_reliability_or_unlikely,does not meet good candidate thresholds
hand,meta_H,2,stolfi_inspired_signature,NG|S_LBEY|T_ey,R00,17,16,4,0.706,2,1,1,2,"qolchey, lshey, lchey, rchey",0,0,0.259,0.466,16:0.118/0.467 24:0.412/0.481 32:0.235/0.469 48:0.235/0.456 64:0.294/0.459,low_reliability_or_unlikely,does not meet good candidate thresholds
hand,meta_H,2,stolfi_inspired_signature,NG|S_LY|T_y,R06,19,19,5,0.632,3,1,1,3,"oly, ly, ory, dly, qoly",1,2,0.474,0.49,16:0.632/0.456 24:0.421/0.480 32:0.368/0.492 48:0.421/0.512 64:0.526/0.512,low_reliability_or_unlikely,does not meet good candidate thresholds
hand,meta_H,2,stolfi_inspired_signature,NG|S_OEL|T_in,R06,38,32,6,0.921,4,1,1,2,"dain, sain, ain, olain, shain, orain",5,5,0.868,0.51,16:1.000/0.506 24:0.868/0.515 32:0.789/0.506 48:0.895/0.508 64:0.789/0.514,low_reliability_or_unlikely,does not meet good candidate thresholds
hand,meta_H,2,stolfi_inspired_signature,NG|S_OIL|T_iin,R06,67,57,7,0.582,4,1,1,3,"daiin, aiin, saiin, oraiin, olaiin, qoaiin, soiin",5,5,0.821,0.521,16:0.940/0.476 24:0.746/0.485 32:0.851/0.469 48:0.940/0.498 64:0.627/0.676,low_reliability_or_unlikely,does not meet good candidate thresholds
hand,meta_H,2,stolfi_inspired_signature,NG|S_OL|T_l,R06,136,94,13,0.574,4,1,1,4,"ol, qol, dal, dol, chol, sol, al, chal",5,5,0.85,0.476,16:0.912/0.468 24:0.860/0.460 32:0.897/0.493 48:0.868/0.483 64:0.713/0.475,low_reliability_or_unlikely,does not meet good candidate thresholds
hand,meta_H,3,stolfi_inspired_signature,G_k|S_EDY|T_dy,H12,21,19,2,0.857,1,1,1,1,"qokedy, okedy",0,0,0.0,0.333,16:0.000/0.316 24:0.000/0.399 32:0.000/0.302 48:0.000/0.325 64:0.000/0.323,low_reliability_or_unlikely,does not meet good candidate thresholds
hand,meta_H,3,stolfi_inspired_signature,G_k|S_EDY|T_edy,H01,44,34,2,0.705,1,1,1,1,"qokeedy, okeedy",0,0,0.105,0.367,16:0.000/0.371 24:0.000/0.429 32:0.500/0.317 48:0.000/0.369 64:0.023/0.349,low_reliability_or_unlikely,does not meet good candidate thresholds
hand,meta_H,3,stolfi_inspired_signature,G_k|S_EY|T_ey,H08,56,43,2,0.661,1,2,1,1,"qokeey, okeey",0,0,0.314,0.411,16:0.250/0.396 24:0.268/0.436 32:0.321/0.420 48:0.268/0.395 64:0.464/0.408,low_reliability_or_unlikely,does not meet good candidate thresholds
hand,meta_H,3,stolfi_inspired_signature,G_k|S_GY|T_y,R00,16,16,5,0.438,2,2,1,1,"qoky, oky, shky, chky, orky",3,5,0.938,0.469,16:0.938/0.439 24:1.000/0.495 32:0.938/0.471 48:0.875/0.447 64:0.938/0.493,low_reliability_or_unlikely,does not meet good candidate thresholds
hand,meta_H,3,stolfi_inspired_signature,G_k|S_OEL|T_in,H08,35,32,2,0.571,1,2,1,1,"qokain, okain",0,0,0.257,0.407,16:0.171/0.400 24:0.286/0.446 32:0.171/0.406 48:0.229/0.394 64:0.429/0.388,low_reliability_or_unlikely,does not meet good candidate thresholds
hand,meta_H,3,stolfi_inspired_signature,G_k|S_OIL|T_iin,H08,38,31,2,0.579,1,2,1,1,"qokaiin, okaiin",0,0,0.337,0.389,16:0.237/0.393 24:0.211/0.437 32:0.289/0.395 48:0.316/0.349 64:0.632/0.372,low_reliability_or_unlikely,does not meet good candidate thresholds
hand,meta_H,3,stolfi_inspired_signature,G_k|S_OL|T_l,R07,33,27,4,0.606,2,2,1,1,"okal, qokal, qokol, okol",0,0,0.0,0.431,16:0.000/0.414 24:0.000/0.457 32:0.000/0.435 48:0.000/0.415 64:0.000/0.434,low_reliability_or_unlikely,does not meet good candidate thresholds
hand,meta_H,3,stolfi_inspired_signature,G_k|S_OL|T_r,R03,16,13,4,0.812,1,2,1,2,"qokar, okar, qokor, okor",0,0,0.0,0.431,16:0.000/0.399 24:0.000/0.500 32:0.000/0.417 48:0.000/0.409 64:0.000/0.430,low_reliability_or_unlikely,does not meet good candidate thresholds
hand,meta_H,3,stolfi_inspired_signature,G_k|S_XGXY|T_y,R00,19,18,4,0.737,1,2,1,1,"chckhy, shckhy, dckhy, qockhy",4,5,0.947,0.472,16:0.947/0.444 24:1.000/0.484 32:1.000/0.500 48:1.000/0.474 64:0.789/0.456,low_reliability_or_unlikely,does not meet good candidate thresholds
hand,meta_H,3,stolfi_inspired_signature,G_t|S_EDY|T_dy,R01,18,16,2,0.667,1,1,1,2,"otedy, qotedy",0,0,0.0,0.296,16:0.000/0.310 24:0.000/0.306 32:0.000/0.268 48:0.000/0.241 64:0.000/0.356,low_reliability_or_unlikely,does not meet good candidate thresholds
hand,meta_H,3,stolfi_inspired_signature,G_t|S_OEL|T_in,R00,22,20,2,0.636,1,2,1,1,"otain, qotain",0,0,0.955,0.329,16:1.000/0.324 24:1.000/0.325 32:1.000/0.302 48:0.955/0.301 64:0.818/0.392,low_reliability_or_unlikely,does not meet good candidate thresholds
hand,meta_H,3,stolfi_inspired_signature,G_t|S_OIL|T_iin,R10,16,15,3,0.5,2,2,1,2,"otaiin, qotaiin, qotoiin",0,0,0.0,0.336,16:0.000/0.340 24:0.000/0.342 32:0.000/0.318 48:0.000/0.322 64:0.000/0.360,low_reliability_or_unlikely,does not meet good candidate thresholds
hand,meta_H,3,stolfi_inspired_signature,NG|S_EDY|T_dy,R02,58,45,2,0.69,2,1,1,1,"chedy, shedy",0,1,0.1,0.457,16:0.000/0.435 24:0.000/0.473 32:0.000/0.434 48:0.000/0.447 64:0.500/0.496,low_reliability_or_unlikely,does not meet good candidate thresholds
hand,meta_H,3,stolfi_inspired_signature,NG|S_EY|T_ey,R06,28,26,4,0.821,2,3,1,2,"cheey, sheey, qoeey, oleey",3,4,0.771,0.489,16:0.929/0.442 24:0.786/0.480 32:0.464/0.445 48:0.857/0.477 64:0.821/0.603,low_reliability_or_unlikely,does not meet good candidate thresholds
hand,meta_H,3,stolfi_inspired_signature,NG|S_EY|T_y,R06,44,39,2,1.0,1,2,1,2,"chey, shey",3,4,0.786,0.513,16:0.955/0.438 24:0.841/0.472 32:0.455/0.438 48:0.773/0.451 64:0.909/0.767,low_reliability_or_unlikely,does not meet good candidate thresholds
hand,meta_H,3,stolfi_inspired_signature,NG|S_LBEDY|T_edy,R00,16,16,2,1.0,1,2,1,1,"lchedy, lshedy",0,1,0.3,0.453,16:0.000/0.437 24:0.500/0.462 32:0.312/0.451 48:0.250/0.451 64:0.438/0.466,low_reliability_or_unlikely,does not meet good candidate thresholds
hand,meta_H,3,stolfi_inspired_signature,NG|S_OEL|T_in,R06,30,25,8,0.8,1,1,1,1,"dain, ain, sain, oain, qoain, olain, shain, chain",5,5,0.873,0.522,16:0.967/0.518 24:0.900/0.530 32:0.800/0.514 48:0.967/0.503 64:0.733/0.545,low_reliability_or_unlikely,does not meet good candidate thresholds
hand,meta_H,3,stolfi_inspired_signature,NG|S_OIL|T_iin,R06,69,57,12,0.565,1,2,1,1,"aiin, daiin, saiin, qoaiin, oraiin, chaiin, yaiin, qaiin",5,5,0.878,0.535,16:1.000/0.490 24:0.928/0.499 32:0.696/0.488 48:0.913/0.487 64:0.855/0.712,low_reliability_or_unlikely,does not meet good candidate thresholds
hand,meta_H,3,stolfi_inspired_signature,NG|S_OL|T_l,R06,70,59,12,0.471,2,2,1,3,"chol, al, ol, chal, dal, shol, qoal, qol",2,5,0.806,0.46,16:0.914/0.448 24:0.843/0.446 32:0.857/0.477 48:0.871/0.473 64:0.543/0.458,low_reliability_or_unlikely,does not meet good candidate thresholds
hand,meta_H,3,stolfi_inspired_signature,NG|S_OL|T_r,R06,65,51,14,0.754,3,3,1,3,"ar, or, dar, chor, char, sar, shar, oror",5,5,0.76,0.484,16:0.938/0.465 24:0.662/0.490 32:0.708/0.476 48:0.800/0.508 64:0.692/0.480,low_reliability_or_unlikely,does not meet good candidate thresholds
hand,meta_H,4,stolfi_inspired_signature,NG|S_OLY|T_y,R00,16,16,8,0.625,3,2,1,6,"ary, dary, orary, daly, oraly, amy, sary, oary",5,5,0.9,0.517,16:0.875/0.517 24:0.938/0.485 32:0.938/0.520 48:0.812/0.547 64:0.938/0.514,low_reliability_or_unlikely,does not meet good candidate thresholds
hand,meta_H,4,stolfi_inspired_signature,NG|S_OL|T_l,R06,22,19,11,0.5,3,2,1,7,"chol, al, sal, dal, ol, olol, orol, sol",3,4,0.564,0.479,16:0.636/0.485 24:0.545/0.461 32:0.636/0.495 48:0.636/0.473 64:0.364/0.483,low_reliability_or_unlikely,does not meet good candidate thresholds
hand,meta_H,4,stolfi_inspired_signature,NG|S_OL|T_r,R06,30,29,12,0.767,3,2,1,6,"ar, dar, or, sar, char, sor, olar, olor",1,3,0.52,0.529,16:0.600/0.519 24:0.433/0.519 32:0.533/0.528 48:0.567/0.567 64:0.467/0.512,low_reliability_or_unlikely,does not meet good candidate thresholds
line_marker,line_marker_family,paragraph_continuation,surface_token,aiin,R06,53,47,1,1.0,7,3,5,1,aiin,5,5,0.834,0.521,16:0.925/0.455 24:0.774/0.476 32:0.679/0.460 48:0.925/0.476 64:0.868/0.735,low_reliability_or_unlikely,does not meet good candidate thresholds
line_marker,line_marker_family,paragraph_continuation,surface_token,al,R06,29,26,1,1.0,5,3,5,1,al,5,5,0.821,0.469,16:0.897/0.454 24:0.793/0.463 32:0.897/0.475 48:0.828/0.475 64:0.690/0.477,low_reliability_or_unlikely,does not meet good candidate thresholds
line_marker,line_marker_family,paragraph_continuation,surface_token,ar,R06,52,46,1,1.0,6,3,5,1,ar,5,5,0.762,0.478,16:0.885/0.455 24:0.731/0.488 32:0.712/0.469 48:0.827/0.497 64:0.654/0.482,low_reliability_or_unlikely,does not meet good candidate thresholds
line_marker,line_marker_family,paragraph_continuation,surface_token,chckhy,R00,41,39,1,1.0,5,2,3,1,chckhy,4,5,0.961,0.482,16:0.951/0.447 24:0.976/0.499 32:0.976/0.496 48:0.951/0.474 64:0.951/0.496,low_reliability_or_unlikely,does not meet good candidate thresholds
line_marker,line_marker_family,paragraph_continuation,surface_token,chcthy,R04,16,15,1,1.0,4,2,3,1,chcthy,0,0,0.0,0.372,16:0.000/0.335 24:0.000/0.317 32:0.000/0.485 48:0.000/0.318 64:0.000/0.404,low_reliability_or_unlikely,does not meet good candidate thresholds
line_marker,line_marker_family,paragraph_continuation,surface_token,chdy,R02,25,24,1,1.0,5,2,5,1,chdy,0,0,0.0,0.469,16:0.000/0.444 24:0.000/0.453 32:0.000/0.454 48:0.000/0.453 64:0.000/0.542,low_reliability_or_unlikely,does not meet good candidate thresholds
line_marker,line_marker_family,paragraph_continuation,surface_token,chedy,R02,90,79,1,1.0,4,1,4,1,chedy,0,0,0.087,0.46,16:0.000/0.440 24:0.000/0.477 32:0.000/0.440 48:0.000/0.452 64:0.433/0.493,low_reliability_or_unlikely,does not meet good candidate thresholds
line_marker,line_marker_family,paragraph_continuation,surface_token,cheey,R06,23,22,1,1.0,4,2,4,1,cheey,3,5,0.878,0.502,16:1.000/0.437 24:0.870/0.493 32:0.652/0.449 48:0.957/0.475 64:0.913/0.654,low_reliability_or_unlikely,does not meet good candidate thresholds
line_marker,line_marker_family,paragraph_continuation,surface_token,cheol,R00,23,22,1,1.0,5,2,4,1,cheol,0,0,0.226,0.44,16:0.000/0.442 24:0.174/0.452 32:0.435/0.446 48:0.130/0.437 64:0.391/0.424,low_reliability_or_unlikely,does not meet good candidate thresholds
line_marker,line_marker_family,paragraph_continuation,surface_token,chey,R06,52,48,1,1.0,5,2,4,1,chey,3,5,0.835,0.518,16:0.962/0.443 24:0.846/0.484 32:0.577/0.453 48:0.865/0.466 64:0.923/0.746,low_reliability_or_unlikely,does not meet good candidate thresholds
line_marker,line_marker_family,paragraph_continuation,surface_token,chody,R00,16,16,1,1.0,5,2,4,1,chody,0,0,0.275,0.456,16:0.125/0.454 24:0.438/0.469 32:0.250/0.452 48:0.375/0.445 64:0.188/0.458,low_reliability_or_unlikely,does not meet good candidate thresholds
line_marker,line_marker_family,paragraph_continuation,surface_token,chol,R07,94,81,1,1.0,7,3,5,1,chol,0,0,0.0,0.443,16:0.000/0.444 24:0.000/0.418 32:0.000/0.472 48:0.000/0.443 64:0.000/0.438,low_reliability_or_unlikely,does not meet good candidate thresholds
line_marker,line_marker_family,paragraph_continuation,surface_token,chor,R11,41,40,1,1.0,4,2,4,1,chor,0,0,0.0,0.45,16:0.000/0.445 24:0.000/0.449 32:0.000/0.469 48:0.000/0.448 64:0.000/0.441,low_reliability_or_unlikely,does not meet good candidate thresholds
line_marker,line_marker_family,paragraph_continuation,surface_token,chy,R00,18,17,1,1.0,4,2,2,1,chy,0,0,0.233,0.466,16:0.111/0.456 24:0.389/0.466 32:0.278/0.474 48:0.111/0.474 64:0.278/0.459,low_reliability_or_unlikely,does not meet good candidate thresholds
line_marker,line_marker_family,paragraph_continuation,surface_token,cthol,R07,18,18,1,1.0,4,3,4,1,cthol,0,0,0.0,0.376,16:0.000/0.337 24:0.000/0.342 32:0.000/0.364 48:0.000/0.379 64:0.000/0.458,low_reliability_or_unlikely,does not meet good candidate thresholds
line_marker,line_marker_family,paragraph_continuation,surface_token,dain,R06,44,41,1,1.0,5,2,3,1,dain,5,5,0.859,0.499,16:0.977/0.506 24:0.818/0.505 32:0.773/0.496 48:0.932/0.479 64:0.795/0.510,low_reliability_or_unlikely,does not meet good candidate thresholds
line_marker,line_marker_family,paragraph_continuation,surface_token,dal,R09,32,31,1,1.0,6,3,4,1,dal,0,0,0.0,0.452,16:0.000/0.445 24:0.000/0.442 32:0.000/0.472 48:0.000/0.446 64:0.000/0.456,low_reliability_or_unlikely,does not meet good candidate thresholds
line_marker,line_marker_family,paragraph_continuation,surface_token,dar,R06,40,38,1,1.0,5,2,4,1,dar,5,5,0.82,0.466,16:0.925/0.461 24:0.800/0.463 32:0.900/0.471 48:0.850/0.478 64:0.625/0.455,low_reliability_or_unlikely,does not meet good candidate thresholds
line_marker,line_marker_family,paragraph_continuation,surface_token,dy,R02,29,29,1,1.0,6,3,4,1,dy,0,0,0.0,0.468,16:0.000/0.461 24:0.000/0.464 32:0.000/0.468 48:0.000/0.487 64:0.000/0.460,low_reliability_or_unlikely,does not meet good candidate thresholds
line_marker,line_marker_family,paragraph_continuation,surface_token,lchedy,R00,27,27,1,1.0,3,2,3,1,lchedy,0,1,0.356,0.464,16:0.148/0.455 24:0.519/0.465 32:0.333/0.469 48:0.296/0.463 64:0.481/0.469,low_reliability_or_unlikely,does not meet good candidate thresholds
line_marker,line_marker_family,paragraph_continuation,surface_token,okaiin,R10,38,37,1,1.0,4,2,3,1,okaiin,0,0,0.0,0.434,16:0.000/0.441 24:0.000/0.463 32:0.000/0.425 48:0.000/0.419 64:0.000/0.423,low_reliability_or_unlikely,does not meet good candidate thresholds
line_marker,line_marker_family,paragraph_continuation,surface_token,okain,R10,33,31,1,1.0,4,2,3,1,okain,0,0,0.0,0.448,16:0.000/0.456 24:0.000/0.471 32:0.000/0.427 48:0.000/0.436 64:0.000/0.448,low_reliability_or_unlikely,does not meet good candidate thresholds
line_marker,line_marker_family,paragraph_continuation,surface_token,okal,R07,30,28,1,1.0,5,2,4,1,okal,0,0,0.0,0.446,16:0.000/0.413 24:0.000/0.471 32:0.000/0.444 48:0.000/0.441 64:0.000/0.464,low_reliability_or_unlikely,does not meet good candidate thresholds
line_marker,line_marker_family,paragraph_continuation,surface_token,okar,R03,19,18,1,1.0,4,2,2,1,okar,0,0,0.0,0.44,16:0.000/0.442 24:0.000/0.440 32:0.000/0.430 48:0.000/0.430 64:0.000/0.461,low_reliability_or_unlikely,does not meet good candidate thresholds
line_marker,line_marker_family,paragraph_continuation,surface_token,okedy,R00,30,26,1,1.0,4,1,3,1,okedy,0,1,0.64,0.38,16:0.533/0.351 24:0.800/0.446 32:0.500/0.334 48:0.733/0.373 64:0.633/0.398,low_reliability_or_unlikely,does not meet good candidate thresholds
line_marker,line_marker_family,paragraph_continuation,surface_token,okeedy,R00,30,28,1,1.0,3,1,2,1,okeedy,1,4,0.78,0.42,16:0.733/0.421 24:0.833/0.457 32:0.700/0.384 48:0.833/0.421 64:0.800/0.414,low_reliability_or_unlikely,does not meet good candidate thresholds
line_marker,line_marker_family,paragraph_continuation,surface_token,okeey,R06,28,27,1,1.0,5,3,5,1,okeey,0,0,0.0,0.447,16:0.000/0.455 24:0.000/0.446 32:0.000/0.439 48:0.000/0.434 64:0.000/0.462,low_reliability_or_unlikely,does not meet good candidate thresholds
line_marker,line_marker_family,paragraph_continuation,surface_token,okol,R07,15,14,1,1.0,3,2,3,1,okol,0,0,0.0,0.441,16:0.000/0.409 24:0.000/0.495 32:0.000/0.424 48:0.000/0.405 64:0.000/0.474,low_reliability_or_unlikely,does not meet good candidate thresholds
line_marker,line_marker_family,paragraph_continuation,surface_token,oky,R00,18,18,1,1.0,4,2,4,1,oky,5,5,0.989,0.491,16:1.000/0.468 24:1.000/0.534 32:1.000/0.466 48:1.000/0.487 64:0.944/0.498,low_reliability_or_unlikely,does not meet good candidate thresholds
line_marker,line_marker_family,paragraph_continuation,surface_token,ol,R06,70,63,1,1.0,6,2,4,1,ol,5,5,0.849,0.483,16:0.900/0.465 24:0.829/0.470 32:0.871/0.493 48:0.871/0.504 64:0.771/0.486,low_reliability_or_unlikely,does not meet good candidate thresholds
line_marker,line_marker_family,paragraph_continuation,surface_token,or,R06,44,42,1,1.0,7,3,4,1,or,5,5,0.736,0.482,16:0.864/0.467 24:0.614/0.477 32:0.727/0.484 48:0.727/0.513 64:0.750/0.470,low_reliability_or_unlikely,does not meet good candidate thresholds
line_marker,line_marker_family,paragraph_continuation,surface_token,otaiin,R10,20,19,1,1.0,4,2,3,1,otaiin,0,0,0.0,0.35,16:0.000/0.334 24:0.000/0.343 32:0.000/0.314 48:0.000/0.362 64:0.000/0.399,low_reliability_or_unlikely,does not meet good candidate thresholds
line_marker,line_marker_family,paragraph_continuation,surface_token,otain,R00,24,23,1,1.0,4,2,2,1,otain,0,0,0.983,0.337,16:1.000/0.326 24:1.000/0.323 32:1.000/0.317 48:1.000/0.345 64:0.917/0.376,low_reliability_or_unlikely,does not meet good candidate thresholds
line_marker,line_marker_family,paragraph_continuation,surface_token,otedy,R01,28,26,1,1.0,4,1,2,1,otedy,0,0,0.0,0.295,16:0.000/0.310 24:0.000/0.309 32:0.000/0.258 48:0.000/0.245 64:0.000/0.351,low_reliability_or_unlikely,does not meet good candidate thresholds
line_marker,line_marker_family,paragraph_continuation,surface_token,oteedy,R01,15,15,1,1.0,4,1,2,1,oteedy,0,0,0.0,0.299,16:0.000/0.298 24:0.000/0.305 32:0.000/0.248 48:0.000/0.246 64:0.000/0.396,low_reliability_or_unlikely,does not meet good candidate thresholds
line_marker,line_marker_family,paragraph_continuation,surface_token,qokaiin,H08,42,41,1,1.0,6,2,3,1,qokaiin,0,0,0.457,0.361,16:0.452/0.347 24:0.381/0.409 32:0.381/0.373 48:0.333/0.328 64:0.738/0.347,low_reliability_or_unlikely,does not meet good candidate thresholds
line_marker,line_marker_family,paragraph_continuation,surface_token,qokain,H08,57,54,1,1.0,3,2,2,1,qokain,0,1,0.435,0.383,16:0.246/0.359 24:0.509/0.444 32:0.333/0.400 48:0.456/0.356 64:0.632/0.358,low_reliability_or_unlikely,does not meet good candidate thresholds
line_marker,line_marker_family,paragraph_continuation,surface_token,qokal,H08,37,35,1,1.0,5,3,4,1,qokal,0,0,0.389,0.401,16:0.243/0.368 24:0.486/0.449 32:0.216/0.432 48:0.378/0.375 64:0.622/0.381,low_reliability_or_unlikely,does not meet good candidate thresholds
line_marker,line_marker_family,paragraph_continuation,surface_token,qokar,R03,27,25,1,1.0,4,2,3,1,qokar,0,0,0.0,0.39,16:0.000/0.369 24:0.000/0.451 32:0.000/0.397 48:0.000/0.373 64:0.000/0.362,low_reliability_or_unlikely,does not meet good candidate thresholds
line_marker,line_marker_family,paragraph_continuation,surface_token,qokedy,H12,86,70,1,1.0,5,1,5,1,qokedy,0,0,0.0,0.348,16:0.000/0.313 24:0.000/0.428 32:0.000/0.313 48:0.000/0.335 64:0.000/0.349,low_reliability_or_unlikely,does not meet good candidate thresholds
line_marker,line_marker_family,paragraph_continuation,surface_token,qokeedy,H01,84,69,1,1.0,4,1,4,1,qokeedy,0,0,0.086,0.348,16:0.000/0.325 24:0.000/0.416 32:0.417/0.315 48:0.000/0.345 64:0.012/0.341,low_reliability_or_unlikely,does not meet good candidate thresholds
line_marker,line_marker_family,paragraph_continuation,surface_token,qokeey,H08,73,64,1,1.0,6,2,4,1,qokeey,0,0,0.425,0.396,16:0.315/0.379 24:0.452/0.442 32:0.425/0.411 48:0.397/0.370 64:0.534/0.375,low_reliability_or_unlikely,does not meet good candidate thresholds
line_marker,line_marker_family,paragraph_continuation,surface_token,qokey,H08,25,25,1,1.0,6,3,5,1,qokey,0,0,0.288,0.423,16:0.120/0.413 24:0.480/0.452 32:0.240/0.434 48:0.240/0.410 64:0.360/0.407,low_reliability_or_unlikely,does not meet good candidate thresholds
line_marker,line_marker_family,paragraph_continuation,surface_token,qokol,H08,19,17,1,1.0,5,2,4,1,qokol,0,0,0.179,0.39,16:0.053/0.372 24:0.368/0.428 32:0.000/0.400 48:0.211/0.378 64:0.263/0.374,low_reliability_or_unlikely,does not meet good candidate thresholds
line_marker,line_marker_family,paragraph_continuation,surface_token,qoky,H01,42,41,1,1.0,5,2,4,1,qoky,0,0,0.0,0.453,16:0.000/0.417 24:0.000/0.519 32:0.000/0.443 48:0.000/0.449 64:0.000/0.437,low_reliability_or_unlikely,does not meet good candidate thresholds
line_marker,line_marker_family,paragraph_continuation,surface_token,qol,R00,23,21,1,1.0,3,1,3,1,qol,0,0,0.148,0.455,16:0.000/0.457 24:0.174/0.441 32:0.043/0.483 48:0.174/0.450 64:0.348/0.445,low_reliability_or_unlikely,does not meet good candidate thresholds
line_marker,line_marker_family,paragraph_continuation,surface_token,qotain,H13,15,14,1,1.0,3,2,2,1,qotain,0,0,0.053,0.307,16:0.000/0.310 24:0.000/0.323 32:0.000/0.273 48:0.000/0.242 64:0.267/0.390,low_reliability_or_unlikely,does not meet good candidate thresholds
line_marker,line_marker_family,paragraph_continuation,surface_token,qotedy,H17,18,17,1,1.0,3,1,2,1,qotedy,0,0,0.0,0.34,16:0.000/0.343 24:0.000/0.332 32:0.000/0.330 48:0.000/0.328 64:0.000/0.369,low_reliability_or_unlikely,does not meet good candidate thresholds
line_marker,line_marker_family,paragraph_continuation,surface_token,qoteedy,H01,25,23,1,1.0,4,1,3,1,qoteedy,0,0,0.128,0.315,16:0.000/0.312 24:0.000/0.328 32:0.040/0.278 48:0.000/0.282 64:0.600/0.377,low_reliability_or_unlikely,does not meet good candidate thresholds
line_marker,line_marker_family,paragraph_continuation,surface_token,qoty,H01,15,15,1,1.0,5,2,4,1,qoty,0,0,0.0,0.389,16:0.000/0.374 24:0.000/0.357 32:0.000/0.462 48:0.000/0.349 64:0.000/0.404,low_reliability_or_unlikely,does not meet good candidate thresholds
line_marker,line_marker_family,paragraph_continuation,surface_token,s,R06,27,27,1,1.0,4,2,3,1,s,1,3,0.578,0.453,16:0.963/0.428 24:0.296/0.456 32:0.519/0.458 48:0.704/0.460 64:0.407/0.466,low_reliability_or_unlikely,does not meet good candidate thresholds
line_marker,line_marker_family,paragraph_continuation,surface_token,saiin,R06,37,36,1,1.0,5,2,4,1,saiin,5,5,0.876,0.539,16:0.973/0.513 24:0.811/0.516 32:0.892/0.500 48:0.919/0.555 64:0.784/0.612,low_reliability_or_unlikely,does not meet good candidate thresholds
line_marker,line_marker_family,paragraph_continuation,surface_token,sain,R06,20,20,1,1.0,5,2,3,1,sain,5,5,0.9,0.546,16:1.000/0.539 24:0.900/0.550 32:0.800/0.542 48:0.950/0.551 64:0.850/0.547,low_reliability_or_unlikely,does not meet good candidate thresholds
line_marker,line_marker_family,paragraph_continuation,surface_token,shedy,R06,90,79,1,1.0,5,1,4,1,shedy,3,5,0.867,0.465,16:0.989/0.446 24:0.800/0.477 32:0.889/0.445 48:0.922/0.463 64:0.733/0.493,low_reliability_or_unlikely,does not meet good candidate thresholds
line_marker,line_marker_family,paragraph_continuation,surface_token,sheedy,R06,23,22,1,1.0,4,1,3,1,sheedy,5,5,0.913,0.469,16:1.000/0.458 24:0.826/0.481 32:0.957/0.459 48:0.870/0.471 64:0.913/0.476,low_reliability_or_unlikely,does not meet good candidate thresholds
line_marker,line_marker_family,paragraph_continuation,surface_token,sheey,R06,26,25,1,1.0,6,2,3,1,sheey,3,5,0.869,0.497,16:0.962/0.445 24:0.885/0.472 32:0.692/0.442 48:0.885/0.471 64:0.923/0.657,low_reliability_or_unlikely,does not meet good candidate thresholds
line_marker,line_marker_family,paragraph_continuation,surface_token,shey,R06,42,42,1,1.0,6,3,6,1,shey,3,5,0.919,0.525,16:1.000/0.443 24:0.976/0.494 32:0.738/0.447 48:0.881/0.474 64:1.000/0.768,low_reliability_or_unlikely,does not meet good candidate thresholds
line_marker,line_marker_family,paragraph_continuation,surface_token,sho,R06,22,21,1,1.0,3,2,2,1,sho,5,5,0.891,0.505,16:1.000/0.506 24:0.818/0.517 32:0.818/0.506 48:0.909/0.495 64:0.909/0.500,low_reliability_or_unlikely,does not meet good candidate thresholds
line_marker,line_marker_family,paragraph_continuation,surface_token,shol,R08,19,16,1,1.0,5,2,4,1,shol,0,0,0.0,0.478,16:0.000/0.479 24:0.000/0.458 32:0.000/0.503 48:0.000/0.475 64:0.000/0.476,low_reliability_or_unlikely,does not meet good candidate thresholds
line_marker,line_marker_family,paragraph_continuation,surface_token,y,R06,15,15,1,1.0,3,2,3,1,y,3,4,0.64,0.489,16:0.800/0.476 24:0.667/0.481 32:0.533/0.484 48:0.800/0.491 64:0.400/0.514,low_reliability_or_unlikely,does not meet good candidate thresholds
line_marker,line_marker_family,paragraph_continuation,conservative_morphology,ai|r|OE,R06,31,29,7,0.484,5,2,4,1,"dair, sair, qokair, air, okair, qotair, otair",0,3,0.529,0.475,16:0.581/0.458 24:0.581/0.490 32:0.452/0.475 48:0.581/0.457 64:0.452/0.494,low_reliability_or_unlikely,does not meet good candidate thresholds
line_marker,line_marker_family,paragraph_continuation,conservative_morphology,al|y|OL,R00,18,16,8,0.5,6,3,4,1,"daly, okaly, qokaly, aly, otaly, olaly, oraly, chaly",3,5,0.7,0.461,16:0.667/0.450 24:0.722/0.466 32:0.722/0.456 48:0.722/0.484 64:0.667/0.449,low_reliability_or_unlikely,does not meet good candidate thresholds
line_marker,line_marker_family,paragraph_continuation,conservative_morphology,a|iin|O,R10,353,272,15,0.541,7,3,6,1,"daiin, aiin, qokaiin, okaiin, saiin, otaiin, qotaiin, chaiin",0,0,0.061,0.478,16:0.000/0.441 24:0.000/0.462 32:0.000/0.437 48:0.000/0.444 64:0.306/0.607,low_reliability_or_unlikely,does not meet good candidate thresholds
line_marker,line_marker_family,paragraph_continuation,conservative_morphology,a|in|O,R06,214,168,13,0.35,7,3,4,1,"qokain, dain, okain, otain, sain, qotain, ain, oain",0,0,0.346,0.433,16:0.388/0.426 24:0.336/0.455 32:0.308/0.428 48:0.374/0.417 64:0.322/0.440,low_reliability_or_unlikely,does not meet good candidate thresholds
line_marker,line_marker_family,paragraph_continuation,conservative_morphology,a|l|O,R06,173,139,10,0.231,7,3,6,1,"qokal, dal, okal, al, qotal, chal, otal, sal",0,0,0.391,0.43,16:0.445/0.415 24:0.387/0.437 32:0.410/0.439 48:0.416/0.422 64:0.295/0.437,low_reliability_or_unlikely,does not meet good candidate thresholds
line_marker,line_marker_family,paragraph_continuation,conservative_morphology,a|m|O,R06,51,49,12,0.647,7,3,4,1,"dam, am, otam, qokam, olam, oram, cham, sham",0,0,0.278,0.479,16:0.412/0.463 24:0.216/0.471 32:0.196/0.470 48:0.333/0.510 64:0.235/0.481,low_reliability_or_unlikely,does not meet good candidate thresholds
line_marker,line_marker_family,paragraph_continuation,conservative_morphology,a|r|O,R06,187,147,11,0.567,7,3,6,1,"ar, dar, qokar, okar, otar, sar, qotar, char",0,3,0.504,0.442,16:0.583/0.429 24:0.471/0.452 32:0.519/0.439 48:0.529/0.445 64:0.417/0.446,low_reliability_or_unlikely,does not meet good candidate thresholds
line_marker,line_marker_family,paragraph_continuation,conservative_morphology,cho|NONE|BO,R00,18,17,6,0.722,3,2,3,1,"cho, qokcho, dcho, okcho, ycho, otcho",0,0,0.367,0.483,16:0.278/0.478 24:0.444/0.496 32:0.444/0.484 48:0.222/0.482 64:0.444/0.471,low_reliability_or_unlikely,does not meet good candidate thresholds
line_marker,line_marker_family,paragraph_continuation,conservative_morphology,ch|dy|B,H09,25,21,8,0.56,4,2,5,1,"qokchdy, otchdy, okchdy, chchdy, ochdy, olchdy, dchdy, qotchdy",0,0,0.0,0.402,16:0.000/0.390 24:0.000/0.422 32:0.000/0.379 48:0.000/0.402 64:0.000/0.417,low_reliability_or_unlikely,does not meet good candidate thresholds
line_marker,line_marker_family,paragraph_continuation,conservative_morphology,ch|edy|B,R00,35,33,9,0.571,5,1,4,1,"olchedy, qotchedy, otchedy, qokchedy, dchedy, ychedy, okchedy, ochedy",0,3,0.503,0.437,16:0.457/0.426 24:0.629/0.449 32:0.543/0.423 48:0.514/0.425 64:0.371/0.463,low_reliability_or_unlikely,does not meet good candidate thresholds
line_marker,line_marker_family,paragraph_continuation,conservative_morphology,ch|ey|B,R00,39,38,11,0.436,6,2,4,1,"qokchey, olchey, dchey, otchey, okchey, qochey, ychey, schey",0,2,0.431,0.443,16:0.385/0.432 24:0.410/0.466 32:0.513/0.439 48:0.333/0.421 64:0.513/0.455,low_reliability_or_unlikely,does not meet good candidate thresholds
line_marker,line_marker_family,paragraph_continuation,conservative_morphology,ch|ol|B,R06,17,17,6,0.471,5,3,4,1,"ychol, otchol, dchol, qotchol, ochol, okchol",1,5,0.588,0.481,16:0.588/0.486 24:0.529/0.495 32:0.588/0.466 48:0.588/0.460 64:0.647/0.500,low_reliability_or_unlikely,does not meet good candidate thresholds
line_marker,line_marker_family,paragraph_continuation,conservative_morphology,ch|or|B,R06,18,18,6,0.5,4,3,4,1,"dchor, ychor, okchor, ochor, otchor, qokchor",3,5,0.589,0.488,16:0.611/0.506 24:0.556/0.502 32:0.556/0.498 48:0.611/0.472 64:0.611/0.462,low_reliability_or_unlikely,does not meet good candidate thresholds
line_marker,line_marker_family,paragraph_continuation,conservative_morphology,ch|y|B,R00,55,53,10,0.509,6,2,5,1,"chy, qotchy, qokchy, okchy, otchy, olchy, dchy, shchy",0,5,0.604,0.43,16:0.600/0.421 24:0.709/0.436 32:0.673/0.432 48:0.527/0.429 64:0.509/0.434,low_reliability_or_unlikely,does not meet good candidate thresholds
line_marker,line_marker_family,paragraph_continuation,conservative_morphology,ckh|ey|XGX,R00,20,20,5,0.65,6,2,3,1,"qockhey, chckhey, ckhey, ockhey, shckhey",4,5,0.9,0.465,16:1.000/0.456 24:1.000/0.507 32:0.850/0.463 48:0.750/0.430 64:0.900/0.470,low_reliability_or_unlikely,does not meet good candidate thresholds
line_marker,line_marker_family,paragraph_continuation,conservative_morphology,ckh|y|XGX,R00,72,68,6,0.75,6,3,4,1,"chckhy, shckhy, ckhy, ockhy, qockhy, dckhy",5,5,0.953,0.486,16:0.958/0.462 24:0.986/0.508 32:0.972/0.500 48:0.958/0.478 64:0.889/0.481,low_reliability_or_unlikely,does not meet good candidate thresholds
line_marker,line_marker_family,paragraph_continuation,conservative_morphology,cth|y|XGX,R04,38,37,6,0.789,4,2,4,1,"chcthy, cthy, shcthy, qocthy, dcthy, qcthy",0,0,0.0,0.374,16:0.000/0.327 24:0.000/0.324 32:0.000/0.460 48:0.000/0.346 64:0.000/0.413,low_reliability_or_unlikely,does not meet good candidate thresholds
line_marker,line_marker_family,paragraph_continuation,conservative_morphology,d|aiin|D,R10,17,16,5,0.588,4,2,3,1,"odaiin, ydaiin, oldaiin, qodaiin, chdaiin",0,0,0.0,0.469,16:0.000/0.467 24:0.000/0.478 32:0.000/0.458 48:0.000/0.461 64:0.000/0.480,low_reliability_or_unlikely,does not meet good candidate thresholds
line_marker,line_marker_family,paragraph_continuation,conservative_morphology,d|y|D,R02,78,72,9,0.692,7,3,6,1,"dy, chdy, shdy, ody, oldy, qody, ddy, ydy",0,0,0.0,0.471,16:0.000/0.456 24:0.000/0.464 32:0.000/0.462 48:0.000/0.470 64:0.000/0.501,low_reliability_or_unlikely,does not meet good candidate thresholds
line_marker,line_marker_family,paragraph_continuation,conservative_morphology,ek|y|EG,R06,19,19,2,1.0,4,2,5,1,"cheky, sheky",0,0,0.021,0.486,16:0.000/0.466 24:0.053/0.528 32:0.000/0.491 48:0.000/0.472 64:0.053/0.476,low_reliability_or_unlikely,does not meet good candidate thresholds
line_marker,line_marker_family,paragraph_continuation,conservative_morphology,eo|dy|EO,R00,37,31,5,0.486,5,3,6,1,"cheody, qokeody, sheody, oteody, okeody",0,0,0.405,0.412,16:0.351/0.389 24:0.486/0.457 32:0.378/0.392 48:0.324/0.391 64:0.486/0.433,low_reliability_or_unlikely,does not meet good candidate thresholds
line_marker,line_marker_family,paragraph_continuation,conservative_morphology,e|ar|E,R00,22,21,5,0.682,7,3,4,1,"chear, shear, qokear, okear, oear",1,2,0.391,0.436,16:0.136/0.425 24:0.636/0.468 32:0.545/0.422 48:0.364/0.429 64:0.273/0.436,low_reliability_or_unlikely,does not meet good candidate thresholds
line_marker,line_marker_family,paragraph_continuation,conservative_morphology,e|dy|E,R06,344,217,8,0.265,5,1,5,1,"shedy, chedy, qokedy, okedy, otedy, qotedy, dedy, qoedy",0,0,0.427,0.407,16:0.520/0.387 24:0.398/0.441 32:0.436/0.380 48:0.456/0.395 64:0.326/0.431,low_reliability_or_unlikely,does not meet good candidate thresholds
line_marker,line_marker_family,paragraph_continuation,conservative_morphology,e|edy|E,H01,197,147,9,0.553,6,2,5,1,"qokeedy, okeedy, qoteedy, sheedy, oteedy, cheedy, qoeedy, oeedy",0,0,0.061,0.377,16:0.000/0.363 24:0.000/0.417 32:0.213/0.347 48:0.000/0.367 64:0.091/0.390,low_reliability_or_unlikely,does not meet good candidate thresholds
line_marker,line_marker_family,paragraph_continuation,conservative_morphology,e|eey|E,R00,15,15,8,0.6,5,2,3,1,"qokeeey, qeeey, okeeey, qoteeey, eeey, oteeey, oeeey, oreeey",0,4,0.533,0.424,16:0.533/0.416 24:0.533/0.436 32:0.600/0.408 48:0.533/0.423 64:0.467/0.437,low_reliability_or_unlikely,does not meet good candidate thresholds
line_marker,line_marker_family,paragraph_continuation,conservative_morphology,e|ey|E,R06,175,140,9,0.451,7,3,6,1,"qokeey, okeey, sheey, cheey, oteey, qoeey, qoteey, deey",0,0,0.282,0.427,16:0.320/0.406 24:0.274/0.442 32:0.211/0.413 48:0.303/0.401 64:0.303/0.472,low_reliability_or_unlikely,does not meet good candidate thresholds
line_marker,line_marker_family,paragraph_continuation,conservative_morphology,e|ol|E,R00,59,54,9,0.424,5,2,5,1,"cheol, sheol, qokeol, okeol, qoteol, oteol, qeol, deol",0,0,0.359,0.435,16:0.288/0.429 24:0.356/0.458 32:0.441/0.435 48:0.339/0.431 64:0.373/0.421,low_reliability_or_unlikely,does not meet good candidate thresholds
line_marker,line_marker_family,paragraph_continuation,conservative_morphology,e|or|E,R00,26,26,5,0.654,5,3,4,1,"cheor, sheor, okeor, oteor, qokeor",0,1,0.385,0.467,16:0.308/0.448 24:0.538/0.492 32:0.423/0.454 48:0.231/0.460 64:0.423/0.480,low_reliability_or_unlikely,does not meet good candidate thresholds
line_marker,line_marker_family,paragraph_continuation,conservative_morphology,e|y|E,R06,145,129,7,0.648,6,3,6,1,"chey, shey, qokey, okey, otey, qotey, qey",1,4,0.572,0.479,16:0.641/0.425 24:0.593/0.465 32:0.428/0.429 48:0.572/0.437 64:0.628/0.637,low_reliability_or_unlikely,does not meet good candidate thresholds
line_marker,line_marker_family,paragraph_continuation,conservative_morphology,k|aiin|G,R06,27,26,6,0.704,5,2,3,1,"ykaiin, kaiin, olkaiin, chkaiin, skaiin, shkaiin",0,0,0.022,0.455,16:0.000/0.448 24:0.000/0.484 32:0.037/0.448 48:0.000/0.448 64:0.074/0.444,low_reliability_or_unlikely,does not meet good candidate thresholds
line_marker,line_marker_family,paragraph_continuation,conservative_morphology,k|ar|G,R06,21,20,4,0.762,4,2,4,1,"kar, ykar, olkar, dkar",0,0,0.01,0.457,16:0.000/0.434 24:0.000/0.498 32:0.000/0.445 48:0.048/0.442 64:0.000/0.465,low_reliability_or_unlikely,does not meet good candidate thresholds
line_marker,line_marker_family,paragraph_continuation,conservative_morphology,k|edy|G,R00,20,18,4,0.7,4,1,3,1,"olkedy, ykedy, kedy, chkedy",0,3,0.78,0.41,16:0.700/0.407 24:0.950/0.438 32:0.750/0.396 48:0.800/0.392 64:0.700/0.416,low_reliability_or_unlikely,does not meet good candidate thresholds
line_marker,line_marker_family,paragraph_continuation,conservative_morphology,k|eedy|G,R00,21,21,4,0.667,3,1,3,1,"olkeedy, keedy, ykeedy, chkeedy",0,4,0.848,0.409,16:0.667/0.376 24:0.905/0.427 32:0.905/0.407 48:1.000/0.415 64:0.762/0.420,low_reliability_or_unlikely,does not meet good candidate thresholds
line_marker,line_marker_family,paragraph_continuation,conservative_morphology,k|eey|G,R00,19,19,5,0.579,4,2,3,1,"olkeey, ykeey, keey, chkeey, skeey",1,5,0.863,0.436,16:1.000/0.439 24:0.947/0.468 32:0.737/0.432 48:0.895/0.441 64:0.737/0.400,low_reliability_or_unlikely,does not meet good candidate thresholds
line_marker,line_marker_family,paragraph_continuation,conservative_morphology,k|y|G,H01,75,70,7,0.56,5,2,4,1,"qoky, oky, chky, olky, yky, shky, orky",0,0,0.0,0.469,16:0.000/0.439 24:0.000/0.517 32:0.000/0.460 48:0.000/0.466 64:0.000/0.465,low_reliability_or_unlikely,does not meet good candidate thresholds
line_marker,line_marker_family,paragraph_continuation,conservative_morphology,lch|edy|LB,R00,30,30,2,1.0,3,2,3,1,"lchedy, qolchedy",0,1,0.327,0.467,16:0.133/0.459 24:0.500/0.471 32:0.300/0.471 48:0.267/0.466 64:0.433/0.470,low_reliability_or_unlikely,does not meet good candidate thresholds
line_marker,line_marker_family,paragraph_continuation,conservative_morphology,lk|eedy|LG,R00,16,16,2,0.688,4,1,2,1,"lkeedy, qolkeedy",1,4,0.85,0.437,16:0.875/0.434 24:0.938/0.475 32:0.812/0.445 48:0.875/0.445 64:0.750/0.385,low_reliability_or_unlikely,does not meet good candidate thresholds
line_marker,line_marker_family,paragraph_continuation,conservative_morphology,l|y|L,R06,18,18,3,0.778,4,2,4,1,"oly, ly, qoly",1,2,0.5,0.481,16:0.667/0.446 24:0.389/0.474 32:0.389/0.486 48:0.444/0.507 64:0.611/0.492,low_reliability_or_unlikely,does not meet good candidate thresholds
line_marker,line_marker_family,paragraph_continuation,conservative_morphology,od|aiin|OD,R00,16,15,6,0.562,2,2,2,1,"chodaiin, sodaiin, shodaiin, dodaiin, qotodaiin, yodaiin",0,1,0.287,0.494,16:0.250/0.502 24:0.500/0.503 32:0.312/0.485 48:0.125/0.506 64:0.250/0.473,low_reliability_or_unlikely,does not meet good candidate thresholds
line_marker,line_marker_family,paragraph_continuation,conservative_morphology,o|dy|O,R00,29,29,5,0.793,6,2,4,1,"chody, shody, qokody, qotody, otody",0,1,0.421,0.44,16:0.310/0.442 24:0.586/0.443 32:0.414/0.429 48:0.483/0.440 64:0.310/0.447,low_reliability_or_unlikely,does not meet good candidate thresholds
line_marker,line_marker_family,paragraph_continuation,conservative_morphology,o|l|O,R07,293,218,13,0.372,7,3,6,1,"chol, ol, qol, dol, shol, qokol, okol, sol",0,0,0.0,0.451,16:0.000/0.444 24:0.000/0.440 32:0.000/0.466 48:0.000/0.454 64:0.000/0.453,low_reliability_or_unlikely,does not meet good candidate thresholds
line_marker,line_marker_family,paragraph_continuation,conservative_morphology,o|r|O,R06,146,126,13,0.5,7,3,6,1,"or, chor, dor, sor, shor, otor, qor, qokor",4,5,0.71,0.471,16:0.815/0.461 24:0.596/0.469 32:0.726/0.477 48:0.740/0.485 64:0.671/0.465,low_reliability_or_unlikely,does not meet good candidate thresholds
line_marker,line_marker_family,paragraph_continuation,conservative_morphology,pch|edy|GB,R00,18,17,4,0.5,4,1,3,1,"pchedy, opchedy, ypchedy, qopchedy",1,2,0.767,0.407,16:0.778/0.340 24:1.000/0.365 32:0.833/0.416 48:0.444/0.438 64:0.778/0.474,low_reliability_or_unlikely,does not meet good candidate thresholds
line_marker,line_marker_family,paragraph_continuation,conservative_morphology,sh|edy|B,R06,23,21,7,0.478,5,1,3,1,"dshedy, olshedy, yshedy, sshedy, qotshedy, okshedy, qokshedy",5,5,0.696,0.533,16:0.783/0.515 24:0.696/0.535 32:0.609/0.535 48:0.739/0.533 64:0.652/0.549,low_reliability_or_unlikely,does not meet good candidate thresholds
line_marker,line_marker_family,paragraph_continuation,conservative_morphology,sh|ey|B,R00,19,19,9,0.474,4,2,3,1,"dshey, olshey, yshey, sshey, oshey, otshey, okshey, qokshey",0,0,0.358,0.508,16:0.316/0.477 24:0.316/0.534 32:0.474/0.491 48:0.316/0.504 64:0.368/0.535,low_reliability_or_unlikely,does not meet good candidate thresholds
line_marker,line_marker_family,paragraph_continuation,conservative_morphology,t|y|G,H01,32,29,6,0.469,5,2,4,1,"qoty, oty, yty, shty, ty, chty",0,0,0.0,0.393,16:0.000/0.373 24:0.000/0.355 32:0.000/0.447 48:0.000/0.385 64:0.000/0.408,low_reliability_or_unlikely,does not meet good candidate thresholds
line_marker,line_marker_family,label_or_marginal,broad_shape,OL|y,R00,22,22,13,0.773,5,3,3,1,"otaly, okary, otory, ary, dary, okoaly, okoly, doly",5,5,1.0,0.71,16:1.000/0.709 24:1.000/0.704 32:1.000/0.711 48:1.000/0.715 64:1.000/0.708,low_reliability_or_unlikely,does not meet good candidate thresholds
line_marker,line_marker_family,label_or_marginal,broad_shape,O|r,R00,17,17,10,0.588,6,3,4,1,"okor, otor, dar, oror, chor, orar, char, olor",5,5,0.753,0.656,16:0.765/0.648 24:0.765/0.648 32:0.765/0.648 48:0.706/0.679 64:0.765/0.654,low_reliability_or_unlikely,does not meet good candidate thresholds
line_marker,line_marker_family,paragraph_continuation,broad_shape,BO|NONE,R00,23,22,10,0.652,3,2,3,1,"cho, dcho, qokcho, dsho, okcho, otcho, osho, ycho",0,0,0.33,0.488,16:0.261/0.480 24:0.435/0.502 32:0.391/0.491 48:0.174/0.486 64:0.391/0.480,low_reliability_or_unlikely,does not meet good candidate thresholds
line_marker,line_marker_family,paragraph_continuation,broad_shape,B|dy,H09,32,28,12,0.438,4,2,5,1,"qokchdy, otchdy, qokshdy, dshdy, olshdy, okchdy, chchdy, ochdy",0,0,0.0,0.413,16:0.000/0.399 24:0.000/0.432 32:0.000/0.394 48:0.000/0.407 64:0.000/0.432,low_reliability_or_unlikely,does not meet good candidate thresholds
line_marker,line_marker_family,paragraph_continuation,broad_shape,B|edy,R00,58,54,16,0.517,5,1,4,1,"dshedy, olchedy, qotchedy, olshedy, otchedy, qokchedy, yshedy, dchedy",0,1,0.424,0.475,16:0.362/0.461 24:0.500/0.483 32:0.483/0.468 48:0.414/0.468 64:0.362/0.497,low_reliability_or_unlikely,does not meet good candidate thresholds
line_marker,line_marker_family,paragraph_continuation,broad_shape,B|eey,R06,19,19,11,0.579,3,2,3,1,"ycheey, olcheey, dsheey, dcheey, okcheey, ocheey, otcheey, olsheey",5,5,0.8,0.532,16:0.895/0.543 24:0.684/0.544 32:0.842/0.537 48:0.842/0.516 64:0.737/0.520,low_reliability_or_unlikely,does not meet good candidate thresholds
line_marker,line_marker_family,paragraph_continuation,broad_shape,B|ey,R00,58,56,20,0.448,6,2,4,1,"qokchey, olchey, dchey, okchey, otchey, ychey, olshey, dshey",0,1,0.407,0.464,16:0.362/0.446 24:0.379/0.488 32:0.500/0.456 48:0.328/0.448 64:0.466/0.482,low_reliability_or_unlikely,does not meet good candidate thresholds
line_marker,line_marker_family,paragraph_continuation,broad_shape,B|ol,R06,19,19,8,0.421,5,3,4,1,"ychol, otchol, dchol, qotchol, ochol, okchol, qokshol, oshol",1,5,0.579,0.487,16:0.579/0.494 24:0.526/0.501 32:0.579/0.473 48:0.579/0.465 64:0.632/0.501,low_reliability_or_unlikely,does not meet good candidate thresholds
line_marker,line_marker_family,paragraph_continuation,broad_shape,B|or,R06,24,24,10,0.542,6,3,4,1,"dchor, ychor, okchor, dshor, otchor, ochor, qokchor, yshor",3,5,0.608,0.496,16:0.625/0.509 24:0.583/0.508 32:0.583/0.500 48:0.625/0.487 64:0.625/0.478,low_reliability_or_unlikely,does not meet good candidate thresholds
line_marker,line_marker_family,paragraph_continuation,broad_shape,B|y,R00,62,58,15,0.516,6,2,5,1,"chy, qotchy, qokchy, okchy, otchy, olchy, okshy, dshy",0,5,0.597,0.438,16:0.597/0.424 24:0.694/0.445 32:0.661/0.440 48:0.532/0.444 64:0.500/0.438,low_reliability_or_unlikely,does not meet good candidate thresholds
line_marker,line_marker_family,paragraph_continuation,broad_shape,D|aiin,R10,17,16,5,0.588,4,2,3,1,"odaiin, ydaiin, oldaiin, qodaiin, chdaiin",0,0,0.0,0.469,16:0.000/0.467 24:0.000/0.478 32:0.000/0.458 48:0.000/0.461 64:0.000/0.480,low_reliability_or_unlikely,does not meet good candidate thresholds
line_marker,line_marker_family,paragraph_continuation,broad_shape,D|y,R02,78,72,9,0.692,7,3,6,1,"dy, chdy, shdy, ody, oldy, qody, ddy, ydy",0,0,0.0,0.471,16:0.000/0.456 24:0.000/0.464 32:0.000/0.462 48:0.000/0.470 64:0.000/0.501,low_reliability_or_unlikely,does not meet good candidate thresholds
line_marker,line_marker_family,paragraph_continuation,broad_shape,ED|NONE,H08,20,19,9,0.35,4,2,5,1,"qokeed, shed, oteed, ched, qoted, sheed, qoked, okeed",0,0,0.21,0.397,16:0.200/0.380 24:0.100/0.412 32:0.300/0.374 48:0.150/0.387 64:0.300/0.432,low_reliability_or_unlikely,does not meet good candidate thresholds
line_marker,line_marker_family,paragraph_continuation,broad_shape,EG|y,R06,35,34,11,0.771,4,2,5,1,"cheky, sheky, sheeky, sheety, chety, cheeky, sheefy, ety",0,0,0.011,0.455,16:0.000/0.433 24:0.029/0.461 32:0.000/0.469 48:0.000/0.457 64:0.029/0.455,low_reliability_or_unlikely,does not meet good candidate thresholds
line_marker,line_marker_family,paragraph_continuation,broad_shape,EO|NONE,R00,22,21,9,0.5,5,2,4,1,"sheo, cheo, cheeo, qokeeo, qokeo, okeo, sheeo, okeeo",2,3,0.473,0.455,16:0.318/0.457 24:0.500/0.459 32:0.636/0.455 48:0.273/0.438 64:0.636/0.468,low_reliability_or_unlikely,does not meet good candidate thresholds
line_marker,line_marker_family,paragraph_continuation,broad_shape,EO|dy,R00,42,32,8,0.452,6,3,6,1,"cheody, qokeody, sheody, oteody, okeody, qokeeody, okeady, qoteeody",0,2,0.448,0.409,16:0.381/0.385 24:0.524/0.451 32:0.429/0.391 48:0.405/0.392 64:0.500/0.425,low_reliability_or_unlikely,does not meet good candidate thresholds
line_marker,line_marker_family,paragraph_continuation,broad_shape,EX|NONE,R00,27,27,16,0.778,6,3,5,1,"chees, ches, oeees, okees, qokees, eees, sheees, okeees",1,1,0.474,0.457,16:0.333/0.461 24:0.630/0.474 32:0.481/0.437 48:0.444/0.460 64:0.481/0.450,low_reliability_or_unlikely,does not meet good candidate thresholds
line_marker,line_marker_family,paragraph_continuation,broad_shape,E|al,R00,16,16,5,0.625,3,2,3,1,"cheal, sheal, okeal, cheeal, qokeeal",0,0,0.312,0.446,16:0.125/0.438 24:0.312/0.472 32:0.438/0.428 48:0.312/0.437 64:0.375/0.454,low_reliability_or_unlikely,does not meet good candidate thresholds
line_marker,line_marker_family,paragraph_continuation,broad_shape,E|ar,R00,27,25,9,0.667,7,3,4,1,"chear, shear, qokear, okear, qokeear, cheear, qeear, oeear",0,2,0.393,0.434,16:0.148/0.423 24:0.593/0.460 32:0.556/0.424 48:0.370/0.421 64:0.296/0.442,low_reliability_or_unlikely,does not meet good candidate thresholds
line_marker,line_marker_family,paragraph_continuation,broad_shape,E|dy,R06,344,217,8,0.265,5,1,5,1,"shedy, chedy, qokedy, okedy, otedy, qotedy, dedy, qoedy",0,0,0.427,0.407,16:0.520/0.387 24:0.398/0.441 32:0.436/0.380 48:0.456/0.395 64:0.326/0.431,low_reliability_or_unlikely,does not meet good candidate thresholds
line_marker,line_marker_family,paragraph_continuation,broad_shape,E|edy,H01,197,147,9,0.553,6,2,5,1,"qokeedy, okeedy, qoteedy, sheedy, oteedy, cheedy, qoeedy, oeedy",0,0,0.061,0.377,16:0.000/0.363 24:0.000/0.417 32:0.213/0.347 48:0.000/0.367 64:0.091/0.390,low_reliability_or_unlikely,does not meet good candidate thresholds
line_marker,line_marker_family,paragraph_continuation,broad_shape,E|eey,R00,15,15,8,0.6,5,2,3,1,"qokeeey, qeeey, okeeey, qoteeey, eeey, oteeey, oeeey, oreeey",0,4,0.533,0.424,16:0.533/0.416 24:0.533/0.436 32:0.600/0.408 48:0.533/0.423 64:0.467/0.437,low_reliability_or_unlikely,does not meet good candidate thresholds
line_marker,line_marker_family,paragraph_continuation,broad_shape,E|ey,R06,175,140,9,0.451,7,3,6,1,"qokeey, okeey, sheey, cheey, oteey, qoeey, qoteey, deey",0,0,0.282,0.427,16:0.320/0.406 24:0.274/0.442 32:0.211/0.413 48:0.303/0.401 64:0.303/0.472,low_reliability_or_unlikely,does not meet good candidate thresholds
line_marker,line_marker_family,paragraph_continuation,broad_shape,E|ol,R00,68,61,14,0.426,5,2,5,1,"cheol, sheol, qokeol, okeol, sheeol, qoteol, oteol, okeeol",0,0,0.353,0.438,16:0.294/0.430 24:0.353/0.461 32:0.426/0.436 48:0.338/0.432 64:0.353/0.431,low_reliability_or_unlikely,does not meet good candidate thresholds
line_marker,line_marker_family,paragraph_continuation,broad_shape,E|or,R00,35,34,11,0.629,6,3,4,1,"cheor, sheor, okeor, cheeor, qoeeor, eeor, qokeeor, sheeor",0,1,0.394,0.458,16:0.286/0.446 24:0.571/0.484 32:0.429/0.446 48:0.257/0.453 64:0.429/0.462,low_reliability_or_unlikely,does not meet good candidate thresholds
line_marker,line_marker_family,paragraph_continuation,broad_shape,E|y,R06,145,129,7,0.648,6,3,6,1,"chey, shey, qokey, okey, otey, qotey, qey",1,4,0.572,0.479,16:0.641/0.425 24:0.593/0.465 32:0.428/0.429 48:0.572/0.437 64:0.628/0.637,low_reliability_or_unlikely,does not meet good candidate thresholds
line_marker,line_marker_family,paragraph_continuation,broad_shape,GB|edy,R00,37,35,18,0.486,5,1,4,1,"pchedy, opchedy, tchedy, ykchedy, kchedy, fchedy, tshedy, olkchedy",0,2,0.751,0.395,16:0.784/0.349 24:0.946/0.373 32:0.865/0.398 48:0.514/0.413 64:0.649/0.440,low_reliability_or_unlikely,does not meet good candidate thresholds
line_marker,line_marker_family,paragraph_continuation,broad_shape,GB|ey,R06,21,21,10,0.667,5,2,4,1,"opchey, kchey, ykchey, tchey, ytchey, tshey, fchey, olkshey",0,0,0.067,0.448,16:0.000/0.436 24:0.000/0.432 32:0.000/0.433 48:0.190/0.465 64:0.143/0.474,low_reliability_or_unlikely,does not meet good candidate thresholds
line_marker,line_marker_family,paragraph_continuation,broad_shape,GB|ol,R06,16,16,9,0.688,5,2,3,1,"ykchol, ytchol, tchol, kchol, tshol, pchol, fchol, ofchol",0,0,0.05,0.413,16:0.000/0.384 24:0.000/0.414 32:0.000/0.406 48:0.125/0.438 64:0.125/0.422,low_reliability_or_unlikely,does not meet good candidate thresholds
line_marker,line_marker_family,paragraph_continuation,broad_shape,GB|or,R06,16,15,9,0.812,2,2,3,1,"tchor, kchor, ytchor, fchor, chtchor, fshor, yfchor, olfchor",0,0,0.075,0.426,16:0.000/0.379 24:0.062/0.414 32:0.000/0.420 48:0.125/0.461 64:0.188/0.455,low_reliability_or_unlikely,does not meet good candidate thresholds
line_marker,line_marker_family,paragraph_continuation,broad_shape,GB|y,R06,27,20,13,0.852,3,2,2,1,"kchy, ytchy, tchy, ykchy, ykshy, chkchy, shkchy, ytshy",0,0,0.03,0.439,16:0.000/0.409 24:0.000/0.448 32:0.000/0.440 48:0.074/0.451 64:0.074/0.446,low_reliability_or_unlikely,does not meet good candidate thresholds
line_marker,line_marker_family,paragraph_continuation,broad_shape,GE|ol,R06,15,15,7,0.867,6,3,5,1,"keol, teol, olkeol, yteol, keeol, ykeol, teeol",0,0,0.0,0.384,16:0.000/0.399 24:0.000/0.391 32:0.000/0.359 48:0.000/0.352 64:0.000/0.418,low_reliability_or_unlikely,does not meet good candidate thresholds
line_marker,line_marker_family,paragraph_continuation,broad_shape,G|aiin,R06,40,39,10,0.75,5,2,3,1,"ykaiin, taiin, kaiin, olkaiin, ytaiin, chkaiin, opaiin, skaiin",0,0,0.05,0.432,16:0.000/0.425 24:0.000/0.448 32:0.025/0.420 48:0.075/0.425 64:0.150/0.443,low_reliability_or_unlikely,does not meet good candidate thresholds
line_marker,line_marker_family,paragraph_continuation,broad_shape,G|ain,R06,22,21,10,0.636,4,2,4,1,"kain, ytain, olkain, tain, qkain, ykain, chkain, chtain",0,0,0.055,0.43,16:0.000/0.405 24:0.000/0.432 32:0.000/0.438 48:0.091/0.438 64:0.182/0.435,low_reliability_or_unlikely,does not meet good candidate thresholds
line_marker,line_marker_family,paragraph_continuation,broad_shape,G|ar,R06,32,29,10,0.688,6,3,5,1,"kar, ykar, olkar, opar, tar, ytar, far, dkar",0,0,0.044,0.438,16:0.000/0.414 24:0.000/0.448 32:0.031/0.428 48:0.094/0.442 64:0.094/0.459,low_reliability_or_unlikely,does not meet good candidate thresholds
line_marker,line_marker_family,paragraph_continuation,broad_shape,G|edy,R00,33,29,7,0.545,4,1,4,1,"tedy, olkedy, ykedy, kedy, ytedy, oltedy, chkedy",0,0,0.806,0.375,16:0.788/0.379 24:0.970/0.397 32:0.788/0.356 48:0.788/0.350 64:0.697/0.394,low_reliability_or_unlikely,does not meet good candidate thresholds
line_marker,line_marker_family,paragraph_continuation,broad_shape,G|eedy,R00,29,28,7,0.69,3,1,3,1,"olkeedy, keedy, yteedy, ykeedy, teedy, olteedy, chkeedy",0,3,0.834,0.399,16:0.759/0.378 24:0.931/0.407 32:0.897/0.382 48:0.931/0.404 64:0.655/0.423,low_reliability_or_unlikely,does not meet good candidate thresholds
line_marker,line_marker_family,paragraph_continuation,broad_shape,G|eey,R06,28,27,8,0.571,5,2,3,1,"olkeey, yteey, ykeey, keey, teey, chkeey, skeey, olteey",0,0,0.036,0.417,16:0.000/0.420 24:0.000/0.432 32:0.000/0.403 48:0.071/0.409 64:0.107/0.420,low_reliability_or_unlikely,does not meet good candidate thresholds
line_marker,line_marker_family,paragraph_continuation,broad_shape,G|ol,R06,16,16,8,0.875,4,2,2,1,"kol, tol, ykol, chtol, chkol, shtol, pol, ytol",0,0,0.062,0.413,16:0.000/0.379 24:0.000/0.437 32:0.000/0.412 48:0.188/0.402 64:0.125/0.436,low_reliability_or_unlikely,does not meet good candidate thresholds
line_marker,line_marker_family,paragraph_continuation,broad_shape,G|y,H01,108,97,14,0.528,6,2,5,1,"qoky, oky, qoty, oty, chky, yty, olky, yky",0,0,0.0,0.446,16:0.000/0.420 24:0.000/0.467 32:0.000/0.456 48:0.000/0.442 64:0.000/0.446,low_reliability_or_unlikely,does not meet good candidate thresholds
line_marker,line_marker_family,paragraph_continuation,broad_shape,LB|edy,R00,43,42,6,1.0,4,2,3,1,"lchedy, lshedy, qolchedy, rchedy, qorchedy, rshedy",0,0,0.302,0.472,16:0.140/0.464 24:0.488/0.477 32:0.279/0.468 48:0.233/0.470 64:0.372/0.478,low_reliability_or_unlikely,does not meet good candidate thresholds
line_marker,line_marker_family,paragraph_continuation,broad_shape,LB|ey,R00,24,23,5,0.833,3,1,3,1,"lshey, lchey, qolchey, rchey, llchey",0,0,0.25,0.465,16:0.083/0.465 24:0.333/0.477 32:0.292/0.465 48:0.167/0.446 64:0.375/0.474,low_reliability_or_unlikely,does not meet good candidate thresholds
line_marker,line_marker_family,paragraph_continuation,broad_shape,LG|eedy,R00,19,19,4,0.684,4,1,2,1,"lkeedy, qolkeedy, lteedy, qolteedy",0,4,0.863,0.413,16:0.895/0.413 24:0.947/0.449 32:0.789/0.412 48:0.895/0.408 64:0.789/0.382,low_reliability_or_unlikely,does not meet good candidate thresholds
line_marker,line_marker_family,paragraph_continuation,broad_shape,L|NONE,R06,16,16,2,0.625,3,2,3,1,"l, r",0,3,0.613,0.454,16:1.000/0.450 24:0.438/0.458 32:0.500/0.436 48:0.812/0.436 64:0.312/0.491,low_reliability_or_unlikely,does not meet good candidate thresholds
line_marker,line_marker_family,paragraph_continuation,broad_shape,L|aiin,R00,16,16,5,0.875,4,2,4,1,"raiin, dlaiin, rlaiin, laiin, qolaiin",0,0,0.25,0.455,16:0.062/0.456 24:0.375/0.472 32:0.312/0.460 48:0.125/0.437 64:0.375/0.450,low_reliability_or_unlikely,does not meet good candidate thresholds
line_marker,line_marker_family,paragraph_continuation,broad_shape,L|y,R06,24,24,5,0.583,5,2,4,1,"oly, ory, ly, qoly, ry",0,2,0.442,0.482,16:0.583/0.456 24:0.375/0.465 32:0.333/0.485 48:0.417/0.506 64:0.500/0.499,low_reliability_or_unlikely,does not meet good candidate thresholds
line_marker,line_marker_family,paragraph_continuation,broad_shape,OD|aiin,R00,16,15,6,0.562,2,2,2,1,"chodaiin, sodaiin, shodaiin, dodaiin, qotodaiin, yodaiin",0,1,0.287,0.494,16:0.250/0.502 24:0.500/0.503 32:0.312/0.485 48:0.125/0.506 64:0.250/0.473,low_reliability_or_unlikely,does not meet good candidate thresholds
line_marker,line_marker_family,paragraph_continuation,broad_shape,OE|r,R06,31,29,7,0.484,5,2,4,1,"dair, sair, qokair, air, okair, qotair, otair",0,3,0.529,0.475,16:0.581/0.458 24:0.581/0.490 32:0.452/0.475 48:0.581/0.457 64:0.452/0.494,low_reliability_or_unlikely,does not meet good candidate thresholds
line_marker,line_marker_family,paragraph_continuation,broad_shape,OG|y,R00,21,19,6,0.905,4,2,3,1,"choky, choty, aky, shoky, oloky, yoky",3,5,0.933,0.452,16:1.000/0.432 24:0.952/0.469 32:1.000/0.461 48:0.905/0.422 64:0.810/0.473,low_reliability_or_unlikely,does not meet good candidate thresholds
line_marker,line_marker_family,paragraph_continuation,broad_shape,OL|dy,R00,19,19,9,0.316,5,2,4,1,"okaldy, qokaldy, daldy, choldy, qokoldy, saldy, chordy, okoldy",2,5,0.653,0.435,16:0.632/0.428 24:0.737/0.472 32:0.579/0.404 48:0.579/0.416 64:0.737/0.455,low_reliability_or_unlikely,does not meet good candidate thresholds
line_marker,line_marker_family,paragraph_continuation,broad_shape,OL|y,R00,36,33,16,0.528,6,3,5,1,"dary, daly, okaly, okary, qokaly, choly, aly, chory",5,5,0.744,0.477,16:0.722/0.472 24:0.778/0.470 32:0.806/0.473 48:0.694/0.494 64:0.722/0.478,low_reliability_or_unlikely,does not meet good candidate thresholds
line_marker,line_marker_family,paragraph_continuation,broad_shape,OXGX|y,R00,17,17,8,0.941,5,3,4,1,"chocthy, chockhy, olockhy, shockhy, dackhy, shocthy, otacphy, chocfhy",0,4,0.929,0.412,16:0.941/0.395 24:1.000/0.419 32:0.941/0.433 48:0.882/0.406 64:0.882/0.408,low_reliability_or_unlikely,does not meet good candidate thresholds
line_marker,line_marker_family,paragraph_continuation,broad_shape,O|dy,R00,31,31,7,0.774,6,2,4,1,"chody, shody, qokody, otody, qotody, dady, qokady",0,1,0.452,0.445,16:0.355/0.447 24:0.613/0.447 32:0.452/0.433 48:0.484/0.444 64:0.355/0.453,low_reliability_or_unlikely,does not meet good candidate thresholds
line_marker,line_marker_family,paragraph_continuation,broad_shape,O|iin,R10,363,280,19,0.526,7,3,6,1,"daiin, aiin, qokaiin, okaiin, saiin, otaiin, qotaiin, chaiin",0,0,0.061,0.481,16:0.000/0.444 24:0.000/0.464 32:0.000/0.439 48:0.000/0.448 64:0.303/0.609,low_reliability_or_unlikely,does not meet good candidate thresholds
line_marker,line_marker_family,paragraph_continuation,broad_shape,O|in,R06,215,168,14,0.349,7,3,4,1,"qokain, dain, okain, otain, sain, qotain, ain, shain",0,0,0.344,0.433,16:0.386/0.425 24:0.335/0.455 32:0.307/0.428 48:0.372/0.417 64:0.321/0.440,low_reliability_or_unlikely,does not meet good candidate thresholds
line_marker,line_marker_family,paragraph_continuation,broad_shape,O|l,R06,466,319,23,0.311,7,3,6,1,"chol, ol, qokal, dal, okal, al, qol, qokol",1,5,0.607,0.443,16:0.670/0.433 24:0.597/0.439 32:0.637/0.456 48:0.620/0.442 64:0.513/0.447,low_reliability_or_unlikely,does not meet good candidate thresholds
line_marker,line_marker_family,paragraph_continuation,broad_shape,O|m,R06,61,58,19,0.623,7,3,4,1,"dam, am, otam, qokam, om, olam, oram, chom",0,0,0.266,0.479,16:0.443/0.458 24:0.197/0.471 32:0.180/0.473 48:0.295/0.512 64:0.213/0.481,low_reliability_or_unlikely,does not meet good candidate thresholds
line_marker,line_marker_family,paragraph_continuation,broad_shape,O|r,R06,333,240,24,0.538,7,3,6,1,"ar, or, chor, dar, qokar, okar, otar, sar",2,5,0.594,0.455,16:0.685/0.443 24:0.526/0.459 32:0.610/0.455 48:0.622/0.462 64:0.529/0.454,low_reliability_or_unlikely,does not meet good candidate thresholds
line_marker,line_marker_family,paragraph_continuation,broad_shape,XGX|ey,R00,36,35,10,0.444,6,3,4,1,"cthey, qockhey, chckhey, ckhey, ockhey, cphey, qocthey, chcfhey",0,5,0.9,0.422,16:0.944/0.409 24:0.972/0.441 32:0.861/0.416 48:0.833/0.404 64:0.889/0.441,low_reliability_or_unlikely,does not meet good candidate thresholds
line_marker,line_marker_family,paragraph_continuation,broad_shape,XGX|ol,R07,29,28,7,0.621,6,3,5,1,"cthol, cphol, ckhol, chckhol, cfhol, qockhol, chcfhol",0,0,0.0,0.386,16:0.000/0.343 24:0.000/0.353 32:0.000/0.384 48:0.000/0.400 64:0.000/0.450,low_reliability_or_unlikely,does not meet good candidate thresholds
line_marker,line_marker_family,paragraph_continuation,broad_shape,XGX|or,R04,16,16,4,0.688,2,2,2,1,"cthor, ckhor, chckhor, chcthor",0,0,0.0,0.414,16:0.000/0.383 24:0.000/0.392 32:0.000/0.400 48:0.000/0.456 64:0.000/0.440,low_reliability_or_unlikely,does not meet good candidate thresholds
line_marker,line_marker_family,paragraph_continuation,broad_shape,XGX|y,R00,115,104,15,0.522,6,3,5,1,"chckhy, chcthy, shckhy, cthy, ckhy, shcthy, ockhy, qockhy",2,5,0.96,0.447,16:0.974/0.415 24:0.991/0.446 32:0.965/0.486 48:0.965/0.435 64:0.904/0.456,low_reliability_or_unlikely,does not meet good candidate thresholds
line_marker,line_marker_family,paragraph_continuation,broad_shape,XO|NONE,R06,23,22,2,0.957,3,2,2,1,"sho, chso",5,5,0.896,0.503,16:1.000/0.504 24:0.826/0.515 32:0.826/0.503 48:0.913/0.495 64:0.913/0.497,low_reliability_or_unlikely,does not meet good candidate thresholds
line_marker,line_marker_family,paragraph_continuation,broad_shape,X|NONE,R06,29,29,2,0.931,4,2,3,1,"s, g",1,2,0.552,0.455,16:0.966/0.423 24:0.276/0.456 32:0.483/0.461 48:0.655/0.465 64:0.379/0.471,low_reliability_or_unlikely,does not meet good candidate thresholds
line_marker,line_marker_family,paragraph_continuation,broad_shape,X|y,R06,20,20,2,1.0,5,2,3,1,"shy, sy",1,4,0.63,0.463,16:0.950/0.436 24:0.550/0.466 32:0.500/0.459 48:0.700/0.455 64:0.450/0.497,low_reliability_or_unlikely,does not meet good candidate thresholds
line_marker,line_marker_family,paragraph_start,broad_shape,O|r,R06,15,13,10,0.533,5,3,4,1,"chor, or, shor, orar, otor, sor, shar, ar",1,4,0.627,0.449,16:0.733/0.439 24:0.400/0.456 32:0.600/0.434 48:0.733/0.471 64:0.667/0.445,low_reliability_or_unlikely,does not meet good candidate thresholds
line_marker,line_marker_family,radial/ring_text,broad_shape,O|r,R06,15,13,8,0.6,2,1,1,1,"sar, okar, dar, or, ar, olar, char, oar",0,1,0.413,0.511,16:0.533/0.500 24:0.333/0.509 32:0.467/0.511 48:0.467/0.532 64:0.267/0.503,low_reliability_or_unlikely,does not meet good candidate thresholds
line_marker,line_marker_family,paragraph_continuation,stolfi_inspired_signature,G_k|S_BDY|T_dy,H09,18,15,3,0.778,4,1,3,1,"qokchdy, qokshdy, okchdy",0,0,0.0,0.406,16:0.000/0.404 24:0.000/0.448 32:0.000/0.395 48:0.000/0.397 64:0.000/0.388,low_reliability_or_unlikely,does not meet good candidate thresholds
line_marker,line_marker_family,paragraph_continuation,stolfi_inspired_signature,G_k|S_BEY|T_ey,H08,16,16,4,0.625,5,2,4,1,"qokchey, okchey, okshey, qokshey",0,0,0.237,0.427,16:0.188/0.377 24:0.312/0.489 32:0.188/0.425 48:0.375/0.406 64:0.125/0.435,low_reliability_or_unlikely,does not meet good candidate thresholds
line_marker,line_marker_family,paragraph_continuation,stolfi_inspired_signature,G_k|S_BY|T_y,H08,18,18,4,0.556,5,2,5,1,"qokchy, okchy, okshy, qokshy",0,0,0.078,0.434,16:0.000/0.416 24:0.000/0.466 32:0.056/0.437 48:0.056/0.426 64:0.278/0.425,low_reliability_or_unlikely,does not meet good candidate thresholds
line_marker,line_marker_family,paragraph_continuation,stolfi_inspired_signature,G_k|S_EDY|T_dy,H12,116,86,2,0.741,5,1,5,1,"qokedy, okedy",0,0,0.0,0.356,16:0.000/0.323 24:0.000/0.432 32:0.000/0.319 48:0.000/0.345 64:0.000/0.361,low_reliability_or_unlikely,does not meet good candidate thresholds
line_marker,line_marker_family,paragraph_continuation,stolfi_inspired_signature,G_k|S_EDY|T_edy,H01,114,91,2,0.737,4,1,4,1,"qokeedy, okeedy",0,0,0.074,0.367,16:0.000/0.350 24:0.000/0.427 32:0.360/0.333 48:0.000/0.365 64:0.009/0.360,low_reliability_or_unlikely,does not meet good candidate thresholds
line_marker,line_marker_family,paragraph_continuation,stolfi_inspired_signature,G_k|S_EGY|T_y,R06,25,25,4,0.92,4,2,5,1,"cheky, sheky, sheeky, cheeky",0,0,0.016,0.481,16:0.000/0.462 24:0.040/0.512 32:0.000/0.494 48:0.000/0.476 64:0.040/0.461,low_reliability_or_unlikely,does not meet good candidate thresholds
line_marker,line_marker_family,paragraph_continuation,stolfi_inspired_signature,G_k|S_EODY|T_dy,H11,16,11,4,0.688,5,3,4,1,"qokeody, okeody, qokeeody, okeady",0,0,0.0,0.4,16:0.000/0.343 24:0.000/0.478 32:0.000/0.370 48:0.000/0.399 64:0.000/0.410,low_reliability_or_unlikely,does not meet good candidate thresholds
line_marker,line_marker_family,paragraph_continuation,stolfi_inspired_signature,G_k|S_EOL|T_ol,H08,17,16,3,0.529,4,2,3,1,"qokeol, okeol, okeeol",0,0,0.259,0.414,16:0.118/0.409 24:0.294/0.470 32:0.118/0.408 48:0.294/0.386 64:0.471/0.395,low_reliability_or_unlikely,does not meet good candidate thresholds
line_marker,line_marker_family,paragraph_continuation,stolfi_inspired_signature,G_k|S_EY|T_ey,H08,101,85,2,0.723,7,3,6,1,"qokeey, okeey",0,0,0.327,0.41,16:0.238/0.400 24:0.327/0.443 32:0.337/0.419 48:0.307/0.388 64:0.426/0.399,low_reliability_or_unlikely,does not meet good candidate thresholds
line_marker,line_marker_family,paragraph_continuation,stolfi_inspired_signature,G_k|S_EY|T_y,H08,35,33,2,0.714,6,3,5,1,"qokey, okey",0,0,0.229,0.44,16:0.086/0.429 24:0.343/0.469 32:0.200/0.443 48:0.200/0.426 64:0.314/0.431,low_reliability_or_unlikely,does not meet good candidate thresholds
line_marker,line_marker_family,paragraph_continuation,stolfi_inspired_signature,G_k|S_GBY|T_y,R06,17,14,8,0.824,2,2,2,1,"kchy, ykchy, ykshy, chkchy, shkchy, shkshy, kshy, olkchy",0,0,0.0,0.473,16:0.000/0.458 24:0.000/0.509 32:0.000/0.451 48:0.000/0.470 64:0.000/0.475,low_reliability_or_unlikely,does not meet good candidate thresholds
line_marker,line_marker_family,paragraph_continuation,stolfi_inspired_signature,G_k|S_GEDY|T_edy,R00,20,18,4,0.7,4,1,3,1,"olkedy, ykedy, kedy, chkedy",0,3,0.78,0.41,16:0.700/0.407 24:0.950/0.438 32:0.750/0.396 48:0.800/0.392 64:0.700/0.416,low_reliability_or_unlikely,does not meet good candidate thresholds
line_marker,line_marker_family,paragraph_continuation,stolfi_inspired_signature,G_k|S_GEDY|T_eedy,R00,21,21,4,0.667,3,1,3,1,"olkeedy, keedy, ykeedy, chkeedy",0,4,0.848,0.409,16:0.667/0.376 24:0.905/0.427 32:0.905/0.407 48:1.000/0.415 64:0.762/0.420,low_reliability_or_unlikely,does not meet good candidate thresholds
line_marker,line_marker_family,paragraph_continuation,stolfi_inspired_signature,G_k|S_GEY|T_eey,R00,29,29,9,0.586,5,2,3,1,"olkeey, olkeeey, ykeey, keey, keeey, ykeeey, chkeey, qkeeey",2,5,0.903,0.448,16:1.000/0.443 24:0.966/0.471 32:0.793/0.444 48:0.931/0.459 64:0.828/0.422,low_reliability_or_unlikely,does not meet good candidate thresholds
line_marker,line_marker_family,paragraph_continuation,stolfi_inspired_signature,G_k|S_GOIL|T_aiin,R06,27,26,6,0.704,5,2,3,1,"ykaiin, kaiin, olkaiin, chkaiin, skaiin, shkaiin",0,0,0.022,0.455,16:0.000/0.448 24:0.000/0.484 32:0.037/0.448 48:0.000/0.448 64:0.074/0.444,low_reliability_or_unlikely,does not meet good candidate thresholds
line_marker,line_marker_family,paragraph_continuation,stolfi_inspired_signature,G_k|S_GOL|T_ar,R06,21,20,4,0.762,4,2,4,1,"kar, ykar, olkar, dkar",0,0,0.01,0.457,16:0.000/0.434 24:0.000/0.498 32:0.000/0.445 48:0.048/0.442 64:0.000/0.465,low_reliability_or_unlikely,does not meet good candidate thresholds
line_marker,line_marker_family,paragraph_continuation,stolfi_inspired_signature,G_k|S_GY|T_y,H01,75,70,7,0.56,5,2,4,1,"qoky, oky, chky, olky, yky, shky, orky",0,0,0.0,0.469,16:0.000/0.439 24:0.000/0.517 32:0.000/0.460 48:0.000/0.466 64:0.000/0.465,low_reliability_or_unlikely,does not meet good candidate thresholds
line_marker,line_marker_family,paragraph_continuation,stolfi_inspired_signature,G_k|S_LGEDY|T_eedy,R00,16,16,2,0.688,4,1,2,1,"lkeedy, qolkeedy",1,4,0.85,0.437,16:0.875/0.434 24:0.938/0.475 32:0.812/0.445 48:0.875/0.445 64:0.750/0.385,low_reliability_or_unlikely,does not meet good candidate thresholds
line_marker,line_marker_family,paragraph_continuation,stolfi_inspired_signature,G_k|S_OEL|T_in,H08,91,82,3,0.637,4,2,3,1,"qokain, okain, qokoin",0,0,0.314,0.407,16:0.187/0.394 24:0.341/0.455 32:0.231/0.411 48:0.341/0.385 64:0.473/0.390,low_reliability_or_unlikely,does not meet good candidate thresholds
line_marker,line_marker_family,paragraph_continuation,stolfi_inspired_signature,G_k|S_OGY|T_y,R00,15,14,5,0.867,4,2,3,1,"choky, aky, shoky, oloky, yoky",4,5,0.96,0.47,16:1.000/0.463 24:1.000/0.494 32:1.000/0.451 48:0.933/0.449 64:0.867/0.495,low_reliability_or_unlikely,does not meet good candidate thresholds
line_marker,line_marker_family,paragraph_continuation,stolfi_inspired_signature,G_k|S_OIL|T_iin,H08,80,71,2,0.525,6,2,3,1,"qokaiin, okaiin",0,0,0.287,0.396,16:0.275/0.392 24:0.200/0.434 32:0.225/0.398 48:0.237/0.371 64:0.500/0.383,low_reliability_or_unlikely,does not meet good candidate thresholds
line_marker,line_marker_family,paragraph_continuation,stolfi_inspired_signature,G_k|S_OL|T_l,H08,101,85,4,0.554,6,3,5,1,"qokal, okal, qokol, okol",0,0,0.222,0.418,16:0.129/0.388 24:0.257/0.459 32:0.099/0.428 48:0.267/0.399 64:0.356/0.418,low_reliability_or_unlikely,does not meet good candidate thresholds
line_marker,line_marker_family,paragraph_continuation,stolfi_inspired_signature,G_k|S_OL|T_r,R03,54,45,4,0.852,4,2,4,1,"qokar, okar, qokor, okor",0,0,0.0,0.413,16:0.000/0.400 24:0.000/0.446 32:0.000/0.414 48:0.000/0.397 64:0.000/0.408,low_reliability_or_unlikely,does not meet good candidate thresholds
line_marker,line_marker_family,paragraph_continuation,stolfi_inspired_signature,G_k|S_XGXEY|T_ey,R00,20,20,5,0.65,6,2,3,1,"qockhey, chckhey, ckhey, ockhey, shckhey",4,5,0.9,0.465,16:1.000/0.456 24:1.000/0.507 32:0.850/0.463 48:0.750/0.430 64:0.900/0.470,low_reliability_or_unlikely,does not meet good candidate thresholds
line_marker,line_marker_family,paragraph_continuation,stolfi_inspired_signature,G_k|S_XGXY|T_y,R00,73,69,7,0.753,6,3,4,1,"chckhy, shckhy, ckhy, ockhy, qockhy, dckhy, qckhsy",5,5,0.953,0.485,16:0.959/0.461 24:0.986/0.509 32:0.973/0.499 48:0.959/0.478 64:0.890/0.481,low_reliability_or_unlikely,does not meet good candidate thresholds
line_marker,line_marker_family,paragraph_continuation,stolfi_inspired_signature,G_p|S_GBEDY|T_edy,R00,19,18,5,0.474,4,1,3,1,"pchedy, opchedy, ypchedy, qopchedy, qopshedy",1,2,0.747,0.402,16:0.789/0.339 24:1.000/0.361 32:0.789/0.408 48:0.421/0.434 64:0.737/0.468,low_reliability_or_unlikely,does not meet good candidate thresholds
line_marker,line_marker_family,paragraph_continuation,stolfi_inspired_signature,G_t|S_BY|T_y,H13,15,15,3,0.667,5,2,4,1,"qotchy, otchy, otshy",0,0,0.0,0.358,16:0.000/0.333 24:0.000/0.344 32:0.000/0.348 48:0.000/0.376 64:0.000/0.392,low_reliability_or_unlikely,does not meet good candidate thresholds
line_marker,line_marker_family,paragraph_continuation,stolfi_inspired_signature,G_t|S_EDY|T_dy,R01,46,42,2,0.609,4,1,2,1,"otedy, qotedy",0,0,0.0,0.313,16:0.000/0.323 24:0.000/0.318 32:0.000/0.286 48:0.000/0.277 64:0.000/0.358,low_reliability_or_unlikely,does not meet good candidate thresholds
line_marker,line_marker_family,paragraph_continuation,stolfi_inspired_signature,G_t|S_EDY|T_edy,H01,40,37,2,0.625,5,1,3,1,"qoteedy, oteedy",0,0,0.09,0.309,16:0.000/0.307 24:0.000/0.319 32:0.025/0.267 48:0.000/0.268 64:0.425/0.384,low_reliability_or_unlikely,does not meet good candidate thresholds
line_marker,line_marker_family,paragraph_continuation,stolfi_inspired_signature,G_t|S_EY|T_ey,R01,17,15,2,0.706,4,2,3,1,"oteey, qoteey",0,0,0.0,0.31,16:0.000/0.325 24:0.000/0.313 32:0.000/0.277 48:0.000/0.260 64:0.000/0.374,low_reliability_or_unlikely,does not meet good candidate thresholds
line_marker,line_marker_family,paragraph_continuation,stolfi_inspired_signature,G_t|S_EY|T_y,R01,15,15,2,0.667,3,2,3,1,"otey, qotey",0,0,0.0,0.298,16:0.000/0.302 24:0.000/0.305 32:0.000/0.265 48:0.000/0.264 64:0.000/0.353,low_reliability_or_unlikely,does not meet good candidate thresholds
line_marker,line_marker_family,paragraph_continuation,stolfi_inspired_signature,G_t|S_GY|T_y,H01,32,29,6,0.469,5,2,4,1,"qoty, oty, yty, shty, ty, chty",0,0,0.0,0.393,16:0.000/0.373 24:0.000/0.355 32:0.000/0.447 48:0.000/0.385 64:0.000/0.408,low_reliability_or_unlikely,does not meet good candidate thresholds
line_marker,line_marker_family,paragraph_continuation,stolfi_inspired_signature,G_t|S_OEL|T_in,R00,39,36,2,0.615,4,2,2,1,"otain, qotain",0,0,0.944,0.326,16:1.000/0.320 24:1.000/0.323 32:1.000/0.300 48:0.974/0.305 64:0.744/0.381,low_reliability_or_unlikely,does not meet good candidate thresholds
line_marker,line_marker_family,paragraph_continuation,stolfi_inspired_signature,G_t|S_OIL|T_iin,R10,32,31,3,0.625,4,2,4,1,"otaiin, qotaiin, qotoiin",0,0,0.0,0.358,16:0.000/0.351 24:0.000/0.347 32:0.000/0.337 48:0.000/0.366 64:0.000/0.389,low_reliability_or_unlikely,does not meet good candidate thresholds
line_marker,line_marker_family,paragraph_continuation,stolfi_inspired_signature,G_t|S_OL|T_l,H13,35,31,4,0.514,5,2,4,1,"qotal, otal, otol, qotol",0,0,0.023,0.323,16:0.000/0.345 24:0.000/0.305 32:0.000/0.280 48:0.000/0.306 64:0.114/0.378,low_reliability_or_unlikely,does not meet good candidate thresholds
line_marker,line_marker_family,paragraph_continuation,stolfi_inspired_signature,G_t|S_OL|T_r,R01,34,28,4,0.382,5,2,4,1,"otar, qotar, otor, qotor",0,0,0.0,0.336,16:0.000/0.338 24:0.000/0.325 32:0.000/0.318 48:0.000/0.297 64:0.000/0.402,low_reliability_or_unlikely,does not meet good candidate thresholds
line_marker,line_marker_family,paragraph_continuation,stolfi_inspired_signature,G_t|S_XGXY|T_y,R04,38,37,6,0.789,4,2,4,1,"chcthy, cthy, shcthy, qocthy, dcthy, qcthy",0,0,0.0,0.374,16:0.000/0.327 24:0.000/0.324 32:0.000/0.460 48:0.000/0.346 64:0.000/0.413,low_reliability_or_unlikely,does not meet good candidate thresholds
line_marker,line_marker_family,paragraph_continuation,stolfi_inspired_signature,NG|S_BEDY|T_edy,R00,38,37,9,0.579,5,1,3,1,"dshedy, olchedy, olshedy, yshedy, dchedy, ychedy, ochedy, sshedy",0,0,0.189,0.534,16:0.079/0.524 24:0.237/0.540 32:0.263/0.534 48:0.158/0.531 64:0.211/0.543,low_reliability_or_unlikely,does not meet good candidate thresholds
line_marker,line_marker_family,paragraph_continuation,stolfi_inspired_signature,NG|S_BEY|T_eey,R06,17,17,9,0.647,3,2,3,1,"ycheey, dsheey, olcheey, dcheey, ocheey, olsheey, orcheey, ysheey",5,5,0.894,0.541,16:1.000/0.552 24:0.765/0.558 32:0.941/0.549 48:0.941/0.513 64:0.824/0.535,low_reliability_or_unlikely,does not meet good candidate thresholds
line_marker,line_marker_family,paragraph_continuation,stolfi_inspired_signature,NG|S_BEY|T_ey,R06,34,33,12,0.5,6,2,3,1,"olchey, dchey, qochey, yshey, ychey, olshey, dshey, sshey",5,5,0.865,0.509,16:1.000/0.506 24:0.912/0.521 32:0.735/0.505 48:0.912/0.492 64:0.765/0.519,low_reliability_or_unlikely,does not meet good candidate thresholds
line_marker,line_marker_family,paragraph_continuation,stolfi_inspired_signature,NG|S_BOL|T_or,R06,15,15,5,0.867,5,3,4,1,"dchor, ychor, dshor, ochor, yshor",5,5,0.947,0.55,16:1.000/0.566 24:0.933/0.566 32:0.933/0.564 48:0.933/0.528 64:0.933/0.526,low_reliability_or_unlikely,does not meet good candidate thresholds
line_marker,line_marker_family,paragraph_continuation,stolfi_inspired_signature,NG|S_BO|T_NONE,R00,18,18,6,0.667,3,2,3,1,"cho, dcho, dsho, ycho, osho, ssho",0,0,0.2,0.496,16:0.056/0.491 24:0.333/0.504 32:0.222/0.503 48:0.056/0.492 64:0.333/0.490,low_reliability_or_unlikely,does not meet good candidate thresholds
line_marker,line_marker_family,paragraph_continuation,stolfi_inspired_signature,NG|S_BY|T_y,R00,29,28,8,0.793,5,2,3,1,"chy, olchy, dchy, dshy, shchy, orshy, ochy, qochy",0,0,0.248,0.482,16:0.138/0.477 24:0.345/0.484 32:0.310/0.489 48:0.172/0.489 64:0.276/0.470,low_reliability_or_unlikely,does not meet good candidate thresholds
line_marker,line_marker_family,paragraph_continuation,stolfi_inspired_signature,NG|S_DOIL|T_aiin,R10,17,16,5,0.588,4,2,3,1,"odaiin, ydaiin, oldaiin, qodaiin, chdaiin",0,0,0.0,0.469,16:0.000/0.467 24:0.000/0.478 32:0.000/0.458 48:0.000/0.461 64:0.000/0.480,low_reliability_or_unlikely,does not meet good candidate thresholds
line_marker,line_marker_family,paragraph_continuation,stolfi_inspired_signature,NG|S_DY|T_y,R02,77,71,8,0.701,7,3,6,1,"dy, chdy, shdy, ody, oldy, qody, ddy, ydy",0,0,0.0,0.47,16:0.000/0.455 24:0.000/0.463 32:0.000/0.462 48:0.000/0.470 64:0.000/0.501,low_reliability_or_unlikely,does not meet good candidate thresholds
line_marker,line_marker_family,paragraph_continuation,stolfi_inspired_signature,NG|S_EDY|T_dy,R06,182,145,4,0.5,5,1,4,1,"shedy, chedy, dedy, qoedy",3,5,0.808,0.463,16:0.984/0.444 24:0.753/0.477 32:0.824/0.444 48:0.863/0.457 64:0.615/0.494,low_reliability_or_unlikely,does not meet good candidate thresholds
line_marker,line_marker_family,paragraph_continuation,stolfi_inspired_signature,NG|S_EDY|T_edy,R06,43,41,5,0.791,6,2,4,1,"sheedy, cheedy, qoeedy, oeedy, oleedy",5,5,0.86,0.466,16:0.977/0.451 24:0.744/0.481 32:0.860/0.457 48:0.884/0.466 64:0.837/0.475,low_reliability_or_unlikely,does not meet good candidate thresholds
line_marker,line_marker_family,paragraph_continuation,stolfi_inspired_signature,NG|S_EODY|T_dy,R00,21,20,2,0.667,5,3,6,1,"cheody, sheody",0,0,0.19,0.441,16:0.000/0.437 24:0.429/0.470 32:0.190/0.436 48:0.143/0.417 64:0.190/0.447,low_reliability_or_unlikely,does not meet good candidate thresholds
line_marker,line_marker_family,paragraph_continuation,stolfi_inspired_signature,NG|S_EOL|T_ar,R00,20,19,6,0.8,7,3,4,1,"chear, shear, qeear, cheear, oeear, oear",0,0,0.27,0.453,16:0.000/0.436 24:0.450/0.484 32:0.450/0.434 48:0.200/0.443 64:0.250/0.469,low_reliability_or_unlikely,does not meet good candidate thresholds
line_marker,line_marker_family,paragraph_continuation,stolfi_inspired_signature,NG|S_EOL|T_ol,R00,46,44,8,0.587,5,2,5,1,"cheol, sheol, sheeol, cheeol, deeol, qeol, deol, eol",0,0,0.152,0.461,16:0.000/0.452 24:0.152/0.472 32:0.239/0.461 48:0.130/0.468 64:0.239/0.452,low_reliability_or_unlikely,does not meet good candidate thresholds
line_marker,line_marker_family,paragraph_continuation,stolfi_inspired_signature,NG|S_EOL|T_or,R00,26,25,6,0.654,5,2,3,1,"cheor, sheor, cheeor, qoeeor, eeor, sheeor",0,0,0.231,0.468,16:0.038/0.452 24:0.423/0.492 32:0.308/0.451 48:0.115/0.478 64:0.269/0.467,low_reliability_or_unlikely,does not meet good candidate thresholds
line_marker,line_marker_family,paragraph_continuation,stolfi_inspired_signature,NG|S_EO|T_NONE,R00,15,15,4,0.533,3,2,3,1,"sheo, cheo, cheeo, sheeo",1,2,0.293,0.465,16:0.000/0.460 24:0.333/0.485 32:0.533/0.460 48:0.000/0.452 64:0.600/0.467,low_reliability_or_unlikely,does not meet good candidate thresholds
line_marker,line_marker_family,paragraph_continuation,stolfi_inspired_signature,NG|S_EX|T_NONE,R00,19,19,11,0.895,5,3,4,1,"chees, ches, oeees, eees, sheees, oreees, oleeeb, es",0,0,0.274,0.462,16:0.053/0.463 24:0.474/0.479 32:0.263/0.448 48:0.263/0.452 64:0.316/0.470,low_reliability_or_unlikely,does not meet good candidate thresholds
line_marker,line_marker_family,paragraph_continuation,stolfi_inspired_signature,NG|S_EY|T_ey,R06,57,52,5,0.895,6,2,4,1,"sheey, cheey, qoeey, deey, oleey",3,5,0.853,0.492,16:0.982/0.439 24:0.842/0.480 32:0.649/0.444 48:0.895/0.466 64:0.895/0.630,low_reliability_or_unlikely,does not meet good candidate thresholds
line_marker,line_marker_family,paragraph_continuation,stolfi_inspired_signature,NG|S_EY|T_y,R06,95,89,3,0.989,6,3,6,1,"chey, shey, qey",4,5,0.874,0.522,16:0.979/0.443 24:0.905/0.489 32:0.653/0.450 48:0.874/0.469 64:0.958/0.757,low_reliability_or_unlikely,does not meet good candidate thresholds
line_marker,line_marker_family,paragraph_continuation,stolfi_inspired_signature,NG|S_LBEDY|T_edy,R00,43,42,6,1.0,4,2,3,1,"lchedy, lshedy, qolchedy, rchedy, qorchedy, rshedy",0,0,0.302,0.472,16:0.140/0.464 24:0.488/0.477 32:0.279/0.468 48:0.233/0.470 64:0.372/0.478,low_reliability_or_unlikely,does not meet good candidate thresholds
line_marker,line_marker_family,paragraph_continuation,stolfi_inspired_signature,NG|S_LBEY|T_ey,R00,24,23,5,0.833,3,1,3,1,"lshey, lchey, qolchey, rchey, llchey",0,0,0.25,0.465,16:0.083/0.465 24:0.333/0.477 32:0.292/0.465 48:0.167/0.446 64:0.375/0.474,low_reliability_or_unlikely,does not meet good candidate thresholds
line_marker,line_marker_family,paragraph_continuation,stolfi_inspired_signature,NG|S_LOIL|T_aiin,R00,16,16,5,0.875,4,2,4,1,"raiin, dlaiin, rlaiin, laiin, qolaiin",0,0,0.25,0.455,16:0.062/0.456 24:0.375/0.472 32:0.312/0.460 48:0.125/0.437 64:0.375/0.450,low_reliability_or_unlikely,does not meet good candidate thresholds
line_marker,line_marker_family,paragraph_continuation,stolfi_inspired_signature,NG|S_LY|T_y,R06,24,24,5,0.583,5,2,4,1,"oly, ory, ly, qoly, ry",0,2,0.442,0.482,16:0.583/0.456 24:0.375/0.465 32:0.333/0.485 48:0.417/0.506 64:0.500/0.499,low_reliability_or_unlikely,does not meet good candidate thresholds
line_marker,line_marker_family,paragraph_continuation,stolfi_inspired_signature,NG|S_L|T_NONE,R06,16,16,2,0.625,3,2,3,1,"l, r",0,3,0.613,0.454,16:1.000/0.450 24:0.438/0.458 32:0.500/0.436 48:0.812/0.436 64:0.312/0.491,low_reliability_or_unlikely,does not meet good candidate thresholds
line_marker,line_marker_family,paragraph_continuation,stolfi_inspired_signature,NG|S_ODOIL|T_aiin,R00,15,14,5,0.6,2,2,2,1,"chodaiin, sodaiin, shodaiin, dodaiin, yodaiin",0,0,0.267,0.497,16:0.200/0.508 24:0.467/0.509 32:0.267/0.490 48:0.133/0.509 64:0.267/0.472,low_reliability_or_unlikely,does not meet good candidate thresholds
line_marker,line_marker_family,paragraph_continuation,stolfi_inspired_signature,NG|S_ODY|T_dy,R00,23,23,3,0.696,5,2,4,1,"chody, shody, dady",0,0,0.287,0.466,16:0.174/0.464 24:0.478/0.473 32:0.261/0.465 48:0.304/0.467 64:0.217/0.463,low_reliability_or_unlikely,does not meet good candidate thresholds
line_marker,line_marker_family,paragraph_continuation,stolfi_inspired_signature,NG|S_OEL|T_in,R06,85,75,9,0.882,7,3,4,1,"dain, sain, ain, olain, oain, shain, chain, qoain",5,5,0.866,0.51,16:0.976/0.507 24:0.847/0.517 32:0.776/0.505 48:0.929/0.502 64:0.800/0.520,low_reliability_or_unlikely,does not meet good candidate thresholds
line_marker,line_marker_family,paragraph_continuation,stolfi_inspired_signature,NG|S_OEL|T_r,R06,19,18,3,0.789,4,2,4,1,"dair, sair, air",5,5,0.863,0.523,16:0.947/0.513 24:0.947/0.521 32:0.737/0.514 48:0.947/0.524 64:0.737/0.545,low_reliability_or_unlikely,does not meet good candidate thresholds
line_marker,line_marker_family,paragraph_continuation,stolfi_inspired_signature,NG|S_OIL|T_iin,R10,251,211,14,0.53,7,3,6,1,"daiin, aiin, saiin, chaiin, soiin, oraiin, qoaiin, olaiin",0,0,0.088,0.524,16:0.000/0.473 24:0.000/0.488 32:0.000/0.466 48:0.000/0.483 64:0.438/0.709,low_reliability_or_unlikely,does not meet good candidate thresholds
line_marker,line_marker_family,paragraph_continuation,stolfi_inspired_signature,NG|S_OLY|T_y,R00,26,25,12,0.462,6,3,5,1,"dary, daly, chory, choly, aly, chary, chorly, olaly",5,5,0.7,0.484,16:0.654/0.482 24:0.769/0.461 32:0.769/0.492 48:0.615/0.503 64:0.692/0.485,low_reliability_or_unlikely,does not meet good candidate thresholds
line_marker,line_marker_family,paragraph_continuation,stolfi_inspired_signature,NG|S_OL|T_l,R06,331,246,16,0.438,7,3,6,1,"chol, ol, dal, al, qol, shol, dol, sol",4,5,0.857,0.464,16:0.946/0.456 24:0.843/0.447 32:0.900/0.483 48:0.873/0.469 64:0.722/0.463,low_reliability_or_unlikely,does not meet good candidate thresholds
line_marker,line_marker_family,paragraph_continuation,stolfi_inspired_signature,NG|S_OL|T_m,R06,43,41,13,0.721,7,3,4,1,"dam, am, om, olam, oram, cham, sham, chom",0,1,0.377,0.48,16:0.628/0.449 24:0.279/0.465 32:0.256/0.490 48:0.419/0.518 64:0.302/0.479,low_reliability_or_unlikely,does not meet good candidate thresholds
line_marker,line_marker_family,paragraph_continuation,stolfi_inspired_signature,NG|S_OL|T_r,R06,245,194,16,0.731,7,3,6,1,"ar, or, chor, dar, dor, sar, char, shor",5,5,0.799,0.481,16:0.931/0.467 24:0.714/0.481 32:0.820/0.484 48:0.833/0.500 64:0.698/0.472,low_reliability_or_unlikely,does not meet good candidate thresholds
line_marker,line_marker_family,paragraph_continuation,stolfi_inspired_signature,NG|S_XO|T_NONE,R06,23,22,2,0.957,3,2,2,1,"sho, chso",5,5,0.896,0.503,16:1.000/0.504 24:0.826/0.515 32:0.826/0.503 48:0.913/0.495 64:0.913/0.497,low_reliability_or_unlikely,does not meet good candidate thresholds
line_marker,line_marker_family,paragraph_continuation,stolfi_inspired_signature,NG|S_XY|T_y,R06,20,20,2,1.0,5,2,3,1,"shy, sy",1,4,0.63,0.463,16:0.950/0.436 24:0.550/0.466 32:0.500/0.459 48:0.700/0.455 64:0.450/0.497,low_reliability_or_unlikely,does not meet good candidate thresholds
line_marker,line_marker_family,paragraph_continuation,stolfi_inspired_signature,NG|S_X|T_NONE,R06,29,29,2,0.931,4,2,3,1,"s, g",1,2,0.552,0.455,16:0.966/0.423 24:0.276/0.456 32:0.483/0.461 48:0.655/0.465 64:0.379/0.471,low_reliability_or_unlikely,does not meet good candidate thresholds
section_currier,section_currier,B|B,surface_token,chedy,R02,37,33,1,1.0,1,1,1,2,chedy,0,0,0.059,0.458,16:0.000/0.447 24:0.000/0.470 32:0.000/0.445 48:0.000/0.447 64:0.297/0.483,low_reliability_or_unlikely,does not meet good candidate thresholds
section_currier,section_currier,B|B,surface_token,okedy,R00,21,18,1,1.0,1,1,1,2,okedy,0,1,0.629,0.388,16:0.571/0.376 24:0.905/0.445 32:0.476/0.345 48:0.714/0.375 64:0.476/0.401,low_reliability_or_unlikely,does not meet good candidate thresholds
section_currier,section_currier,B|B,surface_token,okeedy,R00,17,16,1,1.0,1,1,1,2,okeedy,1,5,0.753,0.434,16:0.706/0.425 24:0.765/0.469 32:0.706/0.412 48:0.824/0.422 64:0.765/0.443,low_reliability_or_unlikely,does not meet good candidate thresholds
section_currier,section_currier,B|B,surface_token,ol,R06,38,32,1,1.0,1,1,1,1,ol,5,5,0.832,0.476,16:0.868/0.460 24:0.816/0.460 32:0.868/0.490 48:0.842/0.490 64:0.763/0.481,low_reliability_or_unlikely,does not meet good candidate thresholds
section_currier,section_currier,B|B,surface_token,qokain,H08,35,33,1,1.0,1,1,1,1,qokain,0,1,0.491,0.38,16:0.286/0.347 24:0.571/0.450 32:0.371/0.404 48:0.543/0.345 64:0.686/0.355,low_reliability_or_unlikely,does not meet good candidate thresholds
section_currier,section_currier,B|B,surface_token,qokedy,H12,53,41,1,1.0,1,1,1,2,qokedy,0,0,0.0,0.34,16:0.000/0.305 24:0.000/0.426 32:0.000/0.300 48:0.000/0.335 64:0.000/0.333,low_reliability_or_unlikely,does not meet good candidate thresholds
section_currier,section_currier,B|B,surface_token,qokeedy,H01,46,37,1,1.0,1,1,1,1,qokeedy,0,0,0.061,0.35,16:0.000/0.310 24:0.000/0.418 32:0.304/0.331 48:0.000/0.344 64:0.000/0.349,low_reliability_or_unlikely,does not meet good candidate thresholds
section_currier,section_currier,B|B,surface_token,qokeey,H08,25,22,1,1.0,1,1,1,2,qokeey,0,0,0.48,0.379,16:0.440/0.386 24:0.480/0.425 32:0.520/0.394 48:0.400/0.342 64:0.560/0.348,low_reliability_or_unlikely,does not meet good candidate thresholds
section_currier,section_currier,B|B,surface_token,qoky,H01,24,24,1,1.0,1,1,1,2,qoky,0,0,0.0,0.441,16:0.000/0.413 24:0.000/0.527 32:0.000/0.416 48:0.000/0.440 64:0.000/0.410,low_reliability_or_unlikely,does not meet good candidate thresholds
section_currier,section_currier,B|B,surface_token,qol,R00,18,16,1,1.0,1,1,1,1,qol,0,0,0.156,0.448,16:0.000/0.454 24:0.222/0.428 32:0.056/0.478 48:0.222/0.444 64:0.278/0.435,low_reliability_or_unlikely,does not meet good candidate thresholds
section_currier,section_currier,B|B,surface_token,qoteedy,H01,15,13,1,1.0,1,1,1,1,qoteedy,0,0,0.12,0.325,16:0.000/0.324 24:0.000/0.333 32:0.067/0.296 48:0.000/0.291 64:0.533/0.383,low_reliability_or_unlikely,does not meet good candidate thresholds
section_currier,section_currier,B|B,surface_token,shedy,R06,54,48,1,1.0,1,1,1,2,shedy,4,5,0.907,0.468,16:1.000/0.448 24:0.815/0.482 32:0.963/0.452 48:0.944/0.466 64:0.815/0.493,low_reliability_or_unlikely,does not meet good candidate thresholds
section_currier,section_currier,B|B,surface_token,shey,R06,15,15,1,1.0,1,1,1,1,shey,5,5,0.973,0.523,16:1.000/0.450 24:1.000/0.523 32:0.867/0.453 48:1.000/0.511 64:1.000/0.680,low_reliability_or_unlikely,does not meet good candidate thresholds
section_currier,section_currier,H|A,surface_token,chol,R07,55,45,1,1.0,1,1,1,1,chol,0,0,0.0,0.442,16:0.000/0.443 24:0.000/0.419 32:0.000/0.466 48:0.000/0.443 64:0.000/0.441,low_reliability_or_unlikely,does not meet good candidate thresholds
section_currier,section_currier,H|A,surface_token,chor,R11,35,34,1,1.0,1,1,1,3,chor,0,0,0.0,0.454,16:0.000/0.446 24:0.000/0.452 32:0.000/0.473 48:0.000/0.458 64:0.000/0.439,low_reliability_or_unlikely,does not meet good candidate thresholds
section_currier,section_currier,H|A,surface_token,cthol,R07,15,15,1,1.0,1,1,1,1,cthol,0,0,0.0,0.379,16:0.000/0.345 24:0.000/0.351 32:0.000/0.357 48:0.000/0.384 64:0.000/0.460,low_reliability_or_unlikely,does not meet good candidate thresholds
section_currier,section_currier,H|A,surface_token,cthy,R04,15,15,1,1.0,1,1,1,2,cthy,0,0,0.0,0.383,16:0.000/0.330 24:0.000/0.339 32:0.000/0.421 48:0.000/0.407 64:0.000/0.418,low_reliability_or_unlikely,does not meet good candidate thresholds
section_currier,section_currier,H|A,surface_token,daiin,R10,73,62,1,1.0,1,1,1,3,daiin,1,1,0.175,0.511,16:0.000/0.441 24:0.000/0.474 32:0.000/0.431 48:0.000/0.454 64:0.877/0.753,low_reliability_or_unlikely,does not meet good candidate thresholds
section_currier,section_currier,H|A,surface_token,s,R06,22,22,1,1.0,1,1,1,3,s,1,3,0.564,0.461,16:0.955/0.427 24:0.273/0.466 32:0.500/0.469 48:0.682/0.468 64:0.409/0.474,low_reliability_or_unlikely,does not meet good candidate thresholds
section_currier,section_currier,H|A,surface_token,sho,R06,18,17,1,1.0,1,1,1,1,sho,5,5,0.933,0.523,16:1.000/0.522 24:0.889/0.534 32:0.833/0.524 48:1.000/0.519 64:0.944/0.518,low_reliability_or_unlikely,does not meet good candidate thresholds
section_currier,section_currier,S|B,surface_token,aiin,R06,24,19,1,1.0,1,1,1,1,aiin,4,5,0.842,0.519,16:1.000/0.454 24:0.875/0.468 32:0.500/0.456 48:0.833/0.462 64:1.000/0.755,low_reliability_or_unlikely,does not meet good candidate thresholds
section_currier,section_currier,S|B,surface_token,al,R06,18,17,1,1.0,1,1,2,1,al,4,5,0.856,0.464,16:0.944/0.448 24:0.833/0.456 32:0.944/0.473 48:0.889/0.473 64:0.667/0.470,low_reliability_or_unlikely,does not meet good candidate thresholds
section_currier,section_currier,S|B,surface_token,ar,R06,25,21,1,1.0,1,1,1,1,ar,4,5,0.792,0.474,16:0.960/0.446 24:0.800/0.488 32:0.680/0.457 48:0.880/0.492 64:0.640/0.486,low_reliability_or_unlikely,does not meet good candidate thresholds
section_currier,section_currier,S|B,surface_token,chedy,R02,41,34,1,1.0,1,1,2,1,chedy,0,1,0.107,0.458,16:0.000/0.432 24:0.000/0.477 32:0.000/0.435 48:0.000/0.449 64:0.537/0.497,low_reliability_or_unlikely,does not meet good candidate thresholds
section_currier,section_currier,S|B,surface_token,chey,R06,31,28,1,1.0,1,1,2,1,chey,3,4,0.787,0.514,16:0.968/0.436 24:0.839/0.475 32:0.419/0.441 48:0.806/0.450 64:0.903/0.768,low_reliability_or_unlikely,does not meet good candidate thresholds
section_currier,section_currier,S|B,surface_token,chol,R07,16,16,1,1.0,1,1,2,1,chol,0,0,0.0,0.448,16:0.000/0.439 24:0.000/0.431 32:0.000/0.488 48:0.000/0.451 64:0.000/0.431,low_reliability_or_unlikely,does not meet good candidate thresholds
section_currier,section_currier,S|B,surface_token,daiin,R10,22,20,1,1.0,1,1,2,1,daiin,0,0,0.036,0.537,16:0.000/0.514 24:0.000/0.513 32:0.000/0.507 48:0.000/0.469 64:0.182/0.683,low_reliability_or_unlikely,does not meet good candidate thresholds
section_currier,section_currier,S|B,surface_token,okaiin,R10,16,16,1,1.0,1,1,1,1,okaiin,0,0,0.0,0.438,16:0.000/0.455 24:0.000/0.475 32:0.000/0.434 48:0.000/0.411 64:0.000/0.413,low_reliability_or_unlikely,does not meet good candidate thresholds
section_currier,section_currier,S|B,surface_token,okeey,R06,19,18,1,1.0,1,1,2,1,okeey,0,0,0.0,0.446,16:0.000/0.463 24:0.000/0.424 32:0.000/0.439 48:0.000/0.440 64:0.000/0.464,low_reliability_or_unlikely,does not meet good candidate thresholds
section_currier,section_currier,S|B,surface_token,qokaiin,H08,20,19,1,1.0,1,1,1,1,qokaiin,0,0,0.51,0.352,16:0.450/0.351 24:0.350/0.407 32:0.500/0.361 48:0.400/0.302 64:0.850/0.340,low_reliability_or_unlikely,does not meet good candidate thresholds
section_currier,section_currier,S|B,surface_token,qokain,H08,18,17,1,1.0,1,1,1,1,qokain,0,0,0.367,0.381,16:0.222/0.363 24:0.389/0.430 32:0.278/0.391 48:0.333/0.365 64:0.611/0.355,low_reliability_or_unlikely,does not meet good candidate thresholds
section_currier,section_currier,S|B,surface_token,qokedy,H12,19,18,1,1.0,1,1,2,1,qokedy,0,0,0.0,0.333,16:0.000/0.318 24:0.000/0.396 32:0.000/0.298 48:0.000/0.323 64:0.000/0.331,low_reliability_or_unlikely,does not meet good candidate thresholds
section_currier,section_currier,S|B,surface_token,qokeedy,H01,32,26,1,1.0,1,1,2,1,qokeedy,0,0,0.131,0.354,16:0.000/0.356 24:0.000/0.423 32:0.625/0.299 48:0.000/0.356 64:0.031/0.334,low_reliability_or_unlikely,does not meet good candidate thresholds
section_currier,section_currier,S|B,surface_token,qokeey,H08,34,28,1,1.0,1,1,1,1,qokeey,0,0,0.453,0.394,16:0.382/0.364 24:0.382/0.441 32:0.441/0.412 48:0.412/0.375 64:0.647/0.379,low_reliability_or_unlikely,does not meet good candidate thresholds
section_currier,section_currier,S|B,surface_token,shedy,R06,19,17,1,1.0,1,1,2,1,shedy,1,4,0.747,0.454,16:0.947/0.441 24:0.737/0.456 32:0.737/0.432 48:0.842/0.446 64:0.474/0.495,low_reliability_or_unlikely,does not meet good candidate thresholds
section_currier,section_currier,T|B,surface_token,shedy,R06,16,12,1,1.0,1,1,2,2,shedy,4,5,0.887,0.475,16:1.000/0.440 24:0.938/0.492 32:0.750/0.458 48:1.000/0.484 64:0.750/0.503,low_reliability_or_unlikely,does not meet good candidate thresholds
section_currier,section_currier,B|B,conservative_morphology,a|iin|O,R10,57,47,8,0.509,1,1,1,3,"daiin, saiin, okaiin, qokaiin, aiin, olaiin, otaiin, qotaiin",0,0,0.049,0.466,16:0.000/0.433 24:0.000/0.453 32:0.000/0.435 48:0.000/0.450 64:0.246/0.558,low_reliability_or_unlikely,does not meet good candidate thresholds
section_currier,section_currier,B|B,conservative_morphology,a|in|O,H08,82,65,9,0.427,1,1,1,2,"qokain, dain, okain, sain, otain, qotain, shain, orain",0,0,0.222,0.423,16:0.122/0.408 24:0.244/0.457 32:0.159/0.423 48:0.244/0.405 64:0.341/0.419,low_reliability_or_unlikely,does not meet good candidate thresholds
section_currier,section_currier,B|B,conservative_morphology,a|l|O,H08,60,47,9,0.333,1,1,1,4,"qokal, dal, qotal, otal, chal, okal, sal, al",0,0,0.18,0.439,16:0.167/0.412 24:0.217/0.457 32:0.117/0.446 48:0.167/0.430 64:0.233/0.450,low_reliability_or_unlikely,does not meet good candidate thresholds
section_currier,section_currier,B|B,conservative_morphology,a|r|O,R06,42,38,9,0.452,1,1,1,3,"dar, qokar, otar, sar, okar, qotar, ar, char",0,0,0.438,0.426,16:0.476/0.407 24:0.452/0.447 32:0.452/0.431 48:0.429/0.416 64:0.381/0.429,low_reliability_or_unlikely,does not meet good candidate thresholds
section_currier,section_currier,B|B,conservative_morphology,ch|dy|B,R00,16,14,6,0.5,1,1,1,5,"qokchdy, okchdy, otchdy, dchdy, qotchdy, olchdy",5,5,0.688,0.507,16:0.688/0.481 24:0.688/0.547 32:0.688/0.469 48:0.688/0.526 64:0.688/0.513,low_reliability_or_unlikely,does not meet good candidate thresholds
section_currier,section_currier,B|B,conservative_morphology,ch|edy|B,R00,19,18,8,0.632,1,1,1,1,"olchedy, dchedy, ychedy, qokchedy, okchedy, schedy, otchedy, ochedy",0,0,0.295,0.506,16:0.211/0.494 24:0.368/0.510 32:0.368/0.496 48:0.316/0.515 64:0.211/0.514,low_reliability_or_unlikely,does not meet good candidate thresholds
section_currier,section_currier,B|B,conservative_morphology,ckh|y|XGX,R00,19,17,3,0.684,1,1,1,1,"chckhy, shckhy, ckhy",4,5,0.916,0.47,16:0.895/0.424 24:0.947/0.500 32:0.895/0.482 48:0.947/0.467 64:0.895/0.477,low_reliability_or_unlikely,does not meet good candidate thresholds
section_currier,section_currier,B|B,conservative_morphology,d|y|D,R02,26,24,6,0.808,1,1,1,2,"dy, chdy, oldy, ydy, shdy, okdy",0,0,0.0,0.473,16:0.000/0.459 24:0.000/0.483 32:0.000/0.476 48:0.000/0.483 64:0.000/0.464,low_reliability_or_unlikely,does not meet good candidate thresholds
section_currier,section_currier,B|B,conservative_morphology,e|dy|E,R06,193,110,7,0.285,1,1,1,3,"shedy, qokedy, chedy, okedy, otedy, qotedy, dedy",0,0,0.421,0.405,16:0.472/0.388 24:0.373/0.442 32:0.456/0.379 48:0.440/0.396 64:0.363/0.421,low_reliability_or_unlikely,does not meet good candidate thresholds
section_currier,section_currier,B|B,conservative_morphology,e|edy|E,H01,107,76,7,0.57,1,1,1,2,"qokeedy, okeedy, qoteedy, sheedy, oteedy, cheedy, qoeedy",0,0,0.052,0.381,16:0.000/0.358 24:0.000/0.419 32:0.168/0.360 48:0.000/0.371 64:0.093/0.400,low_reliability_or_unlikely,does not meet good candidate thresholds
section_currier,section_currier,B|B,conservative_morphology,e|ey|E,H08,45,36,7,0.556,1,1,1,3,"qokeey, sheey, cheey, okeey, oteey, qoteey, deey",0,0,0.267,0.406,16:0.244/0.394 24:0.267/0.425 32:0.289/0.406 48:0.222/0.377 64:0.311/0.431,low_reliability_or_unlikely,does not meet good candidate thresholds
section_currier,section_currier,B|B,conservative_morphology,e|y|E,R06,45,39,7,0.511,1,1,1,1,"shey, chey, qokey, otey, okey, qotey, qey",0,4,0.52,0.453,16:0.533/0.415 24:0.511/0.465 32:0.489/0.407 48:0.533/0.425 64:0.533/0.554,low_reliability_or_unlikely,does not meet good candidate thresholds
section_currier,section_currier,B|B,conservative_morphology,k|y|G,H01,28,27,3,0.857,1,1,1,3,"qoky, olky, oky",0,0,0.0,0.459,16:0.000/0.431 24:0.000/0.541 32:0.000/0.435 48:0.000/0.459 64:0.000/0.430,low_reliability_or_unlikely,does not meet good candidate thresholds
section_currier,section_currier,B|B,conservative_morphology,o|l|O,R06,100,69,12,0.58,1,1,1,4,"ol, qol, dol, sol, chol, okol, qotol, qokol",4,5,0.73,0.461,16:0.780/0.455 24:0.720/0.448 32:0.770/0.471 48:0.730/0.465 64:0.650/0.464,low_reliability_or_unlikely,does not meet good candidate thresholds
section_currier,section_currier,B|B,conservative_morphology,o|r|O,R06,21,20,8,0.667,1,1,1,2,"or, sor, qor, oror, dor, otor, okor, qokor",5,5,0.743,0.497,16:0.810/0.479 24:0.714/0.490 32:0.714/0.503 48:0.810/0.522 64:0.667/0.489,low_reliability_or_unlikely,does not meet good candidate thresholds
section_currier,section_currier,B|B,conservative_morphology,sh|edy|B,R00,15,14,6,0.467,1,1,1,2,"dshedy, olshedy, yshedy, sshedy, okshedy, qokshedy",0,0,0.387,0.531,16:0.333/0.516 24:0.400/0.537 32:0.467/0.528 48:0.333/0.547 64:0.400/0.526,low_reliability_or_unlikely,does not meet good candidate thresholds
section_currier,section_currier,H|A,conservative_morphology,a|iin|O,R10,113,91,10,0.761,1,1,1,3,"daiin, otaiin, saiin, chaiin, okaiin, aiin, qokaiin, qotaiin",1,1,0.133,0.495,16:0.000/0.437 24:0.000/0.466 32:0.000/0.430 48:0.000/0.457 64:0.664/0.687,low_reliability_or_unlikely,does not meet good candidate thresholds
section_currier,section_currier,H|A,conservative_morphology,a|in|O,R06,17,17,4,0.882,1,1,1,3,"dain, okain, shain, chain",3,4,0.694,0.489,16:0.824/0.482 24:0.471/0.487 32:0.588/0.486 48:0.824/0.498 64:0.765/0.494,low_reliability_or_unlikely,does not meet good candidate thresholds
section_currier,section_currier,H|A,conservative_morphology,a|l|O,R09,17,16,6,0.471,1,1,1,1,"dal, sal, okal, chal, qotal, al",0,0,0.0,0.468,16:0.000/0.444 24:0.000/0.465 32:0.000/0.473 48:0.000/0.478 64:0.000/0.479,low_reliability_or_unlikely,does not meet good candidate thresholds
section_currier,section_currier,H|A,conservative_morphology,a|m|O,R06,17,15,8,0.824,1,1,1,2,"dam, otam, am, sham, qokam, sam, cham, okam",2,2,0.471,0.475,16:0.647/0.458 24:0.353/0.477 32:0.294/0.469 48:0.706/0.503 64:0.353/0.469,low_reliability_or_unlikely,does not meet good candidate thresholds
section_currier,section_currier,H|A,conservative_morphology,a|r|O,R06,22,19,5,0.773,1,1,1,1,"dar, ar, char, qoar, sar",5,5,0.755,0.467,16:0.773/0.469 24:0.636/0.462 32:0.864/0.469 48:0.818/0.474 64:0.682/0.461,low_reliability_or_unlikely,does not meet good candidate thresholds
section_currier,section_currier,H|A,conservative_morphology,ch|or|B,R06,16,16,6,0.5,1,1,1,2,"dchor, ychor, otchor, okchor, qokchor, ochor",4,5,0.625,0.49,16:0.625/0.510 24:0.562/0.503 32:0.625/0.505 48:0.625/0.472 64:0.688/0.460,low_reliability_or_unlikely,does not meet good candidate thresholds
section_currier,section_currier,H|A,conservative_morphology,ch|y|B,R00,32,30,6,0.594,1,1,1,2,"chy, qotchy, qokchy, okchy, dchy, ochy",1,3,0.519,0.444,16:0.500/0.434 24:0.594/0.455 32:0.625/0.451 48:0.406/0.437 64:0.469/0.445,low_reliability_or_unlikely,does not meet good candidate thresholds
section_currier,section_currier,H|A,conservative_morphology,cth|y|XGX,R04,18,18,3,0.944,1,1,1,2,"cthy, chcthy, dcthy",0,0,0.0,0.388,16:0.000/0.337 24:0.000/0.339 32:0.000/0.438 48:0.000/0.408 64:0.000/0.417,low_reliability_or_unlikely,does not meet good candidate thresholds
section_currier,section_currier,H|A,conservative_morphology,d|y|D,R02,17,17,7,0.647,1,1,1,2,"dy, ody, oldy, chdy, ddy, otdy, qody",0,0,0.0,0.472,16:0.000/0.459 24:0.000/0.458 32:0.000/0.479 48:0.000/0.499 64:0.000/0.462,low_reliability_or_unlikely,does not meet good candidate thresholds
section_currier,section_currier,H|A,conservative_morphology,e|ol|E,R06,16,14,5,0.562,1,1,1,2,"sheol, qokeol, cheol, okeol, deol",0,3,0.575,0.441,16:0.688/0.427 24:0.438/0.485 32:0.625/0.446 48:0.500/0.447 64:0.625/0.398,low_reliability_or_unlikely,does not meet good candidate thresholds
section_currier,section_currier,H|A,conservative_morphology,e|y|E,R06,16,15,5,0.812,1,1,1,2,"shey, chey, okey, qokey, otey",4,5,0.775,0.512,16:0.812/0.445 24:0.750/0.491 32:0.812/0.462 48:0.688/0.458 64:0.812/0.706,low_reliability_or_unlikely,does not meet good candidate thresholds
section_currier,section_currier,H|A,conservative_morphology,k|y|G,R00,19,18,3,0.526,1,1,1,2,"oky, qoky, yky",5,5,0.989,0.492,16:1.000/0.474 24:1.000/0.544 32:1.000/0.466 48:1.000/0.488 64:0.947/0.489,low_reliability_or_unlikely,does not meet good candidate thresholds
section_currier,section_currier,H|A,conservative_morphology,o|dy|O,R00,15,15,3,0.8,1,1,1,2,"chody, shody, qokody",1,1,0.373,0.468,16:0.267/0.477 24:0.600/0.477 32:0.267/0.463 48:0.467/0.457 64:0.267/0.467,low_reliability_or_unlikely,does not meet good candidate thresholds
section_currier,section_currier,H|A,conservative_morphology,o|l|O,R07,101,76,11,0.594,1,1,1,2,"chol, shol, ol, qokol, dol, okol, sol, otol",0,0,0.0,0.452,16:0.000/0.446 24:0.000/0.437 32:0.000/0.469 48:0.000/0.455 64:0.000/0.453,low_reliability_or_unlikely,does not meet good candidate thresholds
section_currier,section_currier,H|A,conservative_morphology,o|r|O,R11,79,62,11,0.443,1,1,1,4,"chor, or, shor, dor, otor, okor, sor, qotor",0,0,0.0,0.473,16:0.000/0.460 24:0.000/0.471 32:0.000/0.480 48:0.000/0.488 64:0.000/0.466,low_reliability_or_unlikely,does not meet good candidate thresholds
section_currier,section_currier,H|B,conservative_morphology,a|iin|O,R06,28,21,7,0.5,1,1,2,1,"aiin, okaiin, daiin, saiin, oraiin, qokaiin, qotaiin",1,4,0.557,0.487,16:0.643/0.444 24:0.500/0.466 32:0.536/0.451 48:0.643/0.463 64:0.464/0.609,low_reliability_or_unlikely,does not meet good candidate thresholds
section_currier,section_currier,H|B,conservative_morphology,a|r|O,R06,32,18,5,0.594,1,1,2,1,"ar, dar, okar, qokar, qotar",0,2,0.469,0.436,16:0.562/0.447 24:0.469/0.437 32:0.500/0.437 48:0.469/0.434 64:0.344/0.426,low_reliability_or_unlikely,does not meet good candidate thresholds
section_currier,section_currier,H|B,conservative_morphology,d|y|D,R02,20,18,7,0.55,1,1,2,2,"chdy, ody, shdy, ydy, oldy, qody, dy",0,0,0.0,0.466,16:0.000/0.446 24:0.000/0.447 32:0.000/0.443 48:0.000/0.438 64:0.000/0.556,low_reliability_or_unlikely,does not meet good candidate thresholds
section_currier,section_currier,H|B,conservative_morphology,e|dy|E,H12,28,21,6,0.286,1,1,3,1,"qokedy, chedy, shedy, qotedy, otedy, okedy",0,0,0.0,0.404,16:0.000/0.384 24:0.000/0.433 32:0.000/0.383 48:0.000/0.378 64:0.000/0.443,low_reliability_or_unlikely,does not meet good candidate thresholds
section_currier,section_currier,P|A,conservative_morphology,eo|dy|EO,R00,15,11,5,0.467,1,1,1,2,"qokeody, cheody, okeody, sheody, oteody",1,4,0.533,0.47,16:0.600/0.459 24:0.533/0.511 32:0.400/0.437 48:0.600/0.447 64:0.533/0.493,low_reliability_or_unlikely,does not meet good candidate thresholds
section_currier,section_currier,P|A,conservative_morphology,o|l|O,R07,31,21,9,0.548,1,1,1,2,"chol, okol, qokol, dol, ol, orol, shol, sol",0,0,0.0,0.462,16:0.000/0.451 24:0.000/0.466 32:0.000/0.476 48:0.000/0.446 64:0.000/0.470,low_reliability_or_unlikely,does not meet good candidate thresholds
section_currier,section_currier,S|B,conservative_morphology,a|iin|O,R10,116,82,15,0.422,1,1,2,2,"aiin, daiin, qokaiin, okaiin, saiin, otaiin, qotaiin, chaiin",0,0,0.012,0.46,16:0.000/0.441 24:0.000/0.456 32:0.000/0.433 48:0.000/0.417 64:0.060/0.552,low_reliability_or_unlikely,does not meet good candidate thresholds
section_currier,section_currier,S|B,conservative_morphology,a|in|O,R06,81,57,12,0.296,1,1,1,1,"qokain, otain, dain, okain, qotain, ain, sain, oain",0,0,0.323,0.426,16:0.358/0.422 24:0.333/0.444 32:0.296/0.418 48:0.358/0.405 64:0.272/0.443,low_reliability_or_unlikely,does not meet good candidate thresholds
section_currier,section_currier,S|B,conservative_morphology,a|l|O,R06,56,45,10,0.357,1,1,2,1,"al, okal, qokal, chal, otal, qotal, dal, shal",0,0,0.421,0.431,16:0.482/0.430 24:0.429/0.427 32:0.482/0.429 48:0.429/0.426 64:0.286/0.442,low_reliability_or_unlikely,does not meet good candidate thresholds
section_currier,section_currier,S|B,conservative_morphology,a|r|O,R06,58,45,11,0.586,1,1,2,2,"ar, otar, qokar, okar, char, dar, sar, qotar",1,3,0.552,0.451,16:0.672/0.427 24:0.552/0.463 32:0.483/0.432 48:0.621/0.462 64:0.431/0.468,low_reliability_or_unlikely,does not meet good candidate thresholds
section_currier,section_currier,S|B,conservative_morphology,ckh|y|XGX,R00,18,17,3,0.778,1,1,1,1,"chckhy, shckhy, dckhy",5,5,0.944,0.473,16:0.944/0.450 24:1.000/0.480 32:1.000/0.502 48:1.000/0.475 64:0.778/0.456,low_reliability_or_unlikely,does not meet good candidate thresholds
section_currier,section_currier,S|B,conservative_morphology,e|dy|E,R02,100,69,6,0.41,1,1,2,2,"chedy, shedy, qokedy, otedy, qotedy, okedy",0,0,0.062,0.401,16:0.000/0.386 24:0.000/0.425 32:0.000/0.375 48:0.000/0.383 64:0.310/0.434,low_reliability_or_unlikely,does not meet good candidate thresholds
section_currier,section_currier,S|B,conservative_morphology,e|edy|E,H01,73,54,9,0.548,1,1,2,1,"qokeedy, okeedy, qoteedy, sheedy, oteedy, qoeedy, cheedy, oeedy",0,0,0.079,0.375,16:0.000/0.375 24:0.000/0.415 32:0.315/0.332 48:0.000/0.369 64:0.082/0.381,low_reliability_or_unlikely,does not meet good candidate thresholds
section_currier,section_currier,S|B,conservative_morphology,e|ey|E,R06,87,65,8,0.448,1,1,2,2,"qokeey, okeey, cheey, oteey, sheey, qoeey, qoteey, oleey",0,0,0.241,0.424,16:0.287/0.403 24:0.241/0.435 32:0.138/0.410 48:0.276/0.408 64:0.264/0.466,low_reliability_or_unlikely,does not meet good candidate thresholds
section_currier,section_currier,S|B,conservative_morphology,e|ol|E,R00,20,18,5,0.75,1,1,2,1,"cheol, okeol, qokeol, qoteol, qeol",0,1,0.37,0.419,16:0.150/0.419 24:0.350/0.436 32:0.600/0.421 48:0.350/0.407 64:0.400/0.410,low_reliability_or_unlikely,does not meet good candidate thresholds
section_currier,section_currier,S|B,conservative_morphology,e|y|E,R06,56,50,6,0.786,1,1,2,2,"chey, shey, qokey, otey, qotey, okey",2,4,0.614,0.484,16:0.750/0.425 24:0.661/0.451 32:0.339/0.424 48:0.607/0.431 64:0.714/0.690,low_reliability_or_unlikely,does not meet good candidate thresholds
section_currier,section_currier,S|B,conservative_morphology,o|l|O,R07,41,37,8,0.39,1,1,2,2,"chol, ol, shol, qol, sol, otol, qotol, qokol",0,0,0.0,0.459,16:0.000/0.447 24:0.000/0.445 32:0.000/0.468 48:0.000/0.477 64:0.000/0.460,low_reliability_or_unlikely,does not meet good candidate thresholds
section_currier,section_currier,S|B,conservative_morphology,o|r|O,R06,20,18,10,0.4,1,1,2,2,"or, chor, otor, qor, qokor, olor, oror, sor",1,4,0.54,0.47,16:0.700/0.467 24:0.400/0.457 32:0.550/0.471 48:0.500/0.491 64:0.550/0.463,low_reliability_or_unlikely,does not meet good candidate thresholds
section_currier,section_currier,T|B,conservative_morphology,a|iin|O,R10,18,15,7,0.444,1,1,2,3,"daiin, qokaiin, saiin, aiin, okaiin, qoaiin, oraiin",0,0,0.022,0.526,16:0.000/0.505 24:0.000/0.512 32:0.000/0.505 48:0.000/0.506 64:0.111/0.604,low_reliability_or_unlikely,does not meet good candidate thresholds
section_currier,section_currier,T|B,conservative_morphology,a|in|O,R06,20,15,8,0.45,1,1,1,2,"dain, okain, sain, olain, otain, qokain, qotain, ain",0,3,0.43,0.446,16:0.550/0.456 24:0.500/0.447 32:0.300/0.442 48:0.500/0.431 64:0.300/0.455,low_reliability_or_unlikely,does not meet good candidate thresholds
section_currier,section_currier,T|B,conservative_morphology,a|r|O,R03,19,13,6,0.579,1,1,2,2,"qokar, okar, dar, ar, otar, qotar",0,0,0.0,0.407,16:0.000/0.394 24:0.000/0.408 32:0.000/0.424 48:0.000/0.388 64:0.000/0.419,low_reliability_or_unlikely,does not meet good candidate thresholds
section_currier,section_currier,T|B,conservative_morphology,e|dy|E,R06,35,22,5,0.457,1,1,2,2,"shedy, chedy, qokedy, okedy, otedy",1,2,0.589,0.449,16:0.714/0.400 24:0.657/0.494 32:0.429/0.420 48:0.714/0.447 64:0.429/0.482,low_reliability_or_unlikely,does not meet good candidate thresholds
section_currier,section_currier,T|B,conservative_morphology,e|y|E,R06,18,14,4,0.611,1,1,2,2,"qokey, shey, chey, okey",3,4,0.556,0.499,16:0.611/0.444 24:0.611/0.482 32:0.333/0.463 48:0.611/0.474 64:0.611/0.634,low_reliability_or_unlikely,does not meet good candidate thresholds
section_currier,section_currier,A|nan,broad_shape,O|r,R06,17,17,10,0.647,1,1,1,6,"ar, dar, or, okar, sar, sor, olar, olor",0,2,0.471,0.545,16:0.529/0.531 24:0.353/0.541 32:0.471/0.547 48:0.529/0.565 64:0.471/0.541,low_reliability_or_unlikely,does not meet good candidate thresholds
section_currier,section_currier,B|B,broad_shape,B|dy,R00,20,18,9,0.55,1,1,1,5,"qokchdy, okchdy, otchdy, olshdy, dchdy, qotchdy, qokshdy, otshdy",5,5,0.65,0.49,16:0.650/0.466 24:0.650/0.524 32:0.650/0.459 48:0.650/0.496 64:0.650/0.507,low_reliability_or_unlikely,does not meet good candidate thresholds
section_currier,section_currier,B|B,broad_shape,B|edy,R00,34,32,14,0.559,1,1,1,2,"olchedy, dshedy, dchedy, olshedy, yshedy, ychedy, qokchedy, sshedy",0,0,0.335,0.517,16:0.265/0.504 24:0.382/0.522 32:0.412/0.510 48:0.324/0.529 64:0.294/0.519,low_reliability_or_unlikely,does not meet good candidate thresholds
section_currier,section_currier,B|B,broad_shape,B|ey,R00,20,19,12,0.6,1,1,1,1,"olchey, qokchey, olshey, otchey, dshey, orchey, yshey, otshey",0,0,0.34,0.462,16:0.300/0.437 24:0.350/0.488 32:0.400/0.453 48:0.250/0.451 64:0.400/0.481,low_reliability_or_unlikely,does not meet good candidate thresholds
section_currier,section_currier,B|B,broad_shape,D|y,R02,26,24,6,0.808,1,1,1,2,"dy, chdy, oldy, ydy, shdy, okdy",0,0,0.0,0.473,16:0.000/0.459 24:0.000/0.483 32:0.000/0.476 48:0.000/0.483 64:0.000/0.464,low_reliability_or_unlikely,does not meet good candidate thresholds
section_currier,section_currier,B|B,broad_shape,E|dy,R06,193,110,7,0.285,1,1,1,3,"shedy, qokedy, chedy, okedy, otedy, qotedy, dedy",0,0,0.421,0.405,16:0.472/0.388 24:0.373/0.442 32:0.456/0.379 48:0.440/0.396 64:0.363/0.421,low_reliability_or_unlikely,does not meet good candidate thresholds
section_currier,section_currier,B|B,broad_shape,E|edy,H01,107,76,7,0.57,1,1,1,2,"qokeedy, okeedy, qoteedy, sheedy, oteedy, cheedy, qoeedy",0,0,0.052,0.381,16:0.000/0.358 24:0.000/0.419 32:0.168/0.360 48:0.000/0.371 64:0.093/0.400,low_reliability_or_unlikely,does not meet good candidate thresholds
section_currier,section_currier,B|B,broad_shape,E|ey,H08,45,36,7,0.556,1,1,1,3,"qokeey, sheey, cheey, okeey, oteey, qoteey, deey",0,0,0.267,0.406,16:0.244/0.394 24:0.267/0.425 32:0.289/0.406 48:0.222/0.377 64:0.311/0.431,low_reliability_or_unlikely,does not meet good candidate thresholds
section_currier,section_currier,B|B,broad_shape,E|y,R06,45,39,7,0.511,1,1,1,1,"shey, chey, qokey, otey, okey, qotey, qey",0,4,0.52,0.453,16:0.533/0.415 24:0.511/0.465 32:0.489/0.407 48:0.533/0.425 64:0.533/0.554,low_reliability_or_unlikely,does not meet good candidate thresholds
section_currier,section_currier,B|B,broad_shape,GB|edy,R06,16,16,10,0.5,1,1,1,2,"pchedy, tchedy, qopshedy, kshedy, ykchedy, ofchedy, opchedy, qofchedy",0,0,0.125,0.388,16:0.000/0.370 24:0.062/0.380 32:0.000/0.384 48:0.438/0.372 64:0.125/0.436,low_reliability_or_unlikely,does not meet good candidate thresholds
section_currier,section_currier,B|B,broad_shape,G|edy,R00,21,19,5,0.619,1,1,1,3,"tedy, olkedy, ykedy, ytedy, kedy",0,3,0.876,0.411,16:0.857/0.426 24:1.000/0.431 32:0.857/0.396 48:0.905/0.387 64:0.762/0.416,low_reliability_or_unlikely,does not meet good candidate thresholds
section_currier,section_currier,B|B,broad_shape,G|y,H01,37,34,6,0.811,1,1,1,3,"qoky, qoty, olky, oty, oky, opy",0,0,0.0,0.439,16:0.000/0.417 24:0.000/0.493 32:0.000/0.439 48:0.000/0.427 64:0.000/0.419,low_reliability_or_unlikely,does not meet good candidate thresholds
section_currier,section_currier,B|B,broad_shape,LB|edy,R00,21,21,5,1.0,1,1,1,1,"lchedy, lshedy, qolchedy, qorchedy, rshedy",0,1,0.295,0.482,16:0.238/0.482 24:0.524/0.487 32:0.190/0.479 48:0.238/0.484 64:0.286/0.480,low_reliability_or_unlikely,does not meet good candidate thresholds
section_currier,section_currier,B|B,broad_shape,L|y,R06,16,16,5,0.562,1,1,1,3,"oly, ly, ory, dly, qoly",0,1,0.388,0.491,16:0.562/0.458 24:0.312/0.482 32:0.312/0.497 48:0.312/0.522 64:0.438/0.494,low_reliability_or_unlikely,does not meet good candidate thresholds
section_currier,section_currier,B|B,broad_shape,O|iin,R10,58,48,9,0.5,1,1,1,3,"daiin, saiin, okaiin, qokaiin, aiin, otaiin, olaiin, qotaiin",0,0,0.048,0.469,16:0.000/0.436 24:0.000/0.455 32:0.000/0.438 48:0.000/0.455 64:0.241/0.559,low_reliability_or_unlikely,does not meet good candidate thresholds
section_currier,section_currier,B|B,broad_shape,O|in,H08,83,65,10,0.434,1,1,1,2,"qokain, dain, okain, sain, otain, qotain, shain, orain",0,0,0.229,0.423,16:0.120/0.407 24:0.253/0.458 32:0.169/0.425 48:0.253/0.405 64:0.349/0.418,low_reliability_or_unlikely,does not meet good candidate thresholds
section_currier,section_currier,B|B,broad_shape,O|l,R06,160,98,21,0.419,1,1,1,6,"ol, qokal, qol, dal, dol, sol, otal, chol",1,5,0.584,0.452,16:0.625/0.439 24:0.581/0.451 32:0.613/0.462 48:0.588/0.452 64:0.512/0.459,low_reliability_or_unlikely,does not meet good candidate thresholds
section_currier,section_currier,B|B,broad_shape,O|r,R06,63,53,17,0.524,1,1,1,4,"dar, qokar, or, otar, sar, sor, okar, qotar",0,4,0.54,0.45,16:0.587/0.431 24:0.540/0.461 32:0.540/0.455 48:0.556/0.452 64:0.476/0.449,low_reliability_or_unlikely,does not meet good candidate thresholds
section_currier,section_currier,B|B,broad_shape,XGX|y,R00,29,25,7,0.517,1,1,1,1,"chckhy, chcthy, shckhy, qckhsy, shcthy, qcthy, ckhy",2,4,0.931,0.439,16:0.931/0.390 24:0.966/0.444 32:0.897/0.489 48:0.966/0.412 64:0.897/0.462,low_reliability_or_unlikely,does not meet good candidate thresholds
section_currier,section_currier,C|nan,broad_shape,O|l,R06,16,11,10,0.5,1,1,1,4,"al, dal, ol, okol, orol, qokol, sol, qokal",2,4,0.65,0.449,16:0.750/0.457 24:0.625/0.446 32:0.750/0.469 48:0.750/0.416 64:0.375/0.459,low_reliability_or_unlikely,does not meet good candidate thresholds
section_currier,section_currier,H|A,broad_shape,BO|NONE,R00,19,18,9,0.526,1,1,1,2,"cho, dcho, qokcho, dsho, otcho, osho, ycho, ssho",0,0,0.295,0.499,16:0.263/0.493 24:0.421/0.516 32:0.316/0.508 48:0.158/0.500 64:0.316/0.478,low_reliability_or_unlikely,does not meet good candidate thresholds
section_currier,section_currier,H|A,broad_shape,B|ol,R06,15,15,9,0.4,1,1,1,2,"otchol, ychol, qotchol, dchol, okchol, qokshol, ochol, oshol",1,4,0.533,0.485,16:0.533/0.486 24:0.467/0.496 32:0.533/0.465 48:0.533/0.482 64:0.600/0.497,low_reliability_or_unlikely,does not meet good candidate thresholds
section_currier,section_currier,H|A,broad_shape,B|or,R06,20,20,10,0.5,1,1,1,2,"dchor, ychor, otchor, okchor, ochor, qokchor, okshor, yshor",4,5,0.6,0.488,16:0.600/0.503 24:0.550/0.500 32:0.600/0.496 48:0.600/0.476 64:0.650/0.462,low_reliability_or_unlikely,does not meet good candidate thresholds
section_currier,section_currier,H|A,broad_shape,B|y,R00,38,34,11,0.579,1,1,1,2,"chy, qotchy, qokchy, okchy, dchy, dshy, okshy, orshy",1,3,0.511,0.454,16:0.500/0.440 24:0.579/0.464 32:0.605/0.460 48:0.421/0.457 64:0.447/0.448,low_reliability_or_unlikely,does not meet good candidate thresholds
section_currier,section_currier,H|A,broad_shape,D|y,R02,17,17,7,0.647,1,1,1,2,"dy, ody, oldy, chdy, ddy, otdy, qody",0,0,0.0,0.472,16:0.000/0.459 24:0.000/0.458 32:0.000/0.479 48:0.000/0.499 64:0.000/0.462,low_reliability_or_unlikely,does not meet good candidate thresholds
section_currier,section_currier,H|A,broad_shape,E|ol,R06,18,14,7,0.5,1,1,1,2,"sheol, qokeol, cheol, okeol, okeeol, qoteeol, deol",0,3,0.511,0.435,16:0.611/0.425 24:0.389/0.482 32:0.556/0.435 48:0.444/0.433 64:0.556/0.400,low_reliability_or_unlikely,does not meet good candidate thresholds
section_currier,section_currier,H|A,broad_shape,E|y,R06,16,15,5,0.812,1,1,1,2,"shey, chey, okey, qokey, otey",4,5,0.775,0.512,16:0.812/0.445 24:0.750/0.491 32:0.812/0.462 48:0.688/0.458 64:0.812/0.706,low_reliability_or_unlikely,does not meet good candidate thresholds
section_currier,section_currier,H|A,broad_shape,GB|or,R06,16,15,10,0.75,1,1,1,3,"tchor, kchor, ytchor, chtchor, opchor, tshor, fshor, yfchor",0,0,0.113,0.426,16:0.000/0.373 24:0.062/0.411 32:0.062/0.421 48:0.188/0.463 64:0.250/0.459,low_reliability_or_unlikely,does not meet good candidate thresholds
section_currier,section_currier,H|A,broad_shape,GB|y,R06,27,19,12,0.815,1,1,1,3,"kchy, tchy, ytchy, ykchy, chkchy, opchy, ykshy, qopchy",0,0,0.015,0.421,16:0.000/0.393 24:0.000/0.433 32:0.000/0.424 48:0.037/0.427 64:0.037/0.431,low_reliability_or_unlikely,does not meet good candidate thresholds
section_currier,section_currier,H|A,broad_shape,G|y,H01,28,27,7,0.393,1,1,1,2,"oky, qoky, qoty, yky, oty, yty, ty",0,0,0.0,0.458,16:0.000/0.441 24:0.000/0.486 32:0.000/0.455 48:0.000/0.450 64:0.000/0.457,low_reliability_or_unlikely,does not meet good candidate thresholds
section_currier,section_currier,H|A,broad_shape,O|dy,R00,16,16,4,0.75,1,1,1,2,"chody, shody, dady, qokody",1,1,0.4,0.469,16:0.312/0.479 24:0.625/0.475 32:0.312/0.467 48:0.438/0.459 64:0.312/0.468,low_reliability_or_unlikely,does not meet good candidate thresholds
section_currier,section_currier,H|A,broad_shape,O|iin,R10,120,95,14,0.717,1,1,1,3,"daiin, otaiin, saiin, chaiin, okaiin, aiin, qokaiin, doiin",1,1,0.127,0.499,16:0.000/0.443 24:0.000/0.470 32:0.000/0.435 48:0.000/0.465 64:0.633/0.685,low_reliability_or_unlikely,does not meet good candidate thresholds
section_currier,section_currier,H|A,broad_shape,O|in,R06,17,17,4,0.882,1,1,1,3,"dain, okain, shain, chain",3,4,0.694,0.489,16:0.824/0.482 24:0.471/0.487 32:0.588/0.486 48:0.824/0.498 64:0.765/0.494,low_reliability_or_unlikely,does not meet good candidate thresholds
section_currier,section_currier,H|A,broad_shape,O|l,R07,118,87,17,0.534,1,1,1,2,"chol, shol, ol, dal, qokol, okol, dol, okal",0,0,0.0,0.454,16:0.000/0.446 24:0.000/0.441 32:0.000/0.470 48:0.000/0.458 64:0.000/0.456,low_reliability_or_unlikely,does not meet good candidate thresholds
section_currier,section_currier,H|A,broad_shape,O|m,R06,26,23,15,0.692,1,1,1,2,"dam, otam, am, sham, om, chom, qokam, sam",0,2,0.385,0.475,16:0.654/0.445 24:0.269/0.475 32:0.231/0.476 48:0.500/0.509 64:0.269/0.471,low_reliability_or_unlikely,does not meet good candidate thresholds
section_currier,section_currier,H|A,broad_shape,O|r,R06,101,75,16,0.475,1,1,1,4,"chor, or, dar, shor, dor, ar, char, otor",4,5,0.741,0.472,16:0.812/0.462 24:0.584/0.469 32:0.802/0.477 48:0.792/0.485 64:0.713/0.465,low_reliability_or_unlikely,does not meet good candidate thresholds
section_currier,section_currier,H|A,broad_shape,XGX|ol,R07,22,21,4,0.682,1,1,1,1,"cthol, cphol, ckhol, chckhol",0,0,0.0,0.394,16:0.000/0.353 24:0.000/0.361 32:0.000/0.379 48:0.000/0.412 64:0.000/0.466,low_reliability_or_unlikely,does not meet good candidate thresholds
section_currier,section_currier,H|A,broad_shape,XGX|or,R04,17,17,4,0.765,1,1,1,2,"cthor, ckhor, chcthor, chckhor",0,0,0.0,0.402,16:0.000/0.365 24:0.000/0.373 32:0.000/0.385 48:0.000/0.447 64:0.000/0.439,low_reliability_or_unlikely,does not meet good candidate thresholds
section_currier,section_currier,H|A,broad_shape,XGX|y,R04,34,30,9,0.5,1,1,1,2,"cthy, ckhy, cphy, chckhy, chcthy, cfhy, qockhy, dcthy",0,0,0.0,0.438,16:0.000/0.398 24:0.000/0.426 32:0.000/0.476 48:0.000/0.455 64:0.000/0.436,low_reliability_or_unlikely,does not meet good candidate thresholds
section_currier,section_currier,H|A,broad_shape,X|NONE,R06,24,24,2,0.917,1,1,1,3,"s, g",1,2,0.533,0.462,16:0.958/0.421 24:0.250/0.465 32:0.458/0.471 48:0.625/0.474 64:0.375/0.479,low_reliability_or_unlikely,does not meet good candidate thresholds
section_currier,section_currier,H|A,broad_shape,X|y,R06,15,15,2,1.0,1,1,1,2,"shy, sy",4,5,0.733,0.472,16:1.000/0.442 24:0.600/0.495 32:0.600/0.463 48:0.800/0.452 64:0.667/0.508,low_reliability_or_unlikely,does not meet good candidate thresholds
section_currier,section_currier,H|B,broad_shape,D|y,R02,20,18,7,0.55,1,1,2,2,"chdy, ody, shdy, ydy, oldy, qody, dy",0,0,0.0,0.466,16:0.000/0.446 24:0.000/0.447 32:0.000/0.443 48:0.000/0.438 64:0.000/0.556,low_reliability_or_unlikely,does not meet good candidate thresholds
section_currier,section_currier,H|B,broad_shape,E|dy,H12,28,21,6,0.286,1,1,3,1,"qokedy, chedy, shedy, qotedy, otedy, okedy",0,0,0.0,0.404,16:0.000/0.384 24:0.000/0.433 32:0.000/0.383 48:0.000/0.378 64:0.000/0.443,low_reliability_or_unlikely,does not meet good candidate thresholds
section_currier,section_currier,H|B,broad_shape,G|y,R00,16,10,7,0.438,1,1,2,1,"chky, oty, qoky, oky, yty, chty, qoty",1,4,0.963,0.428,16:1.000/0.390 24:1.000/0.416 32:1.000/0.456 48:0.875/0.444 64:0.938/0.435,low_reliability_or_unlikely,does not meet good candidate thresholds
section_currier,section_currier,H|B,broad_shape,O|iin,R06,28,21,7,0.5,1,1,2,1,"aiin, okaiin, daiin, saiin, oraiin, qokaiin, qotaiin",1,4,0.557,0.487,16:0.643/0.444 24:0.500/0.466 32:0.536/0.451 48:0.643/0.463 64:0.464/0.609,low_reliability_or_unlikely,does not meet good candidate thresholds
section_currier,section_currier,H|B,broad_shape,O|l,R07,19,14,9,0.368,1,1,3,1,"dal, okal, ol, al, okol, chol, qokal, shol",0,0,0.0,0.452,16:0.000/0.440 24:0.000/0.464 32:0.000/0.472 48:0.000/0.453 64:0.000/0.432,low_reliability_or_unlikely,does not meet good candidate thresholds
section_currier,section_currier,H|B,broad_shape,O|r,R06,45,23,10,0.6,1,1,2,2,"ar, or, dar, okar, qokar, otor, qotar, chor",0,1,0.476,0.429,16:0.578/0.439 24:0.467/0.431 32:0.489/0.430 48:0.467/0.428 64:0.378/0.418,low_reliability_or_unlikely,does not meet good candidate thresholds
section_currier,section_currier,P|A,broad_shape,EO|dy,R00,16,11,6,0.5,1,1,1,2,"qokeody, cheody, okeody, sheody, okeady, oteody",2,4,0.562,0.473,16:0.625/0.463 24:0.562/0.514 32:0.438/0.439 48:0.625/0.452 64:0.562/0.498,low_reliability_or_unlikely,does not meet good candidate thresholds
section_currier,section_currier,P|A,broad_shape,O|l,R07,34,23,11,0.529,1,1,1,2,"chol, okol, qokol, dol, dal, ol, orol, shol",0,0,0.0,0.458,16:0.000/0.444 24:0.000/0.461 32:0.000/0.473 48:0.000/0.442 64:0.000/0.468,low_reliability_or_unlikely,does not meet good candidate thresholds
section_currier,section_currier,P|A,broad_shape,O|r,R06,17,16,10,0.412,1,1,1,2,"chor, or, otor, qoor, dar, orar, oror, shor",0,3,0.518,0.546,16:0.588/0.539 24:0.412/0.540 32:0.529/0.544 48:0.588/0.563 64:0.471/0.541,low_reliability_or_unlikely,does not meet good candidate thresholds
section_currier,section_currier,S|A,broad_shape,O|r,R06,15,11,10,0.467,1,1,1,2,"qokar, ar, dar, shar, or, qokor, okar, chor",0,2,0.48,0.456,16:0.600/0.437 24:0.333/0.507 32:0.533/0.445 48:0.467/0.438 64:0.467/0.453,low_reliability_or_unlikely,does not meet good candidate thresholds
section_currier,section_currier,S|B,broad_shape,B|ey,R00,16,16,12,0.375,1,1,1,1,"qokchey, olchey, qochey, sshey, oshey, qokshey, yshey, dchey",0,1,0.338,0.474,16:0.250/0.450 24:0.188/0.503 32:0.500/0.470 48:0.312/0.456 64:0.438/0.490,low_reliability_or_unlikely,does not meet good candidate thresholds
section_currier,section_currier,S|B,broad_shape,E|ar,R00,17,15,8,0.588,1,1,1,2,"chear, qokear, qokeear, shear, ear, cheear, qeear, okear",0,2,0.424,0.425,16:0.176/0.413 24:0.529/0.445 32:0.647/0.400 48:0.412/0.411 64:0.353/0.457,low_reliability_or_unlikely,does not meet good candidate thresholds
section_currier,section_currier,S|B,broad_shape,E|dy,R02,100,69,6,0.41,1,1,2,2,"chedy, shedy, qokedy, otedy, qotedy, okedy",0,0,0.062,0.401,16:0.000/0.386 24:0.000/0.425 32:0.000/0.375 48:0.000/0.383 64:0.310/0.434,low_reliability_or_unlikely,does not meet good candidate thresholds
section_currier,section_currier,S|B,broad_shape,E|edy,H01,73,54,9,0.548,1,1,2,1,"qokeedy, okeedy, qoteedy, sheedy, oteedy, qoeedy, cheedy, oeedy",0,0,0.079,0.375,16:0.000/0.375 24:0.000/0.415 32:0.315/0.332 48:0.000/0.369 64:0.082/0.381,low_reliability_or_unlikely,does not meet good candidate thresholds
section_currier,section_currier,S|B,broad_shape,E|ey,R06,87,65,8,0.448,1,1,2,2,"qokeey, okeey, cheey, oteey, sheey, qoeey, qoteey, oleey",0,0,0.241,0.424,16:0.287/0.403 24:0.241/0.435 32:0.138/0.410 48:0.276/0.408 64:0.264/0.466,low_reliability_or_unlikely,does not meet good candidate thresholds
section_currier,section_currier,S|B,broad_shape,E|ol,R00,20,18,5,0.75,1,1,2,1,"cheol, okeol, qokeol, qoteol, qeol",0,1,0.37,0.419,16:0.150/0.419 24:0.350/0.436 32:0.600/0.421 48:0.350/0.407 64:0.400/0.410,low_reliability_or_unlikely,does not meet good candidate thresholds
section_currier,section_currier,S|B,broad_shape,E|y,R06,56,50,6,0.786,1,1,2,2,"chey, shey, qokey, otey, qotey, okey",2,4,0.614,0.484,16:0.750/0.425 24:0.661/0.451 32:0.339/0.424 48:0.607/0.431 64:0.714/0.690,low_reliability_or_unlikely,does not meet good candidate thresholds
section_currier,section_currier,S|B,broad_shape,GB|edy,R00,16,14,10,0.625,1,1,2,2,"opchedy, kchedy, fchedy, olkchedy, tshedy, pchedy, tchedy, ytchedy",0,3,0.887,0.395,16:0.875/0.357 24:1.000/0.361 32:0.938/0.403 48:0.812/0.429 64:0.812/0.424,low_reliability_or_unlikely,does not meet good candidate thresholds
section_currier,section_currier,S|B,broad_shape,G|y,H01,18,18,7,0.389,1,1,2,1,"qoky, oky, oty, qoty, shky, chky, shty",0,0,0.0,0.452,16:0.000/0.444 24:0.000/0.444 32:0.000/0.470 48:0.000/0.439 64:0.000/0.465,low_reliability_or_unlikely,does not meet good candidate thresholds
section_currier,section_currier,S|B,broad_shape,LB|edy,R00,15,15,2,1.0,1,1,1,1,"lchedy, lshedy",0,1,0.32,0.45,16:0.000/0.436 24:0.533/0.456 32:0.333/0.446 48:0.267/0.445 64:0.467/0.465,low_reliability_or_unlikely,does not meet good candidate thresholds
section_currier,section_currier,S|B,broad_shape,O|iin,R10,117,83,16,0.419,1,1,2,2,"aiin, daiin, qokaiin, okaiin, saiin, otaiin, qotaiin, oraiin",0,0,0.012,0.461,16:0.000/0.442 24:0.000/0.457 32:0.000/0.434 48:0.000/0.419 64:0.060/0.553,low_reliability_or_unlikely,does not meet good candidate thresholds
section_currier,section_currier,S|B,broad_shape,O|in,R06,81,57,12,0.296,1,1,1,1,"qokain, otain, dain, okain, qotain, ain, sain, oain",0,0,0.323,0.426,16:0.358/0.422 24:0.333/0.444 32:0.296/0.418 48:0.358/0.405 64:0.272/0.443,low_reliability_or_unlikely,does not meet good candidate thresholds
section_currier,section_currier,S|B,broad_shape,O|l,R06,97,74,18,0.361,1,1,2,2,"al, chol, ol, okal, qokal, chal, otal, dal",0,4,0.546,0.443,16:0.629/0.437 24:0.567/0.434 32:0.598/0.446 48:0.577/0.448 64:0.361/0.449,low_reliability_or_unlikely,does not meet good candidate thresholds
section_currier,section_currier,S|B,broad_shape,O|r,R06,78,56,21,0.538,1,1,2,2,"ar, otar, or, qokar, chor, dar, char, okar",0,4,0.549,0.455,16:0.679/0.437 24:0.513/0.462 32:0.500/0.442 48:0.590/0.469 64:0.462/0.467,low_reliability_or_unlikely,does not meet good candidate thresholds
section_currier,section_currier,S|B,broad_shape,XGX|y,R00,25,24,6,0.56,1,1,1,1,"chckhy, chcthy, shckhy, qocthy, dckhy, shcthy",1,5,0.936,0.446,16:0.960/0.421 24:1.000/0.436 32:0.960/0.497 48:0.960/0.429 64:0.800/0.449,low_reliability_or_unlikely,does not meet good candidate thresholds
section_currier,section_currier,T|B,broad_shape,E|dy,R06,35,22,5,0.457,1,1,2,2,"shedy, chedy, qokedy, okedy, otedy",1,2,0.589,0.449,16:0.714/0.400 24:0.657/0.494 32:0.429/0.420 48:0.714/0.447 64:0.429/0.482,low_reliability_or_unlikely,does not meet good candidate thresholds
section_currier,section_currier,T|B,broad_shape,E|y,R06,18,14,4,0.611,1,1,2,2,"qokey, shey, chey, okey",3,4,0.556,0.499,16:0.611/0.444 24:0.611/0.482 32:0.333/0.463 48:0.611/0.474 64:0.611/0.634,low_reliability_or_unlikely,does not meet good candidate thresholds
section_currier,section_currier,T|B,broad_shape,O|iin,R10,18,15,7,0.444,1,1,2,3,"daiin, qokaiin, saiin, aiin, okaiin, qoaiin, oraiin",0,0,0.022,0.526,16:0.000/0.505 24:0.000/0.512 32:0.000/0.505 48:0.000/0.506 64:0.111/0.604,low_reliability_or_unlikely,does not meet good candidate thresholds
section_currier,section_currier,T|B,broad_shape,O|in,R06,20,15,8,0.45,1,1,1,2,"dain, okain, sain, olain, otain, qokain, qotain, ain",0,3,0.43,0.446,16:0.550/0.456 24:0.500/0.447 32:0.300/0.442 48:0.500/0.431 64:0.300/0.455,low_reliability_or_unlikely,does not meet good candidate thresholds
section_currier,section_currier,T|B,broad_shape,O|l,R06,23,17,12,0.261,1,1,2,1,"qokal, ol, al, okal, qol, qotal, chol, shol",0,4,0.504,0.405,16:0.565/0.403 24:0.565/0.400 32:0.565/0.440 48:0.565/0.401 64:0.261/0.381,low_reliability_or_unlikely,does not meet good candidate thresholds
section_currier,section_currier,T|B,broad_shape,O|r,R06,25,17,9,0.48,1,1,2,2,"qokar, okar, dar, or, ar, sor, dor, otar",0,0,0.392,0.43,16:0.480/0.418 24:0.320/0.427 32:0.440/0.442 48:0.400/0.422 64:0.320/0.439,low_reliability_or_unlikely,does not meet good candidate thresholds
section_currier,section_currier,B|B,stolfi_inspired_signature,G_k|S_EDY|T_dy,H12,74,51,2,0.716,1,1,1,3,"qokedy, okedy",0,0,0.0,0.354,16:0.000/0.325 24:0.000/0.432 32:0.000/0.312 48:0.000/0.346 64:0.000/0.352,low_reliability_or_unlikely,does not meet good candidate thresholds
section_currier,section_currier,B|B,stolfi_inspired_signature,G_k|S_EDY|T_edy,H01,63,50,2,0.73,1,1,1,2,"qokeedy, okeedy",0,0,0.054,0.373,16:0.000/0.341 24:0.000/0.432 32:0.270/0.353 48:0.000/0.365 64:0.000/0.375,low_reliability_or_unlikely,does not meet good candidate thresholds
section_currier,section_currier,B|B,stolfi_inspired_signature,G_k|S_EY|T_ey,H08,28,25,2,0.893,1,1,1,3,"qokeey, okeey",0,0,0.429,0.383,16:0.393/0.387 24:0.429/0.422 32:0.464/0.395 48:0.357/0.348 64:0.500/0.362,low_reliability_or_unlikely,does not meet good candidate thresholds
section_currier,section_currier,B|B,stolfi_inspired_signature,G_k|S_GY|T_y,H01,28,27,3,0.857,1,1,1,3,"qoky, olky, oky",0,0,0.0,0.459,16:0.000/0.431 24:0.000/0.541 32:0.000/0.435 48:0.000/0.459 64:0.000/0.430,low_reliability_or_unlikely,does not meet good candidate thresholds
section_currier,section_currier,B|B,stolfi_inspired_signature,G_k|S_OEL|T_in,H08,47,42,3,0.766,1,1,1,2,"qokain, okain, qokoin",0,0,0.396,0.405,16:0.213/0.383 24:0.447/0.465 32:0.298/0.417 48:0.447/0.377 64:0.574/0.382,low_reliability_or_unlikely,does not meet good candidate thresholds
section_currier,section_currier,B|B,stolfi_inspired_signature,G_k|S_OIL|T_iin,R10,19,19,2,0.526,1,1,1,2,"okaiin, qokaiin",0,0,0.0,0.398,16:0.000/0.380 24:0.000/0.428 32:0.000/0.400 48:0.000/0.388 64:0.000/0.396,low_reliability_or_unlikely,does not meet good candidate thresholds
section_currier,section_currier,B|B,stolfi_inspired_signature,G_k|S_OL|T_l,H08,32,26,4,0.75,1,1,1,3,"qokal, qokol, okol, okal",0,1,0.362,0.43,16:0.250/0.386 24:0.438/0.485 32:0.219/0.447 48:0.406/0.409 64:0.500/0.423,low_reliability_or_unlikely,does not meet good candidate thresholds
section_currier,section_currier,B|B,stolfi_inspired_signature,G_k|S_OL|T_r,R03,16,16,4,0.875,1,1,1,3,"qokar, okar, okor, qokor",0,0,0.0,0.424,16:0.000/0.408 24:0.000/0.475 32:0.000/0.438 48:0.000/0.389 64:0.000/0.412,low_reliability_or_unlikely,does not meet good candidate thresholds
section_currier,section_currier,B|B,stolfi_inspired_signature,G_k|S_XGXY|T_y,R00,20,18,4,0.7,1,1,1,1,"chckhy, shckhy, qckhsy, ckhy",4,5,0.92,0.469,16:0.900/0.419 24:0.950/0.504 32:0.900/0.481 48:0.950/0.466 64:0.900/0.476,low_reliability_or_unlikely,does not meet good candidate thresholds
section_currier,section_currier,B|B,stolfi_inspired_signature,G_t|S_EDY|T_dy,R01,27,24,2,0.519,1,1,1,3,"otedy, qotedy",0,0,0.0,0.341,16:0.000/0.350 24:0.000/0.343 32:0.000/0.320 48:0.000/0.315 64:0.000/0.374,low_reliability_or_unlikely,does not meet good candidate thresholds
section_currier,section_currier,B|B,stolfi_inspired_signature,G_t|S_EDY|T_edy,H01,22,19,2,0.682,1,1,1,1,"qoteedy, oteedy",0,0,0.1,0.318,16:0.000/0.314 24:0.000/0.323 32:0.045/0.285 48:0.000/0.281 64:0.455/0.388,low_reliability_or_unlikely,does not meet good candidate thresholds
section_currier,section_currier,B|B,stolfi_inspired_signature,G_t|S_OL|T_l,H13,17,14,4,0.529,1,1,1,2,"qotal, otal, qotol, otol",0,0,0.035,0.326,16:0.000/0.347 24:0.000/0.306 32:0.000/0.284 48:0.000/0.312 64:0.176/0.383,low_reliability_or_unlikely,does not meet good candidate thresholds
section_currier,section_currier,B|B,stolfi_inspired_signature,NG|S_BEDY|T_edy,R00,28,27,9,0.571,1,1,1,2,"olchedy, dshedy, dchedy, olshedy, yshedy, ychedy, sshedy, schedy",0,0,0.214,0.54,16:0.143/0.528 24:0.250/0.545 32:0.286/0.540 48:0.179/0.549 64:0.214/0.535,low_reliability_or_unlikely,does not meet good candidate thresholds
section_currier,section_currier,B|B,stolfi_inspired_signature,NG|S_DY|T_y,R02,25,23,5,0.84,1,1,1,2,"dy, chdy, oldy, ydy, shdy",0,0,0.0,0.472,16:0.000/0.456 24:0.000/0.480 32:0.000/0.477 48:0.000/0.485 64:0.000/0.464,low_reliability_or_unlikely,does not meet good candidate thresholds
section_currier,section_currier,B|B,stolfi_inspired_signature,NG|S_EDY|T_dy,R06,92,75,3,0.598,1,1,1,2,"shedy, chedy, dedy",4,5,0.883,0.466,16:0.989/0.449 24:0.783/0.479 32:0.957/0.451 48:0.924/0.459 64:0.761/0.491,low_reliability_or_unlikely,does not meet good candidate thresholds
section_currier,section_currier,B|B,stolfi_inspired_signature,NG|S_EDY|T_edy,R06,22,20,3,0.864,1,1,1,1,"sheedy, cheedy, qoeedy",4,5,0.873,0.468,16:0.955/0.450 24:0.773/0.480 32:0.909/0.453 48:0.864/0.477 64:0.864/0.483,low_reliability_or_unlikely,does not meet good candidate thresholds
section_currier,section_currier,B|B,stolfi_inspired_signature,NG|S_EY|T_y,R06,24,24,3,0.958,1,1,1,1,"shey, chey, qey",4,5,0.975,0.523,16:1.000/0.449 24:0.958/0.512 32:0.917/0.458 48:1.000/0.490 64:1.000/0.708,low_reliability_or_unlikely,does not meet good candidate thresholds
section_currier,section_currier,B|B,stolfi_inspired_signature,NG|S_LBEDY|T_edy,R00,21,21,5,1.0,1,1,1,1,"lchedy, lshedy, qolchedy, qorchedy, rshedy",0,1,0.295,0.482,16:0.238/0.482 24:0.524/0.487 32:0.190/0.479 48:0.238/0.484 64:0.286/0.480,low_reliability_or_unlikely,does not meet good candidate thresholds
section_currier,section_currier,B|B,stolfi_inspired_signature,NG|S_LY|T_y,R06,16,16,5,0.562,1,1,1,3,"oly, ly, ory, dly, qoly",0,1,0.388,0.491,16:0.562/0.458 24:0.312/0.482 32:0.312/0.497 48:0.312/0.522 64:0.438/0.494,low_reliability_or_unlikely,does not meet good candidate thresholds
section_currier,section_currier,B|B,stolfi_inspired_signature,NG|S_OEL|T_in,R06,24,21,5,0.958,1,1,1,1,"dain, sain, shain, orain, ain",5,5,0.892,0.513,16:1.000/0.506 24:0.833/0.517 32:0.875/0.508 48:0.875/0.519 64:0.875/0.514,low_reliability_or_unlikely,does not meet good candidate thresholds
section_currier,section_currier,B|B,stolfi_inspired_signature,NG|S_OIL|T_iin,R06,36,32,5,0.528,1,1,1,2,"daiin, saiin, aiin, olaiin, soiin",4,5,0.833,0.519,16:0.972/0.476 24:0.778/0.481 32:0.889/0.471 48:0.944/0.502 64:0.583/0.662,low_reliability_or_unlikely,does not meet good candidate thresholds
section_currier,section_currier,B|B,stolfi_inspired_signature,NG|S_OL|T_l,R06,111,75,13,0.604,1,1,1,4,"ol, qol, dal, dol, sol, chol, sal, chal",5,5,0.841,0.478,16:0.901/0.468 24:0.838/0.464 32:0.883/0.493 48:0.847/0.486 64:0.739/0.481,low_reliability_or_unlikely,does not meet good candidate thresholds
section_currier,section_currier,B|B,stolfi_inspired_signature,NG|S_OL|T_r,R06,38,34,10,0.868,1,1,1,2,"dar, or, sar, sor, oror, qor, ar, dor",5,5,0.874,0.492,16:0.974/0.470 24:0.895/0.490 32:0.868/0.494 48:0.895/0.521 64:0.737/0.484,low_reliability_or_unlikely,does not meet good candidate thresholds
section_currier,section_currier,H|A,stolfi_inspired_signature,G_k|S_GBY|T_y,R06,15,12,6,0.867,1,1,1,1,"kchy, ykchy, chkchy, ykshy, shkchy, shkshy",0,0,0.0,0.472,16:0.000/0.454 24:0.000/0.512 32:0.000/0.449 48:0.000/0.467 64:0.000/0.476,low_reliability_or_unlikely,does not meet good candidate thresholds
section_currier,section_currier,H|A,stolfi_inspired_signature,G_k|S_GY|T_y,R00,19,18,3,0.526,1,1,1,2,"oky, qoky, yky",5,5,0.989,0.492,16:1.000/0.474 24:1.000/0.544 32:1.000/0.466 48:1.000/0.488 64:0.947/0.489,low_reliability_or_unlikely,does not meet good candidate thresholds
section_currier,section_currier,H|A,stolfi_inspired_signature,G_t|S_XGXY|T_y,R04,18,18,3,0.944,1,1,1,2,"cthy, chcthy, dcthy",0,0,0.0,0.388,16:0.000/0.337 24:0.000/0.339 32:0.000/0.438 48:0.000/0.408 64:0.000/0.417,low_reliability_or_unlikely,does not meet good candidate thresholds
section_currier,section_currier,H|A,stolfi_inspired_signature,NG|S_BO|T_NONE,R00,15,15,6,0.533,1,1,1,2,"cho, dcho, dsho, ycho, osho, ssho",0,0,0.173,0.514,16:0.067/0.512 24:0.333/0.526 32:0.133/0.526 48:0.067/0.514 64:0.267/0.490,low_reliability_or_unlikely,does not meet good candidate thresholds
section_currier,section_currier,H|A,stolfi_inspired_signature,NG|S_BY|T_y,R00,20,19,5,0.8,1,1,1,2,"chy, dchy, dshy, orshy, ochy",0,0,0.15,0.489,16:0.050/0.482 24:0.200/0.495 32:0.250/0.496 48:0.050/0.494 64:0.200/0.479,low_reliability_or_unlikely,does not meet good candidate thresholds
section_currier,section_currier,H|A,stolfi_inspired_signature,NG|S_DY|T_y,R02,16,16,6,0.688,1,1,1,2,"dy, ody, oldy, chdy, ddy, qody",0,0,0.0,0.476,16:0.000/0.469 24:0.000/0.468 32:0.000/0.481 48:0.000/0.502 64:0.000/0.463,low_reliability_or_unlikely,does not meet good candidate thresholds
section_currier,section_currier,H|A,stolfi_inspired_signature,NG|S_ODY|T_dy,R00,15,15,3,0.733,1,1,1,2,"chody, shody, dady",1,1,0.373,0.476,16:0.267/0.476 24:0.600/0.484 32:0.267/0.474 48:0.400/0.471 64:0.333/0.474,low_reliability_or_unlikely,does not meet good candidate thresholds
section_currier,section_currier,H|A,stolfi_inspired_signature,NG|S_OEL|T_in,R06,16,16,3,0.938,1,1,1,3,"dain, shain, chain",4,5,0.738,0.487,16:0.875/0.480 24:0.500/0.482 32:0.625/0.488 48:0.875/0.497 64:0.812/0.489,low_reliability_or_unlikely,does not meet good candidate thresholds
section_currier,section_currier,H|A,stolfi_inspired_signature,NG|S_OIL|T_iin,R10,101,83,10,0.723,1,1,1,3,"daiin, chaiin, saiin, aiin, doiin, choiin, oaiin, soiin",1,1,0.15,0.514,16:0.000/0.450 24:0.000/0.481 32:0.000/0.440 48:0.000/0.467 64:0.752/0.730,low_reliability_or_unlikely,does not meet good candidate thresholds
section_currier,section_currier,H|A,stolfi_inspired_signature,NG|S_OL|T_l,R07,100,73,11,0.55,1,1,1,2,"chol, shol, ol, dal, dol, sal, sol, olol",0,0,0.0,0.459,16:0.000/0.450 24:0.000/0.439 32:0.000/0.480 48:0.000/0.462 64:0.000/0.462,low_reliability_or_unlikely,does not meet good candidate thresholds
section_currier,section_currier,H|A,stolfi_inspired_signature,NG|S_OL|T_m,R06,20,18,10,0.8,1,1,1,2,"dam, am, sham, chom, om, shom, olom, sam",1,2,0.5,0.474,16:0.850/0.434 24:0.350/0.468 32:0.300/0.492 48:0.650/0.511 64:0.350/0.467,low_reliability_or_unlikely,does not meet good candidate thresholds
section_currier,section_currier,H|A,stolfi_inspired_signature,NG|S_OL|T_r,R06,91,71,12,0.527,1,1,1,3,"chor, or, dar, shor, dor, ar, char, sor",5,5,0.811,0.478,16:0.901/0.469 24:0.648/0.475 32:0.890/0.485 48:0.857/0.495 64:0.758/0.464,low_reliability_or_unlikely,does not meet good candidate thresholds
section_currier,section_currier,H|A,stolfi_inspired_signature,NG|S_XY|T_y,R06,15,15,2,1.0,1,1,1,2,"shy, sy",4,5,0.733,0.472,16:1.000/0.442 24:0.600/0.495 32:0.600/0.463 48:0.800/0.452 64:0.667/0.508,low_reliability_or_unlikely,does not meet good candidate thresholds
section_currier,section_currier,H|A,stolfi_inspired_signature,NG|S_X|T_NONE,R06,24,24,2,0.917,1,1,1,3,"s, g",1,2,0.533,0.462,16:0.958/0.421 24:0.250/0.465 32:0.458/0.471 48:0.625/0.474 64:0.375/0.479,low_reliability_or_unlikely,does not meet good candidate thresholds
section_currier,section_currier,H|B,stolfi_inspired_signature,NG|S_DY|T_y,R02,20,18,7,0.55,1,1,2,2,"chdy, ody, shdy, ydy, oldy, qody, dy",0,0,0.0,0.466,16:0.000/0.446 24:0.000/0.447 32:0.000/0.443 48:0.000/0.438 64:0.000/0.556,low_reliability_or_unlikely,does not meet good candidate thresholds
section_currier,section_currier,H|B,stolfi_inspired_signature,NG|S_OIL|T_iin,R06,20,16,4,0.7,1,1,1,1,"aiin, daiin, saiin, oraiin",4,5,0.77,0.507,16:0.900/0.457 24:0.700/0.471 32:0.750/0.445 48:0.900/0.471 64:0.600/0.690,low_reliability_or_unlikely,does not meet good candidate thresholds
section_currier,section_currier,H|B,stolfi_inspired_signature,NG|S_OL|T_r,R06,29,18,6,0.931,1,1,2,2,"ar, or, dar, chor, olor, dor",3,5,0.738,0.451,16:0.897/0.450 24:0.724/0.454 32:0.759/0.461 48:0.724/0.461 64:0.586/0.428,low_reliability_or_unlikely,does not meet good candidate thresholds
section_currier,section_currier,P|A,stolfi_inspired_signature,NG|S_OL|T_l,R07,19,15,7,0.474,1,1,1,2,"chol, dol, ol, dal, orol, shol, sol",0,0,0.0,0.448,16:0.000/0.445 24:0.000/0.424 32:0.000/0.480 48:0.000/0.452 64:0.000/0.437,low_reliability_or_unlikely,does not meet good candidate thresholds
section_currier,section_currier,S|B,stolfi_inspired_signature,G_k|S_EDY|T_dy,H12,22,20,2,0.864,1,1,2,1,"qokedy, okedy",0,0,0.0,0.333,16:0.000/0.314 24:0.000/0.400 32:0.000/0.301 48:0.000/0.322 64:0.000/0.327,low_reliability_or_unlikely,does not meet good candidate thresholds
section_currier,section_currier,S|B,stolfi_inspired_signature,G_k|S_EDY|T_edy,H01,45,35,2,0.711,1,1,2,1,"qokeedy, okeedy",0,0,0.107,0.368,16:0.000/0.373 24:0.000/0.428 32:0.511/0.316 48:0.000/0.373 64:0.022/0.349,low_reliability_or_unlikely,does not meet good candidate thresholds
section_currier,section_currier,S|B,stolfi_inspired_signature,G_k|S_EY|T_ey,H08,53,40,2,0.642,1,1,2,1,"qokeey, okeey",0,0,0.317,0.413,16:0.264/0.400 24:0.245/0.434 32:0.340/0.422 48:0.264/0.398 64:0.472/0.410,low_reliability_or_unlikely,does not meet good candidate thresholds
section_currier,section_currier,S|B,stolfi_inspired_signature,G_k|S_OEL|T_in,H08,31,28,2,0.581,1,1,1,1,"qokain, okain",0,0,0.265,0.401,16:0.194/0.394 24:0.258/0.438 32:0.194/0.401 48:0.226/0.388 64:0.452/0.383,low_reliability_or_unlikely,does not meet good candidate thresholds
section_currier,section_currier,S|B,stolfi_inspired_signature,G_k|S_OIL|T_iin,H08,36,29,2,0.556,1,1,1,1,"qokaiin, okaiin",0,0,0.333,0.39,16:0.250/0.397 24:0.194/0.438 32:0.306/0.393 48:0.306/0.350 64:0.611/0.373,low_reliability_or_unlikely,does not meet good candidate thresholds
section_currier,section_currier,S|B,stolfi_inspired_signature,G_k|S_OL|T_l,R07,21,19,3,0.571,1,1,1,1,"okal, qokal, qokol",0,0,0.0,0.445,16:0.000/0.442 24:0.000/0.452 32:0.000/0.434 48:0.000/0.438 64:0.000/0.457,low_reliability_or_unlikely,does not meet good candidate thresholds
section_currier,section_currier,S|B,stolfi_inspired_signature,G_k|S_XGXY|T_y,R00,18,17,3,0.778,1,1,1,1,"chckhy, shckhy, dckhy",5,5,0.944,0.473,16:0.944/0.450 24:1.000/0.480 32:1.000/0.502 48:1.000/0.475 64:0.778/0.456,low_reliability_or_unlikely,does not meet good candidate thresholds
section_currier,section_currier,S|B,stolfi_inspired_signature,G_t|S_EDY|T_dy,R01,18,16,2,0.667,1,1,1,2,"otedy, qotedy",0,0,0.0,0.296,16:0.000/0.310 24:0.000/0.306 32:0.000/0.268 48:0.000/0.241 64:0.000/0.356,low_reliability_or_unlikely,does not meet good candidate thresholds
section_currier,section_currier,S|B,stolfi_inspired_signature,G_t|S_OEL|T_in,R00,20,18,2,0.65,1,1,1,1,"otain, qotain",0,0,0.97,0.321,16:1.000/0.321 24:1.000/0.321 32:1.000/0.300 48:1.000/0.283 64:0.850/0.381,low_reliability_or_unlikely,does not meet good candidate thresholds
section_currier,section_currier,S|B,stolfi_inspired_signature,G_t|S_OIL|T_iin,R10,15,14,2,0.533,1,1,2,2,"otaiin, qotaiin",0,0,0.0,0.325,16:0.000/0.335 24:0.000/0.337 32:0.000/0.304 48:0.000/0.302 64:0.000/0.345,low_reliability_or_unlikely,does not meet good candidate thresholds
section_currier,section_currier,S|B,stolfi_inspired_signature,NG|S_EDY|T_dy,R02,60,46,2,0.683,1,1,2,1,"chedy, shedy",0,1,0.103,0.457,16:0.000/0.435 24:0.000/0.470 32:0.000/0.434 48:0.000/0.448 64:0.517/0.496,low_reliability_or_unlikely,does not meet good candidate thresholds
section_currier,section_currier,S|B,stolfi_inspired_signature,NG|S_EOL|T_ol,R00,15,14,2,1.0,1,1,2,1,"cheol, qeol",0,1,0.293,0.442,16:0.000/0.442 24:0.200/0.457 32:0.600/0.445 48:0.200/0.440 64:0.467/0.427,low_reliability_or_unlikely,does not meet good candidate thresholds
section_currier,section_currier,S|B,stolfi_inspired_signature,NG|S_EY|T_ey,R06,25,23,4,0.8,1,1,2,1,"cheey, sheey, qoeey, oleey",3,4,0.824,0.485,16:1.000/0.437 24:0.840/0.479 32:0.480/0.437 48:0.920/0.470 64:0.880/0.603,low_reliability_or_unlikely,does not meet good candidate thresholds
section_currier,section_currier,S|B,stolfi_inspired_signature,NG|S_EY|T_y,R06,44,39,2,1.0,1,1,2,2,"chey, shey",2,4,0.782,0.513,16:0.955/0.438 24:0.841/0.469 32:0.432/0.439 48:0.773/0.449 64:0.909/0.773,low_reliability_or_unlikely,does not meet good candidate thresholds
section_currier,section_currier,S|B,stolfi_inspired_signature,NG|S_LBEDY|T_edy,R00,15,15,2,1.0,1,1,1,1,"lchedy, lshedy",0,1,0.32,0.45,16:0.000/0.436 24:0.533/0.456 32:0.333/0.446 48:0.267/0.445 64:0.467/0.465,low_reliability_or_unlikely,does not meet good candidate thresholds
section_currier,section_currier,S|B,stolfi_inspired_signature,NG|S_OEL|T_in,R06,30,25,8,0.8,1,1,1,1,"dain, ain, sain, oain, qoain, olain, shain, chain",5,5,0.873,0.522,16:0.967/0.518 24:0.900/0.530 32:0.800/0.514 48:0.967/0.503 64:0.733/0.545,low_reliability_or_unlikely,does not meet good candidate thresholds
section_currier,section_currier,S|B,stolfi_inspired_signature,NG|S_OIL|T_iin,R06,66,56,12,0.545,1,1,2,1,"aiin, daiin, saiin, oraiin, chaiin, qoaiin, yaiin, qaiin",5,5,0.876,0.531,16:1.000/0.491 24:0.909/0.496 32:0.682/0.486 48:0.909/0.484 64:0.879/0.698,low_reliability_or_unlikely,does not meet good candidate thresholds
section_currier,section_currier,S|B,stolfi_inspired_signature,NG|S_OL|T_l,R06,67,56,12,0.522,1,1,2,2,"al, chol, ol, chal, qol, shol, dal, sol",2,5,0.806,0.461,16:0.925/0.449 24:0.836/0.449 32:0.881/0.478 48:0.851/0.473 64:0.537/0.455,low_reliability_or_unlikely,does not meet good candidate thresholds
section_currier,section_currier,S|B,stolfi_inspired_signature,NG|S_OL|T_r,R06,56,44,14,0.75,1,1,2,2,"ar, or, chor, char, dar, sar, shar, qoar",5,5,0.764,0.484,16:0.946/0.465 24:0.714/0.485 32:0.696/0.477 48:0.821/0.510 64:0.643/0.482,low_reliability_or_unlikely,does not meet good candidate thresholds
section_currier,section_currier,T|B,stolfi_inspired_signature,NG|S_EDY|T_dy,R06,25,17,2,0.64,1,1,2,2,"shedy, chedy",3,5,0.824,0.475,16:1.000/0.439 24:0.920/0.493 32:0.600/0.449 48:1.000/0.481 64:0.600/0.512,low_reliability_or_unlikely,does not meet good candidate thresholds
section_hand,section_hand,B|2,surface_token,chedy,R02,37,33,1,1.0,1,1,1,2,chedy,0,0,0.059,0.458,16:0.000/0.447 24:0.000/0.470 32:0.000/0.445 48:0.000/0.447 64:0.297/0.483,low_reliability_or_unlikely,does not meet good candidate thresholds
section_hand,section_hand,B|2,surface_token,okedy,R00,21,18,1,1.0,1,1,1,2,okedy,0,1,0.629,0.388,16:0.571/0.376 24:0.905/0.445 32:0.476/0.345 48:0.714/0.375 64:0.476/0.401,low_reliability_or_unlikely,does not meet good candidate thresholds
section_hand,section_hand,B|2,surface_token,okeedy,R00,17,16,1,1.0,1,1,1,2,okeedy,1,5,0.753,0.434,16:0.706/0.425 24:0.765/0.469 32:0.706/0.412 48:0.824/0.422 64:0.765/0.443,low_reliability_or_unlikely,does not meet good candidate thresholds
section_hand,section_hand,B|2,surface_token,ol,R06,38,32,1,1.0,1,1,1,1,ol,5,5,0.832,0.476,16:0.868/0.460 24:0.816/0.460 32:0.868/0.490 48:0.842/0.490 64:0.763/0.481,low_reliability_or_unlikely,does not meet good candidate thresholds
section_hand,section_hand,B|2,surface_token,qokain,H08,35,33,1,1.0,1,1,1,1,qokain,0,1,0.491,0.38,16:0.286/0.347 24:0.571/0.450 32:0.371/0.404 48:0.543/0.345 64:0.686/0.355,low_reliability_or_unlikely,does not meet good candidate thresholds
section_hand,section_hand,B|2,surface_token,qokedy,H12,53,41,1,1.0,1,1,1,2,qokedy,0,0,0.0,0.34,16:0.000/0.305 24:0.000/0.426 32:0.000/0.300 48:0.000/0.335 64:0.000/0.333,low_reliability_or_unlikely,does not meet good candidate thresholds
section_hand,section_hand,B|2,surface_token,qokeedy,H01,46,37,1,1.0,1,1,1,1,qokeedy,0,0,0.061,0.35,16:0.000/0.310 24:0.000/0.418 32:0.304/0.331 48:0.000/0.344 64:0.000/0.349,low_reliability_or_unlikely,does not meet good candidate thresholds
section_hand,section_hand,B|2,surface_token,qokeey,H08,25,22,1,1.0,1,1,1,2,qokeey,0,0,0.48,0.379,16:0.440/0.386 24:0.480/0.425 32:0.520/0.394 48:0.400/0.342 64:0.560/0.348,low_reliability_or_unlikely,does not meet good candidate thresholds
section_hand,section_hand,B|2,surface_token,qoky,H01,24,24,1,1.0,1,1,1,2,qoky,0,0,0.0,0.441,16:0.000/0.413 24:0.000/0.527 32:0.000/0.416 48:0.000/0.440 64:0.000/0.410,low_reliability_or_unlikely,does not meet good candidate thresholds
section_hand,section_hand,B|2,surface_token,qol,R00,18,16,1,1.0,1,1,1,1,qol,0,0,0.156,0.448,16:0.000/0.454 24:0.222/0.428 32:0.056/0.478 48:0.222/0.444 64:0.278/0.435,low_reliability_or_unlikely,does not meet good candidate thresholds
section_hand,section_hand,B|2,surface_token,qoteedy,H01,15,13,1,1.0,1,1,1,1,qoteedy,0,0,0.12,0.325,16:0.000/0.324 24:0.000/0.333 32:0.067/0.296 48:0.000/0.291 64:0.533/0.383,low_reliability_or_unlikely,does not meet good candidate thresholds
section_hand,section_hand,B|2,surface_token,shedy,R06,54,48,1,1.0,1,1,1,2,shedy,4,5,0.907,0.468,16:1.000/0.448 24:0.815/0.482 32:0.963/0.452 48:0.944/0.466 64:0.815/0.493,low_reliability_or_unlikely,does not meet good candidate thresholds
section_hand,section_hand,B|2,surface_token,shey,R06,15,15,1,1.0,1,1,1,1,shey,5,5,0.973,0.523,16:1.000/0.450 24:1.000/0.523 32:0.867/0.453 48:1.000/0.511 64:1.000/0.680,low_reliability_or_unlikely,does not meet good candidate thresholds
section_hand,section_hand,H|1,surface_token,chol,R07,55,45,1,1.0,1,1,1,1,chol,0,0,0.0,0.442,16:0.000/0.443 24:0.000/0.419 32:0.000/0.466 48:0.000/0.443 64:0.000/0.441,low_reliability_or_unlikely,does not meet good candidate thresholds
section_hand,section_hand,H|1,surface_token,chor,R11,35,34,1,1.0,1,1,1,3,chor,0,0,0.0,0.454,16:0.000/0.446 24:0.000/0.452 32:0.000/0.473 48:0.000/0.458 64:0.000/0.439,low_reliability_or_unlikely,does not meet good candidate thresholds
section_hand,section_hand,H|1,surface_token,cthol,R07,15,15,1,1.0,1,1,1,1,cthol,0,0,0.0,0.379,16:0.000/0.345 24:0.000/0.351 32:0.000/0.357 48:0.000/0.384 64:0.000/0.460,low_reliability_or_unlikely,does not meet good candidate thresholds
section_hand,section_hand,H|1,surface_token,cthy,R04,15,15,1,1.0,1,1,1,2,cthy,0,0,0.0,0.383,16:0.000/0.330 24:0.000/0.339 32:0.000/0.421 48:0.000/0.407 64:0.000/0.418,low_reliability_or_unlikely,does not meet good candidate thresholds
section_hand,section_hand,H|1,surface_token,daiin,R10,73,62,1,1.0,1,1,1,3,daiin,1,1,0.175,0.511,16:0.000/0.441 24:0.000/0.474 32:0.000/0.431 48:0.000/0.454 64:0.877/0.753,low_reliability_or_unlikely,does not meet good candidate thresholds
section_hand,section_hand,H|1,surface_token,s,R06,22,22,1,1.0,1,1,1,3,s,1,3,0.564,0.461,16:0.955/0.427 24:0.273/0.466 32:0.500/0.469 48:0.682/0.468 64:0.409/0.474,low_reliability_or_unlikely,does not meet good candidate thresholds
section_hand,section_hand,H|1,surface_token,sho,R06,18,17,1,1.0,1,1,1,1,sho,5,5,0.933,0.523,16:1.000/0.522 24:0.889/0.534 32:0.833/0.524 48:1.000/0.519 64:0.944/0.518,low_reliability_or_unlikely,does not meet good candidate thresholds
section_hand,section_hand,S|3,surface_token,aiin,R06,27,22,1,1.0,1,2,1,1,aiin,4,5,0.859,0.523,16:1.000/0.454 24:0.889/0.474 32:0.556/0.461 48:0.852/0.469 64:1.000/0.757,low_reliability_or_unlikely,does not meet good candidate thresholds
section_hand,section_hand,S|3,surface_token,al,R06,17,16,1,1.0,1,1,1,1,al,4,5,0.871,0.467,16:0.941/0.449 24:0.882/0.458 32:0.941/0.478 48:0.941/0.478 64:0.647/0.474,low_reliability_or_unlikely,does not meet good candidate thresholds
section_hand,section_hand,S|3,surface_token,ar,R06,28,24,1,1.0,1,2,1,1,ar,4,5,0.8,0.475,16:0.964/0.445 24:0.821/0.496 32:0.679/0.458 48:0.893/0.491 64:0.643/0.487,low_reliability_or_unlikely,does not meet good candidate thresholds
section_hand,section_hand,S|3,surface_token,chedy,R02,39,33,1,1.0,1,1,1,1,chedy,0,1,0.108,0.458,16:0.000/0.432 24:0.000/0.479 32:0.000/0.434 48:0.000/0.446 64:0.538/0.497,low_reliability_or_unlikely,does not meet good candidate thresholds
section_hand,section_hand,S|3,surface_token,chey,R06,31,28,1,1.0,1,2,1,1,chey,3,4,0.787,0.513,16:0.968/0.436 24:0.839/0.477 32:0.419/0.439 48:0.806/0.453 64:0.903/0.759,low_reliability_or_unlikely,does not meet good candidate thresholds
section_hand,section_hand,S|3,surface_token,chol,R07,16,15,1,1.0,1,2,1,1,chol,0,0,0.0,0.452,16:0.000/0.439 24:0.000/0.434 32:0.000/0.487 48:0.000/0.452 64:0.000/0.448,low_reliability_or_unlikely,does not meet good candidate thresholds
section_hand,section_hand,S|3,surface_token,daiin,R10,21,20,1,1.0,1,2,1,1,daiin,0,0,0.048,0.545,16:0.000/0.519 24:0.000/0.523 32:0.000/0.513 48:0.000/0.473 64:0.238/0.698,low_reliability_or_unlikely,does not meet good candidate thresholds
section_hand,section_hand,S|3,surface_token,okaiin,R10,16,16,1,1.0,1,1,1,1,okaiin,0,0,0.0,0.438,16:0.000/0.455 24:0.000/0.475 32:0.000/0.434 48:0.000/0.411 64:0.000/0.413,low_reliability_or_unlikely,does not meet good candidate thresholds
section_hand,section_hand,S|3,surface_token,okain,R10,15,14,1,1.0,1,2,1,1,okain,0,0,0.0,0.431,16:0.000/0.440 24:0.000/0.456 32:0.000/0.418 48:0.000/0.417 64:0.000/0.426,low_reliability_or_unlikely,does not meet good candidate thresholds
section_hand,section_hand,S|3,surface_token,okal,R07,18,16,1,1.0,1,2,1,1,okal,0,0,0.0,0.454,16:0.000/0.414 24:0.000/0.489 32:0.000/0.449 48:0.000/0.449 64:0.000/0.470,low_reliability_or_unlikely,does not meet good candidate thresholds
section_hand,section_hand,S|3,surface_token,okeey,R06,19,18,1,1.0,1,2,1,1,okeey,0,0,0.0,0.441,16:0.000/0.453 24:0.000/0.424 32:0.000/0.438 48:0.000/0.431 64:0.000/0.458,low_reliability_or_unlikely,does not meet good candidate thresholds
section_hand,section_hand,S|3,surface_token,qokaiin,H08,22,21,1,1.0,1,2,1,1,qokaiin,0,0,0.5,0.354,16:0.409/0.349 24:0.364/0.409 32:0.455/0.366 48:0.409/0.303 64:0.864/0.343,low_reliability_or_unlikely,does not meet good candidate thresholds
section_hand,section_hand,S|3,surface_token,qokain,H08,20,19,1,1.0,1,2,1,1,qokain,0,0,0.36,0.388,16:0.200/0.369 24:0.450/0.439 32:0.250/0.398 48:0.300/0.376 64:0.600/0.359,low_reliability_or_unlikely,does not meet good candidate thresholds
section_hand,section_hand,S|3,surface_token,qokedy,H12,18,17,1,1.0,1,1,1,1,qokedy,0,0,0.0,0.334,16:0.000/0.321 24:0.000/0.395 32:0.000/0.300 48:0.000/0.326 64:0.000/0.327,low_reliability_or_unlikely,does not meet good candidate thresholds
section_hand,section_hand,S|3,surface_token,qokeedy,H01,31,25,1,1.0,1,1,1,1,qokeedy,0,0,0.129,0.352,16:0.000/0.353 24:0.000/0.424 32:0.613/0.300 48:0.000/0.350 64:0.032/0.333,low_reliability_or_unlikely,does not meet good candidate thresholds
section_hand,section_hand,S|3,surface_token,qokeey,H08,37,31,1,1.0,1,2,1,1,qokeey,0,0,0.427,0.396,16:0.351/0.366 24:0.405/0.442 32:0.405/0.411 48:0.378/0.376 64:0.595/0.383,low_reliability_or_unlikely,does not meet good candidate thresholds
section_hand,section_hand,S|3,surface_token,shedy,R06,18,16,1,1.0,1,1,1,1,shedy,1,5,0.744,0.455,16:0.944/0.442 24:0.722/0.460 32:0.722/0.432 48:0.833/0.448 64:0.500/0.495,low_reliability_or_unlikely,does not meet good candidate thresholds
section_hand,section_hand,B|2,conservative_morphology,a|iin|O,R10,57,47,8,0.509,1,1,1,3,"daiin, saiin, okaiin, qokaiin, aiin, olaiin, otaiin, qotaiin",0,0,0.049,0.466,16:0.000/0.433 24:0.000/0.453 32:0.000/0.435 48:0.000/0.450 64:0.246/0.558,low_reliability_or_unlikely,does not meet good candidate thresholds
section_hand,section_hand,B|2,conservative_morphology,a|in|O,H08,82,65,9,0.427,1,1,1,2,"qokain, dain, okain, sain, otain, qotain, shain, orain",0,0,0.222,0.423,16:0.122/0.408 24:0.244/0.457 32:0.159/0.423 48:0.244/0.405 64:0.341/0.419,low_reliability_or_unlikely,does not meet good candidate thresholds
section_hand,section_hand,B|2,conservative_morphology,a|l|O,H08,60,47,9,0.333,1,1,1,4,"qokal, dal, qotal, otal, chal, okal, sal, al",0,0,0.18,0.439,16:0.167/0.412 24:0.217/0.457 32:0.117/0.446 48:0.167/0.430 64:0.233/0.450,low_reliability_or_unlikely,does not meet good candidate thresholds
section_hand,section_hand,B|2,conservative_morphology,a|r|O,R06,42,38,9,0.452,1,1,1,3,"dar, qokar, otar, sar, okar, qotar, ar, char",0,0,0.438,0.426,16:0.476/0.407 24:0.452/0.447 32:0.452/0.431 48:0.429/0.416 64:0.381/0.429,low_reliability_or_unlikely,does not meet good candidate thresholds
section_hand,section_hand,B|2,conservative_morphology,ch|dy|B,R00,16,14,6,0.5,1,1,1,5,"qokchdy, okchdy, otchdy, dchdy, qotchdy, olchdy",5,5,0.688,0.507,16:0.688/0.481 24:0.688/0.547 32:0.688/0.469 48:0.688/0.526 64:0.688/0.513,low_reliability_or_unlikely,does not meet good candidate thresholds
section_hand,section_hand,B|2,conservative_morphology,ch|edy|B,R00,19,18,8,0.632,1,1,1,1,"olchedy, dchedy, ychedy, qokchedy, okchedy, schedy, otchedy, ochedy",0,0,0.295,0.506,16:0.211/0.494 24:0.368/0.510 32:0.368/0.496 48:0.316/0.515 64:0.211/0.514,low_reliability_or_unlikely,does not meet good candidate thresholds
section_hand,section_hand,B|2,conservative_morphology,ckh|y|XGX,R00,19,17,3,0.684,1,1,1,1,"chckhy, shckhy, ckhy",4,5,0.916,0.47,16:0.895/0.424 24:0.947/0.500 32:0.895/0.482 48:0.947/0.467 64:0.895/0.477,low_reliability_or_unlikely,does not meet good candidate thresholds
section_hand,section_hand,B|2,conservative_morphology,d|y|D,R02,26,24,6,0.808,1,1,1,2,"dy, chdy, oldy, ydy, shdy, okdy",0,0,0.0,0.473,16:0.000/0.459 24:0.000/0.483 32:0.000/0.476 48:0.000/0.483 64:0.000/0.464,low_reliability_or_unlikely,does not meet good candidate thresholds
section_hand,section_hand,B|2,conservative_morphology,e|dy|E,R06,193,110,7,0.285,1,1,1,3,"shedy, qokedy, chedy, okedy, otedy, qotedy, dedy",0,0,0.421,0.405,16:0.472/0.388 24:0.373/0.442 32:0.456/0.379 48:0.440/0.396 64:0.363/0.421,low_reliability_or_unlikely,does not meet good candidate thresholds
section_hand,section_hand,B|2,conservative_morphology,e|edy|E,H01,107,76,7,0.57,1,1,1,2,"qokeedy, okeedy, qoteedy, sheedy, oteedy, cheedy, qoeedy",0,0,0.052,0.381,16:0.000/0.358 24:0.000/0.419 32:0.168/0.360 48:0.000/0.371 64:0.093/0.400,low_reliability_or_unlikely,does not meet good candidate thresholds
section_hand,section_hand,B|2,conservative_morphology,e|ey|E,H08,45,36,7,0.556,1,1,1,3,"qokeey, sheey, cheey, okeey, oteey, qoteey, deey",0,0,0.267,0.406,16:0.244/0.394 24:0.267/0.425 32:0.289/0.406 48:0.222/0.377 64:0.311/0.431,low_reliability_or_unlikely,does not meet good candidate thresholds
section_hand,section_hand,B|2,conservative_morphology,e|y|E,R06,45,39,7,0.511,1,1,1,1,"shey, chey, qokey, otey, okey, qotey, qey",0,4,0.52,0.453,16:0.533/0.415 24:0.511/0.465 32:0.489/0.407 48:0.533/0.425 64:0.533/0.554,low_reliability_or_unlikely,does not meet good candidate thresholds
section_hand,section_hand,B|2,conservative_morphology,k|y|G,H01,28,27,3,0.857,1,1,1,3,"qoky, olky, oky",0,0,0.0,0.459,16:0.000/0.431 24:0.000/0.541 32:0.000/0.435 48:0.000/0.459 64:0.000/0.430,low_reliability_or_unlikely,does not meet good candidate thresholds
section_hand,section_hand,B|2,conservative_morphology,o|l|O,R06,100,69,12,0.58,1,1,1,4,"ol, qol, dol, sol, chol, okol, qotol, qokol",4,5,0.73,0.461,16:0.780/0.455 24:0.720/0.448 32:0.770/0.471 48:0.730/0.465 64:0.650/0.464,low_reliability_or_unlikely,does not meet good candidate thresholds
section_hand,section_hand,B|2,conservative_morphology,o|r|O,R06,21,20,8,0.667,1,1,1,2,"or, sor, qor, oror, dor, otor, okor, qokor",5,5,0.743,0.497,16:0.810/0.479 24:0.714/0.490 32:0.714/0.503 48:0.810/0.522 64:0.667/0.489,low_reliability_or_unlikely,does not meet good candidate thresholds
section_hand,section_hand,B|2,conservative_morphology,sh|edy|B,R00,15,14,6,0.467,1,1,1,2,"dshedy, olshedy, yshedy, sshedy, okshedy, qokshedy",0,0,0.387,0.531,16:0.333/0.516 24:0.400/0.537 32:0.467/0.528 48:0.333/0.547 64:0.400/0.526,low_reliability_or_unlikely,does not meet good candidate thresholds
section_hand,section_hand,H|1,conservative_morphology,a|iin|O,R10,113,91,10,0.761,1,1,1,3,"daiin, otaiin, saiin, chaiin, okaiin, aiin, qokaiin, qotaiin",1,1,0.133,0.495,16:0.000/0.437 24:0.000/0.466 32:0.000/0.430 48:0.000/0.457 64:0.664/0.687,low_reliability_or_unlikely,does not meet good candidate thresholds
section_hand,section_hand,H|1,conservative_morphology,a|in|O,R06,17,17,4,0.882,1,1,1,3,"dain, okain, shain, chain",3,4,0.694,0.489,16:0.824/0.482 24:0.471/0.487 32:0.588/0.486 48:0.824/0.498 64:0.765/0.494,low_reliability_or_unlikely,does not meet good candidate thresholds
section_hand,section_hand,H|1,conservative_morphology,a|l|O,R09,17,16,6,0.471,1,1,1,1,"dal, sal, okal, chal, qotal, al",0,0,0.0,0.468,16:0.000/0.444 24:0.000/0.465 32:0.000/0.473 48:0.000/0.478 64:0.000/0.479,low_reliability_or_unlikely,does not meet good candidate thresholds
section_hand,section_hand,H|1,conservative_morphology,a|m|O,R06,17,15,8,0.824,1,1,1,2,"dam, otam, am, sham, qokam, sam, cham, okam",2,2,0.471,0.475,16:0.647/0.458 24:0.353/0.477 32:0.294/0.469 48:0.706/0.503 64:0.353/0.469,low_reliability_or_unlikely,does not meet good candidate thresholds
section_hand,section_hand,H|1,conservative_morphology,a|r|O,R06,22,19,5,0.773,1,1,1,1,"dar, ar, char, qoar, sar",5,5,0.755,0.467,16:0.773/0.469 24:0.636/0.462 32:0.864/0.469 48:0.818/0.474 64:0.682/0.461,low_reliability_or_unlikely,does not meet good candidate thresholds
section_hand,section_hand,H|1,conservative_morphology,ch|or|B,R06,16,16,6,0.5,1,1,1,2,"dchor, ychor, otchor, okchor, qokchor, ochor",4,5,0.625,0.49,16:0.625/0.510 24:0.562/0.503 32:0.625/0.505 48:0.625/0.472 64:0.688/0.460,low_reliability_or_unlikely,does not meet good candidate thresholds
section_hand,section_hand,H|1,conservative_morphology,ch|y|B,R00,32,30,6,0.594,1,1,1,2,"chy, qotchy, qokchy, okchy, dchy, ochy",1,3,0.519,0.444,16:0.500/0.434 24:0.594/0.455 32:0.625/0.451 48:0.406/0.437 64:0.469/0.445,low_reliability_or_unlikely,does not meet good candidate thresholds
section_hand,section_hand,H|1,conservative_morphology,cth|y|XGX,R04,18,18,3,0.944,1,1,1,2,"cthy, chcthy, dcthy",0,0,0.0,0.388,16:0.000/0.337 24:0.000/0.339 32:0.000/0.438 48:0.000/0.408 64:0.000/0.417,low_reliability_or_unlikely,does not meet good candidate thresholds
section_hand,section_hand,H|1,conservative_morphology,d|y|D,R02,17,17,7,0.647,1,1,1,2,"dy, ody, oldy, chdy, ddy, otdy, qody",0,0,0.0,0.472,16:0.000/0.459 24:0.000/0.458 32:0.000/0.479 48:0.000/0.499 64:0.000/0.462,low_reliability_or_unlikely,does not meet good candidate thresholds
section_hand,section_hand,H|1,conservative_morphology,e|ol|E,R06,16,14,5,0.562,1,1,1,2,"sheol, qokeol, cheol, okeol, deol",0,3,0.575,0.441,16:0.688/0.427 24:0.438/0.485 32:0.625/0.446 48:0.500/0.447 64:0.625/0.398,low_reliability_or_unlikely,does not meet good candidate thresholds
section_hand,section_hand,H|1,conservative_morphology,e|y|E,R06,16,15,5,0.812,1,1,1,2,"shey, chey, okey, qokey, otey",4,5,0.775,0.512,16:0.812/0.445 24:0.750/0.491 32:0.812/0.462 48:0.688/0.458 64:0.812/0.706,low_reliability_or_unlikely,does not meet good candidate thresholds
section_hand,section_hand,H|1,conservative_morphology,k|y|G,R00,19,18,3,0.526,1,1,1,2,"oky, qoky, yky",5,5,0.989,0.492,16:1.000/0.474 24:1.000/0.544 32:1.000/0.466 48:1.000/0.488 64:0.947/0.489,low_reliability_or_unlikely,does not meet good candidate thresholds
section_hand,section_hand,H|1,conservative_morphology,o|dy|O,R00,15,15,3,0.8,1,1,1,2,"chody, shody, qokody",1,1,0.373,0.468,16:0.267/0.477 24:0.600/0.477 32:0.267/0.463 48:0.467/0.457 64:0.267/0.467,low_reliability_or_unlikely,does not meet good candidate thresholds
section_hand,section_hand,H|1,conservative_morphology,o|l|O,R07,101,76,11,0.594,1,1,1,2,"chol, shol, ol, qokol, dol, okol, sol, otol",0,0,0.0,0.452,16:0.000/0.446 24:0.000/0.437 32:0.000/0.469 48:0.000/0.455 64:0.000/0.453,low_reliability_or_unlikely,does not meet good candidate thresholds
section_hand,section_hand,H|1,conservative_morphology,o|r|O,R11,79,62,11,0.443,1,1,1,4,"chor, or, shor, dor, otor, okor, sor, qotor",0,0,0.0,0.473,16:0.000/0.460 24:0.000/0.471 32:0.000/0.480 48:0.000/0.488 64:0.000/0.466,low_reliability_or_unlikely,does not meet good candidate thresholds
section_hand,section_hand,H|2,conservative_morphology,a|iin|O,R06,27,20,6,0.519,1,1,1,1,"aiin, okaiin, daiin, saiin, oraiin, qokaiin",1,4,0.578,0.49,16:0.667/0.450 24:0.519/0.471 32:0.556/0.451 48:0.667/0.463 64:0.481/0.615,low_reliability_or_unlikely,does not meet good candidate thresholds
section_hand,section_hand,H|2,conservative_morphology,a|r|O,R06,31,17,5,0.613,1,1,1,1,"ar, dar, okar, qokar, qotar",0,2,0.484,0.441,16:0.581/0.452 24:0.484/0.440 32:0.516/0.444 48:0.484/0.441 64:0.355/0.428,low_reliability_or_unlikely,does not meet good candidate thresholds
section_hand,section_hand,H|2,conservative_morphology,d|y|D,R02,16,14,7,0.562,1,1,1,2,"chdy, ody, ydy, shdy, oldy, qody, dy",0,0,0.0,0.468,16:0.000/0.444 24:0.000/0.442 32:0.000/0.435 48:0.000/0.438 64:0.000/0.582,low_reliability_or_unlikely,does not meet good candidate thresholds
section_hand,section_hand,H|2,conservative_morphology,e|dy|E,R02,22,18,6,0.273,1,1,1,1,"chedy, qokedy, qotedy, otedy, shedy, okedy",0,0,0.045,0.398,16:0.000/0.385 24:0.000/0.412 32:0.000/0.378 48:0.000/0.374 64:0.227/0.438,low_reliability_or_unlikely,does not meet good candidate thresholds
section_hand,section_hand,P|1,conservative_morphology,eo|dy|EO,R00,15,11,5,0.467,1,1,1,2,"qokeody, cheody, okeody, sheody, oteody",1,4,0.533,0.47,16:0.600/0.459 24:0.533/0.511 32:0.400/0.437 48:0.600/0.447 64:0.533/0.493,low_reliability_or_unlikely,does not meet good candidate thresholds
section_hand,section_hand,P|1,conservative_morphology,o|l|O,R07,31,21,9,0.548,1,1,1,2,"chol, okol, qokol, dol, ol, orol, shol, sol",0,0,0.0,0.462,16:0.000/0.451 24:0.000/0.466 32:0.000/0.476 48:0.000/0.446 64:0.000/0.470,low_reliability_or_unlikely,does not meet good candidate thresholds
section_hand,section_hand,S|3,conservative_morphology,ai|r|OE,R06,19,17,6,0.421,1,2,1,1,"dair, sair, air, qokair, qotair, otair",3,3,0.568,0.474,16:0.632/0.465 24:0.632/0.483 32:0.474/0.468 48:0.632/0.460 64:0.474/0.492,low_reliability_or_unlikely,does not meet good candidate thresholds
section_hand,section_hand,S|3,conservative_morphology,a|iin|O,R10,120,85,15,0.4,1,2,1,2,"aiin, qokaiin, daiin, okaiin, saiin, otaiin, qotaiin, oraiin",0,0,0.015,0.463,16:0.000/0.441 24:0.000/0.460 32:0.000/0.436 48:0.000/0.420 64:0.075/0.562,low_reliability_or_unlikely,does not meet good candidate thresholds
section_hand,section_hand,S|3,conservative_morphology,a|in|O,R06,87,62,12,0.276,1,2,1,1,"qokain, okain, otain, dain, qotain, ain, sain, oain",0,0,0.306,0.427,16:0.333/0.422 24:0.310/0.444 32:0.276/0.417 48:0.345/0.408 64:0.264/0.443,low_reliability_or_unlikely,does not meet good candidate thresholds
section_hand,section_hand,S|3,conservative_morphology,a|l|O,R06,67,53,10,0.284,1,2,1,2,"okal, al, qokal, chal, dal, otal, qotal, qoal",0,0,0.382,0.431,16:0.433/0.425 24:0.403/0.431 32:0.418/0.434 48:0.418/0.423 64:0.239/0.440,low_reliability_or_unlikely,does not meet good candidate thresholds
section_hand,section_hand,S|3,conservative_morphology,a|m|O,R06,15,15,7,0.733,1,2,1,2,"otam, am, dam, qokam, oam, olam, okam",0,0,0.12,0.478,16:0.333/0.451 24:0.067/0.452 32:0.000/0.467 48:0.133/0.520 64:0.067/0.500,low_reliability_or_unlikely,does not meet good candidate thresholds
section_hand,section_hand,S|3,conservative_morphology,a|r|O,R06,66,54,12,0.591,1,2,1,3,"ar, qokar, otar, okar, dar, char, sar, shar",1,4,0.561,0.457,16:0.682/0.433 24:0.545/0.476 32:0.500/0.440 48:0.621/0.468 64:0.455/0.469,low_reliability_or_unlikely,does not meet good candidate thresholds
section_hand,section_hand,S|3,conservative_morphology,ckh|y|XGX,R00,19,18,4,0.737,1,2,1,1,"chckhy, shckhy, dckhy, qockhy",4,5,0.947,0.472,16:0.947/0.444 24:1.000/0.484 32:1.000/0.500 48:1.000/0.474 64:0.789/0.456,low_reliability_or_unlikely,does not meet good candidate thresholds
section_hand,section_hand,S|3,conservative_morphology,e|dy|E,R02,96,66,6,0.406,1,1,1,2,"chedy, shedy, qokedy, otedy, qotedy, okedy",0,0,0.06,0.4,16:0.000/0.386 24:0.000/0.426 32:0.000/0.374 48:0.000/0.381 64:0.302/0.432,low_reliability_or_unlikely,does not meet good candidate thresholds
section_hand,section_hand,S|3,conservative_morphology,e|edy|E,H01,70,52,9,0.529,1,1,1,1,"qokeedy, okeedy, sheedy, oteedy, qoteedy, qoeedy, cheedy, oeedy",0,0,0.074,0.377,16:0.000/0.376 24:0.000/0.419 32:0.314/0.335 48:0.000/0.372 64:0.057/0.382,low_reliability_or_unlikely,does not meet good candidate thresholds
section_hand,section_hand,S|3,conservative_morphology,e|ey|E,R06,92,70,8,0.446,1,2,1,2,"qokeey, okeey, cheey, sheey, oteey, qoeey, qoteey, oleey",0,0,0.239,0.425,16:0.283/0.402 24:0.239/0.437 32:0.141/0.412 48:0.272/0.408 64:0.261/0.467,low_reliability_or_unlikely,does not meet good candidate thresholds
section_hand,section_hand,S|3,conservative_morphology,e|ol|E,R00,20,18,5,0.7,1,2,1,1,"cheol, qokeol, okeol, qoteol, qeol",0,0,0.4,0.405,16:0.200/0.407 24:0.400/0.429 32:0.600/0.400 48:0.350/0.394 64:0.450/0.398,low_reliability_or_unlikely,does not meet good candidate thresholds
section_hand,section_hand,S|3,conservative_morphology,e|y|E,R06,58,52,6,0.759,1,2,1,2,"chey, shey, qokey, otey, okey, qotey",2,4,0.597,0.481,16:0.724/0.421 24:0.638/0.452 32:0.345/0.423 48:0.586/0.429 64:0.690/0.677,low_reliability_or_unlikely,does not meet good candidate thresholds
section_hand,section_hand,S|3,conservative_morphology,k|y|G,R00,15,15,5,0.467,1,2,1,1,"qoky, oky, shky, chky, orky",4,5,0.947,0.47,16:0.933/0.446 24:1.000/0.490 32:0.933/0.466 48:0.933/0.453 64:0.933/0.493,low_reliability_or_unlikely,does not meet good candidate thresholds
section_hand,section_hand,S|3,conservative_morphology,o|l|O,R07,41,37,8,0.39,1,2,1,2,"chol, ol, shol, qokol, qol, otol, qotol, sol",0,0,0.0,0.455,16:0.000/0.441 24:0.000/0.439 32:0.000/0.461 48:0.000/0.473 64:0.000/0.462,low_reliability_or_unlikely,does not meet good candidate thresholds
section_hand,section_hand,S|3,conservative_morphology,o|r|O,R06,21,19,9,0.381,1,2,1,2,"or, chor, otor, qokor, qor, olor, oror, sor",1,3,0.495,0.467,16:0.667/0.455 24:0.286/0.467 32:0.524/0.471 48:0.429/0.483 64:0.571/0.460,low_reliability_or_unlikely,does not meet good candidate thresholds
section_hand,section_hand,T|2,conservative_morphology,a|in|O,R06,20,15,8,0.45,1,1,1,2,"dain, okain, sain, olain, otain, qokain, qotain, ain",0,3,0.43,0.446,16:0.550/0.456 24:0.500/0.447 32:0.300/0.442 48:0.500/0.431 64:0.300/0.455,low_reliability_or_unlikely,does not meet good candidate thresholds
section_hand,section_hand,T|2,conservative_morphology,a|r|O,R03,17,11,6,0.588,1,1,1,2,"qokar, okar, dar, otar, ar, qotar",0,0,0.0,0.405,16:0.000/0.395 24:0.000/0.397 32:0.000/0.416 48:0.000/0.388 64:0.000/0.429,low_reliability_or_unlikely,does not meet good candidate thresholds
section_hand,section_hand,T|2,conservative_morphology,e|dy|E,R06,26,16,4,0.5,1,1,1,2,"shedy, chedy, qokedy, otedy",2,4,0.677,0.451,16:0.808/0.408 24:0.808/0.486 32:0.462/0.433 48:0.808/0.450 64:0.500/0.481,low_reliability_or_unlikely,does not meet good candidate thresholds
section_hand,section_hand,T|2,conservative_morphology,e|y|E,R06,16,12,4,0.625,1,1,1,2,"chey, shey, qokey, okey",3,4,0.562,0.506,16:0.625/0.446 24:0.625/0.492 32:0.312/0.467 48:0.625/0.489 64:0.625/0.635,low_reliability_or_unlikely,does not meet good candidate thresholds
section_hand,section_hand,A|4,broad_shape,O|r,R06,17,17,10,0.647,1,1,1,6,"ar, dar, or, okar, sar, sor, olar, olor",0,2,0.471,0.545,16:0.529/0.531 24:0.353/0.541 32:0.471/0.547 48:0.529/0.565 64:0.471/0.541,low_reliability_or_unlikely,does not meet good candidate thresholds
section_hand,section_hand,B|2,broad_shape,B|dy,R00,20,18,9,0.55,1,1,1,5,"qokchdy, okchdy, otchdy, olshdy, dchdy, qotchdy, qokshdy, otshdy",5,5,0.65,0.49,16:0.650/0.466 24:0.650/0.524 32:0.650/0.459 48:0.650/0.496 64:0.650/0.507,low_reliability_or_unlikely,does not meet good candidate thresholds
section_hand,section_hand,B|2,broad_shape,B|edy,R00,34,32,14,0.559,1,1,1,2,"olchedy, dshedy, dchedy, olshedy, yshedy, ychedy, qokchedy, sshedy",0,0,0.335,0.517,16:0.265/0.504 24:0.382/0.522 32:0.412/0.510 48:0.324/0.529 64:0.294/0.519,low_reliability_or_unlikely,does not meet good candidate thresholds
section_hand,section_hand,B|2,broad_shape,B|ey,R00,20,19,12,0.6,1,1,1,1,"olchey, qokchey, olshey, otchey, dshey, orchey, yshey, otshey",0,0,0.34,0.462,16:0.300/0.437 24:0.350/0.488 32:0.400/0.453 48:0.250/0.451 64:0.400/0.481,low_reliability_or_unlikely,does not meet good candidate thresholds
section_hand,section_hand,B|2,broad_shape,D|y,R02,26,24,6,0.808,1,1,1,2,"dy, chdy, oldy, ydy, shdy, okdy",0,0,0.0,0.473,16:0.000/0.459 24:0.000/0.483 32:0.000/0.476 48:0.000/0.483 64:0.000/0.464,low_reliability_or_unlikely,does not meet good candidate thresholds
section_hand,section_hand,B|2,broad_shape,E|dy,R06,193,110,7,0.285,1,1,1,3,"shedy, qokedy, chedy, okedy, otedy, qotedy, dedy",0,0,0.421,0.405,16:0.472/0.388 24:0.373/0.442 32:0.456/0.379 48:0.440/0.396 64:0.363/0.421,low_reliability_or_unlikely,does not meet good candidate thresholds
section_hand,section_hand,B|2,broad_shape,E|edy,H01,107,76,7,0.57,1,1,1,2,"qokeedy, okeedy, qoteedy, sheedy, oteedy, cheedy, qoeedy",0,0,0.052,0.381,16:0.000/0.358 24:0.000/0.419 32:0.168/0.360 48:0.000/0.371 64:0.093/0.400,low_reliability_or_unlikely,does not meet good candidate thresholds
section_hand,section_hand,B|2,broad_shape,E|ey,H08,45,36,7,0.556,1,1,1,3,"qokeey, sheey, cheey, okeey, oteey, qoteey, deey",0,0,0.267,0.406,16:0.244/0.394 24:0.267/0.425 32:0.289/0.406 48:0.222/0.377 64:0.311/0.431,low_reliability_or_unlikely,does not meet good candidate thresholds
section_hand,section_hand,B|2,broad_shape,E|y,R06,45,39,7,0.511,1,1,1,1,"shey, chey, qokey, otey, okey, qotey, qey",0,4,0.52,0.453,16:0.533/0.415 24:0.511/0.465 32:0.489/0.407 48:0.533/0.425 64:0.533/0.554,low_reliability_or_unlikely,does not meet good candidate thresholds
section_hand,section_hand,B|2,broad_shape,GB|edy,R06,16,16,10,0.5,1,1,1,2,"pchedy, tchedy, qopshedy, kshedy, ykchedy, ofchedy, opchedy, qofchedy",0,0,0.125,0.388,16:0.000/0.370 24:0.062/0.380 32:0.000/0.384 48:0.438/0.372 64:0.125/0.436,low_reliability_or_unlikely,does not meet good candidate thresholds
section_hand,section_hand,B|2,broad_shape,G|edy,R00,21,19,5,0.619,1,1,1,3,"tedy, olkedy, ykedy, ytedy, kedy",0,3,0.876,0.411,16:0.857/0.426 24:1.000/0.431 32:0.857/0.396 48:0.905/0.387 64:0.762/0.416,low_reliability_or_unlikely,does not meet good candidate thresholds
section_hand,section_hand,B|2,broad_shape,G|y,H01,37,34,6,0.811,1,1,1,3,"qoky, qoty, olky, oty, oky, opy",0,0,0.0,0.439,16:0.000/0.417 24:0.000/0.493 32:0.000/0.439 48:0.000/0.427 64:0.000/0.419,low_reliability_or_unlikely,does not meet good candidate thresholds
section_hand,section_hand,B|2,broad_shape,LB|edy,R00,21,21,5,1.0,1,1,1,1,"lchedy, lshedy, qolchedy, qorchedy, rshedy",0,1,0.295,0.482,16:0.238/0.482 24:0.524/0.487 32:0.190/0.479 48:0.238/0.484 64:0.286/0.480,low_reliability_or_unlikely,does not meet good candidate thresholds
section_hand,section_hand,B|2,broad_shape,L|y,R06,16,16,5,0.562,1,1,1,3,"oly, ly, ory, dly, qoly",0,1,0.388,0.491,16:0.562/0.458 24:0.312/0.482 32:0.312/0.497 48:0.312/0.522 64:0.438/0.494,low_reliability_or_unlikely,does not meet good candidate thresholds
section_hand,section_hand,B|2,broad_shape,O|iin,R10,58,48,9,0.5,1,1,1,3,"daiin, saiin, okaiin, qokaiin, aiin, otaiin, olaiin, qotaiin",0,0,0.048,0.469,16:0.000/0.436 24:0.000/0.455 32:0.000/0.438 48:0.000/0.455 64:0.241/0.559,low_reliability_or_unlikely,does not meet good candidate thresholds
section_hand,section_hand,B|2,broad_shape,O|in,H08,83,65,10,0.434,1,1,1,2,"qokain, dain, okain, sain, otain, qotain, shain, orain",0,0,0.229,0.423,16:0.120/0.407 24:0.253/0.458 32:0.169/0.425 48:0.253/0.405 64:0.349/0.418,low_reliability_or_unlikely,does not meet good candidate thresholds
section_hand,section_hand,B|2,broad_shape,O|l,R06,160,98,21,0.419,1,1,1,6,"ol, qokal, qol, dal, dol, sol, otal, chol",1,5,0.584,0.452,16:0.625/0.439 24:0.581/0.451 32:0.613/0.462 48:0.588/0.452 64:0.512/0.459,low_reliability_or_unlikely,does not meet good candidate thresholds
section_hand,section_hand,B|2,broad_shape,O|r,R06,63,53,17,0.524,1,1,1,4,"dar, qokar, or, otar, sar, sor, okar, qotar",0,4,0.54,0.45,16:0.587/0.431 24:0.540/0.461 32:0.540/0.455 48:0.556/0.452 64:0.476/0.449,low_reliability_or_unlikely,does not meet good candidate thresholds
section_hand,section_hand,B|2,broad_shape,XGX|y,R00,29,25,7,0.517,1,1,1,1,"chckhy, chcthy, shckhy, qckhsy, shcthy, qcthy, ckhy",2,4,0.931,0.439,16:0.931/0.390 24:0.966/0.444 32:0.897/0.489 48:0.966/0.412 64:0.897/0.462,low_reliability_or_unlikely,does not meet good candidate thresholds
section_hand,section_hand,C|4,broad_shape,O|l,R06,18,13,12,0.444,1,2,1,6,"al, dal, ol, okol, orol, qokol, sol, qokal",2,4,0.578,0.459,16:0.667/0.466 24:0.556/0.453 32:0.667/0.477 48:0.667/0.432 64:0.333/0.468,low_reliability_or_unlikely,does not meet good candidate thresholds
section_hand,section_hand,C|4,broad_shape,O|r,R06,17,15,9,0.529,1,2,1,5,"okar, ar, dar, sar, or, char, oar, dor",0,0,0.329,0.541,16:0.412/0.529 24:0.294/0.538 32:0.353/0.538 48:0.353/0.561 64:0.235/0.539,low_reliability_or_unlikely,does not meet good candidate thresholds
section_hand,section_hand,H|1,broad_shape,BO|NONE,R00,19,18,9,0.526,1,1,1,2,"cho, dcho, qokcho, dsho, otcho, osho, ycho, ssho",0,0,0.295,0.499,16:0.263/0.493 24:0.421/0.516 32:0.316/0.508 48:0.158/0.500 64:0.316/0.478,low_reliability_or_unlikely,does not meet good candidate thresholds
section_hand,section_hand,H|1,broad_shape,B|ol,R06,15,15,9,0.4,1,1,1,2,"otchol, ychol, qotchol, dchol, okchol, qokshol, ochol, oshol",1,4,0.533,0.485,16:0.533/0.486 24:0.467/0.496 32:0.533/0.465 48:0.533/0.482 64:0.600/0.497,low_reliability_or_unlikely,does not meet good candidate thresholds
section_hand,section_hand,H|1,broad_shape,B|or,R06,20,20,10,0.5,1,1,1,2,"dchor, ychor, otchor, okchor, ochor, qokchor, okshor, yshor",4,5,0.6,0.488,16:0.600/0.503 24:0.550/0.500 32:0.600/0.496 48:0.600/0.476 64:0.650/0.462,low_reliability_or_unlikely,does not meet good candidate thresholds
section_hand,section_hand,H|1,broad_shape,B|y,R00,38,34,11,0.579,1,1,1,2,"chy, qotchy, qokchy, okchy, dchy, dshy, okshy, orshy",1,3,0.511,0.454,16:0.500/0.440 24:0.579/0.464 32:0.605/0.460 48:0.421/0.457 64:0.447/0.448,low_reliability_or_unlikely,does not meet good candidate thresholds
section_hand,section_hand,H|1,broad_shape,D|y,R02,17,17,7,0.647,1,1,1,2,"dy, ody, oldy, chdy, ddy, otdy, qody",0,0,0.0,0.472,16:0.000/0.459 24:0.000/0.458 32:0.000/0.479 48:0.000/0.499 64:0.000/0.462,low_reliability_or_unlikely,does not meet good candidate thresholds
section_hand,section_hand,H|1,broad_shape,E|ol,R06,18,14,7,0.5,1,1,1,2,"sheol, qokeol, cheol, okeol, okeeol, qoteeol, deol",0,3,0.511,0.435,16:0.611/0.425 24:0.389/0.482 32:0.556/0.435 48:0.444/0.433 64:0.556/0.400,low_reliability_or_unlikely,does not meet good candidate thresholds
section_hand,section_hand,H|1,broad_shape,E|y,R06,16,15,5,0.812,1,1,1,2,"shey, chey, okey, qokey, otey",4,5,0.775,0.512,16:0.812/0.445 24:0.750/0.491 32:0.812/0.462 48:0.688/0.458 64:0.812/0.706,low_reliability_or_unlikely,does not meet good candidate thresholds
section_hand,section_hand,H|1,broad_shape,GB|or,R06,16,15,10,0.75,1,1,1,3,"tchor, kchor, ytchor, chtchor, opchor, tshor, fshor, yfchor",0,0,0.113,0.426,16:0.000/0.373 24:0.062/0.411 32:0.062/0.421 48:0.188/0.463 64:0.250/0.459,low_reliability_or_unlikely,does not meet good candidate thresholds
section_hand,section_hand,H|1,broad_shape,GB|y,R06,27,19,12,0.815,1,1,1,3,"kchy, tchy, ytchy, ykchy, chkchy, opchy, ykshy, qopchy",0,0,0.015,0.421,16:0.000/0.393 24:0.000/0.433 32:0.000/0.424 48:0.037/0.427 64:0.037/0.431,low_reliability_or_unlikely,does not meet good candidate thresholds
section_hand,section_hand,H|1,broad_shape,G|y,H01,28,27,7,0.393,1,1,1,2,"oky, qoky, qoty, yky, oty, yty, ty",0,0,0.0,0.458,16:0.000/0.441 24:0.000/0.486 32:0.000/0.455 48:0.000/0.450 64:0.000/0.457,low_reliability_or_unlikely,does not meet good candidate thresholds
section_hand,section_hand,H|1,broad_shape,O|dy,R00,16,16,4,0.75,1,1,1,2,"chody, shody, dady, qokody",1,1,0.4,0.469,16:0.312/0.479 24:0.625/0.475 32:0.312/0.467 48:0.438/0.459 64:0.312/0.468,low_reliability_or_unlikely,does not meet good candidate thresholds
section_hand,section_hand,H|1,broad_shape,O|iin,R10,120,95,14,0.717,1,1,1,3,"daiin, otaiin, saiin, chaiin, okaiin, aiin, qokaiin, doiin",1,1,0.127,0.499,16:0.000/0.443 24:0.000/0.470 32:0.000/0.435 48:0.000/0.465 64:0.633/0.685,low_reliability_or_unlikely,does not meet good candidate thresholds
section_hand,section_hand,H|1,broad_shape,O|in,R06,17,17,4,0.882,1,1,1,3,"dain, okain, shain, chain",3,4,0.694,0.489,16:0.824/0.482 24:0.471/0.487 32:0.588/0.486 48:0.824/0.498 64:0.765/0.494,low_reliability_or_unlikely,does not meet good candidate thresholds
section_hand,section_hand,H|1,broad_shape,O|l,R07,118,87,17,0.534,1,1,1,2,"chol, shol, ol, dal, qokol, okol, dol, okal",0,0,0.0,0.454,16:0.000/0.446 24:0.000/0.441 32:0.000/0.470 48:0.000/0.458 64:0.000/0.456,low_reliability_or_unlikely,does not meet good candidate thresholds
section_hand,section_hand,H|1,broad_shape,O|m,R06,26,23,15,0.692,1,1,1,2,"dam, otam, am, sham, om, chom, qokam, sam",0,2,0.385,0.475,16:0.654/0.445 24:0.269/0.475 32:0.231/0.476 48:0.500/0.509 64:0.269/0.471,low_reliability_or_unlikely,does not meet good candidate thresholds
section_hand,section_hand,H|1,broad_shape,O|r,R06,101,75,16,0.475,1,1,1,4,"chor, or, dar, shor, dor, ar, char, otor",4,5,0.741,0.472,16:0.812/0.462 24:0.584/0.469 32:0.802/0.477 48:0.792/0.485 64:0.713/0.465,low_reliability_or_unlikely,does not meet good candidate thresholds
section_hand,section_hand,H|1,broad_shape,XGX|ol,R07,22,21,4,0.682,1,1,1,1,"cthol, cphol, ckhol, chckhol",0,0,0.0,0.394,16:0.000/0.353 24:0.000/0.361 32:0.000/0.379 48:0.000/0.412 64:0.000/0.466,low_reliability_or_unlikely,does not meet good candidate thresholds
section_hand,section_hand,H|1,broad_shape,XGX|or,R04,17,17,4,0.765,1,1,1,2,"cthor, ckhor, chcthor, chckhor",0,0,0.0,0.402,16:0.000/0.365 24:0.000/0.373 32:0.000/0.385 48:0.000/0.447 64:0.000/0.439,low_reliability_or_unlikely,does not meet good candidate thresholds
section_hand,section_hand,H|1,broad_shape,XGX|y,R04,34,30,9,0.5,1,1,1,2,"cthy, ckhy, cphy, chckhy, chcthy, cfhy, qockhy, dcthy",0,0,0.0,0.438,16:0.000/0.398 24:0.000/0.426 32:0.000/0.476 48:0.000/0.455 64:0.000/0.436,low_reliability_or_unlikely,does not meet good candidate thresholds
section_hand,section_hand,H|1,broad_shape,X|NONE,R06,24,24,2,0.917,1,1,1,3,"s, g",1,2,0.533,0.462,16:0.958/0.421 24:0.250/0.465 32:0.458/0.471 48:0.625/0.474 64:0.375/0.479,low_reliability_or_unlikely,does not meet good candidate thresholds
section_hand,section_hand,H|1,broad_shape,X|y,R06,15,15,2,1.0,1,1,1,2,"shy, sy",4,5,0.733,0.472,16:1.000/0.442 24:0.600/0.495 32:0.600/0.463 48:0.800/0.452 64:0.667/0.508,low_reliability_or_unlikely,does not meet good candidate thresholds
section_hand,section_hand,H|2,broad_shape,D|y,R02,16,14,7,0.562,1,1,1,2,"chdy, ody, ydy, shdy, oldy, qody, dy",0,0,0.0,0.468,16:0.000/0.444 24:0.000/0.442 32:0.000/0.435 48:0.000/0.438 64:0.000/0.582,low_reliability_or_unlikely,does not meet good candidate thresholds
section_hand,section_hand,H|2,broad_shape,E|dy,R02,22,18,6,0.273,1,1,1,1,"chedy, qokedy, qotedy, otedy, shedy, okedy",0,0,0.045,0.398,16:0.000/0.385 24:0.000/0.412 32:0.000/0.378 48:0.000/0.374 64:0.227/0.438,low_reliability_or_unlikely,does not meet good candidate thresholds
section_hand,section_hand,H|2,broad_shape,O|iin,R06,27,20,6,0.519,1,1,1,1,"aiin, okaiin, daiin, saiin, oraiin, qokaiin",1,4,0.578,0.49,16:0.667/0.450 24:0.519/0.471 32:0.556/0.451 48:0.667/0.463 64:0.481/0.615,low_reliability_or_unlikely,does not meet good candidate thresholds
section_hand,section_hand,H|2,broad_shape,O|r,R06,40,20,10,0.625,1,1,1,1,"ar, dar, okar, or, qokar, chor, olor, qotar",0,4,0.51,0.438,16:0.625/0.448 24:0.525/0.438 32:0.525/0.442 48:0.500/0.439 64:0.375/0.425,low_reliability_or_unlikely,does not meet good candidate thresholds
section_hand,section_hand,P|1,broad_shape,EO|dy,R00,16,11,6,0.5,1,1,1,2,"qokeody, cheody, okeody, sheody, okeady, oteody",2,4,0.562,0.473,16:0.625/0.463 24:0.562/0.514 32:0.438/0.439 48:0.625/0.452 64:0.562/0.498,low_reliability_or_unlikely,does not meet good candidate thresholds
section_hand,section_hand,P|1,broad_shape,O|l,R07,34,23,11,0.529,1,1,1,2,"chol, okol, qokol, dol, dal, ol, orol, shol",0,0,0.0,0.458,16:0.000/0.444 24:0.000/0.461 32:0.000/0.473 48:0.000/0.442 64:0.000/0.468,low_reliability_or_unlikely,does not meet good candidate thresholds
section_hand,section_hand,P|1,broad_shape,O|r,R06,17,16,10,0.412,1,1,1,2,"chor, or, otor, qoor, dar, orar, oror, shor",0,3,0.518,0.546,16:0.588/0.539 24:0.412/0.540 32:0.529/0.544 48:0.588/0.563 64:0.471/0.541,low_reliability_or_unlikely,does not meet good candidate thresholds
section_hand,section_hand,S|3,broad_shape,B|ey,R00,16,16,12,0.375,1,1,1,1,"qokchey, olchey, qochey, sshey, oshey, qokshey, yshey, dchey",0,1,0.338,0.474,16:0.250/0.450 24:0.188/0.503 32:0.500/0.470 48:0.312/0.456 64:0.438/0.490,low_reliability_or_unlikely,does not meet good candidate thresholds
section_hand,section_hand,S|3,broad_shape,E|ar,R00,19,17,9,0.579,1,2,1,2,"chear, shear, qokear, qokeear, ear, cheear, qeear, okear",0,2,0.4,0.427,16:0.158/0.416 24:0.526/0.447 32:0.632/0.404 48:0.368/0.409 64:0.316/0.457,low_reliability_or_unlikely,does not meet good candidate thresholds
section_hand,section_hand,S|3,broad_shape,E|dy,R02,96,66,6,0.406,1,1,1,2,"chedy, shedy, qokedy, otedy, qotedy, okedy",0,0,0.06,0.4,16:0.000/0.386 24:0.000/0.426 32:0.000/0.374 48:0.000/0.381 64:0.302/0.432,low_reliability_or_unlikely,does not meet good candidate thresholds
section_hand,section_hand,S|3,broad_shape,E|edy,H01,70,52,9,0.529,1,1,1,1,"qokeedy, okeedy, sheedy, oteedy, qoteedy, qoeedy, cheedy, oeedy",0,0,0.074,0.377,16:0.000/0.376 24:0.000/0.419 32:0.314/0.335 48:0.000/0.372 64:0.057/0.382,low_reliability_or_unlikely,does not meet good candidate thresholds
section_hand,section_hand,S|3,broad_shape,E|ey,R06,92,70,8,0.446,1,2,1,2,"qokeey, okeey, cheey, sheey, oteey, qoeey, qoteey, oleey",0,0,0.239,0.425,16:0.283/0.402 24:0.239/0.437 32:0.141/0.412 48:0.272/0.408 64:0.261/0.467,low_reliability_or_unlikely,does not meet good candidate thresholds
section_hand,section_hand,S|3,broad_shape,E|ol,R00,20,18,5,0.7,1,2,1,1,"cheol, qokeol, okeol, qoteol, qeol",0,0,0.4,0.405,16:0.200/0.407 24:0.400/0.429 32:0.600/0.400 48:0.350/0.394 64:0.450/0.398,low_reliability_or_unlikely,does not meet good candidate thresholds
section_hand,section_hand,S|3,broad_shape,E|y,R06,58,52,6,0.759,1,2,1,2,"chey, shey, qokey, otey, okey, qotey",2,4,0.597,0.481,16:0.724/0.421 24:0.638/0.452 32:0.345/0.423 48:0.586/0.429 64:0.690/0.677,low_reliability_or_unlikely,does not meet good candidate thresholds
section_hand,section_hand,S|3,broad_shape,GB|edy,R00,15,13,10,0.667,1,1,1,2,"opchedy, fchedy, kchedy, olkchedy, tshedy, pchedy, tchedy, ytchedy",0,3,0.88,0.394,16:0.867/0.351 24:1.000/0.358 32:0.933/0.404 48:0.800/0.431 64:0.800/0.429,low_reliability_or_unlikely,does not meet good candidate thresholds
section_hand,section_hand,S|3,broad_shape,G|y,H01,20,20,8,0.35,1,2,1,1,"qoky, oky, oty, shky, chky, qoty, shty, orky",0,0,0.0,0.461,16:0.000/0.442 24:0.000/0.462 32:0.000/0.474 48:0.000/0.449 64:0.000/0.480,low_reliability_or_unlikely,does not meet good candidate thresholds
section_hand,section_hand,S|3,broad_shape,LB|edy,R00,16,16,2,1.0,1,2,1,1,"lchedy, lshedy",0,1,0.3,0.453,16:0.000/0.437 24:0.500/0.462 32:0.312/0.451 48:0.250/0.451 64:0.438/0.466,low_reliability_or_unlikely,does not meet good candidate thresholds
section_hand,section_hand,S|3,broad_shape,OE|r,R06,19,17,6,0.421,1,2,1,1,"dair, sair, air, qokair, qotair, otair",3,3,0.568,0.474,16:0.632/0.465 24:0.632/0.483 32:0.474/0.468 48:0.632/0.460 64:0.474/0.492,low_reliability_or_unlikely,does not meet good candidate thresholds
section_hand,section_hand,S|3,broad_shape,O|iin,R10,122,87,17,0.393,1,2,1,2,"aiin, qokaiin, daiin, okaiin, saiin, otaiin, qotaiin, oraiin",0,0,0.015,0.465,16:0.000/0.442 24:0.000/0.460 32:0.000/0.437 48:0.000/0.423 64:0.074/0.562,low_reliability_or_unlikely,does not meet good candidate thresholds
section_hand,section_hand,S|3,broad_shape,O|in,R06,87,62,12,0.276,1,2,1,1,"qokain, okain, otain, dain, qotain, ain, sain, oain",0,0,0.306,0.427,16:0.333/0.422 24:0.310/0.444 32:0.276/0.417 48:0.345/0.408 64:0.264/0.443,low_reliability_or_unlikely,does not meet good candidate thresholds
section_hand,section_hand,S|3,broad_shape,O|l,R07,108,79,18,0.315,1,2,1,3,"okal, al, chol, ol, qokal, chal, dal, otal",0,0,0.0,0.44,16:0.000/0.431 24:0.000/0.434 32:0.000/0.444 48:0.000/0.442 64:0.000/0.448,low_reliability_or_unlikely,does not meet good candidate thresholds
section_hand,section_hand,S|3,broad_shape,O|m,R06,16,16,8,0.75,1,2,1,2,"otam, am, dam, qokam, om, oam, olam, okam",0,0,0.113,0.48,16:0.312/0.455 24:0.062/0.452 32:0.000/0.469 48:0.125/0.522 64:0.062/0.502,low_reliability_or_unlikely,does not meet good candidate thresholds
section_hand,section_hand,S|3,broad_shape,O|r,R06,87,64,21,0.54,1,2,1,3,"ar, qokar, or, okar, otar, dar, chor, char",0,3,0.545,0.46,16:0.678/0.438 24:0.483/0.474 32:0.506/0.447 48:0.575/0.471 64:0.483/0.467,low_reliability_or_unlikely,does not meet good candidate thresholds
section_hand,section_hand,S|3,broad_shape,XGX|y,R00,27,26,8,0.556,1,2,1,1,"chckhy, chcthy, shckhy, qocthy, dckhy, shcthy, cfhy, qockhy",1,5,0.941,0.449,16:0.963/0.421 24:1.000/0.445 32:0.963/0.494 48:0.963/0.433 64:0.815/0.449,low_reliability_or_unlikely,does not meet good candidate thresholds
section_hand,section_hand,T|2,broad_shape,E|dy,R06,26,16,4,0.5,1,1,1,2,"shedy, chedy, qokedy, otedy",2,4,0.677,0.451,16:0.808/0.408 24:0.808/0.486 32:0.462/0.433 48:0.808/0.450 64:0.500/0.481,low_reliability_or_unlikely,does not meet good candidate thresholds
section_hand,section_hand,T|2,broad_shape,E|y,R06,16,12,4,0.625,1,1,1,2,"chey, shey, qokey, okey",3,4,0.562,0.506,16:0.625/0.446 24:0.625/0.492 32:0.312/0.467 48:0.625/0.489 64:0.625/0.635,low_reliability_or_unlikely,does not meet good candidate thresholds
section_hand,section_hand,T|2,broad_shape,O|in,R06,20,15,8,0.45,1,1,1,2,"dain, okain, sain, olain, otain, qokain, qotain, ain",0,3,0.43,0.446,16:0.550/0.456 24:0.500/0.447 32:0.300/0.442 48:0.500/0.431 64:0.300/0.455,low_reliability_or_unlikely,does not meet good candidate thresholds
section_hand,section_hand,T|2,broad_shape,O|l,R06,15,10,10,0.267,1,1,1,1,"al, chol, qokal, qol, ol, qotal, chal, okal",0,4,0.587,0.419,16:0.667/0.431 24:0.667/0.407 32:0.667/0.446 48:0.667/0.412 64:0.267/0.397,low_reliability_or_unlikely,does not meet good candidate thresholds
section_hand,section_hand,T|2,broad_shape,O|r,R03,22,14,8,0.455,1,1,1,2,"qokar, okar, dar, or, sor, otar, ar, qotar",0,0,0.0,0.421,16:0.000/0.413 24:0.000/0.413 32:0.000/0.430 48:0.000/0.411 64:0.000/0.440,low_reliability_or_unlikely,does not meet good candidate thresholds
section_hand,section_hand,B|2,stolfi_inspired_signature,G_k|S_EDY|T_dy,H12,74,51,2,0.716,1,1,1,3,"qokedy, okedy",0,0,0.0,0.354,16:0.000/0.325 24:0.000/0.432 32:0.000/0.312 48:0.000/0.346 64:0.000/0.352,low_reliability_or_unlikely,does not meet good candidate thresholds
section_hand,section_hand,B|2,stolfi_inspired_signature,G_k|S_EDY|T_edy,H01,63,50,2,0.73,1,1,1,2,"qokeedy, okeedy",0,0,0.054,0.373,16:0.000/0.341 24:0.000/0.432 32:0.270/0.353 48:0.000/0.365 64:0.000/0.375,low_reliability_or_unlikely,does not meet good candidate thresholds
section_hand,section_hand,B|2,stolfi_inspired_signature,G_k|S_EY|T_ey,H08,28,25,2,0.893,1,1,1,3,"qokeey, okeey",0,0,0.429,0.383,16:0.393/0.387 24:0.429/0.422 32:0.464/0.395 48:0.357/0.348 64:0.500/0.362,low_reliability_or_unlikely,does not meet good candidate thresholds
section_hand,section_hand,B|2,stolfi_inspired_signature,G_k|S_GY|T_y,H01,28,27,3,0.857,1,1,1,3,"qoky, olky, oky",0,0,0.0,0.459,16:0.000/0.431 24:0.000/0.541 32:0.000/0.435 48:0.000/0.459 64:0.000/0.430,low_reliability_or_unlikely,does not meet good candidate thresholds
section_hand,section_hand,B|2,stolfi_inspired_signature,G_k|S_OEL|T_in,H08,47,42,3,0.766,1,1,1,2,"qokain, okain, qokoin",0,0,0.396,0.405,16:0.213/0.383 24:0.447/0.465 32:0.298/0.417 48:0.447/0.377 64:0.574/0.382,low_reliability_or_unlikely,does not meet good candidate thresholds
section_hand,section_hand,B|2,stolfi_inspired_signature,G_k|S_OIL|T_iin,R10,19,19,2,0.526,1,1,1,2,"okaiin, qokaiin",0,0,0.0,0.398,16:0.000/0.380 24:0.000/0.428 32:0.000/0.400 48:0.000/0.388 64:0.000/0.396,low_reliability_or_unlikely,does not meet good candidate thresholds
section_hand,section_hand,B|2,stolfi_inspired_signature,G_k|S_OL|T_l,H08,32,26,4,0.75,1,1,1,3,"qokal, qokol, okol, okal",0,1,0.362,0.43,16:0.250/0.386 24:0.438/0.485 32:0.219/0.447 48:0.406/0.409 64:0.500/0.423,low_reliability_or_unlikely,does not meet good candidate thresholds
section_hand,section_hand,B|2,stolfi_inspired_signature,G_k|S_OL|T_r,R03,16,16,4,0.875,1,1,1,3,"qokar, okar, okor, qokor",0,0,0.0,0.424,16:0.000/0.408 24:0.000/0.475 32:0.000/0.438 48:0.000/0.389 64:0.000/0.412,low_reliability_or_unlikely,does not meet good candidate thresholds
section_hand,section_hand,B|2,stolfi_inspired_signature,G_k|S_XGXY|T_y,R00,20,18,4,0.7,1,1,1,1,"chckhy, shckhy, qckhsy, ckhy",4,5,0.92,0.469,16:0.900/0.419 24:0.950/0.504 32:0.900/0.481 48:0.950/0.466 64:0.900/0.476,low_reliability_or_unlikely,does not meet good candidate thresholds
section_hand,section_hand,B|2,stolfi_inspired_signature,G_t|S_EDY|T_dy,R01,27,24,2,0.519,1,1,1,3,"otedy, qotedy",0,0,0.0,0.341,16:0.000/0.350 24:0.000/0.343 32:0.000/0.320 48:0.000/0.315 64:0.000/0.374,low_reliability_or_unlikely,does not meet good candidate thresholds
section_hand,section_hand,B|2,stolfi_inspired_signature,G_t|S_EDY|T_edy,H01,22,19,2,0.682,1,1,1,1,"qoteedy, oteedy",0,0,0.1,0.318,16:0.000/0.314 24:0.000/0.323 32:0.045/0.285 48:0.000/0.281 64:0.455/0.388,low_reliability_or_unlikely,does not meet good candidate thresholds
section_hand,section_hand,B|2,stolfi_inspired_signature,G_t|S_OL|T_l,H13,17,14,4,0.529,1,1,1,2,"qotal, otal, qotol, otol",0,0,0.035,0.326,16:0.000/0.347 24:0.000/0.306 32:0.000/0.284 48:0.000/0.312 64:0.176/0.383,low_reliability_or_unlikely,does not meet good candidate thresholds
section_hand,section_hand,B|2,stolfi_inspired_signature,NG|S_BEDY|T_edy,R00,28,27,9,0.571,1,1,1,2,"olchedy, dshedy, dchedy, olshedy, yshedy, ychedy, sshedy, schedy",0,0,0.214,0.54,16:0.143/0.528 24:0.250/0.545 32:0.286/0.540 48:0.179/0.549 64:0.214/0.535,low_reliability_or_unlikely,does not meet good candidate thresholds
section_hand,section_hand,B|2,stolfi_inspired_signature,NG|S_DY|T_y,R02,25,23,5,0.84,1,1,1,2,"dy, chdy, oldy, ydy, shdy",0,0,0.0,0.472,16:0.000/0.456 24:0.000/0.480 32:0.000/0.477 48:0.000/0.485 64:0.000/0.464,low_reliability_or_unlikely,does not meet good candidate thresholds
section_hand,section_hand,B|2,stolfi_inspired_signature,NG|S_EDY|T_dy,R06,92,75,3,0.598,1,1,1,2,"shedy, chedy, dedy",4,5,0.883,0.466,16:0.989/0.449 24:0.783/0.479 32:0.957/0.451 48:0.924/0.459 64:0.761/0.491,low_reliability_or_unlikely,does not meet good candidate thresholds
section_hand,section_hand,B|2,stolfi_inspired_signature,NG|S_EDY|T_edy,R06,22,20,3,0.864,1,1,1,1,"sheedy, cheedy, qoeedy",4,5,0.873,0.468,16:0.955/0.450 24:0.773/0.480 32:0.909/0.453 48:0.864/0.477 64:0.864/0.483,low_reliability_or_unlikely,does not meet good candidate thresholds
section_hand,section_hand,B|2,stolfi_inspired_signature,NG|S_EY|T_y,R06,24,24,3,0.958,1,1,1,1,"shey, chey, qey",4,5,0.975,0.523,16:1.000/0.449 24:0.958/0.512 32:0.917/0.458 48:1.000/0.490 64:1.000/0.708,low_reliability_or_unlikely,does not meet good candidate thresholds
section_hand,section_hand,B|2,stolfi_inspired_signature,NG|S_LBEDY|T_edy,R00,21,21,5,1.0,1,1,1,1,"lchedy, lshedy, qolchedy, qorchedy, rshedy",0,1,0.295,0.482,16:0.238/0.482 24:0.524/0.487 32:0.190/0.479 48:0.238/0.484 64:0.286/0.480,low_reliability_or_unlikely,does not meet good candidate thresholds
section_hand,section_hand,B|2,stolfi_inspired_signature,NG|S_LY|T_y,R06,16,16,5,0.562,1,1,1,3,"oly, ly, ory, dly, qoly",0,1,0.388,0.491,16:0.562/0.458 24:0.312/0.482 32:0.312/0.497 48:0.312/0.522 64:0.438/0.494,low_reliability_or_unlikely,does not meet good candidate thresholds
section_hand,section_hand,B|2,stolfi_inspired_signature,NG|S_OEL|T_in,R06,24,21,5,0.958,1,1,1,1,"dain, sain, shain, orain, ain",5,5,0.892,0.513,16:1.000/0.506 24:0.833/0.517 32:0.875/0.508 48:0.875/0.519 64:0.875/0.514,low_reliability_or_unlikely,does not meet good candidate thresholds
section_hand,section_hand,B|2,stolfi_inspired_signature,NG|S_OIL|T_iin,R06,36,32,5,0.528,1,1,1,2,"daiin, saiin, aiin, olaiin, soiin",4,5,0.833,0.519,16:0.972/0.476 24:0.778/0.481 32:0.889/0.471 48:0.944/0.502 64:0.583/0.662,low_reliability_or_unlikely,does not meet good candidate thresholds
section_hand,section_hand,B|2,stolfi_inspired_signature,NG|S_OL|T_l,R06,111,75,13,0.604,1,1,1,4,"ol, qol, dal, dol, sol, chol, sal, chal",5,5,0.841,0.478,16:0.901/0.468 24:0.838/0.464 32:0.883/0.493 48:0.847/0.486 64:0.739/0.481,low_reliability_or_unlikely,does not meet good candidate thresholds
section_hand,section_hand,B|2,stolfi_inspired_signature,NG|S_OL|T_r,R06,38,34,10,0.868,1,1,1,2,"dar, or, sar, sor, oror, qor, ar, dor",5,5,0.874,0.492,16:0.974/0.470 24:0.895/0.490 32:0.868/0.494 48:0.895/0.521 64:0.737/0.484,low_reliability_or_unlikely,does not meet good candidate thresholds
section_hand,section_hand,C|4,stolfi_inspired_signature,NG|S_OL|T_l,R06,15,12,9,0.533,1,2,1,6,"al, dal, ol, orol, sol, chol, yol, oal",3,4,0.693,0.467,16:0.800/0.473 24:0.667/0.459 32:0.800/0.488 48:0.800/0.436 64:0.400/0.478,low_reliability_or_unlikely,does not meet good candidate thresholds
section_hand,section_hand,H|1,stolfi_inspired_signature,G_k|S_GBY|T_y,R06,15,12,6,0.867,1,1,1,1,"kchy, ykchy, chkchy, ykshy, shkchy, shkshy",0,0,0.0,0.472,16:0.000/0.454 24:0.000/0.512 32:0.000/0.449 48:0.000/0.467 64:0.000/0.476,low_reliability_or_unlikely,does not meet good candidate thresholds
section_hand,section_hand,H|1,stolfi_inspired_signature,G_k|S_GY|T_y,R00,19,18,3,0.526,1,1,1,2,"oky, qoky, yky",5,5,0.989,0.492,16:1.000/0.474 24:1.000/0.544 32:1.000/0.466 48:1.000/0.488 64:0.947/0.489,low_reliability_or_unlikely,does not meet good candidate thresholds
section_hand,section_hand,H|1,stolfi_inspired_signature,G_t|S_XGXY|T_y,R04,18,18,3,0.944,1,1,1,2,"cthy, chcthy, dcthy",0,0,0.0,0.388,16:0.000/0.337 24:0.000/0.339 32:0.000/0.438 48:0.000/0.408 64:0.000/0.417,low_reliability_or_unlikely,does not meet good candidate thresholds
section_hand,section_hand,H|1,stolfi_inspired_signature,NG|S_BO|T_NONE,R00,15,15,6,0.533,1,1,1,2,"cho, dcho, dsho, ycho, osho, ssho",0,0,0.173,0.514,16:0.067/0.512 24:0.333/0.526 32:0.133/0.526 48:0.067/0.514 64:0.267/0.490,low_reliability_or_unlikely,does not meet good candidate thresholds
section_hand,section_hand,H|1,stolfi_inspired_signature,NG|S_BY|T_y,R00,20,19,5,0.8,1,1,1,2,"chy, dchy, dshy, orshy, ochy",0,0,0.15,0.489,16:0.050/0.482 24:0.200/0.495 32:0.250/0.496 48:0.050/0.494 64:0.200/0.479,low_reliability_or_unlikely,does not meet good candidate thresholds
section_hand,section_hand,H|1,stolfi_inspired_signature,NG|S_DY|T_y,R02,16,16,6,0.688,1,1,1,2,"dy, ody, oldy, chdy, ddy, qody",0,0,0.0,0.476,16:0.000/0.469 24:0.000/0.468 32:0.000/0.481 48:0.000/0.502 64:0.000/0.463,low_reliability_or_unlikely,does not meet good candidate thresholds
section_hand,section_hand,H|1,stolfi_inspired_signature,NG|S_ODY|T_dy,R00,15,15,3,0.733,1,1,1,2,"chody, shody, dady",1,1,0.373,0.476,16:0.267/0.476 24:0.600/0.484 32:0.267/0.474 48:0.400/0.471 64:0.333/0.474,low_reliability_or_unlikely,does not meet good candidate thresholds
section_hand,section_hand,H|1,stolfi_inspired_signature,NG|S_OEL|T_in,R06,16,16,3,0.938,1,1,1,3,"dain, shain, chain",4,5,0.738,0.487,16:0.875/0.480 24:0.500/0.482 32:0.625/0.488 48:0.875/0.497 64:0.812/0.489,low_reliability_or_unlikely,does not meet good candidate thresholds
section_hand,section_hand,H|1,stolfi_inspired_signature,NG|S_OIL|T_iin,R10,101,83,10,0.723,1,1,1,3,"daiin, chaiin, saiin, aiin, doiin, choiin, oaiin, soiin",1,1,0.15,0.514,16:0.000/0.450 24:0.000/0.481 32:0.000/0.440 48:0.000/0.467 64:0.752/0.730,low_reliability_or_unlikely,does not meet good candidate thresholds
section_hand,section_hand,H|1,stolfi_inspired_signature,NG|S_OL|T_l,R07,100,73,11,0.55,1,1,1,2,"chol, shol, ol, dal, dol, sal, sol, olol",0,0,0.0,0.459,16:0.000/0.450 24:0.000/0.439 32:0.000/0.480 48:0.000/0.462 64:0.000/0.462,low_reliability_or_unlikely,does not meet good candidate thresholds
section_hand,section_hand,H|1,stolfi_inspired_signature,NG|S_OL|T_m,R06,20,18,10,0.8,1,1,1,2,"dam, am, sham, chom, om, shom, olom, sam",1,2,0.5,0.474,16:0.850/0.434 24:0.350/0.468 32:0.300/0.492 48:0.650/0.511 64:0.350/0.467,low_reliability_or_unlikely,does not meet good candidate thresholds
section_hand,section_hand,H|1,stolfi_inspired_signature,NG|S_OL|T_r,R06,91,71,12,0.527,1,1,1,3,"chor, or, dar, shor, dor, ar, char, sor",5,5,0.811,0.478,16:0.901/0.469 24:0.648/0.475 32:0.890/0.485 48:0.857/0.495 64:0.758/0.464,low_reliability_or_unlikely,does not meet good candidate thresholds
section_hand,section_hand,H|1,stolfi_inspired_signature,NG|S_XY|T_y,R06,15,15,2,1.0,1,1,1,2,"shy, sy",4,5,0.733,0.472,16:1.000/0.442 24:0.600/0.495 32:0.600/0.463 48:0.800/0.452 64:0.667/0.508,low_reliability_or_unlikely,does not meet good candidate thresholds
section_hand,section_hand,H|1,stolfi_inspired_signature,NG|S_X|T_NONE,R06,24,24,2,0.917,1,1,1,3,"s, g",1,2,0.533,0.462,16:0.958/0.421 24:0.250/0.465 32:0.458/0.471 48:0.625/0.474 64:0.375/0.479,low_reliability_or_unlikely,does not meet good candidate thresholds
section_hand,section_hand,H|2,stolfi_inspired_signature,NG|S_DY|T_y,R02,16,14,7,0.562,1,1,1,2,"chdy, ody, ydy, shdy, oldy, qody, dy",0,0,0.0,0.468,16:0.000/0.444 24:0.000/0.442 32:0.000/0.435 48:0.000/0.438 64:0.000/0.582,low_reliability_or_unlikely,does not meet good candidate thresholds
section_hand,section_hand,H|2,stolfi_inspired_signature,NG|S_OIL|T_iin,R06,20,16,4,0.7,1,1,1,1,"aiin, daiin, saiin, oraiin",4,5,0.77,0.507,16:0.900/0.457 24:0.700/0.471 32:0.750/0.445 48:0.900/0.471 64:0.600/0.690,low_reliability_or_unlikely,does not meet good candidate thresholds
section_hand,section_hand,H|2,stolfi_inspired_signature,NG|S_OL|T_r,R06,27,16,6,0.926,1,1,1,1,"ar, dar, or, chor, olor, dor",3,5,0.756,0.449,16:0.926/0.448 24:0.778/0.453 32:0.778/0.459 48:0.741/0.456 64:0.556/0.429,low_reliability_or_unlikely,does not meet good candidate thresholds
section_hand,section_hand,P|1,stolfi_inspired_signature,NG|S_OL|T_l,R07,19,15,7,0.474,1,1,1,2,"chol, dol, ol, dal, orol, shol, sol",0,0,0.0,0.448,16:0.000/0.445 24:0.000/0.424 32:0.000/0.480 48:0.000/0.452 64:0.000/0.437,low_reliability_or_unlikely,does not meet good candidate thresholds
section_hand,section_hand,S|3,stolfi_inspired_signature,G_k|S_EDY|T_dy,H12,21,19,2,0.857,1,1,1,1,"qokedy, okedy",0,0,0.0,0.333,16:0.000/0.316 24:0.000/0.399 32:0.000/0.302 48:0.000/0.325 64:0.000/0.323,low_reliability_or_unlikely,does not meet good candidate thresholds
section_hand,section_hand,S|3,stolfi_inspired_signature,G_k|S_EDY|T_edy,H01,44,34,2,0.705,1,1,1,1,"qokeedy, okeedy",0,0,0.105,0.367,16:0.000/0.371 24:0.000/0.429 32:0.500/0.317 48:0.000/0.369 64:0.023/0.349,low_reliability_or_unlikely,does not meet good candidate thresholds
section_hand,section_hand,S|3,stolfi_inspired_signature,G_k|S_EY|T_ey,H08,56,43,2,0.661,1,2,1,1,"qokeey, okeey",0,0,0.314,0.411,16:0.250/0.396 24:0.268/0.436 32:0.321/0.420 48:0.268/0.395 64:0.464/0.408,low_reliability_or_unlikely,does not meet good candidate thresholds
section_hand,section_hand,S|3,stolfi_inspired_signature,G_k|S_GY|T_y,R00,15,15,5,0.467,1,2,1,1,"qoky, oky, shky, chky, orky",4,5,0.947,0.47,16:0.933/0.446 24:1.000/0.490 32:0.933/0.466 48:0.933/0.453 64:0.933/0.493,low_reliability_or_unlikely,does not meet good candidate thresholds
section_hand,section_hand,S|3,stolfi_inspired_signature,G_k|S_OEL|T_in,H08,35,32,2,0.571,1,2,1,1,"qokain, okain",0,0,0.257,0.407,16:0.171/0.400 24:0.286/0.446 32:0.171/0.406 48:0.229/0.394 64:0.429/0.388,low_reliability_or_unlikely,does not meet good candidate thresholds
section_hand,section_hand,S|3,stolfi_inspired_signature,G_k|S_OIL|T_iin,H08,38,31,2,0.579,1,2,1,1,"qokaiin, okaiin",0,0,0.337,0.389,16:0.237/0.393 24:0.211/0.437 32:0.289/0.395 48:0.316/0.349 64:0.632/0.372,low_reliability_or_unlikely,does not meet good candidate thresholds
section_hand,section_hand,S|3,stolfi_inspired_signature,G_k|S_OL|T_l,R07,29,24,3,0.621,1,2,1,1,"okal, qokal, qokol",0,0,0.0,0.437,16:0.000/0.419 24:0.000/0.456 32:0.000/0.437 48:0.000/0.426 64:0.000/0.446,low_reliability_or_unlikely,does not meet good candidate thresholds
section_hand,section_hand,S|3,stolfi_inspired_signature,G_k|S_OL|T_r,R03,16,13,4,0.812,1,2,1,2,"qokar, okar, qokor, okor",0,0,0.0,0.431,16:0.000/0.399 24:0.000/0.500 32:0.000/0.417 48:0.000/0.409 64:0.000/0.430,low_reliability_or_unlikely,does not meet good candidate thresholds
section_hand,section_hand,S|3,stolfi_inspired_signature,G_k|S_XGXY|T_y,R00,19,18,4,0.737,1,2,1,1,"chckhy, shckhy, dckhy, qockhy",4,5,0.947,0.472,16:0.947/0.444 24:1.000/0.484 32:1.000/0.500 48:1.000/0.474 64:0.789/0.456,low_reliability_or_unlikely,does not meet good candidate thresholds
section_hand,section_hand,S|3,stolfi_inspired_signature,G_t|S_EDY|T_dy,R01,18,16,2,0.667,1,1,1,2,"otedy, qotedy",0,0,0.0,0.296,16:0.000/0.310 24:0.000/0.306 32:0.000/0.268 48:0.000/0.241 64:0.000/0.356,low_reliability_or_unlikely,does not meet good candidate thresholds
section_hand,section_hand,S|3,stolfi_inspired_signature,G_t|S_OEL|T_in,R00,22,20,2,0.636,1,2,1,1,"otain, qotain",0,0,0.955,0.329,16:1.000/0.324 24:1.000/0.325 32:1.000/0.302 48:0.955/0.301 64:0.818/0.392,low_reliability_or_unlikely,does not meet good candidate thresholds
section_hand,section_hand,S|3,stolfi_inspired_signature,G_t|S_OIL|T_iin,R10,15,14,3,0.533,1,2,1,2,"otaiin, qotaiin, qotoiin",0,0,0.0,0.332,16:0.000/0.343 24:0.000/0.342 32:0.000/0.308 48:0.000/0.314 64:0.000/0.353,low_reliability_or_unlikely,does not meet good candidate thresholds
section_hand,section_hand,S|3,stolfi_inspired_signature,NG|S_EDY|T_dy,R02,57,44,2,0.684,1,1,1,1,"chedy, shedy",0,1,0.102,0.457,16:0.000/0.435 24:0.000/0.473 32:0.000/0.433 48:0.000/0.447 64:0.509/0.496,low_reliability_or_unlikely,does not meet good candidate thresholds
section_hand,section_hand,S|3,stolfi_inspired_signature,NG|S_EY|T_ey,R06,27,25,4,0.815,1,2,1,1,"cheey, sheey, qoeey, oleey",3,4,0.8,0.489,16:0.963/0.439 24:0.815/0.481 32:0.481/0.443 48:0.889/0.475 64:0.852/0.607,low_reliability_or_unlikely,does not meet good candidate thresholds
section_hand,section_hand,S|3,stolfi_inspired_signature,NG|S_EY|T_y,R06,44,39,2,1.0,1,2,1,2,"chey, shey",3,4,0.786,0.513,16:0.955/0.438 24:0.841/0.472 32:0.455/0.438 48:0.773/0.451 64:0.909/0.767,low_reliability_or_unlikely,does not meet good candidate thresholds
section_hand,section_hand,S|3,stolfi_inspired_signature,NG|S_LBEDY|T_edy,R00,16,16,2,1.0,1,2,1,1,"lchedy, lshedy",0,1,0.3,0.453,16:0.000/0.437 24:0.500/0.462 32:0.312/0.451 48:0.250/0.451 64:0.438/0.466,low_reliability_or_unlikely,does not meet good candidate thresholds
section_hand,section_hand,S|3,stolfi_inspired_signature,NG|S_OEL|T_in,R06,30,25,8,0.8,1,1,1,1,"dain, ain, sain, oain, qoain, olain, shain, chain",5,5,0.873,0.522,16:0.967/0.518 24:0.900/0.530 32:0.800/0.514 48:0.967/0.503 64:0.733/0.545,low_reliability_or_unlikely,does not meet good candidate thresholds
section_hand,section_hand,S|3,stolfi_inspired_signature,NG|S_OIL|T_iin,R06,69,57,12,0.565,1,2,1,1,"aiin, daiin, saiin, qoaiin, oraiin, chaiin, yaiin, qaiin",5,5,0.878,0.535,16:1.000/0.490 24:0.928/0.499 32:0.696/0.488 48:0.913/0.487 64:0.855/0.712,low_reliability_or_unlikely,does not meet good candidate thresholds
section_hand,section_hand,S|3,stolfi_inspired_signature,NG|S_OL|T_l,R06,69,58,12,0.478,1,2,1,3,"al, chol, ol, chal, dal, shol, qoal, qol",2,5,0.803,0.461,16:0.913/0.448 24:0.841/0.447 32:0.855/0.477 48:0.870/0.472 64:0.536/0.459,low_reliability_or_unlikely,does not meet good candidate thresholds
section_hand,section_hand,S|3,stolfi_inspired_signature,NG|S_OL|T_r,R06,62,48,14,0.758,1,2,1,2,"ar, or, dar, chor, char, sar, shar, qoar",5,5,0.765,0.482,16:0.952/0.463 24:0.677/0.489 32:0.710/0.473 48:0.806/0.504 64:0.677/0.480,low_reliability_or_unlikely,does not meet good candidate thresholds
section_hand,section_hand,T|2,stolfi_inspired_signature,NG|S_EDY|T_dy,R06,21,14,2,0.619,1,1,1,2,"shedy, chedy",3,5,0.838,0.478,16:1.000/0.439 24:1.000/0.494 32:0.571/0.453 48:1.000/0.493 64:0.619/0.513,low_reliability_or_unlikely,does not meet good candidate thresholds
section_marker,section_marker,B|paragraph_continuation,surface_token,chedy,R02,36,32,1,1.0,1,1,1,1,chedy,0,0,0.056,0.459,16:0.000/0.447 24:0.000/0.470 32:0.000/0.445 48:0.000/0.448 64:0.278/0.483,low_reliability_or_unlikely,does not meet good candidate thresholds
section_marker,section_marker,B|paragraph_continuation,surface_token,okedy,R00,20,17,1,1.0,1,1,1,1,okedy,0,1,0.61,0.368,16:0.550/0.355 24:0.900/0.428 32:0.450/0.322 48:0.700/0.354 64:0.450/0.382,low_reliability_or_unlikely,does not meet good candidate thresholds
section_marker,section_marker,B|paragraph_continuation,surface_token,okeedy,R00,15,14,1,1.0,1,1,1,1,okeedy,1,5,0.733,0.427,16:0.667/0.417 24:0.733/0.467 32:0.733/0.409 48:0.800/0.415 64:0.733/0.426,low_reliability_or_unlikely,does not meet good candidate thresholds
section_marker,section_marker,B|paragraph_continuation,surface_token,ol,R06,38,32,1,1.0,1,1,1,1,ol,5,5,0.832,0.476,16:0.868/0.460 24:0.816/0.460 32:0.868/0.490 48:0.842/0.490 64:0.763/0.481,low_reliability_or_unlikely,does not meet good candidate thresholds
section_marker,section_marker,B|paragraph_continuation,surface_token,qokain,H08,35,33,1,1.0,1,1,1,1,qokain,0,1,0.491,0.38,16:0.286/0.347 24:0.571/0.450 32:0.371/0.404 48:0.543/0.345 64:0.686/0.355,low_reliability_or_unlikely,does not meet good candidate thresholds
section_marker,section_marker,B|paragraph_continuation,surface_token,qokedy,H12,51,39,1,1.0,1,1,1,1,qokedy,0,0,0.0,0.339,16:0.000/0.301 24:0.000/0.426 32:0.000/0.299 48:0.000/0.333 64:0.000/0.334,low_reliability_or_unlikely,does not meet good candidate thresholds
section_marker,section_marker,B|paragraph_continuation,surface_token,qokeedy,H01,46,37,1,1.0,1,1,1,1,qokeedy,0,0,0.061,0.35,16:0.000/0.310 24:0.000/0.418 32:0.304/0.331 48:0.000/0.344 64:0.000/0.349,low_reliability_or_unlikely,does not meet good candidate thresholds
section_marker,section_marker,B|paragraph_continuation,surface_token,qokeey,H08,24,21,1,1.0,1,1,1,1,qokeey,0,2,0.475,0.384,16:0.417/0.391 24:0.500/0.433 32:0.500/0.400 48:0.417/0.348 64:0.542/0.350,low_reliability_or_unlikely,does not meet good candidate thresholds
section_marker,section_marker,B|paragraph_continuation,surface_token,qoky,H01,23,23,1,1.0,1,1,1,1,qoky,0,0,0.0,0.447,16:0.000/0.419 24:0.000/0.525 32:0.000/0.424 48:0.000/0.448 64:0.000/0.416,low_reliability_or_unlikely,does not meet good candidate thresholds
section_marker,section_marker,B|paragraph_continuation,surface_token,qol,R00,18,16,1,1.0,1,1,1,1,qol,0,0,0.156,0.448,16:0.000/0.454 24:0.222/0.428 32:0.056/0.478 48:0.222/0.444 64:0.278/0.435,low_reliability_or_unlikely,does not meet good candidate thresholds
section_marker,section_marker,B|paragraph_continuation,surface_token,qoteedy,H01,15,13,1,1.0,1,1,1,1,qoteedy,0,0,0.12,0.325,16:0.000/0.324 24:0.000/0.333 32:0.067/0.296 48:0.000/0.291 64:0.533/0.383,low_reliability_or_unlikely,does not meet good candidate thresholds
section_marker,section_marker,B|paragraph_continuation,surface_token,shedy,R06,53,47,1,1.0,1,1,1,1,shedy,4,5,0.906,0.468,16:1.000/0.449 24:0.811/0.483 32:0.962/0.452 48:0.943/0.464 64:0.811/0.493,low_reliability_or_unlikely,does not meet good candidate thresholds
section_marker,section_marker,B|paragraph_continuation,surface_token,shey,R06,15,15,1,1.0,1,1,1,1,shey,5,5,0.973,0.523,16:1.000/0.450 24:1.000/0.523 32:0.867/0.453 48:1.000/0.511 64:1.000/0.680,low_reliability_or_unlikely,does not meet good candidate thresholds
section_marker,section_marker,H|paragraph_continuation,surface_token,ar,R06,16,14,1,1.0,1,2,2,1,ar,5,5,0.738,0.471,16:0.812/0.459 24:0.688/0.467 32:0.750/0.477 48:0.750/0.495 64:0.688/0.457,low_reliability_or_unlikely,does not meet good candidate thresholds
section_marker,section_marker,H|paragraph_continuation,surface_token,chol,R07,57,47,1,1.0,1,2,3,1,chol,0,0,0.0,0.442,16:0.000/0.442 24:0.000/0.418 32:0.000/0.466 48:0.000/0.444 64:0.000/0.439,low_reliability_or_unlikely,does not meet good candidate thresholds
section_marker,section_marker,H|paragraph_continuation,surface_token,chor,R11,32,31,1,1.0,1,2,2,1,chor,0,0,0.0,0.452,16:0.000/0.447 24:0.000/0.448 32:0.000/0.473 48:0.000/0.451 64:0.000/0.443,low_reliability_or_unlikely,does not meet good candidate thresholds
section_marker,section_marker,H|paragraph_continuation,surface_token,cthol,R07,15,15,1,1.0,1,1,1,1,cthol,0,0,0.0,0.379,16:0.000/0.345 24:0.000/0.351 32:0.000/0.357 48:0.000/0.384 64:0.000/0.460,low_reliability_or_unlikely,does not meet good candidate thresholds
section_marker,section_marker,H|paragraph_continuation,surface_token,daiin,R10,73,62,1,1.0,1,2,2,1,daiin,1,1,0.17,0.51,16:0.000/0.445 24:0.000/0.474 32:0.000/0.433 48:0.000/0.449 64:0.849/0.751,low_reliability_or_unlikely,does not meet good candidate thresholds
section_marker,section_marker,H|paragraph_continuation,surface_token,dar,R06,19,17,1,1.0,1,2,2,1,dar,3,5,0.768,0.452,16:0.842/0.463 24:0.737/0.447 32:0.895/0.455 48:0.789/0.455 64:0.579/0.439,low_reliability_or_unlikely,does not meet good candidate thresholds
section_marker,section_marker,H|paragraph_continuation,surface_token,or,R06,19,17,1,1.0,1,2,3,1,or,5,5,0.726,0.496,16:0.842/0.475 24:0.632/0.495 32:0.737/0.500 48:0.684/0.533 64:0.737/0.477,low_reliability_or_unlikely,does not meet good candidate thresholds
section_marker,section_marker,H|paragraph_continuation,surface_token,s,R06,23,23,1,1.0,1,2,2,1,s,1,3,0.548,0.455,16:0.957/0.425 24:0.217/0.458 32:0.522/0.463 48:0.652/0.463 64:0.391/0.467,low_reliability_or_unlikely,does not meet good candidate thresholds
section_marker,section_marker,H|paragraph_continuation,surface_token,sho,R06,18,17,1,1.0,1,1,1,1,sho,5,5,0.933,0.523,16:1.000/0.522 24:0.889/0.534 32:0.833/0.524 48:1.000/0.519 64:0.944/0.518,low_reliability_or_unlikely,does not meet good candidate thresholds
section_marker,section_marker,S|paragraph_continuation,surface_token,aiin,R06,27,22,1,1.0,1,2,1,1,aiin,4,5,0.859,0.523,16:1.000/0.454 24:0.889/0.474 32:0.556/0.461 48:0.852/0.469 64:1.000/0.757,low_reliability_or_unlikely,does not meet good candidate thresholds
section_marker,section_marker,S|paragraph_continuation,surface_token,al,R06,18,17,1,1.0,1,1,2,1,al,4,5,0.856,0.464,16:0.944/0.448 24:0.833/0.456 32:0.944/0.473 48:0.889/0.473 64:0.667/0.470,low_reliability_or_unlikely,does not meet good candidate thresholds
section_marker,section_marker,S|paragraph_continuation,surface_token,ar,R06,28,24,1,1.0,1,2,1,1,ar,4,5,0.8,0.475,16:0.964/0.445 24:0.821/0.496 32:0.679/0.458 48:0.893/0.491 64:0.643/0.487,low_reliability_or_unlikely,does not meet good candidate thresholds
section_marker,section_marker,S|paragraph_continuation,surface_token,chedy,R02,41,34,1,1.0,1,1,2,1,chedy,0,1,0.107,0.458,16:0.000/0.432 24:0.000/0.477 32:0.000/0.435 48:0.000/0.449 64:0.537/0.497,low_reliability_or_unlikely,does not meet good candidate thresholds
section_marker,section_marker,S|paragraph_continuation,surface_token,cheol,R00,15,14,1,1.0,1,2,2,1,cheol,0,1,0.28,0.442,16:0.000/0.443 24:0.267/0.455 32:0.600/0.445 48:0.133/0.441 64:0.400/0.426,low_reliability_or_unlikely,does not meet good candidate thresholds
section_marker,section_marker,S|paragraph_continuation,surface_token,chey,R06,32,29,1,1.0,1,2,2,1,chey,3,4,0.794,0.515,16:0.969/0.436 24:0.844/0.479 32:0.438/0.441 48:0.812/0.456 64:0.906/0.764,low_reliability_or_unlikely,does not meet good candidate thresholds
section_marker,section_marker,S|paragraph_continuation,surface_token,chol,R07,18,17,1,1.0,1,2,2,1,chol,0,0,0.0,0.449,16:0.000/0.439 24:0.000/0.431 32:0.000/0.486 48:0.000/0.448 64:0.000/0.440,low_reliability_or_unlikely,does not meet good candidate thresholds
section_marker,section_marker,S|paragraph_continuation,surface_token,daiin,R10,25,23,1,1.0,1,2,2,1,daiin,0,0,0.04,0.538,16:0.000/0.513 24:0.000/0.512 32:0.000/0.504 48:0.000/0.470 64:0.200/0.690,low_reliability_or_unlikely,does not meet good candidate thresholds
section_marker,section_marker,S|paragraph_continuation,surface_token,okaiin,R10,16,16,1,1.0,1,1,1,1,okaiin,0,0,0.0,0.438,16:0.000/0.455 24:0.000/0.475 32:0.000/0.434 48:0.000/0.411 64:0.000/0.413,low_reliability_or_unlikely,does not meet good candidate thresholds
section_marker,section_marker,S|paragraph_continuation,surface_token,okain,R10,15,14,1,1.0,1,2,1,1,okain,0,0,0.0,0.431,16:0.000/0.440 24:0.000/0.456 32:0.000/0.418 48:0.000/0.417 64:0.000/0.426,low_reliability_or_unlikely,does not meet good candidate thresholds
section_marker,section_marker,S|paragraph_continuation,surface_token,okal,R07,18,16,1,1.0,1,2,1,1,okal,0,0,0.0,0.454,16:0.000/0.414 24:0.000/0.489 32:0.000/0.449 48:0.000/0.449 64:0.000/0.470,low_reliability_or_unlikely,does not meet good candidate thresholds
section_marker,section_marker,S|paragraph_continuation,surface_token,okeey,R06,20,19,1,1.0,1,2,2,1,okeey,0,0,0.0,0.445,16:0.000/0.456 24:0.000/0.431 32:0.000/0.440 48:0.000/0.436 64:0.000/0.459,low_reliability_or_unlikely,does not meet good candidate thresholds
section_marker,section_marker,S|paragraph_continuation,surface_token,qokaiin,H08,22,21,1,1.0,1,2,1,1,qokaiin,0,0,0.5,0.354,16:0.409/0.349 24:0.364/0.409 32:0.455/0.366 48:0.409/0.303 64:0.864/0.343,low_reliability_or_unlikely,does not meet good candidate thresholds
section_marker,section_marker,S|paragraph_continuation,surface_token,qokain,H08,20,19,1,1.0,1,2,1,1,qokain,0,0,0.36,0.388,16:0.200/0.369 24:0.450/0.439 32:0.250/0.398 48:0.300/0.376 64:0.600/0.359,low_reliability_or_unlikely,does not meet good candidate thresholds
section_marker,section_marker,S|paragraph_continuation,surface_token,qokedy,H12,19,18,1,1.0,1,1,2,1,qokedy,0,0,0.0,0.333,16:0.000/0.318 24:0.000/0.396 32:0.000/0.298 48:0.000/0.323 64:0.000/0.331,low_reliability_or_unlikely,does not meet good candidate thresholds
section_marker,section_marker,S|paragraph_continuation,surface_token,qokeedy,H01,32,26,1,1.0,1,1,2,1,qokeedy,0,0,0.131,0.354,16:0.000/0.356 24:0.000/0.423 32:0.625/0.299 48:0.000/0.356 64:0.031/0.334,low_reliability_or_unlikely,does not meet good candidate thresholds
section_marker,section_marker,S|paragraph_continuation,surface_token,qokeey,H08,37,31,1,1.0,1,2,1,1,qokeey,0,0,0.427,0.396,16:0.351/0.366 24:0.405/0.442 32:0.405/0.411 48:0.378/0.376 64:0.595/0.383,low_reliability_or_unlikely,does not meet good candidate thresholds
section_marker,section_marker,S|paragraph_continuation,surface_token,shedy,R06,19,17,1,1.0,1,1,2,1,shedy,1,4,0.747,0.454,16:0.947/0.441 24:0.737/0.456 32:0.737/0.432 48:0.842/0.446 64:0.474/0.495,low_reliability_or_unlikely,does not meet good candidate thresholds
section_marker,section_marker,B|paragraph_continuation,conservative_morphology,a|iin|O,R10,55,45,8,0.491,1,1,1,1,"daiin, saiin, qokaiin, okaiin, aiin, otaiin, olaiin, qotaiin",0,0,0.051,0.458,16:0.000/0.424 24:0.000/0.444 32:0.000/0.427 48:0.000/0.441 64:0.255/0.553,low_reliability_or_unlikely,does not meet good candidate thresholds
section_marker,section_marker,B|paragraph_continuation,conservative_morphology,a|in|O,H08,81,64,9,0.432,1,1,1,1,"qokain, dain, sain, okain, otain, qotain, shain, orain",0,0,0.225,0.418,16:0.123/0.403 24:0.247/0.453 32:0.160/0.419 48:0.247/0.400 64:0.346/0.415,low_reliability_or_unlikely,does not meet good candidate thresholds
section_marker,section_marker,B|paragraph_continuation,conservative_morphology,a|l|O,H08,55,43,9,0.364,1,1,1,1,"qokal, dal, qotal, otal, chal, al, sal, okal",0,0,0.196,0.427,16:0.182/0.399 24:0.236/0.447 32:0.127/0.434 48:0.182/0.415 64:0.255/0.438,low_reliability_or_unlikely,does not meet good candidate thresholds
section_marker,section_marker,B|paragraph_continuation,conservative_morphology,a|r|O,R06,40,36,9,0.45,1,1,1,1,"qokar, dar, otar, sar, qotar, okar, ar, char",0,0,0.435,0.416,16:0.475/0.396 24:0.450/0.439 32:0.450/0.422 48:0.425/0.407 64:0.375/0.418,low_reliability_or_unlikely,does not meet good candidate thresholds
section_marker,section_marker,B|paragraph_continuation,conservative_morphology,ch|edy|B,R00,19,18,8,0.632,1,1,1,1,"olchedy, dchedy, ychedy, qokchedy, okchedy, schedy, otchedy, ochedy",0,0,0.295,0.506,16:0.211/0.494 24:0.368/0.510 32:0.368/0.496 48:0.316/0.515 64:0.211/0.514,low_reliability_or_unlikely,does not meet good candidate thresholds
section_marker,section_marker,B|paragraph_continuation,conservative_morphology,ckh|y|XGX,R00,19,17,3,0.684,1,1,1,1,"chckhy, shckhy, ckhy",4,5,0.916,0.47,16:0.895/0.424 24:0.947/0.500 32:0.895/0.482 48:0.947/0.467 64:0.895/0.477,low_reliability_or_unlikely,does not meet good candidate thresholds
section_marker,section_marker,B|paragraph_continuation,conservative_morphology,d|y|D,R02,25,23,5,0.84,1,1,1,1,"dy, chdy, oldy, shdy, okdy",0,0,0.0,0.469,16:0.000/0.454 24:0.000/0.480 32:0.000/0.473 48:0.000/0.479 64:0.000/0.460,low_reliability_or_unlikely,does not meet good candidate thresholds
section_marker,section_marker,B|paragraph_continuation,conservative_morphology,e|dy|E,R06,183,105,7,0.295,1,1,1,1,"shedy, qokedy, chedy, okedy, otedy, qotedy, dedy",0,0,0.436,0.404,16:0.486/0.385 24:0.383/0.441 32:0.475/0.377 48:0.459/0.394 64:0.377/0.420,low_reliability_or_unlikely,does not meet good candidate thresholds
section_marker,section_marker,B|paragraph_continuation,conservative_morphology,e|edy|E,H01,105,74,7,0.581,1,1,1,1,"qokeedy, qoteedy, okeedy, sheedy, oteedy, cheedy, qoeedy",0,0,0.051,0.379,16:0.000/0.355 24:0.000/0.418 32:0.162/0.358 48:0.000/0.369 64:0.095/0.396,low_reliability_or_unlikely,does not meet good candidate thresholds
section_marker,section_marker,B|paragraph_continuation,conservative_morphology,e|ey|E,H08,43,34,7,0.558,1,1,1,1,"qokeey, sheey, cheey, oteey, okeey, qoteey, deey",0,0,0.265,0.409,16:0.233/0.396 24:0.279/0.429 32:0.279/0.409 48:0.233/0.379 64:0.302/0.431,low_reliability_or_unlikely,does not meet good candidate thresholds
section_marker,section_marker,B|paragraph_continuation,conservative_morphology,e|y|E,R06,45,39,7,0.511,1,1,1,1,"shey, chey, qokey, otey, okey, qotey, qey",0,4,0.52,0.453,16:0.533/0.415 24:0.511/0.465 32:0.489/0.407 48:0.533/0.425 64:0.533/0.554,low_reliability_or_unlikely,does not meet good candidate thresholds
section_marker,section_marker,B|paragraph_continuation,conservative_morphology,k|y|G,H01,26,25,3,0.885,1,1,1,1,"qoky, olky, oky",0,0,0.0,0.451,16:0.000/0.423 24:0.000/0.530 32:0.000/0.429 48:0.000/0.454 64:0.000/0.422,low_reliability_or_unlikely,does not meet good candidate thresholds
section_marker,section_marker,B|paragraph_continuation,conservative_morphology,o|l|O,R06,97,66,12,0.598,1,1,1,1,"ol, qol, dol, sol, chol, qokol, qotol, okol",4,5,0.753,0.458,16:0.804/0.451 24:0.742/0.444 32:0.794/0.469 48:0.753/0.462 64:0.670/0.461,low_reliability_or_unlikely,does not meet good candidate thresholds
section_marker,section_marker,B|paragraph_continuation,conservative_morphology,o|r|O,R06,20,19,7,0.7,1,1,1,1,"or, sor, qor, oror, dor, otor, qokor",5,5,0.78,0.482,16:0.850/0.463 24:0.750/0.475 32:0.750/0.489 48:0.850/0.509 64:0.700/0.473,low_reliability_or_unlikely,does not meet good candidate thresholds
section_marker,section_marker,H|paragraph_continuation,conservative_morphology,a|iin|O,R10,135,106,11,0.689,1,2,3,1,"daiin, aiin, okaiin, saiin, otaiin, chaiin, qokaiin, qotaiin",0,1,0.113,0.494,16:0.000/0.440 24:0.000/0.466 32:0.000/0.436 48:0.000/0.458 64:0.563/0.668,low_reliability_or_unlikely,does not meet good candidate thresholds
section_marker,section_marker,H|paragraph_continuation,conservative_morphology,a|in|O,R06,22,22,6,0.682,1,2,2,1,"dain, okain, otain, shain, ain, chain",3,4,0.591,0.486,16:0.682/0.479 24:0.455/0.492 32:0.545/0.472 48:0.636/0.490 64:0.636/0.498,low_reliability_or_unlikely,does not meet good candidate thresholds
section_marker,section_marker,H|paragraph_continuation,conservative_morphology,a|l|O,R09,27,24,7,0.407,1,2,3,1,"dal, okal, sal, al, qokal, chal, qotal",0,0,0.0,0.454,16:0.000/0.438 24:0.000/0.457 32:0.000/0.466 48:0.000/0.456 64:0.000/0.452,low_reliability_or_unlikely,does not meet good candidate thresholds
section_marker,section_marker,H|paragraph_continuation,conservative_morphology,a|m|O,R06,21,19,9,0.762,1,2,2,1,"dam, qokam, otam, am, sham, sam, olam, cham",2,2,0.495,0.472,16:0.667/0.458 24:0.429/0.480 32:0.333/0.466 48:0.667/0.493 64:0.381/0.466,low_reliability_or_unlikely,does not meet good candidate thresholds
section_marker,section_marker,H|paragraph_continuation,conservative_morphology,a|r|O,R06,54,37,8,0.667,1,2,3,1,"dar, ar, okar, qokar, char, qotar, qoar, sar",3,4,0.585,0.449,16:0.648/0.456 24:0.537/0.447 32:0.648/0.450 48:0.611/0.450 64:0.481/0.440,low_reliability_or_unlikely,does not meet good candidate thresholds
section_marker,section_marker,H|paragraph_continuation,conservative_morphology,ch|or|B,R06,15,15,6,0.533,1,1,1,1,"dchor, ychor, otchor, okchor, qokchor, ochor",4,5,0.6,0.484,16:0.600/0.504 24:0.533/0.497 32:0.600/0.499 48:0.600/0.463 64:0.667/0.456,low_reliability_or_unlikely,does not meet good candidate thresholds
section_marker,section_marker,H|paragraph_continuation,conservative_morphology,ch|y|B,R00,33,32,8,0.576,1,2,3,1,"chy, qokchy, qotchy, okchy, dchy, ochy, olchy, otchy",1,3,0.533,0.447,16:0.515/0.434 24:0.606/0.455 32:0.636/0.446 48:0.424/0.448 64:0.485/0.454,low_reliability_or_unlikely,does not meet good candidate thresholds
section_marker,section_marker,H|paragraph_continuation,conservative_morphology,cth|y|XGX,R04,17,17,3,0.941,1,1,1,1,"cthy, chcthy, dcthy",0,0,0.0,0.383,16:0.000/0.327 24:0.000/0.334 32:0.000/0.436 48:0.000/0.401 64:0.000/0.415,low_reliability_or_unlikely,does not meet good candidate thresholds
section_marker,section_marker,H|paragraph_continuation,conservative_morphology,d|y|D,R02,33,31,8,0.606,1,2,3,1,"dy, chdy, ody, qody, shdy, oldy, ydy, ddy",0,0,0.0,0.47,16:0.000/0.455 24:0.000/0.455 32:0.000/0.457 48:0.000/0.463 64:0.000/0.520,low_reliability_or_unlikely,does not meet good candidate thresholds
section_marker,section_marker,H|paragraph_continuation,conservative_morphology,e|dy|E,H12,28,21,6,0.286,1,1,3,1,"qokedy, chedy, shedy, qotedy, otedy, okedy",0,0,0.0,0.404,16:0.000/0.384 24:0.000/0.433 32:0.000/0.383 48:0.000/0.378 64:0.000/0.443,low_reliability_or_unlikely,does not meet good candidate thresholds
section_marker,section_marker,H|paragraph_continuation,conservative_morphology,e|ey|E,R06,15,15,6,0.6,1,2,2,1,"qokeey, okeey, sheey, cheey, deey, oteey",0,0,0.307,0.46,16:0.333/0.427 24:0.267/0.490 32:0.267/0.428 48:0.333/0.421 64:0.333/0.536,low_reliability_or_unlikely,does not meet good candidate thresholds
section_marker,section_marker,H|paragraph_continuation,conservative_morphology,e|ol|E,R06,16,14,5,0.562,1,2,2,1,"sheol, qokeol, cheol, okeol, deol",0,4,0.588,0.441,16:0.688/0.427 24:0.500/0.485 32:0.625/0.448 48:0.562/0.449 64:0.562/0.397,low_reliability_or_unlikely,does not meet good candidate thresholds
section_marker,section_marker,H|paragraph_continuation,conservative_morphology,e|y|E,R06,17,17,5,0.765,1,2,2,1,"chey, shey, qokey, okey, otey",4,5,0.659,0.505,16:0.706/0.452 24:0.647/0.480 32:0.588/0.461 48:0.647/0.465 64:0.706/0.668,low_reliability_or_unlikely,does not meet good candidate thresholds
section_marker,section_marker,H|paragraph_continuation,conservative_morphology,k|aiin|G,R06,15,14,5,0.667,1,2,2,1,"ykaiin, kaiin, chkaiin, olkaiin, shkaiin",0,0,0.027,0.451,16:0.000/0.453 24:0.000/0.480 32:0.067/0.441 48:0.000/0.448 64:0.067/0.432,low_reliability_or_unlikely,does not meet good candidate thresholds
section_marker,section_marker,H|paragraph_continuation,conservative_morphology,k|y|G,R00,27,24,4,0.556,1,2,3,1,"oky, qoky, chky, yky",5,5,0.985,0.485,16:1.000/0.462 24:1.000/0.522 32:1.000/0.474 48:0.963/0.481 64:0.963/0.484,low_reliability_or_unlikely,does not meet good candidate thresholds
section_marker,section_marker,H|paragraph_continuation,conservative_morphology,o|dy|O,R00,20,20,5,0.8,1,2,3,1,"chody, shody, qokody, qotody, otody",0,2,0.43,0.443,16:0.300/0.452 24:0.600/0.437 32:0.400/0.439 48:0.550/0.436 64:0.300/0.452,low_reliability_or_unlikely,does not meet good candidate thresholds
section_marker,section_marker,H|paragraph_continuation,conservative_morphology,o|l|O,R07,108,82,11,0.593,1,2,4,1,"chol, ol, shol, okol, qokol, dol, sol, otol",0,0,0.0,0.454,16:0.000/0.447 24:0.000/0.442 32:0.000/0.471 48:0.000/0.459 64:0.000/0.454,low_reliability_or_unlikely,does not meet good candidate thresholds
section_marker,section_marker,H|paragraph_continuation,conservative_morphology,o|r|O,R06,82,66,11,0.415,1,2,3,1,"chor, or, dor, otor, shor, qor, qotor, okor",4,5,0.71,0.465,16:0.805/0.454 24:0.598/0.463 32:0.732/0.472 48:0.744/0.475 64:0.671/0.460,low_reliability_or_unlikely,does not meet good candidate thresholds
section_marker,section_marker,H|paragraph_continuation,conservative_morphology,t|y|G,H01,15,12,5,0.333,1,2,3,1,"qoty, oty, yty, ty, chty",0,0,0.0,0.386,16:0.000/0.366 24:0.000/0.353 32:0.000/0.419 48:0.000/0.398 64:0.000/0.394,low_reliability_or_unlikely,does not meet good candidate thresholds
section_marker,section_marker,P|paragraph_continuation,conservative_morphology,o|l|O,R07,27,17,8,0.519,1,1,1,1,"chol, okol, qokol, dol, ol, shol, sol, otol",0,0,0.0,0.421,16:0.000/0.408 24:0.000/0.426 32:0.000/0.437 48:0.000/0.403 64:0.000/0.430,low_reliability_or_unlikely,does not meet good candidate thresholds
section_marker,section_marker,S|paragraph_continuation,conservative_morphology,ai|r|OE,R06,19,17,6,0.421,1,2,1,1,"dair, sair, air, qokair, qotair, otair",3,3,0.568,0.474,16:0.632/0.465 24:0.632/0.483 32:0.474/0.468 48:0.632/0.460 64:0.474/0.492,low_reliability_or_unlikely,does not meet good candidate thresholds
section_marker,section_marker,S|paragraph_continuation,conservative_morphology,a|iin|O,R10,125,88,15,0.408,1,2,2,1,"aiin, daiin, qokaiin, okaiin, saiin, otaiin, qotaiin, oraiin",0,0,0.014,0.465,16:0.000/0.442 24:0.000/0.459 32:0.000/0.437 48:0.000/0.421 64:0.072/0.565,low_reliability_or_unlikely,does not meet good candidate thresholds
section_marker,section_marker,S|paragraph_continuation,conservative_morphology,a|in|O,R06,87,62,12,0.276,1,2,1,1,"qokain, okain, otain, dain, qotain, ain, sain, oain",0,0,0.306,0.427,16:0.333/0.422 24:0.310/0.444 32:0.276/0.417 48:0.345/0.408 64:0.264/0.443,low_reliability_or_unlikely,does not meet good candidate thresholds
section_marker,section_marker,S|paragraph_continuation,conservative_morphology,a|l|O,R06,67,53,10,0.299,1,2,2,1,"al, okal, qokal, chal, otal, qotal, dal, qoal",0,0,0.388,0.429,16:0.448/0.424 24:0.403/0.431 32:0.433/0.432 48:0.403/0.421 64:0.254/0.438,low_reliability_or_unlikely,does not meet good candidate thresholds
section_marker,section_marker,S|paragraph_continuation,conservative_morphology,a|r|O,R06,66,53,11,0.591,1,2,2,1,"ar, qokar, otar, dar, okar, char, sar, qotar",1,4,0.555,0.452,16:0.667/0.430 24:0.530/0.471 32:0.515/0.434 48:0.606/0.461 64:0.455/0.465,low_reliability_or_unlikely,does not meet good candidate thresholds
section_marker,section_marker,S|paragraph_continuation,conservative_morphology,ckh|y|XGX,R00,19,18,4,0.737,1,2,1,1,"chckhy, shckhy, dckhy, qockhy",4,5,0.947,0.472,16:0.947/0.444 24:1.000/0.484 32:1.000/0.500 48:1.000/0.474 64:0.789/0.456,low_reliability_or_unlikely,does not meet good candidate thresholds
section_marker,section_marker,S|paragraph_continuation,conservative_morphology,e|dy|E,R02,99,68,6,0.414,1,1,2,1,"chedy, shedy, qokedy, otedy, qotedy, okedy",0,0,0.063,0.402,16:0.000/0.387 24:0.000/0.426 32:0.000/0.376 48:0.000/0.384 64:0.313/0.434,low_reliability_or_unlikely,does not meet good candidate thresholds
section_marker,section_marker,S|paragraph_continuation,conservative_morphology,e|edy|E,H01,73,54,9,0.548,1,1,2,1,"qokeedy, okeedy, qoteedy, sheedy, oteedy, qoeedy, cheedy, oeedy",0,0,0.079,0.375,16:0.000/0.375 24:0.000/0.415 32:0.315/0.332 48:0.000/0.369 64:0.082/0.381,low_reliability_or_unlikely,does not meet good candidate thresholds
section_marker,section_marker,S|paragraph_continuation,conservative_morphology,e|ey|E,R06,93,71,8,0.462,1,2,2,1,"qokeey, okeey, cheey, sheey, oteey, qoeey, qoteey, oleey",0,0,0.247,0.427,16:0.290/0.405 24:0.247/0.441 32:0.151/0.413 48:0.280/0.410 64:0.269/0.469,low_reliability_or_unlikely,does not meet good candidate thresholds
section_marker,section_marker,S|paragraph_continuation,conservative_morphology,e|ol|E,R00,22,20,5,0.727,1,2,2,1,"cheol, qokeol, okeol, qoteol, qeol",0,1,0.364,0.416,16:0.182/0.417 24:0.364/0.442 32:0.545/0.414 48:0.318/0.405 64:0.409/0.403,low_reliability_or_unlikely,does not meet good candidate thresholds
section_marker,section_marker,S|paragraph_continuation,conservative_morphology,e|y|E,R06,58,53,6,0.759,1,2,2,1,"chey, shey, qokey, otey, okey, qotey",2,4,0.614,0.482,16:0.741/0.420 24:0.655/0.454 32:0.362/0.424 48:0.603/0.429 64:0.707/0.684,low_reliability_or_unlikely,does not meet good candidate thresholds
section_marker,section_marker,S|paragraph_continuation,conservative_morphology,k|y|G,R00,15,15,5,0.467,1,2,1,1,"qoky, oky, shky, chky, orky",4,5,0.947,0.47,16:0.933/0.446 24:1.000/0.490 32:0.933/0.466 48:0.933/0.453 64:0.933/0.493,low_reliability_or_unlikely,does not meet good candidate thresholds
section_marker,section_marker,S|paragraph_continuation,conservative_morphology,o|l|O,R07,44,39,8,0.409,1,2,2,1,"chol, ol, shol, qol, otol, qokol, sol, qotol",0,0,0.0,0.457,16:0.000/0.444 24:0.000/0.441 32:0.000/0.465 48:0.000/0.471 64:0.000/0.462,low_reliability_or_unlikely,does not meet good candidate thresholds
section_marker,section_marker,S|paragraph_continuation,conservative_morphology,o|r|O,R06,23,21,11,0.391,1,2,2,1,"or, chor, qokor, qor, olor, oror, otor, sor",1,3,0.53,0.474,16:0.696/0.468 24:0.348/0.471 32:0.565/0.477 48:0.478/0.490 64:0.565/0.465,low_reliability_or_unlikely,does not meet good candidate thresholds
section_marker,section_marker,T|paragraph_continuation,conservative_morphology,a|in|O,R06,20,16,7,0.45,1,2,2,1,"dain, okain, sain, qokain, olain, otain, qotain",0,3,0.46,0.449,16:0.550/0.457 24:0.550/0.454 32:0.300/0.443 48:0.550/0.430 64:0.350/0.460,low_reliability_or_unlikely,does not meet good candidate thresholds
section_marker,section_marker,T|paragraph_continuation,conservative_morphology,a|r|O,R03,17,11,6,0.588,1,1,2,1,"qokar, okar, dar, ar, otar, qotar",0,0,0.0,0.416,16:0.000/0.399 24:0.000/0.417 32:0.000/0.437 48:0.000/0.399 64:0.000/0.428,low_reliability_or_unlikely,does not meet good candidate thresholds
section_marker,section_marker,T|paragraph_continuation,conservative_morphology,e|dy|E,R06,29,19,5,0.448,1,1,2,1,"shedy, chedy, qokedy, okedy, otedy",0,2,0.559,0.447,16:0.655/0.393 24:0.586/0.501 32:0.448/0.416 48:0.655/0.449 64:0.448/0.477,low_reliability_or_unlikely,does not meet good candidate thresholds
section_marker,section_marker,T|paragraph_continuation,conservative_morphology,e|y|E,R06,16,13,3,0.625,1,2,3,1,"qokey, shey, chey",3,4,0.588,0.503,16:0.625/0.444 24:0.625/0.479 32:0.438/0.472 48:0.625/0.475 64:0.625/0.645,low_reliability_or_unlikely,does not meet good candidate thresholds
section_marker,section_marker,B|paragraph_continuation,broad_shape,B|edy,R00,33,31,14,0.576,1,1,1,1,"olchedy, dshedy, dchedy, olshedy, yshedy, ychedy, qokchedy, sshedy",0,0,0.315,0.515,16:0.242/0.502 24:0.364/0.520 32:0.394/0.508 48:0.303/0.528 64:0.273/0.518,low_reliability_or_unlikely,does not meet good candidate thresholds
section_marker,section_marker,B|paragraph_continuation,broad_shape,B|ey,R00,20,19,12,0.6,1,1,1,1,"olchey, qokchey, olshey, otchey, dshey, orchey, yshey, otshey",0,0,0.34,0.462,16:0.300/0.437 24:0.350/0.488 32:0.400/0.453 48:0.250/0.451 64:0.400/0.481,low_reliability_or_unlikely,does not meet good candidate thresholds
section_marker,section_marker,B|paragraph_continuation,broad_shape,D|y,R02,25,23,5,0.84,1,1,1,1,"dy, chdy, oldy, shdy, okdy",0,0,0.0,0.469,16:0.000/0.454 24:0.000/0.480 32:0.000/0.473 48:0.000/0.479 64:0.000/0.460,low_reliability_or_unlikely,does not meet good candidate thresholds
section_marker,section_marker,B|paragraph_continuation,broad_shape,E|dy,R06,183,105,7,0.295,1,1,1,1,"shedy, qokedy, chedy, okedy, otedy, qotedy, dedy",0,0,0.436,0.404,16:0.486/0.385 24:0.383/0.441 32:0.475/0.377 48:0.459/0.394 64:0.377/0.420,low_reliability_or_unlikely,does not meet good candidate thresholds
section_marker,section_marker,B|paragraph_continuation,broad_shape,E|edy,H01,105,74,7,0.581,1,1,1,1,"qokeedy, qoteedy, okeedy, sheedy, oteedy, cheedy, qoeedy",0,0,0.051,0.379,16:0.000/0.355 24:0.000/0.418 32:0.162/0.358 48:0.000/0.369 64:0.095/0.396,low_reliability_or_unlikely,does not meet good candidate thresholds
section_marker,section_marker,B|paragraph_continuation,broad_shape,E|ey,H08,43,34,7,0.558,1,1,1,1,"qokeey, sheey, cheey, oteey, okeey, qoteey, deey",0,0,0.265,0.409,16:0.233/0.396 24:0.279/0.429 32:0.279/0.409 48:0.233/0.379 64:0.302/0.431,low_reliability_or_unlikely,does not meet good candidate thresholds
section_marker,section_marker,B|paragraph_continuation,broad_shape,E|y,R06,45,39,7,0.511,1,1,1,1,"shey, chey, qokey, otey, okey, qotey, qey",0,4,0.52,0.453,16:0.533/0.415 24:0.511/0.465 32:0.489/0.407 48:0.533/0.425 64:0.533/0.554,low_reliability_or_unlikely,does not meet good candidate thresholds
section_marker,section_marker,B|paragraph_continuation,broad_shape,G|edy,R00,19,17,5,0.579,1,1,1,1,"tedy, olkedy, ytedy, ykedy, kedy",0,0,0.863,0.371,16:0.842/0.387 24:1.000/0.393 32:0.842/0.354 48:0.895/0.344 64:0.737/0.376,low_reliability_or_unlikely,does not meet good candidate thresholds
section_marker,section_marker,B|paragraph_continuation,broad_shape,G|y,H01,35,32,6,0.829,1,1,1,1,"qoky, qoty, olky, oty, oky, opy",0,0,0.0,0.432,16:0.000/0.411 24:0.000/0.482 32:0.000/0.435 48:0.000/0.422 64:0.000/0.412,low_reliability_or_unlikely,does not meet good candidate thresholds
section_marker,section_marker,B|paragraph_continuation,broad_shape,LB|edy,R00,21,21,5,1.0,1,1,1,1,"lchedy, lshedy, qolchedy, qorchedy, rshedy",0,1,0.295,0.482,16:0.238/0.482 24:0.524/0.487 32:0.190/0.479 48:0.238/0.484 64:0.286/0.480,low_reliability_or_unlikely,does not meet good candidate thresholds
section_marker,section_marker,B|paragraph_continuation,broad_shape,O|iin,R10,56,46,9,0.482,1,1,1,1,"daiin, saiin, qokaiin, okaiin, aiin, otaiin, olaiin, qotaiin",0,0,0.05,0.461,16:0.000/0.427 24:0.000/0.447 32:0.000/0.430 48:0.000/0.447 64:0.250/0.555,low_reliability_or_unlikely,does not meet good candidate thresholds
section_marker,section_marker,B|paragraph_continuation,broad_shape,O|in,H08,82,64,10,0.439,1,1,1,1,"qokain, dain, sain, okain, otain, qotain, shain, orain",0,0,0.232,0.418,16:0.122/0.402 24:0.256/0.454 32:0.171/0.420 48:0.256/0.400 64:0.354/0.414,low_reliability_or_unlikely,does not meet good candidate thresholds
section_marker,section_marker,B|paragraph_continuation,broad_shape,O|l,R06,152,92,21,0.434,1,1,1,1,"ol, qokal, qol, dol, dal, sol, otal, chol",1,5,0.601,0.446,16:0.638/0.432 24:0.599/0.445 32:0.632/0.457 48:0.605/0.445 64:0.533/0.453,low_reliability_or_unlikely,does not meet good candidate thresholds
section_marker,section_marker,B|paragraph_continuation,broad_shape,O|r,R06,60,50,16,0.533,1,1,1,1,"dar, qokar, or, sar, otar, sor, qotar, okar",0,4,0.55,0.438,16:0.600/0.419 24:0.550/0.451 32:0.550/0.444 48:0.567/0.441 64:0.483/0.437,low_reliability_or_unlikely,does not meet good candidate thresholds
section_marker,section_marker,B|paragraph_continuation,broad_shape,XGX|y,R00,29,25,7,0.517,1,1,1,1,"chckhy, chcthy, shckhy, qckhsy, shcthy, qcthy, ckhy",2,4,0.931,0.439,16:0.931/0.390 24:0.966/0.444 32:0.897/0.489 48:0.966/0.412 64:0.897/0.462,low_reliability_or_unlikely,does not meet good candidate thresholds
section_marker,section_marker,H|paragraph_continuation,broad_shape,BO|NONE,R00,18,17,9,0.556,1,1,1,1,"cho, qokcho, dcho, dsho, otcho, osho, ycho, ssho",0,0,0.311,0.494,16:0.278/0.487 24:0.444/0.512 32:0.333/0.503 48:0.167/0.494 64:0.333/0.476,low_reliability_or_unlikely,does not meet good candidate thresholds
section_marker,section_marker,H|paragraph_continuation,broad_shape,B|ey,R00,15,14,12,0.467,1,2,2,1,"okchey, dchey, sshey, schey, qotshey, ochey, qotchey, qokchey",1,4,0.533,0.46,16:0.533/0.432 24:0.533/0.479 32:0.667/0.442 48:0.333/0.457 64:0.600/0.491,low_reliability_or_unlikely,does not meet good candidate thresholds
section_marker,section_marker,H|paragraph_continuation,broad_shape,B|or,R06,19,19,10,0.526,1,1,1,1,"dchor, ychor, otchor, okchor, qokchor, yshor, okshor, otshor",1,5,0.579,0.483,16:0.579/0.498 24:0.526/0.495 32:0.579/0.491 48:0.579/0.469 64:0.632/0.459,low_reliability_or_unlikely,does not meet good candidate thresholds
section_marker,section_marker,H|paragraph_continuation,broad_shape,B|y,R00,39,36,13,0.564,1,2,3,1,"chy, qokchy, qotchy, okchy, dchy, dshy, okshy, orshy",1,3,0.523,0.456,16:0.513/0.440 24:0.590/0.464 32:0.615/0.456 48:0.436/0.466 64:0.462/0.455,low_reliability_or_unlikely,does not meet good candidate thresholds
section_marker,section_marker,H|paragraph_continuation,broad_shape,D|y,R02,33,31,8,0.606,1,2,3,1,"dy, chdy, ody, qody, shdy, oldy, ydy, ddy",0,0,0.0,0.47,16:0.000/0.455 24:0.000/0.455 32:0.000/0.457 48:0.000/0.463 64:0.000/0.520,low_reliability_or_unlikely,does not meet good candidate thresholds
section_marker,section_marker,H|paragraph_continuation,broad_shape,E|dy,H12,28,21,6,0.286,1,1,3,1,"qokedy, chedy, shedy, qotedy, otedy, okedy",0,0,0.0,0.404,16:0.000/0.384 24:0.000/0.433 32:0.000/0.383 48:0.000/0.378 64:0.000/0.443,low_reliability_or_unlikely,does not meet good candidate thresholds
section_marker,section_marker,H|paragraph_continuation,broad_shape,E|ey,R06,15,15,6,0.6,1,2,2,1,"qokeey, okeey, sheey, cheey, deey, oteey",0,0,0.307,0.46,16:0.333/0.427 24:0.267/0.490 32:0.267/0.428 48:0.333/0.421 64:0.333/0.536,low_reliability_or_unlikely,does not meet good candidate thresholds
section_marker,section_marker,H|paragraph_continuation,broad_shape,E|ol,R06,19,15,8,0.526,1,2,2,1,"sheol, qokeol, cheol, okeeol, okeol, qoteeol, deeol, deol",0,4,0.547,0.445,16:0.632/0.434 24:0.474/0.488 32:0.579/0.446 48:0.526/0.445 64:0.526/0.412,low_reliability_or_unlikely,does not meet good candidate thresholds
section_marker,section_marker,H|paragraph_continuation,broad_shape,E|y,R06,17,17,5,0.765,1,2,2,1,"chey, shey, qokey, okey, otey",4,5,0.659,0.505,16:0.706/0.452 24:0.647/0.480 32:0.588/0.461 48:0.647/0.465 64:0.706/0.668,low_reliability_or_unlikely,does not meet good candidate thresholds
section_marker,section_marker,H|paragraph_continuation,broad_shape,GB|y,R06,25,18,12,0.88,1,2,2,1,"kchy, tchy, ykchy, ytchy, chkchy, ykshy, shkchy, ytshy",0,0,0.016,0.435,16:0.000/0.404 24:0.000/0.444 32:0.000/0.439 48:0.040/0.447 64:0.040/0.442,low_reliability_or_unlikely,does not meet good candidate thresholds
section_marker,section_marker,H|paragraph_continuation,broad_shape,G|aiin,R06,20,19,7,0.75,1,2,2,1,"ykaiin, kaiin, taiin, chkaiin, olkaiin, ytaiin, shkaiin",0,0,0.05,0.44,16:0.000/0.442 24:0.000/0.456 32:0.050/0.436 48:0.050/0.432 64:0.150/0.433,low_reliability_or_unlikely,does not meet good candidate thresholds
section_marker,section_marker,H|paragraph_continuation,broad_shape,G|y,R00,42,35,9,0.381,1,2,3,1,"oky, qoky, qoty, oty, chky, yty, yky, ty",4,5,0.981,0.449,16:1.000/0.428 24:1.000/0.462 32:1.000/0.454 48:0.952/0.451 64:0.952/0.452,low_reliability_or_unlikely,does not meet good candidate thresholds
section_marker,section_marker,H|paragraph_continuation,broad_shape,O|dy,R00,21,21,6,0.762,1,2,3,1,"chody, shody, qokody, dady, qotody, otody",0,2,0.448,0.445,16:0.333/0.455 24:0.619/0.438 32:0.429/0.443 48:0.524/0.438 64:0.333/0.454,low_reliability_or_unlikely,does not meet good candidate thresholds
section_marker,section_marker,H|paragraph_continuation,broad_shape,O|iin,R10,141,110,14,0.66,1,2,3,1,"daiin, aiin, okaiin, saiin, otaiin, chaiin, qokaiin, qotaiin",0,1,0.109,0.498,16:0.000/0.445 24:0.000/0.470 32:0.000/0.440 48:0.000/0.465 64:0.546/0.669,low_reliability_or_unlikely,does not meet good candidate thresholds
section_marker,section_marker,H|paragraph_continuation,broad_shape,O|in,R06,22,22,6,0.682,1,2,2,1,"dain, okain, otain, shain, ain, chain",3,4,0.591,0.486,16:0.682/0.479 24:0.455/0.492 32:0.545/0.472 48:0.636/0.490 64:0.636/0.498,low_reliability_or_unlikely,does not meet good candidate thresholds
section_marker,section_marker,H|paragraph_continuation,broad_shape,O|l,R07,135,100,18,0.519,1,2,4,1,"chol, ol, shol, dal, qokol, okol, okal, dol",0,0,0.0,0.454,16:0.000/0.445 24:0.000/0.445 32:0.000/0.470 48:0.000/0.458 64:0.000/0.454,low_reliability_or_unlikely,does not meet good candidate thresholds
section_marker,section_marker,H|paragraph_continuation,broad_shape,O|m,R06,30,27,16,0.667,1,2,2,1,"dam, qokam, otam, am, sham, om, chom, shom",0,2,0.413,0.473,16:0.667/0.446 24:0.333/0.477 32:0.267/0.473 48:0.500/0.501 64:0.300/0.469,low_reliability_or_unlikely,does not meet good candidate thresholds
section_marker,section_marker,H|paragraph_continuation,broad_shape,O|r,R06,136,90,19,0.515,1,2,3,1,"chor, dar, or, ar, dor, otor, shor, okar",3,5,0.66,0.458,16:0.743/0.455 24:0.574/0.457 32:0.699/0.463 48:0.691/0.465 64:0.596/0.452,low_reliability_or_unlikely,does not meet good candidate thresholds
section_marker,section_marker,H|paragraph_continuation,broad_shape,XGX|ol,R07,23,22,5,0.652,1,2,2,1,"cthol, cphol, ckhol, chckhol, chcfhol",0,0,0.0,0.392,16:0.000/0.351 24:0.000/0.360 32:0.000/0.378 48:0.000/0.406 64:0.000/0.462,low_reliability_or_unlikely,does not meet good candidate thresholds
section_marker,section_marker,H|paragraph_continuation,broad_shape,XGX|or,R04,15,15,4,0.733,1,1,1,1,"cthor, ckhor, chcthor, chckhor",0,0,0.0,0.41,16:0.000/0.373 24:0.000/0.380 32:0.000/0.395 48:0.000/0.458 64:0.000/0.442,low_reliability_or_unlikely,does not meet good candidate thresholds
section_marker,section_marker,H|paragraph_continuation,broad_shape,XGX|y,R00,40,37,10,0.525,1,2,2,1,"cthy, chckhy, ckhy, chcthy, ockhy, cphy, cfhy, qockhy",2,5,0.99,0.445,16:1.000/0.412 24:1.000/0.438 32:1.000/0.473 48:0.975/0.446 64:0.975/0.457,low_reliability_or_unlikely,does not meet good candidate thresholds
section_marker,section_marker,H|paragraph_continuation,broad_shape,X|NONE,R06,25,25,2,0.92,1,2,2,1,"s, g",1,2,0.52,0.457,16:0.960/0.419 24:0.200/0.458 32:0.480/0.466 48:0.600/0.469 64:0.360/0.472,low_reliability_or_unlikely,does not meet good candidate thresholds
section_marker,section_marker,P|paragraph_continuation,broad_shape,O|l,R07,30,19,10,0.5,1,1,1,1,"chol, okol, qokol, dol, dal, ol, shol, sol",0,0,0.0,0.42,16:0.000/0.405 24:0.000/0.424 32:0.000/0.438 48:0.000/0.403 64:0.000/0.431,low_reliability_or_unlikely,does not meet good candidate thresholds
section_marker,section_marker,S|paragraph_continuation,broad_shape,B|ey,R00,16,16,12,0.375,1,1,1,1,"qokchey, olchey, qochey, sshey, oshey, qokshey, yshey, dchey",0,1,0.338,0.474,16:0.250/0.450 24:0.188/0.503 32:0.500/0.470 48:0.312/0.456 64:0.438/0.490,low_reliability_or_unlikely,does not meet good candidate thresholds
section_marker,section_marker,S|paragraph_continuation,broad_shape,E|ar,R00,17,15,8,0.588,1,2,1,1,"chear, qokear, shear, qokeear, qeear, cheear, okear, oeear",0,2,0.424,0.424,16:0.176/0.413 24:0.588/0.449 32:0.647/0.400 48:0.412/0.407 64:0.294/0.450,low_reliability_or_unlikely,does not meet good candidate thresholds
section_marker,section_marker,S|paragraph_continuation,broad_shape,E|dy,R02,99,68,6,0.414,1,1,2,1,"chedy, shedy, qokedy, otedy, qotedy, okedy",0,0,0.063,0.402,16:0.000/0.387 24:0.000/0.426 32:0.000/0.376 48:0.000/0.384 64:0.313/0.434,low_reliability_or_unlikely,does not meet good candidate thresholds
section_marker,section_marker,S|paragraph_continuation,broad_shape,E|edy,H01,73,54,9,0.548,1,1,2,1,"qokeedy, okeedy, qoteedy, sheedy, oteedy, qoeedy, cheedy, oeedy",0,0,0.079,0.375,16:0.000/0.375 24:0.000/0.415 32:0.315/0.332 48:0.000/0.369 64:0.082/0.381,low_reliability_or_unlikely,does not meet good candidate thresholds
section_marker,section_marker,S|paragraph_continuation,broad_shape,E|ey,R06,93,71,8,0.462,1,2,2,1,"qokeey, okeey, cheey, sheey, oteey, qoeey, qoteey, oleey",0,0,0.247,0.427,16:0.290/0.405 24:0.247/0.441 32:0.151/0.413 48:0.280/0.410 64:0.269/0.469,low_reliability_or_unlikely,does not meet good candidate thresholds
section_marker,section_marker,S|paragraph_continuation,broad_shape,E|ol,R00,22,20,5,0.727,1,2,2,1,"cheol, qokeol, okeol, qoteol, qeol",0,1,0.364,0.416,16:0.182/0.417 24:0.364/0.442 32:0.545/0.414 48:0.318/0.405 64:0.409/0.403,low_reliability_or_unlikely,does not meet good candidate thresholds
section_marker,section_marker,S|paragraph_continuation,broad_shape,E|y,R06,58,53,6,0.759,1,2,2,1,"chey, shey, qokey, otey, okey, qotey",2,4,0.614,0.482,16:0.741/0.420 24:0.655/0.454 32:0.362/0.424 48:0.603/0.429 64:0.707/0.684,low_reliability_or_unlikely,does not meet good candidate thresholds
section_marker,section_marker,S|paragraph_continuation,broad_shape,GB|edy,R00,15,13,10,0.6,1,1,2,1,"opchedy, kchedy, fchedy, olkchedy, tshedy, pchedy, tchedy, ytchedy",0,3,0.88,0.397,16:0.867/0.351 24:1.000/0.362 32:0.933/0.406 48:0.800/0.439 64:0.800/0.428,low_reliability_or_unlikely,does not meet good candidate thresholds
section_marker,section_marker,S|paragraph_continuation,broad_shape,G|y,H01,21,21,8,0.381,1,2,2,1,"qoky, oky, oty, qoty, shky, chky, shty, orky",0,0,0.0,0.462,16:0.000/0.445 24:0.000/0.461 32:0.000/0.474 48:0.000/0.452 64:0.000/0.479,low_reliability_or_unlikely,does not meet good candidate thresholds
section_marker,section_marker,S|paragraph_continuation,broad_shape,LB|edy,R00,16,16,2,1.0,1,2,1,1,"lchedy, lshedy",0,1,0.3,0.453,16:0.000/0.437 24:0.500/0.462 32:0.312/0.451 48:0.250/0.451 64:0.438/0.466,low_reliability_or_unlikely,does not meet good candidate thresholds
section_marker,section_marker,S|paragraph_continuation,broad_shape,OE|r,R06,19,17,6,0.421,1,2,1,1,"dair, sair, air, qokair, qotair, otair",3,3,0.568,0.474,16:0.632/0.465 24:0.632/0.483 32:0.474/0.468 48:0.632/0.460 64:0.474/0.492,low_reliability_or_unlikely,does not meet good candidate thresholds
section_marker,section_marker,S|paragraph_continuation,broad_shape,O|iin,R10,127,90,17,0.402,1,2,2,1,"aiin, daiin, qokaiin, okaiin, saiin, qotaiin, otaiin, oraiin",0,0,0.014,0.466,16:0.000/0.443 24:0.000/0.460 32:0.000/0.439 48:0.000/0.424 64:0.071/0.565,low_reliability_or_unlikely,does not meet good candidate thresholds
section_marker,section_marker,S|paragraph_continuation,broad_shape,O|in,R06,87,62,12,0.276,1,2,1,1,"qokain, okain, otain, dain, qotain, ain, sain, oain",0,0,0.306,0.427,16:0.333/0.422 24:0.310/0.444 32:0.276/0.417 48:0.345/0.408 64:0.264/0.443,low_reliability_or_unlikely,does not meet good candidate thresholds
section_marker,section_marker,S|paragraph_continuation,broad_shape,O|l,R07,111,81,18,0.324,1,2,2,1,"okal, chol, al, ol, qokal, chal, otal, dal",0,0,0.0,0.44,16:0.000/0.432 24:0.000/0.435 32:0.000/0.445 48:0.000/0.441 64:0.000/0.448,low_reliability_or_unlikely,does not meet good candidate thresholds
section_marker,section_marker,S|paragraph_continuation,broad_shape,O|r,R06,89,63,22,0.539,1,2,2,1,"ar, or, qokar, otar, chor, dar, okar, char",0,3,0.548,0.458,16:0.674/0.440 24:0.483/0.471 32:0.528/0.445 48:0.573/0.469 64:0.483/0.465,low_reliability_or_unlikely,does not meet good candidate thresholds
section_marker,section_marker,S|paragraph_continuation,broad_shape,XGX|y,R00,27,26,8,0.556,1,2,1,1,"chckhy, chcthy, shckhy, qocthy, dckhy, shcthy, cfhy, qockhy",1,5,0.941,0.449,16:0.963/0.421 24:1.000/0.445 32:0.963/0.494 48:0.963/0.433 64:0.815/0.449,low_reliability_or_unlikely,does not meet good candidate thresholds
section_marker,section_marker,T|paragraph_continuation,broad_shape,E|dy,R06,29,19,5,0.448,1,1,2,1,"shedy, chedy, qokedy, okedy, otedy",0,2,0.559,0.447,16:0.655/0.393 24:0.586/0.501 32:0.448/0.416 48:0.655/0.449 64:0.448/0.477,low_reliability_or_unlikely,does not meet good candidate thresholds
section_marker,section_marker,T|paragraph_continuation,broad_shape,E|y,R06,16,13,3,0.625,1,2,3,1,"qokey, shey, chey",3,4,0.588,0.503,16:0.625/0.444 24:0.625/0.479 32:0.438/0.472 48:0.625/0.475 64:0.625/0.645,low_reliability_or_unlikely,does not meet good candidate thresholds
section_marker,section_marker,T|paragraph_continuation,broad_shape,O|in,R06,20,16,7,0.45,1,2,2,1,"dain, okain, sain, qokain, olain, otain, qotain",0,3,0.46,0.449,16:0.550/0.457 24:0.550/0.454 32:0.300/0.443 48:0.550/0.430 64:0.350/0.460,low_reliability_or_unlikely,does not meet good candidate thresholds
section_marker,section_marker,T|paragraph_continuation,broad_shape,O|l,R06,23,17,12,0.261,1,1,2,1,"qokal, ol, al, okal, qol, qotal, chol, shol",0,4,0.504,0.405,16:0.565/0.403 24:0.565/0.400 32:0.565/0.440 48:0.565/0.401 64:0.261/0.381,low_reliability_or_unlikely,does not meet good candidate thresholds
section_marker,section_marker,T|paragraph_continuation,broad_shape,O|r,R06,26,18,10,0.462,1,2,3,1,"okar, qokar, or, dar, chor, ar, sor, dor",0,3,0.454,0.443,16:0.538/0.426 24:0.385/0.444 32:0.500/0.455 48:0.500/0.437 64:0.346/0.454,low_reliability_or_unlikely,does not meet good candidate thresholds
section_marker,section_marker,B|paragraph_continuation,stolfi_inspired_signature,G_k|S_EDY|T_dy,H12,71,48,2,0.718,1,1,1,1,"qokedy, okedy",0,0,0.0,0.347,16:0.000/0.316 24:0.000/0.427 32:0.000/0.306 48:0.000/0.339 64:0.000/0.347,low_reliability_or_unlikely,does not meet good candidate thresholds
section_marker,section_marker,B|paragraph_continuation,stolfi_inspired_signature,G_k|S_EDY|T_edy,H01,61,48,2,0.754,1,1,1,1,"qokeedy, okeedy",0,0,0.052,0.369,16:0.000/0.336 24:0.000/0.430 32:0.262/0.350 48:0.000/0.362 64:0.000/0.368,low_reliability_or_unlikely,does not meet good candidate thresholds
section_marker,section_marker,B|paragraph_continuation,stolfi_inspired_signature,G_k|S_EY|T_ey,H08,26,23,2,0.923,1,1,1,1,"qokeey, okeey",0,0,0.438,0.385,16:0.385/0.391 24:0.462/0.429 32:0.462/0.401 48:0.385/0.350 64:0.500/0.356,low_reliability_or_unlikely,does not meet good candidate thresholds
section_marker,section_marker,B|paragraph_continuation,stolfi_inspired_signature,G_k|S_GY|T_y,H01,26,25,3,0.885,1,1,1,1,"qoky, olky, oky",0,0,0.0,0.451,16:0.000/0.423 24:0.000/0.530 32:0.000/0.429 48:0.000/0.454 64:0.000/0.422,low_reliability_or_unlikely,does not meet good candidate thresholds
section_marker,section_marker,B|paragraph_continuation,stolfi_inspired_signature,G_k|S_OEL|T_in,H08,46,41,3,0.783,1,1,1,1,"qokain, okain, qokoin",0,0,0.404,0.396,16:0.217/0.374 24:0.457/0.458 32:0.304/0.409 48:0.457/0.368 64:0.587/0.373,low_reliability_or_unlikely,does not meet good candidate thresholds
section_marker,section_marker,B|paragraph_continuation,stolfi_inspired_signature,G_k|S_OIL|T_iin,H08,18,18,2,0.5,1,1,1,1,"qokaiin, okaiin",0,0,0.289,0.376,16:0.500/0.357 24:0.167/0.408 32:0.278/0.378 48:0.111/0.366 64:0.389/0.373,low_reliability_or_unlikely,does not meet good candidate thresholds
section_marker,section_marker,B|paragraph_continuation,stolfi_inspired_signature,G_k|S_OL|T_l,H08,30,24,4,0.8,1,1,1,1,"qokal, qokol, okol, okal",0,0,0.387,0.406,16:0.267/0.358 24:0.467/0.465 32:0.233/0.424 48:0.433/0.384 64:0.533/0.398,low_reliability_or_unlikely,does not meet good candidate thresholds
section_marker,section_marker,B|paragraph_continuation,stolfi_inspired_signature,G_k|S_XGXY|T_y,R00,20,18,4,0.7,1,1,1,1,"chckhy, shckhy, qckhsy, ckhy",4,5,0.92,0.469,16:0.900/0.419 24:0.950/0.504 32:0.900/0.481 48:0.950/0.466 64:0.900/0.476,low_reliability_or_unlikely,does not meet good candidate thresholds
section_marker,section_marker,B|paragraph_continuation,stolfi_inspired_signature,G_t|S_EDY|T_dy,R01,22,21,2,0.545,1,1,1,1,"otedy, qotedy",0,0,0.0,0.332,16:0.000/0.342 24:0.000/0.334 32:0.000/0.303 48:0.000/0.313 64:0.000/0.368,low_reliability_or_unlikely,does not meet good candidate thresholds
section_marker,section_marker,B|paragraph_continuation,stolfi_inspired_signature,G_t|S_EDY|T_edy,H01,22,19,2,0.682,1,1,1,1,"qoteedy, oteedy",0,0,0.1,0.318,16:0.000/0.314 24:0.000/0.323 32:0.045/0.285 48:0.000/0.281 64:0.455/0.388,low_reliability_or_unlikely,does not meet good candidate thresholds
section_marker,section_marker,B|paragraph_continuation,stolfi_inspired_signature,G_t|S_OL|T_l,H13,16,13,4,0.5,1,1,1,1,"qotal, otal, qotol, otol",0,0,0.037,0.327,16:0.000/0.339 24:0.000/0.304 32:0.000/0.287 48:0.000/0.315 64:0.188/0.390,low_reliability_or_unlikely,does not meet good candidate thresholds
section_marker,section_marker,B|paragraph_continuation,stolfi_inspired_signature,NG|S_BEDY|T_edy,R00,27,26,9,0.593,1,1,1,1,"olchedy, dchedy, dshedy, olshedy, yshedy, ychedy, sshedy, schedy",0,0,0.185,0.538,16:0.111/0.526 24:0.222/0.544 32:0.259/0.539 48:0.148/0.548 64:0.185/0.534,low_reliability_or_unlikely,does not meet good candidate thresholds
section_marker,section_marker,B|paragraph_continuation,stolfi_inspired_signature,NG|S_DY|T_y,R02,24,22,4,0.875,1,1,1,1,"dy, chdy, oldy, shdy",0,0,0.0,0.468,16:0.000/0.452 24:0.000/0.476 32:0.000/0.473 48:0.000/0.481 64:0.000/0.459,low_reliability_or_unlikely,does not meet good candidate thresholds
section_marker,section_marker,B|paragraph_continuation,stolfi_inspired_signature,NG|S_EDY|T_dy,R06,90,73,3,0.6,1,1,1,1,"shedy, chedy, dedy",4,5,0.887,0.466,16:0.989/0.450 24:0.778/0.479 32:0.967/0.451 48:0.933/0.458 64:0.767/0.491,low_reliability_or_unlikely,does not meet good candidate thresholds
section_marker,section_marker,B|paragraph_continuation,stolfi_inspired_signature,NG|S_EDY|T_edy,R06,22,20,3,0.864,1,1,1,1,"sheedy, cheedy, qoeedy",4,5,0.873,0.468,16:0.955/0.450 24:0.773/0.480 32:0.909/0.453 48:0.864/0.477 64:0.864/0.483,low_reliability_or_unlikely,does not meet good candidate thresholds
section_marker,section_marker,B|paragraph_continuation,stolfi_inspired_signature,NG|S_EY|T_y,R06,24,24,3,0.958,1,1,1,1,"shey, chey, qey",4,5,0.975,0.523,16:1.000/0.449 24:0.958/0.512 32:0.917/0.458 48:1.000/0.490 64:1.000/0.708,low_reliability_or_unlikely,does not meet good candidate thresholds
section_marker,section_marker,B|paragraph_continuation,stolfi_inspired_signature,NG|S_LBEDY|T_edy,R00,21,21,5,1.0,1,1,1,1,"lchedy, lshedy, qolchedy, qorchedy, rshedy",0,1,0.295,0.482,16:0.238/0.482 24:0.524/0.487 32:0.190/0.479 48:0.238/0.484 64:0.286/0.480,low_reliability_or_unlikely,does not meet good candidate thresholds
section_marker,section_marker,B|paragraph_continuation,stolfi_inspired_signature,NG|S_OEL|T_in,R06,24,21,5,0.958,1,1,1,1,"dain, sain, shain, orain, ain",5,5,0.892,0.513,16:1.000/0.506 24:0.833/0.517 32:0.875/0.508 48:0.875/0.519 64:0.875/0.514,low_reliability_or_unlikely,does not meet good candidate thresholds
section_marker,section_marker,B|paragraph_continuation,stolfi_inspired_signature,NG|S_OIL|T_iin,R06,35,31,5,0.543,1,1,1,1,"daiin, saiin, aiin, olaiin, soiin",5,5,0.857,0.517,16:1.000/0.473 24:0.800/0.479 32:0.914/0.468 48:0.971/0.500 64:0.600/0.665,low_reliability_or_unlikely,does not meet good candidate thresholds
section_marker,section_marker,B|paragraph_continuation,stolfi_inspired_signature,NG|S_OL|T_l,R06,106,71,13,0.623,1,1,1,1,"ol, qol, dal, dol, sol, chol, al, sal",5,5,0.862,0.476,16:0.915/0.467 24:0.858/0.461 32:0.906/0.492 48:0.868/0.482 64:0.764/0.478,low_reliability_or_unlikely,does not meet good candidate thresholds
section_marker,section_marker,B|paragraph_continuation,stolfi_inspired_signature,NG|S_OL|T_r,R06,37,33,10,0.865,1,1,1,1,"dar, or, sar, sor, oror, qor, ar, dor",5,5,0.87,0.493,16:0.973/0.470 24:0.892/0.491 32:0.865/0.495 48:0.892/0.524 64:0.730/0.484,low_reliability_or_unlikely,does not meet good candidate thresholds
section_marker,section_marker,H|paragraph_continuation,stolfi_inspired_signature,G_k|S_GBY|T_y,R06,16,13,7,0.875,1,2,2,1,"kchy, ykchy, ykshy, chkchy, shkchy, shkshy, kshy",0,0,0.0,0.47,16:0.000/0.454 24:0.000/0.506 32:0.000/0.450 48:0.000/0.466 64:0.000/0.474,low_reliability_or_unlikely,does not meet good candidate thresholds
section_marker,section_marker,H|paragraph_continuation,stolfi_inspired_signature,G_k|S_GOIL|T_aiin,R06,15,14,5,0.667,1,2,2,1,"ykaiin, kaiin, chkaiin, olkaiin, shkaiin",0,0,0.027,0.451,16:0.000/0.453 24:0.000/0.480 32:0.067/0.441 48:0.000/0.448 64:0.067/0.432,low_reliability_or_unlikely,does not meet good candidate thresholds
section_marker,section_marker,H|paragraph_continuation,stolfi_inspired_signature,G_k|S_GY|T_y,R00,27,24,4,0.556,1,2,3,1,"oky, qoky, chky, yky",5,5,0.985,0.485,16:1.000/0.462 24:1.000/0.522 32:1.000/0.474 48:0.963/0.481 64:0.963/0.484,low_reliability_or_unlikely,does not meet good candidate thresholds
section_marker,section_marker,H|paragraph_continuation,stolfi_inspired_signature,G_k|S_OIL|T_iin,R10,16,15,2,0.688,1,2,2,1,"okaiin, qokaiin",0,0,0.0,0.439,16:0.000/0.419 24:0.000/0.460 32:0.000/0.442 48:0.000/0.438 64:0.000/0.433,low_reliability_or_unlikely,does not meet good candidate thresholds
section_marker,section_marker,H|paragraph_continuation,stolfi_inspired_signature,G_k|S_OL|T_l,R07,22,21,4,0.591,1,2,4,1,"qokol, okol, okal, qokal",0,0,0.0,0.433,16:0.000/0.414 24:0.000/0.475 32:0.000/0.433 48:0.000/0.424 64:0.000/0.419,low_reliability_or_unlikely,does not meet good candidate thresholds
section_marker,section_marker,H|paragraph_continuation,stolfi_inspired_signature,G_k|S_OL|T_r,R03,15,12,4,0.733,1,2,2,1,"okar, qokar, okor, qokor",0,0,0.0,0.441,16:0.000/0.447 24:0.000/0.441 32:0.000/0.434 48:0.000/0.439 64:0.000/0.442,low_reliability_or_unlikely,does not meet good candidate thresholds
section_marker,section_marker,H|paragraph_continuation,stolfi_inspired_signature,G_t|S_GY|T_y,H01,15,12,5,0.333,1,2,3,1,"qoty, oty, yty, ty, chty",0,0,0.0,0.386,16:0.000/0.366 24:0.000/0.353 32:0.000/0.419 48:0.000/0.398 64:0.000/0.394,low_reliability_or_unlikely,does not meet good candidate thresholds
section_marker,section_marker,H|paragraph_continuation,stolfi_inspired_signature,G_t|S_XGXY|T_y,R04,17,17,3,0.941,1,1,1,1,"cthy, chcthy, dcthy",0,0,0.0,0.383,16:0.000/0.327 24:0.000/0.334 32:0.000/0.436 48:0.000/0.401 64:0.000/0.415,low_reliability_or_unlikely,does not meet good candidate thresholds
section_marker,section_marker,H|paragraph_continuation,stolfi_inspired_signature,NG|S_BY|T_y,R00,20,19,6,0.8,1,2,2,1,"chy, dchy, dshy, orshy, ochy, olchy",0,0,0.15,0.489,16:0.050/0.482 24:0.200/0.495 32:0.250/0.496 48:0.050/0.494 64:0.200/0.479,low_reliability_or_unlikely,does not meet good candidate thresholds
section_marker,section_marker,H|paragraph_continuation,stolfi_inspired_signature,NG|S_DY|T_y,R02,33,31,8,0.606,1,2,3,1,"dy, chdy, ody, qody, shdy, oldy, ydy, ddy",0,0,0.0,0.47,16:0.000/0.455 24:0.000/0.455 32:0.000/0.457 48:0.000/0.463 64:0.000/0.520,low_reliability_or_unlikely,does not meet good candidate thresholds
section_marker,section_marker,H|paragraph_continuation,stolfi_inspired_signature,NG|S_ODY|T_dy,R00,17,17,3,0.706,1,2,2,1,"chody, shody, dady",0,1,0.353,0.471,16:0.235/0.471 24:0.529/0.471 32:0.294/0.468 48:0.412/0.469 64:0.294/0.474,low_reliability_or_unlikely,does not meet good candidate thresholds
section_marker,section_marker,H|paragraph_continuation,stolfi_inspired_signature,NG|S_OEL|T_in,R06,16,16,4,0.938,1,2,2,1,"dain, shain, ain, chain",5,5,0.812,0.497,16:0.938/0.492 24:0.625/0.497 32:0.750/0.495 48:0.875/0.500 64:0.875/0.500,low_reliability_or_unlikely,does not meet good candidate thresholds
section_marker,section_marker,H|paragraph_continuation,stolfi_inspired_signature,NG|S_OIL|T_iin,R10,114,93,10,0.649,1,2,2,1,"daiin, aiin, saiin, chaiin, choiin, doiin, soiin, oaiin",1,1,0.135,0.515,16:0.000/0.454 24:0.000/0.481 32:0.000/0.443 48:0.000/0.470 64:0.675/0.725,low_reliability_or_unlikely,does not meet good candidate thresholds
section_marker,section_marker,H|paragraph_continuation,stolfi_inspired_signature,NG|S_OL|T_l,R07,109,82,11,0.523,1,2,3,1,"chol, ol, shol, dal, dol, al, sal, sol",0,0,0.0,0.462,16:0.000/0.453 24:0.000/0.442 32:0.000/0.482 48:0.000/0.469 64:0.000/0.464,low_reliability_or_unlikely,does not meet good candidate thresholds
section_marker,section_marker,H|paragraph_continuation,stolfi_inspired_signature,NG|S_OL|T_m,R06,23,21,11,0.783,1,2,2,1,"dam, am, sham, om, chom, shom, sam, olam",1,2,0.539,0.47,16:0.870/0.435 24:0.435/0.468 32:0.348/0.486 48:0.652/0.500 64:0.391/0.460,low_reliability_or_unlikely,does not meet good candidate thresholds
section_marker,section_marker,H|paragraph_continuation,stolfi_inspired_signature,NG|S_OL|T_r,R06,111,82,12,0.631,1,2,3,1,"chor, or, dar, ar, dor, shor, char, qor",5,5,0.8,0.472,16:0.910/0.465 24:0.703/0.470 32:0.856/0.481 48:0.829/0.485 64:0.703/0.459,low_reliability_or_unlikely,does not meet good candidate thresholds
section_marker,section_marker,H|paragraph_continuation,stolfi_inspired_signature,NG|S_X|T_NONE,R06,25,25,2,0.92,1,2,2,1,"s, g",1,2,0.52,0.457,16:0.960/0.419 24:0.200/0.458 32:0.480/0.466 48:0.600/0.469 64:0.360/0.472,low_reliability_or_unlikely,does not meet good candidate thresholds
section_marker,section_marker,P|paragraph_continuation,stolfi_inspired_signature,NG|S_OL|T_l,R07,18,14,6,0.5,1,1,1,1,"chol, dol, dal, ol, shol, sol",0,0,0.0,0.441,16:0.000/0.438 24:0.000/0.416 32:0.000/0.475 48:0.000/0.445 64:0.000/0.430,low_reliability_or_unlikely,does not meet good candidate thresholds
section_marker,section_marker,S|paragraph_continuation,stolfi_inspired_signature,G_k|S_EDY|T_dy,H12,22,20,2,0.864,1,1,2,1,"qokedy, okedy",0,0,0.0,0.333,16:0.000/0.314 24:0.000/0.400 32:0.000/0.301 48:0.000/0.322 64:0.000/0.327,low_reliability_or_unlikely,does not meet good candidate thresholds
section_marker,section_marker,S|paragraph_continuation,stolfi_inspired_signature,G_k|S_EDY|T_edy,H01,45,35,2,0.711,1,1,2,1,"qokeedy, okeedy",0,0,0.107,0.368,16:0.000/0.373 24:0.000/0.428 32:0.511/0.316 48:0.000/0.373 64:0.022/0.349,low_reliability_or_unlikely,does not meet good candidate thresholds
section_marker,section_marker,S|paragraph_continuation,stolfi_inspired_signature,G_k|S_EY|T_ey,H08,57,44,2,0.649,1,2,2,1,"qokeey, okeey",0,0,0.309,0.413,16:0.246/0.398 24:0.263/0.438 32:0.316/0.421 48:0.263/0.397 64:0.456/0.410,low_reliability_or_unlikely,does not meet good candidate thresholds
section_marker,section_marker,S|paragraph_continuation,stolfi_inspired_signature,G_k|S_GY|T_y,R00,15,15,5,0.467,1,2,1,1,"qoky, oky, shky, chky, orky",4,5,0.947,0.47,16:0.933/0.446 24:1.000/0.490 32:0.933/0.466 48:0.933/0.453 64:0.933/0.493,low_reliability_or_unlikely,does not meet good candidate thresholds
section_marker,section_marker,S|paragraph_continuation,stolfi_inspired_signature,G_k|S_OEL|T_in,H08,35,32,2,0.571,1,2,1,1,"qokain, okain",0,0,0.257,0.407,16:0.171/0.400 24:0.286/0.446 32:0.171/0.406 48:0.229/0.394 64:0.429/0.388,low_reliability_or_unlikely,does not meet good candidate thresholds
section_marker,section_marker,S|paragraph_continuation,stolfi_inspired_signature,G_k|S_OIL|T_iin,H08,38,31,2,0.579,1,2,1,1,"qokaiin, okaiin",0,0,0.337,0.389,16:0.237/0.393 24:0.211/0.437 32:0.289/0.395 48:0.316/0.349 64:0.632/0.372,low_reliability_or_unlikely,does not meet good candidate thresholds
section_marker,section_marker,S|paragraph_continuation,stolfi_inspired_signature,G_k|S_OL|T_l,R07,29,24,3,0.621,1,2,1,1,"okal, qokal, qokol",0,0,0.0,0.437,16:0.000/0.419 24:0.000/0.456 32:0.000/0.437 48:0.000/0.426 64:0.000/0.446,low_reliability_or_unlikely,does not meet good candidate thresholds
section_marker,section_marker,S|paragraph_continuation,stolfi_inspired_signature,G_k|S_OL|T_r,R03,15,12,4,0.8,1,2,1,1,"qokar, okar, qokor, okor",0,0,0.0,0.43,16:0.000/0.403 24:0.000/0.499 32:0.000/0.413 48:0.000/0.413 64:0.000/0.424,low_reliability_or_unlikely,does not meet good candidate thresholds
section_marker,section_marker,S|paragraph_continuation,stolfi_inspired_signature,G_k|S_XGXY|T_y,R00,19,18,4,0.737,1,2,1,1,"chckhy, shckhy, dckhy, qockhy",4,5,0.947,0.472,16:0.947/0.444 24:1.000/0.484 32:1.000/0.500 48:1.000/0.474 64:0.789/0.456,low_reliability_or_unlikely,does not meet good candidate thresholds
section_marker,section_marker,S|paragraph_continuation,stolfi_inspired_signature,G_t|S_EDY|T_dy,R01,17,15,2,0.706,1,1,1,1,"otedy, qotedy",0,0,0.0,0.296,16:0.000/0.311 24:0.000/0.303 32:0.000/0.270 48:0.000/0.242 64:0.000/0.355,low_reliability_or_unlikely,does not meet good candidate thresholds
section_marker,section_marker,S|paragraph_continuation,stolfi_inspired_signature,G_t|S_OEL|T_in,R00,22,20,2,0.636,1,2,1,1,"otain, qotain",0,0,0.955,0.329,16:1.000/0.324 24:1.000/0.325 32:1.000/0.302 48:0.955/0.301 64:0.818/0.392,low_reliability_or_unlikely,does not meet good candidate thresholds
section_marker,section_marker,S|paragraph_continuation,stolfi_inspired_signature,G_t|S_OIL|T_iin,H13,15,14,3,0.533,1,2,2,1,"qotaiin, otaiin, qotoiin",0,0,0.0,0.336,16:0.000/0.343 24:0.000/0.342 32:0.000/0.317 48:0.000/0.319 64:0.000/0.361,low_reliability_or_unlikely,does not meet good candidate thresholds
section_marker,section_marker,S|paragraph_continuation,stolfi_inspired_signature,NG|S_EDY|T_dy,R02,60,46,2,0.683,1,1,2,1,"chedy, shedy",0,1,0.103,0.457,16:0.000/0.435 24:0.000/0.470 32:0.000/0.434 48:0.000/0.448 64:0.517/0.496,low_reliability_or_unlikely,does not meet good candidate thresholds
section_marker,section_marker,S|paragraph_continuation,stolfi_inspired_signature,NG|S_EOL|T_ol,R00,16,15,2,1.0,1,2,2,1,"cheol, qeol",0,1,0.287,0.442,16:0.000/0.443 24:0.250/0.458 32:0.562/0.444 48:0.188/0.438 64:0.438/0.427,low_reliability_or_unlikely,does not meet good candidate thresholds
section_marker,section_marker,S|paragraph_continuation,stolfi_inspired_signature,NG|S_EY|T_ey,R06,28,26,4,0.821,1,2,2,1,"cheey, sheey, qoeey, oleey",3,5,0.807,0.488,16:0.964/0.440 24:0.821/0.481 32:0.500/0.443 48:0.893/0.473 64:0.857/0.602,low_reliability_or_unlikely,does not meet good candidate thresholds
section_marker,section_marker,S|paragraph_continuation,stolfi_inspired_signature,NG|S_EY|T_y,R06,44,40,2,1.0,1,2,2,1,"chey, shey",3,4,0.809,0.515,16:0.977/0.436 24:0.864/0.474 32:0.477/0.438 48:0.795/0.451 64:0.932/0.775,low_reliability_or_unlikely,does not meet good candidate thresholds
section_marker,section_marker,S|paragraph_continuation,stolfi_inspired_signature,NG|S_LBEDY|T_edy,R00,16,16,2,1.0,1,2,1,1,"lchedy, lshedy",0,1,0.3,0.453,16:0.000/0.437 24:0.500/0.462 32:0.312/0.451 48:0.250/0.451 64:0.438/0.466,low_reliability_or_unlikely,does not meet good candidate thresholds
section_marker,section_marker,S|paragraph_continuation,stolfi_inspired_signature,NG|S_OEL|T_in,R06,30,25,8,0.8,1,1,1,1,"dain, ain, sain, oain, qoain, olain, shain, chain",5,5,0.873,0.522,16:0.967/0.518 24:0.900/0.530 32:0.800/0.514 48:0.967/0.503 64:0.733/0.545,low_reliability_or_unlikely,does not meet good candidate thresholds
section_marker,section_marker,S|paragraph_continuation,stolfi_inspired_signature,NG|S_OIL|T_iin,R06,74,61,12,0.541,1,2,2,1,"aiin, daiin, saiin, qoaiin, oraiin, chaiin, yaiin, qaiin",5,5,0.876,0.532,16:1.000/0.489 24:0.919/0.496 32:0.689/0.486 48:0.905/0.484 64:0.865/0.705,low_reliability_or_unlikely,does not meet good candidate thresholds
section_marker,section_marker,S|paragraph_continuation,stolfi_inspired_signature,NG|S_OL|T_l,R06,72,60,12,0.472,1,2,2,1,"chol, al, ol, chal, dal, shol, qol, sol",2,5,0.811,0.46,16:0.931/0.449 24:0.847/0.447 32:0.875/0.477 48:0.861/0.469 64:0.542/0.458,low_reliability_or_unlikely,does not meet good candidate thresholds
section_marker,section_marker,S|paragraph_continuation,stolfi_inspired_signature,NG|S_OL|T_r,R06,63,49,14,0.762,1,2,2,1,"ar, or, chor, dar, char, sar, shar, qoar",5,5,0.775,0.484,16:0.952/0.465 24:0.683/0.490 32:0.746/0.477 48:0.810/0.506 64:0.683/0.480,low_reliability_or_unlikely,does not meet good candidate thresholds
section_marker,section_marker,T|paragraph_continuation,stolfi_inspired_signature,NG|S_EDY|T_dy,R06,19,14,2,0.684,1,1,2,1,"shedy, chedy",4,5,0.853,0.481,16:1.000/0.441 24:0.895/0.503 32:0.684/0.452 48:1.000/0.496 64:0.684/0.515,low_reliability_or_unlikely,does not meet good candidate thresholds
currier_hand,currier_hand,A|1,surface_token,chol,R07,64,52,1,1.0,2,1,1,1,chol,0,0,0.0,0.442,16:0.000/0.443 24:0.000/0.416 32:0.000/0.466 48:0.000/0.443 64:0.000/0.439,low_reliability_or_unlikely,does not meet good candidate thresholds
currier_hand,currier_hand,A|1,surface_token,chor,R11,40,39,1,1.0,3,1,1,4,chor,0,0,0.0,0.463,16:0.000/0.453 24:0.000/0.462 32:0.000/0.479 48:0.000/0.468 64:0.000/0.452,low_reliability_or_unlikely,does not meet good candidate thresholds
currier_hand,currier_hand,A|1,surface_token,chy,R00,15,14,1,1.0,2,1,1,3,chy,0,0,0.253,0.464,16:0.133/0.457 24:0.333/0.463 32:0.333/0.472 48:0.133/0.471 64:0.333/0.458,low_reliability_or_unlikely,does not meet good candidate thresholds
currier_hand,currier_hand,A|1,surface_token,cthol,R07,15,15,1,1.0,1,1,1,1,cthol,0,0,0.0,0.379,16:0.000/0.345 24:0.000/0.351 32:0.000/0.357 48:0.000/0.384 64:0.000/0.460,low_reliability_or_unlikely,does not meet good candidate thresholds
currier_hand,currier_hand,A|1,surface_token,cthy,R04,15,15,1,1.0,1,1,1,2,cthy,0,0,0.0,0.383,16:0.000/0.330 24:0.000/0.339 32:0.000/0.421 48:0.000/0.407 64:0.000/0.418,low_reliability_or_unlikely,does not meet good candidate thresholds
currier_hand,currier_hand,A|1,surface_token,daiin,R10,78,66,1,1.0,2,1,1,3,daiin,1,1,0.177,0.511,16:0.000/0.442 24:0.000/0.473 32:0.000/0.432 48:0.000/0.454 64:0.885/0.757,low_reliability_or_unlikely,does not meet good candidate thresholds
currier_hand,currier_hand,A|1,surface_token,dain,R06,18,18,1,1.0,3,1,1,3,dain,5,5,0.811,0.483,16:0.944/0.481 24:0.611/0.488 32:0.667/0.483 48:0.944/0.481 64:0.889/0.480,low_reliability_or_unlikely,does not meet good candidate thresholds
currier_hand,currier_hand,A|1,surface_token,or,R06,18,16,1,1.0,3,1,1,2,or,5,5,0.756,0.494,16:0.889/0.473 24:0.611/0.494 32:0.778/0.498 48:0.722/0.532 64:0.778/0.475,low_reliability_or_unlikely,does not meet good candidate thresholds
currier_hand,currier_hand,A|1,surface_token,s,R06,23,23,1,1.0,2,1,1,3,s,1,3,0.574,0.459,16:0.957/0.429 24:0.304/0.465 32:0.522/0.467 48:0.696/0.466 64:0.391/0.470,low_reliability_or_unlikely,does not meet good candidate thresholds
currier_hand,currier_hand,A|1,surface_token,sho,R06,19,18,1,1.0,2,1,1,1,sho,5,5,0.916,0.519,16:1.000/0.518 24:0.842/0.532 32:0.842/0.519 48:0.947/0.512 64:0.947/0.513,low_reliability_or_unlikely,does not meet good candidate thresholds
currier_hand,currier_hand,B|2,surface_token,aiin,R06,20,19,1,1.0,4,1,1,2,aiin,5,5,0.82,0.518,16:0.850/0.459 24:0.700/0.475 32:0.800/0.457 48:1.000/0.486 64:0.750/0.713,low_reliability_or_unlikely,does not meet good candidate thresholds
currier_hand,currier_hand,B|2,surface_token,ar,R06,16,14,1,1.0,4,1,1,1,ar,5,5,0.863,0.481,16:0.938/0.462 24:0.875/0.484 32:0.875/0.477 48:0.875/0.501 64:0.750/0.481,low_reliability_or_unlikely,does not meet good candidate thresholds
currier_hand,currier_hand,B|2,surface_token,chckhy,R00,23,22,1,1.0,3,1,1,1,chckhy,4,5,0.957,0.479,16:0.957/0.440 24:0.957/0.494 32:0.957/0.484 48:0.913/0.462 64:1.000/0.516,low_reliability_or_unlikely,does not meet good candidate thresholds
currier_hand,currier_hand,B|2,surface_token,chdy,R02,18,18,1,1.0,4,1,1,1,chdy,0,0,0.0,0.474,16:0.000/0.446 24:0.000/0.456 32:0.000/0.463 48:0.000/0.468 64:0.000/0.537,low_reliability_or_unlikely,does not meet good candidate thresholds
currier_hand,currier_hand,B|2,surface_token,chedy,R02,51,46,1,1.0,3,1,1,3,chedy,0,0,0.078,0.461,16:0.000/0.446 24:0.000/0.475 32:0.000/0.443 48:0.000/0.452 64:0.392/0.491,low_reliability_or_unlikely,does not meet good candidate thresholds
currier_hand,currier_hand,B|2,surface_token,chey,R06,16,15,1,1.0,3,1,1,2,chey,5,5,0.85,0.519,16:0.938/0.456 24:0.812/0.495 32:0.625/0.459 48:0.938/0.474 64:0.938/0.713,low_reliability_or_unlikely,does not meet good candidate thresholds
currier_hand,currier_hand,B|2,surface_token,dain,R06,17,15,1,1.0,3,1,1,2,dain,5,5,0.859,0.499,16:1.000/0.508 24:0.882/0.501 32:0.765/0.499 48:0.882/0.481 64:0.765/0.506,low_reliability_or_unlikely,does not meet good candidate thresholds
currier_hand,currier_hand,B|2,surface_token,dal,R09,19,19,1,1.0,4,1,1,3,dal,0,0,0.0,0.463,16:0.000/0.464 24:0.000/0.451 32:0.000/0.485 48:0.000/0.449 64:0.000/0.465,low_reliability_or_unlikely,does not meet good candidate thresholds
currier_hand,currier_hand,B|2,surface_token,dar,R06,24,23,1,1.0,4,1,1,3,dar,3,5,0.808,0.45,16:1.000/0.444 24:0.792/0.454 32:0.875/0.463 48:0.833/0.455 64:0.542/0.435,low_reliability_or_unlikely,does not meet good candidate thresholds
currier_hand,currier_hand,B|2,surface_token,dy,R02,17,17,1,1.0,3,1,1,1,dy,0,0,0.0,0.462,16:0.000/0.457 24:0.000/0.462 32:0.000/0.455 48:0.000/0.469 64:0.000/0.466,low_reliability_or_unlikely,does not meet good candidate thresholds
currier_hand,currier_hand,B|2,surface_token,okaiin,R10,17,17,1,1.0,3,1,1,3,okaiin,0,0,0.0,0.448,16:0.000/0.453 24:0.000/0.469 32:0.000/0.446 48:0.000/0.435 64:0.000/0.435,low_reliability_or_unlikely,does not meet good candidate thresholds
currier_hand,currier_hand,B|2,surface_token,okain,R10,18,17,1,1.0,3,1,1,2,okain,0,0,0.0,0.476,16:0.000/0.484 24:0.000/0.497 32:0.000/0.454 48:0.000/0.466 64:0.000/0.479,low_reliability_or_unlikely,does not meet good candidate thresholds
currier_hand,currier_hand,B|2,surface_token,okar,R03,15,15,1,1.0,3,1,1,2,okar,0,0,0.0,0.451,16:0.000/0.472 24:0.000/0.432 32:0.000/0.445 48:0.000/0.448 64:0.000/0.458,low_reliability_or_unlikely,does not meet good candidate thresholds
currier_hand,currier_hand,B|2,surface_token,okedy,R00,23,20,1,1.0,2,1,1,2,okedy,0,2,0.661,0.394,16:0.609/0.383 24:0.913/0.442 32:0.522/0.354 48:0.739/0.382 64:0.522/0.408,low_reliability_or_unlikely,does not meet good candidate thresholds
currier_hand,currier_hand,B|2,surface_token,okeedy,R00,19,18,1,1.0,2,1,1,2,okeedy,2,5,0.768,0.439,16:0.737/0.432 24:0.789/0.472 32:0.684/0.407 48:0.842/0.432 64:0.789/0.450,low_reliability_or_unlikely,does not meet good candidate thresholds
currier_hand,currier_hand,B|2,surface_token,ol,R06,44,37,1,1.0,4,1,1,1,ol,5,5,0.85,0.48,16:0.886/0.465 24:0.841/0.466 32:0.886/0.494 48:0.864/0.495 64:0.773/0.481,low_reliability_or_unlikely,does not meet good candidate thresholds
currier_hand,currier_hand,B|2,surface_token,or,R06,18,18,1,1.0,4,1,1,1,or,3,5,0.767,0.456,16:0.889/0.451 24:0.722/0.449 32:0.722/0.459 48:0.833/0.472 64:0.667/0.449,low_reliability_or_unlikely,does not meet good candidate thresholds
currier_hand,currier_hand,B|2,surface_token,otedy,R01,18,17,1,1.0,3,1,1,3,otedy,0,0,0.0,0.331,16:0.000/0.345 24:0.000/0.341 32:0.000/0.297 48:0.000/0.294 64:0.000/0.375,low_reliability_or_unlikely,does not meet good candidate thresholds
currier_hand,currier_hand,B|2,surface_token,qokaiin,H08,17,17,1,1.0,4,1,1,3,qokaiin,0,0,0.459,0.367,16:0.588/0.338 24:0.353/0.407 32:0.412/0.378 48:0.235/0.353 64:0.706/0.360,low_reliability_or_unlikely,does not meet good candidate thresholds
currier_hand,currier_hand,B|2,surface_token,qokain,H08,37,35,1,1.0,2,1,1,1,qokain,0,1,0.476,0.381,16:0.270/0.353 24:0.541/0.448 32:0.378/0.401 48:0.541/0.345 64:0.649/0.357,low_reliability_or_unlikely,does not meet good candidate thresholds
currier_hand,currier_hand,B|2,surface_token,qokar,R03,20,19,1,1.0,3,1,1,2,qokar,0,0,0.0,0.384,16:0.000/0.363 24:0.000/0.430 32:0.000/0.396 48:0.000/0.358 64:0.000/0.374,low_reliability_or_unlikely,does not meet good candidate thresholds
currier_hand,currier_hand,B|2,surface_token,qokedy,H12,64,51,1,1.0,4,1,1,2,qokedy,0,0,0.0,0.347,16:0.000/0.309 24:0.000/0.433 32:0.000/0.311 48:0.000/0.336 64:0.000/0.346,low_reliability_or_unlikely,does not meet good candidate thresholds
currier_hand,currier_hand,B|2,surface_token,qokeedy,H01,51,42,1,1.0,4,1,1,2,qokeedy,0,0,0.059,0.346,16:0.000/0.306 24:0.000/0.413 32:0.294/0.326 48:0.000/0.340 64:0.000/0.347,low_reliability_or_unlikely,does not meet good candidate thresholds
currier_hand,currier_hand,B|2,surface_token,qokeey,H08,31,27,1,1.0,4,1,1,3,qokeey,0,1,0.452,0.379,16:0.419/0.390 24:0.419/0.415 32:0.516/0.400 48:0.355/0.343 64:0.548/0.348,low_reliability_or_unlikely,does not meet good candidate thresholds
currier_hand,currier_hand,B|2,surface_token,qoky,H01,27,27,1,1.0,3,1,1,2,qoky,0,0,0.0,0.448,16:0.000/0.410 24:0.000/0.532 32:0.000/0.429 48:0.000/0.452 64:0.000/0.420,low_reliability_or_unlikely,does not meet good candidate thresholds
currier_hand,currier_hand,B|2,surface_token,qol,R00,20,18,1,1.0,2,1,1,1,qol,0,0,0.16,0.445,16:0.000/0.452 24:0.200/0.426 32:0.050/0.478 48:0.200/0.441 64:0.350/0.429,low_reliability_or_unlikely,does not meet good candidate thresholds
currier_hand,currier_hand,B|2,surface_token,qotedy,H17,16,14,1,1.0,2,1,1,2,qotedy,0,0,0.0,0.33,16:0.000/0.331 24:0.000/0.328 32:0.000/0.326 48:0.000/0.311 64:0.000/0.356,low_reliability_or_unlikely,does not meet good candidate thresholds
currier_hand,currier_hand,B|2,surface_token,qoteedy,H01,17,15,1,1.0,3,1,1,1,qoteedy,0,0,0.129,0.321,16:0.000/0.321 24:0.000/0.335 32:0.059/0.288 48:0.000/0.282 64:0.588/0.381,low_reliability_or_unlikely,does not meet good candidate thresholds
currier_hand,currier_hand,B|2,surface_token,saiin,R06,18,18,1,1.0,3,1,1,1,saiin,5,5,0.889,0.538,16:1.000/0.514 24:0.778/0.519 32:0.944/0.505 48:0.889/0.561 64:0.833/0.593,low_reliability_or_unlikely,does not meet good candidate thresholds
currier_hand,currier_hand,B|2,surface_token,shedy,R06,72,63,1,1.0,4,1,1,3,shedy,3,5,0.9,0.468,16:1.000/0.446 24:0.833/0.481 32:0.917/0.450 48:0.944/0.471 64:0.806/0.493,low_reliability_or_unlikely,does not meet good candidate thresholds
currier_hand,currier_hand,B|2,surface_token,sheedy,R06,15,14,1,1.0,3,1,1,1,sheedy,3,5,0.907,0.459,16:1.000/0.446 24:0.800/0.474 32:1.000/0.446 48:0.800/0.459 64:0.933/0.470,low_reliability_or_unlikely,does not meet good candidate thresholds
currier_hand,currier_hand,B|2,surface_token,shey,R06,21,21,1,1.0,3,1,1,1,shey,4,5,0.962,0.528,16:1.000/0.446 24:1.000/0.519 32:0.810/0.457 48:1.000/0.510 64:1.000/0.707,low_reliability_or_unlikely,does not meet good candidate thresholds
currier_hand,currier_hand,B|3,surface_token,aiin,R06,24,19,1,1.0,1,1,1,1,aiin,4,5,0.842,0.519,16:1.000/0.454 24:0.875/0.468 32:0.500/0.456 48:0.833/0.462 64:1.000/0.755,low_reliability_or_unlikely,does not meet good candidate thresholds
currier_hand,currier_hand,B|3,surface_token,al,R06,17,16,1,1.0,1,1,1,1,al,4,5,0.871,0.467,16:0.941/0.449 24:0.882/0.458 32:0.941/0.478 48:0.941/0.478 64:0.647/0.474,low_reliability_or_unlikely,does not meet good candidate thresholds
currier_hand,currier_hand,B|3,surface_token,ar,R06,25,21,1,1.0,1,1,1,1,ar,4,5,0.792,0.474,16:0.960/0.446 24:0.800/0.488 32:0.680/0.457 48:0.880/0.492 64:0.640/0.486,low_reliability_or_unlikely,does not meet good candidate thresholds
currier_hand,currier_hand,B|3,surface_token,chedy,R02,40,34,1,1.0,2,1,1,1,chedy,0,1,0.105,0.458,16:0.000/0.432 24:0.000/0.479 32:0.000/0.435 48:0.000/0.446 64:0.525/0.496,low_reliability_or_unlikely,does not meet good candidate thresholds
currier_hand,currier_hand,B|3,surface_token,chey,R06,30,27,1,1.0,1,1,1,1,chey,2,4,0.78,0.512,16:0.967/0.436 24:0.833/0.473 32:0.400/0.439 48:0.800/0.448 64:0.900/0.763,low_reliability_or_unlikely,does not meet good candidate thresholds
currier_hand,currier_hand,B|3,surface_token,chol,R07,15,15,1,1.0,2,1,1,1,chol,0,0,0.0,0.451,16:0.000/0.439 24:0.000/0.431 32:0.000/0.489 48:0.000/0.460 64:0.000/0.435,low_reliability_or_unlikely,does not meet good candidate thresholds
currier_hand,currier_hand,B|3,surface_token,daiin,R10,18,17,1,1.0,1,1,1,1,daiin,0,0,0.044,0.546,16:0.000/0.522 24:0.000/0.525 32:0.000/0.518 48:0.000/0.472 64:0.222/0.691,low_reliability_or_unlikely,does not meet good candidate thresholds
currier_hand,currier_hand,B|3,surface_token,okaiin,R10,16,16,1,1.0,1,1,1,1,okaiin,0,0,0.0,0.438,16:0.000/0.455 24:0.000/0.475 32:0.000/0.434 48:0.000/0.411 64:0.000/0.413,low_reliability_or_unlikely,does not meet good candidate thresholds
currier_hand,currier_hand,B|3,surface_token,okeey,R06,18,17,1,1.0,1,1,1,1,okeey,0,0,0.0,0.442,16:0.000/0.460 24:0.000/0.416 32:0.000/0.437 48:0.000/0.436 64:0.000/0.463,low_reliability_or_unlikely,does not meet good candidate thresholds
currier_hand,currier_hand,B|3,surface_token,qokaiin,H08,20,19,1,1.0,1,1,1,1,qokaiin,0,0,0.51,0.352,16:0.450/0.351 24:0.350/0.407 32:0.500/0.361 48:0.400/0.302 64:0.850/0.340,low_reliability_or_unlikely,does not meet good candidate thresholds
currier_hand,currier_hand,B|3,surface_token,qokain,H08,18,17,1,1.0,1,1,1,1,qokain,0,0,0.367,0.381,16:0.222/0.363 24:0.389/0.430 32:0.278/0.391 48:0.333/0.365 64:0.611/0.355,low_reliability_or_unlikely,does not meet good candidate thresholds
currier_hand,currier_hand,B|3,surface_token,qokedy,H12,18,17,1,1.0,1,1,1,1,qokedy,0,0,0.0,0.334,16:0.000/0.321 24:0.000/0.395 32:0.000/0.300 48:0.000/0.326 64:0.000/0.327,low_reliability_or_unlikely,does not meet good candidate thresholds
currier_hand,currier_hand,B|3,surface_token,qokeedy,H01,31,25,1,1.0,1,1,1,1,qokeedy,0,0,0.129,0.352,16:0.000/0.353 24:0.000/0.424 32:0.613/0.300 48:0.000/0.350 64:0.032/0.333,low_reliability_or_unlikely,does not meet good candidate thresholds
currier_hand,currier_hand,B|3,surface_token,qokeey,H08,34,28,1,1.0,1,1,1,1,qokeey,0,0,0.453,0.394,16:0.382/0.364 24:0.382/0.441 32:0.441/0.412 48:0.412/0.375 64:0.647/0.379,low_reliability_or_unlikely,does not meet good candidate thresholds
currier_hand,currier_hand,B|3,surface_token,shedy,R06,18,16,1,1.0,1,1,1,1,shedy,1,5,0.744,0.455,16:0.944/0.442 24:0.722/0.460 32:0.722/0.432 48:0.833/0.448 64:0.500/0.495,low_reliability_or_unlikely,does not meet good candidate thresholds
currier_hand,currier_hand,A|1,conservative_morphology,a|iin|O,R10,126,102,12,0.746,2,1,1,3,"daiin, saiin, otaiin, chaiin, okaiin, aiin, qokaiin, oaiin",1,1,0.127,0.498,16:0.000/0.443 24:0.000/0.469 32:0.000/0.435 48:0.000/0.460 64:0.635/0.683,low_reliability_or_unlikely,does not meet good candidate thresholds
currier_hand,currier_hand,A|1,conservative_morphology,a|in|O,R06,23,23,5,0.87,3,1,1,5,"dain, okain, shain, chain, ain",3,5,0.678,0.503,16:0.783/0.500 24:0.522/0.506 32:0.565/0.501 48:0.783/0.506 64:0.739/0.502,low_reliability_or_unlikely,does not meet good candidate thresholds
currier_hand,currier_hand,A|1,conservative_morphology,a|l|O,R09,20,18,6,0.5,2,1,1,1,"dal, okal, sal, chal, qotal, al",0,0,0.0,0.46,16:0.000/0.435 24:0.000/0.456 32:0.000/0.469 48:0.000/0.466 64:0.000/0.473,low_reliability_or_unlikely,does not meet good candidate thresholds
currier_hand,currier_hand,A|1,conservative_morphology,a|m|O,R06,22,20,10,0.727,2,1,1,3,"dam, otam, sham, am, okam, qokam, sam, cham",0,2,0.382,0.498,16:0.500/0.488 24:0.273/0.497 32:0.273/0.488 48:0.591/0.523 64:0.273/0.493,low_reliability_or_unlikely,does not meet good candidate thresholds
currier_hand,currier_hand,A|1,conservative_morphology,a|r|O,R06,26,23,6,0.769,2,1,1,2,"dar, ar, char, sar, orar, qoar",5,5,0.715,0.487,16:0.731/0.487 24:0.615/0.481 32:0.808/0.487 48:0.769/0.500 64:0.654/0.479,low_reliability_or_unlikely,does not meet good candidate thresholds
currier_hand,currier_hand,A|1,conservative_morphology,cho|NONE|BO,R00,15,14,5,0.6,2,1,1,2,"cho, dcho, qokcho, otcho, ycho",0,0,0.32,0.493,16:0.267/0.491 24:0.467/0.512 32:0.333/0.503 48:0.200/0.495 64:0.333/0.462,low_reliability_or_unlikely,does not meet good candidate thresholds
currier_hand,currier_hand,A|1,conservative_morphology,ch|or|B,R06,16,16,6,0.5,1,1,1,2,"dchor, ychor, otchor, okchor, qokchor, ochor",4,5,0.625,0.49,16:0.625/0.510 24:0.562/0.503 32:0.625/0.505 48:0.625/0.472 64:0.688/0.460,low_reliability_or_unlikely,does not meet good candidate thresholds
currier_hand,currier_hand,A|1,conservative_morphology,ch|y|B,R00,34,32,6,0.588,2,1,1,3,"chy, qotchy, qokchy, okchy, dchy, ochy",1,4,0.547,0.443,16:0.529/0.432 24:0.618/0.452 32:0.647/0.449 48:0.441/0.436 64:0.500/0.444,low_reliability_or_unlikely,does not meet good candidate thresholds
currier_hand,currier_hand,A|1,conservative_morphology,ckh|y|XGX,R00,16,16,5,0.812,2,1,1,1,"ckhy, chckhy, qockhy, ockhy, shckhy",5,5,0.975,0.518,16:1.000/0.507 24:1.000/0.567 32:1.000/0.533 48:0.938/0.503 64:0.938/0.481,low_reliability_or_unlikely,does not meet good candidate thresholds
currier_hand,currier_hand,A|1,conservative_morphology,cth|y|XGX,R04,18,18,3,0.944,1,1,1,2,"cthy, chcthy, dcthy",0,0,0.0,0.388,16:0.000/0.337 24:0.000/0.339 32:0.000/0.438 48:0.000/0.408 64:0.000/0.417,low_reliability_or_unlikely,does not meet good candidate thresholds
currier_hand,currier_hand,A|1,conservative_morphology,d|y|D,R02,20,20,7,0.6,2,1,1,3,"dy, ody, oldy, chdy, ddy, otdy, qody",0,0,0.0,0.477,16:0.000/0.467 24:0.000/0.462 32:0.000/0.485 48:0.000/0.502 64:0.000/0.469,low_reliability_or_unlikely,does not meet good candidate thresholds
currier_hand,currier_hand,A|1,conservative_morphology,eo|dy|EO,R00,19,15,6,0.474,2,1,1,3,"cheody, qokeody, okeody, sheody, oteody, qoteody",0,4,0.505,0.459,16:0.526/0.450 24:0.526/0.505 32:0.368/0.429 48:0.526/0.444 64:0.579/0.466,low_reliability_or_unlikely,does not meet good candidate thresholds
currier_hand,currier_hand,A|1,conservative_morphology,e|ey|E,R06,25,23,7,0.6,2,1,1,3,"qokeey, sheey, okeey, cheey, deey, qoeey, oteey",0,0,0.4,0.449,16:0.440/0.423 24:0.360/0.471 32:0.360/0.421 48:0.400/0.408 64:0.440/0.525,low_reliability_or_unlikely,does not meet good candidate thresholds
currier_hand,currier_hand,A|1,conservative_morphology,e|ol|E,R06,25,22,6,0.48,2,1,1,3,"sheol, qokeol, cheol, okeol, qoteol, deol",0,1,0.432,0.432,16:0.520/0.427 24:0.360/0.462 32:0.440/0.435 48:0.400/0.427 64:0.440/0.410,low_reliability_or_unlikely,does not meet good candidate thresholds
currier_hand,currier_hand,A|1,conservative_morphology,e|or|E,R00,16,16,4,0.688,2,1,1,2,"cheor, sheor, okeor, qokeor",1,2,0.45,0.46,16:0.312/0.451 24:0.688/0.482 32:0.500/0.456 48:0.312/0.461 64:0.438/0.450,low_reliability_or_unlikely,does not meet good candidate thresholds
currier_hand,currier_hand,A|1,conservative_morphology,e|y|E,R06,24,22,5,0.708,3,1,1,2,"shey, chey, qokey, okey, otey",4,5,0.667,0.514,16:0.708/0.441 24:0.667/0.496 32:0.625/0.462 48:0.625/0.465 64:0.708/0.708,low_reliability_or_unlikely,does not meet good candidate thresholds
currier_hand,currier_hand,A|1,conservative_morphology,k|y|G,R00,23,22,4,0.565,2,1,1,3,"oky, qoky, yky, olky",5,5,0.983,0.53,16:1.000/0.510 24:1.000/0.578 32:1.000/0.512 48:0.957/0.522 64:0.957/0.529,low_reliability_or_unlikely,does not meet good candidate thresholds
currier_hand,currier_hand,A|1,conservative_morphology,o|dy|O,R00,21,21,5,0.81,3,1,1,3,"chody, shody, qokody, okody, qotody",1,2,0.467,0.476,16:0.381/0.483 24:0.667/0.490 32:0.381/0.468 48:0.524/0.465 64:0.381/0.472,low_reliability_or_unlikely,does not meet good candidate thresholds
currier_hand,currier_hand,A|1,conservative_morphology,o|l|O,R07,132,97,12,0.583,2,1,1,3,"chol, shol, okol, ol, qokol, dol, otol, sol",0,0,0.0,0.454,16:0.000/0.447 24:0.000/0.444 32:0.000/0.471 48:0.000/0.453 64:0.000/0.457,low_reliability_or_unlikely,does not meet good candidate thresholds
currier_hand,currier_hand,A|1,conservative_morphology,o|r|O,R11,95,77,13,0.421,3,1,1,5,"chor, or, shor, dor, otor, okor, qotor, qoor",0,0,0.0,0.481,16:0.000/0.468 24:0.000/0.480 32:0.000/0.486 48:0.000/0.494 64:0.000/0.476,low_reliability_or_unlikely,does not meet good candidate thresholds
currier_hand,currier_hand,B|2,conservative_morphology,a|iin|O,R10,107,85,10,0.458,4,1,1,5,"daiin, aiin, saiin, okaiin, qokaiin, otaiin, oraiin, olaiin",0,0,0.041,0.472,16:0.000/0.440 24:0.000/0.460 32:0.000/0.438 48:0.000/0.452 64:0.206/0.569,low_reliability_or_unlikely,does not meet good candidate thresholds
currier_hand,currier_hand,B|2,conservative_morphology,a|in|O,H08,110,88,10,0.336,4,1,1,3,"qokain, okain, dain, sain, otain, qotain, ain, olain",0,0,0.178,0.432,16:0.100/0.422 24:0.182/0.459 32:0.127/0.430 48:0.200/0.416 64:0.282/0.433,low_reliability_or_unlikely,does not meet good candidate thresholds
currier_hand,currier_hand,B|2,conservative_morphology,a|l|O,H08,79,63,9,0.291,4,1,1,4,"qokal, dal, al, okal, qotal, otal, chal, sal",0,0,0.154,0.439,16:0.139/0.417 24:0.177/0.451 32:0.101/0.450 48:0.139/0.432 64:0.215/0.444,low_reliability_or_unlikely,does not meet good candidate thresholds
currier_hand,currier_hand,B|2,conservative_morphology,a|m|O,R06,18,18,7,0.444,4,1,1,1,"dam, qokam, oram, olam, am, otam, cham",0,0,0.233,0.479,16:0.389/0.458 24:0.222/0.473 32:0.167/0.481 48:0.222/0.499 64:0.167/0.482,low_reliability_or_unlikely,does not meet good candidate thresholds
currier_hand,currier_hand,B|2,conservative_morphology,a|r|O,R06,96,72,9,0.49,4,1,1,4,"dar, qokar, ar, okar, otar, qotar, sar, char",0,0,0.417,0.429,16:0.490/0.420 24:0.406/0.436 32:0.448/0.434 48:0.406/0.424 64:0.333/0.431,low_reliability_or_unlikely,does not meet good candidate thresholds
currier_hand,currier_hand,B|2,conservative_morphology,ch|dy|B,H09,26,21,6,0.462,3,1,1,5,"qokchdy, okchdy, otchdy, qotchdy, olchdy, dchdy",0,0,0.0,0.476,16:0.000/0.461 24:0.000/0.503 32:0.000/0.449 48:0.000/0.484 64:0.000/0.482,low_reliability_or_unlikely,does not meet good candidate thresholds
currier_hand,currier_hand,B|2,conservative_morphology,ch|edy|B,R00,27,26,9,0.593,4,1,1,2,"olchedy, otchedy, qokchedy, dchedy, ychedy, ochedy, qotchedy, okchedy",0,1,0.437,0.453,16:0.333/0.444 24:0.556/0.461 32:0.481/0.444 48:0.444/0.450 64:0.370/0.466,low_reliability_or_unlikely,does not meet good candidate thresholds
currier_hand,currier_hand,B|2,conservative_morphology,ch|ey|B,R00,19,18,10,0.526,3,1,1,2,"qokchey, olchey, otchey, ochey, orchey, schey, dchey, ychey",0,2,0.474,0.43,16:0.421/0.424 24:0.474/0.453 32:0.526/0.417 48:0.421/0.423 64:0.526/0.435,low_reliability_or_unlikely,does not meet good candidate thresholds
currier_hand,currier_hand,B|2,conservative_morphology,ckh|y|XGX,R00,36,33,4,0.722,3,1,1,1,"chckhy, shckhy, ockhy, ckhy",5,5,0.944,0.477,16:0.944/0.451 24:0.972/0.492 32:0.944/0.481 48:0.944/0.468 64:0.917/0.492,low_reliability_or_unlikely,does not meet good candidate thresholds
currier_hand,currier_hand,B|2,conservative_morphology,d|y|D,R02,51,46,8,0.686,4,1,1,4,"chdy, dy, shdy, oldy, ody, ydy, qody, okdy",0,0,0.0,0.474,16:0.000/0.455 24:0.000/0.468 32:0.000/0.460 48:0.000/0.468 64:0.000/0.521,low_reliability_or_unlikely,does not meet good candidate thresholds
currier_hand,currier_hand,B|2,conservative_morphology,e|dy|E,R06,247,150,8,0.296,4,1,1,4,"shedy, qokedy, chedy, okedy, otedy, qotedy, qoedy, dedy",0,0,0.436,0.41,16:0.502/0.390 24:0.409/0.444 32:0.445/0.385 48:0.470/0.400 64:0.356/0.430,low_reliability_or_unlikely,does not meet good candidate thresholds
currier_hand,currier_hand,B|2,conservative_morphology,e|edy|E,H01,122,91,8,0.557,4,1,1,2,"qokeedy, okeedy, qoteedy, sheedy, oteedy, cheedy, qoeedy, oeedy",0,0,0.052,0.379,16:0.000/0.357 24:0.000/0.418 32:0.164/0.355 48:0.000/0.367 64:0.098/0.398,low_reliability_or_unlikely,does not meet good candidate thresholds
currier_hand,currier_hand,B|2,conservative_morphology,e|ey|E,H08,62,50,7,0.5,4,1,1,4,"qokeey, sheey, cheey, oteey, okeey, qoteey, deey",0,0,0.232,0.409,16:0.210/0.397 24:0.210/0.422 32:0.274/0.404 48:0.177/0.378 64:0.290/0.446,low_reliability_or_unlikely,does not meet good candidate thresholds
currier_hand,currier_hand,B|2,conservative_morphology,e|y|E,R06,66,56,7,0.561,3,1,1,2,"shey, chey, qokey, otey, okey, qotey, qey",0,4,0.527,0.469,16:0.561/0.427 24:0.530/0.470 32:0.424/0.425 48:0.561/0.443 64:0.561/0.580,low_reliability_or_unlikely,does not meet good candidate thresholds
currier_hand,currier_hand,B|2,conservative_morphology,k|edy|G,R00,16,15,3,0.75,2,1,1,2,"olkedy, ykedy, kedy",1,5,0.8,0.443,16:0.750/0.435 24:0.938/0.489 32:0.812/0.431 48:0.812/0.424 64:0.688/0.434,low_reliability_or_unlikely,does not meet good candidate thresholds
currier_hand,currier_hand,B|2,conservative_morphology,k|y|G,H01,39,36,4,0.692,3,1,1,3,"qoky, chky, oky, olky",0,0,0.0,0.466,16:0.000/0.432 24:0.000/0.524 32:0.000/0.454 48:0.000/0.471 64:0.000/0.447,low_reliability_or_unlikely,does not meet good candidate thresholds
currier_hand,currier_hand,B|2,conservative_morphology,lch|edy|LB,R00,16,16,2,1.0,2,1,1,2,"lchedy, qolchedy",0,1,0.375,0.478,16:0.250/0.477 24:0.438/0.475 32:0.438/0.481 48:0.250/0.478 64:0.500/0.481,low_reliability_or_unlikely,does not meet good candidate thresholds
currier_hand,currier_hand,B|2,conservative_morphology,l|y|L,R06,16,16,4,0.75,3,1,1,2,"oly, ly, dly, qoly",0,2,0.5,0.487,16:0.688/0.446 24:0.438/0.482 32:0.375/0.490 48:0.438/0.512 64:0.562/0.507,low_reliability_or_unlikely,does not meet good candidate thresholds
currier_hand,currier_hand,B|2,conservative_morphology,o|l|O,R06,115,80,12,0.557,4,1,1,4,"ol, qol, dol, chol, sol, okol, qotol, qokol",4,5,0.739,0.46,16:0.791/0.457 24:0.739/0.447 32:0.783/0.472 48:0.748/0.463 64:0.635/0.462,low_reliability_or_unlikely,does not meet good candidate thresholds
currier_hand,currier_hand,B|2,conservative_morphology,o|r|O,R06,38,37,11,0.737,4,1,1,2,"or, sor, dor, oror, shor, otor, qor, olor",5,5,0.742,0.479,16:0.842/0.469 24:0.737/0.474 32:0.711/0.484 48:0.789/0.497 64:0.632/0.470,low_reliability_or_unlikely,does not meet good candidate thresholds
currier_hand,currier_hand,B|2,conservative_morphology,sh|edy|B,R06,21,20,6,0.524,4,1,1,2,"dshedy, olshedy, yshedy, sshedy, okshedy, qokshedy",5,5,0.705,0.542,16:0.762/0.532 24:0.714/0.546 32:0.619/0.539 48:0.762/0.540 64:0.667/0.554,low_reliability_or_unlikely,does not meet good candidate thresholds
currier_hand,currier_hand,B|2,conservative_morphology,t|y|G,H01,17,14,4,0.529,4,1,1,1,"qoty, oty, yty, chty",0,0,0.0,0.37,16:0.000/0.335 24:0.000/0.330 32:0.000/0.435 48:0.000/0.352 64:0.000/0.395,low_reliability_or_unlikely,does not meet good candidate thresholds
currier_hand,currier_hand,B|3,conservative_morphology,ai|r|OE,R06,15,14,6,0.467,2,1,1,1,"sair, qokair, dair, otair, air, qotair",3,3,0.52,0.473,16:0.600/0.452 24:0.600/0.491 32:0.400/0.464 48:0.600/0.463 64:0.400/0.498,low_reliability_or_unlikely,does not meet good candidate thresholds
currier_hand,currier_hand,B|3,conservative_morphology,a|iin|O,R10,111,79,15,0.405,2,1,1,2,"aiin, qokaiin, daiin, okaiin, saiin, otaiin, qotaiin, chaiin",0,0,0.013,0.459,16:0.000/0.439 24:0.000/0.456 32:0.000/0.433 48:0.000/0.417 64:0.063/0.550,low_reliability_or_unlikely,does not meet good candidate thresholds
currier_hand,currier_hand,B|3,conservative_morphology,a|in|O,R06,81,57,12,0.296,1,1,1,1,"qokain, otain, dain, okain, qotain, ain, sain, oain",0,0,0.323,0.426,16:0.358/0.422 24:0.333/0.444 32:0.296/0.418 48:0.358/0.405 64:0.272/0.443,low_reliability_or_unlikely,does not meet good candidate thresholds
currier_hand,currier_hand,B|3,conservative_morphology,a|l|O,R06,58,46,10,0.328,2,1,1,1,"al, okal, qokal, chal, otal, qotal, dal, shal",0,0,0.397,0.428,16:0.448/0.428 24:0.414/0.427 32:0.448/0.428 48:0.414/0.422 64:0.259/0.437,low_reliability_or_unlikely,does not meet good candidate thresholds
currier_hand,currier_hand,B|3,conservative_morphology,a|r|O,R06,56,44,11,0.589,2,1,1,2,"ar, otar, qokar, okar, char, sar, dar, qotar",1,3,0.557,0.454,16:0.679/0.429 24:0.554/0.467 32:0.482/0.435 48:0.625/0.468 64:0.446/0.469,low_reliability_or_unlikely,does not meet good candidate thresholds
currier_hand,currier_hand,B|3,conservative_morphology,ckh|y|XGX,R00,18,17,3,0.778,1,1,1,1,"chckhy, shckhy, dckhy",5,5,0.944,0.473,16:0.944/0.450 24:1.000/0.480 32:1.000/0.502 48:1.000/0.475 64:0.778/0.456,low_reliability_or_unlikely,does not meet good candidate thresholds
currier_hand,currier_hand,B|3,conservative_morphology,e|dy|E,R02,97,67,6,0.412,2,1,1,2,"chedy, shedy, qokedy, otedy, qotedy, okedy",0,0,0.06,0.4,16:0.000/0.386 24:0.000/0.426 32:0.000/0.375 48:0.000/0.382 64:0.299/0.432,low_reliability_or_unlikely,does not meet good candidate thresholds
currier_hand,currier_hand,B|3,conservative_morphology,e|edy|E,H01,70,52,9,0.529,1,1,1,1,"qokeedy, okeedy, sheedy, oteedy, qoteedy, qoeedy, cheedy, oeedy",0,0,0.074,0.377,16:0.000/0.376 24:0.000/0.419 32:0.314/0.335 48:0.000/0.372 64:0.057/0.382,low_reliability_or_unlikely,does not meet good candidate thresholds
currier_hand,currier_hand,B|3,conservative_morphology,e|ey|E,R06,85,63,8,0.435,1,1,1,2,"qokeey, okeey, cheey, oteey, sheey, qoeey, qoteey, oleey",0,0,0.235,0.423,16:0.282/0.401 24:0.235/0.433 32:0.129/0.409 48:0.271/0.406 64:0.259/0.466,low_reliability_or_unlikely,does not meet good candidate thresholds
currier_hand,currier_hand,B|3,conservative_morphology,e|ol|E,R00,18,16,5,0.722,1,1,1,1,"cheol, okeol, qokeol, qoteol, qeol",0,1,0.411,0.407,16:0.167/0.408 24:0.389/0.421 32:0.667/0.406 48:0.389/0.395 64:0.444/0.405,low_reliability_or_unlikely,does not meet good candidate thresholds
currier_hand,currier_hand,B|3,conservative_morphology,e|y|E,R06,54,48,6,0.778,1,1,1,2,"chey, shey, qokey, otey, qotey, okey",1,4,0.604,0.481,16:0.741/0.424 24:0.648/0.449 32:0.333/0.423 48:0.593/0.429 64:0.704/0.682,low_reliability_or_unlikely,does not meet good candidate thresholds
currier_hand,currier_hand,B|3,conservative_morphology,o|l|O,R07,39,35,9,0.41,2,1,1,2,"chol, ol, shol, qol, otol, qokol, qotol, sol",0,0,0.0,0.457,16:0.000/0.440 24:0.000/0.445 32:0.000/0.464 48:0.000/0.479 64:0.000/0.457,low_reliability_or_unlikely,does not meet good candidate thresholds
currier_hand,currier_hand,B|3,conservative_morphology,o|r|O,R06,21,18,8,0.429,2,1,1,2,"or, chor, otor, qor, qokor, olor, oror, sor",0,2,0.476,0.453,16:0.619/0.447 24:0.286/0.445 32:0.476/0.455 48:0.429/0.473 64:0.571/0.444,low_reliability_or_unlikely,does not meet good candidate thresholds
currier_hand,currier_hand,nan|4,conservative_morphology,a|l|O,R06,16,15,5,0.438,3,1,1,4,"okal, al, sal, dal, qokal",0,0,0.325,0.537,16:0.375/0.541 24:0.312/0.523 32:0.375/0.545 48:0.375/0.518 64:0.188/0.557,low_reliability_or_unlikely,does not meet good candidate thresholds
currier_hand,currier_hand,nan|4,conservative_morphology,a|r|O,R06,28,27,8,0.643,3,1,1,6,"ar, okar, dar, sar, char, olar, oar, shar",0,1,0.429,0.523,16:0.500/0.510 24:0.393/0.517 32:0.429/0.522 48:0.464/0.551 64:0.357/0.516,low_reliability_or_unlikely,does not meet good candidate thresholds
currier_hand,currier_hand,nan|4,conservative_morphology,o|l|O,R07,15,12,8,0.533,3,1,1,5,"chol, okol, ol, olol, orol, qokol, sol, yol",0,0,0.0,0.503,16:0.000/0.499 24:0.000/0.502 32:0.000/0.519 48:0.000/0.502 64:0.000/0.492,low_reliability_or_unlikely,does not meet good candidate thresholds
currier_hand,currier_hand,A|1,broad_shape,BO|NONE,R00,20,19,9,0.55,2,1,1,2,"cho, dcho, qokcho, dsho, otcho, osho, ycho, ssho",0,0,0.29,0.496,16:0.250/0.490 24:0.450/0.515 32:0.300/0.506 48:0.150/0.497 64:0.300/0.474,low_reliability_or_unlikely,does not meet good candidate thresholds
currier_hand,currier_hand,A|1,broad_shape,B|ey,R06,16,15,12,0.438,3,1,1,2,"okchey, dchey, ychey, yshey, sshey, schey, qotchey, qotshey",1,5,0.562,0.479,16:0.562/0.454 24:0.562/0.502 32:0.500/0.466 48:0.625/0.471 64:0.562/0.501,low_reliability_or_unlikely,does not meet good candidate thresholds
currier_hand,currier_hand,A|1,broad_shape,B|ol,R06,16,16,9,0.375,2,1,1,2,"otchol, ychol, qotchol, dchol, okchol, qokshol, ochol, oshol",0,4,0.5,0.471,16:0.500/0.474 24:0.438/0.483 32:0.500/0.450 48:0.500/0.465 64:0.562/0.483,low_reliability_or_unlikely,does not meet good candidate thresholds
currier_hand,currier_hand,A|1,broad_shape,B|or,R06,21,21,10,0.524,2,1,1,2,"dchor, ychor, otchor, okchor, ochor, qokchor, dshor, yshor",4,5,0.619,0.494,16:0.619/0.508 24:0.571/0.505 32:0.619/0.501 48:0.619/0.483 64:0.667/0.470,low_reliability_or_unlikely,does not meet good candidate thresholds
currier_hand,currier_hand,A|1,broad_shape,B|y,R00,41,37,12,0.585,2,1,1,3,"chy, qotchy, qokchy, okchy, dchy, dshy, okshy, orshy",2,3,0.546,0.46,16:0.537/0.447 24:0.610/0.469 32:0.634/0.466 48:0.463/0.463 64:0.488/0.456,low_reliability_or_unlikely,does not meet good candidate thresholds
currier_hand,currier_hand,A|1,broad_shape,D|y,R02,20,20,7,0.6,2,1,1,3,"dy, ody, oldy, chdy, ddy, otdy, qody",0,0,0.0,0.477,16:0.000/0.467 24:0.000/0.462 32:0.000/0.485 48:0.000/0.502 64:0.000/0.469,low_reliability_or_unlikely,does not meet good candidate thresholds
currier_hand,currier_hand,A|1,broad_shape,EO|dy,R00,21,15,8,0.476,2,1,1,3,"cheody, qokeody, okeody, sheody, okeady, oteody, qoteody, qokeeody",0,4,0.514,0.46,16:0.524/0.444 24:0.524/0.508 32:0.381/0.435 48:0.571/0.451 64:0.571/0.462,low_reliability_or_unlikely,does not meet good candidate thresholds
currier_hand,currier_hand,A|1,broad_shape,E|ey,R06,25,23,7,0.6,2,1,1,3,"qokeey, sheey, okeey, cheey, deey, qoeey, oteey",0,0,0.4,0.449,16:0.440/0.423 24:0.360/0.471 32:0.360/0.421 48:0.400/0.408 64:0.440/0.525,low_reliability_or_unlikely,does not meet good candidate thresholds
currier_hand,currier_hand,A|1,broad_shape,E|ol,R06,28,23,9,0.429,2,1,1,3,"sheol, qokeol, cheol, okeol, qoteol, okeeol, qoteeol, deol",0,1,0.421,0.43,16:0.500/0.427 24:0.357/0.461 32:0.429/0.429 48:0.393/0.420 64:0.429/0.413,low_reliability_or_unlikely,does not meet good candidate thresholds
currier_hand,currier_hand,A|1,broad_shape,E|or,R00,22,21,8,0.636,2,1,1,3,"cheor, sheor, cheeor, oteeor, okeor, eeor, sheeor, qokeor",1,3,0.482,0.444,16:0.318/0.438 24:0.727/0.470 32:0.500/0.432 48:0.364/0.437 64:0.500/0.441,low_reliability_or_unlikely,does not meet good candidate thresholds
currier_hand,currier_hand,A|1,broad_shape,E|y,R06,24,22,5,0.708,3,1,1,2,"shey, chey, qokey, okey, otey",4,5,0.667,0.514,16:0.708/0.441 24:0.667/0.496 32:0.625/0.462 48:0.625/0.465 64:0.708/0.708,low_reliability_or_unlikely,does not meet good candidate thresholds
currier_hand,currier_hand,A|1,broad_shape,GB|ol,R06,15,15,8,0.733,2,1,1,3,"tshol, ykchol, ytchol, tchol, kchol, fchol, ofchol, pshol",0,0,0.067,0.449,16:0.000/0.433 24:0.000/0.448 32:0.000/0.442 48:0.133/0.455 64:0.200/0.465,low_reliability_or_unlikely,does not meet good candidate thresholds
currier_hand,currier_hand,A|1,broad_shape,GB|or,R06,17,16,10,0.706,2,1,1,4,"tchor, opchor, ytchor, kchor, chtchor, tshor, fshor, yfchor",0,0,0.106,0.447,16:0.000/0.398 24:0.059/0.434 32:0.059/0.443 48:0.176/0.482 64:0.235/0.479,low_reliability_or_unlikely,does not meet good candidate thresholds
currier_hand,currier_hand,A|1,broad_shape,GB|y,R06,30,22,13,0.767,2,1,1,4,"kchy, ytchy, tchy, opchy, ykchy, chkchy, ykshy, qopchy",0,0,0.027,0.447,16:0.000/0.420 24:0.000/0.456 32:0.000/0.449 48:0.067/0.452 64:0.067/0.457,low_reliability_or_unlikely,does not meet good candidate thresholds
currier_hand,currier_hand,A|1,broad_shape,G|aiin,R06,15,14,6,0.8,2,1,1,1,"ykaiin, taiin, kaiin, chkaiin, shkaiin, ytaiin",0,0,0.027,0.45,16:0.000/0.444 24:0.000/0.471 32:0.000/0.449 48:0.000/0.441 64:0.133/0.447,low_reliability_or_unlikely,does not meet good candidate thresholds
currier_hand,currier_hand,A|1,broad_shape,G|y,R00,32,31,8,0.406,2,1,1,3,"oky, qoky, qoty, yky, oty, yty, ty, olky",5,5,0.988,0.489,16:1.000/0.471 24:1.000/0.517 32:1.000/0.489 48:0.969/0.479 64:0.969/0.489,low_reliability_or_unlikely,does not meet good candidate thresholds
currier_hand,currier_hand,A|1,broad_shape,OG|y,R00,19,17,5,0.947,2,1,1,3,"choky, choty, otoky, shoky, chopy",5,5,0.958,0.52,16:1.000/0.502 24:0.947/0.541 32:1.000/0.516 48:0.947/0.516 64:0.895/0.526,low_reliability_or_unlikely,does not meet good candidate thresholds
currier_hand,currier_hand,A|1,broad_shape,OL|y,R00,21,20,11,0.619,2,1,1,3,"dary, okary, otory, sary, choly, chory, otaly, chorly",5,5,0.838,0.59,16:0.810/0.587 24:0.905/0.583 32:0.905/0.592 48:0.762/0.600 64:0.810/0.586,low_reliability_or_unlikely,does not meet good candidate thresholds
currier_hand,currier_hand,A|1,broad_shape,OXGX|y,R00,15,15,8,0.933,3,1,1,4,"chocthy, shocthy, chockhy, shockhy, okockhy, olockhy, dackhy, otacphy",1,5,0.973,0.421,16:1.000/0.407 24:1.000/0.416 32:1.000/0.468 48:0.933/0.410 64:0.933/0.403,low_reliability_or_unlikely,does not meet good candidate thresholds
currier_hand,currier_hand,A|1,broad_shape,O|dy,R00,22,22,6,0.773,3,1,1,3,"chody, shody, qokody, okody, dady, qotody",1,2,0.482,0.476,16:0.409/0.484 24:0.682/0.488 32:0.409/0.470 48:0.500/0.466 64:0.409/0.473,low_reliability_or_unlikely,does not meet good candidate thresholds
currier_hand,currier_hand,A|1,broad_shape,O|iin,R10,133,106,16,0.707,2,1,1,3,"daiin, saiin, otaiin, chaiin, okaiin, qokaiin, aiin, choiin",1,1,0.122,0.502,16:0.000/0.448 24:0.000/0.472 32:0.000/0.440 48:0.000/0.467 64:0.609/0.682,low_reliability_or_unlikely,does not meet good candidate thresholds
currier_hand,currier_hand,A|1,broad_shape,O|in,R06,23,23,5,0.87,3,1,1,5,"dain, okain, shain, chain, ain",3,5,0.678,0.503,16:0.783/0.500 24:0.522/0.506 32:0.565/0.501 48:0.783/0.506 64:0.739/0.502,low_reliability_or_unlikely,does not meet good candidate thresholds
currier_hand,currier_hand,A|1,broad_shape,O|l,R07,152,110,18,0.533,2,1,1,3,"chol, shol, okol, ol, qokol, dal, dol, okal",0,0,0.0,0.455,16:0.000/0.445 24:0.000/0.446 32:0.000/0.471 48:0.000/0.455 64:0.000/0.459,low_reliability_or_unlikely,does not meet good candidate thresholds
currier_hand,currier_hand,A|1,broad_shape,O|m,R06,31,28,17,0.645,2,1,1,3,"dam, otam, am, sham, chom, om, okam, shom",0,1,0.335,0.491,16:0.548/0.469 24:0.226/0.490 32:0.226/0.488 48:0.452/0.522 64:0.226/0.488,low_reliability_or_unlikely,does not meet good candidate thresholds
currier_hand,currier_hand,A|1,broad_shape,O|r,R06,121,94,19,0.463,3,1,1,5,"chor, or, dar, shor, dor, otor, ar, char",4,5,0.712,0.482,16:0.785/0.472 24:0.562/0.480 32:0.769/0.487 48:0.769/0.496 64:0.678/0.477,low_reliability_or_unlikely,does not meet good candidate thresholds
currier_hand,currier_hand,A|1,broad_shape,XGX|ey,R04,20,19,5,0.45,3,1,1,1,"cthey, qockhey, ckhey, chckhey, cphey",0,0,0.0,0.41,16:0.000/0.401 24:0.000/0.416 32:0.000/0.403 48:0.000/0.394 64:0.000/0.433,low_reliability_or_unlikely,does not meet good candidate thresholds
currier_hand,currier_hand,A|1,broad_shape,XGX|ol,R07,24,23,5,0.625,2,1,1,1,"cthol, cphol, ckhol, chckhol, qockhol",0,0,0.0,0.391,16:0.000/0.351 24:0.000/0.363 32:0.000/0.379 48:0.000/0.406 64:0.000/0.458,low_reliability_or_unlikely,does not meet good candidate thresholds
currier_hand,currier_hand,A|1,broad_shape,XGX|or,R04,17,17,4,0.765,1,1,1,2,"cthor, ckhor, chcthor, chckhor",0,0,0.0,0.402,16:0.000/0.365 24:0.000/0.373 32:0.000/0.385 48:0.000/0.447 64:0.000/0.439,low_reliability_or_unlikely,does not meet good candidate thresholds
currier_hand,currier_hand,A|1,broad_shape,XGX|y,R00,39,35,10,0.462,2,1,1,2,"cthy, ckhy, chckhy, cphy, cfhy, chcthy, qockhy, ockhy",2,5,0.99,0.447,16:1.000/0.409 24:1.000/0.444 32:1.000/0.487 48:0.974/0.458 64:0.974/0.438,low_reliability_or_unlikely,does not meet good candidate thresholds
currier_hand,currier_hand,A|1,broad_shape,XO|NONE,R06,20,19,2,0.95,2,1,1,1,"sho, chso",5,5,0.92,0.515,16:1.000/0.514 24:0.850/0.528 32:0.850/0.514 48:0.950/0.512 64:0.950/0.509,low_reliability_or_unlikely,does not meet good candidate thresholds
currier_hand,currier_hand,A|1,broad_shape,X|NONE,R06,25,25,2,0.92,2,1,1,3,"s, g",1,2,0.544,0.461,16:0.960/0.423 24:0.280/0.464 32:0.480/0.470 48:0.640/0.472 64:0.360/0.475,low_reliability_or_unlikely,does not meet good candidate thresholds
currier_hand,currier_hand,A|1,broad_shape,X|y,R06,18,18,3,0.944,3,1,1,3,"shy, sy, olsy",1,5,0.622,0.479,16:0.889/0.448 24:0.500/0.494 32:0.500/0.475 48:0.667/0.469 64:0.556/0.508,low_reliability_or_unlikely,does not meet good candidate thresholds
currier_hand,currier_hand,A|3,broad_shape,O|r,R06,15,11,10,0.467,1,1,1,2,"qokar, ar, dar, shar, or, qokor, okar, chor",0,2,0.48,0.456,16:0.600/0.437 24:0.333/0.507 32:0.533/0.445 48:0.467/0.438 64:0.467/0.453,low_reliability_or_unlikely,does not meet good candidate thresholds
currier_hand,currier_hand,B|2,broad_shape,B|dy,R00,32,27,10,0.406,3,1,1,5,"qokchdy, okchdy, otchdy, dshdy, olchdy, qotchdy, olshdy, dchdy",5,5,0.644,0.473,16:0.656/0.459 24:0.656/0.495 32:0.625/0.450 48:0.656/0.473 64:0.625/0.487,low_reliability_or_unlikely,does not meet good candidate thresholds
currier_hand,currier_hand,B|2,broad_shape,B|edy,R00,48,46,15,0.521,4,1,1,3,"dshedy, olchedy, otchedy, olshedy, yshedy, dchedy, qokchedy, ychedy",0,0,0.375,0.492,16:0.292/0.482 24:0.438/0.499 32:0.438/0.486 48:0.354/0.489 64:0.354/0.504,low_reliability_or_unlikely,does not meet good candidate thresholds
currier_hand,currier_hand,B|2,broad_shape,B|ey,R00,27,26,16,0.556,3,1,1,2,"qokchey, olchey, otchey, olshey, dshey, ochey, orchey, yshey",0,0,0.43,0.454,16:0.370/0.444 24:0.444/0.478 32:0.481/0.443 48:0.370/0.437 64:0.481/0.467,low_reliability_or_unlikely,does not meet good candidate thresholds
currier_hand,currier_hand,B|2,broad_shape,B|y,R00,17,17,9,0.647,4,1,1,3,"chy, qokchy, olchy, okshy, otchy, qochy, qotchy, olshy",2,5,0.659,0.466,16:0.647/0.447 24:0.765/0.480 32:0.706/0.470 48:0.588/0.471 64:0.588/0.463,low_reliability_or_unlikely,does not meet good candidate thresholds
currier_hand,currier_hand,B|2,broad_shape,D|y,R02,51,46,8,0.686,4,1,1,4,"chdy, dy, shdy, oldy, ody, ydy, qody, okdy",0,0,0.0,0.474,16:0.000/0.455 24:0.000/0.468 32:0.000/0.460 48:0.000/0.468 64:0.000/0.521,low_reliability_or_unlikely,does not meet good candidate thresholds
currier_hand,currier_hand,B|2,broad_shape,EG|y,R06,19,19,7,0.842,3,1,1,1,"cheky, sheeky, sheky, sheety, chepy, cheeky, cheeety",0,0,0.011,0.443,16:0.000/0.423 24:0.053/0.447 32:0.000/0.470 48:0.000/0.433 64:0.000/0.444,low_reliability_or_unlikely,does not meet good candidate thresholds
currier_hand,currier_hand,B|2,broad_shape,E|dy,R06,247,150,8,0.296,4,1,1,4,"shedy, qokedy, chedy, okedy, otedy, qotedy, qoedy, dedy",0,0,0.436,0.41,16:0.502/0.390 24:0.409/0.444 32:0.445/0.385 48:0.470/0.400 64:0.356/0.430,low_reliability_or_unlikely,does not meet good candidate thresholds
currier_hand,currier_hand,B|2,broad_shape,E|edy,H01,122,91,8,0.557,4,1,1,2,"qokeedy, okeedy, qoteedy, sheedy, oteedy, cheedy, qoeedy, oeedy",0,0,0.052,0.379,16:0.000/0.357 24:0.000/0.418 32:0.164/0.355 48:0.000/0.367 64:0.098/0.398,low_reliability_or_unlikely,does not meet good candidate thresholds
currier_hand,currier_hand,B|2,broad_shape,E|ey,H08,62,50,7,0.5,4,1,1,4,"qokeey, sheey, cheey, oteey, okeey, qoteey, deey",0,0,0.232,0.409,16:0.210/0.397 24:0.210/0.422 32:0.274/0.404 48:0.177/0.378 64:0.290/0.446,low_reliability_or_unlikely,does not meet good candidate thresholds
currier_hand,currier_hand,B|2,broad_shape,E|ol,R06,17,17,9,0.471,3,1,1,1,"cheol, sheol, sheeol, oteol, deeol, cheeol, okeol, okeeol",3,5,0.718,0.466,16:0.765/0.444 24:0.765/0.483 32:0.765/0.457 48:0.706/0.464 64:0.588/0.480,low_reliability_or_unlikely,does not meet good candidate thresholds
currier_hand,currier_hand,B|2,broad_shape,E|y,R06,66,56,7,0.561,3,1,1,2,"shey, chey, qokey, otey, okey, qotey, qey",0,4,0.527,0.469,16:0.561/0.427 24:0.530/0.470 32:0.424/0.425 48:0.561/0.443 64:0.561/0.580,low_reliability_or_unlikely,does not meet good candidate thresholds
currier_hand,currier_hand,B|2,broad_shape,GB|edy,R06,24,24,13,0.5,4,1,1,2,"pchedy, tchedy, opchedy, qopshedy, oltchedy, qopchedy, olfchedy, kshedy",0,0,0.117,0.386,16:0.000/0.362 24:0.042/0.375 32:0.000/0.381 48:0.417/0.381 64:0.125/0.434,low_reliability_or_unlikely,does not meet good candidate thresholds
currier_hand,currier_hand,B|2,broad_shape,G|ar,R06,20,17,8,0.7,3,1,1,1,"ykar, kar, olkar, opar, tar, ytar, far, qopar",0,0,0.05,0.444,16:0.000/0.423 24:0.000/0.450 32:0.050/0.443 48:0.100/0.439 64:0.100/0.466,low_reliability_or_unlikely,does not meet good candidate thresholds
currier_hand,currier_hand,B|2,broad_shape,G|edy,R00,27,24,5,0.593,2,1,1,3,"olkedy, tedy, ykedy, kedy, ytedy",0,3,0.815,0.41,16:0.815/0.410 24:0.963/0.446 32:0.815/0.393 48:0.778/0.386 64:0.704/0.416,low_reliability_or_unlikely,does not meet good candidate thresholds
currier_hand,currier_hand,B|2,broad_shape,G|eedy,R00,15,15,7,0.867,2,1,1,2,"olkeedy, ykeedy, yteedy, keedy, teedy, olteedy, chkeedy",2,5,0.84,0.44,16:0.800/0.417 24:0.867/0.449 32:0.867/0.421 48:0.933/0.458 64:0.733/0.456,low_reliability_or_unlikely,does not meet good candidate thresholds
currier_hand,currier_hand,B|2,broad_shape,G|y,H01,57,48,9,0.632,4,1,1,3,"qoky, qoty, oty, olky, chky, oky, yty, chty",0,0,0.0,0.436,16:0.000/0.405 24:0.000/0.462 32:0.000/0.447 48:0.000/0.437 64:0.000/0.429,low_reliability_or_unlikely,does not meet good candidate thresholds
currier_hand,currier_hand,B|2,broad_shape,LB|edy,R00,27,26,6,1.0,3,1,1,2,"lchedy, lshedy, qolchedy, rchedy, qorchedy, rshedy",0,0,0.326,0.481,16:0.222/0.480 24:0.444/0.481 32:0.333/0.475 48:0.222/0.480 64:0.407/0.486,low_reliability_or_unlikely,does not meet good candidate thresholds
currier_hand,currier_hand,B|2,broad_shape,LB|ey,R00,17,16,4,0.706,2,1,1,2,"qolchey, lshey, lchey, rchey",0,0,0.259,0.466,16:0.118/0.467 24:0.412/0.481 32:0.235/0.469 48:0.235/0.456 64:0.294/0.459,low_reliability_or_unlikely,does not meet good candidate thresholds
currier_hand,currier_hand,B|2,broad_shape,L|y,R06,19,19,5,0.632,3,1,1,3,"oly, ly, ory, dly, qoly",1,2,0.474,0.49,16:0.632/0.456 24:0.421/0.480 32:0.368/0.492 48:0.421/0.512 64:0.526/0.512,low_reliability_or_unlikely,does not meet good candidate thresholds
currier_hand,currier_hand,B|2,broad_shape,OL|y,R00,17,16,11,0.647,3,1,1,4,"okaly, daly, okary, dary, otoly, qokaly, chaly, ary",5,5,0.871,0.577,16:0.882/0.576 24:0.882/0.578 32:0.882/0.566 48:0.824/0.581 64:0.882/0.584,low_reliability_or_unlikely,does not meet good candidate thresholds
currier_hand,currier_hand,B|2,broad_shape,O|iin,R10,108,86,11,0.454,4,1,1,5,"daiin, aiin, saiin, qokaiin, okaiin, otaiin, oraiin, olaiin",0,0,0.041,0.473,16:0.000/0.442 24:0.000/0.461 32:0.000/0.439 48:0.000/0.455 64:0.204/0.570,low_reliability_or_unlikely,does not meet good candidate thresholds
currier_hand,currier_hand,B|2,broad_shape,O|in,H08,111,88,11,0.342,4,1,1,3,"qokain, okain, dain, sain, otain, qotain, ain, olain",0,0,0.184,0.432,16:0.099/0.421 24:0.189/0.460 32:0.135/0.431 48:0.207/0.416 64:0.288/0.432,low_reliability_or_unlikely,does not meet good candidate thresholds
currier_hand,currier_hand,B|2,broad_shape,O|l,R06,194,122,21,0.402,4,1,1,6,"ol, qokal, qol, dal, dol, chol, sol, al",2,5,0.596,0.451,16:0.639/0.440 24:0.603/0.449 32:0.629/0.463 48:0.608/0.450 64:0.500/0.455,low_reliability_or_unlikely,does not meet good candidate thresholds
currier_hand,currier_hand,B|2,broad_shape,O|m,R06,18,18,7,0.444,4,1,1,1,"dam, qokam, oram, olam, am, otam, cham",0,0,0.233,0.479,16:0.389/0.458 24:0.222/0.473 32:0.167/0.481 48:0.222/0.499 64:0.167/0.482,low_reliability_or_unlikely,does not meet good candidate thresholds
currier_hand,currier_hand,B|2,broad_shape,O|r,R06,134,94,20,0.56,4,1,1,5,"dar, qokar, or, ar, okar, otar, sor, qotar",0,4,0.509,0.443,16:0.590/0.433 24:0.500/0.447 32:0.522/0.448 48:0.515/0.445 64:0.418/0.442,low_reliability_or_unlikely,does not meet good candidate thresholds
currier_hand,currier_hand,B|2,broad_shape,XGX|y,R00,49,42,8,0.571,3,1,1,1,"chckhy, shckhy, chcthy, ockhy, shcthy, qckhsy, qcthy, ckhy",2,5,0.947,0.449,16:0.959/0.416 24:0.980/0.449 32:0.939/0.481 48:0.959/0.428 64:0.898/0.470,low_reliability_or_unlikely,does not meet good candidate thresholds
currier_hand,currier_hand,B|3,broad_shape,B|ey,R00,16,16,12,0.375,1,1,1,1,"qokchey, olchey, qochey, sshey, oshey, qokshey, yshey, dchey",0,1,0.338,0.474,16:0.250/0.450 24:0.188/0.503 32:0.500/0.470 48:0.312/0.456 64:0.438/0.490,low_reliability_or_unlikely,does not meet good candidate thresholds
currier_hand,currier_hand,B|3,broad_shape,E|ar,R00,17,15,8,0.588,1,1,1,2,"chear, qokear, qokeear, shear, ear, cheear, qeear, okear",0,2,0.424,0.425,16:0.176/0.413 24:0.529/0.445 32:0.647/0.400 48:0.412/0.411 64:0.353/0.457,low_reliability_or_unlikely,does not meet good candidate thresholds
currier_hand,currier_hand,B|3,broad_shape,E|dy,R02,97,67,6,0.412,2,1,1,2,"chedy, shedy, qokedy, otedy, qotedy, okedy",0,0,0.06,0.4,16:0.000/0.386 24:0.000/0.426 32:0.000/0.375 48:0.000/0.382 64:0.299/0.432,low_reliability_or_unlikely,does not meet good candidate thresholds
currier_hand,currier_hand,B|3,broad_shape,E|edy,H01,70,52,9,0.529,1,1,1,1,"qokeedy, okeedy, sheedy, oteedy, qoteedy, qoeedy, cheedy, oeedy",0,0,0.074,0.377,16:0.000/0.376 24:0.000/0.419 32:0.314/0.335 48:0.000/0.372 64:0.057/0.382,low_reliability_or_unlikely,does not meet good candidate thresholds
currier_hand,currier_hand,B|3,broad_shape,E|ey,R06,85,63,8,0.435,1,1,1,2,"qokeey, okeey, cheey, oteey, sheey, qoeey, qoteey, oleey",0,0,0.235,0.423,16:0.282/0.401 24:0.235/0.433 32:0.129/0.409 48:0.271/0.406 64:0.259/0.466,low_reliability_or_unlikely,does not meet good candidate thresholds
currier_hand,currier_hand,B|3,broad_shape,E|ol,R00,18,16,5,0.722,1,1,1,1,"cheol, okeol, qokeol, qoteol, qeol",0,1,0.411,0.407,16:0.167/0.408 24:0.389/0.421 32:0.667/0.406 48:0.389/0.395 64:0.444/0.405,low_reliability_or_unlikely,does not meet good candidate thresholds
currier_hand,currier_hand,B|3,broad_shape,E|y,R06,54,48,6,0.778,1,1,1,2,"chey, shey, qokey, otey, qotey, okey",1,4,0.604,0.481,16:0.741/0.424 24:0.648/0.449 32:0.333/0.423 48:0.593/0.429 64:0.704/0.682,low_reliability_or_unlikely,does not meet good candidate thresholds
currier_hand,currier_hand,B|3,broad_shape,GB|edy,R00,16,14,11,0.625,2,1,1,2,"opchedy, fchedy, kchedy, olkchedy, tshedy, pchedy, tchedy, ytchedy",0,3,0.887,0.396,16:0.875/0.355 24:1.000/0.361 32:0.938/0.405 48:0.812/0.424 64:0.812/0.436,low_reliability_or_unlikely,does not meet good candidate thresholds
currier_hand,currier_hand,B|3,broad_shape,G|y,H01,19,19,7,0.368,2,1,1,1,"qoky, oty, oky, chky, shky, qoty, shty",0,0,0.0,0.453,16:0.000/0.438 24:0.000/0.451 32:0.000/0.475 48:0.000/0.435 64:0.000/0.465,low_reliability_or_unlikely,does not meet good candidate thresholds
currier_hand,currier_hand,B|3,broad_shape,LB|edy,R00,15,15,2,1.0,1,1,1,1,"lchedy, lshedy",0,1,0.32,0.45,16:0.000/0.436 24:0.533/0.456 32:0.333/0.446 48:0.267/0.445 64:0.467/0.465,low_reliability_or_unlikely,does not meet good candidate thresholds
currier_hand,currier_hand,B|3,broad_shape,OE|r,R06,15,14,6,0.467,2,1,1,1,"sair, qokair, dair, otair, air, qotair",3,3,0.52,0.473,16:0.600/0.452 24:0.600/0.491 32:0.400/0.464 48:0.600/0.463 64:0.400/0.498,low_reliability_or_unlikely,does not meet good candidate thresholds
currier_hand,currier_hand,B|3,broad_shape,O|iin,R10,112,80,16,0.402,2,1,1,2,"aiin, qokaiin, daiin, okaiin, saiin, otaiin, qotaiin, oraiin",0,0,0.013,0.461,16:0.000/0.441 24:0.000/0.458 32:0.000/0.434 48:0.000/0.420 64:0.062/0.551,low_reliability_or_unlikely,does not meet good candidate thresholds
currier_hand,currier_hand,B|3,broad_shape,O|in,R06,81,57,12,0.296,1,1,1,1,"qokain, otain, dain, okain, qotain, ain, sain, oain",0,0,0.323,0.426,16:0.358/0.422 24:0.333/0.444 32:0.296/0.418 48:0.358/0.405 64:0.272/0.443,low_reliability_or_unlikely,does not meet good candidate thresholds
currier_hand,currier_hand,B|3,broad_shape,O|l,R06,97,73,19,0.34,2,1,1,2,"al, chol, okal, ol, qokal, chal, otal, qotal",0,4,0.515,0.44,16:0.588/0.433 24:0.536/0.434 32:0.557/0.443 48:0.546/0.445 64:0.351/0.445,low_reliability_or_unlikely,does not meet good candidate thresholds
currier_hand,currier_hand,B|3,broad_shape,O|r,R06,77,56,19,0.545,2,1,1,2,"ar, or, otar, qokar, char, otor, okar, chor",0,2,0.535,0.453,16:0.662/0.434 24:0.481/0.461 32:0.481/0.441 48:0.571/0.469 64:0.481/0.462,low_reliability_or_unlikely,does not meet good candidate thresholds
currier_hand,currier_hand,B|3,broad_shape,XGX|y,R00,25,24,6,0.56,1,1,1,1,"chckhy, chcthy, shckhy, qocthy, dckhy, shcthy",1,5,0.936,0.446,16:0.960/0.421 24:1.000/0.436 32:0.960/0.497 48:0.960/0.429 64:0.800/0.449,low_reliability_or_unlikely,does not meet good candidate thresholds
currier_hand,currier_hand,nan|4,broad_shape,OL|y,R00,27,27,13,0.778,3,1,1,6,"otaly, okaly, ary, dary, daly, okary, oraly, amy",5,5,0.941,0.661,16:0.926/0.660 24:0.963/0.645 32:0.963/0.664 48:0.889/0.677 64:0.963/0.659,low_reliability_or_unlikely,does not meet good candidate thresholds
currier_hand,currier_hand,nan|4,broad_shape,O|iin,R10,15,15,7,0.533,3,1,1,5,"aiin, daiin, otaiin, okaiin, doiin, saiin, oaiin",0,0,0.08,0.553,16:0.000/0.541 24:0.000/0.523 32:0.000/0.499 48:0.000/0.525 64:0.400/0.679,low_reliability_or_unlikely,does not meet good candidate thresholds
currier_hand,currier_hand,nan|4,broad_shape,O|l,R07,31,25,13,0.419,3,1,1,7,"okal, okol, chol, al, sal, dal, ol, olol",0,0,0.0,0.52,16:0.000/0.521 24:0.000/0.513 32:0.000/0.533 48:0.000/0.510 64:0.000/0.526,low_reliability_or_unlikely,does not meet good candidate thresholds
currier_hand,currier_hand,nan|4,broad_shape,O|r,R06,35,33,13,0.629,3,1,1,6,"ar, okar, dar, or, sar, char, sor, olar",0,1,0.446,0.532,16:0.514/0.521 24:0.371/0.527 32:0.457/0.533 48:0.486/0.561 64:0.400/0.521,low_reliability_or_unlikely,does not meet good candidate thresholds
currier_hand,currier_hand,A|1,stolfi_inspired_signature,G_k|S_GBY|T_y,R06,15,12,6,0.867,1,1,1,1,"kchy, ykchy, chkchy, ykshy, shkchy, shkshy",0,0,0.0,0.472,16:0.000/0.454 24:0.000/0.512 32:0.000/0.449 48:0.000/0.467 64:0.000/0.476,low_reliability_or_unlikely,does not meet good candidate thresholds
currier_hand,currier_hand,A|1,stolfi_inspired_signature,G_k|S_GY|T_y,R00,23,22,4,0.565,2,1,1,3,"oky, qoky, yky, olky",5,5,0.983,0.53,16:1.000/0.510 24:1.000/0.578 32:1.000/0.512 48:0.957/0.522 64:0.957/0.529,low_reliability_or_unlikely,does not meet good candidate thresholds
currier_hand,currier_hand,A|1,stolfi_inspired_signature,G_k|S_OL|T_l,R07,28,25,3,0.607,2,1,1,2,"okol, qokol, okal",0,0,0.0,0.467,16:0.000/0.442 24:0.000/0.503 32:0.000/0.458 48:0.000/0.454 64:0.000/0.479,low_reliability_or_unlikely,does not meet good candidate thresholds
currier_hand,currier_hand,A|1,stolfi_inspired_signature,G_k|S_XGXY|T_y,R00,16,16,5,0.812,2,1,1,1,"ckhy, chckhy, qockhy, ockhy, shckhy",5,5,0.975,0.518,16:1.000/0.507 24:1.000/0.567 32:1.000/0.533 48:0.938/0.503 64:0.938/0.481,low_reliability_or_unlikely,does not meet good candidate thresholds
currier_hand,currier_hand,A|1,stolfi_inspired_signature,G_t|S_XGXY|T_y,R04,18,18,3,0.944,1,1,1,2,"cthy, chcthy, dcthy",0,0,0.0,0.388,16:0.000/0.337 24:0.000/0.339 32:0.000/0.438 48:0.000/0.408 64:0.000/0.417,low_reliability_or_unlikely,does not meet good candidate thresholds
currier_hand,currier_hand,A|1,stolfi_inspired_signature,NG|S_BO|T_NONE,R00,16,16,6,0.562,2,1,1,2,"cho, dcho, dsho, ycho, osho, ssho",0,0,0.175,0.509,16:0.062/0.508 24:0.375/0.524 32:0.125/0.522 48:0.062/0.509 64:0.250/0.485,low_reliability_or_unlikely,does not meet good candidate thresholds
currier_hand,currier_hand,A|1,stolfi_inspired_signature,NG|S_BY|T_y,R00,21,20,5,0.81,2,1,1,3,"chy, dchy, dshy, orshy, ochy",0,0,0.19,0.49,16:0.095/0.483 24:0.238/0.493 32:0.286/0.496 48:0.095/0.496 64:0.238/0.481,low_reliability_or_unlikely,does not meet good candidate thresholds
currier_hand,currier_hand,A|1,stolfi_inspired_signature,NG|S_DY|T_y,R02,19,19,6,0.632,2,1,1,3,"dy, ody, oldy, chdy, ddy, qody",0,0,0.0,0.481,16:0.000/0.476 24:0.000/0.470 32:0.000/0.486 48:0.000/0.504 64:0.000/0.470,low_reliability_or_unlikely,does not meet good candidate thresholds
currier_hand,currier_hand,A|1,stolfi_inspired_signature,NG|S_EOL|T_ol,R06,15,14,4,0.6,2,1,1,3,"sheol, cheol, deol, cheeol",3,5,0.787,0.459,16:0.933/0.448 24:0.667/0.477 32:0.800/0.465 48:0.733/0.475 64:0.800/0.429,low_reliability_or_unlikely,does not meet good candidate thresholds
currier_hand,currier_hand,A|1,stolfi_inspired_signature,NG|S_EOL|T_or,R00,17,16,5,0.706,2,1,1,2,"cheor, sheor, cheeor, eeor, sheeor",1,1,0.341,0.461,16:0.118/0.456 24:0.647/0.480 32:0.353/0.453 48:0.235/0.468 64:0.353/0.447,low_reliability_or_unlikely,does not meet good candidate thresholds
currier_hand,currier_hand,A|1,stolfi_inspired_signature,NG|S_EY|T_y,R06,17,16,2,1.0,3,1,1,2,"shey, chey",4,5,0.941,0.533,16:1.000/0.444 24:0.941/0.496 32:0.882/0.463 48:0.882/0.469 64:1.000/0.795,low_reliability_or_unlikely,does not meet good candidate thresholds
currier_hand,currier_hand,A|1,stolfi_inspired_signature,NG|S_ODY|T_dy,R00,18,18,3,0.722,3,1,1,3,"chody, shody, dady",1,1,0.378,0.473,16:0.278/0.474 24:0.611/0.483 32:0.278/0.473 48:0.389/0.470 64:0.333/0.467,low_reliability_or_unlikely,does not meet good candidate thresholds
currier_hand,currier_hand,A|1,stolfi_inspired_signature,NG|S_OEL|T_in,R06,21,21,4,0.952,3,1,1,4,"dain, shain, chain, ain",4,5,0.743,0.488,16:0.857/0.485 24:0.571/0.490 32:0.619/0.488 48:0.857/0.492 64:0.810/0.485,low_reliability_or_unlikely,does not meet good candidate thresholds
currier_hand,currier_hand,A|1,stolfi_inspired_signature,NG|S_OIL|T_iin,R10,111,92,12,0.712,2,1,1,3,"daiin, saiin, chaiin, aiin, soiin, choiin, oaiin, doiin",1,1,0.146,0.517,16:0.000/0.454 24:0.000/0.483 32:0.000/0.445 48:0.000/0.471 64:0.730/0.730,low_reliability_or_unlikely,does not meet good candidate thresholds
currier_hand,currier_hand,A|1,stolfi_inspired_signature,NG|S_OL|T_l,R07,119,88,12,0.538,2,1,1,3,"chol, shol, ol, dal, dol, sol, sal, orol",0,0,0.0,0.457,16:0.000/0.449 24:0.000/0.436 32:0.000/0.480 48:0.000/0.460 64:0.000/0.458,low_reliability_or_unlikely,does not meet good candidate thresholds
currier_hand,currier_hand,A|1,stolfi_inspired_signature,NG|S_OL|T_m,R06,23,21,11,0.783,2,1,1,3,"dam, am, sham, om, chom, shom, sam, cham",1,2,0.452,0.482,16:0.739/0.449 24:0.304/0.477 32:0.304/0.493 48:0.609/0.515 64:0.304/0.477,low_reliability_or_unlikely,does not meet good candidate thresholds
currier_hand,currier_hand,A|1,stolfi_inspired_signature,NG|S_OL|T_r,R06,108,87,15,0.519,3,1,1,4,"chor, or, dar, shor, dor, char, ar, qor",5,5,0.787,0.483,16:0.880/0.474 24:0.630/0.481 32:0.861/0.489 48:0.833/0.500 64:0.731/0.470,low_reliability_or_unlikely,does not meet good candidate thresholds
currier_hand,currier_hand,A|1,stolfi_inspired_signature,NG|S_XO|T_NONE,R06,20,19,2,0.95,2,1,1,1,"sho, chso",5,5,0.92,0.515,16:1.000/0.514 24:0.850/0.528 32:0.850/0.514 48:0.950/0.512 64:0.950/0.509,low_reliability_or_unlikely,does not meet good candidate thresholds
currier_hand,currier_hand,A|1,stolfi_inspired_signature,NG|S_XY|T_y,R06,18,18,3,0.944,3,1,1,3,"shy, sy, olsy",1,5,0.622,0.479,16:0.889/0.448 24:0.500/0.494 32:0.500/0.475 48:0.667/0.469 64:0.556/0.508,low_reliability_or_unlikely,does not meet good candidate thresholds
currier_hand,currier_hand,A|1,stolfi_inspired_signature,NG|S_X|T_NONE,R06,25,25,2,0.92,2,1,1,3,"s, g",1,2,0.544,0.461,16:0.960/0.423 24:0.280/0.464 32:0.480/0.470 48:0.640/0.472 64:0.360/0.475,low_reliability_or_unlikely,does not meet good candidate thresholds
currier_hand,currier_hand,B|2,stolfi_inspired_signature,G_k|S_BDY|T_dy,H09,18,15,3,0.667,3,1,1,3,"qokchdy, okchdy, qokshdy",0,0,0.0,0.477,16:0.000/0.464 24:0.000/0.519 32:0.000/0.458 48:0.000/0.482 64:0.000/0.461,low_reliability_or_unlikely,does not meet good candidate thresholds
currier_hand,currier_hand,B|2,stolfi_inspired_signature,G_k|S_EDY|T_dy,H12,87,63,2,0.736,4,1,1,3,"qokedy, okedy",0,0,0.0,0.359,16:0.000/0.328 24:0.000/0.436 32:0.000/0.323 48:0.000/0.348 64:0.000/0.362,low_reliability_or_unlikely,does not meet good candidate thresholds
currier_hand,currier_hand,B|2,stolfi_inspired_signature,G_k|S_EDY|T_edy,H01,70,57,2,0.729,4,1,1,2,"qokeedy, okeedy",0,0,0.054,0.371,16:0.000/0.340 24:0.000/0.429 32:0.271/0.348 48:0.000/0.365 64:0.000/0.375,low_reliability_or_unlikely,does not meet good candidate thresholds
currier_hand,currier_hand,B|2,stolfi_inspired_signature,G_k|S_EGY|T_y,R06,15,15,4,0.933,3,1,1,1,"cheky, sheeky, sheky, cheeky",0,0,0.013,0.461,16:0.000/0.444 24:0.067/0.487 32:0.000/0.482 48:0.000/0.441 64:0.000/0.449,low_reliability_or_unlikely,does not meet good candidate thresholds
currier_hand,currier_hand,B|2,stolfi_inspired_signature,G_k|S_EY|T_ey,H08,34,30,2,0.912,4,1,1,4,"qokeey, okeey",0,0,0.412,0.383,16:0.382/0.391 24:0.382/0.413 32:0.471/0.401 48:0.324/0.348 64:0.500/0.360,low_reliability_or_unlikely,does not meet good candidate thresholds
currier_hand,currier_hand,B|2,stolfi_inspired_signature,G_k|S_EY|T_y,H08,19,18,2,0.684,3,1,1,2,"qokey, okey",0,0,0.263,0.439,16:0.105/0.438 24:0.263/0.471 32:0.316/0.440 48:0.263/0.422 64:0.368/0.422,low_reliability_or_unlikely,does not meet good candidate thresholds
currier_hand,currier_hand,B|2,stolfi_inspired_signature,G_k|S_GEDY|T_edy,R00,16,15,3,0.75,2,1,1,2,"olkedy, ykedy, kedy",1,5,0.8,0.443,16:0.750/0.435 24:0.938/0.489 32:0.812/0.431 48:0.812/0.424 64:0.688/0.434,low_reliability_or_unlikely,does not meet good candidate thresholds
currier_hand,currier_hand,B|2,stolfi_inspired_signature,G_k|S_GY|T_y,H01,39,36,4,0.692,3,1,1,3,"qoky, chky, oky, olky",0,0,0.0,0.466,16:0.000/0.432 24:0.000/0.524 32:0.000/0.454 48:0.000/0.471 64:0.000/0.447,low_reliability_or_unlikely,does not meet good candidate thresholds
currier_hand,currier_hand,B|2,stolfi_inspired_signature,G_k|S_OEL|T_in,H08,56,50,3,0.679,3,1,1,2,"qokain, okain, qokoin",0,0,0.35,0.412,16:0.196/0.395 24:0.375/0.465 32:0.268/0.420 48:0.411/0.384 64:0.500/0.395,low_reliability_or_unlikely,does not meet good candidate thresholds
currier_hand,currier_hand,B|2,stolfi_inspired_signature,G_k|S_OIL|T_iin,R10,34,33,2,0.5,4,1,1,4,"okaiin, qokaiin",0,0,0.0,0.407,16:0.000/0.396 24:0.000/0.438 32:0.000/0.412 48:0.000/0.394 64:0.000/0.397,low_reliability_or_unlikely,does not meet good candidate thresholds
currier_hand,currier_hand,B|2,stolfi_inspired_signature,G_k|S_OL|T_l,H08,39,33,4,0.692,4,1,1,3,"qokal, okal, okol, qokol",0,0,0.333,0.431,16:0.231/0.392 24:0.385/0.481 32:0.205/0.447 48:0.359/0.410 64:0.487/0.425,low_reliability_or_unlikely,does not meet good candidate thresholds
currier_hand,currier_hand,B|2,stolfi_inspired_signature,G_k|S_OL|T_r,R03,37,31,4,0.946,3,1,1,4,"qokar, okar, okor, qokor",0,0,0.0,0.419,16:0.000/0.416 24:0.000/0.436 32:0.000/0.424 48:0.000/0.402 64:0.000/0.417,low_reliability_or_unlikely,does not meet good candidate thresholds
currier_hand,currier_hand,B|2,stolfi_inspired_signature,G_k|S_XGXY|T_y,R00,37,34,5,0.73,3,1,1,1,"chckhy, shckhy, ockhy, qckhsy, ckhy",4,5,0.946,0.476,16:0.946/0.448 24:0.973/0.495 32:0.946/0.481 48:0.946/0.468 64:0.919/0.491,low_reliability_or_unlikely,does not meet good candidate thresholds
currier_hand,currier_hand,B|2,stolfi_inspired_signature,G_t|S_EDY|T_dy,R01,34,30,2,0.529,3,1,1,3,"otedy, qotedy",0,0,0.0,0.33,16:0.000/0.339 24:0.000/0.335 32:0.000/0.310 48:0.000/0.302 64:0.000/0.366,low_reliability_or_unlikely,does not meet good candidate thresholds
currier_hand,currier_hand,B|2,stolfi_inspired_signature,G_t|S_EDY|T_edy,H01,26,23,2,0.654,4,1,1,1,"qoteedy, oteedy",0,0,0.1,0.313,16:0.000/0.312 24:0.000/0.325 32:0.038/0.276 48:0.000/0.270 64:0.462/0.384,low_reliability_or_unlikely,does not meet good candidate thresholds
currier_hand,currier_hand,B|2,stolfi_inspired_signature,G_t|S_GY|T_y,H01,17,14,4,0.529,4,1,1,1,"qoty, oty, yty, chty",0,0,0.0,0.37,16:0.000/0.335 24:0.000/0.330 32:0.000/0.435 48:0.000/0.352 64:0.000/0.395,low_reliability_or_unlikely,does not meet good candidate thresholds
currier_hand,currier_hand,B|2,stolfi_inspired_signature,G_t|S_OEL|T_in,R00,17,16,2,0.588,3,1,1,1,"otain, qotain",0,0,0.929,0.322,16:1.000/0.315 24:1.000/0.321 32:1.000/0.297 48:1.000/0.311 64:0.647/0.368,low_reliability_or_unlikely,does not meet good candidate thresholds
currier_hand,currier_hand,B|2,stolfi_inspired_signature,G_t|S_OL|T_l,H13,19,16,4,0.579,2,1,1,2,"qotal, qotol, otal, otol",0,0,0.032,0.32,16:0.000/0.342 24:0.000/0.303 32:0.000/0.281 48:0.000/0.301 64:0.158/0.373,low_reliability_or_unlikely,does not meet good candidate thresholds
currier_hand,currier_hand,B|2,stolfi_inspired_signature,G_t|S_OL|T_r,R01,15,14,3,0.467,4,1,1,1,"otar, qotar, otor",0,0,0.0,0.323,16:0.000/0.329 24:0.000/0.306 32:0.000/0.328 48:0.000/0.281 64:0.000/0.371,low_reliability_or_unlikely,does not meet good candidate thresholds
currier_hand,currier_hand,B|2,stolfi_inspired_signature,NG|S_BEDY|T_edy,R00,35,34,9,0.543,4,1,1,2,"dshedy, olchedy, olshedy, dchedy, yshedy, ychedy, ochedy, sshedy",0,0,0.194,0.542,16:0.114/0.533 24:0.229/0.548 32:0.257/0.542 48:0.143/0.541 64:0.229/0.548,low_reliability_or_unlikely,does not meet good candidate thresholds
currier_hand,currier_hand,B|2,stolfi_inspired_signature,NG|S_BEY|T_ey,R00,16,15,11,0.562,3,1,1,1,"olchey, dshey, olshey, orchey, ochey, yshey, schey, oshey",0,0,0.163,0.496,16:0.000/0.491 24:0.188/0.513 32:0.250/0.490 48:0.125/0.470 64:0.250/0.514,low_reliability_or_unlikely,does not meet good candidate thresholds
currier_hand,currier_hand,B|2,stolfi_inspired_signature,NG|S_DY|T_y,R02,50,45,7,0.7,4,1,1,4,"chdy, dy, shdy, oldy, ody, ydy, qody",0,0,0.0,0.474,16:0.000/0.454 24:0.000/0.466 32:0.000/0.460 48:0.000/0.469 64:0.000/0.522,low_reliability_or_unlikely,does not meet good candidate thresholds
currier_hand,currier_hand,B|2,stolfi_inspired_signature,NG|S_EDY|T_dy,R06,126,101,4,0.579,4,1,1,3,"shedy, chedy, qoedy, dedy",3,5,0.856,0.466,16:0.984/0.447 24:0.802/0.480 32:0.873/0.448 48:0.921/0.462 64:0.698/0.493,low_reliability_or_unlikely,does not meet good candidate thresholds
currier_hand,currier_hand,B|2,stolfi_inspired_signature,NG|S_EDY|T_edy,R06,26,24,4,0.846,4,1,1,1,"sheedy, cheedy, qoeedy, oeedy",4,5,0.877,0.466,16:0.962/0.448 24:0.769/0.481 32:0.923/0.453 48:0.846/0.473 64:0.885/0.477,low_reliability_or_unlikely,does not meet good candidate thresholds
currier_hand,currier_hand,B|2,stolfi_inspired_signature,NG|S_EY|T_ey,R06,20,18,3,1.0,4,1,1,1,"sheey, cheey, deey",3,5,0.88,0.498,16:1.000/0.439 24:0.850/0.482 32:0.800/0.448 48:0.850/0.480 64:0.900/0.641,low_reliability_or_unlikely,does not meet good candidate thresholds
currier_hand,currier_hand,B|2,stolfi_inspired_signature,NG|S_EY|T_y,R06,38,36,3,0.974,3,1,1,2,"shey, chey, qey",5,5,0.916,0.525,16:0.974/0.450 24:0.921/0.509 32:0.737/0.458 48:0.974/0.493 64:0.974/0.715,low_reliability_or_unlikely,does not meet good candidate thresholds
currier_hand,currier_hand,B|2,stolfi_inspired_signature,NG|S_LBEDY|T_edy,R00,27,26,6,1.0,3,1,1,2,"lchedy, lshedy, qolchedy, rchedy, qorchedy, rshedy",0,0,0.326,0.481,16:0.222/0.480 24:0.444/0.481 32:0.333/0.475 48:0.222/0.480 64:0.407/0.486,low_reliability_or_unlikely,does not meet good candidate thresholds
currier_hand,currier_hand,B|2,stolfi_inspired_signature,NG|S_LBEY|T_ey,R00,17,16,4,0.706,2,1,1,2,"qolchey, lshey, lchey, rchey",0,0,0.259,0.466,16:0.118/0.467 24:0.412/0.481 32:0.235/0.469 48:0.235/0.456 64:0.294/0.459,low_reliability_or_unlikely,does not meet good candidate thresholds
currier_hand,currier_hand,B|2,stolfi_inspired_signature,NG|S_LY|T_y,R06,19,19,5,0.632,3,1,1,3,"oly, ly, ory, dly, qoly",1,2,0.474,0.49,16:0.632/0.456 24:0.421/0.480 32:0.368/0.492 48:0.421/0.512 64:0.526/0.512,low_reliability_or_unlikely,does not meet good candidate thresholds
currier_hand,currier_hand,B|2,stolfi_inspired_signature,NG|S_OEL|T_in,R06,38,32,6,0.921,4,1,1,2,"dain, sain, ain, olain, shain, orain",5,5,0.868,0.51,16:1.000/0.506 24:0.868/0.515 32:0.789/0.506 48:0.895/0.508 64:0.789/0.514,low_reliability_or_unlikely,does not meet good candidate thresholds
currier_hand,currier_hand,B|2,stolfi_inspired_signature,NG|S_OIL|T_iin,R06,67,57,7,0.582,4,1,1,3,"daiin, aiin, saiin, oraiin, olaiin, qoaiin, soiin",5,5,0.821,0.521,16:0.940/0.476 24:0.746/0.485 32:0.851/0.469 48:0.940/0.498 64:0.627/0.676,low_reliability_or_unlikely,does not meet good candidate thresholds
currier_hand,currier_hand,B|2,stolfi_inspired_signature,NG|S_OL|T_l,R06,136,94,13,0.574,4,1,1,4,"ol, qol, dal, dol, chol, sol, al, chal",5,5,0.85,0.476,16:0.912/0.468 24:0.860/0.460 32:0.897/0.493 48:0.868/0.483 64:0.713/0.475,low_reliability_or_unlikely,does not meet good candidate thresholds
currier_hand,currier_hand,B|3,stolfi_inspired_signature,G_k|S_EDY|T_dy,H12,21,19,2,0.857,1,1,1,1,"qokedy, okedy",0,0,0.0,0.333,16:0.000/0.316 24:0.000/0.399 32:0.000/0.302 48:0.000/0.325 64:0.000/0.323,low_reliability_or_unlikely,does not meet good candidate thresholds
currier_hand,currier_hand,B|3,stolfi_inspired_signature,G_k|S_EDY|T_edy,H01,44,34,2,0.705,1,1,1,1,"qokeedy, okeedy",0,0,0.105,0.367,16:0.000/0.371 24:0.000/0.429 32:0.500/0.317 48:0.000/0.369 64:0.023/0.349,low_reliability_or_unlikely,does not meet good candidate thresholds
currier_hand,currier_hand,B|3,stolfi_inspired_signature,G_k|S_EY|T_ey,H08,52,39,2,0.654,1,1,1,1,"qokeey, okeey",0,0,0.323,0.411,16:0.269/0.397 24:0.250/0.432 32:0.346/0.421 48:0.269/0.396 64:0.481/0.408,low_reliability_or_unlikely,does not meet good candidate thresholds
currier_hand,currier_hand,B|3,stolfi_inspired_signature,G_k|S_OEL|T_in,H08,31,28,2,0.581,1,1,1,1,"qokain, okain",0,0,0.265,0.401,16:0.194/0.394 24:0.258/0.438 32:0.194/0.401 48:0.226/0.388 64:0.452/0.383,low_reliability_or_unlikely,does not meet good candidate thresholds
currier_hand,currier_hand,B|3,stolfi_inspired_signature,G_k|S_OIL|T_iin,H08,36,29,2,0.556,1,1,1,1,"qokaiin, okaiin",0,0,0.333,0.39,16:0.250/0.397 24:0.194/0.438 32:0.306/0.393 48:0.306/0.350 64:0.611/0.373,low_reliability_or_unlikely,does not meet good candidate thresholds
currier_hand,currier_hand,B|3,stolfi_inspired_signature,G_k|S_OL|T_l,R07,25,22,4,0.56,2,1,1,1,"okal, qokal, qokol, okol",0,0,0.0,0.436,16:0.000/0.431 24:0.000/0.454 32:0.000/0.431 48:0.000/0.422 64:0.000/0.440,low_reliability_or_unlikely,does not meet good candidate thresholds
currier_hand,currier_hand,B|3,stolfi_inspired_signature,G_k|S_XGXY|T_y,R00,18,17,3,0.778,1,1,1,1,"chckhy, shckhy, dckhy",5,5,0.944,0.473,16:0.944/0.450 24:1.000/0.480 32:1.000/0.502 48:1.000/0.475 64:0.778/0.456,low_reliability_or_unlikely,does not meet good candidate thresholds
currier_hand,currier_hand,B|3,stolfi_inspired_signature,G_t|S_EDY|T_dy,R01,18,16,2,0.667,1,1,1,2,"otedy, qotedy",0,0,0.0,0.296,16:0.000/0.310 24:0.000/0.306 32:0.000/0.268 48:0.000/0.241 64:0.000/0.356,low_reliability_or_unlikely,does not meet good candidate thresholds
currier_hand,currier_hand,B|3,stolfi_inspired_signature,G_t|S_OEL|T_in,R00,20,18,2,0.65,1,1,1,1,"otain, qotain",0,0,0.97,0.321,16:1.000/0.321 24:1.000/0.321 32:1.000/0.300 48:1.000/0.283 64:0.850/0.381,low_reliability_or_unlikely,does not meet good candidate thresholds
currier_hand,currier_hand,B|3,stolfi_inspired_signature,G_t|S_OIL|T_iin,R10,15,14,2,0.533,2,1,1,2,"otaiin, qotaiin",0,0,0.0,0.33,16:0.000/0.335 24:0.000/0.337 32:0.000/0.311 48:0.000/0.313 64:0.000/0.351,low_reliability_or_unlikely,does not meet good candidate thresholds
currier_hand,currier_hand,B|3,stolfi_inspired_signature,NG|S_EDY|T_dy,R02,58,45,2,0.69,2,1,1,1,"chedy, shedy",0,1,0.1,0.457,16:0.000/0.435 24:0.000/0.473 32:0.000/0.434 48:0.000/0.447 64:0.500/0.496,low_reliability_or_unlikely,does not meet good candidate thresholds
currier_hand,currier_hand,B|3,stolfi_inspired_signature,NG|S_EY|T_ey,R06,24,22,4,0.792,1,1,1,1,"cheey, sheey, qoeey, oleey",3,4,0.817,0.486,16:1.000/0.436 24:0.833/0.479 32:0.458/0.436 48:0.917/0.472 64:0.875/0.608,low_reliability_or_unlikely,does not meet good candidate thresholds
currier_hand,currier_hand,B|3,stolfi_inspired_signature,NG|S_EY|T_y,R06,42,37,2,1.0,1,1,1,2,"chey, shey",2,4,0.776,0.511,16:0.952/0.438 24:0.833/0.468 32:0.429/0.437 48:0.762/0.447 64:0.905/0.767,low_reliability_or_unlikely,does not meet good candidate thresholds
currier_hand,currier_hand,B|3,stolfi_inspired_signature,NG|S_LBEDY|T_edy,R00,15,15,2,1.0,1,1,1,1,"lchedy, lshedy",0,1,0.32,0.45,16:0.000/0.436 24:0.533/0.456 32:0.333/0.446 48:0.267/0.445 64:0.467/0.465,low_reliability_or_unlikely,does not meet good candidate thresholds
currier_hand,currier_hand,B|3,stolfi_inspired_signature,NG|S_OEL|T_in,R06,30,25,8,0.8,1,1,1,1,"dain, ain, sain, oain, qoain, olain, shain, chain",5,5,0.873,0.522,16:0.967/0.518 24:0.900/0.530 32:0.800/0.514 48:0.967/0.503 64:0.733/0.545,low_reliability_or_unlikely,does not meet good candidate thresholds
currier_hand,currier_hand,B|3,stolfi_inspired_signature,NG|S_OIL|T_iin,R06,61,52,12,0.574,1,1,1,1,"aiin, daiin, saiin, oraiin, chaiin, qoaiin, yaiin, qaiin",5,5,0.879,0.534,16:1.000/0.492 24:0.918/0.499 32:0.689/0.489 48:0.918/0.487 64:0.869/0.705,low_reliability_or_unlikely,does not meet good candidate thresholds
currier_hand,currier_hand,B|3,stolfi_inspired_signature,NG|S_OL|T_l,R06,63,53,12,0.524,2,1,1,2,"al, chol, ol, chal, dal, shol, qol, shal",2,5,0.81,0.461,16:0.921/0.448 24:0.841/0.448 32:0.873/0.478 48:0.857/0.478 64:0.556/0.456,low_reliability_or_unlikely,does not meet good candidate thresholds
currier_hand,currier_hand,B|3,stolfi_inspired_signature,NG|S_OL|T_r,R06,55,43,13,0.764,2,1,1,2,"ar, or, char, chor, sar, dar, shar, orar",5,5,0.749,0.483,16:0.927/0.464 24:0.673/0.485 32:0.673/0.475 48:0.800/0.510 64:0.673/0.480,low_reliability_or_unlikely,does not meet good candidate thresholds
currier_hand,currier_hand,nan|4,stolfi_inspired_signature,NG|S_OL|T_l,R06,20,17,9,0.55,3,1,1,6,"chol, al, sal, dal, ol, orol, olol, sol",4,4,0.62,0.474,16:0.700/0.480 24:0.600/0.455 32:0.700/0.491 48:0.700/0.465 64:0.400/0.477,low_reliability_or_unlikely,does not meet good candidate thresholds
currier_hand,currier_hand,nan|4,stolfi_inspired_signature,NG|S_OL|T_r,R06,29,28,11,0.759,3,1,1,6,"ar, dar, sar, or, char, olar, sor, olor",1,3,0.538,0.527,16:0.621/0.518 24:0.448/0.517 32:0.552/0.526 48:0.586/0.567 64:0.483/0.510,low_reliability_or_unlikely,does not meet good candidate thresholds
currier_marker,currier_marker,A|paragraph_continuation,surface_token,chol,R07,66,53,1,1.0,3,1,2,1,chol,0,0,0.0,0.442,16:0.000/0.443 24:0.000/0.417 32:0.000/0.466 48:0.000/0.442 64:0.000/0.442,low_reliability_or_unlikely,does not meet good candidate thresholds
currier_marker,currier_marker,A|paragraph_continuation,surface_token,chor,R11,35,34,1,1.0,4,1,2,1,chor,0,0,0.0,0.455,16:0.000/0.446 24:0.000/0.453 32:0.000/0.474 48:0.000/0.455 64:0.000/0.448,low_reliability_or_unlikely,does not meet good candidate thresholds
currier_marker,currier_marker,A|paragraph_continuation,surface_token,cthol,R07,15,15,1,1.0,1,1,1,1,cthol,0,0,0.0,0.379,16:0.000/0.345 24:0.000/0.351 32:0.000/0.357 48:0.000/0.384 64:0.000/0.460,low_reliability_or_unlikely,does not meet good candidate thresholds
currier_marker,currier_marker,A|paragraph_continuation,surface_token,daiin,R10,76,64,1,1.0,3,1,2,1,daiin,1,1,0.171,0.514,16:0.000/0.447 24:0.000/0.475 32:0.000/0.437 48:0.000/0.454 64:0.855/0.757,low_reliability_or_unlikely,does not meet good candidate thresholds
currier_marker,currier_marker,A|paragraph_continuation,surface_token,dain,R06,15,15,1,1.0,3,1,1,1,dain,5,5,0.853,0.478,16:1.000/0.479 24:0.667/0.486 32:0.733/0.473 48:0.933/0.470 64:0.933/0.480,low_reliability_or_unlikely,does not meet good candidate thresholds
currier_marker,currier_marker,A|paragraph_continuation,surface_token,or,R06,18,16,1,1.0,4,1,2,1,or,5,5,0.778,0.49,16:0.944/0.469 24:0.611/0.492 32:0.833/0.491 48:0.722/0.523 64:0.778/0.479,low_reliability_or_unlikely,does not meet good candidate thresholds
currier_marker,currier_marker,A|paragraph_continuation,surface_token,s,R06,22,22,1,1.0,3,1,2,1,s,1,3,0.582,0.454,16:1.000/0.422 24:0.318/0.456 32:0.500/0.460 48:0.727/0.460 64:0.364/0.472,low_reliability_or_unlikely,does not meet good candidate thresholds
currier_marker,currier_marker,A|paragraph_continuation,surface_token,sho,R06,21,20,1,1.0,3,1,2,1,sho,5,5,0.905,0.509,16:1.000/0.510 24:0.810/0.521 32:0.857/0.510 48:0.905/0.499 64:0.952/0.506,low_reliability_or_unlikely,does not meet good candidate thresholds
currier_marker,currier_marker,B|paragraph_continuation,surface_token,aiin,R06,44,38,1,1.0,5,1,3,1,aiin,5,5,0.832,0.519,16:0.932/0.456 24:0.795/0.471 32:0.636/0.456 48:0.909/0.473 64:0.886/0.736,low_reliability_or_unlikely,does not meet good candidate thresholds
currier_marker,currier_marker,B|paragraph_continuation,surface_token,al,R06,26,24,1,1.0,4,1,3,1,al,5,5,0.815,0.471,16:0.885/0.454 24:0.808/0.463 32:0.885/0.479 48:0.846/0.484 64:0.654/0.478,low_reliability_or_unlikely,does not meet good candidate thresholds
currier_marker,currier_marker,B|paragraph_continuation,surface_token,ar,R06,42,36,1,1.0,5,1,3,1,ar,5,5,0.819,0.476,16:0.952/0.452 24:0.810/0.486 32:0.762/0.465 48:0.881/0.494 64:0.690/0.482,low_reliability_or_unlikely,does not meet good candidate thresholds
currier_marker,currier_marker,B|paragraph_continuation,surface_token,chckhy,R00,37,35,1,1.0,4,1,2,1,chckhy,4,5,0.957,0.478,16:0.946/0.439 24:0.973/0.492 32:0.973/0.493 48:0.946/0.468 64:0.946/0.496,low_reliability_or_unlikely,does not meet good candidate thresholds
currier_marker,currier_marker,B|paragraph_continuation,surface_token,chdy,R02,24,23,1,1.0,5,1,4,1,chdy,0,0,0.0,0.472,16:0.000/0.444 24:0.000/0.454 32:0.000/0.456 48:0.000/0.456 64:0.000/0.548,low_reliability_or_unlikely,does not meet good candidate thresholds
currier_marker,currier_marker,B|paragraph_continuation,surface_token,chedy,R02,90,79,1,1.0,4,1,4,1,chedy,0,0,0.087,0.46,16:0.000/0.440 24:0.000/0.477 32:0.000/0.440 48:0.000/0.452 64:0.433/0.493,low_reliability_or_unlikely,does not meet good candidate thresholds
currier_marker,currier_marker,B|paragraph_continuation,surface_token,cheey,R06,20,19,1,1.0,3,1,3,1,cheey,4,5,0.87,0.507,16:1.000/0.436 24:0.850/0.499 32:0.650/0.452 48:0.950/0.483 64:0.900/0.663,low_reliability_or_unlikely,does not meet good candidate thresholds
currier_marker,currier_marker,B|paragraph_continuation,surface_token,cheol,R00,18,17,1,1.0,4,1,3,1,cheol,0,1,0.256,0.44,16:0.000/0.442 24:0.167/0.452 32:0.500/0.444 48:0.167/0.436 64:0.444/0.427,low_reliability_or_unlikely,does not meet good candidate thresholds
currier_marker,currier_marker,B|paragraph_continuation,surface_token,chey,R06,45,41,1,1.0,4,1,3,1,chey,3,5,0.809,0.515,16:0.956/0.443 24:0.822/0.479 32:0.511/0.449 48:0.844/0.456 64:0.911/0.748,low_reliability_or_unlikely,does not meet good candidate thresholds
currier_marker,currier_marker,B|paragraph_continuation,surface_token,chol,R07,26,26,1,1.0,5,1,3,1,chol,0,0,0.0,0.447,16:0.000/0.446 24:0.000/0.423 32:0.000/0.487 48:0.000/0.446 64:0.000/0.431,low_reliability_or_unlikely,does not meet good candidate thresholds
currier_marker,currier_marker,B|paragraph_continuation,surface_token,daiin,R10,48,42,1,1.0,4,1,4,1,daiin,0,0,0.079,0.523,16:0.000/0.488 24:0.000/0.489 32:0.000/0.479 48:0.000/0.466 64:0.396/0.694,low_reliability_or_unlikely,does not meet good candidate thresholds
currier_marker,currier_marker,B|paragraph_continuation,surface_token,dain,R06,29,26,1,1.0,4,1,2,1,dain,5,5,0.862,0.511,16:0.966/0.520 24:0.897/0.515 32:0.793/0.508 48:0.931/0.484 64:0.724/0.525,low_reliability_or_unlikely,does not meet good candidate thresholds
currier_marker,currier_marker,B|paragraph_continuation,surface_token,dal,R09,20,20,1,1.0,5,1,2,1,dal,0,0,0.0,0.457,16:0.000/0.460 24:0.000/0.444 32:0.000/0.472 48:0.000/0.446 64:0.000/0.461,low_reliability_or_unlikely,does not meet good candidate thresholds
currier_marker,currier_marker,B|paragraph_continuation,surface_token,dar,R06,26,25,1,1.0,5,1,3,1,dar,4,5,0.831,0.466,16:1.000/0.456 24:0.846/0.465 32:0.885/0.477 48:0.885/0.481 64:0.538/0.450,low_reliability_or_unlikely,does not meet good candidate thresholds
currier_marker,currier_marker,B|paragraph_continuation,surface_token,dy,R02,17,17,1,1.0,3,1,1,1,dy,0,0,0.0,0.462,16:0.000/0.457 24:0.000/0.462 32:0.000/0.455 48:0.000/0.469 64:0.000/0.466,low_reliability_or_unlikely,does not meet good candidate thresholds
currier_marker,currier_marker,B|paragraph_continuation,surface_token,lchedy,R00,26,26,1,1.0,3,1,3,1,lchedy,0,2,0.369,0.463,16:0.154/0.455 24:0.538/0.462 32:0.346/0.467 48:0.308/0.460 64:0.500/0.469,low_reliability_or_unlikely,does not meet good candidate thresholds
currier_marker,currier_marker,B|paragraph_continuation,surface_token,okaiin,R10,31,31,1,1.0,3,1,2,1,okaiin,0,0,0.0,0.431,16:0.000/0.443 24:0.000/0.464 32:0.000/0.428 48:0.000/0.412 64:0.000/0.408,low_reliability_or_unlikely,does not meet good candidate thresholds
currier_marker,currier_marker,B|paragraph_continuation,surface_token,okain,R10,30,28,1,1.0,4,1,2,1,okain,0,0,0.0,0.445,16:0.000/0.453 24:0.000/0.467 32:0.000/0.426 48:0.000/0.435 64:0.000/0.444,low_reliability_or_unlikely,does not meet good candidate thresholds
currier_marker,currier_marker,B|paragraph_continuation,surface_token,okal,R07,20,19,1,1.0,4,1,3,1,okal,0,0,0.0,0.445,16:0.000/0.418 24:0.000/0.460 32:0.000/0.437 48:0.000/0.447 64:0.000/0.464,low_reliability_or_unlikely,does not meet good candidate thresholds
currier_marker,currier_marker,B|paragraph_continuation,surface_token,okar,R03,18,17,1,1.0,4,1,2,1,okar,0,0,0.0,0.439,16:0.000/0.443 24:0.000/0.442 32:0.000/0.430 48:0.000/0.428 64:0.000/0.454,low_reliability_or_unlikely,does not meet good candidate thresholds
currier_marker,currier_marker,B|paragraph_continuation,surface_token,okedy,R00,30,26,1,1.0,4,1,3,1,okedy,0,1,0.64,0.38,16:0.533/0.351 24:0.800/0.446 32:0.500/0.334 48:0.733/0.373 64:0.633/0.398,low_reliability_or_unlikely,does not meet good candidate thresholds
currier_marker,currier_marker,B|paragraph_continuation,surface_token,okeedy,R00,30,28,1,1.0,3,1,2,1,okeedy,1,4,0.78,0.42,16:0.733/0.421 24:0.833/0.457 32:0.700/0.384 48:0.833/0.421 64:0.800/0.414,low_reliability_or_unlikely,does not meet good candidate thresholds
currier_marker,currier_marker,B|paragraph_continuation,surface_token,okeey,R06,21,20,1,1.0,2,1,3,1,okeey,0,0,0.0,0.441,16:0.000/0.457 24:0.000/0.419 32:0.000/0.436 48:0.000/0.434 64:0.000/0.461,low_reliability_or_unlikely,does not meet good candidate thresholds
currier_marker,currier_marker,B|paragraph_continuation,surface_token,ol,R06,58,51,1,1.0,5,1,3,1,ol,5,5,0.841,0.479,16:0.879/0.462 24:0.828/0.467 32:0.862/0.489 48:0.862/0.499 64:0.776/0.479,low_reliability_or_unlikely,does not meet good candidate thresholds
currier_marker,currier_marker,B|paragraph_continuation,surface_token,or,R06,25,25,1,1.0,5,1,2,1,or,5,5,0.728,0.476,16:0.840/0.464 24:0.640/0.467 32:0.680/0.479 48:0.760/0.504 64:0.720/0.466,low_reliability_or_unlikely,does not meet good candidate thresholds
currier_marker,currier_marker,B|paragraph_continuation,surface_token,otain,R00,23,22,1,1.0,4,1,2,1,otain,0,0,0.983,0.336,16:1.000/0.328 24:1.000/0.324 32:1.000/0.321 48:1.000/0.338 64:0.913/0.370,low_reliability_or_unlikely,does not meet good candidate thresholds
currier_marker,currier_marker,B|paragraph_continuation,surface_token,otedy,R01,28,26,1,1.0,4,1,2,1,otedy,0,0,0.0,0.295,16:0.000/0.310 24:0.000/0.309 32:0.000/0.258 48:0.000/0.245 64:0.000/0.351,low_reliability_or_unlikely,does not meet good candidate thresholds
currier_marker,currier_marker,B|paragraph_continuation,surface_token,oteedy,R01,15,15,1,1.0,4,1,2,1,oteedy,0,0,0.0,0.299,16:0.000/0.298 24:0.000/0.305 32:0.000/0.248 48:0.000/0.246 64:0.000/0.396,low_reliability_or_unlikely,does not meet good candidate thresholds
currier_marker,currier_marker,B|paragraph_continuation,surface_token,qokaiin,H08,35,34,1,1.0,5,1,2,1,qokaiin,0,0,0.503,0.352,16:0.543/0.337 24:0.371/0.403 32:0.457/0.362 48:0.343/0.317 64:0.800/0.341,low_reliability_or_unlikely,does not meet good candidate thresholds
currier_marker,currier_marker,B|paragraph_continuation,surface_token,qokain,H08,55,52,1,1.0,3,1,2,1,qokain,0,0,0.44,0.381,16:0.255/0.357 24:0.491/0.442 32:0.345/0.397 48:0.473/0.352 64:0.636/0.356,low_reliability_or_unlikely,does not meet good candidate thresholds
currier_marker,currier_marker,B|paragraph_continuation,surface_token,qokal,H08,35,33,1,1.0,5,1,3,1,qokal,0,1,0.406,0.405,16:0.257/0.370 24:0.514/0.455 32:0.229/0.436 48:0.400/0.380 64:0.629/0.385,low_reliability_or_unlikely,does not meet good candidate thresholds
currier_marker,currier_marker,B|paragraph_continuation,surface_token,qokar,R03,25,23,1,1.0,4,1,3,1,qokar,0,0,0.0,0.391,16:0.000/0.364 24:0.000/0.446 32:0.000/0.402 48:0.000/0.374 64:0.000/0.368,low_reliability_or_unlikely,does not meet good candidate thresholds
currier_marker,currier_marker,B|paragraph_continuation,surface_token,qokedy,H12,86,70,1,1.0,5,1,5,1,qokedy,0,0,0.0,0.348,16:0.000/0.313 24:0.000/0.428 32:0.000/0.313 48:0.000/0.335 64:0.000/0.349,low_reliability_or_unlikely,does not meet good candidate thresholds
currier_marker,currier_marker,B|paragraph_continuation,surface_token,qokeedy,H01,84,69,1,1.0,4,1,4,1,qokeedy,0,0,0.086,0.348,16:0.000/0.325 24:0.000/0.416 32:0.417/0.315 48:0.000/0.345 64:0.012/0.341,low_reliability_or_unlikely,does not meet good candidate thresholds
currier_marker,currier_marker,B|paragraph_continuation,surface_token,qokeey,H08,62,53,1,1.0,5,1,3,1,qokeey,0,0,0.461,0.393,16:0.371/0.379 24:0.435/0.439 32:0.484/0.413 48:0.419/0.366 64:0.597/0.370,low_reliability_or_unlikely,does not meet good candidate thresholds
currier_marker,currier_marker,B|paragraph_continuation,surface_token,qokey,H08,19,19,1,1.0,4,1,3,1,qokey,0,0,0.295,0.415,16:0.158/0.419 24:0.368/0.441 32:0.316/0.427 48:0.211/0.404 64:0.421/0.383,low_reliability_or_unlikely,does not meet good candidate thresholds
currier_marker,currier_marker,B|paragraph_continuation,surface_token,qoky,H01,34,34,1,1.0,4,1,3,1,qoky,0,0,0.0,0.45,16:0.000/0.416 24:0.000/0.515 32:0.000/0.438 48:0.000/0.449 64:0.000/0.433,low_reliability_or_unlikely,does not meet good candidate thresholds
currier_marker,currier_marker,B|paragraph_continuation,surface_token,qol,R00,23,21,1,1.0,3,1,3,1,qol,0,0,0.148,0.455,16:0.000/0.457 24:0.174/0.441 32:0.043/0.483 48:0.174/0.450 64:0.348/0.445,low_reliability_or_unlikely,does not meet good candidate thresholds
currier_marker,currier_marker,B|paragraph_continuation,surface_token,qotedy,H17,18,17,1,1.0,3,1,2,1,qotedy,0,0,0.0,0.34,16:0.000/0.343 24:0.000/0.332 32:0.000/0.330 48:0.000/0.328 64:0.000/0.369,low_reliability_or_unlikely,does not meet good candidate thresholds
currier_marker,currier_marker,B|paragraph_continuation,surface_token,qoteedy,H01,25,23,1,1.0,4,1,3,1,qoteedy,0,0,0.128,0.315,16:0.000/0.312 24:0.000/0.328 32:0.040/0.278 48:0.000/0.282 64:0.600/0.377,low_reliability_or_unlikely,does not meet good candidate thresholds
currier_marker,currier_marker,B|paragraph_continuation,surface_token,saiin,R06,27,27,1,1.0,4,1,3,1,saiin,5,5,0.919,0.544,16:1.000/0.521 24:0.852/0.522 32:0.963/0.512 48:0.926/0.573 64:0.852/0.592,low_reliability_or_unlikely,does not meet good candidate thresholds
currier_marker,currier_marker,B|paragraph_continuation,surface_token,sain,R06,18,18,1,1.0,4,1,2,1,sain,5,5,0.9,0.552,16:1.000/0.541 24:0.889/0.552 32:0.833/0.545 48:0.944/0.564 64:0.833/0.555,low_reliability_or_unlikely,does not meet good candidate thresholds
currier_marker,currier_marker,B|paragraph_continuation,surface_token,shedy,R06,90,79,1,1.0,5,1,4,1,shedy,3,5,0.867,0.465,16:0.989/0.446 24:0.800/0.477 32:0.889/0.445 48:0.922/0.463 64:0.733/0.493,low_reliability_or_unlikely,does not meet good candidate thresholds
currier_marker,currier_marker,B|paragraph_continuation,surface_token,sheedy,R06,23,22,1,1.0,4,1,3,1,sheedy,5,5,0.913,0.469,16:1.000/0.458 24:0.826/0.481 32:0.957/0.459 48:0.870/0.471 64:0.913/0.476,low_reliability_or_unlikely,does not meet good candidate thresholds
currier_marker,currier_marker,B|paragraph_continuation,surface_token,sheey,R06,19,18,1,1.0,4,1,2,1,sheey,3,5,0.884,0.487,16:1.000/0.444 24:0.895/0.464 32:0.684/0.435 48:0.895/0.476 64:0.947/0.614,low_reliability_or_unlikely,does not meet good candidate thresholds
currier_marker,currier_marker,B|paragraph_continuation,surface_token,shey,R06,33,33,1,1.0,4,1,4,1,shey,3,5,0.921,0.522,16:1.000/0.443 24:0.970/0.494 32:0.727/0.446 48:0.909/0.483 64:1.000/0.743,low_reliability_or_unlikely,does not meet good candidate thresholds
currier_marker,currier_marker,A|paragraph_continuation,conservative_morphology,a|iin|O,R10,130,103,12,0.708,3,1,2,1,"daiin, saiin, otaiin, chaiin, okaiin, aiin, qokaiin, oaiin",0,1,0.118,0.499,16:0.000/0.445 24:0.000/0.470 32:0.000/0.439 48:0.000/0.460 64:0.592/0.680,low_reliability_or_unlikely,does not meet good candidate thresholds
currier_marker,currier_marker,A|paragraph_continuation,conservative_morphology,a|in|O,R06,24,23,7,0.667,4,1,2,1,"dain, okain, qokain, shain, chain, qotain, otain",3,4,0.592,0.47,16:0.667/0.465 24:0.458/0.479 32:0.500/0.458 48:0.667/0.475 64:0.667/0.476,low_reliability_or_unlikely,does not meet good candidate thresholds
currier_marker,currier_marker,A|paragraph_continuation,conservative_morphology,a|l|O,R09,31,26,8,0.355,3,1,2,1,"dal, okal, sal, chal, qotal, qoal, qokal, al",0,0,0.0,0.447,16:0.000/0.420 24:0.000/0.455 32:0.000/0.462 48:0.000/0.442 64:0.000/0.455,low_reliability_or_unlikely,does not meet good candidate thresholds
currier_marker,currier_marker,A|paragraph_continuation,conservative_morphology,a|m|O,R06,20,18,9,0.75,3,1,2,1,"dam, otam, am, sham, okam, qokam, sam, cham",1,2,0.41,0.477,16:0.550/0.466 24:0.300/0.479 32:0.300/0.464 48:0.600/0.503 64:0.300/0.475,low_reliability_or_unlikely,does not meet good candidate thresholds
currier_marker,currier_marker,A|paragraph_continuation,conservative_morphology,a|r|O,R06,33,30,9,0.727,3,1,2,1,"dar, ar, char, sar, qokar, okar, shar, olar",5,5,0.709,0.47,16:0.758/0.467 24:0.606/0.481 32:0.788/0.465 48:0.758/0.476 64:0.636/0.463,low_reliability_or_unlikely,does not meet good candidate thresholds
currier_marker,currier_marker,A|paragraph_continuation,conservative_morphology,cho|NONE|BO,R00,15,14,5,0.667,3,1,2,1,"cho, qokcho, dcho, otcho, ycho",0,0,0.32,0.483,16:0.267/0.482 24:0.467/0.501 32:0.333/0.494 48:0.200/0.483 64:0.333/0.459,low_reliability_or_unlikely,does not meet good candidate thresholds
currier_marker,currier_marker,A|paragraph_continuation,conservative_morphology,ch|or|B,R06,15,15,6,0.533,1,1,1,1,"dchor, ychor, otchor, okchor, qokchor, ochor",4,5,0.6,0.484,16:0.600/0.504 24:0.533/0.497 32:0.600/0.499 48:0.600/0.463 64:0.667/0.456,low_reliability_or_unlikely,does not meet good candidate thresholds
currier_marker,currier_marker,A|paragraph_continuation,conservative_morphology,ch|y|B,R00,31,30,6,0.581,2,1,1,1,"chy, qotchy, qokchy, okchy, dchy, ochy",1,3,0.535,0.445,16:0.516/0.433 24:0.613/0.455 32:0.645/0.449 48:0.419/0.440 64:0.484/0.449,low_reliability_or_unlikely,does not meet good candidate thresholds
currier_marker,currier_marker,A|paragraph_continuation,conservative_morphology,ckh|y|XGX,R00,17,17,5,0.765,3,1,2,1,"ckhy, chckhy, qockhy, ockhy, shckhy",5,5,0.976,0.514,16:1.000/0.496 24:1.000/0.567 32:1.000/0.529 48:0.941/0.500 64:0.941/0.480,low_reliability_or_unlikely,does not meet good candidate thresholds
currier_marker,currier_marker,A|paragraph_continuation,conservative_morphology,cth|y|XGX,R04,17,17,3,0.941,1,1,1,1,"cthy, chcthy, dcthy",0,0,0.0,0.383,16:0.000/0.327 24:0.000/0.334 32:0.000/0.436 48:0.000/0.401 64:0.000/0.415,low_reliability_or_unlikely,does not meet good candidate thresholds
currier_marker,currier_marker,A|paragraph_continuation,conservative_morphology,d|y|D,R02,18,18,6,0.667,3,1,2,1,"dy, ody, oldy, chdy, ddy, qody",0,0,0.0,0.476,16:0.000/0.471 24:0.000/0.469 32:0.000/0.482 48:0.000/0.500 64:0.000/0.460,low_reliability_or_unlikely,does not meet good candidate thresholds
currier_marker,currier_marker,A|paragraph_continuation,conservative_morphology,eo|dy|EO,R00,16,12,5,0.438,3,1,2,1,"qokeody, cheody, sheody, okeody, oteody",0,1,0.412,0.409,16:0.438/0.396 24:0.438/0.463 32:0.250/0.375 48:0.438/0.391 64:0.500/0.421,low_reliability_or_unlikely,does not meet good candidate thresholds
currier_marker,currier_marker,A|paragraph_continuation,conservative_morphology,e|ey|E,R06,30,28,7,0.567,3,1,2,1,"qokeey, sheey, okeey, cheey, deey, qoeey, oteey",0,0,0.347,0.452,16:0.367/0.420 24:0.333/0.478 32:0.300/0.427 48:0.367/0.412 64:0.367/0.523,low_reliability_or_unlikely,does not meet good candidate thresholds
currier_marker,currier_marker,A|paragraph_continuation,conservative_morphology,e|ol|E,R06,24,21,6,0.458,3,1,2,1,"qokeol, sheol, cheol, okeol, qoteol, deol",0,1,0.458,0.431,16:0.542/0.423 24:0.375/0.470 32:0.458/0.432 48:0.458/0.429 64:0.458/0.400,low_reliability_or_unlikely,does not meet good candidate thresholds
currier_marker,currier_marker,A|paragraph_continuation,conservative_morphology,e|or|E,R00,18,18,5,0.667,3,1,2,1,"cheor, okeor, sheor, oteor, qokeor",1,2,0.467,0.452,16:0.389/0.443 24:0.722/0.479 32:0.444/0.453 48:0.278/0.440 64:0.500/0.443,low_reliability_or_unlikely,does not meet good candidate thresholds
currier_marker,currier_marker,A|paragraph_continuation,conservative_morphology,e|y|E,R06,24,23,5,0.625,4,1,2,1,"shey, chey, qokey, okey, otey",2,5,0.6,0.506,16:0.625/0.431 24:0.625/0.497 32:0.542/0.460 48:0.583/0.463 64:0.625/0.680,low_reliability_or_unlikely,does not meet good candidate thresholds
currier_marker,currier_marker,A|paragraph_continuation,conservative_morphology,k|y|G,R00,22,21,4,0.5,3,1,2,1,"oky, qoky, yky, orky",5,5,0.982,0.494,16:1.000/0.471 24:1.000/0.547 32:1.000/0.470 48:0.955/0.486 64:0.955/0.499,low_reliability_or_unlikely,does not meet good candidate thresholds
currier_marker,currier_marker,A|paragraph_continuation,conservative_morphology,o|dy|O,R00,18,18,4,0.778,3,1,1,1,"chody, shody, qokody, qotody",1,2,0.422,0.458,16:0.333/0.467 24:0.611/0.475 32:0.333/0.450 48:0.500/0.445 64:0.333/0.455,low_reliability_or_unlikely,does not meet good candidate thresholds
currier_marker,currier_marker,A|paragraph_continuation,conservative_morphology,o|l|O,R07,130,95,11,0.585,3,1,2,1,"chol, shol, qokol, ol, okol, dol, sol, otol",0,0,0.0,0.445,16:0.000/0.437 24:0.000/0.434 32:0.000/0.461 48:0.000/0.443 64:0.000/0.449,low_reliability_or_unlikely,does not meet good candidate thresholds
currier_marker,currier_marker,A|paragraph_continuation,conservative_morphology,o|r|O,R11,84,68,12,0.417,4,1,2,1,"chor, or, dor, shor, okor, qokor, otor, qoor",0,0,0.0,0.47,16:0.000/0.457 24:0.000/0.472 32:0.000/0.478 48:0.000/0.479 64:0.000/0.466,low_reliability_or_unlikely,does not meet good candidate thresholds
currier_marker,currier_marker,B|paragraph_continuation,conservative_morphology,ai|r|OE,R06,22,21,7,0.455,5,1,3,1,"sair, dair, qokair, okair, otair, air, qotair",0,3,0.445,0.474,16:0.500/0.448 24:0.500/0.496 32:0.364/0.470 48:0.500/0.458 64:0.364/0.496,low_reliability_or_unlikely,does not meet good candidate thresholds
currier_marker,currier_marker,B|paragraph_continuation,conservative_morphology,a|iin|O,R10,219,165,15,0.443,5,1,4,1,"daiin, aiin, qokaiin, okaiin, saiin, otaiin, qotaiin, oraiin",0,0,0.027,0.465,16:0.000/0.438 24:0.000/0.456 32:0.000/0.434 48:0.000/0.433 64:0.137/0.563,low_reliability_or_unlikely,does not meet good candidate thresholds
currier_marker,currier_marker,B|paragraph_continuation,conservative_morphology,a|in|O,R06,188,143,13,0.303,5,1,2,1,"qokain, okain, dain, otain, sain, qotain, ain, oain",0,0,0.309,0.428,16:0.346/0.420 24:0.314/0.451 32:0.282/0.423 48:0.330/0.409 64:0.271/0.436,low_reliability_or_unlikely,does not meet good candidate thresholds
currier_marker,currier_marker,B|paragraph_continuation,conservative_morphology,a|l|O,H08,137,109,10,0.255,5,1,4,1,"qokal, al, dal, okal, qotal, otal, chal, sal",0,0,0.123,0.426,16:0.117/0.413 24:0.131/0.433 32:0.073/0.434 48:0.109/0.418 64:0.182/0.432,low_reliability_or_unlikely,does not meet good candidate thresholds
currier_marker,currier_marker,B|paragraph_continuation,conservative_morphology,a|m|O,R06,29,29,8,0.552,5,1,2,1,"dam, qokam, otam, am, olam, oram, oam, cham",0,0,0.166,0.478,16:0.310/0.460 24:0.138/0.462 32:0.103/0.475 48:0.138/0.511 64:0.138/0.482,low_reliability_or_unlikely,does not meet good candidate thresholds
currier_marker,currier_marker,B|paragraph_continuation,conservative_morphology,a|r|O,R06,151,114,10,0.523,5,1,4,1,"ar, dar, qokar, okar, otar, qotar, sar, char",0,1,0.464,0.435,16:0.550/0.419 24:0.450/0.446 32:0.464/0.432 48:0.483/0.436 64:0.371/0.441,low_reliability_or_unlikely,does not meet good candidate thresholds
currier_marker,currier_marker,B|paragraph_continuation,conservative_morphology,ch|dy|B,H09,24,20,7,0.583,4,1,4,1,"qokchdy, otchdy, okchdy, chchdy, olchdy, dchdy, qotchdy",0,0,0.0,0.399,16:0.000/0.392 24:0.000/0.420 32:0.000/0.374 48:0.000/0.396 64:0.000/0.415,low_reliability_or_unlikely,does not meet good candidate thresholds
currier_marker,currier_marker,B|paragraph_continuation,conservative_morphology,ch|edy|B,R00,35,33,9,0.571,5,1,4,1,"olchedy, qotchedy, otchedy, qokchedy, dchedy, ychedy, okchedy, ochedy",0,3,0.503,0.437,16:0.457/0.426 24:0.629/0.449 32:0.543/0.423 48:0.514/0.425 64:0.371/0.463,low_reliability_or_unlikely,does not meet good candidate thresholds
currier_marker,currier_marker,B|paragraph_continuation,conservative_morphology,ch|ey|B,R00,29,28,10,0.448,5,1,3,1,"qokchey, olchey, qochey, otchey, ochey, dchey, okchey, orchey",0,2,0.428,0.432,16:0.345/0.423 24:0.379/0.454 32:0.517/0.426 48:0.379/0.412 64:0.517/0.443,low_reliability_or_unlikely,does not meet good candidate thresholds
currier_marker,currier_marker,B|paragraph_continuation,conservative_morphology,ch|y|B,R00,24,23,8,0.417,5,1,4,1,"chy, qokchy, qotchy, otchy, olchy, okchy, shchy, qochy",0,5,0.692,0.41,16:0.708/0.404 24:0.833/0.410 32:0.708/0.409 48:0.667/0.414 64:0.542/0.414,low_reliability_or_unlikely,does not meet good candidate thresholds
currier_marker,currier_marker,B|paragraph_continuation,conservative_morphology,ckh|y|XGX,R00,54,50,5,0.741,4,1,2,1,"chckhy, shckhy, ockhy, dckhy, ckhy",5,5,0.944,0.476,16:0.944/0.451 24:0.981/0.488 32:0.963/0.488 48:0.963/0.471 64:0.870/0.480,low_reliability_or_unlikely,does not meet good candidate thresholds
currier_marker,currier_marker,B|paragraph_continuation,conservative_morphology,cth|y|XGX,R04,21,20,4,0.667,3,1,3,1,"chcthy, shcthy, qocthy, qcthy",0,0,0.0,0.367,16:0.000/0.327 24:0.000/0.316 32:0.000/0.479 48:0.000/0.301 64:0.000/0.411,low_reliability_or_unlikely,does not meet good candidate thresholds
currier_marker,currier_marker,B|paragraph_continuation,conservative_morphology,d|y|D,R02,58,52,8,0.707,5,1,4,1,"chdy, dy, shdy, ody, oldy, ydy, qody, okdy",0,0,0.0,0.468,16:0.000/0.450 24:0.000/0.463 32:0.000/0.454 48:0.000/0.458 64:0.000/0.515,low_reliability_or_unlikely,does not meet good candidate thresholds
currier_marker,currier_marker,B|paragraph_continuation,conservative_morphology,ek|y|EG,R06,16,16,2,1.0,4,1,4,1,"cheky, sheky",0,0,0.013,0.482,16:0.000/0.456 24:0.062/0.521 32:0.000/0.491 48:0.000/0.465 64:0.000/0.477,low_reliability_or_unlikely,does not meet good candidate thresholds
currier_marker,currier_marker,B|paragraph_continuation,conservative_morphology,eo|dy|EO,R00,19,17,5,0.474,3,1,4,1,"cheody, sheody, oteody, qokeody, okeody",0,1,0.379,0.413,16:0.263/0.384 24:0.526/0.448 32:0.421/0.403 48:0.263/0.394 64:0.421/0.437,low_reliability_or_unlikely,does not meet good candidate thresholds
currier_marker,currier_marker,B|paragraph_continuation,conservative_morphology,e|dy|E,R06,344,217,8,0.265,5,1,5,1,"shedy, chedy, qokedy, okedy, otedy, qotedy, dedy, qoedy",0,0,0.427,0.407,16:0.520/0.387 24:0.398/0.441 32:0.436/0.380 48:0.456/0.395 64:0.326/0.431,low_reliability_or_unlikely,does not meet good candidate thresholds
currier_marker,currier_marker,B|paragraph_continuation,conservative_morphology,e|edy|E,H01,196,146,9,0.556,5,1,4,1,"qokeedy, okeedy, qoteedy, sheedy, oteedy, cheedy, qoeedy, oeedy",0,0,0.061,0.376,16:0.000/0.363 24:0.000/0.417 32:0.214/0.346 48:0.000/0.367 64:0.092/0.390,low_reliability_or_unlikely,does not meet good candidate thresholds
currier_marker,currier_marker,B|paragraph_continuation,conservative_morphology,e|ey|E,H08,144,111,9,0.431,5,1,4,1,"qokeey, okeey, cheey, sheey, oteey, qoteey, qoeey, oleey",0,0,0.211,0.422,16:0.167/0.403 24:0.188/0.435 32:0.236/0.410 48:0.181/0.398 64:0.285/0.462,low_reliability_or_unlikely,does not meet good candidate thresholds
currier_marker,currier_marker,B|paragraph_continuation,conservative_morphology,e|ol|E,R00,35,33,8,0.571,4,1,4,1,"cheol, sheol, okeol, qokeol, oteol, qoteol, qeol, eol",0,0,0.314,0.438,16:0.171/0.433 24:0.286/0.451 32:0.429/0.438 48:0.314/0.432 64:0.371/0.435,low_reliability_or_unlikely,does not meet good candidate thresholds
currier_marker,currier_marker,B|paragraph_continuation,conservative_morphology,e|y|E,R06,119,105,7,0.655,4,1,4,1,"chey, shey, qokey, otey, okey, qotey, qey",1,4,0.57,0.474,16:0.647/0.425 24:0.588/0.459 32:0.403/0.424 48:0.580/0.434 64:0.630/0.628,low_reliability_or_unlikely,does not meet good candidate thresholds
currier_marker,currier_marker,B|paragraph_continuation,conservative_morphology,k|aiin|G,R06,15,15,4,0.667,4,1,2,1,"ykaiin, olkaiin, kaiin, skaiin",0,0,0.027,0.446,16:0.000/0.441 24:0.000/0.474 32:0.067/0.440 48:0.000/0.436 64:0.067/0.438,low_reliability_or_unlikely,does not meet good candidate thresholds
currier_marker,currier_marker,B|paragraph_continuation,conservative_morphology,k|ar|G,R06,19,18,4,0.737,4,1,3,1,"ykar, kar, olkar, dkar",0,0,0.011,0.46,16:0.000/0.445 24:0.000/0.502 32:0.000/0.448 48:0.053/0.445 64:0.000/0.459,low_reliability_or_unlikely,does not meet good candidate thresholds
currier_marker,currier_marker,B|paragraph_continuation,conservative_morphology,k|edy|G,R00,20,18,4,0.7,4,1,3,1,"olkedy, ykedy, kedy, chkedy",0,3,0.78,0.41,16:0.700/0.407 24:0.950/0.438 32:0.750/0.396 48:0.800/0.392 64:0.700/0.416,low_reliability_or_unlikely,does not meet good candidate thresholds
currier_marker,currier_marker,B|paragraph_continuation,conservative_morphology,k|eedy|G,R00,21,21,4,0.667,3,1,3,1,"olkeedy, keedy, ykeedy, chkeedy",0,4,0.848,0.409,16:0.667/0.376 24:0.905/0.427 32:0.905/0.407 48:1.000/0.415 64:0.762/0.420,low_reliability_or_unlikely,does not meet good candidate thresholds
currier_marker,currier_marker,B|paragraph_continuation,conservative_morphology,k|y|G,H01,53,49,5,0.642,4,1,3,1,"qoky, oky, chky, olky, shky",0,0,0.0,0.459,16:0.000/0.425 24:0.000/0.505 32:0.000/0.456 48:0.000/0.457 64:0.000/0.451,low_reliability_or_unlikely,does not meet good candidate thresholds
currier_marker,currier_marker,B|paragraph_continuation,conservative_morphology,lch|edy|LB,R00,29,29,2,1.0,3,1,3,1,"lchedy, qolchedy",0,1,0.338,0.466,16:0.138/0.459 24:0.517/0.469 32:0.310/0.469 48:0.276/0.463 64:0.448/0.470,low_reliability_or_unlikely,does not meet good candidate thresholds
currier_marker,currier_marker,B|paragraph_continuation,conservative_morphology,lk|eedy|LG,R00,16,16,2,0.688,4,1,2,1,"lkeedy, qolkeedy",1,4,0.85,0.437,16:0.875/0.434 24:0.938/0.475 32:0.812/0.445 48:0.875/0.445 64:0.750/0.385,low_reliability_or_unlikely,does not meet good candidate thresholds
currier_marker,currier_marker,B|paragraph_continuation,conservative_morphology,l|y|L,R06,17,17,3,0.765,4,1,3,1,"oly, ly, qoly",0,2,0.482,0.483,16:0.647/0.446 24:0.412/0.473 32:0.353/0.489 48:0.412/0.512 64:0.588/0.496,low_reliability_or_unlikely,does not meet good candidate thresholds
currier_marker,currier_marker,B|paragraph_continuation,conservative_morphology,o|l|O,R06,159,119,12,0.503,5,1,4,1,"ol, chol, qol, sol, dol, qokol, shol, qotol",2,5,0.738,0.457,16:0.805/0.449 24:0.748/0.445 32:0.780/0.470 48:0.761/0.463 64:0.597/0.456,low_reliability_or_unlikely,does not meet good candidate thresholds
currier_marker,currier_marker,B|paragraph_continuation,conservative_morphology,o|r|O,R06,60,56,11,0.633,5,1,4,1,"or, sor, chor, otor, dor, qor, oror, qokor",5,5,0.67,0.47,16:0.783/0.463 24:0.617/0.462 32:0.650/0.473 48:0.683/0.490 64:0.617/0.461,low_reliability_or_unlikely,does not meet good candidate thresholds
currier_marker,currier_marker,B|paragraph_continuation,conservative_morphology,pch|edy|GB,R00,18,17,4,0.5,4,1,3,1,"pchedy, opchedy, ypchedy, qopchedy",1,2,0.767,0.407,16:0.778/0.340 24:1.000/0.365 32:0.833/0.416 48:0.444/0.438 64:0.778/0.474,low_reliability_or_unlikely,does not meet good candidate thresholds
currier_marker,currier_marker,B|paragraph_continuation,conservative_morphology,sh|edy|B,R06,23,21,7,0.478,5,1,3,1,"dshedy, olshedy, yshedy, sshedy, qotshedy, okshedy, qokshedy",5,5,0.696,0.533,16:0.783/0.515 24:0.696/0.535 32:0.609/0.535 48:0.739/0.533 64:0.652/0.549,low_reliability_or_unlikely,does not meet good candidate thresholds
currier_marker,currier_marker,B|paragraph_continuation,conservative_morphology,t|y|G,H01,24,21,5,0.458,5,1,3,1,"qoty, oty, yty, shty, chty",0,0,0.0,0.392,16:0.000/0.370 24:0.000/0.350 32:0.000/0.450 48:0.000/0.384 64:0.000/0.409,low_reliability_or_unlikely,does not meet good candidate thresholds
currier_marker,currier_marker,A|paragraph_continuation,broad_shape,BO|NONE,R00,20,19,9,0.6,3,1,2,1,"cho, qokcho, dcho, dsho, otcho, osho, ycho, ssho",0,0,0.29,0.489,16:0.250/0.483 24:0.450/0.506 32:0.300/0.499 48:0.150/0.487 64:0.300/0.472,low_reliability_or_unlikely,does not meet good candidate thresholds
currier_marker,currier_marker,A|paragraph_continuation,broad_shape,B|ey,R06,15,14,11,0.467,3,1,1,1,"okchey, ychey, dchey, sshey, yshey, qotshey, schey, qotchey",1,4,0.533,0.481,16:0.533/0.455 24:0.533/0.502 32:0.467/0.466 48:0.600/0.474 64:0.533/0.507,low_reliability_or_unlikely,does not meet good candidate thresholds
currier_marker,currier_marker,A|paragraph_continuation,broad_shape,B|ol,R07,15,15,8,0.333,2,1,1,1,"otchol, ychol, dchol, qotchol, okchol, qokshol, ochol, oshol",0,0,0.0,0.462,16:0.000/0.466 24:0.000/0.475 32:0.000/0.440 48:0.000/0.447 64:0.000/0.481,low_reliability_or_unlikely,does not meet good candidate thresholds
currier_marker,currier_marker,A|paragraph_continuation,broad_shape,B|or,R06,20,20,10,0.55,2,1,1,1,"dchor, ychor, otchor, okchor, dshor, qokchor, okshor, yshor",4,5,0.6,0.489,16:0.600/0.503 24:0.550/0.500 32:0.600/0.496 48:0.600/0.476 64:0.650/0.468,low_reliability_or_unlikely,does not meet good candidate thresholds
currier_marker,currier_marker,A|paragraph_continuation,broad_shape,B|y,R00,37,34,11,0.568,2,1,1,1,"chy, qotchy, qokchy, okchy, dchy, dshy, okshy, orshy",1,3,0.524,0.455,16:0.514/0.440 24:0.595/0.464 32:0.622/0.459 48:0.432/0.460 64:0.459/0.452,low_reliability_or_unlikely,does not meet good candidate thresholds
currier_marker,currier_marker,A|paragraph_continuation,broad_shape,D|y,R02,18,18,6,0.667,3,1,2,1,"dy, ody, oldy, chdy, ddy, qody",0,0,0.0,0.476,16:0.000/0.471 24:0.000/0.469 32:0.000/0.482 48:0.000/0.500 64:0.000/0.460,low_reliability_or_unlikely,does not meet good candidate thresholds
currier_marker,currier_marker,A|paragraph_continuation,broad_shape,EO|dy,R00,18,12,7,0.444,3,1,2,1,"qokeody, cheody, sheody, okeady, okeody, oteody, qokeeody",0,2,0.433,0.416,16:0.444/0.395 24:0.444/0.471 32:0.278/0.388 48:0.500/0.406 64:0.500/0.422,low_reliability_or_unlikely,does not meet good candidate thresholds
currier_marker,currier_marker,A|paragraph_continuation,broad_shape,E|ey,R06,30,28,7,0.567,3,1,2,1,"qokeey, sheey, okeey, cheey, deey, qoeey, oteey",0,0,0.347,0.452,16:0.367/0.420 24:0.333/0.478 32:0.300/0.427 48:0.367/0.412 64:0.367/0.523,low_reliability_or_unlikely,does not meet good candidate thresholds
currier_marker,currier_marker,A|paragraph_continuation,broad_shape,E|ol,R06,27,22,9,0.407,3,1,2,1,"qokeol, sheol, cheol, okeol, qoteol, okeeol, qoteeol, deol",0,1,0.444,0.428,16:0.519/0.423 24:0.370/0.467 32:0.444/0.427 48:0.444/0.421 64:0.444/0.404,low_reliability_or_unlikely,does not meet good candidate thresholds
currier_marker,currier_marker,A|paragraph_continuation,broad_shape,E|or,R00,23,22,9,0.652,3,1,2,1,"cheor, okeor, sheor, cheeor, eeor, sheeor, oteor, oteeor",1,2,0.47,0.445,16:0.348/0.439 24:0.739/0.474 32:0.435/0.440 48:0.304/0.432 64:0.522/0.440,low_reliability_or_unlikely,does not meet good candidate thresholds
currier_marker,currier_marker,A|paragraph_continuation,broad_shape,E|y,R06,24,23,5,0.625,4,1,2,1,"shey, chey, qokey, okey, otey",2,5,0.6,0.506,16:0.625/0.431 24:0.625/0.497 32:0.542/0.460 48:0.583/0.463 64:0.625/0.680,low_reliability_or_unlikely,does not meet good candidate thresholds
currier_marker,currier_marker,A|paragraph_continuation,broad_shape,GB|y,R06,24,17,10,0.917,2,1,1,1,"kchy, ytchy, tchy, ykchy, chkchy, ykshy, ytshy, shkchy",0,0,0.033,0.436,16:0.000/0.406 24:0.000/0.449 32:0.000/0.432 48:0.083/0.444 64:0.083/0.448,low_reliability_or_unlikely,does not meet good candidate thresholds
currier_marker,currier_marker,A|paragraph_continuation,broad_shape,G|aiin,R06,17,16,6,0.824,3,1,2,1,"ykaiin, taiin, kaiin, chkaiin, shkaiin, ytaiin",0,0,0.047,0.448,16:0.000/0.443 24:0.000/0.464 32:0.000/0.447 48:0.059/0.441 64:0.176/0.447,low_reliability_or_unlikely,does not meet good candidate thresholds
currier_marker,currier_marker,A|paragraph_continuation,broad_shape,G|y,H01,30,29,8,0.4,3,1,2,1,"oky, qoky, qoty, yky, oty, yty, ty, orky",0,0,0.0,0.468,16:0.000/0.447 24:0.000/0.500 32:0.000/0.461 48:0.000/0.460 64:0.000/0.473,low_reliability_or_unlikely,does not meet good candidate thresholds
currier_marker,currier_marker,A|paragraph_continuation,broad_shape,OG|y,R00,15,13,3,0.933,2,1,1,1,"choky, choty, shoky",5,5,0.947,0.468,16:1.000/0.456 24:0.933/0.488 32:1.000/0.457 48:0.933/0.457 64:0.867/0.483,low_reliability_or_unlikely,does not meet good candidate thresholds
currier_marker,currier_marker,A|paragraph_continuation,broad_shape,OL|y,R00,15,13,11,0.667,2,1,2,1,"dary, choly, chory, chorly, okary, qokaly, otaly, daly",5,5,0.693,0.469,16:0.667/0.457 24:0.733/0.458 32:0.800/0.471 48:0.600/0.490 64:0.667/0.468,low_reliability_or_unlikely,does not meet good candidate thresholds
currier_marker,currier_marker,A|paragraph_continuation,broad_shape,O|dy,R00,19,19,5,0.737,3,1,1,1,"chody, shody, qokody, dady, qotody",1,1,0.442,0.46,16:0.368/0.469 24:0.632/0.474 32:0.368/0.454 48:0.474/0.447 64:0.368/0.456,low_reliability_or_unlikely,does not meet good candidate thresholds
currier_marker,currier_marker,A|paragraph_continuation,broad_shape,O|iin,R10,137,108,16,0.672,3,1,2,1,"daiin, saiin, otaiin, aiin, okaiin, chaiin, qokaiin, choiin",0,1,0.114,0.503,16:0.000/0.449 24:0.000/0.473 32:0.000/0.444 48:0.000/0.467 64:0.569/0.679,low_reliability_or_unlikely,does not meet good candidate thresholds
currier_marker,currier_marker,A|paragraph_continuation,broad_shape,O|in,R06,24,23,7,0.667,4,1,2,1,"dain, okain, qokain, shain, chain, qotain, otain",3,4,0.592,0.47,16:0.667/0.465 24:0.458/0.479 32:0.500/0.458 48:0.667/0.475 64:0.667/0.476,low_reliability_or_unlikely,does not meet good candidate thresholds
currier_marker,currier_marker,A|paragraph_continuation,broad_shape,O|l,R07,161,113,19,0.534,3,1,2,1,"chol, shol, qokol, ol, dal, okol, okal, dol",0,0,0.0,0.445,16:0.000/0.434 24:0.000/0.438 32:0.000/0.461 48:0.000/0.442 64:0.000/0.450,low_reliability_or_unlikely,does not meet good candidate thresholds
currier_marker,currier_marker,A|paragraph_continuation,broad_shape,O|m,R06,29,26,16,0.655,3,1,2,1,"dam, otam, am, sham, om, okam, chom, qokam",0,1,0.352,0.476,16:0.586/0.452 24:0.241/0.476 32:0.241/0.472 48:0.448/0.508 64:0.241/0.475,low_reliability_or_unlikely,does not meet good candidate thresholds
currier_marker,currier_marker,A|paragraph_continuation,broad_shape,O|r,R06,117,88,21,0.487,4,1,2,1,"chor, or, dar, ar, shor, dor, char, otor",4,5,0.732,0.47,16:0.821/0.460 24:0.590/0.474 32:0.786/0.474 48:0.778/0.478 64:0.684/0.465,low_reliability_or_unlikely,does not meet good candidate thresholds
currier_marker,currier_marker,A|paragraph_continuation,broad_shape,XGX|ey,R04,21,20,6,0.429,4,1,2,1,"cthey, qockhey, ckhey, chckhey, ockhey, cphey",0,0,0.0,0.414,16:0.000/0.407 24:0.000/0.424 32:0.000/0.409 48:0.000/0.399 64:0.000/0.433,low_reliability_or_unlikely,does not meet good candidate thresholds
currier_marker,currier_marker,A|paragraph_continuation,broad_shape,XGX|ol,R07,24,23,5,0.625,2,1,1,1,"cthol, cphol, ckhol, chckhol, qockhol",0,0,0.0,0.391,16:0.000/0.351 24:0.000/0.363 32:0.000/0.379 48:0.000/0.406 64:0.000/0.458,low_reliability_or_unlikely,does not meet good candidate thresholds
currier_marker,currier_marker,A|paragraph_continuation,broad_shape,XGX|or,R04,15,15,4,0.733,1,1,1,1,"cthor, ckhor, chcthor, chckhor",0,0,0.0,0.41,16:0.000/0.373 24:0.000/0.380 32:0.000/0.395 48:0.000/0.458 64:0.000/0.442,low_reliability_or_unlikely,does not meet good candidate thresholds
currier_marker,currier_marker,A|paragraph_continuation,broad_shape,XGX|y,R00,38,35,10,0.447,3,1,2,1,"cthy, ckhy, chckhy, qockhy, cfhy, chcthy, cphy, ockhy",3,5,0.989,0.449,16:1.000/0.412 24:1.000/0.451 32:1.000/0.483 48:0.974/0.455 64:0.974/0.445,low_reliability_or_unlikely,does not meet good candidate thresholds
currier_marker,currier_marker,A|paragraph_continuation,broad_shape,XO|NONE,R06,22,21,2,0.955,3,1,2,1,"sho, chso",5,5,0.909,0.507,16:1.000/0.507 24:0.818/0.519 32:0.864/0.507 48:0.909/0.499 64:0.955/0.502,low_reliability_or_unlikely,does not meet good candidate thresholds
currier_marker,currier_marker,A|paragraph_continuation,broad_shape,X|NONE,R06,24,24,2,0.917,3,1,2,1,"s, g",1,2,0.55,0.456,16:1.000/0.416 24:0.292/0.456 32:0.458/0.464 48:0.667/0.467 64:0.333/0.477,low_reliability_or_unlikely,does not meet good candidate thresholds
currier_marker,currier_marker,B|paragraph_continuation,broad_shape,B|dy,H09,31,27,11,0.452,4,1,4,1,"qokchdy, otchdy, qokshdy, dshdy, okchdy, olshdy, chchdy, olchdy",0,0,0.0,0.411,16:0.000/0.400 24:0.000/0.431 32:0.000/0.390 48:0.000/0.402 64:0.000/0.431,low_reliability_or_unlikely,does not meet good candidate thresholds
currier_marker,currier_marker,B|paragraph_continuation,broad_shape,B|edy,R00,58,54,16,0.517,5,1,4,1,"dshedy, olchedy, qotchedy, olshedy, otchedy, qokchedy, yshedy, dchedy",0,1,0.424,0.475,16:0.362/0.461 24:0.500/0.483 32:0.483/0.468 48:0.414/0.468 64:0.362/0.497,low_reliability_or_unlikely,does not meet good candidate thresholds
currier_marker,currier_marker,B|paragraph_continuation,broad_shape,B|eey,R06,15,15,9,0.6,2,1,2,1,"dsheey, ycheey, olcheey, dcheey, okcheey, ocheey, otcheey, olsheey",5,5,0.813,0.548,16:0.867/0.559 24:0.800/0.552 32:0.800/0.552 48:0.800/0.530 64:0.800/0.547,low_reliability_or_unlikely,does not meet good candidate thresholds
currier_marker,currier_marker,B|paragraph_continuation,broad_shape,B|ey,R00,43,42,18,0.465,5,1,3,1,"qokchey, olchey, otchey, qochey, dshey, okshey, ochey, dchey",0,0,0.395,0.458,16:0.326/0.444 24:0.349/0.484 32:0.488/0.452 48:0.349/0.439 64:0.465/0.472,low_reliability_or_unlikely,does not meet good candidate thresholds
currier_marker,currier_marker,B|paragraph_continuation,broad_shape,B|y,R00,25,24,9,0.44,5,1,4,1,"chy, qokchy, otchy, qotchy, olchy, okchy, shchy, qochy",0,5,0.704,0.413,16:0.720/0.401 24:0.840/0.417 32:0.720/0.412 48:0.680/0.419 64:0.560/0.418,low_reliability_or_unlikely,does not meet good candidate thresholds
currier_marker,currier_marker,B|paragraph_continuation,broad_shape,D|y,R02,58,52,8,0.707,5,1,4,1,"chdy, dy, shdy, ody, oldy, ydy, qody, okdy",0,0,0.0,0.468,16:0.000/0.450 24:0.000/0.463 32:0.000/0.454 48:0.000/0.458 64:0.000/0.515,low_reliability_or_unlikely,does not meet good candidate thresholds
currier_marker,currier_marker,B|paragraph_continuation,broad_shape,ED|NONE,R06,19,18,9,0.316,4,1,4,1,"shed, qokeed, oteed, ched, qoted, sheed, qoked, okeed",0,0,0.358,0.393,16:0.421/0.383 24:0.421/0.407 32:0.211/0.369 48:0.474/0.379 64:0.263/0.427,low_reliability_or_unlikely,does not meet good candidate thresholds
currier_marker,currier_marker,B|paragraph_continuation,broad_shape,EG|y,R06,30,29,10,0.8,4,1,4,1,"cheky, sheky, sheeky, sheety, cheeky, sheefy, cheety, chety",0,0,0.007,0.451,16:0.000/0.427 24:0.033/0.455 32:0.000/0.470 48:0.000/0.448 64:0.000/0.453,low_reliability_or_unlikely,does not meet good candidate thresholds
currier_marker,currier_marker,B|paragraph_continuation,broad_shape,EO|dy,R00,22,18,7,0.409,4,1,4,1,"cheody, sheody, oteody, qokeeody, qokeody, okeody, qoteeody",0,1,0.445,0.401,16:0.318/0.377 24:0.591/0.430 32:0.500/0.390 48:0.364/0.384 64:0.455/0.422,low_reliability_or_unlikely,does not meet good candidate thresholds
currier_marker,currier_marker,B|paragraph_continuation,broad_shape,EX|NONE,R00,15,15,10,0.6,4,1,3,1,"okees, chees, qokees, eees, okeees, otes, sheees, qokeg",2,5,0.613,0.448,16:0.533/0.450 24:0.667/0.464 32:0.667/0.421 48:0.600/0.464 64:0.600/0.443,low_reliability_or_unlikely,does not meet good candidate thresholds
currier_marker,currier_marker,B|paragraph_continuation,broad_shape,E|ar,R00,18,16,7,0.611,3,1,2,1,"chear, qokear, qokeear, shear, cheear, qeear, okear",0,2,0.378,0.427,16:0.167/0.415 24:0.500/0.451 32:0.556/0.407 48:0.389/0.417 64:0.278/0.446,low_reliability_or_unlikely,does not meet good candidate thresholds
currier_marker,currier_marker,B|paragraph_continuation,broad_shape,E|dy,R06,344,217,8,0.265,5,1,5,1,"shedy, chedy, qokedy, okedy, otedy, qotedy, dedy, qoedy",0,0,0.427,0.407,16:0.520/0.387 24:0.398/0.441 32:0.436/0.380 48:0.456/0.395 64:0.326/0.431,low_reliability_or_unlikely,does not meet good candidate thresholds
currier_marker,currier_marker,B|paragraph_continuation,broad_shape,E|edy,H01,196,146,9,0.556,5,1,4,1,"qokeedy, okeedy, qoteedy, sheedy, oteedy, cheedy, qoeedy, oeedy",0,0,0.061,0.376,16:0.000/0.363 24:0.000/0.417 32:0.214/0.346 48:0.000/0.367 64:0.092/0.390,low_reliability_or_unlikely,does not meet good candidate thresholds
currier_marker,currier_marker,B|paragraph_continuation,broad_shape,E|ey,H08,144,111,9,0.431,5,1,4,1,"qokeey, okeey, cheey, sheey, oteey, qoteey, qoeey, oleey",0,0,0.211,0.422,16:0.167/0.403 24:0.188/0.435 32:0.236/0.410 48:0.181/0.398 64:0.285/0.462,low_reliability_or_unlikely,does not meet good candidate thresholds
currier_marker,currier_marker,B|paragraph_continuation,broad_shape,E|ol,R00,41,39,12,0.537,4,1,4,1,"cheol, sheol, sheeol, okeol, oteol, qokeol, qoteol, deeol",0,0,0.288,0.444,16:0.171/0.435 24:0.268/0.457 32:0.390/0.442 48:0.293/0.439 64:0.317/0.448,low_reliability_or_unlikely,does not meet good candidate thresholds
currier_marker,currier_marker,B|paragraph_continuation,broad_shape,E|y,R06,119,105,7,0.655,4,1,4,1,"chey, shey, qokey, otey, okey, qotey, qey",1,4,0.57,0.474,16:0.647/0.425 24:0.588/0.459 32:0.403/0.424 48:0.580/0.434 64:0.630/0.628,low_reliability_or_unlikely,does not meet good candidate thresholds
currier_marker,currier_marker,B|paragraph_continuation,broad_shape,GB|edy,R00,37,35,18,0.486,5,1,4,1,"pchedy, opchedy, tchedy, ykchedy, kchedy, fchedy, tshedy, olkchedy",0,2,0.751,0.395,16:0.784/0.349 24:0.946/0.373 32:0.865/0.398 48:0.514/0.413 64:0.649/0.440,low_reliability_or_unlikely,does not meet good candidate thresholds
currier_marker,currier_marker,B|paragraph_continuation,broad_shape,G|aiin,R06,23,23,8,0.696,4,1,2,1,"ykaiin, olkaiin, kaiin, taiin, ytaiin, opaiin, skaiin, oltaiin",0,0,0.052,0.42,16:0.000/0.412 24:0.000/0.436 32:0.043/0.400 48:0.087/0.414 64:0.130/0.439,low_reliability_or_unlikely,does not meet good candidate thresholds
currier_marker,currier_marker,B|paragraph_continuation,broad_shape,G|ain,R06,20,19,9,0.65,3,1,3,1,"kain, olkain, ytain, tain, qkain, ykain, chkain, oltain",0,0,0.04,0.424,16:0.000/0.394 24:0.000/0.431 32:0.000/0.428 48:0.100/0.430 64:0.100/0.437,low_reliability_or_unlikely,does not meet good candidate thresholds
currier_marker,currier_marker,B|paragraph_continuation,broad_shape,G|ar,R06,27,24,9,0.667,4,1,3,1,"ykar, kar, olkar, opar, tar, far, ytar, dkar",0,0,0.044,0.443,16:0.000/0.422 24:0.000/0.456 32:0.037/0.435 48:0.111/0.445 64:0.074/0.457,low_reliability_or_unlikely,does not meet good candidate thresholds
currier_marker,currier_marker,B|paragraph_continuation,broad_shape,G|edy,R00,33,29,7,0.545,4,1,4,1,"tedy, olkedy, ykedy, kedy, ytedy, oltedy, chkedy",0,0,0.806,0.375,16:0.788/0.379 24:0.970/0.397 32:0.788/0.356 48:0.788/0.350 64:0.697/0.394,low_reliability_or_unlikely,does not meet good candidate thresholds
currier_marker,currier_marker,B|paragraph_continuation,broad_shape,G|eedy,R00,29,28,7,0.69,3,1,3,1,"olkeedy, keedy, yteedy, ykeedy, teedy, olteedy, chkeedy",0,3,0.834,0.399,16:0.759/0.378 24:0.931/0.407 32:0.897/0.382 48:0.931/0.404 64:0.655/0.423,low_reliability_or_unlikely,does not meet good candidate thresholds
currier_marker,currier_marker,B|paragraph_continuation,broad_shape,G|eey,R00,22,21,7,0.545,4,1,2,1,"olkeey, yteey, keey, teey, chkeey, skeey, olteey",0,4,0.873,0.42,16:1.000/0.433 24:0.955/0.426 32:0.818/0.395 48:0.864/0.412 64:0.727/0.434,low_reliability_or_unlikely,does not meet good candidate thresholds
currier_marker,currier_marker,B|paragraph_continuation,broad_shape,G|y,H01,78,68,11,0.577,5,1,4,1,"qoky, qoty, oty, oky, chky, olky, shky, yty",0,0,0.0,0.438,16:0.000/0.410 24:0.000/0.455 32:0.000/0.454 48:0.000/0.435 64:0.000/0.436,low_reliability_or_unlikely,does not meet good candidate thresholds
currier_marker,currier_marker,B|paragraph_continuation,broad_shape,LB|edy,R00,42,41,6,1.0,4,1,3,1,"lchedy, lshedy, qolchedy, rchedy, qorchedy, rshedy",0,1,0.31,0.471,16:0.143/0.465 24:0.500/0.475 32:0.286/0.467 48:0.238/0.468 64:0.381/0.478,low_reliability_or_unlikely,does not meet good candidate thresholds
currier_marker,currier_marker,B|paragraph_continuation,broad_shape,LB|ey,R00,24,23,5,0.833,3,1,3,1,"lshey, lchey, qolchey, rchey, llchey",0,0,0.25,0.465,16:0.083/0.465 24:0.333/0.477 32:0.292/0.465 48:0.167/0.446 64:0.375/0.474,low_reliability_or_unlikely,does not meet good candidate thresholds
currier_marker,currier_marker,B|paragraph_continuation,broad_shape,LG|eedy,R00,19,19,4,0.684,4,1,2,1,"lkeedy, qolkeedy, lteedy, qolteedy",0,4,0.863,0.413,16:0.895/0.413 24:0.947/0.449 32:0.789/0.412 48:0.895/0.408 64:0.789/0.382,low_reliability_or_unlikely,does not meet good candidate thresholds
currier_marker,currier_marker,B|paragraph_continuation,broad_shape,L|aiin,R00,15,15,4,0.933,4,1,4,1,"raiin, dlaiin, rlaiin, laiin",0,0,0.253,0.457,16:0.067/0.457 24:0.333/0.471 32:0.333/0.462 48:0.133/0.442 64:0.400/0.454,low_reliability_or_unlikely,does not meet good candidate thresholds
currier_marker,currier_marker,B|paragraph_continuation,broad_shape,L|y,R06,20,20,4,0.65,4,1,3,1,"oly, ory, ly, qoly",1,2,0.46,0.484,16:0.600/0.452 24:0.400/0.467 32:0.350/0.487 48:0.400/0.511 64:0.550/0.500,low_reliability_or_unlikely,does not meet good candidate thresholds
currier_marker,currier_marker,B|paragraph_continuation,broad_shape,OE|r,R06,22,21,7,0.455,5,1,3,1,"sair, dair, qokair, okair, otair, air, qotair",0,3,0.445,0.474,16:0.500/0.448 24:0.500/0.496 32:0.364/0.470 48:0.500/0.458 64:0.364/0.496,low_reliability_or_unlikely,does not meet good candidate thresholds
currier_marker,currier_marker,B|paragraph_continuation,broad_shape,OL|y,R00,18,17,10,0.444,4,1,3,1,"daly, dary, okaly, okary, qokaly, chary, chaly, ary",5,5,0.767,0.479,16:0.778/0.483 24:0.778/0.477 32:0.778/0.467 48:0.778/0.490 64:0.722/0.480,low_reliability_or_unlikely,does not meet good candidate thresholds
currier_marker,currier_marker,B|paragraph_continuation,broad_shape,O|iin,R10,221,167,16,0.439,5,1,4,1,"daiin, aiin, qokaiin, okaiin, saiin, otaiin, qotaiin, oraiin",0,0,0.027,0.466,16:0.000/0.440 24:0.000/0.458 32:0.000/0.436 48:0.000/0.436 64:0.136/0.563,low_reliability_or_unlikely,does not meet good candidate thresholds
currier_marker,currier_marker,B|paragraph_continuation,broad_shape,O|in,R06,189,143,14,0.302,5,1,2,1,"qokain, okain, dain, otain, sain, qotain, ain, olain",0,0,0.307,0.428,16:0.344/0.419 24:0.312/0.452 32:0.280/0.424 48:0.328/0.409 64:0.270/0.435,low_reliability_or_unlikely,does not meet good candidate thresholds
currier_marker,currier_marker,B|paragraph_continuation,broad_shape,O|l,R06,296,200,22,0.382,5,1,4,1,"ol, qokal, chol, al, qol, dal, okal, sol",1,4,0.573,0.442,16:0.625/0.432 24:0.584/0.440 32:0.611/0.453 48:0.591/0.442 64:0.453/0.445,low_reliability_or_unlikely,does not meet good candidate thresholds
currier_marker,currier_marker,B|paragraph_continuation,broad_shape,O|m,R06,30,30,9,0.567,5,1,2,1,"dam, qokam, otam, am, olam, oram, om, oam",0,0,0.16,0.479,16:0.300/0.462 24:0.133/0.462 32:0.100/0.475 48:0.133/0.512 64:0.133/0.484,low_reliability_or_unlikely,does not meet good candidate thresholds
currier_marker,currier_marker,B|paragraph_continuation,broad_shape,O|r,R06,211,147,21,0.555,5,1,4,1,"ar, dar, or, qokar, okar, otar, qotar, sar",0,3,0.522,0.445,16:0.616/0.432 24:0.498/0.450 32:0.517/0.444 48:0.540/0.451 64:0.441/0.447,low_reliability_or_unlikely,does not meet good candidate thresholds
currier_marker,currier_marker,B|paragraph_continuation,broad_shape,XGX|y,R00,76,68,10,0.553,4,1,3,1,"chckhy, chcthy, shckhy, shcthy, ockhy, dckhy, qocthy, qckhsy",2,5,0.945,0.445,16:0.961/0.415 24:0.987/0.442 32:0.947/0.485 48:0.961/0.424 64:0.868/0.460,low_reliability_or_unlikely,does not meet good candidate thresholds
currier_marker,currier_marker,nan|radial/ring_text,broad_shape,O|r,R06,15,13,8,0.6,2,1,1,1,"sar, okar, dar, or, ar, olar, char, oar",0,1,0.413,0.511,16:0.533/0.500 24:0.333/0.509 32:0.467/0.511 48:0.467/0.532 64:0.267/0.503,low_reliability_or_unlikely,does not meet good candidate thresholds
currier_marker,currier_marker,A|paragraph_continuation,stolfi_inspired_signature,G_k|S_EY|T_ey,H08,17,17,2,0.647,3,1,2,1,"qokeey, okeey",0,0,0.176,0.431,16:0.000/0.408 24:0.353/0.488 32:0.059/0.421 48:0.294/0.406 64:0.176/0.432,low_reliability_or_unlikely,does not meet good candidate thresholds
currier_marker,currier_marker,A|paragraph_continuation,stolfi_inspired_signature,G_k|S_GBY|T_y,R06,15,12,6,0.867,1,1,1,1,"kchy, ykchy, chkchy, ykshy, shkchy, shkshy",0,0,0.0,0.472,16:0.000/0.454 24:0.000/0.512 32:0.000/0.449 48:0.000/0.467 64:0.000/0.476,low_reliability_or_unlikely,does not meet good candidate thresholds
currier_marker,currier_marker,A|paragraph_continuation,stolfi_inspired_signature,G_k|S_GY|T_y,R00,22,21,4,0.5,3,1,2,1,"oky, qoky, yky, orky",5,5,0.982,0.494,16:1.000/0.471 24:1.000/0.547 32:1.000/0.470 48:0.955/0.486 64:0.955/0.499,low_reliability_or_unlikely,does not meet good candidate thresholds
currier_marker,currier_marker,A|paragraph_continuation,stolfi_inspired_signature,G_k|S_OL|T_l,R07,33,27,4,0.606,3,1,2,1,"qokol, okol, okal, qokal",0,0,0.0,0.425,16:0.000/0.390 24:0.000/0.468 32:0.000/0.425 48:0.000/0.409 64:0.000/0.434,low_reliability_or_unlikely,does not meet good candidate thresholds
currier_marker,currier_marker,A|paragraph_continuation,stolfi_inspired_signature,G_k|S_XGXY|T_y,R00,17,17,5,0.765,3,1,2,1,"ckhy, chckhy, qockhy, ockhy, shckhy",5,5,0.976,0.514,16:1.000/0.496 24:1.000/0.567 32:1.000/0.529 48:0.941/0.500 64:0.941/0.480,low_reliability_or_unlikely,does not meet good candidate thresholds
currier_marker,currier_marker,A|paragraph_continuation,stolfi_inspired_signature,G_t|S_XGXY|T_y,R04,17,17,3,0.941,1,1,1,1,"cthy, chcthy, dcthy",0,0,0.0,0.383,16:0.000/0.327 24:0.000/0.334 32:0.000/0.436 48:0.000/0.401 64:0.000/0.415,low_reliability_or_unlikely,does not meet good candidate thresholds
currier_marker,currier_marker,A|paragraph_continuation,stolfi_inspired_signature,NG|S_BO|T_NONE,R00,16,16,6,0.625,3,1,2,1,"cho, dcho, dsho, ycho, osho, ssho",0,0,0.175,0.501,16:0.062/0.498 24:0.375/0.513 32:0.125/0.513 48:0.062/0.497 64:0.250/0.481,low_reliability_or_unlikely,does not meet good candidate thresholds
currier_marker,currier_marker,A|paragraph_continuation,stolfi_inspired_signature,NG|S_BY|T_y,R00,19,18,5,0.789,1,1,1,1,"chy, dchy, dshy, orshy, ochy",0,0,0.158,0.491,16:0.053/0.484 24:0.211/0.495 32:0.263/0.497 48:0.053/0.497 64:0.211/0.483,low_reliability_or_unlikely,does not meet good candidate thresholds
currier_marker,currier_marker,A|paragraph_continuation,stolfi_inspired_signature,NG|S_DY|T_y,R02,18,18,6,0.667,3,1,2,1,"dy, ody, oldy, chdy, ddy, qody",0,0,0.0,0.476,16:0.000/0.471 24:0.000/0.469 32:0.000/0.482 48:0.000/0.500 64:0.000/0.460,low_reliability_or_unlikely,does not meet good candidate thresholds
currier_marker,currier_marker,A|paragraph_continuation,stolfi_inspired_signature,NG|S_EOL|T_or,R00,16,15,5,0.688,2,1,1,1,"cheor, sheor, cheeor, eeor, sheeor",1,1,0.3,0.454,16:0.062/0.449 24:0.625/0.474 32:0.312/0.446 48:0.188/0.462 64:0.312/0.439,low_reliability_or_unlikely,does not meet good candidate thresholds
currier_marker,currier_marker,A|paragraph_continuation,stolfi_inspired_signature,NG|S_EY|T_y,R06,15,15,2,1.0,4,1,2,1,"shey, chey",4,5,0.96,0.539,16:1.000/0.444 24:1.000/0.506 32:0.867/0.465 48:0.933/0.485 64:1.000/0.797,low_reliability_or_unlikely,does not meet good candidate thresholds
currier_marker,currier_marker,A|paragraph_continuation,stolfi_inspired_signature,NG|S_ODY|T_dy,R00,16,16,3,0.688,3,1,1,1,"chody, shody, dady",0,1,0.35,0.473,16:0.250/0.473 24:0.562/0.485 32:0.250/0.474 48:0.375/0.468 64:0.312/0.467,low_reliability_or_unlikely,does not meet good candidate thresholds
currier_marker,currier_marker,A|paragraph_continuation,stolfi_inspired_signature,NG|S_OEL|T_in,R06,17,17,3,0.941,3,1,1,1,"dain, shain, chain",5,5,0.812,0.48,16:0.941/0.480 24:0.647/0.483 32:0.706/0.476 48:0.882/0.480 64:0.882/0.480,low_reliability_or_unlikely,does not meet good candidate thresholds
currier_marker,currier_marker,A|paragraph_continuation,stolfi_inspired_signature,NG|S_OIL|T_iin,R10,112,91,11,0.688,3,1,2,1,"daiin, saiin, chaiin, aiin, soiin, choiin, doiin, qoaiin",1,1,0.139,0.521,16:0.000/0.458 24:0.000/0.486 32:0.000/0.451 48:0.000/0.474 64:0.696/0.734,low_reliability_or_unlikely,does not meet good candidate thresholds
currier_marker,currier_marker,A|paragraph_continuation,stolfi_inspired_signature,NG|S_OL|T_l,R07,122,91,12,0.541,3,1,2,1,"chol, shol, ol, dal, dol, sol, sal, chal",0,0,0.0,0.456,16:0.000/0.448 24:0.000/0.435 32:0.000/0.478 48:0.000/0.458 64:0.000/0.459,low_reliability_or_unlikely,does not meet good candidate thresholds
currier_marker,currier_marker,A|paragraph_continuation,stolfi_inspired_signature,NG|S_OL|T_m,R06,21,19,10,0.81,3,1,2,1,"dam, am, sham, chom, om, shom, olom, sam",1,2,0.486,0.474,16:0.810/0.438 24:0.333/0.468 32:0.333/0.485 48:0.619/0.513 64:0.333/0.469,low_reliability_or_unlikely,does not meet good candidate thresholds
currier_marker,currier_marker,A|paragraph_continuation,stolfi_inspired_signature,NG|S_OL|T_r,R06,103,82,15,0.553,4,1,2,1,"chor, or, dar, shor, ar, dor, char, qor",5,5,0.821,0.478,16:0.932/0.468 24:0.670/0.478 32:0.893/0.484 48:0.864/0.490 64:0.748/0.468,low_reliability_or_unlikely,does not meet good candidate thresholds
currier_marker,currier_marker,A|paragraph_continuation,stolfi_inspired_signature,NG|S_XO|T_NONE,R06,22,21,2,0.955,3,1,2,1,"sho, chso",5,5,0.909,0.507,16:1.000/0.507 24:0.818/0.519 32:0.864/0.507 48:0.909/0.499 64:0.955/0.502,low_reliability_or_unlikely,does not meet good candidate thresholds
currier_marker,currier_marker,A|paragraph_continuation,stolfi_inspired_signature,NG|S_X|T_NONE,R06,24,24,2,0.917,3,1,2,1,"s, g",1,2,0.55,0.456,16:1.000/0.416 24:0.292/0.456 32:0.458/0.464 48:0.667/0.467 64:0.333/0.477,low_reliability_or_unlikely,does not meet good candidate thresholds
currier_marker,currier_marker,B|paragraph_continuation,stolfi_inspired_signature,G_k|S_BDY|T_dy,H09,18,15,3,0.778,4,1,3,1,"qokchdy, qokshdy, okchdy",0,0,0.0,0.406,16:0.000/0.404 24:0.000/0.448 32:0.000/0.395 48:0.000/0.397 64:0.000/0.388,low_reliability_or_unlikely,does not meet good candidate thresholds
currier_marker,currier_marker,B|paragraph_continuation,stolfi_inspired_signature,G_k|S_EDY|T_dy,H12,116,86,2,0.741,5,1,5,1,"qokedy, okedy",0,0,0.0,0.356,16:0.000/0.323 24:0.000/0.432 32:0.000/0.319 48:0.000/0.345 64:0.000/0.361,low_reliability_or_unlikely,does not meet good candidate thresholds
currier_marker,currier_marker,B|paragraph_continuation,stolfi_inspired_signature,G_k|S_EDY|T_edy,H01,114,91,2,0.737,4,1,4,1,"qokeedy, okeedy",0,0,0.074,0.367,16:0.000/0.350 24:0.000/0.427 32:0.360/0.333 48:0.000/0.365 64:0.009/0.360,low_reliability_or_unlikely,does not meet good candidate thresholds
currier_marker,currier_marker,B|paragraph_continuation,stolfi_inspired_signature,G_k|S_EGY|T_y,R06,22,22,4,0.909,4,1,4,1,"cheky, sheky, sheeky, cheeky",0,0,0.009,0.477,16:0.000/0.455 24:0.045/0.505 32:0.000/0.494 48:0.000/0.471 64:0.000/0.460,low_reliability_or_unlikely,does not meet good candidate thresholds
currier_marker,currier_marker,B|paragraph_continuation,stolfi_inspired_signature,G_k|S_EY|T_ey,H08,83,67,2,0.747,5,1,4,1,"qokeey, okeey",0,0,0.361,0.405,16:0.289/0.398 24:0.325/0.434 32:0.398/0.419 48:0.313/0.383 64:0.482/0.393,low_reliability_or_unlikely,does not meet good candidate thresholds
currier_marker,currier_marker,B|paragraph_continuation,stolfi_inspired_signature,G_k|S_EY|T_y,H08,26,25,2,0.731,4,1,3,1,"qokey, okey",0,0,0.238,0.433,16:0.115/0.434 24:0.269/0.462 32:0.269/0.436 48:0.192/0.424 64:0.346/0.411,low_reliability_or_unlikely,does not meet good candidate thresholds
currier_marker,currier_marker,B|paragraph_continuation,stolfi_inspired_signature,G_k|S_GEDY|T_edy,R00,20,18,4,0.7,4,1,3,1,"olkedy, ykedy, kedy, chkedy",0,3,0.78,0.41,16:0.700/0.407 24:0.950/0.438 32:0.750/0.396 48:0.800/0.392 64:0.700/0.416,low_reliability_or_unlikely,does not meet good candidate thresholds
currier_marker,currier_marker,B|paragraph_continuation,stolfi_inspired_signature,G_k|S_GEDY|T_eedy,R00,21,21,4,0.667,3,1,3,1,"olkeedy, keedy, ykeedy, chkeedy",0,4,0.848,0.409,16:0.667/0.376 24:0.905/0.427 32:0.905/0.407 48:1.000/0.415 64:0.762/0.420,low_reliability_or_unlikely,does not meet good candidate thresholds
currier_marker,currier_marker,B|paragraph_continuation,stolfi_inspired_signature,G_k|S_GEY|T_eey,R00,23,23,7,0.696,4,1,2,1,"olkeey, olkeeey, keey, keeey, chkeey, ykeeey, skeey",3,5,0.904,0.453,16:1.000/0.457 24:0.957/0.468 32:0.783/0.444 48:0.957/0.465 64:0.826/0.434,low_reliability_or_unlikely,does not meet good candidate thresholds
currier_marker,currier_marker,B|paragraph_continuation,stolfi_inspired_signature,G_k|S_GOIL|T_aiin,R06,15,15,4,0.667,4,1,2,1,"ykaiin, olkaiin, kaiin, skaiin",0,0,0.027,0.446,16:0.000/0.441 24:0.000/0.474 32:0.067/0.440 48:0.000/0.436 64:0.067/0.438,low_reliability_or_unlikely,does not meet good candidate thresholds
currier_marker,currier_marker,B|paragraph_continuation,stolfi_inspired_signature,G_k|S_GOL|T_ar,R06,19,18,4,0.737,4,1,3,1,"ykar, kar, olkar, dkar",0,0,0.011,0.46,16:0.000/0.445 24:0.000/0.502 32:0.000/0.448 48:0.053/0.445 64:0.000/0.459,low_reliability_or_unlikely,does not meet good candidate thresholds
currier_marker,currier_marker,B|paragraph_continuation,stolfi_inspired_signature,G_k|S_GY|T_y,H01,53,49,5,0.642,4,1,3,1,"qoky, oky, chky, olky, shky",0,0,0.0,0.459,16:0.000/0.425 24:0.000/0.505 32:0.000/0.456 48:0.000/0.457 64:0.000/0.451,low_reliability_or_unlikely,does not meet good candidate thresholds
currier_marker,currier_marker,B|paragraph_continuation,stolfi_inspired_signature,G_k|S_LGEDY|T_eedy,R00,16,16,2,0.688,4,1,2,1,"lkeedy, qolkeedy",1,4,0.85,0.437,16:0.875/0.434 24:0.938/0.475 32:0.812/0.445 48:0.875/0.445 64:0.750/0.385,low_reliability_or_unlikely,does not meet good candidate thresholds
currier_marker,currier_marker,B|paragraph_continuation,stolfi_inspired_signature,G_k|S_OEL|T_in,H08,86,77,3,0.651,4,1,2,1,"qokain, okain, qokoin",0,0,0.323,0.403,16:0.198/0.390 24:0.337/0.451 32:0.244/0.409 48:0.349/0.381 64:0.488/0.386,low_reliability_or_unlikely,does not meet good candidate thresholds
currier_marker,currier_marker,B|paragraph_continuation,stolfi_inspired_signature,G_k|S_OIL|T_iin,H08,66,59,2,0.53,5,1,2,1,"qokaiin, okaiin",0,0,0.321,0.389,16:0.333/0.387 24:0.197/0.431 32:0.273/0.393 48:0.258/0.361 64:0.545/0.372,low_reliability_or_unlikely,does not meet good candidate thresholds
currier_marker,currier_marker,B|paragraph_continuation,stolfi_inspired_signature,G_k|S_OL|T_l,H08,67,57,4,0.627,5,1,3,1,"qokal, okal, qokol, okol",0,0,0.278,0.416,16:0.179/0.388 24:0.313/0.456 32:0.134/0.431 48:0.313/0.397 64:0.448/0.411,low_reliability_or_unlikely,does not meet good candidate thresholds
currier_marker,currier_marker,B|paragraph_continuation,stolfi_inspired_signature,G_k|S_OL|T_r,R03,45,37,3,0.956,4,1,3,1,"qokar, okar, qokor",0,0,0.0,0.409,16:0.000/0.396 24:0.000/0.439 32:0.000/0.413 48:0.000/0.393 64:0.000/0.402,low_reliability_or_unlikely,does not meet good candidate thresholds
currier_marker,currier_marker,B|paragraph_continuation,stolfi_inspired_signature,G_k|S_XGXY|T_y,R00,55,51,6,0.745,4,1,2,1,"chckhy, shckhy, ockhy, dckhy, qckhsy, ckhy",4,5,0.945,0.475,16:0.945/0.448 24:0.982/0.490 32:0.964/0.488 48:0.964/0.470 64:0.873/0.479,low_reliability_or_unlikely,does not meet good candidate thresholds
currier_marker,currier_marker,B|paragraph_continuation,stolfi_inspired_signature,G_p|S_GBEDY|T_edy,R00,19,18,5,0.474,4,1,3,1,"pchedy, opchedy, ypchedy, qopchedy, qopshedy",1,2,0.747,0.402,16:0.789/0.339 24:1.000/0.361 32:0.789/0.408 48:0.421/0.434 64:0.737/0.468,low_reliability_or_unlikely,does not meet good candidate thresholds
currier_marker,currier_marker,B|paragraph_continuation,stolfi_inspired_signature,G_t|S_EDY|T_dy,R01,46,42,2,0.609,4,1,2,1,"otedy, qotedy",0,0,0.0,0.313,16:0.000/0.323 24:0.000/0.318 32:0.000/0.286 48:0.000/0.277 64:0.000/0.358,low_reliability_or_unlikely,does not meet good candidate thresholds
currier_marker,currier_marker,B|paragraph_continuation,stolfi_inspired_signature,G_t|S_EDY|T_edy,H01,40,37,2,0.625,5,1,3,1,"qoteedy, oteedy",0,0,0.09,0.309,16:0.000/0.307 24:0.000/0.319 32:0.025/0.267 48:0.000/0.268 64:0.425/0.384,low_reliability_or_unlikely,does not meet good candidate thresholds
currier_marker,currier_marker,B|paragraph_continuation,stolfi_inspired_signature,G_t|S_EY|T_ey,R01,16,14,2,0.688,3,1,2,1,"oteey, qoteey",0,0,0.0,0.312,16:0.000/0.326 24:0.000/0.314 32:0.000/0.280 48:0.000/0.263 64:0.000/0.375,low_reliability_or_unlikely,does not meet good candidate thresholds
currier_marker,currier_marker,B|paragraph_continuation,stolfi_inspired_signature,G_t|S_GY|T_y,H01,24,21,5,0.458,5,1,3,1,"qoty, oty, yty, shty, chty",0,0,0.0,0.392,16:0.000/0.370 24:0.000/0.350 32:0.000/0.450 48:0.000/0.384 64:0.000/0.409,low_reliability_or_unlikely,does not meet good candidate thresholds
currier_marker,currier_marker,B|paragraph_continuation,stolfi_inspired_signature,G_t|S_OEL|T_in,R00,37,34,2,0.622,4,1,2,1,"otain, qotain",0,0,0.951,0.322,16:1.000/0.318 24:1.000/0.321 32:1.000/0.299 48:1.000/0.296 64:0.757/0.375,low_reliability_or_unlikely,does not meet good candidate thresholds
currier_marker,currier_marker,B|paragraph_continuation,stolfi_inspired_signature,G_t|S_OIL|T_iin,R10,21,20,2,0.571,4,1,3,1,"otaiin, qotaiin",0,0,0.0,0.329,16:0.000/0.326 24:0.000/0.332 32:0.000/0.303 48:0.000/0.316 64:0.000/0.367,low_reliability_or_unlikely,does not meet good candidate thresholds
currier_marker,currier_marker,B|paragraph_continuation,stolfi_inspired_signature,G_t|S_OL|T_l,H13,29,26,4,0.517,3,1,3,1,"qotal, otal, qotol, otol",0,0,0.028,0.318,16:0.000/0.337 24:0.000/0.297 32:0.000/0.272 48:0.000/0.304 64:0.138/0.380,low_reliability_or_unlikely,does not meet good candidate thresholds
currier_marker,currier_marker,B|paragraph_continuation,stolfi_inspired_signature,G_t|S_OL|T_r,R01,29,23,4,0.448,5,1,3,1,"otar, qotar, otor, qotor",0,0,0.0,0.328,16:0.000/0.332 24:0.000/0.314 32:0.000/0.309 48:0.000/0.292 64:0.000/0.392,low_reliability_or_unlikely,does not meet good candidate thresholds
currier_marker,currier_marker,B|paragraph_continuation,stolfi_inspired_signature,G_t|S_XGXY|T_y,R04,21,20,4,0.667,3,1,3,1,"chcthy, shcthy, qocthy, qcthy",0,0,0.0,0.367,16:0.000/0.327 24:0.000/0.316 32:0.000/0.479 48:0.000/0.301 64:0.000/0.411,low_reliability_or_unlikely,does not meet good candidate thresholds
currier_marker,currier_marker,B|paragraph_continuation,stolfi_inspired_signature,NG|S_BEDY|T_edy,R00,38,37,9,0.579,5,1,3,1,"dshedy, olchedy, olshedy, yshedy, dchedy, ychedy, ochedy, sshedy",0,0,0.189,0.534,16:0.079/0.524 24:0.237/0.540 32:0.263/0.534 48:0.158/0.531 64:0.211/0.543,low_reliability_or_unlikely,does not meet good candidate thresholds
currier_marker,currier_marker,B|paragraph_continuation,stolfi_inspired_signature,NG|S_BEY|T_ey,R00,26,25,12,0.5,4,1,2,1,"olchey, qochey, dshey, oshey, olshey, yshey, dchey, ochey",0,0,0.154,0.5,16:0.000/0.496 24:0.115/0.512 32:0.308/0.495 48:0.115/0.478 64:0.231/0.517,low_reliability_or_unlikely,does not meet good candidate thresholds
currier_marker,currier_marker,B|paragraph_continuation,stolfi_inspired_signature,NG|S_DY|T_y,R02,57,51,7,0.719,5,1,4,1,"chdy, dy, shdy, ody, oldy, qody, ydy",0,0,0.0,0.468,16:0.000/0.449 24:0.000/0.462 32:0.000/0.454 48:0.000/0.458 64:0.000/0.516,low_reliability_or_unlikely,does not meet good candidate thresholds
currier_marker,currier_marker,B|paragraph_continuation,stolfi_inspired_signature,NG|S_EDY|T_dy,R06,182,145,4,0.5,5,1,4,1,"shedy, chedy, dedy, qoedy",3,5,0.808,0.463,16:0.984/0.444 24:0.753/0.477 32:0.824/0.444 48:0.863/0.457 64:0.615/0.494,low_reliability_or_unlikely,does not meet good candidate thresholds
currier_marker,currier_marker,B|paragraph_continuation,stolfi_inspired_signature,NG|S_EDY|T_edy,R06,42,40,5,0.786,5,1,3,1,"sheedy, cheedy, qoeedy, oeedy, oleedy",5,5,0.857,0.466,16:0.976/0.451 24:0.738/0.481 32:0.857/0.457 48:0.881/0.467 64:0.833/0.475,low_reliability_or_unlikely,does not meet good candidate thresholds
currier_marker,currier_marker,B|paragraph_continuation,stolfi_inspired_signature,NG|S_EOL|T_ol,R00,32,31,7,0.656,4,1,4,1,"cheol, sheol, sheeol, deeol, qeol, cheeol, eol",0,0,0.156,0.464,16:0.000/0.457 24:0.094/0.470 32:0.281/0.461 48:0.125/0.467 64:0.281/0.466,low_reliability_or_unlikely,does not meet good candidate thresholds
currier_marker,currier_marker,B|paragraph_continuation,stolfi_inspired_signature,NG|S_EY|T_ey,R06,45,41,5,0.889,5,1,3,1,"cheey, sheey, qoeey, oleey, deey",3,5,0.849,0.491,16:1.000/0.438 24:0.844/0.480 32:0.622/0.442 48:0.889/0.474 64:0.889/0.620,low_reliability_or_unlikely,does not meet good candidate thresholds
currier_marker,currier_marker,B|paragraph_continuation,stolfi_inspired_signature,NG|S_EY|T_y,R06,79,73,3,0.987,4,1,4,1,"chey, shey, qey",3,5,0.858,0.518,16:0.975/0.443 24:0.886/0.486 32:0.608/0.448 48:0.873/0.467 64:0.949/0.748,low_reliability_or_unlikely,does not meet good candidate thresholds
currier_marker,currier_marker,B|paragraph_continuation,stolfi_inspired_signature,NG|S_LBEDY|T_edy,R00,42,41,6,1.0,4,1,3,1,"lchedy, lshedy, qolchedy, rchedy, qorchedy, rshedy",0,1,0.31,0.471,16:0.143/0.465 24:0.500/0.475 32:0.286/0.467 48:0.238/0.468 64:0.381/0.478,low_reliability_or_unlikely,does not meet good candidate thresholds
currier_marker,currier_marker,B|paragraph_continuation,stolfi_inspired_signature,NG|S_LBEY|T_ey,R00,24,23,5,0.833,3,1,3,1,"lshey, lchey, qolchey, rchey, llchey",0,0,0.25,0.465,16:0.083/0.465 24:0.333/0.477 32:0.292/0.465 48:0.167/0.446 64:0.375/0.474,low_reliability_or_unlikely,does not meet good candidate thresholds
currier_marker,currier_marker,B|paragraph_continuation,stolfi_inspired_signature,NG|S_LOIL|T_aiin,R00,15,15,4,0.933,4,1,4,1,"raiin, dlaiin, rlaiin, laiin",0,0,0.253,0.457,16:0.067/0.457 24:0.333/0.471 32:0.333/0.462 48:0.133/0.442 64:0.400/0.454,low_reliability_or_unlikely,does not meet good candidate thresholds
currier_marker,currier_marker,B|paragraph_continuation,stolfi_inspired_signature,NG|S_LY|T_y,R06,20,20,4,0.65,4,1,3,1,"oly, ory, ly, qoly",1,2,0.46,0.484,16:0.600/0.452 24:0.400/0.467 32:0.350/0.487 48:0.400/0.511 64:0.550/0.500,low_reliability_or_unlikely,does not meet good candidate thresholds
currier_marker,currier_marker,B|paragraph_continuation,stolfi_inspired_signature,NG|S_OEL|T_in,R06,66,56,9,0.864,5,1,2,1,"dain, sain, ain, olain, oain, shain, qoain, chain",5,5,0.879,0.519,16:0.985/0.514 24:0.894/0.525 32:0.803/0.513 48:0.939/0.509 64:0.773/0.532,low_reliability_or_unlikely,does not meet good candidate thresholds
currier_marker,currier_marker,B|paragraph_continuation,stolfi_inspired_signature,NG|S_OIL|T_iin,R06,134,115,12,0.56,5,1,4,1,"daiin, aiin, saiin, oraiin, olaiin, chaiin, soiin, qoaiin",5,5,0.855,0.526,16:0.978/0.484 24:0.836/0.490 32:0.776/0.477 48:0.933/0.491 64:0.754/0.688,low_reliability_or_unlikely,does not meet good candidate thresholds
currier_marker,currier_marker,B|paragraph_continuation,stolfi_inspired_signature,NG|S_OL|T_l,R06,201,149,15,0.562,5,1,4,1,"ol, al, chol, qol, dal, sol, dol, chal",5,5,0.849,0.469,16:0.925/0.461 24:0.866/0.454 32:0.905/0.487 48:0.876/0.478 64:0.672/0.465,low_reliability_or_unlikely,does not meet good candidate thresholds
currier_marker,currier_marker,B|paragraph_continuation,stolfi_inspired_signature,NG|S_OL|T_m,R06,20,20,7,0.6,5,1,2,1,"dam, am, olam, oram, om, oam, cham",0,0,0.24,0.482,16:0.450/0.457 24:0.200/0.456 32:0.150/0.497 48:0.200/0.516 64:0.200/0.483,low_reliability_or_unlikely,does not meet good candidate thresholds
currier_marker,currier_marker,B|paragraph_continuation,stolfi_inspired_signature,NG|S_OL|T_r,R06,137,107,14,0.854,5,1,4,1,"ar, dar, or, sar, sor, chor, char, dor",5,5,0.797,0.481,16:0.949/0.464 24:0.766/0.483 32:0.781/0.482 48:0.825/0.504 64:0.664/0.473,low_reliability_or_unlikely,does not meet good candidate thresholds
