token,occurrences_core,distinct_lines,dominant_role,dominant_role_share,role_entropy_norm,stratified_role_purity,stratum_majority_role_agreement,strata_total,strata_with_2plus_occurrences,portable_strata_2plus,conflict_strata_2plus,dominant_module,dominant_module_share,module_entropy_norm,stratified_module_purity,distinct_section_I,dominant_I,dominant_I_share,section_I_entropy_norm,distinct_currier_L,dominant_L,dominant_L_share,currier_L_entropy_norm,distinct_hand_H,dominant_H,dominant_H_share,hand_H_entropy_norm,distinct_marker_family,dominant_marker,dominant_marker_share,marker_entropy_norm,metadata_concentration_risk_max_share,pass26_residual_status,pass21_24_candidate_class,pass21_24_candidate_confidence,sample_loci,sample_strata
ar,58,52,R06,1.0,0.0,1.0,1.0,15,7,7,0,G2,0.466,0.811,0.672,7,S,0.483,0.732,3,B,0.724,0.708,5,3,0.483,0.777,4,paragraph_continuation,0.897,0.315,0.897,ROBUST_INTERNAL_FUNCTION_AFTER_CONFOUND_CONTROL,CROSS_TOPIC_FUNCTIONAL_PARTICLE_CANDIDATE,MEDIUM_HIGH,"f11v.3,+P0;f26v.5,+P0;f32v.10,+P0;f34r.13,+P0;f35v.13,+P0;f39r.7,+P0;f39r.11,+P0;f39v.9,+P0;f40r.5,+P0;f40v.16,+P0",A||4|paragraph_continuation:2/R06;A||4|paragraph_start:1/R06;A||4|radial/ring_text:1/R06;B|B|2|paragraph_continuation:2/R06;C|B|2|paragraph_continuation:1/R06;C||4|&L:1/R06
dar,49,47,R06,1.0,0.0,1.0,1.0,16,8,8,0,G2,0.449,0.971,0.735,7,H,0.388,0.858,3,B,0.571,0.836,5,2,0.49,0.778,7,paragraph_continuation,0.816,0.409,0.816,ROBUST_INTERNAL_FUNCTION_AFTER_CONFOUND_CONTROL,CROSS_TOPIC_FUNCTIONAL_PARTICLE_CANDIDATE,MEDIUM_HIGH,"f6r.9,+P0;f8r.19,+P0;f8v.5,+P0;f8v.7,+P0;f13r.3,+P0;f22r.3,+P0;f23r.6,+P0;f24v.7,+P0;f33r.4,+P0;f39r.7,+P0",A||4|&L:1/R06;A||4|circular/diagram_text:1/R06;A||4|radial/ring_text:1/R06;B|B|2|paragraph_continuation:10/R06;B|B|2|paragraph_start:1/R06;C|B|2|paragraph_continuation:2/R06
chor,48,47,R11,1.0,0.0,1.0,1.0,11,5,5,0,G3C,0.75,0.67,0.833,5,H,0.75,0.536,3,A,0.854,0.433,5,1,0.833,0.391,4,paragraph_continuation,0.854,0.4,0.854,ROBUST_INTERNAL_FUNCTION_AFTER_CONFOUND_CONTROL,COMPACT_LABEL_OR_INDEX_LEXEME_CANDIDATE,MEDIUM,"f1r.8,+P0;f1r.20,+P0;f3r.8,+P0;f3v.5,+P0;f3v.7,+P0;f4v.7,+P0;f4v.8,+P0;f5v.1,@P0;f6r.2,+P0;f6v.13,+P0",A||4|paragraph_start:1/R11;H|A|1|paragraph_continuation:31/R11;H|A|1|paragraph_start:3/R11;H|A|1|section/paragraph_break_start:1/R11;H|B|2|paragraph_continuation:1/R11;P|A|1|label_or_marginal:2/R11
shey,48,46,R06,1.0,0.0,1.0,1.0,12,7,7,0,G2,0.583,0.864,0.708,6,B,0.312,0.85,3,B,0.729,0.599,6,2,0.438,0.723,2,paragraph_continuation,0.875,0.544,0.875,ROBUST_INTERNAL_FUNCTION_AFTER_CONFOUND_CONTROL,CROSS_TOPIC_FUNCTIONAL_PARTICLE_CANDIDATE,MEDIUM_HIGH,"f7r.1,@P0;f8v.7,+P0;f11r.1,@P0;f13r.9,+P0;f15r.1,@P0;f21r.11,+P0;f46r.12,+P0;f51r.10,+P0;f58v.10,+P0;f66r.80,+P0",A||4|paragraph_continuation:1/R06;B|B|2|paragraph_continuation:15/R06;H|A|1|paragraph_continuation:5/R06;H|A|1|paragraph_start:4/R06;H|B|2|paragraph_continuation:1/R06;P|A|1|paragraph_continuation:2/R06
s,39,39,R06,1.0,0.0,1.0,1.0,14,5,5,0,G3C,0.641,0.79,0.718,7,H,0.641,0.636,3,A,0.615,0.782,5,1,0.59,0.716,5,paragraph_continuation,0.692,0.621,0.692,ROBUST_INTERNAL_FUNCTION_AFTER_CONFOUND_CONTROL,CROSS_TOPIC_FUNCTIONAL_PARTICLE_CANDIDATE,MEDIUM_HIGH,"f3r.5,+P0;f3r.20,+P0;f3v.7,+P0;f4v.13,+P0;f6v.6,+P0;f6v.13,+P0;f9r.1,@P0;f13r.2,+P0;f14r.8,+P0;f19v.6,+P0",A||4|label_or_marginal:1/R06;A||4|paragraph_start:1/R06;B|B|2|=L:2/R06;B|B|2|paragraph_continuation:1/R06;C||4|label_or_marginal:1/R06;H|A|1|label_or_marginal:1/R06
dal,37,36,R09,1.0,0.0,1.0,1.0,13,7,7,0,G2,0.378,0.991,0.73,6,B,0.351,0.851,3,B,0.595,0.799,4,2,0.514,0.844,5,paragraph_continuation,0.865,0.358,0.865,ROBUST_INTERNAL_FUNCTION_AFTER_CONFOUND_CONTROL,CROSS_TOPIC_FUNCTIONAL_PARTICLE_CANDIDATE,MEDIUM_HIGH,"f1v.3,+P0;f2r.11,+P0;f24r.15,+P0;f24r.16,+P0;f34r.7,+P0;f39v.9,+P0;f42r.3,+P0;f51r.9,+P0;f55r.9,+P0;f56r.7,+P0",B|B|2|+L:1/R09;B|B|2|paragraph_continuation:11/R09;B|B|2|paragraph_start:1/R09;C|B|2|paragraph_continuation:2/R09;C||4|paragraph_continuation:1/R09;C||4|radial/ring_text:2/R09
okeey,37,36,R06,1.0,0.0,1.0,1.0,12,5,5,0,G3C,0.432,0.966,0.649,7,S,0.541,0.759,3,B,0.595,0.863,5,3,0.514,0.782,4,paragraph_continuation,0.757,0.565,0.757,ROBUST_INTERNAL_FUNCTION_AFTER_CONFOUND_CONTROL,CROSS_TOPIC_FUNCTIONAL_PARTICLE_CANDIDATE,MEDIUM_HIGH,"f17v.20,+P0;f35v.16,+P0;f51r.5,+P0;f58v.35,+P0;f67r1.18,@Ri;f68v2.4,+P0;f68v1.8,@Ro;f69r.8,&L0;f69r.41,@Ro;f72r1.16,&Lz",A||4|paragraph_continuation:1/R06;A||4|radial/ring_text:2/R06;B|B|2|=L:1/R06;B|B|2|paragraph_continuation:2/R06;C||4|&L:1/R06;C||4|radial/ring_text:1/R06
okal,36,34,R07,1.0,0.0,1.0,1.0,13,6,6,0,G1,0.528,0.927,0.778,7,S,0.5,0.78,3,B,0.583,0.86,5,3,0.528,0.791,4,paragraph_continuation,0.833,0.429,0.833,ROBUST_INTERNAL_FUNCTION_AFTER_CONFOUND_CONTROL,CROSS_TOPIC_FUNCTIONAL_PARTICLE_CANDIDATE,MEDIUM_HIGH,"f17v.3,+P0;f25r.6,+P0;f39v.9,+P0;f40v.18,+P0;f54v.8,+P0;f58v.10,+P0;f58v.15,+P0;f58v.28,+P0;f58v.31,+P0;f58v.38,+P0",A||4|&L:1/R07;A||4|+L:1/R07;B|B|2|label_or_marginal:1/R07;B|B|2|paragraph_continuation:3/R07;H|A|1|paragraph_continuation:3/R07;H|B|2|paragraph_continuation:2/R07
oky,29,29,R00,1.0,0.0,1.0,1.0,14,5,5,0,G3C,0.621,0.806,0.897,8,H,0.414,0.849,3,A,0.448,0.97,5,1,0.414,0.859,7,paragraph_continuation,0.621,0.652,0.621,ROBUST_INTERNAL_FUNCTION_AFTER_CONFOUND_CONTROL,CROSS_TOPIC_FUNCTIONAL_PARTICLE_CANDIDATE,MEDIUM_HIGH,"f3r.8,+P0;f9v.3,+P0;f11v.3,+P0;f17v.4,+P0;f19v.9,+P0;f21v.5,+P0;f22v.1,@P0;f24r.17,+P0;f43v.3,+P0;f45v.10,+P0",A||4|circular/diagram_text:1/R00;A||4|label_or_marginal:1/R00;B|B|2|paragraph_continuation:1/R00;C|B|4|+L:1/R00;C||4|radial/ring_text:1/R00;H|A|1|paragraph_continuation:9/R00
sheey,29,28,R06,1.0,0.0,1.0,1.0,10,6,6,0,G2,0.69,0.758,0.759,7,S,0.31,0.865,3,B,0.655,0.743,4,2,0.448,0.827,3,paragraph_continuation,0.897,0.363,0.897,ROBUST_INTERNAL_FUNCTION_AFTER_CONFOUND_CONTROL,CROSS_TOPIC_FUNCTIONAL_PARTICLE_CANDIDATE,MEDIUM_HIGH,"f2r.11,+P0;f7r.1,@P0;f7r.3,+P0;f58v.22,+Pc;f58v.25,+P0;f58v.28,+P0;f68r2.29,@Ls;f76r.6,+P0;f76r.45,+P0;f76r.47,+P0",A||4|label_or_marginal:1/R06;B|B|2|paragraph_continuation:7/R06;C|B|2|paragraph_continuation:1/R06;H|A|1|paragraph_continuation:2/R06;H|A|1|paragraph_start:1/R06;P|A|1|paragraph_continuation:2/R06
okar,27,26,R03,1.0,0.0,1.0,1.0,10,6,6,0,G2,0.444,0.966,0.778,6,H,0.222,0.975,3,B,0.778,0.573,3,2,0.556,0.9,6,paragraph_continuation,0.704,0.586,0.778,ROBUST_INTERNAL_FUNCTION_AFTER_CONFOUND_CONTROL,CROSS_TOPIC_FUNCTIONAL_PARTICLE_CANDIDATE,MEDIUM_HIGH,"f40r.5,+P0;f40v.5,+P0;f40v.16,+P0;f50r.5,+P0;f55r.2,+P0;f55r.3,+P0;f58v.22,+Pc;f67r2.3,&L0;f67r2.10,&L0;f67v2.16,@Ri",A||4|&L:2/R03;B|B|2|paragraph_continuation:3/R03;B|B|2|~L:1/R03;C|B|4|label_or_marginal:1/R03;C|B|4|paragraph_start:1/R03;C||4|radial/ring_text:3/R03
y,25,25,R06,1.0,0.0,1.0,1.0,9,6,6,0,G3C,0.44,0.957,0.76,5,H,0.6,0.715,3,A,0.52,0.756,5,1,0.44,0.869,3,paragraph_continuation,0.6,0.835,0.6,ROBUST_INTERNAL_FUNCTION_AFTER_CONFOUND_CONTROL,CROSS_TOPIC_FUNCTIONAL_PARTICLE_CANDIDATE,MEDIUM_HIGH,"f13r.2,+P0;f19r.2,+P0;f21r.6,+P0;f33r.3,+P0;f39r.11,+P0;f49v.7,*L0;f49v.23,*L0;f49v.37,*L0;f49v.45,*L0;f49v.51,*L0",B|B|2|paragraph_continuation:1/R06;C||4|label_or_marginal:1/R06;H|A|1|label_or_marginal:5/R06;H|A|1|paragraph_continuation:6/R06;H|B|2|paragraph_continuation:4/R06;S|A|3|paragraph_continuation:2/R06
okol,23,22,R07,1.0,0.0,1.0,1.0,11,4,4,0,G1,0.435,0.901,0.826,6,P,0.348,0.848,3,A,0.565,0.89,4,1,0.565,0.79,5,paragraph_continuation,0.652,0.664,0.652,ROBUST_INTERNAL_FUNCTION_AFTER_CONFOUND_CONTROL,CROSS_TOPIC_FUNCTIONAL_PARTICLE_CANDIDATE,MEDIUM_HIGH,"f14r.2,+P0;f23r.6,+P0;f23v.6,+P0;f40r.5,+P0;f42r.20,+P0;f67r2.35,@Pb;f68r3.22,@Cc;f68v3.14,@Cc;f73v.1,@Lz;f77v.42,+P0",A||4|circular/diagram_text:1/R07;A||4|paragraph_start:1/R07;B|B|2|paragraph_continuation:3/R07;B|B|2|~L:1/R07;C||4|circular/diagram_text:1/R07;H|A|1|paragraph_continuation:5/R07
otaiin,23,22,R10,1.0,0.0,1.0,1.0,6,5,5,0,G3C,0.522,0.93,0.696,5,H,0.348,0.885,3,B,0.565,0.821,4,1,0.348,0.922,3,paragraph_continuation,0.87,0.428,0.87,ROBUST_INTERNAL_FUNCTION_AFTER_CONFOUND_CONTROL,CROSS_TOPIC_FUNCTIONAL_PARTICLE_CANDIDATE,MEDIUM_HIGH,"f5v.2,+P0;f6r.9,+P0;f7r.5,+P0;f9r.3,+P0;f9v.3,+P0;f15r.11,+P0;f22v.6,+P0;f28r.8,+P0;f71v.7,&Lz;f72r1.9,&Lz",B|B|2|paragraph_continuation:2/R10;C|B|2|paragraph_continuation:3/R10;H|A|1|paragraph_continuation:8/R10;S|B|3|paragraph_continuation:7/R10;S|B|3|paragraph_start:1/R10;Z||4|&L:2/R10
chy,21,20,R00,1.0,0.0,1.0,1.0,7,2,2,0,G3C,0.571,0.828,0.857,6,H,0.667,0.63,3,A,0.714,0.662,3,1,0.714,0.662,4,paragraph_continuation,0.857,0.409,0.857,ROBUST_INTERNAL_FUNCTION_AFTER_CONFOUND_CONTROL,CROSS_TOPIC_FUNCTIONAL_PARTICLE_CANDIDATE,MEDIUM_HIGH,"f2r.11,+P0;f4v.2,+P0;f9v.9,+P0;f10r.9,+P0;f14r.13,+P0;f15r.12,+P0;f20v.10,+P0;f29r.1,@P0;f29v.9,+P0;f32v.11,+P0",A||4|radial/ring_text:1/R00;B|B|2|paragraph_continuation:3/R00;C|B|2|paragraph_continuation:1/R00;H|A|1|paragraph_continuation:13/R00;H|A|1|paragraph_start:1/R00;P|A|1|label_or_marginal:1/R00
shy,21,20,R06,1.0,0.0,1.0,1.0,9,5,5,0,G3C,0.524,0.847,0.81,7,H,0.619,0.681,3,A,0.524,0.847,4,1,0.524,0.775,5,paragraph_continuation,0.619,0.7,0.619,ROBUST_INTERNAL_FUNCTION_AFTER_CONFOUND_CONTROL,CROSS_TOPIC_FUNCTIONAL_PARTICLE_CANDIDATE,MEDIUM_HIGH,"f1v.3,+P0;f8r.1,@P0;f9r.1,@P0;f13r.2,+P0;f15r.1,@P0;f19r.3,+P0;f19r.6,+P0;f22v.1,@P0;f34r.4,+P0;f35v.20,+P0",A||4|radial/ring_text:1/R06;B|B|2|paragraph_continuation:2/R06;C||4|&L:1/R06;H|A|1|paragraph_continuation:6/R06;H|A|1|paragraph_start:4/R06;H|B|2|paragraph_continuation:3/R06
daiin,134,116,R10,1.0,0.0,1.0,1.0,16,10,10,0,G3C,0.41,0.978,0.649,7,H,0.582,0.659,3,A,0.604,0.707,6,1,0.582,0.681,5,paragraph_continuation,0.94,0.18,0.94,STABLE_BUT_METADATA_SKEWED_OR_TOPIC_BOUND,CROSS_TOPIC_FUNCTIONAL_PARTICLE_CANDIDATE,MEDIUM_HIGH,"f3v.10,+P0;f4r.7,+P0;f5v.1,@P0;f6r.2,+P0;f6r.6,+P0;f6v.7,+P0;f7r.4,+P0;f8v.17,+P0;f9v.3,+P0;f9v.9,+P0",A||4|&L:1/R10;A||4|paragraph_continuation:1/R10;A||4|radial/ring_text:1/R10;B|B|2|paragraph_continuation:15/R10;C|B|4|paragraph_start:1/R10;C||4|paragraph_continuation:1/R10
chol,96,83,R07,1.0,0.0,1.0,1.0,14,7,7,0,G3C,0.469,0.904,0.719,7,H,0.594,0.652,3,A,0.688,0.677,5,1,0.667,0.629,3,paragraph_continuation,0.979,0.105,0.979,STABLE_BUT_METADATA_SKEWED_OR_TOPIC_BOUND,CROSS_TOPIC_FUNCTIONAL_PARTICLE_CANDIDATE,MEDIUM_HIGH,"f3r.8,+P0;f3r.20,+P0;f3v.10,+P0;f5v.2,+P0;f6v.14,+P0;f7r.9,+P0;f8v.5,+P0;f10r.5,+P0;f13r.2,+P0;f13r.9,+P0",A||4|label_or_marginal:1/R07;A||4|paragraph_continuation:1/R07;A||4|paragraph_start:1/R07;B|B|2|paragraph_continuation:5/R07;C|B|2|paragraph_continuation:1/R07;C||4|paragraph_continuation:1/R07
shedy,95,83,R06,1.0,0.0,1.0,1.0,11,6,6,0,G2,0.579,0.744,0.632,5,B,0.568,0.719,1,B,1.0,0.0,4,2,0.758,0.51,3,paragraph_continuation,0.947,0.22,1.0,STABLE_BUT_METADATA_SKEWED_OR_TOPIC_BOUND,CROSS_TOPIC_FUNCTIONAL_PARTICLE_CANDIDATE,MEDIUM_HIGH,"f33r.3,+P0;f41r.10,+P0;f46v.3,+P0;f50v.2,+P0;f66r.67,+P0;f66r.70,+P0;f75r.11,+P0;f75r.15,+P0;f75r.17,+P0;f75r.18,+P0",B|B|2|paragraph_continuation:53/R06;B|B|2|paragraph_start:1/R06;C|B|2|paragraph_continuation:1/R06;C|B|2|paragraph_start:1/R06;H|B|2|paragraph_continuation:3/R06;H|B|5|paragraph_continuation:1/R06
chedy,94,82,R02,1.0,0.0,1.0,1.0,9,6,6,0,G2,0.543,0.864,0.574,4,S,0.436,0.827,1,B,1.0,0.0,4,2,0.543,0.596,3,paragraph_continuation,0.957,0.182,1.0,STABLE_BUT_METADATA_SKEWED_OR_TOPIC_BOUND,CROSS_TOPIC_FUNCTIONAL_PARTICLE_CANDIDATE,MEDIUM_HIGH,"f39r.7,+P0;f40r.5,+P0;f40v.13,+P0;f43v.8,+P0;f46v.3,+P0;f46v.13,+P1;f66r.61,+P0;f75r.7,+P0;f75r.15,+P0;f75r.16,+P0",B|B|2|paragraph_continuation:36/R02;B|B|2|paragraph_start:1/R02;H|B|2|paragraph_continuation:6/R02;H|B|3|paragraph_continuation:1/R02;S|B|3|paragraph_continuation:39/R02;S|B|@|paragraph_continuation:2/R02
qokedy,89,73,H12,1.0,0.0,1.0,1.0,11,7,7,0,G1,0.607,0.967,0.685,5,B,0.596,0.718,1,B,1.0,0.0,5,2,0.719,0.519,2,paragraph_continuation,0.966,0.213,1.0,STABLE_BUT_METADATA_SKEWED_OR_TOPIC_BOUND,CROSS_TOPIC_FUNCTIONAL_PARTICLE_CANDIDATE,MEDIUM_HIGH,"f26r.6,+P0;f33r.3,+P0;f34r.7,+P0;f40v.13,+P0;f41r.7,+P0;f41r.10,+P0;f50v.8,+P0;f66r.76,+P0;f75r.9,+P0;f75r.13,+P0",B|B|2|paragraph_continuation:51/H12;B|B|2|paragraph_start:2/H12;C|B|2|paragraph_continuation:1/H12;C|B|2|paragraph_start:1/H12;C|B|4|paragraph_continuation:2/H12;H|B|2|paragraph_continuation:5/H12
qokeedy,85,70,H01,1.0,0.0,1.0,1.0,8,3,3,0,G1,0.647,0.937,0.682,5,B,0.541,0.612,1,B,1.0,0.0,4,2,0.6,0.588,2,paragraph_continuation,0.988,0.092,1.0,STABLE_BUT_METADATA_SKEWED_OR_TOPIC_BOUND,CROSS_TOPIC_FUNCTIONAL_PARTICLE_CANDIDATE,MEDIUM_HIGH,"f40v.17,+P0;f41r.10,+P0;f66r.51,+P0;f75r.6,+P0;f75r.11,+P0;f75r.25,+P0;f75r.29,+P0;f75r.37,+P0;f75r.39,+P0;f75r.41,+P0",B|B|2|paragraph_continuation:46/H01;C|B|2|paragraph_start:1/H01;H|B|2|paragraph_continuation:1/H01;H|B|5|paragraph_continuation:1/H01;S|B|3|paragraph_continuation:31/H01;S|B|@|paragraph_continuation:1/H01
qokeey,77,67,H08,1.0,0.0,1.0,1.0,10,7,7,0,G2,0.532,0.997,0.584,6,S,0.481,0.724,2,B,0.857,0.592,4,3,0.481,0.729,3,paragraph_continuation,0.948,0.212,0.948,STABLE_BUT_METADATA_SKEWED_OR_TOPIC_BOUND,CROSS_TOPIC_FUNCTIONAL_PARTICLE_CANDIDATE,MEDIUM_HIGH,"f17v.8,+P0;f23r.4,+P0;f34r.11,+P0;f58v.7,+P0;f58v.18,+P0;f58v.31,+P0;f66r.55,+P0;f75r.33,+P0;f75v.45,+P0;f76r.8,=P0",B|B|2|paragraph_continuation:24/H08;B|B|2|paragraph_start:1/H08;C|B|2|paragraph_continuation:2/H08;H|A|1|paragraph_continuation:4/H08;H|B|2|paragraph_continuation:1/H08;P|A|1|paragraph_continuation:4/H08
ol,73,66,R06,1.0,0.0,1.0,1.0,11,7,7,0,G2,0.575,0.74,0.74,6,B,0.521,0.75,3,B,0.808,0.517,5,2,0.603,0.687,4,paragraph_continuation,0.959,0.156,0.959,STABLE_BUT_METADATA_SKEWED_OR_TOPIC_BOUND,CROSS_TOPIC_FUNCTIONAL_PARTICLE_CANDIDATE,MEDIUM_HIGH,"f3r.9,+P0;f4v.2,+P0;f17v.8,+P0;f17v.12,+P0;f17v.18,+P0;f24r.15,+P0;f32v.11,+P0;f35v.13,+P0;f40r.5,+P0;f43v.16,+P0",B|B|2|paragraph_continuation:38/R06;C|B|2|paragraph_continuation:2/R06;C||4|circular/diagram_text:1/R06;C||4|radial/ring_text:1/R06;H|A|1|paragraph_continuation:10/R06;H|B|2|paragraph_continuation:3/R06
aiin,57,51,R06,1.0,0.0,1.0,1.0,13,7,7,0,G2,0.439,0.974,0.649,7,S,0.474,0.744,3,B,0.789,0.59,5,3,0.474,0.741,4,paragraph_continuation,0.93,0.236,0.93,STABLE_BUT_METADATA_SKEWED_OR_TOPIC_BOUND,CROSS_TOPIC_FUNCTIONAL_PARTICLE_CANDIDATE,MEDIUM_HIGH,"f3r.20,+P0;f10r.4,+P0;f29r.1,@P0;f33r.4,+P0;f34r.4,+P0;f39r.11,+P0;f39v.9,+P0;f43r.3,+P0;f43v.9,+P0;f43v.16,+P0",A||4|paragraph_continuation:2/R06;A||4|paragraph_start:1/R06;A||4|radial/ring_text:1/R06;B|B|2|paragraph_continuation:5/R06;C|B|2|paragraph_continuation:3/R06;H|A|1|paragraph_continuation:3/R06
chey,54,50,R06,1.0,0.0,1.0,1.0,10,6,6,0,G2,0.704,0.616,0.741,5,S,0.593,0.731,2,B,0.87,0.556,4,3,0.574,0.719,2,paragraph_continuation,0.963,0.229,0.963,STABLE_BUT_METADATA_SKEWED_OR_TOPIC_BOUND,CROSS_TOPIC_FUNCTIONAL_PARTICLE_CANDIDATE,MEDIUM_HIGH,"f1r.20,+P0;f4v.2,+P0;f9r.3,+P0;f29r.9,+P0;f29v.2,+P0;f34r.4,+P0;f43v.3,+P0;f43v.16,+P0;f58v.35,+P0;f75r.8,+P0",B|B|2|paragraph_continuation:8/R06;H|A|1|paragraph_continuation:4/R06;H|B|2|paragraph_continuation:3/R06;P|A|1|paragraph_continuation:1/R06;S|A|3|paragraph_continuation:1/R06;S|B|3|paragraph_continuation:30/R06
dain,48,45,R06,1.0,0.0,1.0,1.0,11,5,5,0,G2,0.396,0.992,0.667,5,H,0.312,0.891,2,B,0.625,0.954,3,1,0.375,0.991,3,paragraph_continuation,0.917,0.304,0.917,STABLE_BUT_METADATA_SKEWED_OR_TOPIC_BOUND,CROSS_TOPIC_FUNCTIONAL_PARTICLE_CANDIDATE,MEDIUM_HIGH,"f1r.8,+P0;f1r.10,=Pt;f1r.20,+P0;f5v.2,+P0;f8r.8,=Pt;f8v.17,+P0;f10v.2,+P0;f10v.7,+P0;f14r.1,@P0;f14r.7,+P0",B|B|2|paragraph_continuation:11/R06;H|A|1|paragraph_continuation:12/R06;H|A|1|paragraph_start:1/R06;H|A|1|paragraph_terminal_or_label:1/R06;H|B|2|paragraph_continuation:1/R06;P|A|1|paragraph_continuation:1/R06
or,48,46,R06,1.0,0.0,1.0,1.0,15,6,6,0,G3C,0.438,0.961,0.729,7,H,0.438,0.823,3,B,0.542,0.794,4,1,0.375,0.882,3,paragraph_continuation,0.917,0.314,0.917,STABLE_BUT_METADATA_SKEWED_OR_TOPIC_BOUND,CROSS_TOPIC_FUNCTIONAL_PARTICLE_CANDIDATE,MEDIUM_HIGH,"f1r.3,+P0;f1v.2,+P0;f3v.6,+P0;f6r.6,+P0;f6v.13,+P0;f6v.18,+P0;f10r.4,+P0;f18r.4,+P0;f24r.1,@P0;f24r.4,+P0",A||4|paragraph_continuation:1/R06;A||4|radial/ring_text:1/R06;B|B|2|paragraph_continuation:9/R06;C|B|2|paragraph_continuation:1/R06;C||4|radial/ring_text:1/R06;H|A|1|paragraph_continuation:13/R06
qokaiin,44,43,H08,1.0,0.0,1.0,1.0,10,6,6,0,G1,0.727,0.845,0.795,6,S,0.5,0.784,2,B,0.841,0.632,3,3,0.5,0.875,3,paragraph_continuation,0.955,0.197,0.955,STABLE_BUT_METADATA_SKEWED_OR_TOPIC_BOUND,CROSS_TOPIC_FUNCTIONAL_PARTICLE_CANDIDATE,MEDIUM_HIGH,"f23r.6,+P0;f29r.7,+P0;f40v.17,+P0;f45r.2,+P0;f54v.8,+P0;f58v.9,+P0;f58v.10,+P0;f76r.32,=P0;f76r.45,+P0;f77r.11,+P0",B|B|2|paragraph_continuation:9/H08;C|B|2|paragraph_continuation:2/H08;C|B|2|paragraph_start:1/H08;H|A|1|paragraph_continuation:4/H08;H|B|2|paragraph_continuation:1/H08;P|A|1|paragraph_continuation:1/H08
qoky,43,42,H01,1.0,0.0,1.0,1.0,10,5,5,0,G1,0.605,0.968,0.698,5,B,0.558,0.746,2,B,0.814,0.693,4,2,0.628,0.74,2,paragraph_continuation,0.977,0.159,0.977,STABLE_BUT_METADATA_SKEWED_OR_TOPIC_BOUND,CROSS_TOPIC_FUNCTIONAL_PARTICLE_CANDIDATE,MEDIUM_HIGH,"f15v.4,+P0;f18v.3,+P0;f40v.16,+P0;f43v.16,+P0;f45r.2,+P0;f53r.7,+P0;f58v.38,+P0;f66r.69,+P0;f66r.77,+P0;f75r.6,+P0",B|B|2|paragraph_continuation:23/H01;B|B|2|paragraph_start:1/H01;H|A|1|paragraph_continuation:6/H01;H|B|2|paragraph_continuation:2/H01;H|B|3|paragraph_continuation:1/H01;P|A|1|paragraph_continuation:1/H01
okaiin,42,41,R10,1.0,0.0,1.0,1.0,9,5,5,0,G3C,0.381,0.995,0.595,6,S,0.381,0.803,3,B,0.786,0.576,4,2,0.405,0.849,4,paragraph_continuation,0.905,0.298,0.905,STABLE_BUT_METADATA_SKEWED_OR_TOPIC_BOUND,CROSS_TOPIC_FUNCTIONAL_PARTICLE_CANDIDATE,MEDIUM_HIGH,"f15r.11,+P0;f16v.9,+P0;f33r.4,+P0;f36v.9,+P1;f40v.4,+P0;f40v.12,+P0;f40v.15,+P0;f47r.3,+P0;f50v.2,+P0;f55r.3,+P0",B|B|2|label_or_marginal:1/R10;B|B|2|paragraph_continuation:9/R10;H|A|1|paragraph_continuation:5/R10;H|B|2|paragraph_continuation:6/R10;P|A|1|paragraph_continuation:2/R10;S|B|3|paragraph_continuation:16/R10
chckhy,41,39,R00,1.0,0.0,1.0,1.0,6,5,5,0,G2,0.707,0.7,0.732,5,S,0.341,0.863,2,B,0.902,0.461,3,2,0.561,0.836,1,paragraph_continuation,1.0,0.0,1.0,STABLE_BUT_METADATA_SKEWED_OR_TOPIC_BOUND,CROSS_TOPIC_FUNCTIONAL_PARTICLE_CANDIDATE,MEDIUM_HIGH,"f6r.2,+P0;f13r.6,+P0;f14r.7,+P0;f34r.4,+P0;f40v.5,+P0;f40v.18,+P0;f50r.5,+P0;f50v.8,+P0;f55r.3,+P0;f55r.9,+P0",B|B|2|paragraph_continuation:12/R00;H|A|1|paragraph_continuation:3/R00;H|B|2|paragraph_continuation:7/R00;P|A|1|paragraph_continuation:1/R00;S|B|3|paragraph_continuation:14/R00;T|B|2|paragraph_continuation:4/R00
saiin,39,38,R06,1.0,0.0,1.0,1.0,10,6,6,0,G2,0.436,0.979,0.667,6,B,0.333,0.841,3,B,0.718,0.62,6,2,0.462,0.734,3,paragraph_continuation,0.949,0.216,0.949,STABLE_BUT_METADATA_SKEWED_OR_TOPIC_BOUND,CROSS_TOPIC_FUNCTIONAL_PARTICLE_CANDIDATE,MEDIUM_HIGH,"f15r.6,+P0;f16r.9,+P0;f16v.11,+P0;f33r.4,+P0;f34r.11,+P0;f40v.18,+P0;f42v.8,+P0;f47v.6,+P0;f58v.2,+P0;f66r.12,+L0",A||4|paragraph_start:1/R06;B|B|2|paragraph_continuation:13/R06;H|A|1|paragraph_continuation:7/R06;H|B|2|paragraph_continuation:3/R06;P|A|1|paragraph_continuation:2/R06;S|A|3|paragraph_continuation:1/R06
qokal,37,35,H08,1.0,0.0,1.0,1.0,8,5,5,0,G1,0.676,0.909,0.757,5,B,0.541,0.766,3,B,0.946,0.226,4,2,0.622,0.657,1,paragraph_continuation,1.0,0.0,1.0,STABLE_BUT_METADATA_SKEWED_OR_TOPIC_BOUND,CROSS_TOPIC_FUNCTIONAL_PARTICLE_CANDIDATE,MEDIUM_HIGH,"f58v.31,+P0;f66r.51,+P0;f66r.77,+P0;f70r2.11,+P1;f75r.11,+P0;f75v.13,+P0;f76r.35,+P0;f76r.48,+P0;f77v.42,+P0;f79r.8,+P0",B|B|2|paragraph_continuation:20/H08;C|B|2|paragraph_continuation:1/H08;C||4|paragraph_continuation:1/H08;H|B|3|paragraph_continuation:2/H08;S|A|3|paragraph_continuation:1/H08;S|B|3|paragraph_continuation:8/H08
okain,36,34,R10,1.0,0.0,1.0,1.0,9,5,5,0,G2,0.583,0.86,0.694,6,S,0.417,0.789,3,B,0.861,0.43,4,2,0.5,0.701,3,paragraph_continuation,0.917,0.309,0.917,STABLE_BUT_METADATA_SKEWED_OR_TOPIC_BOUND,CROSS_TOPIC_FUNCTIONAL_PARTICLE_CANDIDATE,MEDIUM_HIGH,"f18r.4,+P0;f50r.5,+P0;f50v.2,+P0;f50v.8,+P0;f58v.19,+P0;f58v.35,+P0;f67r2.28,+L0;f76r.17,+P0;f76r.29,+P0;f76r.45,+P0",A||4|+L:1/R10;B|B|2|label_or_marginal:1/R10;B|B|2|paragraph_continuation:10/R10;H|A|1|paragraph_continuation:1/R10;H|B|2|paragraph_continuation:3/R10;P|A|1|label_or_marginal:1/R10
okedy,34,30,R00,1.0,0.0,1.0,1.0,8,5,5,0,G2,0.618,0.82,0.794,6,B,0.618,0.697,2,B,0.971,0.191,4,2,0.676,0.703,3,paragraph_continuation,0.882,0.39,0.971,STABLE_BUT_METADATA_SKEWED_OR_TOPIC_BOUND,CROSS_TOPIC_FUNCTIONAL_PARTICLE_CANDIDATE,MEDIUM_HIGH,"f41r.7,+P0;f43r.5,+P0;f43v.3,+P0;f66r.51,+P0;f66r.54,+P0;f66r.61,+P0;f72v1.28,&Lz;f75r.44,+P0;f79v.8,+P0;f80r.12,+P0",B|B|2|label_or_marginal:1/R00;B|B|2|paragraph_continuation:20/R00;C|B|4|label_or_marginal:2/R00;H|B|2|paragraph_continuation:2/R00;H|B|5|paragraph_continuation:1/R00;S|B|3|paragraph_continuation:3/R00
al,31,28,R06,1.0,0.0,1.0,1.0,9,5,5,0,G2,0.484,0.941,0.677,5,S,0.581,0.782,3,B,0.839,0.476,5,3,0.548,0.724,3,paragraph_continuation,0.935,0.258,0.935,STABLE_BUT_METADATA_SKEWED_OR_TOPIC_BOUND,CROSS_TOPIC_FUNCTIONAL_PARTICLE_CANDIDATE,MEDIUM_HIGH,"f6r.6,+P0;f39r.7,+P0;f55r.2,+P0;f68v3.7,@Ri;f69r.10,&L0;f70r2.6,+P1;f76r.6,+P0;f76r.55,+P0;f77v.25,+P0;f78v.29,+P0",B|B|2|paragraph_continuation:3/R06;C||4|&L:1/R06;C||4|paragraph_continuation:2/R06;C||4|radial/ring_text:1/R06;H|A|1|paragraph_continuation:1/R06;H|B|2|paragraph_continuation:2/R06
dy,30,30,R02,1.0,0.0,1.0,1.0,8,3,3,0,G2,0.433,0.972,0.6,6,B,0.433,0.726,3,B,0.567,0.73,4,2,0.567,0.661,2,paragraph_continuation,0.967,0.211,0.967,STABLE_BUT_METADATA_SKEWED_OR_TOPIC_BOUND,CROSS_TOPIC_FUNCTIONAL_PARTICLE_CANDIDATE,MEDIUM_HIGH,"f6v.17,+P0;f7v.9,+P0;f10r.9,+P0;f11r.7,+P0;f11v.3,+P0;f13r.1,@P0;f17v.8,+P0;f24r.10,+P0;f24v.14,+P0;f45v.8,+P0",A||4|paragraph_continuation:1/R02;B|B|2|paragraph_continuation:13/R02;H|A|1|paragraph_continuation:9/R02;H|A|1|paragraph_start:1/R02;H|B|2|paragraph_continuation:1/R02;P|A|1|paragraph_continuation:1/R02
otedy,30,28,R01,1.0,0.0,1.0,1.0,6,3,3,0,G2,0.533,0.997,0.6,4,B,0.467,0.769,1,B,1.0,0.0,2,2,0.6,0.971,3,paragraph_continuation,0.933,0.265,1.0,STABLE_BUT_METADATA_SKEWED_OR_TOPIC_BOUND,CROSS_TOPIC_FUNCTIONAL_PARTICLE_CANDIDATE,MEDIUM_HIGH,"f31r.13,+P0;f34r.2,+P0;f34r.4,+P0;f75r.44,+P0;f75v.13,+P0;f76r.47,+P0;f76v.17,+P0;f78v.7,+P0;f81r.10,+P0;f81r.15,+P0",B|B|2|label_or_marginal:1/R01;B|B|2|paragraph_continuation:12/R01;B|B|2|paragraph_start:1/R01;H|B|2|paragraph_continuation:3/R01;S|B|3|paragraph_continuation:12/R01;T|B|2|paragraph_continuation:1/R01
qokar,29,27,R03,1.0,0.0,1.0,1.0,8,5,5,0,G2,0.655,0.688,0.655,4,B,0.345,0.975,2,B,0.897,0.48,3,2,0.69,0.662,3,paragraph_continuation,0.931,0.272,0.931,STABLE_BUT_METADATA_SKEWED_OR_TOPIC_BOUND,CROSS_TOPIC_FUNCTIONAL_PARTICLE_CANDIDATE,MEDIUM_HIGH,"f40r.5,+P0;f40v.17,+P0;f46v.3,+P0;f55r.2,+P0;f55r.3,+P0;f58v.7,+P0;f58v.23,*P0;f58v.38,+P0;f66r.54,+P0;f75r.7,+P0",B|B|2|paragraph_continuation:10/R03;H|B|2|paragraph_continuation:5/R03;S|A|3|paragraph_continuation:2/R03;S|A|3|section/paragraph_break_start:1/R03;S|B|3|paragraph_continuation:5/R03;T|B|2|paragraph_continuation:4/R03
chdy,27,26,R02,1.0,0.0,1.0,1.0,11,4,4,0,G2,0.704,0.74,0.889,6,H,0.407,0.814,3,B,0.926,0.287,6,2,0.667,0.621,3,paragraph_continuation,0.926,0.287,0.926,STABLE_BUT_METADATA_SKEWED_OR_TOPIC_BOUND,CROSS_TOPIC_FUNCTIONAL_PARTICLE_CANDIDATE,MEDIUM_HIGH,"f15r.6,+P0;f34r.7,+P0;f39r.7,+P0;f39r.11,+P0;f43r.5,+P0;f43v.3,+P0;f46r.12,+P0;f50v.2,+P0;f55r.3,+P0;f66r.70,+P0",B|B|2|paragraph_continuation:8/R02;C|B|2|paragraph_continuation:1/R02;H|A|1|paragraph_continuation:1/R02;H|B|2|paragraph_continuation:8/R02;H|B|3|paragraph_continuation:1/R02;H|B|3|paragraph_start:1/R02
cheey,25,24,R06,1.0,0.0,1.0,1.0,7,4,4,0,G1,0.4,0.99,0.6,5,S,0.56,0.78,3,B,0.8,0.547,5,3,0.52,0.766,3,paragraph_continuation,0.92,0.304,0.92,STABLE_BUT_METADATA_SKEWED_OR_TOPIC_BOUND,CROSS_TOPIC_FUNCTIONAL_PARTICLE_CANDIDATE,MEDIUM_HIGH,"f43r.9,+P0;f49v.52,=P0;f50v.2,+P0;f67v1.22,@Ro;f77r.37,+P0;f79v.35,+P0;f81r.10,+P0;f82v.16,+P0;f88r.27,+P0;f99r.18,+P0",A||4|radial/ring_text:1/R06;B|B|2|paragraph_continuation:4/R06;H|A|1|paragraph_terminal_or_label:1/R06;H|B|2|paragraph_continuation:2/R06;P|A|1|paragraph_continuation:3/R06;S|B|3|paragraph_continuation:13/R06
cheol,25,24,R00,1.0,0.0,1.0,1.0,10,5,5,0,G1,0.36,0.999,0.6,6,S,0.6,0.704,3,B,0.72,0.644,5,3,0.52,0.799,3,paragraph_continuation,0.92,0.304,0.92,STABLE_BUT_METADATA_SKEWED_OR_TOPIC_BOUND,CROSS_TOPIC_FUNCTIONAL_PARTICLE_CANDIDATE,MEDIUM_HIGH,"f24r.1,@P0;f39r.11,+P0;f51v.13,+P0;f58v.19,+P0;f68r3.22,@Cc;f76r.35,+P0;f82r.30,+P0;f83r.48,+Pb;f90v2.5,+P0;f101v.26,+P0",A||4|circular/diagram_text:1/R00;B|B|2|paragraph_continuation:2/R00;H|A|1|paragraph_continuation:2/R00;H|A|1|paragraph_start:1/R00;H|B|2|paragraph_continuation:1/R00;P|A|1|paragraph_continuation:2/R00
otain,25,24,R00,1.0,0.0,1.0,1.0,6,4,4,0,G2,0.76,0.653,0.8,5,S,0.56,0.746,3,B,0.92,0.304,3,3,0.56,0.746,2,paragraph_continuation,0.96,0.242,0.96,STABLE_BUT_METADATA_SKEWED_OR_TOPIC_BOUND,CROSS_TOPIC_FUNCTIONAL_PARTICLE_CANDIDATE,MEDIUM_HIGH,"f40v.18,+P0;f43r.5,+P0;f58v.35,+P0;f72r1.9,&Lz;f75r.18,+P0;f76r.44,+P0;f76r.52,+P0;f79v.17,+P0;f79v.27,+P0;f79v.34,+P0",B|B|2|paragraph_continuation:6/R00;H|B|2|paragraph_continuation:2/R00;S|A|3|paragraph_continuation:1/R00;S|B|3|paragraph_continuation:13/R00;T|B|2|paragraph_continuation:2/R00;Z||4|&L:1/R00
qokey,25,25,H08,1.0,0.0,1.0,1.0,9,4,4,0,G2,0.68,0.904,0.84,6,B,0.28,0.908,3,B,0.76,0.6,5,2,0.52,0.766,1,paragraph_continuation,1.0,0.0,1.0,STABLE_BUT_METADATA_SKEWED_OR_TOPIC_BOUND,CROSS_TOPIC_FUNCTIONAL_PARTICLE_CANDIDATE,MEDIUM_HIGH,"f40v.18,+P0;f51r.8,+P0;f58v.12,+P0;f66r.77,+P0;f68v2.4,+P0;f75r.31,+P0;f76r.20,+P0;f76r.24,+P0;f76r.30,+P0;f76r.40,+P0",A||4|paragraph_continuation:1/H08;B|B|2|paragraph_continuation:7/H08;H|A|1|paragraph_continuation:1/H08;H|B|2|paragraph_continuation:1/H08;P|A|1|paragraph_continuation:3/H08;S|A|3|paragraph_continuation:1/H08
shol,21,17,R08,1.0,0.0,1.0,1.0,8,3,3,0,G3C,0.381,0.98,0.81,5,H,0.667,0.634,2,A,0.714,0.863,4,1,0.667,0.689,2,paragraph_continuation,0.905,0.454,0.905,STABLE_BUT_METADATA_SKEWED_OR_TOPIC_BOUND,CROSS_TOPIC_FUNCTIONAL_PARTICLE_CANDIDATE,MEDIUM_HIGH,"f8r.19,+P0;f13r.1,@P0;f15v.4,+P0;f21r.11,+P0;f28r.8,+P0;f40v.16,+P0;f42r.11,+P0;f42r.20,+P0;f44v.13,+P0;f51r.10,+P0",B|B|2|paragraph_continuation:1/R08;H|A|1|paragraph_continuation:11/R08;H|A|1|paragraph_start:2/R08;H|B|2|paragraph_continuation:1/R08;P|A|1|paragraph_continuation:1/R08;S|A|3|paragraph_continuation:1/R08
qokol,20,18,H08,1.0,0.0,1.0,1.0,8,3,3,0,G1,0.9,0.469,0.95,6,H,0.35,0.874,3,A,0.6,0.75,5,1,0.55,0.784,2,paragraph_continuation,0.95,0.286,0.95,STABLE_BUT_METADATA_SKEWED_OR_TOPIC_BOUND,CROSS_TOPIC_FUNCTIONAL_PARTICLE_CANDIDATE,MEDIUM_HIGH,"f3r.5,+P0;f10v.7,+P0;f13v.2,+P0;f22r.3,+P0;f22v.8,+P0;f45r.2,+P0;f58v.38,+P0;f66r.80,+P0;f66v.8,+P0;f69r.27,@Ro",B|B|2|paragraph_continuation:4/H08;C||4|radial/ring_text:1/H08;H|A|1|paragraph_continuation:6/H08;H|B|5|paragraph_continuation:1/H08;P|A|1|paragraph_continuation:5/H08;S|A|3|paragraph_continuation:1/H08
qokain,57,54,H08,1.0,0.0,1.0,1.0,4,4,4,0,G2,0.614,0.962,0.632,3,B,0.614,0.714,2,B,0.965,0.219,2,2,0.649,0.935,1,paragraph_continuation,1.0,0.0,1.0,CONTEXTUAL_OR_MEDIUM_POWER_FUNCTION,CROSS_TOPIC_FUNCTIONAL_PARTICLE_CANDIDATE,MEDIUM_HIGH,"f58v.31,+P0;f58v.39,+P0;f75r.3,+P0;f75r.6,+P0;f75r.8,+P0;f75r.10,+P0;f75r.13,+P0;f75r.15,+P0;f75r.16,+P0;f75r.24,+P0",B|B|2|paragraph_continuation:35/H08;S|A|3|paragraph_continuation:2/H08;S|B|3|paragraph_continuation:18/H08;T|B|2|paragraph_continuation:2/H08
okeedy,33,31,R00,1.0,0.0,1.0,1.0,5,4,4,0,G2,0.606,0.849,0.788,4,B,0.515,0.71,2,B,0.97,0.196,3,2,0.576,0.72,3,paragraph_continuation,0.909,0.33,0.97,CONTEXTUAL_OR_MEDIUM_POWER_FUNCTION,CROSS_TOPIC_FUNCTIONAL_PARTICLE_CANDIDATE,MEDIUM_HIGH,"f73r.11,&Lz;f75r.8,+P0;f75r.47,@Pb;f75v.45,+P0;f76r.45,+P0;f76r.55,+P0;f79v.13,+P0;f79v.23,+P0;f79v.28,+P0;f79v.38,+P0",B|B|2|paragraph_continuation:15/R00;B|B|2|paragraph_start:2/R00;S|B|3|paragraph_continuation:13/R00;T|B|2|paragraph_continuation:2/R00;Z||4|&L:1/R00
lchedy,27,27,R00,1.0,0.0,1.0,1.0,5,3,3,0,G2,0.519,0.867,0.593,3,S,0.519,0.901,2,B,0.963,0.229,3,3,0.519,0.749,1,paragraph_continuation,1.0,0.0,1.0,CONTEXTUAL_OR_MEDIUM_POWER_FUNCTION,CROSS_TOPIC_FUNCTIONAL_PARTICLE_CANDIDATE,MEDIUM_HIGH,"f58v.7,+P0;f66r.78,+P0;f75r.10,+P0;f75r.25,+P0;f76r.20,+P0;f76r.40,+P0;f76r.42,+P0;f77r.37,+P0;f77v.42,+P0;f78v.29,+P0",B|B|2|paragraph_continuation:9/R00;S|A|3|paragraph_continuation:1/R00;S|B|3|paragraph_continuation:13/R00;T|B|2|paragraph_continuation:3/R00;T|B|5|paragraph_continuation:1/R00
qoteedy,25,23,H01,1.0,0.0,1.0,1.0,5,3,3,0,G1,0.76,0.795,0.8,4,B,0.6,0.67,1,B,1.0,0.0,3,2,0.68,0.734,1,paragraph_continuation,1.0,0.0,1.0,CONTEXTUAL_OR_MEDIUM_POWER_FUNCTION,CROSS_TOPIC_FUNCTIONAL_PARTICLE_CANDIDATE,MEDIUM_HIGH,"f26v.5,+P0;f76r.53,+P0;f76v.13,+P0;f77r.11,+P0;f77r.14,+P0;f77r.37,+P0;f79v.2,+P0;f79v.8,+P0;f79v.12,+P0;f80v.23,+P0",B|B|2|paragraph_continuation:15/H01;H|B|2|paragraph_continuation:1/H01;S|B|3|paragraph_continuation:6/H01;S|B|@|paragraph_continuation:2/H01;T|B|2|paragraph_continuation:1/H01
qol,23,21,R00,1.0,0.0,1.0,1.0,4,3,3,0,G2,0.739,0.674,0.783,3,B,0.783,0.61,1,B,1.0,0.0,3,2,0.87,0.428,1,paragraph_continuation,1.0,0.0,1.0,CONTEXTUAL_OR_MEDIUM_POWER_FUNCTION,CROSS_TOPIC_FUNCTIONAL_PARTICLE_CANDIDATE,MEDIUM_HIGH,"f75r.18,+P0;f75r.33,+P0;f76r.35,+P0;f76r.53,+P0;f76v.13,+P0;f78v.29,+P0;f79v.9,+P0;f79v.16,+P0;f79v.17,+P0;f80r.35,+P0",B|B|2|paragraph_continuation:18/R00;S|B|3|paragraph_continuation:2/R00;S|B|@|paragraph_continuation:1/R00;T|B|2|paragraph_continuation:2/R00
sheedy,23,22,R06,1.0,0.0,1.0,1.0,5,2,2,0,G1,0.565,0.988,0.739,4,B,0.565,0.745,1,B,1.0,0.0,3,2,0.652,0.707,1,paragraph_continuation,1.0,0.0,1.0,CONTEXTUAL_OR_MEDIUM_POWER_FUNCTION,CROSS_TOPIC_FUNCTIONAL_PARTICLE_CANDIDATE,MEDIUM_HIGH,"f66r.80,+P0;f75r.16,+P0;f75r.18,+P0;f76v.11,+P0;f76v.13,+P0;f77v.25,+P0;f79v.8,+P0;f79v.21,+P0;f81r.12,+P0;f81r.19,+P0",B|B|2|paragraph_continuation:13/R06;C|B|2|paragraph_continuation:1/R06;S|B|3|paragraph_continuation:7/R06;T|B|2|paragraph_continuation:1/R06;T|B|5|paragraph_continuation:1/R06
qotedy,22,20,H17,1.0,0.0,1.0,1.0,5,4,4,0,G1,0.727,0.845,0.727,3,B,0.591,0.853,1,B,1.0,0.0,2,2,0.727,0.845,2,paragraph_continuation,0.818,0.684,1.0,CONTEXTUAL_OR_MEDIUM_POWER_FUNCTION,CROSS_TOPIC_FUNCTIONAL_PARTICLE_CANDIDATE,MEDIUM_HIGH,"f26v.5,+P0;f43r.9,+P0;f76v.13,+P0;f77r.14,+P0;f77r.27,+P0;f77v.6,@P0;f79v.12,+P0;f79v.29,+P0;f81r.13,+P0;f84r.13,@P0",B|B|2|paragraph_continuation:10/H17;B|B|2|paragraph_start:3/H17;H|B|2|paragraph_continuation:3/H17;S|B|3|paragraph_continuation:5/H17;S|B|3|paragraph_start:1/H17
sho,22,21,R06,1.0,0.0,1.0,1.0,4,2,2,0,G3C,0.727,0.645,0.909,3,H,0.818,0.525,2,A,0.955,0.267,2,1,0.864,0.575,1,paragraph_continuation,1.0,0.0,1.0,CONTEXTUAL_OR_MEDIUM_POWER_FUNCTION,LOW_SUPPORT_OR_POLYFUNCTIONAL,LOW,"f3r.9,+P0;f3v.11,+P0;f4v.8,+P0;f7v.9,+P0;f8v.7,+P0;f15r.7,+P0;f17v.20,+P0;f24v.14,+P0;f29v.9,+P0;f32v.10,+P0",H|A|1|paragraph_continuation:18/R06;P|A|1|paragraph_continuation:1/R06;S|A|3|paragraph_continuation:2/R06;S|B|3|paragraph_continuation:1/R06
sain,20,20,R06,1.0,0.0,1.0,1.0,5,4,4,0,G2,0.6,0.853,0.7,5,B,0.5,0.828,2,B,0.9,0.469,3,2,0.7,0.73,1,paragraph_continuation,1.0,0.0,1.0,CONTEXTUAL_OR_MEDIUM_POWER_FUNCTION,CROSS_TOPIC_FUNCTIONAL_PARTICLE_CANDIDATE,MEDIUM_HIGH,"f67r2.21,+Pb;f68r2.5,+P0;f75r.15,+P0;f75r.24,+P0;f75r.25,+P0;f75r.44,+P0;f76r.30,+P0;f76r.35,+P0;f76r.55,+P0;f77r.14,+P0",A||4|paragraph_continuation:2/R06;B|B|2|paragraph_continuation:10/R06;C|B|2|paragraph_continuation:1/R06;S|B|3|paragraph_continuation:4/R06;T|B|2|paragraph_continuation:3/R06
dol,19,18,R06,1.0,0.0,1.0,1.0,3,3,3,0,G2,0.579,0.885,0.684,3,B,0.579,0.873,2,B,0.579,0.982,2,2,0.579,0.982,1,paragraph_continuation,1.0,0.0,1.0,CONTEXTUAL_OR_MEDIUM_POWER_FUNCTION,CROSS_TOPIC_FUNCTIONAL_PARTICLE_CANDIDATE,MEDIUM_HIGH,"f6v.7,+P0;f13r.2,+P0;f14v.8,+P0;f32r.3,+P0;f36v.8,+P1;f78r.5,+P0;f78r.14,+P0;f79v.16,+P0;f80r.25,+P0;f81r.27,+P0",B|B|2|paragraph_continuation:11/R06;H|A|1|paragraph_continuation:5/R06;P|A|1|paragraph_continuation:3/R06
chody,18,18,R00,1.0,0.0,1.0,1.0,8,2,2,0,G3C,0.5,0.921,0.833,5,H,0.722,0.597,2,A,0.722,0.852,4,1,0.722,0.617,3,paragraph_continuation,0.889,0.388,0.889,CONTEXTUAL_OR_MEDIUM_POWER_FUNCTION,LOW_SUPPORT_OR_POLYFUNCTIONAL,LOW,"f1v.2,+P0;f8r.1,@P0;f15v.9,+P0;f16v.9,+P0;f42r.11,+P0;f43v.8,+P0;f44r.4,+P0;f47v.6,+P0;f49r.15,+P0;f51r.2,+P0",C|B|2|paragraph_continuation:1/R00;H|A|1|paragraph_continuation:10/R00;H|A|1|paragraph_start:1/R00;H|B|2|paragraph_continuation:2/R00;P|A|1|label_or_marginal:1/R00;P|A|1|paragraph_continuation:1/R00
cthol,18,18,R07,1.0,0.0,1.0,1.0,4,1,1,0,G1,0.5,0.872,0.556,4,H,0.833,0.457,3,A,0.833,0.507,4,1,0.833,0.457,1,paragraph_continuation,1.0,0.0,1.0,CONTEXTUAL_OR_MEDIUM_POWER_FUNCTION,LOW_SUPPORT_OR_POLYFUNCTIONAL,LOW,"f3r.5,+P0;f4r.7,+P0;f4v.8,+P0;f6v.7,+P0;f6v.14,+P0;f8v.5,+P0;f17v.13,+P0;f19v.6,+P0;f19v.14,+Pr;f22r.3,+P0",B|B|2|paragraph_continuation:1/R07;C||4|paragraph_continuation:1/R07;H|A|1|paragraph_continuation:15/R07;S|B|3|paragraph_continuation:1/R07
dam,18,18,R06,1.0,0.0,1.0,1.0,11,2,2,0,G3C,0.556,0.906,0.833,6,H,0.556,0.754,3,A,0.556,0.778,4,1,0.5,0.838,5,paragraph_continuation,0.778,0.521,0.778,CONTEXTUAL_OR_MEDIUM_POWER_FUNCTION,CROSS_TOPIC_FUNCTIONAL_PARTICLE_CANDIDATE,MEDIUM_HIGH,"f14v.8,+P0;f22v.8,+P0;f23r.6,+P0;f24r.16,+P0;f34r.4,+P0;f43r.5,+P0;f44r.4,+P0;f46v.3,+P0;f49v.8,=P0;f54r.11,+P0",B|B|2|paragraph_continuation:1/R06;C||4|radial/ring_text:1/R06;H|A|1|paragraph_continuation:6/R06;H|A|1|paragraph_terminal_or_label:1/R06;H|B|2|paragraph_continuation:3/R06;P|A|1|label_or_marginal:1/R06
cheody,17,17,R00,1.0,0.0,1.0,1.0,10,3,3,0,G1,0.353,0.997,0.765,5,P,0.294,0.919,3,B,0.412,0.944,6,1,0.412,0.844,3,paragraph_continuation,0.824,0.526,0.824,CONTEXTUAL_OR_MEDIUM_POWER_FUNCTION,CROSS_TOPIC_FUNCTIONAL_PARTICLE_CANDIDATE,MEDIUM_HIGH,"f26v.5,+P0;f66v.8,+P0;f67v1.14,@Ro;f68r2.5,+P0;f69r.40,@Ro;f88v.16,+P0;f88v.18,+P0;f89r1.8,+P0;f89r2.19,@Lf;f90v2.6,+P0",A||4|paragraph_continuation:1/R00;A||4|radial/ring_text:1/R00;C||4|radial/ring_text:1/R00;H|A|1|paragraph_continuation:2/R00;H|B|2|paragraph_continuation:1/R00;H|B|5|paragraph_continuation:1/R00
sheol,17,17,R06,1.0,0.0,1.0,1.0,6,3,3,0,G2,0.412,0.988,0.824,6,H,0.412,0.844,3,A,0.471,0.885,4,1,0.471,0.904,4,paragraph_continuation,0.824,0.476,0.824,CONTEXTUAL_OR_MEDIUM_POWER_FUNCTION,CROSS_TOPIC_FUNCTIONAL_PARTICLE_CANDIDATE,MEDIUM_HIGH,"f6r.9,+P0;f17v.13,+P0;f66r.70,+P0;f66r.76,+P0;f66r.79,+P0;f68r2.1,@P0;f73v.7,&Lz;f79r.9,+P0;f79r.15,+P0;f80r.21,+P0",A||4|paragraph_start:1/R06;B|B|2|paragraph_continuation:4/R06;H|A|1|paragraph_continuation:7/R06;P|A|1|label_or_marginal:1/R06;T|B|5|paragraph_continuation:3/R06;Z||4|&L:1/R06
chcthy,16,15,R04,1.0,0.0,1.0,1.0,4,4,4,0,G2,0.438,0.95,0.625,4,B,0.438,0.898,2,B,0.875,0.544,3,2,0.562,0.862,1,paragraph_continuation,1.0,0.0,1.0,CONTEXTUAL_OR_MEDIUM_POWER_FUNCTION,CROSS_TOPIC_FUNCTIONAL_PARTICLE_CANDIDATE,MEDIUM_HIGH,"f10r.4,+P0;f21r.11,+P0;f75r.6,+P0;f75r.9,+P0;f76r.35,+P0;f79r.8,+P0;f80r.14,+P0;f80r.21,+P0;f81r.7,+P0;f84r.44,+P1",B|B|2|paragraph_continuation:7/R04;H|A|1|paragraph_continuation:2/R04;S|B|3|paragraph_continuation:5/R04;T|B|2|paragraph_continuation:2/R04
qokchdy,16,13,H09,1.0,0.0,1.0,1.0,7,4,4,0,G1,0.75,0.811,0.75,5,H,0.375,0.885,2,B,0.938,0.337,4,2,0.75,0.593,3,paragraph_continuation,0.875,0.422,0.938,CONTEXTUAL_OR_MEDIUM_POWER_FUNCTION,CROSS_TOPIC_FUNCTIONAL_PARTICLE_CANDIDATE,MEDIUM_HIGH,"f34r.7,+P0;f34r.13,+P0;f50r.5,+P0;f66v.8,+P0;f68r3.2,@Ri;f75r.9,+P0;f80v.8,+P0;f81v.18,+P0;f83r.47,@Pb;f85r1.8,+P0",A||4|radial/ring_text:1/H09;B|B|2|paragraph_continuation:4/H09;B|B|2|paragraph_start:1/H09;H|B|2|paragraph_continuation:5/H09;H|B|5|paragraph_continuation:1/H09;S|B|3|paragraph_continuation:2/H09
qoty,16,16,H01,1.0,0.0,1.0,1.0,8,2,2,0,G2,0.5,1.0,0.812,5,H,0.375,0.834,2,B,0.688,0.896,4,2,0.562,0.746,2,paragraph_continuation,0.938,0.337,0.938,CONTEXTUAL_OR_MEDIUM_POWER_FUNCTION,CROSS_TOPIC_FUNCTIONAL_PARTICLE_CANDIDATE,MEDIUM_HIGH,"f4v.13,+P0;f13r.2,+P0;f28r.4,+P0;f29r.1,@P0;f29r.3,+P0;f46v.3,+P0;f75r.27,+P0;f76r.44,+P0;f79r.9,+P0;f79v.2,+P0",B|B|2|paragraph_continuation:6/H01;C|B|2|paragraph_continuation:1/H01;H|A|1|paragraph_continuation:4/H01;H|A|1|paragraph_start:1/H01;H|B|2|paragraph_continuation:1/H01;S|B|3|paragraph_continuation:1/H01
cheky,15,15,R06,1.0,0.0,1.0,1.0,9,3,3,0,G2,0.4,0.988,0.733,6,H,0.267,0.892,3,B,0.8,0.571,5,2,0.467,0.867,3,paragraph_continuation,0.867,0.442,0.867,CONTEXTUAL_OR_MEDIUM_POWER_FUNCTION,CROSS_TOPIC_FUNCTIONAL_PARTICLE_CANDIDATE,MEDIUM_HIGH,"f33r.3,+P0;f34r.11,+P0;f55r.9,+P0;f58v.7,+P0;f58v.38,+P0;f66r.61,+P0;f66v.8,+P0;f67v1.14,@Ro;f78r.5,+P0;f81v.18,+P0",A||4|radial/ring_text:1/R06;B|B|2|paragraph_continuation:4/R06;C|B|4|+L:1/R06;H|B|2|paragraph_continuation:3/R06;H|B|5|paragraph_continuation:1/R06;S|A|3|paragraph_continuation:2/R06
cthy,15,15,R04,1.0,0.0,1.0,1.0,2,1,1,0,G1,0.467,0.902,0.533,1,H,1.0,0.0,1,A,1.0,0.0,1,1,1.0,0.0,2,paragraph_continuation,0.933,0.353,1.0,CONTEXTUAL_OR_MEDIUM_POWER_FUNCTION,LOW_SUPPORT_OR_POLYFUNCTIONAL,LOW,"f1v.3,+P0;f4v.2,+P0;f6r.2,+P0;f6v.13,+P0;f9r.1,@P0;f9r.3,+P0;f9v.3,+P0;f10r.5,+P0;f10v.2,+P0;f11r.7,+P0",H|A|1|paragraph_continuation:14/R04;H|A|1|paragraph_start:1/R04
l,15,15,R06,1.0,0.0,1.0,1.0,7,3,3,0,G3C,0.533,0.883,0.8,5,S,0.467,0.867,3,B,0.8,0.571,5,3,0.467,0.831,4,paragraph_continuation,0.667,0.713,0.8,CONTEXTUAL_OR_MEDIUM_POWER_FUNCTION,CROSS_TOPIC_FUNCTIONAL_PARTICLE_CANDIDATE,MEDIUM_HIGH,"f21v.5,+P0;f21v.8,+P0;f66r.43,+L0;f69r.47,@L0;f75v.4,=L0;f75v.6,=L0;f76r.22,*L0;f81r.30,+P0;f103v.31,+P0;f103v.38,+P0",B|B|2|=L:2/R06;B|B|2|paragraph_continuation:1/R06;C||4|label_or_marginal:1/R06;H|A|1|paragraph_continuation:2/R06;S|B|3|paragraph_continuation:7/R06;T|B|2|label_or_marginal:1/R06
oly,15,15,R06,1.0,0.0,1.0,1.0,7,2,2,0,G2,0.667,0.784,0.867,5,B,0.533,0.8,3,B,0.867,0.442,5,2,0.733,0.59,2,paragraph_continuation,0.933,0.353,0.933,CONTEXTUAL_OR_MEDIUM_POWER_FUNCTION,CROSS_TOPIC_FUNCTIONAL_PARTICLE_CANDIDATE,MEDIUM_HIGH,"f34r.13,+P0;f40v.5,+P0;f66r.69,+P0;f68r3.22,@Cc;f75r.11,+P0;f75r.18,+P0;f76r.43,+P0;f79r.42,+P0;f79v.16,+P0;f79v.34,+P0",A||4|circular/diagram_text:1/R06;B|B|2|paragraph_continuation:8/R06;H|A|1|paragraph_continuation:1/R06;H|B|2|paragraph_continuation:2/R06;S|B|3|paragraph_continuation:1/R06;T|B|2|paragraph_continuation:1/R06
oteedy,15,15,R01,1.0,0.0,1.0,1.0,4,2,2,0,G1,0.6,0.971,0.733,4,B,0.467,0.781,1,B,1.0,0.0,2,2,0.6,0.971,1,paragraph_continuation,1.0,0.0,1.0,CONTEXTUAL_OR_MEDIUM_POWER_FUNCTION,CROSS_TOPIC_FUNCTIONAL_PARTICLE_CANDIDATE,MEDIUM_HIGH,"f75r.41,+P0;f76r.48,+P0;f76v.11,+P0;f77r.11,+P0;f79v.5,+P0;f79v.25,+P0;f79v.35,+P0;f82v.9,+P0;f86v3.26,+Pb;f103v.25,+P0",B|B|2|paragraph_continuation:7/R01;C|B|2|paragraph_continuation:1/R01;S|B|3|paragraph_continuation:6/R01;T|B|2|paragraph_continuation:1/R01
qotain,15,14,H13,1.0,0.0,1.0,1.0,4,2,2,0,G2,0.6,0.971,0.6,3,S,0.533,0.803,2,B,0.933,0.353,2,3,0.533,0.997,1,paragraph_continuation,1.0,0.0,1.0,CONTEXTUAL_OR_MEDIUM_POWER_FUNCTION,CROSS_TOPIC_FUNCTIONAL_PARTICLE_CANDIDATE,MEDIUM_HIGH,"f58v.25,+P0;f76r.20,+P0;f79v.4,+P0;f79v.25,+P0;f80r.12,+P0;f80r.40,+P0;f81r.10,+P0;f103v.25,+P0;f104r.6,+P0;f107r.2,+P0",B|B|2|paragraph_continuation:6/H13;S|A|3|paragraph_continuation:1/H13;S|B|3|paragraph_continuation:7/H13;T|B|2|paragraph_continuation:1/H13
sol,15,15,R06,1.0,0.0,1.0,1.0,6,2,2,0,G2,0.467,0.965,0.8,5,B,0.6,0.749,3,B,0.733,0.664,5,2,0.6,0.727,2,paragraph_continuation,0.933,0.353,0.933,CONTEXTUAL_OR_MEDIUM_POWER_FUNCTION,CROSS_TOPIC_FUNCTIONAL_PARTICLE_CANDIDATE,MEDIUM_HIGH,"f15r.4,+P0;f30v.11,+P0;f69r.34,@Ro;f75r.15,+P0;f75r.18,+P0;f79v.4,+P0;f80r.25,+P0;f81r.27,+P0;f82r.5,+P0;f83r.20,+P0",B|B|2|paragraph_continuation:9/R06;C||4|radial/ring_text:1/R06;H|A|1|paragraph_continuation:2/R06;P|A|1|paragraph_continuation:1/R06;S|B|3|paragraph_continuation:1/R06;S|B|@|paragraph_continuation:1/R06
o,14,14,R00,1.0,0.0,1.0,1.0,8,2,2,0,G3C,0.929,0.371,1.0,6,T,0.429,0.823,3,B,0.571,0.87,5,5,0.357,0.913,5,label_or_marginal,0.357,0.864,0.571,CONTEXTUAL_OR_MEDIUM_POWER_FUNCTION,COMPACT_LABEL_OR_INDEX_LEXEME_CANDIDATE,MEDIUM,"f17r.9,+P0;f49v.3,*L0;f49v.19,*L0;f49v.33,*L0;f66r.17,+L0;f66r.22,+L0;f66r.33,+L0;f66r.41,+L0;f66r.46,+L0;f69r.46,@L0",B|B|2|~L:1/R00;C||4|label_or_marginal:1/R00;H|A|1|label_or_marginal:3/R00;H|A|1|paragraph_continuation:1/R00;S|B|3|paragraph_continuation:1/R00;T|B|2|label_or_marginal:1/R00
sar,14,14,R06,1.0,0.0,1.0,1.0,7,3,3,0,G2,0.429,0.966,0.786,6,B,0.357,0.889,3,B,0.643,0.812,4,2,0.429,0.939,2,paragraph_continuation,0.786,0.75,0.786,CONTEXTUAL_OR_MEDIUM_POWER_FUNCTION,LOW_SUPPORT_OR_POLYFUNCTIONAL,LOW,"f67r1.18,@Ri;f69r.36,@Ro;f69r.40,@Ro;f75r.18,+P0;f76v.17,+P0;f79v.9,+P0;f81v.2,+P0;f83r.21,+P0;f86v3.17,+P0;f89v1.19,+P0",A||4|radial/ring_text:1/R06;B|B|2|paragraph_continuation:5/R06;C|B|2|paragraph_continuation:1/R06;C||4|radial/ring_text:2/R06;H|A|1|paragraph_continuation:1/R06;P|A|1|paragraph_continuation:1/R06
shckhy,14,14,R06,1.0,0.0,1.0,1.0,4,3,3,0,G2,0.786,0.75,0.857,4,B,0.429,0.894,2,B,0.929,0.371,3,2,0.714,0.691,1,paragraph_continuation,1.0,0.0,1.0,CONTEXTUAL_OR_MEDIUM_POWER_FUNCTION,FRAME_ARGUMENT_OR_FILLER_LEXEME_CANDIDATE,MEDIUM,"f7r.9,+P0;f75r.25,+P0;f76r.20,+P0;f76r.40,+P0;f76r.44,+P0;f76r.48,+P0;f79r.16,+P0;f84r.16,+P0;f84r.18,+P0;f84v.18,+P0",B|B|2|paragraph_continuation:6/R06;H|A|1|paragraph_continuation:1/R06;S|B|3|paragraph_continuation:3/R06;T|B|2|paragraph_continuation:4/R06
cheor,13,13,R00,1.0,0.0,1.0,1.0,6,3,3,0,G3C,0.615,0.842,0.769,4,H,0.462,0.869,2,A,0.692,0.89,3,1,0.692,0.719,2,paragraph_continuation,0.923,0.391,0.923,CONTEXTUAL_OR_MEDIUM_POWER_FUNCTION,LOW_SUPPORT_OR_POLYFUNCTIONAL,LOW,"f3v.6,+P0;f4v.13,+P0;f17v.20,+P0;f39v.9,+P0;f47v.6,+P0;f76v.11,+P0;f79r.10,+P0;f88r.22,+P0;f88v.26,+P0;f96v.13,+P0",B|B|2|paragraph_continuation:2/R00;H|A|1|paragraph_continuation:5/R00;H|B|2|paragraph_continuation:1/R00;P|A|1|label_or_marginal:1/R00;P|A|1|paragraph_continuation:3/R00;S|B|3|paragraph_continuation:1/R00
otar,13,13,R01,1.0,0.0,1.0,1.0,5,2,2,0,G1,0.615,0.961,0.692,4,S,0.462,0.807,1,B,1.0,0.0,3,2,0.538,0.818,1,paragraph_continuation,1.0,0.0,1.0,CONTEXTUAL_OR_MEDIUM_POWER_FUNCTION,LOW_SUPPORT_OR_POLYFUNCTIONAL,LOW,"f75r.27,+P0;f75r.44,+P0;f76r.35,+P0;f78v.7,+P0;f79v.11,+P0;f84r.29,+P0;f86v3.24,+Pb;f107r.32,+P0;f107v.2,+P0;f111v.3,+P0",B|B|2|paragraph_continuation:5/R01;C|B|2|paragraph_continuation:1/R01;S|B|3|paragraph_continuation:5/R01;S|B|@|paragraph_continuation:1/R01;T|B|2|paragraph_continuation:1/R01
oteey,13,12,R01,1.0,0.0,1.0,1.0,5,3,3,0,G2,0.846,0.619,0.923,4,S,0.538,0.835,2,B,0.923,0.391,3,3,0.538,0.818,2,paragraph_continuation,0.923,0.391,0.923,CONTEXTUAL_OR_MEDIUM_POWER_FUNCTION,QUALIFIER_TAIL_OR_CLOSURE_FIELD_CANDIDATE,MEDIUM,"f79v.18,+P0;f79v.29,+P0;f81r.8,+P0;f86v3.28,+Pb;f96r.2,+P0;f103v.7,+P0;f103v.26,+P0;f103v.38,+P0;f107r.1,@P0;f107r.6,+P0",B|B|2|paragraph_continuation:3/R01;C|B|2|paragraph_continuation:2/R01;H|A|1|paragraph_continuation:1/R01;S|B|3|paragraph_continuation:6/R01;S|B|3|paragraph_start:1/R01
raiin,13,13,R00,1.0,0.0,1.0,1.0,6,3,3,0,G2,0.462,0.921,0.692,4,S,0.615,0.773,1,B,1.0,0.0,4,3,0.462,0.869,2,paragraph_continuation,0.923,0.391,1.0,CONTEXTUAL_OR_MEDIUM_POWER_FUNCTION,LOW_SUPPORT_OR_POLYFUNCTIONAL,LOW,"f66r.80,+P0;f76r.47,+P0;f82r.30,+P0;f82v.16,+P0;f86v3.1,@Pb;f106r.11,+P0;f107r.3,+P0;f107r.15,+P0;f107v.18,+P0;f108v.13,+P0",B|B|2|paragraph_continuation:2/R00;C|B|2|paragraph_start:1/R00;S|B|3|paragraph_continuation:6/R00;S|B|@|paragraph_continuation:2/R00;T|B|2|paragraph_continuation:1/R00;T|B|5|paragraph_continuation:1/R00
ain,12,11,R06,1.0,0.0,1.0,1.0,6,2,2,0,G3C,0.5,0.921,0.75,6,S,0.5,0.822,3,B,0.75,0.657,4,3,0.5,0.865,4,paragraph_continuation,0.667,0.709,0.75,CONTEXTUAL_OR_MEDIUM_POWER_FUNCTION,LOW_SUPPORT_OR_POLYFUNCTIONAL,LOW,"f39v.9,+P0;f67r2.13,@Pb;f67r2.19,@Pb;f76r.32,=P0;f80v.43,+P0;f99r.7,+Lf;f104r.20,+P0;f111r.45,+P0;f111v.21,+P0;f111v.36,+P0",A||4|paragraph_start:2/R06;B|B|2|paragraph_continuation:1/R06;H|B|2|paragraph_continuation:1/R06;P|A|1|+L:1/R06;S|B|3|paragraph_continuation:6/R06;T|B|2|paragraph_terminal_or_label:1/R06
chal,12,12,R00,1.0,0.0,1.0,1.0,6,2,2,0,G2,0.583,0.873,0.75,4,S,0.5,0.813,2,B,0.833,0.65,3,3,0.5,0.836,2,paragraph_continuation,0.917,0.414,0.917,CONTEXTUAL_OR_MEDIUM_POWER_FUNCTION,LOW_SUPPORT_OR_POLYFUNCTIONAL,LOW,"f42r.20,+P0;f58v.18,+P0;f75r.3,+P0;f76r.53,+P0;f77v.6,@P0;f81v.27,+P0;f84v.31,+P0;f107r.25,+P0;f107r.40,+P0;f111r.3,+P0",B|B|2|paragraph_continuation:3/R00;B|B|2|paragraph_start:1/R00;H|A|1|paragraph_continuation:1/R00;S|A|3|paragraph_continuation:1/R00;S|B|3|paragraph_continuation:5/R00;T|B|2|paragraph_continuation:1/R00
char,12,12,R11,1.0,0.0,1.0,1.0,6,2,2,0,G3C,0.583,0.873,0.917,5,H,0.333,0.898,3,B,0.417,0.981,4,1,0.333,0.928,4,paragraph_continuation,0.75,0.604,0.75,CONTEXTUAL_OR_MEDIUM_POWER_FUNCTION,LOW_SUPPORT_OR_POLYFUNCTIONAL,LOW,"f1v.2,+P0;f3v.5,+P0;f35r.6,+P0;f35v.13,+P0;f67v2.14,@Ri;f71v.2,@Lz;f72r1.7,&Lz;f75r.18,+P0;f103v.15,+P0;f104r.33,+P0",B|B|2|paragraph_continuation:1/R11;C||4|radial/ring_text:1/R11;H|A|1|paragraph_continuation:4/R11;S|B|3|paragraph_continuation:4/R11;Z||4|&L:1/R11;Z||4|label_or_marginal:1/R11
chear,12,11,R00,1.0,0.0,1.0,1.0,6,2,2,0,G3C,0.5,0.921,0.75,6,S,0.5,0.822,2,B,0.667,0.918,3,3,0.5,0.921,1,paragraph_continuation,1.0,0.0,1.0,CONTEXTUAL_OR_MEDIUM_POWER_FUNCTION,LOW_SUPPORT_OR_POLYFUNCTIONAL,LOW,"f1r.5,+P0;f8v.17,+P0;f35v.13,+P0;f83v.19,+P0;f86v3.33,+Pb;f89v1.10,+P0;f111v.10,+P0;f111v.21,+P0;f111v.38,+P0;f113r.33,+P0",B|B|2|paragraph_continuation:1/R00;C|B|2|paragraph_continuation:1/R00;H|A|1|paragraph_continuation:2/R00;P|A|1|paragraph_continuation:1/R00;S|B|3|paragraph_continuation:6/R00;T|A|1|paragraph_continuation:1/R00
cho,12,12,R00,1.0,0.0,1.0,1.0,6,1,1,0,G3C,0.5,0.921,0.833,4,H,0.583,0.776,3,A,0.75,0.657,4,1,0.667,0.709,2,paragraph_continuation,0.917,0.414,0.917,CONTEXTUAL_OR_MEDIUM_POWER_FUNCTION,LOW_SUPPORT_OR_POLYFUNCTIONAL,LOW,"f7r.4,+P0;f19r.2,+P0;f21v.8,+P0;f29v.9,+P0;f42r.11,+P0;f54r.11,+P0;f56r.5,+P0;f58v.15,+P0;f68r3.22,@Cc;f88v.8,+P0",A||4|circular/diagram_text:1/R00;H|A|1|paragraph_continuation:7/R00;P|A|1|paragraph_continuation:1/R00;S|A|3|paragraph_continuation:1/R00;S|B|3|paragraph_continuation:1/R00;S|B|@|paragraph_continuation:1/R00
choky,12,11,R00,1.0,0.0,1.0,1.0,4,2,2,0,G1,0.333,1.0,0.75,2,H,0.667,0.918,2,A,0.917,0.414,2,1,0.917,0.414,2,paragraph_continuation,0.917,0.414,0.917,CONTEXTUAL_OR_MEDIUM_POWER_FUNCTION,LOW_SUPPORT_OR_POLYFUNCTIONAL,LOW,"f15v.4,+P0;f28r.4,+P0;f35r.7,+P0;f44r.10,+P0;f46r.12,+P0;f56r.7,+P0;f88v.26,+P0;f90r1.8,+P0;f99r.23,@Lf;f102r2.5,+P0",H|A|1|paragraph_continuation:7/R00;H|B|2|paragraph_continuation:1/R00;P|A|1|label_or_marginal:1/R00;P|A|1|paragraph_continuation:3/R00
cthor,12,12,R04,1.0,0.0,1.0,1.0,2,2,2,0,G3C,0.583,0.873,0.583,1,H,1.0,0.0,1,A,1.0,0.0,1,1,1.0,0.0,2,paragraph_continuation,0.833,0.65,1.0,CONTEXTUAL_OR_MEDIUM_POWER_FUNCTION,LOW_SUPPORT_OR_POLYFUNCTIONAL,LOW,"f5v.2,+P0;f6r.2,+P0;f9r.1,@P0;f14v.5,+P0;f16v.9,+P0;f19v.1,@P0;f19v.7,+P0;f19v.11,+P0;f25v.2,+P0;f29r.3,+P0",H|A|1|paragraph_continuation:10/R04;H|A|1|paragraph_start:2/R04
dary,12,12,R06,1.0,0.0,1.0,1.0,10,1,1,0,G3C,0.667,0.75,0.917,7,H,0.333,0.921,3,B,0.417,0.981,5,1,0.333,0.943,4,paragraph_continuation,0.583,0.807,0.583,CONTEXTUAL_OR_MEDIUM_POWER_FUNCTION,LOW_SUPPORT_OR_POLYFUNCTIONAL,LOW,"f9v.9,+P0;f29v.2,+P0;f32r.9,+P0;f43v.3,+P0;f66r.4,+L0;f66r.69,+P0;f67v1.13,@Ro;f68r1.6,+Pb;f69r.29,@Ro;f75v.30,@Ln",A||4|paragraph_continuation:1/R06;A||4|radial/ring_text:1/R06;B|B|2|label_or_marginal:1/R06;C||4|radial/ring_text:1/R06;H|A|1|paragraph_continuation:3/R06;H|B|2|paragraph_continuation:1/R06
dor,12,12,R06,1.0,0.0,1.0,1.0,6,1,1,0,G3C,0.583,0.808,0.917,5,H,0.667,0.683,2,A,0.583,0.98,5,1,0.583,0.767,2,paragraph_continuation,0.917,0.414,0.917,CONTEXTUAL_OR_MEDIUM_POWER_FUNCTION,LOW_SUPPORT_OR_POLYFUNCTIONAL,LOW,"f7v.9,+P0;f13r.6,+P0;f17v.18,+P0;f19r.3,+P0;f22v.5,+P0;f37v.2,+P0;f43r.9,+P0;f47r.3,+P0;f66r.78,+P0;f75r.11,+P0",B|B|2|paragraph_continuation:1/R06;C|B|4|label_or_marginal:1/R06;H|A|1|paragraph_continuation:7/R06;H|B|2|paragraph_continuation:1/R06;S|B|@|paragraph_continuation:1/R06;T|B|5|paragraph_continuation:1/R06
lkeedy,12,12,R00,1.0,0.0,1.0,1.0,4,1,1,0,G2,0.583,0.873,0.583,3,S,0.75,0.657,1,B,1.0,0.0,2,3,0.75,0.811,2,paragraph_continuation,0.917,0.414,1.0,CONTEXTUAL_OR_MEDIUM_POWER_FUNCTION,LOW_SUPPORT_OR_POLYFUNCTIONAL,LOW,"f55r.9,+P0;f76r.8,=P0;f76r.48,+P0;f104v.31,+P0;f108v.18,+P0;f111r.3,+P0;f111r.12,+P0;f111r.29,+P0;f111r.43,+P0;f111r.45,+P0",H|B|2|paragraph_continuation:1/R00;S|B|3|paragraph_continuation:9/R00;T|B|2|paragraph_continuation:1/R00;T|B|2|paragraph_terminal_or_label:1/R00
okeody,12,12,R00,1.0,0.0,1.0,1.0,7,4,4,0,G3C,0.667,0.75,1.0,6,C,0.25,0.951,3,nan,0.583,0.873,4,4,0.583,0.807,4,paragraph_continuation,0.333,0.98,0.583,CONTEXTUAL_OR_MEDIUM_POWER_FUNCTION,LOW_SUPPORT_OR_POLYFUNCTIONAL,LOW,"f58v.2,+P0;f66r.55,+P0;f66r.67,+P0;f68v3.7,@Ri;f68v2.4,+P0;f69v.29,@Ri;f70r1.15,@Ri;f72v2.15,&Lz;f73r.7,&Lz;f73v.6,@Lz",A||4|paragraph_continuation:1/R00;C||4|radial/ring_text:3/R00;P|A|1|label_or_marginal:2/R00;S|A|3|paragraph_continuation:1/R00;T|B|5|paragraph_continuation:2/R00;Z||4|&L:2/R00
okey,12,12,R00,1.0,0.0,1.0,1.0,7,2,2,0,G2,0.583,0.808,0.917,6,B,0.417,0.859,3,B,0.667,0.75,4,2,0.5,0.865,3,paragraph_continuation,0.833,0.515,0.833,CONTEXTUAL_OR_MEDIUM_POWER_FUNCTION,LOW_SUPPORT_OR_POLYFUNCTIONAL,LOW,"f42v.15,+P0;f58v.28,+P0;f72v3.5,&Lz;f75r.6,+P0;f76r.8,=P0;f84v.22,+P0;f84v.33,+P0;f84v.34,+P0;f84v.39,+P0;f102r2.17,+P0",B|B|2|paragraph_continuation:5/R00;H|A|1|paragraph_continuation:1/R00;P|A|1|paragraph_continuation:1/R00;S|A|3|paragraph_continuation:1/R00;S|B|3|paragraph_continuation:2/R00;T|B|2|paragraph_terminal_or_label:1/R00
otor,12,11,R00,1.0,0.0,1.0,1.0,8,3,3,0,G2,0.5,0.921,0.917,5,H,0.5,0.844,3,B,0.5,0.836,4,1,0.417,0.892,3,paragraph_continuation,0.667,0.75,0.667,CONTEXTUAL_OR_MEDIUM_POWER_FUNCTION,LOW_SUPPORT_OR_POLYFUNCTIONAL,LOW,"f4v.8,+P0;f17v.18,+P0;f45v.8,+P0;f50v.8,+P0;f68r1.26,@Ls;f78v.7,+P0;f88v.12,@Lf;f94v.6,+P0;f99v.3,@Lf;f107r.1,@P0",A||4|label_or_marginal:1/R00;B|B|2|paragraph_continuation:1/R00;H|A|1|paragraph_continuation:3/R00;H|B|2|paragraph_continuation:1/R00;H|B|3|paragraph_continuation:2/R00;P|A|1|label_or_marginal:2/R00
qotaiin,12,12,H13,1.0,0.0,1.0,1.0,6,2,2,0,G1,0.75,0.811,0.917,4,S,0.583,0.776,2,B,0.833,0.65,4,3,0.583,0.807,2,paragraph_continuation,0.917,0.414,0.917,CONTEXTUAL_OR_MEDIUM_POWER_FUNCTION,RELATIONAL_OPERATOR_OR_FRAME_TRIGGER_CANDIDATE,MEDIUM,"f4r.7,+P0;f25r.5,+P0;f77r.16,+P0;f86v3.23,@Pb;f95r1.9,+P0;f107r.35,+P0;f107v.11,+P0;f112v.20,+P0;f113v.14,+P0;f114v.8,+P0",B|B|2|paragraph_continuation:1/H13;C|B|2|paragraph_start:1/H13;H|A|1|paragraph_continuation:2/H13;H|B|3|paragraph_continuation:1/H13;S|B|3|paragraph_continuation:6/H13;S|B|@|paragraph_continuation:1/H13
qotal,12,12,H13,1.0,0.0,1.0,1.0,6,2,2,0,G2,0.5,1.0,0.833,4,B,0.417,0.892,2,B,0.833,0.65,4,2,0.5,0.813,1,paragraph_continuation,1.0,0.0,1.0,CONTEXTUAL_OR_MEDIUM_POWER_FUNCTION,LOW_SUPPORT_OR_POLYFUNCTIONAL,LOW,"f51r.7,+P0;f58v.14,+P0;f66r.76,+P0;f76r.42,+P0;f76v.12,+P0;f77r.29,+P0;f79v.5,+P0;f80r.14,+P0;f80r.21,+P0;f104r.39,+P0",B|B|2|paragraph_continuation:5/H13;H|A|1|paragraph_continuation:1/H13;S|A|3|paragraph_continuation:1/H13;S|B|3|paragraph_continuation:3/H13;T|B|2|paragraph_continuation:1/H13;T|B|5|paragraph_continuation:1/H13
r,12,12,R00,1.0,0.0,1.0,1.0,9,3,3,0,G3C,0.75,0.657,0.833,4,H,0.5,0.865,3,B,0.583,0.808,4,2,0.5,0.813,5,paragraph_continuation,0.5,0.844,0.583,CONTEXTUAL_OR_MEDIUM_POWER_FUNCTION,COMPACT_LABEL_OR_INDEX_LEXEME_CANDIDATE,MEDIUM,"f17v.14,+P0;f40v.16,+P0;f46r.12,+P0;f49r.10,+P0;f49v.5,*L0;f49v.52,=P0;f66r.44,+L0;f68v3.7,@Ri;f75v.9,+L0;f76r.31,*L0",B|B|2|+L:1/R00;B|B|2|paragraph_continuation:2/R00;C||4|radial/ring_text:1/R00;H|A|1|label_or_marginal:1/R00;H|A|1|paragraph_continuation:2/R00;H|A|1|paragraph_terminal_or_label:1/R00
am,11,11,R06,1.0,0.0,1.0,1.0,7,3,3,0,G3C,0.545,0.834,0.909,6,S,0.364,0.916,3,B,0.545,0.906,4,3,0.364,0.968,3,paragraph_continuation,0.818,0.546,0.818,CONTEXTUAL_OR_MEDIUM_POWER_FUNCTION,LOW_SUPPORT_OR_POLYFUNCTIONAL,LOW,"f3r.20,+P0;f24r.10,+P0;f67r2.21,+Pb;f67r2.27,+Pb;f71v.10,&Lz;f75r.21,+P0;f86v3.10,+Pb;f107r.6,+P0;f108v.18,+P0;f111r.1,@P0",A||4|paragraph_continuation:2/R06;B|B|2|paragraph_continuation:1/R06;C|B|2|paragraph_continuation:1/R06;H|A|1|paragraph_continuation:2/R06;S|B|3|paragraph_continuation:3/R06;S|B|3|paragraph_start:1/R06
cheedy,11,11,R06,1.0,0.0,1.0,1.0,5,2,2,0,G2,0.364,0.992,0.636,5,B,0.545,0.804,2,B,0.909,0.439,4,2,0.636,0.746,1,paragraph_continuation,1.0,0.0,1.0,CONTEXTUAL_OR_MEDIUM_POWER_FUNCTION,LOW_SUPPORT_OR_POLYFUNCTIONAL,LOW,"f33r.4,+P0;f66r.78,+P0;f75v.13,+P0;f77r.37,+P0;f79r.8,+P0;f79r.42,+P0;f81r.15,+P0;f81v.24,+P0;f88v.17,+P0;f104r.22,+P0",B|B|2|paragraph_continuation:6/R06;H|B|2|paragraph_continuation:1/R06;P|A|1|paragraph_continuation:1/R06;S|B|3|paragraph_continuation:2/R06;T|B|5|paragraph_continuation:1/R06
cthey,11,11,R04,1.0,0.0,1.0,1.0,4,2,2,0,G1,0.727,0.691,0.818,4,H,0.545,0.809,2,A,0.818,0.684,3,1,0.818,0.546,1,paragraph_continuation,1.0,0.0,1.0,CONTEXTUAL_OR_MEDIUM_POWER_FUNCTION,LOW_SUPPORT_OR_POLYFUNCTIONAL,LOW,"f35r.3,+P0;f47r.4,+P0;f83v.33,+P0;f87v.7,+P0;f89v1.10,+P0;f93v.8,+P0;f96r.2,+P0;f96r.5,+P0;f101v.26,+P0;f102r2.10,+P0",B|B|2|paragraph_continuation:1/R04;H|A|1|paragraph_continuation:6/R04;P|A|1|paragraph_continuation:3/R04;S|B|3|paragraph_continuation:1/R04
dair,11,11,R06,1.0,0.0,1.0,1.0,7,2,2,0,G3C,0.545,0.834,0.818,5,H,0.364,0.863,3,A,0.455,0.851,5,1,0.364,0.863,3,paragraph_continuation,0.818,0.546,0.818,CONTEXTUAL_OR_MEDIUM_POWER_FUNCTION,LOW_SUPPORT_OR_POLYFUNCTIONAL,LOW,"f14v.8,+P0;f25r.7,=Pt;f45v.4,+P0;f47v.7,+P0;f58v.2,+P0;f66r.67,+P0;f67v1.17,@Ro;f86v3.7,+Pb;f111r.54,+P0;f113r.24,+P0",A||4|radial/ring_text:1/R06;C|B|2|paragraph_continuation:1/R06;H|A|1|paragraph_continuation:3/R06;H|A|1|paragraph_terminal_or_label:1/R06;S|A|3|paragraph_continuation:1/R06;S|B|3|paragraph_continuation:3/R06
lkain,11,10,R00,1.0,0.0,1.0,1.0,2,1,1,0,G2,0.818,0.546,0.818,2,S,0.909,0.439,1,B,1.0,0.0,2,3,0.909,0.439,1,paragraph_continuation,1.0,0.0,1.0,CONTEXTUAL_OR_MEDIUM_POWER_FUNCTION,FRAME_ARGUMENT_OR_FILLER_LEXEME_CANDIDATE + TOPIC_CONDITIONED,MEDIUM,"f76r.17,+P0;f107r.39,+P0;f111v.21,+P0;f111v.24,+P0;f111v.30,+P0;f111v.31,+P0;f111v.35,+P0;f111v.40,+P0;f115v.39,+P0;f116r.29,+P0",S|B|3|paragraph_continuation:10/R00;T|B|2|paragraph_continuation:1/R00
lor,11,11,R00,1.0,0.0,1.0,1.0,4,4,4,0,G2,0.909,0.439,0.909,4,B,0.364,0.968,1,B,1.0,0.0,2,2,0.727,0.845,1,paragraph_continuation,1.0,0.0,1.0,CONTEXTUAL_OR_MEDIUM_POWER_FUNCTION,FRAME_ARGUMENT_OR_FILLER_LEXEME_CANDIDATE,MEDIUM,"f34r.13,+P0;f40v.16,+P0;f75r.21,+P0;f75r.24,+P0;f76r.24,+P0;f81v.16,+P0;f84r.29,+P0;f86v6.28,+P0;f107r.2,+P0;f107r.10,+P0",B|B|2|paragraph_continuation:4/R00;H|B|2|paragraph_continuation:2/R00;S|B|3|paragraph_continuation:3/R00;T|B|2|paragraph_continuation:2/R00
lshedy,11,11,R00,1.0,0.0,1.0,1.0,4,2,2,0,G2,0.727,0.691,0.727,3,B,0.636,0.826,1,B,1.0,0.0,3,2,0.727,0.691,2,paragraph_continuation,0.909,0.439,1.0,CONTEXTUAL_OR_MEDIUM_POWER_FUNCTION,LOW_SUPPORT_OR_POLYFUNCTIONAL,LOW,"f66r.78,+P0;f75r.8,+P0;f75r.33,+P0;f76r.19,=P0;f80r.25,+P0;f80v.22,+P0;f81v.16,+P0;f82r.30,+P0;f84v.39,+P0;f103v.26,+P0",B|B|2|paragraph_continuation:7/R00;S|B|3|paragraph_continuation:2/R00;T|B|2|paragraph_terminal_or_label:1/R00;T|B|5|paragraph_continuation:1/R00
olkeedy,11,11,R00,1.0,0.0,1.0,1.0,4,2,2,0,G2,0.636,0.783,0.909,3,B,0.727,0.691,1,B,1.0,0.0,2,2,0.727,0.845,2,paragraph_continuation,0.909,0.439,1.0,CONTEXTUAL_OR_MEDIUM_POWER_FUNCTION,LOW_SUPPORT_OR_POLYFUNCTIONAL,LOW,"f75r.39,+P0;f79v.16,+P0;f79v.18,+P0;f81v.3,+P0;f81v.26,+P0;f81v.27,+P0;f82v.39,@Ln;f84v.12,+P0;f95r1.9,+P0;f112v.20,+P0",B|B|2|label_or_marginal:1/R00;B|B|2|paragraph_continuation:7/R00;H|B|3|paragraph_continuation:1/R00;S|B|3|paragraph_continuation:2/R00
oty,11,11,R01,1.0,0.0,1.0,1.0,6,4,4,0,G2,0.545,0.994,0.727,4,H,0.455,0.895,2,B,0.818,0.684,3,2,0.455,0.943,1,paragraph_continuation,1.0,0.0,1.0,CONTEXTUAL_OR_MEDIUM_POWER_FUNCTION,LOW_SUPPORT_OR_POLYFUNCTIONAL,LOW,"f14v.5,+P0;f43r.3,+P0;f46v.3,+P0;f52v.6,+P0;f76r.40,+P0;f79v.29,+P0;f81r.8,+P0;f94v.6,+P0;f103v.25,+P0;f111r.10,+P0",B|B|2|paragraph_continuation:2/R01;H|A|1|paragraph_continuation:2/R01;H|B|2|paragraph_continuation:2/R01;H|B|3|paragraph_continuation:1/R01;S|B|3|paragraph_continuation:3/R01;T|B|2|paragraph_continuation:1/R01
qotchy,11,11,H13,1.0,0.0,1.0,1.0,6,2,2,0,G1,0.818,0.684,0.909,4,H,0.545,0.809,2,A,0.636,0.946,4,1,0.636,0.746,2,paragraph_continuation,0.909,0.439,0.909,CONTEXTUAL_OR_MEDIUM_POWER_FUNCTION,RELATIONAL_OPERATOR_OR_FRAME_TRIGGER_CANDIDATE,MEDIUM,"f7r.3,+P0;f11r.7,+P0;f14v.5,+P0;f22v.8,+P0;f29r.1,@P0;f32v.9,+P0;f80r.14,+P0;f89v1.19,+P0;f115r.17,+P0;f115r.38,+P0",B|B|2|paragraph_continuation:1/H13;H|A|1|paragraph_continuation:5/H13;H|A|1|paragraph_start:1/H13;P|A|1|paragraph_continuation:1/H13;S|B|3|paragraph_continuation:1/H13;S|B|@|paragraph_continuation:2/H13
sal,11,11,R06,1.0,0.0,1.0,1.0,7,2,2,0,G2,0.545,0.834,0.818,5,B,0.364,0.912,3,B,0.455,0.971,4,2,0.364,0.934,4,paragraph_continuation,0.727,0.639,0.727,CONTEXTUAL_OR_MEDIUM_POWER_FUNCTION,LOW_SUPPORT_OR_POLYFUNCTIONAL,LOW,"f15r.4,+P0;f54r.9,+P0;f67r1.17,@Ri;f67r2.50,+Pb;f70v1.3,&Lz;f75r.9,+P0;f75r.47,@Pb;f81v.24,+P0;f84v.34,+P0;f90v2.6,+P0",A||4|paragraph_continuation:1/R06;A||4|radial/ring_text:1/R06;B|B|2|paragraph_continuation:3/R06;B|B|2|paragraph_start:1/R06;H|A|1|paragraph_continuation:3/R06;S|B|3|paragraph_continuation:1/R06
shor,11,11,R06,1.0,0.0,1.0,1.0,4,3,3,0,G3C,0.545,0.906,0.818,3,H,0.727,0.691,2,A,0.818,0.684,2,1,0.818,0.684,2,paragraph_continuation,0.818,0.684,0.818,CONTEXTUAL_OR_MEDIUM_POWER_FUNCTION,LOW_SUPPORT_OR_POLYFUNCTIONAL,LOW,"f8r.1,@P0;f9r.1,@P0;f10r.9,+P0;f14r.8,+P0;f15r.12,+P0;f23v.6,+P0;f45r.2,+P0;f49r.10,+P0;f86v3.14,+Pb;f86v3.26,+Pb",C|B|2|paragraph_continuation:2/R06;H|A|1|paragraph_continuation:6/R06;H|A|1|paragraph_start:2/R06;P|A|1|paragraph_continuation:1/R06
ykaiin,11,11,R06,1.0,0.0,1.0,1.0,7,2,2,0,G3C,0.364,0.992,0.909,5,H,0.455,0.879,2,A,0.545,0.994,3,1,0.455,0.943,1,paragraph_continuation,1.0,0.0,1.0,CONTEXTUAL_OR_MEDIUM_POWER_FUNCTION,LOW_SUPPORT_OR_POLYFUNCTIONAL,LOW,"f1r.3,+P0;f9v.3,+P0;f14r.8,+P0;f23r.3,+P0;f43v.3,+P0;f45r.2,+P0;f58v.6,+P0;f81v.23,+P0;f86v3.10,+Pb;f86v3.24,+Pb",B|B|2|paragraph_continuation:1/R06;C|B|2|paragraph_continuation:2/R06;H|A|1|paragraph_continuation:4/R06;H|B|2|paragraph_continuation:1/R06;S|A|3|paragraph_continuation:1/R06;S|B|3|paragraph_continuation:1/R06
chodaiin,10,9,R00,1.0,0.0,1.0,1.0,3,2,2,0,G3C,0.6,0.865,0.7,2,H,0.7,0.881,2,A,0.7,0.881,2,1,0.7,0.881,2,paragraph_continuation,0.9,0.469,0.9,CONTEXTUAL_OR_MEDIUM_POWER_FUNCTION,LOW_SUPPORT_OR_POLYFUNCTIONAL,LOW,"f3v.11,+P0;f5v.1,@P0;f10r.9,+P0;f10v.2,+P0;f15r.4,+P0;f17v.14,+P0;f96r.5,+P0;f107r.23,+P0;f114r.45,+P0",H|A|1|paragraph_continuation:6/R00;H|A|1|paragraph_start:1/R00;S|B|3|paragraph_continuation:3/R00
dshedy,10,10,R06,1.0,0.0,1.0,1.0,6,2,2,0,G2,0.6,0.865,0.8,5,B,0.5,0.845,1,B,1.0,0.0,2,2,0.9,0.469,2,paragraph_continuation,0.9,0.469,1.0,CONTEXTUAL_OR_MEDIUM_POWER_FUNCTION,LOW_SUPPORT_OR_POLYFUNCTIONAL,LOW,"f43r.9,+P0;f75r.16,+P0;f75r.31,+P0;f76r.20,+P0;f81v.14,+P0;f84r.12,@Ln;f84v.45,+Pb;f86v3.21,+P0;f86v3.24,+Pb;f115r.16,+P0",B|B|2|label_or_marginal:1/R06;B|B|2|paragraph_continuation:4/R06;C|B|2|paragraph_continuation:2/R06;H|B|2|paragraph_continuation:1/R06;S|B|@|paragraph_continuation:1/R06;T|B|2|paragraph_continuation:1/R06
lol,10,10,R00,1.0,0.0,1.0,1.0,5,2,2,0,G2,0.5,0.937,0.8,3,B,0.7,0.73,1,B,1.0,0.0,2,2,0.8,0.722,3,paragraph_continuation,0.8,0.582,1.0,CONTEXTUAL_OR_MEDIUM_POWER_FUNCTION,LOW_SUPPORT_OR_POLYFUNCTIONAL,LOW,"f75r.7,+P0;f75r.37,+P0;f75v.51,=Lt;f75v.60,@P1;f76r.43,+P0;f77r.16,+P0;f79v.8,+P0;f83r.48,+Pb;f107r.47,+P0;f111v.5,+P0",B|B|2|=L:1/R00;B|B|2|paragraph_continuation:5/R00;B|B|2|paragraph_start:1/R00;S|B|3|paragraph_continuation:2/R00;T|B|2|paragraph_continuation:1/R00
otey,10,10,R01,1.0,0.0,1.0,1.0,3,2,2,0,G1,0.7,0.881,0.7,3,B,0.6,0.817,2,B,0.9,0.469,3,2,0.6,0.817,1,paragraph_continuation,1.0,0.0,1.0,CONTEXTUAL_OR_MEDIUM_POWER_FUNCTION,LOW_SUPPORT_OR_POLYFUNCTIONAL,LOW,"f53r.7,+P0;f75r.10,+P0;f75r.39,+P0;f75v.45,+P0;f79v.29,+P0;f81r.7,+P0;f81r.28,+P0;f103r.36,+P0;f112r.11,+P0;f116r.19,+P0",B|B|2|paragraph_continuation:6/R01;H|A|1|paragraph_continuation:1/R01;S|B|3|paragraph_continuation:3/R01
qokchy,10,10,H08,1.0,0.0,1.0,1.0,6,1,1,0,G1,0.7,0.881,0.8,3,H,0.6,0.817,2,A,0.5,1.0,4,1,0.5,0.88,2,paragraph_continuation,0.9,0.469,0.9,CONTEXTUAL_OR_MEDIUM_POWER_FUNCTION,LOW_SUPPORT_OR_POLYFUNCTIONAL,LOW,"f10r.5,+P0;f14r.2,+P0;f29r.3,+P0;f29r.7,+P0;f33r.3,+P0;f51r.7,+P0;f77v.26,+P0;f104v.19,+P0;f107r.1,@P0;f115r.38,+P0",B|B|2|paragraph_continuation:1/H08;H|A|1|paragraph_continuation:5/H08;H|B|2|paragraph_continuation:1/H08;S|B|3|paragraph_continuation:1/H08;S|B|3|paragraph_start:1/H08;S|B|@|paragraph_continuation:1/H08
qotar,10,10,H13,1.0,0.0,1.0,1.0,7,2,2,0,G2,0.5,1.0,0.8,5,B,0.3,0.935,1,B,1.0,0.0,3,2,0.6,0.817,1,paragraph_continuation,1.0,0.0,1.0,CONTEXTUAL_OR_MEDIUM_POWER_FUNCTION,LOW_SUPPORT_OR_POLYFUNCTIONAL,LOW,"f43r.5,+P0;f75r.10,+P0;f80r.14,+P0;f80r.21,+P0;f86v6.28,+P0;f86v3.33,+Pb;f94v.6,+P0;f111v.34,+P0;f115r.16,+P0;f116r.19,+P0",B|B|2|paragraph_continuation:3/H13;C|B|2|paragraph_continuation:1/H13;H|B|2|paragraph_continuation:1/H13;H|B|3|paragraph_continuation:1/H13;S|B|3|paragraph_continuation:2/H13;S|B|@|paragraph_continuation:1/H13
shdy,10,10,R06,1.0,0.0,1.0,1.0,8,1,1,0,G2,0.4,0.96,1.0,5,C,0.3,0.935,1,B,1.0,0.0,3,2,0.5,0.859,3,paragraph_continuation,0.8,0.582,1.0,CONTEXTUAL_OR_MEDIUM_POWER_FUNCTION,LOW_SUPPORT_OR_POLYFUNCTIONAL,LOW,"f39v.9,+P0;f76r.40,+P0;f84v.26,+P0;fRos.66,@L0;f86v3.21,+P0;f86v3.23,@Pb;f94r.3,+P0;f103r.36,+P0;f103r.53,+P0;f116r.15,+P0",B|B|2|paragraph_continuation:1/R06;C|B|2|paragraph_continuation:1/R06;C|B|2|paragraph_start:1/R06;C|B|4|label_or_marginal:1/R06;H|B|2|paragraph_continuation:1/R06;H|B|3|paragraph_continuation:1/R06
sor,10,10,R06,1.0,0.0,1.0,1.0,6,2,2,0,G3C,0.5,0.937,0.7,5,B,0.4,0.914,3,B,0.7,0.73,4,2,0.6,0.785,2,paragraph_continuation,0.9,0.469,0.9,CONTEXTUAL_OR_MEDIUM_POWER_FUNCTION,LOW_SUPPORT_OR_POLYFUNCTIONAL,LOW,"f10r.4,+P0;f22v.1,@P0;f67r2.39,+Pb;f75r.8,+P0;f76r.40,+P0;f76r.43,+P0;f78r.14,+P0;f80v.43,+P0;f81r.30,+P0;f114v.25,+P0",A||4|paragraph_continuation:1/R06;B|B|2|paragraph_continuation:4/R06;H|A|1|paragraph_continuation:1/R06;H|A|1|paragraph_start:1/R06;S|B|3|paragraph_continuation:1/R06;T|B|2|paragraph_continuation:2/R06
tedy,10,9,R06,1.0,0.0,1.0,1.0,3,2,2,0,G2,0.7,0.73,0.8,3,B,0.7,0.73,1,B,1.0,0.0,3,2,0.7,0.73,2,paragraph_continuation,0.9,0.469,1.0,CONTEXTUAL_OR_MEDIUM_POWER_FUNCTION,LOW_SUPPORT_OR_POLYFUNCTIONAL,LOW,"f75r.10,+P0;f75v.13,+P0;f81r.12,+P0;f81v.27,+P0;f84v.22,+P0;f84v.32,+P0;fRos.130,@L0;f103v.15,+P0;f107r.5,+P0",B|B|2|paragraph_continuation:7/R06;C|B|4|label_or_marginal:1/R06;S|B|3|paragraph_continuation:2/R06
chaiin,9,8,R00,1.0,0.0,1.0,1.0,2,2,2,0,G3C,0.778,0.622,0.889,2,H,0.778,0.764,2,A,0.778,0.764,2,1,0.778,0.764,1,paragraph_continuation,1.0,0.0,1.0,LOW_POWER_TOKEN,COMPACT_LABEL_OR_INDEX_LEXEME_CANDIDATE,LOW_MEDIUM,"f4r.12,+P0;f10r.4,+P0;f19v.7,+P0;f35r.12,+P0;f42r.22,+P0;f47r.3,+P0;f107r.36,+P0;f112v.39,+P0",H|A|1|paragraph_continuation:7/R00;S|B|3|paragraph_continuation:2/R00
ckhy,9,9,R00,1.0,0.0,1.0,1.0,3,2,2,0,G3C,0.444,0.966,0.778,3,H,0.667,0.773,2,A,0.889,0.503,2,1,0.889,0.503,1,paragraph_continuation,1.0,0.0,1.0,LOW_POWER_TOKEN,LOW_SUPPORT_OR_POLYFUNCTIONAL,LOW,"f3v.11,+P0;f9v.12,+P0;f10v.2,+P0;f35v.20,+P0;f37r.11,+P0;f81v.17,+P0;f89v1.19,+P0;f93v.10,+P0;f99r.18,+P0",B|B|2|paragraph_continuation:1/R00;H|A|1|paragraph_continuation:6/R00;P|A|1|paragraph_continuation:2/R00
kar,9,9,R06,1.0,0.0,1.0,1.0,6,2,2,0,G2,0.444,0.966,0.778,4,H,0.444,0.918,3,B,0.667,0.773,4,2,0.556,0.829,2,paragraph_continuation,0.889,0.503,0.889,LOW_POWER_TOKEN,LOW_SUPPORT_OR_POLYFUNCTIONAL,LOW,"f6r.2,+P0;f46r.12,+P0;f50r.5,+P0;f50v.8,+P0;f58v.31,+P0;f73r.31,&Lz;f79v.27,+P0;f81v.5,+P0;f107r.28,+P0",B|B|2|paragraph_continuation:2/R06;H|A|1|paragraph_continuation:1/R06;H|B|2|paragraph_continuation:3/R06;S|A|3|paragraph_continuation:1/R06;S|B|3|paragraph_continuation:1/R06;Z||4|&L:1/R06
lkaiin,9,9,R00,1.0,0.0,1.0,1.0,2,1,1,0,G2,0.444,0.878,0.556,2,S,0.889,0.503,1,B,1.0,0.0,2,3,0.889,0.503,1,paragraph_continuation,1.0,0.0,1.0,LOW_POWER_TOKEN,LOW_SUPPORT_OR_POLYFUNCTIONAL,LOW,"f76r.44,+P0;f104r.33,+P0;f107r.28,+P0;f107r.35,+P0;f107r.36,+P0;f107v.30,+P0;f108v.49,+P0;f113r.44,+P0;f115v.39,+P0",S|B|3|paragraph_continuation:8/R00;T|B|2|paragraph_continuation:1/R00
lkeey,9,9,R00,1.0,0.0,1.0,1.0,2,1,1,0,G2,0.556,0.853,0.556,2,S,0.889,0.503,1,B,1.0,0.0,2,3,0.889,0.503,1,paragraph_continuation,1.0,0.0,1.0,LOW_POWER_TOKEN,LOW_SUPPORT_OR_POLYFUNCTIONAL,LOW,"f84v.13,+P0;f106r.26,+P0;f111r.45,+P0;f111r.49,+P0;f111v.21,+P0;f111v.38,+P0;f111v.39,+P0;f112r.24,+P0;f115v.14,+P0",B|B|2|paragraph_continuation:1/R00;S|B|3|paragraph_continuation:8/R00
odaiin,9,9,R10,1.0,0.0,1.0,1.0,5,1,1,0,G3C,0.556,0.853,0.778,4,H,0.667,0.723,3,A,0.667,0.773,4,1,0.667,0.723,3,paragraph_continuation,0.778,0.622,0.778,LOW_POWER_TOKEN,LOW_SUPPORT_OR_POLYFUNCTIONAL,LOW,"f3r.20,+P0;f7r.4,+P0;f9r.1,@P0;f17v.3,+P0;f17v.20,+P0;f51r.8,+P0;f68r2.9,@Ls;f86v3.17,+P0;f105r.28,+P0",A||4|label_or_marginal:1/R10;C|B|2|paragraph_continuation:1/R10;H|A|1|paragraph_continuation:5/R10;H|A|1|paragraph_start:1/R10;S|B|3|paragraph_continuation:1/R10
okchy,9,9,R00,1.0,0.0,1.0,1.0,6,1,1,0,G3C,0.444,0.966,0.778,4,H,0.444,0.876,3,A,0.444,0.966,3,1,0.444,0.878,4,paragraph_continuation,0.667,0.723,0.667,LOW_POWER_TOKEN,LOW_SUPPORT_OR_POLYFUNCTIONAL,LOW,"f13r.6,+P0;f22r.3,+P0;f44r.10,+P0;f45v.4,+P0;f67r2.5,&L0;f68v3.14,@Cc;f85r1.19,+Pr;fRos.51,@L0;fRos.140,+Pb",A||4|&L:1/R00;C|B|4|label_or_marginal:1/R00;C|B|4|paragraph_continuation:1/R00;C||4|circular/diagram_text:1/R00;H|A|1|paragraph_continuation:4/R00;T|B|2|paragraph_continuation:1/R00
okeol,9,9,R06,1.0,0.0,1.0,1.0,7,2,2,0,G3C,0.444,0.966,0.889,6,A,0.222,0.968,3,A,0.333,1.0,4,1,0.333,0.946,4,paragraph_continuation,0.667,0.723,0.667,LOW_POWER_TOKEN,LOW_SUPPORT_OR_POLYFUNCTIONAL,LOW,"f17v.14,+P0;f67r1.17,@Ri;f68r3.22,@Cc;f72v1.32,&Lz;f81v.26,+P0;f99v.23,+P0;f101v.26,+P0;f107r.10,+P0;f108r.48,+P0",A||4|circular/diagram_text:1/R06;A||4|radial/ring_text:1/R06;B|B|2|paragraph_continuation:1/R06;H|A|1|paragraph_continuation:1/R06;P|A|1|paragraph_continuation:2/R06;S|B|3|paragraph_continuation:2/R06
olkeey,9,9,R00,1.0,0.0,1.0,1.0,2,2,2,0,G1,0.556,0.853,0.556,2,B,0.556,0.991,1,B,1.0,0.0,2,2,0.556,0.991,1,paragraph_continuation,1.0,0.0,1.0,LOW_POWER_TOKEN,LOW_SUPPORT_OR_POLYFUNCTIONAL,LOW,"f75r.24,+P0;f76v.17,+P0;f80r.35,+P0;f84v.6,+P0;f84v.14,+P0;f103v.5,+P0;f107r.2,+P0;f113v.24,+P0;f114v.9,+P0",B|B|2|paragraph_continuation:5/R00;S|B|3|paragraph_continuation:4/R00
opchey,9,9,R00,1.0,0.0,1.0,1.0,7,2,2,0,G3C,0.444,0.966,0.778,6,S,0.333,0.936,3,B,0.556,0.906,4,3,0.333,0.946,3,paragraph_continuation,0.667,0.773,0.667,LOW_POWER_TOKEN,LOW_SUPPORT_OR_POLYFUNCTIONAL,LOW,"f19v.1,@P0;f58v.12,+P0;f68r2.1,@P0;f70v1.3,&Lz;f76r.40,+P0;f80r.40,+P0;f83v.33,+P0;f105r.28,+P0;f111v.45,+P0",A||4|paragraph_start:1/R00;B|B|2|paragraph_continuation:2/R00;H|A|1|paragraph_start:1/R00;S|A|3|paragraph_continuation:1/R00;S|B|3|paragraph_continuation:2/R00;T|B|2|paragraph_continuation:1/R00
otal,9,8,R01,1.0,0.0,1.0,1.0,2,2,2,0,G2,0.556,0.991,0.556,2,B,0.556,0.991,1,B,1.0,0.0,2,2,0.556,0.991,1,paragraph_continuation,1.0,0.0,1.0,LOW_POWER_TOKEN,LOW_SUPPORT_OR_POLYFUNCTIONAL,LOW,"f79r.16,+P0;f80r.14,+P0;f84v.13,+P0;f84v.31,+P0;f103v.25,+P0;f107r.41,+P0;f107v.2,+P0;f116r.15,+P0",B|B|2|paragraph_continuation:5/R01;S|B|3|paragraph_continuation:4/R01
otaly,9,9,R00,1.0,0.0,1.0,1.0,5,3,3,0,G3C,0.889,0.503,1.0,4,Z,0.556,0.829,3,nan,0.556,0.853,4,4,0.556,0.829,3,label_or_marginal,0.556,0.853,0.556,LOW_POWER_TOKEN,COMPACT_LABEL_OR_INDEX_LEXEME_CANDIDATE,LOW_MEDIUM,"f58v.28,+P0;f70v2.15,&Lz;f70v1.6,&Lz;f72v3.31,&Lz;f73r.1,@Lz;f73r.6,@Lz;f84r.47,@Lt;f88r.6,@Lf;f99v.6,@Lf",B|B|2|label_or_marginal:1/R00;P|A|1|label_or_marginal:2/R00;S|A|3|paragraph_continuation:1/R00;Z||4|&L:3/R00;Z||4|label_or_marginal:2/R00
otchdy,9,9,R00,1.0,0.0,1.0,1.0,9,0,0,0,G3C,0.444,0.878,1.0,5,B,0.333,0.946,2,B,0.778,0.764,5,4,0.333,0.91,4,paragraph_continuation,0.444,0.876,0.778,LOW_POWER_TOKEN,LOW_SUPPORT_OR_POLYFUNCTIONAL,LOW,"f66r.76,+P0;f67v2.1,@La;f68v2.14,@Ro;f77r.49,@Ln;f83r.47,@Pb;f84r.42,+P1;fRos.50,@L0;f104r.6,+P0;f115r.16,+P0",A||4|radial/ring_text:1/R00;B|B|2|label_or_marginal:1/R00;B|B|2|paragraph_continuation:1/R00;B|B|2|paragraph_start:1/R00;C|B|4|label_or_marginal:1/R00;C||4|label_or_marginal:1/R00
pchedy,9,9,R06,1.0,0.0,1.0,1.0,5,1,1,0,G2,0.778,0.764,0.889,4,B,0.556,0.829,1,B,1.0,0.0,3,2,0.778,0.622,1,paragraph_continuation,1.0,0.0,1.0,LOW_POWER_TOKEN,FRAME_ARGUMENT_OR_FILLER_LEXEME_CANDIDATE,LOW_MEDIUM,"f40v.19,+Pc;f66r.79,+P0;f75r.7,+P0;f75r.13,+P0;f81r.8,+P0;f81r.26,+P0;f82r.27,+P0;f85r1.7,+P0;f111v.29,+P0",B|B|2|paragraph_continuation:5/R06;H|B|2|paragraph_continuation:1/R06;S|B|3|paragraph_continuation:1/R06;T|B|2|paragraph_continuation:1/R06;T|B|5|paragraph_continuation:1/R06
qokchey,9,9,H08,1.0,0.0,1.0,1.0,5,2,2,0,G2,0.667,0.918,0.778,5,B,0.333,0.91,1,B,1.0,0.0,3,2,0.556,0.853,1,paragraph_continuation,1.0,0.0,1.0,LOW_POWER_TOKEN,LOW_SUPPORT_OR_POLYFUNCTIONAL,LOW,"f40v.15,+P0;f66r.61,+P0;f79v.2,+P0;f82v.16,+P0;f84v.38,+P0;f86v3.17,+P0;f107r.36,+P0;f107v.11,+P0;f107v.18,+P0",B|B|2|paragraph_continuation:3/H08;C|B|2|paragraph_continuation:1/H08;H|B|2|paragraph_continuation:1/H08;S|B|3|paragraph_continuation:3/H08;T|B|5|paragraph_continuation:1/H08
qokeol,9,9,H08,1.0,0.0,1.0,1.0,4,3,3,0,G1,0.556,0.991,0.667,3,H,0.444,0.966,2,A,0.778,0.764,2,1,0.667,0.918,1,paragraph_continuation,1.0,0.0,1.0,LOW_POWER_TOKEN,LOW_SUPPORT_OR_POLYFUNCTIONAL,LOW,"f21r.6,+P0;f51r.10,+P0;f58v.25,+P0;f89r1.8,+P0;f90v2.6,+P0;f96r.5,+P0;f100v.17,+P0;f111v.5,+P0;f112v.21,+P0",H|A|1|paragraph_continuation:4/H08;P|A|1|paragraph_continuation:2/H08;S|A|3|paragraph_continuation:1/H08;S|B|3|paragraph_continuation:2/H08
d,8,8,R06,1.0,0.0,1.0,1.0,5,1,1,0,G3C,0.875,0.544,1.0,3,T,0.625,0.819,3,B,0.625,0.819,4,5,0.5,0.875,3,+L,0.5,0.887,0.625,LOW_POWER_TOKEN,COMPACT_LABEL_OR_INDEX_LEXEME_CANDIDATE,LOW_MEDIUM,"f13r.6,+P0;f49v.43,*L0;f66r.21,+L0;f66r.27,+L0;f66r.34,+L0;f66r.49,+L0;f69r.45,@L0;f76r.7,*L0",C||4|label_or_marginal:1/R06;H|A|1|label_or_marginal:1/R06;H|A|1|paragraph_continuation:1/R06;T|B|2|label_or_marginal:1/R06;T|B|5|+L:4/R06
keedy,8,8,R06,1.0,0.0,1.0,1.0,4,1,1,0,G1,0.375,0.985,0.625,4,S,0.625,0.774,2,B,0.875,0.544,4,3,0.625,0.774,2,paragraph_continuation,0.875,0.544,0.875,LOW_POWER_TOKEN,LOW_SUPPORT_OR_POLYFUNCTIONAL,LOW,"f66v.8,+P0;f73r.9,&Lz;f75r.13,+P0;f111r.6,+P0;f111r.17,+P0;f112v.21,+P0;f116r.15,+P0;f116r.29,+P0",B|B|2|paragraph_continuation:1/R06;H|B|5|paragraph_continuation:1/R06;S|B|3|paragraph_continuation:5/R06;Z||4|&L:1/R06
lshey,8,8,R00,1.0,0.0,1.0,1.0,3,2,2,0,G2,0.75,0.67,0.75,3,S,0.5,0.887,1,B,1.0,0.0,2,2,0.5,1.0,1,paragraph_continuation,1.0,0.0,1.0,LOW_POWER_TOKEN,FRAME_ARGUMENT_OR_FILLER_LEXEME_CANDIDATE,LOW_MEDIUM,"f76r.35,+P0;f76v.18,+P0;f79v.2,+P0;f79v.34,+P0;f103v.34,+P0;f111r.12,+P0;f111v.9,+P0;f116r.29,+P0",B|B|2|paragraph_continuation:3/R00;S|B|3|paragraph_continuation:4/R00;T|B|2|paragraph_continuation:1/R00
ody,8,8,R00,1.0,0.0,1.0,1.0,5,2,2,0,G3C,0.375,0.985,0.875,3,H,0.75,0.67,3,B,0.5,0.887,4,1,0.375,0.906,2,paragraph_continuation,0.875,0.544,0.875,LOW_POWER_TOKEN,LOW_SUPPORT_OR_POLYFUNCTIONAL,LOW,"f10r.4,+P0;f33r.3,+P0;f43r.3,+P0;f43v.3,+P0;f53r.3,+P0;f70v2.6,&Lz;f95r2.5,+P0;f101v.26,+P0",H|A|1|paragraph_continuation:2/R00;H|B|2|paragraph_continuation:3/R00;H|B|3|paragraph_continuation:1/R00;P|A|1|paragraph_continuation:1/R00;Z||4|&L:1/R00
okaly,8,8,R00,1.0,0.0,1.0,1.0,5,1,1,0,G3C,0.625,0.954,1.0,4,Z,0.5,0.875,3,nan,0.5,0.887,3,4,0.5,0.887,3,&L,0.5,0.887,0.5,LOW_POWER_TOKEN,LOW_SUPPORT_OR_POLYFUNCTIONAL,LOW,"f34r.13,+P0;f58v.6,+P0;f72r2.10,&Lz;f72r2.18,&Lz;f72v3.9,&Lz;f72v3.17,&Lz;f80r.3,=Ln;f84v.2,+P1",B|B|2|=L:1/R00;B|B|2|paragraph_continuation:1/R00;H|B|2|paragraph_continuation:1/R00;S|A|3|paragraph_continuation:1/R00;Z||4|&L:4/R00
okary,8,8,R00,1.0,0.0,1.0,1.0,7,1,1,0,G3C,0.75,0.67,1.0,5,H,0.25,0.969,3,A,0.375,0.985,4,1,0.375,0.953,4,paragraph_continuation,0.375,0.906,0.375,LOW_POWER_TOKEN,COMPACT_LABEL_OR_INDEX_LEXEME_CANDIDATE,LOW_MEDIUM,"f3v.10,+P0;f40v.18,+P0;f72v3.27,&Lz;f73r.23,@Lz;f80r.5,=Ln;f99r.2,@Lf;f99r.11,@Lf;f114v.17,+P0",B|B|2|=L:1/R00;H|A|1|paragraph_continuation:1/R00;H|B|2|paragraph_continuation:1/R00;P|A|1|label_or_marginal:2/R00;S|B|3|paragraph_continuation:1/R00;Z||4|&L:1/R00
okchdy,8,8,R00,1.0,0.0,1.0,1.0,6,2,2,0,G3C,0.875,0.544,1.0,4,B,0.5,0.875,2,B,0.875,0.544,2,2,0.625,0.954,4,label_or_marginal,0.5,0.875,0.875,LOW_POWER_TOKEN,COMPACT_LABEL_OR_INDEX_LEXEME_CANDIDATE,LOW_MEDIUM,"f68r1.37,@Cc;f75r.15,+P0;f78r.2,@Lt;f83v.34,@Ln;f84v.46,@Pb;f85r1.19,+Pr;fRos.90,@L0;fRos.125,@L0",A||4|circular/diagram_text:1/R00;B|B|2|label_or_marginal:2/R00;B|B|2|paragraph_continuation:1/R00;B|B|2|paragraph_start:1/R00;C|B|4|label_or_marginal:2/R00;T|B|2|paragraph_continuation:1/R00
olchedy,8,8,R00,1.0,0.0,1.0,1.0,2,2,2,0,G2,0.625,0.954,0.625,2,B,0.75,0.811,1,B,1.0,0.0,2,2,0.75,0.811,1,paragraph_continuation,1.0,0.0,1.0,LOW_POWER_TOKEN,LOW_SUPPORT_OR_POLYFUNCTIONAL,LOW,"f75r.9,+P0;f75v.45,+P0;f83r.6,+P0;f84r.29,+P0;f84v.26,+P0;f84v.27,+P0;f111r.6,+P0;f113v.14,+P0",B|B|2|paragraph_continuation:6/R00;S|B|3|paragraph_continuation:2/R00
opchedy,8,7,R00,1.0,0.0,1.0,1.0,4,1,1,0,G2,0.375,0.985,0.75,3,S,0.75,0.67,1,B,1.0,0.0,2,3,0.75,0.811,2,paragraph_continuation,0.875,0.544,1.0,LOW_POWER_TOKEN,LOW_SUPPORT_OR_POLYFUNCTIONAL,LOW,"f26v.5,+P0;f79v.29,+P0;f103v.30,+P0;f104v.1,@P0;f111v.34,+P0;f111v.45,+P0;f112r.27,+P0",B|B|2|paragraph_continuation:1/R00;H|B|2|paragraph_continuation:1/R00;S|B|3|paragraph_continuation:5/R00;S|B|3|paragraph_start:1/R00
otam,8,8,R06,1.0,0.0,1.0,1.0,4,2,2,0,G1,0.5,0.946,0.625,4,S,0.5,0.875,3,B,0.625,0.819,4,3,0.5,0.875,2,paragraph_continuation,0.875,0.544,0.875,LOW_POWER_TOKEN,LOW_SUPPORT_OR_POLYFUNCTIONAL,LOW,"f19v.11,+P0;f24r.17,+P0;f72r2.29,&Lz;f75r.44,+P0;f104v.20,+P0;f107r.41,+P0;f111r.17,+P0;f112v.39,+P0",B|B|2|paragraph_continuation:1/R06;H|A|1|paragraph_continuation:2/R06;S|B|3|paragraph_continuation:4/R06;Z||4|&L:1/R06
otol,8,7,R01,1.0,0.0,1.0,1.0,4,3,3,0,G1,0.625,0.954,0.875,4,B,0.375,0.953,2,B,0.625,0.954,3,1,0.375,0.985,1,paragraph_continuation,1.0,0.0,1.0,LOW_POWER_TOKEN,LOW_SUPPORT_OR_POLYFUNCTIONAL,LOW,"f28r.4,+P0;f79v.35,+P0;f80r.21,+P0;f84v.17,+P0;f88v.18,+P0;f105r.21,+P0;f107v.11,+P0",B|B|2|paragraph_continuation:3/R01;H|A|1|paragraph_continuation:2/R01;P|A|1|paragraph_continuation:1/R01;S|B|3|paragraph_continuation:2/R01
qokeody,8,6,H11,1.0,0.0,1.0,1.0,3,2,2,0,G2,0.75,0.811,0.875,3,P,0.625,0.819,2,A,0.75,0.811,2,1,0.75,0.811,1,paragraph_continuation,1.0,0.0,1.0,LOW_POWER_TOKEN,RELATIONAL_OPERATOR_OR_FRAME_TRIGGER_CANDIDATE,MEDIUM,"f66r.54,+P0;f88v.7,+P0;f88v.16,+P0;f88v.17,+P0;f96r.2,+P0;f101v.26,+P0",H|A|1|paragraph_continuation:1/H11;P|A|1|paragraph_continuation:5/H11;T|B|5|paragraph_continuation:2/H11
sheody,8,8,R06,1.0,0.0,1.0,1.0,5,3,3,0,G2,0.625,0.819,0.875,5,H,0.25,0.969,3,B,0.625,0.819,5,2,0.25,0.969,2,paragraph_continuation,0.875,0.544,0.875,LOW_POWER_TOKEN,LOW_SUPPORT_OR_POLYFUNCTIONAL,LOW,"f34r.2,+P0;f43v.8,+P0;f66r.77,+P0;f67r2.44,@Pb;f88v.16,+P0;f102v1.23,+P0;f104v.31,+P0;f113r.36,+P0",A||4|paragraph_start:1/R06;H|B|2|paragraph_continuation:2/R06;P|A|1|paragraph_continuation:2/R06;S|B|3|paragraph_continuation:2/R06;T|B|5|paragraph_continuation:1/R06
ykar,8,8,R06,1.0,0.0,1.0,1.0,4,1,1,0,G2,0.625,0.954,0.875,4,H,0.625,0.774,2,B,0.875,0.544,3,2,0.75,0.67,2,paragraph_continuation,0.875,0.544,0.875,LOW_POWER_TOKEN,LOW_SUPPORT_OR_POLYFUNCTIONAL,LOW,"f43r.5,+P0;f43v.8,+P0;f46v.13,+P1;f50v.8,+P0;f55r.2,+P0;f67r2.9,&L0;f76r.44,+P0;f114r.34,+Pr",A||4|&L:1/R06;H|B|2|paragraph_continuation:5/R06;S|B|3|paragraph_continuation:1/R06;T|B|2|paragraph_continuation:1/R06
ykedy,8,8,R00,1.0,0.0,1.0,1.0,6,2,2,0,G2,0.375,0.985,0.875,4,H,0.375,0.906,1,B,1.0,0.0,4,2,0.625,0.774,3,paragraph_continuation,0.75,0.67,1.0,LOW_POWER_TOKEN,LOW_SUPPORT_OR_POLYFUNCTIONAL,LOW,"f31r.13,+P0;f34r.7,+P0;f41r.10,+P0;f75v.35,+Ln;f84r.44,+P1;f84v.18,+P0;fRos.126,@L0;f112r.25,+P0",B|B|2|+L:1/R00;B|B|2|paragraph_continuation:2/R00;C|B|4|label_or_marginal:1/R00;H|B|2|paragraph_continuation:2/R00;H|B|5|paragraph_continuation:1/R00;S|B|3|paragraph_continuation:1/R00
air,7,7,R00,1.0,0.0,1.0,1.0,5,2,2,0,G2,0.429,0.914,0.857,4,S,0.571,0.832,3,B,0.429,0.982,3,3,0.571,0.87,4,paragraph_continuation,0.571,0.832,0.571,LOW_POWER_TOKEN,LOW_SUPPORT_OR_POLYFUNCTIONAL,LOW,"f58v.14,+P0;f58v.15,+P0;f66r.26,+L0;f67r2.64,@L0;f69r.10,&L0;f111v.4,+P0;f111v.21,+P0",A||4|label_or_marginal:1/R00;C||4|&L:1/R00;S|A|3|paragraph_continuation:2/R00;S|B|3|paragraph_continuation:2/R00;T|B|5|+L:1/R00
ary,7,7,R00,1.0,0.0,1.0,1.0,6,1,1,0,G3C,1.0,0.0,1.0,5,A,0.286,0.963,3,nan,0.571,0.87,3,4,0.714,0.725,4,&L,0.429,0.921,0.714,LOW_POWER_TOKEN,COMPACT_LABEL_OR_INDEX_LEXEME_CANDIDATE,LOW_MEDIUM,"f67r1.11,@Ri;f67v1.3,&L0;f72r1.16,&Lz;f72r2.12,&Lz;f78v.29,+P0;fRos.73,@L0;f99v.5,@Lf",A||4|&L:1/R00;A||4|radial/ring_text:1/R00;B|B|2|paragraph_continuation:1/R00;C|B|4|label_or_marginal:1/R00;P|A|1|label_or_marginal:1/R00;Z||4|&L:2/R00
checkhy,7,7,R00,1.0,0.0,1.0,1.0,3,2,2,0,G2,0.571,0.87,0.571,3,B,0.571,0.87,2,B,0.857,0.592,3,2,0.571,0.87,1,paragraph_continuation,1.0,0.0,1.0,LOW_POWER_TOKEN,LOW_SUPPORT_OR_POLYFUNCTIONAL,LOW,"f75r.9,+P0;f78r.14,+P0;f83v.19,+P0;f84r.29,+P0;f88v.25,+P0;f103v.34,+P0;f112r.36,+P0",B|B|2|paragraph_continuation:4/R00;P|A|1|paragraph_continuation:1/R00;S|B|3|paragraph_continuation:2/R00
chky,7,6,R00,1.0,0.0,1.0,1.0,3,2,2,0,G2,0.714,0.725,0.857,3,H,0.571,0.87,2,B,0.857,0.592,3,2,0.571,0.87,2,paragraph_continuation,0.857,0.592,0.857,LOW_POWER_TOKEN,LOW_SUPPORT_OR_POLYFUNCTIONAL,LOW,"f43r.3,+P0;f43v.3,+P0;f55r.3,+P0;f68r3.15,@Ls;f107r.33,+P0;f107v.11,+P0",A||4|label_or_marginal:1/R00;H|B|2|paragraph_continuation:4/R00;S|B|3|paragraph_continuation:2/R00
chocthy,7,7,R00,1.0,0.0,1.0,1.0,4,1,1,0,G3C,0.714,0.725,0.857,3,H,0.714,0.725,2,A,0.714,0.863,3,1,0.714,0.725,1,paragraph_continuation,1.0,0.0,1.0,LOW_POWER_TOKEN,LOW_SUPPORT_OR_POLYFUNCTIONAL,LOW,"f1r.8,+P0;f19v.6,+P0;f20v.10,+P0;f32v.9,+P0;f35v.5,+P0;f43v.3,+P0;f114r.45,+P0",H|A|1|paragraph_continuation:4/R00;H|B|2|paragraph_continuation:1/R00;S|B|3|paragraph_continuation:1/R00;T|A|1|paragraph_continuation:1/R00
chos,7,7,R00,1.0,0.0,1.0,1.0,5,1,1,0,G3C,0.571,0.87,0.714,4,H,0.429,0.921,3,A,0.571,0.87,4,1,0.571,0.832,1,paragraph_continuation,1.0,0.0,1.0,LOW_POWER_TOKEN,LOW_SUPPORT_OR_POLYFUNCTIONAL,LOW,"f42r.22,+P0;f53r.7,+P0;f67r2.42,+Pb;f90r2.2,+P0;f102r1.14,+P0;f114v.17,+P0;f115r.28,+P0",A||4|paragraph_continuation:1/R00;H|A|1|paragraph_continuation:3/R00;P|A|1|paragraph_continuation:1/R00;S|B|3|paragraph_continuation:1/R00;S|B|@|paragraph_continuation:1/R00
da,7,7,R06,1.0,0.0,1.0,1.0,4,1,1,0,G1,0.571,0.985,0.857,3,H,0.714,0.725,2,A,0.714,0.863,3,1,0.714,0.725,1,paragraph_continuation,1.0,0.0,1.0,LOW_POWER_TOKEN,LOW_SUPPORT_OR_POLYFUNCTIONAL,LOW,"f14r.2,+P0;f17r.9,+P0;f24r.4,+P0;f32v.10,+P0;f40r.5,+P0;f89v1.19,+P0;f114r.44,+P0",H|A|1|paragraph_continuation:4/R06;H|B|2|paragraph_continuation:1/R06;P|A|1|paragraph_continuation:1/R06;S|B|3|paragraph_continuation:1/R06
daly,7,7,R09,1.0,0.0,1.0,1.0,6,1,1,0,G2,0.571,0.87,1.0,5,T,0.286,0.963,3,B,0.571,0.87,4,2,0.286,0.975,2,paragraph_continuation,0.857,0.592,0.857,LOW_POWER_TOKEN,LOW_SUPPORT_OR_POLYFUNCTIONAL,LOW,"f34r.13,+P0;f58v.35,+P0;f66r.61,+P0;f66r.70,+P0;f67v2.8,+Pb;f69r.27,@Ro;f80r.40,+P0",B|B|2|paragraph_continuation:1/R09;C||4|paragraph_continuation:1/R09;C||4|radial/ring_text:1/R09;H|B|2|paragraph_continuation:1/R09;S|A|3|paragraph_continuation:1/R09;T|B|5|paragraph_continuation:2/R09
kaiin,7,6,R06,1.0,0.0,1.0,1.0,3,3,3,0,G2,0.571,0.87,0.857,2,H,0.714,0.863,2,B,0.571,0.985,3,1,0.429,0.982,1,paragraph_continuation,1.0,0.0,1.0,LOW_POWER_TOKEN,LOW_SUPPORT_OR_POLYFUNCTIONAL,LOW,"f8r.19,+P0;f29r.7,+P0;f43r.3,+P0;f55r.9,+P0;f107r.26,+P0;f107r.33,+P0",H|A|1|paragraph_continuation:3/R06;H|B|2|paragraph_continuation:2/R06;S|B|3|paragraph_continuation:2/R06
kol,7,7,R06,1.0,0.0,1.0,1.0,4,1,1,0,G2,0.429,0.982,0.714,3,H,0.571,0.87,2,A,0.714,0.863,2,1,0.714,0.863,2,paragraph_continuation,0.857,0.592,0.857,LOW_POWER_TOKEN,LOW_SUPPORT_OR_POLYFUNCTIONAL,LOW,"f21r.6,+P0;f24r.19,+P0;f28r.8,+P0;f51r.12,+P0;f84r.13,@P0;f84v.17,+P0;f101v.26,+P0",B|B|2|paragraph_continuation:1/R06;B|B|2|paragraph_start:1/R06;H|A|1|paragraph_continuation:4/R06;P|A|1|paragraph_continuation:1/R06
lchey,7,7,R00,1.0,0.0,1.0,1.0,3,2,2,0,G2,0.571,0.985,0.857,3,B,0.571,0.87,1,B,1.0,0.0,3,2,0.571,0.87,1,paragraph_continuation,1.0,0.0,1.0,LOW_POWER_TOKEN,LOW_SUPPORT_OR_POLYFUNCTIONAL,LOW,"f66r.76,+P0;f79r.15,+P0;f80r.14,+P0;f82v.16,+P0;f84v.39,+P0;f111r.17,+P0;f111v.35,+P0",B|B|2|paragraph_continuation:4/R00;S|B|3|paragraph_continuation:2/R00;T|B|5|paragraph_continuation:1/R00
lkedy,7,7,R00,1.0,0.0,1.0,1.0,3,2,2,0,G1,0.714,0.725,0.714,3,S,0.571,0.87,1,B,1.0,0.0,2,3,0.571,0.985,1,paragraph_continuation,1.0,0.0,1.0,LOW_POWER_TOKEN,LOW_SUPPORT_OR_POLYFUNCTIONAL,LOW,"f76r.52,+P0;f76v.17,+P0;f83r.21,+P0;f105r.21,+P0;f111v.9,+P0;f112r.24,+P0;f113r.44,+P0",B|B|2|paragraph_continuation:2/R00;S|B|3|paragraph_continuation:4/R00;T|B|2|paragraph_continuation:1/R00
oiin,7,7,R00,1.0,0.0,1.0,1.0,4,2,2,0,G2,0.571,0.87,0.857,4,B,0.429,0.921,3,B,0.714,0.725,4,2,0.429,0.921,1,paragraph_continuation,1.0,0.0,1.0,LOW_POWER_TOKEN,LOW_SUPPORT_OR_POLYFUNCTIONAL,LOW,"f67r2.40,+Pb;f75v.45,+P0;f79v.40,+P0;f81v.26,+P0;f101v.26,+P0;f107r.15,+P0;f107r.39,+P0",A||4|paragraph_continuation:1/R00;B|B|2|paragraph_continuation:3/R00;P|A|1|paragraph_continuation:1/R00;S|B|3|paragraph_continuation:2/R00
okaldy,7,7,R00,1.0,0.0,1.0,1.0,5,2,2,0,G3C,0.429,0.982,0.857,4,S,0.286,0.975,3,A,0.429,0.982,4,3,0.286,0.975,3,paragraph_continuation,0.571,0.87,0.571,LOW_POWER_TOKEN,LOW_SUPPORT_OR_POLYFUNCTIONAL,LOW,"f58v.10,+P0;f58v.28,+P0;f72r2.27,&Lz;f72v3.18,&Lz;f75r.27,+P0;f82r.37,@Ln;f89v1.16,+P0",B|B|2|label_or_marginal:1/R00;B|B|2|paragraph_continuation:1/R00;P|A|1|paragraph_continuation:1/R00;S|A|3|paragraph_continuation:2/R00;Z||4|&L:2/R00
okor,7,7,R00,1.0,0.0,1.0,1.0,6,1,1,0,G3C,0.714,0.863,0.857,5,H,0.429,0.917,2,A,0.714,0.863,4,1,0.571,0.832,3,paragraph_continuation,0.429,0.914,0.714,LOW_POWER_TOKEN,LOW_SUPPORT_OR_POLYFUNCTIONAL,LOW,"f9r.3,+P0;f42v.16,=Pt;f54r.11,+P0;f58v.38,+P0;f82r.34,@Ln;fRos.43,@L0;f99r.8,@Lf",B|B|2|label_or_marginal:1/R00;C|B|4|label_or_marginal:1/R00;H|A|1|paragraph_continuation:2/R00;H|A|1|paragraph_terminal_or_label:1/R00;P|A|1|label_or_marginal:1/R00;S|A|3|paragraph_continuation:1/R00
olchey,7,7,R00,1.0,0.0,1.0,1.0,3,2,2,0,G2,0.571,0.87,0.714,3,B,0.571,0.87,1,B,1.0,0.0,3,2,0.571,0.87,2,paragraph_continuation,0.857,0.592,1.0,LOW_POWER_TOKEN,LOW_SUPPORT_OR_POLYFUNCTIONAL,LOW,"f75r.29,+P0;f84r.18,+P0;f84v.24,+P0;f84v.39,+P0;fRos.142,@Pb;f103v.15,+P0;f113v.12,+P0",B|B|2|paragraph_continuation:4/R00;C|B|4|paragraph_start:1/R00;S|B|3|paragraph_continuation:2/R00
oldy,7,7,R00,1.0,0.0,1.0,1.0,6,1,1,0,G2,0.571,0.985,1.0,5,H,0.286,0.963,3,B,0.571,0.87,3,2,0.571,0.87,4,paragraph_continuation,0.571,0.832,0.571,LOW_POWER_TOKEN,LOW_SUPPORT_OR_POLYFUNCTIONAL,LOW,"f13r.9,+P0;f40v.1,@P0;f67r2.14,+Pb;f76r.8,=P0;f81v.3,+P0;f84v.29,+P0;f99v.4,@Lf",A||4|paragraph_continuation:1/R00;B|B|2|paragraph_continuation:2/R00;H|A|1|paragraph_continuation:1/R00;H|B|2|paragraph_start:1/R00;P|A|1|label_or_marginal:1/R00;T|B|2|paragraph_terminal_or_label:1/R00
olkedy,7,7,R00,1.0,0.0,1.0,1.0,1,1,1,0,G1,0.429,0.914,0.429,1,B,1.0,0.0,1,B,1.0,0.0,1,2,1.0,0.0,1,paragraph_continuation,1.0,0.0,1.0,LOW_POWER_TOKEN,LOW_SUPPORT_OR_POLYFUNCTIONAL,LOW,"f76v.18,+P0;f78r.5,+P0;f80v.18,+P0;f81r.27,+P0;f84r.16,+P0;f84r.31,+P0;f84v.7,+P0",B|B|2|paragraph_continuation:7/R00
ory,7,7,R00,1.0,0.0,1.0,1.0,6,1,1,0,G3C,0.571,0.87,0.857,4,B,0.429,0.921,3,B,0.571,0.87,4,2,0.429,0.921,3,paragraph_continuation,0.714,0.725,0.714,LOW_POWER_TOKEN,LOW_SUPPORT_OR_POLYFUNCTIONAL,LOW,"f58v.10,+P0;f72r3.18,&Lz;f75v.27,+Ln;f79v.5,+P0;f80r.25,+P0;f101v.26,+P0;f116r.29,+P0",B|B|2|+L:1/R00;B|B|2|paragraph_continuation:2/R00;P|A|1|paragraph_continuation:1/R00;S|A|3|paragraph_continuation:1/R00;S|B|3|paragraph_continuation:1/R00;Z||4|&L:1/R00
qockhey,7,7,H07,1.0,0.0,1.0,1.0,4,2,2,0,G2,1.0,0.0,1.0,4,H,0.429,0.921,2,A,0.714,0.863,3,1,0.714,0.725,1,paragraph_continuation,1.0,0.0,1.0,LOW_POWER_TOKEN,RELATIONAL_OPERATOR_OR_FRAME_TRIGGER_CANDIDATE,LOW_MEDIUM,"f51r.5,+P0;f51r.12,+P0;f76r.47,+P0;f90r2.2,+P0;f102r2.10,+P0;f102v1.23,+P0;f111r.49,+P0",H|A|1|paragraph_continuation:3/H07;P|A|1|paragraph_continuation:2/H07;S|B|3|paragraph_continuation:1/H07;T|B|2|paragraph_continuation:1/H07
qotol,7,7,H13,1.0,0.0,1.0,1.0,5,1,1,0,G1,1.0,0.0,1.0,4,B,0.571,0.832,2,B,0.857,0.592,3,2,0.714,0.725,2,paragraph_continuation,0.857,0.592,0.857,LOW_POWER_TOKEN,RELATIONAL_OPERATOR_OR_FRAME_TRIGGER_CANDIDATE,LOW_MEDIUM,"f19v.11,+P0;f77r.15,+P0;f77v.6,@P0;f80v.23,+P0;f80v.24,+P0;f86v6.28,+P0;f104v.19,+P0",B|B|2|paragraph_continuation:3/H13;B|B|2|paragraph_start:1/H13;H|A|1|paragraph_continuation:1/H13;S|B|3|paragraph_continuation:1/H13;T|B|2|paragraph_continuation:1/H13
sair,7,7,R06,1.0,0.0,1.0,1.0,4,1,1,0,G2,0.429,0.982,0.857,4,S,0.571,0.832,3,B,0.714,0.725,4,3,0.571,0.832,2,paragraph_continuation,0.857,0.592,0.857,LOW_POWER_TOKEN,LOW_SUPPORT_OR_POLYFUNCTIONAL,LOW,"f8r.19,+P0;f66r.51,+P0;f69r.32,@Ro;f107r.10,+P0;f107r.17,+P0;f108v.26,+P0;f111v.21,+P0",C||4|radial/ring_text:1/R06;H|A|1|paragraph_continuation:1/R06;S|B|3|paragraph_continuation:4/R06;T|B|5|paragraph_continuation:1/R06
sheky,7,7,R06,1.0,0.0,1.0,1.0,5,1,1,0,G2,0.714,0.725,1.0,3,B,0.429,0.982,2,B,0.857,0.592,4,2,0.429,0.921,2,paragraph_continuation,0.857,0.592,0.857,LOW_POWER_TOKEN,LOW_SUPPORT_OR_POLYFUNCTIONAL,LOW,"f1r.3,+P0;f66r.54,+P0;f79v.21,+P0;f79v.40,+P0;f84v.6,+P0;f106r.1,@P0;f107r.15,+P0",B|B|2|paragraph_continuation:3/R06;S|B|3|paragraph_continuation:1/R06;S|B|3|paragraph_start:1/R06;T|A|1|paragraph_continuation:1/R06;T|B|5|paragraph_continuation:1/R06
sheo,7,7,R06,1.0,0.0,1.0,1.0,5,2,2,0,G2,0.857,0.592,0.857,3,H,0.429,0.982,2,A,0.857,0.592,2,1,0.714,0.863,2,paragraph_continuation,0.857,0.592,0.857,LOW_POWER_TOKEN,FRAME_ARGUMENT_OR_FILLER_LEXEME_CANDIDATE,LOW_MEDIUM,"f4v.2,+P0;f6r.8,+P0;f58v.35,+P0;f88v.16,+P0;f90r2.1,@P0;f102r2.5,+P0;f111v.21,+P0",H|A|1|paragraph_continuation:2/R06;H|A|1|paragraph_start:1/R06;P|A|1|paragraph_continuation:2/R06;S|A|3|paragraph_continuation:1/R06;S|B|3|paragraph_continuation:1/R06
sheor,7,7,R06,1.0,0.0,1.0,1.0,3,3,3,0,G1,0.571,0.985,0.714,3,B,0.429,0.982,2,A,0.571,0.985,2,1,0.571,0.985,1,paragraph_continuation,1.0,0.0,1.0,LOW_POWER_TOKEN,LOW_SUPPORT_OR_POLYFUNCTIONAL,LOW,"f77v.26,+P0;f79v.34,+P0;f81r.26,+P0;f88v.25,+P0;f89v1.10,+P0;f90v1.4,+P0;f96r.5,+P0",B|B|2|paragraph_continuation:3/R06;H|A|1|paragraph_continuation:2/R06;P|A|1|paragraph_continuation:2/R06
sy,7,7,R06,1.0,0.0,1.0,1.0,3,1,1,0,G1,0.429,0.982,0.571,3,H,0.714,0.725,2,A,0.857,0.592,2,1,0.857,0.592,1,paragraph_continuation,1.0,0.0,1.0,LOW_POWER_TOKEN,LOW_SUPPORT_OR_POLYFUNCTIONAL,LOW,"f1r.3,+P0;f13r.3,+P0;f15r.11,+P0;f17v.8,+P0;f45v.9,+P0;f75r.41,+P0;f90v1.4,+P0",B|B|2|paragraph_continuation:1/R06;H|A|1|paragraph_continuation:5/R06;T|A|1|paragraph_continuation:1/R06
taiin,7,7,R06,1.0,0.0,1.0,1.0,5,1,1,0,G3C,0.429,0.914,0.714,3,H,0.571,0.87,2,A,0.571,0.985,3,1,0.429,0.982,1,paragraph_continuation,1.0,0.0,1.0,LOW_POWER_TOKEN,LOW_SUPPORT_OR_POLYFUNCTIONAL,LOW,"f33r.4,+P0;f35r.3,+P0;f35r.12,+P0;f51r.5,+P0;f58v.18,+P0;f81r.28,+P0;f104r.22,+P0",B|B|2|paragraph_continuation:1/R06;H|A|1|paragraph_continuation:3/R06;H|B|2|paragraph_continuation:1/R06;S|A|3|paragraph_continuation:1/R06;S|B|3|paragraph_continuation:1/R06
yteedy,7,7,R00,1.0,0.0,1.0,1.0,5,1,1,0,G1,0.571,0.87,0.857,3,S,0.571,0.87,2,B,0.857,0.592,4,3,0.571,0.832,3,paragraph_continuation,0.714,0.725,0.857,LOW_POWER_TOKEN,LOW_SUPPORT_OR_POLYFUNCTIONAL,LOW,"f41r.7,+P0;f43r.3,+P0;f72v2.30,&Lz;f103r.33,+P0;f106r.1,@P0;f107r.10,+P0;f108r.46,+P0",H|B|2|paragraph_continuation:1/R00;H|B|5|paragraph_continuation:1/R00;S|B|3|paragraph_continuation:3/R00;S|B|3|paragraph_start:1/R00;Z||4|&L:1/R00
chckhey,6,6,R00,1.0,0.0,1.0,1.0,4,1,1,0,G3C,0.5,0.921,0.833,4,S,0.5,0.896,2,B,0.833,0.65,3,3,0.5,0.921,1,paragraph_continuation,1.0,0.0,1.0,LOW_POWER_TOKEN,LOW_SUPPORT_OR_POLYFUNCTIONAL,LOW,"f17v.12,+P0;f80r.12,+P0;f86v3.20,+P0;f104r.22,+P0;f113r.19,+P0;f116r.47,+P0",B|B|2|paragraph_continuation:1/R00;C|B|2|paragraph_continuation:1/R00;H|A|1|paragraph_continuation:1/R00;S|B|3|paragraph_continuation:3/R00
cheal,6,6,R00,1.0,0.0,1.0,1.0,2,1,1,0,G2,0.667,0.918,0.667,1,S,1.0,0.0,2,B,0.833,0.65,1,3,1.0,0.0,1,paragraph_continuation,1.0,0.0,1.0,LOW_POWER_TOKEN,LOW_SUPPORT_OR_POLYFUNCTIONAL,LOW,"f58v.12,+P0;f108v.49,+P0;f108v.52,+P0;f111r.48,+P0;f111v.31,+P0;f111v.51,+P0",S|A|3|paragraph_continuation:1/R00;S|B|3|paragraph_continuation:5/R00
chedaiin,6,6,R00,1.0,0.0,1.0,1.0,3,1,1,0,G1,0.667,0.79,0.833,3,S,0.667,0.79,2,B,0.833,0.65,3,3,0.667,0.79,1,paragraph_continuation,1.0,0.0,1.0,LOW_POWER_TOKEN,LOW_SUPPORT_OR_POLYFUNCTIONAL,LOW,"f67r2.39,+Pb;f77r.21,+P0;f107r.6,+P0;f112v.33,+P0;f114v.4,+P0;f114v.10,+P0",A||4|paragraph_continuation:1/R00;B|B|2|paragraph_continuation:1/R00;S|B|3|paragraph_continuation:4/R00
chockhy,6,6,R00,1.0,0.0,1.0,1.0,5,1,1,0,G3C,0.667,0.79,0.833,5,S,0.333,0.97,3,nan,0.333,1.0,3,4,0.333,1.0,3,paragraph_continuation,0.667,0.79,0.667,LOW_POWER_TOKEN,LOW_SUPPORT_OR_POLYFUNCTIONAL,LOW,"f67v1.16,@Ro;f73r.2,&Lz;f88v.18,+P0;f96r.7,+P0;f113r.33,+P0;f115v.14,+P0",A||4|radial/ring_text:1/R00;H|A|1|paragraph_continuation:1/R00;P|A|1|paragraph_continuation:1/R00;S|B|3|paragraph_continuation:2/R00;Z||4|&L:1/R00
choty,6,6,R00,1.0,0.0,1.0,1.0,3,1,1,0,G1,0.667,0.79,0.833,3,H,0.667,0.79,2,A,0.667,0.918,3,1,0.667,0.79,1,paragraph_continuation,1.0,0.0,1.0,LOW_POWER_TOKEN,LOW_SUPPORT_OR_POLYFUNCTIONAL,LOW,"f13v.2,+P0;f28r.4,+P0;f29r.7,+P0;f30v.5,+P0;f79r.10,+P0;f111v.51,+P0",B|B|2|paragraph_continuation:1/R00;H|A|1|paragraph_continuation:4/R00;S|B|3|paragraph_continuation:1/R00
dchor,6,6,R06,1.0,0.0,1.0,1.0,3,1,1,0,G2,0.5,0.921,0.833,3,H,0.667,0.79,3,A,0.667,0.79,2,1,0.667,0.918,2,paragraph_continuation,0.833,0.65,0.833,LOW_POWER_TOKEN,LOW_SUPPORT_OR_POLYFUNCTIONAL,LOW,"f13r.3,+P0;f21r.6,+P0;f25v.2,+P0;f29r.3,+P0;f68r1.4,+P0;fRos.9,+L0",A||4|paragraph_continuation:1/R06;C|B|4|+L:1/R06;H|A|1|paragraph_continuation:4/R06
kain,6,6,R06,1.0,0.0,1.0,1.0,2,2,2,0,G2,0.5,1.0,0.833,2,B,0.667,0.918,1,B,1.0,0.0,2,2,0.667,0.918,1,paragraph_continuation,1.0,0.0,1.0,LOW_POWER_TOKEN,LOW_SUPPORT_OR_POLYFUNCTIONAL,LOW,"f75r.3,+P0;f79v.35,+P0;f80v.27,+P0;f81v.2,+P0;f108r.12,+P0;f112v.21,+P0",B|B|2|paragraph_continuation:4/R06;S|B|3|paragraph_continuation:2/R06
kchy,6,5,R06,1.0,0.0,1.0,1.0,1,1,1,0,G3C,0.5,0.921,0.5,1,H,1.0,0.0,1,A,1.0,0.0,1,1,1.0,0.0,1,paragraph_continuation,1.0,0.0,1.0,LOW_POWER_TOKEN,LOW_SUPPORT_OR_POLYFUNCTIONAL,LOW,"f11v.3,+P0;f13r.3,+P0;f13r.10,+P0;f14r.13,+P0;f53v.12,+P0",H|A|1|paragraph_continuation:6/R06
kedy,6,5,R06,1.0,0.0,1.0,1.0,4,1,1,0,G2,0.667,0.79,1.0,4,H,0.5,0.896,1,B,1.0,0.0,3,2,0.667,0.79,1,paragraph_continuation,1.0,0.0,1.0,LOW_POWER_TOKEN,LOW_SUPPORT_OR_POLYFUNCTIONAL,LOW,"f40v.13,+P0;f40v.16,+P0;f66r.70,+P0;f78r.14,+P0;f112r.25,+P0",B|B|2|paragraph_continuation:1/R06;H|B|2|paragraph_continuation:3/R06;S|B|3|paragraph_continuation:1/R06;T|B|5|paragraph_continuation:1/R06
keol,6,6,R06,1.0,0.0,1.0,1.0,4,2,2,0,G3C,0.5,1.0,1.0,3,H,0.333,1.0,3,A,0.333,1.0,3,1,0.333,1.0,2,paragraph_continuation,0.833,0.65,0.833,LOW_POWER_TOKEN,LOW_SUPPORT_OR_POLYFUNCTIONAL,LOW,"f32v.10,+P0;f56r.19,+P0;f68r3.22,@Cc;f68v2.4,+P0;f108r.48,+P0;f114v.9,+P0",A||4|circular/diagram_text:1/R06;A||4|paragraph_continuation:1/R06;H|A|1|paragraph_continuation:2/R06;S|B|3|paragraph_continuation:2/R06
lcheey,6,6,R00,1.0,0.0,1.0,1.0,3,1,1,0,G3C,0.667,0.918,0.833,2,S,0.833,0.65,1,B,1.0,0.0,3,3,0.667,0.79,1,paragraph_continuation,1.0,0.0,1.0,LOW_POWER_TOKEN,LOW_SUPPORT_OR_POLYFUNCTIONAL,LOW,"f79v.18,+P0;f103v.15,+P0;f113v.17,+P0;f113v.24,+P0;f114r.21,+P0;f115r.18,+P0",B|B|2|paragraph_continuation:1/R00;S|B|3|paragraph_continuation:4/R00;S|B|@|paragraph_continuation:1/R00
lkeeey,6,6,R00,1.0,0.0,1.0,1.0,2,1,1,0,G1,0.5,0.921,0.667,1,S,1.0,0.0,1,B,1.0,0.0,2,3,0.833,0.65,1,paragraph_continuation,1.0,0.0,1.0,LOW_POWER_TOKEN,LOW_SUPPORT_OR_POLYFUNCTIONAL,LOW,"f107v.30,+P0;f111r.34,+P0;f111r.45,+P0;f111v.22,+P0;f115r.34,+P0;f115v.14,+P0",S|B|3|paragraph_continuation:5/R00;S|B|@|paragraph_continuation:1/R00
odal,6,6,R00,1.0,0.0,1.0,1.0,6,0,0,0,G3C,0.5,0.921,1.0,6,H,0.167,1.0,3,B,0.5,0.921,4,4,0.5,0.896,4,paragraph_continuation,0.5,0.896,0.5,LOW_POWER_TOKEN,LOW_SUPPORT_OR_POLYFUNCTIONAL,LOW,"f45v.8,+P0;f67r2.33,+Pb;f72v1.10,&Lz;f77v.6,@P0;fRos.65,@L0;f113v.8,+P0",A||4|paragraph_continuation:1/R00;B|B|2|paragraph_start:1/R00;C|B|4|label_or_marginal:1/R00;H|A|1|paragraph_continuation:1/R00;S|B|3|paragraph_continuation:1/R00;Z||4|&L:1/R00
okeor,6,6,R00,1.0,0.0,1.0,1.0,4,2,2,0,G3C,0.5,1.0,0.833,4,H,0.333,0.959,2,A,0.667,0.918,3,1,0.333,1.0,2,paragraph_continuation,0.833,0.65,0.833,LOW_POWER_TOKEN,LOW_SUPPORT_OR_POLYFUNCTIONAL,LOW,"f18r.4,+P0;f51r.12,+P0;f58v.25,+P0;f58v.28,+P0;f67r2.27,+Pb;f73v.10,&Lz",A||4|paragraph_continuation:1/R00;H|A|1|paragraph_continuation:2/R00;S|A|3|paragraph_continuation:2/R00;Z||4|&L:1/R00
okody,6,6,R00,1.0,0.0,1.0,1.0,4,2,2,0,G3C,1.0,0.0,1.0,3,C,0.5,0.921,3,nan,0.667,0.79,2,4,0.833,0.65,3,radial/ring_text,0.333,1.0,0.833,LOW_POWER_TOKEN,COMPACT_LABEL_OR_INDEX_LEXEME_CANDIDATE,LOW_MEDIUM,"f69r.40,@Ro;f69v.11,@Ri;f70v2.12,&Lz;f72v1.15,&Lz;fRos.34,@L0;f102v2.10,@Lf",C|B|4|label_or_marginal:1/R00;C||4|radial/ring_text:2/R00;P|A|1|label_or_marginal:1/R00;Z||4|&L:2/R00
olkar,6,6,R00,1.0,0.0,1.0,1.0,3,2,2,0,G3C,0.333,1.0,0.667,3,B,0.5,0.921,2,B,0.833,0.65,3,2,0.5,0.921,2,paragraph_continuation,0.833,0.65,0.833,LOW_POWER_TOKEN,LOW_SUPPORT_OR_POLYFUNCTIONAL,LOW,"f72v2.26,&Lz;f75r.3,+P0;f80v.27,+P0;f81r.30,+P0;f107r.40,+P0;f113v.17,+P0",B|B|2|paragraph_continuation:3/R00;S|B|3|paragraph_continuation:2/R00;Z||4|&L:1/R00
opar,6,6,R00,1.0,0.0,1.0,1.0,5,1,1,0,G3C,0.5,1.0,1.0,4,C,0.5,0.896,2,B,0.833,0.65,3,4,0.5,0.921,3,paragraph_continuation,0.5,0.921,0.833,LOW_POWER_TOKEN,LOW_SUPPORT_OR_POLYFUNCTIONAL,LOW,"f70r1.7,@Ri;f76r.44,+P0;f79v.27,+P0;fRos.27,@L0;fRos.68,@L0;f103v.25,+P0",B|B|2|paragraph_continuation:1/R00;C|B|4|label_or_marginal:2/R00;C||4|radial/ring_text:1/R00;S|B|3|paragraph_continuation:1/R00;T|B|2|paragraph_continuation:1/R00
otchedy,6,6,R00,1.0,0.0,1.0,1.0,6,0,0,0,G2,0.5,0.921,1.0,5,S,0.333,0.97,1,B,1.0,0.0,2,2,0.667,0.918,2,paragraph_continuation,0.833,0.65,1.0,LOW_POWER_TOKEN,LOW_SUPPORT_OR_POLYFUNCTIONAL,LOW,"f34r.11,+P0;f84r.43,+P1;f85r1.19,+Pr;f86v3.31,+Pb;f106r.1,@P0;f114v.25,+P0",B|B|2|paragraph_continuation:1/R00;C|B|2|paragraph_continuation:1/R00;H|B|2|paragraph_continuation:1/R00;S|B|3|paragraph_continuation:1/R00;S|B|3|paragraph_start:1/R00;T|B|2|paragraph_continuation:1/R00
otody,6,6,R00,1.0,0.0,1.0,1.0,5,1,1,0,G3C,0.667,0.79,1.0,4,C,0.5,0.896,2,nan,0.5,1.0,3,4,0.667,0.79,4,radial/ring_text,0.333,0.959,0.667,LOW_POWER_TOKEN,LOW_SUPPORT_OR_POLYFUNCTIONAL,LOW,"f69v.12,@Ri;f70r1.16,@Ri;f70v2.9,&Lz;f75r.27,+P0;fRos.109,+L0;f94r.3,+P0",B|B|2|paragraph_continuation:1/R00;C|B|4|+L:1/R00;C||4|radial/ring_text:2/R00;H|B|3|paragraph_continuation:1/R00;Z||4|&L:1/R00
qoeedy,6,6,R00,1.0,0.0,1.0,1.0,2,2,2,0,G2,0.5,0.921,0.833,2,B,0.5,1.0,1,B,1.0,0.0,2,2,0.5,1.0,1,paragraph_continuation,1.0,0.0,1.0,LOW_POWER_TOKEN,LOW_SUPPORT_OR_POLYFUNCTIONAL,LOW,"f81v.16,+P0;f84v.6,+P0;f84v.10,+P0;f108v.18,+P0;f112v.21,+P0;f114v.8,+P0",B|B|2|paragraph_continuation:3/R00;S|B|3|paragraph_continuation:3/R00
qokam,6,6,H08,1.0,0.0,1.0,1.0,4,1,1,0,G1,0.5,1.0,0.833,3,B,0.5,0.921,2,B,0.833,0.65,3,2,0.667,0.79,1,paragraph_continuation,1.0,0.0,1.0,LOW_POWER_TOKEN,LOW_SUPPORT_OR_POLYFUNCTIONAL,LOW,"f18v.3,+P0;f40v.16,+P0;f75r.17,+P0;f79r.9,+P0;f79r.16,+P0;f103v.6,+P0",B|B|2|paragraph_continuation:3/H08;H|A|1|paragraph_continuation:1/H08;H|B|2|paragraph_continuation:1/H08;S|B|3|paragraph_continuation:1/H08
qokeed,6,6,H08,1.0,0.0,1.0,1.0,4,2,2,0,G2,0.667,0.918,0.833,3,S,0.5,0.921,2,B,0.833,0.65,4,2,0.333,0.959,1,paragraph_continuation,1.0,0.0,1.0,LOW_POWER_TOKEN,LOW_SUPPORT_OR_POLYFUNCTIONAL,LOW,"f75v.45,+P0;f81v.14,+P0;f90r1.8,+P0;f107r.5,+P0;f111v.5,+P0;f115r.5,+P0",B|B|2|paragraph_continuation:2/H08;H|A|1|paragraph_continuation:1/H08;S|B|3|paragraph_continuation:2/H08;S|B|@|paragraph_continuation:1/H08
qotchedy,6,6,H15,1.0,0.0,1.0,1.0,5,1,1,0,G1,0.667,0.918,0.833,3,S,0.5,0.921,1,B,1.0,0.0,4,2,0.333,0.959,1,paragraph_continuation,1.0,0.0,1.0,LOW_POWER_TOKEN,LOW_SUPPORT_OR_POLYFUNCTIONAL,LOW,"f66r.79,+P0;f85r1.7,+P0;f86v3.10,+Pb;f104v.20,+P0;f111r.6,+P0;f115r.5,+P0",C|B|2|paragraph_continuation:1/H15;S|B|3|paragraph_continuation:2/H15;S|B|@|paragraph_continuation:1/H15;T|B|2|paragraph_continuation:1/H15;T|B|5|paragraph_continuation:1/H15
shed,6,6,R06,1.0,0.0,1.0,1.0,4,1,1,0,G2,0.5,0.921,0.833,4,S,0.5,0.896,1,B,1.0,0.0,3,3,0.5,0.921,2,paragraph_continuation,0.833,0.65,1.0,LOW_POWER_TOKEN,LOW_SUPPORT_OR_POLYFUNCTIONAL,LOW,"f76r.53,+P0;f79r.8,+P0;fRos.121,@L0;f104r.22,+P0;f111r.6,+P0;f111v.10,+P0",B|B|2|paragraph_continuation:1/R06;C|B|4|label_or_marginal:1/R06;S|B|3|paragraph_continuation:3/R06;T|B|2|paragraph_continuation:1/R06
shody,6,6,R06,1.0,0.0,1.0,1.0,4,1,1,0,G3C,0.667,0.79,0.833,3,H,0.667,0.79,2,A,0.667,0.918,3,1,0.667,0.79,1,paragraph_continuation,1.0,0.0,1.0,LOW_POWER_TOKEN,LOW_SUPPORT_OR_POLYFUNCTIONAL,LOW,"f1r.8,+P0;f4v.13,+P0;f21r.11,+P0;f22v.9,+P0;f39v.9,+P0;f105r.21,+P0",H|A|1|paragraph_continuation:3/R06;H|B|2|paragraph_continuation:1/R06;S|B|3|paragraph_continuation:1/R06;T|A|1|paragraph_continuation:1/R06
tchor,6,6,R06,1.0,0.0,1.0,1.0,3,1,1,0,G3C,0.667,0.918,0.833,1,H,1.0,0.0,2,A,0.833,0.65,2,1,0.833,0.65,2,paragraph_continuation,0.833,0.65,1.0,LOW_POWER_TOKEN,LOW_SUPPORT_OR_POLYFUNCTIONAL,LOW,"f3v.7,+P0;f3v.11,+P0;f13r.6,+P0;f16r.5,*P0;f35r.7,+P0;f95r1.9,+P0",H|A|1|paragraph_continuation:4/R06;H|A|1|section/paragraph_break_start:1/R06;H|B|3|paragraph_continuation:1/R06
ykeeody,6,6,R00,1.0,0.0,1.0,1.0,6,0,0,0,G2,0.5,0.921,1.0,6,S,0.167,1.0,3,A,0.333,1.0,5,4,0.333,0.97,3,paragraph_continuation,0.667,0.79,0.667,LOW_POWER_TOKEN,LOW_SUPPORT_OR_POLYFUNCTIONAL,LOW,"f58v.38,+P0;f66r.55,+P0;f67r1.16,@Ri;f73v.18,&Lz;f86v3.20,+P0;f90r2.2,+P0",A||4|radial/ring_text:1/R00;C|B|2|paragraph_continuation:1/R00;H|A|1|paragraph_continuation:1/R00;S|A|3|paragraph_continuation:1/R00;T|B|5|paragraph_continuation:1/R00;Z||4|&L:1/R00
ykeey,6,6,R06,1.0,0.0,1.0,1.0,3,3,3,0,G3C,0.5,1.0,0.833,3,H,0.333,1.0,2,A,0.667,0.918,2,1,0.667,0.918,2,paragraph_continuation,0.667,0.918,0.667,LOW_POWER_TOKEN,LOW_SUPPORT_OR_POLYFUNCTIONAL,LOW,"f17v.20,+P0;f69r.25,@Ro;f69v.7,@Ri;f88v.25,+P0;f90r1.8,+P0;f102v1.10,+P0",C||4|radial/ring_text:2/R06;H|A|1|paragraph_continuation:2/R06;P|A|1|paragraph_continuation:2/R06
yteey,6,6,R06,1.0,0.0,1.0,1.0,4,2,2,0,G2,0.833,0.65,1.0,3,H,0.333,1.0,2,B,0.833,0.65,3,2,0.5,0.921,1,paragraph_continuation,1.0,0.0,1.0,LOW_POWER_TOKEN,FRAME_ARGUMENT_OR_FILLER_LEXEME_CANDIDATE,LOW_MEDIUM,"f1v.2,+P0;f40v.16,+P0;f86v3.26,+Pb;f86v3.27,+Pb;f103v.26,+P0;f103v.40,+P0",C|B|2|paragraph_continuation:2/R06;H|A|1|paragraph_continuation:1/R06;H|B|2|paragraph_continuation:1/R06;S|B|3|paragraph_continuation:2/R06
aiiin,5,5,R00,1.0,0.0,1.0,1.0,3,1,1,0,G2,0.6,0.865,1.0,3,H,0.6,0.865,1,B,1.0,0.0,1,2,1.0,0.0,1,paragraph_continuation,1.0,0.0,1.0,LOW_POWER_TOKEN,LOW_SUPPORT_OR_POLYFUNCTIONAL,LOW,"f34r.13,+P0;f39r.7,+P0;f40v.15,+P0;f78v.29,+P0;f86v6.19,+P0",B|B|2|paragraph_continuation:1/R00;H|B|2|paragraph_continuation:3/R00;T|B|2|paragraph_continuation:1/R00
aral,5,5,R00,1.0,0.0,1.0,1.0,4,1,1,0,G2,0.6,0.971,1.0,4,S,0.4,0.961,3,A,0.4,0.96,2,3,0.6,0.971,3,paragraph_continuation,0.6,0.865,0.6,LOW_POWER_TOKEN,LOW_SUPPORT_OR_POLYFUNCTIONAL,LOW,"f58v.15,+P0;f58v.18,+P0;f67v1.28,@Ro;f72r3.32,&Lz;f94v.6,+P0",A||4|radial/ring_text:1/R00;H|B|3|paragraph_continuation:1/R00;S|A|3|paragraph_continuation:2/R00;Z||4|&L:1/R00
chckhdy,5,5,R00,1.0,0.0,1.0,1.0,3,1,1,0,G1,0.8,0.722,1.0,3,B,0.6,0.865,1,B,1.0,0.0,1,2,1.0,0.0,1,paragraph_continuation,1.0,0.0,1.0,LOW_POWER_TOKEN,FRAME_ARGUMENT_OR_FILLER_LEXEME_CANDIDATE,LOW_MEDIUM,"f39r.7,+P0;f78r.14,+P0;f82v.13,+P0;f83r.21,+P0;f85r1.8,+P0",B|B|2|paragraph_continuation:3/R00;H|B|2|paragraph_continuation:1/R00;T|B|2|paragraph_continuation:1/R00
checthy,5,5,R00,1.0,0.0,1.0,1.0,2,1,1,0,G2,0.6,0.865,0.6,2,B,0.8,0.722,1,B,1.0,0.0,1,2,1.0,0.0,1,paragraph_continuation,1.0,0.0,1.0,LOW_POWER_TOKEN,LOW_SUPPORT_OR_POLYFUNCTIONAL,LOW,"f34r.4,+P0;f75r.24,+P0;f76v.12,+P0;f79v.13,+P0;f80r.25,+P0",B|B|2|paragraph_continuation:4/R00;H|B|2|paragraph_continuation:1/R00
cheo,5,5,R00,1.0,0.0,1.0,1.0,3,2,2,0,G1,0.4,0.96,0.8,2,S,0.8,0.722,2,B,0.8,0.722,3,3,0.4,0.96,1,paragraph_continuation,1.0,0.0,1.0,LOW_POWER_TOKEN,LOW_SUPPORT_OR_POLYFUNCTIONAL,LOW,"f101v.26,+P0;f107r.33,+P0;f111v.10,+P0;f115r.11,+P0;f115r.28,+P0",P|A|1|paragraph_continuation:1/R00;S|B|3|paragraph_continuation:2/R00;S|B|@|paragraph_continuation:2/R00
cheos,5,5,R00,1.0,0.0,1.0,1.0,3,2,2,0,G3C,0.4,0.96,0.6,3,H,0.4,0.96,2,A,0.6,0.971,2,1,0.6,0.971,1,paragraph_continuation,1.0,0.0,1.0,LOW_POWER_TOKEN,LOW_SUPPORT_OR_POLYFUNCTIONAL,LOW,"f14r.8,+P0;f87v.7,+P0;f88v.25,+P0;f107r.3,+P0;f113v.24,+P0",H|A|1|paragraph_continuation:2/R00;P|A|1|paragraph_continuation:1/R00;S|B|3|paragraph_continuation:2/R00
chl,5,5,R00,1.0,0.0,1.0,1.0,3,2,2,0,G3C,0.6,0.971,0.8,3,H,0.4,0.96,2,B,0.6,0.971,3,1,0.4,0.96,1,paragraph_continuation,1.0,0.0,1.0,LOW_POWER_TOKEN,LOW_SUPPORT_OR_POLYFUNCTIONAL,LOW,"f15r.4,+P0;f15r.11,+P0;f79v.35,+P0;f107r.28,+P0;f116r.29,+P0",B|B|2|paragraph_continuation:1/R00;H|A|1|paragraph_continuation:2/R00;S|B|3|paragraph_continuation:2/R00
daldy,5,5,R09,1.0,0.0,1.0,1.0,3,2,2,0,G2,0.4,0.96,0.8,2,B,0.8,0.722,2,B,0.8,0.722,2,2,0.8,0.722,2,paragraph_continuation,0.6,0.971,0.8,LOW_POWER_TOKEN,LOW_SUPPORT_OR_POLYFUNCTIONAL,LOW,"f13r.9,+P0;f75r.31,+P0;f75v.22,@Ln;f75v.32,@Ln;f82r.27,+P0",B|B|2|label_or_marginal:2/R09;B|B|2|paragraph_continuation:2/R09;H|A|1|paragraph_continuation:1/R09
e,5,5,R00,1.0,0.0,1.0,1.0,2,1,1,0,G3C,1.0,0.0,1.0,2,H,0.8,0.722,2,A,0.8,0.722,2,1,0.8,0.722,2,label_or_marginal,0.8,0.722,0.8,LOW_POWER_TOKEN,COMPACT_LABEL_OR_INDEX_LEXEME_CANDIDATE,LOW_MEDIUM,"f49v.9,*L0;f49v.25,*L0;f49v.39,*L0;f49v.47,*L0;f68r3.16,+Ls",A||4|+L:1/R00;H|A|1|label_or_marginal:4/R00
f,5,5,R06,1.0,0.0,1.0,1.0,2,1,1,0,G3C,1.0,0.0,1.0,2,T,0.8,0.722,2,B,0.8,0.722,2,5,0.8,0.722,2,+L,0.8,0.722,0.8,LOW_POWER_TOKEN,COMPACT_LABEL_OR_INDEX_LEXEME_CANDIDATE,LOW_MEDIUM,"f49v.1,@L0;f66r.23,+L0;f66r.30,+L0;f66r.31,+L0;f66r.36,+L0",H|A|1|label_or_marginal:1/R06;T|B|5|+L:4/R06
kchey,5,5,R06,1.0,0.0,1.0,1.0,3,1,1,0,G3C,0.6,0.865,0.8,2,H,0.8,0.722,3,A,0.6,0.865,3,1,0.6,0.865,2,paragraph_continuation,0.8,0.722,0.8,LOW_POWER_TOKEN,LOW_SUPPORT_OR_POLYFUNCTIONAL,LOW,"f8v.10,+P0;f35r.12,+P0;f41r.7,+P0;f51r.10,+P0;f67r2.7,&L0",A||4|&L:1/R06;H|A|1|paragraph_continuation:3/R06;H|B|5|paragraph_continuation:1/R06
koldy,5,5,R06,1.0,0.0,1.0,1.0,3,1,1,0,G3C,0.4,0.96,0.8,3,B,0.6,0.865,3,B,0.6,0.865,3,2,0.6,0.865,2,paragraph_continuation,0.8,0.722,0.8,LOW_POWER_TOKEN,LOW_SUPPORT_OR_POLYFUNCTIONAL,LOW,"f35r.12,+P0;f67v1.18,@Ro;f75r.39,+P0;f84v.17,+P0;f84v.18,+P0",A||4|radial/ring_text:1/R06;B|B|2|paragraph_continuation:3/R06;H|A|1|paragraph_continuation:1/R06
lkar,5,5,R00,1.0,0.0,1.0,1.0,2,1,1,0,G2,0.6,0.971,0.6,2,S,0.8,0.722,1,B,1.0,0.0,2,3,0.8,0.722,1,paragraph_continuation,1.0,0.0,1.0,LOW_POWER_TOKEN,LOW_SUPPORT_OR_POLYFUNCTIONAL,LOW,"f66r.61,+P0;f104r.6,+P0;f107r.33,+P0;f107r.36,+P0;f108v.26,+P0",S|B|3|paragraph_continuation:4/R00;T|B|5|paragraph_continuation:1/R00
lky,5,5,R00,1.0,0.0,1.0,1.0,2,1,1,0,G1,0.4,0.961,0.4,2,S,0.8,0.722,1,B,1.0,0.0,2,3,0.8,0.722,1,paragraph_continuation,1.0,0.0,1.0,LOW_POWER_TOKEN,LOW_SUPPORT_OR_POLYFUNCTIONAL,LOW,"f80r.14,+P0;f108v.21,+P0;f111v.30,+P0;f112r.27,+P0;f115v.30,+P0",B|B|2|paragraph_continuation:1/R00;S|B|3|paragraph_continuation:4/R00
ockhy,5,5,R00,1.0,0.0,1.0,1.0,4,1,1,0,G2,0.6,0.971,1.0,3,H,0.4,0.96,3,B,0.4,0.96,3,2,0.4,0.96,2,paragraph_continuation,0.8,0.722,0.8,LOW_POWER_TOKEN,LOW_SUPPORT_OR_POLYFUNCTIONAL,LOW,"f40v.15,+P0;f43v.9,+P0;f67r2.42,+Pb;f68r1.21,@Ls;f102r2.12,+P0",A||4|label_or_marginal:1/R00;A||4|paragraph_continuation:1/R00;H|B|2|paragraph_continuation:2/R00;P|A|1|paragraph_continuation:1/R00
okam,5,5,R00,1.0,0.0,1.0,1.0,4,1,1,0,G3C,0.6,0.971,1.0,4,Z,0.4,0.961,2,A,0.6,0.971,3,1,0.4,0.96,3,paragraph_continuation,0.4,0.96,0.6,LOW_POWER_TOKEN,LOW_SUPPORT_OR_POLYFUNCTIONAL,LOW,"f51r.10,+P0;f58v.39,+P0;f72r2.25,&Lz;f72v3.4,&Lz;f89v2.2,@Lf",H|A|1|paragraph_continuation:1/R00;P|A|1|label_or_marginal:1/R00;S|A|3|paragraph_continuation:1/R00;Z||4|&L:2/R00
okchey,5,5,R00,1.0,0.0,1.0,1.0,3,1,1,0,G2,0.6,0.865,0.8,3,H,0.6,0.865,2,A,0.6,0.971,3,1,0.6,0.865,2,paragraph_continuation,0.8,0.722,0.8,LOW_POWER_TOKEN,LOW_SUPPORT_OR_POLYFUNCTIONAL,LOW,"f28r.8,+P0;f86v3.29,@Pb;f93v.8,+P0;f93v.9,+P0;f108r.12,+P0",C|B|2|paragraph_start:1/R00;H|A|1|paragraph_continuation:3/R00;S|B|3|paragraph_continuation:1/R00
okeoly,5,5,R00,1.0,0.0,1.0,1.0,4,1,1,0,G3C,0.6,0.865,1.0,3,Z,0.4,0.96,2,A,0.6,0.971,3,4,0.4,0.96,3,paragraph_continuation,0.4,0.96,0.6,LOW_POWER_TOKEN,LOW_SUPPORT_OR_POLYFUNCTIONAL,LOW,"f58v.25,+P0;f70v2.18,&Lz;f72v1.5,&Lz;f99r.18,+P0;f99r.25,@Lf",P|A|1|label_or_marginal:1/R00;P|A|1|paragraph_continuation:1/R00;S|A|3|paragraph_continuation:1/R00;Z||4|&L:2/R00
olkaiin,5,5,R00,1.0,0.0,1.0,1.0,3,2,2,0,G2,0.6,0.971,1.0,3,H,0.4,0.96,1,B,1.0,0.0,2,2,0.6,0.971,1,paragraph_continuation,1.0,0.0,1.0,LOW_POWER_TOKEN,LOW_SUPPORT_OR_POLYFUNCTIONAL,LOW,"f39r.11,+P0;f50v.8,+P0;f81r.30,+P0;f113v.46,+P0;f114r.34,+Pr",B|B|2|paragraph_continuation:1/R00;H|B|2|paragraph_continuation:2/R00;S|B|3|paragraph_continuation:2/R00
olkeeey,5,5,R00,1.0,0.0,1.0,1.0,3,1,1,0,G1,0.6,0.971,0.8,3,S,0.6,0.865,1,B,1.0,0.0,2,3,0.6,0.971,1,paragraph_continuation,1.0,0.0,1.0,LOW_POWER_TOKEN,LOW_SUPPORT_OR_POLYFUNCTIONAL,LOW,"f79v.38,+P0;f86v3.10,+Pb;f103v.25,+P0;f104r.33,+P0;f108v.21,+P0",B|B|2|paragraph_continuation:1/R00;C|B|2|paragraph_continuation:1/R00;S|B|3|paragraph_continuation:3/R00
olky,5,5,R00,1.0,0.0,1.0,1.0,4,1,1,0,G3C,0.6,0.865,0.8,3,B,0.6,0.865,2,B,0.8,0.722,2,2,0.8,0.722,3,paragraph_continuation,0.6,0.865,0.8,LOW_POWER_TOKEN,LOW_SUPPORT_OR_POLYFUNCTIONAL,LOW,"f75r.6,+P0;f76r.30,+P0;f80r.7,~Ln;f80v.38,+P0;f99v.30,@Lf",B|B|2|paragraph_continuation:2/R00;B|B|2|~L:1/R00;P|A|1|label_or_marginal:1/R00;T|B|2|paragraph_continuation:1/R00
olshedy,5,5,R00,1.0,0.0,1.0,1.0,3,1,1,0,G2,1.0,0.0,1.0,3,B,0.6,0.865,1,B,1.0,0.0,2,2,0.8,0.722,1,paragraph_continuation,1.0,0.0,1.0,LOW_POWER_TOKEN,FRAME_ARGUMENT_OR_FILLER_LEXEME_CANDIDATE,LOW_MEDIUM,"f75r.13,+P0;f76r.44,+P0;f84r.18,+P0;f84v.39,+P0;f103v.36,+P0",B|B|2|paragraph_continuation:3/R00;S|B|3|paragraph_continuation:1/R00;T|B|2|paragraph_continuation:1/R00
oror,5,5,R00,1.0,0.0,1.0,1.0,4,1,1,0,G3C,0.6,0.971,1.0,4,B,0.4,0.961,3,B,0.6,0.865,3,2,0.4,0.96,2,paragraph_continuation,0.6,0.971,0.6,LOW_POWER_TOKEN,LOW_SUPPORT_OR_POLYFUNCTIONAL,LOW,"f81r.18,+P0;f84r.46,+P1;f102v2.3,@Lf;f113v.12,+P0;f116v.1,@Lx",B|B|2|paragraph_continuation:2/R00;P|A|1|label_or_marginal:1/R00;S|B|3|paragraph_continuation:1/R00;T||3|label_or_marginal:1/R00
qoeey,5,5,H07,1.0,0.0,1.0,1.0,2,1,1,0,G1,0.8,0.722,1.0,2,S,0.8,0.722,2,B,0.8,0.722,2,3,0.8,0.722,1,paragraph_continuation,1.0,0.0,1.0,LOW_POWER_TOKEN,RELATIONAL_OPERATOR_OR_FRAME_TRIGGER_CANDIDATE,LOW_MEDIUM,"f88v.8,+P0;f104v.31,+P0;f105r.21,+P0;f105r.28,+P0;f112v.27,+P0",P|A|1|paragraph_continuation:1/H07;S|B|3|paragraph_continuation:4/H07
qokair,5,5,H08,1.0,0.0,1.0,1.0,4,1,1,0,G1,0.6,0.971,1.0,3,S,0.6,0.865,2,B,0.8,0.722,2,3,0.8,0.722,1,paragraph_continuation,1.0,0.0,1.0,LOW_POWER_TOKEN,LOW_SUPPORT_OR_POLYFUNCTIONAL,LOW,"f58v.6,+P0;f75r.11,+P0;f94r.3,+P0;f104v.31,+P0;f114r.44,+P0",B|B|2|paragraph_continuation:1/H08;H|B|3|paragraph_continuation:1/H08;S|A|3|paragraph_continuation:1/H08;S|B|3|paragraph_continuation:2/H08
qokchedy,5,5,H10,1.0,0.0,1.0,1.0,4,1,1,0,G2,0.6,0.971,0.8,4,B,0.4,0.961,1,B,1.0,0.0,2,2,0.8,0.722,2,paragraph_continuation,0.8,0.722,1.0,LOW_POWER_TOKEN,LOW_SUPPORT_OR_POLYFUNCTIONAL,LOW,"f43v.5,+P0;f81r.27,+P0;f83r.21,+P0;f86v3.29,@Pb;f113v.8,+P0",B|B|2|paragraph_continuation:2/H10;C|B|2|paragraph_start:1/H10;H|B|2|paragraph_continuation:1/H10;S|B|3|paragraph_continuation:1/H10
qokeeey,5,5,H08,1.0,0.0,1.0,1.0,1,1,1,0,G2,0.6,0.971,0.6,1,S,1.0,0.0,1,B,1.0,0.0,1,3,1.0,0.0,1,paragraph_continuation,1.0,0.0,1.0,LOW_POWER_TOKEN,LOW_SUPPORT_OR_POLYFUNCTIONAL,LOW,"f103v.32,+P0;f107r.3,+P0;f108v.26,+P0;f111v.50,+P0;f112r.24,+P0",S|B|3|paragraph_continuation:5/H08
qokor,5,5,H08,1.0,0.0,1.0,1.0,4,1,1,0,G2,0.6,0.971,1.0,3,H,0.4,0.96,2,A,0.6,0.971,3,1,0.4,0.96,1,paragraph_continuation,1.0,0.0,1.0,LOW_POWER_TOKEN,LOW_SUPPORT_OR_POLYFUNCTIONAL,LOW,"f6v.14,+P0;f54r.9,+P0;f58v.19,+P0;f84v.18,+P0;f107r.35,+P0",B|B|2|paragraph_continuation:1/H08;H|A|1|paragraph_continuation:2/H08;S|A|3|paragraph_continuation:1/H08;S|B|3|paragraph_continuation:1/H08
qolchey,5,5,H07,1.0,0.0,1.0,1.0,3,2,2,0,G2,0.8,0.722,0.8,2,T,0.6,0.971,1,B,1.0,0.0,1,2,1.0,0.0,2,paragraph_continuation,0.8,0.722,1.0,LOW_POWER_TOKEN,RELATIONAL_OPERATOR_OR_FRAME_TRIGGER_CANDIDATE,LOW_MEDIUM,"f76r.19,=P0;f76r.20,+P0;f76r.40,+P0;f79r.9,+P0;f84v.9,+P0",B|B|2|paragraph_continuation:2/H07;T|B|2|paragraph_continuation:2/H07;T|B|2|paragraph_terminal_or_label:1/H07
qolkeedy,5,5,H21,1.0,0.0,1.0,1.0,1,1,1,0,G1,0.6,0.971,0.6,1,B,1.0,0.0,1,B,1.0,0.0,1,2,1.0,0.0,1,paragraph_continuation,1.0,0.0,1.0,LOW_POWER_TOKEN,LOW_SUPPORT_OR_POLYFUNCTIONAL,LOW,"f76v.18,+P0;f79v.5,+P0;f79v.11,+P0;f83v.18,+P0;f84v.27,+P0",B|B|2|paragraph_continuation:5/H21
qor,5,5,R00,1.0,0.0,1.0,1.0,3,2,2,0,G2,0.6,0.865,0.6,3,H,0.4,0.96,2,B,0.6,0.971,3,1,0.4,0.96,1,paragraph_continuation,1.0,0.0,1.0,LOW_POWER_TOKEN,LOW_SUPPORT_OR_POLYFUNCTIONAL,LOW,"f24r.10,+P0;f29r.9,+P0;f75v.45,+P0;f79v.35,+P0;f107r.2,+P0",B|B|2|paragraph_continuation:2/R00;H|A|1|paragraph_continuation:2/R00;S|B|3|paragraph_continuation:1/R00
qoteey,5,4,H13,1.0,0.0,1.0,1.0,3,2,2,0,G1,0.8,0.722,1.0,3,B,0.4,0.96,1,B,1.0,0.0,2,2,0.6,0.971,1,paragraph_continuation,1.0,0.0,1.0,LOW_POWER_TOKEN,RELATIONAL_OPERATOR_OR_FRAME_TRIGGER_CANDIDATE,LOW_MEDIUM,"f82r.30,+P0;f86v3.27,+Pb;f112r.11,+P0;f112v.39,+P0",B|B|2|paragraph_continuation:2/H13;C|B|2|paragraph_continuation:1/H13;S|B|3|paragraph_continuation:2/H13
qotey,5,5,H13,1.0,0.0,1.0,1.0,2,2,2,0,G2,0.6,0.971,0.6,2,B,0.6,0.971,1,B,1.0,0.0,2,2,0.6,0.971,1,paragraph_continuation,1.0,0.0,1.0,LOW_POWER_TOKEN,LOW_SUPPORT_OR_POLYFUNCTIONAL,LOW,"f79r.10,+P0;f79v.8,+P0;f81r.8,+P0;f103v.32,+P0;f114v.8,+P0",B|B|2|paragraph_continuation:3/H13;S|B|3|paragraph_continuation:2/H13
rain,5,5,R00,1.0,0.0,1.0,1.0,3,1,1,0,G2,0.6,0.971,0.8,2,S,0.8,0.722,1,B,1.0,0.0,3,3,0.6,0.865,2,paragraph_continuation,0.8,0.722,1.0,LOW_POWER_TOKEN,LOW_SUPPORT_OR_POLYFUNCTIONAL,LOW,"f76r.32,=P0;f103v.40,+P0;f103v.44,+P0;f115r.11,+P0;f116r.19,+P0",S|B|3|paragraph_continuation:3/R00;S|B|@|paragraph_continuation:1/R00;T|B|2|paragraph_terminal_or_label:1/R00
rar,5,5,R00,1.0,0.0,1.0,1.0,2,1,1,0,G2,0.8,0.722,0.8,2,S,0.8,0.722,1,B,1.0,0.0,2,3,0.8,0.722,1,paragraph_continuation,1.0,0.0,1.0,LOW_POWER_TOKEN,FRAME_ARGUMENT_OR_FILLER_LEXEME_CANDIDATE,LOW_MEDIUM,"f84r.29,+P0;f103v.30,+P0;f103v.42,+P0;f104r.20,+P0;f111v.21,+P0",B|B|2|paragraph_continuation:1/R00;S|B|3|paragraph_continuation:4/R00
shar,5,5,R06,1.0,0.0,1.0,1.0,5,0,0,0,G2,0.6,0.971,1.0,3,S,0.6,0.865,3,B,0.6,0.865,3,3,0.6,0.865,3,paragraph_continuation,0.6,0.865,0.6,LOW_POWER_TOKEN,LOW_SUPPORT_OR_POLYFUNCTIONAL,LOW,"f58v.14,+P0;f72r3.30,&Lz;f80v.43,+P0;f107r.23,+P0;f111r.1,@P0",B|B|2|paragraph_continuation:1/R06;S|A|3|paragraph_continuation:1/R06;S|B|3|paragraph_continuation:1/R06;S|B|3|paragraph_start:1/R06;Z||4|&L:1/R06
shcthy,5,5,R06,1.0,0.0,1.0,1.0,4,1,1,0,G2,0.8,0.722,1.0,3,T,0.6,0.865,1,B,1.0,0.0,3,5,0.4,0.96,1,paragraph_continuation,1.0,0.0,1.0,LOW_POWER_TOKEN,FRAME_ARGUMENT_OR_FILLER_LEXEME_CANDIDATE,LOW_MEDIUM,"f66r.76,+P0;f66r.80,+P0;f76r.30,+P0;f80r.40,+P0;f111v.10,+P0",B|B|2|paragraph_continuation:1/R06;S|B|3|paragraph_continuation:1/R06;T|B|2|paragraph_continuation:1/R06;T|B|5|paragraph_continuation:2/R06
sheal,5,5,R06,1.0,0.0,1.0,1.0,3,1,1,0,G2,0.8,0.722,1.0,2,S,0.8,0.722,2,B,0.8,0.722,2,3,0.8,0.722,1,paragraph_continuation,1.0,0.0,1.0,LOW_POWER_TOKEN,FRAME_ARGUMENT_OR_FILLER_LEXEME_CANDIDATE,LOW_MEDIUM,"f58v.18,+P0;f80r.25,+P0;f103v.40,+P0;f107r.10,+P0;f111v.45,+P0",B|B|2|paragraph_continuation:1/R06;S|A|3|paragraph_continuation:1/R06;S|B|3|paragraph_continuation:3/R06
shear,5,5,R06,1.0,0.0,1.0,1.0,5,0,0,0,G2,0.8,0.722,1.0,3,S,0.6,0.865,2,B,0.6,0.971,3,3,0.6,0.865,2,paragraph_continuation,0.8,0.722,0.8,LOW_POWER_TOKEN,FRAME_ARGUMENT_OR_FILLER_LEXEME_CANDIDATE,LOW_MEDIUM,"f29r.3,+P0;f58v.39,+P0;f77r.21,+P0;f111r.1,@P0;f111v.11,+P0",B|B|2|paragraph_continuation:1/R06;H|A|1|paragraph_continuation:1/R06;S|A|3|paragraph_continuation:1/R06;S|B|3|paragraph_continuation:1/R06;S|B|3|paragraph_start:1/R06
sheckhy,5,5,R00,1.0,0.0,1.0,1.0,3,1,1,0,G1,0.8,0.722,1.0,3,S,0.6,0.865,1,B,1.0,0.0,2,3,0.6,0.971,1,paragraph_continuation,1.0,0.0,1.0,LOW_POWER_TOKEN,FRAME_ARGUMENT_OR_FILLER_LEXEME_CANDIDATE,LOW_MEDIUM,"f46r.12,+P0;f82v.9,+P0;f108r.45,+P0;f108v.12,+P0;f113v.8,+P0",B|B|2|paragraph_continuation:1/R00;H|B|2|paragraph_continuation:1/R00;S|B|3|paragraph_continuation:3/R00
tchedy,5,5,R06,1.0,0.0,1.0,1.0,4,1,1,0,G1,0.4,0.96,0.8,3,B,0.4,0.96,1,B,1.0,0.0,2,2,0.8,0.722,2,paragraph_continuation,0.8,0.722,1.0,LOW_POWER_TOKEN,LOW_SUPPORT_OR_POLYFUNCTIONAL,LOW,"f76v.15,+P0;f82v.13,+P0;f86v3.1,@Pb;f86v3.31,+Pb;f112r.11,+P0",B|B|2|paragraph_continuation:2/R06;C|B|2|paragraph_continuation:1/R06;C|B|2|paragraph_start:1/R06;S|B|3|paragraph_continuation:1/R06
ychol,5,5,R06,1.0,0.0,1.0,1.0,2,2,2,0,G2,0.6,0.971,0.8,2,H,0.6,0.971,2,A,0.6,0.971,2,1,0.6,0.971,1,paragraph_continuation,1.0,0.0,1.0,LOW_POWER_TOKEN,LOW_SUPPORT_OR_POLYFUNCTIONAL,LOW,"f6r.8,+P0;f6v.7,+P0;f93v.10,+P0;f107r.12,+P0;f107r.15,+P0",H|A|1|paragraph_continuation:3/R06;S|B|3|paragraph_continuation:2/R06
ydaiin,5,5,R06,1.0,0.0,1.0,1.0,3,1,1,0,G3C,0.6,0.865,1.0,3,H,0.6,0.865,2,A,0.8,0.722,2,1,0.8,0.722,1,paragraph_continuation,1.0,0.0,1.0,LOW_POWER_TOKEN,LOW_SUPPORT_OR_POLYFUNCTIONAL,LOW,"f6r.6,+P0;f29v.9,+P0;f35v.16,+P0;f102v1.10,+P0;f114r.44,+P0",H|A|1|paragraph_continuation:3/R06;P|A|1|paragraph_continuation:1/R06;S|B|3|paragraph_continuation:1/R06
ykchy,5,5,R06,1.0,0.0,1.0,1.0,3,1,1,0,G3C,0.6,0.971,0.8,3,H,0.6,0.865,2,A,0.6,0.971,2,1,0.6,0.971,3,paragraph_continuation,0.6,0.865,0.6,LOW_POWER_TOKEN,LOW_SUPPORT_OR_POLYFUNCTIONAL,LOW,"f13r.2,+P0;f13r.3,+P0;f44r.4,+P0;f67r2.7,&L0;f70r1.7,@Ri",A||4|&L:1/R06;C||4|radial/ring_text:1/R06;H|A|1|paragraph_continuation:3/R06
ykeody,5,5,R00,1.0,0.0,1.0,1.0,5,0,0,0,G3C,1.0,0.0,1.0,4,A,0.4,0.961,2,nan,0.8,0.722,2,4,0.8,0.722,3,paragraph_continuation,0.4,0.96,0.8,LOW_POWER_TOKEN,COMPACT_LABEL_OR_INDEX_LEXEME_CANDIDATE,LOW_MEDIUM,"f14r.13,+P0;f67r2.5,&L0;f68r2.5,+P0;f69v.22,@Ri;f73v.12,&Lz",A||4|&L:1/R00;A||4|paragraph_continuation:1/R00;C||4|radial/ring_text:1/R00;H|A|1|paragraph_continuation:1/R00;Z||4|&L:1/R00
ch,4,4,R00,1.0,0.0,1.0,1.0,4,0,0,0,G3C,0.5,0.946,1.0,3,S,0.5,0.946,2,B,0.75,0.811,2,2,0.5,1.0,1,paragraph_continuation,1.0,0.0,1.0,LOW_POWER_TOKEN,LOW_SUPPORT_OR_POLYFUNCTIONAL,LOW,"f40v.4,+P0;f58v.39,+P0;f75r.44,+P0;f108r.8,+P0",B|B|2|paragraph_continuation:1/R00;H|B|2|paragraph_continuation:1/R00;S|A|3|paragraph_continuation:1/R00;S|B|3|paragraph_continuation:1/R00
chedain,4,4,R00,1.0,0.0,1.0,1.0,2,1,1,0,G2,0.5,1.0,0.75,2,S,0.75,0.811,1,B,1.0,0.0,2,3,0.75,0.811,1,paragraph_continuation,1.0,0.0,1.0,LOW_POWER_TOKEN,LOW_SUPPORT_OR_POLYFUNCTIONAL,LOW,"f76r.6,+P0;f111r.38,+P0;f114v.8,+P0;f114v.10,+P0",S|B|3|paragraph_continuation:3/R00;T|B|2|paragraph_continuation:1/R00
chedar,4,4,R00,1.0,0.0,1.0,1.0,2,1,1,0,G1,0.75,0.811,0.75,1,S,1.0,0.0,1,B,1.0,0.0,2,3,0.75,0.811,1,paragraph_continuation,1.0,0.0,1.0,LOW_POWER_TOKEN,LOW_SUPPORT_OR_POLYFUNCTIONAL,LOW,"f108v.21,+P0;f114v.4,+P0;f115r.5,+P0;f115v.32,+P0",S|B|3|paragraph_continuation:3/R00;S|B|@|paragraph_continuation:1/R00
cheeor,4,4,R00,1.0,0.0,1.0,1.0,4,0,0,0,G1,0.5,0.946,1.0,4,H,0.25,1.0,2,A,0.5,1.0,3,1,0.5,0.946,1,paragraph_continuation,1.0,0.0,1.0,LOW_POWER_TOKEN,LOW_SUPPORT_OR_POLYFUNCTIONAL,LOW,"f17v.18,+P0;f86v3.27,+Pb;f89v1.10,+P0;f112v.33,+P0",C|B|2|paragraph_continuation:1/R00;H|A|1|paragraph_continuation:1/R00;P|A|1|paragraph_continuation:1/R00;S|B|3|paragraph_continuation:1/R00
chees,4,4,R00,1.0,0.0,1.0,1.0,3,1,1,0,G2,0.75,0.811,1.0,3,S,0.5,0.946,2,A,0.5,1.0,2,1,0.5,1.0,1,paragraph_continuation,1.0,0.0,1.0,LOW_POWER_TOKEN,LOW_SUPPORT_OR_POLYFUNCTIONAL,LOW,"f24r.4,+P0;f88v.16,+P0;f103v.38,+P0;f111v.50,+P0",H|A|1|paragraph_continuation:1/R00;P|A|1|paragraph_continuation:1/R00;S|B|3|paragraph_continuation:2/R00
chekain,4,4,R00,1.0,0.0,1.0,1.0,2,1,1,0,G2,0.75,0.811,0.75,2,S,0.75,0.811,1,B,1.0,0.0,2,3,0.75,0.811,2,paragraph_continuation,0.75,0.811,1.0,LOW_POWER_TOKEN,LOW_SUPPORT_OR_POLYFUNCTIONAL,LOW,"f76r.8,=P0;f107r.33,+P0;f111v.31,+P0;f112v.21,+P0",S|B|3|paragraph_continuation:3/R00;T|B|2|paragraph_terminal_or_label:1/R00
ches,4,4,R00,1.0,0.0,1.0,1.0,4,0,0,0,G3C,0.5,0.946,1.0,3,H,0.5,0.946,2,A,0.5,1.0,2,1,0.5,1.0,2,paragraph_continuation,0.75,0.811,0.75,LOW_POWER_TOKEN,LOW_SUPPORT_OR_POLYFUNCTIONAL,LOW,"f6v.18,+P0;f46r.12,+P0;f76r.8,=P0;f101v.26,+P0",H|A|1|paragraph_continuation:1/R00;H|B|2|paragraph_continuation:1/R00;P|A|1|paragraph_continuation:1/R00;T|B|2|paragraph_terminal_or_label:1/R00
chockhey,4,4,R00,1.0,0.0,1.0,1.0,4,0,0,0,G3C,0.5,0.946,1.0,4,H,0.25,1.0,2,A,0.75,0.811,3,1,0.5,0.946,2,paragraph_continuation,0.75,0.811,0.75,LOW_POWER_TOKEN,LOW_SUPPORT_OR_POLYFUNCTIONAL,LOW,"f51v.12,+P0;f58v.9,+P0;f67v1.16,@Ro;f100v.17,+P0",A||4|radial/ring_text:1/R00;H|A|1|paragraph_continuation:1/R00;P|A|1|paragraph_continuation:1/R00;S|A|3|paragraph_continuation:1/R00
chokchy,4,4,R00,1.0,0.0,1.0,1.0,3,1,1,0,G3C,1.0,0.0,1.0,3,H,0.5,0.946,3,A,0.5,0.946,3,1,0.5,0.946,2,paragraph_continuation,0.75,0.811,0.75,LOW_POWER_TOKEN,LOW_SUPPORT_OR_POLYFUNCTIONAL,LOW,"f7v.9,+P0;f18r.11,+P0;f68r3.22,@Cc;f108r.8,+P0",A||4|circular/diagram_text:1/R00;H|A|1|paragraph_continuation:2/R00;S|B|3|paragraph_continuation:1/R00
chotal,4,4,R00,1.0,0.0,1.0,1.0,4,0,0,0,G1,0.75,0.811,1.0,3,C,0.5,0.946,2,B,0.5,1.0,3,4,0.5,0.946,2,paragraph_continuation,0.75,0.811,0.75,LOW_POWER_TOKEN,LOW_SUPPORT_OR_POLYFUNCTIONAL,LOW,"f46v.3,+P0;f69r.21,@Ro;f70r2.11,+P1;f114r.44,+P0",C||4|paragraph_continuation:1/R00;C||4|radial/ring_text:1/R00;H|B|2|paragraph_continuation:1/R00;S|B|3|paragraph_continuation:1/R00
chs,4,4,R00,1.0,0.0,1.0,1.0,4,0,0,0,G3C,0.5,0.946,1.0,2,H,0.75,0.811,2,A,0.5,1.0,3,1,0.5,0.946,2,paragraph_continuation,0.75,0.811,0.75,LOW_POWER_TOKEN,LOW_SUPPORT_OR_POLYFUNCTIONAL,LOW,"f16r.5,*P0;f26v.5,+P0;f93v.10,+P0;f113r.15,+P0",H|A|1|paragraph_continuation:1/R00;H|A|1|section/paragraph_break_start:1/R00;H|B|2|paragraph_continuation:1/R00;S|B|3|paragraph_continuation:1/R00
ckhey,4,4,R00,1.0,0.0,1.0,1.0,3,1,1,0,G3C,0.5,1.0,0.75,3,H,0.5,0.946,1,A,1.0,0.0,1,1,1.0,0.0,1,paragraph_continuation,1.0,0.0,1.0,LOW_POWER_TOKEN,LOW_SUPPORT_OR_POLYFUNCTIONAL,LOW,"f1r.20,+P0;f25v.2,+P0;f47r.3,+P0;f102r2.17,+P0",H|A|1|paragraph_continuation:2/R00;P|A|1|paragraph_continuation:1/R00;T|A|1|paragraph_continuation:1/R00
cphol,4,4,R00,1.0,0.0,1.0,1.0,1,1,1,0,G3C,0.75,0.811,0.75,1,H,1.0,0.0,1,A,1.0,0.0,1,1,1.0,0.0,1,paragraph_continuation,1.0,0.0,1.0,LOW_POWER_TOKEN,LOW_SUPPORT_OR_POLYFUNCTIONAL,LOW,"f8r.19,+P0;f13v.2,+P0;f17v.4,+P0;f32v.10,+P0",H|A|1|paragraph_continuation:4/R00
cphy,4,4,R00,1.0,0.0,1.0,1.0,3,1,1,0,G3C,0.75,0.811,0.75,2,H,0.75,0.811,2,A,0.75,0.811,2,1,0.75,0.811,3,paragraph_continuation,0.5,0.946,0.75,LOW_POWER_TOKEN,LOW_SUPPORT_OR_POLYFUNCTIONAL,LOW,"f9r.3,+P0;f11r.1,@P0;f47r.11,+P0;f68r3.16,+Ls",A||4|+L:1/R00;H|A|1|paragraph_continuation:2/R00;H|A|1|paragraph_start:1/R00
cthaiin,4,4,R04,1.0,0.0,1.0,1.0,2,1,1,0,G3C,0.5,1.0,0.75,2,H,0.75,0.811,1,A,1.0,0.0,1,1,1.0,0.0,1,paragraph_continuation,1.0,0.0,1.0,LOW_POWER_TOKEN,LOW_SUPPORT_OR_POLYFUNCTIONAL,LOW,"f1r.5,+P0;f6r.6,+P0;f15r.12,+P0;f32v.9,+P0",H|A|1|paragraph_continuation:3/R04;T|A|1|paragraph_continuation:1/R04
dan,4,4,R06,1.0,0.0,1.0,1.0,2,1,1,0,G3C,1.0,0.0,1.0,2,H,0.75,0.811,2,A,0.75,0.811,2,1,0.75,0.811,2,paragraph_continuation,0.75,0.811,0.75,LOW_POWER_TOKEN,LOW_SUPPORT_OR_POLYFUNCTIONAL,LOW,"f2r.11,+P0;f16v.5,+P0;f35v.20,+P0;f71v.10,&Lz",H|A|1|paragraph_continuation:3/R06;Z||4|&L:1/R06
dchedy,4,4,R06,1.0,0.0,1.0,1.0,1,1,1,0,G1,0.75,0.811,0.75,1,B,1.0,0.0,1,B,1.0,0.0,1,2,1.0,0.0,1,paragraph_continuation,1.0,0.0,1.0,LOW_POWER_TOKEN,LOW_SUPPORT_OR_POLYFUNCTIONAL,LOW,"f75r.44,+P0;f80v.22,+P0;f81v.23,+P0;f82r.2,+P0",B|B|2|paragraph_continuation:4/R06
dchey,4,4,R06,1.0,0.0,1.0,1.0,3,1,1,0,G2,0.5,0.946,0.75,3,H,0.5,0.946,2,A,0.5,1.0,3,1,0.5,0.946,1,paragraph_continuation,1.0,0.0,1.0,LOW_POWER_TOKEN,LOW_SUPPORT_OR_POLYFUNCTIONAL,LOW,"f23r.6,+P0;f24v.15,+P0;f84v.34,+P0;f107r.2,+P0",B|B|2|paragraph_continuation:1/R06;H|A|1|paragraph_continuation:2/R06;S|B|3|paragraph_continuation:1/R06
dchol,4,4,R06,1.0,0.0,1.0,1.0,3,1,1,0,G3C,0.5,1.0,0.75,3,H,0.5,0.946,3,A,0.5,0.946,3,1,0.5,0.946,2,paragraph_continuation,0.75,0.811,0.75,LOW_POWER_TOKEN,LOW_SUPPORT_OR_POLYFUNCTIONAL,LOW,"f5v.2,+P0;f13r.2,+P0;f68r2.12,@Ls;f81r.13,+P0",A||4|label_or_marginal:1/R06;B|B|2|paragraph_continuation:1/R06;H|A|1|paragraph_continuation:2/R06
keody,4,3,R06,1.0,0.0,1.0,1.0,2,2,2,0,G2,0.75,0.811,0.75,2,H,0.5,1.0,1,B,1.0,0.0,2,2,0.5,1.0,1,paragraph_continuation,1.0,0.0,1.0,LOW_POWER_TOKEN,LOW_SUPPORT_OR_POLYFUNCTIONAL,LOW,"f46v.3,+P0;f50v.2,+P0;f66r.70,+P0",H|B|2|paragraph_continuation:2/R06;T|B|5|paragraph_continuation:2/R06
kody,4,4,R06,1.0,0.0,1.0,1.0,4,0,0,0,G3C,0.5,0.946,1.0,3,H,0.5,0.946,3,B,0.5,0.946,3,5,0.5,0.946,2,paragraph_continuation,0.75,0.811,0.75,LOW_POWER_TOKEN,LOW_SUPPORT_OR_POLYFUNCTIONAL,LOW,"f53v.12,+P0;f66r.79,+P0;f66v.8,+P0;f69r.36,@Ro",C||4|radial/ring_text:1/R06;H|A|1|paragraph_continuation:1/R06;H|B|5|paragraph_continuation:1/R06;T|B|5|paragraph_continuation:1/R06
lchdy,4,4,R00,1.0,0.0,1.0,1.0,1,1,1,0,G2,0.75,0.811,0.75,1,S,1.0,0.0,1,B,1.0,0.0,1,3,1.0,0.0,1,paragraph_continuation,1.0,0.0,1.0,LOW_POWER_TOKEN,LOW_SUPPORT_OR_POLYFUNCTIONAL,LOW,"f103v.15,+P0;f103v.34,+P0;f108r.48,+P0;f111v.39,+P0",S|B|3|paragraph_continuation:4/R00
lo,4,4,R00,1.0,0.0,1.0,1.0,2,2,2,0,G1,0.5,0.946,0.5,2,B,0.5,1.0,1,B,1.0,0.0,2,2,0.5,1.0,1,paragraph_continuation,1.0,0.0,1.0,LOW_POWER_TOKEN,LOW_SUPPORT_OR_POLYFUNCTIONAL,LOW,"f75r.9,+P0;f76v.13,+P0;f108v.18,+P0;f112r.24,+P0",B|B|2|paragraph_continuation:2/R00;S|B|3|paragraph_continuation:2/R00
ly,4,4,R00,1.0,0.0,1.0,1.0,2,1,1,0,G2,0.75,0.811,1.0,2,B,0.75,0.811,2,B,0.75,0.811,2,2,0.75,0.811,2,paragraph_continuation,0.75,0.811,0.75,LOW_POWER_TOKEN,LOW_SUPPORT_OR_POLYFUNCTIONAL,LOW,"f69r.16,&L0;f75r.2,+P0;f81r.10,+P0;f81v.24,+P0",B|B|2|paragraph_continuation:3/R00;C||4|&L:1/R00
oaiin,4,4,R00,1.0,0.0,1.0,1.0,3,1,1,0,G3C,0.5,0.946,0.75,3,H,0.5,0.946,3,A,0.5,0.946,3,1,0.5,0.946,2,paragraph_continuation,0.75,0.811,0.75,LOW_POWER_TOKEN,LOW_SUPPORT_OR_POLYFUNCTIONAL,LOW,"f29v.9,+P0;f54r.9,+P0;f72v2.31,&Lz;f111v.38,+P0",H|A|1|paragraph_continuation:2/R00;S|B|3|paragraph_continuation:1/R00;Z||4|&L:1/R00
oeedy,4,4,R00,1.0,0.0,1.0,1.0,3,1,1,0,G3C,0.5,1.0,1.0,3,Z,0.5,0.946,2,nan,0.5,1.0,3,4,0.5,0.946,2,&L,0.5,1.0,0.5,LOW_POWER_TOKEN,LOW_SUPPORT_OR_POLYFUNCTIONAL,LOW,"f72v3.25,&Lz;f72v2.23,&Lz;f86v3.31,+Pb;f107r.39,+P0",C|B|2|paragraph_continuation:1/R00;S|B|3|paragraph_continuation:1/R00;Z||4|&L:2/R00
oeees,4,4,R00,1.0,0.0,1.0,1.0,2,1,1,0,G3C,0.75,0.811,0.75,2,H,0.75,0.811,2,A,0.75,0.811,2,1,0.75,0.811,2,paragraph_continuation,0.75,0.811,0.75,LOW_POWER_TOKEN,LOW_SUPPORT_OR_POLYFUNCTIONAL,LOW,"f9v.3,+P0;f13r.3,+P0;f24r.15,+P0;f72v1.6,&Lz",H|A|1|paragraph_continuation:3/R00;Z||4|&L:1/R00
okair,4,4,R00,1.0,0.0,1.0,1.0,2,1,1,0,G2,0.75,0.811,1.0,2,H,0.75,0.811,2,B,0.75,0.811,2,2,0.75,0.811,2,paragraph_continuation,0.75,0.811,0.75,LOW_POWER_TOKEN,LOW_SUPPORT_OR_POLYFUNCTIONAL,LOW,"f40v.18,+P0;f50v.8,+P0;f55r.2,+P0;f69r.15,&L0",C||4|&L:1/R00;H|B|2|paragraph_continuation:3/R00
okchor,4,4,R00,1.0,0.0,1.0,1.0,3,1,1,0,G3C,0.5,0.946,0.75,3,H,0.5,0.946,3,A,0.5,0.946,3,1,0.5,0.946,2,paragraph_continuation,0.75,0.811,0.75,LOW_POWER_TOKEN,LOW_SUPPORT_OR_POLYFUNCTIONAL,LOW,"f19v.11,+P0;f37r.11,+P0;f68r2.15,@Ls;f86v3.14,+Pb",A||4|label_or_marginal:1/R00;C|B|2|paragraph_continuation:1/R00;H|A|1|paragraph_continuation:2/R00
okeod,4,4,R00,1.0,0.0,1.0,1.0,2,1,1,0,G3C,1.0,0.0,1.0,2,C,0.75,0.811,1,nan,1.0,0.0,1,4,1.0,0.0,2,radial/ring_text,0.75,0.811,1.0,LOW_POWER_TOKEN,LOW_SUPPORT_OR_POLYFUNCTIONAL,LOW,"f69v.14,@Ri;f69v.18,@Ri;f69v.27,@Ri;f73v.30,&Lz",C||4|radial/ring_text:3/R00;Z||4|&L:1/R00
oko,4,4,R00,1.0,0.0,1.0,1.0,3,1,1,0,G3C,0.5,0.946,0.75,2,H,0.5,1.0,3,A,0.5,0.946,2,1,0.5,1.0,2,paragraph_continuation,0.5,1.0,0.5,LOW_POWER_TOKEN,LOW_SUPPORT_OR_POLYFUNCTIONAL,LOW,"f13v.2,+P0;f67v2.21,@La;fRos.21,@L0;f90r1.8,+P0",C|B|4|label_or_marginal:1/R00;C||4|label_or_marginal:1/R00;H|A|1|paragraph_continuation:2/R00
olaiin,4,4,R10,1.0,0.0,1.0,1.0,4,0,0,0,G1,0.5,0.946,1.0,3,B,0.5,0.946,2,B,0.75,0.811,3,2,0.5,0.946,2,paragraph_continuation,0.75,0.811,0.75,LOW_POWER_TOKEN,LOW_SUPPORT_OR_POLYFUNCTIONAL,LOW,"f75r.44,+P0;f82r.44,=Ln;f101v.26,+P0;f111v.44,+P0",B|B|2|=L:1/R10;B|B|2|paragraph_continuation:1/R10;P|A|1|paragraph_continuation:1/R10;S|B|3|paragraph_continuation:1/R10
olkain,4,4,R00,1.0,0.0,1.0,1.0,1,1,1,0,G2,1.0,0.0,1.0,1,B,1.0,0.0,1,B,1.0,0.0,1,2,1.0,0.0,1,paragraph_continuation,1.0,0.0,1.0,LOW_POWER_TOKEN,LOW_SUPPORT_OR_POLYFUNCTIONAL,LOW,"f79v.25,+P0;f81v.2,+P0;f81v.23,+P0;f84v.24,+P0",B|B|2|paragraph_continuation:4/R00
olkam,4,4,R00,1.0,0.0,1.0,1.0,3,1,1,0,G2,0.5,1.0,0.75,2,S,0.75,0.811,2,B,0.75,0.811,2,3,0.75,0.811,1,paragraph_continuation,1.0,0.0,1.0,LOW_POWER_TOKEN,LOW_SUPPORT_OR_POLYFUNCTIONAL,LOW,"f58v.19,+P0;f79v.11,+P0;f103v.32,+P0;f113v.8,+P0",B|B|2|paragraph_continuation:1/R00;S|A|3|paragraph_continuation:1/R00;S|B|3|paragraph_continuation:2/R00
olol,4,4,R00,1.0,0.0,1.0,1.0,4,0,0,0,G3C,0.75,0.811,1.0,3,B,0.5,0.946,3,B,0.5,0.946,3,2,0.5,0.946,2,paragraph_continuation,0.75,0.811,0.75,LOW_POWER_TOKEN,LOW_SUPPORT_OR_POLYFUNCTIONAL,LOW,"f17v.3,+P0;f67r2.30,+Pb;f75v.52,=Lt;f84v.38,+P0",A||4|paragraph_continuation:1/R00;B|B|2|=L:1/R00;B|B|2|paragraph_continuation:1/R00;H|A|1|paragraph_continuation:1/R00
olor,4,4,R00,1.0,0.0,1.0,1.0,4,0,0,0,G3C,0.5,1.0,1.0,3,H,0.5,0.946,3,B,0.5,0.946,4,1,0.25,1.0,2,paragraph_continuation,0.75,0.811,0.75,LOW_POWER_TOKEN,LOW_SUPPORT_OR_POLYFUNCTIONAL,LOW,"f35r.12,+P0;f43r.3,+P0;f68r1.20,@Ls;f111v.36,+P0",A||4|label_or_marginal:1/R00;H|A|1|paragraph_continuation:1/R00;H|B|2|paragraph_continuation:1/R00;S|B|3|paragraph_continuation:1/R00
opchdy,4,4,R00,1.0,0.0,1.0,1.0,4,0,0,0,G3C,0.5,1.0,1.0,2,C,0.75,0.811,1,B,1.0,0.0,3,4,0.5,0.946,4,label_or_marginal,0.25,1.0,1.0,LOW_POWER_TOKEN,LOW_SUPPORT_OR_POLYFUNCTIONAL,LOW,"fRos.96,@L0;fRos.156,+L0;f86v3.23,@Pb;f94v.6,+P0",C|B|2|paragraph_start:1/R00;C|B|4|+L:1/R00;C|B|4|label_or_marginal:1/R00;H|B|3|paragraph_continuation:1/R00
oraiin,4,4,R10,1.0,0.0,1.0,1.0,3,1,1,0,G1,0.5,0.946,0.75,3,S,0.5,0.946,1,B,1.0,0.0,2,2,0.5,1.0,1,paragraph_continuation,1.0,0.0,1.0,LOW_POWER_TOKEN,LOW_SUPPORT_OR_POLYFUNCTIONAL,LOW,"f31v.5,+P0;f85r1.7,+P0;f104r.37,+P0;f111r.10,+P0",H|B|2|paragraph_continuation:1/R10;S|B|3|paragraph_continuation:2/R10;T|B|2|paragraph_continuation:1/R10
oram,4,4,R00,1.0,0.0,1.0,1.0,4,0,0,0,G2,0.5,0.946,1.0,4,B,0.25,1.0,2,B,0.75,0.811,2,2,0.75,0.811,2,paragraph_continuation,0.75,0.811,0.75,LOW_POWER_TOKEN,LOW_SUPPORT_OR_POLYFUNCTIONAL,LOW,"f79v.17,+P0;f85r1.8,+P0;f86v3.33,+Pb;f88r.13,@Lf",B|B|2|paragraph_continuation:1/R00;C|B|2|paragraph_continuation:1/R00;P|A|1|label_or_marginal:1/R00;T|B|2|paragraph_continuation:1/R00
otalam,4,4,R00,1.0,0.0,1.0,1.0,4,0,0,0,G3C,0.75,0.811,1.0,4,C,0.25,1.0,3,nan,0.5,0.946,3,4,0.5,0.946,3,&L,0.5,0.946,0.5,LOW_POWER_TOKEN,LOW_SUPPORT_OR_POLYFUNCTIONAL,LOW,"f69r.19,&L0;f70v2.25,&Lz;f76r.42,+P0;f99r.13,@Lf",C||4|&L:1/R00;P|A|1|label_or_marginal:1/R00;T|B|2|paragraph_continuation:1/R00;Z||4|&L:1/R00
otaldy,4,4,R00,1.0,0.0,1.0,1.0,3,1,1,0,G3C,1.0,0.0,1.0,3,P,0.5,0.946,2,nan,0.5,1.0,2,4,0.5,1.0,3,label_or_marginal,0.5,0.946,0.5,LOW_POWER_TOKEN,LOW_SUPPORT_OR_POLYFUNCTIONAL,LOW,"f67r1.8,@Ri;f70v2.17,&Lz;f88r.12,@Lc;f101v.2,@Lf",A||4|radial/ring_text:1/R00;P|A|1|label_or_marginal:2/R00;Z||4|&L:1/R00
otchey,4,4,R00,1.0,0.0,1.0,1.0,3,1,1,0,G3C,0.5,0.946,0.75,3,B,0.5,0.946,2,B,0.75,0.811,2,2,0.75,0.811,1,paragraph_continuation,1.0,0.0,1.0,LOW_POWER_TOKEN,LOW_SUPPORT_OR_POLYFUNCTIONAL,LOW,"f56r.19,+P0;f78v.29,+P0;f83r.26,+P1;f86v3.27,+Pb",B|B|2|paragraph_continuation:2/R00;C|B|2|paragraph_continuation:1/R00;H|A|1|paragraph_continuation:1/R00
otchol,4,4,R07,1.0,0.0,1.0,1.0,2,1,1,0,G3C,0.5,1.0,0.75,2,H,0.75,0.811,1,A,1.0,0.0,1,1,1.0,0.0,1,paragraph_continuation,1.0,0.0,1.0,LOW_POWER_TOKEN,LOW_SUPPORT_OR_POLYFUNCTIONAL,LOW,"f1r.8,+P0;f13v.2,+P0;f24v.16,+P0;f42r.9,+P0",H|A|1|paragraph_continuation:3/R07;T|A|1|paragraph_continuation:1/R07
otchy,4,4,R01,1.0,0.0,1.0,1.0,4,0,0,0,G2,0.75,0.811,1.0,4,B,0.25,1.0,1,B,1.0,0.0,2,2,0.5,1.0,1,paragraph_continuation,1.0,0.0,1.0,LOW_POWER_TOKEN,LOW_SUPPORT_OR_POLYFUNCTIONAL,LOW,"f84r.18,+P0;f85r1.8,+P0;f94v.6,+P0;f107r.28,+P0",B|B|2|paragraph_continuation:1/R01;H|B|3|paragraph_continuation:1/R01;S|B|3|paragraph_continuation:1/R01;T|B|2|paragraph_continuation:1/R01
oteody,4,4,R01,1.0,0.0,1.0,1.0,3,1,1,0,G2,0.5,1.0,1.0,3,S,0.5,0.946,2,B,0.75,0.811,3,3,0.5,0.946,1,paragraph_continuation,1.0,0.0,1.0,LOW_POWER_TOKEN,LOW_SUPPORT_OR_POLYFUNCTIONAL,LOW,"f43v.8,+P0;f88v.17,+P0;f104r.37,+P0;f111r.18,+P0",H|B|2|paragraph_continuation:1/R01;P|A|1|paragraph_continuation:1/R01;S|B|3|paragraph_continuation:2/R01
qo,4,4,H07,1.0,0.0,1.0,1.0,2,1,1,0,G2,1.0,0.0,1.0,2,T,0.75,0.811,1,B,1.0,0.0,2,2,0.75,0.811,1,paragraph_continuation,1.0,0.0,1.0,LOW_POWER_TOKEN,LOW_SUPPORT_OR_POLYFUNCTIONAL,LOW,"f76r.20,+P0;f76r.30,+P0;f76r.45,+P0;f111v.21,+P0",S|B|3|paragraph_continuation:1/H07;T|B|2|paragraph_continuation:3/H07
qoaiin,4,4,H07,1.0,0.0,1.0,1.0,4,0,0,0,G2,0.75,0.811,1.0,3,S,0.5,0.946,2,A,0.5,1.0,3,3,0.5,0.946,2,paragraph_continuation,0.75,0.811,0.75,LOW_POWER_TOKEN,LOW_SUPPORT_OR_POLYFUNCTIONAL,LOW,"f58v.18,+P0;f76r.8,=P0;f88v.8,+P0;f104r.37,+P0",P|A|1|paragraph_continuation:1/H07;S|A|3|paragraph_continuation:1/H07;S|B|3|paragraph_continuation:1/H07;T|B|2|paragraph_terminal_or_label:1/H07
qokan,4,4,H08,1.0,0.0,1.0,1.0,2,1,1,0,G2,0.75,0.811,0.75,2,B,0.75,0.811,1,B,1.0,0.0,2,2,0.75,0.811,1,paragraph_continuation,1.0,0.0,1.0,LOW_POWER_TOKEN,LOW_SUPPORT_OR_POLYFUNCTIONAL,LOW,"f75r.9,+P0;f78r.14,+P0;f79v.35,+P0;f103v.25,+P0",B|B|2|paragraph_continuation:3/H08;S|B|3|paragraph_continuation:1/H08
qokechy,4,4,H08,1.0,0.0,1.0,1.0,3,1,1,0,G1,0.75,0.811,0.75,3,S,0.5,0.946,2,A,0.5,1.0,2,1,0.5,1.0,1,paragraph_continuation,1.0,0.0,1.0,LOW_POWER_TOKEN,LOW_SUPPORT_OR_POLYFUNCTIONAL,LOW,"f7r.9,+P0;f89r1.8,+P0;f111r.41,+P0;f115v.14,+P0",H|A|1|paragraph_continuation:1/H08;P|A|1|paragraph_continuation:1/H08;S|B|3|paragraph_continuation:2/H08
qolchedy,4,4,R00,1.0,0.0,1.0,1.0,2,1,1,0,G2,0.5,1.0,0.75,2,B,0.75,0.811,1,B,1.0,0.0,1,2,1.0,0.0,2,paragraph_continuation,0.75,0.811,1.0,LOW_POWER_TOKEN,LOW_SUPPORT_OR_POLYFUNCTIONAL,LOW,"f76r.19,=P0;f81v.17,+P0;f82r.2,+P0;f83v.19,+P0",B|B|2|paragraph_continuation:3/R00;T|B|2|paragraph_terminal_or_label:1/R00
ral,4,4,R00,1.0,0.0,1.0,1.0,2,1,1,0,G3C,0.5,1.0,0.75,2,B,0.75,0.811,1,B,1.0,0.0,2,2,0.75,0.811,1,paragraph_continuation,1.0,0.0,1.0,LOW_POWER_TOKEN,LOW_SUPPORT_OR_POLYFUNCTIONAL,LOW,"f80v.38,+P0;f81v.17,+P0;f84r.18,+P0;f113r.24,+P0",B|B|2|paragraph_continuation:3/R00;S|B|3|paragraph_continuation:1/R00
rchey,4,3,R00,1.0,0.0,1.0,1.0,1,1,1,0,G2,0.5,1.0,0.5,1,B,1.0,0.0,1,B,1.0,0.0,1,2,1.0,0.0,1,paragraph_continuation,1.0,0.0,1.0,LOW_POWER_TOKEN,LOW_SUPPORT_OR_POLYFUNCTIONAL,LOW,"f79v.4,+P0;f79v.18,+P0;f80v.38,+P0",B|B|2|paragraph_continuation:4/R00
rol,4,4,R00,1.0,0.0,1.0,1.0,2,1,1,0,G2,1.0,0.0,1.0,2,B,0.75,0.811,1,B,1.0,0.0,1,2,1.0,0.0,1,paragraph_continuation,1.0,0.0,1.0,LOW_POWER_TOKEN,LOW_SUPPORT_OR_POLYFUNCTIONAL,LOW,"f75r.27,+P0;f76r.6,+P0;f81v.2,+P0;f81v.23,+P0",B|B|2|paragraph_continuation:3/R00;T|B|2|paragraph_continuation:1/R00
sh,4,4,R06,1.0,0.0,1.0,1.0,3,1,1,0,G3C,0.75,0.811,1.0,2,H,0.5,1.0,2,B,0.75,0.811,3,5,0.5,0.946,2,paragraph_continuation,0.5,1.0,0.75,LOW_POWER_TOKEN,LOW_SUPPORT_OR_POLYFUNCTIONAL,LOW,"f18v.8,+P0;f34r.11,+P0;f66r.19,+L0;f66r.28,+L0",H|A|1|paragraph_continuation:1/R06;H|B|2|paragraph_continuation:1/R06;T|B|5|+L:2/R06
she,4,4,R06,1.0,0.0,1.0,1.0,3,1,1,0,G2,0.75,0.811,0.75,2,H,0.75,0.811,2,A,0.5,1.0,3,1,0.5,0.946,2,paragraph_start,0.5,1.0,0.75,LOW_POWER_TOKEN,LOW_SUPPORT_OR_POLYFUNCTIONAL,LOW,"f24r.1,@P0;f29r.1,@P0;f43r.3,+P0;f111v.17,+P0",H|A|1|paragraph_start:2/R06;H|B|2|paragraph_continuation:1/R06;S|B|3|paragraph_continuation:1/R06
shecthy,4,4,R00,1.0,0.0,1.0,1.0,2,2,2,0,G2,0.75,0.811,0.75,2,T,0.5,1.0,1,B,1.0,0.0,2,2,0.5,1.0,1,paragraph_continuation,1.0,0.0,1.0,LOW_POWER_TOKEN,LOW_SUPPORT_OR_POLYFUNCTIONAL,LOW,"f76r.24,+P0;f76r.42,+P0;f111r.26,+P0;f111r.48,+P0",S|B|3|paragraph_continuation:2/R00;T|B|2|paragraph_continuation:2/R00
sheeky,4,4,R06,1.0,0.0,1.0,1.0,2,1,1,0,G2,0.75,0.811,0.75,2,B,0.75,0.811,1,B,1.0,0.0,1,2,1.0,0.0,1,paragraph_continuation,1.0,0.0,1.0,LOW_POWER_TOKEN,LOW_SUPPORT_OR_POLYFUNCTIONAL,LOW,"f75r.3,+P0;f75v.13,+P0;f76r.30,+P0;f81v.14,+P0",B|B|2|paragraph_continuation:3/R06;T|B|2|paragraph_continuation:1/R06
sodar,4,4,R06,1.0,0.0,1.0,1.0,4,0,0,0,G3C,0.75,0.811,1.0,4,H,0.25,1.0,3,A,0.5,0.946,3,1,0.5,0.946,2,paragraph_continuation,0.75,0.811,0.75,LOW_POWER_TOKEN,LOW_SUPPORT_OR_POLYFUNCTIONAL,LOW,"f53r.7,+P0;f67r2.24,+Pb;f77r.48,+P0;f89r2.17,@Lf",A||4|paragraph_continuation:1/R06;B|B|2|paragraph_continuation:1/R06;H|A|1|paragraph_continuation:1/R06;P|A|1|label_or_marginal:1/R06
soiin,4,4,R06,1.0,0.0,1.0,1.0,3,1,1,0,G3C,0.5,1.0,1.0,3,H,0.5,0.946,2,A,0.5,1.0,3,1,0.5,0.946,1,paragraph_continuation,1.0,0.0,1.0,LOW_POWER_TOKEN,LOW_SUPPORT_OR_POLYFUNCTIONAL,LOW,"f4r.12,+P0;f36v.14,+P1;f84v.2,+P1;f111v.10,+P0",B|B|2|paragraph_continuation:1/R06;H|A|1|paragraph_continuation:2/R06;S|B|3|paragraph_continuation:1/R06
solchedy,4,4,R00,1.0,0.0,1.0,1.0,3,1,1,0,G1,0.5,0.946,1.0,3,B,0.5,0.946,1,B,1.0,0.0,2,2,0.75,0.811,1,paragraph_continuation,1.0,0.0,1.0,LOW_POWER_TOKEN,LOW_SUPPORT_OR_POLYFUNCTIONAL,LOW,"f76r.6,+P0;f77r.27,+P0;f83r.21,+P0;f113v.12,+P0",B|B|2|paragraph_continuation:2/R00;S|B|3|paragraph_continuation:1/R00;T|B|2|paragraph_continuation:1/R00
tair,4,4,R06,1.0,0.0,1.0,1.0,2,1,1,0,G2,0.75,0.811,0.75,1,S,1.0,0.0,2,B,0.75,0.811,1,3,1.0,0.0,1,paragraph_continuation,1.0,0.0,1.0,LOW_POWER_TOKEN,LOW_SUPPORT_OR_POLYFUNCTIONAL,LOW,"f58v.2,+P0;f107r.39,+P0;f111r.54,+P0;f111v.25,+P0",S|A|3|paragraph_continuation:1/R06;S|B|3|paragraph_continuation:3/R06
tchy,4,4,R06,1.0,0.0,1.0,1.0,2,1,1,0,G1,0.5,1.0,0.75,1,H,1.0,0.0,1,A,1.0,0.0,1,1,1.0,0.0,2,paragraph_continuation,0.75,0.811,1.0,LOW_POWER_TOKEN,LOW_SUPPORT_OR_POLYFUNCTIONAL,LOW,"f11v.3,+P0;f19r.2,+P0;f22v.1,@P0;f53r.7,+P0",H|A|1|paragraph_continuation:3/R06;H|A|1|paragraph_start:1/R06
teol,4,4,R06,1.0,0.0,1.0,1.0,2,1,1,0,G2,0.5,0.946,0.5,2,B,0.75,0.811,2,B,0.75,0.811,2,2,0.75,0.811,1,paragraph_continuation,1.0,0.0,1.0,LOW_POWER_TOKEN,LOW_SUPPORT_OR_POLYFUNCTIONAL,LOW,"f80r.21,+P0;f80r.25,+P0;f81v.24,+P0;f93v.8,+P0",B|B|2|paragraph_continuation:3/R06;H|A|1|paragraph_continuation:1/R06
tol,4,4,R06,1.0,0.0,1.0,1.0,3,1,1,0,G1,0.5,0.946,0.75,3,H,0.5,0.946,3,A,0.5,0.946,3,1,0.5,0.946,2,paragraph_continuation,0.75,0.811,0.75,LOW_POWER_TOKEN,LOW_SUPPORT_OR_POLYFUNCTIONAL,LOW,"f51r.9,+P0;f67r2.56,&Ls;f83r.26,+P1;f96r.5,+P0",A||4|&L:1/R06;B|B|2|paragraph_continuation:1/R06;H|A|1|paragraph_continuation:2/R06
tor,4,4,R06,1.0,0.0,1.0,1.0,3,1,1,0,G2,0.5,0.946,0.75,3,P,0.5,0.946,2,A,0.75,0.811,2,1,0.75,0.811,1,paragraph_continuation,1.0,0.0,1.0,LOW_POWER_TOKEN,LOW_SUPPORT_OR_POLYFUNCTIONAL,LOW,"f9v.9,+P0;f84r.16,+P0;f89v1.10,+P0;f102r2.5,+P0",B|B|2|paragraph_continuation:1/R06;H|A|1|paragraph_continuation:1/R06;P|A|1|paragraph_continuation:2/R06
ycheey,4,4,R06,1.0,0.0,1.0,1.0,3,1,1,0,G2,0.75,0.811,1.0,3,S,0.5,0.946,2,B,0.75,0.811,3,3,0.5,0.946,1,paragraph_continuation,1.0,0.0,1.0,LOW_POWER_TOKEN,LOW_SUPPORT_OR_POLYFUNCTIONAL,LOW,"f53v.12,+P0;f84v.24,+P0;f111r.41,+P0;f111v.38,+P0",B|B|2|paragraph_continuation:1/R06;H|A|1|paragraph_continuation:1/R06;S|B|3|paragraph_continuation:2/R06
ycheol,4,4,R06,1.0,0.0,1.0,1.0,2,2,2,0,G3C,1.0,0.0,1.0,2,H,0.5,1.0,2,A,0.5,1.0,2,1,0.5,1.0,1,paragraph_continuation,1.0,0.0,1.0,LOW_POWER_TOKEN,LOW_SUPPORT_OR_POLYFUNCTIONAL,LOW,"f24r.18,+P0;f24v.7,+P0;f112v.40,+P0;f114v.32,+P0",H|A|1|paragraph_continuation:2/R06;S|B|3|paragraph_continuation:2/R06
ychor,4,4,R06,1.0,0.0,1.0,1.0,1,1,1,0,G3C,0.75,0.811,0.75,1,H,1.0,0.0,1,A,1.0,0.0,1,1,1.0,0.0,1,paragraph_continuation,1.0,0.0,1.0,LOW_POWER_TOKEN,LOW_SUPPORT_OR_POLYFUNCTIONAL,LOW,"f9v.11,+P0;f19v.9,+P0;f44r.4,+P0;f45v.9,+P0",H|A|1|paragraph_continuation:4/R06
ykchol,4,4,R07,1.0,0.0,1.0,1.0,3,1,1,0,G2,0.5,0.946,0.75,2,H,0.75,0.811,2,A,0.75,0.811,2,1,0.75,0.811,1,paragraph_continuation,1.0,0.0,1.0,LOW_POWER_TOKEN,LOW_SUPPORT_OR_POLYFUNCTIONAL,LOW,"f18r.4,+P0;f50v.8,+P0;f51r.10,+P0;f89v1.16,+P0",H|A|1|paragraph_continuation:2/R07;H|B|2|paragraph_continuation:1/R07;P|A|1|paragraph_continuation:1/R07
ykeedy,4,4,R00,1.0,0.0,1.0,1.0,3,1,1,0,G2,0.5,0.946,1.0,3,B,0.5,0.946,2,B,0.75,0.811,3,2,0.5,0.946,2,paragraph_continuation,0.75,0.811,0.75,LOW_POWER_TOKEN,LOW_SUPPORT_OR_POLYFUNCTIONAL,LOW,"f72v1.21,&Lz;f81v.14,+P0;f84v.6,+P0;f115v.39,+P0",B|B|2|paragraph_continuation:2/R00;S|B|3|paragraph_continuation:1/R00;Z||4|&L:1/R00
ykor,4,4,R06,1.0,0.0,1.0,1.0,2,1,1,0,G3C,0.5,0.946,0.5,2,H,0.75,0.811,2,A,0.75,0.811,2,1,0.75,0.811,2,paragraph_continuation,0.75,0.811,0.75,LOW_POWER_TOKEN,LOW_SUPPORT_OR_POLYFUNCTIONAL,LOW,"f13r.3,+P0;f23r.3,+P0;f23r.6,+P0;f67r2.26,@Pb",A||4|paragraph_start:1/R06;H|A|1|paragraph_continuation:3/R06
yky,4,4,R06,1.0,0.0,1.0,1.0,2,1,1,0,G3C,0.75,0.811,0.75,2,H,0.75,0.811,2,A,0.75,0.811,2,1,0.75,0.811,2,paragraph_continuation,0.75,0.811,0.75,LOW_POWER_TOKEN,LOW_SUPPORT_OR_POLYFUNCTIONAL,LOW,"f19r.3,+P0;f23r.6,+P0;f36v.8,+P1;f68r1.5,@Pb",A||4|paragraph_start:1/R06;H|A|1|paragraph_continuation:3/R06
yshedy,4,4,R00,1.0,0.0,1.0,1.0,2,1,1,0,G1,0.75,0.811,1.0,2,B,0.75,0.811,1,B,1.0,0.0,1,2,1.0,0.0,1,paragraph_continuation,1.0,0.0,1.0,LOW_POWER_TOKEN,LOW_SUPPORT_OR_POLYFUNCTIONAL,LOW,"f75r.39,+P0;f76r.45,+P0;f78v.7,+P0;f80v.24,+P0",B|B|2|paragraph_continuation:3/R00;T|B|2|paragraph_continuation:1/R00
ytaiin,4,4,R06,1.0,0.0,1.0,1.0,3,1,1,0,G2,0.75,0.811,1.0,3,C,0.5,0.946,2,B,0.75,0.811,3,2,0.5,0.946,1,paragraph_continuation,1.0,0.0,1.0,LOW_POWER_TOKEN,LOW_SUPPORT_OR_POLYFUNCTIONAL,LOW,"f16r.9,+P0;f86v3.7,+Pb;f86v3.26,+Pb;f107r.7,+P0",C|B|2|paragraph_continuation:2/R06;H|A|1|paragraph_continuation:1/R06;S|B|3|paragraph_continuation:1/R06
ytain,4,4,R06,1.0,0.0,1.0,1.0,4,0,0,0,G3C,0.5,1.0,1.0,4,H,0.25,1.0,2,B,0.75,0.811,3,2,0.5,0.946,1,paragraph_continuation,1.0,0.0,1.0,LOW_POWER_TOKEN,LOW_SUPPORT_OR_POLYFUNCTIONAL,LOW,"f35r.15,+P0;f75r.7,+P0;f76r.48,+P0;f114r.34,+Pr",B|B|2|paragraph_continuation:1/R06;H|A|1|paragraph_continuation:1/R06;S|B|3|paragraph_continuation:1/R06;T|B|2|paragraph_continuation:1/R06
ytam,4,4,R06,1.0,0.0,1.0,1.0,4,0,0,0,G2,0.75,0.811,1.0,3,S,0.5,0.946,2,B,0.75,0.811,2,2,0.5,1.0,1,paragraph_continuation,1.0,0.0,1.0,LOW_POWER_TOKEN,LOW_SUPPORT_OR_POLYFUNCTIONAL,LOW,"f43r.5,+P0;f58v.15,+P0;f86v3.7,+Pb;f105r.10,+Pr",C|B|2|paragraph_continuation:1/R06;H|B|2|paragraph_continuation:1/R06;S|A|3|paragraph_continuation:1/R06;S|B|3|paragraph_continuation:1/R06
ytchy,4,3,R06,1.0,0.0,1.0,1.0,2,1,1,0,G3C,0.75,0.811,1.0,2,H,0.75,0.811,1,A,1.0,0.0,1,1,1.0,0.0,1,paragraph_continuation,1.0,0.0,1.0,LOW_POWER_TOKEN,LOW_SUPPORT_OR_POLYFUNCTIONAL,LOW,"f16v.5,+P0;f36v.8,+P1;f102r2.12,+P0",H|A|1|paragraph_continuation:3/R06;P|A|1|paragraph_continuation:1/R06
ytedy,4,3,R00,1.0,0.0,1.0,1.0,3,1,1,0,G2,0.75,0.811,1.0,2,B,0.75,0.811,1,B,1.0,0.0,1,2,1.0,0.0,2,paragraph_continuation,0.75,0.811,1.0,LOW_POWER_TOKEN,LOW_SUPPORT_OR_POLYFUNCTIONAL,LOW,"f34r.4,+P0;f75v.53,*Lt;f81v.12,+P0",B|B|2|label_or_marginal:1/R00;B|B|2|paragraph_continuation:2/R00;H|B|2|paragraph_continuation:1/R00
a,3,3,R00,1.0,0.0,1.0,1.0,3,0,0,0,G3C,0.667,0.918,1.0,3,A,0.333,1.0,2,nan,0.667,0.918,2,4,0.667,0.918,3,+L,0.333,1.0,0.667,LOW_POWER_TOKEN,LOW_SUPPORT_OR_POLYFUNCTIONAL,LOW,"f67r2.28,+L0;f69r.33,@Ro;f89v1.19,+P0",A||4|+L:1/R00;C||4|radial/ring_text:1/R00;P|A|1|paragraph_continuation:1/R00
alam,3,3,R00,1.0,0.0,1.0,1.0,1,1,1,0,G1,0.667,0.918,0.667,1,S,1.0,0.0,1,B,1.0,0.0,1,3,1.0,0.0,1,paragraph_continuation,1.0,0.0,1.0,LOW_POWER_TOKEN,LOW_SUPPORT_OR_POLYFUNCTIONAL,LOW,"f104r.20,+P0;f108r.12,+P0;f111v.21,+P0",S|B|3|paragraph_continuation:3/R00
arody,3,3,R00,1.0,0.0,1.0,1.0,2,1,1,0,G2,0.333,1.0,0.667,2,S,0.667,0.918,1,B,1.0,0.0,2,3,0.667,0.918,1,paragraph_continuation,1.0,0.0,1.0,LOW_POWER_TOKEN,LOW_SUPPORT_OR_POLYFUNCTIONAL,LOW,"f40v.19,+Pc;f113r.24,+P0;f116r.19,+P0",H|B|2|paragraph_continuation:1/R00;S|B|3|paragraph_continuation:2/R00
arol,3,3,R00,1.0,0.0,1.0,1.0,3,0,0,0,G2,0.667,0.918,1.0,3,H,0.333,1.0,2,B,0.667,0.918,3,2,0.333,1.0,2,paragraph_continuation,0.667,0.918,0.667,LOW_POWER_TOKEN,LOW_SUPPORT_OR_POLYFUNCTIONAL,LOW,"f40v.18,+P0;f99v.8,@Lf;f103v.42,+P0",H|B|2|paragraph_continuation:1/R00;P|A|1|label_or_marginal:1/R00;S|B|3|paragraph_continuation:1/R00
cfhy,3,3,R00,1.0,0.0,1.0,1.0,3,0,0,0,G3C,0.333,1.0,1.0,2,H,0.667,0.918,1,A,1.0,0.0,2,1,0.667,0.918,2,paragraph_continuation,0.667,0.918,1.0,LOW_POWER_TOKEN,LOW_SUPPORT_OR_POLYFUNCTIONAL,LOW,"f11r.1,@P0;f32v.9,+P0;f58v.12,+P0",H|A|1|paragraph_continuation:1/R00;H|A|1|paragraph_start:1/R00;S|A|3|paragraph_continuation:1/R00
chdal,3,3,R09,1.0,0.0,1.0,1.0,3,0,0,0,G1,0.667,0.918,1.0,3,H,0.333,1.0,1,B,1.0,0.0,2,2,0.667,0.918,1,paragraph_continuation,1.0,0.0,1.0,LOW_POWER_TOKEN,LOW_SUPPORT_OR_POLYFUNCTIONAL,LOW,"f33r.3,+P0;f83r.48,+Pb;f115v.33,+P0",B|B|2|paragraph_continuation:1/R09;H|B|2|paragraph_continuation:1/R09;S|B|3|paragraph_continuation:1/R09
chdar,3,3,R00,1.0,0.0,1.0,1.0,1,1,1,0,G3C,0.667,0.918,0.667,1,S,1.0,0.0,1,B,1.0,0.0,1,3,1.0,0.0,1,paragraph_continuation,1.0,0.0,1.0,LOW_POWER_TOKEN,LOW_SUPPORT_OR_POLYFUNCTIONAL,LOW,"f104v.20,+P0;f114r.34,+Pr;f114r.45,+P0",S|B|3|paragraph_continuation:3/R00
checkhey,3,3,R00,1.0,0.0,1.0,1.0,2,1,1,0,G2,0.667,0.918,0.667,2,S,0.667,0.918,1,B,1.0,0.0,2,3,0.667,0.918,1,paragraph_continuation,1.0,0.0,1.0,LOW_POWER_TOKEN,LOW_SUPPORT_OR_POLYFUNCTIONAL,LOW,"f76r.55,+P0;f111v.38,+P0;f112v.41,+P0",S|B|3|paragraph_continuation:2/R00;T|B|2|paragraph_continuation:1/R00
cheekey,3,3,R00,1.0,0.0,1.0,1.0,3,0,0,0,G2,0.667,0.918,1.0,2,S,0.667,0.918,2,B,0.667,0.918,2,3,0.667,0.918,1,paragraph_continuation,1.0,0.0,1.0,LOW_POWER_TOKEN,LOW_SUPPORT_OR_POLYFUNCTIONAL,LOW,"f58v.12,+P0;f79v.17,+P0;f112v.33,+P0",B|B|2|paragraph_continuation:1/R00;S|A|3|paragraph_continuation:1/R00;S|B|3|paragraph_continuation:1/R00
cheeo,3,3,R00,1.0,0.0,1.0,1.0,2,1,1,0,G3C,0.667,0.918,0.667,1,S,1.0,0.0,1,B,1.0,0.0,2,3,0.667,0.918,1,paragraph_continuation,1.0,0.0,1.0,LOW_POWER_TOKEN,LOW_SUPPORT_OR_POLYFUNCTIONAL,LOW,"f104r.6,+P0;f113r.19,+P0;f115r.34,+P0",S|B|3|paragraph_continuation:2/R00;S|B|@|paragraph_continuation:1/R00
chek,3,3,R00,1.0,0.0,1.0,1.0,3,0,0,0,G3C,1.0,0.0,1.0,3,C,0.333,1.0,1,nan,1.0,0.0,1,4,1.0,0.0,2,radial/ring_text,0.667,0.918,1.0,LOW_POWER_TOKEN,LOW_SUPPORT_OR_POLYFUNCTIONAL,LOW,"f68v3.13,@Ri;f68v1.8,@Ro;f73r.29,&Lz",A||4|radial/ring_text:1/R00;C||4|radial/ring_text:1/R00;Z||4|&L:1/R00
chekeedy,3,3,R00,1.0,0.0,1.0,1.0,3,0,0,0,G2,0.667,0.918,1.0,3,H,0.333,1.0,1,B,1.0,0.0,2,2,0.667,0.918,1,paragraph_continuation,1.0,0.0,1.0,LOW_POWER_TOKEN,LOW_SUPPORT_OR_POLYFUNCTIONAL,LOW,"f33r.3,+P0;f75r.2,+P0;f111r.17,+P0",B|B|2|paragraph_continuation:1/R00;H|B|2|paragraph_continuation:1/R00;S|B|3|paragraph_continuation:1/R00
chetar,3,3,R00,1.0,0.0,1.0,1.0,3,0,0,0,G2,0.333,1.0,1.0,3,H,0.333,1.0,2,B,0.667,0.918,3,2,0.333,1.0,2,paragraph_continuation,0.667,0.918,0.667,LOW_POWER_TOKEN,LOW_SUPPORT_OR_POLYFUNCTIONAL,LOW,"f40v.19,+Pc;f69r.17,&L0;f116r.19,+P0",C||4|&L:1/R00;H|B|2|paragraph_continuation:1/R00;S|B|3|paragraph_continuation:1/R00
chety,3,3,R00,1.0,0.0,1.0,1.0,3,0,0,0,G3C,0.667,0.918,1.0,2,H,0.667,0.918,3,B,0.333,1.0,3,5,0.333,1.0,2,paragraph_continuation,0.667,0.918,0.667,LOW_POWER_TOKEN,LOW_SUPPORT_OR_POLYFUNCTIONAL,LOW,"f66v.8,+P0;f68v2.10,@Ro;f87r.2,+P0",A||4|radial/ring_text:1/R00;H|A|1|paragraph_continuation:1/R00;H|B|5|paragraph_continuation:1/R00
chkal,3,3,R00,1.0,0.0,1.0,1.0,2,1,1,0,G1,0.667,0.918,0.667,2,S,0.667,0.918,1,B,1.0,0.0,2,3,0.667,0.918,1,paragraph_continuation,1.0,0.0,1.0,LOW_POWER_TOKEN,LOW_SUPPORT_OR_POLYFUNCTIONAL,LOW,"f75r.29,+P0;f107v.2,+P0;f111v.17,+P0",B|B|2|paragraph_continuation:1/R00;S|B|3|paragraph_continuation:2/R00
chodar,3,3,R00,1.0,0.0,1.0,1.0,3,0,0,0,G1,0.667,0.918,1.0,3,A,0.333,1.0,3,nan,0.333,1.0,3,4,0.333,1.0,2,paragraph_continuation,0.667,0.918,0.667,LOW_POWER_TOKEN,LOW_SUPPORT_OR_POLYFUNCTIONAL,LOW,"f68r2.28,@Ls;f89v1.16,+P0;f115r.16,+P0",A||4|label_or_marginal:1/R00;P|A|1|paragraph_continuation:1/R00;S|B|@|paragraph_continuation:1/R00
cholkaiin,3,3,R07,1.0,0.0,1.0,1.0,2,1,1,0,G1,0.667,0.918,0.667,2,S,0.667,0.918,1,B,1.0,0.0,2,3,0.667,0.918,1,paragraph_continuation,1.0,0.0,1.0,LOW_POWER_TOKEN,LOW_SUPPORT_OR_POLYFUNCTIONAL,LOW,"f82v.13,+P0;f106v.36,+P0;f113v.9,+P0",B|B|2|paragraph_continuation:1/R07;S|B|3|paragraph_continuation:2/R07
choly,3,3,R00,1.0,0.0,1.0,1.0,3,0,0,0,G2,0.667,0.918,1.0,2,H,0.667,0.918,1,A,1.0,0.0,2,1,0.667,0.918,2,paragraph_continuation,0.667,0.918,1.0,LOW_POWER_TOKEN,LOW_SUPPORT_OR_POLYFUNCTIONAL,LOW,"f9r.1,@P0;f29r.3,+P0;f58v.6,+P0",H|A|1|paragraph_continuation:1/R00;H|A|1|paragraph_start:1/R00;S|A|3|paragraph_continuation:1/R00
ckhaiin,3,3,R00,1.0,0.0,1.0,1.0,1,1,1,0,G3C,1.0,0.0,1.0,1,H,1.0,0.0,1,A,1.0,0.0,1,1,1.0,0.0,1,paragraph_continuation,1.0,0.0,1.0,LOW_POWER_TOKEN,LOW_SUPPORT_OR_POLYFUNCTIONAL,LOW,"f6r.8,+P0;f15r.4,+P0;f42r.22,+P0",H|A|1|paragraph_continuation:3/R00
ckhol,3,3,R00,1.0,0.0,1.0,1.0,2,1,1,0,G1,0.667,0.918,0.667,2,H,0.667,0.918,1,A,1.0,0.0,1,1,1.0,0.0,1,paragraph_continuation,1.0,0.0,1.0,LOW_POWER_TOKEN,LOW_SUPPORT_OR_POLYFUNCTIONAL,LOW,"f54r.9,+P0;f54r.11,+P0;f99r.18,+P0",H|A|1|paragraph_continuation:2/R00;P|A|1|paragraph_continuation:1/R00
ckhor,3,3,R00,1.0,0.0,1.0,1.0,1,1,1,0,G3C,1.0,0.0,1.0,1,H,1.0,0.0,1,A,1.0,0.0,1,1,1.0,0.0,1,paragraph_continuation,1.0,0.0,1.0,LOW_POWER_TOKEN,LOW_SUPPORT_OR_POLYFUNCTIONAL,LOW,"f2r.11,+P0;f6r.8,+P0;f96r.7,+P0",H|A|1|paragraph_continuation:3/R00
daim,3,3,R06,1.0,0.0,1.0,1.0,3,0,0,0,G2,0.667,0.918,1.0,3,H,0.333,1.0,3,A,0.333,1.0,3,1,0.333,1.0,2,paragraph_continuation,0.667,0.918,0.667,LOW_POWER_TOKEN,LOW_SUPPORT_OR_POLYFUNCTIONAL,LOW,"f51r.9,+P0;f70r1.10,@Ri;f111r.48,+P0",C||4|radial/ring_text:1/R06;H|A|1|paragraph_continuation:1/R06;S|B|3|paragraph_continuation:1/R06
dairal,3,3,R06,1.0,0.0,1.0,1.0,3,0,0,0,G3C,0.667,0.918,1.0,3,C,0.333,1.0,2,nan,0.667,0.918,3,1,0.333,1.0,3,label_or_marginal,0.333,1.0,0.667,LOW_POWER_TOKEN,LOW_SUPPORT_OR_POLYFUNCTIONAL,LOW,"f57v.1,@L0;f67v1.27,@Ro;f115v.39,+P0",A||4|radial/ring_text:1/R06;C||1|label_or_marginal:1/R06;S|B|3|paragraph_continuation:1/R06
dalshedy,3,3,R09,1.0,0.0,1.0,1.0,3,0,0,0,G2,1.0,0.0,1.0,1,T,1.0,0.0,1,B,1.0,0.0,2,2,0.667,0.918,2,paragraph_continuation,0.667,0.918,1.0,LOW_POWER_TOKEN,LOW_SUPPORT_OR_POLYFUNCTIONAL,LOW,"f66r.61,+P0;f76r.24,+P0;f76r.32,=P0",T|B|2|paragraph_continuation:1/R09;T|B|2|paragraph_terminal_or_label:1/R09;T|B|5|paragraph_continuation:1/R09
dchdy,3,3,R06,1.0,0.0,1.0,1.0,3,0,0,0,G3C,0.667,0.918,1.0,2,B,0.667,0.918,2,B,0.667,0.918,2,2,0.667,0.918,3,~L,0.333,1.0,0.667,LOW_POWER_TOKEN,LOW_SUPPORT_OR_POLYFUNCTIONAL,LOW,"f77r.6,~Lt;f81v.24,+P0;f100v.8,@Lf",B|B|2|paragraph_continuation:1/R06;B|B|2|~L:1/R06;P|A|1|label_or_marginal:1/R06
dcho,3,3,R06,1.0,0.0,1.0,1.0,2,1,1,0,G3C,0.667,0.918,0.667,1,H,1.0,0.0,1,A,1.0,0.0,1,1,1.0,0.0,2,paragraph_continuation,0.667,0.918,1.0,LOW_POWER_TOKEN,LOW_SUPPORT_OR_POLYFUNCTIONAL,LOW,"f1v.2,+P0;f8r.8,=Pt;f93v.8,+P0",H|A|1|paragraph_continuation:2/R06;H|A|1|paragraph_terminal_or_label:1/R06
dl,3,3,R06,1.0,0.0,1.0,1.0,2,1,1,0,G2,0.667,0.918,1.0,2,B,0.667,0.918,1,B,1.0,0.0,2,2,0.667,0.918,2,paragraph_continuation,0.667,0.918,1.0,LOW_POWER_TOKEN,LOW_SUPPORT_OR_POLYFUNCTIONAL,LOW,"f81v.2,+P0;f81v.17,+P0;fRos.59,@L0",B|B|2|paragraph_continuation:2/R06;C|B|4|label_or_marginal:1/R06
doiin,3,3,R06,1.0,0.0,1.0,1.0,2,1,1,0,G3C,0.667,0.918,0.667,2,H,0.667,0.918,2,A,0.667,0.918,2,1,0.667,0.918,1,paragraph_continuation,1.0,0.0,1.0,LOW_POWER_TOKEN,LOW_SUPPORT_OR_POLYFUNCTIONAL,LOW,"f15v.4,+P0;f32r.18,+P0;f67r2.14,+Pb",A||4|paragraph_continuation:1/R06;H|A|1|paragraph_continuation:2/R06
dsheey,3,3,R06,1.0,0.0,1.0,1.0,2,1,1,0,G2,0.667,0.918,0.667,2,S,0.667,0.918,1,B,1.0,0.0,2,3,0.667,0.918,1,paragraph_continuation,1.0,0.0,1.0,LOW_POWER_TOKEN,LOW_SUPPORT_OR_POLYFUNCTIONAL,LOW,"f84v.18,+P0;f103r.54,+P0;f111v.39,+P0",B|B|2|paragraph_continuation:1/R06;S|B|3|paragraph_continuation:2/R06
dshey,3,3,R06,1.0,0.0,1.0,1.0,2,1,1,0,G2,0.667,0.918,0.667,2,B,0.667,0.918,1,B,1.0,0.0,2,2,0.667,0.918,1,paragraph_continuation,1.0,0.0,1.0,LOW_POWER_TOKEN,LOW_SUPPORT_OR_POLYFUNCTIONAL,LOW,"f79v.21,+P0;f84v.14,+P0;f111r.23,+P0",B|B|2|paragraph_continuation:2/R06;S|B|3|paragraph_continuation:1/R06
dshor,3,3,R06,1.0,0.0,1.0,1.0,3,0,0,0,G2,1.0,0.0,1.0,3,H,0.333,1.0,2,A,0.667,0.918,2,1,0.667,0.918,1,paragraph_continuation,1.0,0.0,1.0,LOW_POWER_TOKEN,LOW_SUPPORT_OR_POLYFUNCTIONAL,LOW,"f45v.10,+P0;f75r.10,+P0;f88v.7,+P0",B|B|2|paragraph_continuation:1/R06;H|A|1|paragraph_continuation:1/R06;P|A|1|paragraph_continuation:1/R06
k,3,3,R06,1.0,0.0,1.0,1.0,2,1,1,0,G3C,1.0,0.0,1.0,2,H,0.667,0.918,2,A,0.667,0.918,2,1,0.667,0.918,1,label_or_marginal,1.0,0.0,1.0,LOW_POWER_TOKEN,LOW_SUPPORT_OR_POLYFUNCTIONAL,LOW,"f49v.13,*L0;f49v.49,*L0;f76r.27,*L0",H|A|1|label_or_marginal:2/R06;T|B|2|label_or_marginal:1/R06
kal,3,3,R06,1.0,0.0,1.0,1.0,2,1,1,0,G2,0.667,0.918,0.667,2,S,0.667,0.918,1,B,1.0,0.0,2,3,0.667,0.918,1,paragraph_continuation,1.0,0.0,1.0,LOW_POWER_TOKEN,LOW_SUPPORT_OR_POLYFUNCTIONAL,LOW,"f84v.32,+P0;f107r.25,+P0;f111r.17,+P0",B|B|2|paragraph_continuation:1/R06;S|B|3|paragraph_continuation:2/R06
kchaiin,3,3,R00,1.0,0.0,1.0,1.0,1,1,1,0,G3C,0.667,0.918,0.667,1,H,1.0,0.0,1,A,1.0,0.0,1,1,1.0,0.0,1,paragraph_continuation,1.0,0.0,1.0,LOW_POWER_TOKEN,LOW_SUPPORT_OR_POLYFUNCTIONAL,LOW,"f18r.14,+Pc;f29r.3,+P0;f42r.22,+P0",H|A|1|paragraph_continuation:3/R00
kchor,3,3,R06,1.0,0.0,1.0,1.0,2,1,1,0,G3C,0.667,0.918,1.0,2,H,0.667,0.918,2,A,0.667,0.918,2,1,0.667,0.918,1,paragraph_continuation,1.0,0.0,1.0,LOW_POWER_TOKEN,LOW_SUPPORT_OR_POLYFUNCTIONAL,LOW,"f17v.4,+P0;f19v.6,+P0;f115r.4,+P0",H|A|1|paragraph_continuation:2/R06;S|B|@|paragraph_continuation:1/R06
keey,3,3,R06,1.0,0.0,1.0,1.0,2,1,1,0,G1,0.667,0.918,0.667,1,S,1.0,0.0,2,B,0.667,0.918,1,3,1.0,0.0,1,paragraph_continuation,1.0,0.0,1.0,LOW_POWER_TOKEN,LOW_SUPPORT_OR_POLYFUNCTIONAL,LOW,"f58v.38,+P0;f103v.40,+P0;f108r.45,+P0",S|A|3|paragraph_continuation:1/R06;S|B|3|paragraph_continuation:2/R06
kor,3,3,R06,1.0,0.0,1.0,1.0,1,1,1,0,G2,0.667,0.918,0.667,1,H,1.0,0.0,1,A,1.0,0.0,1,1,1.0,0.0,1,paragraph_continuation,1.0,0.0,1.0,LOW_POWER_TOKEN,LOW_SUPPORT_OR_POLYFUNCTIONAL,LOW,"f3v.6,+P0;f29r.9,+P0;f90r1.8,+P0",H|A|1|paragraph_continuation:3/R06
lchy,3,3,R00,1.0,0.0,1.0,1.0,3,0,0,0,G2,0.667,0.918,1.0,2,B,0.667,0.918,1,B,1.0,0.0,1,2,1.0,0.0,2,paragraph_continuation,0.667,0.918,1.0,LOW_POWER_TOKEN,LOW_SUPPORT_OR_POLYFUNCTIONAL,LOW,"f75v.29,+Ln;f76r.40,+P0;f84v.34,+P0",B|B|2|+L:1/R00;B|B|2|paragraph_continuation:1/R00;T|B|2|paragraph_continuation:1/R00
ldy,3,3,R00,1.0,0.0,1.0,1.0,2,1,1,0,G2,1.0,0.0,1.0,2,S,0.667,0.918,1,B,1.0,0.0,2,3,0.667,0.918,1,paragraph_continuation,1.0,0.0,1.0,LOW_POWER_TOKEN,LOW_SUPPORT_OR_POLYFUNCTIONAL,LOW,"f66r.77,+P0;f111v.10,+P0;f111v.31,+P0",S|B|3|paragraph_continuation:2/R00;T|B|5|paragraph_continuation:1/R00
lkchedy,3,3,R00,1.0,0.0,1.0,1.0,2,1,1,0,G3C,0.333,1.0,0.667,2,B,0.667,0.918,1,B,1.0,0.0,2,2,0.667,0.918,1,paragraph_continuation,1.0,0.0,1.0,LOW_POWER_TOKEN,LOW_SUPPORT_OR_POLYFUNCTIONAL,LOW,"f79r.42,+P0;f82r.5,+P0;f115v.30,+P0",B|B|2|paragraph_continuation:2/R00;S|B|3|paragraph_continuation:1/R00
lsheedy,3,3,R00,1.0,0.0,1.0,1.0,2,1,1,0,G1,0.667,0.918,0.667,2,B,0.667,0.918,1,B,1.0,0.0,1,2,1.0,0.0,1,paragraph_continuation,1.0,0.0,1.0,LOW_POWER_TOKEN,LOW_SUPPORT_OR_POLYFUNCTIONAL,LOW,"f76r.52,+P0;f76v.15,+P0;f83r.7,+P0",B|B|2|paragraph_continuation:2/R00;T|B|2|paragraph_continuation:1/R00
oain,3,3,R00,1.0,0.0,1.0,1.0,1,1,1,0,G1,0.333,1.0,0.333,1,S,1.0,0.0,1,B,1.0,0.0,1,3,1.0,0.0,1,paragraph_continuation,1.0,0.0,1.0,LOW_POWER_TOKEN,LOW_SUPPORT_OR_POLYFUNCTIONAL,LOW,"f111r.45,+P0;f111v.35,+P0;f112v.41,+P0",S|B|3|paragraph_continuation:3/R00
ochor,3,3,R00,1.0,0.0,1.0,1.0,3,0,0,0,G3C,1.0,0.0,1.0,2,H,0.667,0.918,2,A,0.667,0.918,2,1,0.667,0.918,2,paragraph_continuation,0.667,0.918,0.667,LOW_POWER_TOKEN,LOW_SUPPORT_OR_POLYFUNCTIONAL,LOW,"f35r.15,+P0;f49v.18,=P0;f112r.25,+P0",H|A|1|paragraph_continuation:1/R00;H|A|1|paragraph_terminal_or_label:1/R00;S|B|3|paragraph_continuation:1/R00
okeal,3,3,R00,1.0,0.0,1.0,1.0,3,0,0,0,G3C,1.0,0.0,1.0,3,H,0.333,1.0,3,A,0.333,1.0,3,1,0.333,1.0,2,paragraph_continuation,0.667,0.918,0.667,LOW_POWER_TOKEN,LOW_SUPPORT_OR_POLYFUNCTIONAL,LOW,"f24r.16,+P0;f72r2.16,&Lz;f108v.18,+P0",H|A|1|paragraph_continuation:1/R00;S|B|3|paragraph_continuation:1/R00;Z||4|&L:1/R00
okear,3,3,R00,1.0,0.0,1.0,1.0,3,0,0,0,G3C,0.667,0.918,1.0,3,H,0.333,1.0,3,A,0.333,1.0,3,1,0.333,1.0,2,paragraph_continuation,0.667,0.918,0.667,LOW_POWER_TOKEN,LOW_SUPPORT_OR_POLYFUNCTIONAL,LOW,"f15r.6,+P0;f68r1.16,@Ls;f111v.9,+P0",A||4|label_or_marginal:1/R00;H|A|1|paragraph_continuation:1/R00;S|B|3|paragraph_continuation:1/R00
okeeey,3,3,R00,1.0,0.0,1.0,1.0,3,0,0,0,G2,0.667,0.918,1.0,3,C,0.333,1.0,2,B,0.667,0.918,3,4,0.333,1.0,2,paragraph_continuation,0.667,0.918,0.667,LOW_POWER_TOKEN,LOW_SUPPORT_OR_POLYFUNCTIONAL,LOW,"f67v2.18,@Ri;f84v.2,+P1;f107r.15,+P0",B|B|2|paragraph_continuation:1/R00;C||4|radial/ring_text:1/R00;S|B|3|paragraph_continuation:1/R00
okeeol,3,3,R00,1.0,0.0,1.0,1.0,3,0,0,0,G3C,1.0,0.0,1.0,3,H,0.333,1.0,3,A,0.333,1.0,3,1,0.333,1.0,2,paragraph_continuation,0.667,0.918,0.667,LOW_POWER_TOKEN,LOW_SUPPORT_OR_POLYFUNCTIONAL,LOW,"f17v.14,+P0;f72v3.16,&Lz;f83r.35,+P1",B|B|2|paragraph_continuation:1/R00;H|A|1|paragraph_continuation:1/R00;Z||4|&L:1/R00
okees,3,3,R00,1.0,0.0,1.0,1.0,3,0,0,0,G2,1.0,0.0,1.0,2,T,0.667,0.918,1,B,1.0,0.0,2,2,0.667,0.918,1,paragraph_continuation,1.0,0.0,1.0,LOW_POWER_TOKEN,LOW_SUPPORT_OR_POLYFUNCTIONAL,LOW,"f40v.17,+P0;f66r.69,+P0;f76r.6,+P0",H|B|2|paragraph_continuation:1/R00;T|B|2|paragraph_continuation:1/R00;T|B|5|paragraph_continuation:1/R00
okeos,3,3,R00,1.0,0.0,1.0,1.0,2,1,1,0,G3C,0.667,0.918,1.0,2,Z,0.667,0.918,2,nan,0.667,0.918,2,4,0.667,0.918,2,&L,0.667,0.918,0.667,LOW_POWER_TOKEN,LOW_SUPPORT_OR_POLYFUNCTIONAL,LOW,"f40v.17,+P0;f73r.20,&Lz;f73v.19,&Lz",H|B|2|paragraph_continuation:1/R00;Z||4|&L:2/R00
okolar,3,3,R00,1.0,0.0,1.0,1.0,3,0,0,0,G3C,1.0,0.0,1.0,2,C,0.667,0.918,2,nan,0.667,0.918,1,4,1.0,0.0,3,radial/ring_text,0.333,1.0,1.0,LOW_POWER_TOKEN,LOW_SUPPORT_OR_POLYFUNCTIONAL,LOW,"f69v.21,@Ri;f71v.4,&Lz;fRos.124,@L0",C|B|4|label_or_marginal:1/R00;C||4|radial/ring_text:1/R00;Z||4|&L:1/R00
okoldy,3,3,R00,1.0,0.0,1.0,1.0,3,0,0,0,G3C,0.667,0.918,1.0,2,B,0.667,0.918,2,B,0.667,0.918,2,2,0.667,0.918,2,label_or_marginal,0.667,0.918,0.667,LOW_POWER_TOKEN,LOW_SUPPORT_OR_POLYFUNCTIONAL,LOW,"f68r1.28,@Ls;f75r.44,+P0;f82v.45,@Lt",A||4|label_or_marginal:1/R00;B|B|2|label_or_marginal:1/R00;B|B|2|paragraph_continuation:1/R00
okshy,3,3,R00,1.0,0.0,1.0,1.0,3,0,0,0,G1,0.333,1.0,1.0,3,H,0.333,1.0,2,B,0.667,0.918,2,2,0.667,0.918,2,paragraph_continuation,0.667,0.918,0.667,LOW_POWER_TOKEN,LOW_SUPPORT_OR_POLYFUNCTIONAL,LOW,"f14v.5,+P0;f75v.18,@Ln;f86v3.21,+P0",B|B|2|label_or_marginal:1/R00;C|B|2|paragraph_continuation:1/R00;H|A|1|paragraph_continuation:1/R00
olain,3,3,R00,1.0,0.0,1.0,1.0,2,1,1,0,G2,1.0,0.0,1.0,2,T,0.667,0.918,1,B,1.0,0.0,2,2,0.667,0.918,1,paragraph_continuation,1.0,0.0,1.0,LOW_POWER_TOKEN,LOW_SUPPORT_OR_POLYFUNCTIONAL,LOW,"f76r.24,+P0;f76r.47,+P0;f111r.34,+P0",S|B|3|paragraph_continuation:1/R00;T|B|2|paragraph_continuation:2/R00
olam,3,3,R00,1.0,0.0,1.0,1.0,3,0,0,0,G2,0.667,0.918,1.0,3,H,0.333,1.0,1,B,1.0,0.0,2,2,0.667,0.918,1,paragraph_continuation,1.0,0.0,1.0,LOW_POWER_TOKEN,LOW_SUPPORT_OR_POLYFUNCTIONAL,LOW,"f34r.2,+P0;f81r.19,+P0;f112r.36,+P0",B|B|2|paragraph_continuation:1/R00;H|B|2|paragraph_continuation:1/R00;S|B|3|paragraph_continuation:1/R00
olcheey,3,3,R00,1.0,0.0,1.0,1.0,3,0,0,0,G1,0.667,0.918,1.0,3,B,0.333,1.0,2,B,0.667,0.918,3,2,0.333,1.0,1,paragraph_continuation,1.0,0.0,1.0,LOW_POWER_TOKEN,LOW_SUPPORT_OR_POLYFUNCTIONAL,LOW,"f79v.11,+P0;f90v1.4,+P0;f107r.3,+P0",B|B|2|paragraph_continuation:1/R00;H|A|1|paragraph_continuation:1/R00;S|B|3|paragraph_continuation:1/R00
olcheol,3,3,R00,1.0,0.0,1.0,1.0,3,0,0,0,G2,0.667,0.918,1.0,3,H,0.333,1.0,2,B,0.667,0.918,3,1,0.333,1.0,1,paragraph_continuation,1.0,0.0,1.0,LOW_POWER_TOKEN,LOW_SUPPORT_OR_POLYFUNCTIONAL,LOW,"f17v.4,+P0;f84r.16,+P0;f107r.26,+P0",B|B|2|paragraph_continuation:1/R00;H|A|1|paragraph_continuation:1/R00;S|B|3|paragraph_continuation:1/R00
olchy,3,3,R00,1.0,0.0,1.0,1.0,3,0,0,0,G2,0.667,0.918,1.0,3,H,0.333,1.0,1,B,1.0,0.0,2,2,0.667,0.918,1,paragraph_continuation,1.0,0.0,1.0,LOW_POWER_TOKEN,LOW_SUPPORT_OR_POLYFUNCTIONAL,LOW,"f34r.7,+P0;f84v.33,+P0;f113v.9,+P0",B|B|2|paragraph_continuation:1/R00;H|B|2|paragraph_continuation:1/R00;S|B|3|paragraph_continuation:1/R00
olo,3,3,R00,1.0,0.0,1.0,1.0,3,0,0,0,G3C,0.667,0.918,1.0,3,H,0.333,1.0,2,B,0.667,0.918,3,1,0.333,1.0,1,paragraph_continuation,1.0,0.0,1.0,LOW_POWER_TOKEN,LOW_SUPPORT_OR_POLYFUNCTIONAL,LOW,"f17v.14,+P0;f80r.25,+P0;f113v.14,+P0",B|B|2|paragraph_continuation:1/R00;H|A|1|paragraph_continuation:1/R00;S|B|3|paragraph_continuation:1/R00
ols,3,3,R00,1.0,0.0,1.0,1.0,3,0,0,0,G3C,0.667,0.918,1.0,3,A,0.333,1.0,2,B,0.667,0.918,2,4,0.667,0.918,3,&L,0.333,1.0,0.667,LOW_POWER_TOKEN,LOW_SUPPORT_OR_POLYFUNCTIONAL,LOW,"f67r2.2,&L0;fRos.75,@L0;f104v.19,+P0",A||4|&L:1/R00;C|B|4|label_or_marginal:1/R00;S|B|3|paragraph_continuation:1/R00
olshey,3,3,R00,1.0,0.0,1.0,1.0,2,1,1,0,G2,0.667,0.918,1.0,2,B,0.667,0.918,2,B,0.667,0.918,2,2,0.667,0.918,1,paragraph_continuation,1.0,0.0,1.0,LOW_POWER_TOKEN,LOW_SUPPORT_OR_POLYFUNCTIONAL,LOW,"f47r.5,+P0;f79v.13,+P0;f79v.36,+P0",B|B|2|paragraph_continuation:2/R00;H|A|1|paragraph_continuation:1/R00
om,3,3,R06,1.0,0.0,1.0,1.0,2,1,1,0,G1,1.0,0.0,1.0,2,H,0.667,0.918,2,A,0.667,0.918,2,1,0.667,0.918,1,paragraph_continuation,1.0,0.0,1.0,LOW_POWER_TOKEN,LOW_SUPPORT_OR_POLYFUNCTIONAL,LOW,"f45r.2,+P0;f54v.8,+P0;f107r.25,+P0",H|A|1|paragraph_continuation:2/R06;S|B|3|paragraph_continuation:1/R06
opchy,3,3,R00,1.0,0.0,1.0,1.0,3,0,0,0,G3C,0.667,0.918,1.0,2,H,0.667,0.918,1,A,1.0,0.0,1,1,1.0,0.0,3,paragraph_start,0.333,1.0,1.0,LOW_POWER_TOKEN,LOW_SUPPORT_OR_POLYFUNCTIONAL,LOW,"f13r.1,@P0;f16r.5,*P0;f102v2.13,@Lf",H|A|1|paragraph_start:1/R00;H|A|1|section/paragraph_break_start:1/R00;P|A|1|label_or_marginal:1/R00
opy,3,3,R00,1.0,0.0,1.0,1.0,2,1,1,0,G3C,0.667,0.918,1.0,2,C,0.667,0.918,1,B,1.0,0.0,2,4,0.667,0.918,2,label_or_marginal,0.667,0.918,1.0,LOW_POWER_TOKEN,LOW_SUPPORT_OR_POLYFUNCTIONAL,LOW,"f80v.23,+P0;fRos.64,@L0;fRos.81,@L0",B|B|2|paragraph_continuation:1/R00;C|B|4|label_or_marginal:2/R00
orchey,3,3,R00,1.0,0.0,1.0,1.0,3,0,0,0,G3C,0.667,0.918,1.0,3,H,0.333,1.0,3,A,0.333,1.0,3,1,0.333,1.0,3,paragraph_start,0.333,1.0,0.333,LOW_POWER_TOKEN,LOW_SUPPORT_OR_POLYFUNCTIONAL,LOW,"f9r.1,@P0;f72v3.3,&Lz;f75r.3,+P0",B|B|2|paragraph_continuation:1/R00;H|A|1|paragraph_start:1/R00;Z||4|&L:1/R00
orol,3,3,R00,1.0,0.0,1.0,1.0,3,0,0,0,G3C,1.0,0.0,1.0,3,C,0.333,1.0,3,nan,0.333,1.0,3,4,0.333,1.0,3,circular/diagram_text,0.333,1.0,0.333,LOW_POWER_TOKEN,LOW_SUPPORT_OR_POLYFUNCTIONAL,LOW,"f68v3.14,@Cc;f80r.25,+P0;f100r.18,@Lf",B|B|2|paragraph_continuation:1/R00;C||4|circular/diagram_text:1/R00;P|A|1|label_or_marginal:1/R00
os,3,3,R00,1.0,0.0,1.0,1.0,3,0,0,0,G3C,1.0,0.0,1.0,3,T,0.333,1.0,2,A,0.667,0.918,2,1,0.667,0.918,3,paragraph_terminal_or_label,0.333,1.0,0.667,LOW_POWER_TOKEN,LOW_SUPPORT_OR_POLYFUNCTIONAL,LOW,"f1r.10,=Pt;f102v2.29,@Lf;f113r.28,+P0",P|A|1|label_or_marginal:1/R00;S|B|3|paragraph_continuation:1/R00;T|A|1|paragraph_terminal_or_label:1/R00
otair,3,3,R00,1.0,0.0,1.0,1.0,2,1,1,0,G3C,0.333,1.0,0.667,2,S,0.667,0.918,2,B,0.667,0.918,2,3,0.667,0.918,2,paragraph_continuation,0.667,0.918,0.667,LOW_POWER_TOKEN,LOW_SUPPORT_OR_POLYFUNCTIONAL,LOW,"f89v2.12,@Lf;f107r.26,+P0;f107r.40,+P0",P|A|1|label_or_marginal:1/R00;S|B|3|paragraph_continuation:2/R00
otcheody,3,3,R00,1.0,0.0,1.0,1.0,3,0,0,0,G3C,1.0,0.0,1.0,2,A,0.667,0.918,1,nan,1.0,0.0,1,4,1.0,0.0,3,label_or_marginal,0.333,1.0,1.0,LOW_POWER_TOKEN,LOW_SUPPORT_OR_POLYFUNCTIONAL,LOW,"f68r1.10,@Ls;f68r3.22,@Cc;f72v3.6,&Lz",A||4|circular/diagram_text:1/R00;A||4|label_or_marginal:1/R00;Z||4|&L:1/R00
otdy,3,3,R00,1.0,0.0,1.0,1.0,2,1,1,0,G3C,1.0,0.0,1.0,2,C,0.667,0.918,2,B,0.667,0.918,2,4,0.667,0.918,2,label_or_marginal,0.667,0.918,0.667,LOW_POWER_TOKEN,LOW_SUPPORT_OR_POLYFUNCTIONAL,LOW,"f22v.1,@P0;fRos.84,@L0;fRos.108,@L0",C|B|4|label_or_marginal:2/R00;H|A|1|paragraph_start:1/R00
otedal,3,3,R09,1.0,0.0,1.0,1.0,3,0,0,0,G3C,0.667,0.918,1.0,3,B,0.333,1.0,1,B,1.0,0.0,3,2,0.333,1.0,2,label_or_marginal,0.667,0.918,1.0,LOW_POWER_TOKEN,LOW_SUPPORT_OR_POLYFUNCTIONAL,LOW,"f82v.4,@Lt;fRos.48,@L0;f116r.15,+P0",B|B|2|label_or_marginal:1/R09;C|B|4|label_or_marginal:1/R09;S|B|3|paragraph_continuation:1/R09
otoky,3,3,R00,1.0,0.0,1.0,1.0,2,1,1,0,G3C,1.0,0.0,1.0,2,P,0.667,0.918,2,A,0.667,0.918,2,1,0.667,0.918,2,label_or_marginal,0.667,0.918,0.667,LOW_POWER_TOKEN,LOW_SUPPORT_OR_POLYFUNCTIONAL,LOW,"f67r1.9,@Ri;f88r.5,@Lf;f99v.9,@Lf",A||4|radial/ring_text:1/R00;P|A|1|label_or_marginal:2/R00
otshey,3,3,R00,1.0,0.0,1.0,1.0,3,0,0,0,G3C,0.667,0.918,1.0,3,H,0.333,1.0,3,A,0.333,1.0,3,1,0.333,1.0,2,paragraph_continuation,0.667,0.918,0.667,LOW_POWER_TOKEN,LOW_SUPPORT_OR_POLYFUNCTIONAL,LOW,"f42r.15,+Pr;f68r1.14,@Ls;f79v.25,+P0",A||4|label_or_marginal:1/R00;B|B|2|paragraph_continuation:1/R00;H|A|1|paragraph_continuation:1/R00
p,3,3,R06,1.0,0.0,1.0,1.0,2,1,1,0,G3C,1.0,0.0,1.0,2,H,0.667,0.918,2,A,0.667,0.918,2,1,0.667,0.918,2,label_or_marginal,0.667,0.918,0.667,LOW_POWER_TOKEN,LOW_SUPPORT_OR_POLYFUNCTIONAL,LOW,"f49v.17,*L0;f49v.31,*L0;f66r.48,+L0",H|A|1|label_or_marginal:2/R06;T|B|5|+L:1/R06
qeeey,3,3,R00,1.0,0.0,1.0,1.0,2,1,1,0,G2,0.667,0.918,0.667,2,S,0.667,0.918,1,B,1.0,0.0,2,3,0.667,0.918,1,paragraph_continuation,1.0,0.0,1.0,LOW_POWER_TOKEN,LOW_SUPPORT_OR_POLYFUNCTIONAL,LOW,"f76r.17,+P0;f107r.2,+P0;f108r.38,+P0",S|B|3|paragraph_continuation:2/R00;T|B|2|paragraph_continuation:1/R00
qekchdy,3,3,R00,1.0,0.0,1.0,1.0,3,0,0,0,G1,1.0,0.0,1.0,3,H,0.333,1.0,1,B,1.0,0.0,3,5,0.333,1.0,1,paragraph_continuation,1.0,0.0,1.0,LOW_POWER_TOKEN,LOW_SUPPORT_OR_POLYFUNCTIONAL,LOW,"f41r.10,+P0;f76v.17,+P0;f107v.18,+P0",B|B|2|paragraph_continuation:1/R00;H|B|5|paragraph_continuation:1/R00;S|B|3|paragraph_continuation:1/R00
qochey,3,3,H07,1.0,0.0,1.0,1.0,2,1,1,0,G1,0.667,0.918,1.0,2,S,0.667,0.918,1,B,1.0,0.0,2,3,0.667,0.918,1,paragraph_continuation,1.0,0.0,1.0,LOW_POWER_TOKEN,LOW_SUPPORT_OR_POLYFUNCTIONAL,LOW,"f86v3.20,+P0;f104v.20,+P0;f111r.18,+P0",C|B|2|paragraph_continuation:1/H07;S|B|3|paragraph_continuation:2/H07
qockhy,3,3,H07,1.0,0.0,1.0,1.0,3,0,0,0,G2,0.667,0.918,1.0,3,H,0.333,1.0,1,A,1.0,0.0,2,1,0.667,0.918,1,paragraph_continuation,1.0,0.0,1.0,LOW_POWER_TOKEN,LOW_SUPPORT_OR_POLYFUNCTIONAL,LOW,"f45v.4,+P0;f58v.18,+P0;f89v1.16,+P0",H|A|1|paragraph_continuation:1/H07;P|A|1|paragraph_continuation:1/H07;S|A|3|paragraph_continuation:1/H07
qod,3,3,R00,1.0,0.0,1.0,1.0,3,0,0,0,G3C,0.333,1.0,1.0,2,H,0.667,0.918,2,B,0.667,0.918,3,1,0.333,1.0,2,paragraph_continuation,0.667,0.918,0.667,LOW_POWER_TOKEN,LOW_SUPPORT_OR_POLYFUNCTIONAL,LOW,"f22v.1,@P0;f50v.8,+P0;f111r.29,+P0",H|A|1|paragraph_start:1/R00;H|B|2|paragraph_continuation:1/R00;S|B|3|paragraph_continuation:1/R00
qodaiin,3,3,H07,1.0,0.0,1.0,1.0,3,0,0,0,G2,0.667,0.918,1.0,2,H,0.667,0.918,2,A,0.667,0.918,2,1,0.667,0.918,2,paragraph_continuation,0.667,0.918,0.667,LOW_POWER_TOKEN,LOW_SUPPORT_OR_POLYFUNCTIONAL,LOW,"f51r.5,+P0;f89r1.8,+P0;f95r2.1,@P0",H|A|1|paragraph_continuation:1/H07;H|B|3|paragraph_start:1/H07;P|A|1|paragraph_continuation:1/H07
qodar,3,2,H07,1.0,0.0,1.0,1.0,1,1,1,0,G2,1.0,0.0,1.0,1,H,1.0,0.0,1,A,1.0,0.0,1,1,1.0,0.0,1,paragraph_continuation,1.0,0.0,1.0,LOW_POWER_TOKEN,LOW_SUPPORT_OR_POLYFUNCTIONAL,LOW,"f90r1.8,+P0;f90v2.5,+P0",H|A|1|paragraph_continuation:3/H07
qokaldy,3,3,H11,1.0,0.0,1.0,1.0,2,1,1,0,G2,1.0,0.0,1.0,1,T,1.0,0.0,1,B,1.0,0.0,2,5,0.667,0.918,1,paragraph_continuation,1.0,0.0,1.0,LOW_POWER_TOKEN,LOW_SUPPORT_OR_POLYFUNCTIONAL,LOW,"f66r.67,+P0;f66r.69,+P0;f76r.24,+P0",T|B|2|paragraph_continuation:1/H11;T|B|5|paragraph_continuation:2/H11
qokaly,3,3,H08,1.0,0.0,1.0,1.0,3,0,0,0,G2,1.0,0.0,1.0,3,H,0.333,1.0,2,B,0.667,0.918,3,2,0.333,1.0,1,paragraph_continuation,1.0,0.0,1.0,LOW_POWER_TOKEN,LOW_SUPPORT_OR_POLYFUNCTIONAL,LOW,"f50v.2,+P0;f58v.25,+P0;f66r.76,+P0",H|B|2|paragraph_continuation:1/H08;S|A|3|paragraph_continuation:1/H08;T|B|5|paragraph_continuation:1/H08
qokear,3,3,H08,1.0,0.0,1.0,1.0,1,1,1,0,G2,1.0,0.0,1.0,1,S,1.0,0.0,1,B,1.0,0.0,1,3,1.0,0.0,1,paragraph_continuation,1.0,0.0,1.0,LOW_POWER_TOKEN,LOW_SUPPORT_OR_POLYFUNCTIONAL,LOW,"f107r.5,+P0;f111r.3,+P0;f111r.10,+P0",S|B|3|paragraph_continuation:3/H08
qokedar,3,3,H08,1.0,0.0,1.0,1.0,3,0,0,0,G2,0.667,0.918,1.0,3,H,0.333,1.0,1,B,1.0,0.0,2,2,0.667,0.918,1,paragraph_continuation,1.0,0.0,1.0,LOW_POWER_TOKEN,LOW_SUPPORT_OR_POLYFUNCTIONAL,LOW,"f39r.7,+P0;f76r.40,+P0;f111v.4,+P0",H|B|2|paragraph_continuation:1/H08;S|B|3|paragraph_continuation:1/H08;T|B|2|paragraph_continuation:1/H08
qokeeody,3,2,H11,1.0,0.0,1.0,1.0,2,1,1,0,G2,0.667,0.918,1.0,2,T,0.667,0.918,2,B,0.667,0.918,2,5,0.667,0.918,1,paragraph_continuation,1.0,0.0,1.0,LOW_POWER_TOKEN,LOW_SUPPORT_OR_POLYFUNCTIONAL,LOW,"f66r.54,+P0;f96r.2,+P0",H|A|1|paragraph_continuation:1/H11;T|B|5|paragraph_continuation:2/H11
qokl,3,3,R00,1.0,0.0,1.0,1.0,2,1,1,0,G2,0.667,0.918,1.0,2,S,0.667,0.918,1,B,1.0,0.0,2,3,0.667,0.918,1,paragraph_continuation,1.0,0.0,1.0,LOW_POWER_TOKEN,LOW_SUPPORT_OR_POLYFUNCTIONAL,LOW,"f79r.15,+P0;f107r.36,+P0;f111v.24,+P0",B|B|2|paragraph_continuation:1/R00;S|B|3|paragraph_continuation:2/R00
qokody,3,3,R00,1.0,0.0,1.0,1.0,3,0,0,0,G1,0.333,1.0,1.0,2,H,0.667,0.918,2,A,0.667,0.918,2,1,0.667,0.918,1,paragraph_continuation,1.0,0.0,1.0,LOW_POWER_TOKEN,LOW_SUPPORT_OR_POLYFUNCTIONAL,LOW,"f26v.5,+P0;f52v.10,+P0;f88v.17,+P0",H|A|1|paragraph_continuation:1/R00;H|B|2|paragraph_continuation:1/R00;P|A|1|paragraph_continuation:1/R00
qoteol,3,3,H13,1.0,0.0,1.0,1.0,3,0,0,0,G2,1.0,0.0,1.0,2,P,0.667,0.918,2,A,0.667,0.918,2,1,0.667,0.918,2,paragraph_continuation,0.667,0.918,0.667,LOW_POWER_TOKEN,LOW_SUPPORT_OR_POLYFUNCTIONAL,LOW,"f102r1.3,@P0;f102r1.14,+P0;f111v.10,+P0",P|A|1|paragraph_continuation:1/H13;P|A|1|paragraph_start:1/H13;S|B|3|paragraph_continuation:1/H13
qotor,3,3,H13,1.0,0.0,1.0,1.0,2,1,1,0,G1,1.0,0.0,1.0,2,H,0.667,0.918,2,A,0.667,0.918,2,1,0.667,0.918,1,paragraph_continuation,1.0,0.0,1.0,LOW_POWER_TOKEN,LOW_SUPPORT_OR_POLYFUNCTIONAL,LOW,"f15r.12,+P0;f42r.11,+P0;f115r.16,+P0",H|A|1|paragraph_continuation:2/H13;S|B|@|paragraph_continuation:1/H13
ror,3,3,R00,1.0,0.0,1.0,1.0,2,1,1,0,G2,1.0,0.0,1.0,2,B,0.667,0.918,1,B,1.0,0.0,2,2,0.667,0.918,2,paragraph_continuation,0.667,0.918,1.0,LOW_POWER_TOKEN,LOW_SUPPORT_OR_POLYFUNCTIONAL,LOW,"f75r.2,+P0;f79v.13,+P0;f111r.1,@P0",B|B|2|paragraph_continuation:2/R00;S|B|3|paragraph_start:1/R00
saral,3,3,R06,1.0,0.0,1.0,1.0,3,0,0,0,G3C,1.0,0.0,1.0,3,A,0.333,1.0,2,nan,0.667,0.918,2,4,0.667,0.918,3,paragraph_continuation,0.333,1.0,0.667,LOW_POWER_TOKEN,LOW_SUPPORT_OR_POLYFUNCTIONAL,LOW,"f67r2.20,+Pb;f69v.19,@Ri;f75v.19,+Ln",A||4|paragraph_continuation:1/R06;B|B|2|+L:1/R06;C||4|radial/ring_text:1/R06
sary,3,3,R06,1.0,0.0,1.0,1.0,3,0,0,0,G3C,1.0,0.0,1.0,3,H,0.333,1.0,2,A,0.667,0.918,2,1,0.667,0.918,3,paragraph_start,0.333,1.0,0.667,LOW_POWER_TOKEN,LOW_SUPPORT_OR_POLYFUNCTIONAL,LOW,"f9r.1,@P0;f68v2.8,@Ro;f99v.17,@Lf",A||4|radial/ring_text:1/R06;H|A|1|paragraph_start:1/R06;P|A|1|label_or_marginal:1/R06
shain,3,3,R06,1.0,0.0,1.0,1.0,3,0,0,0,G1,0.667,0.918,1.0,3,H,0.333,1.0,2,B,0.667,0.918,3,1,0.333,1.0,1,paragraph_continuation,1.0,0.0,1.0,LOW_POWER_TOKEN,LOW_SUPPORT_OR_POLYFUNCTIONAL,LOW,"f22r.3,+P0;f79r.16,+P0;f111v.36,+P0",B|B|2|paragraph_continuation:1/R06;H|A|1|paragraph_continuation:1/R06;S|B|3|paragraph_continuation:1/R06
shal,3,3,R06,1.0,0.0,1.0,1.0,2,1,1,0,G2,0.667,0.918,0.667,2,B,0.667,0.918,1,B,1.0,0.0,2,2,0.667,0.918,1,paragraph_continuation,1.0,0.0,1.0,LOW_POWER_TOKEN,LOW_SUPPORT_OR_POLYFUNCTIONAL,LOW,"f75r.17,+P0;f80v.27,+P0;f103v.32,+P0",B|B|2|paragraph_continuation:2/R06;S|B|3|paragraph_continuation:1/R06
shedal,3,3,R06,1.0,0.0,1.0,1.0,2,1,1,0,G2,0.667,0.918,1.0,2,S,0.667,0.918,1,B,1.0,0.0,2,3,0.667,0.918,2,paragraph_continuation,0.667,0.918,1.0,LOW_POWER_TOKEN,LOW_SUPPORT_OR_POLYFUNCTIONAL,LOW,"f83r.47,@Pb;f111v.3,+P0;f111v.9,+P0",B|B|2|paragraph_start:1/R06;S|B|3|paragraph_continuation:2/R06
sheeol,3,3,R06,1.0,0.0,1.0,1.0,2,1,1,0,G1,0.667,0.918,1.0,2,B,0.667,0.918,1,B,1.0,0.0,2,2,0.667,0.918,1,paragraph_continuation,1.0,0.0,1.0,LOW_POWER_TOKEN,LOW_SUPPORT_OR_POLYFUNCTIONAL,LOW,"f66r.78,+P0;f77r.14,+P0;f79r.10,+P0",B|B|2|paragraph_continuation:2/R06;T|B|5|paragraph_continuation:1/R06
sheety,3,3,R06,1.0,0.0,1.0,1.0,2,1,1,0,G2,0.667,0.918,0.667,2,B,0.667,0.918,1,B,1.0,0.0,2,2,0.667,0.918,1,paragraph_continuation,1.0,0.0,1.0,LOW_POWER_TOKEN,LOW_SUPPORT_OR_POLYFUNCTIONAL,LOW,"f75r.37,+P0;f77r.15,+P0;f103v.26,+P0",B|B|2|paragraph_continuation:2/R06;S|B|3|paragraph_continuation:1/R06
shl,3,3,R06,1.0,0.0,1.0,1.0,3,0,0,0,G1,0.667,0.918,1.0,2,S,0.667,0.918,1,B,1.0,0.0,2,3,0.667,0.918,2,paragraph_continuation,0.667,0.918,1.0,LOW_POWER_TOKEN,LOW_SUPPORT_OR_POLYFUNCTIONAL,LOW,"f80r.14,+P0;f106r.1,@P0;f107r.35,+P0",B|B|2|paragraph_continuation:1/R06;S|B|3|paragraph_continuation:1/R06;S|B|3|paragraph_start:1/R06
shocthy,3,3,R00,1.0,0.0,1.0,1.0,3,0,0,0,G3C,0.667,0.918,1.0,2,H,0.667,0.918,1,A,1.0,0.0,1,1,1.0,0.0,3,section/paragraph_break_start,0.333,1.0,1.0,LOW_POWER_TOKEN,LOW_SUPPORT_OR_POLYFUNCTIONAL,LOW,"f16r.5,*P0;f21v.5,+P0;f102r1.3,@P0",H|A|1|paragraph_continuation:1/R00;H|A|1|section/paragraph_break_start:1/R00;P|A|1|paragraph_start:1/R00
solkeedy,3,3,R00,1.0,0.0,1.0,1.0,1,1,1,0,G1,1.0,0.0,1.0,1,B,1.0,0.0,1,B,1.0,0.0,1,2,1.0,0.0,1,paragraph_continuation,1.0,0.0,1.0,LOW_POWER_TOKEN,LOW_SUPPORT_OR_POLYFUNCTIONAL,LOW,"f83r.20,+P0;f83r.21,+P0;f83v.18,+P0",B|B|2|paragraph_continuation:3/R00
tar,3,3,R06,1.0,0.0,1.0,1.0,3,0,0,0,G2,0.667,0.918,1.0,2,H,0.667,0.918,2,B,0.667,0.918,2,3,0.667,0.918,1,paragraph_continuation,1.0,0.0,1.0,LOW_POWER_TOKEN,LOW_SUPPORT_OR_POLYFUNCTIONAL,LOW,"f39v.9,+P0;f58v.14,+P0;f95r1.9,+P0",H|B|2|paragraph_continuation:1/R06;H|B|3|paragraph_continuation:1/R06;S|A|3|paragraph_continuation:1/R06
tshol,3,3,R06,1.0,0.0,1.0,1.0,2,1,1,0,G3C,0.667,0.918,0.667,1,H,1.0,0.0,1,A,1.0,0.0,1,1,1.0,0.0,2,paragraph_continuation,0.667,0.918,1.0,LOW_POWER_TOKEN,LOW_SUPPORT_OR_POLYFUNCTIONAL,LOW,"f11r.1,@P0;f23r.6,+P0;f23v.6,+P0",H|A|1|paragraph_continuation:2/R06;H|A|1|paragraph_start:1/R06
x,3,3,R00,1.0,0.0,1.0,1.0,1,1,1,0,G3C,1.0,0.0,1.0,1,T,1.0,0.0,1,B,1.0,0.0,1,5,1.0,0.0,1,+L,1.0,0.0,1.0,LOW_POWER_TOKEN,LOW_SUPPORT_OR_POLYFUNCTIONAL,LOW,"f66r.25,+L0;f66r.39,+L0;f66r.47,+L0",T|B|5|+L:3/R00
ychedy,3,3,R00,1.0,0.0,1.0,1.0,1,1,1,0,G2,0.667,0.918,0.667,1,B,1.0,0.0,1,B,1.0,0.0,1,2,1.0,0.0,1,paragraph_continuation,1.0,0.0,1.0,LOW_POWER_TOKEN,LOW_SUPPORT_OR_POLYFUNCTIONAL,LOW,"f79v.8,+P0;f80v.18,+P0;f81r.12,+P0",B|B|2|paragraph_continuation:3/R00
ychey,3,3,R06,1.0,0.0,1.0,1.0,3,0,0,0,G2,0.333,1.0,1.0,3,H,0.333,1.0,2,A,0.667,0.918,2,1,0.667,0.918,1,paragraph_continuation,1.0,0.0,1.0,LOW_POWER_TOKEN,LOW_SUPPORT_OR_POLYFUNCTIONAL,LOW,"f7r.4,+P0;f86v3.10,+Pb;f88r.22,+P0",C|B|2|paragraph_continuation:1/R06;H|A|1|paragraph_continuation:1/R06;P|A|1|paragraph_continuation:1/R06
ydam,3,3,R06,1.0,0.0,1.0,1.0,3,0,0,0,G3C,1.0,0.0,1.0,2,H,0.667,0.918,3,B,0.333,1.0,3,2,0.333,1.0,1,paragraph_continuation,1.0,0.0,1.0,LOW_POWER_TOKEN,LOW_SUPPORT_OR_POLYFUNCTIONAL,LOW,"f39v.9,+P0;f53v.12,+P0;f67r2.25,+Pb",A||4|paragraph_continuation:1/R06;H|A|1|paragraph_continuation:1/R06;H|B|2|paragraph_continuation:1/R06
ykaly,3,3,R06,1.0,0.0,1.0,1.0,3,0,0,0,G3C,1.0,0.0,1.0,3,T,0.333,1.0,2,nan,0.667,0.918,2,4,0.667,0.918,3,+L,0.333,1.0,0.667,LOW_POWER_TOKEN,LOW_SUPPORT_OR_POLYFUNCTIONAL,LOW,"f66r.10,+L0;f67r2.9,&L0;f67v2.14,@Ri",A||4|&L:1/R06;C||4|radial/ring_text:1/R06;T|B|5|+L:1/R06
ykchdy,3,3,R00,1.0,0.0,1.0,1.0,3,0,0,0,G3C,0.667,0.918,1.0,3,T,0.333,1.0,3,B,0.333,1.0,3,5,0.333,1.0,2,label_or_marginal,0.667,0.918,0.667,LOW_POWER_TOKEN,LOW_SUPPORT_OR_POLYFUNCTIONAL,LOW,"f66r.77,+P0;f68r1.29,@Ls;f100v.7,@Lf",A||4|label_or_marginal:1/R00;P|A|1|label_or_marginal:1/R00;T|B|5|paragraph_continuation:1/R00
ykeeor,3,3,R06,1.0,0.0,1.0,1.0,3,0,0,0,G3C,0.667,0.918,1.0,3,Z,0.333,1.0,3,nan,0.333,1.0,3,4,0.333,1.0,2,paragraph_continuation,0.667,0.918,0.667,LOW_POWER_TOKEN,LOW_SUPPORT_OR_POLYFUNCTIONAL,LOW,"f72v2.17,&Lz;f88v.18,+P0;f113r.33,+P0",P|A|1|paragraph_continuation:1/R06;S|B|3|paragraph_continuation:1/R06;Z||4|&L:1/R06
ykey,3,3,R06,1.0,0.0,1.0,1.0,2,1,1,0,G3C,1.0,0.0,1.0,2,Z,0.667,0.918,2,nan,0.667,0.918,2,4,0.667,0.918,2,&L,0.667,0.918,0.667,LOW_POWER_TOKEN,LOW_SUPPORT_OR_POLYFUNCTIONAL,LOW,"f9v.3,+P0;f73v.28,&Lz;f73v.31,&Lz",H|A|1|paragraph_continuation:1/R06;Z||4|&L:2/R06
yshey,3,3,R06,1.0,0.0,1.0,1.0,3,0,0,0,G3C,0.333,1.0,1.0,3,T,0.333,1.0,2,B,0.667,0.918,3,1,0.333,1.0,1,paragraph_continuation,1.0,0.0,1.0,LOW_POWER_TOKEN,LOW_SUPPORT_OR_POLYFUNCTIONAL,LOW,"f1r.8,+P0;f75v.45,+P0;f103v.42,+P0",B|B|2|paragraph_continuation:1/R06;S|B|3|paragraph_continuation:1/R06;T|A|1|paragraph_continuation:1/R06
ytar,3,3,R06,1.0,0.0,1.0,1.0,3,0,0,0,G2,0.667,0.918,1.0,3,H,0.333,1.0,2,B,0.667,0.918,3,2,0.333,1.0,2,paragraph_continuation,0.667,0.918,0.667,LOW_POWER_TOKEN,LOW_SUPPORT_OR_POLYFUNCTIONAL,LOW,"f34r.2,+P0;f70r2.6,+P1;f107r.1,@P0",C||4|paragraph_continuation:1/R06;H|B|2|paragraph_continuation:1/R06;S|B|3|paragraph_start:1/R06
ytchey,3,3,R06,1.0,0.0,1.0,1.0,3,0,0,0,G3C,0.333,1.0,1.0,2,H,0.667,0.918,2,B,0.667,0.918,2,2,0.667,0.918,2,paragraph_continuation,0.667,0.918,0.667,LOW_POWER_TOKEN,LOW_SUPPORT_OR_POLYFUNCTIONAL,LOW,"f5v.1,@P0;f46v.3,+P0;f86v3.33,+Pb",C|B|2|paragraph_continuation:1/R06;H|A|1|paragraph_start:1/R06;H|B|2|paragraph_continuation:1/R06
ytchol,3,3,R06,1.0,0.0,1.0,1.0,3,0,0,0,G2,0.667,0.918,1.0,3,C,0.333,1.0,2,A,0.667,0.918,2,1,0.667,0.918,2,paragraph_continuation,0.667,0.918,0.667,LOW_POWER_TOKEN,LOW_SUPPORT_OR_POLYFUNCTIONAL,LOW,"f86v3.21,+P0;f93v.9,+P0;f100v.11,@Lf",C|B|2|paragraph_continuation:1/R06;H|A|1|paragraph_continuation:1/R06;P|A|1|label_or_marginal:1/R06
yteody,3,3,R00,1.0,0.0,1.0,1.0,3,0,0,0,G3C,1.0,0.0,1.0,3,A,0.333,1.0,1,nan,1.0,0.0,1,4,1.0,0.0,2,radial/ring_text,0.667,0.918,1.0,LOW_POWER_TOKEN,LOW_SUPPORT_OR_POLYFUNCTIONAL,LOW,"f68v2.12,@Ro;f70r1.11,@Ri;f72v2.14,&Lz",A||4|radial/ring_text:1/R00;C||4|radial/ring_text:1/R00;Z||4|&L:1/R00
ytor,3,3,R06,1.0,0.0,1.0,1.0,2,1,1,0,G3C,1.0,0.0,1.0,2,H,0.667,0.918,2,A,0.667,0.918,2,1,0.667,0.918,1,paragraph_continuation,1.0,0.0,1.0,LOW_POWER_TOKEN,LOW_SUPPORT_OR_POLYFUNCTIONAL,LOW,"f18v.8,+P0;f30v.5,+P0;f67r2.36,+Pb",A||4|paragraph_continuation:1/R06;H|A|1|paragraph_continuation:2/R06
yty,3,2,R06,1.0,0.0,1.0,1.0,2,1,1,0,G2,0.667,0.918,1.0,1,H,1.0,0.0,2,B,0.667,0.918,2,2,0.667,0.918,1,paragraph_continuation,1.0,0.0,1.0,LOW_POWER_TOKEN,LOW_SUPPORT_OR_POLYFUNCTIONAL,LOW,"f14v.4,+P0;f43r.3,+P0",H|A|1|paragraph_continuation:1/R06;H|B|2|paragraph_continuation:2/R06
aiir,2,2,R00,1.0,0.0,1.0,1.0,2,0,0,0,G3C,0.5,1.0,1.0,2,C,0.5,1.0,2,nan,0.5,1.0,2,4,0.5,1.0,2,radial/ring_text,0.5,1.0,0.5,LOW_POWER_TOKEN,LOW_SUPPORT_OR_POLYFUNCTIONAL,LOW,"f69r.34,@Ro;f105r.28,+P0",C||4|radial/ring_text:1/R00;S|B|3|paragraph_continuation:1/R00
airal,2,2,R00,1.0,0.0,1.0,1.0,2,0,0,0,G3C,0.5,1.0,1.0,2,Z,0.5,1.0,2,nan,0.5,1.0,2,4,0.5,1.0,2,&L,0.5,1.0,0.5,LOW_POWER_TOKEN,LOW_SUPPORT_OR_POLYFUNCTIONAL,LOW,"f72r3.21,&Lz;f107r.15,+P0",S|B|3|paragraph_continuation:1/R00;Z||4|&L:1/R00
alkain,2,2,R00,1.0,0.0,1.0,1.0,1,1,1,0,G1,0.5,1.0,0.5,1,S,1.0,0.0,1,B,1.0,0.0,1,3,1.0,0.0,1,paragraph_continuation,1.0,0.0,1.0,LOW_POWER_TOKEN,LOW_SUPPORT_OR_POLYFUNCTIONAL,LOW,"f107v.2,+P0;f114v.25,+P0",S|B|3|paragraph_continuation:2/R00
aloly,2,2,R00,1.0,0.0,1.0,1.0,2,0,0,0,G3C,1.0,0.0,1.0,2,C,0.5,1.0,2,nan,0.5,1.0,2,4,0.5,1.0,2,radial/ring_text,0.5,1.0,0.5,LOW_POWER_TOKEN,LOW_SUPPORT_OR_POLYFUNCTIONAL,LOW,"f69r.29,@Ro;f99r.21,@Lf",C||4|radial/ring_text:1/R00;P|A|1|label_or_marginal:1/R00
alor,2,2,R00,1.0,0.0,1.0,1.0,2,0,0,0,G2,1.0,0.0,1.0,2,S,0.5,1.0,2,A,0.5,1.0,2,3,0.5,1.0,1,paragraph_continuation,1.0,0.0,1.0,LOW_POWER_TOKEN,LOW_SUPPORT_OR_POLYFUNCTIONAL,LOW,"f58v.2,+P0;f86v3.22,+P0",C|B|2|paragraph_continuation:1/R00;S|A|3|paragraph_continuation:1/R00
aly,2,2,R00,1.0,0.0,1.0,1.0,2,0,0,0,G2,1.0,0.0,1.0,2,S,0.5,1.0,2,A,0.5,1.0,2,3,0.5,1.0,1,paragraph_continuation,1.0,0.0,1.0,LOW_POWER_TOKEN,LOW_SUPPORT_OR_POLYFUNCTIONAL,LOW,"f58v.6,+P0;f84v.31,+P0",B|B|2|paragraph_continuation:1/R00;S|A|3|paragraph_continuation:1/R00
arom,2,2,R00,1.0,0.0,1.0,1.0,2,0,0,0,G3C,1.0,0.0,1.0,2,Z,0.5,1.0,2,nan,0.5,1.0,2,4,0.5,1.0,1,label_or_marginal,1.0,0.0,1.0,LOW_POWER_TOKEN,LOW_SUPPORT_OR_POLYFUNCTIONAL,LOW,"f71v.2,@Lz;f101v.11,@Lf",P|A|1|label_or_marginal:1/R00;Z||4|label_or_marginal:1/R00
as,2,2,R00,1.0,0.0,1.0,1.0,2,0,0,0,G2,1.0,0.0,1.0,2,H,0.5,1.0,1,B,1.0,0.0,1,2,1.0,0.0,1,paragraph_continuation,1.0,0.0,1.0,LOW_POWER_TOKEN,LOW_SUPPORT_OR_POLYFUNCTIONAL,LOW,"f34r.7,+P0;f76r.45,+P0",H|B|2|paragraph_continuation:1/R00;T|B|2|paragraph_continuation:1/R00
chain,2,2,R00,1.0,0.0,1.0,1.0,2,0,0,0,G3C,0.5,1.0,1.0,2,H,0.5,1.0,2,A,0.5,1.0,2,1,0.5,1.0,1,paragraph_continuation,1.0,0.0,1.0,LOW_POWER_TOKEN,LOW_SUPPORT_OR_POLYFUNCTIONAL,LOW,"f42r.3,+P0;f115v.39,+P0",H|A|1|paragraph_continuation:1/R00;S|B|3|paragraph_continuation:1/R00
cham,2,2,R00,1.0,0.0,1.0,1.0,2,0,0,0,G1,1.0,0.0,1.0,2,H,0.5,1.0,2,A,0.5,1.0,2,1,0.5,1.0,1,paragraph_continuation,1.0,0.0,1.0,LOW_POWER_TOKEN,LOW_SUPPORT_OR_POLYFUNCTIONAL,LOW,"f3r.5,+P0;f77r.11,+P0",B|B|2|paragraph_continuation:1/R00;H|A|1|paragraph_continuation:1/R00
chan,2,2,R00,1.0,0.0,1.0,1.0,2,0,0,0,G3C,0.5,1.0,1.0,2,H,0.5,1.0,2,A,0.5,1.0,2,1,0.5,1.0,1,paragraph_continuation,1.0,0.0,1.0,LOW_POWER_TOKEN,LOW_SUPPORT_OR_POLYFUNCTIONAL,LOW,"f35r.6,+P0;f111v.22,+P0",H|A|1|paragraph_continuation:1/R00;S|B|3|paragraph_continuation:1/R00
chckhaiin,2,2,R00,1.0,0.0,1.0,1.0,1,1,1,0,G1,0.5,1.0,0.5,1,S,1.0,0.0,1,B,1.0,0.0,1,3,1.0,0.0,1,paragraph_continuation,1.0,0.0,1.0,LOW_POWER_TOKEN,LOW_SUPPORT_OR_POLYFUNCTIONAL,LOW,"f111r.54,+P0;f113v.31,+P0",S|B|3|paragraph_continuation:2/R00
chckhor,2,2,R00,1.0,0.0,1.0,1.0,2,0,0,0,G3C,0.5,1.0,1.0,2,H,0.5,1.0,2,A,0.5,1.0,2,1,0.5,1.0,1,paragraph_continuation,1.0,0.0,1.0,LOW_POWER_TOKEN,LOW_SUPPORT_OR_POLYFUNCTIONAL,LOW,"f35v.5,+P0;f84v.31,+P0",B|B|2|paragraph_continuation:1/R00;H|A|1|paragraph_continuation:1/R00
chcthdy,2,2,R04,1.0,0.0,1.0,1.0,2,0,0,0,G2,0.5,1.0,1.0,2,H,0.5,1.0,1,B,1.0,0.0,2,2,0.5,1.0,1,paragraph_continuation,1.0,0.0,1.0,LOW_POWER_TOKEN,LOW_SUPPORT_OR_POLYFUNCTIONAL,LOW,"f43v.5,+P0;f114v.10,+P0",H|B|2|paragraph_continuation:1/R04;S|B|3|paragraph_continuation:1/R04
chcthedy,2,2,R04,1.0,0.0,1.0,1.0,2,0,0,0,G2,1.0,0.0,1.0,2,B,0.5,1.0,1,B,1.0,0.0,2,2,0.5,1.0,1,paragraph_continuation,1.0,0.0,1.0,LOW_POWER_TOKEN,LOW_SUPPORT_OR_POLYFUNCTIONAL,LOW,"f75r.33,+P0;f111r.38,+P0",B|B|2|paragraph_continuation:1/R04;S|B|3|paragraph_continuation:1/R04
chdain,2,2,R00,1.0,0.0,1.0,1.0,2,0,0,0,G2,0.5,1.0,1.0,2,H,0.5,1.0,1,B,1.0,0.0,2,2,0.5,1.0,2,paragraph_continuation,0.5,1.0,1.0,LOW_POWER_TOKEN,LOW_SUPPORT_OR_POLYFUNCTIONAL,LOW,"f34r.2,+P0;fRos.110,/L0",C|B|4|/L:1/R00;H|B|2|paragraph_continuation:1/R00
ched,2,2,R00,1.0,0.0,1.0,1.0,2,0,0,0,G1,0.5,1.0,1.0,2,H,0.5,1.0,1,B,1.0,0.0,2,5,0.5,1.0,1,paragraph_continuation,1.0,0.0,1.0,LOW_POWER_TOKEN,LOW_SUPPORT_OR_POLYFUNCTIONAL,LOW,"f41r.7,+P0;f114r.45,+P0",H|B|5|paragraph_continuation:1/R00;S|B|3|paragraph_continuation:1/R00
chedal,2,2,R00,1.0,0.0,1.0,1.0,2,0,0,0,G2,0.5,1.0,1.0,2,S,0.5,1.0,2,A,0.5,1.0,2,3,0.5,1.0,1,paragraph_continuation,1.0,0.0,1.0,LOW_POWER_TOKEN,LOW_SUPPORT_OR_POLYFUNCTIONAL,LOW,"f58v.12,+P0;f76v.15,+P0",B|B|2|paragraph_continuation:1/R00;S|A|3|paragraph_continuation:1/R00
chedam,2,2,R00,1.0,0.0,1.0,1.0,1,1,1,0,G1,0.5,1.0,0.5,1,S,1.0,0.0,1,B,1.0,0.0,1,3,1.0,0.0,1,paragraph_continuation,1.0,0.0,1.0,LOW_POWER_TOKEN,LOW_SUPPORT_OR_POLYFUNCTIONAL,LOW,"f104r.6,+P0;f112r.26,+P0",S|B|3|paragraph_continuation:2/R00
cheeal,2,2,R00,1.0,0.0,1.0,1.0,2,0,0,0,G2,1.0,0.0,1.0,2,H,0.5,1.0,2,A,0.5,1.0,2,1,0.5,1.0,1,paragraph_continuation,1.0,0.0,1.0,LOW_POWER_TOKEN,LOW_SUPPORT_OR_POLYFUNCTIONAL,LOW,"f51r.12,+P0;f111v.44,+P0",H|A|1|paragraph_continuation:1/R00;S|B|3|paragraph_continuation:1/R00
cheedaiin,2,2,R10,1.0,0.0,1.0,1.0,2,0,0,0,G2,1.0,0.0,1.0,2,C,0.5,1.0,1,B,1.0,0.0,2,2,0.5,1.0,1,paragraph_continuation,1.0,0.0,1.0,LOW_POWER_TOKEN,LOW_SUPPORT_OR_POLYFUNCTIONAL,LOW,"f86v3.27,+Pb;f107r.10,+P0",C|B|2|paragraph_continuation:1/R10;S|B|3|paragraph_continuation:1/R10
cheeky,2,2,R00,1.0,0.0,1.0,1.0,2,0,0,0,G3C,1.0,0.0,1.0,2,B,0.5,1.0,1,B,1.0,0.0,2,2,0.5,1.0,1,paragraph_continuation,1.0,0.0,1.0,LOW_POWER_TOKEN,LOW_SUPPORT_OR_POLYFUNCTIONAL,LOW,"f80r.25,+P0;f113r.44,+P0",B|B|2|paragraph_continuation:1/R00;S|B|3|paragraph_continuation:1/R00
cheeol,2,2,R00,1.0,0.0,1.0,1.0,2,0,0,0,G1,0.5,1.0,1.0,2,B,0.5,1.0,2,B,0.5,1.0,2,2,0.5,1.0,1,paragraph_continuation,1.0,0.0,1.0,LOW_POWER_TOKEN,LOW_SUPPORT_OR_POLYFUNCTIONAL,LOW,"f77r.29,+P0;f88v.18,+P0",B|B|2|paragraph_continuation:1/R00;P|A|1|paragraph_continuation:1/R00
chekal,2,2,R00,1.0,0.0,1.0,1.0,2,0,0,0,G1,1.0,0.0,1.0,2,P,0.5,1.0,2,A,0.5,1.0,2,1,0.5,1.0,1,paragraph_continuation,1.0,0.0,1.0,LOW_POWER_TOKEN,LOW_SUPPORT_OR_POLYFUNCTIONAL,LOW,"f89v1.10,+P0;f104v.19,+P0",P|A|1|paragraph_continuation:1/R00;S|B|3|paragraph_continuation:1/R00
chekey,2,2,R00,1.0,0.0,1.0,1.0,2,0,0,0,G3C,1.0,0.0,1.0,2,H,0.5,1.0,2,B,0.5,1.0,2,2,0.5,1.0,2,paragraph_continuation,0.5,1.0,0.5,LOW_POWER_TOKEN,LOW_SUPPORT_OR_POLYFUNCTIONAL,LOW,"f33r.4,+P0;f69r.32,@Ro",C||4|radial/ring_text:1/R00;H|B|2|paragraph_continuation:1/R00
chekody,2,2,R00,1.0,0.0,1.0,1.0,2,0,0,0,G3C,0.5,1.0,1.0,1,A,1.0,0.0,1,nan,1.0,0.0,1,4,1.0,0.0,2,paragraph_start,0.5,1.0,1.0,LOW_POWER_TOKEN,LOW_SUPPORT_OR_POLYFUNCTIONAL,LOW,"f67r2.41,@Pb;f68v2.4,+P0",A||4|paragraph_continuation:1/R00;A||4|paragraph_start:1/R00
cheockhy,2,2,R00,1.0,0.0,1.0,1.0,2,0,0,0,G2,1.0,0.0,1.0,2,P,0.5,1.0,2,A,0.5,1.0,2,1,0.5,1.0,1,paragraph_continuation,1.0,0.0,1.0,LOW_POWER_TOKEN,LOW_SUPPORT_OR_POLYFUNCTIONAL,LOW,"f88v.25,+P0;f107r.2,+P0",P|A|1|paragraph_continuation:1/R00;S|B|3|paragraph_continuation:1/R00
cheocthy,2,2,R04,1.0,0.0,1.0,1.0,1,1,1,0,G1,1.0,0.0,1.0,1,S,1.0,0.0,1,B,1.0,0.0,1,@,1.0,0.0,1,paragraph_continuation,1.0,0.0,1.0,LOW_POWER_TOKEN,LOW_SUPPORT_OR_POLYFUNCTIONAL,LOW,"f115r.16,+P0;f115r.17,+P0",S|B|@|paragraph_continuation:2/R04
cheodaiin,2,2,R10,1.0,0.0,1.0,1.0,2,0,0,0,G2,0.5,1.0,1.0,2,H,0.5,1.0,2,A,0.5,1.0,2,1,0.5,1.0,2,paragraph_continuation,0.5,1.0,0.5,LOW_POWER_TOKEN,LOW_SUPPORT_OR_POLYFUNCTIONAL,LOW,"f7r.3,+P0;f104v.1,@P0",H|A|1|paragraph_continuation:1/R10;S|B|3|paragraph_start:1/R10
cheodain,2,2,R00,1.0,0.0,1.0,1.0,2,0,0,0,G3C,0.5,1.0,1.0,2,H,0.5,1.0,2,A,0.5,1.0,2,1,0.5,1.0,1,paragraph_continuation,1.0,0.0,1.0,LOW_POWER_TOKEN,LOW_SUPPORT_OR_POLYFUNCTIONAL,LOW,"f51v.13,+P0;f111v.24,+P0",H|A|1|paragraph_continuation:1/R00;S|B|3|paragraph_continuation:1/R00
cheodar,2,2,R00,1.0,0.0,1.0,1.0,2,0,0,0,G2,0.5,1.0,1.0,2,H,0.5,1.0,2,A,0.5,1.0,2,1,0.5,1.0,1,paragraph_continuation,1.0,0.0,1.0,LOW_POWER_TOKEN,LOW_SUPPORT_OR_POLYFUNCTIONAL,LOW,"f93v.9,+P0;f108r.46,+P0",H|A|1|paragraph_continuation:1/R00;S|B|3|paragraph_continuation:1/R00
cheokedy,2,2,R00,1.0,0.0,1.0,1.0,1,1,1,0,G2,0.5,1.0,0.5,1,S,1.0,0.0,1,B,1.0,0.0,1,3,1.0,0.0,1,paragraph_continuation,1.0,0.0,1.0,LOW_POWER_TOKEN,LOW_SUPPORT_OR_POLYFUNCTIONAL,LOW,"f111r.3,+P0;f113r.28,+P0",S|B|3|paragraph_continuation:2/R00
cheoky,2,2,R00,1.0,0.0,1.0,1.0,2,0,0,0,G3C,0.5,1.0,1.0,2,H,0.5,1.0,2,A,0.5,1.0,2,1,0.5,1.0,1,paragraph_continuation,1.0,0.0,1.0,LOW_POWER_TOKEN,LOW_SUPPORT_OR_POLYFUNCTIONAL,LOW,"f37v.15,+P0;f66r.77,+P0",H|A|1|paragraph_continuation:1/R00;T|B|5|paragraph_continuation:1/R00
cheoldy,2,2,R00,1.0,0.0,1.0,1.0,2,0,0,0,G3C,1.0,0.0,1.0,2,H,0.5,1.0,2,A,0.5,1.0,2,1,0.5,1.0,2,paragraph_continuation,0.5,1.0,0.5,LOW_POWER_TOKEN,LOW_SUPPORT_OR_POLYFUNCTIONAL,LOW,"f30v.5,+P0;f72v2.19,&Lz",H|A|1|paragraph_continuation:1/R00;Z||4|&L:1/R00
chkaiin,2,2,R00,1.0,0.0,1.0,1.0,1,1,1,0,G3C,1.0,0.0,1.0,1,H,1.0,0.0,1,A,1.0,0.0,1,1,1.0,0.0,1,paragraph_continuation,1.0,0.0,1.0,LOW_POWER_TOKEN,LOW_SUPPORT_OR_POLYFUNCTIONAL,LOW,"f9v.12,+P0;f28v.6,+Pr",H|A|1|paragraph_continuation:2/R00
chkchy,2,2,R00,1.0,0.0,1.0,1.0,1,1,1,0,G3C,0.5,1.0,0.5,1,H,1.0,0.0,1,A,1.0,0.0,1,1,1.0,0.0,1,paragraph_continuation,1.0,0.0,1.0,LOW_POWER_TOKEN,LOW_SUPPORT_OR_POLYFUNCTIONAL,LOW,"f16v.11,+P0;f18v.3,+P0",H|A|1|paragraph_continuation:2/R00
chkeedy,2,2,R00,1.0,0.0,1.0,1.0,2,0,0,0,G2,0.5,1.0,1.0,2,B,0.5,1.0,1,B,1.0,0.0,2,2,0.5,1.0,2,paragraph_continuation,0.5,1.0,1.0,LOW_POWER_TOKEN,LOW_SUPPORT_OR_POLYFUNCTIONAL,LOW,"f84v.9,+P0;fRos.52,@L0",B|B|2|paragraph_continuation:1/R00;C|B|4|label_or_marginal:1/R00
chkeey,2,2,R00,1.0,0.0,1.0,1.0,2,0,0,0,G3C,0.5,1.0,1.0,2,H,0.5,1.0,1,B,1.0,0.0,2,2,0.5,1.0,1,paragraph_continuation,1.0,0.0,1.0,LOW_POWER_TOKEN,LOW_SUPPORT_OR_POLYFUNCTIONAL,LOW,"f33r.4,+P0;f111v.35,+P0",H|B|2|paragraph_continuation:1/R00;S|B|3|paragraph_continuation:1/R00
chkey,2,2,R00,1.0,0.0,1.0,1.0,2,0,0,0,G3C,0.5,1.0,1.0,2,H,0.5,1.0,1,A,1.0,0.0,1,1,1.0,0.0,1,paragraph_continuation,1.0,0.0,1.0,LOW_POWER_TOKEN,LOW_SUPPORT_OR_POLYFUNCTIONAL,LOW,"f96r.7,+P0;f102r2.17,+P0",H|A|1|paragraph_continuation:1/R00;P|A|1|paragraph_continuation:1/R00
chll,2,2,R00,1.0,0.0,1.0,1.0,1,1,1,0,G3C,1.0,0.0,1.0,1,S,1.0,0.0,1,B,1.0,0.0,1,3,1.0,0.0,1,paragraph_continuation,1.0,0.0,1.0,LOW_POWER_TOKEN,LOW_SUPPORT_OR_POLYFUNCTIONAL,LOW,"f116r.14,+P0;f116r.29,+P0",S|B|3|paragraph_continuation:2/R00
chocfhy,2,2,R00,1.0,0.0,1.0,1.0,2,0,0,0,G3C,1.0,0.0,1.0,1,A,1.0,0.0,1,nan,1.0,0.0,1,4,1.0,0.0,2,paragraph_continuation,0.5,1.0,1.0,LOW_POWER_TOKEN,LOW_SUPPORT_OR_POLYFUNCTIONAL,LOW,"f67r2.20,+Pb;f68r1.12,@Ls",A||4|label_or_marginal:1/R00;A||4|paragraph_continuation:1/R00
chodal,2,2,R00,1.0,0.0,1.0,1.0,2,0,0,0,G1,0.5,1.0,1.0,2,H,0.5,1.0,2,A,0.5,1.0,2,1,0.5,1.0,2,paragraph_continuation,0.5,1.0,0.5,LOW_POWER_TOKEN,LOW_SUPPORT_OR_POLYFUNCTIONAL,LOW,"f13v.2,+P0;f70r1.18,@Ri",C||4|radial/ring_text:1/R00;H|A|1|paragraph_continuation:1/R00
chodaly,2,2,R00,1.0,0.0,1.0,1.0,1,1,1,0,G3C,1.0,0.0,1.0,1,H,1.0,0.0,1,A,1.0,0.0,1,1,1.0,0.0,1,paragraph_continuation,1.0,0.0,1.0,LOW_POWER_TOKEN,LOW_SUPPORT_OR_POLYFUNCTIONAL,LOW,"f3v.6,+P0;f56r.5,+P0",H|A|1|paragraph_continuation:2/R00
choiin,2,2,R00,1.0,0.0,1.0,1.0,1,1,1,0,G1,0.5,1.0,0.5,1,H,1.0,0.0,1,A,1.0,0.0,1,1,1.0,0.0,1,paragraph_continuation,1.0,0.0,1.0,LOW_POWER_TOKEN,LOW_SUPPORT_OR_POLYFUNCTIONAL,LOW,"f10v.2,+P0;f49r.10,+P0",H|A|1|paragraph_continuation:2/R00
chok,2,2,R00,1.0,0.0,1.0,1.0,2,0,0,0,G1,0.5,1.0,1.0,2,H,0.5,1.0,2,A,0.5,1.0,2,1,0.5,1.0,2,paragraph_continuation,0.5,1.0,0.5,LOW_POWER_TOKEN,LOW_SUPPORT_OR_POLYFUNCTIONAL,LOW,"f14r.2,+P0;f68r3.4,@Ri",A||4|radial/ring_text:1/R00;H|A|1|paragraph_continuation:1/R00
chokaiin,2,2,R10,1.0,0.0,1.0,1.0,1,1,1,0,G2,0.5,1.0,0.5,1,S,1.0,0.0,1,B,1.0,0.0,1,3,1.0,0.0,1,paragraph_continuation,1.0,0.0,1.0,LOW_POWER_TOKEN,LOW_SUPPORT_OR_POLYFUNCTIONAL,LOW,"f103v.32,+P0;f113v.9,+P0",S|B|3|paragraph_continuation:2/R10
chokain,2,2,R00,1.0,0.0,1.0,1.0,2,0,0,0,G1,0.5,1.0,1.0,2,H,0.5,1.0,2,A,0.5,1.0,2,1,0.5,1.0,1,paragraph_continuation,1.0,0.0,1.0,LOW_POWER_TOKEN,LOW_SUPPORT_OR_POLYFUNCTIONAL,LOW,"f47r.4,+P0;f111v.40,+P0",H|A|1|paragraph_continuation:1/R00;S|B|3|paragraph_continuation:1/R00
chokam,2,2,R00,1.0,0.0,1.0,1.0,2,0,0,0,G3C,0.5,1.0,1.0,2,P,0.5,1.0,2,A,0.5,1.0,2,1,0.5,1.0,2,label_or_marginal,0.5,1.0,0.5,LOW_POWER_TOKEN,LOW_SUPPORT_OR_POLYFUNCTIONAL,LOW,"f89v2.6,@Lf;f113v.8,+P0",P|A|1|label_or_marginal:1/R00;S|B|3|paragraph_continuation:1/R00
chokor,2,2,R00,1.0,0.0,1.0,1.0,2,0,0,0,G3C,1.0,0.0,1.0,2,H,0.5,1.0,2,A,0.5,1.0,2,1,0.5,1.0,1,paragraph_continuation,1.0,0.0,1.0,LOW_POWER_TOKEN,LOW_SUPPORT_OR_POLYFUNCTIONAL,LOW,"f29v.9,+P0;f104r.22,+P0",H|A|1|paragraph_continuation:1/R00;S|B|3|paragraph_continuation:1/R00
choldy,2,2,R07,1.0,0.0,1.0,1.0,2,0,0,0,G2,0.5,1.0,1.0,2,H,0.5,1.0,2,A,0.5,1.0,2,1,0.5,1.0,1,paragraph_continuation,1.0,0.0,1.0,LOW_POWER_TOKEN,LOW_SUPPORT_OR_POLYFUNCTIONAL,LOW,"f4v.2,+P0;f103r.33,+P0",H|A|1|paragraph_continuation:1/R07;S|B|3|paragraph_continuation:1/R07
cholky,2,2,R07,1.0,0.0,1.0,1.0,2,0,0,0,G1,0.5,1.0,1.0,2,H,0.5,1.0,1,B,1.0,0.0,1,3,1.0,0.0,1,paragraph_continuation,1.0,0.0,1.0,LOW_POWER_TOKEN,LOW_SUPPORT_OR_POLYFUNCTIONAL,LOW,"f94r.3,+P0;f106r.11,+P0",H|B|3|paragraph_continuation:1/R07;S|B|3|paragraph_continuation:1/R07
chols,2,2,R00,1.0,0.0,1.0,1.0,2,0,0,0,G3C,1.0,0.0,1.0,2,H,0.5,1.0,1,A,1.0,0.0,1,1,1.0,0.0,2,paragraph_start,0.5,1.0,1.0,LOW_POWER_TOKEN,LOW_SUPPORT_OR_POLYFUNCTIONAL,LOW,"f5v.1,@P0;f100v.2,@Lf",H|A|1|paragraph_start:1/R00;P|A|1|label_or_marginal:1/R00
chom,2,2,R00,1.0,0.0,1.0,1.0,1,1,1,0,G3C,1.0,0.0,1.0,1,H,1.0,0.0,1,A,1.0,0.0,1,1,1.0,0.0,1,paragraph_continuation,1.0,0.0,1.0,LOW_POWER_TOKEN,LOW_SUPPORT_OR_POLYFUNCTIONAL,LOW,"f3v.6,+P0;f3v.11,+P0",H|A|1|paragraph_continuation:2/R00
chory,2,2,R00,1.0,0.0,1.0,1.0,1,1,1,0,G3C,1.0,0.0,1.0,1,H,1.0,0.0,1,A,1.0,0.0,1,1,1.0,0.0,1,paragraph_continuation,1.0,0.0,1.0,LOW_POWER_TOKEN,LOW_SUPPORT_OR_POLYFUNCTIONAL,LOW,"f6r.9,+P0;f36v.9,+P1",H|A|1|paragraph_continuation:2/R00
chotaiin,2,2,R10,1.0,0.0,1.0,1.0,1,1,1,0,G3C,1.0,0.0,1.0,1,H,1.0,0.0,1,A,1.0,0.0,1,1,1.0,0.0,1,paragraph_continuation,1.0,0.0,1.0,LOW_POWER_TOKEN,LOW_SUPPORT_OR_POLYFUNCTIONAL,LOW,"f24r.10,+P0;f25r.6,+P0",H|A|1|paragraph_continuation:2/R10
choy,2,2,R00,1.0,0.0,1.0,1.0,1,1,1,0,G3C,1.0,0.0,1.0,1,H,1.0,0.0,1,A,1.0,0.0,1,1,1.0,0.0,1,paragraph_continuation,1.0,0.0,1.0,LOW_POWER_TOKEN,LOW_SUPPORT_OR_POLYFUNCTIONAL,LOW,"f6v.6,+P0;f17v.12,+P0",H|A|1|paragraph_continuation:2/R00
chr,2,2,R00,1.0,0.0,1.0,1.0,2,0,0,0,G3C,0.5,1.0,1.0,2,H,0.5,1.0,2,A,0.5,1.0,2,1,0.5,1.0,1,paragraph_continuation,1.0,0.0,1.0,LOW_POWER_TOKEN,LOW_SUPPORT_OR_POLYFUNCTIONAL,LOW,"f17v.18,+P0;f111r.29,+P0",H|A|1|paragraph_continuation:1/R00;S|B|3|paragraph_continuation:1/R00
chso,2,2,R00,1.0,0.0,1.0,1.0,2,0,0,0,G3C,0.5,1.0,1.0,2,A,0.5,1.0,2,nan,0.5,1.0,2,4,0.5,1.0,2,radial/ring_text,0.5,1.0,0.5,LOW_POWER_TOKEN,LOW_SUPPORT_OR_POLYFUNCTIONAL,LOW,"f67v1.22,@Ro;f100v.17,+P0",A||4|radial/ring_text:1/R00;P|A|1|paragraph_continuation:1/R00
chyty,2,2,R00,1.0,0.0,1.0,1.0,1,1,1,0,G3C,1.0,0.0,1.0,1,H,1.0,0.0,1,A,1.0,0.0,1,1,1.0,0.0,1,paragraph_continuation,1.0,0.0,1.0,LOW_POWER_TOKEN,LOW_SUPPORT_OR_POLYFUNCTIONAL,LOW,"f9v.9,+P0;f16v.5,+P0",H|A|1|paragraph_continuation:2/R00
ckheey,2,2,R00,1.0,0.0,1.0,1.0,1,1,1,0,G2,0.5,1.0,0.5,1,H,1.0,0.0,1,A,1.0,0.0,1,1,1.0,0.0,1,paragraph_continuation,1.0,0.0,1.0,LOW_POWER_TOKEN,LOW_SUPPORT_OR_POLYFUNCTIONAL,LOW,"f51r.12,+P0;f52v.14,+P0",H|A|1|paragraph_continuation:2/R00
ckheody,2,2,R00,1.0,0.0,1.0,1.0,1,1,1,0,G3C,0.5,1.0,0.5,1,H,1.0,0.0,1,A,1.0,0.0,1,1,1.0,0.0,1,paragraph_continuation,1.0,0.0,1.0,LOW_POWER_TOKEN,LOW_SUPPORT_OR_POLYFUNCTIONAL,LOW,"f51r.2,+P0;f51r.8,+P0",H|A|1|paragraph_continuation:2/R00
cphey,2,2,R00,1.0,0.0,1.0,1.0,2,0,0,0,G1,0.5,1.0,1.0,2,H,0.5,1.0,2,A,0.5,1.0,2,1,0.5,1.0,1,paragraph_continuation,1.0,0.0,1.0,LOW_POWER_TOKEN,LOW_SUPPORT_OR_POLYFUNCTIONAL,LOW,"f7r.9,+P0;f67v2.8,+Pb",C||4|paragraph_continuation:1/R00;H|A|1|paragraph_continuation:1/R00
cthain,2,1,R04,1.0,0.0,1.0,1.0,1,1,1,0,G1,1.0,0.0,1.0,1,H,1.0,0.0,1,A,1.0,0.0,1,1,1.0,0.0,1,paragraph_continuation,1.0,0.0,1.0,LOW_POWER_TOKEN,LOW_SUPPORT_OR_POLYFUNCTIONAL,LOW,"f25r.5,+P0",H|A|1|paragraph_continuation:2/R04
cthar,2,2,R04,1.0,0.0,1.0,1.0,1,1,1,0,G3C,1.0,0.0,1.0,1,H,1.0,0.0,1,A,1.0,0.0,1,1,1.0,0.0,1,paragraph_continuation,1.0,0.0,1.0,LOW_POWER_TOKEN,LOW_SUPPORT_OR_POLYFUNCTIONAL,LOW,"f8v.7,+P0;f24r.4,+P0",H|A|1|paragraph_continuation:2/R04
ctheey,2,2,R04,1.0,0.0,1.0,1.0,2,0,0,0,G1,1.0,0.0,1.0,2,H,0.5,1.0,1,A,1.0,0.0,1,1,1.0,0.0,1,paragraph_continuation,1.0,0.0,1.0,LOW_POWER_TOKEN,LOW_SUPPORT_OR_POLYFUNCTIONAL,LOW,"f42r.11,+P0;f101v.26,+P0",H|A|1|paragraph_continuation:1/R04;P|A|1|paragraph_continuation:1/R04
ctho,2,2,R04,1.0,0.0,1.0,1.0,1,1,1,0,G3C,0.5,1.0,0.5,1,H,1.0,0.0,1,A,1.0,0.0,1,1,1.0,0.0,1,paragraph_continuation,1.0,0.0,1.0,LOW_POWER_TOKEN,LOW_SUPPORT_OR_POLYFUNCTIONAL,LOW,"f21v.5,+P0;f42r.9,+P0",H|A|1|paragraph_continuation:2/R04
cthory,2,2,R04,1.0,0.0,1.0,1.0,1,1,1,0,G2,0.5,1.0,0.5,1,H,1.0,0.0,1,A,1.0,0.0,1,1,1.0,0.0,1,paragraph_continuation,1.0,0.0,1.0,LOW_POWER_TOKEN,LOW_SUPPORT_OR_POLYFUNCTIONAL,LOW,"f4v.8,+P0;f35r.3,+P0",H|A|1|paragraph_continuation:2/R04
daiindy,2,2,R10,1.0,0.0,1.0,1.0,2,0,0,0,G3C,1.0,0.0,1.0,2,P,0.5,1.0,2,A,0.5,1.0,2,1,0.5,1.0,2,label_or_marginal,0.5,1.0,0.5,LOW_POWER_TOKEN,LOW_SUPPORT_OR_POLYFUNCTIONAL,LOW,"f100r.5,@Lf;f105r.10,+Pr",P|A|1|label_or_marginal:1/R10;S|B|3|paragraph_continuation:1/R10
daiiny,2,2,R06,1.0,0.0,1.0,1.0,2,0,0,0,G3C,1.0,0.0,1.0,2,H,0.5,1.0,2,A,0.5,1.0,2,1,0.5,1.0,2,paragraph_continuation,0.5,1.0,0.5,LOW_POWER_TOKEN,LOW_SUPPORT_OR_POLYFUNCTIONAL,LOW,"f47r.11,+P0;fRos.22,@L0",C|B|4|label_or_marginal:1/R06;H|A|1|paragraph_continuation:1/R06
daiir,2,2,R06,1.0,0.0,1.0,1.0,2,0,0,0,G3C,1.0,0.0,1.0,2,H,0.5,1.0,2,A,0.5,1.0,2,1,0.5,1.0,2,paragraph_continuation,0.5,1.0,0.5,LOW_POWER_TOKEN,LOW_SUPPORT_OR_POLYFUNCTIONAL,LOW,"f7v.9,+P0;f68r3.4,@Ri",A||4|radial/ring_text:1/R06;H|A|1|paragraph_continuation:1/R06
dail,2,2,R06,1.0,0.0,1.0,1.0,2,0,0,0,G2,0.5,1.0,1.0,2,H,0.5,1.0,2,A,0.5,1.0,2,1,0.5,1.0,1,paragraph_continuation,1.0,0.0,1.0,LOW_POWER_TOKEN,LOW_SUPPORT_OR_POLYFUNCTIONAL,LOW,"f45v.4,+P0;f77v.24,+P0",B|B|2|paragraph_continuation:1/R06;H|A|1|paragraph_continuation:1/R06
dalal,2,2,R06,1.0,0.0,1.0,1.0,2,0,0,0,G2,1.0,0.0,1.0,2,B,0.5,1.0,1,B,1.0,0.0,2,2,0.5,1.0,2,paragraph_continuation,0.5,1.0,1.0,LOW_POWER_TOKEN,LOW_SUPPORT_OR_POLYFUNCTIONAL,LOW,"f81v.3,+P0;f95r2.1,@P0",B|B|2|paragraph_continuation:1/R06;H|B|3|paragraph_start:1/R06
dalam,2,2,R06,1.0,0.0,1.0,1.0,2,0,0,0,G3C,1.0,0.0,1.0,1,C,1.0,0.0,1,nan,1.0,0.0,1,4,1.0,0.0,2,label_or_marginal,0.5,1.0,1.0,LOW_POWER_TOKEN,LOW_SUPPORT_OR_POLYFUNCTIONAL,LOW,"f67v2.19,@La;f70r2.8,+P1",C||4|label_or_marginal:1/R06;C||4|paragraph_continuation:1/R06
dalary,2,2,R06,1.0,0.0,1.0,1.0,2,0,0,0,G3C,0.5,1.0,1.0,2,A,0.5,1.0,2,nan,0.5,1.0,2,4,0.5,1.0,2,radial/ring_text,0.5,1.0,0.5,LOW_POWER_TOKEN,LOW_SUPPORT_OR_POLYFUNCTIONAL,LOW,"f67r1.19,@Ri;f79v.23,+P0",A||4|radial/ring_text:1/R06;B|B|2|paragraph_continuation:1/R06
dals,2,2,R09,1.0,0.0,1.0,1.0,2,0,0,0,G1,1.0,0.0,1.0,2,H,0.5,1.0,2,B,0.5,1.0,2,2,0.5,1.0,1,paragraph_continuation,1.0,0.0,1.0,LOW_POWER_TOKEN,LOW_SUPPORT_OR_POLYFUNCTIONAL,LOW,"f31r.13,+P0;f89v1.10,+P0",H|B|2|paragraph_continuation:1/R09;P|A|1|paragraph_continuation:1/R09
daraiin,2,2,R00,1.0,0.0,1.0,1.0,2,0,0,0,G3C,0.5,1.0,1.0,2,T,0.5,1.0,2,A,0.5,1.0,2,1,0.5,1.0,2,paragraph_continuation,0.5,1.0,0.5,LOW_POWER_TOKEN,LOW_SUPPORT_OR_POLYFUNCTIONAL,LOW,"f1r.3,+P0;f95r2.1,@P0",H|B|3|paragraph_start:1/R00;T|A|1|paragraph_continuation:1/R00
darchedy,2,2,R00,1.0,0.0,1.0,1.0,2,0,0,0,G3C,0.5,1.0,1.0,2,C,0.5,1.0,1,B,1.0,0.0,2,4,0.5,1.0,2,+L,0.5,1.0,1.0,LOW_POWER_TOKEN,LOW_SUPPORT_OR_POLYFUNCTIONAL,LOW,"fRos.6,+L0;f103r.54,+P0",C|B|4|+L:1/R00;S|B|3|paragraph_continuation:1/R00
darol,2,2,R06,1.0,0.0,1.0,1.0,2,0,0,0,G3C,1.0,0.0,1.0,1,B,1.0,0.0,1,B,1.0,0.0,1,2,1.0,0.0,2,+L,0.5,1.0,1.0,LOW_POWER_TOKEN,LOW_SUPPORT_OR_POLYFUNCTIONAL,LOW,"f75v.21,+Ln;f82r.35,@Lt",B|B|2|+L:1/R06;B|B|2|label_or_marginal:1/R06
dchaiin,2,2,R00,1.0,0.0,1.0,1.0,2,0,0,0,G3C,0.5,1.0,1.0,2,T,0.5,1.0,1,A,1.0,0.0,1,1,1.0,0.0,2,paragraph_terminal_or_label,0.5,1.0,1.0,LOW_POWER_TOKEN,LOW_SUPPORT_OR_POLYFUNCTIONAL,LOW,"f1r.28,=Pt;f35r.3,+P0",H|A|1|paragraph_continuation:1/R00;T|A|1|paragraph_terminal_or_label:1/R00
dcheey,2,2,R06,1.0,0.0,1.0,1.0,1,1,1,0,G2,0.5,1.0,0.5,1,S,1.0,0.0,1,B,1.0,0.0,1,3,1.0,0.0,1,paragraph_continuation,1.0,0.0,1.0,LOW_POWER_TOKEN,LOW_SUPPORT_OR_POLYFUNCTIONAL,LOW,"f111r.49,+P0;f113r.36,+P0",S|B|3|paragraph_continuation:2/R06
dchy,2,2,R06,1.0,0.0,1.0,1.0,1,1,1,0,G3C,1.0,0.0,1.0,1,H,1.0,0.0,1,A,1.0,0.0,1,1,1.0,0.0,1,paragraph_continuation,1.0,0.0,1.0,LOW_POWER_TOKEN,LOW_SUPPORT_OR_POLYFUNCTIONAL,LOW,"f15r.6,+P0;f35v.20,+P0",H|A|1|paragraph_continuation:2/R06
ddy,2,2,R06,1.0,0.0,1.0,1.0,2,0,0,0,G3C,1.0,0.0,1.0,2,H,0.5,1.0,2,A,0.5,1.0,2,1,0.5,1.0,2,paragraph_continuation,0.5,1.0,0.5,LOW_POWER_TOKEN,LOW_SUPPORT_OR_POLYFUNCTIONAL,LOW,"f18v.8,+P0;fRos.60,@L0",C|B|4|label_or_marginal:1/R06;H|A|1|paragraph_continuation:1/R06
deey,2,2,R06,1.0,0.0,1.0,1.0,2,0,0,0,G3C,0.5,1.0,1.0,2,H,0.5,1.0,2,A,0.5,1.0,2,1,0.5,1.0,1,paragraph_continuation,1.0,0.0,1.0,LOW_POWER_TOKEN,LOW_SUPPORT_OR_POLYFUNCTIONAL,LOW,"f21v.5,+P0;f76v.12,+P0",B|B|2|paragraph_continuation:1/R06;H|A|1|paragraph_continuation:1/R06
do,2,2,R06,1.0,0.0,1.0,1.0,1,1,1,0,G3C,1.0,0.0,1.0,1,H,1.0,0.0,1,A,1.0,0.0,1,1,1.0,0.0,1,paragraph_continuation,1.0,0.0,1.0,LOW_POWER_TOKEN,LOW_SUPPORT_OR_POLYFUNCTIONAL,LOW,"f10r.4,+P0;f24v.14,+P0",H|A|1|paragraph_continuation:2/R06
doly,2,2,R06,1.0,0.0,1.0,1.0,2,0,0,0,G3C,1.0,0.0,1.0,2,T,0.5,1.0,2,B,0.5,1.0,2,5,0.5,1.0,2,+L,0.5,1.0,0.5,LOW_POWER_TOKEN,LOW_SUPPORT_OR_POLYFUNCTIONAL,LOW,"f66r.11,+L0;f89r2.2,@Lf",P|A|1|label_or_marginal:1/R06;T|B|5|+L:1/R06
dr,2,2,R06,1.0,0.0,1.0,1.0,1,1,1,0,G1,0.5,1.0,0.5,1,H,1.0,0.0,1,A,1.0,0.0,1,1,1.0,0.0,1,paragraph_continuation,1.0,0.0,1.0,LOW_POWER_TOKEN,LOW_SUPPORT_OR_POLYFUNCTIONAL,LOW,"f19v.11,+P0;f51r.10,+P0",H|A|1|paragraph_continuation:2/R06
dshdy,2,2,R06,1.0,0.0,1.0,1.0,2,0,0,0,G2,1.0,0.0,1.0,2,H,0.5,1.0,1,B,1.0,0.0,1,2,1.0,0.0,1,paragraph_continuation,1.0,0.0,1.0,LOW_POWER_TOKEN,LOW_SUPPORT_OR_POLYFUNCTIONAL,LOW,"f39r.11,+P0;f76r.53,+P0",H|B|2|paragraph_continuation:1/R06;T|B|2|paragraph_continuation:1/R06
dsheody,2,2,R00,1.0,0.0,1.0,1.0,2,0,0,0,G2,1.0,0.0,1.0,2,C,0.5,1.0,2,B,0.5,1.0,2,2,0.5,1.0,1,paragraph_continuation,1.0,0.0,1.0,LOW_POWER_TOKEN,LOW_SUPPORT_OR_POLYFUNCTIONAL,LOW,"f86v3.17,+P0;f102r1.4,+P0",C|B|2|paragraph_continuation:1/R00;P|A|1|paragraph_continuation:1/R00
dsho,2,2,R06,1.0,0.0,1.0,1.0,1,1,1,0,G3C,1.0,0.0,1.0,1,H,1.0,0.0,1,A,1.0,0.0,1,1,1.0,0.0,1,paragraph_continuation,1.0,0.0,1.0,LOW_POWER_TOKEN,LOW_SUPPORT_OR_POLYFUNCTIONAL,LOW,"f28r.8,+P0;f47r.11,+P0",H|A|1|paragraph_continuation:2/R06
dshy,2,2,R06,1.0,0.0,1.0,1.0,1,1,1,0,G3C,1.0,0.0,1.0,1,H,1.0,0.0,1,A,1.0,0.0,1,1,1.0,0.0,1,paragraph_continuation,1.0,0.0,1.0,LOW_POWER_TOKEN,LOW_SUPPORT_OR_POLYFUNCTIONAL,LOW,"f16v.9,+P0;f19r.2,+P0",H|A|1|paragraph_continuation:2/R06
dyty,2,2,R06,1.0,0.0,1.0,1.0,2,0,0,0,G3C,0.5,1.0,1.0,2,H,0.5,1.0,2,A,0.5,1.0,2,1,0.5,1.0,1,paragraph_continuation,1.0,0.0,1.0,LOW_POWER_TOKEN,LOW_SUPPORT_OR_POLYFUNCTIONAL,LOW,"f19r.2,+P0;f79r.15,+P0",B|B|2|paragraph_continuation:1/R06;H|A|1|paragraph_continuation:1/R06
eees,2,2,R00,1.0,0.0,1.0,1.0,1,1,1,0,G2,0.5,1.0,0.5,1,H,1.0,0.0,1,B,1.0,0.0,1,2,1.0,0.0,1,paragraph_continuation,1.0,0.0,1.0,LOW_POWER_TOKEN,LOW_SUPPORT_OR_POLYFUNCTIONAL,LOW,"f39r.7,+P0;f43v.16,+P0",H|B|2|paragraph_continuation:2/R00
g,2,2,R00,1.0,0.0,1.0,1.0,1,1,1,0,G3C,1.0,0.0,1.0,1,H,1.0,0.0,1,A,1.0,0.0,1,1,1.0,0.0,1,paragraph_continuation,1.0,0.0,1.0,LOW_POWER_TOKEN,LOW_SUPPORT_OR_POLYFUNCTIONAL,LOW,"f18r.11,+P0;f23r.3,+P0",H|A|1|paragraph_continuation:2/R00
kaiiin,2,2,R06,1.0,0.0,1.0,1.0,2,0,0,0,G3C,0.5,1.0,1.0,2,H,0.5,1.0,2,A,0.5,1.0,2,1,0.5,1.0,1,paragraph_continuation,1.0,0.0,1.0,LOW_POWER_TOKEN,LOW_SUPPORT_OR_POLYFUNCTIONAL,LOW,"f10r.9,+P0;f107r.33,+P0",H|A|1|paragraph_continuation:1/R06;S|B|3|paragraph_continuation:1/R06
kary,2,2,R06,1.0,0.0,1.0,1.0,2,0,0,0,G3C,0.5,1.0,1.0,2,C,0.5,1.0,1,B,1.0,0.0,2,4,0.5,1.0,2,label_or_marginal,0.5,1.0,1.0,LOW_POWER_TOKEN,LOW_SUPPORT_OR_POLYFUNCTIONAL,LOW,"fRos.90,@L0;f95r2.5,+P0",C|B|4|label_or_marginal:1/R06;H|B|3|paragraph_continuation:1/R06
kchedy,2,2,R06,1.0,0.0,1.0,1.0,2,0,0,0,G3C,0.5,1.0,1.0,1,S,1.0,0.0,1,B,1.0,0.0,2,3,0.5,1.0,1,paragraph_continuation,1.0,0.0,1.0,LOW_POWER_TOKEN,LOW_SUPPORT_OR_POLYFUNCTIONAL,LOW,"f104r.22,+P0;f115r.38,+P0",S|B|3|paragraph_continuation:1/R06;S|B|@|paragraph_continuation:1/R06
kchod,2,2,R06,1.0,0.0,1.0,1.0,1,1,1,0,G1,0.5,1.0,0.5,1,H,1.0,0.0,1,A,1.0,0.0,1,1,1.0,0.0,1,paragraph_continuation,1.0,0.0,1.0,LOW_POWER_TOKEN,LOW_SUPPORT_OR_POLYFUNCTIONAL,LOW,"f7r.9,+P0;f24v.15,+P0",H|A|1|paragraph_continuation:2/R06
kchol,2,2,R06,1.0,0.0,1.0,1.0,1,1,1,0,G3C,1.0,0.0,1.0,1,H,1.0,0.0,1,A,1.0,0.0,1,1,1.0,0.0,1,paragraph_continuation,1.0,0.0,1.0,LOW_POWER_TOKEN,LOW_SUPPORT_OR_POLYFUNCTIONAL,LOW,"f8v.7,+P0;f56r.7,+P0",H|A|1|paragraph_continuation:2/R06
kechedy,2,2,R00,1.0,0.0,1.0,1.0,1,1,1,0,G1,0.5,1.0,0.5,1,S,1.0,0.0,1,B,1.0,0.0,1,3,1.0,0.0,1,paragraph_continuation,1.0,0.0,1.0,LOW_POWER_TOKEN,LOW_SUPPORT_OR_POLYFUNCTIONAL,LOW,"f105r.28,+P0;f111r.38,+P0",S|B|3|paragraph_continuation:2/R00
keeey,2,2,R06,1.0,0.0,1.0,1.0,1,1,1,0,G1,0.5,1.0,0.5,1,S,1.0,0.0,1,B,1.0,0.0,1,3,1.0,0.0,1,paragraph_continuation,1.0,0.0,1.0,LOW_POWER_TOKEN,LOW_SUPPORT_OR_POLYFUNCTIONAL,LOW,"f111r.45,+P0;f111r.49,+P0",S|B|3|paragraph_continuation:2/R06
key,2,2,R06,1.0,0.0,1.0,1.0,2,0,0,0,G1,0.5,1.0,1.0,2,S,0.5,1.0,1,A,1.0,0.0,2,3,0.5,1.0,1,paragraph_continuation,1.0,0.0,1.0,LOW_POWER_TOKEN,LOW_SUPPORT_OR_POLYFUNCTIONAL,LOW,"f58v.10,+P0;f88v.8,+P0",P|A|1|paragraph_continuation:1/R06;S|A|3|paragraph_continuation:1/R06
kos,2,2,R06,1.0,0.0,1.0,1.0,2,0,0,0,G3C,0.5,1.0,1.0,2,T,0.5,1.0,1,A,1.0,0.0,1,1,1.0,0.0,1,paragraph_continuation,1.0,0.0,1.0,LOW_POWER_TOKEN,LOW_SUPPORT_OR_POLYFUNCTIONAL,LOW,"f1r.8,+P0;f90v1.4,+P0",H|A|1|paragraph_continuation:1/R06;T|A|1|paragraph_continuation:1/R06
kshedy,2,2,R06,1.0,0.0,1.0,1.0,2,0,0,0,G1,0.5,1.0,1.0,2,B,0.5,1.0,1,B,1.0,0.0,2,2,0.5,1.0,2,paragraph_continuation,0.5,1.0,1.0,LOW_POWER_TOKEN,LOW_SUPPORT_OR_POLYFUNCTIONAL,LOW,"f79r.16,+P0;f95r2.1,@P0",B|B|2|paragraph_continuation:1/R06;H|B|3|paragraph_start:1/R06
lain,2,2,R00,1.0,0.0,1.0,1.0,1,1,1,0,G2,0.5,1.0,0.5,1,S,1.0,0.0,1,B,1.0,0.0,1,3,1.0,0.0,1,paragraph_continuation,1.0,0.0,1.0,LOW_POWER_TOKEN,LOW_SUPPORT_OR_POLYFUNCTIONAL,LOW,"f111v.31,+P0;f113v.46,+P0",S|B|3|paragraph_continuation:2/R00
lched,2,2,R00,1.0,0.0,1.0,1.0,2,0,0,0,G1,1.0,0.0,1.0,2,B,0.5,1.0,1,B,1.0,0.0,2,2,0.5,1.0,1,paragraph_continuation,1.0,0.0,1.0,LOW_POWER_TOKEN,LOW_SUPPORT_OR_POLYFUNCTIONAL,LOW,"f82r.2,+P0;f111r.18,+P0",B|B|2|paragraph_continuation:1/R00;S|B|3|paragraph_continuation:1/R00
lchedam,2,2,R00,1.0,0.0,1.0,1.0,2,0,0,0,G1,1.0,0.0,1.0,2,B,0.5,1.0,1,B,1.0,0.0,2,2,0.5,1.0,1,paragraph_continuation,1.0,0.0,1.0,LOW_POWER_TOKEN,LOW_SUPPORT_OR_POLYFUNCTIONAL,LOW,"f82v.16,+P0;f108v.35,+P0",B|B|2|paragraph_continuation:1/R00;S|B|3|paragraph_continuation:1/R00
lchor,2,2,R00,1.0,0.0,1.0,1.0,2,0,0,0,G3C,0.5,1.0,1.0,2,H,0.5,1.0,2,A,0.5,1.0,2,1,0.5,1.0,1,paragraph_continuation,1.0,0.0,1.0,LOW_POWER_TOKEN,LOW_SUPPORT_OR_POLYFUNCTIONAL,LOW,"f44v.13,+P0;f77v.25,+P0",B|B|2|paragraph_continuation:1/R00;H|A|1|paragraph_continuation:1/R00
ldaiin,2,2,R00,1.0,0.0,1.0,1.0,2,0,0,0,G2,0.5,1.0,1.0,2,T,0.5,1.0,1,B,1.0,0.0,2,2,0.5,1.0,1,paragraph_continuation,1.0,0.0,1.0,LOW_POWER_TOKEN,LOW_SUPPORT_OR_POLYFUNCTIONAL,LOW,"f76r.55,+P0;f115v.14,+P0",S|B|3|paragraph_continuation:1/R00;T|B|2|paragraph_continuation:1/R00
lkam,2,2,R00,1.0,0.0,1.0,1.0,2,0,0,0,G2,0.5,1.0,1.0,2,C,0.5,1.0,1,B,1.0,0.0,2,2,0.5,1.0,1,paragraph_continuation,1.0,0.0,1.0,LOW_POWER_TOKEN,LOW_SUPPORT_OR_POLYFUNCTIONAL,LOW,"f86v3.31,+Pb;f111v.4,+P0",C|B|2|paragraph_continuation:1/R00;S|B|3|paragraph_continuation:1/R00
lkeol,2,2,R00,1.0,0.0,1.0,1.0,2,0,0,0,G2,1.0,0.0,1.0,2,T,0.5,1.0,1,B,1.0,0.0,2,5,0.5,1.0,1,paragraph_continuation,1.0,0.0,1.0,LOW_POWER_TOKEN,LOW_SUPPORT_OR_POLYFUNCTIONAL,LOW,"f66r.80,+P0;f94v.6,+P0",H|B|3|paragraph_continuation:1/R00;T|B|5|paragraph_continuation:1/R00
lolkaiin,2,2,R00,1.0,0.0,1.0,1.0,2,0,0,0,G1,1.0,0.0,1.0,2,B,0.5,1.0,1,B,1.0,0.0,2,2,0.5,1.0,1,paragraph_continuation,1.0,0.0,1.0,LOW_POWER_TOKEN,LOW_SUPPORT_OR_POLYFUNCTIONAL,LOW,"f75r.29,+P0;f107r.40,+P0",B|B|2|paragraph_continuation:1/R00;S|B|3|paragraph_continuation:1/R00
loly,2,2,R00,1.0,0.0,1.0,1.0,2,0,0,0,G2,0.5,1.0,1.0,1,B,1.0,0.0,1,B,1.0,0.0,1,2,1.0,0.0,2,paragraph_continuation,0.5,1.0,1.0,LOW_POWER_TOKEN,LOW_SUPPORT_OR_POLYFUNCTIONAL,LOW,"f81r.12,+P0;f84r.5,=Ln",B|B|2|=L:1/R00;B|B|2|paragraph_continuation:1/R00
ltain,2,2,R00,1.0,0.0,1.0,1.0,2,0,0,0,G2,1.0,0.0,1.0,2,B,0.5,1.0,1,B,1.0,0.0,2,2,0.5,1.0,1,paragraph_continuation,1.0,0.0,1.0,LOW_POWER_TOKEN,LOW_SUPPORT_OR_POLYFUNCTIONAL,LOW,"f75r.3,+P0;f111r.38,+P0",B|B|2|paragraph_continuation:1/R00;S|B|3|paragraph_continuation:1/R00
lteedy,2,2,R00,1.0,0.0,1.0,1.0,2,0,0,0,G1,0.5,1.0,1.0,2,B,0.5,1.0,1,B,1.0,0.0,2,2,0.5,1.0,1,paragraph_continuation,1.0,0.0,1.0,LOW_POWER_TOKEN,LOW_SUPPORT_OR_POLYFUNCTIONAL,LOW,"f76v.12,+P0;f103v.44,+P0",B|B|2|paragraph_continuation:1/R00;S|B|3|paragraph_continuation:1/R00
oaro,2,2,R00,1.0,0.0,1.0,1.0,1,1,1,0,G3C,1.0,0.0,1.0,1,P,1.0,0.0,1,A,1.0,0.0,1,1,1.0,0.0,1,label_or_marginal,1.0,0.0,1.0,LOW_POWER_TOKEN,LOW_SUPPORT_OR_POLYFUNCTIONAL,LOW,"f99r.20,@Lf;f100r.6,@Lf",P|A|1|label_or_marginal:2/R00
ochedy,2,2,R00,1.0,0.0,1.0,1.0,2,0,0,0,G2,0.5,1.0,1.0,2,H,0.5,1.0,1,B,1.0,0.0,1,2,1.0,0.0,1,paragraph_continuation,1.0,0.0,1.0,LOW_POWER_TOKEN,LOW_SUPPORT_OR_POLYFUNCTIONAL,LOW,"f43v.8,+P0;f84v.51,+Pb",B|B|2|paragraph_continuation:1/R00;H|B|2|paragraph_continuation:1/R00
ochey,2,2,R00,1.0,0.0,1.0,1.0,2,0,0,0,G2,1.0,0.0,1.0,2,H,0.5,1.0,1,B,1.0,0.0,2,2,0.5,1.0,1,paragraph_continuation,1.0,0.0,1.0,LOW_POWER_TOKEN,LOW_SUPPORT_OR_POLYFUNCTIONAL,LOW,"f34r.13,+P0;f111r.10,+P0",H|B|2|paragraph_continuation:1/R00;S|B|3|paragraph_continuation:1/R00
ochol,2,2,R00,1.0,0.0,1.0,1.0,2,0,0,0,G3C,1.0,0.0,1.0,2,H,0.5,1.0,2,A,0.5,1.0,2,1,0.5,1.0,1,paragraph_continuation,1.0,0.0,1.0,LOW_POWER_TOKEN,LOW_SUPPORT_OR_POLYFUNCTIONAL,LOW,"f49r.15,+P0;f67r2.30,+Pb",A||4|paragraph_continuation:1/R00;H|A|1|paragraph_continuation:1/R00
ockhey,2,2,R00,1.0,0.0,1.0,1.0,2,0,0,0,G2,1.0,0.0,1.0,1,S,1.0,0.0,2,A,0.5,1.0,1,3,1.0,0.0,1,paragraph_continuation,1.0,0.0,1.0,LOW_POWER_TOKEN,LOW_SUPPORT_OR_POLYFUNCTIONAL,LOW,"f58v.18,+P0;f107r.41,+P0",S|A|3|paragraph_continuation:1/R00;S|B|3|paragraph_continuation:1/R00
odain,2,2,R00,1.0,0.0,1.0,1.0,2,0,0,0,G2,1.0,0.0,1.0,2,H,0.5,1.0,2,B,0.5,1.0,2,2,0.5,1.0,1,paragraph_continuation,1.0,0.0,1.0,LOW_POWER_TOKEN,LOW_SUPPORT_OR_POLYFUNCTIONAL,LOW,"f43r.9,+P0;f102v1.23,+P0",H|B|2|paragraph_continuation:1/R00;P|A|1|paragraph_continuation:1/R00
odair,2,2,R00,1.0,0.0,1.0,1.0,2,0,0,0,G3C,1.0,0.0,1.0,2,A,0.5,1.0,1,nan,1.0,0.0,1,4,1.0,0.0,2,label_or_marginal,0.5,1.0,1.0,LOW_POWER_TOKEN,LOW_SUPPORT_OR_POLYFUNCTIONAL,LOW,"f68r2.25,@Ls;f69r.6,&L0",A||4|label_or_marginal:1/R00;C||4|&L:1/R00
odeey,2,2,R00,1.0,0.0,1.0,1.0,2,0,0,0,G3C,1.0,0.0,1.0,2,H,0.5,1.0,2,A,0.5,1.0,2,1,0.5,1.0,2,paragraph_terminal_or_label,0.5,1.0,0.5,LOW_POWER_TOKEN,LOW_SUPPORT_OR_POLYFUNCTIONAL,LOW,"f42v.16,=Pt;fRos.54,@L0",C|B|4|label_or_marginal:1/R00;H|A|1|paragraph_terminal_or_label:1/R00
oees,2,2,R00,1.0,0.0,1.0,1.0,2,0,0,0,G3C,1.0,0.0,1.0,2,H,0.5,1.0,2,A,0.5,1.0,2,1,0.5,1.0,2,paragraph_continuation,0.5,1.0,0.5,LOW_POWER_TOKEN,LOW_SUPPORT_OR_POLYFUNCTIONAL,LOW,"f6v.13,+P0;f72v1.8,&Lz",H|A|1|paragraph_continuation:1/R00;Z||4|&L:1/R00
ofar,2,2,R00,1.0,0.0,1.0,1.0,2,0,0,0,G3C,1.0,0.0,1.0,1,A,1.0,0.0,1,nan,1.0,0.0,1,4,1.0,0.0,2,paragraph_continuation,0.5,1.0,1.0,LOW_POWER_TOKEN,LOW_SUPPORT_OR_POLYFUNCTIONAL,LOW,"f67r2.24,+Pb;f67r2.34,+L0",A||4|+L:1/R00;A||4|paragraph_continuation:1/R00
oiiin,2,2,R00,1.0,0.0,1.0,1.0,1,1,1,0,G1,0.5,1.0,0.5,1,B,1.0,0.0,1,B,1.0,0.0,1,2,1.0,0.0,1,paragraph_continuation,1.0,0.0,1.0,LOW_POWER_TOKEN,LOW_SUPPORT_OR_POLYFUNCTIONAL,LOW,"f77v.25,+P0;f81v.27,+P0",B|B|2|paragraph_continuation:2/R00
okalar,2,2,R00,1.0,0.0,1.0,1.0,1,1,1,0,G3C,1.0,0.0,1.0,1,Z,1.0,0.0,1,nan,1.0,0.0,1,4,1.0,0.0,1,&L,1.0,0.0,1.0,LOW_POWER_TOKEN,LOW_SUPPORT_OR_POLYFUNCTIONAL,LOW,"f72r2.8,&Lz;f72r3.22,&Lz",Z||4|&L:2/R00
okalchy,2,2,R00,1.0,0.0,1.0,1.0,2,0,0,0,G2,0.5,1.0,1.0,2,S,0.5,1.0,2,A,0.5,1.0,2,3,0.5,1.0,2,paragraph_continuation,0.5,1.0,0.5,LOW_POWER_TOKEN,LOW_SUPPORT_OR_POLYFUNCTIONAL,LOW,"f58v.19,+P0;f82v.40,@Ln",B|B|2|label_or_marginal:1/R00;S|A|3|paragraph_continuation:1/R00
okaram,2,2,R03,1.0,0.0,1.0,1.0,1,1,1,0,G3C,1.0,0.0,1.0,1,Z,1.0,0.0,1,nan,1.0,0.0,1,4,1.0,0.0,1,&L,1.0,0.0,1.0,LOW_POWER_TOKEN,LOW_SUPPORT_OR_POLYFUNCTIONAL,LOW,"f70v2.27,&Lz;f72r2.3,&Lz",Z||4|&L:2/R03
okchedy,2,2,R00,1.0,0.0,1.0,1.0,2,0,0,0,G2,1.0,0.0,1.0,2,B,0.5,1.0,1,B,1.0,0.0,2,2,0.5,1.0,1,paragraph_continuation,1.0,0.0,1.0,LOW_POWER_TOKEN,LOW_SUPPORT_OR_POLYFUNCTIONAL,LOW,"f81v.24,+P0;f107r.5,+P0",B|B|2|paragraph_continuation:1/R00;S|B|3|paragraph_continuation:1/R00
okchody,2,2,R00,1.0,0.0,1.0,1.0,2,0,0,0,G3C,0.5,1.0,1.0,2,A,0.5,1.0,2,nan,0.5,1.0,2,4,0.5,1.0,2,label_or_marginal,0.5,1.0,0.5,LOW_POWER_TOKEN,LOW_SUPPORT_OR_POLYFUNCTIONAL,LOW,"f68r3.21,*Ls;f102v1.23,+P0",A||4|label_or_marginal:1/R00;P|A|1|paragraph_continuation:1/R00
okchol,2,2,R07,1.0,0.0,1.0,1.0,2,0,0,0,G1,1.0,0.0,1.0,2,H,0.5,1.0,2,A,0.5,1.0,2,1,0.5,1.0,2,paragraph_continuation,0.5,1.0,0.5,LOW_POWER_TOKEN,LOW_SUPPORT_OR_POLYFUNCTIONAL,LOW,"f11r.7,+P0;f69r.27,@Ro",C||4|radial/ring_text:1/R07;H|A|1|paragraph_continuation:1/R07
okedor,2,2,R00,1.0,0.0,1.0,1.0,2,0,0,0,G2,0.5,1.0,1.0,2,T,0.5,1.0,1,B,1.0,0.0,1,2,1.0,0.0,2,paragraph_continuation,0.5,1.0,1.0,LOW_POWER_TOKEN,LOW_SUPPORT_OR_POLYFUNCTIONAL,LOW,"f76r.48,+P0;f82v.43,~Lt",B|B|2|~L:1/R00;T|B|2|paragraph_continuation:1/R00
okeeedy,2,2,R00,1.0,0.0,1.0,1.0,2,0,0,0,G1,1.0,0.0,1.0,2,B,0.5,1.0,1,B,1.0,0.0,2,2,0.5,1.0,1,paragraph_continuation,1.0,0.0,1.0,LOW_POWER_TOKEN,LOW_SUPPORT_OR_POLYFUNCTIONAL,LOW,"f76v.13,+P0;f112v.33,+P0",B|B|2|paragraph_continuation:1/R00;S|B|3|paragraph_continuation:1/R00
okeeo,2,2,R00,1.0,0.0,1.0,1.0,2,0,0,0,G3C,0.5,1.0,1.0,2,C,0.5,1.0,2,nan,0.5,1.0,2,4,0.5,1.0,2,radial/ring_text,0.5,1.0,0.5,LOW_POWER_TOKEN,LOW_SUPPORT_OR_POLYFUNCTIONAL,LOW,"f69r.33,@Ro;f111r.29,+P0",C||4|radial/ring_text:1/R00;S|B|3|paragraph_continuation:1/R00
okeeos,2,2,R00,1.0,0.0,1.0,1.0,2,0,0,0,G3C,1.0,0.0,1.0,2,Z,0.5,1.0,2,nan,0.5,1.0,2,4,0.5,1.0,2,&L,0.5,1.0,0.5,LOW_POWER_TOKEN,LOW_SUPPORT_OR_POLYFUNCTIONAL,LOW,"f73r.32,&Lz;f100r.16,@Lf",P|A|1|label_or_marginal:1/R00;Z||4|&L:1/R00
okeo,2,2,R00,1.0,0.0,1.0,1.0,2,0,0,0,G1,0.5,1.0,1.0,1,P,1.0,0.0,1,A,1.0,0.0,1,1,1.0,0.0,2,paragraph_continuation,0.5,1.0,1.0,LOW_POWER_TOKEN,LOW_SUPPORT_OR_POLYFUNCTIONAL,LOW,"f101v.26,+P0;f102v2.6,@Lf",P|A|1|label_or_marginal:1/R00;P|A|1|paragraph_continuation:1/R00
okeoldy,2,2,R00,1.0,0.0,1.0,1.0,2,0,0,0,G3C,0.5,1.0,1.0,2,Z,0.5,1.0,2,nan,0.5,1.0,2,4,0.5,1.0,2,&L,0.5,1.0,0.5,LOW_POWER_TOKEN,LOW_SUPPORT_OR_POLYFUNCTIONAL,LOW,"f72v2.16,&Lz;f99v.23,+P0",P|A|1|paragraph_continuation:1/R00;Z||4|&L:1/R00
okolo,2,2,R00,1.0,0.0,1.0,1.0,2,0,0,0,G3C,1.0,0.0,1.0,2,B,0.5,1.0,2,B,0.5,1.0,2,2,0.5,1.0,2,=L,0.5,1.0,0.5,LOW_POWER_TOKEN,LOW_SUPPORT_OR_POLYFUNCTIONAL,LOW,"f80r.4,=Ln;f99r.12,@Lf",B|B|2|=L:1/R00;P|A|1|label_or_marginal:1/R00
okolshy,2,2,R00,1.0,0.0,1.0,1.0,2,0,0,0,G3C,1.0,0.0,1.0,2,Z,0.5,1.0,2,nan,0.5,1.0,2,4,0.5,1.0,2,&L,0.5,1.0,0.5,LOW_POWER_TOKEN,LOW_SUPPORT_OR_POLYFUNCTIONAL,LOW,"f70v1.9,&Lz;f84r.10,@Ln",B|B|2|label_or_marginal:1/R00;Z||4|&L:1/R00
okos,2,2,R00,1.0,0.0,1.0,1.0,2,0,0,0,G3C,1.0,0.0,1.0,2,A,0.5,1.0,2,nan,0.5,1.0,2,4,0.5,1.0,1,label_or_marginal,1.0,0.0,1.0,LOW_POWER_TOKEN,LOW_SUPPORT_OR_POLYFUNCTIONAL,LOW,"f68r3.13,@Ls;f99r.33,@Lf",A||4|label_or_marginal:1/R00;P|A|1|label_or_marginal:1/R00
okshey,2,2,R00,1.0,0.0,1.0,1.0,2,0,0,0,G3C,0.5,1.0,1.0,2,B,0.5,1.0,1,B,1.0,0.0,2,2,0.5,1.0,1,paragraph_continuation,1.0,0.0,1.0,LOW_POWER_TOKEN,LOW_SUPPORT_OR_POLYFUNCTIONAL,LOW,"f80v.43,+P0;f111v.45,+P0",B|B|2|paragraph_continuation:1/R00;S|B|3|paragraph_continuation:1/R00
okshor,2,2,R00,1.0,0.0,1.0,1.0,2,0,0,0,G3C,1.0,0.0,1.0,2,H,0.5,1.0,2,A,0.5,1.0,2,1,0.5,1.0,2,paragraph_continuation,0.5,1.0,0.5,LOW_POWER_TOKEN,LOW_SUPPORT_OR_POLYFUNCTIONAL,LOW,"f22v.9,+P0;f68r1.33,@Ls",A||4|label_or_marginal:1/R00;H|A|1|paragraph_continuation:1/R00
okydy,2,2,R00,1.0,0.0,1.0,1.0,1,1,1,0,G3C,1.0,0.0,1.0,1,Z,1.0,0.0,1,nan,1.0,0.0,1,4,1.0,0.0,1,&L,1.0,0.0,1.0,LOW_POWER_TOKEN,LOW_SUPPORT_OR_POLYFUNCTIONAL,LOW,"f70v2.19,&Lz;f72v1.24,&Lz",Z||4|&L:2/R00
olar,2,2,R00,1.0,0.0,1.0,1.0,2,0,0,0,G2,0.5,1.0,1.0,2,S,0.5,1.0,2,A,0.5,1.0,2,3,0.5,1.0,2,paragraph_continuation,0.5,1.0,0.5,LOW_POWER_TOKEN,LOW_SUPPORT_OR_POLYFUNCTIONAL,LOW,"f58v.35,+P0;f67v1.29,@Ro",A||4|radial/ring_text:1/R00;S|A|3|paragraph_continuation:1/R00
olchcthy,2,2,R04,1.0,0.0,1.0,1.0,1,1,1,0,G2,1.0,0.0,1.0,1,B,1.0,0.0,1,B,1.0,0.0,1,2,1.0,0.0,1,paragraph_continuation,1.0,0.0,1.0,LOW_POWER_TOKEN,LOW_SUPPORT_OR_POLYFUNCTIONAL,LOW,"f84r.29,+P0;f84r.44,+P1",B|B|2|paragraph_continuation:2/R04
olchdy,2,2,R00,1.0,0.0,1.0,1.0,2,0,0,0,G2,0.5,1.0,1.0,2,T,0.5,1.0,1,B,1.0,0.0,1,2,1.0,0.0,2,paragraph_continuation,0.5,1.0,1.0,LOW_POWER_TOKEN,LOW_SUPPORT_OR_POLYFUNCTIONAL,LOW,"f76r.40,+P0;f80r.2,=Ln",B|B|2|=L:1/R00;T|B|2|paragraph_continuation:1/R00
olcheody,2,2,R00,1.0,0.0,1.0,1.0,2,0,0,0,G2,1.0,0.0,1.0,2,P,0.5,1.0,2,A,0.5,1.0,2,1,0.5,1.0,1,paragraph_continuation,1.0,0.0,1.0,LOW_POWER_TOKEN,LOW_SUPPORT_OR_POLYFUNCTIONAL,LOW,"f88v.8,+P0;f111r.17,+P0",P|A|1|paragraph_continuation:1/R00;S|B|3|paragraph_continuation:1/R00
olcheor,2,2,R00,1.0,0.0,1.0,1.0,2,0,0,0,G2,1.0,0.0,1.0,2,P,0.5,1.0,2,A,0.5,1.0,2,1,0.5,1.0,1,paragraph_continuation,1.0,0.0,1.0,LOW_POWER_TOKEN,LOW_SUPPORT_OR_POLYFUNCTIONAL,LOW,"f102v1.23,+P0;f107r.26,+P0",P|A|1|paragraph_continuation:1/R00;S|B|3|paragraph_continuation:1/R00
oldaiin,2,2,R10,1.0,0.0,1.0,1.0,2,0,0,0,G3C,0.5,1.0,1.0,2,H,0.5,1.0,2,A,0.5,1.0,2,1,0.5,1.0,1,paragraph_continuation,1.0,0.0,1.0,LOW_POWER_TOKEN,LOW_SUPPORT_OR_POLYFUNCTIONAL,LOW,"f17v.3,+P0;f107v.2,+P0",H|A|1|paragraph_continuation:1/R10;S|B|3|paragraph_continuation:1/R10
oldam,2,2,R00,1.0,0.0,1.0,1.0,2,0,0,0,G2,0.5,1.0,1.0,2,H,0.5,1.0,2,B,0.5,1.0,2,2,0.5,1.0,2,paragraph_continuation,0.5,1.0,0.5,LOW_POWER_TOKEN,LOW_SUPPORT_OR_POLYFUNCTIONAL,LOW,"f34r.7,+P0;f89r1.3,@Lf",H|B|2|paragraph_continuation:1/R00;P|A|1|label_or_marginal:1/R00
olkchy,2,2,R00,1.0,0.0,1.0,1.0,2,0,0,0,G3C,1.0,0.0,1.0,1,B,1.0,0.0,1,B,1.0,0.0,1,2,1.0,0.0,2,label_or_marginal,0.5,1.0,1.0,LOW_POWER_TOKEN,LOW_SUPPORT_OR_POLYFUNCTIONAL,LOW,"f75v.36,@Ln;f80v.38,+P0",B|B|2|label_or_marginal:1/R00;B|B|2|paragraph_continuation:1/R00
olkees,2,2,R00,1.0,0.0,1.0,1.0,2,0,0,0,G1,1.0,0.0,1.0,1,S,1.0,0.0,1,B,1.0,0.0,2,3,0.5,1.0,1,paragraph_continuation,1.0,0.0,1.0,LOW_POWER_TOKEN,LOW_SUPPORT_OR_POLYFUNCTIONAL,LOW,"f114v.10,+P0;f115r.5,+P0",S|B|3|paragraph_continuation:1/R00;S|B|@|paragraph_continuation:1/R00
olkeol,2,2,R00,1.0,0.0,1.0,1.0,2,0,0,0,G2,1.0,0.0,1.0,2,T,0.5,1.0,1,B,1.0,0.0,2,5,0.5,1.0,1,paragraph_continuation,1.0,0.0,1.0,LOW_POWER_TOKEN,LOW_SUPPORT_OR_POLYFUNCTIONAL,LOW,"f66r.77,+P0;f81v.26,+P0",B|B|2|paragraph_continuation:1/R00;T|B|5|paragraph_continuation:1/R00
olkey,2,2,R00,1.0,0.0,1.0,1.0,2,0,0,0,G2,0.5,1.0,1.0,2,B,0.5,1.0,1,B,1.0,0.0,1,2,1.0,0.0,2,paragraph_continuation,0.5,1.0,1.0,LOW_POWER_TOKEN,LOW_SUPPORT_OR_POLYFUNCTIONAL,LOW,"f79v.27,+P0;f85r2.7,@Pb",B|B|2|paragraph_continuation:1/R00;C|B|2|paragraph_start:1/R00
olr,2,2,R00,1.0,0.0,1.0,1.0,1,1,1,0,G2,0.5,1.0,0.5,1,S,1.0,0.0,1,B,1.0,0.0,1,3,1.0,0.0,1,paragraph_continuation,1.0,0.0,1.0,LOW_POWER_TOKEN,LOW_SUPPORT_OR_POLYFUNCTIONAL,LOW,"f111v.36,+P0;f116r.15,+P0",S|B|3|paragraph_continuation:2/R00
olsaiin,2,2,R00,1.0,0.0,1.0,1.0,2,0,0,0,G3C,1.0,0.0,1.0,2,H,0.5,1.0,2,A,0.5,1.0,2,1,0.5,1.0,2,paragraph_continuation,0.5,1.0,0.5,LOW_POWER_TOKEN,LOW_SUPPORT_OR_POLYFUNCTIONAL,LOW,"f2r.11,+P0;f83r.46,=Lt",B|B|2|=L:1/R00;H|A|1|paragraph_continuation:1/R00
olshdy,2,2,R00,1.0,0.0,1.0,1.0,1,1,1,0,G2,1.0,0.0,1.0,1,B,1.0,0.0,1,B,1.0,0.0,1,2,1.0,0.0,1,paragraph_continuation,1.0,0.0,1.0,LOW_POWER_TOKEN,LOW_SUPPORT_OR_POLYFUNCTIONAL,LOW,"f79v.25,+P0;f84v.22,+P0",B|B|2|paragraph_continuation:2/R00
opaiin,2,2,R00,1.0,0.0,1.0,1.0,2,0,0,0,G3C,0.5,1.0,1.0,2,Z,0.5,1.0,2,nan,0.5,1.0,2,4,0.5,1.0,2,&L,0.5,1.0,0.5,LOW_POWER_TOKEN,LOW_SUPPORT_OR_POLYFUNCTIONAL,LOW,"f73r.19,&Lz;f114r.44,+P0",S|B|3|paragraph_continuation:1/R00;Z||4|&L:1/R00
opchar,2,2,R00,1.0,0.0,1.0,1.0,2,0,0,0,G3C,1.0,0.0,1.0,2,H,0.5,1.0,2,A,0.5,1.0,2,1,0.5,1.0,2,paragraph_start,0.5,1.0,0.5,LOW_POWER_TOKEN,LOW_SUPPORT_OR_POLYFUNCTIONAL,LOW,"f24r.1,@P0;f104r.22,+P0",H|A|1|paragraph_start:1/R00;S|B|3|paragraph_continuation:1/R00
opcheedy,2,2,R00,1.0,0.0,1.0,1.0,2,0,0,0,G3C,0.5,1.0,1.0,1,S,1.0,0.0,1,B,1.0,0.0,1,3,1.0,0.0,2,paragraph_start,0.5,1.0,1.0,LOW_POWER_TOKEN,LOW_SUPPORT_OR_POLYFUNCTIONAL,LOW,"f104v.1,@P0;f111v.29,+P0",S|B|3|paragraph_continuation:1/R00;S|B|3|paragraph_start:1/R00
opchor,2,2,R00,1.0,0.0,1.0,1.0,2,0,0,0,G2,0.5,1.0,1.0,2,H,0.5,1.0,1,A,1.0,0.0,1,1,1.0,0.0,2,paragraph_start,0.5,1.0,1.0,LOW_POWER_TOKEN,LOW_SUPPORT_OR_POLYFUNCTIONAL,LOW,"f13r.1,@P0;f100v.3,@Lf",H|A|1|paragraph_start:1/R00;P|A|1|label_or_marginal:1/R00
orar,2,2,R00,1.0,0.0,1.0,1.0,2,0,0,0,G3C,1.0,0.0,1.0,2,P,0.5,1.0,2,A,0.5,1.0,2,1,0.5,1.0,2,label_or_marginal,0.5,1.0,0.5,LOW_POWER_TOKEN,LOW_SUPPORT_OR_POLYFUNCTIONAL,LOW,"f101v.6,@Lf;f104v.1,@P0",P|A|1|label_or_marginal:1/R00;S|B|3|paragraph_start:1/R00
orary,2,2,R00,1.0,0.0,1.0,1.0,2,0,0,0,G3C,1.0,0.0,1.0,2,Z,0.5,1.0,2,nan,0.5,1.0,1,4,1.0,0.0,2,&L,0.5,1.0,1.0,LOW_POWER_TOKEN,LOW_SUPPORT_OR_POLYFUNCTIONAL,LOW,"f72r2.19,&Lz;fRos.9,+L0",C|B|4|+L:1/R00;Z||4|&L:1/R00
osain,2,2,R00,1.0,0.0,1.0,1.0,2,0,0,0,G3C,0.5,1.0,1.0,2,P,0.5,1.0,2,A,0.5,1.0,2,1,0.5,1.0,2,label_or_marginal,0.5,1.0,0.5,LOW_POWER_TOKEN,LOW_SUPPORT_OR_POLYFUNCTIONAL,LOW,"f102v2.25,@Lf;f116r.47,+P0",P|A|1|label_or_marginal:1/R00;S|B|3|paragraph_continuation:1/R00
oshey,2,2,R00,1.0,0.0,1.0,1.0,2,0,0,0,G2,1.0,0.0,1.0,2,B,0.5,1.0,1,B,1.0,0.0,2,2,0.5,1.0,1,paragraph_continuation,1.0,0.0,1.0,LOW_POWER_TOKEN,LOW_SUPPORT_OR_POLYFUNCTIONAL,LOW,"f84v.22,+P0;f103v.36,+P0",B|B|2|paragraph_continuation:1/R00;S|B|3|paragraph_continuation:1/R00
ot,2,2,R00,1.0,0.0,1.0,1.0,2,0,0,0,G3C,1.0,0.0,1.0,2,B,0.5,1.0,1,B,1.0,0.0,2,2,0.5,1.0,2,paragraph_continuation,0.5,1.0,1.0,LOW_POWER_TOKEN,LOW_SUPPORT_OR_POLYFUNCTIONAL,LOW,"f80v.38,+P0;fRos.57,@L0",B|B|2|paragraph_continuation:1/R00;C|B|4|label_or_marginal:1/R00
otalaiin,2,2,R00,1.0,0.0,1.0,1.0,1,1,1,0,G3C,1.0,0.0,1.0,1,Z,1.0,0.0,1,nan,1.0,0.0,1,4,1.0,0.0,1,&L,1.0,0.0,1.0,LOW_POWER_TOKEN,LOW_SUPPORT_OR_POLYFUNCTIONAL,LOW,"f70v1.14,&Lz;f71v.15,&Lz",Z||4|&L:2/R00
otaldar,2,2,R00,1.0,0.0,1.0,1.0,1,1,1,0,G3C,1.0,0.0,1.0,1,Z,1.0,0.0,1,nan,1.0,0.0,1,4,1.0,0.0,1,&L,1.0,0.0,1.0,LOW_POWER_TOKEN,LOW_SUPPORT_OR_POLYFUNCTIONAL,LOW,"f70v2.11,&Lz;f71r.17,&Lz",Z||4|&L:2/R00
otaral,2,2,R00,1.0,0.0,1.0,1.0,2,0,0,0,G3C,0.5,1.0,1.0,2,Z,0.5,1.0,2,nan,0.5,1.0,2,4,0.5,1.0,2,&L,0.5,1.0,0.5,LOW_POWER_TOKEN,LOW_SUPPORT_OR_POLYFUNCTIONAL,LOW,"f70v2.23,&Lz;f111r.41,+P0",S|B|3|paragraph_continuation:1/R00;Z||4|&L:1/R00
otaraldy,2,2,R00,1.0,0.0,1.0,1.0,2,0,0,0,G3C,1.0,0.0,1.0,1,Z,1.0,0.0,1,nan,1.0,0.0,1,4,1.0,0.0,2,&L,0.5,1.0,1.0,LOW_POWER_TOKEN,LOW_SUPPORT_OR_POLYFUNCTIONAL,LOW,"f72r1.8,&Lz;f72r2.7,@Lz",Z||4|&L:1/R00;Z||4|label_or_marginal:1/R00
otchar,2,2,R00,1.0,0.0,1.0,1.0,2,0,0,0,G3C,1.0,0.0,1.0,2,H,0.5,1.0,1,A,1.0,0.0,1,1,1.0,0.0,2,paragraph_continuation,0.5,1.0,1.0,LOW_POWER_TOKEN,LOW_SUPPORT_OR_POLYFUNCTIONAL,LOW,"f8v.5,+P0;f89v1.3,@Lf",H|A|1|paragraph_continuation:1/R00;P|A|1|label_or_marginal:1/R00
otchody,2,2,R00,1.0,0.0,1.0,1.0,2,0,0,0,G3C,1.0,0.0,1.0,2,H,0.5,1.0,2,A,0.5,1.0,2,1,0.5,1.0,2,paragraph_continuation,0.5,1.0,0.5,LOW_POWER_TOKEN,LOW_SUPPORT_OR_POLYFUNCTIONAL,LOW,"f3r.9,+P0;f71v.5,&Lz",H|A|1|paragraph_continuation:1/R00;Z||4|&L:1/R00
otchor,2,2,R00,1.0,0.0,1.0,1.0,1,1,1,0,G1,0.5,1.0,0.5,1,H,1.0,0.0,1,A,1.0,0.0,1,1,1.0,0.0,1,paragraph_continuation,1.0,0.0,1.0,LOW_POWER_TOKEN,LOW_SUPPORT_OR_POLYFUNCTIONAL,LOW,"f11v.3,+P0;f56r.7,+P0",H|A|1|paragraph_continuation:2/R00
oteed,2,2,R01,1.0,0.0,1.0,1.0,1,1,1,0,G2,1.0,0.0,1.0,1,S,1.0,0.0,1,B,1.0,0.0,1,3,1.0,0.0,1,paragraph_continuation,1.0,0.0,1.0,LOW_POWER_TOKEN,LOW_SUPPORT_OR_POLYFUNCTIONAL,LOW,"f107r.2,+P0;f111r.17,+P0",S|B|3|paragraph_continuation:2/R01
oteeor,2,2,R01,1.0,0.0,1.0,1.0,2,0,0,0,G1,0.5,1.0,1.0,2,H,0.5,1.0,1,A,1.0,0.0,1,1,1.0,0.0,2,paragraph_continuation,0.5,1.0,1.0,LOW_POWER_TOKEN,LOW_SUPPORT_OR_POLYFUNCTIONAL,LOW,"f96r.2,+P0;f102r1.3,@P0",H|A|1|paragraph_continuation:1/R01;P|A|1|paragraph_start:1/R01
oteol,2,2,R01,1.0,0.0,1.0,1.0,1,1,1,0,G2,1.0,0.0,1.0,1,B,1.0,0.0,1,B,1.0,0.0,1,2,1.0,0.0,1,paragraph_continuation,1.0,0.0,1.0,LOW_POWER_TOKEN,LOW_SUPPORT_OR_POLYFUNCTIONAL,LOW,"f81r.26,+P0;f84v.38,+P0",B|B|2|paragraph_continuation:2/R01
oteos,2,2,R01,1.0,0.0,1.0,1.0,2,0,0,0,G1,1.0,0.0,1.0,2,H,0.5,1.0,1,B,1.0,0.0,2,2,0.5,1.0,1,paragraph_continuation,1.0,0.0,1.0,LOW_POWER_TOKEN,LOW_SUPPORT_OR_POLYFUNCTIONAL,LOW,"f43v.16,+P0;f107v.2,+P0",H|B|2|paragraph_continuation:1/R01;S|B|3|paragraph_continuation:1/R01
otly,2,2,R00,1.0,0.0,1.0,1.0,2,0,0,0,G3C,1.0,0.0,1.0,2,Z,0.5,1.0,2,nan,0.5,1.0,2,4,0.5,1.0,2,&L,0.5,1.0,0.5,LOW_POWER_TOKEN,LOW_SUPPORT_OR_POLYFUNCTIONAL,LOW,"f72v3.10,&Lz;f101v.8,@Lf",P|A|1|label_or_marginal:1/R00;Z||4|&L:1/R00
otodar,2,2,R00,1.0,0.0,1.0,1.0,2,0,0,0,G3C,0.5,1.0,1.0,1,C,1.0,0.0,1,B,1.0,0.0,2,4,0.5,1.0,2,label_or_marginal,0.5,1.0,1.0,LOW_POWER_TOKEN,LOW_SUPPORT_OR_POLYFUNCTIONAL,LOW,"fRos.102,@L0;f86v3.26,+Pb",C|B|2|paragraph_continuation:1/R00;C|B|4|label_or_marginal:1/R00
otoly,2,2,R00,1.0,0.0,1.0,1.0,2,0,0,0,G3C,1.0,0.0,1.0,1,B,1.0,0.0,1,B,1.0,0.0,1,2,1.0,0.0,2,+L,0.5,1.0,1.0,LOW_POWER_TOKEN,LOW_SUPPORT_OR_POLYFUNCTIONAL,LOW,"f75v.37,+Ln;f84r.11,@Ln",B|B|2|+L:1/R00;B|B|2|label_or_marginal:1/R00
otoram,2,2,R00,1.0,0.0,1.0,1.0,1,1,1,0,G3C,1.0,0.0,1.0,1,P,1.0,0.0,1,A,1.0,0.0,1,1,1.0,0.0,1,label_or_marginal,1.0,0.0,1.0,LOW_POWER_TOKEN,LOW_SUPPORT_OR_POLYFUNCTIONAL,LOW,"f88r.24,@Lf;f88v.11,@Lc",P|A|1|label_or_marginal:2/R00
otory,2,2,R00,1.0,0.0,1.0,1.0,1,1,1,0,G3C,1.0,0.0,1.0,1,P,1.0,0.0,1,A,1.0,0.0,1,1,1.0,0.0,1,label_or_marginal,1.0,0.0,1.0,LOW_POWER_TOKEN,LOW_SUPPORT_OR_POLYFUNCTIONAL,LOW,"f89v2.11,@Lc;f102v2.8,@Lf",P|A|1|label_or_marginal:2/R00
otydy,2,2,R00,1.0,0.0,1.0,1.0,2,0,0,0,G2,0.5,1.0,1.0,2,H,0.5,1.0,2,A,0.5,1.0,2,1,0.5,1.0,2,paragraph_continuation,0.5,1.0,0.5,LOW_POWER_TOKEN,LOW_SUPPORT_OR_POLYFUNCTIONAL,LOW,"f51r.8,+P0;f68r1.15,@Ls",A||4|label_or_marginal:1/R00;H|A|1|paragraph_continuation:1/R00
oy,2,2,R00,1.0,0.0,1.0,1.0,2,0,0,0,G3C,0.5,1.0,1.0,1,H,1.0,0.0,2,A,0.5,1.0,2,1,0.5,1.0,1,paragraph_continuation,1.0,0.0,1.0,LOW_POWER_TOKEN,LOW_SUPPORT_OR_POLYFUNCTIONAL,LOW,"f17v.12,+P0;f40v.17,+P0",H|A|1|paragraph_continuation:1/R00;H|B|2|paragraph_continuation:1/R00
pchedain,2,2,R00,1.0,0.0,1.0,1.0,2,0,0,0,G3C,0.5,1.0,1.0,2,H,0.5,1.0,1,B,1.0,0.0,2,2,0.5,1.0,2,paragraph_start,0.5,1.0,1.0,LOW_POWER_TOKEN,LOW_SUPPORT_OR_POLYFUNCTIONAL,LOW,"f40v.1,@P0;f111v.45,+P0",H|B|2|paragraph_start:1/R00;S|B|3|paragraph_continuation:1/R00
pcheor,2,2,R06,1.0,0.0,1.0,1.0,1,1,1,0,G1,1.0,0.0,1.0,1,S,1.0,0.0,1,B,1.0,0.0,1,3,1.0,0.0,1,paragraph_continuation,1.0,0.0,1.0,LOW_POWER_TOKEN,LOW_SUPPORT_OR_POLYFUNCTIONAL,LOW,"f103v.5,+P0;f104v.19,+P0",S|B|3|paragraph_continuation:2/R06
pchodaiin,2,2,R10,1.0,0.0,1.0,1.0,2,0,0,0,G3C,1.0,0.0,1.0,1,H,1.0,0.0,1,A,1.0,0.0,1,1,1.0,0.0,2,paragraph_start,0.5,1.0,1.0,LOW_POWER_TOKEN,LOW_SUPPORT_OR_POLYFUNCTIONAL,LOW,"f14r.1,@P0;f47v.7,+P0",H|A|1|paragraph_continuation:1/R10;H|A|1|paragraph_start:1/R10
pshol,2,2,R06,1.0,0.0,1.0,1.0,2,0,0,0,G3C,0.5,1.0,1.0,2,H,0.5,1.0,2,A,0.5,1.0,2,1,0.5,1.0,2,paragraph_start,0.5,1.0,0.5,LOW_POWER_TOKEN,LOW_SUPPORT_OR_POLYFUNCTIONAL,LOW,"f8r.1,@P0;f80v.27,+P0",B|B|2|paragraph_continuation:1/R06;H|A|1|paragraph_start:1/R06
qoal,2,2,H07,1.0,0.0,1.0,1.0,2,0,0,0,G2,0.5,1.0,1.0,1,S,1.0,0.0,2,A,0.5,1.0,1,3,1.0,0.0,1,paragraph_continuation,1.0,0.0,1.0,LOW_POWER_TOKEN,LOW_SUPPORT_OR_POLYFUNCTIONAL,LOW,"f58v.15,+P0;f114r.44,+P0",S|A|3|paragraph_continuation:1/H07;S|B|3|paragraph_continuation:1/H07
qoar,2,2,H07,1.0,0.0,1.0,1.0,2,0,0,0,G2,0.5,1.0,1.0,2,H,0.5,1.0,2,A,0.5,1.0,2,1,0.5,1.0,1,paragraph_continuation,1.0,0.0,1.0,LOW_POWER_TOKEN,LOW_SUPPORT_OR_POLYFUNCTIONAL,LOW,"f90v2.5,+P0;f104r.39,+P0",H|A|1|paragraph_continuation:1/H07;S|B|3|paragraph_continuation:1/H07
qockhedy,2,2,H21,1.0,0.0,1.0,1.0,2,0,0,0,G1,1.0,0.0,1.0,2,B,0.5,1.0,1,B,1.0,0.0,2,2,0.5,1.0,1,paragraph_continuation,1.0,0.0,1.0,LOW_POWER_TOKEN,LOW_SUPPORT_OR_POLYFUNCTIONAL,LOW,"f76v.18,+P0;f107r.32,+P0",B|B|2|paragraph_continuation:1/H21;S|B|3|paragraph_continuation:1/H21
qody,2,2,H20,1.0,0.0,1.0,1.0,2,0,0,0,G2,1.0,0.0,1.0,1,H,1.0,0.0,2,B,0.5,1.0,2,2,0.5,1.0,1,paragraph_continuation,1.0,0.0,1.0,LOW_POWER_TOKEN,LOW_SUPPORT_OR_POLYFUNCTIONAL,LOW,"f40v.15,+P0;f51r.9,+P0",H|A|1|paragraph_continuation:1/H20;H|B|2|paragraph_continuation:1/H20
qoedy,2,2,R00,1.0,0.0,1.0,1.0,2,0,0,0,G2,1.0,0.0,1.0,1,C,1.0,0.0,1,B,1.0,0.0,1,2,1.0,0.0,2,paragraph_start,0.5,1.0,1.0,LOW_POWER_TOKEN,LOW_SUPPORT_OR_POLYFUNCTIONAL,LOW,"f86v3.1,@Pb;f86v3.28,+Pb",C|B|2|paragraph_continuation:1/R00;C|B|2|paragraph_start:1/R00
qokchd,2,2,H08,1.0,0.0,1.0,1.0,2,0,0,0,G1,1.0,0.0,1.0,1,H,1.0,0.0,2,A,0.5,1.0,2,1,0.5,1.0,1,paragraph_continuation,1.0,0.0,1.0,LOW_POWER_TOKEN,LOW_SUPPORT_OR_POLYFUNCTIONAL,LOW,"f11v.3,+P0;f40r.5,+P0",H|A|1|paragraph_continuation:1/H08;H|B|2|paragraph_continuation:1/H08
qokcheedy,2,2,H12,1.0,0.0,1.0,1.0,2,0,0,0,G1,1.0,0.0,1.0,1,S,1.0,0.0,1,B,1.0,0.0,2,3,0.5,1.0,1,paragraph_continuation,1.0,0.0,1.0,LOW_POWER_TOKEN,LOW_SUPPORT_OR_POLYFUNCTIONAL,LOW,"f104r.33,+P0;f115r.11,+P0",S|B|3|paragraph_continuation:1/H12;S|B|@|paragraph_continuation:1/H12
qokcheo,2,2,H08,1.0,0.0,1.0,1.0,1,1,1,0,G1,1.0,0.0,1.0,1,H,1.0,0.0,1,A,1.0,0.0,1,1,1.0,0.0,1,paragraph_continuation,1.0,0.0,1.0,LOW_POWER_TOKEN,LOW_SUPPORT_OR_POLYFUNCTIONAL,LOW,"f17v.11,+P0;f47r.4,+P0",H|A|1|paragraph_continuation:2/H08
qokcho,2,2,H08,1.0,0.0,1.0,1.0,1,1,1,0,G2,0.5,1.0,0.5,1,H,1.0,0.0,1,A,1.0,0.0,1,1,1.0,0.0,1,paragraph_continuation,1.0,0.0,1.0,LOW_POWER_TOKEN,LOW_SUPPORT_OR_POLYFUNCTIONAL,LOW,"f7r.4,+P0;f93r.30,+P0",H|A|1|paragraph_continuation:2/H08
qokchor,2,2,H08,1.0,0.0,1.0,1.0,1,1,1,0,G1,1.0,0.0,1.0,1,H,1.0,0.0,1,A,1.0,0.0,1,1,1.0,0.0,1,paragraph_continuation,1.0,0.0,1.0,LOW_POWER_TOKEN,LOW_SUPPORT_OR_POLYFUNCTIONAL,LOW,"f32r.3,+P0;f44r.10,+P0",H|A|1|paragraph_continuation:2/H08
qoked,2,2,H08,1.0,0.0,1.0,1.0,2,0,0,0,G2,1.0,0.0,1.0,2,B,0.5,1.0,1,B,1.0,0.0,1,2,1.0,0.0,2,paragraph_continuation,0.5,1.0,1.0,LOW_POWER_TOKEN,LOW_SUPPORT_OR_POLYFUNCTIONAL,LOW,"f75r.31,+P0;f76r.8,=P0",B|B|2|paragraph_continuation:1/H08;T|B|2|paragraph_terminal_or_label:1/H08
qokeear,2,2,H08,1.0,0.0,1.0,1.0,1,1,1,0,G2,0.5,1.0,0.5,1,S,1.0,0.0,1,B,1.0,0.0,1,3,1.0,0.0,1,paragraph_continuation,1.0,0.0,1.0,LOW_POWER_TOKEN,LOW_SUPPORT_OR_POLYFUNCTIONAL,LOW,"f111r.3,+P0;f112v.27,+P0",S|B|3|paragraph_continuation:2/H08
qokeeo,2,2,H08,1.0,0.0,1.0,1.0,2,0,0,0,G2,1.0,0.0,1.0,2,T,0.5,1.0,2,B,0.5,1.0,2,2,0.5,1.0,1,paragraph_continuation,1.0,0.0,1.0,LOW_POWER_TOKEN,LOW_SUPPORT_OR_POLYFUNCTIONAL,LOW,"f76r.6,+P0;f102r2.17,+P0",P|A|1|paragraph_continuation:1/H08;T|B|2|paragraph_continuation:1/H08
qokees,2,2,H08,1.0,0.0,1.0,1.0,1,1,1,0,G2,1.0,0.0,1.0,1,B,1.0,0.0,1,B,1.0,0.0,1,2,1.0,0.0,1,paragraph_continuation,1.0,0.0,1.0,LOW_POWER_TOKEN,LOW_SUPPORT_OR_POLYFUNCTIONAL,LOW,"f79v.40,+P0;f84v.12,+P0",B|B|2|paragraph_continuation:2/H08
qokeo,2,2,H08,1.0,0.0,1.0,1.0,2,0,0,0,G2,0.5,1.0,1.0,2,P,0.5,1.0,2,A,0.5,1.0,2,1,0.5,1.0,1,paragraph_continuation,1.0,0.0,1.0,LOW_POWER_TOKEN,LOW_SUPPORT_OR_POLYFUNCTIONAL,LOW,"f102r1.14,+P0;f108r.48,+P0",P|A|1|paragraph_continuation:1/H08;S|B|3|paragraph_continuation:1/H08
qokeod,2,2,H08,1.0,0.0,1.0,1.0,2,0,0,0,G1,1.0,0.0,1.0,1,H,1.0,0.0,2,B,0.5,1.0,2,5,0.5,1.0,1,paragraph_continuation,1.0,0.0,1.0,LOW_POWER_TOKEN,LOW_SUPPORT_OR_POLYFUNCTIONAL,LOW,"f41r.7,+P0;f87v.7,+P0",H|A|1|paragraph_continuation:1/H08;H|B|5|paragraph_continuation:1/H08
qokolchey,2,2,H08,1.0,0.0,1.0,1.0,2,0,0,0,G1,1.0,0.0,1.0,2,A,0.5,1.0,2,nan,0.5,1.0,2,4,0.5,1.0,2,radial/ring_text,0.5,1.0,0.5,LOW_POWER_TOKEN,LOW_SUPPORT_OR_POLYFUNCTIONAL,LOW,"f68r3.2,@Ri;f94r.3,+P0",A||4|radial/ring_text:1/H08;H|B|3|paragraph_continuation:1/H08
qokoldy,2,2,H11,1.0,0.0,1.0,1.0,2,0,0,0,G1,1.0,0.0,1.0,2,H,0.5,1.0,2,A,0.5,1.0,2,1,0.5,1.0,1,paragraph_continuation,1.0,0.0,1.0,LOW_POWER_TOKEN,LOW_SUPPORT_OR_POLYFUNCTIONAL,LOW,"f23r.4,+P0;f82v.13,+P0",B|B|2|paragraph_continuation:1/H11;H|A|1|paragraph_continuation:1/H11
qokshdy,2,2,H11,1.0,0.0,1.0,1.0,2,0,0,0,G2,0.5,1.0,1.0,2,B,0.5,1.0,1,B,1.0,0.0,2,2,0.5,1.0,1,paragraph_continuation,1.0,0.0,1.0,LOW_POWER_TOKEN,LOW_SUPPORT_OR_POLYFUNCTIONAL,LOW,"f75r.7,+P0;f103v.5,+P0",B|B|2|paragraph_continuation:1/H11;S|B|3|paragraph_continuation:1/H11
qoor,2,2,H07,1.0,0.0,1.0,1.0,1,1,1,0,G1,0.5,1.0,0.5,1,P,1.0,0.0,1,A,1.0,0.0,1,1,1.0,0.0,1,paragraph_continuation,1.0,0.0,1.0,LOW_POWER_TOKEN,LOW_SUPPORT_OR_POLYFUNCTIONAL,LOW,"f101v.26,+P0;f102r2.5,+P0",P|A|1|paragraph_continuation:2/H07
qopchdy,2,2,R00,1.0,0.0,1.0,1.0,2,0,0,0,G1,1.0,0.0,1.0,2,H,0.5,1.0,1,B,1.0,0.0,1,3,1.0,0.0,1,paragraph_continuation,1.0,0.0,1.0,LOW_POWER_TOKEN,LOW_SUPPORT_OR_POLYFUNCTIONAL,LOW,"f95r2.5,+P0;f103v.5,+P0",H|B|3|paragraph_continuation:1/R00;S|B|3|paragraph_continuation:1/R00
qopchy,2,2,H07,1.0,0.0,1.0,1.0,2,0,0,0,G2,1.0,0.0,1.0,2,H,0.5,1.0,2,A,0.5,1.0,2,1,0.5,1.0,1,paragraph_start,1.0,0.0,1.0,LOW_POWER_TOKEN,LOW_SUPPORT_OR_POLYFUNCTIONAL,LOW,"f13r.1,@P0;f86v3.1,@Pb",C|B|2|paragraph_start:1/H07;H|A|1|paragraph_start:1/H07
qopshedy,2,2,H21,1.0,0.0,1.0,1.0,2,0,0,0,G1,1.0,0.0,1.0,1,B,1.0,0.0,1,B,1.0,0.0,1,2,1.0,0.0,2,paragraph_start,0.5,1.0,1.0,LOW_POWER_TOKEN,LOW_SUPPORT_OR_POLYFUNCTIONAL,LOW,"f77v.6,@P0;f80v.23,+P0",B|B|2|paragraph_continuation:1/H21;B|B|2|paragraph_start:1/H21
qot,2,2,H13,1.0,0.0,1.0,1.0,2,0,0,0,G1,0.5,1.0,1.0,1,H,1.0,0.0,2,A,0.5,1.0,2,1,0.5,1.0,1,paragraph_continuation,1.0,0.0,1.0,LOW_POWER_TOKEN,LOW_SUPPORT_OR_POLYFUNCTIONAL,LOW,"f10v.2,+P0;f43v.3,+P0",H|A|1|paragraph_continuation:1/H13;H|B|2|paragraph_continuation:1/H13
qotair,2,2,H13,1.0,0.0,1.0,1.0,2,0,0,0,G2,0.5,1.0,1.0,1,S,1.0,0.0,2,A,0.5,1.0,1,3,1.0,0.0,1,paragraph_continuation,1.0,0.0,1.0,LOW_POWER_TOKEN,LOW_SUPPORT_OR_POLYFUNCTIONAL,LOW,"f58v.2,+P0;f104r.39,+P0",S|A|3|paragraph_continuation:1/H13;S|B|3|paragraph_continuation:1/H13
qotchdy,2,2,H14,1.0,0.0,1.0,1.0,2,0,0,0,G1,1.0,0.0,1.0,2,B,0.5,1.0,1,B,1.0,0.0,1,2,1.0,0.0,2,paragraph_start,0.5,1.0,1.0,LOW_POWER_TOKEN,LOW_SUPPORT_OR_POLYFUNCTIONAL,LOW,"f75v.60,@P1;f85r1.8,+P0",B|B|2|paragraph_start:1/H14;T|B|2|paragraph_continuation:1/H14
qotcheaiin,2,2,H13,1.0,0.0,1.0,1.0,1,1,1,0,G1,1.0,0.0,1.0,1,H,1.0,0.0,1,A,1.0,0.0,1,1,1.0,0.0,1,paragraph_continuation,1.0,0.0,1.0,LOW_POWER_TOKEN,LOW_SUPPORT_OR_POLYFUNCTIONAL,LOW,"f25r.5,+P0;f29v.2,+P0",H|A|1|paragraph_continuation:2/H13
qotcheedy,2,2,H17,1.0,0.0,1.0,1.0,1,1,1,0,G1,1.0,0.0,1.0,1,S,1.0,0.0,1,B,1.0,0.0,1,3,1.0,0.0,1,paragraph_continuation,1.0,0.0,1.0,LOW_POWER_TOKEN,LOW_SUPPORT_OR_POLYFUNCTIONAL,LOW,"f104v.20,+P0;f114v.9,+P0",S|B|3|paragraph_continuation:2/H17
qotchol,2,2,H13,1.0,0.0,1.0,1.0,1,1,1,0,G1,0.5,1.0,0.5,1,H,1.0,0.0,1,A,1.0,0.0,1,1,1.0,0.0,1,paragraph_continuation,1.0,0.0,1.0,LOW_POWER_TOKEN,LOW_SUPPORT_OR_POLYFUNCTIONAL,LOW,"f10r.5,+P0;f13r.6,+P0",H|A|1|paragraph_continuation:2/H13
qoted,2,2,H13,1.0,0.0,1.0,1.0,2,0,0,0,G1,1.0,0.0,1.0,1,S,1.0,0.0,1,B,1.0,0.0,1,3,1.0,0.0,2,paragraph_start,0.5,1.0,1.0,LOW_POWER_TOKEN,LOW_SUPPORT_OR_POLYFUNCTIONAL,LOW,"f106r.1,@P0;f114v.4,+P0",S|B|3|paragraph_continuation:1/H13;S|B|3|paragraph_start:1/H13
qotody,2,2,R00,1.0,0.0,1.0,1.0,2,0,0,0,G2,1.0,0.0,1.0,2,H,0.5,1.0,2,B,0.5,1.0,2,2,0.5,1.0,1,paragraph_continuation,1.0,0.0,1.0,LOW_POWER_TOKEN,LOW_SUPPORT_OR_POLYFUNCTIONAL,LOW,"f43r.5,+P0;f88v.18,+P0",H|B|2|paragraph_continuation:1/R00;P|A|1|paragraph_continuation:1/R00
qotydy,2,2,R00,1.0,0.0,1.0,1.0,2,0,0,0,G2,0.5,1.0,1.0,2,H,0.5,1.0,1,B,1.0,0.0,1,2,1.0,0.0,1,paragraph_continuation,1.0,0.0,1.0,LOW_POWER_TOKEN,LOW_SUPPORT_OR_POLYFUNCTIONAL,LOW,"f43r.3,+P0;f80v.8,+P0",B|B|2|paragraph_continuation:1/R00;H|B|2|paragraph_continuation:1/R00
raly,2,2,R00,1.0,0.0,1.0,1.0,1,1,1,0,G2,0.5,1.0,0.5,1,S,1.0,0.0,1,B,1.0,0.0,1,3,1.0,0.0,1,paragraph_continuation,1.0,0.0,1.0,LOW_POWER_TOKEN,LOW_SUPPORT_OR_POLYFUNCTIONAL,LOW,"f103v.46,+P0;f104r.33,+P0",S|B|3|paragraph_continuation:2/R00
ram,2,2,R00,1.0,0.0,1.0,1.0,2,0,0,0,G1,0.5,1.0,1.0,2,H,0.5,1.0,2,A,0.5,1.0,2,1,0.5,1.0,1,paragraph_continuation,1.0,0.0,1.0,LOW_POWER_TOKEN,LOW_SUPPORT_OR_POLYFUNCTIONAL,LOW,"f9r.3,+P0;f75r.25,+P0",B|B|2|paragraph_continuation:1/R00;H|A|1|paragraph_continuation:1/R00
ro,2,2,R00,1.0,0.0,1.0,1.0,2,0,0,0,G2,0.5,1.0,1.0,1,S,1.0,0.0,1,B,1.0,0.0,2,3,0.5,1.0,1,paragraph_continuation,1.0,0.0,1.0,LOW_POWER_TOKEN,LOW_SUPPORT_OR_POLYFUNCTIONAL,LOW,"f103v.44,+P0;f115r.5,+P0",S|B|3|paragraph_continuation:1/R00;S|B|@|paragraph_continuation:1/R00
saii,2,2,R06,1.0,0.0,1.0,1.0,2,0,0,0,G3C,0.5,1.0,1.0,2,A,0.5,1.0,2,nan,0.5,1.0,2,4,0.5,1.0,2,radial/ring_text,0.5,1.0,0.5,LOW_POWER_TOKEN,LOW_SUPPORT_OR_POLYFUNCTIONAL,LOW,"f67v1.27,@Ro;f83r.30,+P1",A||4|radial/ring_text:1/R06;B|B|2|paragraph_continuation:1/R06
sairy,2,2,R06,1.0,0.0,1.0,1.0,2,0,0,0,G3C,1.0,0.0,1.0,2,T,0.5,1.0,2,A,0.5,1.0,2,1,0.5,1.0,1,paragraph_continuation,1.0,0.0,1.0,LOW_POWER_TOKEN,LOW_SUPPORT_OR_POLYFUNCTIONAL,LOW,"f1r.5,+P0;f105r.10,+Pr",S|B|3|paragraph_continuation:1/R06;T|A|1|paragraph_continuation:1/R06
salchedy,2,2,R00,1.0,0.0,1.0,1.0,1,1,1,0,G3C,0.5,1.0,0.5,1,B,1.0,0.0,1,B,1.0,0.0,1,2,1.0,0.0,1,paragraph_continuation,1.0,0.0,1.0,LOW_POWER_TOKEN,LOW_SUPPORT_OR_POLYFUNCTIONAL,LOW,"f75v.58,+Pb;f84r.19,+P0",B|B|2|paragraph_continuation:2/R00
saldy,2,2,R06,1.0,0.0,1.0,1.0,2,0,0,0,G3C,0.5,1.0,1.0,2,B,0.5,1.0,2,B,0.5,1.0,2,2,0.5,1.0,1,paragraph_continuation,1.0,0.0,1.0,LOW_POWER_TOKEN,LOW_SUPPORT_OR_POLYFUNCTIONAL,LOW,"f75r.52,+Pb;f88v.25,+P0",B|B|2|paragraph_continuation:1/R06;P|A|1|paragraph_continuation:1/R06
sam,2,2,R06,1.0,0.0,1.0,1.0,2,0,0,0,G3C,1.0,0.0,1.0,2,H,0.5,1.0,2,A,0.5,1.0,2,1,0.5,1.0,2,paragraph_continuation,0.5,1.0,0.5,LOW_POWER_TOKEN,LOW_SUPPORT_OR_POLYFUNCTIONAL,LOW,"f24r.20,+Pc;f70r1.11,@Ri",C||4|radial/ring_text:1/R06;H|A|1|paragraph_continuation:1/R06
schey,2,2,R06,1.0,0.0,1.0,1.0,2,0,0,0,G1,0.5,1.0,1.0,2,H,0.5,1.0,2,A,0.5,1.0,2,1,0.5,1.0,1,paragraph_continuation,1.0,0.0,1.0,LOW_POWER_TOKEN,LOW_SUPPORT_OR_POLYFUNCTIONAL,LOW,"f32r.14,+P0;f84r.18,+P0",B|B|2|paragraph_continuation:1/R06;H|A|1|paragraph_continuation:1/R06
shaiin,2,2,R06,1.0,0.0,1.0,1.0,2,0,0,0,G2,1.0,0.0,1.0,2,H,0.5,1.0,2,A,0.5,1.0,2,1,0.5,1.0,1,paragraph_continuation,1.0,0.0,1.0,LOW_POWER_TOKEN,LOW_SUPPORT_OR_POLYFUNCTIONAL,LOW,"f13r.3,+P0;f111v.50,+P0",H|A|1|paragraph_continuation:1/R06;S|B|3|paragraph_continuation:1/R06
sham,2,2,R06,1.0,0.0,1.0,1.0,1,1,1,0,G3C,1.0,0.0,1.0,1,H,1.0,0.0,1,A,1.0,0.0,1,1,1.0,0.0,1,paragraph_continuation,1.0,0.0,1.0,LOW_POWER_TOKEN,LOW_SUPPORT_OR_POLYFUNCTIONAL,LOW,"f24r.16,+P0;f24r.17,+P0",H|A|1|paragraph_continuation:2/R06
shan,2,2,R06,1.0,0.0,1.0,1.0,1,1,1,0,G3C,0.5,1.0,0.5,1,H,1.0,0.0,1,A,1.0,0.0,1,1,1.0,0.0,1,paragraph_continuation,1.0,0.0,1.0,LOW_POWER_TOKEN,LOW_SUPPORT_OR_POLYFUNCTIONAL,LOW,"f2r.11,+P0;f15r.12,+P0",H|A|1|paragraph_continuation:2/R06
shdar,2,2,R06,1.0,0.0,1.0,1.0,2,0,0,0,G3C,0.5,1.0,1.0,2,A,0.5,1.0,2,nan,0.5,1.0,2,4,0.5,1.0,2,label_or_marginal,0.5,1.0,0.5,LOW_POWER_TOKEN,LOW_SUPPORT_OR_POLYFUNCTIONAL,LOW,"f68r2.11,@Ls;f85r1.8,+P0",A||4|label_or_marginal:1/R06;T|B|2|paragraph_continuation:1/R06
shedain,2,2,R00,1.0,0.0,1.0,1.0,1,1,1,0,G1,0.5,1.0,0.5,1,S,1.0,0.0,1,B,1.0,0.0,1,3,1.0,0.0,1,paragraph_continuation,1.0,0.0,1.0,LOW_POWER_TOKEN,LOW_SUPPORT_OR_POLYFUNCTIONAL,LOW,"f111r.26,+P0;f113r.36,+P0",S|B|3|paragraph_continuation:2/R00
shedam,2,2,R06,1.0,0.0,1.0,1.0,2,0,0,0,G1,0.5,1.0,1.0,2,B,0.5,1.0,1,B,1.0,0.0,2,2,0.5,1.0,1,paragraph_continuation,1.0,0.0,1.0,LOW_POWER_TOKEN,LOW_SUPPORT_OR_POLYFUNCTIONAL,LOW,"f76v.11,+P0;f111r.12,+P0",B|B|2|paragraph_continuation:1/R06;S|B|3|paragraph_continuation:1/R06
shek,2,2,R06,1.0,0.0,1.0,1.0,2,0,0,0,G2,0.5,1.0,1.0,2,B,0.5,1.0,1,B,1.0,0.0,2,2,0.5,1.0,1,paragraph_continuation,1.0,0.0,1.0,LOW_POWER_TOKEN,LOW_SUPPORT_OR_POLYFUNCTIONAL,LOW,"f81v.3,+P0;f113v.31,+P0",B|B|2|paragraph_continuation:1/R06;S|B|3|paragraph_continuation:1/R06
shekal,2,2,R06,1.0,0.0,1.0,1.0,2,0,0,0,G3C,0.5,1.0,1.0,2,Z,0.5,1.0,2,nan,0.5,1.0,2,4,0.5,1.0,2,&L,0.5,1.0,0.5,LOW_POWER_TOKEN,LOW_SUPPORT_OR_POLYFUNCTIONAL,LOW,"f73r.14,&Lz;f111r.23,+P0",S|B|3|paragraph_continuation:1/R06;Z||4|&L:1/R06
sheod,2,2,R06,1.0,0.0,1.0,1.0,2,0,0,0,G2,0.5,1.0,1.0,2,H,0.5,1.0,1,B,1.0,0.0,2,2,0.5,1.0,1,paragraph_continuation,1.0,0.0,1.0,LOW_POWER_TOKEN,LOW_SUPPORT_OR_POLYFUNCTIONAL,LOW,"f40v.15,+P0;f115r.4,+P0",H|B|2|paragraph_continuation:1/R06;S|B|@|paragraph_continuation:1/R06
shepchy,2,2,R00,1.0,0.0,1.0,1.0,1,1,1,0,G2,0.5,1.0,0.5,1,B,1.0,0.0,1,B,1.0,0.0,1,2,1.0,0.0,1,paragraph_continuation,1.0,0.0,1.0,LOW_POWER_TOKEN,LOW_SUPPORT_OR_POLYFUNCTIONAL,LOW,"f75r.17,+P0;f80r.40,+P0",B|B|2|paragraph_continuation:2/R00
shes,2,2,R06,1.0,0.0,1.0,1.0,2,0,0,0,G3C,0.5,1.0,1.0,2,A,0.5,1.0,2,nan,0.5,1.0,2,4,0.5,1.0,2,radial/ring_text,0.5,1.0,0.5,LOW_POWER_TOKEN,LOW_SUPPORT_OR_POLYFUNCTIONAL,LOW,"f68v1.9,@Ro;f82v.16,+P0",A||4|radial/ring_text:1/R06;B|B|2|paragraph_continuation:1/R06
shky,2,2,R06,1.0,0.0,1.0,1.0,1,1,1,0,G3C,0.5,1.0,0.5,1,S,1.0,0.0,1,B,1.0,0.0,1,3,1.0,0.0,1,paragraph_continuation,1.0,0.0,1.0,LOW_POWER_TOKEN,LOW_SUPPORT_OR_POLYFUNCTIONAL,LOW,"f106v.47,+P0;f116r.47,+P0",S|B|3|paragraph_continuation:2/R06
shodaiin,2,2,R05,1.0,0.0,1.0,1.0,1,1,1,0,G2,0.5,1.0,0.5,1,H,1.0,0.0,1,A,1.0,0.0,1,1,1.0,0.0,1,paragraph_continuation,1.0,0.0,1.0,LOW_POWER_TOKEN,LOW_SUPPORT_OR_POLYFUNCTIONAL,LOW,"f4v.13,+P0;f93r.30,+P0",H|A|1|paragraph_continuation:2/R05
shokaiin,2,2,R10,1.0,0.0,1.0,1.0,2,0,0,0,G3C,0.5,1.0,1.0,2,H,0.5,1.0,2,A,0.5,1.0,2,1,0.5,1.0,1,paragraph_continuation,1.0,0.0,1.0,LOW_POWER_TOKEN,LOW_SUPPORT_OR_POLYFUNCTIONAL,LOW,"f20v.10,+P0;f76v.17,+P0",B|B|2|paragraph_continuation:1/R10;H|A|1|paragraph_continuation:1/R10
shokar,2,2,R06,1.0,0.0,1.0,1.0,1,1,1,0,G1,0.5,1.0,0.5,1,S,1.0,0.0,1,B,1.0,0.0,1,3,1.0,0.0,1,paragraph_continuation,1.0,0.0,1.0,LOW_POWER_TOKEN,LOW_SUPPORT_OR_POLYFUNCTIONAL,LOW,"f108v.12,+P0;f111v.30,+P0",S|B|3|paragraph_continuation:2/R06
shokchy,2,2,R00,1.0,0.0,1.0,1.0,1,1,1,0,G2,0.5,1.0,0.5,1,H,1.0,0.0,1,A,1.0,0.0,1,1,1.0,0.0,1,paragraph_continuation,1.0,0.0,1.0,LOW_POWER_TOKEN,LOW_SUPPORT_OR_POLYFUNCTIONAL,LOW,"f4v.6,+P0;f29r.7,+P0",H|A|1|paragraph_continuation:2/R00
soaiin,2,2,R06,1.0,0.0,1.0,1.0,2,0,0,0,G3C,0.5,1.0,1.0,2,C,0.5,1.0,2,nan,0.5,1.0,2,4,0.5,1.0,2,label_or_marginal,0.5,1.0,0.5,LOW_POWER_TOKEN,LOW_SUPPORT_OR_POLYFUNCTIONAL,LOW,"f67v2.19,@La;f111r.26,+P0",C||4|label_or_marginal:1/R06;S|B|3|paragraph_continuation:1/R06
sodaiin,2,2,R10,1.0,0.0,1.0,1.0,1,1,1,0,G3C,1.0,0.0,1.0,1,H,1.0,0.0,1,A,1.0,0.0,1,1,1.0,0.0,1,paragraph_continuation,1.0,0.0,1.0,LOW_POWER_TOKEN,LOW_SUPPORT_OR_POLYFUNCTIONAL,LOW,"f14r.13,+P0;f35v.20,+P0",H|A|1|paragraph_continuation:2/R10
soiiin,2,2,R06,1.0,0.0,1.0,1.0,1,1,1,0,G1,0.5,1.0,0.5,1,H,1.0,0.0,1,A,1.0,0.0,1,1,1.0,0.0,1,paragraph_continuation,1.0,0.0,1.0,LOW_POWER_TOKEN,LOW_SUPPORT_OR_POLYFUNCTIONAL,LOW,"f14r.2,+P0;f37v.15,+P0",H|A|1|paragraph_continuation:2/R06
sokeedy,2,2,R00,1.0,0.0,1.0,1.0,1,1,1,0,G1,1.0,0.0,1.0,1,B,1.0,0.0,1,B,1.0,0.0,1,2,1.0,0.0,1,paragraph_continuation,1.0,0.0,1.0,LOW_POWER_TOKEN,LOW_SUPPORT_OR_POLYFUNCTIONAL,LOW,"f75r.41,+P0;f83r.30,+P1",B|B|2|paragraph_continuation:2/R00
solkain,2,2,R00,1.0,0.0,1.0,1.0,2,0,0,0,G1,0.5,1.0,1.0,2,B,0.5,1.0,1,B,1.0,0.0,2,2,0.5,1.0,1,paragraph_continuation,1.0,0.0,1.0,LOW_POWER_TOKEN,LOW_SUPPORT_OR_POLYFUNCTIONAL,LOW,"f80r.14,+P0;f111v.17,+P0",B|B|2|paragraph_continuation:1/R00;S|B|3|paragraph_continuation:1/R00
sols,2,2,R06,1.0,0.0,1.0,1.0,2,0,0,0,G3C,1.0,0.0,1.0,2,H,0.5,1.0,2,A,0.5,1.0,2,1,0.5,1.0,1,paragraph_continuation,1.0,0.0,1.0,LOW_POWER_TOKEN,LOW_SUPPORT_OR_POLYFUNCTIONAL,LOW,"f52v.10,+P0;f75r.49,+Pb",B|B|2|paragraph_continuation:1/R06;H|A|1|paragraph_continuation:1/R06
sshedy,2,2,R06,1.0,0.0,1.0,1.0,1,1,1,0,G1,1.0,0.0,1.0,1,B,1.0,0.0,1,B,1.0,0.0,1,2,1.0,0.0,1,paragraph_continuation,1.0,0.0,1.0,LOW_POWER_TOKEN,LOW_SUPPORT_OR_POLYFUNCTIONAL,LOW,"f75v.13,+P0;f77r.16,+P0",B|B|2|paragraph_continuation:2/R06
sshey,2,2,R06,1.0,0.0,1.0,1.0,2,0,0,0,G3C,0.5,1.0,1.0,2,H,0.5,1.0,2,A,0.5,1.0,2,1,0.5,1.0,1,paragraph_continuation,1.0,0.0,1.0,LOW_POWER_TOKEN,LOW_SUPPORT_OR_POLYFUNCTIONAL,LOW,"f24r.17,+P0;f103r.53,+P0",H|A|1|paragraph_continuation:1/R06;S|B|3|paragraph_continuation:1/R06
t,2,2,R06,1.0,0.0,1.0,1.0,1,1,1,0,G3C,1.0,0.0,1.0,1,T,1.0,0.0,1,B,1.0,0.0,1,5,1.0,0.0,1,+L,1.0,0.0,1.0,LOW_POWER_TOKEN,LOW_SUPPORT_OR_POLYFUNCTIONAL,LOW,"f66r.40,+L0;f66r.45,+L0",T|B|5|+L:2/R06
tain,2,2,R06,1.0,0.0,1.0,1.0,1,1,1,0,G2,1.0,0.0,1.0,1,S,1.0,0.0,1,B,1.0,0.0,1,3,1.0,0.0,1,paragraph_continuation,1.0,0.0,1.0,LOW_POWER_TOKEN,LOW_SUPPORT_OR_POLYFUNCTIONAL,LOW,"f103v.46,+P0;f107r.42,+P0",S|B|3|paragraph_continuation:2/R06
tchdy,2,2,R06,1.0,0.0,1.0,1.0,2,0,0,0,G2,1.0,0.0,1.0,2,C,0.5,1.0,1,B,1.0,0.0,2,2,0.5,1.0,1,paragraph_continuation,1.0,0.0,1.0,LOW_POWER_TOKEN,LOW_SUPPORT_OR_POLYFUNCTIONAL,LOW,"f86v3.21,+P0;f95r1.9,+P0",C|B|2|paragraph_continuation:1/R06;H|B|3|paragraph_continuation:1/R06
tcheody,2,2,R00,1.0,0.0,1.0,1.0,1,1,1,0,G2,1.0,0.0,1.0,1,H,1.0,0.0,1,A,1.0,0.0,1,1,1.0,0.0,1,paragraph_continuation,1.0,0.0,1.0,LOW_POWER_TOKEN,LOW_SUPPORT_OR_POLYFUNCTIONAL,LOW,"f51r.5,+P0;f90v2.5,+P0",H|A|1|paragraph_continuation:2/R00
tcheor,2,2,R06,1.0,0.0,1.0,1.0,2,0,0,0,G1,1.0,0.0,1.0,2,H,0.5,1.0,1,A,1.0,0.0,2,1,0.5,1.0,1,paragraph_continuation,1.0,0.0,1.0,LOW_POWER_TOKEN,LOW_SUPPORT_OR_POLYFUNCTIONAL,LOW,"f15r.12,+P0;f58v.31,+P0",H|A|1|paragraph_continuation:1/R06;S|A|3|paragraph_continuation:1/R06
tchey,2,2,R06,1.0,0.0,1.0,1.0,2,0,0,0,G3C,0.5,1.0,1.0,2,H,0.5,1.0,2,A,0.5,1.0,2,1,0.5,1.0,1,paragraph_continuation,1.0,0.0,1.0,LOW_POWER_TOKEN,LOW_SUPPORT_OR_POLYFUNCTIONAL,LOW,"f20r.13,+P0;f86v3.31,+Pb",C|B|2|paragraph_continuation:1/R06;H|A|1|paragraph_continuation:1/R06
tchody,2,2,R06,1.0,0.0,1.0,1.0,2,0,0,0,G3C,1.0,0.0,1.0,1,H,1.0,0.0,1,A,1.0,0.0,1,1,1.0,0.0,2,paragraph_continuation,0.5,1.0,1.0,LOW_POWER_TOKEN,LOW_SUPPORT_OR_POLYFUNCTIONAL,LOW,"f6v.6,+P0;f11r.1,@P0",H|A|1|paragraph_continuation:1/R06;H|A|1|paragraph_start:1/R06
tchol,2,2,R06,1.0,0.0,1.0,1.0,1,1,1,0,G3C,1.0,0.0,1.0,1,H,1.0,0.0,1,A,1.0,0.0,1,1,1.0,0.0,1,paragraph_continuation,1.0,0.0,1.0,LOW_POWER_TOKEN,LOW_SUPPORT_OR_POLYFUNCTIONAL,LOW,"f21r.11,+P0;f22v.9,+P0",H|A|1|paragraph_continuation:2/R06
tedain,2,2,R06,1.0,0.0,1.0,1.0,1,1,1,0,G2,0.5,1.0,0.5,1,S,1.0,0.0,1,B,1.0,0.0,1,3,1.0,0.0,1,paragraph_continuation,1.0,0.0,1.0,LOW_POWER_TOKEN,LOW_SUPPORT_OR_POLYFUNCTIONAL,LOW,"f111r.48,+P0;f112r.25,+P0",S|B|3|paragraph_continuation:2/R06
teedy,2,2,R06,1.0,0.0,1.0,1.0,2,0,0,0,G2,1.0,0.0,1.0,2,H,0.5,1.0,1,B,1.0,0.0,2,2,0.5,1.0,1,paragraph_continuation,1.0,0.0,1.0,LOW_POWER_TOKEN,LOW_SUPPORT_OR_POLYFUNCTIONAL,LOW,"f43v.3,+P0;f111r.6,+P0",H|B|2|paragraph_continuation:1/R06;S|B|3|paragraph_continuation:1/R06
teey,2,2,R06,1.0,0.0,1.0,1.0,2,0,0,0,G2,0.5,1.0,1.0,2,B,0.5,1.0,1,B,1.0,0.0,2,2,0.5,1.0,1,paragraph_continuation,1.0,0.0,1.0,LOW_POWER_TOKEN,LOW_SUPPORT_OR_POLYFUNCTIONAL,LOW,"f79v.18,+P0;f111r.18,+P0",B|B|2|paragraph_continuation:1/R06;S|B|3|paragraph_continuation:1/R06
teody,2,2,R06,1.0,0.0,1.0,1.0,2,0,0,0,G3C,0.5,1.0,1.0,2,T,0.5,1.0,2,A,0.5,1.0,2,1,0.5,1.0,2,paragraph_terminal_or_label,0.5,1.0,0.5,LOW_POWER_TOKEN,LOW_SUPPORT_OR_POLYFUNCTIONAL,LOW,"f1r.10,=Pt;f111v.34,+P0",S|B|3|paragraph_continuation:1/R06;T|A|1|paragraph_terminal_or_label:1/R06
tody,2,2,R06,1.0,0.0,1.0,1.0,2,0,0,0,G2,1.0,0.0,1.0,1,H,1.0,0.0,1,B,1.0,0.0,2,2,0.5,1.0,1,paragraph_continuation,1.0,0.0,1.0,LOW_POWER_TOKEN,LOW_SUPPORT_OR_POLYFUNCTIONAL,LOW,"f43v.3,+P0;f94v.6,+P0",H|B|2|paragraph_continuation:1/R06;H|B|3|paragraph_continuation:1/R06
toees,2,2,R06,1.0,0.0,1.0,1.0,2,0,0,0,G2,0.5,1.0,1.0,2,H,0.5,1.0,2,B,0.5,1.0,2,2,0.5,1.0,2,paragraph_continuation,0.5,1.0,0.5,LOW_POWER_TOKEN,LOW_SUPPORT_OR_POLYFUNCTIONAL,LOW,"f40v.13,+P0;f68r3.2,@Ri",A||4|radial/ring_text:1/R06;H|B|2|paragraph_continuation:1/R06
ychear,2,2,R06,1.0,0.0,1.0,1.0,2,0,0,0,G3C,0.5,1.0,1.0,2,H,0.5,1.0,2,A,0.5,1.0,2,1,0.5,1.0,1,paragraph_continuation,1.0,0.0,1.0,LOW_POWER_TOKEN,LOW_SUPPORT_OR_POLYFUNCTIONAL,LOW,"f3v.5,+P0;f111v.22,+P0",H|A|1|paragraph_continuation:1/R06;S|B|3|paragraph_continuation:1/R06
ycheedy,2,2,R00,1.0,0.0,1.0,1.0,2,0,0,0,G2,0.5,1.0,1.0,1,S,1.0,0.0,1,B,1.0,0.0,2,3,0.5,1.0,1,paragraph_continuation,1.0,0.0,1.0,LOW_POWER_TOKEN,LOW_SUPPORT_OR_POLYFUNCTIONAL,LOW,"f107r.3,+P0;f115r.5,+P0",S|B|3|paragraph_continuation:1/R00;S|B|@|paragraph_continuation:1/R00
ycheeo,2,2,R06,1.0,0.0,1.0,1.0,2,0,0,0,G2,0.5,1.0,1.0,2,H,0.5,1.0,1,B,1.0,0.0,1,3,1.0,0.0,1,paragraph_continuation,1.0,0.0,1.0,LOW_POWER_TOKEN,LOW_SUPPORT_OR_POLYFUNCTIONAL,LOW,"f94v.6,+P0;f106r.26,+P0",H|B|3|paragraph_continuation:1/R06;S|B|3|paragraph_continuation:1/R06
ycheeody,2,2,R00,1.0,0.0,1.0,1.0,2,0,0,0,G2,0.5,1.0,1.0,2,C,0.5,1.0,1,B,1.0,0.0,2,2,0.5,1.0,1,paragraph_continuation,1.0,0.0,1.0,LOW_POWER_TOKEN,LOW_SUPPORT_OR_POLYFUNCTIONAL,LOW,"f86v3.28,+Pb;f104r.6,+P0",C|B|2|paragraph_continuation:1/R00;S|B|3|paragraph_continuation:1/R00
ycheo,2,2,R06,1.0,0.0,1.0,1.0,2,0,0,0,G1,1.0,0.0,1.0,2,P,0.5,1.0,2,A,0.5,1.0,2,1,0.5,1.0,1,paragraph_continuation,1.0,0.0,1.0,LOW_POWER_TOKEN,LOW_SUPPORT_OR_POLYFUNCTIONAL,LOW,"f89v1.19,+P0;f105r.21,+P0",P|A|1|paragraph_continuation:1/R06;S|B|3|paragraph_continuation:1/R06
ycheody,2,2,R00,1.0,0.0,1.0,1.0,2,0,0,0,G3C,0.5,1.0,1.0,2,A,0.5,1.0,2,nan,0.5,1.0,2,4,0.5,1.0,1,paragraph_continuation,1.0,0.0,1.0,LOW_POWER_TOKEN,LOW_SUPPORT_OR_POLYFUNCTIONAL,LOW,"f67r2.45,+Pb;f113v.8,+P0",A||4|paragraph_continuation:1/R00;S|B|3|paragraph_continuation:1/R00
ycheor,2,2,R06,1.0,0.0,1.0,1.0,1,1,1,0,G3C,1.0,0.0,1.0,1,H,1.0,0.0,1,A,1.0,0.0,1,1,1.0,0.0,1,paragraph_continuation,1.0,0.0,1.0,LOW_POWER_TOKEN,LOW_SUPPORT_OR_POLYFUNCTIONAL,LOW,"f3r.20,+P0;f6v.21,+P0",H|A|1|paragraph_continuation:2/R06
ydy,2,2,R06,1.0,0.0,1.0,1.0,2,0,0,0,G2,0.5,1.0,1.0,2,H,0.5,1.0,1,B,1.0,0.0,1,2,1.0,0.0,2,paragraph_continuation,0.5,1.0,1.0,LOW_POWER_TOKEN,LOW_SUPPORT_OR_POLYFUNCTIONAL,LOW,"f39r.7,+P0;f84r.3,+Ln",B|B|2|+L:1/R06;H|B|2|paragraph_continuation:1/R06
ykair,2,2,R06,1.0,0.0,1.0,1.0,2,0,0,0,G2,0.5,1.0,1.0,2,H,0.5,1.0,2,B,0.5,1.0,2,2,0.5,1.0,1,paragraph_continuation,1.0,0.0,1.0,LOW_POWER_TOKEN,LOW_SUPPORT_OR_POLYFUNCTIONAL,LOW,"f55r.2,+P0;f58v.10,+P0",H|B|2|paragraph_continuation:1/R06;S|A|3|paragraph_continuation:1/R06
ykal,2,2,R06,1.0,0.0,1.0,1.0,2,0,0,0,G2,1.0,0.0,1.0,2,H,0.5,1.0,2,B,0.5,1.0,2,2,0.5,1.0,1,paragraph_continuation,1.0,0.0,1.0,LOW_POWER_TOKEN,LOW_SUPPORT_OR_POLYFUNCTIONAL,LOW,"f39r.11,+P0;f58v.25,+P0",H|B|2|paragraph_continuation:1/R06;S|A|3|paragraph_continuation:1/R06
ykam,2,2,R06,1.0,0.0,1.0,1.0,2,0,0,0,G3C,0.5,1.0,1.0,1,H,1.0,0.0,2,A,0.5,1.0,2,1,0.5,1.0,1,paragraph_continuation,1.0,0.0,1.0,LOW_POWER_TOKEN,LOW_SUPPORT_OR_POLYFUNCTIONAL,LOW,"f18v.8,+P0;f43r.3,+P0",H|A|1|paragraph_continuation:1/R06;H|B|2|paragraph_continuation:1/R06
ykch,2,2,R06,1.0,0.0,1.0,1.0,2,0,0,0,G3C,0.5,1.0,1.0,1,H,1.0,0.0,2,A,0.5,1.0,2,1,0.5,1.0,2,section/paragraph_break_start,0.5,1.0,1.0,LOW_POWER_TOKEN,LOW_SUPPORT_OR_POLYFUNCTIONAL,LOW,"f16r.5,*P0;f34r.7,+P0",H|A|1|section/paragraph_break_start:1/R06;H|B|2|paragraph_continuation:1/R06
ykchedy,2,2,R00,1.0,0.0,1.0,1.0,2,0,0,0,G1,0.5,1.0,1.0,2,B,0.5,1.0,1,B,1.0,0.0,2,2,0.5,1.0,1,paragraph_continuation,1.0,0.0,1.0,LOW_POWER_TOKEN,LOW_SUPPORT_OR_POLYFUNCTIONAL,LOW,"f79r.8,+P0;f115v.32,+P0",B|B|2|paragraph_continuation:1/R00;S|B|3|paragraph_continuation:1/R00
ykchey,2,2,R06,1.0,0.0,1.0,1.0,2,0,0,0,G3C,0.5,1.0,1.0,2,H,0.5,1.0,2,A,0.5,1.0,2,1,0.5,1.0,1,paragraph_continuation,1.0,0.0,1.0,LOW_POWER_TOKEN,LOW_SUPPORT_OR_POLYFUNCTIONAL,LOW,"f44r.4,+P0;f107r.42,+P0",H|A|1|paragraph_continuation:1/R06;S|B|3|paragraph_continuation:1/R06
ykeeey,2,2,R06,1.0,0.0,1.0,1.0,2,0,0,0,G2,1.0,0.0,1.0,2,B,0.5,1.0,1,B,1.0,0.0,2,2,0.5,1.0,1,paragraph_continuation,1.0,0.0,1.0,LOW_POWER_TOKEN,LOW_SUPPORT_OR_POLYFUNCTIONAL,LOW,"f79v.34,+P0;f111v.40,+P0",B|B|2|paragraph_continuation:1/R06;S|B|3|paragraph_continuation:1/R06
ykeeol,2,2,R06,1.0,0.0,1.0,1.0,2,0,0,0,G3C,0.5,1.0,1.0,2,C,0.5,1.0,2,nan,0.5,1.0,2,4,0.5,1.0,2,circular/diagram_text,0.5,1.0,0.5,LOW_POWER_TOKEN,LOW_SUPPORT_OR_POLYFUNCTIONAL,LOW,"f68v3.14,@Cc;f107r.1,@P0",C||4|circular/diagram_text:1/R06;S|B|3|paragraph_start:1/R06
ykees,2,2,R06,1.0,0.0,1.0,1.0,2,0,0,0,G3C,1.0,0.0,1.0,1,A,1.0,0.0,1,nan,1.0,0.0,1,4,1.0,0.0,2,radial/ring_text,0.5,1.0,1.0,LOW_POWER_TOKEN,LOW_SUPPORT_OR_POLYFUNCTIONAL,LOW,"f67r1.11,@Ri;f67r2.12,&L0",A||4|&L:1/R06;A||4|radial/ring_text:1/R06
ykeol,2,2,R06,1.0,0.0,1.0,1.0,2,0,0,0,G3C,1.0,0.0,1.0,2,H,0.5,1.0,2,A,0.5,1.0,2,1,0.5,1.0,2,paragraph_continuation,0.5,1.0,0.5,LOW_POWER_TOKEN,LOW_SUPPORT_OR_POLYFUNCTIONAL,LOW,"f35v.19,+P0;f66r.5,+L0",H|A|1|paragraph_continuation:1/R06;T|B|5|+L:1/R06
ykol,2,2,R06,1.0,0.0,1.0,1.0,2,0,0,0,G1,1.0,0.0,1.0,2,H,0.5,1.0,1,A,1.0,0.0,1,1,1.0,0.0,1,paragraph_continuation,1.0,0.0,1.0,LOW_POWER_TOKEN,LOW_SUPPORT_OR_POLYFUNCTIONAL,LOW,"f44r.10,+P0;f99r.18,+P0",H|A|1|paragraph_continuation:1/R06;P|A|1|paragraph_continuation:1/R06
ykshy,2,2,R06,1.0,0.0,1.0,1.0,1,1,1,0,G3C,1.0,0.0,1.0,1,H,1.0,0.0,1,A,1.0,0.0,1,1,1.0,0.0,1,paragraph_continuation,1.0,0.0,1.0,LOW_POWER_TOKEN,LOW_SUPPORT_OR_POLYFUNCTIONAL,LOW,"f14v.4,+P0;f36v.8,+P1",H|A|1|paragraph_continuation:2/R06
yol,2,2,R06,1.0,0.0,1.0,1.0,2,0,0,0,G3C,1.0,0.0,1.0,2,H,0.5,1.0,2,A,0.5,1.0,2,1,0.5,1.0,1,paragraph_continuation,1.0,0.0,1.0,LOW_POWER_TOKEN,LOW_SUPPORT_OR_POLYFUNCTIONAL,LOW,"f24r.19,+P0;f70r2.6,+P1",C||4|paragraph_continuation:1/R06;H|A|1|paragraph_continuation:1/R06
ypaiin,2,2,R06,1.0,0.0,1.0,1.0,1,1,1,0,G3C,1.0,0.0,1.0,1,Z,1.0,0.0,1,nan,1.0,0.0,1,4,1.0,0.0,1,&L,1.0,0.0,1.0,LOW_POWER_TOKEN,LOW_SUPPORT_OR_POLYFUNCTIONAL,LOW,"f72r3.8,&Lz;f73v.14,&Lz",Z||4|&L:2/R06
ypal,2,2,R06,1.0,0.0,1.0,1.0,2,0,0,0,G3C,1.0,0.0,1.0,2,Z,0.5,1.0,2,nan,0.5,1.0,1,4,1.0,0.0,2,&L,0.5,1.0,1.0,LOW_POWER_TOKEN,LOW_SUPPORT_OR_POLYFUNCTIONAL,LOW,"f73v.32,&Lz;fRos.76,@L0",C|B|4|label_or_marginal:1/R06;Z||4|&L:1/R06
ypchey,2,1,R06,1.0,0.0,1.0,1.0,1,1,1,0,G2,1.0,0.0,1.0,1,C,1.0,0.0,1,B,1.0,0.0,1,2,1.0,0.0,1,paragraph_start,1.0,0.0,1.0,LOW_POWER_TOKEN,LOW_SUPPORT_OR_POLYFUNCTIONAL,LOW,"f86v3.23,@Pb",C|B|2|paragraph_start:2/R06
ysheor,2,2,R06,1.0,0.0,1.0,1.0,2,0,0,0,G3C,0.5,1.0,1.0,2,H,0.5,1.0,2,A,0.5,1.0,2,1,0.5,1.0,1,paragraph_continuation,1.0,0.0,1.0,LOW_POWER_TOKEN,LOW_SUPPORT_OR_POLYFUNCTIONAL,LOW,"f3r.8,+P0;f75r.21,+P0",B|B|2|paragraph_continuation:1/R06;H|A|1|paragraph_continuation:1/R06
ytal,2,2,R06,1.0,0.0,1.0,1.0,2,0,0,0,G3C,1.0,0.0,1.0,2,C,0.5,1.0,2,nan,0.5,1.0,2,4,0.5,1.0,2,&L,0.5,1.0,0.5,LOW_POWER_TOKEN,LOW_SUPPORT_OR_POLYFUNCTIONAL,LOW,"f69r.10,&L0;f101v.4,@Lf",C||4|&L:1/R06;P|A|1|label_or_marginal:1/R06
ytchor,2,2,R06,1.0,0.0,1.0,1.0,1,1,1,0,G3C,0.5,1.0,0.5,1,H,1.0,0.0,1,A,1.0,0.0,1,1,1.0,0.0,1,paragraph_continuation,1.0,0.0,1.0,LOW_POWER_TOKEN,LOW_SUPPORT_OR_POLYFUNCTIONAL,LOW,"f19r.13,+P0;f29v.2,+P0",H|A|1|paragraph_continuation:2/R06
ytedar,2,2,R06,1.0,0.0,1.0,1.0,1,1,1,0,G3C,1.0,0.0,1.0,1,C,1.0,0.0,1,B,1.0,0.0,1,4,1.0,0.0,1,label_or_marginal,1.0,0.0,1.0,LOW_POWER_TOKEN,LOW_SUPPORT_OR_POLYFUNCTIONAL,LOW,"fRos.13,@L0;fRos.73,@L0",C|B|4|label_or_marginal:2/R06
yteeody,2,2,R00,1.0,0.0,1.0,1.0,2,0,0,0,G3C,0.5,1.0,1.0,2,Z,0.5,1.0,2,nan,0.5,1.0,2,4,0.5,1.0,2,&L,0.5,1.0,0.5,LOW_POWER_TOKEN,LOW_SUPPORT_OR_POLYFUNCTIONAL,LOW,"f73r.4,&Lz;f106r.1,@P0",S|B|3|paragraph_start:1/R00;Z||4|&L:1/R00
ytey,2,2,R06,1.0,0.0,1.0,1.0,2,0,0,0,G3C,0.5,1.0,1.0,2,C,0.5,1.0,2,nan,0.5,1.0,2,4,0.5,1.0,2,&L,0.5,1.0,0.5,LOW_POWER_TOKEN,LOW_SUPPORT_OR_POLYFUNCTIONAL,LOW,"f69r.13,&L0;f81v.24,+P0",B|B|2|paragraph_continuation:1/R06;C||4|&L:1/R06
ytody,2,2,R00,1.0,0.0,1.0,1.0,2,0,0,0,G3C,1.0,0.0,1.0,2,A,0.5,1.0,1,nan,1.0,0.0,1,4,1.0,0.0,2,paragraph_start,0.5,1.0,1.0,LOW_POWER_TOKEN,LOW_SUPPORT_OR_POLYFUNCTIONAL,LOW,"f67r2.29,@Pb;f69v.10,@Ri",A||4|paragraph_start:1/R00;C||4|radial/ring_text:1/R00
adairchdy,1,1,R00,1.0,0.0,1.0,1.0,1,0,0,0,G3C,1.0,0.0,1.0,1,A,1.0,0.0,1,nan,1.0,0.0,1,4,1.0,0.0,1,radial/ring_text,1.0,0.0,1.0,LOW_POWER_TOKEN,LOW_SUPPORT_OR_POLYFUNCTIONAL,LOW,"f68v2.15,@Ro",A||4|radial/ring_text:1/R00
adashgasain,1,1,R00,1.0,0.0,1.0,1.0,1,0,0,0,G3C,1.0,0.0,1.0,1,C,1.0,0.0,1,B,1.0,0.0,1,4,1.0,0.0,1,label_or_marginal,1.0,0.0,1.0,LOW_POWER_TOKEN,LOW_SUPPORT_OR_POLYFUNCTIONAL,LOW,"fRos.32,@L0",C|B|4|label_or_marginal:1/R00
aiinal,1,1,R00,1.0,0.0,1.0,1.0,1,0,0,0,G2,1.0,0.0,1.0,1,S,1.0,0.0,1,B,1.0,0.0,1,3,1.0,0.0,1,paragraph_continuation,1.0,0.0,1.0,LOW_POWER_TOKEN,LOW_SUPPORT_OR_POLYFUNCTIONAL,LOW,"f107r.12,+P0",S|B|3|paragraph_continuation:1/R00
aiinod,1,1,R00,1.0,0.0,1.0,1.0,1,0,0,0,G3C,1.0,0.0,1.0,1,Z,1.0,0.0,1,nan,1.0,0.0,1,4,1.0,0.0,1,&L,1.0,0.0,1.0,LOW_POWER_TOKEN,LOW_SUPPORT_OR_POLYFUNCTIONAL,LOW,"f72v1.11,&Lz",Z||4|&L:1/R00
aiip,1,1,R00,1.0,0.0,1.0,1.0,1,0,0,0,G2,1.0,0.0,1.0,1,S,1.0,0.0,1,B,1.0,0.0,1,3,1.0,0.0,1,paragraph_start,1.0,0.0,1.0,LOW_POWER_TOKEN,LOW_SUPPORT_OR_POLYFUNCTIONAL,LOW,"f111r.1,@P0",S|B|3|paragraph_start:1/R00
aiiraly,1,1,R00,1.0,0.0,1.0,1.0,1,0,0,0,G3C,1.0,0.0,1.0,1,S,1.0,0.0,1,B,1.0,0.0,1,3,1.0,0.0,1,paragraph_start,1.0,0.0,1.0,LOW_POWER_TOKEN,LOW_SUPPORT_OR_POLYFUNCTIONAL,LOW,"f104v.1,@P0",S|B|3|paragraph_start:1/R00
aiky,1,1,R00,1.0,0.0,1.0,1.0,1,0,0,0,G3C,1.0,0.0,1.0,1,P,1.0,0.0,1,A,1.0,0.0,1,1,1.0,0.0,1,label_or_marginal,1.0,0.0,1.0,LOW_POWER_TOKEN,LOW_SUPPORT_OR_POLYFUNCTIONAL,LOW,"f102v2.26,@Lf",P|A|1|label_or_marginal:1/R00
ainaly,1,1,R00,1.0,0.0,1.0,1.0,1,0,0,0,G3C,1.0,0.0,1.0,1,Z,1.0,0.0,1,nan,1.0,0.0,1,4,1.0,0.0,1,&L,1.0,0.0,1.0,LOW_POWER_TOKEN,LOW_SUPPORT_OR_POLYFUNCTIONAL,LOW,"f72r2.30,&Lz",Z||4|&L:1/R00
airykeey,1,1,R00,1.0,0.0,1.0,1.0,1,0,0,0,G1,1.0,0.0,1.0,1,S,1.0,0.0,1,B,1.0,0.0,1,3,1.0,0.0,1,paragraph_continuation,1.0,0.0,1.0,LOW_POWER_TOKEN,LOW_SUPPORT_OR_POLYFUNCTIONAL,LOW,"f111r.26,+P0",S|B|3|paragraph_continuation:1/R00
akain,1,1,R00,1.0,0.0,1.0,1.0,1,0,0,0,G2,1.0,0.0,1.0,1,B,1.0,0.0,1,B,1.0,0.0,1,2,1.0,0.0,1,paragraph_continuation,1.0,0.0,1.0,LOW_POWER_TOKEN,LOW_SUPPORT_OR_POLYFUNCTIONAL,LOW,"f79v.27,+P0",B|B|2|paragraph_continuation:1/R00
akchy,1,1,R00,1.0,0.0,1.0,1.0,1,0,0,0,G3C,1.0,0.0,1.0,1,S,1.0,0.0,1,B,1.0,0.0,1,3,1.0,0.0,1,paragraph_continuation,1.0,0.0,1.0,LOW_POWER_TOKEN,LOW_SUPPORT_OR_POLYFUNCTIONAL,LOW,"f113r.28,+P0",S|B|3|paragraph_continuation:1/R00
akeom,1,1,R00,1.0,0.0,1.0,1.0,1,0,0,0,G2,1.0,0.0,1.0,1,S,1.0,0.0,1,B,1.0,0.0,1,3,1.0,0.0,1,paragraph_continuation,1.0,0.0,1.0,LOW_POWER_TOKEN,LOW_SUPPORT_OR_POLYFUNCTIONAL,LOW,"f111r.34,+P0",S|B|3|paragraph_continuation:1/R00
akey,1,1,R00,1.0,0.0,1.0,1.0,1,0,0,0,G1,1.0,0.0,1.0,1,S,1.0,0.0,1,B,1.0,0.0,1,3,1.0,0.0,1,paragraph_continuation,1.0,0.0,1.0,LOW_POWER_TOKEN,LOW_SUPPORT_OR_POLYFUNCTIONAL,LOW,"f108v.12,+P0",S|B|3|paragraph_continuation:1/R00
aky,1,1,R00,1.0,0.0,1.0,1.0,1,0,0,0,G3C,1.0,0.0,1.0,1,S,1.0,0.0,1,B,1.0,0.0,1,3,1.0,0.0,1,paragraph_continuation,1.0,0.0,1.0,LOW_POWER_TOKEN,LOW_SUPPORT_OR_POLYFUNCTIONAL,LOW,"f112r.27,+P0",S|B|3|paragraph_continuation:1/R00
alaiiin,1,1,R00,1.0,0.0,1.0,1.0,1,0,0,0,G3C,1.0,0.0,1.0,1,H,1.0,0.0,1,B,1.0,0.0,1,2,1.0,0.0,1,paragraph_continuation,1.0,0.0,1.0,LOW_POWER_TOKEN,LOW_SUPPORT_OR_POLYFUNCTIONAL,LOW,"f33r.4,+P0",H|B|2|paragraph_continuation:1/R00
alal,1,1,R00,1.0,0.0,1.0,1.0,1,0,0,0,G3C,1.0,0.0,1.0,1,C,1.0,0.0,1,nan,1.0,0.0,1,4,1.0,0.0,1,paragraph_continuation,1.0,0.0,1.0,LOW_POWER_TOKEN,LOW_SUPPORT_OR_POLYFUNCTIONAL,LOW,"f70r2.8,+P1",C||4|paragraph_continuation:1/R00
alaly,1,1,R00,1.0,0.0,1.0,1.0,1,0,0,0,G3C,1.0,0.0,1.0,1,Z,1.0,0.0,1,nan,1.0,0.0,1,4,1.0,0.0,1,&L,1.0,0.0,1.0,LOW_POWER_TOKEN,LOW_SUPPORT_OR_POLYFUNCTIONAL,LOW,"f72r3.8,&Lz",Z||4|&L:1/R00
alchdy,1,1,R00,1.0,0.0,1.0,1.0,1,0,0,0,G2,1.0,0.0,1.0,1,T,1.0,0.0,1,B,1.0,0.0,1,2,1.0,0.0,1,paragraph_continuation,1.0,0.0,1.0,LOW_POWER_TOKEN,LOW_SUPPORT_OR_POLYFUNCTIONAL,LOW,"f76r.20,+P0",T|B|2|paragraph_continuation:1/R00
alchedar,1,1,R00,1.0,0.0,1.0,1.0,1,0,0,0,G2,1.0,0.0,1.0,1,S,1.0,0.0,1,B,1.0,0.0,1,3,1.0,0.0,1,paragraph_continuation,1.0,0.0,1.0,LOW_POWER_TOKEN,LOW_SUPPORT_OR_POLYFUNCTIONAL,LOW,"f111v.25,+P0",S|B|3|paragraph_continuation:1/R00
alchedy,1,1,R00,1.0,0.0,1.0,1.0,1,0,0,0,G1,1.0,0.0,1.0,1,S,1.0,0.0,1,B,1.0,0.0,1,3,1.0,0.0,1,paragraph_continuation,1.0,0.0,1.0,LOW_POWER_TOKEN,LOW_SUPPORT_OR_POLYFUNCTIONAL,LOW,"f112v.20,+P0",S|B|3|paragraph_continuation:1/R00
alchey,1,1,R00,1.0,0.0,1.0,1.0,1,0,0,0,G2,1.0,0.0,1.0,1,B,1.0,0.0,1,B,1.0,0.0,1,2,1.0,0.0,1,paragraph_continuation,1.0,0.0,1.0,LOW_POWER_TOKEN,LOW_SUPPORT_OR_POLYFUNCTIONAL,LOW,"f84v.34,+P0",B|B|2|paragraph_continuation:1/R00
alchor,1,1,R00,1.0,0.0,1.0,1.0,1,0,0,0,G2,1.0,0.0,1.0,1,S,1.0,0.0,1,B,1.0,0.0,1,3,1.0,0.0,1,paragraph_continuation,1.0,0.0,1.0,LOW_POWER_TOKEN,LOW_SUPPORT_OR_POLYFUNCTIONAL,LOW,"f107r.36,+P0",S|B|3|paragraph_continuation:1/R00
alcphy,1,1,R00,1.0,0.0,1.0,1.0,1,0,0,0,G3C,1.0,0.0,1.0,1,Z,1.0,0.0,1,nan,1.0,0.0,1,4,1.0,0.0,1,&L,1.0,0.0,1.0,LOW_POWER_TOKEN,LOW_SUPPORT_OR_POLYFUNCTIONAL,LOW,"f71v.6,&Lz",Z||4|&L:1/R00
ald,1,1,R00,1.0,0.0,1.0,1.0,1,0,0,0,G1,1.0,0.0,1.0,1,S,1.0,0.0,1,B,1.0,0.0,1,3,1.0,0.0,1,paragraph_continuation,1.0,0.0,1.0,LOW_POWER_TOKEN,LOW_SUPPORT_OR_POLYFUNCTIONAL,LOW,"f108v.13,+P0",S|B|3|paragraph_continuation:1/R00
aldaiin,1,1,R10,1.0,0.0,1.0,1.0,1,0,0,0,G2,1.0,0.0,1.0,1,S,1.0,0.0,1,A,1.0,0.0,1,3,1.0,0.0,1,section/paragraph_break_start,1.0,0.0,1.0,LOW_POWER_TOKEN,LOW_SUPPORT_OR_POLYFUNCTIONAL,LOW,"f58v.23,*P0",S|A|3|section/paragraph_break_start:1/R10
aldy,1,1,R00,1.0,0.0,1.0,1.0,1,0,0,0,G3C,1.0,0.0,1.0,1,A,1.0,0.0,1,nan,1.0,0.0,1,4,1.0,0.0,1,paragraph_start,1.0,0.0,1.0,LOW_POWER_TOKEN,LOW_SUPPORT_OR_POLYFUNCTIONAL,LOW,"f67r2.13,@Pb",A||4|paragraph_start:1/R00
alet,1,1,R00,1.0,0.0,1.0,1.0,1,0,0,0,G3C,1.0,0.0,1.0,1,C,1.0,0.0,1,nan,1.0,0.0,1,4,1.0,0.0,1,radial/ring_text,1.0,0.0,1.0,LOW_POWER_TOKEN,LOW_SUPPORT_OR_POLYFUNCTIONAL,LOW,"f67v2.16,@Ri",C||4|radial/ring_text:1/R00
alif,1,1,R00,1.0,0.0,1.0,1.0,1,0,0,0,G3C,1.0,0.0,1.0,1,Z,1.0,0.0,1,nan,1.0,0.0,1,4,1.0,0.0,1,&L,1.0,0.0,1.0,LOW_POWER_TOKEN,LOW_SUPPORT_OR_POLYFUNCTIONAL,LOW,"f72r1.7,&Lz",Z||4|&L:1/R00
alkaiin,1,1,R00,1.0,0.0,1.0,1.0,1,0,0,0,G1,1.0,0.0,1.0,1,S,1.0,0.0,1,B,1.0,0.0,1,3,1.0,0.0,1,paragraph_continuation,1.0,0.0,1.0,LOW_POWER_TOKEN,LOW_SUPPORT_OR_POLYFUNCTIONAL,LOW,"f107v.18,+P0",S|B|3|paragraph_continuation:1/R00
alkam,1,1,R00,1.0,0.0,1.0,1.0,1,0,0,0,G3C,1.0,0.0,1.0,1,S,1.0,0.0,1,B,1.0,0.0,1,3,1.0,0.0,1,paragraph_continuation,1.0,0.0,1.0,LOW_POWER_TOKEN,LOW_SUPPORT_OR_POLYFUNCTIONAL,LOW,"f114r.34,+Pr",S|B|3|paragraph_continuation:1/R00
alkchdy,1,1,R00,1.0,0.0,1.0,1.0,1,0,0,0,G1,1.0,0.0,1.0,1,S,1.0,0.0,1,B,1.0,0.0,1,3,1.0,0.0,1,paragraph_continuation,1.0,0.0,1.0,LOW_POWER_TOKEN,LOW_SUPPORT_OR_POLYFUNCTIONAL,LOW,"f104r.39,+P0",S|B|3|paragraph_continuation:1/R00
alkeedy,1,1,R00,1.0,0.0,1.0,1.0,1,0,0,0,G3C,1.0,0.0,1.0,1,S,1.0,0.0,1,B,1.0,0.0,1,3,1.0,0.0,1,paragraph_continuation,1.0,0.0,1.0,LOW_POWER_TOKEN,LOW_SUPPORT_OR_POLYFUNCTIONAL,LOW,"f113v.27,+P0",S|B|3|paragraph_continuation:1/R00
alky,1,1,R00,1.0,0.0,1.0,1.0,1,0,0,0,G2,1.0,0.0,1.0,1,S,1.0,0.0,1,B,1.0,0.0,1,3,1.0,0.0,1,paragraph_continuation,1.0,0.0,1.0,LOW_POWER_TOKEN,LOW_SUPPORT_OR_POLYFUNCTIONAL,LOW,"f111v.45,+P0",S|B|3|paragraph_continuation:1/R00
alo,1,1,R00,1.0,0.0,1.0,1.0,1,0,0,0,G2,1.0,0.0,1.0,1,S,1.0,0.0,1,A,1.0,0.0,1,3,1.0,0.0,1,paragraph_continuation,1.0,0.0,1.0,LOW_POWER_TOKEN,LOW_SUPPORT_OR_POLYFUNCTIONAL,LOW,"f58v.14,+P0",S|A|3|paragraph_continuation:1/R00
aloees,1,1,R00,1.0,0.0,1.0,1.0,1,0,0,0,G3C,1.0,0.0,1.0,1,C,1.0,0.0,1,nan,1.0,0.0,1,4,1.0,0.0,1,paragraph_continuation,1.0,0.0,1.0,LOW_POWER_TOKEN,LOW_SUPPORT_OR_POLYFUNCTIONAL,LOW,"f70r2.6,+P1",C||4|paragraph_continuation:1/R00
aloiin,1,1,R00,1.0,0.0,1.0,1.0,1,0,0,0,G1,1.0,0.0,1.0,1,S,1.0,0.0,1,B,1.0,0.0,1,3,1.0,0.0,1,paragraph_continuation,1.0,0.0,1.0,LOW_POWER_TOKEN,LOW_SUPPORT_OR_POLYFUNCTIONAL,LOW,"f108r.12,+P0",S|B|3|paragraph_continuation:1/R00
alol,1,1,R00,1.0,0.0,1.0,1.0,1,0,0,0,G2,1.0,0.0,1.0,1,T,1.0,0.0,1,B,1.0,0.0,1,2,1.0,0.0,1,paragraph_continuation,1.0,0.0,1.0,LOW_POWER_TOKEN,LOW_SUPPORT_OR_POLYFUNCTIONAL,LOW,"f76r.44,+P0",T|B|2|paragraph_continuation:1/R00
alolor,1,1,R00,1.0,0.0,1.0,1.0,1,0,0,0,G2,1.0,0.0,1.0,1,T,1.0,0.0,1,B,1.0,0.0,1,2,1.0,0.0,1,paragraph_continuation,1.0,0.0,1.0,LOW_POWER_TOKEN,LOW_SUPPORT_OR_POLYFUNCTIONAL,LOW,"f76r.24,+P0",T|B|2|paragraph_continuation:1/R00
alolshedy,1,1,R00,1.0,0.0,1.0,1.0,1,0,0,0,G1,1.0,0.0,1.0,1,S,1.0,0.0,1,B,1.0,0.0,1,3,1.0,0.0,1,paragraph_continuation,1.0,0.0,1.0,LOW_POWER_TOKEN,LOW_SUPPORT_OR_POLYFUNCTIONAL,LOW,"f111v.4,+P0",S|B|3|paragraph_continuation:1/R00
alom,1,1,R00,1.0,0.0,1.0,1.0,1,0,0,0,G2,1.0,0.0,1.0,1,S,1.0,0.0,1,B,1.0,0.0,1,3,1.0,0.0,1,paragraph_continuation,1.0,0.0,1.0,LOW_POWER_TOKEN,LOW_SUPPORT_OR_POLYFUNCTIONAL,LOW,"f107r.10,+P0",S|B|3|paragraph_continuation:1/R00
als,1,1,R00,1.0,0.0,1.0,1.0,1,0,0,0,G3C,1.0,0.0,1.0,1,T,1.0,0.0,1,B,1.0,0.0,1,5,1.0,0.0,1,+L,1.0,0.0,1.0,LOW_POWER_TOKEN,LOW_SUPPORT_OR_POLYFUNCTIONAL,LOW,"f66r.2,+L0",T|B|5|+L:1/R00
alys,1,1,R00,1.0,0.0,1.0,1.0,1,0,0,0,G3C,1.0,0.0,1.0,1,C,1.0,0.0,1,nan,1.0,0.0,1,4,1.0,0.0,1,radial/ring_text,1.0,0.0,1.0,LOW_POWER_TOKEN,LOW_SUPPORT_OR_POLYFUNCTIONAL,LOW,"f69v.31,@Ri",C||4|radial/ring_text:1/R00
amy,1,1,R00,1.0,0.0,1.0,1.0,1,0,0,0,G3C,1.0,0.0,1.0,1,A,1.0,0.0,1,nan,1.0,0.0,1,4,1.0,0.0,1,paragraph_start,1.0,0.0,1.0,LOW_POWER_TOKEN,LOW_SUPPORT_OR_POLYFUNCTIONAL,LOW,"f67r2.19,@Pb",A||4|paragraph_start:1/R00
an,1,1,R00,1.0,0.0,1.0,1.0,1,0,0,0,G3C,1.0,0.0,1.0,1,H,1.0,0.0,1,A,1.0,0.0,1,1,1.0,0.0,1,label_or_marginal,1.0,0.0,1.0,LOW_POWER_TOKEN,LOW_SUPPORT_OR_POLYFUNCTIONAL,LOW,"f2r.15,@L0",H|A|1|label_or_marginal:1/R00
araiin,1,1,R00,1.0,0.0,1.0,1.0,1,0,0,0,G3C,1.0,0.0,1.0,1,S,1.0,0.0,1,B,1.0,0.0,1,3,1.0,0.0,1,paragraph_continuation,1.0,0.0,1.0,LOW_POWER_TOKEN,LOW_SUPPORT_OR_POLYFUNCTIONAL,LOW,"f113r.24,+P0",S|B|3|paragraph_continuation:1/R00
araly,1,1,R00,1.0,0.0,1.0,1.0,1,0,0,0,G3C,1.0,0.0,1.0,1,C,1.0,0.0,1,nan,1.0,0.0,1,4,1.0,0.0,1,&L,1.0,0.0,1.0,LOW_POWER_TOKEN,LOW_SUPPORT_OR_POLYFUNCTIONAL,LOW,"f69r.17,&L0",C||4|&L:1/R00
aram,1,1,R00,1.0,0.0,1.0,1.0,1,0,0,0,G2,1.0,0.0,1.0,1,S,1.0,0.0,1,B,1.0,0.0,1,3,1.0,0.0,1,paragraph_continuation,1.0,0.0,1.0,LOW_POWER_TOKEN,LOW_SUPPORT_OR_POLYFUNCTIONAL,LOW,"f103v.25,+P0",S|B|3|paragraph_continuation:1/R00
arar,1,1,R00,1.0,0.0,1.0,1.0,1,0,0,0,G1,1.0,0.0,1.0,1,B,1.0,0.0,1,B,1.0,0.0,1,2,1.0,0.0,1,paragraph_continuation,1.0,0.0,1.0,LOW_POWER_TOKEN,LOW_SUPPORT_OR_POLYFUNCTIONAL,LOW,"f84r.31,+P0",B|B|2|paragraph_continuation:1/R00
araral,1,1,R00,1.0,0.0,1.0,1.0,1,0,0,0,G3C,1.0,0.0,1.0,1,S,1.0,0.0,1,B,1.0,0.0,1,3,1.0,0.0,1,paragraph_continuation,1.0,0.0,1.0,LOW_POWER_TOKEN,LOW_SUPPORT_OR_POLYFUNCTIONAL,LOW,"f113v.31,+P0",S|B|3|paragraph_continuation:1/R00
ararchodaiin,1,1,R00,1.0,0.0,1.0,1.0,1,0,0,0,G3C,1.0,0.0,1.0,1,P,1.0,0.0,1,A,1.0,0.0,1,1,1.0,0.0,1,label_or_marginal,1.0,0.0,1.0,LOW_POWER_TOKEN,LOW_SUPPORT_OR_POLYFUNCTIONAL,LOW,"f89r1.5,@Lf",P|A|1|label_or_marginal:1/R00
archol,1,1,R07,1.0,0.0,1.0,1.0,1,0,0,0,G3C,1.0,0.0,1.0,1,C,1.0,0.0,1,nan,1.0,0.0,1,4,1.0,0.0,1,&L,1.0,0.0,1.0,LOW_POWER_TOKEN,LOW_SUPPORT_OR_POLYFUNCTIONAL,LOW,"f69r.7,&L0",C||4|&L:1/R07
ardas,1,1,R00,1.0,0.0,1.0,1.0,1,0,0,0,G3C,1.0,0.0,1.0,1,C,1.0,0.0,1,B,1.0,0.0,1,4,1.0,0.0,1,+L,1.0,0.0,1.0,LOW_POWER_TOKEN,LOW_SUPPORT_OR_POLYFUNCTIONAL,LOW,"fRos.150,+L0",C|B|4|+L:1/R00
arl,1,1,R00,1.0,0.0,1.0,1.0,1,0,0,0,G3C,1.0,0.0,1.0,1,S,1.0,0.0,1,B,1.0,0.0,1,3,1.0,0.0,1,paragraph_continuation,1.0,0.0,1.0,LOW_POWER_TOKEN,LOW_SUPPORT_OR_POLYFUNCTIONAL,LOW,"f113v.12,+P0",S|B|3|paragraph_continuation:1/R00
aro,1,1,R00,1.0,0.0,1.0,1.0,1,0,0,0,G3C,1.0,0.0,1.0,1,P,1.0,0.0,1,A,1.0,0.0,1,1,1.0,0.0,1,label_or_marginal,1.0,0.0,1.0,LOW_POWER_TOKEN,LOW_SUPPORT_OR_POLYFUNCTIONAL,LOW,"f99r.6,@Lf",P|A|1|label_or_marginal:1/R00
arodl,1,1,R00,1.0,0.0,1.0,1.0,1,0,0,0,G2,1.0,0.0,1.0,1,S,1.0,0.0,1,B,1.0,0.0,1,3,1.0,0.0,1,paragraph_continuation,1.0,0.0,1.0,LOW_POWER_TOKEN,LOW_SUPPORT_OR_POLYFUNCTIONAL,LOW,"f107r.42,+P0",S|B|3|paragraph_continuation:1/R00
aroky,1,1,R00,1.0,0.0,1.0,1.0,1,0,0,0,G3C,1.0,0.0,1.0,1,A,1.0,0.0,1,nan,1.0,0.0,1,4,1.0,0.0,1,radial/ring_text,1.0,0.0,1.0,LOW_POWER_TOKEN,LOW_SUPPORT_OR_POLYFUNCTIONAL,LOW,"f67v1.29,@Ro",A||4|radial/ring_text:1/R00
aropam,1,1,R00,1.0,0.0,1.0,1.0,1,0,0,0,G2,1.0,0.0,1.0,1,S,1.0,0.0,1,A,1.0,0.0,1,3,1.0,0.0,1,paragraph_continuation,1.0,0.0,1.0,LOW_POWER_TOKEN,LOW_SUPPORT_OR_POLYFUNCTIONAL,LOW,"f58v.14,+P0",S|A|3|paragraph_continuation:1/R00
aror,1,1,R00,1.0,0.0,1.0,1.0,1,0,0,0,G2,1.0,0.0,1.0,1,B,1.0,0.0,1,B,1.0,0.0,1,2,1.0,0.0,1,paragraph_continuation,1.0,0.0,1.0,LOW_POWER_TOKEN,LOW_SUPPORT_OR_POLYFUNCTIONAL,LOW,"f79v.21,+P0",B|B|2|paragraph_continuation:1/R00
arorochees,1,1,R00,1.0,0.0,1.0,1.0,1,0,0,0,G3C,1.0,0.0,1.0,1,S,1.0,0.0,1,B,1.0,0.0,1,@,1.0,0.0,1,paragraph_continuation,1.0,0.0,1.0,LOW_POWER_TOKEN,LOW_SUPPORT_OR_POLYFUNCTIONAL,LOW,"f115r.28,+P0",S|B|@|paragraph_continuation:1/R00
arory,1,1,R00,1.0,0.0,1.0,1.0,1,0,0,0,G2,1.0,0.0,1.0,1,B,1.0,0.0,1,B,1.0,0.0,1,2,1.0,0.0,1,paragraph_continuation,1.0,0.0,1.0,LOW_POWER_TOKEN,LOW_SUPPORT_OR_POLYFUNCTIONAL,LOW,"f84r.44,+P1",B|B|2|paragraph_continuation:1/R00
c,1,1,R00,1.0,0.0,1.0,1.0,1,0,0,0,G3C,1.0,0.0,1.0,1,T,1.0,0.0,1,B,1.0,0.0,1,5,1.0,0.0,1,+L,1.0,0.0,1.0,LOW_POWER_TOKEN,LOW_SUPPORT_OR_POLYFUNCTIONAL,LOW,"f66r.37,+L0",T|B|5|+L:1/R00
cfhaiin,1,1,R00,1.0,0.0,1.0,1.0,1,0,0,0,G3C,1.0,0.0,1.0,1,T,1.0,0.0,1,A,1.0,0.0,1,1,1.0,0.0,1,paragraph_continuation,1.0,0.0,1.0,LOW_POWER_TOKEN,LOW_SUPPORT_OR_POLYFUNCTIONAL,LOW,"f1r.5,+P0",T|A|1|paragraph_continuation:1/R00
cfham,1,1,R00,1.0,0.0,1.0,1.0,1,0,0,0,G3C,1.0,0.0,1.0,1,H,1.0,0.0,1,A,1.0,0.0,1,1,1.0,0.0,1,paragraph_continuation,1.0,0.0,1.0,LOW_POWER_TOKEN,LOW_SUPPORT_OR_POLYFUNCTIONAL,LOW,"f3v.7,+P0",H|A|1|paragraph_continuation:1/R00
cfhar,1,1,R00,1.0,0.0,1.0,1.0,1,0,0,0,G3C,1.0,0.0,1.0,1,H,1.0,0.0,1,A,1.0,0.0,1,1,1.0,0.0,1,paragraph_continuation,1.0,0.0,1.0,LOW_POWER_TOKEN,LOW_SUPPORT_OR_POLYFUNCTIONAL,LOW,"f24r.10,+P0",H|A|1|paragraph_continuation:1/R00
cfhodar,1,1,R00,1.0,0.0,1.0,1.0,1,0,0,0,G3C,1.0,0.0,1.0,1,H,1.0,0.0,1,A,1.0,0.0,1,1,1.0,0.0,1,paragraph_start,1.0,0.0,1.0,LOW_POWER_TOKEN,LOW_SUPPORT_OR_POLYFUNCTIONAL,LOW,"f8r.1,@P0",H|A|1|paragraph_start:1/R00
cfhol,1,1,R00,1.0,0.0,1.0,1.0,1,0,0,0,G2,1.0,0.0,1.0,1,T,1.0,0.0,1,B,1.0,0.0,1,5,1.0,0.0,1,paragraph_continuation,1.0,0.0,1.0,LOW_POWER_TOKEN,LOW_SUPPORT_OR_POLYFUNCTIONAL,LOW,"f66r.67,+P0",T|B|5|paragraph_continuation:1/R00
chaiiin,1,1,R00,1.0,0.0,1.0,1.0,1,0,0,0,G3C,1.0,0.0,1.0,1,S,1.0,0.0,1,B,1.0,0.0,1,3,1.0,0.0,1,paragraph_continuation,1.0,0.0,1.0,LOW_POWER_TOKEN,LOW_SUPPORT_OR_POLYFUNCTIONAL,LOW,"f113r.15,+P0",S|B|3|paragraph_continuation:1/R00
chald,1,1,R00,1.0,0.0,1.0,1.0,1,0,0,0,G2,1.0,0.0,1.0,1,H,1.0,0.0,1,A,1.0,0.0,1,1,1.0,0.0,1,paragraph_continuation,1.0,0.0,1.0,LOW_POWER_TOKEN,LOW_SUPPORT_OR_POLYFUNCTIONAL,LOW,"f7r.3,+P0",H|A|1|paragraph_continuation:1/R00
chalkar,1,1,R00,1.0,0.0,1.0,1.0,1,0,0,0,G2,1.0,0.0,1.0,1,C,1.0,0.0,1,B,1.0,0.0,1,2,1.0,0.0,1,paragraph_continuation,1.0,0.0,1.0,LOW_POWER_TOKEN,LOW_SUPPORT_OR_POLYFUNCTIONAL,LOW,"f86v3.14,+Pb",C|B|2|paragraph_continuation:1/R00
chalsain,1,1,R00,1.0,0.0,1.0,1.0,1,0,0,0,G3C,1.0,0.0,1.0,1,P,1.0,0.0,1,A,1.0,0.0,1,1,1.0,0.0,1,label_or_marginal,1.0,0.0,1.0,LOW_POWER_TOKEN,LOW_SUPPORT_OR_POLYFUNCTIONAL,LOW,"f100r.7,@Lf",P|A|1|label_or_marginal:1/R00
chaly,1,1,R00,1.0,0.0,1.0,1.0,1,0,0,0,G1,1.0,0.0,1.0,1,T,1.0,0.0,1,B,1.0,0.0,1,2,1.0,0.0,1,paragraph_continuation,1.0,0.0,1.0,LOW_POWER_TOKEN,LOW_SUPPORT_OR_POLYFUNCTIONAL,LOW,"f76r.43,+P0",T|B|2|paragraph_continuation:1/R00
charochy,1,1,R00,1.0,0.0,1.0,1.0,1,0,0,0,G2,1.0,0.0,1.0,1,H,1.0,0.0,1,A,1.0,0.0,1,1,1.0,0.0,1,paragraph_start,1.0,0.0,1.0,LOW_POWER_TOKEN,LOW_SUPPORT_OR_POLYFUNCTIONAL,LOW,"f7r.1,@P0",H|A|1|paragraph_start:1/R00
chary,1,1,R00,1.0,0.0,1.0,1.0,1,0,0,0,G2,1.0,0.0,1.0,1,S,1.0,0.0,1,B,1.0,0.0,1,3,1.0,0.0,1,paragraph_continuation,1.0,0.0,1.0,LOW_POWER_TOKEN,LOW_SUPPORT_OR_POLYFUNCTIONAL,LOW,"f103v.46,+P0",S|B|3|paragraph_continuation:1/R00
chcfhey,1,1,R00,1.0,0.0,1.0,1.0,1,0,0,0,G2,1.0,0.0,1.0,1,S,1.0,0.0,1,B,1.0,0.0,1,3,1.0,0.0,1,paragraph_continuation,1.0,0.0,1.0,LOW_POWER_TOKEN,LOW_SUPPORT_OR_POLYFUNCTIONAL,LOW,"f111v.29,+P0",S|B|3|paragraph_continuation:1/R00
chcfhol,1,1,R00,1.0,0.0,1.0,1.0,1,0,0,0,G1,1.0,0.0,1.0,1,H,1.0,0.0,1,B,1.0,0.0,1,3,1.0,0.0,1,paragraph_continuation,1.0,0.0,1.0,LOW_POWER_TOKEN,LOW_SUPPORT_OR_POLYFUNCTIONAL,LOW,"f95r2.5,+P0",H|B|3|paragraph_continuation:1/R00
chchdy,1,1,R00,1.0,0.0,1.0,1.0,1,0,0,0,G3C,1.0,0.0,1.0,1,S,1.0,0.0,1,B,1.0,0.0,1,@,1.0,0.0,1,paragraph_continuation,1.0,0.0,1.0,LOW_POWER_TOKEN,LOW_SUPPORT_OR_POLYFUNCTIONAL,LOW,"f115r.18,+P0",S|B|@|paragraph_continuation:1/R00
chckh,1,1,R00,1.0,0.0,1.0,1.0,1,0,0,0,G2,1.0,0.0,1.0,1,T,1.0,0.0,1,B,1.0,0.0,1,2,1.0,0.0,1,paragraph_continuation,1.0,0.0,1.0,LOW_POWER_TOKEN,LOW_SUPPORT_OR_POLYFUNCTIONAL,LOW,"f76r.17,+P0",T|B|2|paragraph_continuation:1/R00
chckhal,1,1,R00,1.0,0.0,1.0,1.0,1,0,0,0,G2,1.0,0.0,1.0,1,S,1.0,0.0,1,B,1.0,0.0,1,3,1.0,0.0,1,paragraph_continuation,1.0,0.0,1.0,LOW_POWER_TOKEN,LOW_SUPPORT_OR_POLYFUNCTIONAL,LOW,"f111v.40,+P0",S|B|3|paragraph_continuation:1/R00
chckhaly,1,1,R00,1.0,0.0,1.0,1.0,1,0,0,0,G3C,1.0,0.0,1.0,1,H,1.0,0.0,1,A,1.0,0.0,1,1,1.0,0.0,1,paragraph_continuation,1.0,0.0,1.0,LOW_POWER_TOKEN,LOW_SUPPORT_OR_POLYFUNCTIONAL,LOW,"f24r.4,+P0",H|A|1|paragraph_continuation:1/R00
chckham,1,1,R00,1.0,0.0,1.0,1.0,1,0,0,0,G3C,1.0,0.0,1.0,1,H,1.0,0.0,1,B,1.0,0.0,1,2,1.0,0.0,1,paragraph_continuation,1.0,0.0,1.0,LOW_POWER_TOKEN,LOW_SUPPORT_OR_POLYFUNCTIONAL,LOW,"f46r.12,+P0",H|B|2|paragraph_continuation:1/R00
chckhan,1,1,R00,1.0,0.0,1.0,1.0,1,0,0,0,G1,1.0,0.0,1.0,1,H,1.0,0.0,1,A,1.0,0.0,1,1,1.0,0.0,1,paragraph_continuation,1.0,0.0,1.0,LOW_POWER_TOKEN,LOW_SUPPORT_OR_POLYFUNCTIONAL,LOW,"f10v.7,+P0",H|A|1|paragraph_continuation:1/R00
chckhedy,1,1,R00,1.0,0.0,1.0,1.0,1,0,0,0,G2,1.0,0.0,1.0,1,B,1.0,0.0,1,B,1.0,0.0,1,2,1.0,0.0,1,paragraph_continuation,1.0,0.0,1.0,LOW_POWER_TOKEN,LOW_SUPPORT_OR_POLYFUNCTIONAL,LOW,"f84v.13,+P0",B|B|2|paragraph_continuation:1/R00
chckho,1,1,R00,1.0,0.0,1.0,1.0,1,0,0,0,G3C,1.0,0.0,1.0,1,H,1.0,0.0,1,A,1.0,0.0,1,1,1.0,0.0,1,paragraph_continuation,1.0,0.0,1.0,LOW_POWER_TOKEN,LOW_SUPPORT_OR_POLYFUNCTIONAL,LOW,"f17r.9,+P0",H|A|1|paragraph_continuation:1/R00
chckhol,1,1,R00,1.0,0.0,1.0,1.0,1,0,0,0,G3C,1.0,0.0,1.0,1,H,1.0,0.0,1,A,1.0,0.0,1,1,1.0,0.0,1,paragraph_continuation,1.0,0.0,1.0,LOW_POWER_TOKEN,LOW_SUPPORT_OR_POLYFUNCTIONAL,LOW,"f18r.11,+P0",H|A|1|paragraph_continuation:1/R00
chckhyfchy,1,1,R00,1.0,0.0,1.0,1.0,1,0,0,0,G2,1.0,0.0,1.0,1,H,1.0,0.0,1,B,1.0,0.0,1,3,1.0,0.0,1,paragraph_start,1.0,0.0,1.0,LOW_POWER_TOKEN,LOW_SUPPORT_OR_POLYFUNCTIONAL,LOW,"f95r2.1,@P0",H|B|3|paragraph_start:1/R00
chcphedy,1,1,R00,1.0,0.0,1.0,1.0,1,0,0,0,G3C,1.0,0.0,1.0,1,S,1.0,0.0,1,B,1.0,0.0,1,3,1.0,0.0,1,paragraph_continuation,1.0,0.0,1.0,LOW_POWER_TOKEN,LOW_SUPPORT_OR_POLYFUNCTIONAL,LOW,"f114v.17,+P0",S|B|3|paragraph_continuation:1/R00
chcthain,1,1,R04,1.0,0.0,1.0,1.0,1,0,0,0,G1,1.0,0.0,1.0,1,S,1.0,0.0,1,B,1.0,0.0,1,3,1.0,0.0,1,paragraph_continuation,1.0,0.0,1.0,LOW_POWER_TOKEN,LOW_SUPPORT_OR_POLYFUNCTIONAL,LOW,"f114v.13,+P0",S|B|3|paragraph_continuation:1/R04
chctham,1,1,R04,1.0,0.0,1.0,1.0,1,0,0,0,G2,1.0,0.0,1.0,1,S,1.0,0.0,1,B,1.0,0.0,1,3,1.0,0.0,1,paragraph_continuation,1.0,0.0,1.0,LOW_POWER_TOKEN,LOW_SUPPORT_OR_POLYFUNCTIONAL,LOW,"f111v.24,+P0",S|B|3|paragraph_continuation:1/R04
chcthar,1,1,R04,1.0,0.0,1.0,1.0,1,0,0,0,G2,1.0,0.0,1.0,1,S,1.0,0.0,1,B,1.0,0.0,1,3,1.0,0.0,1,paragraph_continuation,1.0,0.0,1.0,LOW_POWER_TOKEN,LOW_SUPPORT_OR_POLYFUNCTIONAL,LOW,"f111v.3,+P0",S|B|3|paragraph_continuation:1/R04
chcthd,1,1,R04,1.0,0.0,1.0,1.0,1,0,0,0,G1,1.0,0.0,1.0,1,S,1.0,0.0,1,B,1.0,0.0,1,3,1.0,0.0,1,paragraph_continuation,1.0,0.0,1.0,LOW_POWER_TOKEN,LOW_SUPPORT_OR_POLYFUNCTIONAL,LOW,"f112v.39,+P0",S|B|3|paragraph_continuation:1/R04
chctho,1,1,R04,1.0,0.0,1.0,1.0,1,0,0,0,G2,1.0,0.0,1.0,1,T,1.0,0.0,1,B,1.0,0.0,1,5,1.0,0.0,1,paragraph_continuation,1.0,0.0,1.0,LOW_POWER_TOKEN,LOW_SUPPORT_OR_POLYFUNCTIONAL,LOW,"f66r.55,+P0",T|B|5|paragraph_continuation:1/R04
chcthor,1,1,R04,1.0,0.0,1.0,1.0,1,0,0,0,G1,1.0,0.0,1.0,1,H,1.0,0.0,1,A,1.0,0.0,1,1,1.0,0.0,1,paragraph_continuation,1.0,0.0,1.0,LOW_POWER_TOKEN,LOW_SUPPORT_OR_POLYFUNCTIONAL,LOW,"f10v.2,+P0",H|A|1|paragraph_continuation:1/R04
chd,1,1,R00,1.0,0.0,1.0,1.0,1,0,0,0,G2,1.0,0.0,1.0,1,S,1.0,0.0,1,B,1.0,0.0,1,3,1.0,0.0,1,paragraph_continuation,1.0,0.0,1.0,LOW_POWER_TOKEN,LOW_SUPPORT_OR_POLYFUNCTIONAL,LOW,"f111v.25,+P0",S|B|3|paragraph_continuation:1/R00
chdaiin,1,1,R10,1.0,0.0,1.0,1.0,1,0,0,0,G1,1.0,0.0,1.0,1,S,1.0,0.0,1,B,1.0,0.0,1,3,1.0,0.0,1,paragraph_continuation,1.0,0.0,1.0,LOW_POWER_TOKEN,LOW_SUPPORT_OR_POLYFUNCTIONAL,LOW,"f114v.8,+P0",S|B|3|paragraph_continuation:1/R10
chdaiirdainy,1,1,R00,1.0,0.0,1.0,1.0,1,0,0,0,G3C,1.0,0.0,1.0,1,Z,1.0,0.0,1,nan,1.0,0.0,1,4,1.0,0.0,1,&L,1.0,0.0,1.0,LOW_POWER_TOKEN,LOW_SUPPORT_OR_POLYFUNCTIONAL,LOW,"f72r1.3,&Lz",Z||4|&L:1/R00
chdail,1,1,R00,1.0,0.0,1.0,1.0,1,0,0,0,G3C,1.0,0.0,1.0,1,C,1.0,0.0,1,nan,1.0,0.0,1,4,1.0,0.0,1,radial/ring_text,1.0,0.0,1.0,LOW_POWER_TOKEN,LOW_SUPPORT_OR_POLYFUNCTIONAL,LOW,"f68v3.7,@Ri",C||4|radial/ring_text:1/R00
chdalal,1,1,R09,1.0,0.0,1.0,1.0,1,0,0,0,G1,1.0,0.0,1.0,1,S,1.0,0.0,1,B,1.0,0.0,1,3,1.0,0.0,1,paragraph_continuation,1.0,0.0,1.0,LOW_POWER_TOKEN,LOW_SUPPORT_OR_POLYFUNCTIONAL,LOW,"f107r.25,+P0",S|B|3|paragraph_continuation:1/R09
chddy,1,1,R00,1.0,0.0,1.0,1.0,1,0,0,0,G3C,1.0,0.0,1.0,1,S,1.0,0.0,1,B,1.0,0.0,1,3,1.0,0.0,1,paragraph_continuation,1.0,0.0,1.0,LOW_POWER_TOKEN,LOW_SUPPORT_OR_POLYFUNCTIONAL,LOW,"f115v.32,+P0",S|B|3|paragraph_continuation:1/R00
cheain,1,1,R00,1.0,0.0,1.0,1.0,1,0,0,0,G3C,1.0,0.0,1.0,1,H,1.0,0.0,1,A,1.0,0.0,1,1,1.0,0.0,1,paragraph_continuation,1.0,0.0,1.0,LOW_POWER_TOKEN,LOW_SUPPORT_OR_POLYFUNCTIONAL,LOW,"f8r.19,+P0",H|A|1|paragraph_continuation:1/R00
chealpy,1,1,R00,1.0,0.0,1.0,1.0,1,0,0,0,G3C,1.0,0.0,1.0,1,Z,1.0,0.0,1,nan,1.0,0.0,1,4,1.0,0.0,1,&L,1.0,0.0,1.0,LOW_POWER_TOKEN,LOW_SUPPORT_OR_POLYFUNCTIONAL,LOW,"f72v3.15,&Lz",Z||4|&L:1/R00
cheam,1,1,R00,1.0,0.0,1.0,1.0,1,0,0,0,G2,1.0,0.0,1.0,1,S,1.0,0.0,1,B,1.0,0.0,1,3,1.0,0.0,1,paragraph_continuation,1.0,0.0,1.0,LOW_POWER_TOKEN,LOW_SUPPORT_OR_POLYFUNCTIONAL,LOW,"f111r.12,+P0",S|B|3|paragraph_continuation:1/R00
cheary,1,1,R00,1.0,0.0,1.0,1.0,1,0,0,0,G3C,1.0,0.0,1.0,1,Z,1.0,0.0,1,nan,1.0,0.0,1,4,1.0,0.0,1,&L,1.0,0.0,1.0,LOW_POWER_TOKEN,LOW_SUPPORT_OR_POLYFUNCTIONAL,LOW,"f71r.9,&Lz",Z||4|&L:1/R00
chechdaiin,1,1,R00,1.0,0.0,1.0,1.0,1,0,0,0,G1,1.0,0.0,1.0,1,H,1.0,0.0,1,B,1.0,0.0,1,2,1.0,0.0,1,paragraph_continuation,1.0,0.0,1.0,LOW_POWER_TOKEN,LOW_SUPPORT_OR_POLYFUNCTIONAL,LOW,"f33r.3,+P0",H|B|2|paragraph_continuation:1/R00
chechey,1,1,R00,1.0,0.0,1.0,1.0,1,0,0,0,G2,1.0,0.0,1.0,1,S,1.0,0.0,1,B,1.0,0.0,1,3,1.0,0.0,1,paragraph_continuation,1.0,0.0,1.0,LOW_POWER_TOKEN,LOW_SUPPORT_OR_POLYFUNCTIONAL,LOW,"f111v.30,+P0",S|B|3|paragraph_continuation:1/R00
checholtar,1,1,R00,1.0,0.0,1.0,1.0,1,0,0,0,G2,1.0,0.0,1.0,1,B,1.0,0.0,1,B,1.0,0.0,1,2,1.0,0.0,1,paragraph_continuation,1.0,0.0,1.0,LOW_POWER_TOKEN,LOW_SUPPORT_OR_POLYFUNCTIONAL,LOW,"f81v.26,+P0",B|B|2|paragraph_continuation:1/R00
chechy,1,1,R00,1.0,0.0,1.0,1.0,1,0,0,0,G1,1.0,0.0,1.0,1,S,1.0,0.0,1,B,1.0,0.0,1,3,1.0,0.0,1,paragraph_continuation,1.0,0.0,1.0,LOW_POWER_TOKEN,LOW_SUPPORT_OR_POLYFUNCTIONAL,LOW,"f103r.33,+P0",S|B|3|paragraph_continuation:1/R00
checkhdy,1,1,R00,1.0,0.0,1.0,1.0,1,0,0,0,G1,1.0,0.0,1.0,1,B,1.0,0.0,1,B,1.0,0.0,1,2,1.0,0.0,1,paragraph_continuation,1.0,0.0,1.0,LOW_POWER_TOKEN,LOW_SUPPORT_OR_POLYFUNCTIONAL,LOW,"f83v.19,+P0",B|B|2|paragraph_continuation:1/R00
checkhed,1,1,R00,1.0,0.0,1.0,1.0,1,0,0,0,G1,1.0,0.0,1.0,1,S,1.0,0.0,1,B,1.0,0.0,1,3,1.0,0.0,1,paragraph_continuation,1.0,0.0,1.0,LOW_POWER_TOKEN,LOW_SUPPORT_OR_POLYFUNCTIONAL,LOW,"f111r.45,+P0",S|B|3|paragraph_continuation:1/R00
checkhedy,1,1,R00,1.0,0.0,1.0,1.0,1,0,0,0,G1,1.0,0.0,1.0,1,S,1.0,0.0,1,B,1.0,0.0,1,3,1.0,0.0,1,paragraph_continuation,1.0,0.0,1.0,LOW_POWER_TOKEN,LOW_SUPPORT_OR_POLYFUNCTIONAL,LOW,"f108v.49,+P0",S|B|3|paragraph_continuation:1/R00
checkhol,1,1,R00,1.0,0.0,1.0,1.0,1,0,0,0,G3C,1.0,0.0,1.0,1,S,1.0,0.0,1,B,1.0,0.0,1,3,1.0,0.0,1,paragraph_continuation,1.0,0.0,1.0,LOW_POWER_TOKEN,LOW_SUPPORT_OR_POLYFUNCTIONAL,LOW,"f113v.9,+P0",S|B|3|paragraph_continuation:1/R00
checthey,1,1,R00,1.0,0.0,1.0,1.0,1,0,0,0,G3C,1.0,0.0,1.0,1,B,1.0,0.0,1,B,1.0,0.0,1,2,1.0,0.0,1,paragraph_continuation,1.0,0.0,1.0,LOW_POWER_TOKEN,LOW_SUPPORT_OR_POLYFUNCTIONAL,LOW,"f76v.15,+P0",B|B|2|paragraph_continuation:1/R00
chedaly,1,1,R00,1.0,0.0,1.0,1.0,1,0,0,0,G3C,1.0,0.0,1.0,1,A,1.0,0.0,1,nan,1.0,0.0,1,4,1.0,0.0,1,radial/ring_text,1.0,0.0,1.0,LOW_POWER_TOKEN,LOW_SUPPORT_OR_POLYFUNCTIONAL,LOW,"f67v1.22,@Ro",A||4|radial/ring_text:1/R00
chedchey,1,1,R00,1.0,0.0,1.0,1.0,1,0,0,0,G1,1.0,0.0,1.0,1,B,1.0,0.0,1,B,1.0,0.0,1,2,1.0,0.0,1,paragraph_continuation,1.0,0.0,1.0,LOW_POWER_TOKEN,LOW_SUPPORT_OR_POLYFUNCTIONAL,LOW,"f76v.18,+P0",B|B|2|paragraph_continuation:1/R00
chedchy,1,1,R00,1.0,0.0,1.0,1.0,1,0,0,0,G1,1.0,0.0,1.0,1,B,1.0,0.0,1,B,1.0,0.0,1,2,1.0,0.0,1,paragraph_continuation,1.0,0.0,1.0,LOW_POWER_TOKEN,LOW_SUPPORT_OR_POLYFUNCTIONAL,LOW,"f83r.6,+P0",B|B|2|paragraph_continuation:1/R00
chedkain,1,1,R00,1.0,0.0,1.0,1.0,1,0,0,0,G2,1.0,0.0,1.0,1,S,1.0,0.0,1,B,1.0,0.0,1,3,1.0,0.0,1,paragraph_continuation,1.0,0.0,1.0,LOW_POWER_TOKEN,LOW_SUPPORT_OR_POLYFUNCTIONAL,LOW,"f111v.11,+P0",S|B|3|paragraph_continuation:1/R00
chedkaly,1,1,R00,1.0,0.0,1.0,1.0,1,0,0,0,G1,1.0,0.0,1.0,1,S,1.0,0.0,1,B,1.0,0.0,1,3,1.0,0.0,1,paragraph_continuation,1.0,0.0,1.0,LOW_POWER_TOKEN,LOW_SUPPORT_OR_POLYFUNCTIONAL,LOW,"f116r.47,+P0",S|B|3|paragraph_continuation:1/R00
chedor,1,1,R00,1.0,0.0,1.0,1.0,1,0,0,0,G2,1.0,0.0,1.0,1,T,1.0,0.0,1,B,1.0,0.0,1,2,1.0,0.0,1,paragraph_continuation,1.0,0.0,1.0,LOW_POWER_TOKEN,LOW_SUPPORT_OR_POLYFUNCTIONAL,LOW,"f76r.53,+P0",T|B|2|paragraph_continuation:1/R00
chedydy,1,1,R00,1.0,0.0,1.0,1.0,1,0,0,0,G2,1.0,0.0,1.0,1,S,1.0,0.0,1,B,1.0,0.0,1,3,1.0,0.0,1,paragraph_continuation,1.0,0.0,1.0,LOW_POWER_TOKEN,LOW_SUPPORT_OR_POLYFUNCTIONAL,LOW,"f103v.7,+P0",S|B|3|paragraph_continuation:1/R00
chedykar,1,1,R00,1.0,0.0,1.0,1.0,1,0,0,0,G2,1.0,0.0,1.0,1,B,1.0,0.0,1,B,1.0,0.0,1,2,1.0,0.0,1,paragraph_continuation,1.0,0.0,1.0,LOW_POWER_TOKEN,LOW_SUPPORT_OR_POLYFUNCTIONAL,LOW,"f75r.2,+P0",B|B|2|paragraph_continuation:1/R00
chedyl,1,1,R00,1.0,0.0,1.0,1.0,1,0,0,0,G2,1.0,0.0,1.0,1,T,1.0,0.0,1,B,1.0,0.0,1,2,1.0,0.0,1,paragraph_continuation,1.0,0.0,1.0,LOW_POWER_TOKEN,LOW_SUPPORT_OR_POLYFUNCTIONAL,LOW,"f76r.53,+P0",T|B|2|paragraph_continuation:1/R00
cheear,1,1,R00,1.0,0.0,1.0,1.0,1,0,0,0,G2,1.0,0.0,1.0,1,S,1.0,0.0,1,B,1.0,0.0,1,3,1.0,0.0,1,paragraph_continuation,1.0,0.0,1.0,LOW_POWER_TOKEN,LOW_SUPPORT_OR_POLYFUNCTIONAL,LOW,"f107r.39,+P0",S|B|3|paragraph_continuation:1/R00
cheecthy,1,1,R04,1.0,0.0,1.0,1.0,1,0,0,0,G2,1.0,0.0,1.0,1,H,1.0,0.0,1,A,1.0,0.0,1,1,1.0,0.0,1,paragraph_start,1.0,0.0,1.0,LOW_POWER_TOKEN,LOW_SUPPORT_OR_POLYFUNCTIONAL,LOW,"f29r.1,@P0",H|A|1|paragraph_start:1/R04
cheedals,1,1,R09,1.0,0.0,1.0,1.0,1,0,0,0,G3C,1.0,0.0,1.0,1,A,1.0,0.0,1,nan,1.0,0.0,1,4,1.0,0.0,1,radial/ring_text,1.0,0.0,1.0,LOW_POWER_TOKEN,LOW_SUPPORT_OR_POLYFUNCTIONAL,LOW,"f67v1.24,@Ro",A||4|radial/ring_text:1/R09
cheeekan,1,1,R00,1.0,0.0,1.0,1.0,1,0,0,0,G1,1.0,0.0,1.0,1,S,1.0,0.0,1,B,1.0,0.0,1,3,1.0,0.0,1,paragraph_continuation,1.0,0.0,1.0,LOW_POWER_TOKEN,LOW_SUPPORT_OR_POLYFUNCTIONAL,LOW,"f104r.20,+P0",S|B|3|paragraph_continuation:1/R00
cheeeorain,1,1,R00,1.0,0.0,1.0,1.0,1,0,0,0,G3C,1.0,0.0,1.0,1,S,1.0,0.0,1,B,1.0,0.0,1,3,1.0,0.0,1,paragraph_continuation,1.0,0.0,1.0,LOW_POWER_TOKEN,LOW_SUPPORT_OR_POLYFUNCTIONAL,LOW,"f113r.28,+P0",S|B|3|paragraph_continuation:1/R00
cheeety,1,1,R00,1.0,0.0,1.0,1.0,1,0,0,0,G1,1.0,0.0,1.0,1,B,1.0,0.0,1,B,1.0,0.0,1,2,1.0,0.0,1,paragraph_continuation,1.0,0.0,1.0,LOW_POWER_TOKEN,LOW_SUPPORT_OR_POLYFUNCTIONAL,LOW,"f83r.20,+P0",B|B|2|paragraph_continuation:1/R00
cheekain,1,1,R00,1.0,0.0,1.0,1.0,1,0,0,0,G3C,1.0,0.0,1.0,1,S,1.0,0.0,1,B,1.0,0.0,1,3,1.0,0.0,1,paragraph_start,1.0,0.0,1.0,LOW_POWER_TOKEN,LOW_SUPPORT_OR_POLYFUNCTIONAL,LOW,"f104v.1,@P0",S|B|3|paragraph_start:1/R00
cheeodam,1,1,R00,1.0,0.0,1.0,1.0,1,0,0,0,G3C,1.0,0.0,1.0,1,H,1.0,0.0,1,A,1.0,0.0,1,1,1.0,0.0,1,paragraph_continuation,1.0,0.0,1.0,LOW_POWER_TOKEN,LOW_SUPPORT_OR_POLYFUNCTIONAL,LOW,"f24v.14,+P0",H|A|1|paragraph_continuation:1/R00
cheeoldair,1,1,R00,1.0,0.0,1.0,1.0,1,0,0,0,G2,1.0,0.0,1.0,1,H,1.0,0.0,1,A,1.0,0.0,1,1,1.0,0.0,1,paragraph_continuation,1.0,0.0,1.0,LOW_POWER_TOKEN,LOW_SUPPORT_OR_POLYFUNCTIONAL,LOW,"f93v.8,+P0",H|A|1|paragraph_continuation:1/R00
cheeoy,1,1,R00,1.0,0.0,1.0,1.0,1,0,0,0,G3C,1.0,0.0,1.0,1,H,1.0,0.0,1,B,1.0,0.0,1,2,1.0,0.0,1,paragraph_continuation,1.0,0.0,1.0,LOW_POWER_TOKEN,LOW_SUPPORT_OR_POLYFUNCTIONAL,LOW,"f31v.5,+P0",H|B|2|paragraph_continuation:1/R00
cheeteey,1,1,R00,1.0,0.0,1.0,1.0,1,0,0,0,G1,1.0,0.0,1.0,1,S,1.0,0.0,1,B,1.0,0.0,1,3,1.0,0.0,1,paragraph_continuation,1.0,0.0,1.0,LOW_POWER_TOKEN,LOW_SUPPORT_OR_POLYFUNCTIONAL,LOW,"f112r.24,+P0",S|B|3|paragraph_continuation:1/R00
cheety,1,1,R00,1.0,0.0,1.0,1.0,1,0,0,0,G3C,1.0,0.0,1.0,1,S,1.0,0.0,1,B,1.0,0.0,1,3,1.0,0.0,1,paragraph_continuation,1.0,0.0,1.0,LOW_POWER_TOKEN,LOW_SUPPORT_OR_POLYFUNCTIONAL,LOW,"f112r.25,+P0",S|B|3|paragraph_continuation:1/R00
chef,1,1,R00,1.0,0.0,1.0,1.0,1,0,0,0,G2,1.0,0.0,1.0,1,H,1.0,0.0,1,B,1.0,0.0,1,2,1.0,0.0,1,paragraph_continuation,1.0,0.0,1.0,LOW_POWER_TOKEN,LOW_SUPPORT_OR_POLYFUNCTIONAL,LOW,"f43v.8,+P0",H|B|2|paragraph_continuation:1/R00
chefaiin,1,1,R00,1.0,0.0,1.0,1.0,1,0,0,0,G3C,1.0,0.0,1.0,1,H,1.0,0.0,1,B,1.0,0.0,1,2,1.0,0.0,1,paragraph_start,1.0,0.0,1.0,LOW_POWER_TOKEN,LOW_SUPPORT_OR_POLYFUNCTIONAL,LOW,"f40v.1,@P0",H|B|2|paragraph_start:1/R00
chefain,1,1,R00,1.0,0.0,1.0,1.0,1,0,0,0,G2,1.0,0.0,1.0,1,H,1.0,0.0,1,B,1.0,0.0,1,2,1.0,0.0,1,paragraph_continuation,1.0,0.0,1.0,LOW_POWER_TOKEN,LOW_SUPPORT_OR_POLYFUNCTIONAL,LOW,"f40v.13,+P0",H|B|2|paragraph_continuation:1/R00
chefy,1,1,R00,1.0,0.0,1.0,1.0,1,0,0,0,G3C,1.0,0.0,1.0,1,Z,1.0,0.0,1,nan,1.0,0.0,1,4,1.0,0.0,1,&L,1.0,0.0,1.0,LOW_POWER_TOKEN,LOW_SUPPORT_OR_POLYFUNCTIONAL,LOW,"f73r.27,&Lz",Z||4|&L:1/R00
chekaim,1,1,R00,1.0,0.0,1.0,1.0,1,0,0,0,G1,1.0,0.0,1.0,1,S,1.0,0.0,1,B,1.0,0.0,1,3,1.0,0.0,1,paragraph_continuation,1.0,0.0,1.0,LOW_POWER_TOKEN,LOW_SUPPORT_OR_POLYFUNCTIONAL,LOW,"f105r.21,+P0",S|B|3|paragraph_continuation:1/R00
chekam,1,1,R00,1.0,0.0,1.0,1.0,1,0,0,0,G2,1.0,0.0,1.0,1,B,1.0,0.0,1,B,1.0,0.0,1,2,1.0,0.0,1,paragraph_continuation,1.0,0.0,1.0,LOW_POWER_TOKEN,LOW_SUPPORT_OR_POLYFUNCTIONAL,LOW,"f75r.11,+P0",B|B|2|paragraph_continuation:1/R00
chekeody,1,1,R00,1.0,0.0,1.0,1.0,1,0,0,0,G2,1.0,0.0,1.0,1,T,1.0,0.0,1,B,1.0,0.0,1,5,1.0,0.0,1,paragraph_continuation,1.0,0.0,1.0,LOW_POWER_TOKEN,LOW_SUPPORT_OR_POLYFUNCTIONAL,LOW,"f66r.55,+P0",T|B|5|paragraph_continuation:1/R00
chekeys,1,1,R00,1.0,0.0,1.0,1.0,1,0,0,0,G3C,1.0,0.0,1.0,1,A,1.0,0.0,1,nan,1.0,0.0,1,4,1.0,0.0,1,radial/ring_text,1.0,0.0,1.0,LOW_POWER_TOKEN,LOW_SUPPORT_OR_POLYFUNCTIONAL,LOW,"f68v1.8,@Ro",A||4|radial/ring_text:1/R00
chel,1,1,R00,1.0,0.0,1.0,1.0,1,0,0,0,G2,1.0,0.0,1.0,1,T,1.0,0.0,1,B,1.0,0.0,1,2,1.0,0.0,1,paragraph_terminal_or_label,1.0,0.0,1.0,LOW_POWER_TOKEN,LOW_SUPPORT_OR_POLYFUNCTIONAL,LOW,"f76r.32,=P0",T|B|2|paragraph_terminal_or_label:1/R00
cheoaiin,1,1,R00,1.0,0.0,1.0,1.0,1,0,0,0,G3C,1.0,0.0,1.0,1,S,1.0,0.0,1,B,1.0,0.0,1,3,1.0,0.0,1,paragraph_continuation,1.0,0.0,1.0,LOW_POWER_TOKEN,LOW_SUPPORT_OR_POLYFUNCTIONAL,LOW,"f114v.32,+P0",S|B|3|paragraph_continuation:1/R00
cheocthedy,1,1,R04,1.0,0.0,1.0,1.0,1,0,0,0,G1,1.0,0.0,1.0,1,S,1.0,0.0,1,B,1.0,0.0,1,3,1.0,0.0,1,paragraph_continuation,1.0,0.0,1.0,LOW_POWER_TOKEN,LOW_SUPPORT_OR_POLYFUNCTIONAL,LOW,"f114v.4,+P0",S|B|3|paragraph_continuation:1/R04
cheod,1,1,R00,1.0,0.0,1.0,1.0,1,0,0,0,G2,1.0,0.0,1.0,1,H,1.0,0.0,1,A,1.0,0.0,1,1,1.0,0.0,1,paragraph_continuation,1.0,0.0,1.0,LOW_POWER_TOKEN,LOW_SUPPORT_OR_POLYFUNCTIONAL,LOW,"f29r.9,+P0",H|A|1|paragraph_continuation:1/R00
cheodal,1,1,R09,1.0,0.0,1.0,1.0,1,0,0,0,G1,1.0,0.0,1.0,1,S,1.0,0.0,1,B,1.0,0.0,1,3,1.0,0.0,1,paragraph_continuation,1.0,0.0,1.0,LOW_POWER_TOKEN,LOW_SUPPORT_OR_POLYFUNCTIONAL,LOW,"f104r.37,+P0",S|B|3|paragraph_continuation:1/R09
cheoepy,1,1,R00,1.0,0.0,1.0,1.0,1,0,0,0,G3C,1.0,0.0,1.0,1,Z,1.0,0.0,1,nan,1.0,0.0,1,4,1.0,0.0,1,&L,1.0,0.0,1.0,LOW_POWER_TOKEN,LOW_SUPPORT_OR_POLYFUNCTIONAL,LOW,"f72v1.20,&Lz",Z||4|&L:1/R00
cheokaiin,1,1,R00,1.0,0.0,1.0,1.0,1,0,0,0,G3C,1.0,0.0,1.0,1,S,1.0,0.0,1,B,1.0,0.0,1,3,1.0,0.0,1,paragraph_continuation,1.0,0.0,1.0,LOW_POWER_TOKEN,LOW_SUPPORT_OR_POLYFUNCTIONAL,LOW,"f114r.4,+P0",S|B|3|paragraph_continuation:1/R00
cheokain,1,1,R00,1.0,0.0,1.0,1.0,1,0,0,0,G2,1.0,0.0,1.0,1,S,1.0,0.0,1,B,1.0,0.0,1,3,1.0,0.0,1,paragraph_continuation,1.0,0.0,1.0,LOW_POWER_TOKEN,LOW_SUPPORT_OR_POLYFUNCTIONAL,LOW,"f111v.21,+P0",S|B|3|paragraph_continuation:1/R00
cheokam,1,1,R00,1.0,0.0,1.0,1.0,1,0,0,0,G2,1.0,0.0,1.0,1,P,1.0,0.0,1,A,1.0,0.0,1,1,1.0,0.0,1,paragraph_continuation,1.0,0.0,1.0,LOW_POWER_TOKEN,LOW_SUPPORT_OR_POLYFUNCTIONAL,LOW,"f88v.8,+P0",P|A|1|paragraph_continuation:1/R00
cheokey,1,1,R00,1.0,0.0,1.0,1.0,1,0,0,0,G3C,1.0,0.0,1.0,1,S,1.0,0.0,1,B,1.0,0.0,1,3,1.0,0.0,1,paragraph_continuation,1.0,0.0,1.0,LOW_POWER_TOKEN,LOW_SUPPORT_OR_POLYFUNCTIONAL,LOW,"f106r.11,+P0",S|B|3|paragraph_continuation:1/R00
cheokor,1,1,R00,1.0,0.0,1.0,1.0,1,0,0,0,G3C,1.0,0.0,1.0,1,H,1.0,0.0,1,A,1.0,0.0,1,1,1.0,0.0,1,paragraph_continuation,1.0,0.0,1.0,LOW_POWER_TOKEN,LOW_SUPPORT_OR_POLYFUNCTIONAL,LOW,"f52v.14,+P0",H|A|1|paragraph_continuation:1/R00
cheolchal,1,1,R00,1.0,0.0,1.0,1.0,1,0,0,0,G3C,1.0,0.0,1.0,1,S,1.0,0.0,1,B,1.0,0.0,1,3,1.0,0.0,1,paragraph_continuation,1.0,0.0,1.0,LOW_POWER_TOKEN,LOW_SUPPORT_OR_POLYFUNCTIONAL,LOW,"f112v.40,+P0",S|B|3|paragraph_continuation:1/R00
cheolchey,1,1,R00,1.0,0.0,1.0,1.0,1,0,0,0,G2,1.0,0.0,1.0,1,T,1.0,0.0,1,B,1.0,0.0,1,2,1.0,0.0,1,paragraph_continuation,1.0,0.0,1.0,LOW_POWER_TOKEN,LOW_SUPPORT_OR_POLYFUNCTIONAL,LOW,"f76r.30,+P0",T|B|2|paragraph_continuation:1/R00
cheolkaiin,1,1,R00,1.0,0.0,1.0,1.0,1,0,0,0,G1,1.0,0.0,1.0,1,B,1.0,0.0,1,B,1.0,0.0,1,2,1.0,0.0,1,paragraph_continuation,1.0,0.0,1.0,LOW_POWER_TOKEN,LOW_SUPPORT_OR_POLYFUNCTIONAL,LOW,"f77v.42,+P0",B|B|2|paragraph_continuation:1/R00
cheolkeey,1,1,R00,1.0,0.0,1.0,1.0,1,0,0,0,G2,1.0,0.0,1.0,1,S,1.0,0.0,1,B,1.0,0.0,1,3,1.0,0.0,1,paragraph_continuation,1.0,0.0,1.0,LOW_POWER_TOKEN,LOW_SUPPORT_OR_POLYFUNCTIONAL,LOW,"f111v.9,+P0",S|B|3|paragraph_continuation:1/R00
cheolor,1,1,R00,1.0,0.0,1.0,1.0,1,0,0,0,G3C,1.0,0.0,1.0,1,S,1.0,0.0,1,B,1.0,0.0,1,3,1.0,0.0,1,paragraph_continuation,1.0,0.0,1.0,LOW_POWER_TOKEN,LOW_SUPPORT_OR_POLYFUNCTIONAL,LOW,"f112v.40,+P0",S|B|3|paragraph_continuation:1/R00
cheoly,1,1,R00,1.0,0.0,1.0,1.0,1,0,0,0,G3C,1.0,0.0,1.0,1,Z,1.0,0.0,1,nan,1.0,0.0,1,4,1.0,0.0,1,&L,1.0,0.0,1.0,LOW_POWER_TOKEN,LOW_SUPPORT_OR_POLYFUNCTIONAL,LOW,"f72v2.9,&Lz",Z||4|&L:1/R00
cheopaiin,1,1,R00,1.0,0.0,1.0,1.0,1,0,0,0,G2,1.0,0.0,1.0,1,S,1.0,0.0,1,B,1.0,0.0,1,3,1.0,0.0,1,paragraph_continuation,1.0,0.0,1.0,LOW_POWER_TOKEN,LOW_SUPPORT_OR_POLYFUNCTIONAL,LOW,"f111v.29,+P0",S|B|3|paragraph_continuation:1/R00
cheorol,1,1,R00,1.0,0.0,1.0,1.0,1,0,0,0,G3C,1.0,0.0,1.0,1,A,1.0,0.0,1,nan,1.0,0.0,1,4,1.0,0.0,1,label_or_marginal,1.0,0.0,1.0,LOW_POWER_TOKEN,LOW_SUPPORT_OR_POLYFUNCTIONAL,LOW,"f68r2.8,@Ls",A||4|label_or_marginal:1/R00
cheory,1,1,R00,1.0,0.0,1.0,1.0,1,0,0,0,G2,1.0,0.0,1.0,1,H,1.0,0.0,1,A,1.0,0.0,1,1,1.0,0.0,1,paragraph_continuation,1.0,0.0,1.0,LOW_POWER_TOKEN,LOW_SUPPORT_OR_POLYFUNCTIONAL,LOW,"f4v.2,+P0",H|A|1|paragraph_continuation:1/R00
cheosdy,1,1,R00,1.0,0.0,1.0,1.0,1,0,0,0,G3C,1.0,0.0,1.0,1,P,1.0,0.0,1,A,1.0,0.0,1,1,1.0,0.0,1,label_or_marginal,1.0,0.0,1.0,LOW_POWER_TOKEN,LOW_SUPPORT_OR_POLYFUNCTIONAL,LOW,"f88v.13,@Lf",P|A|1|label_or_marginal:1/R00
cheosy,1,1,R00,1.0,0.0,1.0,1.0,1,0,0,0,G3C,1.0,0.0,1.0,1,Z,1.0,0.0,1,nan,1.0,0.0,1,4,1.0,0.0,1,&L,1.0,0.0,1.0,LOW_POWER_TOKEN,LOW_SUPPORT_OR_POLYFUNCTIONAL,LOW,"f72v2.28,&Lz",Z||4|&L:1/R00
cheotchey,1,1,R00,1.0,0.0,1.0,1.0,1,0,0,0,G2,1.0,0.0,1.0,1,S,1.0,0.0,1,B,1.0,0.0,1,3,1.0,0.0,1,paragraph_continuation,1.0,0.0,1.0,LOW_POWER_TOKEN,LOW_SUPPORT_OR_POLYFUNCTIONAL,LOW,"f107r.7,+P0",S|B|3|paragraph_continuation:1/R00
cheotchy,1,1,R00,1.0,0.0,1.0,1.0,1,0,0,0,G3C,1.0,0.0,1.0,1,P,1.0,0.0,1,A,1.0,0.0,1,1,1.0,0.0,1,label_or_marginal,1.0,0.0,1.0,LOW_POWER_TOKEN,LOW_SUPPORT_OR_POLYFUNCTIONAL,LOW,"f99r.27,@Lf",P|A|1|label_or_marginal:1/R00
cheoy,1,1,R00,1.0,0.0,1.0,1.0,1,0,0,0,G2,1.0,0.0,1.0,1,P,1.0,0.0,1,A,1.0,0.0,1,1,1.0,0.0,1,paragraph_continuation,1.0,0.0,1.0,LOW_POWER_TOKEN,LOW_SUPPORT_OR_POLYFUNCTIONAL,LOW,"f88v.8,+P0",P|A|1|paragraph_continuation:1/R00
chepcham,1,1,R00,1.0,0.0,1.0,1.0,1,0,0,0,G2,1.0,0.0,1.0,1,S,1.0,0.0,1,B,1.0,0.0,1,3,1.0,0.0,1,paragraph_continuation,1.0,0.0,1.0,LOW_POWER_TOKEN,LOW_SUPPORT_OR_POLYFUNCTIONAL,LOW,"f111r.48,+P0",S|B|3|paragraph_continuation:1/R00
chepchedy,1,1,R00,1.0,0.0,1.0,1.0,1,0,0,0,G2,1.0,0.0,1.0,1,S,1.0,0.0,1,B,1.0,0.0,1,3,1.0,0.0,1,paragraph_start,1.0,0.0,1.0,LOW_POWER_TOKEN,LOW_SUPPORT_OR_POLYFUNCTIONAL,LOW,"f111r.1,@P0",S|B|3|paragraph_start:1/R00
chepoty,1,1,R00,1.0,0.0,1.0,1.0,1,0,0,0,G2,1.0,0.0,1.0,1,H,1.0,0.0,1,A,1.0,0.0,1,1,1.0,0.0,1,paragraph_start,1.0,0.0,1.0,LOW_POWER_TOKEN,LOW_SUPPORT_OR_POLYFUNCTIONAL,LOW,"f29r.1,@P0",H|A|1|paragraph_start:1/R00
chepy,1,1,R00,1.0,0.0,1.0,1.0,1,0,0,0,G2,1.0,0.0,1.0,1,T,1.0,0.0,1,B,1.0,0.0,1,2,1.0,0.0,1,paragraph_continuation,1.0,0.0,1.0,LOW_POWER_TOKEN,LOW_SUPPORT_OR_POLYFUNCTIONAL,LOW,"f76r.24,+P0",T|B|2|paragraph_continuation:1/R00
cher,1,1,R00,1.0,0.0,1.0,1.0,1,0,0,0,G2,1.0,0.0,1.0,1,T,1.0,0.0,1,B,1.0,0.0,1,2,1.0,0.0,1,paragraph_terminal_or_label,1.0,0.0,1.0,LOW_POWER_TOKEN,LOW_SUPPORT_OR_POLYFUNCTIONAL,LOW,"f76r.32,=P0",T|B|2|paragraph_terminal_or_label:1/R00
chetaiin,1,1,R00,1.0,0.0,1.0,1.0,1,0,0,0,G3C,1.0,0.0,1.0,1,S,1.0,0.0,1,B,1.0,0.0,1,3,1.0,0.0,1,paragraph_continuation,1.0,0.0,1.0,LOW_POWER_TOKEN,LOW_SUPPORT_OR_POLYFUNCTIONAL,LOW,"f114v.32,+P0",S|B|3|paragraph_continuation:1/R00
chetain,1,1,R00,1.0,0.0,1.0,1.0,1,0,0,0,G2,1.0,0.0,1.0,1,S,1.0,0.0,1,B,1.0,0.0,1,3,1.0,0.0,1,paragraph_continuation,1.0,0.0,1.0,LOW_POWER_TOKEN,LOW_SUPPORT_OR_POLYFUNCTIONAL,LOW,"f111v.22,+P0",S|B|3|paragraph_continuation:1/R00
chetal,1,1,R00,1.0,0.0,1.0,1.0,1,0,0,0,G3C,1.0,0.0,1.0,1,A,1.0,0.0,1,nan,1.0,0.0,1,4,1.0,0.0,1,radial/ring_text,1.0,0.0,1.0,LOW_POWER_TOKEN,LOW_SUPPORT_OR_POLYFUNCTIONAL,LOW,"f68v2.14,@Ro",A||4|radial/ring_text:1/R00
chetalshy,1,1,R00,1.0,0.0,1.0,1.0,1,0,0,0,G2,1.0,0.0,1.0,1,S,1.0,0.0,1,B,1.0,0.0,1,3,1.0,0.0,1,paragraph_start,1.0,0.0,1.0,LOW_POWER_TOKEN,LOW_SUPPORT_OR_POLYFUNCTIONAL,LOW,"f111r.1,@P0",S|B|3|paragraph_start:1/R00
chetchaiin,1,1,R00,1.0,0.0,1.0,1.0,1,0,0,0,G3C,1.0,0.0,1.0,1,H,1.0,0.0,1,A,1.0,0.0,1,1,1.0,0.0,1,paragraph_continuation,1.0,0.0,1.0,LOW_POWER_TOKEN,LOW_SUPPORT_OR_POLYFUNCTIONAL,LOW,"f35r.12,+P0",H|A|1|paragraph_continuation:1/R00
chetedy,1,1,R00,1.0,0.0,1.0,1.0,1,0,0,0,G2,1.0,0.0,1.0,1,B,1.0,0.0,1,B,1.0,0.0,1,2,1.0,0.0,1,paragraph_continuation,1.0,0.0,1.0,LOW_POWER_TOKEN,LOW_SUPPORT_OR_POLYFUNCTIONAL,LOW,"f81v.12,+P0",B|B|2|paragraph_continuation:1/R00
chetey,1,1,R00,1.0,0.0,1.0,1.0,1,0,0,0,G3C,1.0,0.0,1.0,1,A,1.0,0.0,1,nan,1.0,0.0,1,4,1.0,0.0,1,radial/ring_text,1.0,0.0,1.0,LOW_POWER_TOKEN,LOW_SUPPORT_OR_POLYFUNCTIONAL,LOW,"f68v2.12,@Ro",A||4|radial/ring_text:1/R00
chetyry,1,1,R00,1.0,0.0,1.0,1.0,1,0,0,0,G2,1.0,0.0,1.0,1,B,1.0,0.0,1,B,1.0,0.0,1,2,1.0,0.0,1,paragraph_continuation,1.0,0.0,1.0,LOW_POWER_TOKEN,LOW_SUPPORT_OR_POLYFUNCTIONAL,LOW,"f81r.13,+P0",B|B|2|paragraph_continuation:1/R00
cheychear,1,1,R00,1.0,0.0,1.0,1.0,1,0,0,0,G3C,1.0,0.0,1.0,1,S,1.0,0.0,1,B,1.0,0.0,1,3,1.0,0.0,1,paragraph_continuation,1.0,0.0,1.0,LOW_POWER_TOKEN,LOW_SUPPORT_OR_POLYFUNCTIONAL,LOW,"f116r.14,+P0",S|B|3|paragraph_continuation:1/R00
cheydy,1,1,R00,1.0,0.0,1.0,1.0,1,0,0,0,G3C,1.0,0.0,1.0,1,C,1.0,0.0,1,nan,1.0,0.0,1,4,1.0,0.0,1,&L,1.0,0.0,1.0,LOW_POWER_TOKEN,LOW_SUPPORT_OR_POLYFUNCTIONAL,LOW,"f69r.8,&L0",C||4|&L:1/R00
cheykechey,1,1,R00,1.0,0.0,1.0,1.0,1,0,0,0,G1,1.0,0.0,1.0,1,S,1.0,0.0,1,B,1.0,0.0,1,3,1.0,0.0,1,paragraph_continuation,1.0,0.0,1.0,LOW_POWER_TOKEN,LOW_SUPPORT_OR_POLYFUNCTIONAL,LOW,"f108v.21,+P0",S|B|3|paragraph_continuation:1/R00
cheykedy,1,1,R00,1.0,0.0,1.0,1.0,1,0,0,0,G3C,1.0,0.0,1.0,1,S,1.0,0.0,1,B,1.0,0.0,1,3,1.0,0.0,1,paragraph_continuation,1.0,0.0,1.0,LOW_POWER_TOKEN,LOW_SUPPORT_OR_POLYFUNCTIONAL,LOW,"f108v.18,+P0",S|B|3|paragraph_continuation:1/R00
cheys,1,1,R00,1.0,0.0,1.0,1.0,1,0,0,0,G3C,1.0,0.0,1.0,1,P,1.0,0.0,1,A,1.0,0.0,1,1,1.0,0.0,1,label_or_marginal,1.0,0.0,1.0,LOW_POWER_TOKEN,LOW_SUPPORT_OR_POLYFUNCTIONAL,LOW,"f89r2.18,@Lf",P|A|1|label_or_marginal:1/R00
chfaly,1,1,R00,1.0,0.0,1.0,1.0,1,0,0,0,G3C,1.0,0.0,1.0,1,Z,1.0,0.0,1,nan,1.0,0.0,1,4,1.0,0.0,1,&L,1.0,0.0,1.0,LOW_POWER_TOKEN,LOW_SUPPORT_OR_POLYFUNCTIONAL,LOW,"f71v.3,&Lz",Z||4|&L:1/R00
chiin,1,1,R00,1.0,0.0,1.0,1.0,1,0,0,0,G3C,1.0,0.0,1.0,1,H,1.0,0.0,1,A,1.0,0.0,1,1,1.0,0.0,1,paragraph_continuation,1.0,0.0,1.0,LOW_POWER_TOKEN,LOW_SUPPORT_OR_POLYFUNCTIONAL,LOW,"f35r.15,+P0",H|A|1|paragraph_continuation:1/R00
chkain,1,1,R00,1.0,0.0,1.0,1.0,1,0,0,0,G1,1.0,0.0,1.0,1,S,1.0,0.0,1,B,1.0,0.0,1,@,1.0,0.0,1,paragraph_continuation,1.0,0.0,1.0,LOW_POWER_TOKEN,LOW_SUPPORT_OR_POLYFUNCTIONAL,LOW,"f115r.11,+P0",S|B|@|paragraph_continuation:1/R00
chkchdar,1,1,R00,1.0,0.0,1.0,1.0,1,0,0,0,G3C,1.0,0.0,1.0,1,A,1.0,0.0,1,nan,1.0,0.0,1,4,1.0,0.0,1,&L,1.0,0.0,1.0,LOW_POWER_TOKEN,LOW_SUPPORT_OR_POLYFUNCTIONAL,LOW,"f67r2.8,&L0",A||4|&L:1/R00
chkchory,1,1,R00,1.0,0.0,1.0,1.0,1,0,0,0,G1,1.0,0.0,1.0,1,H,1.0,0.0,1,A,1.0,0.0,1,1,1.0,0.0,1,paragraph_continuation,1.0,0.0,1.0,LOW_POWER_TOKEN,LOW_SUPPORT_OR_POLYFUNCTIONAL,LOW,"f42r.9,+P0",H|A|1|paragraph_continuation:1/R00
chkchykoly,1,1,R00,1.0,0.0,1.0,1.0,1,0,0,0,G3C,1.0,0.0,1.0,1,A,1.0,0.0,1,nan,1.0,0.0,1,4,1.0,0.0,1,paragraph_continuation,1.0,0.0,1.0,LOW_POWER_TOKEN,LOW_SUPPORT_OR_POLYFUNCTIONAL,LOW,"f68r1.7,+Pb",A||4|paragraph_continuation:1/R00
chkedy,1,1,R00,1.0,0.0,1.0,1.0,1,0,0,0,G1,1.0,0.0,1.0,1,H,1.0,0.0,1,B,1.0,0.0,1,5,1.0,0.0,1,paragraph_continuation,1.0,0.0,1.0,LOW_POWER_TOKEN,LOW_SUPPORT_OR_POLYFUNCTIONAL,LOW,"f41r.7,+P0",H|B|5|paragraph_continuation:1/R00
chkeeody,1,1,R00,1.0,0.0,1.0,1.0,1,0,0,0,G2,1.0,0.0,1.0,1,P,1.0,0.0,1,A,1.0,0.0,1,1,1.0,0.0,1,paragraph_continuation,1.0,0.0,1.0,LOW_POWER_TOKEN,LOW_SUPPORT_OR_POLYFUNCTIONAL,LOW,"f102r1.4,+P0",P|A|1|paragraph_continuation:1/R00
chkeor,1,1,R00,1.0,0.0,1.0,1.0,1,0,0,0,G2,1.0,0.0,1.0,1,P,1.0,0.0,1,A,1.0,0.0,1,1,1.0,0.0,1,paragraph_continuation,1.0,0.0,1.0,LOW_POWER_TOKEN,LOW_SUPPORT_OR_POLYFUNCTIONAL,LOW,"f88v.7,+P0",P|A|1|paragraph_continuation:1/R00
chkol,1,1,R00,1.0,0.0,1.0,1.0,1,0,0,0,G3C,1.0,0.0,1.0,1,H,1.0,0.0,1,A,1.0,0.0,1,1,1.0,0.0,1,paragraph_continuation,1.0,0.0,1.0,LOW_POWER_TOKEN,LOW_SUPPORT_OR_POLYFUNCTIONAL,LOW,"f30v.5,+P0",H|A|1|paragraph_continuation:1/R00
chkoldy,1,1,R00,1.0,0.0,1.0,1.0,1,0,0,0,G3C,1.0,0.0,1.0,1,H,1.0,0.0,1,A,1.0,0.0,1,1,1.0,0.0,1,paragraph_continuation,1.0,0.0,1.0,LOW_POWER_TOKEN,LOW_SUPPORT_OR_POLYFUNCTIONAL,LOW,"f22v.13,+P0",H|A|1|paragraph_continuation:1/R00
chkor,1,1,R00,1.0,0.0,1.0,1.0,1,0,0,0,G3C,1.0,0.0,1.0,1,H,1.0,0.0,1,A,1.0,0.0,1,1,1.0,0.0,1,paragraph_continuation,1.0,0.0,1.0,LOW_POWER_TOKEN,LOW_SUPPORT_OR_POLYFUNCTIONAL,LOW,"f17v.13,+P0",H|A|1|paragraph_continuation:1/R00
chlam,1,1,R00,1.0,0.0,1.0,1.0,1,0,0,0,G1,1.0,0.0,1.0,1,S,1.0,0.0,1,B,1.0,0.0,1,3,1.0,0.0,1,paragraph_continuation,1.0,0.0,1.0,LOW_POWER_TOKEN,LOW_SUPPORT_OR_POLYFUNCTIONAL,LOW,"f108r.12,+P0",S|B|3|paragraph_continuation:1/R00
chllo,1,1,R00,1.0,0.0,1.0,1.0,1,0,0,0,G3C,1.0,0.0,1.0,1,S,1.0,0.0,1,B,1.0,0.0,1,3,1.0,0.0,1,paragraph_continuation,1.0,0.0,1.0,LOW_POWER_TOKEN,LOW_SUPPORT_OR_POLYFUNCTIONAL,LOW,"f104r.22,+P0",S|B|3|paragraph_continuation:1/R00
chlor,1,1,R00,1.0,0.0,1.0,1.0,1,0,0,0,G3B,1.0,0.0,1.0,1,S,1.0,0.0,1,B,1.0,0.0,1,3,1.0,0.0,1,paragraph_continuation,1.0,0.0,1.0,LOW_POWER_TOKEN,LOW_SUPPORT_OR_POLYFUNCTIONAL,LOW,"f115v.30,+P0",S|B|3|paragraph_continuation:1/R00
chochor,1,1,R00,1.0,0.0,1.0,1.0,1,0,0,0,G3C,1.0,0.0,1.0,1,H,1.0,0.0,1,A,1.0,0.0,1,1,1.0,0.0,1,paragraph_continuation,1.0,0.0,1.0,LOW_POWER_TOKEN,LOW_SUPPORT_OR_POLYFUNCTIONAL,LOW,"f56r.5,+P0",H|A|1|paragraph_continuation:1/R00
chochy,1,1,R00,1.0,0.0,1.0,1.0,1,0,0,0,G1,1.0,0.0,1.0,1,H,1.0,0.0,1,A,1.0,0.0,1,1,1.0,0.0,1,paragraph_continuation,1.0,0.0,1.0,LOW_POWER_TOKEN,LOW_SUPPORT_OR_POLYFUNCTIONAL,LOW,"f7r.9,+P0",H|A|1|paragraph_continuation:1/R00
chockhdy,1,1,R00,1.0,0.0,1.0,1.0,1,0,0,0,G1,1.0,0.0,1.0,1,H,1.0,0.0,1,B,1.0,0.0,1,2,1.0,0.0,1,paragraph_continuation,1.0,0.0,1.0,LOW_POWER_TOKEN,LOW_SUPPORT_OR_POLYFUNCTIONAL,LOW,"f46v.3,+P0",H|B|2|paragraph_continuation:1/R00
chockhol,1,1,R00,1.0,0.0,1.0,1.0,1,0,0,0,G3C,1.0,0.0,1.0,1,H,1.0,0.0,1,A,1.0,0.0,1,1,1.0,0.0,1,paragraph_continuation,1.0,0.0,1.0,LOW_POWER_TOKEN,LOW_SUPPORT_OR_POLYFUNCTIONAL,LOW,"f17v.3,+P0",H|A|1|paragraph_continuation:1/R00
chockhor,1,1,R00,1.0,0.0,1.0,1.0,1,0,0,0,G1,1.0,0.0,1.0,1,H,1.0,0.0,1,A,1.0,0.0,1,1,1.0,0.0,1,paragraph_continuation,1.0,0.0,1.0,LOW_POWER_TOKEN,LOW_SUPPORT_OR_POLYFUNCTIONAL,LOW,"f90v1.4,+P0",H|A|1|paragraph_continuation:1/R00
chocthedy,1,1,R00,1.0,0.0,1.0,1.0,1,0,0,0,G1,1.0,0.0,1.0,1,S,1.0,0.0,1,B,1.0,0.0,1,3,1.0,0.0,1,paragraph_continuation,1.0,0.0,1.0,LOW_POWER_TOKEN,LOW_SUPPORT_OR_POLYFUNCTIONAL,LOW,"f112v.20,+P0",S|B|3|paragraph_continuation:1/R00
chodchy,1,1,R00,1.0,0.0,1.0,1.0,1,0,0,0,G3C,1.0,0.0,1.0,1,C,1.0,0.0,1,nan,1.0,0.0,1,4,1.0,0.0,1,radial/ring_text,1.0,0.0,1.0,LOW_POWER_TOKEN,LOW_SUPPORT_OR_POLYFUNCTIONAL,LOW,"f69r.21,@Ro",C||4|radial/ring_text:1/R00
choee,1,1,R00,1.0,0.0,1.0,1.0,1,0,0,0,G3C,1.0,0.0,1.0,1,A,1.0,0.0,1,nan,1.0,0.0,1,4,1.0,0.0,1,paragraph_continuation,1.0,0.0,1.0,LOW_POWER_TOKEN,LOW_SUPPORT_OR_POLYFUNCTIONAL,LOW,"f67r2.50,+Pb",A||4|paragraph_continuation:1/R00
choeesy,1,1,R00,1.0,0.0,1.0,1.0,1,0,0,0,G3C,1.0,0.0,1.0,1,P,1.0,0.0,1,A,1.0,0.0,1,1,1.0,0.0,1,label_or_marginal,1.0,0.0,1.0,LOW_POWER_TOKEN,LOW_SUPPORT_OR_POLYFUNCTIONAL,LOW,"f89v2.1,@Lc",P|A|1|label_or_marginal:1/R00
choekeey,1,1,R00,1.0,0.0,1.0,1.0,1,0,0,0,G2,1.0,0.0,1.0,1,T,1.0,0.0,1,B,1.0,0.0,1,5,1.0,0.0,1,paragraph_continuation,1.0,0.0,1.0,LOW_POWER_TOKEN,LOW_SUPPORT_OR_POLYFUNCTIONAL,LOW,"f66r.55,+P0",T|B|5|paragraph_continuation:1/R00
choekey,1,1,R00,1.0,0.0,1.0,1.0,1,0,0,0,G3C,1.0,0.0,1.0,1,C,1.0,0.0,1,nan,1.0,0.0,1,4,1.0,0.0,1,circular/diagram_text,1.0,0.0,1.0,LOW_POWER_TOKEN,LOW_SUPPORT_OR_POLYFUNCTIONAL,LOW,"f68v3.14,@Cc",C||4|circular/diagram_text:1/R00
choetchy,1,1,R00,1.0,0.0,1.0,1.0,1,0,0,0,G2,1.0,0.0,1.0,1,H,1.0,0.0,1,B,1.0,0.0,1,2,1.0,0.0,1,paragraph_continuation,1.0,0.0,1.0,LOW_POWER_TOKEN,LOW_SUPPORT_OR_POLYFUNCTIONAL,LOW,"f43r.5,+P0",H|B|2|paragraph_continuation:1/R00
choety,1,1,R00,1.0,0.0,1.0,1.0,1,0,0,0,G1,1.0,0.0,1.0,1,H,1.0,0.0,1,A,1.0,0.0,1,1,1.0,0.0,1,paragraph_continuation,1.0,0.0,1.0,LOW_POWER_TOKEN,LOW_SUPPORT_OR_POLYFUNCTIONAL,LOW,"f29r.7,+P0",H|A|1|paragraph_continuation:1/R00
chokal,1,1,R00,1.0,0.0,1.0,1.0,1,0,0,0,G2,1.0,0.0,1.0,1,S,1.0,0.0,1,A,1.0,0.0,1,3,1.0,0.0,1,paragraph_continuation,1.0,0.0,1.0,LOW_POWER_TOKEN,LOW_SUPPORT_OR_POLYFUNCTIONAL,LOW,"f58v.19,+P0",S|A|3|paragraph_continuation:1/R00
chokan,1,1,R00,1.0,0.0,1.0,1.0,1,0,0,0,G3C,1.0,0.0,1.0,1,H,1.0,0.0,1,A,1.0,0.0,1,1,1.0,0.0,1,paragraph_continuation,1.0,0.0,1.0,LOW_POWER_TOKEN,LOW_SUPPORT_OR_POLYFUNCTIONAL,LOW,"f53r.3,+P0",H|A|1|paragraph_continuation:1/R00
chokar,1,1,R03,1.0,0.0,1.0,1.0,1,0,0,0,G3C,1.0,0.0,1.0,1,S,1.0,0.0,1,B,1.0,0.0,1,3,1.0,0.0,1,paragraph_continuation,1.0,0.0,1.0,LOW_POWER_TOKEN,LOW_SUPPORT_OR_POLYFUNCTIONAL,LOW,"f106r.11,+P0",S|B|3|paragraph_continuation:1/R03
chokaro,1,1,R00,1.0,0.0,1.0,1.0,1,0,0,0,G3C,1.0,0.0,1.0,1,P,1.0,0.0,1,A,1.0,0.0,1,1,1.0,0.0,1,label_or_marginal,1.0,0.0,1.0,LOW_POWER_TOKEN,LOW_SUPPORT_OR_POLYFUNCTIONAL,LOW,"f89v2.4,@Lf",P|A|1|label_or_marginal:1/R00
chokch,1,1,R00,1.0,0.0,1.0,1.0,1,0,0,0,G2,1.0,0.0,1.0,1,H,1.0,0.0,1,A,1.0,0.0,1,1,1.0,0.0,1,paragraph_continuation,1.0,0.0,1.0,LOW_POWER_TOKEN,LOW_SUPPORT_OR_POLYFUNCTIONAL,LOW,"f4v.7,+P0",H|A|1|paragraph_continuation:1/R00
chokchedy,1,1,R00,1.0,0.0,1.0,1.0,1,0,0,0,G2,1.0,0.0,1.0,1,S,1.0,0.0,1,B,1.0,0.0,1,3,1.0,0.0,1,paragraph_continuation,1.0,0.0,1.0,LOW_POWER_TOKEN,LOW_SUPPORT_OR_POLYFUNCTIONAL,LOW,"f107r.5,+P0",S|B|3|paragraph_continuation:1/R00
chokcheey,1,1,R00,1.0,0.0,1.0,1.0,1,0,0,0,G3C,1.0,0.0,1.0,1,H,1.0,0.0,1,A,1.0,0.0,1,1,1.0,0.0,1,paragraph_continuation,1.0,0.0,1.0,LOW_POWER_TOKEN,LOW_SUPPORT_OR_POLYFUNCTIONAL,LOW,"f30v.11,+P0",H|A|1|paragraph_continuation:1/R00
chokchol,1,1,R07,1.0,0.0,1.0,1.0,1,0,0,0,G3C,1.0,0.0,1.0,1,H,1.0,0.0,1,A,1.0,0.0,1,1,1.0,0.0,1,paragraph_continuation,1.0,0.0,1.0,LOW_POWER_TOKEN,LOW_SUPPORT_OR_POLYFUNCTIONAL,LOW,"f56v.6,+P0",H|A|1|paragraph_continuation:1/R07
chokedair,1,1,R00,1.0,0.0,1.0,1.0,1,0,0,0,G1,1.0,0.0,1.0,1,S,1.0,0.0,1,B,1.0,0.0,1,3,1.0,0.0,1,paragraph_continuation,1.0,0.0,1.0,LOW_POWER_TOKEN,LOW_SUPPORT_OR_POLYFUNCTIONAL,LOW,"f111v.4,+P0",S|B|3|paragraph_continuation:1/R00
chokeey,1,1,R00,1.0,0.0,1.0,1.0,1,0,0,0,G2,1.0,0.0,1.0,1,S,1.0,0.0,1,A,1.0,0.0,1,3,1.0,0.0,1,paragraph_continuation,1.0,0.0,1.0,LOW_POWER_TOKEN,LOW_SUPPORT_OR_POLYFUNCTIONAL,LOW,"f58v.19,+P0",S|A|3|paragraph_continuation:1/R00
chokeod,1,1,R00,1.0,0.0,1.0,1.0,1,0,0,0,G3C,1.0,0.0,1.0,1,C,1.0,0.0,1,nan,1.0,0.0,1,4,1.0,0.0,1,radial/ring_text,1.0,0.0,1.0,LOW_POWER_TOKEN,LOW_SUPPORT_OR_POLYFUNCTIONAL,LOW,"f69r.41,@Ro",C||4|radial/ring_text:1/R00
chokeol,1,1,R00,1.0,0.0,1.0,1.0,1,0,0,0,G3C,1.0,0.0,1.0,1,H,1.0,0.0,1,A,1.0,0.0,1,1,1.0,0.0,1,paragraph_continuation,1.0,0.0,1.0,LOW_POWER_TOKEN,LOW_SUPPORT_OR_POLYFUNCTIONAL,LOW,"f32r.17,+P0",H|A|1|paragraph_continuation:1/R00
chokey,1,1,R00,1.0,0.0,1.0,1.0,1,0,0,0,G3C,1.0,0.0,1.0,1,H,1.0,0.0,1,A,1.0,0.0,1,1,1.0,0.0,1,paragraph_continuation,1.0,0.0,1.0,LOW_POWER_TOKEN,LOW_SUPPORT_OR_POLYFUNCTIONAL,LOW,"f42v.15,+P0",H|A|1|paragraph_continuation:1/R00
chokody,1,1,R00,1.0,0.0,1.0,1.0,1,0,0,0,G2,1.0,0.0,1.0,1,H,1.0,0.0,1,A,1.0,0.0,1,1,1.0,0.0,1,paragraph_continuation,1.0,0.0,1.0,LOW_POWER_TOKEN,LOW_SUPPORT_OR_POLYFUNCTIONAL,LOW,"f4v.13,+P0",H|A|1|paragraph_continuation:1/R00
chokolg,1,1,R00,1.0,0.0,1.0,1.0,1,0,0,0,G3C,1.0,0.0,1.0,1,H,1.0,0.0,1,A,1.0,0.0,1,1,1.0,0.0,1,paragraph_continuation,1.0,0.0,1.0,LOW_POWER_TOKEN,LOW_SUPPORT_OR_POLYFUNCTIONAL,LOW,"f47r.5,+P0",H|A|1|paragraph_continuation:1/R00
chokshor,1,1,R00,1.0,0.0,1.0,1.0,1,0,0,0,G3C,1.0,0.0,1.0,1,H,1.0,0.0,1,A,1.0,0.0,1,1,1.0,0.0,1,paragraph_continuation,1.0,0.0,1.0,LOW_POWER_TOKEN,LOW_SUPPORT_OR_POLYFUNCTIONAL,LOW,"f14v.8,+P0",H|A|1|paragraph_continuation:1/R00
cholal,1,1,R07,1.0,0.0,1.0,1.0,1,0,0,0,G2,1.0,0.0,1.0,1,H,1.0,0.0,1,B,1.0,0.0,1,2,1.0,0.0,1,paragraph_continuation,1.0,0.0,1.0,LOW_POWER_TOKEN,LOW_SUPPORT_OR_POLYFUNCTIONAL,LOW,"f39r.7,+P0",H|B|2|paragraph_continuation:1/R07
cholam,1,1,R07,1.0,0.0,1.0,1.0,1,0,0,0,G3C,1.0,0.0,1.0,1,C,1.0,0.0,1,nan,1.0,0.0,1,4,1.0,0.0,1,&L,1.0,0.0,1.0,LOW_POWER_TOKEN,LOW_SUPPORT_OR_POLYFUNCTIONAL,LOW,"f69r.13,&L0",C||4|&L:1/R07
cholar,1,1,R07,1.0,0.0,1.0,1.0,1,0,0,0,G3C,1.0,0.0,1.0,1,A,1.0,0.0,1,nan,1.0,0.0,1,4,1.0,0.0,1,label_or_marginal,1.0,0.0,1.0,LOW_POWER_TOKEN,LOW_SUPPORT_OR_POLYFUNCTIONAL,LOW,"f68r2.19,@Ls",A||4|label_or_marginal:1/R07
cholcheky,1,1,R07,1.0,0.0,1.0,1.0,1,0,0,0,G1,1.0,0.0,1.0,1,H,1.0,0.0,1,A,1.0,0.0,1,1,1.0,0.0,1,paragraph_continuation,1.0,0.0,1.0,LOW_POWER_TOKEN,LOW_SUPPORT_OR_POLYFUNCTIONAL,LOW,"f10v.7,+P0",H|A|1|paragraph_continuation:1/R07
cholcthom,1,1,R07,1.0,0.0,1.0,1.0,1,0,0,0,G3C,1.0,0.0,1.0,1,H,1.0,0.0,1,A,1.0,0.0,1,1,1.0,0.0,1,paragraph_continuation,1.0,0.0,1.0,LOW_POWER_TOKEN,LOW_SUPPORT_OR_POLYFUNCTIONAL,LOW,"f3r.10,+P0",H|A|1|paragraph_continuation:1/R07
choldaiin,1,1,R07,1.0,0.0,1.0,1.0,1,0,0,0,G1,1.0,0.0,1.0,1,H,1.0,0.0,1,A,1.0,0.0,1,1,1.0,0.0,1,paragraph_continuation,1.0,0.0,1.0,LOW_POWER_TOKEN,LOW_SUPPORT_OR_POLYFUNCTIONAL,LOW,"f17v.8,+P0",H|A|1|paragraph_continuation:1/R07
choldam,1,1,R07,1.0,0.0,1.0,1.0,1,0,0,0,G1,1.0,0.0,1.0,1,H,1.0,0.0,1,A,1.0,0.0,1,1,1.0,0.0,1,paragraph_continuation,1.0,0.0,1.0,LOW_POWER_TOKEN,LOW_SUPPORT_OR_POLYFUNCTIONAL,LOW,"f44r.10,+P0",H|A|1|paragraph_continuation:1/R07
choldydy,1,1,R07,1.0,0.0,1.0,1.0,1,0,0,0,G1,1.0,0.0,1.0,1,H,1.0,0.0,1,A,1.0,0.0,1,1,1.0,0.0,1,paragraph_continuation,1.0,0.0,1.0,LOW_POWER_TOKEN,LOW_SUPPORT_OR_POLYFUNCTIONAL,LOW,"f11v.3,+P0",H|A|1|paragraph_continuation:1/R07
choleey,1,1,R07,1.0,0.0,1.0,1.0,1,0,0,0,G3C,1.0,0.0,1.0,1,Z,1.0,0.0,1,nan,1.0,0.0,1,4,1.0,0.0,1,label_or_marginal,1.0,0.0,1.0,LOW_POWER_TOKEN,LOW_SUPPORT_OR_POLYFUNCTIONAL,LOW,"f72v3.21,@Lz",Z||4|label_or_marginal:1/R07
cholkar,1,1,R07,1.0,0.0,1.0,1.0,1,0,0,0,G1,1.0,0.0,1.0,1,T,1.0,0.0,1,B,1.0,0.0,1,2,1.0,0.0,1,paragraph_continuation,1.0,0.0,1.0,LOW_POWER_TOKEN,LOW_SUPPORT_OR_POLYFUNCTIONAL,LOW,"f86v6.19,+P0",T|B|2|paragraph_continuation:1/R07
cholkeechy,1,1,R07,1.0,0.0,1.0,1.0,1,0,0,0,G2,1.0,0.0,1.0,1,S,1.0,0.0,1,B,1.0,0.0,1,3,1.0,0.0,1,paragraph_continuation,1.0,0.0,1.0,LOW_POWER_TOKEN,LOW_SUPPORT_OR_POLYFUNCTIONAL,LOW,"f103v.38,+P0",S|B|3|paragraph_continuation:1/R07
cholkshedy,1,1,R07,1.0,0.0,1.0,1.0,1,0,0,0,G1,1.0,0.0,1.0,1,S,1.0,0.0,1,B,1.0,0.0,1,3,1.0,0.0,1,paragraph_continuation,1.0,0.0,1.0,LOW_POWER_TOKEN,LOW_SUPPORT_OR_POLYFUNCTIONAL,LOW,"f104v.19,+P0",S|B|3|paragraph_continuation:1/R07
cholo,1,1,R00,1.0,0.0,1.0,1.0,1,0,0,0,G1,1.0,0.0,1.0,1,B,1.0,0.0,1,B,1.0,0.0,1,2,1.0,0.0,1,paragraph_continuation,1.0,0.0,1.0,LOW_POWER_TOKEN,LOW_SUPPORT_OR_POLYFUNCTIONAL,LOW,"f79r.8,+P0",B|B|2|paragraph_continuation:1/R00
cholol,1,1,R07,1.0,0.0,1.0,1.0,1,0,0,0,G1,1.0,0.0,1.0,1,H,1.0,0.0,1,A,1.0,0.0,1,1,1.0,0.0,1,paragraph_continuation,1.0,0.0,1.0,LOW_POWER_TOKEN,LOW_SUPPORT_OR_POLYFUNCTIONAL,LOW,"f21r.6,+P0",H|A|1|paragraph_continuation:1/R07
chololy,1,1,R07,1.0,0.0,1.0,1.0,1,0,0,0,G1,1.0,0.0,1.0,1,H,1.0,0.0,1,A,1.0,0.0,1,1,1.0,0.0,1,paragraph_continuation,1.0,0.0,1.0,LOW_POWER_TOKEN,LOW_SUPPORT_OR_POLYFUNCTIONAL,LOW,"f3r.5,+P0",H|A|1|paragraph_continuation:1/R07
cholor,1,1,R07,1.0,0.0,1.0,1.0,1,0,0,0,G2,1.0,0.0,1.0,1,S,1.0,0.0,1,B,1.0,0.0,1,3,1.0,0.0,1,paragraph_continuation,1.0,0.0,1.0,LOW_POWER_TOKEN,LOW_SUPPORT_OR_POLYFUNCTIONAL,LOW,"f107r.28,+P0",S|B|3|paragraph_continuation:1/R07
cholshal,1,1,R07,1.0,0.0,1.0,1.0,1,0,0,0,G3C,1.0,0.0,1.0,1,H,1.0,0.0,1,A,1.0,0.0,1,1,1.0,0.0,1,paragraph_continuation,1.0,0.0,1.0,LOW_POWER_TOKEN,LOW_SUPPORT_OR_POLYFUNCTIONAL,LOW,"f32v.6,+P0",H|A|1|paragraph_continuation:1/R07
choltar,1,1,R07,1.0,0.0,1.0,1.0,1,0,0,0,G1,1.0,0.0,1.0,1,S,1.0,0.0,1,B,1.0,0.0,1,3,1.0,0.0,1,paragraph_continuation,1.0,0.0,1.0,LOW_POWER_TOKEN,LOW_SUPPORT_OR_POLYFUNCTIONAL,LOW,"f113v.8,+P0",S|B|3|paragraph_continuation:1/R07
chopchey,1,1,R00,1.0,0.0,1.0,1.0,1,0,0,0,G3C,1.0,0.0,1.0,1,S,1.0,0.0,1,B,1.0,0.0,1,3,1.0,0.0,1,paragraph_continuation,1.0,0.0,1.0,LOW_POWER_TOKEN,LOW_SUPPORT_OR_POLYFUNCTIONAL,LOW,"f113r.24,+P0",S|B|3|paragraph_continuation:1/R00
chopchy,1,1,R00,1.0,0.0,1.0,1.0,1,0,0,0,G2,1.0,0.0,1.0,1,H,1.0,0.0,1,A,1.0,0.0,1,1,1.0,0.0,1,paragraph_start,1.0,0.0,1.0,LOW_POWER_TOKEN,LOW_SUPPORT_OR_POLYFUNCTIONAL,LOW,"f4v.1,@P0",H|A|1|paragraph_start:1/R00
chopol,1,1,R00,1.0,0.0,1.0,1.0,1,0,0,0,G3C,1.0,0.0,1.0,1,H,1.0,0.0,1,A,1.0,0.0,1,1,1.0,0.0,1,paragraph_start,1.0,0.0,1.0,LOW_POWER_TOKEN,LOW_SUPPORT_OR_POLYFUNCTIONAL,LOW,"f14r.1,@P0",H|A|1|paragraph_start:1/R00
chopy,1,1,R00,1.0,0.0,1.0,1.0,1,0,0,0,G3C,1.0,0.0,1.0,1,H,1.0,0.0,1,A,1.0,0.0,1,1,1.0,0.0,1,paragraph_start,1.0,0.0,1.0,LOW_POWER_TOKEN,LOW_SUPPORT_OR_POLYFUNCTIONAL,LOW,"f8r.1,@P0",H|A|1|paragraph_start:1/R00
choraiin,1,1,R00,1.0,0.0,1.0,1.0,1,0,0,0,G2,1.0,0.0,1.0,1,P,1.0,0.0,1,A,1.0,0.0,1,1,1.0,0.0,1,paragraph_continuation,1.0,0.0,1.0,LOW_POWER_TOKEN,LOW_SUPPORT_OR_POLYFUNCTIONAL,LOW,"f102v1.10,+P0",P|A|1|paragraph_continuation:1/R00
chorcheey,1,1,R00,1.0,0.0,1.0,1.0,1,0,0,0,G3C,1.0,0.0,1.0,1,H,1.0,0.0,1,A,1.0,0.0,1,1,1.0,0.0,1,paragraph_continuation,1.0,0.0,1.0,LOW_POWER_TOKEN,LOW_SUPPORT_OR_POLYFUNCTIONAL,LOW,"f20r.13,+P0",H|A|1|paragraph_continuation:1/R00
chorcholsal,1,1,R07,1.0,0.0,1.0,1.0,1,0,0,0,G3C,1.0,0.0,1.0,1,P,1.0,0.0,1,A,1.0,0.0,1,1,1.0,0.0,1,paragraph_continuation,1.0,0.0,1.0,LOW_POWER_TOKEN,LOW_SUPPORT_OR_POLYFUNCTIONAL,LOW,"f88r.22,+P0",P|A|1|paragraph_continuation:1/R07
chordy,1,1,R00,1.0,0.0,1.0,1.0,1,0,0,0,G3C,1.0,0.0,1.0,1,H,1.0,0.0,1,A,1.0,0.0,1,1,1.0,0.0,1,paragraph_continuation,1.0,0.0,1.0,LOW_POWER_TOKEN,LOW_SUPPORT_OR_POLYFUNCTIONAL,LOW,"f19r.2,+P0",H|A|1|paragraph_continuation:1/R00
chorly,1,1,R00,1.0,0.0,1.0,1.0,1,0,0,0,G3C,1.0,0.0,1.0,1,H,1.0,0.0,1,A,1.0,0.0,1,1,1.0,0.0,1,paragraph_continuation,1.0,0.0,1.0,LOW_POWER_TOKEN,LOW_SUPPORT_OR_POLYFUNCTIONAL,LOW,"f24r.20,+Pc",H|A|1|paragraph_continuation:1/R00
chorol,1,1,R00,1.0,0.0,1.0,1.0,1,0,0,0,G1,1.0,0.0,1.0,1,S,1.0,0.0,1,B,1.0,0.0,1,3,1.0,0.0,1,paragraph_continuation,1.0,0.0,1.0,LOW_POWER_TOKEN,LOW_SUPPORT_OR_POLYFUNCTIONAL,LOW,"f104v.20,+P0",S|B|3|paragraph_continuation:1/R00
choror,1,1,R00,1.0,0.0,1.0,1.0,1,0,0,0,G3C,1.0,0.0,1.0,1,H,1.0,0.0,1,A,1.0,0.0,1,1,1.0,0.0,1,paragraph_continuation,1.0,0.0,1.0,LOW_POWER_TOKEN,LOW_SUPPORT_OR_POLYFUNCTIONAL,LOW,"f42r.22,+P0",H|A|1|paragraph_continuation:1/R00
choross,1,1,R00,1.0,0.0,1.0,1.0,1,0,0,0,G3C,1.0,0.0,1.0,1,H,1.0,0.0,1,A,1.0,0.0,1,1,1.0,0.0,1,paragraph_continuation,1.0,0.0,1.0,LOW_POWER_TOKEN,LOW_SUPPORT_OR_POLYFUNCTIONAL,LOW,"f15r.11,+P0",H|A|1|paragraph_continuation:1/R00
chosar,1,1,R00,1.0,0.0,1.0,1.0,1,0,0,0,G3C,1.0,0.0,1.0,1,Z,1.0,0.0,1,nan,1.0,0.0,1,4,1.0,0.0,1,&L,1.0,0.0,1.0,LOW_POWER_TOKEN,LOW_SUPPORT_OR_POLYFUNCTIONAL,LOW,"f72r2.28,&Lz",Z||4|&L:1/R00
chosaroshol,1,1,R00,1.0,0.0,1.0,1.0,1,0,0,0,G3C,1.0,0.0,1.0,1,P,1.0,0.0,1,A,1.0,0.0,1,1,1.0,0.0,1,label_or_marginal,1.0,0.0,1.0,LOW_POWER_TOKEN,LOW_SUPPORT_OR_POLYFUNCTIONAL,LOW,"f100r.1,@Lf",P|A|1|label_or_marginal:1/R00
chosolols,1,1,R00,1.0,0.0,1.0,1.0,1,0,0,0,G2,1.0,0.0,1.0,1,H,1.0,0.0,1,A,1.0,0.0,1,1,1.0,0.0,1,paragraph_continuation,1.0,0.0,1.0,LOW_POWER_TOKEN,LOW_SUPPORT_OR_POLYFUNCTIONAL,LOW,"f90v2.5,+P0",H|A|1|paragraph_continuation:1/R00
chot,1,1,R00,1.0,0.0,1.0,1.0,1,0,0,0,G1,1.0,0.0,1.0,1,S,1.0,0.0,1,B,1.0,0.0,1,@,1.0,0.0,1,paragraph_continuation,1.0,0.0,1.0,LOW_POWER_TOKEN,LOW_SUPPORT_OR_POLYFUNCTIONAL,LOW,"f115r.38,+P0",S|B|@|paragraph_continuation:1/R00
chotain,1,1,R00,1.0,0.0,1.0,1.0,1,0,0,0,G3C,1.0,0.0,1.0,1,H,1.0,0.0,1,A,1.0,0.0,1,1,1.0,0.0,1,paragraph_continuation,1.0,0.0,1.0,LOW_POWER_TOKEN,LOW_SUPPORT_OR_POLYFUNCTIONAL,LOW,"f8v.7,+P0",H|A|1|paragraph_continuation:1/R00
chotals,1,1,R00,1.0,0.0,1.0,1.0,1,0,0,0,G1,1.0,0.0,1.0,1,C,1.0,0.0,1,nan,1.0,0.0,1,4,1.0,0.0,1,paragraph_continuation,1.0,0.0,1.0,LOW_POWER_TOKEN,LOW_SUPPORT_OR_POLYFUNCTIONAL,LOW,"f70r2.11,+P1",C||4|paragraph_continuation:1/R00
chotar,1,1,R00,1.0,0.0,1.0,1.0,1,0,0,0,G3C,1.0,0.0,1.0,1,H,1.0,0.0,1,A,1.0,0.0,1,1,1.0,0.0,1,paragraph_continuation,1.0,0.0,1.0,LOW_POWER_TOKEN,LOW_SUPPORT_OR_POLYFUNCTIONAL,LOW,"f42r.3,+P0",H|A|1|paragraph_continuation:1/R00
chotchedy,1,1,R00,1.0,0.0,1.0,1.0,1,0,0,0,G2,1.0,0.0,1.0,1,S,1.0,0.0,1,B,1.0,0.0,1,3,1.0,0.0,1,paragraph_continuation,1.0,0.0,1.0,LOW_POWER_TOKEN,LOW_SUPPORT_OR_POLYFUNCTIONAL,LOW,"f107r.6,+P0",S|B|3|paragraph_continuation:1/R00
chotchy,1,1,R01,1.0,0.0,1.0,1.0,1,0,0,0,G1,1.0,0.0,1.0,1,H,1.0,0.0,1,A,1.0,0.0,1,1,1.0,0.0,1,paragraph_continuation,1.0,0.0,1.0,LOW_POWER_TOKEN,LOW_SUPPORT_OR_POLYFUNCTIONAL,LOW,"f28r.4,+P0",H|A|1|paragraph_continuation:1/R01
chotols,1,1,R00,1.0,0.0,1.0,1.0,1,0,0,0,G3C,1.0,0.0,1.0,1,H,1.0,0.0,1,A,1.0,0.0,1,1,1.0,0.0,1,paragraph_continuation,1.0,0.0,1.0,LOW_POWER_TOKEN,LOW_SUPPORT_OR_POLYFUNCTIONAL,LOW,"f6r.2,+P0",H|A|1|paragraph_continuation:1/R00
chotom,1,1,R00,1.0,0.0,1.0,1.0,1,0,0,0,G3C,1.0,0.0,1.0,1,H,1.0,0.0,1,A,1.0,0.0,1,1,1.0,0.0,1,paragraph_continuation,1.0,0.0,1.0,LOW_POWER_TOKEN,LOW_SUPPORT_OR_POLYFUNCTIONAL,LOW,"f17r.12,+P0",H|A|1|paragraph_continuation:1/R00
chotor,1,1,R00,1.0,0.0,1.0,1.0,1,0,0,0,G1,1.0,0.0,1.0,1,P,1.0,0.0,1,A,1.0,0.0,1,1,1.0,0.0,1,paragraph_continuation,1.0,0.0,1.0,LOW_POWER_TOKEN,LOW_SUPPORT_OR_POLYFUNCTIONAL,LOW,"f100v.17,+P0",P|A|1|paragraph_continuation:1/R00
chots,1,1,R00,1.0,0.0,1.0,1.0,1,0,0,0,G3C,1.0,0.0,1.0,1,H,1.0,0.0,1,A,1.0,0.0,1,1,1.0,0.0,1,paragraph_continuation,1.0,0.0,1.0,LOW_POWER_TOKEN,LOW_SUPPORT_OR_POLYFUNCTIONAL,LOW,"f5v.2,+P0",H|A|1|paragraph_continuation:1/R00
chotshol,1,1,R08,1.0,0.0,1.0,1.0,1,0,0,0,G3C,1.0,0.0,1.0,1,H,1.0,0.0,1,A,1.0,0.0,1,1,1.0,0.0,1,paragraph_terminal_or_label,1.0,0.0,1.0,LOW_POWER_TOKEN,LOW_SUPPORT_OR_POLYFUNCTIONAL,LOW,"f49v.8,=P0",H|A|1|paragraph_terminal_or_label:1/R08
chotyr,1,1,R00,1.0,0.0,1.0,1.0,1,0,0,0,G1,1.0,0.0,1.0,1,S,1.0,0.0,1,B,1.0,0.0,1,3,1.0,0.0,1,paragraph_continuation,1.0,0.0,1.0,LOW_POWER_TOKEN,LOW_SUPPORT_OR_POLYFUNCTIONAL,LOW,"f112r.11,+P0",S|B|3|paragraph_continuation:1/R00
chpcheor,1,1,R00,1.0,0.0,1.0,1.0,1,0,0,0,G1,1.0,0.0,1.0,1,S,1.0,0.0,1,B,1.0,0.0,1,3,1.0,0.0,1,paragraph_continuation,1.0,0.0,1.0,LOW_POWER_TOKEN,LOW_SUPPORT_OR_POLYFUNCTIONAL,LOW,"f104v.19,+P0",S|B|3|paragraph_continuation:1/R00
chpcheos,1,1,R00,1.0,0.0,1.0,1.0,1,0,0,0,G3C,1.0,0.0,1.0,1,H,1.0,0.0,1,A,1.0,0.0,1,1,1.0,0.0,1,paragraph_start,1.0,0.0,1.0,LOW_POWER_TOKEN,LOW_SUPPORT_OR_POLYFUNCTIONAL,LOW,"f19v.1,@P0",H|A|1|paragraph_start:1/R00
chsaly,1,1,R00,1.0,0.0,1.0,1.0,1,0,0,0,G2,1.0,0.0,1.0,1,S,1.0,0.0,1,B,1.0,0.0,1,3,1.0,0.0,1,paragraph_continuation,1.0,0.0,1.0,LOW_POWER_TOKEN,LOW_SUPPORT_OR_POLYFUNCTIONAL,LOW,"f103v.42,+P0",S|B|3|paragraph_continuation:1/R00
chshoty,1,1,R00,1.0,0.0,1.0,1.0,1,0,0,0,G3C,1.0,0.0,1.0,1,H,1.0,0.0,1,A,1.0,0.0,1,1,1.0,0.0,1,paragraph_continuation,1.0,0.0,1.0,LOW_POWER_TOKEN,LOW_SUPPORT_OR_POLYFUNCTIONAL,LOW,"f9v.11,+P0",H|A|1|paragraph_continuation:1/R00
chtain,1,1,R00,1.0,0.0,1.0,1.0,1,0,0,0,G3C,1.0,0.0,1.0,1,H,1.0,0.0,1,A,1.0,0.0,1,1,1.0,0.0,1,paragraph_continuation,1.0,0.0,1.0,LOW_POWER_TOKEN,LOW_SUPPORT_OR_POLYFUNCTIONAL,LOW,"f36v.14,+P1",H|A|1|paragraph_continuation:1/R00
chtairy,1,1,R00,1.0,0.0,1.0,1.0,1,0,0,0,G3C,1.0,0.0,1.0,1,C,1.0,0.0,1,nan,1.0,0.0,1,4,1.0,0.0,1,&L,1.0,0.0,1.0,LOW_POWER_TOKEN,LOW_SUPPORT_OR_POLYFUNCTIONAL,LOW,"f69r.11,&L0",C||4|&L:1/R00
chtalsam,1,1,R00,1.0,0.0,1.0,1.0,1,0,0,0,G2,1.0,0.0,1.0,1,S,1.0,0.0,1,B,1.0,0.0,1,3,1.0,0.0,1,paragraph_continuation,1.0,0.0,1.0,LOW_POWER_TOKEN,LOW_SUPPORT_OR_POLYFUNCTIONAL,LOW,"f111v.34,+P0",S|B|3|paragraph_continuation:1/R00
chtaly,1,1,R00,1.0,0.0,1.0,1.0,1,0,0,0,G3C,1.0,0.0,1.0,1,C,1.0,0.0,1,nan,1.0,0.0,1,4,1.0,0.0,1,&L,1.0,0.0,1.0,LOW_POWER_TOKEN,LOW_SUPPORT_OR_POLYFUNCTIONAL,LOW,"f69r.6,&L0",C||4|&L:1/R00
chtam,1,1,R00,1.0,0.0,1.0,1.0,1,0,0,0,G2,1.0,0.0,1.0,1,P,1.0,0.0,1,A,1.0,0.0,1,1,1.0,0.0,1,paragraph_continuation,1.0,0.0,1.0,LOW_POWER_TOKEN,LOW_SUPPORT_OR_POLYFUNCTIONAL,LOW,"f88v.18,+P0",P|A|1|paragraph_continuation:1/R00
chtchor,1,1,R00,1.0,0.0,1.0,1.0,1,0,0,0,G3C,1.0,0.0,1.0,1,H,1.0,0.0,1,A,1.0,0.0,1,1,1.0,0.0,1,paragraph_continuation,1.0,0.0,1.0,LOW_POWER_TOKEN,LOW_SUPPORT_OR_POLYFUNCTIONAL,LOW,"f10r.4,+P0",H|A|1|paragraph_continuation:1/R00
chtchy,1,1,R00,1.0,0.0,1.0,1.0,1,0,0,0,G3C,1.0,0.0,1.0,1,P,1.0,0.0,1,A,1.0,0.0,1,1,1.0,0.0,1,label_or_marginal,1.0,0.0,1.0,LOW_POWER_TOKEN,LOW_SUPPORT_OR_POLYFUNCTIONAL,LOW,"f89v2.25,@Lf",P|A|1|label_or_marginal:1/R00
chtey,1,1,R00,1.0,0.0,1.0,1.0,1,0,0,0,G2,1.0,0.0,1.0,1,H,1.0,0.0,1,B,1.0,0.0,1,2,1.0,0.0,1,paragraph_continuation,1.0,0.0,1.0,LOW_POWER_TOKEN,LOW_SUPPORT_OR_POLYFUNCTIONAL,LOW,"f43v.5,+P0",H|B|2|paragraph_continuation:1/R00
chtody,1,1,R00,1.0,0.0,1.0,1.0,1,0,0,0,G3C,1.0,0.0,1.0,1,H,1.0,0.0,1,A,1.0,0.0,1,1,1.0,0.0,1,paragraph_continuation,1.0,0.0,1.0,LOW_POWER_TOKEN,LOW_SUPPORT_OR_POLYFUNCTIONAL,LOW,"f4v.14,+P0",H|A|1|paragraph_continuation:1/R00
chtol,1,1,R00,1.0,0.0,1.0,1.0,1,0,0,0,G1,1.0,0.0,1.0,1,H,1.0,0.0,1,A,1.0,0.0,1,1,1.0,0.0,1,paragraph_continuation,1.0,0.0,1.0,LOW_POWER_TOKEN,LOW_SUPPORT_OR_POLYFUNCTIONAL,LOW,"f28r.4,+P0",H|A|1|paragraph_continuation:1/R00
chtols,1,1,R00,1.0,0.0,1.0,1.0,1,0,0,0,G3C,1.0,0.0,1.0,1,H,1.0,0.0,1,A,1.0,0.0,1,1,1.0,0.0,1,paragraph_start,1.0,0.0,1.0,LOW_POWER_TOKEN,LOW_SUPPORT_OR_POLYFUNCTIONAL,LOW,"f15r.1,@P0",H|A|1|paragraph_start:1/R00
chtorol,1,1,R00,1.0,0.0,1.0,1.0,1,0,0,0,G3C,1.0,0.0,1.0,1,B,1.0,0.0,1,B,1.0,0.0,1,2,1.0,0.0,1,label_or_marginal,1.0,0.0,1.0,LOW_POWER_TOKEN,LOW_SUPPORT_OR_POLYFUNCTIONAL,LOW,"f83r.45,@Lt",B|B|2|label_or_marginal:1/R00
chtshar,1,1,R00,1.0,0.0,1.0,1.0,1,0,0,0,G3C,1.0,0.0,1.0,1,H,1.0,0.0,1,A,1.0,0.0,1,1,1.0,0.0,1,paragraph_continuation,1.0,0.0,1.0,LOW_POWER_TOKEN,LOW_SUPPORT_OR_POLYFUNCTIONAL,LOW,"f42r.3,+P0",H|A|1|paragraph_continuation:1/R00
chty,1,1,R00,1.0,0.0,1.0,1.0,1,0,0,0,G2,1.0,0.0,1.0,1,H,1.0,0.0,1,B,1.0,0.0,1,2,1.0,0.0,1,paragraph_continuation,1.0,0.0,1.0,LOW_POWER_TOKEN,LOW_SUPPORT_OR_POLYFUNCTIONAL,LOW,"f34r.11,+P0",H|B|2|paragraph_continuation:1/R00
chykchy,1,1,R00,1.0,0.0,1.0,1.0,1,0,0,0,G3C,1.0,0.0,1.0,1,A,1.0,0.0,1,nan,1.0,0.0,1,4,1.0,0.0,1,paragraph_continuation,1.0,0.0,1.0,LOW_POWER_TOKEN,LOW_SUPPORT_OR_POLYFUNCTIONAL,LOW,"f68r2.5,+P0",A||4|paragraph_continuation:1/R00
chykey,1,1,R00,1.0,0.0,1.0,1.0,1,0,0,0,G3C,1.0,0.0,1.0,1,H,1.0,0.0,1,A,1.0,0.0,1,1,1.0,0.0,1,paragraph_continuation,1.0,0.0,1.0,LOW_POWER_TOKEN,LOW_SUPPORT_OR_POLYFUNCTIONAL,LOW,"f4v.14,+P0",H|A|1|paragraph_continuation:1/R00
chyky,1,1,R00,1.0,0.0,1.0,1.0,1,0,0,0,G1,1.0,0.0,1.0,1,H,1.0,0.0,1,A,1.0,0.0,1,1,1.0,0.0,1,paragraph_continuation,1.0,0.0,1.0,LOW_POWER_TOKEN,LOW_SUPPORT_OR_POLYFUNCTIONAL,LOW,"f10v.7,+P0",H|A|1|paragraph_continuation:1/R00
chypcham,1,1,R00,1.0,0.0,1.0,1.0,1,0,0,0,G3C,1.0,0.0,1.0,1,H,1.0,0.0,1,A,1.0,0.0,1,1,1.0,0.0,1,paragraph_continuation,1.0,0.0,1.0,LOW_POWER_TOKEN,LOW_SUPPORT_OR_POLYFUNCTIONAL,LOW,"f17r.9,+P0",H|A|1|paragraph_continuation:1/R00
chytos,1,1,R00,1.0,0.0,1.0,1.0,1,0,0,0,G3C,1.0,0.0,1.0,1,C,1.0,0.0,1,nan,1.0,0.0,1,4,1.0,0.0,1,&L,1.0,0.0,1.0,LOW_POWER_TOKEN,LOW_SUPPORT_OR_POLYFUNCTIONAL,LOW,"f69r.16,&L0",C||4|&L:1/R00
ckh,1,1,R00,1.0,0.0,1.0,1.0,1,0,0,0,G3C,1.0,0.0,1.0,1,H,1.0,0.0,1,A,1.0,0.0,1,1,1.0,0.0,1,paragraph_continuation,1.0,0.0,1.0,LOW_POWER_TOKEN,LOW_SUPPORT_OR_POLYFUNCTIONAL,LOW,"f3v.5,+P0",H|A|1|paragraph_continuation:1/R00
ckhal,1,1,R00,1.0,0.0,1.0,1.0,1,0,0,0,G3C,1.0,0.0,1.0,1,H,1.0,0.0,1,A,1.0,0.0,1,1,1.0,0.0,1,paragraph_continuation,1.0,0.0,1.0,LOW_POWER_TOKEN,LOW_SUPPORT_OR_POLYFUNCTIONAL,LOW,"f6v.17,+P0",H|A|1|paragraph_continuation:1/R00
ckham,1,1,R00,1.0,0.0,1.0,1.0,1,0,0,0,G3C,1.0,0.0,1.0,1,H,1.0,0.0,1,A,1.0,0.0,1,1,1.0,0.0,1,paragraph_continuation,1.0,0.0,1.0,LOW_POWER_TOKEN,LOW_SUPPORT_OR_POLYFUNCTIONAL,LOW,"f6r.6,+P0",H|A|1|paragraph_continuation:1/R00
ckheo,1,1,R00,1.0,0.0,1.0,1.0,1,0,0,0,G2,1.0,0.0,1.0,1,H,1.0,0.0,1,A,1.0,0.0,1,1,1.0,0.0,1,paragraph_continuation,1.0,0.0,1.0,LOW_POWER_TOKEN,LOW_SUPPORT_OR_POLYFUNCTIONAL,LOW,"f90r2.2,+P0",H|A|1|paragraph_continuation:1/R00
ckhockhy,1,1,R00,1.0,0.0,1.0,1.0,1,0,0,0,G3C,1.0,0.0,1.0,1,H,1.0,0.0,1,A,1.0,0.0,1,1,1.0,0.0,1,paragraph_continuation,1.0,0.0,1.0,LOW_POWER_TOKEN,LOW_SUPPORT_OR_POLYFUNCTIONAL,LOW,"f1v.3,+P0",H|A|1|paragraph_continuation:1/R00
ckhocthy,1,1,R04,1.0,0.0,1.0,1.0,1,0,0,0,G3C,1.0,0.0,1.0,1,H,1.0,0.0,1,A,1.0,0.0,1,1,1.0,0.0,1,paragraph_continuation,1.0,0.0,1.0,LOW_POWER_TOKEN,LOW_SUPPORT_OR_POLYFUNCTIONAL,LOW,"f96r.7,+P0",H|A|1|paragraph_continuation:1/R04
ckhody,1,1,R00,1.0,0.0,1.0,1.0,1,0,0,0,G3C,1.0,0.0,1.0,1,H,1.0,0.0,1,A,1.0,0.0,1,1,1.0,0.0,1,paragraph_continuation,1.0,0.0,1.0,LOW_POWER_TOKEN,LOW_SUPPORT_OR_POLYFUNCTIONAL,LOW,"f51r.2,+P0",H|A|1|paragraph_continuation:1/R00
ckhos,1,1,R00,1.0,0.0,1.0,1.0,1,0,0,0,G3C,1.0,0.0,1.0,1,H,1.0,0.0,1,A,1.0,0.0,1,1,1.0,0.0,1,paragraph_continuation,1.0,0.0,1.0,LOW_POWER_TOKEN,LOW_SUPPORT_OR_POLYFUNCTIONAL,LOW,"f56v.6,+P0",H|A|1|paragraph_continuation:1/R00
ckhs,1,1,R00,1.0,0.0,1.0,1.0,1,0,0,0,G2,1.0,0.0,1.0,1,H,1.0,0.0,1,A,1.0,0.0,1,1,1.0,0.0,1,paragraph_continuation,1.0,0.0,1.0,LOW_POWER_TOKEN,LOW_SUPPORT_OR_POLYFUNCTIONAL,LOW,"f90r2.2,+P0",H|A|1|paragraph_continuation:1/R00
cphaiin,1,1,R00,1.0,0.0,1.0,1.0,1,0,0,0,G3C,1.0,0.0,1.0,1,H,1.0,0.0,1,A,1.0,0.0,1,1,1.0,0.0,1,paragraph_continuation,1.0,0.0,1.0,LOW_POWER_TOKEN,LOW_SUPPORT_OR_POLYFUNCTIONAL,LOW,"f37v.14,+P0",H|A|1|paragraph_continuation:1/R00
cphar,1,1,R00,1.0,0.0,1.0,1.0,1,0,0,0,G3C,1.0,0.0,1.0,1,T,1.0,0.0,1,A,1.0,0.0,1,1,1.0,0.0,1,paragraph_continuation,1.0,0.0,1.0,LOW_POWER_TOKEN,LOW_SUPPORT_OR_POLYFUNCTIONAL,LOW,"f1r.5,+P0",T|A|1|paragraph_continuation:1/R00
cpharom,1,1,R00,1.0,0.0,1.0,1.0,1,0,0,0,G3C,1.0,0.0,1.0,1,H,1.0,0.0,1,A,1.0,0.0,1,1,1.0,0.0,1,paragraph_continuation,1.0,0.0,1.0,LOW_POWER_TOKEN,LOW_SUPPORT_OR_POLYFUNCTIONAL,LOW,"f8v.10,+P0",H|A|1|paragraph_continuation:1/R00
cpheal,1,1,R00,1.0,0.0,1.0,1.0,1,0,0,0,G2,1.0,0.0,1.0,1,H,1.0,0.0,1,A,1.0,0.0,1,1,1.0,0.0,1,paragraph_continuation,1.0,0.0,1.0,LOW_POWER_TOKEN,LOW_SUPPORT_OR_POLYFUNCTIONAL,LOW,"f90v2.5,+P0",H|A|1|paragraph_continuation:1/R00
cphecthy,1,1,R04,1.0,0.0,1.0,1.0,1,0,0,0,G3C,1.0,0.0,1.0,1,H,1.0,0.0,1,A,1.0,0.0,1,1,1.0,0.0,1,paragraph_continuation,1.0,0.0,1.0,LOW_POWER_TOKEN,LOW_SUPPORT_OR_POLYFUNCTIONAL,LOW,"f87r.2,+P0",H|A|1|paragraph_continuation:1/R04
cphedy,1,1,R00,1.0,0.0,1.0,1.0,1,0,0,0,G2,1.0,0.0,1.0,1,T,1.0,0.0,1,B,1.0,0.0,1,5,1.0,0.0,1,paragraph_continuation,1.0,0.0,1.0,LOW_POWER_TOKEN,LOW_SUPPORT_OR_POLYFUNCTIONAL,LOW,"f66r.79,+P0",T|B|5|paragraph_continuation:1/R00
cpheey,1,1,R00,1.0,0.0,1.0,1.0,1,0,0,0,G3C,1.0,0.0,1.0,1,A,1.0,0.0,1,nan,1.0,0.0,1,4,1.0,0.0,1,&L,1.0,0.0,1.0,LOW_POWER_TOKEN,LOW_SUPPORT_OR_POLYFUNCTIONAL,LOW,"f67r2.66,&L0",A||4|&L:1/R00
cpheodar,1,1,R00,1.0,0.0,1.0,1.0,1,0,0,0,G2,1.0,0.0,1.0,1,P,1.0,0.0,1,A,1.0,0.0,1,1,1.0,0.0,1,paragraph_start,1.0,0.0,1.0,LOW_POWER_TOKEN,LOW_SUPPORT_OR_POLYFUNCTIONAL,LOW,"f102r1.3,@P0",P|A|1|paragraph_start:1/R00
cpheor,1,1,R00,1.0,0.0,1.0,1.0,1,0,0,0,G3C,1.0,0.0,1.0,1,P,1.0,0.0,1,A,1.0,0.0,1,1,1.0,0.0,1,label_or_marginal,1.0,0.0,1.0,LOW_POWER_TOKEN,LOW_SUPPORT_OR_POLYFUNCTIONAL,LOW,"f88v.3,@Lf",P|A|1|label_or_marginal:1/R00
cphl,1,1,R00,1.0,0.0,1.0,1.0,1,0,0,0,G3C,1.0,0.0,1.0,1,H,1.0,0.0,1,A,1.0,0.0,1,1,1.0,0.0,1,paragraph_start,1.0,0.0,1.0,LOW_POWER_TOKEN,LOW_SUPPORT_OR_POLYFUNCTIONAL,LOW,"f8r.1,@P0",H|A|1|paragraph_start:1/R00
cphody,1,1,R05,1.0,0.0,1.0,1.0,1,0,0,0,G2,1.0,0.0,1.0,1,H,1.0,0.0,1,A,1.0,0.0,1,1,1.0,0.0,1,paragraph_continuation,1.0,0.0,1.0,LOW_POWER_TOKEN,LOW_SUPPORT_OR_POLYFUNCTIONAL,LOW,"f4v.6,+P0",H|A|1|paragraph_continuation:1/R05
cphorods,1,1,R00,1.0,0.0,1.0,1.0,1,0,0,0,G3C,1.0,0.0,1.0,1,H,1.0,0.0,1,A,1.0,0.0,1,1,1.0,0.0,1,paragraph_continuation,1.0,0.0,1.0,LOW_POWER_TOKEN,LOW_SUPPORT_OR_POLYFUNCTIONAL,LOW,"f37v.14,+P0",H|A|1|paragraph_continuation:1/R00
cphoy,1,1,R00,1.0,0.0,1.0,1.0,1,0,0,0,G3C,1.0,0.0,1.0,1,H,1.0,0.0,1,A,1.0,0.0,1,1,1.0,0.0,1,paragraph_continuation,1.0,0.0,1.0,LOW_POWER_TOKEN,LOW_SUPPORT_OR_POLYFUNCTIONAL,LOW,"f18v.8,+P0",H|A|1|paragraph_continuation:1/R00
cphydy,1,1,R00,1.0,0.0,1.0,1.0,1,0,0,0,G2,1.0,0.0,1.0,1,H,1.0,0.0,1,A,1.0,0.0,1,1,1.0,0.0,1,paragraph_continuation,1.0,0.0,1.0,LOW_POWER_TOKEN,LOW_SUPPORT_OR_POLYFUNCTIONAL,LOW,"f4v.7,+P0",H|A|1|paragraph_continuation:1/R00
cth,1,1,R04,1.0,0.0,1.0,1.0,1,0,0,0,G3C,1.0,0.0,1.0,1,H,1.0,0.0,1,A,1.0,0.0,1,1,1.0,0.0,1,paragraph_continuation,1.0,0.0,1.0,LOW_POWER_TOKEN,LOW_SUPPORT_OR_POLYFUNCTIONAL,LOW,"f23r.3,+P0",H|A|1|paragraph_continuation:1/R04
cthan,1,1,R04,1.0,0.0,1.0,1.0,1,0,0,0,G3C,1.0,0.0,1.0,1,S,1.0,0.0,1,B,1.0,0.0,1,3,1.0,0.0,1,paragraph_continuation,1.0,0.0,1.0,LOW_POWER_TOKEN,LOW_SUPPORT_OR_POLYFUNCTIONAL,LOW,"f116r.29,+P0",S|B|3|paragraph_continuation:1/R04
cthdaly,1,1,R09,1.0,0.0,1.0,1.0,1,0,0,0,G2,1.0,0.0,1.0,1,H,1.0,0.0,1,B,1.0,0.0,1,2,1.0,0.0,1,paragraph_continuation,1.0,0.0,1.0,LOW_POWER_TOKEN,LOW_SUPPORT_OR_POLYFUNCTIONAL,LOW,"f34r.11,+P0",H|B|2|paragraph_continuation:1/R09
ctheody,1,1,R04,1.0,0.0,1.0,1.0,1,0,0,0,G1,1.0,0.0,1.0,1,P,1.0,0.0,1,A,1.0,0.0,1,1,1.0,0.0,1,paragraph_continuation,1.0,0.0,1.0,LOW_POWER_TOKEN,LOW_SUPPORT_OR_POLYFUNCTIONAL,LOW,"f89r1.8,+P0",P|A|1|paragraph_continuation:1/R04
ctheol,1,1,R04,1.0,0.0,1.0,1.0,1,0,0,0,G1,1.0,0.0,1.0,1,H,1.0,0.0,1,A,1.0,0.0,1,1,1.0,0.0,1,paragraph_continuation,1.0,0.0,1.0,LOW_POWER_TOKEN,LOW_SUPPORT_OR_POLYFUNCTIONAL,LOW,"f17v.11,+P0",H|A|1|paragraph_continuation:1/R04
ctheoly,1,1,R04,1.0,0.0,1.0,1.0,1,0,0,0,G2,1.0,0.0,1.0,1,P,1.0,0.0,1,A,1.0,0.0,1,1,1.0,0.0,1,paragraph_continuation,1.0,0.0,1.0,LOW_POWER_TOKEN,LOW_SUPPORT_OR_POLYFUNCTIONAL,LOW,"f102r1.4,+P0",P|A|1|paragraph_continuation:1/R04
cther,1,1,R04,1.0,0.0,1.0,1.0,1,0,0,0,G2,1.0,0.0,1.0,1,B,1.0,0.0,1,B,1.0,0.0,1,2,1.0,0.0,1,paragraph_continuation,1.0,0.0,1.0,LOW_POWER_TOKEN,LOW_SUPPORT_OR_POLYFUNCTIONAL,LOW,"f79v.21,+P0",B|B|2|paragraph_continuation:1/R04
cthes,1,1,R04,1.0,0.0,1.0,1.0,1,0,0,0,G3C,1.0,0.0,1.0,1,T,1.0,0.0,1,A,1.0,0.0,1,1,1.0,0.0,1,paragraph_continuation,1.0,0.0,1.0,LOW_POWER_TOKEN,LOW_SUPPORT_OR_POLYFUNCTIONAL,LOW,"f1r.3,+P0",T|A|1|paragraph_continuation:1/R04
cthoary,1,1,R04,1.0,0.0,1.0,1.0,1,0,0,0,G3C,1.0,0.0,1.0,1,T,1.0,0.0,1,A,1.0,0.0,1,1,1.0,0.0,1,paragraph_continuation,1.0,0.0,1.0,LOW_POWER_TOKEN,LOW_SUPPORT_OR_POLYFUNCTIONAL,LOW,"f1r.3,+P0",T|A|1|paragraph_continuation:1/R04
cthockhy,1,1,R04,1.0,0.0,1.0,1.0,1,0,0,0,G3C,1.0,0.0,1.0,1,H,1.0,0.0,1,A,1.0,0.0,1,1,1.0,0.0,1,paragraph_continuation,1.0,0.0,1.0,LOW_POWER_TOKEN,LOW_SUPPORT_OR_POLYFUNCTIONAL,LOW,"f10r.4,+P0",H|A|1|paragraph_continuation:1/R04
cthod,1,1,R04,1.0,0.0,1.0,1.0,1,0,0,0,G1,1.0,0.0,1.0,1,H,1.0,0.0,1,A,1.0,0.0,1,1,1.0,0.0,1,paragraph_continuation,1.0,0.0,1.0,LOW_POWER_TOKEN,LOW_SUPPORT_OR_POLYFUNCTIONAL,LOW,"f9r.3,+P0",H|A|1|paragraph_continuation:1/R04
cthodal,1,1,R04,1.0,0.0,1.0,1.0,1,0,0,0,G3C,1.0,0.0,1.0,1,H,1.0,0.0,1,A,1.0,0.0,1,1,1.0,0.0,1,paragraph_continuation,1.0,0.0,1.0,LOW_POWER_TOKEN,LOW_SUPPORT_OR_POLYFUNCTIONAL,LOW,"f87r.2,+P0",H|A|1|paragraph_continuation:1/R04
cthodam,1,1,R04,1.0,0.0,1.0,1.0,1,0,0,0,G3C,1.0,0.0,1.0,1,H,1.0,0.0,1,A,1.0,0.0,1,1,1.0,0.0,1,paragraph_continuation,1.0,0.0,1.0,LOW_POWER_TOKEN,LOW_SUPPORT_OR_POLYFUNCTIONAL,LOW,"f6v.17,+P0",H|A|1|paragraph_continuation:1/R04
cthody,1,1,R04,1.0,0.0,1.0,1.0,1,0,0,0,G1,1.0,0.0,1.0,1,P,1.0,0.0,1,A,1.0,0.0,1,1,1.0,0.0,1,paragraph_continuation,1.0,0.0,1.0,LOW_POWER_TOKEN,LOW_SUPPORT_OR_POLYFUNCTIONAL,LOW,"f89v1.19,+P0",P|A|1|paragraph_continuation:1/R04
cthoj,1,1,R04,1.0,0.0,1.0,1.0,1,0,0,0,G3C,1.0,0.0,1.0,1,H,1.0,0.0,1,A,1.0,0.0,1,1,1.0,0.0,1,paragraph_continuation,1.0,0.0,1.0,LOW_POWER_TOKEN,LOW_SUPPORT_OR_POLYFUNCTIONAL,LOW,"f24r.17,+P0",H|A|1|paragraph_continuation:1/R04
cthold,1,1,R04,1.0,0.0,1.0,1.0,1,0,0,0,G1,1.0,0.0,1.0,1,H,1.0,0.0,1,A,1.0,0.0,1,1,1.0,0.0,1,paragraph_continuation,1.0,0.0,1.0,LOW_POWER_TOKEN,LOW_SUPPORT_OR_POLYFUNCTIONAL,LOW,"f29v.2,+P0",H|A|1|paragraph_continuation:1/R04
ctholdg,1,1,R07,1.0,0.0,1.0,1.0,1,0,0,0,G3C,1.0,0.0,1.0,1,H,1.0,0.0,1,A,1.0,0.0,1,1,1.0,0.0,1,paragraph_continuation,1.0,0.0,1.0,LOW_POWER_TOKEN,LOW_SUPPORT_OR_POLYFUNCTIONAL,LOW,"f14v.9,+P0",H|A|1|paragraph_continuation:1/R07
ctholo,1,1,R04,1.0,0.0,1.0,1.0,1,0,0,0,G1,1.0,0.0,1.0,1,H,1.0,0.0,1,A,1.0,0.0,1,1,1.0,0.0,1,paragraph_continuation,1.0,0.0,1.0,LOW_POWER_TOKEN,LOW_SUPPORT_OR_POLYFUNCTIONAL,LOW,"f22r.3,+P0",H|A|1|paragraph_continuation:1/R04
ctholy,1,1,R04,1.0,0.0,1.0,1.0,1,0,0,0,G1,1.0,0.0,1.0,1,S,1.0,0.0,1,A,1.0,0.0,1,3,1.0,0.0,1,paragraph_continuation,1.0,0.0,1.0,LOW_POWER_TOKEN,LOW_SUPPORT_OR_POLYFUNCTIONAL,LOW,"f58v.10,+P0",S|A|3|paragraph_continuation:1/R04
cthom,1,1,R04,1.0,0.0,1.0,1.0,1,0,0,0,G1,1.0,0.0,1.0,1,H,1.0,0.0,1,A,1.0,0.0,1,1,1.0,0.0,1,paragraph_continuation,1.0,0.0,1.0,LOW_POWER_TOKEN,LOW_SUPPORT_OR_POLYFUNCTIONAL,LOW,"f4r.7,+P0",H|A|1|paragraph_continuation:1/R04
cthororaiin,1,1,R04,1.0,0.0,1.0,1.0,1,0,0,0,G3C,1.0,0.0,1.0,1,S,1.0,0.0,1,B,1.0,0.0,1,3,1.0,0.0,1,paragraph_continuation,1.0,0.0,1.0,LOW_POWER_TOKEN,LOW_SUPPORT_OR_POLYFUNCTIONAL,LOW,"f113v.17,+P0",S|B|3|paragraph_continuation:1/R04
cths,1,1,R04,1.0,0.0,1.0,1.0,1,0,0,0,G1,1.0,0.0,1.0,1,H,1.0,0.0,1,A,1.0,0.0,1,1,1.0,0.0,1,paragraph_continuation,1.0,0.0,1.0,LOW_POWER_TOKEN,LOW_SUPPORT_OR_POLYFUNCTIONAL,LOW,"f32r.14,+P0",H|A|1|paragraph_continuation:1/R04
daaldy,1,1,R06,1.0,0.0,1.0,1.0,1,0,0,0,G3C,1.0,0.0,1.0,1,C,1.0,0.0,1,B,1.0,0.0,1,4,1.0,0.0,1,label_or_marginal,1.0,0.0,1.0,LOW_POWER_TOKEN,LOW_SUPPORT_OR_POLYFUNCTIONAL,LOW,"fRos.19,@L0",C|B|4|label_or_marginal:1/R06
dackhy,1,1,R06,1.0,0.0,1.0,1.0,1,0,0,0,G3C,1.0,0.0,1.0,1,H,1.0,0.0,1,A,1.0,0.0,1,1,1.0,0.0,1,paragraph_continuation,1.0,0.0,1.0,LOW_POWER_TOKEN,LOW_SUPPORT_OR_POLYFUNCTIONAL,LOW,"f1v.3,+P0",H|A|1|paragraph_continuation:1/R06
dady,1,1,R06,1.0,0.0,1.0,1.0,1,0,0,0,G1,1.0,0.0,1.0,1,H,1.0,0.0,1,A,1.0,0.0,1,1,1.0,0.0,1,paragraph_continuation,1.0,0.0,1.0,LOW_POWER_TOKEN,LOW_SUPPORT_OR_POLYFUNCTIONAL,LOW,"f21r.6,+P0",H|A|1|paragraph_continuation:1/R06
dag,1,1,R06,1.0,0.0,1.0,1.0,1,0,0,0,G2,1.0,0.0,1.0,1,B,1.0,0.0,1,B,1.0,0.0,1,2,1.0,0.0,1,paragraph_continuation,1.0,0.0,1.0,LOW_POWER_TOKEN,LOW_SUPPORT_OR_POLYFUNCTIONAL,LOW,"f79v.38,+P0",B|B|2|paragraph_continuation:1/R06
dago,1,1,R06,1.0,0.0,1.0,1.0,1,0,0,0,G3C,1.0,0.0,1.0,1,H,1.0,0.0,1,A,1.0,0.0,1,1,1.0,0.0,1,paragraph_continuation,1.0,0.0,1.0,LOW_POWER_TOKEN,LOW_SUPPORT_OR_POLYFUNCTIONAL,LOW,"f3r.8,+P0",H|A|1|paragraph_continuation:1/R06
daid,1,1,R06,1.0,0.0,1.0,1.0,1,0,0,0,G3C,1.0,0.0,1.0,1,H,1.0,0.0,1,A,1.0,0.0,1,1,1.0,0.0,1,paragraph_continuation,1.0,0.0,1.0,LOW_POWER_TOKEN,LOW_SUPPORT_OR_POLYFUNCTIONAL,LOW,"f24v.7,+P0",H|A|1|paragraph_continuation:1/R06
daii,1,1,R06,1.0,0.0,1.0,1.0,1,0,0,0,G2,1.0,0.0,1.0,1,C,1.0,0.0,1,B,1.0,0.0,1,2,1.0,0.0,1,paragraph_continuation,1.0,0.0,1.0,LOW_POWER_TOKEN,LOW_SUPPORT_OR_POLYFUNCTIONAL,LOW,"f86v3.28,+Pb",C|B|2|paragraph_continuation:1/R06
daiidal,1,1,R09,1.0,0.0,1.0,1.0,1,0,0,0,G1,1.0,0.0,1.0,1,H,1.0,0.0,1,A,1.0,0.0,1,1,1.0,0.0,1,paragraph_continuation,1.0,0.0,1.0,LOW_POWER_TOKEN,LOW_SUPPORT_OR_POLYFUNCTIONAL,LOW,"f23r.6,+P0",H|A|1|paragraph_continuation:1/R09
daiidy,1,1,R06,1.0,0.0,1.0,1.0,1,0,0,0,G1,1.0,0.0,1.0,1,H,1.0,0.0,1,A,1.0,0.0,1,1,1.0,0.0,1,paragraph_continuation,1.0,0.0,1.0,LOW_POWER_TOKEN,LOW_SUPPORT_OR_POLYFUNCTIONAL,LOW,"f42r.11,+P0",H|A|1|paragraph_continuation:1/R06
daiiin,1,1,R06,1.0,0.0,1.0,1.0,1,0,0,0,G3C,1.0,0.0,1.0,1,S,1.0,0.0,1,B,1.0,0.0,1,3,1.0,0.0,1,paragraph_continuation,1.0,0.0,1.0,LOW_POWER_TOKEN,LOW_SUPPORT_OR_POLYFUNCTIONAL,LOW,"f113v.31,+P0",S|B|3|paragraph_continuation:1/R06
daiim,1,1,R06,1.0,0.0,1.0,1.0,1,0,0,0,G1,1.0,0.0,1.0,1,H,1.0,0.0,1,A,1.0,0.0,1,1,1.0,0.0,1,paragraph_continuation,1.0,0.0,1.0,LOW_POWER_TOKEN,LOW_SUPPORT_OR_POLYFUNCTIONAL,LOW,"f3v.10,+P0",H|A|1|paragraph_continuation:1/R06
daiinar,1,1,R10,1.0,0.0,1.0,1.0,1,0,0,0,G2,1.0,0.0,1.0,1,S,1.0,0.0,1,B,1.0,0.0,1,3,1.0,0.0,1,paragraph_continuation,1.0,0.0,1.0,LOW_POWER_TOKEN,LOW_SUPPORT_OR_POLYFUNCTIONAL,LOW,"f107r.6,+P0",S|B|3|paragraph_continuation:1/R10
daiinodaim,1,1,R10,1.0,0.0,1.0,1.0,1,0,0,0,G1,1.0,0.0,1.0,1,H,1.0,0.0,1,A,1.0,0.0,1,1,1.0,0.0,1,paragraph_continuation,1.0,0.0,1.0,LOW_POWER_TOKEN,LOW_SUPPORT_OR_POLYFUNCTIONAL,LOW,"f54v.8,+P0",H|A|1|paragraph_continuation:1/R10
daiinody,1,1,R00,1.0,0.0,1.0,1.0,1,0,0,0,G3C,1.0,0.0,1.0,1,H,1.0,0.0,1,A,1.0,0.0,1,1,1.0,0.0,1,paragraph_continuation,1.0,0.0,1.0,LOW_POWER_TOKEN,LOW_SUPPORT_OR_POLYFUNCTIONAL,LOW,"f37v.18,+P0",H|A|1|paragraph_continuation:1/R00
daiinoty,1,1,R10,1.0,0.0,1.0,1.0,1,0,0,0,G3C,1.0,0.0,1.0,1,B,1.0,0.0,1,B,1.0,0.0,1,2,1.0,0.0,1,label_or_marginal,1.0,0.0,1.0,LOW_POWER_TOKEN,LOW_SUPPORT_OR_POLYFUNCTIONAL,LOW,"f82v.3,@Lt",B|B|2|label_or_marginal:1/R10
daiisaly,1,1,R00,1.0,0.0,1.0,1.0,1,0,0,0,G3C,1.0,0.0,1.0,1,P,1.0,0.0,1,A,1.0,0.0,1,1,1.0,0.0,1,label_or_marginal,1.0,0.0,1.0,LOW_POWER_TOKEN,LOW_SUPPORT_OR_POLYFUNCTIONAL,LOW,"f102v1.4,@Lf",P|A|1|label_or_marginal:1/R00
daikam,1,1,R06,1.0,0.0,1.0,1.0,1,0,0,0,G3C,1.0,0.0,1.0,1,H,1.0,0.0,1,A,1.0,0.0,1,1,1.0,0.0,1,paragraph_continuation,1.0,0.0,1.0,LOW_POWER_TOKEN,LOW_SUPPORT_OR_POLYFUNCTIONAL,LOW,"f8r.19,+P0",H|A|1|paragraph_continuation:1/R06
dainod,1,1,R06,1.0,0.0,1.0,1.0,1,0,0,0,G3C,1.0,0.0,1.0,1,H,1.0,0.0,1,A,1.0,0.0,1,1,1.0,0.0,1,paragraph_continuation,1.0,0.0,1.0,LOW_POWER_TOKEN,LOW_SUPPORT_OR_POLYFUNCTIONAL,LOW,"f16r.4,+Pc",H|A|1|paragraph_continuation:1/R06
dainy,1,1,R06,1.0,0.0,1.0,1.0,1,0,0,0,G3C,1.0,0.0,1.0,1,B,1.0,0.0,1,B,1.0,0.0,1,2,1.0,0.0,1,paragraph_continuation,1.0,0.0,1.0,LOW_POWER_TOKEN,LOW_SUPPORT_OR_POLYFUNCTIONAL,LOW,"f75r.53,+Pb",B|B|2|paragraph_continuation:1/R06
dairdy,1,1,R06,1.0,0.0,1.0,1.0,1,0,0,0,G3C,1.0,0.0,1.0,1,C,1.0,0.0,1,B,1.0,0.0,1,4,1.0,0.0,1,label_or_marginal,1.0,0.0,1.0,LOW_POWER_TOKEN,LOW_SUPPORT_OR_POLYFUNCTIONAL,LOW,"fRos.85,@L0",C|B|4|label_or_marginal:1/R06
dairkal,1,1,R00,1.0,0.0,1.0,1.0,1,0,0,0,G3C,1.0,0.0,1.0,1,A,1.0,0.0,1,nan,1.0,0.0,1,4,1.0,0.0,1,&L,1.0,0.0,1.0,LOW_POWER_TOKEN,LOW_SUPPORT_OR_POLYFUNCTIONAL,LOW,"f67v1.2,&L0",A||4|&L:1/R00
dairl,1,1,R06,1.0,0.0,1.0,1.0,1,0,0,0,G3C,1.0,0.0,1.0,1,H,1.0,0.0,1,A,1.0,0.0,1,1,1.0,0.0,1,paragraph_continuation,1.0,0.0,1.0,LOW_POWER_TOKEN,LOW_SUPPORT_OR_POLYFUNCTIONAL,LOW,"f44v.13,+P0",H|A|1|paragraph_continuation:1/R06
dairol,1,1,R06,1.0,0.0,1.0,1.0,1,0,0,0,G1,1.0,0.0,1.0,1,B,1.0,0.0,1,B,1.0,0.0,1,2,1.0,0.0,1,paragraph_continuation,1.0,0.0,1.0,LOW_POWER_TOKEN,LOW_SUPPORT_OR_POLYFUNCTIONAL,LOW,"f77v.26,+P0",B|B|2|paragraph_continuation:1/R06
dait,1,1,R06,1.0,0.0,1.0,1.0,1,0,0,0,G3C,1.0,0.0,1.0,1,H,1.0,0.0,1,A,1.0,0.0,1,1,1.0,0.0,1,paragraph_continuation,1.0,0.0,1.0,LOW_POWER_TOKEN,LOW_SUPPORT_OR_POLYFUNCTIONAL,LOW,"f21v.5,+P0",H|A|1|paragraph_continuation:1/R06
dalaiin,1,1,R09,1.0,0.0,1.0,1.0,1,0,0,0,G2,1.0,0.0,1.0,1,T,1.0,0.0,1,B,1.0,0.0,1,2,1.0,0.0,1,paragraph_continuation,1.0,0.0,1.0,LOW_POWER_TOKEN,LOW_SUPPORT_OR_POLYFUNCTIONAL,LOW,"f76r.30,+P0",T|B|2|paragraph_continuation:1/R09
dalar,1,1,R06,1.0,0.0,1.0,1.0,1,0,0,0,G3C,1.0,0.0,1.0,1,B,1.0,0.0,1,B,1.0,0.0,1,2,1.0,0.0,1,paragraph_continuation,1.0,0.0,1.0,LOW_POWER_TOKEN,LOW_SUPPORT_OR_POLYFUNCTIONAL,LOW,"f80v.43,+P0",B|B|2|paragraph_continuation:1/R06
daldaiin,1,1,R09,1.0,0.0,1.0,1.0,1,0,0,0,G3C,1.0,0.0,1.0,1,C,1.0,0.0,1,nan,1.0,0.0,1,4,1.0,0.0,1,&L,1.0,0.0,1.0,LOW_POWER_TOKEN,LOW_SUPPORT_OR_POLYFUNCTIONAL,LOW,"f69r.19,&L0",C||4|&L:1/R09
daldal,1,1,R06,1.0,0.0,1.0,1.0,1,0,0,0,G3C,1.0,0.0,1.0,1,C,1.0,0.0,1,B,1.0,0.0,1,4,1.0,0.0,1,label_or_marginal,1.0,0.0,1.0,LOW_POWER_TOKEN,LOW_SUPPORT_OR_POLYFUNCTIONAL,LOW,"fRos.18,@L0",C|B|4|label_or_marginal:1/R06
daldalol,1,1,R09,1.0,0.0,1.0,1.0,1,0,0,0,G3C,1.0,0.0,1.0,1,H,1.0,0.0,1,A,1.0,0.0,1,1,1.0,0.0,1,paragraph_continuation,1.0,0.0,1.0,LOW_POWER_TOKEN,LOW_SUPPORT_OR_POLYFUNCTIONAL,LOW,"f22v.16,+Pc",H|A|1|paragraph_continuation:1/R09
daldar,1,1,R06,1.0,0.0,1.0,1.0,1,0,0,0,G3C,1.0,0.0,1.0,1,C,1.0,0.0,1,B,1.0,0.0,1,4,1.0,0.0,1,label_or_marginal,1.0,0.0,1.0,LOW_POWER_TOKEN,LOW_SUPPORT_OR_POLYFUNCTIONAL,LOW,"fRos.15,@L0",C|B|4|label_or_marginal:1/R06
dalfchy,1,1,R09,1.0,0.0,1.0,1.0,1,0,0,0,G2,1.0,0.0,1.0,1,H,1.0,0.0,1,B,1.0,0.0,1,3,1.0,0.0,1,paragraph_start,1.0,0.0,1.0,LOW_POWER_TOKEN,LOW_SUPPORT_OR_POLYFUNCTIONAL,LOW,"f95r2.1,@P0",H|B|3|paragraph_start:1/R09
dalg,1,1,R09,1.0,0.0,1.0,1.0,1,0,0,0,G1,1.0,0.0,1.0,1,P,1.0,0.0,1,A,1.0,0.0,1,1,1.0,0.0,1,paragraph_continuation,1.0,0.0,1.0,LOW_POWER_TOKEN,LOW_SUPPORT_OR_POLYFUNCTIONAL,LOW,"f89v1.16,+P0",P|A|1|paragraph_continuation:1/R09
dalkar,1,1,R06,1.0,0.0,1.0,1.0,1,0,0,0,G3C,1.0,0.0,1.0,1,B,1.0,0.0,1,B,1.0,0.0,1,2,1.0,0.0,1,label_or_marginal,1.0,0.0,1.0,LOW_POWER_TOKEN,LOW_SUPPORT_OR_POLYFUNCTIONAL,LOW,"f75v.24,@Ln",B|B|2|label_or_marginal:1/R06
dalkedy,1,1,R09,1.0,0.0,1.0,1.0,1,0,0,0,G1,1.0,0.0,1.0,1,S,1.0,0.0,1,B,1.0,0.0,1,3,1.0,0.0,1,paragraph_continuation,1.0,0.0,1.0,LOW_POWER_TOKEN,LOW_SUPPORT_OR_POLYFUNCTIONAL,LOW,"f108r.45,+P0",S|B|3|paragraph_continuation:1/R09
dalol,1,1,R06,1.0,0.0,1.0,1.0,1,0,0,0,G2,1.0,0.0,1.0,1,T,1.0,0.0,1,B,1.0,0.0,1,5,1.0,0.0,1,paragraph_continuation,1.0,0.0,1.0,LOW_POWER_TOKEN,LOW_SUPPORT_OR_POLYFUNCTIONAL,LOW,"f66r.78,+P0",T|B|5|paragraph_continuation:1/R06
dalor,1,1,R09,1.0,0.0,1.0,1.0,1,0,0,0,G3C,1.0,0.0,1.0,1,H,1.0,0.0,1,A,1.0,0.0,1,1,1.0,0.0,1,paragraph_continuation,1.0,0.0,1.0,LOW_POWER_TOKEN,LOW_SUPPORT_OR_POLYFUNCTIONAL,LOW,"f2r.11,+P0",H|A|1|paragraph_continuation:1/R09
dalshd,1,1,R06,1.0,0.0,1.0,1.0,1,0,0,0,G3C,1.0,0.0,1.0,1,B,1.0,0.0,1,B,1.0,0.0,1,2,1.0,0.0,1,+L,1.0,0.0,1.0,LOW_POWER_TOKEN,LOW_SUPPORT_OR_POLYFUNCTIONAL,LOW,"f75v.23,+Ln",B|B|2|+L:1/R06
dalshdy,1,1,R09,1.0,0.0,1.0,1.0,1,0,0,0,G1,1.0,0.0,1.0,1,H,1.0,0.0,1,B,1.0,0.0,1,3,1.0,0.0,1,paragraph_continuation,1.0,0.0,1.0,LOW_POWER_TOKEN,LOW_SUPPORT_OR_POLYFUNCTIONAL,LOW,"f95r2.5,+P0",H|B|3|paragraph_continuation:1/R09
dalshey,1,1,R09,1.0,0.0,1.0,1.0,1,0,0,0,G3C,1.0,0.0,1.0,1,Z,1.0,0.0,1,nan,1.0,0.0,1,4,1.0,0.0,1,&L,1.0,0.0,1.0,LOW_POWER_TOKEN,LOW_SUPPORT_OR_POLYFUNCTIONAL,LOW,"f73r.18,&Lz",Z||4|&L:1/R09
dalsy,1,1,R06,1.0,0.0,1.0,1.0,1,0,0,0,G3C,1.0,0.0,1.0,1,P,1.0,0.0,1,A,1.0,0.0,1,1,1.0,0.0,1,label_or_marginal,1.0,0.0,1.0,LOW_POWER_TOKEN,LOW_SUPPORT_OR_POLYFUNCTIONAL,LOW,"f100v.9,@Lf",P|A|1|label_or_marginal:1/R06
dalychs,1,1,R09,1.0,0.0,1.0,1.0,1,0,0,0,G2,1.0,0.0,1.0,1,S,1.0,0.0,1,A,1.0,0.0,1,3,1.0,0.0,1,paragraph_continuation,1.0,0.0,1.0,LOW_POWER_TOKEN,LOW_SUPPORT_OR_POLYFUNCTIONAL,LOW,"f58v.35,+P0",S|A|3|paragraph_continuation:1/R09
dama,1,1,R06,1.0,0.0,1.0,1.0,1,0,0,0,G2,1.0,0.0,1.0,1,H,1.0,0.0,1,A,1.0,0.0,1,1,1.0,0.0,1,paragraph_continuation,1.0,0.0,1.0,LOW_POWER_TOKEN,LOW_SUPPORT_OR_POLYFUNCTIONAL,LOW,"f93v.8,+P0",H|A|1|paragraph_continuation:1/R06
damamm,1,1,R06,1.0,0.0,1.0,1.0,1,0,0,0,G3C,1.0,0.0,1.0,1,A,1.0,0.0,1,nan,1.0,0.0,1,4,1.0,0.0,1,label_or_marginal,1.0,0.0,1.0,LOW_POWER_TOKEN,LOW_SUPPORT_OR_POLYFUNCTIONAL,LOW,"f67v1.1,@L0",A||4|label_or_marginal:1/R06
daor,1,1,R06,1.0,0.0,1.0,1.0,1,0,0,0,G2,1.0,0.0,1.0,1,P,1.0,0.0,1,A,1.0,0.0,1,1,1.0,0.0,1,paragraph_continuation,1.0,0.0,1.0,LOW_POWER_TOKEN,LOW_SUPPORT_OR_POLYFUNCTIONAL,LOW,"f102r1.14,+P0",P|A|1|paragraph_continuation:1/R06
dara,1,1,R06,1.0,0.0,1.0,1.0,1,0,0,0,G3C,1.0,0.0,1.0,1,B,1.0,0.0,1,B,1.0,0.0,1,2,1.0,0.0,1,paragraph_continuation,1.0,0.0,1.0,LOW_POWER_TOKEN,LOW_SUPPORT_OR_POLYFUNCTIONAL,LOW,"f75r.49,+Pb",B|B|2|paragraph_continuation:1/R06
daraiiin,1,1,R00,1.0,0.0,1.0,1.0,1,0,0,0,G2,1.0,0.0,1.0,1,P,1.0,0.0,1,A,1.0,0.0,1,1,1.0,0.0,1,paragraph_continuation,1.0,0.0,1.0,LOW_POWER_TOKEN,LOW_SUPPORT_OR_POLYFUNCTIONAL,LOW,"f102r1.4,+P0",P|A|1|paragraph_continuation:1/R00
daral,1,1,R06,1.0,0.0,1.0,1.0,1,0,0,0,G3C,1.0,0.0,1.0,1,C,1.0,0.0,1,B,1.0,0.0,1,4,1.0,0.0,1,label_or_marginal,1.0,0.0,1.0,LOW_POWER_TOKEN,LOW_SUPPORT_OR_POLYFUNCTIONAL,LOW,"fRos.69,@L0",C|B|4|label_or_marginal:1/R06
darall,1,1,R06,1.0,0.0,1.0,1.0,1,0,0,0,G3C,1.0,0.0,1.0,1,A,1.0,0.0,1,nan,1.0,0.0,1,4,1.0,0.0,1,=L,1.0,0.0,1.0,LOW_POWER_TOKEN,LOW_SUPPORT_OR_POLYFUNCTIONAL,LOW,"f68r3.20,=Ls",A||4|=L:1/R06
daramdal,1,1,R00,1.0,0.0,1.0,1.0,1,0,0,0,G3C,1.0,0.0,1.0,1,P,1.0,0.0,1,A,1.0,0.0,1,1,1.0,0.0,1,label_or_marginal,1.0,0.0,1.0,LOW_POWER_TOKEN,LOW_SUPPORT_OR_POLYFUNCTIONAL,LOW,"f88v.27,@Lc",P|A|1|label_or_marginal:1/R00
darar,1,1,R06,1.0,0.0,1.0,1.0,1,0,0,0,G3C,1.0,0.0,1.0,1,P,1.0,0.0,1,A,1.0,0.0,1,1,1.0,0.0,1,label_or_marginal,1.0,0.0,1.0,LOW_POWER_TOKEN,LOW_SUPPORT_OR_POLYFUNCTIONAL,LOW,"f99r.3,@Lf",P|A|1|label_or_marginal:1/R06
dararda,1,1,R00,1.0,0.0,1.0,1.0,1,0,0,0,G3C,1.0,0.0,1.0,1,P,1.0,0.0,1,A,1.0,0.0,1,1,1.0,0.0,1,label_or_marginal,1.0,0.0,1.0,LOW_POWER_TOKEN,LOW_SUPPORT_OR_POLYFUNCTIONAL,LOW,"f88v.30,@Lf",P|A|1|label_or_marginal:1/R00
darchdar,1,1,R00,1.0,0.0,1.0,1.0,1,0,0,0,G3C,1.0,0.0,1.0,1,B,1.0,0.0,1,B,1.0,0.0,1,2,1.0,0.0,1,label_or_marginal,1.0,0.0,1.0,LOW_POWER_TOKEN,LOW_SUPPORT_OR_POLYFUNCTIONAL,LOW,"f77r.1,@Ln",B|B|2|label_or_marginal:1/R00
darcheor,1,1,R00,1.0,0.0,1.0,1.0,1,0,0,0,G3C,1.0,0.0,1.0,1,P,1.0,0.0,1,A,1.0,0.0,1,1,1.0,0.0,1,label_or_marginal,1.0,0.0,1.0,LOW_POWER_TOKEN,LOW_SUPPORT_OR_POLYFUNCTIONAL,LOW,"f89v2.3,@Lf",P|A|1|label_or_marginal:1/R00
darchey,1,1,R00,1.0,0.0,1.0,1.0,1,0,0,0,G2,1.0,0.0,1.0,1,T,1.0,0.0,1,B,1.0,0.0,1,2,1.0,0.0,1,paragraph_continuation,1.0,0.0,1.0,LOW_POWER_TOKEN,LOW_SUPPORT_OR_POLYFUNCTIONAL,LOW,"f76r.30,+P0",T|B|2|paragraph_continuation:1/R00
darchy,1,1,R06,1.0,0.0,1.0,1.0,1,0,0,0,G3C,1.0,0.0,1.0,1,B,1.0,0.0,1,B,1.0,0.0,1,2,1.0,0.0,1,paragraph_continuation,1.0,0.0,1.0,LOW_POWER_TOKEN,LOW_SUPPORT_OR_POLYFUNCTIONAL,LOW,"f84v.49,+Pb",B|B|2|paragraph_continuation:1/R06
dardyr,1,1,R06,1.0,0.0,1.0,1.0,1,0,0,0,G1,1.0,0.0,1.0,1,S,1.0,0.0,1,B,1.0,0.0,1,@,1.0,0.0,1,paragraph_continuation,1.0,0.0,1.0,LOW_POWER_TOKEN,LOW_SUPPORT_OR_POLYFUNCTIONAL,LOW,"f115r.4,+P0",S|B|@|paragraph_continuation:1/R06
darody,1,1,R06,1.0,0.0,1.0,1.0,1,0,0,0,G3C,1.0,0.0,1.0,1,H,1.0,0.0,1,A,1.0,0.0,1,1,1.0,0.0,1,paragraph_continuation,1.0,0.0,1.0,LOW_POWER_TOKEN,LOW_SUPPORT_OR_POLYFUNCTIONAL,LOW,"f14v.4,+P0",H|A|1|paragraph_continuation:1/R06
darolaly,1,1,R00,1.0,0.0,1.0,1.0,1,0,0,0,G3C,1.0,0.0,1.0,1,P,1.0,0.0,1,A,1.0,0.0,1,1,1.0,0.0,1,label_or_marginal,1.0,0.0,1.0,LOW_POWER_TOKEN,LOW_SUPPORT_OR_POLYFUNCTIONAL,LOW,"f99v.25,@Lc",P|A|1|label_or_marginal:1/R00
darolsy,1,1,R00,1.0,0.0,1.0,1.0,1,0,0,0,G3C,1.0,0.0,1.0,1,B,1.0,0.0,1,B,1.0,0.0,1,2,1.0,0.0,1,+L,1.0,0.0,1.0,LOW_POWER_TOKEN,LOW_SUPPORT_OR_POLYFUNCTIONAL,LOW,"f83r.51,+Lt",B|B|2|+L:1/R00
darom,1,1,R06,1.0,0.0,1.0,1.0,1,0,0,0,G2,1.0,0.0,1.0,1,B,1.0,0.0,1,B,1.0,0.0,1,2,1.0,0.0,1,paragraph_continuation,1.0,0.0,1.0,LOW_POWER_TOKEN,LOW_SUPPORT_OR_POLYFUNCTIONAL,LOW,"f75r.33,+P0",B|B|2|paragraph_continuation:1/R06
daror,1,1,R06,1.0,0.0,1.0,1.0,1,0,0,0,G3C,1.0,0.0,1.0,1,H,1.0,0.0,1,A,1.0,0.0,1,1,1.0,0.0,1,paragraph_continuation,1.0,0.0,1.0,LOW_POWER_TOKEN,LOW_SUPPORT_OR_POLYFUNCTIONAL,LOW,"f18v.8,+P0",H|A|1|paragraph_continuation:1/R06
darshody,1,1,R00,1.0,0.0,1.0,1.0,1,0,0,0,G3C,1.0,0.0,1.0,1,P,1.0,0.0,1,A,1.0,0.0,1,1,1.0,0.0,1,label_or_marginal,1.0,0.0,1.0,LOW_POWER_TOKEN,LOW_SUPPORT_OR_POLYFUNCTIONAL,LOW,"f89v1.4,@Lf",P|A|1|label_or_marginal:1/R00
dchain,1,1,R06,1.0,0.0,1.0,1.0,1,0,0,0,G1,1.0,0.0,1.0,1,H,1.0,0.0,1,A,1.0,0.0,1,1,1.0,0.0,1,paragraph_continuation,1.0,0.0,1.0,LOW_POWER_TOKEN,LOW_SUPPORT_OR_POLYFUNCTIONAL,LOW,"f25r.5,+P0",H|A|1|paragraph_continuation:1/R06
dchal,1,1,R06,1.0,0.0,1.0,1.0,1,0,0,0,G3C,1.0,0.0,1.0,1,C,1.0,0.0,1,nan,1.0,0.0,1,4,1.0,0.0,1,radial/ring_text,1.0,0.0,1.0,LOW_POWER_TOKEN,LOW_SUPPORT_OR_POLYFUNCTIONAL,LOW,"f70r1.10,@Ri",C||4|radial/ring_text:1/R06
dchar,1,1,R06,1.0,0.0,1.0,1.0,1,0,0,0,G3C,1.0,0.0,1.0,1,H,1.0,0.0,1,A,1.0,0.0,1,1,1.0,0.0,1,paragraph_continuation,1.0,0.0,1.0,LOW_POWER_TOKEN,LOW_SUPPORT_OR_POLYFUNCTIONAL,LOW,"f23r.3,+P0",H|A|1|paragraph_continuation:1/R06
dchckhy,1,1,R00,1.0,0.0,1.0,1.0,1,0,0,0,G3C,1.0,0.0,1.0,1,H,1.0,0.0,1,A,1.0,0.0,1,1,1.0,0.0,1,paragraph_continuation,1.0,0.0,1.0,LOW_POWER_TOKEN,LOW_SUPPORT_OR_POLYFUNCTIONAL,LOW,"f14v.9,+P0",H|A|1|paragraph_continuation:1/R00
dchcthy,1,1,R00,1.0,0.0,1.0,1.0,1,0,0,0,G3C,1.0,0.0,1.0,1,H,1.0,0.0,1,A,1.0,0.0,1,1,1.0,0.0,1,paragraph_continuation,1.0,0.0,1.0,LOW_POWER_TOKEN,LOW_SUPPORT_OR_POLYFUNCTIONAL,LOW,"f32v.6,+P0",H|A|1|paragraph_continuation:1/R00
dchdaldy,1,1,R00,1.0,0.0,1.0,1.0,1,0,0,0,G1,1.0,0.0,1.0,1,H,1.0,0.0,1,B,1.0,0.0,1,5,1.0,0.0,1,paragraph_continuation,1.0,0.0,1.0,LOW_POWER_TOKEN,LOW_SUPPORT_OR_POLYFUNCTIONAL,LOW,"f41r.10,+P0",H|B|5|paragraph_continuation:1/R00
dchdar,1,1,R06,1.0,0.0,1.0,1.0,1,0,0,0,G2,1.0,0.0,1.0,1,H,1.0,0.0,1,B,1.0,0.0,1,2,1.0,0.0,1,paragraph_continuation,1.0,0.0,1.0,LOW_POWER_TOKEN,LOW_SUPPORT_OR_POLYFUNCTIONAL,LOW,"f39r.7,+P0",H|B|2|paragraph_continuation:1/R06
dched,1,1,R06,1.0,0.0,1.0,1.0,1,0,0,0,G2,1.0,0.0,1.0,1,S,1.0,0.0,1,B,1.0,0.0,1,3,1.0,0.0,1,paragraph_continuation,1.0,0.0,1.0,LOW_POWER_TOKEN,LOW_SUPPORT_OR_POLYFUNCTIONAL,LOW,"f111r.38,+P0",S|B|3|paragraph_continuation:1/R06
dchedain,1,1,R00,1.0,0.0,1.0,1.0,1,0,0,0,G1,1.0,0.0,1.0,1,S,1.0,0.0,1,B,1.0,0.0,1,@,1.0,0.0,1,paragraph_continuation,1.0,0.0,1.0,LOW_POWER_TOKEN,LOW_SUPPORT_OR_POLYFUNCTIONAL,LOW,"f115r.4,+P0",S|B|@|paragraph_continuation:1/R00
dchedal,1,1,R09,1.0,0.0,1.0,1.0,1,0,0,0,G3C,1.0,0.0,1.0,1,A,1.0,0.0,1,nan,1.0,0.0,1,4,1.0,0.0,1,radial/ring_text,1.0,0.0,1.0,LOW_POWER_TOKEN,LOW_SUPPORT_OR_POLYFUNCTIONAL,LOW,"f68v2.16,@Ro",A||4|radial/ring_text:1/R09
dchedaly,1,1,R09,1.0,0.0,1.0,1.0,1,0,0,0,G3C,1.0,0.0,1.0,1,B,1.0,0.0,1,B,1.0,0.0,1,2,1.0,0.0,1,label_or_marginal,1.0,0.0,1.0,LOW_POWER_TOKEN,LOW_SUPPORT_OR_POLYFUNCTIONAL,LOW,"f78r.45,@Lt",B|B|2|label_or_marginal:1/R09
dcheeckhos,1,1,R00,1.0,0.0,1.0,1.0,1,0,0,0,G3C,1.0,0.0,1.0,1,H,1.0,0.0,1,A,1.0,0.0,1,1,1.0,0.0,1,paragraph_continuation,1.0,0.0,1.0,LOW_POWER_TOKEN,LOW_SUPPORT_OR_POLYFUNCTIONAL,LOW,"f87r.2,+P0",H|A|1|paragraph_continuation:1/R00
dcheedy,1,1,R00,1.0,0.0,1.0,1.0,1,0,0,0,G2,1.0,0.0,1.0,1,T,1.0,0.0,1,B,1.0,0.0,1,2,1.0,0.0,1,paragraph_terminal_or_label,1.0,0.0,1.0,LOW_POWER_TOKEN,LOW_SUPPORT_OR_POLYFUNCTIONAL,LOW,"f76r.19,=P0",T|B|2|paragraph_terminal_or_label:1/R00
dcheeody,1,1,R00,1.0,0.0,1.0,1.0,1,0,0,0,G1,1.0,0.0,1.0,1,S,1.0,0.0,1,B,1.0,0.0,1,3,1.0,0.0,1,paragraph_continuation,1.0,0.0,1.0,LOW_POWER_TOKEN,LOW_SUPPORT_OR_POLYFUNCTIONAL,LOW,"f108r.38,+P0",S|B|3|paragraph_continuation:1/R00
dcheeor,1,1,R00,1.0,0.0,1.0,1.0,1,0,0,0,G3C,1.0,0.0,1.0,1,C,1.0,0.0,1,nan,1.0,0.0,1,4,1.0,0.0,1,radial/ring_text,1.0,0.0,1.0,LOW_POWER_TOKEN,LOW_SUPPORT_OR_POLYFUNCTIONAL,LOW,"f67v2.11,@Ro",C||4|radial/ring_text:1/R00
dchekeedy,1,1,R00,1.0,0.0,1.0,1.0,1,0,0,0,G1,1.0,0.0,1.0,1,H,1.0,0.0,1,B,1.0,0.0,1,5,1.0,0.0,1,paragraph_continuation,1.0,0.0,1.0,LOW_POWER_TOKEN,LOW_SUPPORT_OR_POLYFUNCTIONAL,LOW,"f66v.8,+P0",H|B|5|paragraph_continuation:1/R00
dcheoaiin,1,1,R00,1.0,0.0,1.0,1.0,1,0,0,0,G3C,1.0,0.0,1.0,1,S,1.0,0.0,1,B,1.0,0.0,1,3,1.0,0.0,1,paragraph_continuation,1.0,0.0,1.0,LOW_POWER_TOKEN,LOW_SUPPORT_OR_POLYFUNCTIONAL,LOW,"f106v.47,+P0",S|B|3|paragraph_continuation:1/R00
dcheodaiin,1,1,R00,1.0,0.0,1.0,1.0,1,0,0,0,G3C,1.0,0.0,1.0,1,H,1.0,0.0,1,A,1.0,0.0,1,1,1.0,0.0,1,paragraph_continuation,1.0,0.0,1.0,LOW_POWER_TOKEN,LOW_SUPPORT_OR_POLYFUNCTIONAL,LOW,"f51r.2,+P0",H|A|1|paragraph_continuation:1/R00
dcheodain,1,1,R00,1.0,0.0,1.0,1.0,1,0,0,0,G1,1.0,0.0,1.0,1,H,1.0,0.0,1,A,1.0,0.0,1,1,1.0,0.0,1,paragraph_continuation,1.0,0.0,1.0,LOW_POWER_TOKEN,LOW_SUPPORT_OR_POLYFUNCTIONAL,LOW,"f32r.3,+P0",H|A|1|paragraph_continuation:1/R00
dcheoldy,1,1,R00,1.0,0.0,1.0,1.0,1,0,0,0,G3C,1.0,0.0,1.0,1,A,1.0,0.0,1,nan,1.0,0.0,1,4,1.0,0.0,1,label_or_marginal,1.0,0.0,1.0,LOW_POWER_TOKEN,LOW_SUPPORT_OR_POLYFUNCTIONAL,LOW,"f68r2.20,@Ls",A||4|label_or_marginal:1/R00
dchesykchy,1,1,R00,1.0,0.0,1.0,1.0,1,0,0,0,G3C,1.0,0.0,1.0,1,A,1.0,0.0,1,nan,1.0,0.0,1,4,1.0,0.0,1,&L,1.0,0.0,1.0,LOW_POWER_TOKEN,LOW_SUPPORT_OR_POLYFUNCTIONAL,LOW,"f67v1.6,&L0",A||4|&L:1/R00
dchetay,1,1,R00,1.0,0.0,1.0,1.0,1,0,0,0,G3C,1.0,0.0,1.0,1,A,1.0,0.0,1,nan,1.0,0.0,1,4,1.0,0.0,1,&L,1.0,0.0,1.0,LOW_POWER_TOKEN,LOW_SUPPORT_OR_POLYFUNCTIONAL,LOW,"f67r2.6,&L0",A||4|&L:1/R00
dchg,1,1,R06,1.0,0.0,1.0,1.0,1,0,0,0,G2,1.0,0.0,1.0,1,H,1.0,0.0,1,A,1.0,0.0,1,1,1.0,0.0,1,paragraph_start,1.0,0.0,1.0,LOW_POWER_TOKEN,LOW_SUPPORT_OR_POLYFUNCTIONAL,LOW,"f13r.1,@P0",H|A|1|paragraph_start:1/R06
dchl,1,1,R06,1.0,0.0,1.0,1.0,1,0,0,0,G3C,1.0,0.0,1.0,1,H,1.0,0.0,1,A,1.0,0.0,1,1,1.0,0.0,1,paragraph_continuation,1.0,0.0,1.0,LOW_POWER_TOKEN,LOW_SUPPORT_OR_POLYFUNCTIONAL,LOW,"f24v.15,+P0",H|A|1|paragraph_continuation:1/R06
dchodaiin,1,1,R10,1.0,0.0,1.0,1.0,1,0,0,0,G3C,1.0,0.0,1.0,1,H,1.0,0.0,1,A,1.0,0.0,1,1,1.0,0.0,1,paragraph_continuation,1.0,0.0,1.0,LOW_POWER_TOKEN,LOW_SUPPORT_OR_POLYFUNCTIONAL,LOW,"f49r.15,+P0",H|A|1|paragraph_continuation:1/R10
dchokchy,1,1,R00,1.0,0.0,1.0,1.0,1,0,0,0,G3C,1.0,0.0,1.0,1,H,1.0,0.0,1,A,1.0,0.0,1,1,1.0,0.0,1,paragraph_continuation,1.0,0.0,1.0,LOW_POWER_TOKEN,LOW_SUPPORT_OR_POLYFUNCTIONAL,LOW,"f35v.5,+P0",H|A|1|paragraph_continuation:1/R00
dchokey,1,1,R00,1.0,0.0,1.0,1.0,1,0,0,0,G3C,1.0,0.0,1.0,1,C,1.0,0.0,1,nan,1.0,0.0,1,4,1.0,0.0,1,radial/ring_text,1.0,0.0,1.0,LOW_POWER_TOKEN,LOW_SUPPORT_OR_POLYFUNCTIONAL,LOW,"f69r.37,@Ro",C||4|radial/ring_text:1/R00
dchoty,1,1,R06,1.0,0.0,1.0,1.0,1,0,0,0,G3C,1.0,0.0,1.0,1,H,1.0,0.0,1,A,1.0,0.0,1,1,1.0,0.0,1,paragraph_continuation,1.0,0.0,1.0,LOW_POWER_TOKEN,LOW_SUPPORT_OR_POLYFUNCTIONAL,LOW,"f32r.17,+P0",H|A|1|paragraph_continuation:1/R06
dchykchy,1,1,R00,1.0,0.0,1.0,1.0,1,0,0,0,G3C,1.0,0.0,1.0,1,A,1.0,0.0,1,nan,1.0,0.0,1,4,1.0,0.0,1,radial/ring_text,1.0,0.0,1.0,LOW_POWER_TOKEN,LOW_SUPPORT_OR_POLYFUNCTIONAL,LOW,"f68r3.4,@Ri",A||4|radial/ring_text:1/R00
dckhy,1,1,R06,1.0,0.0,1.0,1.0,1,0,0,0,G1,1.0,0.0,1.0,1,S,1.0,0.0,1,B,1.0,0.0,1,3,1.0,0.0,1,paragraph_continuation,1.0,0.0,1.0,LOW_POWER_TOKEN,LOW_SUPPORT_OR_POLYFUNCTIONAL,LOW,"f107v.2,+P0",S|B|3|paragraph_continuation:1/R06
dcthy,1,1,R06,1.0,0.0,1.0,1.0,1,0,0,0,G3C,1.0,0.0,1.0,1,H,1.0,0.0,1,A,1.0,0.0,1,1,1.0,0.0,1,paragraph_continuation,1.0,0.0,1.0,LOW_POWER_TOKEN,LOW_SUPPORT_OR_POLYFUNCTIONAL,LOW,"f47v.7,+P0",H|A|1|paragraph_continuation:1/R06
dd,1,1,R06,1.0,0.0,1.0,1.0,1,0,0,0,G3C,1.0,0.0,1.0,1,H,1.0,0.0,1,A,1.0,0.0,1,1,1.0,0.0,1,label_or_marginal,1.0,0.0,1.0,LOW_POWER_TOKEN,LOW_SUPPORT_OR_POLYFUNCTIONAL,LOW,"f11v.5,*L0",H|A|1|label_or_marginal:1/R06
ddary,1,1,R06,1.0,0.0,1.0,1.0,1,0,0,0,G3C,1.0,0.0,1.0,1,C,1.0,0.0,1,B,1.0,0.0,1,4,1.0,0.0,1,label_or_marginal,1.0,0.0,1.0,LOW_POWER_TOKEN,LOW_SUPPORT_OR_POLYFUNCTIONAL,LOW,"fRos.83,@L0",C|B|4|label_or_marginal:1/R06
dedy,1,1,R06,1.0,0.0,1.0,1.0,1,0,0,0,G2,1.0,0.0,1.0,1,B,1.0,0.0,1,B,1.0,0.0,1,2,1.0,0.0,1,paragraph_continuation,1.0,0.0,1.0,LOW_POWER_TOKEN,LOW_SUPPORT_OR_POLYFUNCTIONAL,LOW,"f84r.46,+P1",B|B|2|paragraph_continuation:1/R06
deeeoskol,1,1,R00,1.0,0.0,1.0,1.0,1,0,0,0,G3C,1.0,0.0,1.0,1,A,1.0,0.0,1,nan,1.0,0.0,1,4,1.0,0.0,1,&L,1.0,0.0,1.0,LOW_POWER_TOKEN,LOW_SUPPORT_OR_POLYFUNCTIONAL,LOW,"f67v1.8,&L0",A||4|&L:1/R00
deeol,1,1,R06,1.0,0.0,1.0,1.0,1,0,0,0,G1,1.0,0.0,1.0,1,H,1.0,0.0,1,B,1.0,0.0,1,2,1.0,0.0,1,paragraph_continuation,1.0,0.0,1.0,LOW_POWER_TOKEN,LOW_SUPPORT_OR_POLYFUNCTIONAL,LOW,"f26v.5,+P0",H|B|2|paragraph_continuation:1/R06
deol,1,1,R06,1.0,0.0,1.0,1.0,1,0,0,0,G3C,1.0,0.0,1.0,1,H,1.0,0.0,1,A,1.0,0.0,1,1,1.0,0.0,1,paragraph_continuation,1.0,0.0,1.0,LOW_POWER_TOKEN,LOW_SUPPORT_OR_POLYFUNCTIONAL,LOW,"f7v.9,+P0",H|A|1|paragraph_continuation:1/R06
depcheky,1,1,R00,1.0,0.0,1.0,1.0,1,0,0,0,G3C,1.0,0.0,1.0,1,C,1.0,0.0,1,B,1.0,0.0,1,4,1.0,0.0,1,label_or_marginal,1.0,0.0,1.0,LOW_POWER_TOKEN,LOW_SUPPORT_OR_POLYFUNCTIONAL,LOW,"fRos.56,@L0",C|B|4|label_or_marginal:1/R00
desey,1,1,R06,1.0,0.0,1.0,1.0,1,0,0,0,G2,1.0,0.0,1.0,1,P,1.0,0.0,1,A,1.0,0.0,1,1,1.0,0.0,1,paragraph_continuation,1.0,0.0,1.0,LOW_POWER_TOKEN,LOW_SUPPORT_OR_POLYFUNCTIONAL,LOW,"f102r2.17,+P0",P|A|1|paragraph_continuation:1/R06
diin,1,1,R06,1.0,0.0,1.0,1.0,1,0,0,0,G2,1.0,0.0,1.0,1,H,1.0,0.0,1,A,1.0,0.0,1,1,1.0,0.0,1,paragraph_continuation,1.0,0.0,1.0,LOW_POWER_TOKEN,LOW_SUPPORT_OR_POLYFUNCTIONAL,LOW,"f13r.9,+P0",H|A|1|paragraph_continuation:1/R06
dindy,1,1,R06,1.0,0.0,1.0,1.0,1,0,0,0,G3C,1.0,0.0,1.0,1,P,1.0,0.0,1,A,1.0,0.0,1,1,1.0,0.0,1,label_or_marginal,1.0,0.0,1.0,LOW_POWER_TOKEN,LOW_SUPPORT_OR_POLYFUNCTIONAL,LOW,"f102v1.15,@Lc",P|A|1|label_or_marginal:1/R06
dkair,1,1,R06,1.0,0.0,1.0,1.0,1,0,0,0,G3C,1.0,0.0,1.0,1,S,1.0,0.0,1,B,1.0,0.0,1,3,1.0,0.0,1,paragraph_continuation,1.0,0.0,1.0,LOW_POWER_TOKEN,LOW_SUPPORT_OR_POLYFUNCTIONAL,LOW,"f114r.21,+P0",S|B|3|paragraph_continuation:1/R06
dkar,1,1,R06,1.0,0.0,1.0,1.0,1,0,0,0,G2,1.0,0.0,1.0,1,T,1.0,0.0,1,B,1.0,0.0,1,5,1.0,0.0,1,paragraph_continuation,1.0,0.0,1.0,LOW_POWER_TOKEN,LOW_SUPPORT_OR_POLYFUNCTIONAL,LOW,"f66r.80,+P0",T|B|5|paragraph_continuation:1/R06
dksheey,1,1,R00,1.0,0.0,1.0,1.0,1,0,0,0,G3C,1.0,0.0,1.0,1,H,1.0,0.0,1,A,1.0,0.0,1,1,1.0,0.0,1,paragraph_continuation,1.0,0.0,1.0,LOW_POWER_TOKEN,LOW_SUPPORT_OR_POLYFUNCTIONAL,LOW,"f1v.3,+P0",H|A|1|paragraph_continuation:1/R00
dlaiin,1,1,R06,1.0,0.0,1.0,1.0,1,0,0,0,G1,1.0,0.0,1.0,1,S,1.0,0.0,1,B,1.0,0.0,1,3,1.0,0.0,1,paragraph_continuation,1.0,0.0,1.0,LOW_POWER_TOKEN,LOW_SUPPORT_OR_POLYFUNCTIONAL,LOW,"f108v.26,+P0",S|B|3|paragraph_continuation:1/R06
dlod,1,1,R06,1.0,0.0,1.0,1.0,1,0,0,0,G2,1.0,0.0,1.0,1,H,1.0,0.0,1,A,1.0,0.0,1,1,1.0,0.0,1,paragraph_start,1.0,0.0,1.0,LOW_POWER_TOKEN,LOW_SUPPORT_OR_POLYFUNCTIONAL,LOW,"f4v.1,@P0",H|A|1|paragraph_start:1/R06
dly,1,1,R06,1.0,0.0,1.0,1.0,1,0,0,0,G3C,1.0,0.0,1.0,1,B,1.0,0.0,1,B,1.0,0.0,1,2,1.0,0.0,1,label_or_marginal,1.0,0.0,1.0,LOW_POWER_TOKEN,LOW_SUPPORT_OR_POLYFUNCTIONAL,LOW,"f75v.26,@Ln",B|B|2|label_or_marginal:1/R06
doaiin,1,1,R06,1.0,0.0,1.0,1.0,1,0,0,0,G2,1.0,0.0,1.0,1,P,1.0,0.0,1,A,1.0,0.0,1,1,1.0,0.0,1,paragraph_continuation,1.0,0.0,1.0,LOW_POWER_TOKEN,LOW_SUPPORT_OR_POLYFUNCTIONAL,LOW,"f102r2.10,+P0",P|A|1|paragraph_continuation:1/R06
doaro,1,1,R06,1.0,0.0,1.0,1.0,1,0,0,0,G3C,1.0,0.0,1.0,1,A,1.0,0.0,1,nan,1.0,0.0,1,4,1.0,0.0,1,label_or_marginal,1.0,0.0,1.0,LOW_POWER_TOKEN,LOW_SUPPORT_OR_POLYFUNCTIONAL,LOW,"f68r3.11,@Ls",A||4|label_or_marginal:1/R06
docheeo,1,1,R00,1.0,0.0,1.0,1.0,1,0,0,0,G3C,1.0,0.0,1.0,1,C,1.0,0.0,1,nan,1.0,0.0,1,4,1.0,0.0,1,radial/ring_text,1.0,0.0,1.0,LOW_POWER_TOKEN,LOW_SUPPORT_OR_POLYFUNCTIONAL,LOW,"f69r.36,@Ro",C||4|radial/ring_text:1/R00
dochod,1,1,R06,1.0,0.0,1.0,1.0,1,0,0,0,G3C,1.0,0.0,1.0,1,H,1.0,0.0,1,A,1.0,0.0,1,1,1.0,0.0,1,paragraph_continuation,1.0,0.0,1.0,LOW_POWER_TOKEN,LOW_SUPPORT_OR_POLYFUNCTIONAL,LOW,"f47v.6,+P0",H|A|1|paragraph_continuation:1/R06
dodaiin,1,1,R10,1.0,0.0,1.0,1.0,1,0,0,0,G3C,1.0,0.0,1.0,1,H,1.0,0.0,1,A,1.0,0.0,1,1,1.0,0.0,1,paragraph_continuation,1.0,0.0,1.0,LOW_POWER_TOKEN,LOW_SUPPORT_OR_POLYFUNCTIONAL,LOW,"f42r.15,+Pr",H|A|1|paragraph_continuation:1/R10
doeey,1,1,R06,1.0,0.0,1.0,1.0,1,0,0,0,G2,1.0,0.0,1.0,1,P,1.0,0.0,1,A,1.0,0.0,1,1,1.0,0.0,1,paragraph_continuation,1.0,0.0,1.0,LOW_POWER_TOKEN,LOW_SUPPORT_OR_POLYFUNCTIONAL,LOW,"f102r1.14,+P0",P|A|1|paragraph_continuation:1/R06
doiir,1,1,R06,1.0,0.0,1.0,1.0,1,0,0,0,G3C,1.0,0.0,1.0,1,B,1.0,0.0,1,B,1.0,0.0,1,2,1.0,0.0,1,label_or_marginal,1.0,0.0,1.0,LOW_POWER_TOKEN,LOW_SUPPORT_OR_POLYFUNCTIONAL,LOW,"f84r.6,@Ln",B|B|2|label_or_marginal:1/R06
dokal,1,1,R06,1.0,0.0,1.0,1.0,1,0,0,0,G3C,1.0,0.0,1.0,1,B,1.0,0.0,1,B,1.0,0.0,1,2,1.0,0.0,1,label_or_marginal,1.0,0.0,1.0,LOW_POWER_TOKEN,LOW_SUPPORT_OR_POLYFUNCTIONAL,LOW,"f75v.20,@Ln",B|B|2|label_or_marginal:1/R06
dokan,1,1,R06,1.0,0.0,1.0,1.0,1,0,0,0,G3C,1.0,0.0,1.0,1,A,1.0,0.0,1,nan,1.0,0.0,1,4,1.0,0.0,1,paragraph_continuation,1.0,0.0,1.0,LOW_POWER_TOKEN,LOW_SUPPORT_OR_POLYFUNCTIONAL,LOW,"f67r2.33,+Pb",A||4|paragraph_continuation:1/R06
dokechy,1,1,R00,1.0,0.0,1.0,1.0,1,0,0,0,G3C,1.0,0.0,1.0,1,A,1.0,0.0,1,nan,1.0,0.0,1,4,1.0,0.0,1,paragraph_start,1.0,0.0,1.0,LOW_POWER_TOKEN,LOW_SUPPORT_OR_POLYFUNCTIONAL,LOW,"f68r2.1,@P0",A||4|paragraph_start:1/R00
dokedy,1,1,R06,1.0,0.0,1.0,1.0,1,0,0,0,G2,1.0,0.0,1.0,1,B,1.0,0.0,1,B,1.0,0.0,1,2,1.0,0.0,1,paragraph_continuation,1.0,0.0,1.0,LOW_POWER_TOKEN,LOW_SUPPORT_OR_POLYFUNCTIONAL,LOW,"f84v.13,+P0",B|B|2|paragraph_continuation:1/R06
dokor,1,1,R06,1.0,0.0,1.0,1.0,1,0,0,0,G3C,1.0,0.0,1.0,1,P,1.0,0.0,1,A,1.0,0.0,1,1,1.0,0.0,1,label_or_marginal,1.0,0.0,1.0,LOW_POWER_TOKEN,LOW_SUPPORT_OR_POLYFUNCTIONAL,LOW,"f101v.5,@Lf",P|A|1|label_or_marginal:1/R06
dolaiin,1,1,R00,1.0,0.0,1.0,1.0,1,0,0,0,G3C,1.0,0.0,1.0,1,A,1.0,0.0,1,nan,1.0,0.0,1,4,1.0,0.0,1,circular/diagram_text,1.0,0.0,1.0,LOW_POWER_TOKEN,LOW_SUPPORT_OR_POLYFUNCTIONAL,LOW,"f68r3.22,@Cc",A||4|circular/diagram_text:1/R00
dolaram,1,1,R00,1.0,0.0,1.0,1.0,1,0,0,0,G3C,1.0,0.0,1.0,1,Z,1.0,0.0,1,nan,1.0,0.0,1,4,1.0,0.0,1,&L,1.0,0.0,1.0,LOW_POWER_TOKEN,LOW_SUPPORT_OR_POLYFUNCTIONAL,LOW,"f70v2.26,&Lz",Z||4|&L:1/R00
dolary,1,1,R06,1.0,0.0,1.0,1.0,1,0,0,0,G3C,1.0,0.0,1.0,1,P,1.0,0.0,1,A,1.0,0.0,1,1,1.0,0.0,1,label_or_marginal,1.0,0.0,1.0,LOW_POWER_TOKEN,LOW_SUPPORT_OR_POLYFUNCTIONAL,LOW,"f101v.16,@Lf",P|A|1|label_or_marginal:1/R06
dolchedy,1,1,R00,1.0,0.0,1.0,1.0,1,0,0,0,G3C,1.0,0.0,1.0,1,A,1.0,0.0,1,nan,1.0,0.0,1,4,1.0,0.0,1,label_or_marginal,1.0,0.0,1.0,LOW_POWER_TOKEN,LOW_SUPPORT_OR_POLYFUNCTIONAL,LOW,"f68r1.36,@Ls",A||4|label_or_marginal:1/R00
dolchsody,1,1,R00,1.0,0.0,1.0,1.0,1,0,0,0,G3C,1.0,0.0,1.0,1,A,1.0,0.0,1,nan,1.0,0.0,1,4,1.0,0.0,1,+L,1.0,0.0,1.0,LOW_POWER_TOKEN,LOW_SUPPORT_OR_POLYFUNCTIONAL,LOW,"f67r2.15,+L0",A||4|+L:1/R00
doldaiin,1,1,R00,1.0,0.0,1.0,1.0,1,0,0,0,G3C,1.0,0.0,1.0,1,H,1.0,0.0,1,A,1.0,0.0,1,1,1.0,0.0,1,paragraph_continuation,1.0,0.0,1.0,LOW_POWER_TOKEN,LOW_SUPPORT_OR_POLYFUNCTIONAL,LOW,"f7v.9,+P0",H|A|1|paragraph_continuation:1/R00
doldam,1,1,R06,1.0,0.0,1.0,1.0,1,0,0,0,G3C,1.0,0.0,1.0,1,P,1.0,0.0,1,A,1.0,0.0,1,1,1.0,0.0,1,label_or_marginal,1.0,0.0,1.0,LOW_POWER_TOKEN,LOW_SUPPORT_OR_POLYFUNCTIONAL,LOW,"f99v.31,@Lf",P|A|1|label_or_marginal:1/R06
dolds,1,1,R06,1.0,0.0,1.0,1.0,1,0,0,0,G2,1.0,0.0,1.0,1,H,1.0,0.0,1,A,1.0,0.0,1,1,1.0,0.0,1,paragraph_start,1.0,0.0,1.0,LOW_POWER_TOKEN,LOW_SUPPORT_OR_POLYFUNCTIONAL,LOW,"f4v.1,@P0",H|A|1|paragraph_start:1/R06
dolkeedy,1,1,R00,1.0,0.0,1.0,1.0,1,0,0,0,G1,1.0,0.0,1.0,1,S,1.0,0.0,1,B,1.0,0.0,1,@,1.0,0.0,1,paragraph_continuation,1.0,0.0,1.0,LOW_POWER_TOKEN,LOW_SUPPORT_OR_POLYFUNCTIONAL,LOW,"f115r.17,+P0",S|B|@|paragraph_continuation:1/R00
dolol,1,1,R06,1.0,0.0,1.0,1.0,1,0,0,0,G3C,1.0,0.0,1.0,1,B,1.0,0.0,1,B,1.0,0.0,1,2,1.0,0.0,1,=L,1.0,0.0,1.0,LOW_POWER_TOKEN,LOW_SUPPORT_OR_POLYFUNCTIONAL,LOW,"f82r.43,=Ln",B|B|2|=L:1/R06
dolor,1,1,R06,1.0,0.0,1.0,1.0,1,0,0,0,G2,1.0,0.0,1.0,1,B,1.0,0.0,1,B,1.0,0.0,1,2,1.0,0.0,1,paragraph_continuation,1.0,0.0,1.0,LOW_POWER_TOKEN,LOW_SUPPORT_OR_POLYFUNCTIONAL,LOW,"f84v.38,+P0",B|B|2|paragraph_continuation:1/R06
dolshedy,1,1,R00,1.0,0.0,1.0,1.0,1,0,0,0,G1,1.0,0.0,1.0,1,B,1.0,0.0,1,B,1.0,0.0,1,2,1.0,0.0,1,paragraph_continuation,1.0,0.0,1.0,LOW_POWER_TOKEN,LOW_SUPPORT_OR_POLYFUNCTIONAL,LOW,"f82v.9,+P0",B|B|2|paragraph_continuation:1/R00
dom,1,1,R06,1.0,0.0,1.0,1.0,1,0,0,0,G3C,1.0,0.0,1.0,1,H,1.0,0.0,1,A,1.0,0.0,1,1,1.0,0.0,1,paragraph_continuation,1.0,0.0,1.0,LOW_POWER_TOKEN,LOW_SUPPORT_OR_POLYFUNCTIONAL,LOW,"f54r.11,+P0",H|A|1|paragraph_continuation:1/R06
dorain,1,1,R06,1.0,0.0,1.0,1.0,1,0,0,0,G3C,1.0,0.0,1.0,1,H,1.0,0.0,1,A,1.0,0.0,1,1,1.0,0.0,1,paragraph_continuation,1.0,0.0,1.0,LOW_POWER_TOKEN,LOW_SUPPORT_OR_POLYFUNCTIONAL,LOW,"f42r.6,+Pc",H|A|1|paragraph_continuation:1/R06
dotedy,1,1,R06,1.0,0.0,1.0,1.0,1,0,0,0,G3C,1.0,0.0,1.0,1,B,1.0,0.0,1,B,1.0,0.0,1,2,1.0,0.0,1,~L,1.0,0.0,1.0,LOW_POWER_TOKEN,LOW_SUPPORT_OR_POLYFUNCTIONAL,LOW,"f77r.8,~Ln",B|B|2|~L:1/R06
dshcheal,1,1,R00,1.0,0.0,1.0,1.0,1,0,0,0,G2,1.0,0.0,1.0,1,H,1.0,0.0,1,A,1.0,0.0,1,1,1.0,0.0,1,paragraph_continuation,1.0,0.0,1.0,LOW_POWER_TOKEN,LOW_SUPPORT_OR_POLYFUNCTIONAL,LOW,"f90v2.5,+P0",H|A|1|paragraph_continuation:1/R00
dsheckhy,1,1,R00,1.0,0.0,1.0,1.0,1,0,0,0,G2,1.0,0.0,1.0,1,B,1.0,0.0,1,B,1.0,0.0,1,2,1.0,0.0,1,paragraph_continuation,1.0,0.0,1.0,LOW_POWER_TOKEN,LOW_SUPPORT_OR_POLYFUNCTIONAL,LOW,"f75r.8,+P0",B|B|2|paragraph_continuation:1/R00
dsheedy,1,1,R00,1.0,0.0,1.0,1.0,1,0,0,0,G2,1.0,0.0,1.0,1,S,1.0,0.0,1,B,1.0,0.0,1,3,1.0,0.0,1,paragraph_continuation,1.0,0.0,1.0,LOW_POWER_TOKEN,LOW_SUPPORT_OR_POLYFUNCTIONAL,LOW,"f111r.3,+P0",S|B|3|paragraph_continuation:1/R00
dsheeo,1,1,R06,1.0,0.0,1.0,1.0,1,0,0,0,G2,1.0,0.0,1.0,1,S,1.0,0.0,1,B,1.0,0.0,1,3,1.0,0.0,1,paragraph_continuation,1.0,0.0,1.0,LOW_POWER_TOKEN,LOW_SUPPORT_OR_POLYFUNCTIONAL,LOW,"f111r.12,+P0",S|B|3|paragraph_continuation:1/R06
dshees,1,1,R06,1.0,0.0,1.0,1.0,1,0,0,0,G2,1.0,0.0,1.0,1,B,1.0,0.0,1,B,1.0,0.0,1,2,1.0,0.0,1,paragraph_continuation,1.0,0.0,1.0,LOW_POWER_TOKEN,LOW_SUPPORT_OR_POLYFUNCTIONAL,LOW,"f81r.7,+P0",B|B|2|paragraph_continuation:1/R06
dsheog,1,1,R06,1.0,0.0,1.0,1.0,1,0,0,0,G2,1.0,0.0,1.0,1,H,1.0,0.0,1,A,1.0,0.0,1,1,1.0,0.0,1,paragraph_continuation,1.0,0.0,1.0,LOW_POWER_TOKEN,LOW_SUPPORT_OR_POLYFUNCTIONAL,LOW,"f93v.8,+P0",H|A|1|paragraph_continuation:1/R06
dsheol,1,1,R06,1.0,0.0,1.0,1.0,1,0,0,0,G2,1.0,0.0,1.0,1,B,1.0,0.0,1,B,1.0,0.0,1,2,1.0,0.0,1,paragraph_continuation,1.0,0.0,1.0,LOW_POWER_TOKEN,LOW_SUPPORT_OR_POLYFUNCTIONAL,LOW,"f81v.27,+P0",B|B|2|paragraph_continuation:1/R06
dsheoy,1,1,R06,1.0,0.0,1.0,1.0,1,0,0,0,G1,1.0,0.0,1.0,1,S,1.0,0.0,1,B,1.0,0.0,1,3,1.0,0.0,1,paragraph_continuation,1.0,0.0,1.0,LOW_POWER_TOKEN,LOW_SUPPORT_OR_POLYFUNCTIONAL,LOW,"f104r.20,+P0",S|B|3|paragraph_continuation:1/R06
dtedg,1,1,R06,1.0,0.0,1.0,1.0,1,0,0,0,G3C,1.0,0.0,1.0,1,C,1.0,0.0,1,B,1.0,0.0,1,4,1.0,0.0,1,label_or_marginal,1.0,0.0,1.0,LOW_POWER_TOKEN,LOW_SUPPORT_OR_POLYFUNCTIONAL,LOW,"fRos.80,@L0",C|B|4|label_or_marginal:1/R06
dxar,1,1,R06,1.0,0.0,1.0,1.0,1,0,0,0,G3C,1.0,0.0,1.0,1,C,1.0,0.0,1,B,1.0,0.0,1,4,1.0,0.0,1,label_or_marginal,1.0,0.0,1.0,LOW_POWER_TOKEN,LOW_SUPPORT_OR_POLYFUNCTIONAL,LOW,"fRos.29,@L0",C|B|4|label_or_marginal:1/R06
dykaiin,1,1,R00,1.0,0.0,1.0,1.0,1,0,0,0,G1,1.0,0.0,1.0,1,H,1.0,0.0,1,A,1.0,0.0,1,1,1.0,0.0,1,paragraph_continuation,1.0,0.0,1.0,LOW_POWER_TOKEN,LOW_SUPPORT_OR_POLYFUNCTIONAL,LOW,"f22r.3,+P0",H|A|1|paragraph_continuation:1/R00
dykain,1,1,R06,1.0,0.0,1.0,1.0,1,0,0,0,G2,1.0,0.0,1.0,1,B,1.0,0.0,1,B,1.0,0.0,1,2,1.0,0.0,1,paragraph_continuation,1.0,0.0,1.0,LOW_POWER_TOKEN,LOW_SUPPORT_OR_POLYFUNCTIONAL,LOW,"f81v.3,+P0",B|B|2|paragraph_continuation:1/R06
dykaran,1,1,R00,1.0,0.0,1.0,1.0,1,0,0,0,G3C,1.0,0.0,1.0,1,P,1.0,0.0,1,A,1.0,0.0,1,1,1.0,0.0,1,label_or_marginal,1.0,0.0,1.0,LOW_POWER_TOKEN,LOW_SUPPORT_OR_POLYFUNCTIONAL,LOW,"f89v2.13,@Lf",P|A|1|label_or_marginal:1/R00
dykchal,1,1,R00,1.0,0.0,1.0,1.0,1,0,0,0,G3C,1.0,0.0,1.0,1,P,1.0,0.0,1,A,1.0,0.0,1,1,1.0,0.0,1,label_or_marginal,1.0,0.0,1.0,LOW_POWER_TOKEN,LOW_SUPPORT_OR_POLYFUNCTIONAL,LOW,"f100v.12,@Lf",P|A|1|label_or_marginal:1/R00
dykchy,1,1,R06,1.0,0.0,1.0,1.0,1,0,0,0,G3C,1.0,0.0,1.0,1,H,1.0,0.0,1,A,1.0,0.0,1,1,1.0,0.0,1,paragraph_continuation,1.0,0.0,1.0,LOW_POWER_TOKEN,LOW_SUPPORT_OR_POLYFUNCTIONAL,LOW,"f14v.9,+P0",H|A|1|paragraph_continuation:1/R06
dykeedy,1,1,R00,1.0,0.0,1.0,1.0,1,0,0,0,G1,1.0,0.0,1.0,1,B,1.0,0.0,1,B,1.0,0.0,1,2,1.0,0.0,1,paragraph_continuation,1.0,0.0,1.0,LOW_POWER_TOKEN,LOW_SUPPORT_OR_POLYFUNCTIONAL,LOW,"f75r.41,+P0",B|B|2|paragraph_continuation:1/R00
dykshy,1,1,R06,1.0,0.0,1.0,1.0,1,0,0,0,G1,1.0,0.0,1.0,1,B,1.0,0.0,1,B,1.0,0.0,1,2,1.0,0.0,1,paragraph_continuation,1.0,0.0,1.0,LOW_POWER_TOKEN,LOW_SUPPORT_OR_POLYFUNCTIONAL,LOW,"f80r.12,+P0",B|B|2|paragraph_continuation:1/R06
dyky,1,1,R06,1.0,0.0,1.0,1.0,1,0,0,0,G2,1.0,0.0,1.0,1,T,1.0,0.0,1,B,1.0,0.0,1,5,1.0,0.0,1,paragraph_continuation,1.0,0.0,1.0,LOW_POWER_TOKEN,LOW_SUPPORT_OR_POLYFUNCTIONAL,LOW,"f66r.55,+P0",T|B|5|paragraph_continuation:1/R06
dyotyds,1,1,R00,1.0,0.0,1.0,1.0,1,0,0,0,G3C,1.0,0.0,1.0,1,H,1.0,0.0,1,A,1.0,0.0,1,1,1.0,0.0,1,paragraph_continuation,1.0,0.0,1.0,LOW_POWER_TOKEN,LOW_SUPPORT_OR_POLYFUNCTIONAL,LOW,"f14v.4,+P0",H|A|1|paragraph_continuation:1/R00
dypchy,1,1,R06,1.0,0.0,1.0,1.0,1,0,0,0,G2,1.0,0.0,1.0,1,H,1.0,0.0,1,A,1.0,0.0,1,1,1.0,0.0,1,paragraph_start,1.0,0.0,1.0,LOW_POWER_TOKEN,LOW_SUPPORT_OR_POLYFUNCTIONAL,LOW,"f13r.1,@P0",H|A|1|paragraph_start:1/R06
dytain,1,1,R06,1.0,0.0,1.0,1.0,1,0,0,0,G2,1.0,0.0,1.0,1,B,1.0,0.0,1,B,1.0,0.0,1,2,1.0,0.0,1,paragraph_continuation,1.0,0.0,1.0,LOW_POWER_TOKEN,LOW_SUPPORT_OR_POLYFUNCTIONAL,LOW,"f79v.13,+P0",B|B|2|paragraph_continuation:1/R06
dytchor,1,1,R00,1.0,0.0,1.0,1.0,1,0,0,0,G3C,1.0,0.0,1.0,1,H,1.0,0.0,1,A,1.0,0.0,1,1,1.0,0.0,1,paragraph_continuation,1.0,0.0,1.0,LOW_POWER_TOKEN,LOW_SUPPORT_OR_POLYFUNCTIONAL,LOW,"f32r.9,+P0",H|A|1|paragraph_continuation:1/R00
dytchy,1,1,R06,1.0,0.0,1.0,1.0,1,0,0,0,G3C,1.0,0.0,1.0,1,H,1.0,0.0,1,A,1.0,0.0,1,1,1.0,0.0,1,paragraph_continuation,1.0,0.0,1.0,LOW_POWER_TOKEN,LOW_SUPPORT_OR_POLYFUNCTIONAL,LOW,"f19r.2,+P0",H|A|1|paragraph_continuation:1/R06
dytedy,1,1,R06,1.0,0.0,1.0,1.0,1,0,0,0,G2,1.0,0.0,1.0,1,B,1.0,0.0,1,B,1.0,0.0,1,2,1.0,0.0,1,paragraph_start,1.0,0.0,1.0,LOW_POWER_TOKEN,LOW_SUPPORT_OR_POLYFUNCTIONAL,LOW,"f84r.13,@P0",B|B|2|paragraph_start:1/R06
dytolg,1,1,R06,1.0,0.0,1.0,1.0,1,0,0,0,G3C,1.0,0.0,1.0,1,P,1.0,0.0,1,A,1.0,0.0,1,1,1.0,0.0,1,label_or_marginal,1.0,0.0,1.0,LOW_POWER_TOKEN,LOW_SUPPORT_OR_POLYFUNCTIONAL,LOW,"f101v.14,@Lf",P|A|1|label_or_marginal:1/R06
dytshedy,1,1,R00,1.0,0.0,1.0,1.0,1,0,0,0,G1,1.0,0.0,1.0,1,T,1.0,0.0,1,B,1.0,0.0,1,2,1.0,0.0,1,paragraph_continuation,1.0,0.0,1.0,LOW_POWER_TOKEN,LOW_SUPPORT_OR_POLYFUNCTIONAL,LOW,"f86v6.28,+P0",T|B|2|paragraph_continuation:1/R00
dytshy,1,1,R06,1.0,0.0,1.0,1.0,1,0,0,0,G1,1.0,0.0,1.0,1,T,1.0,0.0,1,B,1.0,0.0,1,2,1.0,0.0,1,paragraph_continuation,1.0,0.0,1.0,LOW_POWER_TOKEN,LOW_SUPPORT_OR_POLYFUNCTIONAL,LOW,"f86v6.28,+P0",T|B|2|paragraph_continuation:1/R06
ear,1,1,R00,1.0,0.0,1.0,1.0,1,0,0,0,G3C,1.0,0.0,1.0,1,S,1.0,0.0,1,B,1.0,0.0,1,3,1.0,0.0,1,paragraph_start,1.0,0.0,1.0,LOW_POWER_TOKEN,LOW_SUPPORT_OR_POLYFUNCTIONAL,LOW,"f104v.1,@P0",S|B|3|paragraph_start:1/R00
echkalal,1,1,R00,1.0,0.0,1.0,1.0,1,0,0,0,G3C,1.0,0.0,1.0,1,A,1.0,0.0,1,nan,1.0,0.0,1,4,1.0,0.0,1,&L,1.0,0.0,1.0,LOW_POWER_TOKEN,LOW_SUPPORT_OR_POLYFUNCTIONAL,LOW,"f67v1.4,&L0",A||4|&L:1/R00
eeckhy,1,1,R00,1.0,0.0,1.0,1.0,1,0,0,0,G2,1.0,0.0,1.0,1,H,1.0,0.0,1,A,1.0,0.0,1,1,1.0,0.0,1,paragraph_continuation,1.0,0.0,1.0,LOW_POWER_TOKEN,LOW_SUPPORT_OR_POLYFUNCTIONAL,LOW,"f51r.7,+P0",H|A|1|paragraph_continuation:1/R00
eeed,1,1,R00,1.0,0.0,1.0,1.0,1,0,0,0,G3C,1.0,0.0,1.0,1,Z,1.0,0.0,1,nan,1.0,0.0,1,4,1.0,0.0,1,&L,1.0,0.0,1.0,LOW_POWER_TOKEN,LOW_SUPPORT_OR_POLYFUNCTIONAL,LOW,"f73v.24,&Lz",Z||4|&L:1/R00
eeeody,1,1,R00,1.0,0.0,1.0,1.0,1,0,0,0,G3C,1.0,0.0,1.0,1,Z,1.0,0.0,1,nan,1.0,0.0,1,4,1.0,0.0,1,&L,1.0,0.0,1.0,LOW_POWER_TOKEN,LOW_SUPPORT_OR_POLYFUNCTIONAL,LOW,"f73v.4,&Lz",Z||4|&L:1/R00
eeesal,1,1,R00,1.0,0.0,1.0,1.0,1,0,0,0,G3C,1.0,0.0,1.0,1,B,1.0,0.0,1,B,1.0,0.0,1,2,1.0,0.0,1,paragraph_continuation,1.0,0.0,1.0,LOW_POWER_TOKEN,LOW_SUPPORT_OR_POLYFUNCTIONAL,LOW,"f80r.25,+P0",B|B|2|paragraph_continuation:1/R00
eeesaly,1,1,R00,1.0,0.0,1.0,1.0,1,0,0,0,G3C,1.0,0.0,1.0,1,Z,1.0,0.0,1,nan,1.0,0.0,1,4,1.0,0.0,1,&L,1.0,0.0,1.0,LOW_POWER_TOKEN,LOW_SUPPORT_OR_POLYFUNCTIONAL,LOW,"f72r3.20,&Lz",Z||4|&L:1/R00
eeey,1,1,R00,1.0,0.0,1.0,1.0,1,0,0,0,G2,1.0,0.0,1.0,1,P,1.0,0.0,1,A,1.0,0.0,1,1,1.0,0.0,1,paragraph_continuation,1.0,0.0,1.0,LOW_POWER_TOKEN,LOW_SUPPORT_OR_POLYFUNCTIONAL,LOW,"f102r2.10,+P0",P|A|1|paragraph_continuation:1/R00
eeor,1,1,R00,1.0,0.0,1.0,1.0,1,0,0,0,G3C,1.0,0.0,1.0,1,H,1.0,0.0,1,A,1.0,0.0,1,1,1.0,0.0,1,paragraph_continuation,1.0,0.0,1.0,LOW_POWER_TOKEN,LOW_SUPPORT_OR_POLYFUNCTIONAL,LOW,"f24r.4,+P0",H|A|1|paragraph_continuation:1/R00
eesydy,1,1,R00,1.0,0.0,1.0,1.0,1,0,0,0,G3C,1.0,0.0,1.0,1,A,1.0,0.0,1,nan,1.0,0.0,1,4,1.0,0.0,1,&L,1.0,0.0,1.0,LOW_POWER_TOKEN,LOW_SUPPORT_OR_POLYFUNCTIONAL,LOW,"f67r2.2,&L0",A||4|&L:1/R00
eol,1,1,R00,1.0,0.0,1.0,1.0,1,0,0,0,G2,1.0,0.0,1.0,1,B,1.0,0.0,1,B,1.0,0.0,1,2,1.0,0.0,1,paragraph_continuation,1.0,0.0,1.0,LOW_POWER_TOKEN,LOW_SUPPORT_OR_POLYFUNCTIONAL,LOW,"f84v.9,+P0",B|B|2|paragraph_continuation:1/R00
es,1,1,R00,1.0,0.0,1.0,1.0,1,0,0,0,G3C,1.0,0.0,1.0,1,A,1.0,0.0,1,nan,1.0,0.0,1,4,1.0,0.0,1,paragraph_continuation,1.0,0.0,1.0,LOW_POWER_TOKEN,LOW_SUPPORT_OR_POLYFUNCTIONAL,LOW,"f67r2.45,+Pb",A||4|paragraph_continuation:1/R00
etaiin,1,1,R00,1.0,0.0,1.0,1.0,1,0,0,0,G3C,1.0,0.0,1.0,1,H,1.0,0.0,1,A,1.0,0.0,1,1,1.0,0.0,1,paragraph_continuation,1.0,0.0,1.0,LOW_POWER_TOKEN,LOW_SUPPORT_OR_POLYFUNCTIONAL,LOW,"f8v.5,+P0",H|A|1|paragraph_continuation:1/R00
ety,1,1,R00,1.0,0.0,1.0,1.0,1,0,0,0,G3C,1.0,0.0,1.0,1,H,1.0,0.0,1,A,1.0,0.0,1,1,1.0,0.0,1,paragraph_continuation,1.0,0.0,1.0,LOW_POWER_TOKEN,LOW_SUPPORT_OR_POLYFUNCTIONAL,LOW,"f20v.10,+P0",H|A|1|paragraph_continuation:1/R00
ey,1,1,R00,1.0,0.0,1.0,1.0,1,0,0,0,G3C,1.0,0.0,1.0,1,A,1.0,0.0,1,nan,1.0,0.0,1,4,1.0,0.0,1,&L,1.0,0.0,1.0,LOW_POWER_TOKEN,LOW_SUPPORT_OR_POLYFUNCTIONAL,LOW,"f67r2.3,&L0",A||4|&L:1/R00
faimy,1,1,R06,1.0,0.0,1.0,1.0,1,0,0,0,G2,1.0,0.0,1.0,1,H,1.0,0.0,1,B,1.0,0.0,1,2,1.0,0.0,1,paragraph_continuation,1.0,0.0,1.0,LOW_POWER_TOKEN,LOW_SUPPORT_OR_POLYFUNCTIONAL,LOW,"f40v.15,+P0",H|B|2|paragraph_continuation:1/R06
far,1,1,R06,1.0,0.0,1.0,1.0,1,0,0,0,G3C,1.0,0.0,1.0,1,H,1.0,0.0,1,B,1.0,0.0,1,2,1.0,0.0,1,paragraph_continuation,1.0,0.0,1.0,LOW_POWER_TOKEN,LOW_SUPPORT_OR_POLYFUNCTIONAL,LOW,"f33r.4,+P0",H|B|2|paragraph_continuation:1/R06
fary,1,1,R06,1.0,0.0,1.0,1.0,1,0,0,0,G3C,1.0,0.0,1.0,1,T,1.0,0.0,1,B,1.0,0.0,1,5,1.0,0.0,1,+L,1.0,0.0,1.0,LOW_POWER_TOKEN,LOW_SUPPORT_OR_POLYFUNCTIONAL,LOW,"f66r.8,+L0",T|B|5|+L:1/R06
fchedey,1,1,R00,1.0,0.0,1.0,1.0,1,0,0,0,G2,1.0,0.0,1.0,1,S,1.0,0.0,1,B,1.0,0.0,1,3,1.0,0.0,1,paragraph_continuation,1.0,0.0,1.0,LOW_POWER_TOKEN,LOW_SUPPORT_OR_POLYFUNCTIONAL,LOW,"f103v.30,+P0",S|B|3|paragraph_continuation:1/R00
fchedy,1,1,R06,1.0,0.0,1.0,1.0,1,0,0,0,G2,1.0,0.0,1.0,1,S,1.0,0.0,1,B,1.0,0.0,1,3,1.0,0.0,1,paragraph_continuation,1.0,0.0,1.0,LOW_POWER_TOKEN,LOW_SUPPORT_OR_POLYFUNCTIONAL,LOW,"f103v.30,+P0",S|B|3|paragraph_continuation:1/R06
fcheey,1,1,R06,1.0,0.0,1.0,1.0,1,0,0,0,G1,1.0,0.0,1.0,1,C,1.0,0.0,1,B,1.0,0.0,1,2,1.0,0.0,1,paragraph_start,1.0,0.0,1.0,LOW_POWER_TOKEN,LOW_SUPPORT_OR_POLYFUNCTIONAL,LOW,"f85r2.7,@Pb",C|B|2|paragraph_start:1/R06
fchey,1,1,R06,1.0,0.0,1.0,1.0,1,0,0,0,G2,1.0,0.0,1.0,1,S,1.0,0.0,1,A,1.0,0.0,1,3,1.0,0.0,1,paragraph_continuation,1.0,0.0,1.0,LOW_POWER_TOKEN,LOW_SUPPORT_OR_POLYFUNCTIONAL,LOW,"f58v.6,+P0",S|A|3|paragraph_continuation:1/R06
fcho,1,1,R06,1.0,0.0,1.0,1.0,1,0,0,0,G3C,1.0,0.0,1.0,1,H,1.0,0.0,1,A,1.0,0.0,1,1,1.0,0.0,1,paragraph_continuation,1.0,0.0,1.0,LOW_POWER_TOKEN,LOW_SUPPORT_OR_POLYFUNCTIONAL,LOW,"f32r.6,+P0",H|A|1|paragraph_continuation:1/R06
fchodaiin,1,1,R10,1.0,0.0,1.0,1.0,1,0,0,0,G2,1.0,0.0,1.0,1,H,1.0,0.0,1,A,1.0,0.0,1,1,1.0,0.0,1,paragraph_start,1.0,0.0,1.0,LOW_POWER_TOKEN,LOW_SUPPORT_OR_POLYFUNCTIONAL,LOW,"f7r.1,@P0",H|A|1|paragraph_start:1/R10
fchol,1,1,R06,1.0,0.0,1.0,1.0,1,0,0,0,G3C,1.0,0.0,1.0,1,H,1.0,0.0,1,A,1.0,0.0,1,1,1.0,0.0,1,paragraph_continuation,1.0,0.0,1.0,LOW_POWER_TOKEN,LOW_SUPPORT_OR_POLYFUNCTIONAL,LOW,"f17v.4,+P0",H|A|1|paragraph_continuation:1/R06
fchor,1,1,R06,1.0,0.0,1.0,1.0,1,0,0,0,G1,1.0,0.0,1.0,1,S,1.0,0.0,1,B,1.0,0.0,1,3,1.0,0.0,1,paragraph_continuation,1.0,0.0,1.0,LOW_POWER_TOKEN,LOW_SUPPORT_OR_POLYFUNCTIONAL,LOW,"f104v.19,+P0",S|B|3|paragraph_continuation:1/R06
fdeechdy,1,1,R00,1.0,0.0,1.0,1.0,1,0,0,0,G3C,1.0,0.0,1.0,1,S,1.0,0.0,1,B,1.0,0.0,1,3,1.0,0.0,1,paragraph_continuation,1.0,0.0,1.0,LOW_POWER_TOKEN,LOW_SUPPORT_OR_POLYFUNCTIONAL,LOW,"f114r.4,+P0",S|B|3|paragraph_continuation:1/R00
fshor,1,1,R06,1.0,0.0,1.0,1.0,1,0,0,0,G3C,1.0,0.0,1.0,1,H,1.0,0.0,1,A,1.0,0.0,1,1,1.0,0.0,1,paragraph_continuation,1.0,0.0,1.0,LOW_POWER_TOKEN,LOW_SUPPORT_OR_POLYFUNCTIONAL,LOW,"f22v.6,+P0",H|A|1|paragraph_continuation:1/R06
iin,1,1,R00,1.0,0.0,1.0,1.0,1,0,0,0,G3C,1.0,0.0,1.0,1,A,1.0,0.0,1,nan,1.0,0.0,1,4,1.0,0.0,1,paragraph_start,1.0,0.0,1.0,LOW_POWER_TOKEN,LOW_SUPPORT_OR_POLYFUNCTIONAL,LOW,"f67r2.35,@Pb",A||4|paragraph_start:1/R00
iinal,1,1,R00,1.0,0.0,1.0,1.0,1,0,0,0,G2,1.0,0.0,1.0,1,S,1.0,0.0,1,B,1.0,0.0,1,3,1.0,0.0,1,paragraph_continuation,1.0,0.0,1.0,LOW_POWER_TOKEN,LOW_SUPPORT_OR_POLYFUNCTIONAL,LOW,"f107r.47,+P0",S|B|3|paragraph_continuation:1/R00
iir,1,1,R00,1.0,0.0,1.0,1.0,1,0,0,0,G1,1.0,0.0,1.0,1,S,1.0,0.0,1,B,1.0,0.0,1,3,1.0,0.0,1,paragraph_continuation,1.0,0.0,1.0,LOW_POWER_TOKEN,LOW_SUPPORT_OR_POLYFUNCTIONAL,LOW,"f111r.45,+P0",S|B|3|paragraph_continuation:1/R00
in,1,1,R00,1.0,0.0,1.0,1.0,1,0,0,0,G2,1.0,0.0,1.0,1,T,1.0,0.0,1,B,1.0,0.0,1,2,1.0,0.0,1,paragraph_continuation,1.0,0.0,1.0,LOW_POWER_TOKEN,LOW_SUPPORT_OR_POLYFUNCTIONAL,LOW,"f76r.45,+P0",T|B|2|paragraph_continuation:1/R00
ios,1,1,R00,1.0,0.0,1.0,1.0,1,0,0,0,G3C,1.0,0.0,1.0,1,H,1.0,0.0,1,A,1.0,0.0,1,1,1.0,0.0,1,label_or_marginal,1.0,0.0,1.0,LOW_POWER_TOKEN,LOW_SUPPORT_OR_POLYFUNCTIONAL,LOW,"f2r.15,@L0",H|A|1|label_or_marginal:1/R00
ka,1,1,R06,1.0,0.0,1.0,1.0,1,0,0,0,G2,1.0,0.0,1.0,1,H,1.0,0.0,1,B,1.0,0.0,1,2,1.0,0.0,1,paragraph_continuation,1.0,0.0,1.0,LOW_POWER_TOKEN,LOW_SUPPORT_OR_POLYFUNCTIONAL,LOW,"f55r.9,+P0",H|B|2|paragraph_continuation:1/R06
kair,1,1,R06,1.0,0.0,1.0,1.0,1,0,0,0,G2,1.0,0.0,1.0,1,B,1.0,0.0,1,B,1.0,0.0,1,2,1.0,0.0,1,paragraph_continuation,1.0,0.0,1.0,LOW_POWER_TOKEN,LOW_SUPPORT_OR_POLYFUNCTIONAL,LOW,"f81v.2,+P0",B|B|2|paragraph_continuation:1/R06
kairam,1,1,R06,1.0,0.0,1.0,1.0,1,0,0,0,G2,1.0,0.0,1.0,1,S,1.0,0.0,1,B,1.0,0.0,1,3,1.0,0.0,1,paragraph_continuation,1.0,0.0,1.0,LOW_POWER_TOKEN,LOW_SUPPORT_OR_POLYFUNCTIONAL,LOW,"f107r.42,+P0",S|B|3|paragraph_continuation:1/R06
kaldaiin,1,1,R00,1.0,0.0,1.0,1.0,1,0,0,0,G2,1.0,0.0,1.0,1,H,1.0,0.0,1,B,1.0,0.0,1,2,1.0,0.0,1,paragraph_continuation,1.0,0.0,1.0,LOW_POWER_TOKEN,LOW_SUPPORT_OR_POLYFUNCTIONAL,LOW,"f34r.11,+P0",H|B|2|paragraph_continuation:1/R00
kaldaim,1,1,R00,1.0,0.0,1.0,1.0,1,0,0,0,G2,1.0,0.0,1.0,1,S,1.0,0.0,1,B,1.0,0.0,1,3,1.0,0.0,1,paragraph_continuation,1.0,0.0,1.0,LOW_POWER_TOKEN,LOW_SUPPORT_OR_POLYFUNCTIONAL,LOW,"f107r.35,+P0",S|B|3|paragraph_continuation:1/R00
kan,1,1,R06,1.0,0.0,1.0,1.0,1,0,0,0,G3C,1.0,0.0,1.0,1,H,1.0,0.0,1,A,1.0,0.0,1,1,1.0,0.0,1,paragraph_continuation,1.0,0.0,1.0,LOW_POWER_TOKEN,LOW_SUPPORT_OR_POLYFUNCTIONAL,LOW,"f15v.9,+P0",H|A|1|paragraph_continuation:1/R06
kchar,1,1,R06,1.0,0.0,1.0,1.0,1,0,0,0,G1,1.0,0.0,1.0,1,H,1.0,0.0,1,A,1.0,0.0,1,1,1.0,0.0,1,paragraph_continuation,1.0,0.0,1.0,LOW_POWER_TOKEN,LOW_SUPPORT_OR_POLYFUNCTIONAL,LOW,"f17v.8,+P0",H|A|1|paragraph_continuation:1/R06
kchdal,1,1,R06,1.0,0.0,1.0,1.0,1,0,0,0,G1,1.0,0.0,1.0,1,H,1.0,0.0,1,A,1.0,0.0,1,1,1.0,0.0,1,paragraph_continuation,1.0,0.0,1.0,LOW_POWER_TOKEN,LOW_SUPPORT_OR_POLYFUNCTIONAL,LOW,"f47r.4,+P0",H|A|1|paragraph_continuation:1/R06
kchdar,1,1,R06,1.0,0.0,1.0,1.0,1,0,0,0,G1,1.0,0.0,1.0,1,T,1.0,0.0,1,B,1.0,0.0,1,2,1.0,0.0,1,paragraph_continuation,1.0,0.0,1.0,LOW_POWER_TOKEN,LOW_SUPPORT_OR_POLYFUNCTIONAL,LOW,"f85r1.7,+P0",T|B|2|paragraph_continuation:1/R06
kchdy,1,1,R06,1.0,0.0,1.0,1.0,1,0,0,0,G2,1.0,0.0,1.0,1,B,1.0,0.0,1,B,1.0,0.0,1,2,1.0,0.0,1,paragraph_continuation,1.0,0.0,1.0,LOW_POWER_TOKEN,LOW_SUPPORT_OR_POLYFUNCTIONAL,LOW,"f84v.22,+P0",B|B|2|paragraph_continuation:1/R06
kcheedy,1,1,R00,1.0,0.0,1.0,1.0,1,0,0,0,G2,1.0,0.0,1.0,1,S,1.0,0.0,1,B,1.0,0.0,1,3,1.0,0.0,1,paragraph_continuation,1.0,0.0,1.0,LOW_POWER_TOKEN,LOW_SUPPORT_OR_POLYFUNCTIONAL,LOW,"f107r.20,+P0",S|B|3|paragraph_continuation:1/R00
kcheeky,1,1,R00,1.0,0.0,1.0,1.0,1,0,0,0,G2,1.0,0.0,1.0,1,T,1.0,0.0,1,B,1.0,0.0,1,5,1.0,0.0,1,paragraph_continuation,1.0,0.0,1.0,LOW_POWER_TOKEN,LOW_SUPPORT_OR_POLYFUNCTIONAL,LOW,"f66r.69,+P0",T|B|5|paragraph_continuation:1/R00
kchekain,1,1,R00,1.0,0.0,1.0,1.0,1,0,0,0,G2,1.0,0.0,1.0,1,S,1.0,0.0,1,B,1.0,0.0,1,3,1.0,0.0,1,paragraph_continuation,1.0,0.0,1.0,LOW_POWER_TOKEN,LOW_SUPPORT_OR_POLYFUNCTIONAL,LOW,"f107r.39,+P0",S|B|3|paragraph_continuation:1/R00
kcheo,1,1,R06,1.0,0.0,1.0,1.0,1,0,0,0,G2,1.0,0.0,1.0,1,S,1.0,0.0,1,B,1.0,0.0,1,3,1.0,0.0,1,paragraph_continuation,1.0,0.0,1.0,LOW_POWER_TOKEN,LOW_SUPPORT_OR_POLYFUNCTIONAL,LOW,"f107r.36,+P0",S|B|3|paragraph_continuation:1/R06
kcheoey,1,1,R00,1.0,0.0,1.0,1.0,1,0,0,0,G3C,1.0,0.0,1.0,1,A,1.0,0.0,1,nan,1.0,0.0,1,4,1.0,0.0,1,paragraph_continuation,1.0,0.0,1.0,LOW_POWER_TOKEN,LOW_SUPPORT_OR_POLYFUNCTIONAL,LOW,"f68r2.5,+P0",A||4|paragraph_continuation:1/R00
kcho,1,1,R06,1.0,0.0,1.0,1.0,1,0,0,0,G2,1.0,0.0,1.0,1,H,1.0,0.0,1,A,1.0,0.0,1,1,1.0,0.0,1,paragraph_continuation,1.0,0.0,1.0,LOW_POWER_TOKEN,LOW_SUPPORT_OR_POLYFUNCTIONAL,LOW,"f51r.7,+P0",H|A|1|paragraph_continuation:1/R06
kchochaiin,1,1,R00,1.0,0.0,1.0,1.0,1,0,0,0,G3C,1.0,0.0,1.0,1,H,1.0,0.0,1,A,1.0,0.0,1,1,1.0,0.0,1,paragraph_continuation,1.0,0.0,1.0,LOW_POWER_TOKEN,LOW_SUPPORT_OR_POLYFUNCTIONAL,LOW,"f21v.8,+P0",H|A|1|paragraph_continuation:1/R00
kchodan,1,1,R00,1.0,0.0,1.0,1.0,1,0,0,0,G1,1.0,0.0,1.0,1,H,1.0,0.0,1,A,1.0,0.0,1,1,1.0,0.0,1,paragraph_continuation,1.0,0.0,1.0,LOW_POWER_TOKEN,LOW_SUPPORT_OR_POLYFUNCTIONAL,LOW,"f42r.9,+P0",H|A|1|paragraph_continuation:1/R00
kcholchdar,1,1,R00,1.0,0.0,1.0,1.0,1,0,0,0,G2,1.0,0.0,1.0,1,S,1.0,0.0,1,B,1.0,0.0,1,3,1.0,0.0,1,paragraph_start,1.0,0.0,1.0,LOW_POWER_TOKEN,LOW_SUPPORT_OR_POLYFUNCTIONAL,LOW,"f111r.1,@P0",S|B|3|paragraph_start:1/R00
kcholy,1,1,R06,1.0,0.0,1.0,1.0,1,0,0,0,G1,1.0,0.0,1.0,1,H,1.0,0.0,1,A,1.0,0.0,1,1,1.0,0.0,1,paragraph_continuation,1.0,0.0,1.0,LOW_POWER_TOKEN,LOW_SUPPORT_OR_POLYFUNCTIONAL,LOW,"f52v.6,+P0",H|A|1|paragraph_continuation:1/R06
kchos,1,1,R06,1.0,0.0,1.0,1.0,1,0,0,0,G2,1.0,0.0,1.0,1,H,1.0,0.0,1,A,1.0,0.0,1,1,1.0,0.0,1,paragraph_continuation,1.0,0.0,1.0,LOW_POWER_TOKEN,LOW_SUPPORT_OR_POLYFUNCTIONAL,LOW,"f7r.4,+P0",H|A|1|paragraph_continuation:1/R06
kchoy,1,1,R06,1.0,0.0,1.0,1.0,1,0,0,0,G2,1.0,0.0,1.0,1,H,1.0,0.0,1,A,1.0,0.0,1,1,1.0,0.0,1,paragraph_start,1.0,0.0,1.0,LOW_POWER_TOKEN,LOW_SUPPORT_OR_POLYFUNCTIONAL,LOW,"f4v.1,@P0",H|A|1|paragraph_start:1/R06
kchydy,1,1,R06,1.0,0.0,1.0,1.0,1,0,0,0,G3C,1.0,0.0,1.0,1,H,1.0,0.0,1,A,1.0,0.0,1,1,1.0,0.0,1,paragraph_continuation,1.0,0.0,1.0,LOW_POWER_TOKEN,LOW_SUPPORT_OR_POLYFUNCTIONAL,LOW,"f30v.11,+P0",H|A|1|paragraph_continuation:1/R06
kchyty,1,1,R06,1.0,0.0,1.0,1.0,1,0,0,0,G2,1.0,0.0,1.0,1,H,1.0,0.0,1,B,1.0,0.0,1,2,1.0,0.0,1,paragraph_continuation,1.0,0.0,1.0,LOW_POWER_TOKEN,LOW_SUPPORT_OR_POLYFUNCTIONAL,LOW,"f34r.2,+P0",H|B|2|paragraph_continuation:1/R06
keaiin,1,1,R06,1.0,0.0,1.0,1.0,1,0,0,0,G3C,1.0,0.0,1.0,1,H,1.0,0.0,1,A,1.0,0.0,1,1,1.0,0.0,1,paragraph_continuation,1.0,0.0,1.0,LOW_POWER_TOKEN,LOW_SUPPORT_OR_POLYFUNCTIONAL,LOW,"f17v.12,+P0",H|A|1|paragraph_continuation:1/R06
kechdy,1,1,R06,1.0,0.0,1.0,1.0,1,0,0,0,G2,1.0,0.0,1.0,1,H,1.0,0.0,1,B,1.0,0.0,1,2,1.0,0.0,1,paragraph_continuation,1.0,0.0,1.0,LOW_POWER_TOKEN,LOW_SUPPORT_OR_POLYFUNCTIONAL,LOW,"f34r.13,+P0",H|B|2|paragraph_continuation:1/R06
kedal,1,1,R06,1.0,0.0,1.0,1.0,1,0,0,0,G3C,1.0,0.0,1.0,1,S,1.0,0.0,1,B,1.0,0.0,1,3,1.0,0.0,1,paragraph_continuation,1.0,0.0,1.0,LOW_POWER_TOKEN,LOW_SUPPORT_OR_POLYFUNCTIONAL,LOW,"f108r.8,+P0",S|B|3|paragraph_continuation:1/R06
kedarxy,1,1,R00,1.0,0.0,1.0,1.0,1,0,0,0,G1,1.0,0.0,1.0,1,S,1.0,0.0,1,B,1.0,0.0,1,3,1.0,0.0,1,paragraph_continuation,1.0,0.0,1.0,LOW_POWER_TOKEN,LOW_SUPPORT_OR_POLYFUNCTIONAL,LOW,"f108v.6,+P0",S|B|3|paragraph_continuation:1/R00
keear,1,1,R06,1.0,0.0,1.0,1.0,1,0,0,0,G1,1.0,0.0,1.0,1,S,1.0,0.0,1,B,1.0,0.0,1,3,1.0,0.0,1,paragraph_continuation,1.0,0.0,1.0,LOW_POWER_TOKEN,LOW_SUPPORT_OR_POLYFUNCTIONAL,LOW,"f108v.49,+P0",S|B|3|paragraph_continuation:1/R06
keechey,1,1,R00,1.0,0.0,1.0,1.0,1,0,0,0,G3C,1.0,0.0,1.0,1,A,1.0,0.0,1,nan,1.0,0.0,1,4,1.0,0.0,1,radial/ring_text,1.0,0.0,1.0,LOW_POWER_TOKEN,LOW_SUPPORT_OR_POLYFUNCTIONAL,LOW,"f67v1.18,@Ro",A||4|radial/ring_text:1/R00
keedor,1,1,R06,1.0,0.0,1.0,1.0,1,0,0,0,G3C,1.0,0.0,1.0,1,S,1.0,0.0,1,B,1.0,0.0,1,@,1.0,0.0,1,paragraph_continuation,1.0,0.0,1.0,LOW_POWER_TOKEN,LOW_SUPPORT_OR_POLYFUNCTIONAL,LOW,"f115r.18,+P0",S|B|@|paragraph_continuation:1/R06
keeo,1,1,R06,1.0,0.0,1.0,1.0,1,0,0,0,G3C,1.0,0.0,1.0,1,H,1.0,0.0,1,A,1.0,0.0,1,1,1.0,0.0,1,paragraph_continuation,1.0,0.0,1.0,LOW_POWER_TOKEN,LOW_SUPPORT_OR_POLYFUNCTIONAL,LOW,"f7v.9,+P0",H|A|1|paragraph_continuation:1/R06
keeochy,1,1,R00,1.0,0.0,1.0,1.0,1,0,0,0,G3C,1.0,0.0,1.0,1,A,1.0,0.0,1,nan,1.0,0.0,1,4,1.0,0.0,1,radial/ring_text,1.0,0.0,1.0,LOW_POWER_TOKEN,LOW_SUPPORT_OR_POLYFUNCTIONAL,LOW,"f67v1.17,@Ro",A||4|radial/ring_text:1/R00
keeody,1,1,R06,1.0,0.0,1.0,1.0,1,0,0,0,G3C,1.0,0.0,1.0,1,A,1.0,0.0,1,nan,1.0,0.0,1,4,1.0,0.0,1,radial/ring_text,1.0,0.0,1.0,LOW_POWER_TOKEN,LOW_SUPPORT_OR_POLYFUNCTIONAL,LOW,"f67v1.24,@Ro",A||4|radial/ring_text:1/R06
keeol,1,1,R06,1.0,0.0,1.0,1.0,1,0,0,0,G2,1.0,0.0,1.0,1,P,1.0,0.0,1,A,1.0,0.0,1,1,1.0,0.0,1,paragraph_continuation,1.0,0.0,1.0,LOW_POWER_TOKEN,LOW_SUPPORT_OR_POLYFUNCTIONAL,LOW,"f102r1.14,+P0",P|A|1|paragraph_continuation:1/R06
keeshody,1,1,R00,1.0,0.0,1.0,1.0,1,0,0,0,G2,1.0,0.0,1.0,1,S,1.0,0.0,1,B,1.0,0.0,1,3,1.0,0.0,1,paragraph_continuation,1.0,0.0,1.0,LOW_POWER_TOKEN,LOW_SUPPORT_OR_POLYFUNCTIONAL,LOW,"f111r.23,+P0",S|B|3|paragraph_continuation:1/R00
keocthy,1,1,R00,1.0,0.0,1.0,1.0,1,0,0,0,G3C,1.0,0.0,1.0,1,H,1.0,0.0,1,A,1.0,0.0,1,1,1.0,0.0,1,paragraph_continuation,1.0,0.0,1.0,LOW_POWER_TOKEN,LOW_SUPPORT_OR_POLYFUNCTIONAL,LOW,"f15r.7,+P0",H|A|1|paragraph_continuation:1/R00
keoraiiin,1,1,R00,1.0,0.0,1.0,1.0,1,0,0,0,G3C,1.0,0.0,1.0,1,P,1.0,0.0,1,A,1.0,0.0,1,1,1.0,0.0,1,label_or_marginal,1.0,0.0,1.0,LOW_POWER_TOKEN,LOW_SUPPORT_OR_POLYFUNCTIONAL,LOW,"f102v1.1,@Lc",P|A|1|label_or_marginal:1/R00
kochardy,1,1,R00,1.0,0.0,1.0,1.0,1,0,0,0,G3C,1.0,0.0,1.0,1,A,1.0,0.0,1,nan,1.0,0.0,1,4,1.0,0.0,1,&L,1.0,0.0,1.0,LOW_POWER_TOKEN,LOW_SUPPORT_OR_POLYFUNCTIONAL,LOW,"f67v1.10,&L0",A||4|&L:1/R00
kocheor,1,1,R00,1.0,0.0,1.0,1.0,1,0,0,0,G3C,1.0,0.0,1.0,1,H,1.0,0.0,1,A,1.0,0.0,1,1,1.0,0.0,1,paragraph_start,1.0,0.0,1.0,LOW_POWER_TOKEN,LOW_SUPPORT_OR_POLYFUNCTIONAL,LOW,"f5v.1,@P0",H|A|1|paragraph_start:1/R00
kochor,1,1,R06,1.0,0.0,1.0,1.0,1,0,0,0,G2,1.0,0.0,1.0,1,P,1.0,0.0,1,A,1.0,0.0,1,1,1.0,0.0,1,paragraph_continuation,1.0,0.0,1.0,LOW_POWER_TOKEN,LOW_SUPPORT_OR_POLYFUNCTIONAL,LOW,"f102v1.10,+P0",P|A|1|paragraph_continuation:1/R06
kod,1,1,R06,1.0,0.0,1.0,1.0,1,0,0,0,G2,1.0,0.0,1.0,1,P,1.0,0.0,1,A,1.0,0.0,1,1,1.0,0.0,1,paragraph_continuation,1.0,0.0,1.0,LOW_POWER_TOKEN,LOW_SUPPORT_OR_POLYFUNCTIONAL,LOW,"f102r1.4,+P0",P|A|1|paragraph_continuation:1/R06
kodary,1,1,R06,1.0,0.0,1.0,1.0,1,0,0,0,G2,1.0,0.0,1.0,1,T,1.0,0.0,1,B,1.0,0.0,1,5,1.0,0.0,1,paragraph_continuation,1.0,0.0,1.0,LOW_POWER_TOKEN,LOW_SUPPORT_OR_POLYFUNCTIONAL,LOW,"f66r.54,+P0",T|B|5|paragraph_continuation:1/R06
koeeorain,1,1,R00,1.0,0.0,1.0,1.0,1,0,0,0,G3C,1.0,0.0,1.0,1,P,1.0,0.0,1,A,1.0,0.0,1,1,1.0,0.0,1,label_or_marginal,1.0,0.0,1.0,LOW_POWER_TOKEN,LOW_SUPPORT_OR_POLYFUNCTIONAL,LOW,"f89v1.21,@Lc",P|A|1|label_or_marginal:1/R00
kokaiin,1,1,R00,1.0,0.0,1.0,1.0,1,0,0,0,G3C,1.0,0.0,1.0,1,H,1.0,0.0,1,A,1.0,0.0,1,1,1.0,0.0,1,paragraph_continuation,1.0,0.0,1.0,LOW_POWER_TOKEN,LOW_SUPPORT_OR_POLYFUNCTIONAL,LOW,"f15r.6,+P0",H|A|1|paragraph_continuation:1/R00
koldarod,1,1,R00,1.0,0.0,1.0,1.0,1,0,0,0,G3C,1.0,0.0,1.0,1,P,1.0,0.0,1,A,1.0,0.0,1,1,1.0,0.0,1,label_or_marginal,1.0,0.0,1.0,LOW_POWER_TOKEN,LOW_SUPPORT_OR_POLYFUNCTIONAL,LOW,"f102r2.21,@Lf",P|A|1|label_or_marginal:1/R00
koleearol,1,1,R00,1.0,0.0,1.0,1.0,1,0,0,0,G3C,1.0,0.0,1.0,1,P,1.0,0.0,1,A,1.0,0.0,1,1,1.0,0.0,1,label_or_marginal,1.0,0.0,1.0,LOW_POWER_TOKEN,LOW_SUPPORT_OR_POLYFUNCTIONAL,LOW,"f99v.44,@Lf",P|A|1|label_or_marginal:1/R00
kolfchdy,1,1,R00,1.0,0.0,1.0,1.0,1,0,0,0,G3C,1.0,0.0,1.0,1,S,1.0,0.0,1,B,1.0,0.0,1,3,1.0,0.0,1,paragraph_continuation,1.0,0.0,1.0,LOW_POWER_TOKEN,LOW_SUPPORT_OR_POLYFUNCTIONAL,LOW,"f112r.27,+P0",S|B|3|paragraph_continuation:1/R00
kolkedy,1,1,R00,1.0,0.0,1.0,1.0,1,0,0,0,G1,1.0,0.0,1.0,1,B,1.0,0.0,1,B,1.0,0.0,1,2,1.0,0.0,1,paragraph_start,1.0,0.0,1.0,LOW_POWER_TOKEN,LOW_SUPPORT_OR_POLYFUNCTIONAL,LOW,"f75v.60,@P1",B|B|2|paragraph_start:1/R00
kolpy,1,1,R06,1.0,0.0,1.0,1.0,1,0,0,0,G2,1.0,0.0,1.0,1,T,1.0,0.0,1,B,1.0,0.0,1,2,1.0,0.0,1,paragraph_continuation,1.0,0.0,1.0,LOW_POWER_TOKEN,LOW_SUPPORT_OR_POLYFUNCTIONAL,LOW,"f76r.44,+P0",T|B|2|paragraph_continuation:1/R06
kolshd,1,1,R06,1.0,0.0,1.0,1.0,1,0,0,0,G1,1.0,0.0,1.0,1,B,1.0,0.0,1,B,1.0,0.0,1,2,1.0,0.0,1,paragraph_continuation,1.0,0.0,1.0,LOW_POWER_TOKEN,LOW_SUPPORT_OR_POLYFUNCTIONAL,LOW,"f80v.23,+P0",B|B|2|paragraph_continuation:1/R06
kolyky,1,1,R06,1.0,0.0,1.0,1.0,1,0,0,0,G1,1.0,0.0,1.0,1,H,1.0,0.0,1,A,1.0,0.0,1,1,1.0,0.0,1,paragraph_continuation,1.0,0.0,1.0,LOW_POWER_TOKEN,LOW_SUPPORT_OR_POLYFUNCTIONAL,LOW,"f21r.6,+P0",H|A|1|paragraph_continuation:1/R06
korainy,1,1,R00,1.0,0.0,1.0,1.0,1,0,0,0,G3C,1.0,0.0,1.0,1,P,1.0,0.0,1,A,1.0,0.0,1,1,1.0,0.0,1,label_or_marginal,1.0,0.0,1.0,LOW_POWER_TOKEN,LOW_SUPPORT_OR_POLYFUNCTIONAL,LOW,"f89r2.16,@Lc",P|A|1|label_or_marginal:1/R00
korchy,1,1,R06,1.0,0.0,1.0,1.0,1,0,0,0,G1,1.0,0.0,1.0,1,S,1.0,0.0,1,B,1.0,0.0,1,3,1.0,0.0,1,paragraph_start,1.0,0.0,1.0,LOW_POWER_TOKEN,LOW_SUPPORT_OR_POLYFUNCTIONAL,LOW,"f106r.1,@P0",S|B|3|paragraph_start:1/R06
korshey,1,1,R00,1.0,0.0,1.0,1.0,1,0,0,0,G2,1.0,0.0,1.0,1,P,1.0,0.0,1,A,1.0,0.0,1,1,1.0,0.0,1,paragraph_continuation,1.0,0.0,1.0,LOW_POWER_TOKEN,LOW_SUPPORT_OR_POLYFUNCTIONAL,LOW,"f102v1.10,+P0",P|A|1|paragraph_continuation:1/R00
kotchody,1,1,R00,1.0,0.0,1.0,1.0,1,0,0,0,G3C,1.0,0.0,1.0,1,H,1.0,0.0,1,A,1.0,0.0,1,1,1.0,0.0,1,paragraph_continuation,1.0,0.0,1.0,LOW_POWER_TOKEN,LOW_SUPPORT_OR_POLYFUNCTIONAL,LOW,"f1v.3,+P0",H|A|1|paragraph_continuation:1/R00
kshd,1,1,R06,1.0,0.0,1.0,1.0,1,0,0,0,G2,1.0,0.0,1.0,1,C,1.0,0.0,1,B,1.0,0.0,1,2,1.0,0.0,1,paragraph_continuation,1.0,0.0,1.0,LOW_POWER_TOKEN,LOW_SUPPORT_OR_POLYFUNCTIONAL,LOW,"f86v3.33,+Pb",C|B|2|paragraph_continuation:1/R06
ksheo,1,1,R06,1.0,0.0,1.0,1.0,1,0,0,0,G2,1.0,0.0,1.0,1,H,1.0,0.0,1,A,1.0,0.0,1,1,1.0,0.0,1,paragraph_start,1.0,0.0,1.0,LOW_POWER_TOKEN,LOW_SUPPORT_OR_POLYFUNCTIONAL,LOW,"f4v.1,@P0",H|A|1|paragraph_start:1/R06
ksheodl,1,1,R00,1.0,0.0,1.0,1.0,1,0,0,0,G3C,1.0,0.0,1.0,1,H,1.0,0.0,1,A,1.0,0.0,1,1,1.0,0.0,1,paragraph_terminal_or_label,1.0,0.0,1.0,LOW_POWER_TOKEN,LOW_SUPPORT_OR_POLYFUNCTIONAL,LOW,"f49v.18,=P0",H|A|1|paragraph_terminal_or_label:1/R00
ksheody,1,1,R00,1.0,0.0,1.0,1.0,1,0,0,0,G2,1.0,0.0,1.0,1,P,1.0,0.0,1,A,1.0,0.0,1,1,1.0,0.0,1,paragraph_continuation,1.0,0.0,1.0,LOW_POWER_TOKEN,LOW_SUPPORT_OR_POLYFUNCTIONAL,LOW,"f102v1.23,+P0",P|A|1|paragraph_continuation:1/R00
ksheol,1,1,R06,1.0,0.0,1.0,1.0,1,0,0,0,G2,1.0,0.0,1.0,1,B,1.0,0.0,1,B,1.0,0.0,1,2,1.0,0.0,1,paragraph_continuation,1.0,0.0,1.0,LOW_POWER_TOKEN,LOW_SUPPORT_OR_POLYFUNCTIONAL,LOW,"f79v.28,+P0",B|B|2|paragraph_continuation:1/R06
kshey,1,1,R06,1.0,0.0,1.0,1.0,1,0,0,0,G2,1.0,0.0,1.0,1,C,1.0,0.0,1,B,1.0,0.0,1,2,1.0,0.0,1,paragraph_continuation,1.0,0.0,1.0,LOW_POWER_TOKEN,LOW_SUPPORT_OR_POLYFUNCTIONAL,LOW,"f86v3.21,+P0",C|B|2|paragraph_continuation:1/R06
ksho,1,1,R06,1.0,0.0,1.0,1.0,1,0,0,0,G3C,1.0,0.0,1.0,1,H,1.0,0.0,1,A,1.0,0.0,1,1,1.0,0.0,1,paragraph_continuation,1.0,0.0,1.0,LOW_POWER_TOKEN,LOW_SUPPORT_OR_POLYFUNCTIONAL,LOW,"f14v.4,+P0",H|A|1|paragraph_continuation:1/R06
kshy,1,1,R06,1.0,0.0,1.0,1.0,1,0,0,0,G3C,1.0,0.0,1.0,1,H,1.0,0.0,1,B,1.0,0.0,1,2,1.0,0.0,1,paragraph_continuation,1.0,0.0,1.0,LOW_POWER_TOKEN,LOW_SUPPORT_OR_POLYFUNCTIONAL,LOW,"f39v.9,+P0",H|B|2|paragraph_continuation:1/R06
laiiin,1,1,R00,1.0,0.0,1.0,1.0,1,0,0,0,G1,1.0,0.0,1.0,1,S,1.0,0.0,1,B,1.0,0.0,1,3,1.0,0.0,1,paragraph_continuation,1.0,0.0,1.0,LOW_POWER_TOKEN,LOW_SUPPORT_OR_POLYFUNCTIONAL,LOW,"f105r.28,+P0",S|B|3|paragraph_continuation:1/R00
laiin,1,1,R00,1.0,0.0,1.0,1.0,1,0,0,0,G1,1.0,0.0,1.0,1,H,1.0,0.0,1,B,1.0,0.0,1,2,1.0,0.0,1,paragraph_continuation,1.0,0.0,1.0,LOW_POWER_TOKEN,LOW_SUPPORT_OR_POLYFUNCTIONAL,LOW,"f33r.3,+P0",H|B|2|paragraph_continuation:1/R00
laly,1,1,R00,1.0,0.0,1.0,1.0,1,0,0,0,G3C,1.0,0.0,1.0,1,Z,1.0,0.0,1,nan,1.0,0.0,1,4,1.0,0.0,1,&L,1.0,0.0,1.0,LOW_POWER_TOKEN,LOW_SUPPORT_OR_POLYFUNCTIONAL,LOW,"f72v3.24,&Lz",Z||4|&L:1/R00
lam,1,1,R00,1.0,0.0,1.0,1.0,1,0,0,0,G3C,1.0,0.0,1.0,1,T,1.0,0.0,1,B,1.0,0.0,1,2,1.0,0.0,1,paragraph_continuation,1.0,0.0,1.0,LOW_POWER_TOKEN,LOW_SUPPORT_OR_POLYFUNCTIONAL,LOW,"f85r1.19,+Pr",T|B|2|paragraph_continuation:1/R00
lashalg,1,1,R00,1.0,0.0,1.0,1.0,1,0,0,0,G3C,1.0,0.0,1.0,1,C,1.0,0.0,1,B,1.0,0.0,1,4,1.0,0.0,1,label_or_marginal,1.0,0.0,1.0,LOW_POWER_TOKEN,LOW_SUPPORT_OR_POLYFUNCTIONAL,LOW,"fRos.132,@L0",C|B|4|label_or_marginal:1/R00
lch,1,1,R00,1.0,0.0,1.0,1.0,1,0,0,0,G2,1.0,0.0,1.0,1,B,1.0,0.0,1,B,1.0,0.0,1,2,1.0,0.0,1,paragraph_continuation,1.0,0.0,1.0,LOW_POWER_TOKEN,LOW_SUPPORT_OR_POLYFUNCTIONAL,LOW,"f75r.16,+P0",B|B|2|paragraph_continuation:1/R00
lchal,1,1,R00,1.0,0.0,1.0,1.0,1,0,0,0,G2,1.0,0.0,1.0,1,S,1.0,0.0,1,B,1.0,0.0,1,3,1.0,0.0,1,paragraph_continuation,1.0,0.0,1.0,LOW_POWER_TOKEN,LOW_SUPPORT_OR_POLYFUNCTIONAL,LOW,"f111v.17,+P0",S|B|3|paragraph_continuation:1/R00
lchar,1,1,R00,1.0,0.0,1.0,1.0,1,0,0,0,G2,1.0,0.0,1.0,1,T,1.0,0.0,1,B,1.0,0.0,1,2,1.0,0.0,1,paragraph_continuation,1.0,0.0,1.0,LOW_POWER_TOKEN,LOW_SUPPORT_OR_POLYFUNCTIONAL,LOW,"f76r.20,+P0",T|B|2|paragraph_continuation:1/R00
lcheam,1,1,R00,1.0,0.0,1.0,1.0,1,0,0,0,G2,1.0,0.0,1.0,1,B,1.0,0.0,1,B,1.0,0.0,1,2,1.0,0.0,1,paragraph_continuation,1.0,0.0,1.0,LOW_POWER_TOKEN,LOW_SUPPORT_OR_POLYFUNCTIONAL,LOW,"f79v.5,+P0",B|B|2|paragraph_continuation:1/R00
lcheckhy,1,1,R00,1.0,0.0,1.0,1.0,1,0,0,0,G1,1.0,0.0,1.0,1,B,1.0,0.0,1,B,1.0,0.0,1,2,1.0,0.0,1,paragraph_continuation,1.0,0.0,1.0,LOW_POWER_TOKEN,LOW_SUPPORT_OR_POLYFUNCTIONAL,LOW,"f82r.2,+P0",B|B|2|paragraph_continuation:1/R00
lchedar,1,1,R00,1.0,0.0,1.0,1.0,1,0,0,0,G1,1.0,0.0,1.0,1,S,1.0,0.0,1,B,1.0,0.0,1,@,1.0,0.0,1,paragraph_continuation,1.0,0.0,1.0,LOW_POWER_TOKEN,LOW_SUPPORT_OR_POLYFUNCTIONAL,LOW,"f115r.5,+P0",S|B|@|paragraph_continuation:1/R00
lchedo,1,1,R00,1.0,0.0,1.0,1.0,1,0,0,0,G3C,1.0,0.0,1.0,1,S,1.0,0.0,1,B,1.0,0.0,1,3,1.0,0.0,1,paragraph_continuation,1.0,0.0,1.0,LOW_POWER_TOKEN,LOW_SUPPORT_OR_POLYFUNCTIONAL,LOW,"f114r.21,+P0",S|B|3|paragraph_continuation:1/R00
lchedykeeor,1,1,R00,1.0,0.0,1.0,1.0,1,0,0,0,G2,1.0,0.0,1.0,1,S,1.0,0.0,1,B,1.0,0.0,1,3,1.0,0.0,1,paragraph_continuation,1.0,0.0,1.0,LOW_POWER_TOKEN,LOW_SUPPORT_OR_POLYFUNCTIONAL,LOW,"f111r.49,+P0",S|B|3|paragraph_continuation:1/R00
lchedylol,1,1,R00,1.0,0.0,1.0,1.0,1,0,0,0,G1,1.0,0.0,1.0,1,B,1.0,0.0,1,B,1.0,0.0,1,2,1.0,0.0,1,paragraph_continuation,1.0,0.0,1.0,LOW_POWER_TOKEN,LOW_SUPPORT_OR_POLYFUNCTIONAL,LOW,"f77r.15,+P0",B|B|2|paragraph_continuation:1/R00
lcheedy,1,1,R00,1.0,0.0,1.0,1.0,1,0,0,0,G1,1.0,0.0,1.0,1,S,1.0,0.0,1,B,1.0,0.0,1,3,1.0,0.0,1,paragraph_continuation,1.0,0.0,1.0,LOW_POWER_TOKEN,LOW_SUPPORT_OR_POLYFUNCTIONAL,LOW,"f104v.20,+P0",S|B|3|paragraph_continuation:1/R00
lcheel,1,1,R00,1.0,0.0,1.0,1.0,1,0,0,0,G2,1.0,0.0,1.0,1,S,1.0,0.0,1,B,1.0,0.0,1,3,1.0,0.0,1,paragraph_continuation,1.0,0.0,1.0,LOW_POWER_TOKEN,LOW_SUPPORT_OR_POLYFUNCTIONAL,LOW,"f107r.33,+P0",S|B|3|paragraph_continuation:1/R00
lcheo,1,1,R00,1.0,0.0,1.0,1.0,1,0,0,0,G3C,1.0,0.0,1.0,1,S,1.0,0.0,1,B,1.0,0.0,1,3,1.0,0.0,1,paragraph_continuation,1.0,0.0,1.0,LOW_POWER_TOKEN,LOW_SUPPORT_OR_POLYFUNCTIONAL,LOW,"f114r.21,+P0",S|B|3|paragraph_continuation:1/R00
lcheody,1,1,R00,1.0,0.0,1.0,1.0,1,0,0,0,G2,1.0,0.0,1.0,1,S,1.0,0.0,1,B,1.0,0.0,1,3,1.0,0.0,1,paragraph_continuation,1.0,0.0,1.0,LOW_POWER_TOKEN,LOW_SUPPORT_OR_POLYFUNCTIONAL,LOW,"f103v.15,+P0",S|B|3|paragraph_continuation:1/R00
lcheol,1,1,R00,1.0,0.0,1.0,1.0,1,0,0,0,G3C,1.0,0.0,1.0,1,C,1.0,0.0,1,B,1.0,0.0,1,2,1.0,0.0,1,paragraph_continuation,1.0,0.0,1.0,LOW_POWER_TOKEN,LOW_SUPPORT_OR_POLYFUNCTIONAL,LOW,"f85r2.23,+Pb",C|B|2|paragraph_continuation:1/R00
lchg,1,1,R00,1.0,0.0,1.0,1.0,1,0,0,0,G3C,1.0,0.0,1.0,1,S,1.0,0.0,1,B,1.0,0.0,1,3,1.0,0.0,1,paragraph_continuation,1.0,0.0,1.0,LOW_POWER_TOKEN,LOW_SUPPORT_OR_POLYFUNCTIONAL,LOW,"f106r.11,+P0",S|B|3|paragraph_continuation:1/R00
lchl,1,1,R00,1.0,0.0,1.0,1.0,1,0,0,0,G2,1.0,0.0,1.0,1,B,1.0,0.0,1,B,1.0,0.0,1,2,1.0,0.0,1,paragraph_continuation,1.0,0.0,1.0,LOW_POWER_TOKEN,LOW_SUPPORT_OR_POLYFUNCTIONAL,LOW,"f81r.28,+P0",B|B|2|paragraph_continuation:1/R00
lchol,1,1,R00,1.0,0.0,1.0,1.0,1,0,0,0,G1,1.0,0.0,1.0,1,P,1.0,0.0,1,A,1.0,0.0,1,1,1.0,0.0,1,paragraph_continuation,1.0,0.0,1.0,LOW_POWER_TOKEN,LOW_SUPPORT_OR_POLYFUNCTIONAL,LOW,"f99v.23,+P0",P|A|1|paragraph_continuation:1/R00
lcholkaiin,1,1,R00,1.0,0.0,1.0,1.0,1,0,0,0,G3C,1.0,0.0,1.0,1,S,1.0,0.0,1,B,1.0,0.0,1,3,1.0,0.0,1,paragraph_continuation,1.0,0.0,1.0,LOW_POWER_TOKEN,LOW_SUPPORT_OR_POLYFUNCTIONAL,LOW,"f113r.28,+P0",S|B|3|paragraph_continuation:1/R00
lchpchdy,1,1,R00,1.0,0.0,1.0,1.0,1,0,0,0,G2,1.0,0.0,1.0,1,B,1.0,0.0,1,B,1.0,0.0,1,2,1.0,0.0,1,paragraph_continuation,1.0,0.0,1.0,LOW_POWER_TOKEN,LOW_SUPPORT_OR_POLYFUNCTIONAL,LOW,"f81v.14,+P0",B|B|2|paragraph_continuation:1/R00
lchsl,1,1,R00,1.0,0.0,1.0,1.0,1,0,0,0,G2,1.0,0.0,1.0,1,S,1.0,0.0,1,B,1.0,0.0,1,3,1.0,0.0,1,paragraph_continuation,1.0,0.0,1.0,LOW_POWER_TOKEN,LOW_SUPPORT_OR_POLYFUNCTIONAL,LOW,"f111v.40,+P0",S|B|3|paragraph_continuation:1/R00
ldals,1,1,R00,1.0,0.0,1.0,1.0,1,0,0,0,G1,1.0,0.0,1.0,1,H,1.0,0.0,1,A,1.0,0.0,1,1,1.0,0.0,1,paragraph_continuation,1.0,0.0,1.0,LOW_POWER_TOKEN,LOW_SUPPORT_OR_POLYFUNCTIONAL,LOW,"f23r.6,+P0",H|A|1|paragraph_continuation:1/R00
ldol,1,1,R00,1.0,0.0,1.0,1.0,1,0,0,0,G1,1.0,0.0,1.0,1,B,1.0,0.0,1,B,1.0,0.0,1,2,1.0,0.0,1,paragraph_continuation,1.0,0.0,1.0,LOW_POWER_TOKEN,LOW_SUPPORT_OR_POLYFUNCTIONAL,LOW,"f77v.26,+P0",B|B|2|paragraph_continuation:1/R00
ldyr,1,1,R00,1.0,0.0,1.0,1.0,1,0,0,0,G1,1.0,0.0,1.0,1,S,1.0,0.0,1,B,1.0,0.0,1,3,1.0,0.0,1,paragraph_continuation,1.0,0.0,1.0,LOW_POWER_TOKEN,LOW_SUPPORT_OR_POLYFUNCTIONAL,LOW,"f108v.26,+P0",S|B|3|paragraph_continuation:1/R00
lfchy,1,1,R00,1.0,0.0,1.0,1.0,1,0,0,0,G2,1.0,0.0,1.0,1,S,1.0,0.0,1,B,1.0,0.0,1,3,1.0,0.0,1,paragraph_continuation,1.0,0.0,1.0,LOW_POWER_TOKEN,LOW_SUPPORT_OR_POLYFUNCTIONAL,LOW,"f111r.48,+P0",S|B|3|paragraph_continuation:1/R00
lk,1,1,R00,1.0,0.0,1.0,1.0,1,0,0,0,G1,1.0,0.0,1.0,1,B,1.0,0.0,1,B,1.0,0.0,1,2,1.0,0.0,1,paragraph_continuation,1.0,0.0,1.0,LOW_POWER_TOKEN,LOW_SUPPORT_OR_POLYFUNCTIONAL,LOW,"f79v.29,+P0",B|B|2|paragraph_continuation:1/R00
lkarary,1,1,R00,1.0,0.0,1.0,1.0,1,0,0,0,G2,1.0,0.0,1.0,1,C,1.0,0.0,1,B,1.0,0.0,1,2,1.0,0.0,1,paragraph_continuation,1.0,0.0,1.0,LOW_POWER_TOKEN,LOW_SUPPORT_OR_POLYFUNCTIONAL,LOW,"f86v3.20,+P0",C|B|2|paragraph_continuation:1/R00
lkchdy,1,1,R00,1.0,0.0,1.0,1.0,1,0,0,0,G3C,1.0,0.0,1.0,1,S,1.0,0.0,1,B,1.0,0.0,1,3,1.0,0.0,1,paragraph_continuation,1.0,0.0,1.0,LOW_POWER_TOKEN,LOW_SUPPORT_OR_POLYFUNCTIONAL,LOW,"f115v.32,+P0",S|B|3|paragraph_continuation:1/R00
lkchey,1,1,R00,1.0,0.0,1.0,1.0,1,0,0,0,G1,1.0,0.0,1.0,1,S,1.0,0.0,1,B,1.0,0.0,1,3,1.0,0.0,1,paragraph_continuation,1.0,0.0,1.0,LOW_POWER_TOKEN,LOW_SUPPORT_OR_POLYFUNCTIONAL,LOW,"f115v.39,+P0",S|B|3|paragraph_continuation:1/R00
lkechy,1,1,R00,1.0,0.0,1.0,1.0,1,0,0,0,G1,1.0,0.0,1.0,1,S,1.0,0.0,1,B,1.0,0.0,1,3,1.0,0.0,1,paragraph_continuation,1.0,0.0,1.0,LOW_POWER_TOKEN,LOW_SUPPORT_OR_POLYFUNCTIONAL,LOW,"f116r.47,+P0",S|B|3|paragraph_continuation:1/R00
lkedar,1,1,R00,1.0,0.0,1.0,1.0,1,0,0,0,G3C,1.0,0.0,1.0,1,S,1.0,0.0,1,B,1.0,0.0,1,3,1.0,0.0,1,paragraph_continuation,1.0,0.0,1.0,LOW_POWER_TOKEN,LOW_SUPPORT_OR_POLYFUNCTIONAL,LOW,"f111r.43,+P0",S|B|3|paragraph_continuation:1/R00
lkedey,1,1,R00,1.0,0.0,1.0,1.0,1,0,0,0,G2,1.0,0.0,1.0,1,B,1.0,0.0,1,B,1.0,0.0,1,2,1.0,0.0,1,paragraph_continuation,1.0,0.0,1.0,LOW_POWER_TOKEN,LOW_SUPPORT_OR_POLYFUNCTIONAL,LOW,"f81v.12,+P0",B|B|2|paragraph_continuation:1/R00
lkedlkey,1,1,R00,1.0,0.0,1.0,1.0,1,0,0,0,G2,1.0,0.0,1.0,1,S,1.0,0.0,1,B,1.0,0.0,1,3,1.0,0.0,1,paragraph_continuation,1.0,0.0,1.0,LOW_POWER_TOKEN,LOW_SUPPORT_OR_POLYFUNCTIONAL,LOW,"f111r.34,+P0",S|B|3|paragraph_continuation:1/R00
lkeeal,1,1,R00,1.0,0.0,1.0,1.0,1,0,0,0,G3C,1.0,0.0,1.0,1,S,1.0,0.0,1,B,1.0,0.0,1,3,1.0,0.0,1,paragraph_continuation,1.0,0.0,1.0,LOW_POWER_TOKEN,LOW_SUPPORT_OR_POLYFUNCTIONAL,LOW,"f116r.29,+P0",S|B|3|paragraph_continuation:1/R00
lkeeed,1,1,R00,1.0,0.0,1.0,1.0,1,0,0,0,G2,1.0,0.0,1.0,1,S,1.0,0.0,1,B,1.0,0.0,1,3,1.0,0.0,1,paragraph_continuation,1.0,0.0,1.0,LOW_POWER_TOKEN,LOW_SUPPORT_OR_POLYFUNCTIONAL,LOW,"f111v.35,+P0",S|B|3|paragraph_continuation:1/R00
lkeeody,1,1,R00,1.0,0.0,1.0,1.0,1,0,0,0,G2,1.0,0.0,1.0,1,S,1.0,0.0,1,B,1.0,0.0,1,3,1.0,0.0,1,paragraph_continuation,1.0,0.0,1.0,LOW_POWER_TOKEN,LOW_SUPPORT_OR_POLYFUNCTIONAL,LOW,"f111r.10,+P0",S|B|3|paragraph_continuation:1/R00
lkeeol,1,1,R00,1.0,0.0,1.0,1.0,1,0,0,0,G2,1.0,0.0,1.0,1,S,1.0,0.0,1,B,1.0,0.0,1,3,1.0,0.0,1,paragraph_continuation,1.0,0.0,1.0,LOW_POWER_TOKEN,LOW_SUPPORT_OR_POLYFUNCTIONAL,LOW,"f107r.35,+P0",S|B|3|paragraph_continuation:1/R00
lkeeor,1,1,R00,1.0,0.0,1.0,1.0,1,0,0,0,G2,1.0,0.0,1.0,1,S,1.0,0.0,1,B,1.0,0.0,1,3,1.0,0.0,1,paragraph_continuation,1.0,0.0,1.0,LOW_POWER_TOKEN,LOW_SUPPORT_OR_POLYFUNCTIONAL,LOW,"f103v.7,+P0",S|B|3|paragraph_continuation:1/R00
lkeody,1,1,R00,1.0,0.0,1.0,1.0,1,0,0,0,G1,1.0,0.0,1.0,1,S,1.0,0.0,1,B,1.0,0.0,1,3,1.0,0.0,1,paragraph_continuation,1.0,0.0,1.0,LOW_POWER_TOKEN,LOW_SUPPORT_OR_POLYFUNCTIONAL,LOW,"f107v.30,+P0",S|B|3|paragraph_continuation:1/R00
lkey,1,1,R00,1.0,0.0,1.0,1.0,1,0,0,0,G2,1.0,0.0,1.0,1,S,1.0,0.0,1,B,1.0,0.0,1,3,1.0,0.0,1,paragraph_continuation,1.0,0.0,1.0,LOW_POWER_TOKEN,LOW_SUPPORT_OR_POLYFUNCTIONAL,LOW,"f111v.9,+P0",S|B|3|paragraph_continuation:1/R00
lkl,1,1,R00,1.0,0.0,1.0,1.0,1,0,0,0,G1,1.0,0.0,1.0,1,S,1.0,0.0,1,B,1.0,0.0,1,3,1.0,0.0,1,paragraph_continuation,1.0,0.0,1.0,LOW_POWER_TOKEN,LOW_SUPPORT_OR_POLYFUNCTIONAL,LOW,"f107v.18,+P0",S|B|3|paragraph_continuation:1/R00
lkody,1,1,R00,1.0,0.0,1.0,1.0,1,0,0,0,G3C,1.0,0.0,1.0,1,H,1.0,0.0,1,A,1.0,0.0,1,1,1.0,0.0,1,paragraph_continuation,1.0,0.0,1.0,LOW_POWER_TOKEN,LOW_SUPPORT_OR_POLYFUNCTIONAL,LOW,"f1v.2,+P0",H|A|1|paragraph_continuation:1/R00
lkol,1,1,R00,1.0,0.0,1.0,1.0,1,0,0,0,G3C,1.0,0.0,1.0,1,B,1.0,0.0,1,B,1.0,0.0,1,2,1.0,0.0,1,=L,1.0,0.0,1.0,LOW_POWER_TOKEN,LOW_SUPPORT_OR_POLYFUNCTIONAL,LOW,"f84r.9,=Ln",B|B|2|=L:1/R00
lkor,1,1,R00,1.0,0.0,1.0,1.0,1,0,0,0,G1,1.0,0.0,1.0,1,S,1.0,0.0,1,B,1.0,0.0,1,3,1.0,0.0,1,paragraph_continuation,1.0,0.0,1.0,LOW_POWER_TOKEN,LOW_SUPPORT_OR_POLYFUNCTIONAL,LOW,"f115v.14,+P0",S|B|3|paragraph_continuation:1/R00
lkshykchy,1,1,R00,1.0,0.0,1.0,1.0,1,0,0,0,G3C,1.0,0.0,1.0,1,A,1.0,0.0,1,nan,1.0,0.0,1,4,1.0,0.0,1,&L,1.0,0.0,1.0,LOW_POWER_TOKEN,LOW_SUPPORT_OR_POLYFUNCTIONAL,LOW,"f67r2.10,&L0",A||4|&L:1/R00
llchey,1,1,R00,1.0,0.0,1.0,1.0,1,0,0,0,G1,1.0,0.0,1.0,1,S,1.0,0.0,1,B,1.0,0.0,1,3,1.0,0.0,1,paragraph_continuation,1.0,0.0,1.0,LOW_POWER_TOKEN,LOW_SUPPORT_OR_POLYFUNCTIONAL,LOW,"f108v.52,+P0",S|B|3|paragraph_continuation:1/R00
llm,1,1,R00,1.0,0.0,1.0,1.0,1,0,0,0,G2,1.0,0.0,1.0,1,S,1.0,0.0,1,B,1.0,0.0,1,3,1.0,0.0,1,paragraph_continuation,1.0,0.0,1.0,LOW_POWER_TOKEN,LOW_SUPPORT_OR_POLYFUNCTIONAL,LOW,"f111v.31,+P0",S|B|3|paragraph_continuation:1/R00
llod,1,1,R00,1.0,0.0,1.0,1.0,1,0,0,0,G1,1.0,0.0,1.0,1,S,1.0,0.0,1,B,1.0,0.0,1,3,1.0,0.0,1,paragraph_continuation,1.0,0.0,1.0,LOW_POWER_TOKEN,LOW_SUPPORT_OR_POLYFUNCTIONAL,LOW,"f108v.21,+P0",S|B|3|paragraph_continuation:1/R00
llsan,1,1,R00,1.0,0.0,1.0,1.0,1,0,0,0,G3C,1.0,0.0,1.0,1,S,1.0,0.0,1,B,1.0,0.0,1,@,1.0,0.0,1,paragraph_continuation,1.0,0.0,1.0,LOW_POWER_TOKEN,LOW_SUPPORT_OR_POLYFUNCTIONAL,LOW,"f115r.28,+P0",S|B|@|paragraph_continuation:1/R00
loar,1,1,R00,1.0,0.0,1.0,1.0,1,0,0,0,G3C,1.0,0.0,1.0,1,S,1.0,0.0,1,B,1.0,0.0,1,3,1.0,0.0,1,paragraph_continuation,1.0,0.0,1.0,LOW_POWER_TOKEN,LOW_SUPPORT_OR_POLYFUNCTIONAL,LOW,"f113v.24,+P0",S|B|3|paragraph_continuation:1/R00
lochedy,1,1,R00,1.0,0.0,1.0,1.0,1,0,0,0,G1,1.0,0.0,1.0,1,B,1.0,0.0,1,B,1.0,0.0,1,2,1.0,0.0,1,paragraph_continuation,1.0,0.0,1.0,LOW_POWER_TOKEN,LOW_SUPPORT_OR_POLYFUNCTIONAL,LOW,"f82r.27,+P0",B|B|2|paragraph_continuation:1/R00
lochey,1,1,R00,1.0,0.0,1.0,1.0,1,0,0,0,G2,1.0,0.0,1.0,1,H,1.0,0.0,1,A,1.0,0.0,1,1,1.0,0.0,1,paragraph_continuation,1.0,0.0,1.0,LOW_POWER_TOKEN,LOW_SUPPORT_OR_POLYFUNCTIONAL,LOW,"f7r.4,+P0",H|A|1|paragraph_continuation:1/R00
loda,1,1,R00,1.0,0.0,1.0,1.0,1,0,0,0,G3C,1.0,0.0,1.0,1,S,1.0,0.0,1,B,1.0,0.0,1,3,1.0,0.0,1,paragraph_continuation,1.0,0.0,1.0,LOW_POWER_TOKEN,LOW_SUPPORT_OR_POLYFUNCTIONAL,LOW,"f113r.28,+P0",S|B|3|paragraph_continuation:1/R00
lodaiin,1,1,R10,1.0,0.0,1.0,1.0,1,0,0,0,G2,1.0,0.0,1.0,1,T,1.0,0.0,1,B,1.0,0.0,1,5,1.0,0.0,1,paragraph_continuation,1.0,0.0,1.0,LOW_POWER_TOKEN,LOW_SUPPORT_OR_POLYFUNCTIONAL,LOW,"f66r.78,+P0",T|B|5|paragraph_continuation:1/R10
loeees,1,1,R00,1.0,0.0,1.0,1.0,1,0,0,0,G2,1.0,0.0,1.0,1,S,1.0,0.0,1,B,1.0,0.0,1,3,1.0,0.0,1,paragraph_continuation,1.0,0.0,1.0,LOW_POWER_TOKEN,LOW_SUPPORT_OR_POLYFUNCTIONAL,LOW,"f111v.50,+P0",S|B|3|paragraph_continuation:1/R00
loeey,1,1,R00,1.0,0.0,1.0,1.0,1,0,0,0,G2,1.0,0.0,1.0,1,S,1.0,0.0,1,B,1.0,0.0,1,3,1.0,0.0,1,paragraph_continuation,1.0,0.0,1.0,LOW_POWER_TOKEN,LOW_SUPPORT_OR_POLYFUNCTIONAL,LOW,"f107r.47,+P0",S|B|3|paragraph_continuation:1/R00
loety,1,1,R00,1.0,0.0,1.0,1.0,1,0,0,0,G1,1.0,0.0,1.0,1,S,1.0,0.0,1,B,1.0,0.0,1,3,1.0,0.0,1,paragraph_continuation,1.0,0.0,1.0,LOW_POWER_TOKEN,LOW_SUPPORT_OR_POLYFUNCTIONAL,LOW,"f108v.6,+P0",S|B|3|paragraph_continuation:1/R00
loiiin,1,1,R00,1.0,0.0,1.0,1.0,1,0,0,0,G2,1.0,0.0,1.0,1,P,1.0,0.0,1,A,1.0,0.0,1,1,1.0,0.0,1,paragraph_start,1.0,0.0,1.0,LOW_POWER_TOKEN,LOW_SUPPORT_OR_POLYFUNCTIONAL,LOW,"f102r1.3,@P0",P|A|1|paragraph_start:1/R00
lokam,1,1,R00,1.0,0.0,1.0,1.0,1,0,0,0,G2,1.0,0.0,1.0,1,S,1.0,0.0,1,B,1.0,0.0,1,3,1.0,0.0,1,paragraph_continuation,1.0,0.0,1.0,LOW_POWER_TOKEN,LOW_SUPPORT_OR_POLYFUNCTIONAL,LOW,"f111r.3,+P0",S|B|3|paragraph_continuation:1/R00
lokar,1,1,R00,1.0,0.0,1.0,1.0,1,0,0,0,G1,1.0,0.0,1.0,1,H,1.0,0.0,1,B,1.0,0.0,1,2,1.0,0.0,1,paragraph_continuation,1.0,0.0,1.0,LOW_POWER_TOKEN,LOW_SUPPORT_OR_POLYFUNCTIONAL,LOW,"f40r.5,+P0",H|B|2|paragraph_continuation:1/R00
lokedshs,1,1,R00,1.0,0.0,1.0,1.0,1,0,0,0,G3C,1.0,0.0,1.0,1,C,1.0,0.0,1,B,1.0,0.0,1,4,1.0,0.0,1,label_or_marginal,1.0,0.0,1.0,LOW_POWER_TOKEN,LOW_SUPPORT_OR_POLYFUNCTIONAL,LOW,"fRos.101,@L0",C|B|4|label_or_marginal:1/R00
lokeedy,1,1,R00,1.0,0.0,1.0,1.0,1,0,0,0,G1,1.0,0.0,1.0,1,S,1.0,0.0,1,B,1.0,0.0,1,3,1.0,0.0,1,paragraph_continuation,1.0,0.0,1.0,LOW_POWER_TOKEN,LOW_SUPPORT_OR_POLYFUNCTIONAL,LOW,"f111r.18,+P0",S|B|3|paragraph_continuation:1/R00
lokeey,1,1,R00,1.0,0.0,1.0,1.0,1,0,0,0,G1,1.0,0.0,1.0,1,S,1.0,0.0,1,B,1.0,0.0,1,3,1.0,0.0,1,paragraph_continuation,1.0,0.0,1.0,LOW_POWER_TOKEN,LOW_SUPPORT_OR_POLYFUNCTIONAL,LOW,"f108v.6,+P0",S|B|3|paragraph_continuation:1/R00
lolaiin,1,1,R00,1.0,0.0,1.0,1.0,1,0,0,0,G2,1.0,0.0,1.0,1,S,1.0,0.0,1,B,1.0,0.0,1,3,1.0,0.0,1,paragraph_continuation,1.0,0.0,1.0,LOW_POWER_TOKEN,LOW_SUPPORT_OR_POLYFUNCTIONAL,LOW,"f111v.10,+P0",S|B|3|paragraph_continuation:1/R00
lolor,1,1,R00,1.0,0.0,1.0,1.0,1,0,0,0,G2,1.0,0.0,1.0,1,B,1.0,0.0,1,B,1.0,0.0,1,2,1.0,0.0,1,paragraph_continuation,1.0,0.0,1.0,LOW_POWER_TOKEN,LOW_SUPPORT_OR_POLYFUNCTIONAL,LOW,"f84v.32,+P0",B|B|2|paragraph_continuation:1/R00
loraiir,1,1,R00,1.0,0.0,1.0,1.0,1,0,0,0,G2,1.0,0.0,1.0,1,S,1.0,0.0,1,B,1.0,0.0,1,3,1.0,0.0,1,paragraph_continuation,1.0,0.0,1.0,LOW_POWER_TOKEN,LOW_SUPPORT_OR_POLYFUNCTIONAL,LOW,"f107r.12,+P0",S|B|3|paragraph_continuation:1/R00
loralody,1,1,R00,1.0,0.0,1.0,1.0,1,0,0,0,G3C,1.0,0.0,1.0,1,P,1.0,0.0,1,A,1.0,0.0,1,1,1.0,0.0,1,label_or_marginal,1.0,0.0,1.0,LOW_POWER_TOKEN,LOW_SUPPORT_OR_POLYFUNCTIONAL,LOW,"f102v1.17,@Lf",P|A|1|label_or_marginal:1/R00
lory,1,1,R00,1.0,0.0,1.0,1.0,1,0,0,0,G1,1.0,0.0,1.0,1,S,1.0,0.0,1,B,1.0,0.0,1,@,1.0,0.0,1,paragraph_continuation,1.0,0.0,1.0,LOW_POWER_TOKEN,LOW_SUPPORT_OR_POLYFUNCTIONAL,LOW,"f115r.11,+P0",S|B|@|paragraph_continuation:1/R00
losaiin,1,1,R00,1.0,0.0,1.0,1.0,1,0,0,0,G2,1.0,0.0,1.0,1,S,1.0,0.0,1,B,1.0,0.0,1,3,1.0,0.0,1,paragraph_continuation,1.0,0.0,1.0,LOW_POWER_TOKEN,LOW_SUPPORT_OR_POLYFUNCTIONAL,LOW,"f107r.17,+P0",S|B|3|paragraph_continuation:1/R00
loty,1,1,R00,1.0,0.0,1.0,1.0,1,0,0,0,G1,1.0,0.0,1.0,1,S,1.0,0.0,1,B,1.0,0.0,1,3,1.0,0.0,1,paragraph_continuation,1.0,0.0,1.0,LOW_POWER_TOKEN,LOW_SUPPORT_OR_POLYFUNCTIONAL,LOW,"f103r.53,+P0",S|B|3|paragraph_continuation:1/R00
lpchdy,1,1,R00,1.0,0.0,1.0,1.0,1,0,0,0,G1,1.0,0.0,1.0,1,B,1.0,0.0,1,B,1.0,0.0,1,2,1.0,0.0,1,paragraph_start,1.0,0.0,1.0,LOW_POWER_TOKEN,LOW_SUPPORT_OR_POLYFUNCTIONAL,LOW,"f75v.60,@P1",B|B|2|paragraph_start:1/R00
lr,1,1,R00,1.0,0.0,1.0,1.0,1,0,0,0,G3C,1.0,0.0,1.0,1,B,1.0,0.0,1,B,1.0,0.0,1,2,1.0,0.0,1,paragraph_continuation,1.0,0.0,1.0,LOW_POWER_TOKEN,LOW_SUPPORT_OR_POLYFUNCTIONAL,LOW,"f78v.29,+P0",B|B|2|paragraph_continuation:1/R00
lror,1,1,R00,1.0,0.0,1.0,1.0,1,0,0,0,G1,1.0,0.0,1.0,1,S,1.0,0.0,1,B,1.0,0.0,1,3,1.0,0.0,1,paragraph_continuation,1.0,0.0,1.0,LOW_POWER_TOKEN,LOW_SUPPORT_OR_POLYFUNCTIONAL,LOW,"f115v.39,+P0",S|B|3|paragraph_continuation:1/R00
ls,1,1,R00,1.0,0.0,1.0,1.0,1,0,0,0,G1,1.0,0.0,1.0,1,S,1.0,0.0,1,B,1.0,0.0,1,3,1.0,0.0,1,paragraph_continuation,1.0,0.0,1.0,LOW_POWER_TOKEN,LOW_SUPPORT_OR_POLYFUNCTIONAL,LOW,"f108v.26,+P0",S|B|3|paragraph_continuation:1/R00
lsaiin,1,1,R00,1.0,0.0,1.0,1.0,1,0,0,0,G3C,1.0,0.0,1.0,1,S,1.0,0.0,1,B,1.0,0.0,1,3,1.0,0.0,1,paragraph_continuation,1.0,0.0,1.0,LOW_POWER_TOKEN,LOW_SUPPORT_OR_POLYFUNCTIONAL,LOW,"f108v.18,+P0",S|B|3|paragraph_continuation:1/R00
lsh,1,1,R00,1.0,0.0,1.0,1.0,1,0,0,0,G2,1.0,0.0,1.0,1,T,1.0,0.0,1,B,1.0,0.0,1,2,1.0,0.0,1,paragraph_continuation,1.0,0.0,1.0,LOW_POWER_TOKEN,LOW_SUPPORT_OR_POLYFUNCTIONAL,LOW,"f76r.42,+P0",T|B|2|paragraph_continuation:1/R00
lshcthy,1,1,R00,1.0,0.0,1.0,1.0,1,0,0,0,G2,1.0,0.0,1.0,1,T,1.0,0.0,1,B,1.0,0.0,1,2,1.0,0.0,1,paragraph_continuation,1.0,0.0,1.0,LOW_POWER_TOKEN,LOW_SUPPORT_OR_POLYFUNCTIONAL,LOW,"f76r.29,+P0",T|B|2|paragraph_continuation:1/R00
lsheckhy,1,1,R00,1.0,0.0,1.0,1.0,1,0,0,0,G3C,1.0,0.0,1.0,1,B,1.0,0.0,1,B,1.0,0.0,1,2,1.0,0.0,1,paragraph_continuation,1.0,0.0,1.0,LOW_POWER_TOKEN,LOW_SUPPORT_OR_POLYFUNCTIONAL,LOW,"f80v.38,+P0",B|B|2|paragraph_continuation:1/R00
lshedary,1,1,R00,1.0,0.0,1.0,1.0,1,0,0,0,G2,1.0,0.0,1.0,1,B,1.0,0.0,1,B,1.0,0.0,1,2,1.0,0.0,1,paragraph_continuation,1.0,0.0,1.0,LOW_POWER_TOKEN,LOW_SUPPORT_OR_POLYFUNCTIONAL,LOW,"f75r.17,+P0",B|B|2|paragraph_continuation:1/R00
lshekain,1,1,R00,1.0,0.0,1.0,1.0,1,0,0,0,G2,1.0,0.0,1.0,1,S,1.0,0.0,1,B,1.0,0.0,1,3,1.0,0.0,1,paragraph_continuation,1.0,0.0,1.0,LOW_POWER_TOKEN,LOW_SUPPORT_OR_POLYFUNCTIONAL,LOW,"f111v.35,+P0",S|B|3|paragraph_continuation:1/R00
lsheol,1,1,R00,1.0,0.0,1.0,1.0,1,0,0,0,G1,1.0,0.0,1.0,1,B,1.0,0.0,1,B,1.0,0.0,1,2,1.0,0.0,1,paragraph_continuation,1.0,0.0,1.0,LOW_POWER_TOKEN,LOW_SUPPORT_OR_POLYFUNCTIONAL,LOW,"f80r.35,+P0",B|B|2|paragraph_continuation:1/R00
lshodair,1,1,R00,1.0,0.0,1.0,1.0,1,0,0,0,G2,1.0,0.0,1.0,1,C,1.0,0.0,1,B,1.0,0.0,1,2,1.0,0.0,1,paragraph_continuation,1.0,0.0,1.0,LOW_POWER_TOKEN,LOW_SUPPORT_OR_POLYFUNCTIONAL,LOW,"f86v3.20,+P0",C|B|2|paragraph_continuation:1/R00
lshor,1,1,R00,1.0,0.0,1.0,1.0,1,0,0,0,G2,1.0,0.0,1.0,1,S,1.0,0.0,1,B,1.0,0.0,1,3,1.0,0.0,1,paragraph_continuation,1.0,0.0,1.0,LOW_POWER_TOKEN,LOW_SUPPORT_OR_POLYFUNCTIONAL,LOW,"f103v.6,+P0",S|B|3|paragraph_continuation:1/R00
ltary,1,1,R00,1.0,0.0,1.0,1.0,1,0,0,0,G2,1.0,0.0,1.0,1,B,1.0,0.0,1,B,1.0,0.0,1,2,1.0,0.0,1,paragraph_continuation,1.0,0.0,1.0,LOW_POWER_TOKEN,LOW_SUPPORT_OR_POLYFUNCTIONAL,LOW,"f81v.15,+P0",B|B|2|paragraph_continuation:1/R00
ltedy,1,1,R00,1.0,0.0,1.0,1.0,1,0,0,0,G2,1.0,0.0,1.0,1,B,1.0,0.0,1,B,1.0,0.0,1,2,1.0,0.0,1,paragraph_continuation,1.0,0.0,1.0,LOW_POWER_TOKEN,LOW_SUPPORT_OR_POLYFUNCTIONAL,LOW,"f75r.33,+P0",B|B|2|paragraph_continuation:1/R00
lteey,1,1,R00,1.0,0.0,1.0,1.0,1,0,0,0,G2,1.0,0.0,1.0,1,S,1.0,0.0,1,B,1.0,0.0,1,3,1.0,0.0,1,paragraph_continuation,1.0,0.0,1.0,LOW_POWER_TOKEN,LOW_SUPPORT_OR_POLYFUNCTIONAL,LOW,"f107r.6,+P0",S|B|3|paragraph_continuation:1/R00
oa,1,1,R00,1.0,0.0,1.0,1.0,1,0,0,0,G2,1.0,0.0,1.0,1,H,1.0,0.0,1,A,1.0,0.0,1,1,1.0,0.0,1,paragraph_continuation,1.0,0.0,1.0,LOW_POWER_TOKEN,LOW_SUPPORT_OR_POLYFUNCTIONAL,LOW,"f45v.8,+P0",H|A|1|paragraph_continuation:1/R00
oaiir,1,1,R00,1.0,0.0,1.0,1.0,1,0,0,0,G3C,1.0,0.0,1.0,1,H,1.0,0.0,1,A,1.0,0.0,1,1,1.0,0.0,1,paragraph_continuation,1.0,0.0,1.0,LOW_POWER_TOKEN,LOW_SUPPORT_OR_POLYFUNCTIONAL,LOW,"f7r.5,+P0",H|A|1|paragraph_continuation:1/R00
oaiiralchedy,1,1,R00,1.0,0.0,1.0,1.0,1,0,0,0,G3C,1.0,0.0,1.0,1,S,1.0,0.0,1,B,1.0,0.0,1,3,1.0,0.0,1,paragraph_continuation,1.0,0.0,1.0,LOW_POWER_TOKEN,LOW_SUPPORT_OR_POLYFUNCTIONAL,LOW,"f114v.17,+P0",S|B|3|paragraph_continuation:1/R00
oal,1,1,R00,1.0,0.0,1.0,1.0,1,0,0,0,G3C,1.0,0.0,1.0,1,C,1.0,0.0,1,B,1.0,0.0,1,4,1.0,0.0,1,label_or_marginal,1.0,0.0,1.0,LOW_POWER_TOKEN,LOW_SUPPORT_OR_POLYFUNCTIONAL,LOW,"fRos.41,@L0",C|B|4|label_or_marginal:1/R00
oalcheg,1,1,R00,1.0,0.0,1.0,1.0,1,0,0,0,G3C,1.0,0.0,1.0,1,Z,1.0,0.0,1,nan,1.0,0.0,1,4,1.0,0.0,1,&L,1.0,0.0,1.0,LOW_POWER_TOKEN,LOW_SUPPORT_OR_POLYFUNCTIONAL,LOW,"f70v1.7,&Lz",Z||4|&L:1/R00
oalcheol,1,1,R00,1.0,0.0,1.0,1.0,1,0,0,0,G3C,1.0,0.0,1.0,1,A,1.0,0.0,1,nan,1.0,0.0,1,4,1.0,0.0,1,label_or_marginal,1.0,0.0,1.0,LOW_POWER_TOKEN,LOW_SUPPORT_OR_POLYFUNCTIONAL,LOW,"f68r3.12,@La",A||4|label_or_marginal:1/R00
oam,1,1,R00,1.0,0.0,1.0,1.0,1,0,0,0,G1,1.0,0.0,1.0,1,S,1.0,0.0,1,B,1.0,0.0,1,3,1.0,0.0,1,paragraph_continuation,1.0,0.0,1.0,LOW_POWER_TOKEN,LOW_SUPPORT_OR_POLYFUNCTIONAL,LOW,"f108v.49,+P0",S|B|3|paragraph_continuation:1/R00
oaorar,1,1,R00,1.0,0.0,1.0,1.0,1,0,0,0,G3C,1.0,0.0,1.0,1,H,1.0,0.0,1,A,1.0,0.0,1,1,1.0,0.0,1,paragraph_continuation,1.0,0.0,1.0,LOW_POWER_TOKEN,LOW_SUPPORT_OR_POLYFUNCTIONAL,LOW,"f16v.13,+P0",H|A|1|paragraph_continuation:1/R00
oar,1,1,R00,1.0,0.0,1.0,1.0,1,0,0,0,G3C,1.0,0.0,1.0,1,C,1.0,0.0,1,nan,1.0,0.0,1,4,1.0,0.0,1,radial/ring_text,1.0,0.0,1.0,LOW_POWER_TOKEN,LOW_SUPPORT_OR_POLYFUNCTIONAL,LOW,"f69v.31,@Ri",C||4|radial/ring_text:1/R00
oary,1,1,R00,1.0,0.0,1.0,1.0,1,0,0,0,G3C,1.0,0.0,1.0,1,C,1.0,0.0,1,B,1.0,0.0,1,4,1.0,0.0,1,label_or_marginal,1.0,0.0,1.0,LOW_POWER_TOKEN,LOW_SUPPORT_OR_POLYFUNCTIONAL,LOW,"fRos.25,@L0",C|B|4|label_or_marginal:1/R00
ochaiin,1,1,R00,1.0,0.0,1.0,1.0,1,0,0,0,G3C,1.0,0.0,1.0,1,H,1.0,0.0,1,A,1.0,0.0,1,1,1.0,0.0,1,paragraph_continuation,1.0,0.0,1.0,LOW_POWER_TOKEN,LOW_SUPPORT_OR_POLYFUNCTIONAL,LOW,"f20r.13,+P0",H|A|1|paragraph_continuation:1/R00
ochdy,1,1,R00,1.0,0.0,1.0,1.0,1,0,0,0,G3C,1.0,0.0,1.0,1,H,1.0,0.0,1,A,1.0,0.0,1,1,1.0,0.0,1,paragraph_continuation,1.0,0.0,1.0,LOW_POWER_TOKEN,LOW_SUPPORT_OR_POLYFUNCTIONAL,LOW,"f24v.15,+P0",H|A|1|paragraph_continuation:1/R00
ocheain,1,1,R00,1.0,0.0,1.0,1.0,1,0,0,0,G1,1.0,0.0,1.0,1,B,1.0,0.0,1,B,1.0,0.0,1,2,1.0,0.0,1,paragraph_continuation,1.0,0.0,1.0,LOW_POWER_TOKEN,LOW_SUPPORT_OR_POLYFUNCTIONAL,LOW,"f75v.13,+P0",B|B|2|paragraph_continuation:1/R00
ochedal,1,1,R09,1.0,0.0,1.0,1.0,1,0,0,0,G3C,1.0,0.0,1.0,1,S,1.0,0.0,1,B,1.0,0.0,1,3,1.0,0.0,1,paragraph_continuation,1.0,0.0,1.0,LOW_POWER_TOKEN,LOW_SUPPORT_OR_POLYFUNCTIONAL,LOW,"f114r.4,+P0",S|B|3|paragraph_continuation:1/R09
ochedar,1,1,R00,1.0,0.0,1.0,1.0,1,0,0,0,G2,1.0,0.0,1.0,1,B,1.0,0.0,1,B,1.0,0.0,1,2,1.0,0.0,1,paragraph_continuation,1.0,0.0,1.0,LOW_POWER_TOKEN,LOW_SUPPORT_OR_POLYFUNCTIONAL,LOW,"f81r.17,+P0",B|B|2|paragraph_continuation:1/R00
ocheey,1,1,R00,1.0,0.0,1.0,1.0,1,0,0,0,G1,1.0,0.0,1.0,1,S,1.0,0.0,1,B,1.0,0.0,1,3,1.0,0.0,1,paragraph_continuation,1.0,0.0,1.0,LOW_POWER_TOKEN,LOW_SUPPORT_OR_POLYFUNCTIONAL,LOW,"f108r.12,+P0",S|B|3|paragraph_continuation:1/R00
ochepalain,1,1,R00,1.0,0.0,1.0,1.0,1,0,0,0,G3C,1.0,0.0,1.0,1,C,1.0,0.0,1,nan,1.0,0.0,1,4,1.0,0.0,1,radial/ring_text,1.0,0.0,1.0,LOW_POWER_TOKEN,LOW_SUPPORT_OR_POLYFUNCTIONAL,LOW,"f67v2.11,@Ro",C||4|radial/ring_text:1/R00
ochockhy,1,1,R00,1.0,0.0,1.0,1.0,1,0,0,0,G3C,1.0,0.0,1.0,1,H,1.0,0.0,1,A,1.0,0.0,1,1,1.0,0.0,1,paragraph_continuation,1.0,0.0,1.0,LOW_POWER_TOKEN,LOW_SUPPORT_OR_POLYFUNCTIONAL,LOW,"f51v.12,+P0",H|A|1|paragraph_continuation:1/R00
ochodare,1,1,R00,1.0,0.0,1.0,1.0,1,0,0,0,G3C,1.0,0.0,1.0,1,A,1.0,0.0,1,nan,1.0,0.0,1,4,1.0,0.0,1,&L,1.0,0.0,1.0,LOW_POWER_TOKEN,LOW_SUPPORT_OR_POLYFUNCTIONAL,LOW,"f67v1.11,&L0",A||4|&L:1/R00
ochody,1,1,R00,1.0,0.0,1.0,1.0,1,0,0,0,G3C,1.0,0.0,1.0,1,H,1.0,0.0,1,A,1.0,0.0,1,1,1.0,0.0,1,paragraph_continuation,1.0,0.0,1.0,LOW_POWER_TOKEN,LOW_SUPPORT_OR_POLYFUNCTIONAL,LOW,"f4v.14,+P0",H|A|1|paragraph_continuation:1/R00
ocholsharam,1,1,R00,1.0,0.0,1.0,1.0,1,0,0,0,G3C,1.0,0.0,1.0,1,Z,1.0,0.0,1,nan,1.0,0.0,1,4,1.0,0.0,1,&L,1.0,0.0,1.0,LOW_POWER_TOKEN,LOW_SUPPORT_OR_POLYFUNCTIONAL,LOW,"f72r1.11,&Lz",Z||4|&L:1/R00
ochory,1,1,R00,1.0,0.0,1.0,1.0,1,0,0,0,G3C,1.0,0.0,1.0,1,A,1.0,0.0,1,nan,1.0,0.0,1,4,1.0,0.0,1,label_or_marginal,1.0,0.0,1.0,LOW_POWER_TOKEN,LOW_SUPPORT_OR_POLYFUNCTIONAL,LOW,"f68r2.10,@Ls",A||4|label_or_marginal:1/R00
ochos,1,1,R00,1.0,0.0,1.0,1.0,1,0,0,0,G1,1.0,0.0,1.0,1,H,1.0,0.0,1,A,1.0,0.0,1,1,1.0,0.0,1,paragraph_continuation,1.0,0.0,1.0,LOW_POWER_TOKEN,LOW_SUPPORT_OR_POLYFUNCTIONAL,LOW,"f3v.10,+P0",H|A|1|paragraph_continuation:1/R00
ochoyk,1,1,R00,1.0,0.0,1.0,1.0,1,0,0,0,G3C,1.0,0.0,1.0,1,C,1.0,0.0,1,nan,1.0,0.0,1,4,1.0,0.0,1,radial/ring_text,1.0,0.0,1.0,LOW_POWER_TOKEN,LOW_SUPPORT_OR_POLYFUNCTIONAL,LOW,"f69v.6,@Ri",C||4|radial/ring_text:1/R00
ochy,1,1,R00,1.0,0.0,1.0,1.0,1,0,0,0,G3C,1.0,0.0,1.0,1,H,1.0,0.0,1,A,1.0,0.0,1,1,1.0,0.0,1,paragraph_continuation,1.0,0.0,1.0,LOW_POWER_TOKEN,LOW_SUPPORT_OR_POLYFUNCTIONAL,LOW,"f1v.2,+P0",H|A|1|paragraph_continuation:1/R00
ockey,1,1,R00,1.0,0.0,1.0,1.0,1,0,0,0,G3C,1.0,0.0,1.0,1,A,1.0,0.0,1,nan,1.0,0.0,1,4,1.0,0.0,1,radial/ring_text,1.0,0.0,1.0,LOW_POWER_TOKEN,LOW_SUPPORT_OR_POLYFUNCTIONAL,LOW,"f67v1.17,@Ro",A||4|radial/ring_text:1/R00
ockhedy,1,1,R00,1.0,0.0,1.0,1.0,1,0,0,0,G1,1.0,0.0,1.0,1,S,1.0,0.0,1,B,1.0,0.0,1,3,1.0,0.0,1,paragraph_continuation,1.0,0.0,1.0,LOW_POWER_TOKEN,LOW_SUPPORT_OR_POLYFUNCTIONAL,LOW,"f104r.6,+P0",S|B|3|paragraph_continuation:1/R00
ockhoees,1,1,R00,1.0,0.0,1.0,1.0,1,0,0,0,G3C,1.0,0.0,1.0,1,H,1.0,0.0,1,A,1.0,0.0,1,1,1.0,0.0,1,paragraph_continuation,1.0,0.0,1.0,LOW_POWER_TOKEN,LOW_SUPPORT_OR_POLYFUNCTIONAL,LOW,"f24r.15,+P0",H|A|1|paragraph_continuation:1/R00
ockhol,1,1,R00,1.0,0.0,1.0,1.0,1,0,0,0,G3C,1.0,0.0,1.0,1,Z,1.0,0.0,1,nan,1.0,0.0,1,4,1.0,0.0,1,&L,1.0,0.0,1.0,LOW_POWER_TOKEN,LOW_SUPPORT_OR_POLYFUNCTIONAL,LOW,"f72v2.22,&Lz",Z||4|&L:1/R00
ockhosam,1,1,R00,1.0,0.0,1.0,1.0,1,0,0,0,G3C,1.0,0.0,1.0,1,A,1.0,0.0,1,nan,1.0,0.0,1,4,1.0,0.0,1,&L,1.0,0.0,1.0,LOW_POWER_TOKEN,LOW_SUPPORT_OR_POLYFUNCTIONAL,LOW,"f67v1.9,&L0",A||4|&L:1/R00
ockhydar,1,1,R00,1.0,0.0,1.0,1.0,1,0,0,0,G3C,1.0,0.0,1.0,1,A,1.0,0.0,1,nan,1.0,0.0,1,4,1.0,0.0,1,radial/ring_text,1.0,0.0,1.0,LOW_POWER_TOKEN,LOW_SUPPORT_OR_POLYFUNCTIONAL,LOW,"f68r3.4,@Ri",A||4|radial/ring_text:1/R00
ocphy,1,1,R00,1.0,0.0,1.0,1.0,1,0,0,0,G3C,1.0,0.0,1.0,1,A,1.0,0.0,1,nan,1.0,0.0,1,4,1.0,0.0,1,label_or_marginal,1.0,0.0,1.0,LOW_POWER_TOKEN,LOW_SUPPORT_OR_POLYFUNCTIONAL,LOW,"f68r1.31,@Ls",A||4|label_or_marginal:1/R00
octham,1,1,R00,1.0,0.0,1.0,1.0,1,0,0,0,G3C,1.0,0.0,1.0,1,H,1.0,0.0,1,A,1.0,0.0,1,1,1.0,0.0,1,paragraph_continuation,1.0,0.0,1.0,LOW_POWER_TOKEN,LOW_SUPPORT_OR_POLYFUNCTIONAL,LOW,"f6v.21,+P0",H|A|1|paragraph_continuation:1/R00
octhedy,1,1,R00,1.0,0.0,1.0,1.0,1,0,0,0,G2,1.0,0.0,1.0,1,H,1.0,0.0,1,B,1.0,0.0,1,2,1.0,0.0,1,paragraph_continuation,1.0,0.0,1.0,LOW_POWER_TOKEN,LOW_SUPPORT_OR_POLYFUNCTIONAL,LOW,"f34r.2,+P0",H|B|2|paragraph_continuation:1/R00
octhey,1,1,R00,1.0,0.0,1.0,1.0,1,0,0,0,G3C,1.0,0.0,1.0,1,A,1.0,0.0,1,nan,1.0,0.0,1,4,1.0,0.0,1,label_or_marginal,1.0,0.0,1.0,LOW_POWER_TOKEN,LOW_SUPPORT_OR_POLYFUNCTIONAL,LOW,"f68r1.13,@Ls",A||4|label_or_marginal:1/R00
octho,1,1,R00,1.0,0.0,1.0,1.0,1,0,0,0,G3C,1.0,0.0,1.0,1,Z,1.0,0.0,1,nan,1.0,0.0,1,4,1.0,0.0,1,&L,1.0,0.0,1.0,LOW_POWER_TOKEN,LOW_SUPPORT_OR_POLYFUNCTIONAL,LOW,"f72r3.31,&Lz",Z||4|&L:1/R00
octhy,1,1,R00,1.0,0.0,1.0,1.0,1,0,0,0,G3C,1.0,0.0,1.0,1,Z,1.0,0.0,1,nan,1.0,0.0,1,4,1.0,0.0,1,&L,1.0,0.0,1.0,LOW_POWER_TOKEN,LOW_SUPPORT_OR_POLYFUNCTIONAL,LOW,"f72v1.3,&Lz",Z||4|&L:1/R00
octhys,1,1,R00,1.0,0.0,1.0,1.0,1,0,0,0,G3C,1.0,0.0,1.0,1,A,1.0,0.0,1,nan,1.0,0.0,1,4,1.0,0.0,1,&L,1.0,0.0,1.0,LOW_POWER_TOKEN,LOW_SUPPORT_OR_POLYFUNCTIONAL,LOW,"f67r2.60,&Ls",A||4|&L:1/R00
od,1,1,R00,1.0,0.0,1.0,1.0,1,0,0,0,G3C,1.0,0.0,1.0,1,H,1.0,0.0,1,A,1.0,0.0,1,1,1.0,0.0,1,paragraph_continuation,1.0,0.0,1.0,LOW_POWER_TOKEN,LOW_SUPPORT_OR_POLYFUNCTIONAL,LOW,"f35v.13,+P0",H|A|1|paragraph_continuation:1/R00
oda,1,1,R00,1.0,0.0,1.0,1.0,1,0,0,0,G3C,1.0,0.0,1.0,1,C,1.0,0.0,1,B,1.0,0.0,1,4,1.0,0.0,1,label_or_marginal,1.0,0.0,1.0,LOW_POWER_TOKEN,LOW_SUPPORT_OR_POLYFUNCTIONAL,LOW,"fRos.98,@L0",C|B|4|label_or_marginal:1/R00
odaiiin,1,1,R00,1.0,0.0,1.0,1.0,1,0,0,0,G3C,1.0,0.0,1.0,1,A,1.0,0.0,1,nan,1.0,0.0,1,4,1.0,0.0,1,paragraph_continuation,1.0,0.0,1.0,LOW_POWER_TOKEN,LOW_SUPPORT_OR_POLYFUNCTIONAL,LOW,"f67r2.45,+Pb",A||4|paragraph_continuation:1/R00
odaiim,1,1,R00,1.0,0.0,1.0,1.0,1,0,0,0,G3C,1.0,0.0,1.0,1,H,1.0,0.0,1,A,1.0,0.0,1,1,1.0,0.0,1,paragraph_continuation,1.0,0.0,1.0,LOW_POWER_TOKEN,LOW_SUPPORT_OR_POLYFUNCTIONAL,LOW,"f24v.16,+P0",H|A|1|paragraph_continuation:1/R00
odairan,1,1,R00,1.0,0.0,1.0,1.0,1,0,0,0,G3C,1.0,0.0,1.0,1,Z,1.0,0.0,1,nan,1.0,0.0,1,4,1.0,0.0,1,&L,1.0,0.0,1.0,LOW_POWER_TOKEN,LOW_SUPPORT_OR_POLYFUNCTIONAL,LOW,"f72v3.26,&Lz",Z||4|&L:1/R00
odaly,1,1,R00,1.0,0.0,1.0,1.0,1,0,0,0,G3C,1.0,0.0,1.0,1,S,1.0,0.0,1,B,1.0,0.0,1,3,1.0,0.0,1,paragraph_continuation,1.0,0.0,1.0,LOW_POWER_TOKEN,LOW_SUPPORT_OR_POLYFUNCTIONAL,LOW,"f114r.4,+P0",S|B|3|paragraph_continuation:1/R00
odalydary,1,1,R00,1.0,0.0,1.0,1.0,1,0,0,0,G3C,1.0,0.0,1.0,1,P,1.0,0.0,1,A,1.0,0.0,1,1,1.0,0.0,1,label_or_marginal,1.0,0.0,1.0,LOW_POWER_TOKEN,LOW_SUPPORT_OR_POLYFUNCTIONAL,LOW,"f102r2.22,@Lf",P|A|1|label_or_marginal:1/R00
odam,1,1,R00,1.0,0.0,1.0,1.0,1,0,0,0,G3C,1.0,0.0,1.0,1,C,1.0,0.0,1,nan,1.0,0.0,1,4,1.0,0.0,1,paragraph_continuation,1.0,0.0,1.0,LOW_POWER_TOKEN,LOW_SUPPORT_OR_POLYFUNCTIONAL,LOW,"f67v2.6,+Pb",C||4|paragraph_continuation:1/R00
odar,1,1,R00,1.0,0.0,1.0,1.0,1,0,0,0,G3C,1.0,0.0,1.0,1,H,1.0,0.0,1,A,1.0,0.0,1,1,1.0,0.0,1,paragraph_continuation,1.0,0.0,1.0,LOW_POWER_TOKEN,LOW_SUPPORT_OR_POLYFUNCTIONAL,LOW,"f52v.14,+P0",H|A|1|paragraph_continuation:1/R00
odchecthy,1,1,R00,1.0,0.0,1.0,1.0,1,0,0,0,G3C,1.0,0.0,1.0,1,A,1.0,0.0,1,nan,1.0,0.0,1,4,1.0,0.0,1,label_or_marginal,1.0,0.0,1.0,LOW_POWER_TOKEN,LOW_SUPPORT_OR_POLYFUNCTIONAL,LOW,"f68r1.9,@Ls",A||4|label_or_marginal:1/R00
odchey,1,1,R00,1.0,0.0,1.0,1.0,1,0,0,0,G2,1.0,0.0,1.0,1,B,1.0,0.0,1,B,1.0,0.0,1,2,1.0,0.0,1,paragraph_continuation,1.0,0.0,1.0,LOW_POWER_TOKEN,LOW_SUPPORT_OR_POLYFUNCTIONAL,LOW,"f79v.27,+P0",B|B|2|paragraph_continuation:1/R00
odeeeodl,1,1,R00,1.0,0.0,1.0,1.0,1,0,0,0,G2,1.0,0.0,1.0,1,H,1.0,0.0,1,A,1.0,0.0,1,1,1.0,0.0,1,paragraph_continuation,1.0,0.0,1.0,LOW_POWER_TOKEN,LOW_SUPPORT_OR_POLYFUNCTIONAL,LOW,"f93v.9,+P0",H|A|1|paragraph_continuation:1/R00
odeeey,1,1,R00,1.0,0.0,1.0,1.0,1,0,0,0,G2,1.0,0.0,1.0,1,C,1.0,0.0,1,B,1.0,0.0,1,2,1.0,0.0,1,paragraph_continuation,1.0,0.0,1.0,LOW_POWER_TOKEN,LOW_SUPPORT_OR_POLYFUNCTIONAL,LOW,"f86v3.7,+Pb",C|B|2|paragraph_continuation:1/R00
odees,1,1,R00,1.0,0.0,1.0,1.0,1,0,0,0,G3C,1.0,0.0,1.0,1,Z,1.0,0.0,1,nan,1.0,0.0,1,4,1.0,0.0,1,&L,1.0,0.0,1.0,LOW_POWER_TOKEN,LOW_SUPPORT_OR_POLYFUNCTIONAL,LOW,"f73v.8,&Lz",Z||4|&L:1/R00
odor,1,1,R00,1.0,0.0,1.0,1.0,1,0,0,0,G3C,1.0,0.0,1.0,1,P,1.0,0.0,1,A,1.0,0.0,1,1,1.0,0.0,1,label_or_marginal,1.0,0.0,1.0,LOW_POWER_TOKEN,LOW_SUPPORT_OR_POLYFUNCTIONAL,LOW,"f101v.17,@Lf",P|A|1|label_or_marginal:1/R00
odory,1,1,R00,1.0,0.0,1.0,1.0,1,0,0,0,G3C,1.0,0.0,1.0,1,P,1.0,0.0,1,A,1.0,0.0,1,1,1.0,0.0,1,label_or_marginal,1.0,0.0,1.0,LOW_POWER_TOKEN,LOW_SUPPORT_OR_POLYFUNCTIONAL,LOW,"f89r2.1,@Lc",P|A|1|label_or_marginal:1/R00
oear,1,1,R00,1.0,0.0,1.0,1.0,1,0,0,0,G3C,1.0,0.0,1.0,1,A,1.0,0.0,1,nan,1.0,0.0,1,4,1.0,0.0,1,paragraph_continuation,1.0,0.0,1.0,LOW_POWER_TOKEN,LOW_SUPPORT_OR_POLYFUNCTIONAL,LOW,"f67r2.33,+Pb",A||4|paragraph_continuation:1/R00
oedady,1,1,R00,1.0,0.0,1.0,1.0,1,0,0,0,G3C,1.0,0.0,1.0,1,C,1.0,0.0,1,B,1.0,0.0,1,4,1.0,0.0,1,label_or_marginal,1.0,0.0,1.0,LOW_POWER_TOKEN,LOW_SUPPORT_OR_POLYFUNCTIONAL,LOW,"fRos.38,@L0",C|B|4|label_or_marginal:1/R00
oeeaiin,1,1,R00,1.0,0.0,1.0,1.0,1,0,0,0,G2,1.0,0.0,1.0,1,P,1.0,0.0,1,A,1.0,0.0,1,1,1.0,0.0,1,paragraph_continuation,1.0,0.0,1.0,LOW_POWER_TOKEN,LOW_SUPPORT_OR_POLYFUNCTIONAL,LOW,"f102r1.14,+P0",P|A|1|paragraph_continuation:1/R00
oeear,1,1,R00,1.0,0.0,1.0,1.0,1,0,0,0,G2,1.0,0.0,1.0,1,S,1.0,0.0,1,A,1.0,0.0,1,3,1.0,0.0,1,paragraph_continuation,1.0,0.0,1.0,LOW_POWER_TOKEN,LOW_SUPPORT_OR_POLYFUNCTIONAL,LOW,"f58v.14,+P0",S|A|3|paragraph_continuation:1/R00
oeecthy,1,1,R00,1.0,0.0,1.0,1.0,1,0,0,0,G3C,1.0,0.0,1.0,1,A,1.0,0.0,1,nan,1.0,0.0,1,4,1.0,0.0,1,paragraph_start,1.0,0.0,1.0,LOW_POWER_TOKEN,LOW_SUPPORT_OR_POLYFUNCTIONAL,LOW,"f68r2.1,@P0",A||4|paragraph_start:1/R00
oeedaly,1,1,R00,1.0,0.0,1.0,1.0,1,0,0,0,G3C,1.0,0.0,1.0,1,Z,1.0,0.0,1,nan,1.0,0.0,1,4,1.0,0.0,1,&L,1.0,0.0,1.0,LOW_POWER_TOKEN,LOW_SUPPORT_OR_POLYFUNCTIONAL,LOW,"f72v2.27,&Lz",Z||4|&L:1/R00
oeedey,1,1,R00,1.0,0.0,1.0,1.0,1,0,0,0,G3C,1.0,0.0,1.0,1,Z,1.0,0.0,1,nan,1.0,0.0,1,4,1.0,0.0,1,label_or_marginal,1.0,0.0,1.0,LOW_POWER_TOKEN,LOW_SUPPORT_OR_POLYFUNCTIONAL,LOW,"f72v2.2,@Lz",Z||4|label_or_marginal:1/R00
oeeedain,1,1,R00,1.0,0.0,1.0,1.0,1,0,0,0,G1,1.0,0.0,1.0,1,S,1.0,0.0,1,B,1.0,0.0,1,3,1.0,0.0,1,paragraph_continuation,1.0,0.0,1.0,LOW_POWER_TOKEN,LOW_SUPPORT_OR_POLYFUNCTIONAL,LOW,"f108v.6,+P0",S|B|3|paragraph_continuation:1/R00
oeeees,1,1,R00,1.0,0.0,1.0,1.0,1,0,0,0,G2,1.0,0.0,1.0,1,H,1.0,0.0,1,A,1.0,0.0,1,1,1.0,0.0,1,paragraph_continuation,1.0,0.0,1.0,LOW_POWER_TOKEN,LOW_SUPPORT_OR_POLYFUNCTIONAL,LOW,"f7r.3,+P0",H|A|1|paragraph_continuation:1/R00
oeeeos,1,1,R00,1.0,0.0,1.0,1.0,1,0,0,0,G3C,1.0,0.0,1.0,1,Z,1.0,0.0,1,nan,1.0,0.0,1,4,1.0,0.0,1,&L,1.0,0.0,1.0,LOW_POWER_TOKEN,LOW_SUPPORT_OR_POLYFUNCTIONAL,LOW,"f72v1.18,&Lz",Z||4|&L:1/R00
oeeesary,1,1,R00,1.0,0.0,1.0,1.0,1,0,0,0,G3C,1.0,0.0,1.0,1,P,1.0,0.0,1,A,1.0,0.0,1,1,1.0,0.0,1,label_or_marginal,1.0,0.0,1.0,LOW_POWER_TOKEN,LOW_SUPPORT_OR_POLYFUNCTIONAL,LOW,"f99v.15,@Lf",P|A|1|label_or_marginal:1/R00
oeeey,1,1,R00,1.0,0.0,1.0,1.0,1,0,0,0,G2,1.0,0.0,1.0,1,H,1.0,0.0,1,B,1.0,0.0,1,2,1.0,0.0,1,paragraph_continuation,1.0,0.0,1.0,LOW_POWER_TOKEN,LOW_SUPPORT_OR_POLYFUNCTIONAL,LOW,"f50v.2,+P0",H|B|2|paragraph_continuation:1/R00
oeeodaiin,1,1,R10,1.0,0.0,1.0,1.0,1,0,0,0,G3C,1.0,0.0,1.0,1,Z,1.0,0.0,1,nan,1.0,0.0,1,4,1.0,0.0,1,&L,1.0,0.0,1.0,LOW_POWER_TOKEN,LOW_SUPPORT_OR_POLYFUNCTIONAL,LOW,"f72r3.10,&Lz",Z||4|&L:1/R10
oeeody,1,1,R00,1.0,0.0,1.0,1.0,1,0,0,0,G3C,1.0,0.0,1.0,1,Z,1.0,0.0,1,nan,1.0,0.0,1,4,1.0,0.0,1,&L,1.0,0.0,1.0,LOW_POWER_TOKEN,LOW_SUPPORT_OR_POLYFUNCTIONAL,LOW,"f72v1.31,&Lz",Z||4|&L:1/R00
oeeoly,1,1,R00,1.0,0.0,1.0,1.0,1,0,0,0,G3C,1.0,0.0,1.0,1,Z,1.0,0.0,1,nan,1.0,0.0,1,4,1.0,0.0,1,label_or_marginal,1.0,0.0,1.0,LOW_POWER_TOKEN,LOW_SUPPORT_OR_POLYFUNCTIONAL,LOW,"f72v1.23,@Lz",Z||4|label_or_marginal:1/R00
oeeos,1,1,R00,1.0,0.0,1.0,1.0,1,0,0,0,G1,1.0,0.0,1.0,1,S,1.0,0.0,1,B,1.0,0.0,1,3,1.0,0.0,1,paragraph_continuation,1.0,0.0,1.0,LOW_POWER_TOKEN,LOW_SUPPORT_OR_POLYFUNCTIONAL,LOW,"f114v.9,+P0",S|B|3|paragraph_continuation:1/R00
oeeoty,1,1,R00,1.0,0.0,1.0,1.0,1,0,0,0,G3C,1.0,0.0,1.0,1,Z,1.0,0.0,1,nan,1.0,0.0,1,4,1.0,0.0,1,label_or_marginal,1.0,0.0,1.0,LOW_POWER_TOKEN,LOW_SUPPORT_OR_POLYFUNCTIONAL,LOW,"f72v1.2,@Lz",Z||4|label_or_marginal:1/R00
oeesaiin,1,1,R00,1.0,0.0,1.0,1.0,1,0,0,0,G3C,1.0,0.0,1.0,1,Z,1.0,0.0,1,nan,1.0,0.0,1,4,1.0,0.0,1,&L,1.0,0.0,1.0,LOW_POWER_TOKEN,LOW_SUPPORT_OR_POLYFUNCTIONAL,LOW,"f72v3.28,&Lz",Z||4|&L:1/R00
oeesody,1,1,R00,1.0,0.0,1.0,1.0,1,0,0,0,G3C,1.0,0.0,1.0,1,H,1.0,0.0,1,A,1.0,0.0,1,1,1.0,0.0,1,paragraph_continuation,1.0,0.0,1.0,LOW_POWER_TOKEN,LOW_SUPPORT_OR_POLYFUNCTIONAL,LOW,"f8v.10,+P0",H|A|1|paragraph_continuation:1/R00
oeesy,1,1,R00,1.0,0.0,1.0,1.0,1,0,0,0,G3C,1.0,0.0,1.0,1,C,1.0,0.0,1,nan,1.0,0.0,1,4,1.0,0.0,1,radial/ring_text,1.0,0.0,1.0,LOW_POWER_TOKEN,LOW_SUPPORT_OR_POLYFUNCTIONAL,LOW,"f69v.9,@Ri",C||4|radial/ring_text:1/R00
oeey,1,1,R00,1.0,0.0,1.0,1.0,1,0,0,0,G3C,1.0,0.0,1.0,1,Z,1.0,0.0,1,nan,1.0,0.0,1,4,1.0,0.0,1,&L,1.0,0.0,1.0,LOW_POWER_TOKEN,LOW_SUPPORT_OR_POLYFUNCTIONAL,LOW,"f72v1.27,&Lz",Z||4|&L:1/R00
oekchdy,1,1,R00,1.0,0.0,1.0,1.0,1,0,0,0,G3C,1.0,0.0,1.0,1,C,1.0,0.0,1,nan,1.0,0.0,1,4,1.0,0.0,1,radial/ring_text,1.0,0.0,1.0,LOW_POWER_TOKEN,LOW_SUPPORT_OR_POLYFUNCTIONAL,LOW,"f67v2.18,@Ri",C||4|radial/ring_text:1/R00
oekeedy,1,1,R00,1.0,0.0,1.0,1.0,1,0,0,0,G1,1.0,0.0,1.0,1,B,1.0,0.0,1,B,1.0,0.0,1,2,1.0,0.0,1,paragraph_continuation,1.0,0.0,1.0,LOW_POWER_TOKEN,LOW_SUPPORT_OR_POLYFUNCTIONAL,LOW,"f76v.11,+P0",B|B|2|paragraph_continuation:1/R00
oekey,1,1,R00,1.0,0.0,1.0,1.0,1,0,0,0,G3C,1.0,0.0,1.0,1,P,1.0,0.0,1,A,1.0,0.0,1,1,1.0,0.0,1,label_or_marginal,1.0,0.0,1.0,LOW_POWER_TOKEN,LOW_SUPPORT_OR_POLYFUNCTIONAL,LOW,"f99r.34,@Lf",P|A|1|label_or_marginal:1/R00
oeoldan,1,1,R00,1.0,0.0,1.0,1.0,1,0,0,0,G3C,1.0,0.0,1.0,1,A,1.0,0.0,1,nan,1.0,0.0,1,4,1.0,0.0,1,+L,1.0,0.0,1.0,LOW_POWER_TOKEN,LOW_SUPPORT_OR_POLYFUNCTIONAL,LOW,"f67r2.34,+L0",A||4|+L:1/R00
oepchod,1,1,R00,1.0,0.0,1.0,1.0,1,0,0,0,G3C,1.0,0.0,1.0,1,A,1.0,0.0,1,nan,1.0,0.0,1,4,1.0,0.0,1,&L,1.0,0.0,1.0,LOW_POWER_TOKEN,LOW_SUPPORT_OR_POLYFUNCTIONAL,LOW,"f67r2.68,&L0",A||4|&L:1/R00
oetalchg,1,1,R00,1.0,0.0,1.0,1.0,1,0,0,0,G1,1.0,0.0,1.0,1,S,1.0,0.0,1,A,1.0,0.0,1,3,1.0,0.0,1,paragraph_continuation,1.0,0.0,1.0,LOW_POWER_TOKEN,LOW_SUPPORT_OR_POLYFUNCTIONAL,LOW,"f58v.31,+P0",S|A|3|paragraph_continuation:1/R00
oetear,1,1,R00,1.0,0.0,1.0,1.0,1,0,0,0,G3C,1.0,0.0,1.0,1,C,1.0,0.0,1,nan,1.0,0.0,1,4,1.0,0.0,1,&L,1.0,0.0,1.0,LOW_POWER_TOKEN,LOW_SUPPORT_OR_POLYFUNCTIONAL,LOW,"f69r.12,&L0",C||4|&L:1/R00
of,1,1,R00,1.0,0.0,1.0,1.0,1,0,0,0,G3C,1.0,0.0,1.0,1,Z,1.0,0.0,1,nan,1.0,0.0,1,4,1.0,0.0,1,&L,1.0,0.0,1.0,LOW_POWER_TOKEN,LOW_SUPPORT_OR_POLYFUNCTIONAL,LOW,"f72r3.20,&Lz",Z||4|&L:1/R00
ofaiin,1,1,R00,1.0,0.0,1.0,1.0,1,0,0,0,G3C,1.0,0.0,1.0,1,Z,1.0,0.0,1,nan,1.0,0.0,1,4,1.0,0.0,1,&L,1.0,0.0,1.0,LOW_POWER_TOKEN,LOW_SUPPORT_OR_POLYFUNCTIONAL,LOW,"f72v3.8,&Lz",Z||4|&L:1/R00
ofaiino,1,1,R00,1.0,0.0,1.0,1.0,1,0,0,0,G1,1.0,0.0,1.0,1,S,1.0,0.0,1,B,1.0,0.0,1,3,1.0,0.0,1,paragraph_continuation,1.0,0.0,1.0,LOW_POWER_TOKEN,LOW_SUPPORT_OR_POLYFUNCTIONAL,LOW,"f104r.39,+P0",S|B|3|paragraph_continuation:1/R00
ofainain,1,1,R00,1.0,0.0,1.0,1.0,1,0,0,0,G3C,1.0,0.0,1.0,1,C,1.0,0.0,1,B,1.0,0.0,1,4,1.0,0.0,1,label_or_marginal,1.0,0.0,1.0,LOW_POWER_TOKEN,LOW_SUPPORT_OR_POLYFUNCTIONAL,LOW,"fRos.3,@L0",C|B|4|label_or_marginal:1/R00
ofair,1,1,R00,1.0,0.0,1.0,1.0,1,0,0,0,G2,1.0,0.0,1.0,1,H,1.0,0.0,1,B,1.0,0.0,1,2,1.0,0.0,1,paragraph_continuation,1.0,0.0,1.0,LOW_POWER_TOKEN,LOW_SUPPORT_OR_POLYFUNCTIONAL,LOW,"f40v.19,+Pc",H|B|2|paragraph_continuation:1/R00
ofakal,1,1,R00,1.0,0.0,1.0,1.0,1,0,0,0,G3C,1.0,0.0,1.0,1,P,1.0,0.0,1,A,1.0,0.0,1,1,1.0,0.0,1,label_or_marginal,1.0,0.0,1.0,LOW_POWER_TOKEN,LOW_SUPPORT_OR_POLYFUNCTIONAL,LOW,"f89r2.31,@Lf",P|A|1|label_or_marginal:1/R00
ofalals,1,1,R00,1.0,0.0,1.0,1.0,1,0,0,0,G3C,1.0,0.0,1.0,1,Z,1.0,0.0,1,nan,1.0,0.0,1,4,1.0,0.0,1,&L,1.0,0.0,1.0,LOW_POWER_TOKEN,LOW_SUPPORT_OR_POLYFUNCTIONAL,LOW,"f72v3.11,&Lz",Z||4|&L:1/R00
ofaldo,1,1,R00,1.0,0.0,1.0,1.0,1,0,0,0,G3C,1.0,0.0,1.0,1,P,1.0,0.0,1,A,1.0,0.0,1,1,1.0,0.0,1,label_or_marginal,1.0,0.0,1.0,LOW_POWER_TOKEN,LOW_SUPPORT_OR_POLYFUNCTIONAL,LOW,"f88r.25,@Lf",P|A|1|label_or_marginal:1/R00
ofals,1,1,R00,1.0,0.0,1.0,1.0,1,0,0,0,G3C,1.0,0.0,1.0,1,Z,1.0,0.0,1,nan,1.0,0.0,1,4,1.0,0.0,1,&L,1.0,0.0,1.0,LOW_POWER_TOKEN,LOW_SUPPORT_OR_POLYFUNCTIONAL,LOW,"f73v.11,&Lz",Z||4|&L:1/R00
ofaraiin,1,1,R00,1.0,0.0,1.0,1.0,1,0,0,0,G3C,1.0,0.0,1.0,1,C,1.0,0.0,1,B,1.0,0.0,1,4,1.0,0.0,1,label_or_marginal,1.0,0.0,1.0,LOW_POWER_TOKEN,LOW_SUPPORT_OR_POLYFUNCTIONAL,LOW,"fRos.123,@L0",C|B|4|label_or_marginal:1/R00
ofaralar,1,1,R00,1.0,0.0,1.0,1.0,1,0,0,0,G3C,1.0,0.0,1.0,1,Z,1.0,0.0,1,nan,1.0,0.0,1,4,1.0,0.0,1,label_or_marginal,1.0,0.0,1.0,LOW_POWER_TOKEN,LOW_SUPPORT_OR_POLYFUNCTIONAL,LOW,"f72r1.13,@Lz",Z||4|label_or_marginal:1/R00
ofardy,1,1,R00,1.0,0.0,1.0,1.0,1,0,0,0,G3C,1.0,0.0,1.0,1,C,1.0,0.0,1,B,1.0,0.0,1,4,1.0,0.0,1,label_or_marginal,1.0,0.0,1.0,LOW_POWER_TOKEN,LOW_SUPPORT_OR_POLYFUNCTIONAL,LOW,"fRos.16,@L0",C|B|4|label_or_marginal:1/R00
ofary,1,1,R00,1.0,0.0,1.0,1.0,1,0,0,0,G3C,1.0,0.0,1.0,1,C,1.0,0.0,1,B,1.0,0.0,1,4,1.0,0.0,1,label_or_marginal,1.0,0.0,1.0,LOW_POWER_TOKEN,LOW_SUPPORT_OR_POLYFUNCTIONAL,LOW,"fRos.88,@L0",C|B|4|label_or_marginal:1/R00
ofchar,1,1,R00,1.0,0.0,1.0,1.0,1,0,0,0,G3C,1.0,0.0,1.0,1,H,1.0,0.0,1,A,1.0,0.0,1,1,1.0,0.0,1,paragraph_start,1.0,0.0,1.0,LOW_POWER_TOKEN,LOW_SUPPORT_OR_POLYFUNCTIONAL,LOW,"f22v.1,@P0",H|A|1|paragraph_start:1/R00
ofchdar,1,1,R00,1.0,0.0,1.0,1.0,1,0,0,0,G3C,1.0,0.0,1.0,1,C,1.0,0.0,1,B,1.0,0.0,1,4,1.0,0.0,1,label_or_marginal,1.0,0.0,1.0,LOW_POWER_TOKEN,LOW_SUPPORT_OR_POLYFUNCTIONAL,LOW,"fRos.99,@L0",C|B|4|label_or_marginal:1/R00
ofchdy,1,1,R00,1.0,0.0,1.0,1.0,1,0,0,0,G1,1.0,0.0,1.0,1,B,1.0,0.0,1,B,1.0,0.0,1,2,1.0,0.0,1,paragraph_continuation,1.0,0.0,1.0,LOW_POWER_TOKEN,LOW_SUPPORT_OR_POLYFUNCTIONAL,LOW,"f79v.12,+P0",B|B|2|paragraph_continuation:1/R00
ofchdysd,1,1,R00,1.0,0.0,1.0,1.0,1,0,0,0,G3C,1.0,0.0,1.0,1,Z,1.0,0.0,1,nan,1.0,0.0,1,4,1.0,0.0,1,&L,1.0,0.0,1.0,LOW_POWER_TOKEN,LOW_SUPPORT_OR_POLYFUNCTIONAL,LOW,"f72v2.12,&Lz",Z||4|&L:1/R00
ofcheay,1,1,R00,1.0,0.0,1.0,1.0,1,0,0,0,G3C,1.0,0.0,1.0,1,Z,1.0,0.0,1,nan,1.0,0.0,1,4,1.0,0.0,1,&L,1.0,0.0,1.0,LOW_POWER_TOKEN,LOW_SUPPORT_OR_POLYFUNCTIONAL,LOW,"f72v2.29,&Lz",Z||4|&L:1/R00
ofchedaiin,1,1,R00,1.0,0.0,1.0,1.0,1,0,0,0,G3C,1.0,0.0,1.0,1,C,1.0,0.0,1,B,1.0,0.0,1,4,1.0,0.0,1,label_or_marginal,1.0,0.0,1.0,LOW_POWER_TOKEN,LOW_SUPPORT_OR_POLYFUNCTIONAL,LOW,"fRos.46,@L0",C|B|4|label_or_marginal:1/R00
ofchedy,1,1,R00,1.0,0.0,1.0,1.0,1,0,0,0,G2,1.0,0.0,1.0,1,B,1.0,0.0,1,B,1.0,0.0,1,2,1.0,0.0,1,paragraph_continuation,1.0,0.0,1.0,LOW_POWER_TOKEN,LOW_SUPPORT_OR_POLYFUNCTIONAL,LOW,"f79v.28,+P0",B|B|2|paragraph_continuation:1/R00
ofcheesy,1,1,R00,1.0,0.0,1.0,1.0,1,0,0,0,G3C,1.0,0.0,1.0,1,Z,1.0,0.0,1,nan,1.0,0.0,1,4,1.0,0.0,1,&L,1.0,0.0,1.0,LOW_POWER_TOKEN,LOW_SUPPORT_OR_POLYFUNCTIONAL,LOW,"f73v.16,&Lz",Z||4|&L:1/R00
ofcheody,1,1,R00,1.0,0.0,1.0,1.0,1,0,0,0,G3C,1.0,0.0,1.0,1,A,1.0,0.0,1,nan,1.0,0.0,1,4,1.0,0.0,1,label_or_marginal,1.0,0.0,1.0,LOW_POWER_TOKEN,LOW_SUPPORT_OR_POLYFUNCTIONAL,LOW,"f68r2.23,@Ls",A||4|label_or_marginal:1/R00
ofcheor,1,1,R00,1.0,0.0,1.0,1.0,1,0,0,0,G3C,1.0,0.0,1.0,1,A,1.0,0.0,1,nan,1.0,0.0,1,4,1.0,0.0,1,label_or_marginal,1.0,0.0,1.0,LOW_POWER_TOKEN,LOW_SUPPORT_OR_POLYFUNCTIONAL,LOW,"f68r1.22,@Ls",A||4|label_or_marginal:1/R00
ofchol,1,1,R07,1.0,0.0,1.0,1.0,1,0,0,0,G1,1.0,0.0,1.0,1,H,1.0,0.0,1,A,1.0,0.0,1,1,1.0,0.0,1,paragraph_continuation,1.0,0.0,1.0,LOW_POWER_TOKEN,LOW_SUPPORT_OR_POLYFUNCTIONAL,LOW,"f23r.4,+P0",H|A|1|paragraph_continuation:1/R07
ofchy,1,1,R00,1.0,0.0,1.0,1.0,1,0,0,0,G1,1.0,0.0,1.0,1,H,1.0,0.0,1,B,1.0,0.0,1,2,1.0,0.0,1,paragraph_continuation,1.0,0.0,1.0,LOW_POWER_TOKEN,LOW_SUPPORT_OR_POLYFUNCTIONAL,LOW,"f26v.5,+P0",H|B|2|paragraph_continuation:1/R00
ofydy,1,1,R00,1.0,0.0,1.0,1.0,1,0,0,0,G3C,1.0,0.0,1.0,1,A,1.0,0.0,1,nan,1.0,0.0,1,4,1.0,0.0,1,paragraph_start,1.0,0.0,1.0,LOW_POWER_TOKEN,LOW_SUPPORT_OR_POLYFUNCTIONAL,LOW,"f67r2.44,@Pb",A||4|paragraph_start:1/R00
ofyskydal,1,1,R09,1.0,0.0,1.0,1.0,1,0,0,0,G3C,1.0,0.0,1.0,1,P,1.0,0.0,1,A,1.0,0.0,1,1,1.0,0.0,1,label_or_marginal,1.0,0.0,1.0,LOW_POWER_TOKEN,LOW_SUPPORT_OR_POLYFUNCTIONAL,LOW,"f88r.23,@Lc",P|A|1|label_or_marginal:1/R09
og,1,1,R00,1.0,0.0,1.0,1.0,1,0,0,0,G3C,1.0,0.0,1.0,1,A,1.0,0.0,1,nan,1.0,0.0,1,4,1.0,0.0,1,paragraph_continuation,1.0,0.0,1.0,LOW_POWER_TOKEN,LOW_SUPPORT_OR_POLYFUNCTIONAL,LOW,"f67r2.40,+Pb",A||4|paragraph_continuation:1/R00
oiinar,1,1,R00,1.0,0.0,1.0,1.0,1,0,0,0,G3C,1.0,0.0,1.0,1,A,1.0,0.0,1,nan,1.0,0.0,1,4,1.0,0.0,1,label_or_marginal,1.0,0.0,1.0,LOW_POWER_TOKEN,LOW_SUPPORT_OR_POLYFUNCTIONAL,LOW,"f68r1.27,@Ls",A||4|label_or_marginal:1/R00
oiiny,1,1,R00,1.0,0.0,1.0,1.0,1,0,0,0,G3C,1.0,0.0,1.0,1,Z,1.0,0.0,1,nan,1.0,0.0,1,4,1.0,0.0,1,&L,1.0,0.0,1.0,LOW_POWER_TOKEN,LOW_SUPPORT_OR_POLYFUNCTIONAL,LOW,"f72v1.26,&Lz",Z||4|&L:1/R00
oiir,1,1,R00,1.0,0.0,1.0,1.0,1,0,0,0,G3C,1.0,0.0,1.0,1,H,1.0,0.0,1,A,1.0,0.0,1,1,1.0,0.0,1,paragraph_continuation,1.0,0.0,1.0,LOW_POWER_TOKEN,LOW_SUPPORT_OR_POLYFUNCTIONAL,LOW,"f96r.7,+P0",H|A|1|paragraph_continuation:1/R00
ok,1,1,R00,1.0,0.0,1.0,1.0,1,0,0,0,G3C,1.0,0.0,1.0,1,P,1.0,0.0,1,A,1.0,0.0,1,1,1.0,0.0,1,label_or_marginal,1.0,0.0,1.0,LOW_POWER_TOKEN,LOW_SUPPORT_OR_POLYFUNCTIONAL,LOW,"f102v2.9,@Lf",P|A|1|label_or_marginal:1/R00
okaiiin,1,1,R00,1.0,0.0,1.0,1.0,1,0,0,0,G3C,1.0,0.0,1.0,1,A,1.0,0.0,1,nan,1.0,0.0,1,4,1.0,0.0,1,paragraph_continuation,1.0,0.0,1.0,LOW_POWER_TOKEN,LOW_SUPPORT_OR_POLYFUNCTIONAL,LOW,"f68r1.4,+P0",A||4|paragraph_continuation:1/R00
okaiir,1,1,R00,1.0,0.0,1.0,1.0,1,0,0,0,G1,1.0,0.0,1.0,1,H,1.0,0.0,1,A,1.0,0.0,1,1,1.0,0.0,1,paragraph_continuation,1.0,0.0,1.0,LOW_POWER_TOKEN,LOW_SUPPORT_OR_POLYFUNCTIONAL,LOW,"f23r.4,+P0",H|A|1|paragraph_continuation:1/R00
okaircham,1,1,R00,1.0,0.0,1.0,1.0,1,0,0,0,G3C,1.0,0.0,1.0,1,Z,1.0,0.0,1,nan,1.0,0.0,1,4,1.0,0.0,1,&L,1.0,0.0,1.0,LOW_POWER_TOKEN,LOW_SUPPORT_OR_POLYFUNCTIONAL,LOW,"f72r2.15,&Lz",Z||4|&L:1/R00
okairy,1,1,R00,1.0,0.0,1.0,1.0,1,0,0,0,G3C,1.0,0.0,1.0,1,Z,1.0,0.0,1,nan,1.0,0.0,1,4,1.0,0.0,1,&L,1.0,0.0,1.0,LOW_POWER_TOKEN,LOW_SUPPORT_OR_POLYFUNCTIONAL,LOW,"f72r2.4,&Lz",Z||4|&L:1/R00
okala,1,1,R00,1.0,0.0,1.0,1.0,1,0,0,0,G3C,1.0,0.0,1.0,1,Z,1.0,0.0,1,nan,1.0,0.0,1,4,1.0,0.0,1,&L,1.0,0.0,1.0,LOW_POWER_TOKEN,LOW_SUPPORT_OR_POLYFUNCTIONAL,LOW,"f70v2.8,&Lz",Z||4|&L:1/R00
okalaiin,1,1,R00,1.0,0.0,1.0,1.0,1,0,0,0,G2,1.0,0.0,1.0,1,S,1.0,0.0,1,B,1.0,0.0,1,3,1.0,0.0,1,paragraph_continuation,1.0,0.0,1.0,LOW_POWER_TOKEN,LOW_SUPPORT_OR_POLYFUNCTIONAL,LOW,"f111v.51,+P0",S|B|3|paragraph_continuation:1/R00
okalair,1,1,R00,1.0,0.0,1.0,1.0,1,0,0,0,G3C,1.0,0.0,1.0,1,Z,1.0,0.0,1,nan,1.0,0.0,1,4,1.0,0.0,1,&L,1.0,0.0,1.0,LOW_POWER_TOKEN,LOW_SUPPORT_OR_POLYFUNCTIONAL,LOW,"f72v1.30,&Lz",Z||4|&L:1/R00
okalal,1,1,R00,1.0,0.0,1.0,1.0,1,0,0,0,G3C,1.0,0.0,1.0,1,Z,1.0,0.0,1,nan,1.0,0.0,1,4,1.0,0.0,1,&L,1.0,0.0,1.0,LOW_POWER_TOKEN,LOW_SUPPORT_OR_POLYFUNCTIONAL,LOW,"f70v1.5,&Lz",Z||4|&L:1/R00
okalam,1,1,R00,1.0,0.0,1.0,1.0,1,0,0,0,G3C,1.0,0.0,1.0,1,Z,1.0,0.0,1,nan,1.0,0.0,1,4,1.0,0.0,1,&L,1.0,0.0,1.0,LOW_POWER_TOKEN,LOW_SUPPORT_OR_POLYFUNCTIONAL,LOW,"f72r1.5,&Lz",Z||4|&L:1/R00
okalchedy,1,1,R00,1.0,0.0,1.0,1.0,1,0,0,0,G2,1.0,0.0,1.0,1,T,1.0,0.0,1,B,1.0,0.0,1,5,1.0,0.0,1,paragraph_continuation,1.0,0.0,1.0,LOW_POWER_TOKEN,LOW_SUPPORT_OR_POLYFUNCTIONAL,LOW,"f66r.79,+P0",T|B|5|paragraph_continuation:1/R00
okalchey,1,1,R00,1.0,0.0,1.0,1.0,1,0,0,0,G2,1.0,0.0,1.0,1,S,1.0,0.0,1,B,1.0,0.0,1,3,1.0,0.0,1,paragraph_continuation,1.0,0.0,1.0,LOW_POWER_TOKEN,LOW_SUPPORT_OR_POLYFUNCTIONAL,LOW,"f111v.22,+P0",S|B|3|paragraph_continuation:1/R00
okaldal,1,1,R09,1.0,0.0,1.0,1.0,1,0,0,0,G3C,1.0,0.0,1.0,1,Z,1.0,0.0,1,nan,1.0,0.0,1,4,1.0,0.0,1,&L,1.0,0.0,1.0,LOW_POWER_TOKEN,LOW_SUPPORT_OR_POLYFUNCTIONAL,LOW,"f70v2.30,&Lz",Z||4|&L:1/R09
okalo,1,1,R00,1.0,0.0,1.0,1.0,1,0,0,0,G3C,1.0,0.0,1.0,1,B,1.0,0.0,1,B,1.0,0.0,1,2,1.0,0.0,1,label_or_marginal,1.0,0.0,1.0,LOW_POWER_TOKEN,LOW_SUPPORT_OR_POLYFUNCTIONAL,LOW,"f77v.44,@Lt",B|B|2|label_or_marginal:1/R00
okalshdy,1,1,R00,1.0,0.0,1.0,1.0,1,0,0,0,G1,1.0,0.0,1.0,1,H,1.0,0.0,1,B,1.0,0.0,1,2,1.0,0.0,1,paragraph_continuation,1.0,0.0,1.0,LOW_POWER_TOKEN,LOW_SUPPORT_OR_POLYFUNCTIONAL,LOW,"f46v.3,+P0",H|B|2|paragraph_continuation:1/R00
okan,1,1,R00,1.0,0.0,1.0,1.0,1,0,0,0,G3C,1.0,0.0,1.0,1,B,1.0,0.0,1,B,1.0,0.0,1,2,1.0,0.0,1,+L,1.0,0.0,1.0,LOW_POWER_TOKEN,LOW_SUPPORT_OR_POLYFUNCTIONAL,LOW,"f80r.10,+Ln",B|B|2|+L:1/R00
okaraiin,1,1,R03,1.0,0.0,1.0,1.0,1,0,0,0,G3C,1.0,0.0,1.0,1,Z,1.0,0.0,1,nan,1.0,0.0,1,4,1.0,0.0,1,&L,1.0,0.0,1.0,LOW_POWER_TOKEN,LOW_SUPPORT_OR_POLYFUNCTIONAL,LOW,"f71v.8,&Lz",Z||4|&L:1/R03
okaral,1,1,R03,1.0,0.0,1.0,1.0,1,0,0,0,G3C,1.0,0.0,1.0,1,B,1.0,0.0,1,B,1.0,0.0,1,2,1.0,0.0,1,label_or_marginal,1.0,0.0,1.0,LOW_POWER_TOKEN,LOW_SUPPORT_OR_POLYFUNCTIONAL,LOW,"f78r.47,@Lt",B|B|2|label_or_marginal:1/R03
okarcham,1,1,R03,1.0,0.0,1.0,1.0,1,0,0,0,G3C,1.0,0.0,1.0,1,Z,1.0,0.0,1,nan,1.0,0.0,1,4,1.0,0.0,1,&L,1.0,0.0,1.0,LOW_POWER_TOKEN,LOW_SUPPORT_OR_POLYFUNCTIONAL,LOW,"f72r2.31,&Lz",Z||4|&L:1/R03
okarchy,1,1,R03,1.0,0.0,1.0,1.0,1,0,0,0,G3C,1.0,0.0,1.0,1,B,1.0,0.0,1,B,1.0,0.0,1,2,1.0,0.0,1,label_or_marginal,1.0,0.0,1.0,LOW_POWER_TOKEN,LOW_SUPPORT_OR_POLYFUNCTIONAL,LOW,"f83v.10,@Lt",B|B|2|label_or_marginal:1/R03
okardy,1,1,R03,1.0,0.0,1.0,1.0,1,0,0,0,G3C,1.0,0.0,1.0,1,A,1.0,0.0,1,nan,1.0,0.0,1,4,1.0,0.0,1,circular/diagram_text,1.0,0.0,1.0,LOW_POWER_TOKEN,LOW_SUPPORT_OR_POLYFUNCTIONAL,LOW,"f68r1.37,@Cc",A||4|circular/diagram_text:1/R03
okas,1,1,R00,1.0,0.0,1.0,1.0,1,0,0,0,G3C,1.0,0.0,1.0,1,C,1.0,0.0,1,B,1.0,0.0,1,4,1.0,0.0,1,label_or_marginal,1.0,0.0,1.0,LOW_POWER_TOKEN,LOW_SUPPORT_OR_POLYFUNCTIONAL,LOW,"fRos.38,@L0",C|B|4|label_or_marginal:1/R00
okchain,1,1,R00,1.0,0.0,1.0,1.0,1,0,0,0,G3C,1.0,0.0,1.0,1,H,1.0,0.0,1,A,1.0,0.0,1,1,1.0,0.0,1,paragraph_continuation,1.0,0.0,1.0,LOW_POWER_TOKEN,LOW_SUPPORT_OR_POLYFUNCTIONAL,LOW,"f22v.13,+P0",H|A|1|paragraph_continuation:1/R00
okchal,1,1,R00,1.0,0.0,1.0,1.0,1,0,0,0,G2,1.0,0.0,1.0,1,H,1.0,0.0,1,A,1.0,0.0,1,1,1.0,0.0,1,paragraph_continuation,1.0,0.0,1.0,LOW_POWER_TOKEN,LOW_SUPPORT_OR_POLYFUNCTIONAL,LOW,"f13r.9,+P0",H|A|1|paragraph_continuation:1/R00
okchan,1,1,R00,1.0,0.0,1.0,1.0,1,0,0,0,G3C,1.0,0.0,1.0,1,H,1.0,0.0,1,A,1.0,0.0,1,1,1.0,0.0,1,paragraph_continuation,1.0,0.0,1.0,LOW_POWER_TOKEN,LOW_SUPPORT_OR_POLYFUNCTIONAL,LOW,"f32v.6,+P0",H|A|1|paragraph_continuation:1/R00
okchd,1,1,R00,1.0,0.0,1.0,1.0,1,0,0,0,G3C,1.0,0.0,1.0,1,S,1.0,0.0,1,B,1.0,0.0,1,3,1.0,0.0,1,paragraph_continuation,1.0,0.0,1.0,LOW_POWER_TOKEN,LOW_SUPPORT_OR_POLYFUNCTIONAL,LOW,"f112r.25,+P0",S|B|3|paragraph_continuation:1/R00
okchdal,1,1,R09,1.0,0.0,1.0,1.0,1,0,0,0,G1,1.0,0.0,1.0,1,S,1.0,0.0,1,B,1.0,0.0,1,3,1.0,0.0,1,paragraph_continuation,1.0,0.0,1.0,LOW_POWER_TOKEN,LOW_SUPPORT_OR_POLYFUNCTIONAL,LOW,"f104r.33,+P0",S|B|3|paragraph_continuation:1/R09
okchdarar,1,1,R00,1.0,0.0,1.0,1.0,1,0,0,0,G3C,1.0,0.0,1.0,1,C,1.0,0.0,1,B,1.0,0.0,1,4,1.0,0.0,1,label_or_marginal,1.0,0.0,1.0,LOW_POWER_TOKEN,LOW_SUPPORT_OR_POLYFUNCTIONAL,LOW,"fRos.11,@L0",C|B|4|label_or_marginal:1/R00
okchdldlo,1,1,R00,1.0,0.0,1.0,1.0,1,0,0,0,G3C,1.0,0.0,1.0,1,B,1.0,0.0,1,B,1.0,0.0,1,2,1.0,0.0,1,label_or_marginal,1.0,0.0,1.0,LOW_POWER_TOKEN,LOW_SUPPORT_OR_POLYFUNCTIONAL,LOW,"f78r.1,@Lt",B|B|2|label_or_marginal:1/R00
okchechy,1,1,R00,1.0,0.0,1.0,1.0,1,0,0,0,G1,1.0,0.0,1.0,1,S,1.0,0.0,1,B,1.0,0.0,1,3,1.0,0.0,1,paragraph_continuation,1.0,0.0,1.0,LOW_POWER_TOKEN,LOW_SUPPORT_OR_POLYFUNCTIONAL,LOW,"f104r.33,+P0",S|B|3|paragraph_continuation:1/R00
okchedyoror,1,1,R00,1.0,0.0,1.0,1.0,1,0,0,0,G3C,1.0,0.0,1.0,1,S,1.0,0.0,1,B,1.0,0.0,1,3,1.0,0.0,1,paragraph_continuation,1.0,0.0,1.0,LOW_POWER_TOKEN,LOW_SUPPORT_OR_POLYFUNCTIONAL,LOW,"f112v.10,+P0",S|B|3|paragraph_continuation:1/R00
okcheey,1,1,R00,1.0,0.0,1.0,1.0,1,0,0,0,G2,1.0,0.0,1.0,1,S,1.0,0.0,1,B,1.0,0.0,1,3,1.0,0.0,1,paragraph_continuation,1.0,0.0,1.0,LOW_POWER_TOKEN,LOW_SUPPORT_OR_POLYFUNCTIONAL,LOW,"f107r.6,+P0",S|B|3|paragraph_continuation:1/R00
okcheor,1,1,R00,1.0,0.0,1.0,1.0,1,0,0,0,G3C,1.0,0.0,1.0,1,P,1.0,0.0,1,A,1.0,0.0,1,1,1.0,0.0,1,label_or_marginal,1.0,0.0,1.0,LOW_POWER_TOKEN,LOW_SUPPORT_OR_POLYFUNCTIONAL,LOW,"f100v.10,@Lf",P|A|1|label_or_marginal:1/R00
okcho,1,1,R00,1.0,0.0,1.0,1.0,1,0,0,0,G3C,1.0,0.0,1.0,1,S,1.0,0.0,1,B,1.0,0.0,1,@,1.0,0.0,1,paragraph_continuation,1.0,0.0,1.0,LOW_POWER_TOKEN,LOW_SUPPORT_OR_POLYFUNCTIONAL,LOW,"f115r.18,+P0",S|B|@|paragraph_continuation:1/R00
okchoiiin,1,1,R00,1.0,0.0,1.0,1.0,1,0,0,0,G3C,1.0,0.0,1.0,1,S,1.0,0.0,1,B,1.0,0.0,1,3,1.0,0.0,1,paragraph_continuation,1.0,0.0,1.0,LOW_POWER_TOKEN,LOW_SUPPORT_OR_POLYFUNCTIONAL,LOW,"f112r.27,+P0",S|B|3|paragraph_continuation:1/R00
okchokshy,1,1,R00,1.0,0.0,1.0,1.0,1,0,0,0,G3C,1.0,0.0,1.0,1,H,1.0,0.0,1,A,1.0,0.0,1,1,1.0,0.0,1,paragraph_continuation,1.0,0.0,1.0,LOW_POWER_TOKEN,LOW_SUPPORT_OR_POLYFUNCTIONAL,LOW,"f27v.8,+P0",H|A|1|paragraph_continuation:1/R00
okchorchky,1,1,R00,1.0,0.0,1.0,1.0,1,0,0,0,G1,1.0,0.0,1.0,1,H,1.0,0.0,1,A,1.0,0.0,1,1,1.0,0.0,1,paragraph_continuation,1.0,0.0,1.0,LOW_POWER_TOKEN,LOW_SUPPORT_OR_POLYFUNCTIONAL,LOW,"f14v.5,+P0",H|A|1|paragraph_continuation:1/R00
okchoroiin,1,1,R00,1.0,0.0,1.0,1.0,1,0,0,0,G2,1.0,0.0,1.0,1,H,1.0,0.0,1,A,1.0,0.0,1,1,1.0,0.0,1,paragraph_continuation,1.0,0.0,1.0,LOW_POWER_TOKEN,LOW_SUPPORT_OR_POLYFUNCTIONAL,LOW,"f13r.6,+P0",H|A|1|paragraph_continuation:1/R00
okchosam,1,1,R00,1.0,0.0,1.0,1.0,1,0,0,0,G3C,1.0,0.0,1.0,1,C,1.0,0.0,1,nan,1.0,0.0,1,4,1.0,0.0,1,label_or_marginal,1.0,0.0,1.0,LOW_POWER_TOKEN,LOW_SUPPORT_OR_POLYFUNCTIONAL,LOW,"f67v2.22,@La",C||4|label_or_marginal:1/R00
okchoy,1,1,R00,1.0,0.0,1.0,1.0,1,0,0,0,G3C,1.0,0.0,1.0,1,T,1.0,0.0,1,A,1.0,0.0,1,1,1.0,0.0,1,paragraph_continuation,1.0,0.0,1.0,LOW_POWER_TOKEN,LOW_SUPPORT_OR_POLYFUNCTIONAL,LOW,"f1r.8,+P0",T|A|1|paragraph_continuation:1/R00
okchshy,1,1,R00,1.0,0.0,1.0,1.0,1,0,0,0,G3C,1.0,0.0,1.0,1,P,1.0,0.0,1,A,1.0,0.0,1,1,1.0,0.0,1,label_or_marginal,1.0,0.0,1.0,LOW_POWER_TOKEN,LOW_SUPPORT_OR_POLYFUNCTIONAL,LOW,"f89r1.1,@Lc",P|A|1|label_or_marginal:1/R00
okchyd,1,1,R00,1.0,0.0,1.0,1.0,1,0,0,0,G3C,1.0,0.0,1.0,1,C,1.0,0.0,1,nan,1.0,0.0,1,4,1.0,0.0,1,radial/ring_text,1.0,0.0,1.0,LOW_POWER_TOKEN,LOW_SUPPORT_OR_POLYFUNCTIONAL,LOW,"f68v3.13,@Ri",C||4|radial/ring_text:1/R00
okdy,1,1,R00,1.0,0.0,1.0,1.0,1,0,0,0,G2,1.0,0.0,1.0,1,B,1.0,0.0,1,B,1.0,0.0,1,2,1.0,0.0,1,paragraph_continuation,1.0,0.0,1.0,LOW_POWER_TOKEN,LOW_SUPPORT_OR_POLYFUNCTIONAL,LOW,"f84v.7,+P0",B|B|2|paragraph_continuation:1/R00
okeady,1,1,R00,1.0,0.0,1.0,1.0,1,0,0,0,G2,1.0,0.0,1.0,1,P,1.0,0.0,1,A,1.0,0.0,1,1,1.0,0.0,1,paragraph_continuation,1.0,0.0,1.0,LOW_POWER_TOKEN,LOW_SUPPORT_OR_POLYFUNCTIONAL,LOW,"f102r2.12,+P0",P|A|1|paragraph_continuation:1/R00
okeaiin,1,1,R00,1.0,0.0,1.0,1.0,1,0,0,0,G1,1.0,0.0,1.0,1,S,1.0,0.0,1,B,1.0,0.0,1,3,1.0,0.0,1,paragraph_continuation,1.0,0.0,1.0,LOW_POWER_TOKEN,LOW_SUPPORT_OR_POLYFUNCTIONAL,LOW,"f108v.26,+P0",S|B|3|paragraph_continuation:1/R00
okealar,1,1,R00,1.0,0.0,1.0,1.0,1,0,0,0,G3C,1.0,0.0,1.0,1,Z,1.0,0.0,1,nan,1.0,0.0,1,4,1.0,0.0,1,&L,1.0,0.0,1.0,LOW_POWER_TOKEN,LOW_SUPPORT_OR_POLYFUNCTIONAL,LOW,"f72r2.5,&Lz",Z||4|&L:1/R00
okechdaral,1,1,R00,1.0,0.0,1.0,1.0,1,0,0,0,G3C,1.0,0.0,1.0,1,A,1.0,0.0,1,nan,1.0,0.0,1,4,1.0,0.0,1,radial/ring_text,1.0,0.0,1.0,LOW_POWER_TOKEN,LOW_SUPPORT_OR_POLYFUNCTIONAL,LOW,"f68v1.6,@Ro",A||4|radial/ring_text:1/R00
okechdy,1,1,R00,1.0,0.0,1.0,1.0,1,0,0,0,G1,1.0,0.0,1.0,1,S,1.0,0.0,1,B,1.0,0.0,1,3,1.0,0.0,1,paragraph_continuation,1.0,0.0,1.0,LOW_POWER_TOKEN,LOW_SUPPORT_OR_POLYFUNCTIONAL,LOW,"f103v.5,+P0",S|B|3|paragraph_continuation:1/R00
okechedy,1,1,R00,1.0,0.0,1.0,1.0,1,0,0,0,G2,1.0,0.0,1.0,1,S,1.0,0.0,1,B,1.0,0.0,1,3,1.0,0.0,1,paragraph_continuation,1.0,0.0,1.0,LOW_POWER_TOKEN,LOW_SUPPORT_OR_POLYFUNCTIONAL,LOW,"f111r.23,+P0",S|B|3|paragraph_continuation:1/R00
okechey,1,1,R00,1.0,0.0,1.0,1.0,1,0,0,0,G3C,1.0,0.0,1.0,1,A,1.0,0.0,1,nan,1.0,0.0,1,4,1.0,0.0,1,radial/ring_text,1.0,0.0,1.0,LOW_POWER_TOKEN,LOW_SUPPORT_OR_POLYFUNCTIONAL,LOW,"f67v1.14,@Ro",A||4|radial/ring_text:1/R00
okechy,1,1,R00,1.0,0.0,1.0,1.0,1,0,0,0,G3C,1.0,0.0,1.0,1,P,1.0,0.0,1,A,1.0,0.0,1,1,1.0,0.0,1,label_or_marginal,1.0,0.0,1.0,LOW_POWER_TOKEN,LOW_SUPPORT_OR_POLYFUNCTIONAL,LOW,"f99v.26,@Lf",P|A|1|label_or_marginal:1/R00
okedain,1,1,R00,1.0,0.0,1.0,1.0,1,0,0,0,G1,1.0,0.0,1.0,1,S,1.0,0.0,1,B,1.0,0.0,1,3,1.0,0.0,1,paragraph_continuation,1.0,0.0,1.0,LOW_POWER_TOKEN,LOW_SUPPORT_OR_POLYFUNCTIONAL,LOW,"f108v.13,+P0",S|B|3|paragraph_continuation:1/R00
okedal,1,1,R00,1.0,0.0,1.0,1.0,1,0,0,0,G1,1.0,0.0,1.0,1,S,1.0,0.0,1,B,1.0,0.0,1,3,1.0,0.0,1,paragraph_continuation,1.0,0.0,1.0,LOW_POWER_TOKEN,LOW_SUPPORT_OR_POLYFUNCTIONAL,LOW,"f112v.27,+P0",S|B|3|paragraph_continuation:1/R00
okedalor,1,1,R00,1.0,0.0,1.0,1.0,1,0,0,0,G2,1.0,0.0,1.0,1,T,1.0,0.0,1,B,1.0,0.0,1,2,1.0,0.0,1,paragraph_continuation,1.0,0.0,1.0,LOW_POWER_TOKEN,LOW_SUPPORT_OR_POLYFUNCTIONAL,LOW,"f76r.55,+P0",T|B|2|paragraph_continuation:1/R00
okedam,1,1,R00,1.0,0.0,1.0,1.0,1,0,0,0,G3C,1.0,0.0,1.0,1,H,1.0,0.0,1,B,1.0,0.0,1,2,1.0,0.0,1,paragraph_continuation,1.0,0.0,1.0,LOW_POWER_TOKEN,LOW_SUPPORT_OR_POLYFUNCTIONAL,LOW,"f31r.15,+P0",H|B|2|paragraph_continuation:1/R00
okedl,1,1,R00,1.0,0.0,1.0,1.0,1,0,0,0,G3C,1.0,0.0,1.0,1,Z,1.0,0.0,1,nan,1.0,0.0,1,4,1.0,0.0,1,&L,1.0,0.0,1.0,LOW_POWER_TOKEN,LOW_SUPPORT_OR_POLYFUNCTIONAL,LOW,"f73r.16,&Lz",Z||4|&L:1/R00
okee,1,1,R00,1.0,0.0,1.0,1.0,1,0,0,0,G3C,1.0,0.0,1.0,1,Z,1.0,0.0,1,nan,1.0,0.0,1,4,1.0,0.0,1,&L,1.0,0.0,1.0,LOW_POWER_TOKEN,LOW_SUPPORT_OR_POLYFUNCTIONAL,LOW,"f70v2.20,&Lz",Z||4|&L:1/R00
okeeaiin,1,1,R00,1.0,0.0,1.0,1.0,1,0,0,0,G2,1.0,0.0,1.0,1,H,1.0,0.0,1,A,1.0,0.0,1,1,1.0,0.0,1,paragraph_continuation,1.0,0.0,1.0,LOW_POWER_TOKEN,LOW_SUPPORT_OR_POLYFUNCTIONAL,LOW,"f25v.2,+P0",H|A|1|paragraph_continuation:1/R00
okeear,1,1,R00,1.0,0.0,1.0,1.0,1,0,0,0,G3C,1.0,0.0,1.0,1,B,1.0,0.0,1,B,1.0,0.0,1,2,1.0,0.0,1,=L,1.0,0.0,1.0,LOW_POWER_TOKEN,LOW_SUPPORT_OR_POLYFUNCTIONAL,LOW,"f82r.45,=Ln",B|B|2|=L:1/R00
okeed,1,1,R00,1.0,0.0,1.0,1.0,1,0,0,0,G2,1.0,0.0,1.0,1,T,1.0,0.0,1,B,1.0,0.0,1,2,1.0,0.0,1,paragraph_continuation,1.0,0.0,1.0,LOW_POWER_TOKEN,LOW_SUPPORT_OR_POLYFUNCTIONAL,LOW,"f76r.17,+P0",T|B|2|paragraph_continuation:1/R00
okeedain,1,1,R00,1.0,0.0,1.0,1.0,1,0,0,0,G1,1.0,0.0,1.0,1,S,1.0,0.0,1,B,1.0,0.0,1,@,1.0,0.0,1,paragraph_continuation,1.0,0.0,1.0,LOW_POWER_TOKEN,LOW_SUPPORT_OR_POLYFUNCTIONAL,LOW,"f115r.17,+P0",S|B|@|paragraph_continuation:1/R00
okeedal,1,1,R09,1.0,0.0,1.0,1.0,1,0,0,0,G2,1.0,0.0,1.0,1,T,1.0,0.0,1,B,1.0,0.0,1,2,1.0,0.0,1,paragraph_terminal_or_label,1.0,0.0,1.0,LOW_POWER_TOKEN,LOW_SUPPORT_OR_POLYFUNCTIONAL,LOW,"f76r.8,=P0",T|B|2|paragraph_terminal_or_label:1/R09
okeedykey,1,1,R00,1.0,0.0,1.0,1.0,1,0,0,0,G1,1.0,0.0,1.0,1,S,1.0,0.0,1,B,1.0,0.0,1,3,1.0,0.0,1,paragraph_continuation,1.0,0.0,1.0,LOW_POWER_TOKEN,LOW_SUPPORT_OR_POLYFUNCTIONAL,LOW,"f112r.24,+P0",S|B|3|paragraph_continuation:1/R00
okeedyqol,1,1,R00,1.0,0.0,1.0,1.0,1,0,0,0,G1,1.0,0.0,1.0,1,B,1.0,0.0,1,B,1.0,0.0,1,2,1.0,0.0,1,paragraph_continuation,1.0,0.0,1.0,LOW_POWER_TOKEN,LOW_SUPPORT_OR_POLYFUNCTIONAL,LOW,"f75r.29,+P0",B|B|2|paragraph_continuation:1/R00
okeeeody,1,1,R00,1.0,0.0,1.0,1.0,1,0,0,0,G3C,1.0,0.0,1.0,1,A,1.0,0.0,1,nan,1.0,0.0,1,4,1.0,0.0,1,label_or_marginal,1.0,0.0,1.0,LOW_POWER_TOKEN,LOW_SUPPORT_OR_POLYFUNCTIONAL,LOW,"f68r2.18,@Ls",A||4|label_or_marginal:1/R00
okeees,1,1,R00,1.0,0.0,1.0,1.0,1,0,0,0,G3C,1.0,0.0,1.0,1,S,1.0,0.0,1,B,1.0,0.0,1,3,1.0,0.0,1,paragraph_continuation,1.0,0.0,1.0,LOW_POWER_TOKEN,LOW_SUPPORT_OR_POLYFUNCTIONAL,LOW,"f106r.11,+P0",S|B|3|paragraph_continuation:1/R00
okeely,1,1,R00,1.0,0.0,1.0,1.0,1,0,0,0,G3C,1.0,0.0,1.0,1,C,1.0,0.0,1,nan,1.0,0.0,1,1,1.0,0.0,1,radial/ring_text,1.0,0.0,1.0,LOW_POWER_TOKEN,LOW_SUPPORT_OR_POLYFUNCTIONAL,LOW,"f57v.12,@Ro",C||1|radial/ring_text:1/R00
okeeocthy,1,1,R00,1.0,0.0,1.0,1.0,1,0,0,0,G3C,1.0,0.0,1.0,1,C,1.0,0.0,1,nan,1.0,0.0,1,4,1.0,0.0,1,radial/ring_text,1.0,0.0,1.0,LOW_POWER_TOKEN,LOW_SUPPORT_OR_POLYFUNCTIONAL,LOW,"f69r.30,@Ro",C||4|radial/ring_text:1/R00
okeeodaiin,1,1,R00,1.0,0.0,1.0,1.0,1,0,0,0,G3C,1.0,0.0,1.0,1,A,1.0,0.0,1,nan,1.0,0.0,1,4,1.0,0.0,1,radial/ring_text,1.0,0.0,1.0,LOW_POWER_TOKEN,LOW_SUPPORT_OR_POLYFUNCTIONAL,LOW,"f67v1.27,@Ro",A||4|radial/ring_text:1/R00
okeeodal,1,1,R00,1.0,0.0,1.0,1.0,1,0,0,0,G3C,1.0,0.0,1.0,1,A,1.0,0.0,1,nan,1.0,0.0,1,4,1.0,0.0,1,label_or_marginal,1.0,0.0,1.0,LOW_POWER_TOKEN,LOW_SUPPORT_OR_POLYFUNCTIONAL,LOW,"f68r1.32,@Ls",A||4|label_or_marginal:1/R00
okeeody,1,1,R00,1.0,0.0,1.0,1.0,1,0,0,0,G3C,1.0,0.0,1.0,1,Z,1.0,0.0,1,nan,1.0,0.0,1,4,1.0,0.0,1,&L,1.0,0.0,1.0,LOW_POWER_TOKEN,LOW_SUPPORT_OR_POLYFUNCTIONAL,LOW,"f73r.24,&Lz",Z||4|&L:1/R00
okeeokaiin,1,1,R10,1.0,0.0,1.0,1.0,1,0,0,0,G1,1.0,0.0,1.0,1,S,1.0,0.0,1,B,1.0,0.0,1,3,1.0,0.0,1,paragraph_continuation,1.0,0.0,1.0,LOW_POWER_TOKEN,LOW_SUPPORT_OR_POLYFUNCTIONAL,LOW,"f115v.14,+P0",S|B|3|paragraph_continuation:1/R10
okeeolkeey,1,1,R00,1.0,0.0,1.0,1.0,1,0,0,0,G1,1.0,0.0,1.0,1,S,1.0,0.0,1,B,1.0,0.0,1,3,1.0,0.0,1,paragraph_continuation,1.0,0.0,1.0,LOW_POWER_TOKEN,LOW_SUPPORT_OR_POLYFUNCTIONAL,LOW,"f111r.45,+P0",S|B|3|paragraph_continuation:1/R00
okeeoly,1,1,R00,1.0,0.0,1.0,1.0,1,0,0,0,G3C,1.0,0.0,1.0,1,Z,1.0,0.0,1,nan,1.0,0.0,1,4,1.0,0.0,1,&L,1.0,0.0,1.0,LOW_POWER_TOKEN,LOW_SUPPORT_OR_POLYFUNCTIONAL,LOW,"f72v1.9,&Lz",Z||4|&L:1/R00
okeeom,1,1,R00,1.0,0.0,1.0,1.0,1,0,0,0,G3C,1.0,0.0,1.0,1,Z,1.0,0.0,1,nan,1.0,0.0,1,4,1.0,0.0,1,&L,1.0,0.0,1.0,LOW_POWER_TOKEN,LOW_SUPPORT_OR_POLYFUNCTIONAL,LOW,"f72v2.25,&Lz",Z||4|&L:1/R00
okeeoraiin,1,1,R00,1.0,0.0,1.0,1.0,1,0,0,0,G3C,1.0,0.0,1.0,1,P,1.0,0.0,1,A,1.0,0.0,1,1,1.0,0.0,1,label_or_marginal,1.0,0.0,1.0,LOW_POWER_TOKEN,LOW_SUPPORT_OR_POLYFUNCTIONAL,LOW,"f102v2.27,@Lf",P|A|1|label_or_marginal:1/R00
okeeoy,1,1,R00,1.0,0.0,1.0,1.0,1,0,0,0,G2,1.0,0.0,1.0,1,P,1.0,0.0,1,A,1.0,0.0,1,1,1.0,0.0,1,paragraph_continuation,1.0,0.0,1.0,LOW_POWER_TOKEN,LOW_SUPPORT_OR_POLYFUNCTIONAL,LOW,"f102r1.4,+P0",P|A|1|paragraph_continuation:1/R00
okeesodar,1,1,R00,1.0,0.0,1.0,1.0,1,0,0,0,G2,1.0,0.0,1.0,1,S,1.0,0.0,1,B,1.0,0.0,1,3,1.0,0.0,1,paragraph_start,1.0,0.0,1.0,LOW_POWER_TOKEN,LOW_SUPPORT_OR_POLYFUNCTIONAL,LOW,"f107r.1,@P0",S|B|3|paragraph_start:1/R00
okel,1,1,R00,1.0,0.0,1.0,1.0,1,0,0,0,G3C,1.0,0.0,1.0,1,C,1.0,0.0,1,nan,1.0,0.0,1,4,1.0,0.0,1,radial/ring_text,1.0,0.0,1.0,LOW_POWER_TOKEN,LOW_SUPPORT_OR_POLYFUNCTIONAL,LOW,"f69v.13,@Ri",C||4|radial/ring_text:1/R00
okeoaly,1,1,R00,1.0,0.0,1.0,1.0,1,0,0,0,G3C,1.0,0.0,1.0,1,Z,1.0,0.0,1,nan,1.0,0.0,1,4,1.0,0.0,1,&L,1.0,0.0,1.0,LOW_POWER_TOKEN,LOW_SUPPORT_OR_POLYFUNCTIONAL,LOW,"f71r.6,&Lz",Z||4|&L:1/R00
okeodor,1,1,R00,1.0,0.0,1.0,1.0,1,0,0,0,G3C,1.0,0.0,1.0,1,P,1.0,0.0,1,A,1.0,0.0,1,1,1.0,0.0,1,label_or_marginal,1.0,0.0,1.0,LOW_POWER_TOKEN,LOW_SUPPORT_OR_POLYFUNCTIONAL,LOW,"f99v.29,@Lf",P|A|1|label_or_marginal:1/R00
okeodsho,1,1,R00,1.0,0.0,1.0,1.0,1,0,0,0,G3C,1.0,0.0,1.0,1,H,1.0,0.0,1,A,1.0,0.0,1,1,1.0,0.0,1,paragraph_terminal_or_label,1.0,0.0,1.0,LOW_POWER_TOKEN,LOW_SUPPORT_OR_POLYFUNCTIONAL,LOW,"f49v.8,=P0",H|A|1|paragraph_terminal_or_label:1/R00
okeoeeey,1,1,R00,1.0,0.0,1.0,1.0,1,0,0,0,G3C,1.0,0.0,1.0,1,C,1.0,0.0,1,nan,1.0,0.0,1,4,1.0,0.0,1,circular/diagram_text,1.0,0.0,1.0,LOW_POWER_TOKEN,LOW_SUPPORT_OR_POLYFUNCTIONAL,LOW,"f68v3.14,@Cc",C||4|circular/diagram_text:1/R00
okeokain,1,1,R00,1.0,0.0,1.0,1.0,1,0,0,0,G2,1.0,0.0,1.0,1,S,1.0,0.0,1,B,1.0,0.0,1,3,1.0,0.0,1,paragraph_continuation,1.0,0.0,1.0,LOW_POWER_TOKEN,LOW_SUPPORT_OR_POLYFUNCTIONAL,LOW,"f111v.30,+P0",S|B|3|paragraph_continuation:1/R00
okeolor,1,1,R00,1.0,0.0,1.0,1.0,1,0,0,0,G2,1.0,0.0,1.0,1,T,1.0,0.0,1,B,1.0,0.0,1,2,1.0,0.0,1,paragraph_continuation,1.0,0.0,1.0,LOW_POWER_TOKEN,LOW_SUPPORT_OR_POLYFUNCTIONAL,LOW,"f76r.35,+P0",T|B|2|paragraph_continuation:1/R00
okeolyd,1,1,R00,1.0,0.0,1.0,1.0,1,0,0,0,G3C,1.0,0.0,1.0,1,Z,1.0,0.0,1,nan,1.0,0.0,1,4,1.0,0.0,1,&L,1.0,0.0,1.0,LOW_POWER_TOKEN,LOW_SUPPORT_OR_POLYFUNCTIONAL,LOW,"f72v3.19,&Lz",Z||4|&L:1/R00
okeoram,1,1,R00,1.0,0.0,1.0,1.0,1,0,0,0,G3C,1.0,0.0,1.0,1,Z,1.0,0.0,1,nan,1.0,0.0,1,4,1.0,0.0,1,&L,1.0,0.0,1.0,LOW_POWER_TOKEN,LOW_SUPPORT_OR_POLYFUNCTIONAL,LOW,"f72v2.4,&Lz",Z||4|&L:1/R00
okeorar,1,1,R00,1.0,0.0,1.0,1.0,1,0,0,0,G3C,1.0,0.0,1.0,1,Z,1.0,0.0,1,nan,1.0,0.0,1,4,1.0,0.0,1,&L,1.0,0.0,1.0,LOW_POWER_TOKEN,LOW_SUPPORT_OR_POLYFUNCTIONAL,LOW,"f72v2.32,&Lz",Z||4|&L:1/R00
okeshos,1,1,R00,1.0,0.0,1.0,1.0,1,0,0,0,G1,1.0,0.0,1.0,1,S,1.0,0.0,1,B,1.0,0.0,1,3,1.0,0.0,1,paragraph_continuation,1.0,0.0,1.0,LOW_POWER_TOKEN,LOW_SUPPORT_OR_POLYFUNCTIONAL,LOW,"f113v.14,+P0",S|B|3|paragraph_continuation:1/R00
okeshy,1,1,R00,1.0,0.0,1.0,1.0,1,0,0,0,G2,1.0,0.0,1.0,1,B,1.0,0.0,1,B,1.0,0.0,1,2,1.0,0.0,1,paragraph_continuation,1.0,0.0,1.0,LOW_POWER_TOKEN,LOW_SUPPORT_OR_POLYFUNCTIONAL,LOW,"f84v.33,+P0",B|B|2|paragraph_continuation:1/R00
okeytam,1,1,R00,1.0,0.0,1.0,1.0,1,0,0,0,G3C,1.0,0.0,1.0,1,C,1.0,0.0,1,nan,1.0,0.0,1,4,1.0,0.0,1,radial/ring_text,1.0,0.0,1.0,LOW_POWER_TOKEN,LOW_SUPPORT_OR_POLYFUNCTIONAL,LOW,"f69r.34,@Ro",C||4|radial/ring_text:1/R00
okio,1,1,R00,1.0,0.0,1.0,1.0,1,0,0,0,G3C,1.0,0.0,1.0,1,B,1.0,0.0,1,B,1.0,0.0,1,2,1.0,0.0,1,paragraph_continuation,1.0,0.0,1.0,LOW_POWER_TOKEN,LOW_SUPPORT_OR_POLYFUNCTIONAL,LOW,"f79r.42,+P0",B|B|2|paragraph_continuation:1/R00
oklairdy,1,1,R00,1.0,0.0,1.0,1.0,1,0,0,0,G3C,1.0,0.0,1.0,1,Z,1.0,0.0,1,nan,1.0,0.0,1,4,1.0,0.0,1,&L,1.0,0.0,1.0,LOW_POWER_TOKEN,LOW_SUPPORT_OR_POLYFUNCTIONAL,LOW,"f72r2.2,&Lz",Z||4|&L:1/R00
okldam,1,1,R00,1.0,0.0,1.0,1.0,1,0,0,0,G3C,1.0,0.0,1.0,1,Z,1.0,0.0,1,nan,1.0,0.0,1,4,1.0,0.0,1,&L,1.0,0.0,1.0,LOW_POWER_TOKEN,LOW_SUPPORT_OR_POLYFUNCTIONAL,LOW,"f71r.3,&Lz",Z||4|&L:1/R00
okoaly,1,1,R00,1.0,0.0,1.0,1.0,1,0,0,0,G3C,1.0,0.0,1.0,1,A,1.0,0.0,1,nan,1.0,0.0,1,4,1.0,0.0,1,label_or_marginal,1.0,0.0,1.0,LOW_POWER_TOKEN,LOW_SUPPORT_OR_POLYFUNCTIONAL,LOW,"f68r1.11,@Ls",A||4|label_or_marginal:1/R00
okockhy,1,1,R00,1.0,0.0,1.0,1.0,1,0,0,0,G3C,1.0,0.0,1.0,1,P,1.0,0.0,1,A,1.0,0.0,1,1,1.0,0.0,1,label_or_marginal,1.0,0.0,1.0,LOW_POWER_TOKEN,LOW_SUPPORT_OR_POLYFUNCTIONAL,LOW,"f102v2.28,@Lf",P|A|1|label_or_marginal:1/R00
okod,1,1,R00,1.0,0.0,1.0,1.0,1,0,0,0,G1,1.0,0.0,1.0,1,H,1.0,0.0,1,A,1.0,0.0,1,1,1.0,0.0,1,paragraph_continuation,1.0,0.0,1.0,LOW_POWER_TOKEN,LOW_SUPPORT_OR_POLYFUNCTIONAL,LOW,"f53r.7,+P0",H|A|1|paragraph_continuation:1/R00
okodaly,1,1,R00,1.0,0.0,1.0,1.0,1,0,0,0,G3C,1.0,0.0,1.0,1,A,1.0,0.0,1,nan,1.0,0.0,1,4,1.0,0.0,1,label_or_marginal,1.0,0.0,1.0,LOW_POWER_TOKEN,LOW_SUPPORT_OR_POLYFUNCTIONAL,LOW,"f68r1.8,@Ls",A||4|label_or_marginal:1/R00
okodar,1,1,R00,1.0,0.0,1.0,1.0,1,0,0,0,G3C,1.0,0.0,1.0,1,H,1.0,0.0,1,A,1.0,0.0,1,1,1.0,0.0,1,paragraph_continuation,1.0,0.0,1.0,LOW_POWER_TOKEN,LOW_SUPPORT_OR_POLYFUNCTIONAL,LOW,"f1v.2,+P0",H|A|1|paragraph_continuation:1/R00
okodchy,1,1,R00,1.0,0.0,1.0,1.0,1,0,0,0,G3C,1.0,0.0,1.0,1,C,1.0,0.0,1,nan,1.0,0.0,1,4,1.0,0.0,1,radial/ring_text,1.0,0.0,1.0,LOW_POWER_TOKEN,LOW_SUPPORT_OR_POLYFUNCTIONAL,LOW,"f69v.28,@Ri",C||4|radial/ring_text:1/R00
okokchodg,1,1,R00,1.0,0.0,1.0,1.0,1,0,0,0,G3C,1.0,0.0,1.0,1,H,1.0,0.0,1,A,1.0,0.0,1,1,1.0,0.0,1,paragraph_terminal_or_label,1.0,0.0,1.0,LOW_POWER_TOKEN,LOW_SUPPORT_OR_POLYFUNCTIONAL,LOW,"f8r.13,=Pt",H|A|1|paragraph_terminal_or_label:1/R00
okolaly,1,1,R00,1.0,0.0,1.0,1.0,1,0,0,0,G3C,1.0,0.0,1.0,1,P,1.0,0.0,1,A,1.0,0.0,1,1,1.0,0.0,1,label_or_marginal,1.0,0.0,1.0,LOW_POWER_TOKEN,LOW_SUPPORT_OR_POLYFUNCTIONAL,LOW,"f102r1.7,@Lc",P|A|1|label_or_marginal:1/R00
okolchy,1,1,R00,1.0,0.0,1.0,1.0,1,0,0,0,G3C,1.0,0.0,1.0,1,A,1.0,0.0,1,nan,1.0,0.0,1,4,1.0,0.0,1,+L,1.0,0.0,1.0,LOW_POWER_TOKEN,LOW_SUPPORT_OR_POLYFUNCTIONAL,LOW,"f68r3.17,+Ls",A||4|+L:1/R00
okoldody,1,1,R00,1.0,0.0,1.0,1.0,1,0,0,0,G3C,1.0,0.0,1.0,1,P,1.0,0.0,1,A,1.0,0.0,1,1,1.0,0.0,1,label_or_marginal,1.0,0.0,1.0,LOW_POWER_TOKEN,LOW_SUPPORT_OR_POLYFUNCTIONAL,LOW,"f99v.14,@Lc",P|A|1|label_or_marginal:1/R00
okolky,1,1,R00,1.0,0.0,1.0,1.0,1,0,0,0,G3C,1.0,0.0,1.0,1,P,1.0,0.0,1,A,1.0,0.0,1,1,1.0,0.0,1,label_or_marginal,1.0,0.0,1.0,LOW_POWER_TOKEN,LOW_SUPPORT_OR_POLYFUNCTIONAL,LOW,"f102v2.24,@Lc",P|A|1|label_or_marginal:1/R00
okolor,1,1,R00,1.0,0.0,1.0,1.0,1,0,0,0,G3C,1.0,0.0,1.0,1,H,1.0,0.0,1,A,1.0,0.0,1,1,1.0,0.0,1,paragraph_continuation,1.0,0.0,1.0,LOW_POWER_TOKEN,LOW_SUPPORT_OR_POLYFUNCTIONAL,LOW,"f3r.20,+P0",H|A|1|paragraph_continuation:1/R00
okols,1,1,R00,1.0,0.0,1.0,1.0,1,0,0,0,G3C,1.0,0.0,1.0,1,P,1.0,0.0,1,A,1.0,0.0,1,1,1.0,0.0,1,label_or_marginal,1.0,0.0,1.0,LOW_POWER_TOKEN,LOW_SUPPORT_OR_POLYFUNCTIONAL,LOW,"f100r.21,@Lf",P|A|1|label_or_marginal:1/R00
okoly,1,1,R00,1.0,0.0,1.0,1.0,1,0,0,0,G3C,1.0,0.0,1.0,1,Z,1.0,0.0,1,nan,1.0,0.0,1,4,1.0,0.0,1,label_or_marginal,1.0,0.0,1.0,LOW_POWER_TOKEN,LOW_SUPPORT_OR_POLYFUNCTIONAL,LOW,"f70v1.13,@Lz",Z||4|label_or_marginal:1/R00
okom,1,1,R00,1.0,0.0,1.0,1.0,1,0,0,0,G3C,1.0,0.0,1.0,1,H,1.0,0.0,1,A,1.0,0.0,1,1,1.0,0.0,1,paragraph_continuation,1.0,0.0,1.0,LOW_POWER_TOKEN,LOW_SUPPORT_OR_POLYFUNCTIONAL,LOW,"f6r.6,+P0",H|A|1|paragraph_continuation:1/R00
okool,1,1,R00,1.0,0.0,1.0,1.0,1,0,0,0,G1,1.0,0.0,1.0,1,S,1.0,0.0,1,B,1.0,0.0,1,3,1.0,0.0,1,paragraph_continuation,1.0,0.0,1.0,LOW_POWER_TOKEN,LOW_SUPPORT_OR_POLYFUNCTIONAL,LOW,"f103r.36,+P0",S|B|3|paragraph_continuation:1/R00
okoraldy,1,1,R00,1.0,0.0,1.0,1.0,1,0,0,0,G3C,1.0,0.0,1.0,1,P,1.0,0.0,1,A,1.0,0.0,1,1,1.0,0.0,1,label_or_marginal,1.0,0.0,1.0,LOW_POWER_TOKEN,LOW_SUPPORT_OR_POLYFUNCTIONAL,LOW,"f89v1.1,@Lc",P|A|1|label_or_marginal:1/R00
okoroeey,1,1,R00,1.0,0.0,1.0,1.0,1,0,0,0,G3C,1.0,0.0,1.0,1,P,1.0,0.0,1,A,1.0,0.0,1,1,1.0,0.0,1,label_or_marginal,1.0,0.0,1.0,LOW_POWER_TOKEN,LOW_SUPPORT_OR_POLYFUNCTIONAL,LOW,"f102v2.12,@Lf",P|A|1|label_or_marginal:1/R00
okorory,1,1,R00,1.0,0.0,1.0,1.0,1,0,0,0,G2,1.0,0.0,1.0,1,H,1.0,0.0,1,A,1.0,0.0,1,1,1.0,0.0,1,paragraph_continuation,1.0,0.0,1.0,LOW_POWER_TOKEN,LOW_SUPPORT_OR_POLYFUNCTIONAL,LOW,"f13r.10,+P0",H|A|1|paragraph_continuation:1/R00
okory,1,1,R00,1.0,0.0,1.0,1.0,1,0,0,0,G3C,1.0,0.0,1.0,1,C,1.0,0.0,1,B,1.0,0.0,1,4,1.0,0.0,1,label_or_marginal,1.0,0.0,1.0,LOW_POWER_TOKEN,LOW_SUPPORT_OR_POLYFUNCTIONAL,LOW,"fRos.30,@L0",C|B|4|label_or_marginal:1/R00
okosy,1,1,R00,1.0,0.0,1.0,1.0,1,0,0,0,G3C,1.0,0.0,1.0,1,C,1.0,0.0,1,nan,1.0,0.0,1,4,1.0,0.0,1,circular/diagram_text,1.0,0.0,1.0,LOW_POWER_TOKEN,LOW_SUPPORT_OR_POLYFUNCTIONAL,LOW,"f68v3.14,@Cc",C||4|circular/diagram_text:1/R00
okr,1,1,R00,1.0,0.0,1.0,1.0,1,0,0,0,G1,1.0,0.0,1.0,1,S,1.0,0.0,1,B,1.0,0.0,1,3,1.0,0.0,1,paragraph_continuation,1.0,0.0,1.0,LOW_POWER_TOKEN,LOW_SUPPORT_OR_POLYFUNCTIONAL,LOW,"f107r.32,+P0",S|B|3|paragraph_continuation:1/R00
okshdchos,1,1,R00,1.0,0.0,1.0,1.0,1,0,0,0,G3C,1.0,0.0,1.0,1,P,1.0,0.0,1,A,1.0,0.0,1,1,1.0,0.0,1,label_or_marginal,1.0,0.0,1.0,LOW_POWER_TOKEN,LOW_SUPPORT_OR_POLYFUNCTIONAL,LOW,"f89r2.21,@Lf",P|A|1|label_or_marginal:1/R00
okshed,1,1,R00,1.0,0.0,1.0,1.0,1,0,0,0,G1,1.0,0.0,1.0,1,S,1.0,0.0,1,B,1.0,0.0,1,3,1.0,0.0,1,paragraph_start,1.0,0.0,1.0,LOW_POWER_TOKEN,LOW_SUPPORT_OR_POLYFUNCTIONAL,LOW,"f106r.1,@P0",S|B|3|paragraph_start:1/R00
okshedy,1,1,R00,1.0,0.0,1.0,1.0,1,0,0,0,G2,1.0,0.0,1.0,1,B,1.0,0.0,1,B,1.0,0.0,1,2,1.0,0.0,1,paragraph_continuation,1.0,0.0,1.0,LOW_POWER_TOKEN,LOW_SUPPORT_OR_POLYFUNCTIONAL,LOW,"f75r.16,+P0",B|B|2|paragraph_continuation:1/R00
oksheeody,1,1,R00,1.0,0.0,1.0,1.0,1,0,0,0,G3C,1.0,0.0,1.0,1,A,1.0,0.0,1,nan,1.0,0.0,1,4,1.0,0.0,1,radial/ring_text,1.0,0.0,1.0,LOW_POWER_TOKEN,LOW_SUPPORT_OR_POLYFUNCTIONAL,LOW,"f67v1.28,@Ro",A||4|radial/ring_text:1/R00
okshes,1,1,R00,1.0,0.0,1.0,1.0,1,0,0,0,G3C,1.0,0.0,1.0,1,H,1.0,0.0,1,A,1.0,0.0,1,1,1.0,0.0,1,paragraph_continuation,1.0,0.0,1.0,LOW_POWER_TOKEN,LOW_SUPPORT_OR_POLYFUNCTIONAL,LOW,"f27v.8,+P0",H|A|1|paragraph_continuation:1/R00
oksho,1,1,R00,1.0,0.0,1.0,1.0,1,0,0,0,G2,1.0,0.0,1.0,1,H,1.0,0.0,1,A,1.0,0.0,1,1,1.0,0.0,1,paragraph_continuation,1.0,0.0,1.0,LOW_POWER_TOKEN,LOW_SUPPORT_OR_POLYFUNCTIONAL,LOW,"f93v.9,+P0",H|A|1|paragraph_continuation:1/R00
okshody,1,1,R00,1.0,0.0,1.0,1.0,1,0,0,0,G3C,1.0,0.0,1.0,1,H,1.0,0.0,1,A,1.0,0.0,1,1,1.0,0.0,1,paragraph_continuation,1.0,0.0,1.0,LOW_POWER_TOKEN,LOW_SUPPORT_OR_POLYFUNCTIONAL,LOW,"f14v.8,+P0",H|A|1|paragraph_continuation:1/R00
okyd,1,1,R00,1.0,0.0,1.0,1.0,1,0,0,0,G3C,1.0,0.0,1.0,1,Z,1.0,0.0,1,nan,1.0,0.0,1,4,1.0,0.0,1,&L,1.0,0.0,1.0,LOW_POWER_TOKEN,LOW_SUPPORT_OR_POLYFUNCTIONAL,LOW,"f72r2.20,&Lz",Z||4|&L:1/R00
okyddor,1,1,R00,1.0,0.0,1.0,1.0,1,0,0,0,G3C,1.0,0.0,1.0,1,H,1.0,0.0,1,A,1.0,0.0,1,1,1.0,0.0,1,paragraph_continuation,1.0,0.0,1.0,LOW_POWER_TOKEN,LOW_SUPPORT_OR_POLYFUNCTIONAL,LOW,"f19v.9,+P0",H|A|1|paragraph_continuation:1/R00
okyeeshy,1,1,R00,1.0,0.0,1.0,1.0,1,0,0,0,G3C,1.0,0.0,1.0,1,Z,1.0,0.0,1,nan,1.0,0.0,1,4,1.0,0.0,1,&L,1.0,0.0,1.0,LOW_POWER_TOKEN,LOW_SUPPORT_OR_POLYFUNCTIONAL,LOW,"f72v3.7,&Lz",Z||4|&L:1/R00
okykaiin,1,1,R00,1.0,0.0,1.0,1.0,1,0,0,0,G3C,1.0,0.0,1.0,1,H,1.0,0.0,1,A,1.0,0.0,1,1,1.0,0.0,1,paragraph_continuation,1.0,0.0,1.0,LOW_POWER_TOKEN,LOW_SUPPORT_OR_POLYFUNCTIONAL,LOW,"f9v.11,+P0",H|A|1|paragraph_continuation:1/R00
okytaiin,1,1,R00,1.0,0.0,1.0,1.0,1,0,0,0,G3C,1.0,0.0,1.0,1,H,1.0,0.0,1,A,1.0,0.0,1,1,1.0,0.0,1,paragraph_continuation,1.0,0.0,1.0,LOW_POWER_TOKEN,LOW_SUPPORT_OR_POLYFUNCTIONAL,LOW,"f16v.11,+P0",H|A|1|paragraph_continuation:1/R00
olaiiin,1,1,R00,1.0,0.0,1.0,1.0,1,0,0,0,G2,1.0,0.0,1.0,1,S,1.0,0.0,1,B,1.0,0.0,1,3,1.0,0.0,1,paragraph_continuation,1.0,0.0,1.0,LOW_POWER_TOKEN,LOW_SUPPORT_OR_POLYFUNCTIONAL,LOW,"f111r.10,+P0",S|B|3|paragraph_continuation:1/R00
olaiiny,1,1,R00,1.0,0.0,1.0,1.0,1,0,0,0,G1,1.0,0.0,1.0,1,B,1.0,0.0,1,B,1.0,0.0,1,2,1.0,0.0,1,paragraph_continuation,1.0,0.0,1.0,LOW_POWER_TOKEN,LOW_SUPPORT_OR_POLYFUNCTIONAL,LOW,"f77r.21,+P0",B|B|2|paragraph_continuation:1/R00
olainy,1,1,R00,1.0,0.0,1.0,1.0,1,0,0,0,G2,1.0,0.0,1.0,1,S,1.0,0.0,1,B,1.0,0.0,1,3,1.0,0.0,1,paragraph_continuation,1.0,0.0,1.0,LOW_POWER_TOKEN,LOW_SUPPORT_OR_POLYFUNCTIONAL,LOW,"f103v.31,+P0",S|B|3|paragraph_continuation:1/R00
olal,1,1,R00,1.0,0.0,1.0,1.0,1,0,0,0,G3C,1.0,0.0,1.0,1,C,1.0,0.0,1,B,1.0,0.0,1,4,1.0,0.0,1,+L,1.0,0.0,1.0,LOW_POWER_TOKEN,LOW_SUPPORT_OR_POLYFUNCTIONAL,LOW,"fRos.8,+L0",C|B|4|+L:1/R00
olalade,1,1,R00,1.0,0.0,1.0,1.0,1,0,0,0,G3C,1.0,0.0,1.0,1,C,1.0,0.0,1,nan,1.0,0.0,1,4,1.0,0.0,1,paragraph_continuation,1.0,0.0,1.0,LOW_POWER_TOKEN,LOW_SUPPORT_OR_POLYFUNCTIONAL,LOW,"f67v2.6,+Pb",C||4|paragraph_continuation:1/R00
olalsy,1,1,R00,1.0,0.0,1.0,1.0,1,0,0,0,G3C,1.0,0.0,1.0,1,Z,1.0,0.0,1,nan,1.0,0.0,1,4,1.0,0.0,1,&L,1.0,0.0,1.0,LOW_POWER_TOKEN,LOW_SUPPORT_OR_POLYFUNCTIONAL,LOW,"f72r3.3,&Lz",Z||4|&L:1/R00
olaly,1,1,R00,1.0,0.0,1.0,1.0,1,0,0,0,G2,1.0,0.0,1.0,1,S,1.0,0.0,1,A,1.0,0.0,1,3,1.0,0.0,1,paragraph_continuation,1.0,0.0,1.0,LOW_POWER_TOKEN,LOW_SUPPORT_OR_POLYFUNCTIONAL,LOW,"f58v.9,+P0",S|A|3|paragraph_continuation:1/R00
olaran,1,1,R00,1.0,0.0,1.0,1.0,1,0,0,0,G3C,1.0,0.0,1.0,1,P,1.0,0.0,1,A,1.0,0.0,1,1,1.0,0.0,1,label_or_marginal,1.0,0.0,1.0,LOW_POWER_TOKEN,LOW_SUPPORT_OR_POLYFUNCTIONAL,LOW,"f101v.18,@Lf",P|A|1|label_or_marginal:1/R00
olchain,1,1,R00,1.0,0.0,1.0,1.0,1,0,0,0,G3C,1.0,0.0,1.0,1,S,1.0,0.0,1,B,1.0,0.0,1,3,1.0,0.0,1,paragraph_continuation,1.0,0.0,1.0,LOW_POWER_TOKEN,LOW_SUPPORT_OR_POLYFUNCTIONAL,LOW,"f112r.36,+P0",S|B|3|paragraph_continuation:1/R00
olchdar,1,1,R00,1.0,0.0,1.0,1.0,1,0,0,0,G2,1.0,0.0,1.0,1,T,1.0,0.0,1,B,1.0,0.0,1,2,1.0,0.0,1,paragraph_continuation,1.0,0.0,1.0,LOW_POWER_TOKEN,LOW_SUPPORT_OR_POLYFUNCTIONAL,LOW,"f76r.47,+P0",T|B|2|paragraph_continuation:1/R00
olchedaiin,1,1,R00,1.0,0.0,1.0,1.0,1,0,0,0,G1,1.0,0.0,1.0,1,S,1.0,0.0,1,B,1.0,0.0,1,3,1.0,0.0,1,paragraph_continuation,1.0,0.0,1.0,LOW_POWER_TOKEN,LOW_SUPPORT_OR_POLYFUNCTIONAL,LOW,"f114v.10,+P0",S|B|3|paragraph_continuation:1/R00
olcheesey,1,1,R00,1.0,0.0,1.0,1.0,1,0,0,0,G3C,1.0,0.0,1.0,1,A,1.0,0.0,1,nan,1.0,0.0,1,4,1.0,0.0,1,label_or_marginal,1.0,0.0,1.0,LOW_POWER_TOKEN,LOW_SUPPORT_OR_POLYFUNCTIONAL,LOW,"f68r2.14,@Ls",A||4|label_or_marginal:1/R00
olcheo,1,1,R00,1.0,0.0,1.0,1.0,1,0,0,0,G1,1.0,0.0,1.0,1,S,1.0,0.0,1,B,1.0,0.0,1,3,1.0,0.0,1,paragraph_continuation,1.0,0.0,1.0,LOW_POWER_TOKEN,LOW_SUPPORT_OR_POLYFUNCTIONAL,LOW,"f104r.33,+P0",S|B|3|paragraph_continuation:1/R00
olcheom,1,1,R00,1.0,0.0,1.0,1.0,1,0,0,0,G3C,1.0,0.0,1.0,1,P,1.0,0.0,1,A,1.0,0.0,1,1,1.0,0.0,1,label_or_marginal,1.0,0.0,1.0,LOW_POWER_TOKEN,LOW_SUPPORT_OR_POLYFUNCTIONAL,LOW,"f100r.19,@Lf",P|A|1|label_or_marginal:1/R00
olchoiin,1,1,R00,1.0,0.0,1.0,1.0,1,0,0,0,G1,1.0,0.0,1.0,1,H,1.0,0.0,1,A,1.0,0.0,1,1,1.0,0.0,1,paragraph_continuation,1.0,0.0,1.0,LOW_POWER_TOKEN,LOW_SUPPORT_OR_POLYFUNCTIONAL,LOW,"f7r.9,+P0",H|A|1|paragraph_continuation:1/R00
olcthdy,1,1,R04,1.0,0.0,1.0,1.0,1,0,0,0,G2,1.0,0.0,1.0,1,B,1.0,0.0,1,B,1.0,0.0,1,2,1.0,0.0,1,paragraph_continuation,1.0,0.0,1.0,LOW_POWER_TOKEN,LOW_SUPPORT_OR_POLYFUNCTIONAL,LOW,"f81v.23,+P0",B|B|2|paragraph_continuation:1/R04
oldaig,1,1,R00,1.0,0.0,1.0,1.0,1,0,0,0,G3C,1.0,0.0,1.0,1,H,1.0,0.0,1,A,1.0,0.0,1,1,1.0,0.0,1,paragraph_continuation,1.0,0.0,1.0,LOW_POWER_TOKEN,LOW_SUPPORT_OR_POLYFUNCTIONAL,LOW,"f17v.3,+P0",H|A|1|paragraph_continuation:1/R00
oldal,1,1,R09,1.0,0.0,1.0,1.0,1,0,0,0,G1,1.0,0.0,1.0,1,P,1.0,0.0,1,A,1.0,0.0,1,1,1.0,0.0,1,paragraph_continuation,1.0,0.0,1.0,LOW_POWER_TOKEN,LOW_SUPPORT_OR_POLYFUNCTIONAL,LOW,"f88r.27,+P0",P|A|1|paragraph_continuation:1/R09
oldar,1,1,R00,1.0,0.0,1.0,1.0,1,0,0,0,G3C,1.0,0.0,1.0,1,P,1.0,0.0,1,A,1.0,0.0,1,1,1.0,0.0,1,label_or_marginal,1.0,0.0,1.0,LOW_POWER_TOKEN,LOW_SUPPORT_OR_POLYFUNCTIONAL,LOW,"f88r.4,@Lf",P|A|1|label_or_marginal:1/R00
oleedy,1,1,R00,1.0,0.0,1.0,1.0,1,0,0,0,G3C,1.0,0.0,1.0,1,S,1.0,0.0,1,B,1.0,0.0,1,3,1.0,0.0,1,paragraph_continuation,1.0,0.0,1.0,LOW_POWER_TOKEN,LOW_SUPPORT_OR_POLYFUNCTIONAL,LOW,"f116r.14,+P0",S|B|3|paragraph_continuation:1/R00
oleeeb,1,1,R00,1.0,0.0,1.0,1.0,1,0,0,0,G2,1.0,0.0,1.0,1,H,1.0,0.0,1,A,1.0,0.0,1,1,1.0,0.0,1,paragraph_continuation,1.0,0.0,1.0,LOW_POWER_TOKEN,LOW_SUPPORT_OR_POLYFUNCTIONAL,LOW,"f4v.8,+P0",H|A|1|paragraph_continuation:1/R00
oleeedy,1,1,R00,1.0,0.0,1.0,1.0,1,0,0,0,G1,1.0,0.0,1.0,1,B,1.0,0.0,1,B,1.0,0.0,1,2,1.0,0.0,1,paragraph_continuation,1.0,0.0,1.0,LOW_POWER_TOKEN,LOW_SUPPORT_OR_POLYFUNCTIONAL,LOW,"f76v.13,+P0",B|B|2|paragraph_continuation:1/R00
oleey,1,1,R00,1.0,0.0,1.0,1.0,1,0,0,0,G3C,1.0,0.0,1.0,1,S,1.0,0.0,1,B,1.0,0.0,1,3,1.0,0.0,1,paragraph_continuation,1.0,0.0,1.0,LOW_POWER_TOKEN,LOW_SUPPORT_OR_POLYFUNCTIONAL,LOW,"f114v.32,+P0",S|B|3|paragraph_continuation:1/R00
olekor,1,1,R00,1.0,0.0,1.0,1.0,1,0,0,0,G3C,1.0,0.0,1.0,1,P,1.0,0.0,1,A,1.0,0.0,1,1,1.0,0.0,1,label_or_marginal,1.0,0.0,1.0,LOW_POWER_TOKEN,LOW_SUPPORT_OR_POLYFUNCTIONAL,LOW,"f99v.28,@Lf",P|A|1|label_or_marginal:1/R00
oletal,1,1,R00,1.0,0.0,1.0,1.0,1,0,0,0,G3C,1.0,0.0,1.0,1,Z,1.0,0.0,1,nan,1.0,0.0,1,4,1.0,0.0,1,&L,1.0,0.0,1.0,LOW_POWER_TOKEN,LOW_SUPPORT_OR_POLYFUNCTIONAL,LOW,"f72r3.33,&Lz",Z||4|&L:1/R00
olfchedy,1,1,R00,1.0,0.0,1.0,1.0,1,0,0,0,G2,1.0,0.0,1.0,1,H,1.0,0.0,1,B,1.0,0.0,1,2,1.0,0.0,1,paragraph_continuation,1.0,0.0,1.0,LOW_POWER_TOKEN,LOW_SUPPORT_OR_POLYFUNCTIONAL,LOW,"f40v.13,+P0",H|B|2|paragraph_continuation:1/R00
olfchey,1,1,R00,1.0,0.0,1.0,1.0,1,0,0,0,G2,1.0,0.0,1.0,1,C,1.0,0.0,1,B,1.0,0.0,1,2,1.0,0.0,1,paragraph_start,1.0,0.0,1.0,LOW_POWER_TOKEN,LOW_SUPPORT_OR_POLYFUNCTIONAL,LOW,"f86v3.23,@Pb",C|B|2|paragraph_start:1/R00
olfchor,1,1,R00,1.0,0.0,1.0,1.0,1,0,0,0,G1,1.0,0.0,1.0,1,H,1.0,0.0,1,A,1.0,0.0,1,1,1.0,0.0,1,paragraph_continuation,1.0,0.0,1.0,LOW_POWER_TOKEN,LOW_SUPPORT_OR_POLYFUNCTIONAL,LOW,"f23r.4,+P0",H|A|1|paragraph_continuation:1/R00
olfsheoral,1,1,R00,1.0,0.0,1.0,1.0,1,0,0,0,G3C,1.0,0.0,1.0,1,Z,1.0,0.0,1,nan,1.0,0.0,1,4,1.0,0.0,1,&L,1.0,0.0,1.0,LOW_POWER_TOKEN,LOW_SUPPORT_OR_POLYFUNCTIONAL,LOW,"f72r3.25,&Lz",Z||4|&L:1/R00
olkair,1,1,R00,1.0,0.0,1.0,1.0,1,0,0,0,G2,1.0,0.0,1.0,1,B,1.0,0.0,1,B,1.0,0.0,1,2,1.0,0.0,1,paragraph_continuation,1.0,0.0,1.0,LOW_POWER_TOKEN,LOW_SUPPORT_OR_POLYFUNCTIONAL,LOW,"f79v.28,+P0",B|B|2|paragraph_continuation:1/R00
olkal,1,1,R00,1.0,0.0,1.0,1.0,1,0,0,0,G2,1.0,0.0,1.0,1,B,1.0,0.0,1,B,1.0,0.0,1,2,1.0,0.0,1,paragraph_continuation,1.0,0.0,1.0,LOW_POWER_TOKEN,LOW_SUPPORT_OR_POLYFUNCTIONAL,LOW,"f84v.27,+P0",B|B|2|paragraph_continuation:1/R00
olkalaiin,1,1,R00,1.0,0.0,1.0,1.0,1,0,0,0,G3C,1.0,0.0,1.0,1,Z,1.0,0.0,1,nan,1.0,0.0,1,4,1.0,0.0,1,label_or_marginal,1.0,0.0,1.0,LOW_POWER_TOKEN,LOW_SUPPORT_OR_POLYFUNCTIONAL,LOW,"f72r3.2,@Lz",Z||4|label_or_marginal:1/R00
olkao,1,1,R00,1.0,0.0,1.0,1.0,1,0,0,0,G3C,1.0,0.0,1.0,1,C,1.0,0.0,1,nan,1.0,0.0,1,4,1.0,0.0,1,radial/ring_text,1.0,0.0,1.0,LOW_POWER_TOKEN,LOW_SUPPORT_OR_POLYFUNCTIONAL,LOW,"f67v2.16,@Ri",C||4|radial/ring_text:1/R00
olkaycthy,1,1,R00,1.0,0.0,1.0,1.0,1,0,0,0,G1,1.0,0.0,1.0,1,P,1.0,0.0,1,A,1.0,0.0,1,1,1.0,0.0,1,paragraph_continuation,1.0,0.0,1.0,LOW_POWER_TOKEN,LOW_SUPPORT_OR_POLYFUNCTIONAL,LOW,"f89v1.19,+P0",P|A|1|paragraph_continuation:1/R00
olkchedy,1,1,R00,1.0,0.0,1.0,1.0,1,0,0,0,G2,1.0,0.0,1.0,1,S,1.0,0.0,1,B,1.0,0.0,1,3,1.0,0.0,1,paragraph_continuation,1.0,0.0,1.0,LOW_POWER_TOKEN,LOW_SUPPORT_OR_POLYFUNCTIONAL,LOW,"f107r.5,+P0",S|B|3|paragraph_continuation:1/R00
olkchs,1,1,R00,1.0,0.0,1.0,1.0,1,0,0,0,G3C,1.0,0.0,1.0,1,B,1.0,0.0,1,B,1.0,0.0,1,2,1.0,0.0,1,+L,1.0,0.0,1.0,LOW_POWER_TOKEN,LOW_SUPPORT_OR_POLYFUNCTIONAL,LOW,"f77r.2,+Lt",B|B|2|+L:1/R00
olkeechdy,1,1,R00,1.0,0.0,1.0,1.0,1,0,0,0,G1,1.0,0.0,1.0,1,S,1.0,0.0,1,B,1.0,0.0,1,@,1.0,0.0,1,paragraph_continuation,1.0,0.0,1.0,LOW_POWER_TOKEN,LOW_SUPPORT_OR_POLYFUNCTIONAL,LOW,"f115r.4,+P0",S|B|@|paragraph_continuation:1/R00
olkeedal,1,1,R00,1.0,0.0,1.0,1.0,1,0,0,0,G3C,1.0,0.0,1.0,1,B,1.0,0.0,1,B,1.0,0.0,1,2,1.0,0.0,1,=L,1.0,0.0,1.0,LOW_POWER_TOKEN,LOW_SUPPORT_OR_POLYFUNCTIONAL,LOW,"f77v.3,=Lt",B|B|2|=L:1/R00
olkeeo,1,1,R00,1.0,0.0,1.0,1.0,1,0,0,0,G2,1.0,0.0,1.0,1,S,1.0,0.0,1,B,1.0,0.0,1,3,1.0,0.0,1,paragraph_continuation,1.0,0.0,1.0,LOW_POWER_TOKEN,LOW_SUPPORT_OR_POLYFUNCTIONAL,LOW,"f111r.34,+P0",S|B|3|paragraph_continuation:1/R00
olkeeolkeeo,1,1,R00,1.0,0.0,1.0,1.0,1,0,0,0,G2,1.0,0.0,1.0,1,S,1.0,0.0,1,B,1.0,0.0,1,3,1.0,0.0,1,paragraph_continuation,1.0,0.0,1.0,LOW_POWER_TOKEN,LOW_SUPPORT_OR_POLYFUNCTIONAL,LOW,"f107r.29,+P0",S|B|3|paragraph_continuation:1/R00
olkeeoly,1,1,R00,1.0,0.0,1.0,1.0,1,0,0,0,G3C,1.0,0.0,1.0,1,C,1.0,0.0,1,nan,1.0,0.0,1,4,1.0,0.0,1,circular/diagram_text,1.0,0.0,1.0,LOW_POWER_TOKEN,LOW_SUPPORT_OR_POLYFUNCTIONAL,LOW,"f68v3.14,@Cc",C||4|circular/diagram_text:1/R00
olkol,1,1,R00,1.0,0.0,1.0,1.0,1,0,0,0,G3C,1.0,0.0,1.0,1,B,1.0,0.0,1,B,1.0,0.0,1,2,1.0,0.0,1,label_or_marginal,1.0,0.0,1.0,LOW_POWER_TOKEN,LOW_SUPPORT_OR_POLYFUNCTIONAL,LOW,"f82v.46,@Lt",B|B|2|label_or_marginal:1/R00
olkor,1,1,R00,1.0,0.0,1.0,1.0,1,0,0,0,G3C,1.0,0.0,1.0,1,P,1.0,0.0,1,A,1.0,0.0,1,1,1.0,0.0,1,label_or_marginal,1.0,0.0,1.0,LOW_POWER_TOKEN,LOW_SUPPORT_OR_POLYFUNCTIONAL,LOW,"f101v.15,@Lf",P|A|1|label_or_marginal:1/R00
olkshdy,1,1,R00,1.0,0.0,1.0,1.0,1,0,0,0,G2,1.0,0.0,1.0,1,B,1.0,0.0,1,B,1.0,0.0,1,2,1.0,0.0,1,paragraph_continuation,1.0,0.0,1.0,LOW_POWER_TOKEN,LOW_SUPPORT_OR_POLYFUNCTIONAL,LOW,"f81r.30,+P0",B|B|2|paragraph_continuation:1/R00
olkshey,1,1,R00,1.0,0.0,1.0,1.0,1,0,0,0,G2,1.0,0.0,1.0,1,B,1.0,0.0,1,B,1.0,0.0,1,2,1.0,0.0,1,paragraph_continuation,1.0,0.0,1.0,LOW_POWER_TOKEN,LOW_SUPPORT_OR_POLYFUNCTIONAL,LOW,"f79v.16,+P0",B|B|2|paragraph_continuation:1/R00
oloaiin,1,1,R00,1.0,0.0,1.0,1.0,1,0,0,0,G1,1.0,0.0,1.0,1,H,1.0,0.0,1,B,1.0,0.0,1,2,1.0,0.0,1,paragraph_continuation,1.0,0.0,1.0,LOW_POWER_TOKEN,LOW_SUPPORT_OR_POLYFUNCTIONAL,LOW,"f43v.16,+P0",H|B|2|paragraph_continuation:1/R00
olockhy,1,1,R00,1.0,0.0,1.0,1.0,1,0,0,0,G2,1.0,0.0,1.0,1,P,1.0,0.0,1,A,1.0,0.0,1,1,1.0,0.0,1,paragraph_continuation,1.0,0.0,1.0,LOW_POWER_TOKEN,LOW_SUPPORT_OR_POLYFUNCTIONAL,LOW,"f102r2.12,+P0",P|A|1|paragraph_continuation:1/R00
oloky,1,1,R00,1.0,0.0,1.0,1.0,1,0,0,0,G3C,1.0,0.0,1.0,1,B,1.0,0.0,1,B,1.0,0.0,1,2,1.0,0.0,1,paragraph_continuation,1.0,0.0,1.0,LOW_POWER_TOKEN,LOW_SUPPORT_OR_POLYFUNCTIONAL,LOW,"f77r.48,+P0",B|B|2|paragraph_continuation:1/R00
ololal,1,1,R00,1.0,0.0,1.0,1.0,1,0,0,0,G3C,1.0,0.0,1.0,1,B,1.0,0.0,1,B,1.0,0.0,1,2,1.0,0.0,1,label_or_marginal,1.0,0.0,1.0,LOW_POWER_TOKEN,LOW_SUPPORT_OR_POLYFUNCTIONAL,LOW,"f84r.1,@Lt",B|B|2|label_or_marginal:1/R00
ololary,1,1,R00,1.0,0.0,1.0,1.0,1,0,0,0,G3C,1.0,0.0,1.0,1,B,1.0,0.0,1,B,1.0,0.0,1,2,1.0,0.0,1,label_or_marginal,1.0,0.0,1.0,LOW_POWER_TOKEN,LOW_SUPPORT_OR_POLYFUNCTIONAL,LOW,"f83v.9,@Lt",B|B|2|label_or_marginal:1/R00
olom,1,1,R00,1.0,0.0,1.0,1.0,1,0,0,0,G3C,1.0,0.0,1.0,1,H,1.0,0.0,1,A,1.0,0.0,1,1,1.0,0.0,1,paragraph_continuation,1.0,0.0,1.0,LOW_POWER_TOKEN,LOW_SUPPORT_OR_POLYFUNCTIONAL,LOW,"f24v.7,+P0",H|A|1|paragraph_continuation:1/R00
olos,1,1,R00,1.0,0.0,1.0,1.0,1,0,0,0,G2,1.0,0.0,1.0,1,H,1.0,0.0,1,B,1.0,0.0,1,2,1.0,0.0,1,paragraph_continuation,1.0,0.0,1.0,LOW_POWER_TOKEN,LOW_SUPPORT_OR_POLYFUNCTIONAL,LOW,"f43v.9,+P0",H|B|2|paragraph_continuation:1/R00
olotchedy,1,1,R00,1.0,0.0,1.0,1.0,1,0,0,0,G1,1.0,0.0,1.0,1,B,1.0,0.0,1,B,1.0,0.0,1,2,1.0,0.0,1,paragraph_continuation,1.0,0.0,1.0,LOW_POWER_TOKEN,LOW_SUPPORT_OR_POLYFUNCTIONAL,LOW,"f80r.12,+P0",B|B|2|paragraph_continuation:1/R00
olpchey,1,1,R00,1.0,0.0,1.0,1.0,1,0,0,0,G2,1.0,0.0,1.0,1,C,1.0,0.0,1,B,1.0,0.0,1,2,1.0,0.0,1,paragraph_start,1.0,0.0,1.0,LOW_POWER_TOKEN,LOW_SUPPORT_OR_POLYFUNCTIONAL,LOW,"f86v3.1,@Pb",C|B|2|paragraph_start:1/R00
olrodar,1,1,R00,1.0,0.0,1.0,1.0,1,0,0,0,G3C,1.0,0.0,1.0,1,P,1.0,0.0,1,A,1.0,0.0,1,1,1.0,0.0,1,label_or_marginal,1.0,0.0,1.0,LOW_POWER_TOKEN,LOW_SUPPORT_OR_POLYFUNCTIONAL,LOW,"f102v2.15,@Lf",P|A|1|label_or_marginal:1/R00
olsaiiny,1,1,R00,1.0,0.0,1.0,1.0,1,0,0,0,G3C,1.0,0.0,1.0,1,A,1.0,0.0,1,nan,1.0,0.0,1,4,1.0,0.0,1,&L,1.0,0.0,1.0,LOW_POWER_TOKEN,LOW_SUPPORT_OR_POLYFUNCTIONAL,LOW,"f67v1.12,&L0",A||4|&L:1/R00
olsar,1,1,R00,1.0,0.0,1.0,1.0,1,0,0,0,G3C,1.0,0.0,1.0,1,H,1.0,0.0,1,A,1.0,0.0,1,1,1.0,0.0,1,paragraph_continuation,1.0,0.0,1.0,LOW_POWER_TOKEN,LOW_SUPPORT_OR_POLYFUNCTIONAL,LOW,"f23v.6,+P0",H|A|1|paragraph_continuation:1/R00
olshed,1,1,R00,1.0,0.0,1.0,1.0,1,0,0,0,G2,1.0,0.0,1.0,1,B,1.0,0.0,1,B,1.0,0.0,1,2,1.0,0.0,1,paragraph_start,1.0,0.0,1.0,LOW_POWER_TOKEN,LOW_SUPPORT_OR_POLYFUNCTIONAL,LOW,"f84r.13,@P0",B|B|2|paragraph_start:1/R00
olsheed,1,1,R00,1.0,0.0,1.0,1.0,1,0,0,0,G1,1.0,0.0,1.0,1,T,1.0,0.0,1,B,1.0,0.0,1,2,1.0,0.0,1,paragraph_continuation,1.0,0.0,1.0,LOW_POWER_TOKEN,LOW_SUPPORT_OR_POLYFUNCTIONAL,LOW,"f76r.52,+P0",T|B|2|paragraph_continuation:1/R00
olsheey,1,1,R00,1.0,0.0,1.0,1.0,1,0,0,0,G2,1.0,0.0,1.0,1,S,1.0,0.0,1,B,1.0,0.0,1,3,1.0,0.0,1,paragraph_continuation,1.0,0.0,1.0,LOW_POWER_TOKEN,LOW_SUPPORT_OR_POLYFUNCTIONAL,LOW,"f111v.22,+P0",S|B|3|paragraph_continuation:1/R00
olsheor,1,1,R00,1.0,0.0,1.0,1.0,1,0,0,0,G1,1.0,0.0,1.0,1,H,1.0,0.0,1,B,1.0,0.0,1,2,1.0,0.0,1,paragraph_continuation,1.0,0.0,1.0,LOW_POWER_TOKEN,LOW_SUPPORT_OR_POLYFUNCTIONAL,LOW,"f31r.13,+P0",H|B|2|paragraph_continuation:1/R00
olshy,1,1,R00,1.0,0.0,1.0,1.0,1,0,0,0,G3C,1.0,0.0,1.0,1,B,1.0,0.0,1,B,1.0,0.0,1,2,1.0,0.0,1,=L,1.0,0.0,1.0,LOW_POWER_TOKEN,LOW_SUPPORT_OR_POLYFUNCTIONAL,LOW,"f84r.7,=Ln",B|B|2|=L:1/R00
olsy,1,1,R00,1.0,0.0,1.0,1.0,1,0,0,0,G3C,1.0,0.0,1.0,1,P,1.0,0.0,1,A,1.0,0.0,1,1,1.0,0.0,1,label_or_marginal,1.0,0.0,1.0,LOW_POWER_TOKEN,LOW_SUPPORT_OR_POLYFUNCTIONAL,LOW,"f99v.7,@Lf",P|A|1|label_or_marginal:1/R00
oltaiin,1,1,R00,1.0,0.0,1.0,1.0,1,0,0,0,G1,1.0,0.0,1.0,1,B,1.0,0.0,1,B,1.0,0.0,1,2,1.0,0.0,1,paragraph_continuation,1.0,0.0,1.0,LOW_POWER_TOKEN,LOW_SUPPORT_OR_POLYFUNCTIONAL,LOW,"f80v.27,+P0",B|B|2|paragraph_continuation:1/R00
oltain,1,1,R00,1.0,0.0,1.0,1.0,1,0,0,0,G1,1.0,0.0,1.0,1,B,1.0,0.0,1,B,1.0,0.0,1,2,1.0,0.0,1,paragraph_continuation,1.0,0.0,1.0,LOW_POWER_TOKEN,LOW_SUPPORT_OR_POLYFUNCTIONAL,LOW,"f80r.21,+P0",B|B|2|paragraph_continuation:1/R00
oltchedy,1,1,R00,1.0,0.0,1.0,1.0,1,0,0,0,G2,1.0,0.0,1.0,1,H,1.0,0.0,1,B,1.0,0.0,1,2,1.0,0.0,1,paragraph_continuation,1.0,0.0,1.0,LOW_POWER_TOKEN,LOW_SUPPORT_OR_POLYFUNCTIONAL,LOW,"f34r.4,+P0",H|B|2|paragraph_continuation:1/R00
oltcheey,1,1,R00,1.0,0.0,1.0,1.0,1,0,0,0,G3C,1.0,0.0,1.0,1,S,1.0,0.0,1,B,1.0,0.0,1,3,1.0,0.0,1,paragraph_start,1.0,0.0,1.0,LOW_POWER_TOKEN,LOW_SUPPORT_OR_POLYFUNCTIONAL,LOW,"f104v.1,@P0",S|B|3|paragraph_start:1/R00
oltedy,1,1,R00,1.0,0.0,1.0,1.0,1,0,0,0,G1,1.0,0.0,1.0,1,S,1.0,0.0,1,B,1.0,0.0,1,@,1.0,0.0,1,paragraph_continuation,1.0,0.0,1.0,LOW_POWER_TOKEN,LOW_SUPPORT_OR_POLYFUNCTIONAL,LOW,"f115r.16,+P0",S|B|@|paragraph_continuation:1/R00
olteedy,1,1,R00,1.0,0.0,1.0,1.0,1,0,0,0,G1,1.0,0.0,1.0,1,B,1.0,0.0,1,B,1.0,0.0,1,2,1.0,0.0,1,paragraph_continuation,1.0,0.0,1.0,LOW_POWER_TOKEN,LOW_SUPPORT_OR_POLYFUNCTIONAL,LOW,"f80v.8,+P0",B|B|2|paragraph_continuation:1/R00
olteey,1,1,R00,1.0,0.0,1.0,1.0,1,0,0,0,G2,1.0,0.0,1.0,1,C,1.0,0.0,1,B,1.0,0.0,1,2,1.0,0.0,1,paragraph_continuation,1.0,0.0,1.0,LOW_POWER_TOKEN,LOW_SUPPORT_OR_POLYFUNCTIONAL,LOW,"f86v3.28,+Pb",C|B|2|paragraph_continuation:1/R00
oltey,1,1,R00,1.0,0.0,1.0,1.0,1,0,0,0,G2,1.0,0.0,1.0,1,H,1.0,0.0,1,B,1.0,0.0,1,2,1.0,0.0,1,paragraph_continuation,1.0,0.0,1.0,LOW_POWER_TOKEN,LOW_SUPPORT_OR_POLYFUNCTIONAL,LOW,"f34r.2,+P0",H|B|2|paragraph_continuation:1/R00
oltshsey,1,1,R00,1.0,0.0,1.0,1.0,1,0,0,0,G2,1.0,0.0,1.0,1,B,1.0,0.0,1,B,1.0,0.0,1,2,1.0,0.0,1,paragraph_continuation,1.0,0.0,1.0,LOW_POWER_TOKEN,LOW_SUPPORT_OR_POLYFUNCTIONAL,LOW,"f79v.36,+P0",B|B|2|paragraph_continuation:1/R00
olz,1,1,R00,1.0,0.0,1.0,1.0,1,0,0,0,G3C,1.0,0.0,1.0,1,C,1.0,0.0,1,B,1.0,0.0,1,4,1.0,0.0,1,label_or_marginal,1.0,0.0,1.0,LOW_POWER_TOKEN,LOW_SUPPORT_OR_POLYFUNCTIONAL,LOW,"fRos.79,@L0",C|B|4|label_or_marginal:1/R00
on,1,1,R00,1.0,0.0,1.0,1.0,1,0,0,0,G3C,1.0,0.0,1.0,1,H,1.0,0.0,1,A,1.0,0.0,1,1,1.0,0.0,1,label_or_marginal,1.0,0.0,1.0,LOW_POWER_TOKEN,LOW_SUPPORT_OR_POLYFUNCTIONAL,LOW,"f2r.15,@L0",H|A|1|label_or_marginal:1/R00
opaiino,1,1,R00,1.0,0.0,1.0,1.0,1,0,0,0,G3C,1.0,0.0,1.0,1,C,1.0,0.0,1,B,1.0,0.0,1,4,1.0,0.0,1,label_or_marginal,1.0,0.0,1.0,LOW_POWER_TOKEN,LOW_SUPPORT_OR_POLYFUNCTIONAL,LOW,"fRos.49,@L0",C|B|4|label_or_marginal:1/R00
opair,1,1,R00,1.0,0.0,1.0,1.0,1,0,0,0,G1,1.0,0.0,1.0,1,S,1.0,0.0,1,B,1.0,0.0,1,3,1.0,0.0,1,paragraph_continuation,1.0,0.0,1.0,LOW_POWER_TOKEN,LOW_SUPPORT_OR_POLYFUNCTIONAL,LOW,"f105r.28,+P0",S|B|3|paragraph_continuation:1/R00
opal,1,1,R00,1.0,0.0,1.0,1.0,1,0,0,0,G3C,1.0,0.0,1.0,1,Z,1.0,0.0,1,nan,1.0,0.0,1,4,1.0,0.0,1,&L,1.0,0.0,1.0,LOW_POWER_TOKEN,LOW_SUPPORT_OR_POLYFUNCTIONAL,LOW,"f72v3.30,&Lz",Z||4|&L:1/R00
opalal,1,1,R00,1.0,0.0,1.0,1.0,1,0,0,0,G3C,1.0,0.0,1.0,1,Z,1.0,0.0,1,nan,1.0,0.0,1,4,1.0,0.0,1,label_or_marginal,1.0,0.0,1.0,LOW_POWER_TOKEN,LOW_SUPPORT_OR_POLYFUNCTIONAL,LOW,"f72r3.27,@Lz",Z||4|label_or_marginal:1/R00
opalar,1,1,R00,1.0,0.0,1.0,1.0,1,0,0,0,G3C,1.0,0.0,1.0,1,Z,1.0,0.0,1,nan,1.0,0.0,1,4,1.0,0.0,1,&L,1.0,0.0,1.0,LOW_POWER_TOKEN,LOW_SUPPORT_OR_POLYFUNCTIONAL,LOW,"f71v.10,&Lz",Z||4|&L:1/R00
opaldaiin,1,1,R10,1.0,0.0,1.0,1.0,1,0,0,0,G3C,1.0,0.0,1.0,1,P,1.0,0.0,1,A,1.0,0.0,1,1,1.0,0.0,1,label_or_marginal,1.0,0.0,1.0,LOW_POWER_TOKEN,LOW_SUPPORT_OR_POLYFUNCTIONAL,LOW,"f89v1.24,@Lf",P|A|1|label_or_marginal:1/R10
opalg,1,1,R00,1.0,0.0,1.0,1.0,1,0,0,0,G3C,1.0,0.0,1.0,1,Z,1.0,0.0,1,nan,1.0,0.0,1,4,1.0,0.0,1,&L,1.0,0.0,1.0,LOW_POWER_TOKEN,LOW_SUPPORT_OR_POLYFUNCTIONAL,LOW,"f72v2.24,&Lz",Z||4|&L:1/R00
opaloiiry,1,1,R00,1.0,0.0,1.0,1.0,1,0,0,0,G3C,1.0,0.0,1.0,1,P,1.0,0.0,1,A,1.0,0.0,1,1,1.0,0.0,1,label_or_marginal,1.0,0.0,1.0,LOW_POWER_TOKEN,LOW_SUPPORT_OR_POLYFUNCTIONAL,LOW,"f89v2.23,@Lc",P|A|1|label_or_marginal:1/R00
opalor,1,1,R00,1.0,0.0,1.0,1.0,1,0,0,0,G3C,1.0,0.0,1.0,1,Z,1.0,0.0,1,nan,1.0,0.0,1,4,1.0,0.0,1,&L,1.0,0.0,1.0,LOW_POWER_TOKEN,LOW_SUPPORT_OR_POLYFUNCTIONAL,LOW,"f71v.11,&Lz",Z||4|&L:1/R00
oparairdly,1,1,R00,1.0,0.0,1.0,1.0,1,0,0,0,G3C,1.0,0.0,1.0,1,C,1.0,0.0,1,nan,1.0,0.0,1,1,1.0,0.0,1,label_or_marginal,1.0,0.0,1.0,LOW_POWER_TOKEN,LOW_SUPPORT_OR_POLYFUNCTIONAL,LOW,"f57v.7,@L0",C||1|label_or_marginal:1/R00
oparal,1,1,R00,1.0,0.0,1.0,1.0,1,0,0,0,G3C,1.0,0.0,1.0,1,P,1.0,0.0,1,A,1.0,0.0,1,1,1.0,0.0,1,label_or_marginal,1.0,0.0,1.0,LOW_POWER_TOKEN,LOW_SUPPORT_OR_POLYFUNCTIONAL,LOW,"f99r.19,@Lc",P|A|1|label_or_marginal:1/R00
oparam,1,1,R00,1.0,0.0,1.0,1.0,1,0,0,0,G3C,1.0,0.0,1.0,1,C,1.0,0.0,1,nan,1.0,0.0,1,4,1.0,0.0,1,paragraph_continuation,1.0,0.0,1.0,LOW_POWER_TOKEN,LOW_SUPPORT_OR_POLYFUNCTIONAL,LOW,"f70r2.8,+P1",C||4|paragraph_continuation:1/R00
oparod,1,1,R00,1.0,0.0,1.0,1.0,1,0,0,0,G3C,1.0,0.0,1.0,1,C,1.0,0.0,1,B,1.0,0.0,1,4,1.0,0.0,1,label_or_marginal,1.0,0.0,1.0,LOW_POWER_TOKEN,LOW_SUPPORT_OR_POLYFUNCTIONAL,LOW,"fRos.152,@L0",C|B|4|label_or_marginal:1/R00
oparodam,1,1,R00,1.0,0.0,1.0,1.0,1,0,0,0,G3C,1.0,0.0,1.0,1,C,1.0,0.0,1,B,1.0,0.0,1,4,1.0,0.0,1,label_or_marginal,1.0,0.0,1.0,LOW_POWER_TOKEN,LOW_SUPPORT_OR_POLYFUNCTIONAL,LOW,"fRos.136,@L0",C|B|4|label_or_marginal:1/R00
opary,1,1,R00,1.0,0.0,1.0,1.0,1,0,0,0,G1,1.0,0.0,1.0,1,H,1.0,0.0,1,B,1.0,0.0,1,3,1.0,0.0,1,paragraph_continuation,1.0,0.0,1.0,LOW_POWER_TOKEN,LOW_SUPPORT_OR_POLYFUNCTIONAL,LOW,"f94r.3,+P0",H|B|3|paragraph_continuation:1/R00
opchd,1,1,R00,1.0,0.0,1.0,1.0,1,0,0,0,G3C,1.0,0.0,1.0,1,C,1.0,0.0,1,B,1.0,0.0,1,4,1.0,0.0,1,label_or_marginal,1.0,0.0,1.0,LOW_POWER_TOKEN,LOW_SUPPORT_OR_POLYFUNCTIONAL,LOW,"fRos.155,@L0",C|B|4|label_or_marginal:1/R00
opchdain,1,1,R00,1.0,0.0,1.0,1.0,1,0,0,0,G3C,1.0,0.0,1.0,1,C,1.0,0.0,1,B,1.0,0.0,1,4,1.0,0.0,1,label_or_marginal,1.0,0.0,1.0,LOW_POWER_TOKEN,LOW_SUPPORT_OR_POLYFUNCTIONAL,LOW,"fRos.120,@L0",C|B|4|label_or_marginal:1/R00
opchdard,1,1,R00,1.0,0.0,1.0,1.0,1,0,0,0,G3C,1.0,0.0,1.0,1,P,1.0,0.0,1,A,1.0,0.0,1,1,1.0,0.0,1,label_or_marginal,1.0,0.0,1.0,LOW_POWER_TOKEN,LOW_SUPPORT_OR_POLYFUNCTIONAL,LOW,"f102v1.18,@Lf",P|A|1|label_or_marginal:1/R00
opcheda,1,1,R00,1.0,0.0,1.0,1.0,1,0,0,0,G3C,1.0,0.0,1.0,1,C,1.0,0.0,1,B,1.0,0.0,1,4,1.0,0.0,1,label_or_marginal,1.0,0.0,1.0,LOW_POWER_TOKEN,LOW_SUPPORT_OR_POLYFUNCTIONAL,LOW,"fRos.74,@L0",C|B|4|label_or_marginal:1/R00
opchedaiin,1,1,R00,1.0,0.0,1.0,1.0,1,0,0,0,G3C,1.0,0.0,1.0,1,S,1.0,0.0,1,B,1.0,0.0,1,3,1.0,0.0,1,paragraph_continuation,1.0,0.0,1.0,LOW_POWER_TOKEN,LOW_SUPPORT_OR_POLYFUNCTIONAL,LOW,"f114r.4,+P0",S|B|3|paragraph_continuation:1/R00
opcheed,1,1,R00,1.0,0.0,1.0,1.0,1,0,0,0,G1,1.0,0.0,1.0,1,S,1.0,0.0,1,B,1.0,0.0,1,3,1.0,0.0,1,paragraph_continuation,1.0,0.0,1.0,LOW_POWER_TOKEN,LOW_SUPPORT_OR_POLYFUNCTIONAL,LOW,"f112v.39,+P0",S|B|3|paragraph_continuation:1/R00
opcheedey,1,1,R00,1.0,0.0,1.0,1.0,1,0,0,0,G3C,1.0,0.0,1.0,1,P,1.0,0.0,1,A,1.0,0.0,1,1,1.0,0.0,1,label_or_marginal,1.0,0.0,1.0,LOW_POWER_TOKEN,LOW_SUPPORT_OR_POLYFUNCTIONAL,LOW,"f89v2.14,@Lf",P|A|1|label_or_marginal:1/R00
opchees,1,1,R00,1.0,0.0,1.0,1.0,1,0,0,0,G3C,1.0,0.0,1.0,1,C,1.0,0.0,1,B,1.0,0.0,1,4,1.0,0.0,1,label_or_marginal,1.0,0.0,1.0,LOW_POWER_TOKEN,LOW_SUPPORT_OR_POLYFUNCTIONAL,LOW,"fRos.67,@L0",C|B|4|label_or_marginal:1/R00
opcheey,1,1,R00,1.0,0.0,1.0,1.0,1,0,0,0,G3C,1.0,0.0,1.0,1,A,1.0,0.0,1,nan,1.0,0.0,1,4,1.0,0.0,1,radial/ring_text,1.0,0.0,1.0,LOW_POWER_TOKEN,LOW_SUPPORT_OR_POLYFUNCTIONAL,LOW,"f67v1.22,@Ro",A||4|radial/ring_text:1/R00
opcheor,1,1,R00,1.0,0.0,1.0,1.0,1,0,0,0,G3C,1.0,0.0,1.0,1,P,1.0,0.0,1,A,1.0,0.0,1,1,1.0,0.0,1,label_or_marginal,1.0,0.0,1.0,LOW_POWER_TOKEN,LOW_SUPPORT_OR_POLYFUNCTIONAL,LOW,"f89r2.5,@Lf",P|A|1|label_or_marginal:1/R00
opcholdg,1,1,R00,1.0,0.0,1.0,1.0,1,0,0,0,G3C,1.0,0.0,1.0,1,C,1.0,0.0,1,nan,1.0,0.0,1,4,1.0,0.0,1,=L,1.0,0.0,1.0,LOW_POWER_TOKEN,LOW_SUPPORT_OR_POLYFUNCTIONAL,LOW,"f68v3.16,=L0",C||4|=L:1/R00
opcholdy,1,1,R07,1.0,0.0,1.0,1.0,1,0,0,0,G3C,1.0,0.0,1.0,1,A,1.0,0.0,1,nan,1.0,0.0,1,4,1.0,0.0,1,+L,1.0,0.0,1.0,LOW_POWER_TOKEN,LOW_SUPPORT_OR_POLYFUNCTIONAL,LOW,"f67r2.31,+L0",A||4|+L:1/R07
opchosam,1,1,R00,1.0,0.0,1.0,1.0,1,0,0,0,G3C,1.0,0.0,1.0,1,P,1.0,0.0,1,A,1.0,0.0,1,1,1.0,0.0,1,label_or_marginal,1.0,0.0,1.0,LOW_POWER_TOKEN,LOW_SUPPORT_OR_POLYFUNCTIONAL,LOW,"f89r2.3,@Lf",P|A|1|label_or_marginal:1/R00
opchsd,1,1,R00,1.0,0.0,1.0,1.0,1,0,0,0,G1,1.0,0.0,1.0,1,T,1.0,0.0,1,B,1.0,0.0,1,2,1.0,0.0,1,paragraph_continuation,1.0,0.0,1.0,LOW_POWER_TOKEN,LOW_SUPPORT_OR_POLYFUNCTIONAL,LOW,"f85r1.8,+P0",T|B|2|paragraph_continuation:1/R00
opchsy,1,1,R00,1.0,0.0,1.0,1.0,1,0,0,0,G3C,1.0,0.0,1.0,1,C,1.0,0.0,1,B,1.0,0.0,1,4,1.0,0.0,1,+L,1.0,0.0,1.0,LOW_POWER_TOKEN,LOW_SUPPORT_OR_POLYFUNCTIONAL,LOW,"fRos.159,+L0",C|B|4|+L:1/R00
opocphor,1,1,R00,1.0,0.0,1.0,1.0,1,0,0,0,G3C,1.0,0.0,1.0,1,A,1.0,0.0,1,nan,1.0,0.0,1,4,1.0,0.0,1,label_or_marginal,1.0,0.0,1.0,LOW_POWER_TOKEN,LOW_SUPPORT_OR_POLYFUNCTIONAL,LOW,"f68r2.26,@Ls",A||4|label_or_marginal:1/R00
opodchol,1,1,R07,1.0,0.0,1.0,1.0,1,0,0,0,G3C,1.0,0.0,1.0,1,A,1.0,0.0,1,nan,1.0,0.0,1,4,1.0,0.0,1,paragraph_start,1.0,0.0,1.0,LOW_POWER_TOKEN,LOW_SUPPORT_OR_POLYFUNCTIONAL,LOW,"f67r2.13,@Pb",A||4|paragraph_start:1/R07
opoeey,1,1,R00,1.0,0.0,1.0,1.0,1,0,0,0,G3C,1.0,0.0,1.0,1,Z,1.0,0.0,1,nan,1.0,0.0,1,4,1.0,0.0,1,&L,1.0,0.0,1.0,LOW_POWER_TOKEN,LOW_SUPPORT_OR_POLYFUNCTIONAL,LOW,"f72r3.12,&Lz",Z||4|&L:1/R00
opoly,1,1,R00,1.0,0.0,1.0,1.0,1,0,0,0,G2,1.0,0.0,1.0,1,B,1.0,0.0,1,B,1.0,0.0,1,2,1.0,0.0,1,paragraph_start,1.0,0.0,1.0,LOW_POWER_TOKEN,LOW_SUPPORT_OR_POLYFUNCTIONAL,LOW,"f84r.13,@P0",B|B|2|paragraph_start:1/R00
opor,1,1,R00,1.0,0.0,1.0,1.0,1,0,0,0,G3C,1.0,0.0,1.0,1,B,1.0,0.0,1,B,1.0,0.0,1,2,1.0,0.0,1,=L,1.0,0.0,1.0,LOW_POWER_TOKEN,LOW_SUPPORT_OR_POLYFUNCTIONAL,LOW,"f80r.6,=Ln",B|B|2|=L:1/R00
opshed,1,1,R00,1.0,0.0,1.0,1.0,1,0,0,0,G2,1.0,0.0,1.0,1,B,1.0,0.0,1,B,1.0,0.0,1,2,1.0,0.0,1,paragraph_start,1.0,0.0,1.0,LOW_POWER_TOKEN,LOW_SUPPORT_OR_POLYFUNCTIONAL,LOW,"f84r.13,@P0",B|B|2|paragraph_start:1/R00
opydsh,1,1,R00,1.0,0.0,1.0,1.0,1,0,0,0,G3C,1.0,0.0,1.0,1,C,1.0,0.0,1,B,1.0,0.0,1,4,1.0,0.0,1,label_or_marginal,1.0,0.0,1.0,LOW_POWER_TOKEN,LOW_SUPPORT_OR_POLYFUNCTIONAL,LOW,"fRos.77,@L0",C|B|4|label_or_marginal:1/R00
opysam,1,1,R00,1.0,0.0,1.0,1.0,1,0,0,0,G3C,1.0,0.0,1.0,1,Z,1.0,0.0,1,nan,1.0,0.0,1,4,1.0,0.0,1,&L,1.0,0.0,1.0,LOW_POWER_TOKEN,LOW_SUPPORT_OR_POLYFUNCTIONAL,LOW,"f70v2.13,&Lz",Z||4|&L:1/R00
oqokain,1,1,R00,1.0,0.0,1.0,1.0,1,0,0,0,G2,1.0,0.0,1.0,1,B,1.0,0.0,1,B,1.0,0.0,1,2,1.0,0.0,1,paragraph_continuation,1.0,0.0,1.0,LOW_POWER_TOKEN,LOW_SUPPORT_OR_POLYFUNCTIONAL,LOW,"f75r.21,+P0",B|B|2|paragraph_continuation:1/R00
oqokeey,1,1,R00,1.0,0.0,1.0,1.0,1,0,0,0,G2,1.0,0.0,1.0,1,S,1.0,0.0,1,B,1.0,0.0,1,3,1.0,0.0,1,paragraph_continuation,1.0,0.0,1.0,LOW_POWER_TOKEN,LOW_SUPPORT_OR_POLYFUNCTIONAL,LOW,"f103v.31,+P0",S|B|3|paragraph_continuation:1/R00
oqol,1,1,R00,1.0,0.0,1.0,1.0,1,0,0,0,G1,1.0,0.0,1.0,1,B,1.0,0.0,1,B,1.0,0.0,1,2,1.0,0.0,1,paragraph_continuation,1.0,0.0,1.0,LOW_POWER_TOKEN,LOW_SUPPORT_OR_POLYFUNCTIONAL,LOW,"f83r.7,+P0",B|B|2|paragraph_continuation:1/R00
oraeep,1,1,R00,1.0,0.0,1.0,1.0,1,0,0,0,G3C,1.0,0.0,1.0,1,P,1.0,0.0,1,A,1.0,0.0,1,1,1.0,0.0,1,label_or_marginal,1.0,0.0,1.0,LOW_POWER_TOKEN,LOW_SUPPORT_OR_POLYFUNCTIONAL,LOW,"f101v.13,@Lf",P|A|1|label_or_marginal:1/R00
oraiiny,1,1,R00,1.0,0.0,1.0,1.0,1,0,0,0,G3C,1.0,0.0,1.0,1,Z,1.0,0.0,1,nan,1.0,0.0,1,4,1.0,0.0,1,&L,1.0,0.0,1.0,LOW_POWER_TOKEN,LOW_SUPPORT_OR_POLYFUNCTIONAL,LOW,"f73v.17,&Lz",Z||4|&L:1/R00
orain,1,1,R00,1.0,0.0,1.0,1.0,1,0,0,0,G2,1.0,0.0,1.0,1,B,1.0,0.0,1,B,1.0,0.0,1,2,1.0,0.0,1,paragraph_continuation,1.0,0.0,1.0,LOW_POWER_TOKEN,LOW_SUPPORT_OR_POLYFUNCTIONAL,LOW,"f79v.21,+P0",B|B|2|paragraph_continuation:1/R00
oralar,1,1,R00,1.0,0.0,1.0,1.0,1,0,0,0,G1,1.0,0.0,1.0,1,P,1.0,0.0,1,A,1.0,0.0,1,1,1.0,0.0,1,paragraph_continuation,1.0,0.0,1.0,LOW_POWER_TOKEN,LOW_SUPPORT_OR_POLYFUNCTIONAL,LOW,"f101v.26,+P0",P|A|1|paragraph_continuation:1/R00
oralas,1,1,R00,1.0,0.0,1.0,1.0,1,0,0,0,G3C,1.0,0.0,1.0,1,P,1.0,0.0,1,A,1.0,0.0,1,1,1.0,0.0,1,label_or_marginal,1.0,0.0,1.0,LOW_POWER_TOKEN,LOW_SUPPORT_OR_POLYFUNCTIONAL,LOW,"f99v.36,@Lc",P|A|1|label_or_marginal:1/R00
orald,1,1,R00,1.0,0.0,1.0,1.0,1,0,0,0,G3C,1.0,0.0,1.0,1,P,1.0,0.0,1,A,1.0,0.0,1,1,1.0,0.0,1,label_or_marginal,1.0,0.0,1.0,LOW_POWER_TOKEN,LOW_SUPPORT_OR_POLYFUNCTIONAL,LOW,"f88r.3,@Lf",P|A|1|label_or_marginal:1/R00
oralody,1,1,R00,1.0,0.0,1.0,1.0,1,0,0,0,G2,1.0,0.0,1.0,1,H,1.0,0.0,1,B,1.0,0.0,1,2,1.0,0.0,1,paragraph_continuation,1.0,0.0,1.0,LOW_POWER_TOKEN,LOW_SUPPORT_OR_POLYFUNCTIONAL,LOW,"f43v.5,+P0",H|B|2|paragraph_continuation:1/R00
oraly,1,1,R00,1.0,0.0,1.0,1.0,1,0,0,0,G3C,1.0,0.0,1.0,1,A,1.0,0.0,1,nan,1.0,0.0,1,4,1.0,0.0,1,paragraph_continuation,1.0,0.0,1.0,LOW_POWER_TOKEN,LOW_SUPPORT_OR_POLYFUNCTIONAL,LOW,"f67r2.46,+Pb",A||4|paragraph_continuation:1/R00
oran,1,1,R00,1.0,0.0,1.0,1.0,1,0,0,0,G3C,1.0,0.0,1.0,1,A,1.0,0.0,1,nan,1.0,0.0,1,4,1.0,0.0,1,&L,1.0,0.0,1.0,LOW_POWER_TOKEN,LOW_SUPPORT_OR_POLYFUNCTIONAL,LOW,"f67r2.71,&L0",A||4|&L:1/R00
orara,1,1,R00,1.0,0.0,1.0,1.0,1,0,0,0,G3C,1.0,0.0,1.0,1,Z,1.0,0.0,1,nan,1.0,0.0,1,4,1.0,0.0,1,&L,1.0,0.0,1.0,LOW_POWER_TOKEN,LOW_SUPPORT_OR_POLYFUNCTIONAL,LOW,"f72r3.23,&Lz",Z||4|&L:1/R00
oraram,1,1,R00,1.0,0.0,1.0,1.0,1,0,0,0,G3C,1.0,0.0,1.0,1,P,1.0,0.0,1,A,1.0,0.0,1,1,1.0,0.0,1,label_or_marginal,1.0,0.0,1.0,LOW_POWER_TOKEN,LOW_SUPPORT_OR_POLYFUNCTIONAL,LOW,"f101v.12,@Lf",P|A|1|label_or_marginal:1/R00
orarol,1,1,R00,1.0,0.0,1.0,1.0,1,0,0,0,G3C,1.0,0.0,1.0,1,C,1.0,0.0,1,B,1.0,0.0,1,4,1.0,0.0,1,label_or_marginal,1.0,0.0,1.0,LOW_POWER_TOKEN,LOW_SUPPORT_OR_POLYFUNCTIONAL,LOW,"fRos.17,@L0",C|B|4|label_or_marginal:1/R00
orchedar,1,1,R00,1.0,0.0,1.0,1.0,1,0,0,0,G1,1.0,0.0,1.0,1,S,1.0,0.0,1,B,1.0,0.0,1,@,1.0,0.0,1,paragraph_continuation,1.0,0.0,1.0,LOW_POWER_TOKEN,LOW_SUPPORT_OR_POLYFUNCTIONAL,LOW,"f115r.4,+P0",S|B|@|paragraph_continuation:1/R00
orcheey,1,1,R00,1.0,0.0,1.0,1.0,1,0,0,0,G2,1.0,0.0,1.0,1,S,1.0,0.0,1,A,1.0,0.0,1,3,1.0,0.0,1,paragraph_continuation,1.0,0.0,1.0,LOW_POWER_TOKEN,LOW_SUPPORT_OR_POLYFUNCTIONAL,LOW,"f58v.9,+P0",S|A|3|paragraph_continuation:1/R00
orchochor,1,1,R00,1.0,0.0,1.0,1.0,1,0,0,0,G3C,1.0,0.0,1.0,1,H,1.0,0.0,1,A,1.0,0.0,1,1,1.0,0.0,1,paragraph_continuation,1.0,0.0,1.0,LOW_POWER_TOKEN,LOW_SUPPORT_OR_POLYFUNCTIONAL,LOW,"f37v.2,+P0",H|A|1|paragraph_continuation:1/R00
ore,1,1,R00,1.0,0.0,1.0,1.0,1,0,0,0,G3C,1.0,0.0,1.0,1,S,1.0,0.0,1,B,1.0,0.0,1,3,1.0,0.0,1,paragraph_continuation,1.0,0.0,1.0,LOW_POWER_TOKEN,LOW_SUPPORT_OR_POLYFUNCTIONAL,LOW,"f105r.10,+Pr",S|B|3|paragraph_continuation:1/R00
oreees,1,1,R00,1.0,0.0,1.0,1.0,1,0,0,0,G3C,1.0,0.0,1.0,1,H,1.0,0.0,1,A,1.0,0.0,1,1,1.0,0.0,1,paragraph_continuation,1.0,0.0,1.0,LOW_POWER_TOKEN,LOW_SUPPORT_OR_POLYFUNCTIONAL,LOW,"f17v.18,+P0",H|A|1|paragraph_continuation:1/R00
oreeey,1,1,R00,1.0,0.0,1.0,1.0,1,0,0,0,G2,1.0,0.0,1.0,1,S,1.0,0.0,1,A,1.0,0.0,1,3,1.0,0.0,1,paragraph_continuation,1.0,0.0,1.0,LOW_POWER_TOKEN,LOW_SUPPORT_OR_POLYFUNCTIONAL,LOW,"f58v.12,+P0",S|A|3|paragraph_continuation:1/R00
org,1,1,R00,1.0,0.0,1.0,1.0,1,0,0,0,G2,1.0,0.0,1.0,1,S,1.0,0.0,1,A,1.0,0.0,1,3,1.0,0.0,1,paragraph_continuation,1.0,0.0,1.0,LOW_POWER_TOKEN,LOW_SUPPORT_OR_POLYFUNCTIONAL,LOW,"f58v.6,+P0",S|A|3|paragraph_continuation:1/R00
orkeeey,1,1,R00,1.0,0.0,1.0,1.0,1,0,0,0,G3C,1.0,0.0,1.0,1,C,1.0,0.0,1,nan,1.0,0.0,1,4,1.0,0.0,1,circular/diagram_text,1.0,0.0,1.0,LOW_POWER_TOKEN,LOW_SUPPORT_OR_POLYFUNCTIONAL,LOW,"f68v3.14,@Cc",C||4|circular/diagram_text:1/R00
orky,1,1,R00,1.0,0.0,1.0,1.0,1,0,0,0,G2,1.0,0.0,1.0,1,S,1.0,0.0,1,A,1.0,0.0,1,3,1.0,0.0,1,paragraph_continuation,1.0,0.0,1.0,LOW_POWER_TOKEN,LOW_SUPPORT_OR_POLYFUNCTIONAL,LOW,"f58v.2,+P0",S|A|3|paragraph_continuation:1/R00
orsheedy,1,1,R00,1.0,0.0,1.0,1.0,1,0,0,0,G2,1.0,0.0,1.0,1,B,1.0,0.0,1,B,1.0,0.0,1,2,1.0,0.0,1,paragraph_continuation,1.0,0.0,1.0,LOW_POWER_TOKEN,LOW_SUPPORT_OR_POLYFUNCTIONAL,LOW,"f79v.34,+P0",B|B|2|paragraph_continuation:1/R00
orsheey,1,1,R00,1.0,0.0,1.0,1.0,1,0,0,0,G3C,1.0,0.0,1.0,1,A,1.0,0.0,1,nan,1.0,0.0,1,4,1.0,0.0,1,radial/ring_text,1.0,0.0,1.0,LOW_POWER_TOKEN,LOW_SUPPORT_OR_POLYFUNCTIONAL,LOW,"f67v1.13,@Ro",A||4|radial/ring_text:1/R00
orshy,1,1,R00,1.0,0.0,1.0,1.0,1,0,0,0,G1,1.0,0.0,1.0,1,H,1.0,0.0,1,A,1.0,0.0,1,1,1.0,0.0,1,paragraph_continuation,1.0,0.0,1.0,LOW_POWER_TOKEN,LOW_SUPPORT_OR_POLYFUNCTIONAL,LOW,"f18v.3,+P0",H|A|1|paragraph_continuation:1/R00
osaiin,1,1,R00,1.0,0.0,1.0,1.0,1,0,0,0,G2,1.0,0.0,1.0,1,S,1.0,0.0,1,B,1.0,0.0,1,3,1.0,0.0,1,paragraph_continuation,1.0,0.0,1.0,LOW_POWER_TOKEN,LOW_SUPPORT_OR_POLYFUNCTIONAL,LOW,"f103v.46,+P0",S|B|3|paragraph_continuation:1/R00
osair,1,1,R00,1.0,0.0,1.0,1.0,1,0,0,0,G3C,1.0,0.0,1.0,1,C,1.0,0.0,1,nan,1.0,0.0,1,4,1.0,0.0,1,&L,1.0,0.0,1.0,LOW_POWER_TOKEN,LOW_SUPPORT_OR_POLYFUNCTIONAL,LOW,"f69r.15,&L0",C||4|&L:1/R00
osal,1,1,R00,1.0,0.0,1.0,1.0,1,0,0,0,G3C,1.0,0.0,1.0,1,P,1.0,0.0,1,A,1.0,0.0,1,1,1.0,0.0,1,label_or_marginal,1.0,0.0,1.0,LOW_POWER_TOKEN,LOW_SUPPORT_OR_POLYFUNCTIONAL,LOW,"f88r.2,@Lf",P|A|1|label_or_marginal:1/R00
osar,1,1,R00,1.0,0.0,1.0,1.0,1,0,0,0,G3C,1.0,0.0,1.0,1,A,1.0,0.0,1,nan,1.0,0.0,1,4,1.0,0.0,1,&L,1.0,0.0,1.0,LOW_POWER_TOKEN,LOW_SUPPORT_OR_POLYFUNCTIONAL,LOW,"f67r2.70,&L0",A||4|&L:1/R00
osaram,1,1,R00,1.0,0.0,1.0,1.0,1,0,0,0,G3C,1.0,0.0,1.0,1,C,1.0,0.0,1,B,1.0,0.0,1,4,1.0,0.0,1,label_or_marginal,1.0,0.0,1.0,LOW_POWER_TOKEN,LOW_SUPPORT_OR_POLYFUNCTIONAL,LOW,"fRos.135,@L0",C|B|4|label_or_marginal:1/R00
osarsheeeo,1,1,R00,1.0,0.0,1.0,1.0,1,0,0,0,G3C,1.0,0.0,1.0,1,Z,1.0,0.0,1,nan,1.0,0.0,1,4,1.0,0.0,1,&L,1.0,0.0,1.0,LOW_POWER_TOKEN,LOW_SUPPORT_OR_POLYFUNCTIONAL,LOW,"f72r3.5,&Lz",Z||4|&L:1/R00
osary,1,1,R00,1.0,0.0,1.0,1.0,1,0,0,0,G3C,1.0,0.0,1.0,1,P,1.0,0.0,1,A,1.0,0.0,1,1,1.0,0.0,1,label_or_marginal,1.0,0.0,1.0,LOW_POWER_TOKEN,LOW_SUPPORT_OR_POLYFUNCTIONAL,LOW,"f99v.20,@Lf",P|A|1|label_or_marginal:1/R00
oscheor,1,1,R00,1.0,0.0,1.0,1.0,1,0,0,0,G3C,1.0,0.0,1.0,1,H,1.0,0.0,1,A,1.0,0.0,1,1,1.0,0.0,1,paragraph_continuation,1.0,0.0,1.0,LOW_POWER_TOKEN,LOW_SUPPORT_OR_POLYFUNCTIONAL,LOW,"f19r.3,+P0",H|A|1|paragraph_continuation:1/R00
oschoer,1,1,R00,1.0,0.0,1.0,1.0,1,0,0,0,G3C,1.0,0.0,1.0,1,A,1.0,0.0,1,nan,1.0,0.0,1,4,1.0,0.0,1,paragraph_continuation,1.0,0.0,1.0,LOW_POWER_TOKEN,LOW_SUPPORT_OR_POLYFUNCTIONAL,LOW,"f67r2.49,+Pb",A||4|paragraph_continuation:1/R00
oschotshl,1,1,R00,1.0,0.0,1.0,1.0,1,0,0,0,G3C,1.0,0.0,1.0,1,H,1.0,0.0,1,A,1.0,0.0,1,1,1.0,0.0,1,paragraph_continuation,1.0,0.0,1.0,LOW_POWER_TOKEN,LOW_SUPPORT_OR_POLYFUNCTIONAL,LOW,"f28r.8,+P0",H|A|1|paragraph_continuation:1/R00
oschy,1,1,R00,1.0,0.0,1.0,1.0,1,0,0,0,G3C,1.0,0.0,1.0,1,T,1.0,0.0,1,A,1.0,0.0,1,1,1.0,0.0,1,paragraph_continuation,1.0,0.0,1.0,LOW_POWER_TOKEN,LOW_SUPPORT_OR_POLYFUNCTIONAL,LOW,"f1r.8,+P0",T|A|1|paragraph_continuation:1/R00
osdaiin,1,1,R10,1.0,0.0,1.0,1.0,1,0,0,0,G3C,1.0,0.0,1.0,1,A,1.0,0.0,1,nan,1.0,0.0,1,4,1.0,0.0,1,label_or_marginal,1.0,0.0,1.0,LOW_POWER_TOKEN,LOW_SUPPORT_OR_POLYFUNCTIONAL,LOW,"f68r1.34,@Ls",A||4|label_or_marginal:1/R10
oshar,1,1,R00,1.0,0.0,1.0,1.0,1,0,0,0,G2,1.0,0.0,1.0,1,S,1.0,0.0,1,A,1.0,0.0,1,3,1.0,0.0,1,paragraph_continuation,1.0,0.0,1.0,LOW_POWER_TOKEN,LOW_SUPPORT_OR_POLYFUNCTIONAL,LOW,"f58v.39,+P0",S|A|3|paragraph_continuation:1/R00
osheal,1,1,R00,1.0,0.0,1.0,1.0,1,0,0,0,G3C,1.0,0.0,1.0,1,P,1.0,0.0,1,A,1.0,0.0,1,1,1.0,0.0,1,+L,1.0,0.0,1.0,LOW_POWER_TOKEN,LOW_SUPPORT_OR_POLYFUNCTIONAL,LOW,"f102r2.14,+Lc",P|A|1|+L:1/R00
osheedy,1,1,R00,1.0,0.0,1.0,1.0,1,0,0,0,G2,1.0,0.0,1.0,1,B,1.0,0.0,1,B,1.0,0.0,1,2,1.0,0.0,1,paragraph_continuation,1.0,0.0,1.0,LOW_POWER_TOKEN,LOW_SUPPORT_OR_POLYFUNCTIONAL,LOW,"f81r.18,+P0",B|B|2|paragraph_continuation:1/R00
osheey,1,1,R00,1.0,0.0,1.0,1.0,1,0,0,0,G3C,1.0,0.0,1.0,1,A,1.0,0.0,1,nan,1.0,0.0,1,4,1.0,0.0,1,radial/ring_text,1.0,0.0,1.0,LOW_POWER_TOKEN,LOW_SUPPORT_OR_POLYFUNCTIONAL,LOW,"f67v1.24,@Ro",A||4|radial/ring_text:1/R00
oshesy,1,1,R00,1.0,0.0,1.0,1.0,1,0,0,0,G3C,1.0,0.0,1.0,1,Z,1.0,0.0,1,nan,1.0,0.0,1,4,1.0,0.0,1,&L,1.0,0.0,1.0,LOW_POWER_TOKEN,LOW_SUPPORT_OR_POLYFUNCTIONAL,LOW,"f72v2.6,&Lz",Z||4|&L:1/R00
osho,1,1,R00,1.0,0.0,1.0,1.0,1,0,0,0,G3C,1.0,0.0,1.0,1,H,1.0,0.0,1,A,1.0,0.0,1,1,1.0,0.0,1,paragraph_continuation,1.0,0.0,1.0,LOW_POWER_TOKEN,LOW_SUPPORT_OR_POLYFUNCTIONAL,LOW,"f21v.5,+P0",H|A|1|paragraph_continuation:1/R00
oshol,1,1,R00,1.0,0.0,1.0,1.0,1,0,0,0,G2,1.0,0.0,1.0,1,H,1.0,0.0,1,A,1.0,0.0,1,1,1.0,0.0,1,paragraph_continuation,1.0,0.0,1.0,LOW_POWER_TOKEN,LOW_SUPPORT_OR_POLYFUNCTIONAL,LOW,"f51r.8,+P0",H|A|1|paragraph_continuation:1/R00
osocthor,1,1,R00,1.0,0.0,1.0,1.0,1,0,0,0,G3C,1.0,0.0,1.0,1,H,1.0,0.0,1,A,1.0,0.0,1,1,1.0,0.0,1,paragraph_continuation,1.0,0.0,1.0,LOW_POWER_TOKEN,LOW_SUPPORT_OR_POLYFUNCTIONAL,LOW,"f19r.13,+P0",H|A|1|paragraph_continuation:1/R00
osy,1,1,R00,1.0,0.0,1.0,1.0,1,0,0,0,G3C,1.0,0.0,1.0,1,C,1.0,0.0,1,B,1.0,0.0,1,4,1.0,0.0,1,label_or_marginal,1.0,0.0,1.0,LOW_POWER_TOKEN,LOW_SUPPORT_OR_POLYFUNCTIONAL,LOW,"fRos.58,@L0",C|B|4|label_or_marginal:1/R00
otacphy,1,1,R00,1.0,0.0,1.0,1.0,1,0,0,0,G3C,1.0,0.0,1.0,1,H,1.0,0.0,1,A,1.0,0.0,1,1,1.0,0.0,1,paragraph_continuation,1.0,0.0,1.0,LOW_POWER_TOKEN,LOW_SUPPORT_OR_POLYFUNCTIONAL,LOW,"f24r.19,+P0",H|A|1|paragraph_continuation:1/R00
otaiindaiin,1,1,R10,1.0,0.0,1.0,1.0,1,0,0,0,G3C,1.0,0.0,1.0,1,H,1.0,0.0,1,A,1.0,0.0,1,1,1.0,0.0,1,paragraph_continuation,1.0,0.0,1.0,LOW_POWER_TOKEN,LOW_SUPPORT_OR_POLYFUNCTIONAL,LOW,"f22v.9,+P0",H|A|1|paragraph_continuation:1/R10
otaiir,1,1,R00,1.0,0.0,1.0,1.0,1,0,0,0,G3C,1.0,0.0,1.0,1,H,1.0,0.0,1,A,1.0,0.0,1,1,1.0,0.0,1,paragraph_terminal_or_label,1.0,0.0,1.0,LOW_POWER_TOKEN,LOW_SUPPORT_OR_POLYFUNCTIONAL,LOW,"f25r.7,=Pt",H|A|1|paragraph_terminal_or_label:1/R00
otaim,1,1,R00,1.0,0.0,1.0,1.0,1,0,0,0,G2,1.0,0.0,1.0,1,S,1.0,0.0,1,B,1.0,0.0,1,3,1.0,0.0,1,paragraph_continuation,1.0,0.0,1.0,LOW_POWER_TOKEN,LOW_SUPPORT_OR_POLYFUNCTIONAL,LOW,"f111v.3,+P0",S|B|3|paragraph_continuation:1/R00
otainy,1,1,R00,1.0,0.0,1.0,1.0,1,0,0,0,G3C,1.0,0.0,1.0,1,Z,1.0,0.0,1,nan,1.0,0.0,1,4,1.0,0.0,1,&L,1.0,0.0,1.0,LOW_POWER_TOKEN,LOW_SUPPORT_OR_POLYFUNCTIONAL,LOW,"f72r1.17,&Lz",Z||4|&L:1/R00
otairdy,1,1,R00,1.0,0.0,1.0,1.0,1,0,0,0,G3C,1.0,0.0,1.0,1,Z,1.0,0.0,1,nan,1.0,0.0,1,4,1.0,0.0,1,&L,1.0,0.0,1.0,LOW_POWER_TOKEN,LOW_SUPPORT_OR_POLYFUNCTIONAL,LOW,"f72r2.14,&Lz",Z||4|&L:1/R00
otairo,1,1,R00,1.0,0.0,1.0,1.0,1,0,0,0,G3C,1.0,0.0,1.0,1,C,1.0,0.0,1,nan,1.0,0.0,1,4,1.0,0.0,1,circular/diagram_text,1.0,0.0,1.0,LOW_POWER_TOKEN,LOW_SUPPORT_OR_POLYFUNCTIONAL,LOW,"f68v3.14,@Cc",C||4|circular/diagram_text:1/R00
otalalg,1,1,R00,1.0,0.0,1.0,1.0,1,0,0,0,G3C,1.0,0.0,1.0,1,Z,1.0,0.0,1,nan,1.0,0.0,1,4,1.0,0.0,1,label_or_marginal,1.0,0.0,1.0,LOW_POWER_TOKEN,LOW_SUPPORT_OR_POLYFUNCTIONAL,LOW,"f70v2.2,@Lz",Z||4|label_or_marginal:1/R00
otalaly,1,1,R00,1.0,0.0,1.0,1.0,1,0,0,0,G3C,1.0,0.0,1.0,1,Z,1.0,0.0,1,nan,1.0,0.0,1,4,1.0,0.0,1,&L,1.0,0.0,1.0,LOW_POWER_TOKEN,LOW_SUPPORT_OR_POLYFUNCTIONAL,LOW,"f71r.11,&Lz",Z||4|&L:1/R00
otalar,1,1,R00,1.0,0.0,1.0,1.0,1,0,0,0,G3C,1.0,0.0,1.0,1,Z,1.0,0.0,1,nan,1.0,0.0,1,4,1.0,0.0,1,&L,1.0,0.0,1.0,LOW_POWER_TOKEN,LOW_SUPPORT_OR_POLYFUNCTIONAL,LOW,"f70v2.24,&Lz",Z||4|&L:1/R00
otald,1,1,R00,1.0,0.0,1.0,1.0,1,0,0,0,G3C,1.0,0.0,1.0,1,Z,1.0,0.0,1,nan,1.0,0.0,1,4,1.0,0.0,1,&L,1.0,0.0,1.0,LOW_POWER_TOKEN,LOW_SUPPORT_OR_POLYFUNCTIONAL,LOW,"f70v2.10,&Lz",Z||4|&L:1/R00
otaldal,1,1,R09,1.0,0.0,1.0,1.0,1,0,0,0,G3C,1.0,0.0,1.0,1,C,1.0,0.0,1,nan,1.0,0.0,1,4,1.0,0.0,1,paragraph_continuation,1.0,0.0,1.0,LOW_POWER_TOKEN,LOW_SUPPORT_OR_POLYFUNCTIONAL,LOW,"f70r2.6,+P1",C||4|paragraph_continuation:1/R09
otaleky,1,1,R00,1.0,0.0,1.0,1.0,1,0,0,0,G3C,1.0,0.0,1.0,1,Z,1.0,0.0,1,nan,1.0,0.0,1,4,1.0,0.0,1,&L,1.0,0.0,1.0,LOW_POWER_TOKEN,LOW_SUPPORT_OR_POLYFUNCTIONAL,LOW,"f71r.7,&Lz",Z||4|&L:1/R00
otalody,1,1,R00,1.0,0.0,1.0,1.0,1,0,0,0,G3C,1.0,0.0,1.0,1,Z,1.0,0.0,1,nan,1.0,0.0,1,4,1.0,0.0,1,&L,1.0,0.0,1.0,LOW_POWER_TOKEN,LOW_SUPPORT_OR_POLYFUNCTIONAL,LOW,"f71v.14,&Lz",Z||4|&L:1/R00
otalsar,1,1,R00,1.0,0.0,1.0,1.0,1,0,0,0,G3C,1.0,0.0,1.0,1,Z,1.0,0.0,1,nan,1.0,0.0,1,4,1.0,0.0,1,&L,1.0,0.0,1.0,LOW_POWER_TOKEN,LOW_SUPPORT_OR_POLYFUNCTIONAL,LOW,"f71r.8,&Lz",Z||4|&L:1/R00
otalshdy,1,1,R00,1.0,0.0,1.0,1.0,1,0,0,0,G2,1.0,0.0,1.0,1,B,1.0,0.0,1,B,1.0,0.0,1,2,1.0,0.0,1,paragraph_continuation,1.0,0.0,1.0,LOW_POWER_TOKEN,LOW_SUPPORT_OR_POLYFUNCTIONAL,LOW,"f79v.28,+P0",B|B|2|paragraph_continuation:1/R00
otalshedy,1,1,R00,1.0,0.0,1.0,1.0,1,0,0,0,G3C,1.0,0.0,1.0,1,B,1.0,0.0,1,B,1.0,0.0,1,2,1.0,0.0,1,=L,1.0,0.0,1.0,LOW_POWER_TOKEN,LOW_SUPPORT_OR_POLYFUNCTIONAL,LOW,"f80r.8,=Ln",B|B|2|=L:1/R00
otalshy,1,1,R00,1.0,0.0,1.0,1.0,1,0,0,0,G3C,1.0,0.0,1.0,1,Z,1.0,0.0,1,nan,1.0,0.0,1,4,1.0,0.0,1,&L,1.0,0.0,1.0,LOW_POWER_TOKEN,LOW_SUPPORT_OR_POLYFUNCTIONAL,LOW,"f72r2.26,&Lz",Z||4|&L:1/R00
otalsy,1,1,R00,1.0,0.0,1.0,1.0,1,0,0,0,G3C,1.0,0.0,1.0,1,P,1.0,0.0,1,A,1.0,0.0,1,1,1.0,0.0,1,label_or_marginal,1.0,0.0,1.0,LOW_POWER_TOKEN,LOW_SUPPORT_OR_POLYFUNCTIONAL,LOW,"f89r2.32,@Lf",P|A|1|label_or_marginal:1/R00
otaraiin,1,1,R00,1.0,0.0,1.0,1.0,1,0,0,0,G2,1.0,0.0,1.0,1,S,1.0,0.0,1,B,1.0,0.0,1,3,1.0,0.0,1,paragraph_continuation,1.0,0.0,1.0,LOW_POWER_TOKEN,LOW_SUPPORT_OR_POLYFUNCTIONAL,LOW,"f107r.15,+P0",S|B|3|paragraph_continuation:1/R00
otaram,1,1,R00,1.0,0.0,1.0,1.0,1,0,0,0,G3C,1.0,0.0,1.0,1,P,1.0,0.0,1,A,1.0,0.0,1,1,1.0,0.0,1,label_or_marginal,1.0,0.0,1.0,LOW_POWER_TOKEN,LOW_SUPPORT_OR_POLYFUNCTIONAL,LOW,"f89v2.24,@Lf",P|A|1|label_or_marginal:1/R00
otarar,1,1,R00,1.0,0.0,1.0,1.0,1,0,0,0,G3C,1.0,0.0,1.0,1,P,1.0,0.0,1,A,1.0,0.0,1,1,1.0,0.0,1,label_or_marginal,1.0,0.0,1.0,LOW_POWER_TOKEN,LOW_SUPPORT_OR_POLYFUNCTIONAL,LOW,"f101v.7,@Lf",P|A|1|label_or_marginal:1/R00
otararain,1,1,R00,1.0,0.0,1.0,1.0,1,0,0,0,G3C,1.0,0.0,1.0,1,C,1.0,0.0,1,nan,1.0,0.0,1,4,1.0,0.0,1,label_or_marginal,1.0,0.0,1.0,LOW_POWER_TOKEN,LOW_SUPPORT_OR_POLYFUNCTIONAL,LOW,"f67v2.2,@La",C||4|label_or_marginal:1/R00
otardaly,1,1,R09,1.0,0.0,1.0,1.0,1,0,0,0,G3C,1.0,0.0,1.0,1,C,1.0,0.0,1,nan,1.0,0.0,1,1,1.0,0.0,1,label_or_marginal,1.0,0.0,1.0,LOW_POWER_TOKEN,LOW_SUPPORT_OR_POLYFUNCTIONAL,LOW,"f57v.9,@L0",C||1|label_or_marginal:1/R09
otardy,1,1,R00,1.0,0.0,1.0,1.0,1,0,0,0,G3C,1.0,0.0,1.0,1,A,1.0,0.0,1,nan,1.0,0.0,1,4,1.0,0.0,1,&L,1.0,0.0,1.0,LOW_POWER_TOKEN,LOW_SUPPORT_OR_POLYFUNCTIONAL,LOW,"f67r2.57,&Ls",A||4|&L:1/R00
otary,1,1,R00,1.0,0.0,1.0,1.0,1,0,0,0,G3C,1.0,0.0,1.0,1,A,1.0,0.0,1,nan,1.0,0.0,1,4,1.0,0.0,1,=L,1.0,0.0,1.0,LOW_POWER_TOKEN,LOW_SUPPORT_OR_POLYFUNCTIONAL,LOW,"f68r3.14,=Ls",A||4|=L:1/R00
otay,1,1,R00,1.0,0.0,1.0,1.0,1,0,0,0,G2,1.0,0.0,1.0,1,S,1.0,0.0,1,B,1.0,0.0,1,3,1.0,0.0,1,paragraph_continuation,1.0,0.0,1.0,LOW_POWER_TOKEN,LOW_SUPPORT_OR_POLYFUNCTIONAL,LOW,"f103v.15,+P0",S|B|3|paragraph_continuation:1/R00
otchal,1,1,R00,1.0,0.0,1.0,1.0,1,0,0,0,G3C,1.0,0.0,1.0,1,H,1.0,0.0,1,A,1.0,0.0,1,1,1.0,0.0,1,paragraph_continuation,1.0,0.0,1.0,LOW_POWER_TOKEN,LOW_SUPPORT_OR_POLYFUNCTIONAL,LOW,"f3v.5,+P0",H|A|1|paragraph_continuation:1/R00
otchald,1,1,R00,1.0,0.0,1.0,1.0,1,0,0,0,G1,1.0,0.0,1.0,1,H,1.0,0.0,1,A,1.0,0.0,1,1,1.0,0.0,1,paragraph_continuation,1.0,0.0,1.0,LOW_POWER_TOKEN,LOW_SUPPORT_OR_POLYFUNCTIONAL,LOW,"f23r.4,+P0",H|A|1|paragraph_continuation:1/R00
otcham,1,1,R00,1.0,0.0,1.0,1.0,1,0,0,0,G3C,1.0,0.0,1.0,1,H,1.0,0.0,1,A,1.0,0.0,1,1,1.0,0.0,1,paragraph_continuation,1.0,0.0,1.0,LOW_POWER_TOKEN,LOW_SUPPORT_OR_POLYFUNCTIONAL,LOW,"f3v.7,+P0",H|A|1|paragraph_continuation:1/R00
otchdal,1,1,R09,1.0,0.0,1.0,1.0,1,0,0,0,G3C,1.0,0.0,1.0,1,Z,1.0,0.0,1,nan,1.0,0.0,1,4,1.0,0.0,1,&L,1.0,0.0,1.0,LOW_POWER_TOKEN,LOW_SUPPORT_OR_POLYFUNCTIONAL,LOW,"f72r1.15,&Lz",Z||4|&L:1/R09
otchdam,1,1,R00,1.0,0.0,1.0,1.0,1,0,0,0,G3C,1.0,0.0,1.0,1,C,1.0,0.0,1,B,1.0,0.0,1,4,1.0,0.0,1,label_or_marginal,1.0,0.0,1.0,LOW_POWER_TOKEN,LOW_SUPPORT_OR_POLYFUNCTIONAL,LOW,"fRos.129,@L0",C|B|4|label_or_marginal:1/R00
otchedey,1,1,R00,1.0,0.0,1.0,1.0,1,0,0,0,G2,1.0,0.0,1.0,1,S,1.0,0.0,1,B,1.0,0.0,1,3,1.0,0.0,1,paragraph_continuation,1.0,0.0,1.0,LOW_POWER_TOKEN,LOW_SUPPORT_OR_POLYFUNCTIONAL,LOW,"f111r.12,+P0",S|B|3|paragraph_continuation:1/R00
otcheey,1,1,R00,1.0,0.0,1.0,1.0,1,0,0,0,G2,1.0,0.0,1.0,1,S,1.0,0.0,1,B,1.0,0.0,1,3,1.0,0.0,1,paragraph_continuation,1.0,0.0,1.0,LOW_POWER_TOKEN,LOW_SUPPORT_OR_POLYFUNCTIONAL,LOW,"f107r.7,+P0",S|B|3|paragraph_continuation:1/R00
otcheodar,1,1,R00,1.0,0.0,1.0,1.0,1,0,0,0,G3C,1.0,0.0,1.0,1,A,1.0,0.0,1,nan,1.0,0.0,1,4,1.0,0.0,1,label_or_marginal,1.0,0.0,1.0,LOW_POWER_TOKEN,LOW_SUPPORT_OR_POLYFUNCTIONAL,LOW,"f68r2.24,@Ls",A||4|label_or_marginal:1/R00
otcheoly,1,1,R00,1.0,0.0,1.0,1.0,1,0,0,0,G3C,1.0,0.0,1.0,1,A,1.0,0.0,1,nan,1.0,0.0,1,4,1.0,0.0,1,paragraph_start,1.0,0.0,1.0,LOW_POWER_TOKEN,LOW_SUPPORT_OR_POLYFUNCTIONAL,LOW,"f68r2.1,@P0",A||4|paragraph_start:1/R00
otcheylldy,1,1,R00,1.0,0.0,1.0,1.0,1,0,0,0,G2,1.0,0.0,1.0,1,S,1.0,0.0,1,B,1.0,0.0,1,3,1.0,0.0,1,paragraph_continuation,1.0,0.0,1.0,LOW_POWER_TOKEN,LOW_SUPPORT_OR_POLYFUNCTIONAL,LOW,"f111v.29,+P0",S|B|3|paragraph_continuation:1/R00
otcho,1,1,R00,1.0,0.0,1.0,1.0,1,0,0,0,G3C,1.0,0.0,1.0,1,H,1.0,0.0,1,A,1.0,0.0,1,1,1.0,0.0,1,paragraph_continuation,1.0,0.0,1.0,LOW_POWER_TOKEN,LOW_SUPPORT_OR_POLYFUNCTIONAL,LOW,"f14r.7,+P0",H|A|1|paragraph_continuation:1/R00
otchodals,1,1,R00,1.0,0.0,1.0,1.0,1,0,0,0,G3C,1.0,0.0,1.0,1,Z,1.0,0.0,1,nan,1.0,0.0,1,4,1.0,0.0,1,&L,1.0,0.0,1.0,LOW_POWER_TOKEN,LOW_SUPPORT_OR_POLYFUNCTIONAL,LOW,"f70v1.8,&Lz",Z||4|&L:1/R00
otcholcheaiin,1,1,R07,1.0,0.0,1.0,1.0,1,0,0,0,G3C,1.0,0.0,1.0,1,H,1.0,0.0,1,A,1.0,0.0,1,1,1.0,0.0,1,paragraph_continuation,1.0,0.0,1.0,LOW_POWER_TOKEN,LOW_SUPPORT_OR_POLYFUNCTIONAL,LOW,"f19v.14,+Pr",H|A|1|paragraph_continuation:1/R07
otcholocthol,1,1,R07,1.0,0.0,1.0,1.0,1,0,0,0,G3C,1.0,0.0,1.0,1,H,1.0,0.0,1,A,1.0,0.0,1,1,1.0,0.0,1,paragraph_continuation,1.0,0.0,1.0,LOW_POWER_TOKEN,LOW_SUPPORT_OR_POLYFUNCTIONAL,LOW,"f15v.9,+P0",H|A|1|paragraph_continuation:1/R07
otchoshy,1,1,R00,1.0,0.0,1.0,1.0,1,0,0,0,G3C,1.0,0.0,1.0,1,Z,1.0,0.0,1,nan,1.0,0.0,1,4,1.0,0.0,1,&L,1.0,0.0,1.0,LOW_POWER_TOKEN,LOW_SUPPORT_OR_POLYFUNCTIONAL,LOW,"f72r1.14,&Lz",Z||4|&L:1/R00
otdar,1,1,R00,1.0,0.0,1.0,1.0,1,0,0,0,G3C,1.0,0.0,1.0,1,C,1.0,0.0,1,B,1.0,0.0,1,4,1.0,0.0,1,label_or_marginal,1.0,0.0,1.0,LOW_POWER_TOKEN,LOW_SUPPORT_OR_POLYFUNCTIONAL,LOW,"fRos.121,@L0",C|B|4|label_or_marginal:1/R00
otdordy,1,1,R00,1.0,0.0,1.0,1.0,1,0,0,0,G3C,1.0,0.0,1.0,1,P,1.0,0.0,1,A,1.0,0.0,1,1,1.0,0.0,1,label_or_marginal,1.0,0.0,1.0,LOW_POWER_TOKEN,LOW_SUPPORT_OR_POLYFUNCTIONAL,LOW,"f88v.29,@Lf",P|A|1|label_or_marginal:1/R00
oteaiin,1,1,R01,1.0,0.0,1.0,1.0,1,0,0,0,G2,1.0,0.0,1.0,1,S,1.0,0.0,1,B,1.0,0.0,1,3,1.0,0.0,1,paragraph_continuation,1.0,0.0,1.0,LOW_POWER_TOKEN,LOW_SUPPORT_OR_POLYFUNCTIONAL,LOW,"f103v.26,+P0",S|B|3|paragraph_continuation:1/R01
oteain,1,1,R01,1.0,0.0,1.0,1.0,1,0,0,0,G2,1.0,0.0,1.0,1,S,1.0,0.0,1,B,1.0,0.0,1,3,1.0,0.0,1,paragraph_continuation,1.0,0.0,1.0,LOW_POWER_TOKEN,LOW_SUPPORT_OR_POLYFUNCTIONAL,LOW,"f111v.31,+P0",S|B|3|paragraph_continuation:1/R01
otechys,1,1,R01,1.0,0.0,1.0,1.0,1,0,0,0,G1,1.0,0.0,1.0,1,B,1.0,0.0,1,B,1.0,0.0,1,2,1.0,0.0,1,paragraph_continuation,1.0,0.0,1.0,LOW_POWER_TOKEN,LOW_SUPPORT_OR_POLYFUNCTIONAL,LOW,"f79r.10,+P0",B|B|2|paragraph_continuation:1/R01
otedar,1,1,R01,1.0,0.0,1.0,1.0,1,0,0,0,G1,1.0,0.0,1.0,1,S,1.0,0.0,1,B,1.0,0.0,1,3,1.0,0.0,1,paragraph_continuation,1.0,0.0,1.0,LOW_POWER_TOKEN,LOW_SUPPORT_OR_POLYFUNCTIONAL,LOW,"f111r.26,+P0",S|B|3|paragraph_continuation:1/R01
otedeey,1,1,R01,1.0,0.0,1.0,1.0,1,0,0,0,G1,1.0,0.0,1.0,1,B,1.0,0.0,1,B,1.0,0.0,1,2,1.0,0.0,1,paragraph_continuation,1.0,0.0,1.0,LOW_POWER_TOKEN,LOW_SUPPORT_OR_POLYFUNCTIONAL,LOW,"f76v.12,+P0",B|B|2|paragraph_continuation:1/R01
otedol,1,1,R01,1.0,0.0,1.0,1.0,1,0,0,0,G2,1.0,0.0,1.0,1,H,1.0,0.0,1,B,1.0,0.0,1,2,1.0,0.0,1,paragraph_continuation,1.0,0.0,1.0,LOW_POWER_TOKEN,LOW_SUPPORT_OR_POLYFUNCTIONAL,LOW,"f43v.5,+P0",H|B|2|paragraph_continuation:1/R01
otedyl,1,1,R01,1.0,0.0,1.0,1.0,1,0,0,0,G2,1.0,0.0,1.0,1,T,1.0,0.0,1,B,1.0,0.0,1,2,1.0,0.0,1,paragraph_terminal_or_label,1.0,0.0,1.0,LOW_POWER_TOKEN,LOW_SUPPORT_OR_POLYFUNCTIONAL,LOW,"f76r.19,=P0",T|B|2|paragraph_terminal_or_label:1/R01
otee,1,1,R01,1.0,0.0,1.0,1.0,1,0,0,0,G2,1.0,0.0,1.0,1,S,1.0,0.0,1,B,1.0,0.0,1,3,1.0,0.0,1,paragraph_continuation,1.0,0.0,1.0,LOW_POWER_TOKEN,LOW_SUPPORT_OR_POLYFUNCTIONAL,LOW,"f111v.3,+P0",S|B|3|paragraph_continuation:1/R01
oteeam,1,1,R01,1.0,0.0,1.0,1.0,1,0,0,0,G2,1.0,0.0,1.0,1,S,1.0,0.0,1,B,1.0,0.0,1,3,1.0,0.0,1,paragraph_continuation,1.0,0.0,1.0,LOW_POWER_TOKEN,LOW_SUPPORT_OR_POLYFUNCTIONAL,LOW,"f103v.25,+P0",S|B|3|paragraph_continuation:1/R01
oteedain,1,1,R01,1.0,0.0,1.0,1.0,1,0,0,0,G1,1.0,0.0,1.0,1,S,1.0,0.0,1,B,1.0,0.0,1,3,1.0,0.0,1,paragraph_continuation,1.0,0.0,1.0,LOW_POWER_TOKEN,LOW_SUPPORT_OR_POLYFUNCTIONAL,LOW,"f108v.21,+P0",S|B|3|paragraph_continuation:1/R01
oteedal,1,1,R01,1.0,0.0,1.0,1.0,1,0,0,0,G3B,1.0,0.0,1.0,1,S,1.0,0.0,1,B,1.0,0.0,1,3,1.0,0.0,1,paragraph_continuation,1.0,0.0,1.0,LOW_POWER_TOKEN,LOW_SUPPORT_OR_POLYFUNCTIONAL,LOW,"f115v.30,+P0",S|B|3|paragraph_continuation:1/R01
oteeedchey,1,1,R01,1.0,0.0,1.0,1.0,1,0,0,0,G1,1.0,0.0,1.0,1,S,1.0,0.0,1,B,1.0,0.0,1,@,1.0,0.0,1,paragraph_continuation,1.0,0.0,1.0,LOW_POWER_TOKEN,LOW_SUPPORT_OR_POLYFUNCTIONAL,LOW,"f115r.17,+P0",S|B|@|paragraph_continuation:1/R01
oteeey,1,1,R01,1.0,0.0,1.0,1.0,1,0,0,0,G2,1.0,0.0,1.0,1,S,1.0,0.0,1,B,1.0,0.0,1,3,1.0,0.0,1,paragraph_continuation,1.0,0.0,1.0,LOW_POWER_TOKEN,LOW_SUPPORT_OR_POLYFUNCTIONAL,LOW,"f107r.5,+P0",S|B|3|paragraph_continuation:1/R01
oteeyldaiin,1,1,R01,1.0,0.0,1.0,1.0,1,0,0,0,G2,1.0,0.0,1.0,1,T,1.0,0.0,1,B,1.0,0.0,1,5,1.0,0.0,1,paragraph_continuation,1.0,0.0,1.0,LOW_POWER_TOKEN,LOW_SUPPORT_OR_POLYFUNCTIONAL,LOW,"f66r.79,+P0",T|B|5|paragraph_continuation:1/R01
oteodaiin,1,1,R01,1.0,0.0,1.0,1.0,1,0,0,0,G1,1.0,0.0,1.0,1,S,1.0,0.0,1,B,1.0,0.0,1,3,1.0,0.0,1,paragraph_continuation,1.0,0.0,1.0,LOW_POWER_TOKEN,LOW_SUPPORT_OR_POLYFUNCTIONAL,LOW,"f111r.26,+P0",S|B|3|paragraph_continuation:1/R01
oteolair,1,1,R01,1.0,0.0,1.0,1.0,1,0,0,0,G2,1.0,0.0,1.0,1,S,1.0,0.0,1,B,1.0,0.0,1,3,1.0,0.0,1,paragraph_continuation,1.0,0.0,1.0,LOW_POWER_TOKEN,LOW_SUPPORT_OR_POLYFUNCTIONAL,LOW,"f111r.12,+P0",S|B|3|paragraph_continuation:1/R01
oteor,1,1,R01,1.0,0.0,1.0,1.0,1,0,0,0,G2,1.0,0.0,1.0,1,S,1.0,0.0,1,A,1.0,0.0,1,3,1.0,0.0,1,paragraph_continuation,1.0,0.0,1.0,LOW_POWER_TOKEN,LOW_SUPPORT_OR_POLYFUNCTIONAL,LOW,"f58v.7,+P0",S|A|3|paragraph_continuation:1/R01
otes,1,1,R01,1.0,0.0,1.0,1.0,1,0,0,0,G2,1.0,0.0,1.0,1,S,1.0,0.0,1,B,1.0,0.0,1,3,1.0,0.0,1,paragraph_continuation,1.0,0.0,1.0,LOW_POWER_TOKEN,LOW_SUPPORT_OR_POLYFUNCTIONAL,LOW,"f111r.17,+P0",S|B|3|paragraph_continuation:1/R01
oto,1,1,R00,1.0,0.0,1.0,1.0,1,0,0,0,G3C,1.0,0.0,1.0,1,C,1.0,0.0,1,nan,1.0,0.0,1,4,1.0,0.0,1,&L,1.0,0.0,1.0,LOW_POWER_TOKEN,LOW_SUPPORT_OR_POLYFUNCTIONAL,LOW,"f69r.7,&L0",C||4|&L:1/R00
otoaiin,1,1,R00,1.0,0.0,1.0,1.0,1,0,0,0,G3C,1.0,0.0,1.0,1,Z,1.0,0.0,1,nan,1.0,0.0,1,4,1.0,0.0,1,&L,1.0,0.0,1.0,LOW_POWER_TOKEN,LOW_SUPPORT_OR_POLYFUNCTIONAL,LOW,"f72r3.6,&Lz",Z||4|&L:1/R00
otochedy,1,1,R00,1.0,0.0,1.0,1.0,1,0,0,0,G3C,1.0,0.0,1.0,1,A,1.0,0.0,1,nan,1.0,0.0,1,4,1.0,0.0,1,label_or_marginal,1.0,0.0,1.0,LOW_POWER_TOKEN,LOW_SUPPORT_OR_POLYFUNCTIONAL,LOW,"f68r1.35,@Ls",A||4|label_or_marginal:1/R00
otochedysy,1,1,R00,1.0,0.0,1.0,1.0,1,0,0,0,G3C,1.0,0.0,1.0,1,C,1.0,0.0,1,B,1.0,0.0,1,4,1.0,0.0,1,+L,1.0,0.0,1.0,LOW_POWER_TOKEN,LOW_SUPPORT_OR_POLYFUNCTIONAL,LOW,"fRos.7,+L0",C|B|4|+L:1/R00
otodedy,1,1,R00,1.0,0.0,1.0,1.0,1,0,0,0,G3C,1.0,0.0,1.0,1,C,1.0,0.0,1,B,1.0,0.0,1,4,1.0,0.0,1,label_or_marginal,1.0,0.0,1.0,LOW_POWER_TOKEN,LOW_SUPPORT_OR_POLYFUNCTIONAL,LOW,"fRos.119,@L0",C|B|4|label_or_marginal:1/R00
otodeeodor,1,1,R00,1.0,0.0,1.0,1.0,1,0,0,0,G3C,1.0,0.0,1.0,1,P,1.0,0.0,1,A,1.0,0.0,1,1,1.0,0.0,1,label_or_marginal,1.0,0.0,1.0,LOW_POWER_TOKEN,LOW_SUPPORT_OR_POLYFUNCTIONAL,LOW,"f102r1.2,@Lf",P|A|1|label_or_marginal:1/R00
otodey,1,1,R00,1.0,0.0,1.0,1.0,1,0,0,0,G3C,1.0,0.0,1.0,1,C,1.0,0.0,1,B,1.0,0.0,1,4,1.0,0.0,1,label_or_marginal,1.0,0.0,1.0,LOW_POWER_TOKEN,LOW_SUPPORT_OR_POLYFUNCTIONAL,LOW,"fRos.118,@L0",C|B|4|label_or_marginal:1/R00
otodol,1,1,R00,1.0,0.0,1.0,1.0,1,0,0,0,G3C,1.0,0.0,1.0,1,C,1.0,0.0,1,nan,1.0,0.0,1,4,1.0,0.0,1,label_or_marginal,1.0,0.0,1.0,LOW_POWER_TOKEN,LOW_SUPPORT_OR_POLYFUNCTIONAL,LOW,"f68v3.15,@L0",C||4|label_or_marginal:1/R00
otoeeo,1,1,R00,1.0,0.0,1.0,1.0,1,0,0,0,G3C,1.0,0.0,1.0,1,A,1.0,0.0,1,nan,1.0,0.0,1,4,1.0,0.0,1,label_or_marginal,1.0,0.0,1.0,LOW_POWER_TOKEN,LOW_SUPPORT_OR_POLYFUNCTIONAL,LOW,"f68r2.22,@Ls",A||4|label_or_marginal:1/R00
otokol,1,1,R00,1.0,0.0,1.0,1.0,1,0,0,0,G3C,1.0,0.0,1.0,1,P,1.0,0.0,1,A,1.0,0.0,1,1,1.0,0.0,1,label_or_marginal,1.0,0.0,1.0,LOW_POWER_TOKEN,LOW_SUPPORT_OR_POLYFUNCTIONAL,LOW,"f88v.5,@Lf",P|A|1|label_or_marginal:1/R00
otold,1,1,R00,1.0,0.0,1.0,1.0,1,0,0,0,G3C,1.0,0.0,1.0,1,P,1.0,0.0,1,A,1.0,0.0,1,1,1.0,0.0,1,label_or_marginal,1.0,0.0,1.0,LOW_POWER_TOKEN,LOW_SUPPORT_OR_POLYFUNCTIONAL,LOW,"f89r2.9,@Lc",P|A|1|label_or_marginal:1/R00
otorain,1,1,R00,1.0,0.0,1.0,1.0,1,0,0,0,G3C,1.0,0.0,1.0,1,P,1.0,0.0,1,A,1.0,0.0,1,1,1.0,0.0,1,label_or_marginal,1.0,0.0,1.0,LOW_POWER_TOKEN,LOW_SUPPORT_OR_POLYFUNCTIONAL,LOW,"f89r1.13,@Lf",P|A|1|label_or_marginal:1/R00
otorchety,1,1,R00,1.0,0.0,1.0,1.0,1,0,0,0,G3C,1.0,0.0,1.0,1,P,1.0,0.0,1,A,1.0,0.0,1,1,1.0,0.0,1,label_or_marginal,1.0,0.0,1.0,LOW_POWER_TOKEN,LOW_SUPPORT_OR_POLYFUNCTIONAL,LOW,"f88r.1,@Lc",P|A|1|label_or_marginal:1/R00
otork,1,1,R00,1.0,0.0,1.0,1.0,1,0,0,0,G3C,1.0,0.0,1.0,1,B,1.0,0.0,1,B,1.0,0.0,1,2,1.0,0.0,1,~L,1.0,0.0,1.0,LOW_POWER_TOKEN,LOW_SUPPORT_OR_POLYFUNCTIONAL,LOW,"f77r.4,~Lt",B|B|2|~L:1/R00
otorkeol,1,1,R00,1.0,0.0,1.0,1.0,1,0,0,0,G3C,1.0,0.0,1.0,1,A,1.0,0.0,1,nan,1.0,0.0,1,4,1.0,0.0,1,radial/ring_text,1.0,0.0,1.0,LOW_POWER_TOKEN,LOW_SUPPORT_OR_POLYFUNCTIONAL,LOW,"f67v1.13,@Ro",A||4|radial/ring_text:1/R00
otorshos,1,1,R00,1.0,0.0,1.0,1.0,1,0,0,0,G3C,1.0,0.0,1.0,1,P,1.0,0.0,1,A,1.0,0.0,1,1,1.0,0.0,1,label_or_marginal,1.0,0.0,1.0,LOW_POWER_TOKEN,LOW_SUPPORT_OR_POLYFUNCTIONAL,LOW,"f89v1.22,@Lf",P|A|1|label_or_marginal:1/R00
otos,1,1,R00,1.0,0.0,1.0,1.0,1,0,0,0,G1,1.0,0.0,1.0,1,H,1.0,0.0,1,A,1.0,0.0,1,1,1.0,0.0,1,paragraph_continuation,1.0,0.0,1.0,LOW_POWER_TOKEN,LOW_SUPPORT_OR_POLYFUNCTIONAL,LOW,"f53r.7,+P0",H|A|1|paragraph_continuation:1/R00
otosaiin,1,1,R00,1.0,0.0,1.0,1.0,1,0,0,0,G3C,1.0,0.0,1.0,1,C,1.0,0.0,1,B,1.0,0.0,1,4,1.0,0.0,1,label_or_marginal,1.0,0.0,1.0,LOW_POWER_TOKEN,LOW_SUPPORT_OR_POLYFUNCTIONAL,LOW,"fRos.128,@L0",C|B|4|label_or_marginal:1/R00
otosey,1,1,R00,1.0,0.0,1.0,1.0,1,0,0,0,G3C,1.0,0.0,1.0,1,A,1.0,0.0,1,nan,1.0,0.0,1,4,1.0,0.0,1,radial/ring_text,1.0,0.0,1.0,LOW_POWER_TOKEN,LOW_SUPPORT_OR_POLYFUNCTIONAL,LOW,"f68v2.8,@Ro",A||4|radial/ring_text:1/R00
otoshol,1,1,R00,1.0,0.0,1.0,1.0,1,0,0,0,G3C,1.0,0.0,1.0,1,A,1.0,0.0,1,nan,1.0,0.0,1,4,1.0,0.0,1,label_or_marginal,1.0,0.0,1.0,LOW_POWER_TOKEN,LOW_SUPPORT_OR_POLYFUNCTIONAL,LOW,"f68r2.27,@Ls",A||4|label_or_marginal:1/R00
otosy,1,1,R00,1.0,0.0,1.0,1.0,1,0,0,0,G3C,1.0,0.0,1.0,1,H,1.0,0.0,1,A,1.0,0.0,1,1,1.0,0.0,1,paragraph_terminal_or_label,1.0,0.0,1.0,LOW_POWER_TOKEN,LOW_SUPPORT_OR_POLYFUNCTIONAL,LOW,"f25r.7,=Pt",H|A|1|paragraph_terminal_or_label:1/R00
otshal,1,1,R00,1.0,0.0,1.0,1.0,1,0,0,0,G3C,1.0,0.0,1.0,1,H,1.0,0.0,1,A,1.0,0.0,1,1,1.0,0.0,1,paragraph_start,1.0,0.0,1.0,LOW_POWER_TOKEN,LOW_SUPPORT_OR_POLYFUNCTIONAL,LOW,"f8r.1,@P0",H|A|1|paragraph_start:1/R00
otshdy,1,1,R00,1.0,0.0,1.0,1.0,1,0,0,0,G2,1.0,0.0,1.0,1,B,1.0,0.0,1,B,1.0,0.0,1,2,1.0,0.0,1,paragraph_continuation,1.0,0.0,1.0,LOW_POWER_TOKEN,LOW_SUPPORT_OR_POLYFUNCTIONAL,LOW,"f79v.21,+P0",B|B|2|paragraph_continuation:1/R00
otsheody,1,1,R00,1.0,0.0,1.0,1.0,1,0,0,0,G3C,1.0,0.0,1.0,1,S,1.0,0.0,1,B,1.0,0.0,1,3,1.0,0.0,1,paragraph_continuation,1.0,0.0,1.0,LOW_POWER_TOKEN,LOW_SUPPORT_OR_POLYFUNCTIONAL,LOW,"f113v.12,+P0",S|B|3|paragraph_continuation:1/R00
otshor,1,1,R00,1.0,0.0,1.0,1.0,1,0,0,0,G3C,1.0,0.0,1.0,1,H,1.0,0.0,1,A,1.0,0.0,1,1,1.0,0.0,1,paragraph_continuation,1.0,0.0,1.0,LOW_POWER_TOKEN,LOW_SUPPORT_OR_POLYFUNCTIONAL,LOW,"f23v.6,+P0",H|A|1|paragraph_continuation:1/R00
otshshdy,1,1,R00,1.0,0.0,1.0,1.0,1,0,0,0,G3C,1.0,0.0,1.0,1,Z,1.0,0.0,1,nan,1.0,0.0,1,4,1.0,0.0,1,&L,1.0,0.0,1.0,LOW_POWER_TOKEN,LOW_SUPPORT_OR_POLYFUNCTIONAL,LOW,"f70v1.10,&Lz",Z||4|&L:1/R00
otshy,1,1,R00,1.0,0.0,1.0,1.0,1,0,0,0,G2,1.0,0.0,1.0,1,H,1.0,0.0,1,A,1.0,0.0,1,1,1.0,0.0,1,paragraph_continuation,1.0,0.0,1.0,LOW_POWER_TOKEN,LOW_SUPPORT_OR_POLYFUNCTIONAL,LOW,"f45v.10,+P0",H|A|1|paragraph_continuation:1/R00
otyda,1,1,R00,1.0,0.0,1.0,1.0,1,0,0,0,G3C,1.0,0.0,1.0,1,P,1.0,0.0,1,A,1.0,0.0,1,1,1.0,0.0,1,label_or_marginal,1.0,0.0,1.0,LOW_POWER_TOKEN,LOW_SUPPORT_OR_POLYFUNCTIONAL,LOW,"f88r.17,@Lf",P|A|1|label_or_marginal:1/R00
otydary,1,1,R00,1.0,0.0,1.0,1.0,1,0,0,0,G3C,1.0,0.0,1.0,1,P,1.0,0.0,1,A,1.0,0.0,1,1,1.0,0.0,1,label_or_marginal,1.0,0.0,1.0,LOW_POWER_TOKEN,LOW_SUPPORT_OR_POLYFUNCTIONAL,LOW,"f88v.28,@Lf",P|A|1|label_or_marginal:1/R00
otydg,1,1,R00,1.0,0.0,1.0,1.0,1,0,0,0,G3C,1.0,0.0,1.0,1,A,1.0,0.0,1,nan,1.0,0.0,1,4,1.0,0.0,1,+L,1.0,0.0,1.0,LOW_POWER_TOKEN,LOW_SUPPORT_OR_POLYFUNCTIONAL,LOW,"f68r3.19,+Ls",A||4|+L:1/R00
otykchs,1,1,R00,1.0,0.0,1.0,1.0,1,0,0,0,G3C,1.0,0.0,1.0,1,A,1.0,0.0,1,nan,1.0,0.0,1,4,1.0,0.0,1,label_or_marginal,1.0,0.0,1.0,LOW_POWER_TOKEN,LOW_SUPPORT_OR_POLYFUNCTIONAL,LOW,"f68r1.24,@Ls",A||4|label_or_marginal:1/R00
otyky,1,1,R00,1.0,0.0,1.0,1.0,1,0,0,0,G3C,1.0,0.0,1.0,1,H,1.0,0.0,1,A,1.0,0.0,1,1,1.0,0.0,1,paragraph_continuation,1.0,0.0,1.0,LOW_POWER_TOKEN,LOW_SUPPORT_OR_POLYFUNCTIONAL,LOW,"f21r.11,+P0",H|A|1|paragraph_continuation:1/R00
otylor,1,1,R00,1.0,0.0,1.0,1.0,1,0,0,0,G2,1.0,0.0,1.0,1,B,1.0,0.0,1,B,1.0,0.0,1,2,1.0,0.0,1,paragraph_continuation,1.0,0.0,1.0,LOW_POWER_TOKEN,LOW_SUPPORT_OR_POLYFUNCTIONAL,LOW,"f79v.23,+P0",B|B|2|paragraph_continuation:1/R00
otys,1,1,R00,1.0,0.0,1.0,1.0,1,0,0,0,G3C,1.0,0.0,1.0,1,A,1.0,0.0,1,nan,1.0,0.0,1,4,1.0,0.0,1,label_or_marginal,1.0,0.0,1.0,LOW_POWER_TOKEN,LOW_SUPPORT_OR_POLYFUNCTIONAL,LOW,"f68r1.19,@Ls",A||4|label_or_marginal:1/R00
otytchy,1,1,R00,1.0,0.0,1.0,1.0,1,0,0,0,G3C,1.0,0.0,1.0,1,H,1.0,0.0,1,A,1.0,0.0,1,1,1.0,0.0,1,paragraph_continuation,1.0,0.0,1.0,LOW_POWER_TOKEN,LOW_SUPPORT_OR_POLYFUNCTIONAL,LOW,"f19r.6,+P0",H|A|1|paragraph_continuation:1/R00
oydchy,1,1,R00,1.0,0.0,1.0,1.0,1,0,0,0,G3C,1.0,0.0,1.0,1,A,1.0,0.0,1,nan,1.0,0.0,1,4,1.0,0.0,1,label_or_marginal,1.0,0.0,1.0,LOW_POWER_TOKEN,LOW_SUPPORT_OR_POLYFUNCTIONAL,LOW,"f68r2.17,@Ls",A||4|label_or_marginal:1/R00
oygy,1,1,R00,1.0,0.0,1.0,1.0,1,0,0,0,G3C,1.0,0.0,1.0,1,A,1.0,0.0,1,nan,1.0,0.0,1,4,1.0,0.0,1,circular/diagram_text,1.0,0.0,1.0,LOW_POWER_TOKEN,LOW_SUPPORT_OR_POLYFUNCTIONAL,LOW,"f68r1.37,@Cc",A||4|circular/diagram_text:1/R00
oykchor,1,1,R00,1.0,0.0,1.0,1.0,1,0,0,0,G3C,1.0,0.0,1.0,1,H,1.0,0.0,1,A,1.0,0.0,1,1,1.0,0.0,1,paragraph_continuation,1.0,0.0,1.0,LOW_POWER_TOKEN,LOW_SUPPORT_OR_POLYFUNCTIONAL,LOW,"f10r.9,+P0",H|A|1|paragraph_continuation:1/R00
oykeey,1,1,R00,1.0,0.0,1.0,1.0,1,0,0,0,G1,1.0,0.0,1.0,1,H,1.0,0.0,1,A,1.0,0.0,1,1,1.0,0.0,1,paragraph_continuation,1.0,0.0,1.0,LOW_POWER_TOKEN,LOW_SUPPORT_OR_POLYFUNCTIONAL,LOW,"f14r.2,+P0",H|A|1|paragraph_continuation:1/R00
oyteedy,1,1,R00,1.0,0.0,1.0,1.0,1,0,0,0,G3C,1.0,0.0,1.0,1,Z,1.0,0.0,1,nan,1.0,0.0,1,4,1.0,0.0,1,&L,1.0,0.0,1.0,LOW_POWER_TOKEN,LOW_SUPPORT_OR_POLYFUNCTIONAL,LOW,"f73r.25,&Lz",Z||4|&L:1/R00
oyteey,1,1,R00,1.0,0.0,1.0,1.0,1,0,0,0,G3C,1.0,0.0,1.0,1,H,1.0,0.0,1,A,1.0,0.0,1,1,1.0,0.0,1,paragraph_continuation,1.0,0.0,1.0,LOW_POWER_TOKEN,LOW_SUPPORT_OR_POLYFUNCTIONAL,LOW,"f37v.18,+P0",H|A|1|paragraph_continuation:1/R00
paichy,1,1,R06,1.0,0.0,1.0,1.0,1,0,0,0,G2,1.0,0.0,1.0,1,S,1.0,0.0,1,B,1.0,0.0,1,3,1.0,0.0,1,paragraph_continuation,1.0,0.0,1.0,LOW_POWER_TOKEN,LOW_SUPPORT_OR_POLYFUNCTIONAL,LOW,"f107r.42,+P0",S|B|3|paragraph_continuation:1/R06
parchdy,1,1,R00,1.0,0.0,1.0,1.0,1,0,0,0,G1,1.0,0.0,1.0,1,H,1.0,0.0,1,B,1.0,0.0,1,5,1.0,0.0,1,paragraph_continuation,1.0,0.0,1.0,LOW_POWER_TOKEN,LOW_SUPPORT_OR_POLYFUNCTIONAL,LOW,"f41r.7,+P0",H|B|5|paragraph_continuation:1/R00
pchar,1,1,R06,1.0,0.0,1.0,1.0,1,0,0,0,G3C,1.0,0.0,1.0,1,H,1.0,0.0,1,A,1.0,0.0,1,1,1.0,0.0,1,paragraph_continuation,1.0,0.0,1.0,LOW_POWER_TOKEN,LOW_SUPPORT_OR_POLYFUNCTIONAL,LOW,"f6r.8,+P0",H|A|1|paragraph_continuation:1/R06
pchdlar,1,1,R00,1.0,0.0,1.0,1.0,1,0,0,0,G2,1.0,0.0,1.0,1,S,1.0,0.0,1,B,1.0,0.0,1,3,1.0,0.0,1,paragraph_start,1.0,0.0,1.0,LOW_POWER_TOKEN,LOW_SUPPORT_OR_POLYFUNCTIONAL,LOW,"f107r.1,@P0",S|B|3|paragraph_start:1/R00
pchdoiin,1,1,R00,1.0,0.0,1.0,1.0,1,0,0,0,G3C,1.0,0.0,1.0,1,S,1.0,0.0,1,B,1.0,0.0,1,3,1.0,0.0,1,paragraph_start,1.0,0.0,1.0,LOW_POWER_TOKEN,LOW_SUPPORT_OR_POLYFUNCTIONAL,LOW,"f104v.1,@P0",S|B|3|paragraph_start:1/R00
pchdy,1,1,R06,1.0,0.0,1.0,1.0,1,0,0,0,G2,1.0,0.0,1.0,1,B,1.0,0.0,1,B,1.0,0.0,1,2,1.0,0.0,1,paragraph_continuation,1.0,0.0,1.0,LOW_POWER_TOKEN,LOW_SUPPORT_OR_POLYFUNCTIONAL,LOW,"f81v.16,+P0",B|B|2|paragraph_continuation:1/R06
pchear,1,1,R06,1.0,0.0,1.0,1.0,1,0,0,0,G2,1.0,0.0,1.0,1,S,1.0,0.0,1,B,1.0,0.0,1,3,1.0,0.0,1,paragraph_continuation,1.0,0.0,1.0,LOW_POWER_TOKEN,LOW_SUPPORT_OR_POLYFUNCTIONAL,LOW,"f103v.30,+P0",S|B|3|paragraph_continuation:1/R06
pchecfhey,1,1,R00,1.0,0.0,1.0,1.0,1,0,0,0,G1,1.0,0.0,1.0,1,T,1.0,0.0,1,B,1.0,0.0,1,2,1.0,0.0,1,paragraph_continuation,1.0,0.0,1.0,LOW_POWER_TOKEN,LOW_SUPPORT_OR_POLYFUNCTIONAL,LOW,"f86v6.19,+P0",T|B|2|paragraph_continuation:1/R00
pchedar,1,1,R00,1.0,0.0,1.0,1.0,1,0,0,0,G2,1.0,0.0,1.0,1,B,1.0,0.0,1,B,1.0,0.0,1,2,1.0,0.0,1,paragraph_continuation,1.0,0.0,1.0,LOW_POWER_TOKEN,LOW_SUPPORT_OR_POLYFUNCTIONAL,LOW,"f75r.17,+P0",B|B|2|paragraph_continuation:1/R00
pchedchdy,1,1,R00,1.0,0.0,1.0,1.0,1,0,0,0,G1,1.0,0.0,1.0,1,S,1.0,0.0,1,B,1.0,0.0,1,3,1.0,0.0,1,paragraph_continuation,1.0,0.0,1.0,LOW_POWER_TOKEN,LOW_SUPPORT_OR_POLYFUNCTIONAL,LOW,"f114v.8,+P0",S|B|3|paragraph_continuation:1/R00
pchedeey,1,1,R00,1.0,0.0,1.0,1.0,1,0,0,0,G1,1.0,0.0,1.0,1,C,1.0,0.0,1,B,1.0,0.0,1,2,1.0,0.0,1,paragraph_start,1.0,0.0,1.0,LOW_POWER_TOKEN,LOW_SUPPORT_OR_POLYFUNCTIONAL,LOW,"f85r2.7,@Pb",C|B|2|paragraph_start:1/R00
pcheedy,1,1,R00,1.0,0.0,1.0,1.0,1,0,0,0,G1,1.0,0.0,1.0,1,S,1.0,0.0,1,B,1.0,0.0,1,3,1.0,0.0,1,paragraph_continuation,1.0,0.0,1.0,LOW_POWER_TOKEN,LOW_SUPPORT_OR_POLYFUNCTIONAL,LOW,"f108r.48,+P0",S|B|3|paragraph_continuation:1/R00
pchey,1,1,R06,1.0,0.0,1.0,1.0,1,0,0,0,G2,1.0,0.0,1.0,1,B,1.0,0.0,1,B,1.0,0.0,1,2,1.0,0.0,1,paragraph_continuation,1.0,0.0,1.0,LOW_POWER_TOKEN,LOW_SUPPORT_OR_POLYFUNCTIONAL,LOW,"f79v.28,+P0",B|B|2|paragraph_continuation:1/R06
pcheykeeor,1,1,R00,1.0,0.0,1.0,1.0,1,0,0,0,G1,1.0,0.0,1.0,1,B,1.0,0.0,1,B,1.0,0.0,1,2,1.0,0.0,1,paragraph_continuation,1.0,0.0,1.0,LOW_POWER_TOKEN,LOW_SUPPORT_OR_POLYFUNCTIONAL,LOW,"f75r.6,+P0",B|B|2|paragraph_continuation:1/R00
pchodain,1,1,R00,1.0,0.0,1.0,1.0,1,0,0,0,G1,1.0,0.0,1.0,1,S,1.0,0.0,1,B,1.0,0.0,1,3,1.0,0.0,1,paragraph_continuation,1.0,0.0,1.0,LOW_POWER_TOKEN,LOW_SUPPORT_OR_POLYFUNCTIONAL,LOW,"f112v.27,+P0",S|B|3|paragraph_continuation:1/R00
pchodal,1,1,R09,1.0,0.0,1.0,1.0,1,0,0,0,G2,1.0,0.0,1.0,1,H,1.0,0.0,1,A,1.0,0.0,1,1,1.0,0.0,1,paragraph_continuation,1.0,0.0,1.0,LOW_POWER_TOKEN,LOW_SUPPORT_OR_POLYFUNCTIONAL,LOW,"f51r.12,+P0",H|A|1|paragraph_continuation:1/R09
pchody,1,1,R06,1.0,0.0,1.0,1.0,1,0,0,0,G3C,1.0,0.0,1.0,1,H,1.0,0.0,1,A,1.0,0.0,1,1,1.0,0.0,1,paragraph_continuation,1.0,0.0,1.0,LOW_POWER_TOKEN,LOW_SUPPORT_OR_POLYFUNCTIONAL,LOW,"f42r.15,+Pr",H|A|1|paragraph_continuation:1/R06
pchoetal,1,1,R00,1.0,0.0,1.0,1.0,1,0,0,0,G1,1.0,0.0,1.0,1,S,1.0,0.0,1,B,1.0,0.0,1,3,1.0,0.0,1,paragraph_continuation,1.0,0.0,1.0,LOW_POWER_TOKEN,LOW_SUPPORT_OR_POLYFUNCTIONAL,LOW,"f116r.15,+P0",S|B|3|paragraph_continuation:1/R00
pchol,1,1,R06,1.0,0.0,1.0,1.0,1,0,0,0,G2,1.0,0.0,1.0,1,S,1.0,0.0,1,B,1.0,0.0,1,3,1.0,0.0,1,paragraph_continuation,1.0,0.0,1.0,LOW_POWER_TOKEN,LOW_SUPPORT_OR_POLYFUNCTIONAL,LOW,"f103v.30,+P0",S|B|3|paragraph_continuation:1/R06
pcholkeedy,1,1,R00,1.0,0.0,1.0,1.0,1,0,0,0,G3C,1.0,0.0,1.0,1,S,1.0,0.0,1,B,1.0,0.0,1,3,1.0,0.0,1,paragraph_continuation,1.0,0.0,1.0,LOW_POWER_TOKEN,LOW_SUPPORT_OR_POLYFUNCTIONAL,LOW,"f112r.27,+P0",S|B|3|paragraph_continuation:1/R00
pcholky,1,1,R00,1.0,0.0,1.0,1.0,1,0,0,0,G2,1.0,0.0,1.0,1,S,1.0,0.0,1,B,1.0,0.0,1,3,1.0,0.0,1,paragraph_continuation,1.0,0.0,1.0,LOW_POWER_TOKEN,LOW_SUPPORT_OR_POLYFUNCTIONAL,LOW,"f107r.42,+P0",S|B|3|paragraph_continuation:1/R00
pcholor,1,1,R00,1.0,0.0,1.0,1.0,1,0,0,0,G1,1.0,0.0,1.0,1,S,1.0,0.0,1,B,1.0,0.0,1,3,1.0,0.0,1,paragraph_continuation,1.0,0.0,1.0,LOW_POWER_TOKEN,LOW_SUPPORT_OR_POLYFUNCTIONAL,LOW,"f104r.39,+P0",S|B|3|paragraph_continuation:1/R00
pchom,1,1,R06,1.0,0.0,1.0,1.0,1,0,0,0,G2,1.0,0.0,1.0,1,H,1.0,0.0,1,A,1.0,0.0,1,1,1.0,0.0,1,paragraph_continuation,1.0,0.0,1.0,LOW_POWER_TOKEN,LOW_SUPPORT_OR_POLYFUNCTIONAL,LOW,"f45v.8,+P0",H|A|1|paragraph_continuation:1/R06
pchooiin,1,1,R00,1.0,0.0,1.0,1.0,1,0,0,0,G2,1.0,0.0,1.0,1,H,1.0,0.0,1,A,1.0,0.0,1,1,1.0,0.0,1,paragraph_start,1.0,0.0,1.0,LOW_POWER_TOKEN,LOW_SUPPORT_OR_POLYFUNCTIONAL,LOW,"f4v.1,@P0",H|A|1|paragraph_start:1/R00
pchoraiin,1,1,R00,1.0,0.0,1.0,1.0,1,0,0,0,G1,1.0,0.0,1.0,1,S,1.0,0.0,1,B,1.0,0.0,1,3,1.0,0.0,1,paragraph_continuation,1.0,0.0,1.0,LOW_POWER_TOKEN,LOW_SUPPORT_OR_POLYFUNCTIONAL,LOW,"f112v.20,+P0",S|B|3|paragraph_continuation:1/R00
pchsed,1,1,R06,1.0,0.0,1.0,1.0,1,0,0,0,G1,1.0,0.0,1.0,1,S,1.0,0.0,1,B,1.0,0.0,1,3,1.0,0.0,1,paragraph_continuation,1.0,0.0,1.0,LOW_POWER_TOKEN,LOW_SUPPORT_OR_POLYFUNCTIONAL,LOW,"f105r.28,+P0",S|B|3|paragraph_continuation:1/R06
pchshy,1,1,R06,1.0,0.0,1.0,1.0,1,0,0,0,G2,1.0,0.0,1.0,1,S,1.0,0.0,1,A,1.0,0.0,1,3,1.0,0.0,1,section/paragraph_break_start,1.0,0.0,1.0,LOW_POWER_TOKEN,LOW_SUPPORT_OR_POLYFUNCTIONAL,LOW,"f58v.23,*P0",S|A|3|section/paragraph_break_start:1/R06
pchy,1,1,R06,1.0,0.0,1.0,1.0,1,0,0,0,G3C,1.0,0.0,1.0,1,H,1.0,0.0,1,A,1.0,0.0,1,1,1.0,0.0,1,paragraph_continuation,1.0,0.0,1.0,LOW_POWER_TOKEN,LOW_SUPPORT_OR_POLYFUNCTIONAL,LOW,"f8v.10,+P0",H|A|1|paragraph_continuation:1/R06
pdalshor,1,1,R00,1.0,0.0,1.0,1.0,1,0,0,0,G2,1.0,0.0,1.0,1,B,1.0,0.0,1,B,1.0,0.0,1,2,1.0,0.0,1,paragraph_continuation,1.0,0.0,1.0,LOW_POWER_TOKEN,LOW_SUPPORT_OR_POLYFUNCTIONAL,LOW,"f75r.27,+P0",B|B|2|paragraph_continuation:1/R00
poaly,1,1,R06,1.0,0.0,1.0,1.0,1,0,0,0,G2,1.0,0.0,1.0,1,S,1.0,0.0,1,A,1.0,0.0,1,3,1.0,0.0,1,paragraph_continuation,1.0,0.0,1.0,LOW_POWER_TOKEN,LOW_SUPPORT_OR_POLYFUNCTIONAL,LOW,"f58v.12,+P0",S|A|3|paragraph_continuation:1/R06
pochaiin,1,1,R00,1.0,0.0,1.0,1.0,1,0,0,0,G3C,1.0,0.0,1.0,1,H,1.0,0.0,1,A,1.0,0.0,1,1,1.0,0.0,1,paragraph_start,1.0,0.0,1.0,LOW_POWER_TOKEN,LOW_SUPPORT_OR_POLYFUNCTIONAL,LOW,"f19v.1,@P0",H|A|1|paragraph_start:1/R00
pochedy,1,1,R00,1.0,0.0,1.0,1.0,1,0,0,0,G3C,1.0,0.0,1.0,1,S,1.0,0.0,1,B,1.0,0.0,1,3,1.0,0.0,1,paragraph_continuation,1.0,0.0,1.0,LOW_POWER_TOKEN,LOW_SUPPORT_OR_POLYFUNCTIONAL,LOW,"f108r.8,+P0",S|B|3|paragraph_continuation:1/R00
pochey,1,1,R06,1.0,0.0,1.0,1.0,1,0,0,0,G2,1.0,0.0,1.0,1,S,1.0,0.0,1,B,1.0,0.0,1,3,1.0,0.0,1,paragraph_continuation,1.0,0.0,1.0,LOW_POWER_TOKEN,LOW_SUPPORT_OR_POLYFUNCTIONAL,LOW,"f111v.31,+P0",S|B|3|paragraph_continuation:1/R06
podair,1,1,R06,1.0,0.0,1.0,1.0,1,0,0,0,G3C,1.0,0.0,1.0,1,S,1.0,0.0,1,B,1.0,0.0,1,3,1.0,0.0,1,paragraph_continuation,1.0,0.0,1.0,LOW_POWER_TOKEN,LOW_SUPPORT_OR_POLYFUNCTIONAL,LOW,"f114r.4,+P0",S|B|3|paragraph_continuation:1/R06
poeokeey,1,1,R00,1.0,0.0,1.0,1.0,1,0,0,0,G2,1.0,0.0,1.0,1,S,1.0,0.0,1,B,1.0,0.0,1,3,1.0,0.0,1,paragraph_continuation,1.0,0.0,1.0,LOW_POWER_TOKEN,LOW_SUPPORT_OR_POLYFUNCTIONAL,LOW,"f111r.48,+P0",S|B|3|paragraph_continuation:1/R00
poiin,1,1,R06,1.0,0.0,1.0,1.0,1,0,0,0,G2,1.0,0.0,1.0,1,B,1.0,0.0,1,B,1.0,0.0,1,2,1.0,0.0,1,paragraph_continuation,1.0,0.0,1.0,LOW_POWER_TOKEN,LOW_SUPPORT_OR_POLYFUNCTIONAL,LOW,"f84v.7,+P0",B|B|2|paragraph_continuation:1/R06
pol,1,1,R06,1.0,0.0,1.0,1.0,1,0,0,0,G1,1.0,0.0,1.0,1,T,1.0,0.0,1,B,1.0,0.0,1,2,1.0,0.0,1,paragraph_continuation,1.0,0.0,1.0,LOW_POWER_TOKEN,LOW_SUPPORT_OR_POLYFUNCTIONAL,LOW,"f86v6.19,+P0",T|B|2|paragraph_continuation:1/R06
polaiin,1,1,R00,1.0,0.0,1.0,1.0,1,0,0,0,G2,1.0,0.0,1.0,1,P,1.0,0.0,1,A,1.0,0.0,1,1,1.0,0.0,1,paragraph_start,1.0,0.0,1.0,LOW_POWER_TOKEN,LOW_SUPPORT_OR_POLYFUNCTIONAL,LOW,"f102r1.3,@P0",P|A|1|paragraph_start:1/R00
polar,1,1,R06,1.0,0.0,1.0,1.0,1,0,0,0,G2,1.0,0.0,1.0,1,S,1.0,0.0,1,B,1.0,0.0,1,3,1.0,0.0,1,paragraph_continuation,1.0,0.0,1.0,LOW_POWER_TOKEN,LOW_SUPPORT_OR_POLYFUNCTIONAL,LOW,"f111v.34,+P0",S|B|3|paragraph_continuation:1/R06
poleedaran,1,1,R00,1.0,0.0,1.0,1.0,1,0,0,0,G2,1.0,0.0,1.0,1,T,1.0,0.0,1,B,1.0,0.0,1,2,1.0,0.0,1,paragraph_continuation,1.0,0.0,1.0,LOW_POWER_TOKEN,LOW_SUPPORT_OR_POLYFUNCTIONAL,LOW,"f76r.44,+P0",T|B|2|paragraph_continuation:1/R00
polkedy,1,1,R00,1.0,0.0,1.0,1.0,1,0,0,0,G3C,1.0,0.0,1.0,1,B,1.0,0.0,1,B,1.0,0.0,1,2,1.0,0.0,1,paragraph_continuation,1.0,0.0,1.0,LOW_POWER_TOKEN,LOW_SUPPORT_OR_POLYFUNCTIONAL,LOW,"f80v.38,+P0",B|B|2|paragraph_continuation:1/R00
polkiin,1,1,R00,1.0,0.0,1.0,1.0,1,0,0,0,G2,1.0,0.0,1.0,1,S,1.0,0.0,1,B,1.0,0.0,1,3,1.0,0.0,1,paragraph_continuation,1.0,0.0,1.0,LOW_POWER_TOKEN,LOW_SUPPORT_OR_POLYFUNCTIONAL,LOW,"f111v.29,+P0",S|B|3|paragraph_continuation:1/R00
pollaiin,1,1,R00,1.0,0.0,1.0,1.0,1,0,0,0,G2,1.0,0.0,1.0,1,S,1.0,0.0,1,B,1.0,0.0,1,3,1.0,0.0,1,paragraph_continuation,1.0,0.0,1.0,LOW_POWER_TOKEN,LOW_SUPPORT_OR_POLYFUNCTIONAL,LOW,"f111v.45,+P0",S|B|3|paragraph_continuation:1/R00
polshy,1,1,R06,1.0,0.0,1.0,1.0,1,0,0,0,G2,1.0,0.0,1.0,1,S,1.0,0.0,1,B,1.0,0.0,1,3,1.0,0.0,1,paragraph_continuation,1.0,0.0,1.0,LOW_POWER_TOKEN,LOW_SUPPORT_OR_POLYFUNCTIONAL,LOW,"f111v.45,+P0",S|B|3|paragraph_continuation:1/R06
polteshol,1,1,R00,1.0,0.0,1.0,1.0,1,0,0,0,G1,1.0,0.0,1.0,1,B,1.0,0.0,1,B,1.0,0.0,1,2,1.0,0.0,1,paragraph_continuation,1.0,0.0,1.0,LOW_POWER_TOKEN,LOW_SUPPORT_OR_POLYFUNCTIONAL,LOW,"f80v.23,+P0",B|B|2|paragraph_continuation:1/R00
poly,1,1,R06,1.0,0.0,1.0,1.0,1,0,0,0,G2,1.0,0.0,1.0,1,S,1.0,0.0,1,B,1.0,0.0,1,3,1.0,0.0,1,paragraph_continuation,1.0,0.0,1.0,LOW_POWER_TOKEN,LOW_SUPPORT_OR_POLYFUNCTIONAL,LOW,"f103v.30,+P0",S|B|3|paragraph_continuation:1/R06
porchey,1,1,R00,1.0,0.0,1.0,1.0,1,0,0,0,G1,1.0,0.0,1.0,1,S,1.0,0.0,1,B,1.0,0.0,1,3,1.0,0.0,1,paragraph_continuation,1.0,0.0,1.0,LOW_POWER_TOKEN,LOW_SUPPORT_OR_POLYFUNCTIONAL,LOW,"f116r.19,+P0",S|B|3|paragraph_continuation:1/R00
porory,1,1,R06,1.0,0.0,1.0,1.0,1,0,0,0,G3C,1.0,0.0,1.0,1,H,1.0,0.0,1,A,1.0,0.0,1,1,1.0,0.0,1,paragraph_start,1.0,0.0,1.0,LOW_POWER_TOKEN,LOW_SUPPORT_OR_POLYFUNCTIONAL,LOW,"f24r.1,@P0",H|A|1|paragraph_start:1/R06
porshols,1,1,R00,1.0,0.0,1.0,1.0,1,0,0,0,G3C,1.0,0.0,1.0,1,P,1.0,0.0,1,A,1.0,0.0,1,1,1.0,0.0,1,label_or_marginal,1.0,0.0,1.0,LOW_POWER_TOKEN,LOW_SUPPORT_OR_POLYFUNCTIONAL,LOW,"f102v2.1,@Lc",P|A|1|label_or_marginal:1/R00
posaiin,1,1,R00,1.0,0.0,1.0,1.0,1,0,0,0,G2,1.0,0.0,1.0,1,H,1.0,0.0,1,A,1.0,0.0,1,1,1.0,0.0,1,paragraph_start,1.0,0.0,1.0,LOW_POWER_TOKEN,LOW_SUPPORT_OR_POLYFUNCTIONAL,LOW,"f29r.1,@P0",H|A|1|paragraph_start:1/R00
pshar,1,1,R06,1.0,0.0,1.0,1.0,1,0,0,0,G2,1.0,0.0,1.0,1,B,1.0,0.0,1,B,1.0,0.0,1,2,1.0,0.0,1,paragraph_continuation,1.0,0.0,1.0,LOW_POWER_TOKEN,LOW_SUPPORT_OR_POLYFUNCTIONAL,LOW,"f75r.27,+P0",B|B|2|paragraph_continuation:1/R06
pshdar,1,1,R06,1.0,0.0,1.0,1.0,1,0,0,0,G1,1.0,0.0,1.0,1,S,1.0,0.0,1,B,1.0,0.0,1,3,1.0,0.0,1,paragraph_start,1.0,0.0,1.0,LOW_POWER_TOKEN,LOW_SUPPORT_OR_POLYFUNCTIONAL,LOW,"f106r.1,@P0",S|B|3|paragraph_start:1/R06
pshdy,1,1,R06,1.0,0.0,1.0,1.0,1,0,0,0,G1,1.0,0.0,1.0,1,B,1.0,0.0,1,B,1.0,0.0,1,2,1.0,0.0,1,paragraph_continuation,1.0,0.0,1.0,LOW_POWER_TOKEN,LOW_SUPPORT_OR_POLYFUNCTIONAL,LOW,"f79v.12,+P0",B|B|2|paragraph_continuation:1/R06
psheedy,1,1,R00,1.0,0.0,1.0,1.0,1,0,0,0,G1,1.0,0.0,1.0,1,B,1.0,0.0,1,B,1.0,0.0,1,2,1.0,0.0,1,paragraph_continuation,1.0,0.0,1.0,LOW_POWER_TOKEN,LOW_SUPPORT_OR_POLYFUNCTIONAL,LOW,"f79r.9,+P0",B|B|2|paragraph_continuation:1/R00
psheody,1,1,R00,1.0,0.0,1.0,1.0,1,0,0,0,G2,1.0,0.0,1.0,1,T,1.0,0.0,1,B,1.0,0.0,1,5,1.0,0.0,1,paragraph_continuation,1.0,0.0,1.0,LOW_POWER_TOKEN,LOW_SUPPORT_OR_POLYFUNCTIONAL,LOW,"f66r.67,+P0",T|B|5|paragraph_continuation:1/R00
pshod,1,1,R06,1.0,0.0,1.0,1.0,1,0,0,0,G3C,1.0,0.0,1.0,1,H,1.0,0.0,1,A,1.0,0.0,1,1,1.0,0.0,1,paragraph_start,1.0,0.0,1.0,LOW_POWER_TOKEN,LOW_SUPPORT_OR_POLYFUNCTIONAL,LOW,"f5v.1,@P0",H|A|1|paragraph_start:1/R06
pykchy,1,1,R06,1.0,0.0,1.0,1.0,1,0,0,0,G3C,1.0,0.0,1.0,1,H,1.0,0.0,1,A,1.0,0.0,1,1,1.0,0.0,1,paragraph_start,1.0,0.0,1.0,LOW_POWER_TOKEN,LOW_SUPPORT_OR_POLYFUNCTIONAL,LOW,"f19v.1,@P0",H|A|1|paragraph_start:1/R06
pysaiinor,1,1,R00,1.0,0.0,1.0,1.0,1,0,0,0,G3C,1.0,0.0,1.0,1,H,1.0,0.0,1,A,1.0,0.0,1,1,1.0,0.0,1,paragraph_start,1.0,0.0,1.0,LOW_POWER_TOKEN,LOW_SUPPORT_OR_POLYFUNCTIONAL,LOW,"f22v.1,@P0",H|A|1|paragraph_start:1/R00
q,1,1,R00,1.0,0.0,1.0,1.0,1,0,0,0,G3C,1.0,0.0,1.0,1,T,1.0,0.0,1,B,1.0,0.0,1,2,1.0,0.0,1,label_or_marginal,1.0,0.0,1.0,LOW_POWER_TOKEN,LOW_SUPPORT_OR_POLYFUNCTIONAL,LOW,"f76r.10,*L0",T|B|2|label_or_marginal:1/R00
qaiin,1,1,R00,1.0,0.0,1.0,1.0,1,0,0,0,G3C,1.0,0.0,1.0,1,S,1.0,0.0,1,B,1.0,0.0,1,3,1.0,0.0,1,paragraph_continuation,1.0,0.0,1.0,LOW_POWER_TOKEN,LOW_SUPPORT_OR_POLYFUNCTIONAL,LOW,"f108r.8,+P0",S|B|3|paragraph_continuation:1/R00
qchodal,1,1,R09,1.0,0.0,1.0,1.0,1,0,0,0,G2,1.0,0.0,1.0,1,H,1.0,0.0,1,A,1.0,0.0,1,1,1.0,0.0,1,paragraph_continuation,1.0,0.0,1.0,LOW_POWER_TOKEN,LOW_SUPPORT_OR_POLYFUNCTIONAL,LOW,"f51r.9,+P0",H|A|1|paragraph_continuation:1/R09
qckhedy,1,1,R00,1.0,0.0,1.0,1.0,1,0,0,0,G1,1.0,0.0,1.0,1,B,1.0,0.0,1,B,1.0,0.0,1,2,1.0,0.0,1,paragraph_continuation,1.0,0.0,1.0,LOW_POWER_TOKEN,LOW_SUPPORT_OR_POLYFUNCTIONAL,LOW,"f78r.5,+P0",B|B|2|paragraph_continuation:1/R00
qckhsy,1,1,R00,1.0,0.0,1.0,1.0,1,0,0,0,G2,1.0,0.0,1.0,1,B,1.0,0.0,1,B,1.0,0.0,1,2,1.0,0.0,1,paragraph_continuation,1.0,0.0,1.0,LOW_POWER_TOKEN,LOW_SUPPORT_OR_POLYFUNCTIONAL,LOW,"f75r.21,+P0",B|B|2|paragraph_continuation:1/R00
qcthdys,1,1,R00,1.0,0.0,1.0,1.0,1,0,0,0,G2,1.0,0.0,1.0,1,B,1.0,0.0,1,B,1.0,0.0,1,2,1.0,0.0,1,paragraph_continuation,1.0,0.0,1.0,LOW_POWER_TOKEN,LOW_SUPPORT_OR_POLYFUNCTIONAL,LOW,"f81r.26,+P0",B|B|2|paragraph_continuation:1/R00
qcthy,1,1,R00,1.0,0.0,1.0,1.0,1,0,0,0,G3C,1.0,0.0,1.0,1,B,1.0,0.0,1,B,1.0,0.0,1,2,1.0,0.0,1,paragraph_continuation,1.0,0.0,1.0,LOW_POWER_TOKEN,LOW_SUPPORT_OR_POLYFUNCTIONAL,LOW,"f80v.38,+P0",B|B|2|paragraph_continuation:1/R00
qear,1,1,R00,1.0,0.0,1.0,1.0,1,0,0,0,G3C,1.0,0.0,1.0,1,A,1.0,0.0,1,nan,1.0,0.0,1,4,1.0,0.0,1,circular/diagram_text,1.0,0.0,1.0,LOW_POWER_TOKEN,LOW_SUPPORT_OR_POLYFUNCTIONAL,LOW,"f68r1.37,@Cc",A||4|circular/diagram_text:1/R00
qechy,1,1,R00,1.0,0.0,1.0,1.0,1,0,0,0,G2,1.0,0.0,1.0,1,B,1.0,0.0,1,B,1.0,0.0,1,2,1.0,0.0,1,paragraph_continuation,1.0,0.0,1.0,LOW_POWER_TOKEN,LOW_SUPPORT_OR_POLYFUNCTIONAL,LOW,"f81v.23,+P0",B|B|2|paragraph_continuation:1/R00
qeear,1,1,R00,1.0,0.0,1.0,1.0,1,0,0,0,G2,1.0,0.0,1.0,1,S,1.0,0.0,1,B,1.0,0.0,1,3,1.0,0.0,1,paragraph_continuation,1.0,0.0,1.0,LOW_POWER_TOKEN,LOW_SUPPORT_OR_POLYFUNCTIONAL,LOW,"f111r.47,+P0",S|B|3|paragraph_continuation:1/R00
qeeedy,1,1,R00,1.0,0.0,1.0,1.0,1,0,0,0,G1,1.0,0.0,1.0,1,B,1.0,0.0,1,B,1.0,0.0,1,2,1.0,0.0,1,paragraph_continuation,1.0,0.0,1.0,LOW_POWER_TOKEN,LOW_SUPPORT_OR_POLYFUNCTIONAL,LOW,"f83r.7,+P0",B|B|2|paragraph_continuation:1/R00
qekchy,1,1,R00,1.0,0.0,1.0,1.0,1,0,0,0,G2,1.0,0.0,1.0,1,S,1.0,0.0,1,B,1.0,0.0,1,3,1.0,0.0,1,paragraph_continuation,1.0,0.0,1.0,LOW_POWER_TOKEN,LOW_SUPPORT_OR_POLYFUNCTIONAL,LOW,"f103v.31,+P0",S|B|3|paragraph_continuation:1/R00
qekeody,1,1,R00,1.0,0.0,1.0,1.0,1,0,0,0,G1,1.0,0.0,1.0,1,H,1.0,0.0,1,A,1.0,0.0,1,1,1.0,0.0,1,paragraph_continuation,1.0,0.0,1.0,LOW_POWER_TOKEN,LOW_SUPPORT_OR_POLYFUNCTIONAL,LOW,"f90v1.4,+P0",H|A|1|paragraph_continuation:1/R00
qeol,1,1,R00,1.0,0.0,1.0,1.0,1,0,0,0,G1,1.0,0.0,1.0,1,S,1.0,0.0,1,B,1.0,0.0,1,3,1.0,0.0,1,paragraph_continuation,1.0,0.0,1.0,LOW_POWER_TOKEN,LOW_SUPPORT_OR_POLYFUNCTIONAL,LOW,"f112r.11,+P0",S|B|3|paragraph_continuation:1/R00
qetain,1,1,R00,1.0,0.0,1.0,1.0,1,0,0,0,G2,1.0,0.0,1.0,1,S,1.0,0.0,1,B,1.0,0.0,1,3,1.0,0.0,1,paragraph_continuation,1.0,0.0,1.0,LOW_POWER_TOKEN,LOW_SUPPORT_OR_POLYFUNCTIONAL,LOW,"f111v.30,+P0",S|B|3|paragraph_continuation:1/R00
qetam,1,1,R00,1.0,0.0,1.0,1.0,1,0,0,0,G3C,1.0,0.0,1.0,1,S,1.0,0.0,1,B,1.0,0.0,1,3,1.0,0.0,1,paragraph_continuation,1.0,0.0,1.0,LOW_POWER_TOKEN,LOW_SUPPORT_OR_POLYFUNCTIONAL,LOW,"f108r.8,+P0",S|B|3|paragraph_continuation:1/R00
qetedy,1,1,R00,1.0,0.0,1.0,1.0,1,0,0,0,G1,1.0,0.0,1.0,1,B,1.0,0.0,1,B,1.0,0.0,1,2,1.0,0.0,1,paragraph_start,1.0,0.0,1.0,LOW_POWER_TOKEN,LOW_SUPPORT_OR_POLYFUNCTIONAL,LOW,"f77v.6,@P0",B|B|2|paragraph_start:1/R00
qey,1,1,R00,1.0,0.0,1.0,1.0,1,0,0,0,G2,1.0,0.0,1.0,1,B,1.0,0.0,1,B,1.0,0.0,1,2,1.0,0.0,1,paragraph_continuation,1.0,0.0,1.0,LOW_POWER_TOKEN,LOW_SUPPORT_OR_POLYFUNCTIONAL,LOW,"f75r.3,+P0",B|B|2|paragraph_continuation:1/R00
qkain,1,1,R00,1.0,0.0,1.0,1.0,1,0,0,0,G2,1.0,0.0,1.0,1,S,1.0,0.0,1,B,1.0,0.0,1,3,1.0,0.0,1,paragraph_continuation,1.0,0.0,1.0,LOW_POWER_TOKEN,LOW_SUPPORT_OR_POLYFUNCTIONAL,LOW,"f103v.44,+P0",S|B|3|paragraph_continuation:1/R00
qkeeey,1,1,R00,1.0,0.0,1.0,1.0,1,0,0,0,G2,1.0,0.0,1.0,1,P,1.0,0.0,1,A,1.0,0.0,1,1,1.0,0.0,1,paragraph_continuation,1.0,0.0,1.0,LOW_POWER_TOKEN,LOW_SUPPORT_OR_POLYFUNCTIONAL,LOW,"f102r2.10,+P0",P|A|1|paragraph_continuation:1/R00
qko,1,1,R00,1.0,0.0,1.0,1.0,1,0,0,0,G2,1.0,0.0,1.0,1,H,1.0,0.0,1,A,1.0,0.0,1,1,1.0,0.0,1,paragraph_start,1.0,0.0,1.0,LOW_POWER_TOKEN,LOW_SUPPORT_OR_POLYFUNCTIONAL,LOW,"f7r.1,@P0",H|A|1|paragraph_start:1/R00
qkol,1,1,R00,1.0,0.0,1.0,1.0,1,0,0,0,G3C,1.0,0.0,1.0,1,P,1.0,0.0,1,A,1.0,0.0,1,1,1.0,0.0,1,label_or_marginal,1.0,0.0,1.0,LOW_POWER_TOKEN,LOW_SUPPORT_OR_POLYFUNCTIONAL,LOW,"f89r1.2,@Lf",P|A|1|label_or_marginal:1/R00
qoain,1,1,H07,1.0,0.0,1.0,1.0,1,0,0,0,G2,1.0,0.0,1.0,1,S,1.0,0.0,1,B,1.0,0.0,1,3,1.0,0.0,1,paragraph_continuation,1.0,0.0,1.0,LOW_POWER_TOKEN,LOW_SUPPORT_OR_POLYFUNCTIONAL,LOW,"f103v.40,+P0",S|B|3|paragraph_continuation:1/H07
qochy,1,1,H07,1.0,0.0,1.0,1.0,1,0,0,0,G2,1.0,0.0,1.0,1,T,1.0,0.0,1,B,1.0,0.0,1,2,1.0,0.0,1,paragraph_continuation,1.0,0.0,1.0,LOW_POWER_TOKEN,LOW_SUPPORT_OR_POLYFUNCTIONAL,LOW,"f76r.45,+P0",T|B|2|paragraph_continuation:1/H07
qockhal,1,1,H07,1.0,0.0,1.0,1.0,1,0,0,0,G2,1.0,0.0,1.0,1,S,1.0,0.0,1,B,1.0,0.0,1,3,1.0,0.0,1,paragraph_continuation,1.0,0.0,1.0,LOW_POWER_TOKEN,LOW_SUPPORT_OR_POLYFUNCTIONAL,LOW,"f107r.15,+P0",S|B|3|paragraph_continuation:1/H07
qockhed,1,1,H07,1.0,0.0,1.0,1.0,1,0,0,0,G1,1.0,0.0,1.0,1,S,1.0,0.0,1,B,1.0,0.0,1,3,1.0,0.0,1,paragraph_continuation,1.0,0.0,1.0,LOW_POWER_TOKEN,LOW_SUPPORT_OR_POLYFUNCTIONAL,LOW,"f114v.9,+P0",S|B|3|paragraph_continuation:1/H07
qockheedy,1,1,H21,1.0,0.0,1.0,1.0,1,0,0,0,G1,1.0,0.0,1.0,1,S,1.0,0.0,1,B,1.0,0.0,1,3,1.0,0.0,1,paragraph_continuation,1.0,0.0,1.0,LOW_POWER_TOKEN,LOW_SUPPORT_OR_POLYFUNCTIONAL,LOW,"f115v.14,+P0",S|B|3|paragraph_continuation:1/H21
qockhol,1,1,H07,1.0,0.0,1.0,1.0,1,0,0,0,G2,1.0,0.0,1.0,1,P,1.0,0.0,1,A,1.0,0.0,1,1,1.0,0.0,1,paragraph_continuation,1.0,0.0,1.0,LOW_POWER_TOKEN,LOW_SUPPORT_OR_POLYFUNCTIONAL,LOW,"f88v.17,+P0",P|A|1|paragraph_continuation:1/H07
qocthedy,1,1,H21,1.0,0.0,1.0,1.0,1,0,0,0,G2,1.0,0.0,1.0,1,T,1.0,0.0,1,B,1.0,0.0,1,5,1.0,0.0,1,paragraph_continuation,1.0,0.0,1.0,LOW_POWER_TOKEN,LOW_SUPPORT_OR_POLYFUNCTIONAL,LOW,"f66r.76,+P0",T|B|5|paragraph_continuation:1/H21
qocthes,1,1,H07,1.0,0.0,1.0,1.0,1,0,0,0,G1,1.0,0.0,1.0,1,B,1.0,0.0,1,B,1.0,0.0,1,2,1.0,0.0,1,paragraph_continuation,1.0,0.0,1.0,LOW_POWER_TOKEN,LOW_SUPPORT_OR_POLYFUNCTIONAL,LOW,"f82v.13,+P0",B|B|2|paragraph_continuation:1/H07
qocthey,1,1,H07,1.0,0.0,1.0,1.0,1,0,0,0,G1,1.0,0.0,1.0,1,S,1.0,0.0,1,B,1.0,0.0,1,3,1.0,0.0,1,paragraph_continuation,1.0,0.0,1.0,LOW_POWER_TOKEN,LOW_SUPPORT_OR_POLYFUNCTIONAL,LOW,"f104r.20,+P0",S|B|3|paragraph_continuation:1/H07
qocthy,1,1,H07,1.0,0.0,1.0,1.0,1,0,0,0,G1,1.0,0.0,1.0,1,S,1.0,0.0,1,B,1.0,0.0,1,3,1.0,0.0,1,paragraph_continuation,1.0,0.0,1.0,LOW_POWER_TOKEN,LOW_SUPPORT_OR_POLYFUNCTIONAL,LOW,"f107r.32,+P0",S|B|3|paragraph_continuation:1/H07
qodain,1,1,H07,1.0,0.0,1.0,1.0,1,0,0,0,G1,1.0,0.0,1.0,1,S,1.0,0.0,1,B,1.0,0.0,1,@,1.0,0.0,1,paragraph_continuation,1.0,0.0,1.0,LOW_POWER_TOKEN,LOW_SUPPORT_OR_POLYFUNCTIONAL,LOW,"f115r.5,+P0",S|B|@|paragraph_continuation:1/H07
qodal,1,1,R09,1.0,0.0,1.0,1.0,1,0,0,0,G1,1.0,0.0,1.0,1,T,1.0,0.0,1,B,1.0,0.0,1,2,1.0,0.0,1,paragraph_continuation,1.0,0.0,1.0,LOW_POWER_TOKEN,LOW_SUPPORT_OR_POLYFUNCTIONAL,LOW,"f85r1.8,+P0",T|B|2|paragraph_continuation:1/R09
qodeey,1,1,H07,1.0,0.0,1.0,1.0,1,0,0,0,G1,1.0,0.0,1.0,1,B,1.0,0.0,1,B,1.0,0.0,1,2,1.0,0.0,1,paragraph_continuation,1.0,0.0,1.0,LOW_POWER_TOKEN,LOW_SUPPORT_OR_POLYFUNCTIONAL,LOW,"f76v.18,+P0",B|B|2|paragraph_continuation:1/H07
qoeeedy,1,1,H21,1.0,0.0,1.0,1.0,1,0,0,0,G1,1.0,0.0,1.0,1,B,1.0,0.0,1,B,1.0,0.0,1,2,1.0,0.0,1,paragraph_continuation,1.0,0.0,1.0,LOW_POWER_TOKEN,LOW_SUPPORT_OR_POLYFUNCTIONAL,LOW,"f76v.17,+P0",B|B|2|paragraph_continuation:1/H21
qoeeor,1,1,H07,1.0,0.0,1.0,1.0,1,0,0,0,G2,1.0,0.0,1.0,1,S,1.0,0.0,1,B,1.0,0.0,1,3,1.0,0.0,1,paragraph_continuation,1.0,0.0,1.0,LOW_POWER_TOKEN,LOW_SUPPORT_OR_POLYFUNCTIONAL,LOW,"f103v.6,+P0",S|B|3|paragraph_continuation:1/H07
qoekedy,1,1,H21,1.0,0.0,1.0,1.0,1,0,0,0,G1,1.0,0.0,1.0,1,H,1.0,0.0,1,B,1.0,0.0,1,2,1.0,0.0,1,paragraph_continuation,1.0,0.0,1.0,LOW_POWER_TOKEN,LOW_SUPPORT_OR_POLYFUNCTIONAL,LOW,"f31r.13,+P0",H|B|2|paragraph_continuation:1/H21
qoekeey,1,1,H07,1.0,0.0,1.0,1.0,1,0,0,0,G2,1.0,0.0,1.0,1,H,1.0,0.0,1,A,1.0,0.0,1,1,1.0,0.0,1,paragraph_start,1.0,0.0,1.0,LOW_POWER_TOKEN,LOW_SUPPORT_OR_POLYFUNCTIONAL,LOW,"f90r2.1,@P0",H|A|1|paragraph_start:1/H07
qoekeol,1,1,H07,1.0,0.0,1.0,1.0,1,0,0,0,G2,1.0,0.0,1.0,1,P,1.0,0.0,1,A,1.0,0.0,1,1,1.0,0.0,1,paragraph_continuation,1.0,0.0,1.0,LOW_POWER_TOKEN,LOW_SUPPORT_OR_POLYFUNCTIONAL,LOW,"f88v.8,+P0",P|A|1|paragraph_continuation:1/H07
qoetam,1,1,H07,1.0,0.0,1.0,1.0,1,0,0,0,G2,1.0,0.0,1.0,1,H,1.0,0.0,1,A,1.0,0.0,1,1,1.0,0.0,1,paragraph_continuation,1.0,0.0,1.0,LOW_POWER_TOKEN,LOW_SUPPORT_OR_POLYFUNCTIONAL,LOW,"f51r.9,+P0",H|A|1|paragraph_continuation:1/H07
qofchedy,1,1,R00,1.0,0.0,1.0,1.0,1,0,0,0,G2,1.0,0.0,1.0,1,B,1.0,0.0,1,B,1.0,0.0,1,2,1.0,0.0,1,paragraph_continuation,1.0,0.0,1.0,LOW_POWER_TOKEN,LOW_SUPPORT_OR_POLYFUNCTIONAL,LOW,"f81v.15,+P0",B|B|2|paragraph_continuation:1/R00
qoiiin,1,1,H07,1.0,0.0,1.0,1.0,1,0,0,0,G2,1.0,0.0,1.0,1,S,1.0,0.0,1,B,1.0,0.0,1,3,1.0,0.0,1,paragraph_continuation,1.0,0.0,1.0,LOW_POWER_TOKEN,LOW_SUPPORT_OR_POLYFUNCTIONAL,LOW,"f111v.50,+P0",S|B|3|paragraph_continuation:1/H07
qok,1,1,H08,1.0,0.0,1.0,1.0,1,0,0,0,G2,1.0,0.0,1.0,1,S,1.0,0.0,1,B,1.0,0.0,1,3,1.0,0.0,1,paragraph_continuation,1.0,0.0,1.0,LOW_POWER_TOKEN,LOW_SUPPORT_OR_POLYFUNCTIONAL,LOW,"f111r.6,+P0",S|B|3|paragraph_continuation:1/H08
qokady,1,1,R00,1.0,0.0,1.0,1.0,1,0,0,0,G1,1.0,0.0,1.0,1,B,1.0,0.0,1,B,1.0,0.0,1,2,1.0,0.0,1,paragraph_continuation,1.0,0.0,1.0,LOW_POWER_TOKEN,LOW_SUPPORT_OR_POLYFUNCTIONAL,LOW,"f80r.35,+P0",B|B|2|paragraph_continuation:1/R00
qokaiinos,1,1,H08,1.0,0.0,1.0,1.0,1,0,0,0,G2,1.0,0.0,1.0,1,S,1.0,0.0,1,A,1.0,0.0,1,3,1.0,0.0,1,paragraph_continuation,1.0,0.0,1.0,LOW_POWER_TOKEN,LOW_SUPPORT_OR_POLYFUNCTIONAL,LOW,"f58v.9,+P0",S|A|3|paragraph_continuation:1/H08
qokaiir,1,1,H08,1.0,0.0,1.0,1.0,1,0,0,0,G2,1.0,0.0,1.0,1,T,1.0,0.0,1,B,1.0,0.0,1,5,1.0,0.0,1,paragraph_continuation,1.0,0.0,1.0,LOW_POWER_TOKEN,LOW_SUPPORT_OR_POLYFUNCTIONAL,LOW,"f66r.61,+P0",T|B|5|paragraph_continuation:1/H08
qokairortas,1,1,H08,1.0,0.0,1.0,1.0,1,0,0,0,G2,1.0,0.0,1.0,1,S,1.0,0.0,1,A,1.0,0.0,1,3,1.0,0.0,1,paragraph_continuation,1.0,0.0,1.0,LOW_POWER_TOKEN,LOW_SUPPORT_OR_POLYFUNCTIONAL,LOW,"f58v.25,+P0",S|A|3|paragraph_continuation:1/H08
qokalar,1,1,H08,1.0,0.0,1.0,1.0,1,0,0,0,G2,1.0,0.0,1.0,1,S,1.0,0.0,1,A,1.0,0.0,1,3,1.0,0.0,1,section/paragraph_break_start,1.0,0.0,1.0,LOW_POWER_TOKEN,LOW_SUPPORT_OR_POLYFUNCTIONAL,LOW,"f58v.23,*P0",S|A|3|section/paragraph_break_start:1/H08
qokaldar,1,1,H08,1.0,0.0,1.0,1.0,1,0,0,0,G2,1.0,0.0,1.0,1,H,1.0,0.0,1,B,1.0,0.0,1,2,1.0,0.0,1,paragraph_continuation,1.0,0.0,1.0,LOW_POWER_TOKEN,LOW_SUPPORT_OR_POLYFUNCTIONAL,LOW,"f39r.11,+P0",H|B|2|paragraph_continuation:1/H08
qokalor,1,1,H08,1.0,0.0,1.0,1.0,1,0,0,0,G2,1.0,0.0,1.0,1,S,1.0,0.0,1,A,1.0,0.0,1,3,1.0,0.0,1,paragraph_continuation,1.0,0.0,1.0,LOW_POWER_TOKEN,LOW_SUPPORT_OR_POLYFUNCTIONAL,LOW,"f58v.7,+P0",S|A|3|paragraph_continuation:1/H08
qokaloro,1,1,H08,1.0,0.0,1.0,1.0,1,0,0,0,G2,1.0,0.0,1.0,1,T,1.0,0.0,1,B,1.0,0.0,1,2,1.0,0.0,1,paragraph_continuation,1.0,0.0,1.0,LOW_POWER_TOKEN,LOW_SUPPORT_OR_POLYFUNCTIONAL,LOW,"f76r.17,+P0",T|B|2|paragraph_continuation:1/H08
qokals,1,1,H08,1.0,0.0,1.0,1.0,1,0,0,0,G1,1.0,0.0,1.0,1,S,1.0,0.0,1,A,1.0,0.0,1,3,1.0,0.0,1,paragraph_continuation,1.0,0.0,1.0,LOW_POWER_TOKEN,LOW_SUPPORT_OR_POLYFUNCTIONAL,LOW,"f58v.10,+P0",S|A|3|paragraph_continuation:1/H08
qokarary,1,1,R03,1.0,0.0,1.0,1.0,1,0,0,0,G1,1.0,0.0,1.0,1,P,1.0,0.0,1,A,1.0,0.0,1,1,1.0,0.0,1,paragraph_continuation,1.0,0.0,1.0,LOW_POWER_TOKEN,LOW_SUPPORT_OR_POLYFUNCTIONAL,LOW,"f101v.26,+P0",P|A|1|paragraph_continuation:1/R03
qokardy,1,1,R03,1.0,0.0,1.0,1.0,1,0,0,0,G2,1.0,0.0,1.0,1,B,1.0,0.0,1,B,1.0,0.0,1,2,1.0,0.0,1,paragraph_continuation,1.0,0.0,1.0,LOW_POWER_TOKEN,LOW_SUPPORT_OR_POLYFUNCTIONAL,LOW,"f75r.8,+P0",B|B|2|paragraph_continuation:1/R03
qokcheololain,1,1,H08,1.0,0.0,1.0,1.0,1,0,0,0,G2,1.0,0.0,1.0,1,P,1.0,0.0,1,A,1.0,0.0,1,1,1.0,0.0,1,paragraph_continuation,1.0,0.0,1.0,LOW_POWER_TOKEN,LOW_SUPPORT_OR_POLYFUNCTIONAL,LOW,"f102r1.4,+P0",P|A|1|paragraph_continuation:1/H08
qokechdy,1,1,R00,1.0,0.0,1.0,1.0,1,0,0,0,G2,1.0,0.0,1.0,1,B,1.0,0.0,1,B,1.0,0.0,1,2,1.0,0.0,1,paragraph_continuation,1.0,0.0,1.0,LOW_POWER_TOKEN,LOW_SUPPORT_OR_POLYFUNCTIONAL,LOW,"f75r.37,+P0",B|B|2|paragraph_continuation:1/R00
qokechedy,1,1,R00,1.0,0.0,1.0,1.0,1,0,0,0,G2,1.0,0.0,1.0,1,S,1.0,0.0,1,B,1.0,0.0,1,3,1.0,0.0,1,paragraph_continuation,1.0,0.0,1.0,LOW_POWER_TOKEN,LOW_SUPPORT_OR_POLYFUNCTIONAL,LOW,"f111r.23,+P0",S|B|3|paragraph_continuation:1/R00
qokechey,1,1,H08,1.0,0.0,1.0,1.0,1,0,0,0,G2,1.0,0.0,1.0,1,B,1.0,0.0,1,B,1.0,0.0,1,2,1.0,0.0,1,paragraph_continuation,1.0,0.0,1.0,LOW_POWER_TOKEN,LOW_SUPPORT_OR_POLYFUNCTIONAL,LOW,"f79v.9,+P0",B|B|2|paragraph_continuation:1/H08
qokedain,1,1,H08,1.0,0.0,1.0,1.0,1,0,0,0,G1,1.0,0.0,1.0,1,S,1.0,0.0,1,B,1.0,0.0,1,3,1.0,0.0,1,paragraph_continuation,1.0,0.0,1.0,LOW_POWER_TOKEN,LOW_SUPPORT_OR_POLYFUNCTIONAL,LOW,"f114v.8,+P0",S|B|3|paragraph_continuation:1/H08
qokedal,1,1,H08,1.0,0.0,1.0,1.0,1,0,0,0,G1,1.0,0.0,1.0,1,S,1.0,0.0,1,B,1.0,0.0,1,3,1.0,0.0,1,paragraph_continuation,1.0,0.0,1.0,LOW_POWER_TOKEN,LOW_SUPPORT_OR_POLYFUNCTIONAL,LOW,"f105r.21,+P0",S|B|3|paragraph_continuation:1/H08
qokededy,1,1,H12,1.0,0.0,1.0,1.0,1,0,0,0,G1,1.0,0.0,1.0,1,B,1.0,0.0,1,B,1.0,0.0,1,2,1.0,0.0,1,paragraph_continuation,1.0,0.0,1.0,LOW_POWER_TOKEN,LOW_SUPPORT_OR_POLYFUNCTIONAL,LOW,"f78r.14,+P0",B|B|2|paragraph_continuation:1/H12
qokeeal,1,1,H08,1.0,0.0,1.0,1.0,1,0,0,0,G2,1.0,0.0,1.0,1,S,1.0,0.0,1,B,1.0,0.0,1,3,1.0,0.0,1,paragraph_continuation,1.0,0.0,1.0,LOW_POWER_TOKEN,LOW_SUPPORT_OR_POLYFUNCTIONAL,LOW,"f111r.41,+P0",S|B|3|paragraph_continuation:1/H08
qokeechom,1,1,H08,1.0,0.0,1.0,1.0,1,0,0,0,G1,1.0,0.0,1.0,1,P,1.0,0.0,1,A,1.0,0.0,1,1,1.0,0.0,1,paragraph_continuation,1.0,0.0,1.0,LOW_POWER_TOKEN,LOW_SUPPORT_OR_POLYFUNCTIONAL,LOW,"f99v.23,+P0",P|A|1|paragraph_continuation:1/H08
qokeedar,1,1,H08,1.0,0.0,1.0,1.0,1,0,0,0,G1,1.0,0.0,1.0,1,T,1.0,0.0,1,B,1.0,0.0,1,5,1.0,0.0,1,paragraph_continuation,1.0,0.0,1.0,LOW_POWER_TOKEN,LOW_SUPPORT_OR_POLYFUNCTIONAL,LOW,"f66r.51,+P0",T|B|5|paragraph_continuation:1/H08
qokeedykey,1,1,H08,1.0,0.0,1.0,1.0,1,0,0,0,G2,1.0,0.0,1.0,1,S,1.0,0.0,1,B,1.0,0.0,1,3,1.0,0.0,1,paragraph_continuation,1.0,0.0,1.0,LOW_POWER_TOKEN,LOW_SUPPORT_OR_POLYFUNCTIONAL,LOW,"f111r.38,+P0",S|B|3|paragraph_continuation:1/H08
qokeeod,1,1,H08,1.0,0.0,1.0,1.0,1,0,0,0,G2,1.0,0.0,1.0,1,S,1.0,0.0,1,B,1.0,0.0,1,3,1.0,0.0,1,paragraph_continuation,1.0,0.0,1.0,LOW_POWER_TOKEN,LOW_SUPPORT_OR_POLYFUNCTIONAL,LOW,"f111r.34,+P0",S|B|3|paragraph_continuation:1/H08
qokeeor,1,1,H08,1.0,0.0,1.0,1.0,1,0,0,0,G1,1.0,0.0,1.0,1,S,1.0,0.0,1,B,1.0,0.0,1,3,1.0,0.0,1,paragraph_continuation,1.0,0.0,1.0,LOW_POWER_TOKEN,LOW_SUPPORT_OR_POLYFUNCTIONAL,LOW,"f113v.8,+P0",S|B|3|paragraph_continuation:1/H08
qokeeos,1,1,H08,1.0,0.0,1.0,1.0,1,0,0,0,G2,1.0,0.0,1.0,1,S,1.0,0.0,1,A,1.0,0.0,1,3,1.0,0.0,1,paragraph_continuation,1.0,0.0,1.0,LOW_POWER_TOKEN,LOW_SUPPORT_OR_POLYFUNCTIONAL,LOW,"f58v.35,+P0",S|A|3|paragraph_continuation:1/H08
qokeg,1,1,H08,1.0,0.0,1.0,1.0,1,0,0,0,G1,1.0,0.0,1.0,1,H,1.0,0.0,1,B,1.0,0.0,1,5,1.0,0.0,1,paragraph_continuation,1.0,0.0,1.0,LOW_POWER_TOKEN,LOW_SUPPORT_OR_POLYFUNCTIONAL,LOW,"f41r.10,+P0",H|B|5|paragraph_continuation:1/H08
qokeog,1,1,H08,1.0,0.0,1.0,1.0,1,0,0,0,G1,1.0,0.0,1.0,1,H,1.0,0.0,1,A,1.0,0.0,1,1,1.0,0.0,1,paragraph_continuation,1.0,0.0,1.0,LOW_POWER_TOKEN,LOW_SUPPORT_OR_POLYFUNCTIONAL,LOW,"f87v.7,+P0",H|A|1|paragraph_continuation:1/H08
qokeolchey,1,1,H08,1.0,0.0,1.0,1.0,1,0,0,0,G2,1.0,0.0,1.0,1,P,1.0,0.0,1,A,1.0,0.0,1,1,1.0,0.0,1,paragraph_continuation,1.0,0.0,1.0,LOW_POWER_TOKEN,LOW_SUPPORT_OR_POLYFUNCTIONAL,LOW,"f88v.7,+P0",P|A|1|paragraph_continuation:1/H08
qokeolo,1,1,H08,1.0,0.0,1.0,1.0,1,0,0,0,G1,1.0,0.0,1.0,1,P,1.0,0.0,1,A,1.0,0.0,1,1,1.0,0.0,1,paragraph_continuation,1.0,0.0,1.0,LOW_POWER_TOKEN,LOW_SUPPORT_OR_POLYFUNCTIONAL,LOW,"f99v.23,+P0",P|A|1|paragraph_continuation:1/H08
qokeom,1,1,H08,1.0,0.0,1.0,1.0,1,0,0,0,G2,1.0,0.0,1.0,1,P,1.0,0.0,1,A,1.0,0.0,1,1,1.0,0.0,1,paragraph_continuation,1.0,0.0,1.0,LOW_POWER_TOKEN,LOW_SUPPORT_OR_POLYFUNCTIONAL,LOW,"f88v.7,+P0",P|A|1|paragraph_continuation:1/H08
qokeor,1,1,H08,1.0,0.0,1.0,1.0,1,0,0,0,G1,1.0,0.0,1.0,1,P,1.0,0.0,1,A,1.0,0.0,1,1,1.0,0.0,1,paragraph_continuation,1.0,0.0,1.0,LOW_POWER_TOKEN,LOW_SUPPORT_OR_POLYFUNCTIONAL,LOW,"f99r.18,+P0",P|A|1|paragraph_continuation:1/H08
qokeory,1,1,H08,1.0,0.0,1.0,1.0,1,0,0,0,G2,1.0,0.0,1.0,1,S,1.0,0.0,1,B,1.0,0.0,1,3,1.0,0.0,1,paragraph_continuation,1.0,0.0,1.0,LOW_POWER_TOKEN,LOW_SUPPORT_OR_POLYFUNCTIONAL,LOW,"f103v.44,+P0",S|B|3|paragraph_continuation:1/H08
qokesdy,1,1,H11,1.0,0.0,1.0,1.0,1,0,0,0,G2,1.0,0.0,1.0,1,B,1.0,0.0,1,B,1.0,0.0,1,2,1.0,0.0,1,paragraph_continuation,1.0,0.0,1.0,LOW_POWER_TOKEN,LOW_SUPPORT_OR_POLYFUNCTIONAL,LOW,"f81r.28,+P0",B|B|2|paragraph_continuation:1/H11
qokeshey,1,1,H08,1.0,0.0,1.0,1.0,1,0,0,0,G2,1.0,0.0,1.0,1,S,1.0,0.0,1,B,1.0,0.0,1,3,1.0,0.0,1,paragraph_continuation,1.0,0.0,1.0,LOW_POWER_TOKEN,LOW_SUPPORT_OR_POLYFUNCTIONAL,LOW,"f111r.23,+P0",S|B|3|paragraph_continuation:1/H08
qokiin,1,1,H08,1.0,0.0,1.0,1.0,1,0,0,0,G1,1.0,0.0,1.0,1,S,1.0,0.0,1,B,1.0,0.0,1,@,1.0,0.0,1,paragraph_continuation,1.0,0.0,1.0,LOW_POWER_TOKEN,LOW_SUPPORT_OR_POLYFUNCTIONAL,LOW,"f115r.11,+P0",S|B|@|paragraph_continuation:1/H08
qoko,1,1,R00,1.0,0.0,1.0,1.0,1,0,0,0,G2,1.0,0.0,1.0,1,H,1.0,0.0,1,B,1.0,0.0,1,2,1.0,0.0,1,paragraph_continuation,1.0,0.0,1.0,LOW_POWER_TOKEN,LOW_SUPPORT_OR_POLYFUNCTIONAL,LOW,"f55r.9,+P0",H|B|2|paragraph_continuation:1/R00
qokoiir,1,1,H08,1.0,0.0,1.0,1.0,1,0,0,0,G1,1.0,0.0,1.0,1,H,1.0,0.0,1,A,1.0,0.0,1,1,1.0,0.0,1,paragraph_continuation,1.0,0.0,1.0,LOW_POWER_TOKEN,LOW_SUPPORT_OR_POLYFUNCTIONAL,LOW,"f17v.11,+P0",H|A|1|paragraph_continuation:1/H08
qokoin,1,1,H08,1.0,0.0,1.0,1.0,1,0,0,0,G2,1.0,0.0,1.0,1,B,1.0,0.0,1,B,1.0,0.0,1,2,1.0,0.0,1,paragraph_continuation,1.0,0.0,1.0,LOW_POWER_TOKEN,LOW_SUPPORT_OR_POLYFUNCTIONAL,LOW,"f79v.40,+P0",B|B|2|paragraph_continuation:1/H08
qokom,1,1,H08,1.0,0.0,1.0,1.0,1,0,0,0,G2,1.0,0.0,1.0,1,H,1.0,0.0,1,A,1.0,0.0,1,1,1.0,0.0,1,paragraph_continuation,1.0,0.0,1.0,LOW_POWER_TOKEN,LOW_SUPPORT_OR_POLYFUNCTIONAL,LOW,"f45v.9,+P0",H|A|1|paragraph_continuation:1/H08
qokshd,1,1,H08,1.0,0.0,1.0,1.0,1,0,0,0,G1,1.0,0.0,1.0,1,T,1.0,0.0,1,B,1.0,0.0,1,5,1.0,0.0,1,paragraph_continuation,1.0,0.0,1.0,LOW_POWER_TOKEN,LOW_SUPPORT_OR_POLYFUNCTIONAL,LOW,"f66r.51,+P0",T|B|5|paragraph_continuation:1/H08
qokshe,1,1,H08,1.0,0.0,1.0,1.0,1,0,0,0,G2,1.0,0.0,1.0,1,H,1.0,0.0,1,A,1.0,0.0,1,1,1.0,0.0,1,paragraph_continuation,1.0,0.0,1.0,LOW_POWER_TOKEN,LOW_SUPPORT_OR_POLYFUNCTIONAL,LOW,"f29r.9,+P0",H|A|1|paragraph_continuation:1/H08
qokshedy,1,1,H12,1.0,0.0,1.0,1.0,1,0,0,0,G1,1.0,0.0,1.0,1,B,1.0,0.0,1,B,1.0,0.0,1,2,1.0,0.0,1,paragraph_continuation,1.0,0.0,1.0,LOW_POWER_TOKEN,LOW_SUPPORT_OR_POLYFUNCTIONAL,LOW,"f79r.10,+P0",B|B|2|paragraph_continuation:1/H12
qoksheo,1,1,H08,1.0,0.0,1.0,1.0,1,0,0,0,G2,1.0,0.0,1.0,1,S,1.0,0.0,1,B,1.0,0.0,1,3,1.0,0.0,1,paragraph_continuation,1.0,0.0,1.0,LOW_POWER_TOKEN,LOW_SUPPORT_OR_POLYFUNCTIONAL,LOW,"f111v.10,+P0",S|B|3|paragraph_continuation:1/H08
qokshey,1,1,H08,1.0,0.0,1.0,1.0,1,0,0,0,G2,1.0,0.0,1.0,1,S,1.0,0.0,1,B,1.0,0.0,1,3,1.0,0.0,1,paragraph_continuation,1.0,0.0,1.0,LOW_POWER_TOKEN,LOW_SUPPORT_OR_POLYFUNCTIONAL,LOW,"f103v.34,+P0",S|B|3|paragraph_continuation:1/H08
qokshol,1,1,H08,1.0,0.0,1.0,1.0,1,0,0,0,G1,1.0,0.0,1.0,1,H,1.0,0.0,1,A,1.0,0.0,1,1,1.0,0.0,1,paragraph_continuation,1.0,0.0,1.0,LOW_POWER_TOKEN,LOW_SUPPORT_OR_POLYFUNCTIONAL,LOW,"f3v.10,+P0",H|A|1|paragraph_continuation:1/H08
qokshy,1,1,H08,1.0,0.0,1.0,1.0,1,0,0,0,G1,1.0,0.0,1.0,1,H,1.0,0.0,1,A,1.0,0.0,1,1,1.0,0.0,1,paragraph_continuation,1.0,0.0,1.0,LOW_POWER_TOKEN,LOW_SUPPORT_OR_POLYFUNCTIONAL,LOW,"f18v.3,+P0",H|A|1|paragraph_continuation:1/H08
qokydy,1,1,R00,1.0,0.0,1.0,1.0,1,0,0,0,G2,1.0,0.0,1.0,1,B,1.0,0.0,1,B,1.0,0.0,1,2,1.0,0.0,1,paragraph_continuation,1.0,0.0,1.0,LOW_POWER_TOKEN,LOW_SUPPORT_OR_POLYFUNCTIONAL,LOW,"f84v.13,+P0",B|B|2|paragraph_continuation:1/R00
qokylddy,1,1,H11,1.0,0.0,1.0,1.0,1,0,0,0,G1,1.0,0.0,1.0,1,B,1.0,0.0,1,B,1.0,0.0,1,2,1.0,0.0,1,paragraph_continuation,1.0,0.0,1.0,LOW_POWER_TOKEN,LOW_SUPPORT_OR_POLYFUNCTIONAL,LOW,"f83r.26,+P1",B|B|2|paragraph_continuation:1/H11
qokytchedy,1,1,H10,1.0,0.0,1.0,1.0,1,0,0,0,G2,1.0,0.0,1.0,1,B,1.0,0.0,1,B,1.0,0.0,1,2,1.0,0.0,1,paragraph_continuation,1.0,0.0,1.0,LOW_POWER_TOKEN,LOW_SUPPORT_OR_POLYFUNCTIONAL,LOW,"f79v.34,+P0",B|B|2|paragraph_continuation:1/H10
qolaiin,1,1,H07,1.0,0.0,1.0,1.0,1,0,0,0,G2,1.0,0.0,1.0,1,S,1.0,0.0,1,A,1.0,0.0,1,3,1.0,0.0,1,paragraph_continuation,1.0,0.0,1.0,LOW_POWER_TOKEN,LOW_SUPPORT_OR_POLYFUNCTIONAL,LOW,"f58v.9,+P0",S|A|3|paragraph_continuation:1/H07
qolcheedy,1,1,H21,1.0,0.0,1.0,1.0,1,0,0,0,G1,1.0,0.0,1.0,1,B,1.0,0.0,1,B,1.0,0.0,1,2,1.0,0.0,1,paragraph_continuation,1.0,0.0,1.0,LOW_POWER_TOKEN,LOW_SUPPORT_OR_POLYFUNCTIONAL,LOW,"f77r.16,+P0",B|B|2|paragraph_continuation:1/H21
qoldy,1,1,R00,1.0,0.0,1.0,1.0,1,0,0,0,G2,1.0,0.0,1.0,1,B,1.0,0.0,1,B,1.0,0.0,1,2,1.0,0.0,1,paragraph_continuation,1.0,0.0,1.0,LOW_POWER_TOKEN,LOW_SUPPORT_OR_POLYFUNCTIONAL,LOW,"f75r.2,+P0",B|B|2|paragraph_continuation:1/R00
qolin,1,1,H07,1.0,0.0,1.0,1.0,1,0,0,0,G2,1.0,0.0,1.0,1,T,1.0,0.0,1,B,1.0,0.0,1,2,1.0,0.0,1,paragraph_continuation,1.0,0.0,1.0,LOW_POWER_TOKEN,LOW_SUPPORT_OR_POLYFUNCTIONAL,LOW,"f76r.42,+P0",T|B|2|paragraph_continuation:1/H07
qolkary,1,1,H07,1.0,0.0,1.0,1.0,1,0,0,0,G2,1.0,0.0,1.0,1,B,1.0,0.0,1,B,1.0,0.0,1,2,1.0,0.0,1,paragraph_continuation,1.0,0.0,1.0,LOW_POWER_TOKEN,LOW_SUPPORT_OR_POLYFUNCTIONAL,LOW,"f75r.24,+P0",B|B|2|paragraph_continuation:1/H07
qolkeeoly,1,1,H07,1.0,0.0,1.0,1.0,1,0,0,0,G2,1.0,0.0,1.0,1,B,1.0,0.0,1,B,1.0,0.0,1,2,1.0,0.0,1,paragraph_continuation,1.0,0.0,1.0,LOW_POWER_TOKEN,LOW_SUPPORT_OR_POLYFUNCTIONAL,LOW,"f75r.15,+P0",B|B|2|paragraph_continuation:1/H07
qolkeey,1,1,H07,1.0,0.0,1.0,1.0,1,0,0,0,G2,1.0,0.0,1.0,1,B,1.0,0.0,1,B,1.0,0.0,1,2,1.0,0.0,1,paragraph_continuation,1.0,0.0,1.0,LOW_POWER_TOKEN,LOW_SUPPORT_OR_POLYFUNCTIONAL,LOW,"f84r.19,+P0",B|B|2|paragraph_continuation:1/H07
qolr,1,1,H07,1.0,0.0,1.0,1.0,1,0,0,0,G1,1.0,0.0,1.0,1,B,1.0,0.0,1,B,1.0,0.0,1,2,1.0,0.0,1,paragraph_continuation,1.0,0.0,1.0,LOW_POWER_TOKEN,LOW_SUPPORT_OR_POLYFUNCTIONAL,LOW,"f80r.12,+P0",B|B|2|paragraph_continuation:1/H07
qolsheedy,1,1,H21,1.0,0.0,1.0,1.0,1,0,0,0,G2,1.0,0.0,1.0,1,T,1.0,0.0,1,B,1.0,0.0,1,2,1.0,0.0,1,paragraph_continuation,1.0,0.0,1.0,LOW_POWER_TOKEN,LOW_SUPPORT_OR_POLYFUNCTIONAL,LOW,"f76r.24,+P0",T|B|2|paragraph_continuation:1/H21
qoltedy,1,1,H21,1.0,0.0,1.0,1.0,1,0,0,0,G1,1.0,0.0,1.0,1,B,1.0,0.0,1,B,1.0,0.0,1,2,1.0,0.0,1,paragraph_continuation,1.0,0.0,1.0,LOW_POWER_TOKEN,LOW_SUPPORT_OR_POLYFUNCTIONAL,LOW,"f79v.12,+P0",B|B|2|paragraph_continuation:1/H21
qolteedy,1,1,H21,1.0,0.0,1.0,1.0,1,0,0,0,G1,1.0,0.0,1.0,1,B,1.0,0.0,1,B,1.0,0.0,1,2,1.0,0.0,1,paragraph_continuation,1.0,0.0,1.0,LOW_POWER_TOKEN,LOW_SUPPORT_OR_POLYFUNCTIONAL,LOW,"f83v.19,+P0",B|B|2|paragraph_continuation:1/H21
qoly,1,1,H07,1.0,0.0,1.0,1.0,1,0,0,0,G1,1.0,0.0,1.0,1,B,1.0,0.0,1,B,1.0,0.0,1,2,1.0,0.0,1,paragraph_continuation,1.0,0.0,1.0,LOW_POWER_TOKEN,LOW_SUPPORT_OR_POLYFUNCTIONAL,LOW,"f79r.16,+P0",B|B|2|paragraph_continuation:1/H07
qoos,1,1,H07,1.0,0.0,1.0,1.0,1,0,0,0,G2,1.0,0.0,1.0,1,H,1.0,0.0,1,A,1.0,0.0,1,1,1.0,0.0,1,paragraph_start,1.0,0.0,1.0,LOW_POWER_TOKEN,LOW_SUPPORT_OR_POLYFUNCTIONAL,LOW,"f7r.1,@P0",H|A|1|paragraph_start:1/H07
qop,1,1,R00,1.0,0.0,1.0,1.0,1,0,0,0,G3C,1.0,0.0,1.0,1,S,1.0,0.0,1,B,1.0,0.0,1,3,1.0,0.0,1,paragraph_continuation,1.0,0.0,1.0,LOW_POWER_TOKEN,LOW_SUPPORT_OR_POLYFUNCTIONAL,LOW,"f114r.4,+P0",S|B|3|paragraph_continuation:1/R00
qopar,1,1,H07,1.0,0.0,1.0,1.0,1,0,0,0,G1,1.0,0.0,1.0,1,T,1.0,0.0,1,B,1.0,0.0,1,2,1.0,0.0,1,paragraph_continuation,1.0,0.0,1.0,LOW_POWER_TOKEN,LOW_SUPPORT_OR_POLYFUNCTIONAL,LOW,"f85r1.7,+P0",T|B|2|paragraph_continuation:1/H07
qopchair,1,1,H07,1.0,0.0,1.0,1.0,1,0,0,0,G2,1.0,0.0,1.0,1,S,1.0,0.0,1,B,1.0,0.0,1,3,1.0,0.0,1,paragraph_continuation,1.0,0.0,1.0,LOW_POWER_TOKEN,LOW_SUPPORT_OR_POLYFUNCTIONAL,LOW,"f111v.45,+P0",S|B|3|paragraph_continuation:1/H07
qopchcfhy,1,1,H07,1.0,0.0,1.0,1.0,1,0,0,0,G1,1.0,0.0,1.0,1,S,1.0,0.0,1,B,1.0,0.0,1,3,1.0,0.0,1,paragraph_continuation,1.0,0.0,1.0,LOW_POWER_TOKEN,LOW_SUPPORT_OR_POLYFUNCTIONAL,LOW,"f107v.11,+P0",S|B|3|paragraph_continuation:1/H07
qopchedy,1,1,R00,1.0,0.0,1.0,1.0,1,0,0,0,G2,1.0,0.0,1.0,1,T,1.0,0.0,1,B,1.0,0.0,1,2,1.0,0.0,1,paragraph_continuation,1.0,0.0,1.0,LOW_POWER_TOKEN,LOW_SUPPORT_OR_POLYFUNCTIONAL,LOW,"f76r.6,+P0",T|B|2|paragraph_continuation:1/R00
qopcheedy,1,1,H21,1.0,0.0,1.0,1.0,1,0,0,0,G1,1.0,0.0,1.0,1,S,1.0,0.0,1,B,1.0,0.0,1,3,1.0,0.0,1,paragraph_continuation,1.0,0.0,1.0,LOW_POWER_TOKEN,LOW_SUPPORT_OR_POLYFUNCTIONAL,LOW,"f104r.39,+P0",S|B|3|paragraph_continuation:1/H21
qopcheeody,1,1,H20,1.0,0.0,1.0,1.0,1,0,0,0,G2,1.0,0.0,1.0,1,C,1.0,0.0,1,B,1.0,0.0,1,2,1.0,0.0,1,paragraph_start,1.0,0.0,1.0,LOW_POWER_TOKEN,LOW_SUPPORT_OR_POLYFUNCTIONAL,LOW,"f86v3.23,@Pb",C|B|2|paragraph_start:1/H20
qorain,1,1,H07,1.0,0.0,1.0,1.0,1,0,0,0,G1,1.0,0.0,1.0,1,S,1.0,0.0,1,B,1.0,0.0,1,3,1.0,0.0,1,paragraph_continuation,1.0,0.0,1.0,LOW_POWER_TOKEN,LOW_SUPPORT_OR_POLYFUNCTIONAL,LOW,"f116r.47,+P0",S|B|3|paragraph_continuation:1/H07
qorchedy,1,1,R00,1.0,0.0,1.0,1.0,1,0,0,0,G2,1.0,0.0,1.0,1,B,1.0,0.0,1,B,1.0,0.0,1,2,1.0,0.0,1,paragraph_continuation,1.0,0.0,1.0,LOW_POWER_TOKEN,LOW_SUPPORT_OR_POLYFUNCTIONAL,LOW,"f79v.2,+P0",B|B|2|paragraph_continuation:1/R00
qotaiior,1,1,H13,1.0,0.0,1.0,1.0,1,0,0,0,G1,1.0,0.0,1.0,1,C,1.0,0.0,1,B,1.0,0.0,1,2,1.0,0.0,1,paragraph_continuation,1.0,0.0,1.0,LOW_POWER_TOKEN,LOW_SUPPORT_OR_POLYFUNCTIONAL,LOW,"f86v3.10,+Pb",C|B|2|paragraph_continuation:1/H13
qotail,1,1,H13,1.0,0.0,1.0,1.0,1,0,0,0,G1,1.0,0.0,1.0,1,S,1.0,0.0,1,B,1.0,0.0,1,3,1.0,0.0,1,paragraph_continuation,1.0,0.0,1.0,LOW_POWER_TOKEN,LOW_SUPPORT_OR_POLYFUNCTIONAL,LOW,"f103r.33,+P0",S|B|3|paragraph_continuation:1/H13
qotalody,1,1,H16,1.0,0.0,1.0,1.0,1,0,0,0,G2,1.0,0.0,1.0,1,S,1.0,0.0,1,A,1.0,0.0,1,3,1.0,0.0,1,paragraph_continuation,1.0,0.0,1.0,LOW_POWER_TOKEN,LOW_SUPPORT_OR_POLYFUNCTIONAL,LOW,"f58v.2,+P0",S|A|3|paragraph_continuation:1/H16
qotalom,1,1,H13,1.0,0.0,1.0,1.0,1,0,0,0,G1,1.0,0.0,1.0,1,S,1.0,0.0,1,A,1.0,0.0,1,3,1.0,0.0,1,paragraph_continuation,1.0,0.0,1.0,LOW_POWER_TOKEN,LOW_SUPPORT_OR_POLYFUNCTIONAL,LOW,"f58v.10,+P0",S|A|3|paragraph_continuation:1/H13
qotam,1,1,H13,1.0,0.0,1.0,1.0,1,0,0,0,G1,1.0,0.0,1.0,1,P,1.0,0.0,1,A,1.0,0.0,1,1,1.0,0.0,1,paragraph_continuation,1.0,0.0,1.0,LOW_POWER_TOKEN,LOW_SUPPORT_OR_POLYFUNCTIONAL,LOW,"f89v1.10,+P0",P|A|1|paragraph_continuation:1/H13
qotan,1,1,H13,1.0,0.0,1.0,1.0,1,0,0,0,G1,1.0,0.0,1.0,1,B,1.0,0.0,1,B,1.0,0.0,1,2,1.0,0.0,1,paragraph_continuation,1.0,0.0,1.0,LOW_POWER_TOKEN,LOW_SUPPORT_OR_POLYFUNCTIONAL,LOW,"f75r.29,+P0",B|B|2|paragraph_continuation:1/H13
qotched,1,1,H13,1.0,0.0,1.0,1.0,1,0,0,0,G1,1.0,0.0,1.0,1,S,1.0,0.0,1,B,1.0,0.0,1,3,1.0,0.0,1,paragraph_continuation,1.0,0.0,1.0,LOW_POWER_TOKEN,LOW_SUPPORT_OR_POLYFUNCTIONAL,LOW,"f104v.19,+P0",S|B|3|paragraph_continuation:1/H13
qotchedar,1,1,H13,1.0,0.0,1.0,1.0,1,0,0,0,G1,1.0,0.0,1.0,1,C,1.0,0.0,1,B,1.0,0.0,1,2,1.0,0.0,1,paragraph_continuation,1.0,0.0,1.0,LOW_POWER_TOKEN,LOW_SUPPORT_OR_POLYFUNCTIONAL,LOW,"f86v3.10,+Pb",C|B|2|paragraph_continuation:1/H13
qotchey,1,1,H13,1.0,0.0,1.0,1.0,1,0,0,0,G1,1.0,0.0,1.0,1,H,1.0,0.0,1,A,1.0,0.0,1,1,1.0,0.0,1,paragraph_continuation,1.0,0.0,1.0,LOW_POWER_TOKEN,LOW_SUPPORT_OR_POLYFUNCTIONAL,LOW,"f35r.3,+P0",H|A|1|paragraph_continuation:1/H13
qotchod,1,1,H13,1.0,0.0,1.0,1.0,1,0,0,0,G1,1.0,0.0,1.0,1,H,1.0,0.0,1,A,1.0,0.0,1,1,1.0,0.0,1,paragraph_continuation,1.0,0.0,1.0,LOW_POWER_TOKEN,LOW_SUPPORT_OR_POLYFUNCTIONAL,LOW,"f15v.4,+P0",H|A|1|paragraph_continuation:1/H13
qotchr,1,1,H13,1.0,0.0,1.0,1.0,1,0,0,0,G1,1.0,0.0,1.0,1,H,1.0,0.0,1,A,1.0,0.0,1,1,1.0,0.0,1,paragraph_continuation,1.0,0.0,1.0,LOW_POWER_TOKEN,LOW_SUPPORT_OR_POLYFUNCTIONAL,LOW,"f42r.9,+P0",H|A|1|paragraph_continuation:1/H13
qotechoep,1,1,H13,1.0,0.0,1.0,1.0,1,0,0,0,G1,1.0,0.0,1.0,1,H,1.0,0.0,1,A,1.0,0.0,1,1,1.0,0.0,1,paragraph_continuation,1.0,0.0,1.0,LOW_POWER_TOKEN,LOW_SUPPORT_OR_POLYFUNCTIONAL,LOW,"f87v.7,+P0",H|A|1|paragraph_continuation:1/H13
qotedal,1,1,H13,1.0,0.0,1.0,1.0,1,0,0,0,G2,1.0,0.0,1.0,1,S,1.0,0.0,1,B,1.0,0.0,1,3,1.0,0.0,1,paragraph_continuation,1.0,0.0,1.0,LOW_POWER_TOKEN,LOW_SUPPORT_OR_POLYFUNCTIONAL,LOW,"f111v.5,+P0",S|B|3|paragraph_continuation:1/H13
qotedol,1,1,H13,1.0,0.0,1.0,1.0,1,0,0,0,G1,1.0,0.0,1.0,1,S,1.0,0.0,1,B,1.0,0.0,1,3,1.0,0.0,1,paragraph_continuation,1.0,0.0,1.0,LOW_POWER_TOKEN,LOW_SUPPORT_OR_POLYFUNCTIONAL,LOW,"f114v.4,+P0",S|B|3|paragraph_continuation:1/H13
qotee,1,1,H13,1.0,0.0,1.0,1.0,1,0,0,0,G1,1.0,0.0,1.0,1,C,1.0,0.0,1,B,1.0,0.0,1,2,1.0,0.0,1,paragraph_continuation,1.0,0.0,1.0,LOW_POWER_TOKEN,LOW_SUPPORT_OR_POLYFUNCTIONAL,LOW,"f86v3.24,+Pb",C|B|2|paragraph_continuation:1/H13
qoteed,1,1,H13,1.0,0.0,1.0,1.0,1,0,0,0,G2,1.0,0.0,1.0,1,B,1.0,0.0,1,B,1.0,0.0,1,2,1.0,0.0,1,paragraph_continuation,1.0,0.0,1.0,LOW_POWER_TOKEN,LOW_SUPPORT_OR_POLYFUNCTIONAL,LOW,"f84v.10,+P0",B|B|2|paragraph_continuation:1/H13
qoteedaiin,1,1,H13,1.0,0.0,1.0,1.0,1,0,0,0,G1,1.0,0.0,1.0,1,S,1.0,0.0,1,B,1.0,0.0,1,3,1.0,0.0,1,paragraph_continuation,1.0,0.0,1.0,LOW_POWER_TOKEN,LOW_SUPPORT_OR_POLYFUNCTIONAL,LOW,"f111r.26,+P0",S|B|3|paragraph_continuation:1/H13
qoteeey,1,1,R00,1.0,0.0,1.0,1.0,1,0,0,0,G1,1.0,0.0,1.0,1,S,1.0,0.0,1,B,1.0,0.0,1,3,1.0,0.0,1,paragraph_continuation,1.0,0.0,1.0,LOW_POWER_TOKEN,LOW_SUPPORT_OR_POLYFUNCTIONAL,LOW,"f103r.54,+P0",S|B|3|paragraph_continuation:1/R00
qoteeody,1,1,H16,1.0,0.0,1.0,1.0,1,0,0,0,G2,1.0,0.0,1.0,1,C,1.0,0.0,1,B,1.0,0.0,1,2,1.0,0.0,1,paragraph_continuation,1.0,0.0,1.0,LOW_POWER_TOKEN,LOW_SUPPORT_OR_POLYFUNCTIONAL,LOW,"f86v3.27,+Pb",C|B|2|paragraph_continuation:1/H16
qoteeol,1,1,H13,1.0,0.0,1.0,1.0,1,0,0,0,G1,1.0,0.0,1.0,1,H,1.0,0.0,1,A,1.0,0.0,1,1,1.0,0.0,1,paragraph_continuation,1.0,0.0,1.0,LOW_POWER_TOKEN,LOW_SUPPORT_OR_POLYFUNCTIONAL,LOW,"f21r.6,+P0",H|A|1|paragraph_continuation:1/H13
qoteeosoiiin,1,1,H13,1.0,0.0,1.0,1.0,1,0,0,0,G1,1.0,0.0,1.0,1,S,1.0,0.0,1,B,1.0,0.0,1,3,1.0,0.0,1,paragraph_continuation,1.0,0.0,1.0,LOW_POWER_TOKEN,LOW_SUPPORT_OR_POLYFUNCTIONAL,LOW,"f114v.13,+P0",S|B|3|paragraph_continuation:1/H13
qoteody,1,1,H16,1.0,0.0,1.0,1.0,1,0,0,0,G2,1.0,0.0,1.0,1,H,1.0,0.0,1,A,1.0,0.0,1,1,1.0,0.0,1,paragraph_start,1.0,0.0,1.0,LOW_POWER_TOKEN,LOW_SUPPORT_OR_POLYFUNCTIONAL,LOW,"f90r2.1,@P0",H|A|1|paragraph_start:1/H16
qoteoly,1,1,H13,1.0,0.0,1.0,1.0,1,0,0,0,G2,1.0,0.0,1.0,1,T,1.0,0.0,1,B,1.0,0.0,1,5,1.0,0.0,1,paragraph_continuation,1.0,0.0,1.0,LOW_POWER_TOKEN,LOW_SUPPORT_OR_POLYFUNCTIONAL,LOW,"f66r.80,+P0",T|B|5|paragraph_continuation:1/H13
qoteos,1,1,H13,1.0,0.0,1.0,1.0,1,0,0,0,G2,1.0,0.0,1.0,1,S,1.0,0.0,1,B,1.0,0.0,1,3,1.0,0.0,1,paragraph_continuation,1.0,0.0,1.0,LOW_POWER_TOKEN,LOW_SUPPORT_OR_POLYFUNCTIONAL,LOW,"f107r.2,+P0",S|B|3|paragraph_continuation:1/H13
qotir,1,1,H13,1.0,0.0,1.0,1.0,1,0,0,0,G1,1.0,0.0,1.0,1,S,1.0,0.0,1,B,1.0,0.0,1,3,1.0,0.0,1,paragraph_continuation,1.0,0.0,1.0,LOW_POWER_TOKEN,LOW_SUPPORT_OR_POLYFUNCTIONAL,LOW,"f104r.37,+P0",S|B|3|paragraph_continuation:1/H13
qotl,1,1,R00,1.0,0.0,1.0,1.0,1,0,0,0,G2,1.0,0.0,1.0,1,S,1.0,0.0,1,B,1.0,0.0,1,3,1.0,0.0,1,paragraph_continuation,1.0,0.0,1.0,LOW_POWER_TOKEN,LOW_SUPPORT_OR_POLYFUNCTIONAL,LOW,"f111v.38,+P0",S|B|3|paragraph_continuation:1/R00
qoto,1,1,R00,1.0,0.0,1.0,1.0,1,0,0,0,G1,1.0,0.0,1.0,1,H,1.0,0.0,1,A,1.0,0.0,1,1,1.0,0.0,1,paragraph_continuation,1.0,0.0,1.0,LOW_POWER_TOKEN,LOW_SUPPORT_OR_POLYFUNCTIONAL,LOW,"f44r.10,+P0",H|A|1|paragraph_continuation:1/R00
qotod,1,1,H13,1.0,0.0,1.0,1.0,1,0,0,0,G1,1.0,0.0,1.0,1,H,1.0,0.0,1,A,1.0,0.0,1,1,1.0,0.0,1,paragraph_continuation,1.0,0.0,1.0,LOW_POWER_TOKEN,LOW_SUPPORT_OR_POLYFUNCTIONAL,LOW,"f9r.3,+P0",H|A|1|paragraph_continuation:1/H13
qotodaiin,1,1,H13,1.0,0.0,1.0,1.0,1,0,0,0,G1,1.0,0.0,1.0,1,H,1.0,0.0,1,A,1.0,0.0,1,1,1.0,0.0,1,paragraph_continuation,1.0,0.0,1.0,LOW_POWER_TOKEN,LOW_SUPPORT_OR_POLYFUNCTIONAL,LOW,"f52v.6,+P0",H|A|1|paragraph_continuation:1/H13
qotoiin,1,1,H13,1.0,0.0,1.0,1.0,1,0,0,0,G2,1.0,0.0,1.0,1,S,1.0,0.0,1,A,1.0,0.0,1,3,1.0,0.0,1,paragraph_continuation,1.0,0.0,1.0,LOW_POWER_TOKEN,LOW_SUPPORT_OR_POLYFUNCTIONAL,LOW,"f58v.15,+P0",S|A|3|paragraph_continuation:1/H13
qotolchd,1,1,H13,1.0,0.0,1.0,1.0,1,0,0,0,G1,1.0,0.0,1.0,1,S,1.0,0.0,1,B,1.0,0.0,1,@,1.0,0.0,1,paragraph_continuation,1.0,0.0,1.0,LOW_POWER_TOKEN,LOW_SUPPORT_OR_POLYFUNCTIONAL,LOW,"f115r.16,+P0",S|B|@|paragraph_continuation:1/H13
qototeeey,1,1,H13,1.0,0.0,1.0,1.0,1,0,0,0,G1,1.0,0.0,1.0,1,S,1.0,0.0,1,B,1.0,0.0,1,@,1.0,0.0,1,paragraph_continuation,1.0,0.0,1.0,LOW_POWER_TOKEN,LOW_SUPPORT_OR_POLYFUNCTIONAL,LOW,"f115r.11,+P0",S|B|@|paragraph_continuation:1/H13
qotshedy,1,1,H17,1.0,0.0,1.0,1.0,1,0,0,0,G1,1.0,0.0,1.0,1,S,1.0,0.0,1,B,1.0,0.0,1,@,1.0,0.0,1,paragraph_continuation,1.0,0.0,1.0,LOW_POWER_TOKEN,LOW_SUPPORT_OR_POLYFUNCTIONAL,LOW,"f115r.16,+P0",S|B|@|paragraph_continuation:1/H17
qotshey,1,1,H13,1.0,0.0,1.0,1.0,1,0,0,0,G1,1.0,0.0,1.0,1,H,1.0,0.0,1,A,1.0,0.0,1,1,1.0,0.0,1,paragraph_continuation,1.0,0.0,1.0,LOW_POWER_TOKEN,LOW_SUPPORT_OR_POLYFUNCTIONAL,LOW,"f32r.14,+P0",H|A|1|paragraph_continuation:1/H13
qoy,1,1,R00,1.0,0.0,1.0,1.0,1,0,0,0,G1,1.0,0.0,1.0,1,H,1.0,0.0,1,A,1.0,0.0,1,1,1.0,0.0,1,paragraph_continuation,1.0,0.0,1.0,LOW_POWER_TOKEN,LOW_SUPPORT_OR_POLYFUNCTIONAL,LOW,"f53r.7,+P0",H|A|1|paragraph_continuation:1/R00
qsolkeedy,1,1,R00,1.0,0.0,1.0,1.0,1,0,0,0,G2,1.0,0.0,1.0,1,B,1.0,0.0,1,B,1.0,0.0,1,2,1.0,0.0,1,paragraph_continuation,1.0,0.0,1.0,LOW_POWER_TOKEN,LOW_SUPPORT_OR_POLYFUNCTIONAL,LOW,"f84r.29,+P0",B|B|2|paragraph_continuation:1/R00
qyoeey,1,1,R00,1.0,0.0,1.0,1.0,1,0,0,0,G2,1.0,0.0,1.0,1,P,1.0,0.0,1,A,1.0,0.0,1,1,1.0,0.0,1,paragraph_continuation,1.0,0.0,1.0,LOW_POWER_TOKEN,LOW_SUPPORT_OR_POLYFUNCTIONAL,LOW,"f102r2.17,+P0",P|A|1|paragraph_continuation:1/R00
rag,1,1,R00,1.0,0.0,1.0,1.0,1,0,0,0,G1,1.0,0.0,1.0,1,B,1.0,0.0,1,B,1.0,0.0,1,2,1.0,0.0,1,paragraph_continuation,1.0,0.0,1.0,LOW_POWER_TOKEN,LOW_SUPPORT_OR_POLYFUNCTIONAL,LOW,"f82r.30,+P0",B|B|2|paragraph_continuation:1/R00
rair,1,1,R00,1.0,0.0,1.0,1.0,1,0,0,0,G3C,1.0,0.0,1.0,1,S,1.0,0.0,1,B,1.0,0.0,1,3,1.0,0.0,1,paragraph_continuation,1.0,0.0,1.0,LOW_POWER_TOKEN,LOW_SUPPORT_OR_POLYFUNCTIONAL,LOW,"f108v.18,+P0",S|B|3|paragraph_continuation:1/R00
ralal,1,1,R00,1.0,0.0,1.0,1.0,1,0,0,0,G3C,1.0,0.0,1.0,1,Z,1.0,0.0,1,nan,1.0,0.0,1,4,1.0,0.0,1,&L,1.0,0.0,1.0,LOW_POWER_TOKEN,LOW_SUPPORT_OR_POLYFUNCTIONAL,LOW,"f72r2.24,&Lz",Z||4|&L:1/R00
ralkchedy,1,1,R00,1.0,0.0,1.0,1.0,1,0,0,0,G2,1.0,0.0,1.0,1,C,1.0,0.0,1,B,1.0,0.0,1,2,1.0,0.0,1,paragraph_continuation,1.0,0.0,1.0,LOW_POWER_TOKEN,LOW_SUPPORT_OR_POLYFUNCTIONAL,LOW,"f86v3.21,+P0",C|B|2|paragraph_continuation:1/R00
ralol,1,1,R00,1.0,0.0,1.0,1.0,1,0,0,0,G3C,1.0,0.0,1.0,1,P,1.0,0.0,1,A,1.0,0.0,1,1,1.0,0.0,1,label_or_marginal,1.0,0.0,1.0,LOW_POWER_TOKEN,LOW_SUPPORT_OR_POLYFUNCTIONAL,LOW,"f99r.9,@Lf",P|A|1|label_or_marginal:1/R00
raraiin,1,1,R00,1.0,0.0,1.0,1.0,1,0,0,0,G3C,1.0,0.0,1.0,1,S,1.0,0.0,1,B,1.0,0.0,1,3,1.0,0.0,1,paragraph_continuation,1.0,0.0,1.0,LOW_POWER_TOKEN,LOW_SUPPORT_OR_POLYFUNCTIONAL,LOW,"f116r.29,+P0",S|B|3|paragraph_continuation:1/R00
raral,1,1,R00,1.0,0.0,1.0,1.0,1,0,0,0,G3C,1.0,0.0,1.0,1,T,1.0,0.0,1,B,1.0,0.0,1,5,1.0,0.0,1,+L,1.0,0.0,1.0,LOW_POWER_TOKEN,LOW_SUPPORT_OR_POLYFUNCTIONAL,LOW,"f66r.15,+L0",T|B|5|+L:1/R00
rary,1,1,R00,1.0,0.0,1.0,1.0,1,0,0,0,G3C,1.0,0.0,1.0,1,T,1.0,0.0,1,B,1.0,0.0,1,5,1.0,0.0,1,label_or_marginal,1.0,0.0,1.0,LOW_POWER_TOKEN,LOW_SUPPORT_OR_POLYFUNCTIONAL,LOW,"f66r.1,@L0",T|B|5|label_or_marginal:1/R00
rchedar,1,1,R00,1.0,0.0,1.0,1.0,1,0,0,0,G3B,1.0,0.0,1.0,1,S,1.0,0.0,1,B,1.0,0.0,1,3,1.0,0.0,1,paragraph_continuation,1.0,0.0,1.0,LOW_POWER_TOKEN,LOW_SUPPORT_OR_POLYFUNCTIONAL,LOW,"f115v.30,+P0",S|B|3|paragraph_continuation:1/R00
rchedy,1,1,R00,1.0,0.0,1.0,1.0,1,0,0,0,G1,1.0,0.0,1.0,1,H,1.0,0.0,1,B,1.0,0.0,1,2,1.0,0.0,1,paragraph_continuation,1.0,0.0,1.0,LOW_POWER_TOKEN,LOW_SUPPORT_OR_POLYFUNCTIONAL,LOW,"f26r.6,+P0",H|B|2|paragraph_continuation:1/R00
rcheky,1,1,R00,1.0,0.0,1.0,1.0,1,0,0,0,G2,1.0,0.0,1.0,1,B,1.0,0.0,1,B,1.0,0.0,1,2,1.0,0.0,1,paragraph_continuation,1.0,0.0,1.0,LOW_POWER_TOKEN,LOW_SUPPORT_OR_POLYFUNCTIONAL,LOW,"f84r.43,+P1",B|B|2|paragraph_continuation:1/R00
rcheyet,1,1,R00,1.0,0.0,1.0,1.0,1,0,0,0,G3C,1.0,0.0,1.0,1,P,1.0,0.0,1,A,1.0,0.0,1,1,1.0,0.0,1,label_or_marginal,1.0,0.0,1.0,LOW_POWER_TOKEN,LOW_SUPPORT_OR_POLYFUNCTIONAL,LOW,"f99r.37,@Lf",P|A|1|label_or_marginal:1/R00
rchy,1,1,R00,1.0,0.0,1.0,1.0,1,0,0,0,G1,1.0,0.0,1.0,1,B,1.0,0.0,1,B,1.0,0.0,1,2,1.0,0.0,1,paragraph_continuation,1.0,0.0,1.0,LOW_POWER_TOKEN,LOW_SUPPORT_OR_POLYFUNCTIONAL,LOW,"f77v.26,+P0",B|B|2|paragraph_continuation:1/R00
reeey,1,1,R00,1.0,0.0,1.0,1.0,1,0,0,0,G2,1.0,0.0,1.0,1,S,1.0,0.0,1,B,1.0,0.0,1,3,1.0,0.0,1,paragraph_continuation,1.0,0.0,1.0,LOW_POWER_TOKEN,LOW_SUPPORT_OR_POLYFUNCTIONAL,LOW,"f111r.10,+P0",S|B|3|paragraph_continuation:1/R00
rkal,1,1,R00,1.0,0.0,1.0,1.0,1,0,0,0,G3C,1.0,0.0,1.0,1,B,1.0,0.0,1,B,1.0,0.0,1,2,1.0,0.0,1,label_or_marginal,1.0,0.0,1.0,LOW_POWER_TOKEN,LOW_SUPPORT_OR_POLYFUNCTIONAL,LOW,"f75v.34,@Ln",B|B|2|label_or_marginal:1/R00
rkchdy,1,1,R00,1.0,0.0,1.0,1.0,1,0,0,0,G2,1.0,0.0,1.0,1,B,1.0,0.0,1,B,1.0,0.0,1,2,1.0,0.0,1,paragraph_continuation,1.0,0.0,1.0,LOW_POWER_TOKEN,LOW_SUPPORT_OR_POLYFUNCTIONAL,LOW,"f84v.17,+P0",B|B|2|paragraph_continuation:1/R00
rkeey,1,1,R00,1.0,0.0,1.0,1.0,1,0,0,0,G2,1.0,0.0,1.0,1,S,1.0,0.0,1,B,1.0,0.0,1,3,1.0,0.0,1,paragraph_continuation,1.0,0.0,1.0,LOW_POWER_TOKEN,LOW_SUPPORT_OR_POLYFUNCTIONAL,LOW,"f107r.36,+P0",S|B|3|paragraph_continuation:1/R00
rky,1,1,R00,1.0,0.0,1.0,1.0,1,0,0,0,G1,1.0,0.0,1.0,1,S,1.0,0.0,1,B,1.0,0.0,1,3,1.0,0.0,1,paragraph_continuation,1.0,0.0,1.0,LOW_POWER_TOKEN,LOW_SUPPORT_OR_POLYFUNCTIONAL,LOW,"f111r.29,+P0",S|B|3|paragraph_continuation:1/R00
rl,1,1,R00,1.0,0.0,1.0,1.0,1,0,0,0,G3C,1.0,0.0,1.0,1,S,1.0,0.0,1,B,1.0,0.0,1,3,1.0,0.0,1,paragraph_continuation,1.0,0.0,1.0,LOW_POWER_TOKEN,LOW_SUPPORT_OR_POLYFUNCTIONAL,LOW,"f104r.22,+P0",S|B|3|paragraph_continuation:1/R00
rlaiin,1,1,R00,1.0,0.0,1.0,1.0,1,0,0,0,G3C,1.0,0.0,1.0,1,S,1.0,0.0,1,B,1.0,0.0,1,3,1.0,0.0,1,paragraph_continuation,1.0,0.0,1.0,LOW_POWER_TOKEN,LOW_SUPPORT_OR_POLYFUNCTIONAL,LOW,"f113r.19,+P0",S|B|3|paragraph_continuation:1/R00
rody,1,1,R00,1.0,0.0,1.0,1.0,1,0,0,0,G3C,1.0,0.0,1.0,1,C,1.0,0.0,1,B,1.0,0.0,1,4,1.0,0.0,1,label_or_marginal,1.0,0.0,1.0,LOW_POWER_TOKEN,LOW_SUPPORT_OR_POLYFUNCTIONAL,LOW,"fRos.86,@L0",C|B|4|label_or_marginal:1/R00
rolky,1,1,R00,1.0,0.0,1.0,1.0,1,0,0,0,G1,1.0,0.0,1.0,1,S,1.0,0.0,1,B,1.0,0.0,1,3,1.0,0.0,1,paragraph_continuation,1.0,0.0,1.0,LOW_POWER_TOKEN,LOW_SUPPORT_OR_POLYFUNCTIONAL,LOW,"f107r.32,+P0",S|B|3|paragraph_continuation:1/R00
rolsheedy,1,1,R00,1.0,0.0,1.0,1.0,1,0,0,0,G3C,1.0,0.0,1.0,1,S,1.0,0.0,1,B,1.0,0.0,1,3,1.0,0.0,1,paragraph_continuation,1.0,0.0,1.0,LOW_POWER_TOKEN,LOW_SUPPORT_OR_POLYFUNCTIONAL,LOW,"f115v.32,+P0",S|B|3|paragraph_continuation:1/R00
rorol,1,1,R00,1.0,0.0,1.0,1.0,1,0,0,0,G2,1.0,0.0,1.0,1,S,1.0,0.0,1,B,1.0,0.0,1,3,1.0,0.0,1,paragraph_continuation,1.0,0.0,1.0,LOW_POWER_TOKEN,LOW_SUPPORT_OR_POLYFUNCTIONAL,LOW,"f103v.46,+P0",S|B|3|paragraph_continuation:1/R00
rotaiin,1,1,R00,1.0,0.0,1.0,1.0,1,0,0,0,G2,1.0,0.0,1.0,1,T,1.0,0.0,1,B,1.0,0.0,1,5,1.0,0.0,1,paragraph_continuation,1.0,0.0,1.0,LOW_POWER_TOKEN,LOW_SUPPORT_OR_POLYFUNCTIONAL,LOW,"f66r.55,+P0",T|B|5|paragraph_continuation:1/R00
rshdy,1,1,R00,1.0,0.0,1.0,1.0,1,0,0,0,G2,1.0,0.0,1.0,1,B,1.0,0.0,1,B,1.0,0.0,1,2,1.0,0.0,1,paragraph_continuation,1.0,0.0,1.0,LOW_POWER_TOKEN,LOW_SUPPORT_OR_POLYFUNCTIONAL,LOW,"f81v.16,+P0",B|B|2|paragraph_continuation:1/R00
rsheal,1,1,R00,1.0,0.0,1.0,1.0,1,0,0,0,G1,1.0,0.0,1.0,1,B,1.0,0.0,1,B,1.0,0.0,1,2,1.0,0.0,1,paragraph_continuation,1.0,0.0,1.0,LOW_POWER_TOKEN,LOW_SUPPORT_OR_POLYFUNCTIONAL,LOW,"f82r.27,+P0",B|B|2|paragraph_continuation:1/R00
rshedy,1,1,R00,1.0,0.0,1.0,1.0,1,0,0,0,G1,1.0,0.0,1.0,1,B,1.0,0.0,1,B,1.0,0.0,1,2,1.0,0.0,1,paragraph_continuation,1.0,0.0,1.0,LOW_POWER_TOKEN,LOW_SUPPORT_OR_POLYFUNCTIONAL,LOW,"f82r.27,+P0",B|B|2|paragraph_continuation:1/R00
rsheedy,1,1,R00,1.0,0.0,1.0,1.0,1,0,0,0,G1,1.0,0.0,1.0,1,B,1.0,0.0,1,B,1.0,0.0,1,2,1.0,0.0,1,paragraph_continuation,1.0,0.0,1.0,LOW_POWER_TOKEN,LOW_SUPPORT_OR_POLYFUNCTIONAL,LOW,"f83r.7,+P0",B|B|2|paragraph_continuation:1/R00
ry,1,1,R00,1.0,0.0,1.0,1.0,1,0,0,0,G3C,1.0,0.0,1.0,1,H,1.0,0.0,1,A,1.0,0.0,1,1,1.0,0.0,1,paragraph_continuation,1.0,0.0,1.0,LOW_POWER_TOKEN,LOW_SUPPORT_OR_POLYFUNCTIONAL,LOW,"f8v.7,+P0",H|A|1|paragraph_continuation:1/R00
sachy,1,1,R06,1.0,0.0,1.0,1.0,1,0,0,0,G3C,1.0,0.0,1.0,1,P,1.0,0.0,1,A,1.0,0.0,1,1,1.0,0.0,1,label_or_marginal,1.0,0.0,1.0,LOW_POWER_TOKEN,LOW_SUPPORT_OR_POLYFUNCTIONAL,LOW,"f102v2.5,@Lf",P|A|1|label_or_marginal:1/R06
saeeasa,1,1,R00,1.0,0.0,1.0,1.0,1,0,0,0,G3C,1.0,0.0,1.0,1,C,1.0,0.0,1,B,1.0,0.0,1,4,1.0,0.0,1,label_or_marginal,1.0,0.0,1.0,LOW_POWER_TOKEN,LOW_SUPPORT_OR_POLYFUNCTIONAL,LOW,"fRos.1,@L0",C|B|4|label_or_marginal:1/R00
saiinchy,1,1,R00,1.0,0.0,1.0,1.0,1,0,0,0,G3C,1.0,0.0,1.0,1,H,1.0,0.0,1,A,1.0,0.0,1,1,1.0,0.0,1,paragraph_continuation,1.0,0.0,1.0,LOW_POWER_TOKEN,LOW_SUPPORT_OR_POLYFUNCTIONAL,LOW,"f22v.16,+Pc",H|A|1|paragraph_continuation:1/R00
saiino,1,1,R06,1.0,0.0,1.0,1.0,1,0,0,0,G3C,1.0,0.0,1.0,1,P,1.0,0.0,1,A,1.0,0.0,1,1,1.0,0.0,1,label_or_marginal,1.0,0.0,1.0,LOW_POWER_TOKEN,LOW_SUPPORT_OR_POLYFUNCTIONAL,LOW,"f99v.18,@Lf",P|A|1|label_or_marginal:1/R06
saiiny,1,1,R06,1.0,0.0,1.0,1.0,1,0,0,0,G3C,1.0,0.0,1.0,1,P,1.0,0.0,1,A,1.0,0.0,1,1,1.0,0.0,1,label_or_marginal,1.0,0.0,1.0,LOW_POWER_TOKEN,LOW_SUPPORT_OR_POLYFUNCTIONAL,LOW,"f99r.38,@Lf",P|A|1|label_or_marginal:1/R06
saiir,1,1,R06,1.0,0.0,1.0,1.0,1,0,0,0,G3C,1.0,0.0,1.0,1,C,1.0,0.0,1,nan,1.0,0.0,1,4,1.0,0.0,1,radial/ring_text,1.0,0.0,1.0,LOW_POWER_TOKEN,LOW_SUPPORT_OR_POLYFUNCTIONAL,LOW,"f69v.20,@Ri",C||4|radial/ring_text:1/R06
saim,1,1,R06,1.0,0.0,1.0,1.0,1,0,0,0,G3C,1.0,0.0,1.0,1,H,1.0,0.0,1,A,1.0,0.0,1,1,1.0,0.0,1,paragraph_terminal_or_label,1.0,0.0,1.0,LOW_POWER_TOKEN,LOW_SUPPORT_OR_POLYFUNCTIONAL,LOW,"f8r.21,=Pt",H|A|1|paragraph_terminal_or_label:1/R06
saino,1,1,R06,1.0,0.0,1.0,1.0,1,0,0,0,G3C,1.0,0.0,1.0,1,B,1.0,0.0,1,B,1.0,0.0,1,2,1.0,0.0,1,paragraph_continuation,1.0,0.0,1.0,LOW_POWER_TOKEN,LOW_SUPPORT_OR_POLYFUNCTIONAL,LOW,"f75r.51,+Pb",B|B|2|paragraph_continuation:1/R06
sairam,1,1,R06,1.0,0.0,1.0,1.0,1,0,0,0,G3C,1.0,0.0,1.0,1,C,1.0,0.0,1,nan,1.0,0.0,1,4,1.0,0.0,1,radial/ring_text,1.0,0.0,1.0,LOW_POWER_TOKEN,LOW_SUPPORT_OR_POLYFUNCTIONAL,LOW,"f69r.32,@Ro",C||4|radial/ring_text:1/R06
saisal,1,1,R06,1.0,0.0,1.0,1.0,1,0,0,0,G1,1.0,0.0,1.0,1,S,1.0,0.0,1,B,1.0,0.0,1,3,1.0,0.0,1,paragraph_continuation,1.0,0.0,1.0,LOW_POWER_TOKEN,LOW_SUPPORT_OR_POLYFUNCTIONAL,LOW,"f112v.20,+P0",S|B|3|paragraph_continuation:1/R06
salal,1,1,R06,1.0,0.0,1.0,1.0,1,0,0,0,G2,1.0,0.0,1.0,1,S,1.0,0.0,1,A,1.0,0.0,1,3,1.0,0.0,1,paragraph_continuation,1.0,0.0,1.0,LOW_POWER_TOKEN,LOW_SUPPORT_OR_POLYFUNCTIONAL,LOW,"f58v.9,+P0",S|A|3|paragraph_continuation:1/R06
saldam,1,1,R06,1.0,0.0,1.0,1.0,1,0,0,0,G3C,1.0,0.0,1.0,1,P,1.0,0.0,1,A,1.0,0.0,1,1,1.0,0.0,1,label_or_marginal,1.0,0.0,1.0,LOW_POWER_TOKEN,LOW_SUPPORT_OR_POLYFUNCTIONAL,LOW,"f89r1.25,@Lf",P|A|1|label_or_marginal:1/R06
salf,1,1,R06,1.0,0.0,1.0,1.0,1,0,0,0,G3C,1.0,0.0,1.0,1,T,1.0,0.0,1,B,1.0,0.0,1,5,1.0,0.0,1,+L,1.0,0.0,1.0,LOW_POWER_TOKEN,LOW_SUPPORT_OR_POLYFUNCTIONAL,LOW,"f66r.7,+L0",T|B|5|+L:1/R06
salkeedy,1,1,R00,1.0,0.0,1.0,1.0,1,0,0,0,G1,1.0,0.0,1.0,1,S,1.0,0.0,1,B,1.0,0.0,1,3,1.0,0.0,1,paragraph_continuation,1.0,0.0,1.0,LOW_POWER_TOKEN,LOW_SUPPORT_OR_POLYFUNCTIONAL,LOW,"f111r.29,+P0",S|B|3|paragraph_continuation:1/R00
salo,1,1,R06,1.0,0.0,1.0,1.0,1,0,0,0,G3C,1.0,0.0,1.0,1,P,1.0,0.0,1,A,1.0,0.0,1,1,1.0,0.0,1,label_or_marginal,1.0,0.0,1.0,LOW_POWER_TOKEN,LOW_SUPPORT_OR_POLYFUNCTIONAL,LOW,"f99r.5,@Lf",P|A|1|label_or_marginal:1/R06
saloiinsheol,1,1,R00,1.0,0.0,1.0,1.0,1,0,0,0,G3C,1.0,0.0,1.0,1,P,1.0,0.0,1,A,1.0,0.0,1,1,1.0,0.0,1,label_or_marginal,1.0,0.0,1.0,LOW_POWER_TOKEN,LOW_SUPPORT_OR_POLYFUNCTIONAL,LOW,"f89r2.4,@Lf",P|A|1|label_or_marginal:1/R00
salols,1,1,R06,1.0,0.0,1.0,1.0,1,0,0,0,G3C,1.0,0.0,1.0,1,Z,1.0,0.0,1,nan,1.0,0.0,1,4,1.0,0.0,1,&L,1.0,0.0,1.0,LOW_POWER_TOKEN,LOW_SUPPORT_OR_POLYFUNCTIONAL,LOW,"f70v2.29,&Lz",Z||4|&L:1/R06
salshcthdy,1,1,R00,1.0,0.0,1.0,1.0,1,0,0,0,G2,1.0,0.0,1.0,1,B,1.0,0.0,1,B,1.0,0.0,1,2,1.0,0.0,1,paragraph_continuation,1.0,0.0,1.0,LOW_POWER_TOKEN,LOW_SUPPORT_OR_POLYFUNCTIONAL,LOW,"f81v.15,+P0",B|B|2|paragraph_continuation:1/R00
salxarshy,1,1,R00,1.0,0.0,1.0,1.0,1,0,0,0,G1,1.0,0.0,1.0,1,S,1.0,0.0,1,B,1.0,0.0,1,3,1.0,0.0,1,paragraph_continuation,1.0,0.0,1.0,LOW_POWER_TOKEN,LOW_SUPPORT_OR_POLYFUNCTIONAL,LOW,"f107r.32,+P0",S|B|3|paragraph_continuation:1/R00
saly,1,1,R06,1.0,0.0,1.0,1.0,1,0,0,0,G3C,1.0,0.0,1.0,1,T,1.0,0.0,1,B,1.0,0.0,1,5,1.0,0.0,1,+L,1.0,0.0,1.0,LOW_POWER_TOKEN,LOW_SUPPORT_OR_POLYFUNCTIONAL,LOW,"f66r.6,+L0",T|B|5|+L:1/R06
saraiin,1,1,R00,1.0,0.0,1.0,1.0,1,0,0,0,G3C,1.0,0.0,1.0,1,S,1.0,0.0,1,B,1.0,0.0,1,3,1.0,0.0,1,paragraph_continuation,1.0,0.0,1.0,LOW_POWER_TOKEN,LOW_SUPPORT_OR_POLYFUNCTIONAL,LOW,"f113v.17,+P0",S|B|3|paragraph_continuation:1/R00
sarchar,1,1,R00,1.0,0.0,1.0,1.0,1,0,0,0,G3C,1.0,0.0,1.0,1,P,1.0,0.0,1,A,1.0,0.0,1,1,1.0,0.0,1,label_or_marginal,1.0,0.0,1.0,LOW_POWER_TOKEN,LOW_SUPPORT_OR_POLYFUNCTIONAL,LOW,"f100r.5,@Lf",P|A|1|label_or_marginal:1/R00
sarchcphdy,1,1,R00,1.0,0.0,1.0,1.0,1,0,0,0,G3C,1.0,0.0,1.0,1,C,1.0,0.0,1,B,1.0,0.0,1,4,1.0,0.0,1,label_or_marginal,1.0,0.0,1.0,LOW_POWER_TOKEN,LOW_SUPPORT_OR_POLYFUNCTIONAL,LOW,"fRos.44,@L0",C|B|4|label_or_marginal:1/R00
sarol,1,1,R06,1.0,0.0,1.0,1.0,1,0,0,0,G3C,1.0,0.0,1.0,1,P,1.0,0.0,1,A,1.0,0.0,1,1,1.0,0.0,1,label_or_marginal,1.0,0.0,1.0,LOW_POWER_TOKEN,LOW_SUPPORT_OR_POLYFUNCTIONAL,LOW,"f102v2.14,@Lf",P|A|1|label_or_marginal:1/R06
sarols,1,1,R06,1.0,0.0,1.0,1.0,1,0,0,0,G2,1.0,0.0,1.0,1,S,1.0,0.0,1,A,1.0,0.0,1,3,1.0,0.0,1,paragraph_continuation,1.0,0.0,1.0,LOW_POWER_TOKEN,LOW_SUPPORT_OR_POLYFUNCTIONAL,LOW,"f58v.39,+P0",S|A|3|paragraph_continuation:1/R06
sarydy,1,1,R06,1.0,0.0,1.0,1.0,1,0,0,0,G3C,1.0,0.0,1.0,1,C,1.0,0.0,1,nan,1.0,0.0,1,4,1.0,0.0,1,radial/ring_text,1.0,0.0,1.0,LOW_POWER_TOKEN,LOW_SUPPORT_OR_POLYFUNCTIONAL,LOW,"f69v.23,@Ri",C||4|radial/ring_text:1/R06
saykchom,1,1,R00,1.0,0.0,1.0,1.0,1,0,0,0,G2,1.0,0.0,1.0,1,H,1.0,0.0,1,A,1.0,0.0,1,1,1.0,0.0,1,paragraph_continuation,1.0,0.0,1.0,LOW_POWER_TOKEN,LOW_SUPPORT_OR_POLYFUNCTIONAL,LOW,"f45v.9,+P0",H|A|1|paragraph_continuation:1/R00
schaiin,1,1,R00,1.0,0.0,1.0,1.0,1,0,0,0,G3C,1.0,0.0,1.0,1,H,1.0,0.0,1,A,1.0,0.0,1,1,1.0,0.0,1,paragraph_continuation,1.0,0.0,1.0,LOW_POWER_TOKEN,LOW_SUPPORT_OR_POLYFUNCTIONAL,LOW,"f35r.6,+P0",H|A|1|paragraph_continuation:1/R00
scharchy,1,1,R00,1.0,0.0,1.0,1.0,1,0,0,0,G3C,1.0,0.0,1.0,1,H,1.0,0.0,1,A,1.0,0.0,1,1,1.0,0.0,1,paragraph_continuation,1.0,0.0,1.0,LOW_POWER_TOKEN,LOW_SUPPORT_OR_POLYFUNCTIONAL,LOW,"f8v.10,+P0",H|A|1|paragraph_continuation:1/R00
scheaiin,1,1,R00,1.0,0.0,1.0,1.0,1,0,0,0,G3C,1.0,0.0,1.0,1,H,1.0,0.0,1,A,1.0,0.0,1,1,1.0,0.0,1,paragraph_continuation,1.0,0.0,1.0,LOW_POWER_TOKEN,LOW_SUPPORT_OR_POLYFUNCTIONAL,LOW,"f15r.4,+P0",H|A|1|paragraph_continuation:1/R00
schedy,1,1,R06,1.0,0.0,1.0,1.0,1,0,0,0,G1,1.0,0.0,1.0,1,B,1.0,0.0,1,B,1.0,0.0,1,2,1.0,0.0,1,paragraph_continuation,1.0,0.0,1.0,LOW_POWER_TOKEN,LOW_SUPPORT_OR_POLYFUNCTIONAL,LOW,"f83r.6,+P0",B|B|2|paragraph_continuation:1/R06
scheeol,1,1,R00,1.0,0.0,1.0,1.0,1,0,0,0,G2,1.0,0.0,1.0,1,H,1.0,0.0,1,A,1.0,0.0,1,1,1.0,0.0,1,paragraph_continuation,1.0,0.0,1.0,LOW_POWER_TOKEN,LOW_SUPPORT_OR_POLYFUNCTIONAL,LOW,"f93v.10,+P0",H|A|1|paragraph_continuation:1/R00
scheey,1,1,R06,1.0,0.0,1.0,1.0,1,0,0,0,G2,1.0,0.0,1.0,1,H,1.0,0.0,1,A,1.0,0.0,1,1,1.0,0.0,1,paragraph_continuation,1.0,0.0,1.0,LOW_POWER_TOKEN,LOW_SUPPORT_OR_POLYFUNCTIONAL,LOW,"f90r2.2,+P0",H|A|1|paragraph_continuation:1/R06
schekol,1,1,R00,1.0,0.0,1.0,1.0,1,0,0,0,G3C,1.0,0.0,1.0,1,C,1.0,0.0,1,nan,1.0,0.0,1,4,1.0,0.0,1,radial/ring_text,1.0,0.0,1.0,LOW_POWER_TOKEN,LOW_SUPPORT_OR_POLYFUNCTIONAL,LOW,"f68v3.7,@Ri",C||4|radial/ring_text:1/R00
schoal,1,1,R06,1.0,0.0,1.0,1.0,1,0,0,0,G3C,1.0,0.0,1.0,1,H,1.0,0.0,1,A,1.0,0.0,1,1,1.0,0.0,1,paragraph_start,1.0,0.0,1.0,LOW_POWER_TOKEN,LOW_SUPPORT_OR_POLYFUNCTIONAL,LOW,"f11r.1,@P0",H|A|1|paragraph_start:1/R06
schokey,1,1,R00,1.0,0.0,1.0,1.0,1,0,0,0,G3C,1.0,0.0,1.0,1,H,1.0,0.0,1,A,1.0,0.0,1,1,1.0,0.0,1,paragraph_continuation,1.0,0.0,1.0,LOW_POWER_TOKEN,LOW_SUPPORT_OR_POLYFUNCTIONAL,LOW,"f35v.19,+P0",H|A|1|paragraph_continuation:1/R00
schol,1,1,R06,1.0,0.0,1.0,1.0,1,0,0,0,G3C,1.0,0.0,1.0,1,H,1.0,0.0,1,A,1.0,0.0,1,1,1.0,0.0,1,paragraph_terminal_or_label,1.0,0.0,1.0,LOW_POWER_TOKEN,LOW_SUPPORT_OR_POLYFUNCTIONAL,LOW,"f8r.21,=Pt",H|A|1|paragraph_terminal_or_label:1/R06
seeaiir,1,1,R00,1.0,0.0,1.0,1.0,1,0,0,0,G3C,1.0,0.0,1.0,1,A,1.0,0.0,1,nan,1.0,0.0,1,4,1.0,0.0,1,radial/ring_text,1.0,0.0,1.0,LOW_POWER_TOKEN,LOW_SUPPORT_OR_POLYFUNCTIONAL,LOW,"f67r1.10,@Ri",A||4|radial/ring_text:1/R00
shakol,1,1,R06,1.0,0.0,1.0,1.0,1,0,0,0,G2,1.0,0.0,1.0,1,H,1.0,0.0,1,A,1.0,0.0,1,1,1.0,0.0,1,paragraph_start,1.0,0.0,1.0,LOW_POWER_TOKEN,LOW_SUPPORT_OR_POLYFUNCTIONAL,LOW,"f90r2.1,@P0",H|A|1|paragraph_start:1/R06
shalg,1,1,R06,1.0,0.0,1.0,1.0,1,0,0,0,G2,1.0,0.0,1.0,1,S,1.0,0.0,1,B,1.0,0.0,1,3,1.0,0.0,1,paragraph_continuation,1.0,0.0,1.0,LOW_POWER_TOKEN,LOW_SUPPORT_OR_POLYFUNCTIONAL,LOW,"f111v.11,+P0",S|B|3|paragraph_continuation:1/R06
shara,1,1,R06,1.0,0.0,1.0,1.0,1,0,0,0,G1,1.0,0.0,1.0,1,S,1.0,0.0,1,B,1.0,0.0,1,3,1.0,0.0,1,paragraph_continuation,1.0,0.0,1.0,LOW_POWER_TOKEN,LOW_SUPPORT_OR_POLYFUNCTIONAL,LOW,"f112r.28,+P0",S|B|3|paragraph_continuation:1/R06
shchy,1,1,R06,1.0,0.0,1.0,1.0,1,0,0,0,G3C,1.0,0.0,1.0,1,S,1.0,0.0,1,B,1.0,0.0,1,3,1.0,0.0,1,paragraph_continuation,1.0,0.0,1.0,LOW_POWER_TOKEN,LOW_SUPPORT_OR_POLYFUNCTIONAL,LOW,"f112v.40,+P0",S|B|3|paragraph_continuation:1/R06
shckhdy,1,1,R00,1.0,0.0,1.0,1.0,1,0,0,0,G3C,1.0,0.0,1.0,1,C,1.0,0.0,1,B,1.0,0.0,1,4,1.0,0.0,1,+L,1.0,0.0,1.0,LOW_POWER_TOKEN,LOW_SUPPORT_OR_POLYFUNCTIONAL,LOW,"fRos.153,+L0",C|B|4|+L:1/R00
shckhedy,1,1,R00,1.0,0.0,1.0,1.0,1,0,0,0,G2,1.0,0.0,1.0,1,B,1.0,0.0,1,B,1.0,0.0,1,2,1.0,0.0,1,paragraph_continuation,1.0,0.0,1.0,LOW_POWER_TOKEN,LOW_SUPPORT_OR_POLYFUNCTIONAL,LOW,"f81v.27,+P0",B|B|2|paragraph_continuation:1/R00
shckhey,1,1,R00,1.0,0.0,1.0,1.0,1,0,0,0,G1,1.0,0.0,1.0,1,B,1.0,0.0,1,B,1.0,0.0,1,2,1.0,0.0,1,paragraph_continuation,1.0,0.0,1.0,LOW_POWER_TOKEN,LOW_SUPPORT_OR_POLYFUNCTIONAL,LOW,"f80r.21,+P0",B|B|2|paragraph_continuation:1/R00
shcthey,1,1,R04,1.0,0.0,1.0,1.0,1,0,0,0,G1,1.0,0.0,1.0,1,B,1.0,0.0,1,B,1.0,0.0,1,2,1.0,0.0,1,paragraph_continuation,1.0,0.0,1.0,LOW_POWER_TOKEN,LOW_SUPPORT_OR_POLYFUNCTIONAL,LOW,"f77r.11,+P0",B|B|2|paragraph_continuation:1/R04
shealdar,1,1,R00,1.0,0.0,1.0,1.0,1,0,0,0,G3C,1.0,0.0,1.0,1,A,1.0,0.0,1,nan,1.0,0.0,1,4,1.0,0.0,1,paragraph_start,1.0,0.0,1.0,LOW_POWER_TOKEN,LOW_SUPPORT_OR_POLYFUNCTIONAL,LOW,"f68r2.1,@P0",A||4|paragraph_start:1/R00
sheckhdy,1,1,R00,1.0,0.0,1.0,1.0,1,0,0,0,G2,1.0,0.0,1.0,1,B,1.0,0.0,1,B,1.0,0.0,1,2,1.0,0.0,1,paragraph_continuation,1.0,0.0,1.0,LOW_POWER_TOKEN,LOW_SUPPORT_OR_POLYFUNCTIONAL,LOW,"f79v.38,+P0",B|B|2|paragraph_continuation:1/R00
sheckhedy,1,1,R00,1.0,0.0,1.0,1.0,1,0,0,0,G2,1.0,0.0,1.0,1,S,1.0,0.0,1,B,1.0,0.0,1,3,1.0,0.0,1,paragraph_continuation,1.0,0.0,1.0,LOW_POWER_TOKEN,LOW_SUPPORT_OR_POLYFUNCTIONAL,LOW,"f111v.40,+P0",S|B|3|paragraph_continuation:1/R00
shecthey,1,1,R00,1.0,0.0,1.0,1.0,1,0,0,0,G1,1.0,0.0,1.0,1,S,1.0,0.0,1,B,1.0,0.0,1,3,1.0,0.0,1,paragraph_continuation,1.0,0.0,1.0,LOW_POWER_TOKEN,LOW_SUPPORT_OR_POLYFUNCTIONAL,LOW,"f111r.18,+P0",S|B|3|paragraph_continuation:1/R00
shedaiin,1,1,R00,1.0,0.0,1.0,1.0,1,0,0,0,G2,1.0,0.0,1.0,1,C,1.0,0.0,1,B,1.0,0.0,1,2,1.0,0.0,1,paragraph_continuation,1.0,0.0,1.0,LOW_POWER_TOKEN,LOW_SUPPORT_OR_POLYFUNCTIONAL,LOW,"f86v3.26,+Pb",C|B|2|paragraph_continuation:1/R00
shedaitain,1,1,R00,1.0,0.0,1.0,1.0,1,0,0,0,G2,1.0,0.0,1.0,1,S,1.0,0.0,1,B,1.0,0.0,1,3,1.0,0.0,1,paragraph_continuation,1.0,0.0,1.0,LOW_POWER_TOKEN,LOW_SUPPORT_OR_POLYFUNCTIONAL,LOW,"f111v.11,+P0",S|B|3|paragraph_continuation:1/R00
shedol,1,1,R06,1.0,0.0,1.0,1.0,1,0,0,0,G2,1.0,0.0,1.0,1,B,1.0,0.0,1,B,1.0,0.0,1,2,1.0,0.0,1,paragraph_continuation,1.0,0.0,1.0,LOW_POWER_TOKEN,LOW_SUPPORT_OR_POLYFUNCTIONAL,LOW,"f84v.13,+P0",B|B|2|paragraph_continuation:1/R06
shedytedy,1,1,R00,1.0,0.0,1.0,1.0,1,0,0,0,G2,1.0,0.0,1.0,1,B,1.0,0.0,1,B,1.0,0.0,1,2,1.0,0.0,1,paragraph_continuation,1.0,0.0,1.0,LOW_POWER_TOKEN,LOW_SUPPORT_OR_POLYFUNCTIONAL,LOW,"f84r.16,+P0",B|B|2|paragraph_continuation:1/R00
sheeckhy,1,1,R00,1.0,0.0,1.0,1.0,1,0,0,0,G2,1.0,0.0,1.0,1,S,1.0,0.0,1,B,1.0,0.0,1,3,1.0,0.0,1,paragraph_continuation,1.0,0.0,1.0,LOW_POWER_TOKEN,LOW_SUPPORT_OR_POLYFUNCTIONAL,LOW,"f111r.23,+P0",S|B|3|paragraph_continuation:1/R00
sheed,1,1,R06,1.0,0.0,1.0,1.0,1,0,0,0,G1,1.0,0.0,1.0,1,S,1.0,0.0,1,B,1.0,0.0,1,@,1.0,0.0,1,paragraph_continuation,1.0,0.0,1.0,LOW_POWER_TOKEN,LOW_SUPPORT_OR_POLYFUNCTIONAL,LOW,"f115r.5,+P0",S|B|@|paragraph_continuation:1/R06
sheees,1,1,R06,1.0,0.0,1.0,1.0,1,0,0,0,G2,1.0,0.0,1.0,1,S,1.0,0.0,1,B,1.0,0.0,1,3,1.0,0.0,1,paragraph_continuation,1.0,0.0,1.0,LOW_POWER_TOKEN,LOW_SUPPORT_OR_POLYFUNCTIONAL,LOW,"f107r.28,+P0",S|B|3|paragraph_continuation:1/R06
sheefy,1,1,R06,1.0,0.0,1.0,1.0,1,0,0,0,G1,1.0,0.0,1.0,1,S,1.0,0.0,1,B,1.0,0.0,1,3,1.0,0.0,1,paragraph_continuation,1.0,0.0,1.0,LOW_POWER_TOKEN,LOW_SUPPORT_OR_POLYFUNCTIONAL,LOW,"f105r.28,+P0",S|B|3|paragraph_continuation:1/R06
sheek,1,1,R06,1.0,0.0,1.0,1.0,1,0,0,0,G2,1.0,0.0,1.0,1,S,1.0,0.0,1,B,1.0,0.0,1,3,1.0,0.0,1,paragraph_start,1.0,0.0,1.0,LOW_POWER_TOKEN,LOW_SUPPORT_OR_POLYFUNCTIONAL,LOW,"f111r.1,@P0",S|B|3|paragraph_start:1/R06
sheekain,1,1,R00,1.0,0.0,1.0,1.0,1,0,0,0,G2,1.0,0.0,1.0,1,S,1.0,0.0,1,B,1.0,0.0,1,3,1.0,0.0,1,paragraph_continuation,1.0,0.0,1.0,LOW_POWER_TOKEN,LOW_SUPPORT_OR_POLYFUNCTIONAL,LOW,"f111v.30,+P0",S|B|3|paragraph_continuation:1/R00
sheekey,1,1,R00,1.0,0.0,1.0,1.0,1,0,0,0,G1,1.0,0.0,1.0,1,B,1.0,0.0,1,B,1.0,0.0,1,2,1.0,0.0,1,paragraph_continuation,1.0,0.0,1.0,LOW_POWER_TOKEN,LOW_SUPPORT_OR_POLYFUNCTIONAL,LOW,"f77v.24,+P0",B|B|2|paragraph_continuation:1/R00
sheeo,1,1,R06,1.0,0.0,1.0,1.0,1,0,0,0,G1,1.0,0.0,1.0,1,S,1.0,0.0,1,B,1.0,0.0,1,3,1.0,0.0,1,paragraph_continuation,1.0,0.0,1.0,LOW_POWER_TOKEN,LOW_SUPPORT_OR_POLYFUNCTIONAL,LOW,"f104v.20,+P0",S|B|3|paragraph_continuation:1/R06
sheeod,1,1,R06,1.0,0.0,1.0,1.0,1,0,0,0,G3C,1.0,0.0,1.0,1,H,1.0,0.0,1,A,1.0,0.0,1,1,1.0,0.0,1,paragraph_terminal_or_label,1.0,0.0,1.0,LOW_POWER_TOKEN,LOW_SUPPORT_OR_POLYFUNCTIONAL,LOW,"f49v.18,=P0",H|A|1|paragraph_terminal_or_label:1/R06
sheeodain,1,1,R00,1.0,0.0,1.0,1.0,1,0,0,0,G3C,1.0,0.0,1.0,1,S,1.0,0.0,1,B,1.0,0.0,1,3,1.0,0.0,1,paragraph_continuation,1.0,0.0,1.0,LOW_POWER_TOKEN,LOW_SUPPORT_OR_POLYFUNCTIONAL,LOW,"f114v.32,+P0",S|B|3|paragraph_continuation:1/R00
sheeoldy,1,1,R00,1.0,0.0,1.0,1.0,1,0,0,0,G1,1.0,0.0,1.0,1,T,1.0,0.0,1,B,1.0,0.0,1,2,1.0,0.0,1,paragraph_continuation,1.0,0.0,1.0,LOW_POWER_TOKEN,LOW_SUPPORT_OR_POLYFUNCTIONAL,LOW,"f76r.43,+P0",T|B|2|paragraph_continuation:1/R00
sheeor,1,1,R06,1.0,0.0,1.0,1.0,1,0,0,0,G2,1.0,0.0,1.0,1,H,1.0,0.0,1,A,1.0,0.0,1,1,1.0,0.0,1,paragraph_continuation,1.0,0.0,1.0,LOW_POWER_TOKEN,LOW_SUPPORT_OR_POLYFUNCTIONAL,LOW,"f4v.7,+P0",H|A|1|paragraph_continuation:1/R06
sheepshey,1,1,R00,1.0,0.0,1.0,1.0,1,0,0,0,G2,1.0,0.0,1.0,1,B,1.0,0.0,1,B,1.0,0.0,1,2,1.0,0.0,1,paragraph_continuation,1.0,0.0,1.0,LOW_POWER_TOKEN,LOW_SUPPORT_OR_POLYFUNCTIONAL,LOW,"f79v.36,+P0",B|B|2|paragraph_continuation:1/R00
sheer,1,1,R06,1.0,0.0,1.0,1.0,1,0,0,0,G2,1.0,0.0,1.0,1,S,1.0,0.0,1,B,1.0,0.0,1,3,1.0,0.0,1,paragraph_continuation,1.0,0.0,1.0,LOW_POWER_TOKEN,LOW_SUPPORT_OR_POLYFUNCTIONAL,LOW,"f111v.11,+P0",S|B|3|paragraph_continuation:1/R06
shefchdy,1,1,R00,1.0,0.0,1.0,1.0,1,0,0,0,G1,1.0,0.0,1.0,1,T,1.0,0.0,1,B,1.0,0.0,1,2,1.0,0.0,1,paragraph_continuation,1.0,0.0,1.0,LOW_POWER_TOKEN,LOW_SUPPORT_OR_POLYFUNCTIONAL,LOW,"f85r1.7,+P0",T|B|2|paragraph_continuation:1/R00
shekain,1,1,R00,1.0,0.0,1.0,1.0,1,0,0,0,G2,1.0,0.0,1.0,1,S,1.0,0.0,1,B,1.0,0.0,1,3,1.0,0.0,1,paragraph_continuation,1.0,0.0,1.0,LOW_POWER_TOKEN,LOW_SUPPORT_OR_POLYFUNCTIONAL,LOW,"f111r.10,+P0",S|B|3|paragraph_continuation:1/R00
shekchy,1,1,R00,1.0,0.0,1.0,1.0,1,0,0,0,G3C,1.0,0.0,1.0,1,A,1.0,0.0,1,nan,1.0,0.0,1,4,1.0,0.0,1,&L,1.0,0.0,1.0,LOW_POWER_TOKEN,LOW_SUPPORT_OR_POLYFUNCTIONAL,LOW,"f67r2.4,&L0",A||4|&L:1/R00
shekealy,1,1,R00,1.0,0.0,1.0,1.0,1,0,0,0,G2,1.0,0.0,1.0,1,S,1.0,0.0,1,A,1.0,0.0,1,3,1.0,0.0,1,paragraph_continuation,1.0,0.0,1.0,LOW_POWER_TOKEN,LOW_SUPPORT_OR_POLYFUNCTIONAL,LOW,"f58v.22,+Pc",S|A|3|paragraph_continuation:1/R00
shekeefy,1,1,R00,1.0,0.0,1.0,1.0,1,0,0,0,G2,1.0,0.0,1.0,1,T,1.0,0.0,1,B,1.0,0.0,1,5,1.0,0.0,1,paragraph_continuation,1.0,0.0,1.0,LOW_POWER_TOKEN,LOW_SUPPORT_OR_POLYFUNCTIONAL,LOW,"f66r.70,+P0",T|B|5|paragraph_continuation:1/R00
shekey,1,1,R06,1.0,0.0,1.0,1.0,1,0,0,0,G1,1.0,0.0,1.0,1,T,1.0,0.0,1,B,1.0,0.0,1,5,1.0,0.0,1,paragraph_continuation,1.0,0.0,1.0,LOW_POWER_TOKEN,LOW_SUPPORT_OR_POLYFUNCTIONAL,LOW,"f66r.51,+P0",T|B|5|paragraph_continuation:1/R06
shekody,1,1,R00,1.0,0.0,1.0,1.0,1,0,0,0,G2,1.0,0.0,1.0,1,H,1.0,0.0,1,B,1.0,0.0,1,2,1.0,0.0,1,paragraph_continuation,1.0,0.0,1.0,LOW_POWER_TOKEN,LOW_SUPPORT_OR_POLYFUNCTIONAL,LOW,"f43r.5,+P0",H|B|2|paragraph_continuation:1/R00
shekol,1,1,R06,1.0,0.0,1.0,1.0,1,0,0,0,G2,1.0,0.0,1.0,1,T,1.0,0.0,1,B,1.0,0.0,1,5,1.0,0.0,1,paragraph_continuation,1.0,0.0,1.0,LOW_POWER_TOKEN,LOW_SUPPORT_OR_POLYFUNCTIONAL,LOW,"f66r.78,+P0",T|B|5|paragraph_continuation:1/R06
shekshol,1,1,R08,1.0,0.0,1.0,1.0,1,0,0,0,G2,1.0,0.0,1.0,1,C,1.0,0.0,1,B,1.0,0.0,1,2,1.0,0.0,1,paragraph_continuation,1.0,0.0,1.0,LOW_POWER_TOKEN,LOW_SUPPORT_OR_POLYFUNCTIONAL,LOW,"f86v3.14,+Pb",C|B|2|paragraph_continuation:1/R08
sheoal,1,1,R06,1.0,0.0,1.0,1.0,1,0,0,0,G3C,1.0,0.0,1.0,1,S,1.0,0.0,1,B,1.0,0.0,1,3,1.0,0.0,1,paragraph_continuation,1.0,0.0,1.0,LOW_POWER_TOKEN,LOW_SUPPORT_OR_POLYFUNCTIONAL,LOW,"f114v.17,+P0",S|B|3|paragraph_continuation:1/R06
sheockhy,1,1,R00,1.0,0.0,1.0,1.0,1,0,0,0,G3C,1.0,0.0,1.0,1,H,1.0,0.0,1,B,1.0,0.0,1,2,1.0,0.0,1,paragraph_continuation,1.0,0.0,1.0,LOW_POWER_TOKEN,LOW_SUPPORT_OR_POLYFUNCTIONAL,LOW,"f46r.12,+P0",H|B|2|paragraph_continuation:1/R00
sheodol,1,1,R00,1.0,0.0,1.0,1.0,1,0,0,0,G1,1.0,0.0,1.0,1,P,1.0,0.0,1,A,1.0,0.0,1,1,1.0,0.0,1,paragraph_continuation,1.0,0.0,1.0,LOW_POWER_TOKEN,LOW_SUPPORT_OR_POLYFUNCTIONAL,LOW,"f99v.23,+P0",P|A|1|paragraph_continuation:1/R00
sheoeky,1,1,R00,1.0,0.0,1.0,1.0,1,0,0,0,G3C,1.0,0.0,1.0,1,Z,1.0,0.0,1,nan,1.0,0.0,1,4,1.0,0.0,1,&L,1.0,0.0,1.0,LOW_POWER_TOKEN,LOW_SUPPORT_OR_POLYFUNCTIONAL,LOW,"f72v2.10,&Lz",Z||4|&L:1/R00
sheokeedy,1,1,R00,1.0,0.0,1.0,1.0,1,0,0,0,G1,1.0,0.0,1.0,1,S,1.0,0.0,1,B,1.0,0.0,1,3,1.0,0.0,1,paragraph_continuation,1.0,0.0,1.0,LOW_POWER_TOKEN,LOW_SUPPORT_OR_POLYFUNCTIONAL,LOW,"f112r.28,+P0",S|B|3|paragraph_continuation:1/R00
sheolcheky,1,1,R00,1.0,0.0,1.0,1.0,1,0,0,0,G3C,1.0,0.0,1.0,1,H,1.0,0.0,1,B,1.0,0.0,1,2,1.0,0.0,1,paragraph_continuation,1.0,0.0,1.0,LOW_POWER_TOKEN,LOW_SUPPORT_OR_POLYFUNCTIONAL,LOW,"f31r.15,+P0",H|B|2|paragraph_continuation:1/R00
sheoldam,1,1,R00,1.0,0.0,1.0,1.0,1,0,0,0,G3C,1.0,0.0,1.0,1,H,1.0,0.0,1,A,1.0,0.0,1,1,1.0,0.0,1,paragraph_continuation,1.0,0.0,1.0,LOW_POWER_TOKEN,LOW_SUPPORT_OR_POLYFUNCTIONAL,LOW,"f3r.9,+P0",H|A|1|paragraph_continuation:1/R00
sheoldy,1,1,R00,1.0,0.0,1.0,1.0,1,0,0,0,G2,1.0,0.0,1.0,1,S,1.0,0.0,1,A,1.0,0.0,1,3,1.0,0.0,1,paragraph_continuation,1.0,0.0,1.0,LOW_POWER_TOKEN,LOW_SUPPORT_OR_POLYFUNCTIONAL,LOW,"f58v.19,+P0",S|A|3|paragraph_continuation:1/R00
sheolkeal,1,1,R00,1.0,0.0,1.0,1.0,1,0,0,0,G2,1.0,0.0,1.0,1,S,1.0,0.0,1,A,1.0,0.0,1,3,1.0,0.0,1,section/paragraph_break_start,1.0,0.0,1.0,LOW_POWER_TOKEN,LOW_SUPPORT_OR_POLYFUNCTIONAL,LOW,"f58v.23,*P0",S|A|3|section/paragraph_break_start:1/R00
sheolol,1,1,R00,1.0,0.0,1.0,1.0,1,0,0,0,G1,1.0,0.0,1.0,1,B,1.0,0.0,1,B,1.0,0.0,1,2,1.0,0.0,1,paragraph_continuation,1.0,0.0,1.0,LOW_POWER_TOKEN,LOW_SUPPORT_OR_POLYFUNCTIONAL,LOW,"f76v.17,+P0",B|B|2|paragraph_continuation:1/R00
sheolor,1,1,R00,1.0,0.0,1.0,1.0,1,0,0,0,G2,1.0,0.0,1.0,1,S,1.0,0.0,1,B,1.0,0.0,1,3,1.0,0.0,1,paragraph_start,1.0,0.0,1.0,LOW_POWER_TOKEN,LOW_SUPPORT_OR_POLYFUNCTIONAL,LOW,"f107r.1,@P0",S|B|3|paragraph_start:1/R00
sheols,1,1,R06,1.0,0.0,1.0,1.0,1,0,0,0,G2,1.0,0.0,1.0,1,S,1.0,0.0,1,A,1.0,0.0,1,3,1.0,0.0,1,paragraph_continuation,1.0,0.0,1.0,LOW_POWER_TOKEN,LOW_SUPPORT_OR_POLYFUNCTIONAL,LOW,"f58v.7,+P0",S|A|3|paragraph_continuation:1/R06
sheoltey,1,1,R00,1.0,0.0,1.0,1.0,1,0,0,0,G2,1.0,0.0,1.0,1,S,1.0,0.0,1,A,1.0,0.0,1,3,1.0,0.0,1,section/paragraph_break_start,1.0,0.0,1.0,LOW_POWER_TOKEN,LOW_SUPPORT_OR_POLYFUNCTIONAL,LOW,"f58v.23,*P0",S|A|3|section/paragraph_break_start:1/R00
sheoly,1,1,R06,1.0,0.0,1.0,1.0,1,0,0,0,G3C,1.0,0.0,1.0,1,C,1.0,0.0,1,B,1.0,0.0,1,2,1.0,0.0,1,paragraph_continuation,1.0,0.0,1.0,LOW_POWER_TOKEN,LOW_SUPPORT_OR_POLYFUNCTIONAL,LOW,"f85r2.23,+Pb",C|B|2|paragraph_continuation:1/R06
sheopchey,1,1,R00,1.0,0.0,1.0,1.0,1,0,0,0,G1,1.0,0.0,1.0,1,T,1.0,0.0,1,B,1.0,0.0,1,2,1.0,0.0,1,paragraph_continuation,1.0,0.0,1.0,LOW_POWER_TOKEN,LOW_SUPPORT_OR_POLYFUNCTIONAL,LOW,"f86v6.19,+P0",T|B|2|paragraph_continuation:1/R00
sheos,1,1,R06,1.0,0.0,1.0,1.0,1,0,0,0,G1,1.0,0.0,1.0,1,C,1.0,0.0,1,B,1.0,0.0,1,2,1.0,0.0,1,paragraph_start,1.0,0.0,1.0,LOW_POWER_TOKEN,LOW_SUPPORT_OR_POLYFUNCTIONAL,LOW,"f85r2.7,@Pb",C|B|2|paragraph_start:1/R06
sheosam,1,1,R00,1.0,0.0,1.0,1.0,1,0,0,0,G3C,1.0,0.0,1.0,1,A,1.0,0.0,1,nan,1.0,0.0,1,4,1.0,0.0,1,radial/ring_text,1.0,0.0,1.0,LOW_POWER_TOKEN,LOW_SUPPORT_OR_POLYFUNCTIONAL,LOW,"f67r1.15,@Ri",A||4|radial/ring_text:1/R00
sheoy,1,1,R06,1.0,0.0,1.0,1.0,1,0,0,0,G1,1.0,0.0,1.0,1,A,1.0,0.0,1,nan,1.0,0.0,1,4,1.0,0.0,1,paragraph_continuation,1.0,0.0,1.0,LOW_POWER_TOKEN,LOW_SUPPORT_OR_POLYFUNCTIONAL,LOW,"f68v2.4,+P0",A||4|paragraph_continuation:1/R06
shet,1,1,R06,1.0,0.0,1.0,1.0,1,0,0,0,G3C,1.0,0.0,1.0,1,C,1.0,0.0,1,B,1.0,0.0,1,4,1.0,0.0,1,label_or_marginal,1.0,0.0,1.0,LOW_POWER_TOKEN,LOW_SUPPORT_OR_POLYFUNCTIONAL,LOW,"fRos.158,@L0",C|B|4|label_or_marginal:1/R06
shetcheodchs,1,1,R00,1.0,0.0,1.0,1.0,1,0,0,0,G2,1.0,0.0,1.0,1,H,1.0,0.0,1,B,1.0,0.0,1,2,1.0,0.0,1,paragraph_continuation,1.0,0.0,1.0,LOW_POWER_TOKEN,LOW_SUPPORT_OR_POLYFUNCTIONAL,LOW,"f43v.8,+P0",H|B|2|paragraph_continuation:1/R00
sheykain,1,1,R00,1.0,0.0,1.0,1.0,1,0,0,0,G2,1.0,0.0,1.0,1,S,1.0,0.0,1,B,1.0,0.0,1,3,1.0,0.0,1,paragraph_continuation,1.0,0.0,1.0,LOW_POWER_TOKEN,LOW_SUPPORT_OR_POLYFUNCTIONAL,LOW,"f103v.42,+P0",S|B|3|paragraph_continuation:1/R00
sheyteedy,1,1,R00,1.0,0.0,1.0,1.0,1,0,0,0,G1,1.0,0.0,1.0,1,B,1.0,0.0,1,B,1.0,0.0,1,2,1.0,0.0,1,paragraph_continuation,1.0,0.0,1.0,LOW_POWER_TOKEN,LOW_SUPPORT_OR_POLYFUNCTIONAL,LOW,"f79v.29,+P0",B|B|2|paragraph_continuation:1/R00
shfydaiin,1,1,R10,1.0,0.0,1.0,1.0,1,0,0,0,G3C,1.0,0.0,1.0,1,H,1.0,0.0,1,A,1.0,0.0,1,1,1.0,0.0,1,paragraph_start,1.0,0.0,1.0,LOW_POWER_TOKEN,LOW_SUPPORT_OR_POLYFUNCTIONAL,LOW,"f11r.1,@P0",H|A|1|paragraph_start:1/R10
shkaiin,1,1,R00,1.0,0.0,1.0,1.0,1,0,0,0,G3C,1.0,0.0,1.0,1,H,1.0,0.0,1,A,1.0,0.0,1,1,1.0,0.0,1,paragraph_continuation,1.0,0.0,1.0,LOW_POWER_TOKEN,LOW_SUPPORT_OR_POLYFUNCTIONAL,LOW,"f15r.7,+P0",H|A|1|paragraph_continuation:1/R00
shkain,1,1,R06,1.0,0.0,1.0,1.0,1,0,0,0,G3C,1.0,0.0,1.0,1,B,1.0,0.0,1,B,1.0,0.0,1,2,1.0,0.0,1,paragraph_continuation,1.0,0.0,1.0,LOW_POWER_TOKEN,LOW_SUPPORT_OR_POLYFUNCTIONAL,LOW,"f80v.43,+P0",B|B|2|paragraph_continuation:1/R06
shkchodyal,1,1,R00,1.0,0.0,1.0,1.0,1,0,0,0,G3C,1.0,0.0,1.0,1,C,1.0,0.0,1,nan,1.0,0.0,1,4,1.0,0.0,1,radial/ring_text,1.0,0.0,1.0,LOW_POWER_TOKEN,LOW_SUPPORT_OR_POLYFUNCTIONAL,LOW,"f69r.37,@Ro",C||4|radial/ring_text:1/R00
shkchor,1,1,R00,1.0,0.0,1.0,1.0,1,0,0,0,G2,1.0,0.0,1.0,1,H,1.0,0.0,1,A,1.0,0.0,1,1,1.0,0.0,1,paragraph_continuation,1.0,0.0,1.0,LOW_POWER_TOKEN,LOW_SUPPORT_OR_POLYFUNCTIONAL,LOW,"f4v.2,+P0",H|A|1|paragraph_continuation:1/R00
shkchy,1,1,R06,1.0,0.0,1.0,1.0,1,0,0,0,G2,1.0,0.0,1.0,1,H,1.0,0.0,1,A,1.0,0.0,1,1,1.0,0.0,1,paragraph_continuation,1.0,0.0,1.0,LOW_POWER_TOKEN,LOW_SUPPORT_OR_POLYFUNCTIONAL,LOW,"f13r.2,+P0",H|A|1|paragraph_continuation:1/R06
shkshy,1,1,R06,1.0,0.0,1.0,1.0,1,0,0,0,G3C,1.0,0.0,1.0,1,H,1.0,0.0,1,A,1.0,0.0,1,1,1.0,0.0,1,paragraph_continuation,1.0,0.0,1.0,LOW_POWER_TOKEN,LOW_SUPPORT_OR_POLYFUNCTIONAL,LOW,"f23v.6,+P0",H|A|1|paragraph_continuation:1/R06
shockhey,1,1,R00,1.0,0.0,1.0,1.0,1,0,0,0,G3C,1.0,0.0,1.0,1,P,1.0,0.0,1,A,1.0,0.0,1,1,1.0,0.0,1,label_or_marginal,1.0,0.0,1.0,LOW_POWER_TOKEN,LOW_SUPPORT_OR_POLYFUNCTIONAL,LOW,"f100r.17,@Lf",P|A|1|label_or_marginal:1/R00
shockho,1,1,R00,1.0,0.0,1.0,1.0,1,0,0,0,G3C,1.0,0.0,1.0,1,H,1.0,0.0,1,A,1.0,0.0,1,1,1.0,0.0,1,paragraph_continuation,1.0,0.0,1.0,LOW_POWER_TOKEN,LOW_SUPPORT_OR_POLYFUNCTIONAL,LOW,"f3v.11,+P0",H|A|1|paragraph_continuation:1/R00
shockhy,1,1,R00,1.0,0.0,1.0,1.0,1,0,0,0,G2,1.0,0.0,1.0,1,P,1.0,0.0,1,A,1.0,0.0,1,1,1.0,0.0,1,paragraph_continuation,1.0,0.0,1.0,LOW_POWER_TOKEN,LOW_SUPPORT_OR_POLYFUNCTIONAL,LOW,"f102r2.10,+P0",P|A|1|paragraph_continuation:1/R00
shocthol,1,1,R00,1.0,0.0,1.0,1.0,1,0,0,0,G3C,1.0,0.0,1.0,1,H,1.0,0.0,1,A,1.0,0.0,1,1,1.0,0.0,1,paragraph_continuation,1.0,0.0,1.0,LOW_POWER_TOKEN,LOW_SUPPORT_OR_POLYFUNCTIONAL,LOW,"f6v.6,+P0",H|A|1|paragraph_continuation:1/R00
shod,1,1,R06,1.0,0.0,1.0,1.0,1,0,0,0,G3C,1.0,0.0,1.0,1,T,1.0,0.0,1,A,1.0,0.0,1,1,1.0,0.0,1,paragraph_continuation,1.0,0.0,1.0,LOW_POWER_TOKEN,LOW_SUPPORT_OR_POLYFUNCTIONAL,LOW,"f1r.3,+P0",T|A|1|paragraph_continuation:1/R06
shodain,1,1,R05,1.0,0.0,1.0,1.0,1,0,0,0,G2,1.0,0.0,1.0,1,C,1.0,0.0,1,B,1.0,0.0,1,2,1.0,0.0,1,paragraph_continuation,1.0,0.0,1.0,LOW_POWER_TOKEN,LOW_SUPPORT_OR_POLYFUNCTIONAL,LOW,"f86v3.14,+Pb",C|B|2|paragraph_continuation:1/R05
shoefy,1,1,R06,1.0,0.0,1.0,1.0,1,0,0,0,G1,1.0,0.0,1.0,1,S,1.0,0.0,1,B,1.0,0.0,1,3,1.0,0.0,1,paragraph_start,1.0,0.0,1.0,LOW_POWER_TOKEN,LOW_SUPPORT_OR_POLYFUNCTIONAL,LOW,"f106r.1,@P0",S|B|3|paragraph_start:1/R06
shofol,1,1,R06,1.0,0.0,1.0,1.0,1,0,0,0,G2,1.0,0.0,1.0,1,T,1.0,0.0,1,B,1.0,0.0,1,5,1.0,0.0,1,paragraph_continuation,1.0,0.0,1.0,LOW_POWER_TOKEN,LOW_SUPPORT_OR_POLYFUNCTIONAL,LOW,"f66r.67,+P0",T|B|5|paragraph_continuation:1/R06
shoiin,1,1,R06,1.0,0.0,1.0,1.0,1,0,0,0,G3C,1.0,0.0,1.0,1,H,1.0,0.0,1,A,1.0,0.0,1,1,1.0,0.0,1,paragraph_start,1.0,0.0,1.0,LOW_POWER_TOKEN,LOW_SUPPORT_OR_POLYFUNCTIONAL,LOW,"f14r.1,@P0",H|A|1|paragraph_start:1/R06
shok,1,1,R06,1.0,0.0,1.0,1.0,1,0,0,0,G3C,1.0,0.0,1.0,1,T,1.0,0.0,1,A,1.0,0.0,1,1,1.0,0.0,1,paragraph_continuation,1.0,0.0,1.0,LOW_POWER_TOKEN,LOW_SUPPORT_OR_POLYFUNCTIONAL,LOW,"f1r.20,+P0",T|A|1|paragraph_continuation:1/R06
shokain,1,1,R00,1.0,0.0,1.0,1.0,1,0,0,0,G2,1.0,0.0,1.0,1,B,1.0,0.0,1,B,1.0,0.0,1,2,1.0,0.0,1,paragraph_continuation,1.0,0.0,1.0,LOW_POWER_TOKEN,LOW_SUPPORT_OR_POLYFUNCTIONAL,LOW,"f75r.16,+P0",B|B|2|paragraph_continuation:1/R00
shokal,1,1,R06,1.0,0.0,1.0,1.0,1,0,0,0,G3C,1.0,0.0,1.0,1,B,1.0,0.0,1,B,1.0,0.0,1,2,1.0,0.0,1,paragraph_continuation,1.0,0.0,1.0,LOW_POWER_TOKEN,LOW_SUPPORT_OR_POLYFUNCTIONAL,LOW,"f80v.43,+P0",B|B|2|paragraph_continuation:1/R06
shokeedar,1,1,R00,1.0,0.0,1.0,1.0,1,0,0,0,G3C,1.0,0.0,1.0,1,S,1.0,0.0,1,B,1.0,0.0,1,3,1.0,0.0,1,paragraph_continuation,1.0,0.0,1.0,LOW_POWER_TOKEN,LOW_SUPPORT_OR_POLYFUNCTIONAL,LOW,"f108r.8,+P0",S|B|3|paragraph_continuation:1/R00
shokey,1,1,R06,1.0,0.0,1.0,1.0,1,0,0,0,G3C,1.0,0.0,1.0,1,A,1.0,0.0,1,nan,1.0,0.0,1,4,1.0,0.0,1,radial/ring_text,1.0,0.0,1.0,LOW_POWER_TOKEN,LOW_SUPPORT_OR_POLYFUNCTIONAL,LOW,"f68v1.9,@Ro",A||4|radial/ring_text:1/R06
shokshor,1,1,R00,1.0,0.0,1.0,1.0,1,0,0,0,G3C,1.0,0.0,1.0,1,H,1.0,0.0,1,A,1.0,0.0,1,1,1.0,0.0,1,paragraph_continuation,1.0,0.0,1.0,LOW_POWER_TOKEN,LOW_SUPPORT_OR_POLYFUNCTIONAL,LOW,"f14v.4,+P0",H|A|1|paragraph_continuation:1/R00
shoky,1,1,R06,1.0,0.0,1.0,1.0,1,0,0,0,G3C,1.0,0.0,1.0,1,H,1.0,0.0,1,A,1.0,0.0,1,1,1.0,0.0,1,paragraph_continuation,1.0,0.0,1.0,LOW_POWER_TOKEN,LOW_SUPPORT_OR_POLYFUNCTIONAL,LOW,"f42r.20,+P0",H|A|1|paragraph_continuation:1/R06
sholdaiin,1,1,R10,1.0,0.0,1.0,1.0,1,0,0,0,G2,1.0,0.0,1.0,1,P,1.0,0.0,1,A,1.0,0.0,1,1,1.0,0.0,1,paragraph_start,1.0,0.0,1.0,LOW_POWER_TOKEN,LOW_SUPPORT_OR_POLYFUNCTIONAL,LOW,"f102r1.3,@P0",P|A|1|paragraph_start:1/R10
sholkcheol,1,1,R08,1.0,0.0,1.0,1.0,1,0,0,0,G1,1.0,0.0,1.0,1,P,1.0,0.0,1,A,1.0,0.0,1,1,1.0,0.0,1,paragraph_continuation,1.0,0.0,1.0,LOW_POWER_TOKEN,LOW_SUPPORT_OR_POLYFUNCTIONAL,LOW,"f100v.17,+P0",P|A|1|paragraph_continuation:1/R08
sholkeedy,1,1,R08,1.0,0.0,1.0,1.0,1,0,0,0,G1,1.0,0.0,1.0,1,S,1.0,0.0,1,B,1.0,0.0,1,3,1.0,0.0,1,paragraph_continuation,1.0,0.0,1.0,LOW_POWER_TOKEN,LOW_SUPPORT_OR_POLYFUNCTIONAL,LOW,"f108v.35,+P0",S|B|3|paragraph_continuation:1/R08
sholor,1,1,R06,1.0,0.0,1.0,1.0,1,0,0,0,G2,1.0,0.0,1.0,1,C,1.0,0.0,1,B,1.0,0.0,1,2,1.0,0.0,1,paragraph_continuation,1.0,0.0,1.0,LOW_POWER_TOKEN,LOW_SUPPORT_OR_POLYFUNCTIONAL,LOW,"f86v3.22,+P0",C|B|2|paragraph_continuation:1/R06
shom,1,1,R06,1.0,0.0,1.0,1.0,1,0,0,0,G3C,1.0,0.0,1.0,1,H,1.0,0.0,1,A,1.0,0.0,1,1,1.0,0.0,1,paragraph_continuation,1.0,0.0,1.0,LOW_POWER_TOKEN,LOW_SUPPORT_OR_POLYFUNCTIONAL,LOW,"f24r.19,+P0",H|A|1|paragraph_continuation:1/R06
shopalchedy,1,1,R00,1.0,0.0,1.0,1.0,1,0,0,0,G2,1.0,0.0,1.0,1,S,1.0,0.0,1,A,1.0,0.0,1,3,1.0,0.0,1,section/paragraph_break_start,1.0,0.0,1.0,LOW_POWER_TOKEN,LOW_SUPPORT_OR_POLYFUNCTIONAL,LOW,"f58v.23,*P0",S|A|3|section/paragraph_break_start:1/R00
shopchey,1,1,R00,1.0,0.0,1.0,1.0,1,0,0,0,G2,1.0,0.0,1.0,1,H,1.0,0.0,1,A,1.0,0.0,1,1,1.0,0.0,1,paragraph_start,1.0,0.0,1.0,LOW_POWER_TOKEN,LOW_SUPPORT_OR_POLYFUNCTIONAL,LOW,"f7r.1,@P0",H|A|1|paragraph_start:1/R00
shorshy,1,1,R00,1.0,0.0,1.0,1.0,1,0,0,0,G3C,1.0,0.0,1.0,1,H,1.0,0.0,1,A,1.0,0.0,1,1,1.0,0.0,1,paragraph_continuation,1.0,0.0,1.0,LOW_POWER_TOKEN,LOW_SUPPORT_OR_POLYFUNCTIONAL,LOW,"f49r.10,+P0",H|A|1|paragraph_continuation:1/R00
shosaiin,1,1,R00,1.0,0.0,1.0,1.0,1,0,0,0,G3C,1.0,0.0,1.0,1,H,1.0,0.0,1,A,1.0,0.0,1,1,1.0,0.0,1,paragraph_continuation,1.0,0.0,1.0,LOW_POWER_TOKEN,LOW_SUPPORT_OR_POLYFUNCTIONAL,LOW,"f35r.7,+P0",H|A|1|paragraph_continuation:1/R00
shoshy,1,1,R06,1.0,0.0,1.0,1.0,1,0,0,0,G3C,1.0,0.0,1.0,1,H,1.0,0.0,1,A,1.0,0.0,1,1,1.0,0.0,1,paragraph_continuation,1.0,0.0,1.0,LOW_POWER_TOKEN,LOW_SUPPORT_OR_POLYFUNCTIONAL,LOW,"f32r.18,+P0",H|A|1|paragraph_continuation:1/R06
shotoly,1,1,R00,1.0,0.0,1.0,1.0,1,0,0,0,G3C,1.0,0.0,1.0,1,H,1.0,0.0,1,A,1.0,0.0,1,1,1.0,0.0,1,paragraph_continuation,1.0,0.0,1.0,LOW_POWER_TOKEN,LOW_SUPPORT_OR_POLYFUNCTIONAL,LOW,"f22v.13,+P0",H|A|1|paragraph_continuation:1/R00
shoyty,1,1,R06,1.0,0.0,1.0,1.0,1,0,0,0,G3C,1.0,0.0,1.0,1,H,1.0,0.0,1,A,1.0,0.0,1,1,1.0,0.0,1,paragraph_start,1.0,0.0,1.0,LOW_POWER_TOKEN,LOW_SUPPORT_OR_POLYFUNCTIONAL,LOW,"f11r.1,@P0",H|A|1|paragraph_start:1/R06
shs,1,1,R06,1.0,0.0,1.0,1.0,1,0,0,0,G3C,1.0,0.0,1.0,1,A,1.0,0.0,1,nan,1.0,0.0,1,4,1.0,0.0,1,&L,1.0,0.0,1.0,LOW_POWER_TOKEN,LOW_SUPPORT_OR_POLYFUNCTIONAL,LOW,"f67r2.3,&L0",A||4|&L:1/R06
shtol,1,1,R06,1.0,0.0,1.0,1.0,1,0,0,0,G2,1.0,0.0,1.0,1,B,1.0,0.0,1,B,1.0,0.0,1,2,1.0,0.0,1,paragraph_continuation,1.0,0.0,1.0,LOW_POWER_TOKEN,LOW_SUPPORT_OR_POLYFUNCTIONAL,LOW,"f75r.27,+P0",B|B|2|paragraph_continuation:1/R06
shty,1,1,R06,1.0,0.0,1.0,1.0,1,0,0,0,G3C,1.0,0.0,1.0,1,S,1.0,0.0,1,B,1.0,0.0,1,3,1.0,0.0,1,paragraph_continuation,1.0,0.0,1.0,LOW_POWER_TOKEN,LOW_SUPPORT_OR_POLYFUNCTIONAL,LOW,"f112r.27,+P0",S|B|3|paragraph_continuation:1/R06
shykaiin,1,1,R00,1.0,0.0,1.0,1.0,1,0,0,0,G2,1.0,0.0,1.0,1,S,1.0,0.0,1,B,1.0,0.0,1,3,1.0,0.0,1,paragraph_continuation,1.0,0.0,1.0,LOW_POWER_TOKEN,LOW_SUPPORT_OR_POLYFUNCTIONAL,LOW,"f111v.25,+P0",S|B|3|paragraph_continuation:1/R00
shykol,1,1,R06,1.0,0.0,1.0,1.0,1,0,0,0,G2,1.0,0.0,1.0,1,B,1.0,0.0,1,B,1.0,0.0,1,2,1.0,0.0,1,paragraph_continuation,1.0,0.0,1.0,LOW_POWER_TOKEN,LOW_SUPPORT_OR_POLYFUNCTIONAL,LOW,"f75r.17,+P0",B|B|2|paragraph_continuation:1/R06
shytchor,1,1,R00,1.0,0.0,1.0,1.0,1,0,0,0,G3C,1.0,0.0,1.0,1,H,1.0,0.0,1,A,1.0,0.0,1,1,1.0,0.0,1,paragraph_continuation,1.0,0.0,1.0,LOW_POWER_TOKEN,LOW_SUPPORT_OR_POLYFUNCTIONAL,LOW,"f22v.6,+P0",H|A|1|paragraph_continuation:1/R00
skaiin,1,1,R06,1.0,0.0,1.0,1.0,1,0,0,0,G1,1.0,0.0,1.0,1,S,1.0,0.0,1,B,1.0,0.0,1,3,1.0,0.0,1,paragraph_continuation,1.0,0.0,1.0,LOW_POWER_TOKEN,LOW_SUPPORT_OR_POLYFUNCTIONAL,LOW,"f114v.9,+P0",S|B|3|paragraph_continuation:1/R06
skaiiodar,1,1,R00,1.0,0.0,1.0,1.0,1,0,0,0,G3C,1.0,0.0,1.0,1,H,1.0,0.0,1,A,1.0,0.0,1,1,1.0,0.0,1,paragraph_continuation,1.0,0.0,1.0,LOW_POWER_TOKEN,LOW_SUPPORT_OR_POLYFUNCTIONAL,LOW,"f6r.9,+P0",H|A|1|paragraph_continuation:1/R00
skeeal,1,1,R06,1.0,0.0,1.0,1.0,1,0,0,0,G3C,1.0,0.0,1.0,1,P,1.0,0.0,1,A,1.0,0.0,1,1,1.0,0.0,1,label_or_marginal,1.0,0.0,1.0,LOW_POWER_TOKEN,LOW_SUPPORT_OR_POLYFUNCTIONAL,LOW,"f99r.10,@Lf",P|A|1|label_or_marginal:1/R06
skeey,1,1,R06,1.0,0.0,1.0,1.0,1,0,0,0,G2,1.0,0.0,1.0,1,B,1.0,0.0,1,B,1.0,0.0,1,2,1.0,0.0,1,paragraph_continuation,1.0,0.0,1.0,LOW_POWER_TOKEN,LOW_SUPPORT_OR_POLYFUNCTIONAL,LOW,"f84r.43,+P1",B|B|2|paragraph_continuation:1/R06
skey,1,1,R06,1.0,0.0,1.0,1.0,1,0,0,0,G1,1.0,0.0,1.0,1,H,1.0,0.0,1,A,1.0,0.0,1,1,1.0,0.0,1,paragraph_continuation,1.0,0.0,1.0,LOW_POWER_TOKEN,LOW_SUPPORT_OR_POLYFUNCTIONAL,LOW,"f32v.9,+P0",H|A|1|paragraph_continuation:1/R06
sochorcfhy,1,1,R00,1.0,0.0,1.0,1.0,1,0,0,0,G3C,1.0,0.0,1.0,1,P,1.0,0.0,1,A,1.0,0.0,1,1,1.0,0.0,1,label_or_marginal,1.0,0.0,1.0,LOW_POWER_TOKEN,LOW_SUPPORT_OR_POLYFUNCTIONAL,LOW,"f100r.2,@Lf",P|A|1|label_or_marginal:1/R00
socths,1,1,R06,1.0,0.0,1.0,1.0,1,0,0,0,G3C,1.0,0.0,1.0,1,A,1.0,0.0,1,nan,1.0,0.0,1,4,1.0,0.0,1,radial/ring_text,1.0,0.0,1.0,LOW_POWER_TOKEN,LOW_SUPPORT_OR_POLYFUNCTIONAL,LOW,"f68v2.10,@Ro",A||4|radial/ring_text:1/R06
sodal,1,1,R06,1.0,0.0,1.0,1.0,1,0,0,0,G3C,1.0,0.0,1.0,1,H,1.0,0.0,1,A,1.0,0.0,1,1,1.0,0.0,1,paragraph_continuation,1.0,0.0,1.0,LOW_POWER_TOKEN,LOW_SUPPORT_OR_POLYFUNCTIONAL,LOW,"f42v.8,+P0",H|A|1|paragraph_continuation:1/R06
soeedoy,1,1,R00,1.0,0.0,1.0,1.0,1,0,0,0,G3C,1.0,0.0,1.0,1,C,1.0,0.0,1,B,1.0,0.0,1,4,1.0,0.0,1,+L,1.0,0.0,1.0,LOW_POWER_TOKEN,LOW_SUPPORT_OR_POLYFUNCTIONAL,LOW,"fRos.8,+L0",C|B|4|+L:1/R00
soeeol,1,1,R06,1.0,0.0,1.0,1.0,1,0,0,0,G2,1.0,0.0,1.0,1,H,1.0,0.0,1,A,1.0,0.0,1,1,1.0,0.0,1,paragraph_start,1.0,0.0,1.0,LOW_POWER_TOKEN,LOW_SUPPORT_OR_POLYFUNCTIONAL,LOW,"f90r2.1,@P0",H|A|1|paragraph_start:1/R06
soeey,1,1,R06,1.0,0.0,1.0,1.0,1,0,0,0,G3C,1.0,0.0,1.0,1,A,1.0,0.0,1,nan,1.0,0.0,1,4,1.0,0.0,1,paragraph_continuation,1.0,0.0,1.0,LOW_POWER_TOKEN,LOW_SUPPORT_OR_POLYFUNCTIONAL,LOW,"f67r2.14,+Pb",A||4|paragraph_continuation:1/R06
soes,1,1,R06,1.0,0.0,1.0,1.0,1,0,0,0,G1,1.0,0.0,1.0,1,S,1.0,0.0,1,B,1.0,0.0,1,3,1.0,0.0,1,paragraph_continuation,1.0,0.0,1.0,LOW_POWER_TOKEN,LOW_SUPPORT_OR_POLYFUNCTIONAL,LOW,"f114v.9,+P0",S|B|3|paragraph_continuation:1/R06
soiindy,1,1,R00,1.0,0.0,1.0,1.0,1,0,0,0,G3C,1.0,0.0,1.0,1,C,1.0,0.0,1,B,1.0,0.0,1,4,1.0,0.0,1,label_or_marginal,1.0,0.0,1.0,LOW_POWER_TOKEN,LOW_SUPPORT_OR_POLYFUNCTIONAL,LOW,"fRos.12,@L0",C|B|4|label_or_marginal:1/R00
soity,1,1,R06,1.0,0.0,1.0,1.0,1,0,0,0,G3C,1.0,0.0,1.0,1,P,1.0,0.0,1,A,1.0,0.0,1,1,1.0,0.0,1,label_or_marginal,1.0,0.0,1.0,LOW_POWER_TOKEN,LOW_SUPPORT_OR_POLYFUNCTIONAL,LOW,"f100r.8,@Lf",P|A|1|label_or_marginal:1/R06
sokar,1,1,R06,1.0,0.0,1.0,1.0,1,0,0,0,G3C,1.0,0.0,1.0,1,H,1.0,0.0,1,A,1.0,0.0,1,1,1.0,0.0,1,paragraph_continuation,1.0,0.0,1.0,LOW_POWER_TOKEN,LOW_SUPPORT_OR_POLYFUNCTIONAL,LOW,"f16v.13,+P0",H|A|1|paragraph_continuation:1/R06
sokcheey,1,1,R00,1.0,0.0,1.0,1.0,1,0,0,0,G1,1.0,0.0,1.0,1,B,1.0,0.0,1,B,1.0,0.0,1,2,1.0,0.0,1,paragraph_continuation,1.0,0.0,1.0,LOW_POWER_TOKEN,LOW_SUPPORT_OR_POLYFUNCTIONAL,LOW,"f77r.14,+P0",B|B|2|paragraph_continuation:1/R00
sokchol,1,1,R00,1.0,0.0,1.0,1.0,1,0,0,0,G3C,1.0,0.0,1.0,1,H,1.0,0.0,1,A,1.0,0.0,1,1,1.0,0.0,1,paragraph_continuation,1.0,0.0,1.0,LOW_POWER_TOKEN,LOW_SUPPORT_OR_POLYFUNCTIONAL,LOW,"f56v.16,+P0",H|A|1|paragraph_continuation:1/R00
sokeey,1,1,R06,1.0,0.0,1.0,1.0,1,0,0,0,G2,1.0,0.0,1.0,1,S,1.0,0.0,1,B,1.0,0.0,1,3,1.0,0.0,1,paragraph_continuation,1.0,0.0,1.0,LOW_POWER_TOKEN,LOW_SUPPORT_OR_POLYFUNCTIONAL,LOW,"f107r.42,+P0",S|B|3|paragraph_continuation:1/R06
sokoly,1,1,R06,1.0,0.0,1.0,1.0,1,0,0,0,G3C,1.0,0.0,1.0,1,B,1.0,0.0,1,B,1.0,0.0,1,2,1.0,0.0,1,=L,1.0,0.0,1.0,LOW_POWER_TOKEN,LOW_SUPPORT_OR_POLYFUNCTIONAL,LOW,"f82r.42,=Ln",B|B|2|=L:1/R06
solaiin,1,1,R00,1.0,0.0,1.0,1.0,1,0,0,0,G2,1.0,0.0,1.0,1,H,1.0,0.0,1,B,1.0,0.0,1,2,1.0,0.0,1,paragraph_continuation,1.0,0.0,1.0,LOW_POWER_TOKEN,LOW_SUPPORT_OR_POLYFUNCTIONAL,LOW,"f40v.5,+P0",H|B|2|paragraph_continuation:1/R00
solair,1,1,R06,1.0,0.0,1.0,1.0,1,0,0,0,G3C,1.0,0.0,1.0,1,C,1.0,0.0,1,nan,1.0,0.0,1,4,1.0,0.0,1,paragraph_continuation,1.0,0.0,1.0,LOW_POWER_TOKEN,LOW_SUPPORT_OR_POLYFUNCTIONAL,LOW,"f67v2.8,+Pb",C||4|paragraph_continuation:1/R06
solal,1,1,R06,1.0,0.0,1.0,1.0,1,0,0,0,G3C,1.0,0.0,1.0,1,C,1.0,0.0,1,nan,1.0,0.0,1,4,1.0,0.0,1,paragraph_continuation,1.0,0.0,1.0,LOW_POWER_TOKEN,LOW_SUPPORT_OR_POLYFUNCTIONAL,LOW,"f67v2.8,+Pb",C||4|paragraph_continuation:1/R06
solchey,1,1,R00,1.0,0.0,1.0,1.0,1,0,0,0,G3C,1.0,0.0,1.0,1,B,1.0,0.0,1,B,1.0,0.0,1,2,1.0,0.0,1,paragraph_continuation,1.0,0.0,1.0,LOW_POWER_TOKEN,LOW_SUPPORT_OR_POLYFUNCTIONAL,LOW,"f84v.47,+Pb",B|B|2|paragraph_continuation:1/R00
solcthy,1,1,R00,1.0,0.0,1.0,1.0,1,0,0,0,G1,1.0,0.0,1.0,1,P,1.0,0.0,1,A,1.0,0.0,1,1,1.0,0.0,1,paragraph_continuation,1.0,0.0,1.0,LOW_POWER_TOKEN,LOW_SUPPORT_OR_POLYFUNCTIONAL,LOW,"f100v.17,+P0",P|A|1|paragraph_continuation:1/R00
soleesos,1,1,R00,1.0,0.0,1.0,1.0,1,0,0,0,G3C,1.0,0.0,1.0,1,P,1.0,0.0,1,A,1.0,0.0,1,1,1.0,0.0,1,label_or_marginal,1.0,0.0,1.0,LOW_POWER_TOKEN,LOW_SUPPORT_OR_POLYFUNCTIONAL,LOW,"f100v.5,@Lf",P|A|1|label_or_marginal:1/R00
solkchy,1,1,R00,1.0,0.0,1.0,1.0,1,0,0,0,G1,1.0,0.0,1.0,1,H,1.0,0.0,1,B,1.0,0.0,1,2,1.0,0.0,1,paragraph_continuation,1.0,0.0,1.0,LOW_POWER_TOKEN,LOW_SUPPORT_OR_POLYFUNCTIONAL,LOW,"f50r.5,+P0",H|B|2|paragraph_continuation:1/R00
solkedy,1,1,R00,1.0,0.0,1.0,1.0,1,0,0,0,G3C,1.0,0.0,1.0,1,B,1.0,0.0,1,B,1.0,0.0,1,2,1.0,0.0,1,paragraph_continuation,1.0,0.0,1.0,LOW_POWER_TOKEN,LOW_SUPPORT_OR_POLYFUNCTIONAL,LOW,"f75v.58,+Pb",B|B|2|paragraph_continuation:1/R00
solshed,1,1,R00,1.0,0.0,1.0,1.0,1,0,0,0,G1,1.0,0.0,1.0,1,B,1.0,0.0,1,B,1.0,0.0,1,2,1.0,0.0,1,paragraph_continuation,1.0,0.0,1.0,LOW_POWER_TOKEN,LOW_SUPPORT_OR_POLYFUNCTIONAL,LOW,"f83r.7,+P0",B|B|2|paragraph_continuation:1/R00
solshedy,1,1,R00,1.0,0.0,1.0,1.0,1,0,0,0,G1,1.0,0.0,1.0,1,B,1.0,0.0,1,B,1.0,0.0,1,2,1.0,0.0,1,paragraph_continuation,1.0,0.0,1.0,LOW_POWER_TOKEN,LOW_SUPPORT_OR_POLYFUNCTIONAL,LOW,"f82v.9,+P0",B|B|2|paragraph_continuation:1/R00
solsheol,1,1,R00,1.0,0.0,1.0,1.0,1,0,0,0,G1,1.0,0.0,1.0,1,B,1.0,0.0,1,B,1.0,0.0,1,2,1.0,0.0,1,paragraph_continuation,1.0,0.0,1.0,LOW_POWER_TOKEN,LOW_SUPPORT_OR_POLYFUNCTIONAL,LOW,"f76v.12,+P0",B|B|2|paragraph_continuation:1/R00
solshey,1,1,R00,1.0,0.0,1.0,1.0,1,0,0,0,G2,1.0,0.0,1.0,1,T,1.0,0.0,1,B,1.0,0.0,1,2,1.0,0.0,1,paragraph_continuation,1.0,0.0,1.0,LOW_POWER_TOKEN,LOW_SUPPORT_OR_POLYFUNCTIONAL,LOW,"f76r.55,+P0",T|B|2|paragraph_continuation:1/R00
solsy,1,1,R06,1.0,0.0,1.0,1.0,1,0,0,0,G3C,1.0,0.0,1.0,1,P,1.0,0.0,1,A,1.0,0.0,1,1,1.0,0.0,1,label_or_marginal,1.0,0.0,1.0,LOW_POWER_TOKEN,LOW_SUPPORT_OR_POLYFUNCTIONAL,LOW,"f100v.4,@Lf",P|A|1|label_or_marginal:1/R06
soly,1,1,R06,1.0,0.0,1.0,1.0,1,0,0,0,G2,1.0,0.0,1.0,1,B,1.0,0.0,1,B,1.0,0.0,1,2,1.0,0.0,1,paragraph_continuation,1.0,0.0,1.0,LOW_POWER_TOKEN,LOW_SUPPORT_OR_POLYFUNCTIONAL,LOW,"f84v.39,+P0",B|B|2|paragraph_continuation:1/R06
sorain,1,1,R06,1.0,0.0,1.0,1.0,1,0,0,0,G3C,1.0,0.0,1.0,1,H,1.0,0.0,1,A,1.0,0.0,1,1,1.0,0.0,1,paragraph_continuation,1.0,0.0,1.0,LOW_POWER_TOKEN,LOW_SUPPORT_OR_POLYFUNCTIONAL,LOW,"f8v.11,+P0",H|A|1|paragraph_continuation:1/R06
soral,1,1,R06,1.0,0.0,1.0,1.0,1,0,0,0,G3C,1.0,0.0,1.0,1,B,1.0,0.0,1,B,1.0,0.0,1,2,1.0,0.0,1,~L,1.0,0.0,1.0,LOW_POWER_TOKEN,LOW_SUPPORT_OR_POLYFUNCTIONAL,LOW,"f77r.7,~Lt",B|B|2|~L:1/R06
soraly,1,1,R06,1.0,0.0,1.0,1.0,1,0,0,0,G3C,1.0,0.0,1.0,1,P,1.0,0.0,1,A,1.0,0.0,1,1,1.0,0.0,1,label_or_marginal,1.0,0.0,1.0,LOW_POWER_TOKEN,LOW_SUPPORT_OR_POLYFUNCTIONAL,LOW,"f101v.9,@Lf",P|A|1|label_or_marginal:1/R06
sororl,1,1,R06,1.0,0.0,1.0,1.0,1,0,0,0,G3C,1.0,0.0,1.0,1,B,1.0,0.0,1,B,1.0,0.0,1,2,1.0,0.0,1,label_or_marginal,1.0,0.0,1.0,LOW_POWER_TOKEN,LOW_SUPPORT_OR_POLYFUNCTIONAL,LOW,"f82r.40,*Ln",B|B|2|label_or_marginal:1/R06
sorory,1,1,R06,1.0,0.0,1.0,1.0,1,0,0,0,G3C,1.0,0.0,1.0,1,P,1.0,0.0,1,A,1.0,0.0,1,1,1.0,0.0,1,label_or_marginal,1.0,0.0,1.0,LOW_POWER_TOKEN,LOW_SUPPORT_OR_POLYFUNCTIONAL,LOW,"f88r.16,@Lf",P|A|1|label_or_marginal:1/R06
sory,1,1,R06,1.0,0.0,1.0,1.0,1,0,0,0,G3C,1.0,0.0,1.0,1,P,1.0,0.0,1,A,1.0,0.0,1,1,1.0,0.0,1,label_or_marginal,1.0,0.0,1.0,LOW_POWER_TOKEN,LOW_SUPPORT_OR_POLYFUNCTIONAL,LOW,"f99r.39,@Lf",P|A|1|label_or_marginal:1/R06
sosaiir,1,1,R00,1.0,0.0,1.0,1.0,1,0,0,0,G3C,1.0,0.0,1.0,1,A,1.0,0.0,1,nan,1.0,0.0,1,4,1.0,0.0,1,radial/ring_text,1.0,0.0,1.0,LOW_POWER_TOKEN,LOW_SUPPORT_OR_POLYFUNCTIONAL,LOW,"f67r1.12,@Ri",A||4|radial/ring_text:1/R00
sosam,1,1,R06,1.0,0.0,1.0,1.0,1,0,0,0,G3C,1.0,0.0,1.0,1,P,1.0,0.0,1,A,1.0,0.0,1,1,1.0,0.0,1,label_or_marginal,1.0,0.0,1.0,LOW_POWER_TOKEN,LOW_SUPPORT_OR_POLYFUNCTIONAL,LOW,"f100r.9,@Lf",P|A|1|label_or_marginal:1/R06
sosho,1,1,R06,1.0,0.0,1.0,1.0,1,0,0,0,G3C,1.0,0.0,1.0,1,A,1.0,0.0,1,nan,1.0,0.0,1,4,1.0,0.0,1,paragraph_continuation,1.0,0.0,1.0,LOW_POWER_TOKEN,LOW_SUPPORT_OR_POLYFUNCTIONAL,LOW,"f67r2.42,+Pb",A||4|paragraph_continuation:1/R06
soshy,1,1,R06,1.0,0.0,1.0,1.0,1,0,0,0,G3C,1.0,0.0,1.0,1,H,1.0,0.0,1,A,1.0,0.0,1,1,1.0,0.0,1,paragraph_continuation,1.0,0.0,1.0,LOW_POWER_TOKEN,LOW_SUPPORT_OR_POLYFUNCTIONAL,LOW,"f14r.8,+P0",H|A|1|paragraph_continuation:1/R06
sotchaiin,1,1,R00,1.0,0.0,1.0,1.0,1,0,0,0,G3C,1.0,0.0,1.0,1,H,1.0,0.0,1,A,1.0,0.0,1,1,1.0,0.0,1,paragraph_continuation,1.0,0.0,1.0,LOW_POWER_TOKEN,LOW_SUPPORT_OR_POLYFUNCTIONAL,LOW,"f18r.11,+P0",H|A|1|paragraph_continuation:1/R00
sotchy,1,1,R06,1.0,0.0,1.0,1.0,1,0,0,0,G2,1.0,0.0,1.0,1,H,1.0,0.0,1,A,1.0,0.0,1,1,1.0,0.0,1,paragraph_continuation,1.0,0.0,1.0,LOW_POWER_TOKEN,LOW_SUPPORT_OR_POLYFUNCTIONAL,LOW,"f13r.10,+P0",H|A|1|paragraph_continuation:1/R06
soteol,1,1,R06,1.0,0.0,1.0,1.0,1,0,0,0,G2,1.0,0.0,1.0,1,P,1.0,0.0,1,A,1.0,0.0,1,1,1.0,0.0,1,paragraph_continuation,1.0,0.0,1.0,LOW_POWER_TOKEN,LOW_SUPPORT_OR_POLYFUNCTIONAL,LOW,"f88v.18,+P0",P|A|1|paragraph_continuation:1/R06
sotoiiin,1,1,R00,1.0,0.0,1.0,1.0,1,0,0,0,G3C,1.0,0.0,1.0,1,H,1.0,0.0,1,A,1.0,0.0,1,1,1.0,0.0,1,paragraph_continuation,1.0,0.0,1.0,LOW_POWER_TOKEN,LOW_SUPPORT_OR_POLYFUNCTIONAL,LOW,"f37v.13,+P0",H|A|1|paragraph_continuation:1/R00
soy,1,1,R06,1.0,0.0,1.0,1.0,1,0,0,0,G3C,1.0,0.0,1.0,1,H,1.0,0.0,1,A,1.0,0.0,1,1,1.0,0.0,1,paragraph_continuation,1.0,0.0,1.0,LOW_POWER_TOKEN,LOW_SUPPORT_OR_POLYFUNCTIONAL,LOW,"f17r.9,+P0",H|A|1|paragraph_continuation:1/R06
soysar,1,1,R06,1.0,0.0,1.0,1.0,1,0,0,0,G3C,1.0,0.0,1.0,1,H,1.0,0.0,1,A,1.0,0.0,1,1,1.0,0.0,1,paragraph_continuation,1.0,0.0,1.0,LOW_POWER_TOKEN,LOW_SUPPORT_OR_POLYFUNCTIONAL,LOW,"f96v.13,+P0",H|A|1|paragraph_continuation:1/R06
ssheol,1,1,R06,1.0,0.0,1.0,1.0,1,0,0,0,G2,1.0,0.0,1.0,1,B,1.0,0.0,1,B,1.0,0.0,1,2,1.0,0.0,1,paragraph_continuation,1.0,0.0,1.0,LOW_POWER_TOKEN,LOW_SUPPORT_OR_POLYFUNCTIONAL,LOW,"f75r.2,+P0",B|B|2|paragraph_continuation:1/R06
sshkchdy,1,1,R00,1.0,0.0,1.0,1.0,1,0,0,0,G2,1.0,0.0,1.0,1,B,1.0,0.0,1,B,1.0,0.0,1,2,1.0,0.0,1,paragraph_continuation,1.0,0.0,1.0,LOW_POWER_TOKEN,LOW_SUPPORT_OR_POLYFUNCTIONAL,LOW,"f81v.17,+P0",B|B|2|paragraph_continuation:1/R00
ssho,1,1,R06,1.0,0.0,1.0,1.0,1,0,0,0,G1,1.0,0.0,1.0,1,H,1.0,0.0,1,A,1.0,0.0,1,1,1.0,0.0,1,paragraph_continuation,1.0,0.0,1.0,LOW_POWER_TOKEN,LOW_SUPPORT_OR_POLYFUNCTIONAL,LOW,"f54r.9,+P0",H|A|1|paragraph_continuation:1/R06
sshok,1,1,R06,1.0,0.0,1.0,1.0,1,0,0,0,G1,1.0,0.0,1.0,1,H,1.0,0.0,1,B,1.0,0.0,1,5,1.0,0.0,1,paragraph_continuation,1.0,0.0,1.0,LOW_POWER_TOKEN,LOW_SUPPORT_OR_POLYFUNCTIONAL,LOW,"f41r.10,+P0",H|B|5|paragraph_continuation:1/R06
syaiir,1,1,R06,1.0,0.0,1.0,1.0,1,0,0,0,G3C,1.0,0.0,1.0,1,T,1.0,0.0,1,A,1.0,0.0,1,1,1.0,0.0,1,paragraph_continuation,1.0,0.0,1.0,LOW_POWER_TOKEN,LOW_SUPPORT_OR_POLYFUNCTIONAL,LOW,"f1r.3,+P0",T|A|1|paragraph_continuation:1/R06
sydy,1,1,R06,1.0,0.0,1.0,1.0,1,0,0,0,G1,1.0,0.0,1.0,1,S,1.0,0.0,1,A,1.0,0.0,1,3,1.0,0.0,1,paragraph_continuation,1.0,0.0,1.0,LOW_POWER_TOKEN,LOW_SUPPORT_OR_POLYFUNCTIONAL,LOW,"f58v.38,+P0",S|A|3|paragraph_continuation:1/R06
sykos,1,1,R06,1.0,0.0,1.0,1.0,1,0,0,0,G3C,1.0,0.0,1.0,1,A,1.0,0.0,1,nan,1.0,0.0,1,4,1.0,0.0,1,&L,1.0,0.0,1.0,LOW_POWER_TOKEN,LOW_SUPPORT_OR_POLYFUNCTIONAL,LOW,"f67r2.4,&L0",A||4|&L:1/R06
syty,1,1,R06,1.0,0.0,1.0,1.0,1,0,0,0,G3C,1.0,0.0,1.0,1,H,1.0,0.0,1,A,1.0,0.0,1,1,1.0,0.0,1,paragraph_continuation,1.0,0.0,1.0,LOW_POWER_TOKEN,LOW_SUPPORT_OR_POLYFUNCTIONAL,LOW,"f87r.2,+P0",H|A|1|paragraph_continuation:1/R06
tal,1,1,R06,1.0,0.0,1.0,1.0,1,0,0,0,G1,1.0,0.0,1.0,1,B,1.0,0.0,1,B,1.0,0.0,1,2,1.0,0.0,1,paragraph_continuation,1.0,0.0,1.0,LOW_POWER_TOKEN,LOW_SUPPORT_OR_POLYFUNCTIONAL,LOW,"f79v.29,+P0",B|B|2|paragraph_continuation:1/R06
talar,1,1,R06,1.0,0.0,1.0,1.0,1,0,0,0,G2,1.0,0.0,1.0,1,S,1.0,0.0,1,A,1.0,0.0,1,3,1.0,0.0,1,paragraph_continuation,1.0,0.0,1.0,LOW_POWER_TOKEN,LOW_SUPPORT_OR_POLYFUNCTIONAL,LOW,"f58v.14,+P0",S|A|3|paragraph_continuation:1/R06
talchos,1,1,R00,1.0,0.0,1.0,1.0,1,0,0,0,G2,1.0,0.0,1.0,1,S,1.0,0.0,1,A,1.0,0.0,1,3,1.0,0.0,1,paragraph_continuation,1.0,0.0,1.0,LOW_POWER_TOKEN,LOW_SUPPORT_OR_POLYFUNCTIONAL,LOW,"f58v.15,+P0",S|A|3|paragraph_continuation:1/R00
talol,1,1,R06,1.0,0.0,1.0,1.0,1,0,0,0,G2,1.0,0.0,1.0,1,S,1.0,0.0,1,B,1.0,0.0,1,3,1.0,0.0,1,paragraph_continuation,1.0,0.0,1.0,LOW_POWER_TOKEN,LOW_SUPPORT_OR_POLYFUNCTIONAL,LOW,"f111v.34,+P0",S|B|3|paragraph_continuation:1/R06
tam,1,1,R06,1.0,0.0,1.0,1.0,1,0,0,0,G2,1.0,0.0,1.0,1,C,1.0,0.0,1,B,1.0,0.0,1,2,1.0,0.0,1,paragraph_continuation,1.0,0.0,1.0,LOW_POWER_TOKEN,LOW_SUPPORT_OR_POLYFUNCTIONAL,LOW,"f86v3.21,+P0",C|B|2|paragraph_continuation:1/R06
taraiin,1,1,R00,1.0,0.0,1.0,1.0,1,0,0,0,G3C,1.0,0.0,1.0,1,H,1.0,0.0,1,B,1.0,0.0,1,2,1.0,0.0,1,paragraph_continuation,1.0,0.0,1.0,LOW_POWER_TOKEN,LOW_SUPPORT_OR_POLYFUNCTIONAL,LOW,"f40v.4,+P0",H|B|2|paragraph_continuation:1/R00
tarair,1,1,R06,1.0,0.0,1.0,1.0,1,0,0,0,G2,1.0,0.0,1.0,1,S,1.0,0.0,1,B,1.0,0.0,1,3,1.0,0.0,1,paragraph_start,1.0,0.0,1.0,LOW_POWER_TOKEN,LOW_SUPPORT_OR_POLYFUNCTIONAL,LOW,"f107r.1,@P0",S|B|3|paragraph_start:1/R06
taral,1,1,R06,1.0,0.0,1.0,1.0,1,0,0,0,G1,1.0,0.0,1.0,1,B,1.0,0.0,1,B,1.0,0.0,1,2,1.0,0.0,1,paragraph_continuation,1.0,0.0,1.0,LOW_POWER_TOKEN,LOW_SUPPORT_OR_POLYFUNCTIONAL,LOW,"f75v.13,+P0",B|B|2|paragraph_continuation:1/R06
tarol,1,1,R06,1.0,0.0,1.0,1.0,1,0,0,0,G2,1.0,0.0,1.0,1,S,1.0,0.0,1,B,1.0,0.0,1,3,1.0,0.0,1,paragraph_continuation,1.0,0.0,1.0,LOW_POWER_TOKEN,LOW_SUPPORT_OR_POLYFUNCTIONAL,LOW,"f111v.34,+P0",S|B|3|paragraph_continuation:1/R06
tchalody,1,1,R00,1.0,0.0,1.0,1.0,1,0,0,0,G1,1.0,0.0,1.0,1,H,1.0,0.0,1,A,1.0,0.0,1,1,1.0,0.0,1,paragraph_continuation,1.0,0.0,1.0,LOW_POWER_TOKEN,LOW_SUPPORT_OR_POLYFUNCTIONAL,LOW,"f6v.14,+P0",H|A|1|paragraph_continuation:1/R00
tchaly,1,1,R06,1.0,0.0,1.0,1.0,1,0,0,0,G3C,1.0,0.0,1.0,1,H,1.0,0.0,1,A,1.0,0.0,1,1,1.0,0.0,1,paragraph_start,1.0,0.0,1.0,LOW_POWER_TOKEN,LOW_SUPPORT_OR_POLYFUNCTIONAL,LOW,"f15r.1,@P0",H|A|1|paragraph_start:1/R06
tchedal,1,1,R09,1.0,0.0,1.0,1.0,1,0,0,0,G2,1.0,0.0,1.0,1,S,1.0,0.0,1,B,1.0,0.0,1,3,1.0,0.0,1,paragraph_continuation,1.0,0.0,1.0,LOW_POWER_TOKEN,LOW_SUPPORT_OR_POLYFUNCTIONAL,LOW,"f103v.15,+P0",S|B|3|paragraph_continuation:1/R09
tcheey,1,1,R06,1.0,0.0,1.0,1.0,1,0,0,0,G1,1.0,0.0,1.0,1,B,1.0,0.0,1,B,1.0,0.0,1,2,1.0,0.0,1,paragraph_continuation,1.0,0.0,1.0,LOW_POWER_TOKEN,LOW_SUPPORT_OR_POLYFUNCTIONAL,LOW,"f77v.42,+P0",B|B|2|paragraph_continuation:1/R06
tcheol,1,1,R06,1.0,0.0,1.0,1.0,1,0,0,0,G2,1.0,0.0,1.0,1,S,1.0,0.0,1,B,1.0,0.0,1,3,1.0,0.0,1,paragraph_continuation,1.0,0.0,1.0,LOW_POWER_TOKEN,LOW_SUPPORT_OR_POLYFUNCTIONAL,LOW,"f107r.20,+P0",S|B|3|paragraph_continuation:1/R06
tcheychedy,1,1,R00,1.0,0.0,1.0,1.0,1,0,0,0,G3C,1.0,0.0,1.0,1,H,1.0,0.0,1,A,1.0,0.0,1,1,1.0,0.0,1,paragraph_continuation,1.0,0.0,1.0,LOW_POWER_TOKEN,LOW_SUPPORT_OR_POLYFUNCTIONAL,LOW,"f32r.6,+P0",H|A|1|paragraph_continuation:1/R00
tchodain,1,1,R00,1.0,0.0,1.0,1.0,1,0,0,0,G2,1.0,0.0,1.0,1,H,1.0,0.0,1,B,1.0,0.0,1,2,1.0,0.0,1,paragraph_continuation,1.0,0.0,1.0,LOW_POWER_TOKEN,LOW_SUPPORT_OR_POLYFUNCTIONAL,LOW,"f50v.2,+P0",H|B|2|paragraph_continuation:1/R00
tcholy,1,1,R06,1.0,0.0,1.0,1.0,1,0,0,0,G2,1.0,0.0,1.0,1,S,1.0,0.0,1,A,1.0,0.0,1,3,1.0,0.0,1,paragraph_continuation,1.0,0.0,1.0,LOW_POWER_TOKEN,LOW_SUPPORT_OR_POLYFUNCTIONAL,LOW,"f58v.9,+P0",S|A|3|paragraph_continuation:1/R06
tchory,1,1,R06,1.0,0.0,1.0,1.0,1,0,0,0,G3C,1.0,0.0,1.0,1,H,1.0,0.0,1,A,1.0,0.0,1,1,1.0,0.0,1,paragraph_continuation,1.0,0.0,1.0,LOW_POWER_TOKEN,LOW_SUPPORT_OR_POLYFUNCTIONAL,LOW,"f17v.14,+P0",H|A|1|paragraph_continuation:1/R06
tdaiin,1,1,R06,1.0,0.0,1.0,1.0,1,0,0,0,G3C,1.0,0.0,1.0,1,H,1.0,0.0,1,A,1.0,0.0,1,1,1.0,0.0,1,paragraph_continuation,1.0,0.0,1.0,LOW_POWER_TOKEN,LOW_SUPPORT_OR_POLYFUNCTIONAL,LOW,"f19r.3,+P0",H|A|1|paragraph_continuation:1/R06
techy,1,1,R06,1.0,0.0,1.0,1.0,1,0,0,0,G3C,1.0,0.0,1.0,1,H,1.0,0.0,1,B,1.0,0.0,1,2,1.0,0.0,1,paragraph_continuation,1.0,0.0,1.0,LOW_POWER_TOKEN,LOW_SUPPORT_OR_POLYFUNCTIONAL,LOW,"f46r.12,+P0",H|B|2|paragraph_continuation:1/R06
tedam,1,1,R06,1.0,0.0,1.0,1.0,1,0,0,0,G1,1.0,0.0,1.0,1,S,1.0,0.0,1,B,1.0,0.0,1,3,1.0,0.0,1,paragraph_continuation,1.0,0.0,1.0,LOW_POWER_TOKEN,LOW_SUPPORT_OR_POLYFUNCTIONAL,LOW,"f108v.12,+P0",S|B|3|paragraph_continuation:1/R06
tedyol,1,1,R06,1.0,0.0,1.0,1.0,1,0,0,0,G2,1.0,0.0,1.0,1,B,1.0,0.0,1,B,1.0,0.0,1,2,1.0,0.0,1,paragraph_continuation,1.0,0.0,1.0,LOW_POWER_TOKEN,LOW_SUPPORT_OR_POLYFUNCTIONAL,LOW,"f79v.8,+P0",B|B|2|paragraph_continuation:1/R06
teed,1,1,R06,1.0,0.0,1.0,1.0,1,0,0,0,G1,1.0,0.0,1.0,1,S,1.0,0.0,1,B,1.0,0.0,1,3,1.0,0.0,1,paragraph_continuation,1.0,0.0,1.0,LOW_POWER_TOKEN,LOW_SUPPORT_OR_POLYFUNCTIONAL,LOW,"f111r.45,+P0",S|B|3|paragraph_continuation:1/R06
teedam,1,1,R06,1.0,0.0,1.0,1.0,1,0,0,0,G2,1.0,0.0,1.0,1,B,1.0,0.0,1,B,1.0,0.0,1,2,1.0,0.0,1,paragraph_continuation,1.0,0.0,1.0,LOW_POWER_TOKEN,LOW_SUPPORT_OR_POLYFUNCTIONAL,LOW,"f84v.12,+P0",B|B|2|paragraph_continuation:1/R06
teedar,1,1,R06,1.0,0.0,1.0,1.0,1,0,0,0,G2,1.0,0.0,1.0,1,S,1.0,0.0,1,B,1.0,0.0,1,3,1.0,0.0,1,paragraph_continuation,1.0,0.0,1.0,LOW_POWER_TOKEN,LOW_SUPPORT_OR_POLYFUNCTIONAL,LOW,"f111r.34,+P0",S|B|3|paragraph_continuation:1/R06
teeedy,1,1,R06,1.0,0.0,1.0,1.0,1,0,0,0,G1,1.0,0.0,1.0,1,S,1.0,0.0,1,B,1.0,0.0,1,3,1.0,0.0,1,paragraph_continuation,1.0,0.0,1.0,LOW_POWER_TOKEN,LOW_SUPPORT_OR_POLYFUNCTIONAL,LOW,"f112v.27,+P0",S|B|3|paragraph_continuation:1/R06
teeoar,1,1,R06,1.0,0.0,1.0,1.0,1,0,0,0,G3C,1.0,0.0,1.0,1,S,1.0,0.0,1,B,1.0,0.0,1,3,1.0,0.0,1,paragraph_continuation,1.0,0.0,1.0,LOW_POWER_TOKEN,LOW_SUPPORT_OR_POLYFUNCTIONAL,LOW,"f113v.31,+P0",S|B|3|paragraph_continuation:1/R06
teeodaiin,1,1,R10,1.0,0.0,1.0,1.0,1,0,0,0,G3C,1.0,0.0,1.0,1,S,1.0,0.0,1,B,1.0,0.0,1,3,1.0,0.0,1,paragraph_continuation,1.0,0.0,1.0,LOW_POWER_TOKEN,LOW_SUPPORT_OR_POLYFUNCTIONAL,LOW,"f115v.32,+P0",S|B|3|paragraph_continuation:1/R10
teeodain,1,1,R00,1.0,0.0,1.0,1.0,1,0,0,0,G2,1.0,0.0,1.0,1,S,1.0,0.0,1,B,1.0,0.0,1,3,1.0,0.0,1,paragraph_continuation,1.0,0.0,1.0,LOW_POWER_TOKEN,LOW_SUPPORT_OR_POLYFUNCTIONAL,LOW,"f111v.44,+P0",S|B|3|paragraph_continuation:1/R00
teeody,1,1,R06,1.0,0.0,1.0,1.0,1,0,0,0,G1,1.0,0.0,1.0,1,S,1.0,0.0,1,B,1.0,0.0,1,3,1.0,0.0,1,paragraph_continuation,1.0,0.0,1.0,LOW_POWER_TOKEN,LOW_SUPPORT_OR_POLYFUNCTIONAL,LOW,"f108v.12,+P0",S|B|3|paragraph_continuation:1/R06
teeol,1,1,R06,1.0,0.0,1.0,1.0,1,0,0,0,G1,1.0,0.0,1.0,1,B,1.0,0.0,1,B,1.0,0.0,1,2,1.0,0.0,1,paragraph_continuation,1.0,0.0,1.0,LOW_POWER_TOKEN,LOW_SUPPORT_OR_POLYFUNCTIONAL,LOW,"f82v.9,+P0",B|B|2|paragraph_continuation:1/R06
teeolain,1,1,R00,1.0,0.0,1.0,1.0,1,0,0,0,G1,1.0,0.0,1.0,1,B,1.0,0.0,1,B,1.0,0.0,1,2,1.0,0.0,1,paragraph_continuation,1.0,0.0,1.0,LOW_POWER_TOKEN,LOW_SUPPORT_OR_POLYFUNCTIONAL,LOW,"f77r.37,+P0",B|B|2|paragraph_continuation:1/R00
teeos,1,1,R06,1.0,0.0,1.0,1.0,1,0,0,0,G2,1.0,0.0,1.0,1,C,1.0,0.0,1,B,1.0,0.0,1,2,1.0,0.0,1,paragraph_continuation,1.0,0.0,1.0,LOW_POWER_TOKEN,LOW_SUPPORT_OR_POLYFUNCTIONAL,LOW,"f86v3.27,+Pb",C|B|2|paragraph_continuation:1/R06
teo,1,1,R06,1.0,0.0,1.0,1.0,1,0,0,0,G2,1.0,0.0,1.0,1,S,1.0,0.0,1,B,1.0,0.0,1,3,1.0,0.0,1,paragraph_continuation,1.0,0.0,1.0,LOW_POWER_TOKEN,LOW_SUPPORT_OR_POLYFUNCTIONAL,LOW,"f111r.34,+P0",S|B|3|paragraph_continuation:1/R06
teodarody,1,1,R00,1.0,0.0,1.0,1.0,1,0,0,0,G1,1.0,0.0,1.0,1,S,1.0,0.0,1,B,1.0,0.0,1,3,1.0,0.0,1,paragraph_continuation,1.0,0.0,1.0,LOW_POWER_TOKEN,LOW_SUPPORT_OR_POLYFUNCTIONAL,LOW,"f112v.39,+P0",S|B|3|paragraph_continuation:1/R00
to,1,1,R06,1.0,0.0,1.0,1.0,1,0,0,0,G3C,1.0,0.0,1.0,1,P,1.0,0.0,1,A,1.0,0.0,1,1,1.0,0.0,1,label_or_marginal,1.0,0.0,1.0,LOW_POWER_TOKEN,LOW_SUPPORT_OR_POLYFUNCTIONAL,LOW,"f102v2.16,@Lf",P|A|1|label_or_marginal:1/R06
tochey,1,1,R06,1.0,0.0,1.0,1.0,1,0,0,0,G2,1.0,0.0,1.0,1,H,1.0,0.0,1,B,1.0,0.0,1,2,1.0,0.0,1,paragraph_continuation,1.0,0.0,1.0,LOW_POWER_TOKEN,LOW_SUPPORT_OR_POLYFUNCTIONAL,LOW,"f40v.17,+P0",H|B|2|paragraph_continuation:1/R06
tockhy,1,1,R06,1.0,0.0,1.0,1.0,1,0,0,0,G3C,1.0,0.0,1.0,1,S,1.0,0.0,1,B,1.0,0.0,1,3,1.0,0.0,1,paragraph_continuation,1.0,0.0,1.0,LOW_POWER_TOKEN,LOW_SUPPORT_OR_POLYFUNCTIONAL,LOW,"f112r.26,+P0",S|B|3|paragraph_continuation:1/R06
todain,1,1,R06,1.0,0.0,1.0,1.0,1,0,0,0,G3C,1.0,0.0,1.0,1,H,1.0,0.0,1,A,1.0,0.0,1,1,1.0,0.0,1,paragraph_continuation,1.0,0.0,1.0,LOW_POWER_TOKEN,LOW_SUPPORT_OR_POLYFUNCTIONAL,LOW,"f37v.14,+P0",H|A|1|paragraph_continuation:1/R06
todal,1,1,R06,1.0,0.0,1.0,1.0,1,0,0,0,G1,1.0,0.0,1.0,1,H,1.0,0.0,1,B,1.0,0.0,1,3,1.0,0.0,1,paragraph_continuation,1.0,0.0,1.0,LOW_POWER_TOKEN,LOW_SUPPORT_OR_POLYFUNCTIONAL,LOW,"f94r.3,+P0",H|B|3|paragraph_continuation:1/R06
todaraiily,1,1,R00,1.0,0.0,1.0,1.0,1,0,0,0,G3C,1.0,0.0,1.0,1,A,1.0,0.0,1,nan,1.0,0.0,1,4,1.0,0.0,1,label_or_marginal,1.0,0.0,1.0,LOW_POWER_TOKEN,LOW_SUPPORT_OR_POLYFUNCTIONAL,LOW,"f68r2.13,@Ls",A||4|label_or_marginal:1/R00
todeeey,1,1,R00,1.0,0.0,1.0,1.0,1,0,0,0,G2,1.0,0.0,1.0,1,T,1.0,0.0,1,B,1.0,0.0,1,5,1.0,0.0,1,paragraph_continuation,1.0,0.0,1.0,LOW_POWER_TOKEN,LOW_SUPPORT_OR_POLYFUNCTIONAL,LOW,"f66r.70,+P0",T|B|5|paragraph_continuation:1/R00
toealchs,1,1,R00,1.0,0.0,1.0,1.0,1,0,0,0,G2,1.0,0.0,1.0,1,H,1.0,0.0,1,A,1.0,0.0,1,1,1.0,0.0,1,paragraph_start,1.0,0.0,1.0,LOW_POWER_TOKEN,LOW_SUPPORT_OR_POLYFUNCTIONAL,LOW,"f90r2.1,@P0",H|A|1|paragraph_start:1/R00
toeeedchy,1,1,R00,1.0,0.0,1.0,1.0,1,0,0,0,G2,1.0,0.0,1.0,1,C,1.0,0.0,1,B,1.0,0.0,1,2,1.0,0.0,1,paragraph_start,1.0,0.0,1.0,LOW_POWER_TOKEN,LOW_SUPPORT_OR_POLYFUNCTIONAL,LOW,"f86v3.29,@Pb",C|B|2|paragraph_start:1/R00
toiin,1,1,R06,1.0,0.0,1.0,1.0,1,0,0,0,G1,1.0,0.0,1.0,1,H,1.0,0.0,1,A,1.0,0.0,1,1,1.0,0.0,1,paragraph_continuation,1.0,0.0,1.0,LOW_POWER_TOKEN,LOW_SUPPORT_OR_POLYFUNCTIONAL,LOW,"f9r.3,+P0",H|A|1|paragraph_continuation:1/R06
toky,1,1,R06,1.0,0.0,1.0,1.0,1,0,0,0,G1,1.0,0.0,1.0,1,S,1.0,0.0,1,B,1.0,0.0,1,3,1.0,0.0,1,paragraph_continuation,1.0,0.0,1.0,LOW_POWER_TOKEN,LOW_SUPPORT_OR_POLYFUNCTIONAL,LOW,"f113v.8,+P0",S|B|3|paragraph_continuation:1/R06
tolair,1,1,R06,1.0,0.0,1.0,1.0,1,0,0,0,G2,1.0,0.0,1.0,1,S,1.0,0.0,1,A,1.0,0.0,1,3,1.0,0.0,1,paragraph_continuation,1.0,0.0,1.0,LOW_POWER_TOKEN,LOW_SUPPORT_OR_POLYFUNCTIONAL,LOW,"f58v.12,+P0",S|A|3|paragraph_continuation:1/R06
tolchd,1,1,R06,1.0,0.0,1.0,1.0,1,0,0,0,G3C,1.0,0.0,1.0,1,P,1.0,0.0,1,A,1.0,0.0,1,1,1.0,0.0,1,label_or_marginal,1.0,0.0,1.0,LOW_POWER_TOKEN,LOW_SUPPORT_OR_POLYFUNCTIONAL,LOW,"f100v.1,@Lf",P|A|1|label_or_marginal:1/R06
tolkey,1,1,R06,1.0,0.0,1.0,1.0,1,0,0,0,G2,1.0,0.0,1.0,1,B,1.0,0.0,1,B,1.0,0.0,1,2,1.0,0.0,1,paragraph_continuation,1.0,0.0,1.0,LOW_POWER_TOKEN,LOW_SUPPORT_OR_POLYFUNCTIONAL,LOW,"f79v.23,+P0",B|B|2|paragraph_continuation:1/R06
tolol,1,1,R06,1.0,0.0,1.0,1.0,1,0,0,0,G3C,1.0,0.0,1.0,1,H,1.0,0.0,1,A,1.0,0.0,1,1,1.0,0.0,1,paragraph_continuation,1.0,0.0,1.0,LOW_POWER_TOKEN,LOW_SUPPORT_OR_POLYFUNCTIONAL,LOW,"f18v.8,+P0",H|A|1|paragraph_continuation:1/R06
tolsasy,1,1,R00,1.0,0.0,1.0,1.0,1,0,0,0,G3C,1.0,0.0,1.0,1,P,1.0,0.0,1,A,1.0,0.0,1,1,1.0,0.0,1,label_or_marginal,1.0,0.0,1.0,LOW_POWER_TOKEN,LOW_SUPPORT_OR_POLYFUNCTIONAL,LOW,"f99r.46,@Lf",P|A|1|label_or_marginal:1/R00
torchy,1,1,R06,1.0,0.0,1.0,1.0,1,0,0,0,G2,1.0,0.0,1.0,1,H,1.0,0.0,1,A,1.0,0.0,1,1,1.0,0.0,1,paragraph_continuation,1.0,0.0,1.0,LOW_POWER_TOKEN,LOW_SUPPORT_OR_POLYFUNCTIONAL,LOW,"f4v.7,+P0",H|A|1|paragraph_continuation:1/R06
torolshsdy,1,1,R00,1.0,0.0,1.0,1.0,1,0,0,0,G1,1.0,0.0,1.0,1,B,1.0,0.0,1,B,1.0,0.0,1,2,1.0,0.0,1,paragraph_continuation,1.0,0.0,1.0,LOW_POWER_TOKEN,LOW_SUPPORT_OR_POLYFUNCTIONAL,LOW,"f80r.40,+P0",B|B|2|paragraph_continuation:1/R00
torshor,1,1,R00,1.0,0.0,1.0,1.0,1,0,0,0,G2,1.0,0.0,1.0,1,H,1.0,0.0,1,A,1.0,0.0,1,1,1.0,0.0,1,paragraph_start,1.0,0.0,1.0,LOW_POWER_TOKEN,LOW_SUPPORT_OR_POLYFUNCTIONAL,LOW,"f13r.1,@P0",H|A|1|paragraph_start:1/R00
tos,1,1,R06,1.0,0.0,1.0,1.0,1,0,0,0,G2,1.0,0.0,1.0,1,P,1.0,0.0,1,A,1.0,0.0,1,1,1.0,0.0,1,paragraph_continuation,1.0,0.0,1.0,LOW_POWER_TOKEN,LOW_SUPPORT_OR_POLYFUNCTIONAL,LOW,"f88v.25,+P0",P|A|1|paragraph_continuation:1/R06
tosheo,1,1,R06,1.0,0.0,1.0,1.0,1,0,0,0,G2,1.0,0.0,1.0,1,T,1.0,0.0,1,B,1.0,0.0,1,5,1.0,0.0,1,paragraph_continuation,1.0,0.0,1.0,LOW_POWER_TOKEN,LOW_SUPPORT_OR_POLYFUNCTIONAL,LOW,"f66r.69,+P0",T|B|5|paragraph_continuation:1/R06
toshy,1,1,R06,1.0,0.0,1.0,1.0,1,0,0,0,G3C,1.0,0.0,1.0,1,H,1.0,0.0,1,A,1.0,0.0,1,1,1.0,0.0,1,paragraph_continuation,1.0,0.0,1.0,LOW_POWER_TOKEN,LOW_SUPPORT_OR_POLYFUNCTIONAL,LOW,"f42r.3,+P0",H|A|1|paragraph_continuation:1/R06
tshda,1,1,R06,1.0,0.0,1.0,1.0,1,0,0,0,G3C,1.0,0.0,1.0,1,C,1.0,0.0,1,B,1.0,0.0,1,4,1.0,0.0,1,+L,1.0,0.0,1.0,LOW_POWER_TOKEN,LOW_SUPPORT_OR_POLYFUNCTIONAL,LOW,"fRos.154,+L0",C|B|4|+L:1/R06
tshedal,1,1,R09,1.0,0.0,1.0,1.0,1,0,0,0,G2,1.0,0.0,1.0,1,C,1.0,0.0,1,B,1.0,0.0,1,2,1.0,0.0,1,paragraph_start,1.0,0.0,1.0,LOW_POWER_TOKEN,LOW_SUPPORT_OR_POLYFUNCTIONAL,LOW,"f86v3.23,@Pb",C|B|2|paragraph_start:1/R09
tshedar,1,1,R00,1.0,0.0,1.0,1.0,1,0,0,0,G3C,1.0,0.0,1.0,1,S,1.0,0.0,1,B,1.0,0.0,1,3,1.0,0.0,1,paragraph_continuation,1.0,0.0,1.0,LOW_POWER_TOKEN,LOW_SUPPORT_OR_POLYFUNCTIONAL,LOW,"f104r.22,+P0",S|B|3|paragraph_continuation:1/R00
tshedky,1,1,R00,1.0,0.0,1.0,1.0,1,0,0,0,G1,1.0,0.0,1.0,1,S,1.0,0.0,1,B,1.0,0.0,1,3,1.0,0.0,1,paragraph_continuation,1.0,0.0,1.0,LOW_POWER_TOKEN,LOW_SUPPORT_OR_POLYFUNCTIONAL,LOW,"f108v.12,+P0",S|B|3|paragraph_continuation:1/R00
tshedy,1,1,R06,1.0,0.0,1.0,1.0,1,0,0,0,G1,1.0,0.0,1.0,1,S,1.0,0.0,1,B,1.0,0.0,1,3,1.0,0.0,1,paragraph_continuation,1.0,0.0,1.0,LOW_POWER_TOKEN,LOW_SUPPORT_OR_POLYFUNCTIONAL,LOW,"f107v.11,+P0",S|B|3|paragraph_continuation:1/R06
tsheeor,1,1,R00,1.0,0.0,1.0,1.0,1,0,0,0,G3C,1.0,0.0,1.0,1,A,1.0,0.0,1,nan,1.0,0.0,1,4,1.0,0.0,1,paragraph_start,1.0,0.0,1.0,LOW_POWER_TOKEN,LOW_SUPPORT_OR_POLYFUNCTIONAL,LOW,"f68r2.1,@P0",A||4|paragraph_start:1/R00
tshey,1,1,R06,1.0,0.0,1.0,1.0,1,0,0,0,G1,1.0,0.0,1.0,1,S,1.0,0.0,1,B,1.0,0.0,1,3,1.0,0.0,1,paragraph_continuation,1.0,0.0,1.0,LOW_POWER_TOKEN,LOW_SUPPORT_OR_POLYFUNCTIONAL,LOW,"f108r.12,+P0",S|B|3|paragraph_continuation:1/R06
tshod,1,1,R06,1.0,0.0,1.0,1.0,1,0,0,0,G1,1.0,0.0,1.0,1,H,1.0,0.0,1,B,1.0,0.0,1,3,1.0,0.0,1,paragraph_continuation,1.0,0.0,1.0,LOW_POWER_TOKEN,LOW_SUPPORT_OR_POLYFUNCTIONAL,LOW,"f95r2.5,+P0",H|B|3|paragraph_continuation:1/R06
tsholdy,1,1,R00,1.0,0.0,1.0,1.0,1,0,0,0,G3C,1.0,0.0,1.0,1,P,1.0,0.0,1,A,1.0,0.0,1,1,1.0,0.0,1,label_or_marginal,1.0,0.0,1.0,LOW_POWER_TOKEN,LOW_SUPPORT_OR_POLYFUNCTIONAL,LOW,"f99r.32,@Lc",P|A|1|label_or_marginal:1/R00
tsholol,1,1,R00,1.0,0.0,1.0,1.0,1,0,0,0,G2,1.0,0.0,1.0,1,H,1.0,0.0,1,A,1.0,0.0,1,1,1.0,0.0,1,paragraph_continuation,1.0,0.0,1.0,LOW_POWER_TOKEN,LOW_SUPPORT_OR_POLYFUNCTIONAL,LOW,"f45v.10,+P0",H|A|1|paragraph_continuation:1/R00
tshor,1,1,R06,1.0,0.0,1.0,1.0,1,0,0,0,G3C,1.0,0.0,1.0,1,H,1.0,0.0,1,A,1.0,0.0,1,1,1.0,0.0,1,paragraph_start,1.0,0.0,1.0,LOW_POWER_TOKEN,LOW_SUPPORT_OR_POLYFUNCTIONAL,LOW,"f15r.1,@P0",H|A|1|paragraph_start:1/R06
ty,1,1,R06,1.0,0.0,1.0,1.0,1,0,0,0,G3C,1.0,0.0,1.0,1,H,1.0,0.0,1,A,1.0,0.0,1,1,1.0,0.0,1,paragraph_continuation,1.0,0.0,1.0,LOW_POWER_TOKEN,LOW_SUPPORT_OR_POLYFUNCTIONAL,LOW,"f16v.9,+P0",H|A|1|paragraph_continuation:1/R06
tydlo,1,1,R06,1.0,0.0,1.0,1.0,1,0,0,0,G3C,1.0,0.0,1.0,1,H,1.0,0.0,1,A,1.0,0.0,1,1,1.0,0.0,1,paragraph_start,1.0,0.0,1.0,LOW_POWER_TOKEN,LOW_SUPPORT_OR_POLYFUNCTIONAL,LOW,"f9r.1,@P0",H|A|1|paragraph_start:1/R06
tyky,1,1,R06,1.0,0.0,1.0,1.0,1,0,0,0,G3C,1.0,0.0,1.0,1,H,1.0,0.0,1,A,1.0,0.0,1,1,1.0,0.0,1,section/paragraph_break_start,1.0,0.0,1.0,LOW_POWER_TOKEN,LOW_SUPPORT_OR_POLYFUNCTIONAL,LOW,"f16r.5,*P0",H|A|1|section/paragraph_break_start:1/R06
vor,1,1,R00,1.0,0.0,1.0,1.0,1,0,0,0,G3C,1.0,0.0,1.0,1,H,1.0,0.0,1,A,1.0,0.0,1,1,1.0,0.0,1,paragraph_continuation,1.0,0.0,1.0,LOW_POWER_TOKEN,LOW_SUPPORT_OR_POLYFUNCTIONAL,LOW,"f3r.9,+P0",H|A|1|paragraph_continuation:1/R00
yaiin,1,1,R06,1.0,0.0,1.0,1.0,1,0,0,0,G2,1.0,0.0,1.0,1,S,1.0,0.0,1,B,1.0,0.0,1,3,1.0,0.0,1,paragraph_continuation,1.0,0.0,1.0,LOW_POWER_TOKEN,LOW_SUPPORT_OR_POLYFUNCTIONAL,LOW,"f107r.33,+P0",S|B|3|paragraph_continuation:1/R06
ychaies,1,1,R00,1.0,0.0,1.0,1.0,1,0,0,0,G3C,1.0,0.0,1.0,1,H,1.0,0.0,1,A,1.0,0.0,1,1,1.0,0.0,1,paragraph_continuation,1.0,0.0,1.0,LOW_POWER_TOKEN,LOW_SUPPORT_OR_POLYFUNCTIONAL,LOW,"f6v.17,+P0",H|A|1|paragraph_continuation:1/R00
ychain,1,1,R06,1.0,0.0,1.0,1.0,1,0,0,0,G3C,1.0,0.0,1.0,1,H,1.0,0.0,1,A,1.0,0.0,1,1,1.0,0.0,1,paragraph_continuation,1.0,0.0,1.0,LOW_POWER_TOKEN,LOW_SUPPORT_OR_POLYFUNCTIONAL,LOW,"f2r.11,+P0",H|A|1|paragraph_continuation:1/R06
ychais,1,1,R06,1.0,0.0,1.0,1.0,1,0,0,0,G3C,1.0,0.0,1.0,1,C,1.0,0.0,1,B,1.0,0.0,1,4,1.0,0.0,1,+L,1.0,0.0,1.0,LOW_POWER_TOKEN,LOW_SUPPORT_OR_POLYFUNCTIONAL,LOW,"fRos.4,+L0",C|B|4|+L:1/R06
ychckhy,1,1,R00,1.0,0.0,1.0,1.0,1,0,0,0,G3C,1.0,0.0,1.0,1,B,1.0,0.0,1,B,1.0,0.0,1,2,1.0,0.0,1,paragraph_continuation,1.0,0.0,1.0,LOW_POWER_TOKEN,LOW_SUPPORT_OR_POLYFUNCTIONAL,LOW,"f84v.44,+Pb",B|B|2|paragraph_continuation:1/R00
ycheain,1,1,R00,1.0,0.0,1.0,1.0,1,0,0,0,G1,1.0,0.0,1.0,1,S,1.0,0.0,1,B,1.0,0.0,1,3,1.0,0.0,1,paragraph_continuation,1.0,0.0,1.0,LOW_POWER_TOKEN,LOW_SUPPORT_OR_POLYFUNCTIONAL,LOW,"f107r.25,+P0",S|B|3|paragraph_continuation:1/R00
ychealod,1,1,R00,1.0,0.0,1.0,1.0,1,0,0,0,G3C,1.0,0.0,1.0,1,H,1.0,0.0,1,A,1.0,0.0,1,1,1.0,0.0,1,paragraph_continuation,1.0,0.0,1.0,LOW_POWER_TOKEN,LOW_SUPPORT_OR_POLYFUNCTIONAL,LOW,"f16r.4,+Pc",H|A|1|paragraph_continuation:1/R00
ychecthy,1,1,R04,1.0,0.0,1.0,1.0,1,0,0,0,G2,1.0,0.0,1.0,1,B,1.0,0.0,1,B,1.0,0.0,1,2,1.0,0.0,1,paragraph_continuation,1.0,0.0,1.0,LOW_POWER_TOKEN,LOW_SUPPORT_OR_POLYFUNCTIONAL,LOW,"f81r.17,+P0",B|B|2|paragraph_continuation:1/R04
ychedal,1,1,R09,1.0,0.0,1.0,1.0,1,0,0,0,G1,1.0,0.0,1.0,1,S,1.0,0.0,1,B,1.0,0.0,1,3,1.0,0.0,1,paragraph_continuation,1.0,0.0,1.0,LOW_POWER_TOKEN,LOW_SUPPORT_OR_POLYFUNCTIONAL,LOW,"f115v.33,+P0",S|B|3|paragraph_continuation:1/R09
ycheedaiin,1,1,R00,1.0,0.0,1.0,1.0,1,0,0,0,G3B,1.0,0.0,1.0,1,S,1.0,0.0,1,B,1.0,0.0,1,3,1.0,0.0,1,paragraph_continuation,1.0,0.0,1.0,LOW_POWER_TOKEN,LOW_SUPPORT_OR_POLYFUNCTIONAL,LOW,"f115v.30,+P0",S|B|3|paragraph_continuation:1/R00
ycheekeey,1,1,R00,1.0,0.0,1.0,1.0,1,0,0,0,G3C,1.0,0.0,1.0,1,H,1.0,0.0,1,B,1.0,0.0,1,2,1.0,0.0,1,paragraph_continuation,1.0,0.0,1.0,LOW_POWER_TOKEN,LOW_SUPPORT_OR_POLYFUNCTIONAL,LOW,"f40v.12,+P0",H|B|2|paragraph_continuation:1/R00
ycheeolcheeo,1,1,R00,1.0,0.0,1.0,1.0,1,0,0,0,G3C,1.0,0.0,1.0,1,S,1.0,0.0,1,B,1.0,0.0,1,3,1.0,0.0,1,paragraph_continuation,1.0,0.0,1.0,LOW_POWER_TOKEN,LOW_SUPPORT_OR_POLYFUNCTIONAL,LOW,"f113v.27,+P0",S|B|3|paragraph_continuation:1/R00
ycheety,1,1,R00,1.0,0.0,1.0,1.0,1,0,0,0,G1,1.0,0.0,1.0,1,A,1.0,0.0,1,nan,1.0,0.0,1,4,1.0,0.0,1,paragraph_continuation,1.0,0.0,1.0,LOW_POWER_TOKEN,LOW_SUPPORT_OR_POLYFUNCTIONAL,LOW,"f68v2.4,+P0",A||4|paragraph_continuation:1/R00
ychekchy,1,1,R00,1.0,0.0,1.0,1.0,1,0,0,0,G3C,1.0,0.0,1.0,1,H,1.0,0.0,1,A,1.0,0.0,1,1,1.0,0.0,1,paragraph_continuation,1.0,0.0,1.0,LOW_POWER_TOKEN,LOW_SUPPORT_OR_POLYFUNCTIONAL,LOW,"f18r.14,+Pc",H|A|1|paragraph_continuation:1/R00
ycheockhy,1,1,R00,1.0,0.0,1.0,1.0,1,0,0,0,G2,1.0,0.0,1.0,1,S,1.0,0.0,1,A,1.0,0.0,1,3,1.0,0.0,1,paragraph_continuation,1.0,0.0,1.0,LOW_POWER_TOKEN,LOW_SUPPORT_OR_POLYFUNCTIONAL,LOW,"f58v.28,+P0",S|A|3|paragraph_continuation:1/R00
ycheod,1,1,R06,1.0,0.0,1.0,1.0,1,0,0,0,G3C,1.0,0.0,1.0,1,S,1.0,0.0,1,B,1.0,0.0,1,3,1.0,0.0,1,paragraph_continuation,1.0,0.0,1.0,LOW_POWER_TOKEN,LOW_SUPPORT_OR_POLYFUNCTIONAL,LOW,"f114r.3,+P0",S|B|3|paragraph_continuation:1/R06
ycheoraiin,1,1,R00,1.0,0.0,1.0,1.0,1,0,0,0,G1,1.0,0.0,1.0,1,S,1.0,0.0,1,B,1.0,0.0,1,3,1.0,0.0,1,paragraph_continuation,1.0,0.0,1.0,LOW_POWER_TOKEN,LOW_SUPPORT_OR_POLYFUNCTIONAL,LOW,"f104v.31,+P0",S|B|3|paragraph_continuation:1/R00
ycho,1,1,R06,1.0,0.0,1.0,1.0,1,0,0,0,G3C,1.0,0.0,1.0,1,H,1.0,0.0,1,A,1.0,0.0,1,1,1.0,0.0,1,paragraph_continuation,1.0,0.0,1.0,LOW_POWER_TOKEN,LOW_SUPPORT_OR_POLYFUNCTIONAL,LOW,"f19v.7,+P0",H|A|1|paragraph_continuation:1/R06
ychody,1,1,R00,1.0,0.0,1.0,1.0,1,0,0,0,G3C,1.0,0.0,1.0,1,H,1.0,0.0,1,A,1.0,0.0,1,1,1.0,0.0,1,paragraph_continuation,1.0,0.0,1.0,LOW_POWER_TOKEN,LOW_SUPPORT_OR_POLYFUNCTIONAL,LOW,"f17r.12,+P0",H|A|1|paragraph_continuation:1/R00
ychom,1,1,R06,1.0,0.0,1.0,1.0,1,0,0,0,G2,1.0,0.0,1.0,1,H,1.0,0.0,1,A,1.0,0.0,1,1,1.0,0.0,1,paragraph_continuation,1.0,0.0,1.0,LOW_POWER_TOKEN,LOW_SUPPORT_OR_POLYFUNCTIONAL,LOW,"f29r.9,+P0",H|A|1|paragraph_continuation:1/R06
ychopordg,1,1,R00,1.0,0.0,1.0,1.0,1,0,0,0,G3C,1.0,0.0,1.0,1,H,1.0,0.0,1,A,1.0,0.0,1,1,1.0,0.0,1,paragraph_continuation,1.0,0.0,1.0,LOW_POWER_TOKEN,LOW_SUPPORT_OR_POLYFUNCTIONAL,LOW,"f5v.2,+P0",H|A|1|paragraph_continuation:1/R00
ychos,1,1,R06,1.0,0.0,1.0,1.0,1,0,0,0,G3C,1.0,0.0,1.0,1,H,1.0,0.0,1,A,1.0,0.0,1,1,1.0,0.0,1,paragraph_continuation,1.0,0.0,1.0,LOW_POWER_TOKEN,LOW_SUPPORT_OR_POLYFUNCTIONAL,LOW,"f6v.7,+P0",H|A|1|paragraph_continuation:1/R06
ychosar,1,1,R00,1.0,0.0,1.0,1.0,1,0,0,0,G2,1.0,0.0,1.0,1,H,1.0,0.0,1,A,1.0,0.0,1,1,1.0,0.0,1,paragraph_continuation,1.0,0.0,1.0,LOW_POWER_TOKEN,LOW_SUPPORT_OR_POLYFUNCTIONAL,LOW,"f51r.7,+P0",H|A|1|paragraph_continuation:1/R00
ychoy,1,1,R06,1.0,0.0,1.0,1.0,1,0,0,0,G3C,1.0,0.0,1.0,1,H,1.0,0.0,1,A,1.0,0.0,1,1,1.0,0.0,1,paragraph_continuation,1.0,0.0,1.0,LOW_POWER_TOKEN,LOW_SUPPORT_OR_POLYFUNCTIONAL,LOW,"f19v.6,+P0",H|A|1|paragraph_continuation:1/R06
ychty,1,1,R06,1.0,0.0,1.0,1.0,1,0,0,0,G3C,1.0,0.0,1.0,1,B,1.0,0.0,1,B,1.0,0.0,1,2,1.0,0.0,1,paragraph_continuation,1.0,0.0,1.0,LOW_POWER_TOKEN,LOW_SUPPORT_OR_POLYFUNCTIONAL,LOW,"f75r.50,+Pb",B|B|2|paragraph_continuation:1/R06
ydaiil,1,1,R06,1.0,0.0,1.0,1.0,1,0,0,0,G3C,1.0,0.0,1.0,1,C,1.0,0.0,1,nan,1.0,0.0,1,4,1.0,0.0,1,radial/ring_text,1.0,0.0,1.0,LOW_POWER_TOKEN,LOW_SUPPORT_OR_POLYFUNCTIONAL,LOW,"f68v3.13,@Ri",C||4|radial/ring_text:1/R06
ydairol,1,1,R00,1.0,0.0,1.0,1.0,1,0,0,0,G3C,1.0,0.0,1.0,1,B,1.0,0.0,1,B,1.0,0.0,1,2,1.0,0.0,1,paragraph_continuation,1.0,0.0,1.0,LOW_POWER_TOKEN,LOW_SUPPORT_OR_POLYFUNCTIONAL,LOW,"f84v.43,+Pb",B|B|2|paragraph_continuation:1/R00
ydal,1,1,R06,1.0,0.0,1.0,1.0,1,0,0,0,G2,1.0,0.0,1.0,1,H,1.0,0.0,1,A,1.0,0.0,1,1,1.0,0.0,1,paragraph_continuation,1.0,0.0,1.0,LOW_POWER_TOKEN,LOW_SUPPORT_OR_POLYFUNCTIONAL,LOW,"f13r.2,+P0",H|A|1|paragraph_continuation:1/R06
ydar,1,1,R06,1.0,0.0,1.0,1.0,1,0,0,0,G3C,1.0,0.0,1.0,1,H,1.0,0.0,1,A,1.0,0.0,1,1,1.0,0.0,1,paragraph_continuation,1.0,0.0,1.0,LOW_POWER_TOKEN,LOW_SUPPORT_OR_POLYFUNCTIONAL,LOW,"f3r.10,+P0",H|A|1|paragraph_continuation:1/R06
ydaraishy,1,1,R00,1.0,0.0,1.0,1.0,1,0,0,0,G3C,1.0,0.0,1.0,1,T,1.0,0.0,1,A,1.0,0.0,1,1,1.0,0.0,1,paragraph_terminal_or_label,1.0,0.0,1.0,LOW_POWER_TOKEN,LOW_SUPPORT_OR_POLYFUNCTIONAL,LOW,"f1r.6,=Pt",T|A|1|paragraph_terminal_or_label:1/R00
ydchos,1,1,R06,1.0,0.0,1.0,1.0,1,0,0,0,G3C,1.0,0.0,1.0,1,A,1.0,0.0,1,nan,1.0,0.0,1,4,1.0,0.0,1,paragraph_start,1.0,0.0,1.0,LOW_POWER_TOKEN,LOW_SUPPORT_OR_POLYFUNCTIONAL,LOW,"f67r2.19,@Pb",A||4|paragraph_start:1/R06
ydekam,1,1,R06,1.0,0.0,1.0,1.0,1,0,0,0,G3C,1.0,0.0,1.0,1,C,1.0,0.0,1,B,1.0,0.0,1,4,1.0,0.0,1,+L,1.0,0.0,1.0,LOW_POWER_TOKEN,LOW_SUPPORT_OR_POLYFUNCTIONAL,LOW,"fRos.5,+L0",C|B|4|+L:1/R06
yekees,1,1,R06,1.0,0.0,1.0,1.0,1,0,0,0,G3C,1.0,0.0,1.0,1,A,1.0,0.0,1,nan,1.0,0.0,1,4,1.0,0.0,1,paragraph_continuation,1.0,0.0,1.0,LOW_POWER_TOKEN,LOW_SUPPORT_OR_POLYFUNCTIONAL,LOW,"f67r2.46,+Pb",A||4|paragraph_continuation:1/R06
yfaiiny,1,1,R00,1.0,0.0,1.0,1.0,1,0,0,0,G3C,1.0,0.0,1.0,1,Z,1.0,0.0,1,nan,1.0,0.0,1,4,1.0,0.0,1,&L,1.0,0.0,1.0,LOW_POWER_TOKEN,LOW_SUPPORT_OR_POLYFUNCTIONAL,LOW,"f73v.15,&Lz",Z||4|&L:1/R00
yfain,1,1,R06,1.0,0.0,1.0,1.0,1,0,0,0,G3C,1.0,0.0,1.0,1,A,1.0,0.0,1,nan,1.0,0.0,1,4,1.0,0.0,1,+L,1.0,0.0,1.0,LOW_POWER_TOKEN,LOW_SUPPORT_OR_POLYFUNCTIONAL,LOW,"f67r2.47,+L0",A||4|+L:1/R06
yfary,1,1,R06,1.0,0.0,1.0,1.0,1,0,0,0,G3C,1.0,0.0,1.0,1,Z,1.0,0.0,1,nan,1.0,0.0,1,4,1.0,0.0,1,&L,1.0,0.0,1.0,LOW_POWER_TOKEN,LOW_SUPPORT_OR_POLYFUNCTIONAL,LOW,"f72r3.28,&Lz",Z||4|&L:1/R06
yfchedy,1,1,R00,1.0,0.0,1.0,1.0,1,0,0,0,G2,1.0,0.0,1.0,1,B,1.0,0.0,1,B,1.0,0.0,1,2,1.0,0.0,1,paragraph_continuation,1.0,0.0,1.0,LOW_POWER_TOKEN,LOW_SUPPORT_OR_POLYFUNCTIONAL,LOW,"f84v.32,+P0",B|B|2|paragraph_continuation:1/R00
yfcheodly,1,1,R00,1.0,0.0,1.0,1.0,1,0,0,0,G3C,1.0,0.0,1.0,1,C,1.0,0.0,1,nan,1.0,0.0,1,4,1.0,0.0,1,radial/ring_text,1.0,0.0,1.0,LOW_POWER_TOKEN,LOW_SUPPORT_OR_POLYFUNCTIONAL,LOW,"f70r1.4,@Ri",C||4|radial/ring_text:1/R00
yfchor,1,1,R06,1.0,0.0,1.0,1.0,1,0,0,0,G1,1.0,0.0,1.0,1,H,1.0,0.0,1,A,1.0,0.0,1,1,1.0,0.0,1,paragraph_continuation,1.0,0.0,1.0,LOW_POWER_TOKEN,LOW_SUPPORT_OR_POLYFUNCTIONAL,LOW,"f23r.4,+P0",H|A|1|paragraph_continuation:1/R06
yhal,1,1,R06,1.0,0.0,1.0,1.0,1,0,0,0,G3C,1.0,0.0,1.0,1,S,1.0,0.0,1,B,1.0,0.0,1,3,1.0,0.0,1,paragraph_continuation,1.0,0.0,1.0,LOW_POWER_TOKEN,LOW_SUPPORT_OR_POLYFUNCTIONAL,LOW,"f113r.19,+P0",S|B|3|paragraph_continuation:1/R06
yk,1,1,R06,1.0,0.0,1.0,1.0,1,0,0,0,G2,1.0,0.0,1.0,1,H,1.0,0.0,1,B,1.0,0.0,1,2,1.0,0.0,1,paragraph_continuation,1.0,0.0,1.0,LOW_POWER_TOKEN,LOW_SUPPORT_OR_POLYFUNCTIONAL,LOW,"f39r.11,+P0",H|B|2|paragraph_continuation:1/R06
yka,1,1,R06,1.0,0.0,1.0,1.0,1,0,0,0,G1,1.0,0.0,1.0,1,H,1.0,0.0,1,B,1.0,0.0,1,2,1.0,0.0,1,paragraph_continuation,1.0,0.0,1.0,LOW_POWER_TOKEN,LOW_SUPPORT_OR_POLYFUNCTIONAL,LOW,"f33r.3,+P0",H|B|2|paragraph_continuation:1/R06
ykaiilg,1,1,R00,1.0,0.0,1.0,1.0,1,0,0,0,G1,1.0,0.0,1.0,1,H,1.0,0.0,1,A,1.0,0.0,1,1,1.0,0.0,1,paragraph_continuation,1.0,0.0,1.0,LOW_POWER_TOKEN,LOW_SUPPORT_OR_POLYFUNCTIONAL,LOW,"f23r.4,+P0",H|A|1|paragraph_continuation:1/R00
ykaiir,1,1,R06,1.0,0.0,1.0,1.0,1,0,0,0,G2,1.0,0.0,1.0,1,H,1.0,0.0,1,B,1.0,0.0,1,2,1.0,0.0,1,paragraph_continuation,1.0,0.0,1.0,LOW_POWER_TOKEN,LOW_SUPPORT_OR_POLYFUNCTIONAL,LOW,"f55r.3,+P0",H|B|2|paragraph_continuation:1/R06
ykain,1,1,R06,1.0,0.0,1.0,1.0,1,0,0,0,G2,1.0,0.0,1.0,1,S,1.0,0.0,1,B,1.0,0.0,1,3,1.0,0.0,1,paragraph_continuation,1.0,0.0,1.0,LOW_POWER_TOKEN,LOW_SUPPORT_OR_POLYFUNCTIONAL,LOW,"f107r.3,+P0",S|B|3|paragraph_continuation:1/R06
ykalkal,1,1,R00,1.0,0.0,1.0,1.0,1,0,0,0,G2,1.0,0.0,1.0,1,S,1.0,0.0,1,B,1.0,0.0,1,3,1.0,0.0,1,paragraph_continuation,1.0,0.0,1.0,LOW_POWER_TOKEN,LOW_SUPPORT_OR_POLYFUNCTIONAL,LOW,"f107r.28,+P0",S|B|3|paragraph_continuation:1/R00
ykaraiin,1,1,R00,1.0,0.0,1.0,1.0,1,0,0,0,G3C,1.0,0.0,1.0,1,Z,1.0,0.0,1,nan,1.0,0.0,1,4,1.0,0.0,1,&L,1.0,0.0,1.0,LOW_POWER_TOKEN,LOW_SUPPORT_OR_POLYFUNCTIONAL,LOW,"f72r3.21,&Lz",Z||4|&L:1/R00
ykaralam,1,1,R00,1.0,0.0,1.0,1.0,1,0,0,0,G3C,1.0,0.0,1.0,1,C,1.0,0.0,1,nan,1.0,0.0,1,4,1.0,0.0,1,paragraph_continuation,1.0,0.0,1.0,LOW_POWER_TOKEN,LOW_SUPPORT_OR_POLYFUNCTIONAL,LOW,"f67v2.6,+Pb",C||4|paragraph_continuation:1/R00
ykchdar,1,1,R00,1.0,0.0,1.0,1.0,1,0,0,0,G1,1.0,0.0,1.0,1,B,1.0,0.0,1,B,1.0,0.0,1,2,1.0,0.0,1,paragraph_continuation,1.0,0.0,1.0,LOW_POWER_TOKEN,LOW_SUPPORT_OR_POLYFUNCTIONAL,LOW,"f84r.31,+P0",B|B|2|paragraph_continuation:1/R00
ykcheor,1,1,R00,1.0,0.0,1.0,1.0,1,0,0,0,G3C,1.0,0.0,1.0,1,H,1.0,0.0,1,A,1.0,0.0,1,1,1.0,0.0,1,paragraph_continuation,1.0,0.0,1.0,LOW_POWER_TOKEN,LOW_SUPPORT_OR_POLYFUNCTIONAL,LOW,"f22v.5,+P0",H|A|1|paragraph_continuation:1/R00
ykcho,1,1,R06,1.0,0.0,1.0,1.0,1,0,0,0,G2,1.0,0.0,1.0,1,C,1.0,0.0,1,B,1.0,0.0,1,2,1.0,0.0,1,paragraph_continuation,1.0,0.0,1.0,LOW_POWER_TOKEN,LOW_SUPPORT_OR_POLYFUNCTIONAL,LOW,"f86v3.20,+P0",C|B|2|paragraph_continuation:1/R06
ykchochdy,1,1,R00,1.0,0.0,1.0,1.0,1,0,0,0,G3C,1.0,0.0,1.0,1,P,1.0,0.0,1,A,1.0,0.0,1,1,1.0,0.0,1,label_or_marginal,1.0,0.0,1.0,LOW_POWER_TOKEN,LOW_SUPPORT_OR_POLYFUNCTIONAL,LOW,"f100v.6,@Lf",P|A|1|label_or_marginal:1/R00
ykchody,1,1,R00,1.0,0.0,1.0,1.0,1,0,0,0,G1,1.0,0.0,1.0,1,H,1.0,0.0,1,A,1.0,0.0,1,1,1.0,0.0,1,paragraph_continuation,1.0,0.0,1.0,LOW_POWER_TOKEN,LOW_SUPPORT_OR_POLYFUNCTIONAL,LOW,"f53r.7,+P0",H|A|1|paragraph_continuation:1/R00
ykchokeo,1,1,R00,1.0,0.0,1.0,1.0,1,0,0,0,G3C,1.0,0.0,1.0,1,H,1.0,0.0,1,A,1.0,0.0,1,1,1.0,0.0,1,paragraph_terminal_or_label,1.0,0.0,1.0,LOW_POWER_TOKEN,LOW_SUPPORT_OR_POLYFUNCTIONAL,LOW,"f49v.52,=P0",H|A|1|paragraph_terminal_or_label:1/R00
ykcholqod,1,1,R07,1.0,0.0,1.0,1.0,1,0,0,0,G3C,1.0,0.0,1.0,1,H,1.0,0.0,1,A,1.0,0.0,1,1,1.0,0.0,1,paragraph_continuation,1.0,0.0,1.0,LOW_POWER_TOKEN,LOW_SUPPORT_OR_POLYFUNCTIONAL,LOW,"f36v.9,+P1",H|A|1|paragraph_continuation:1/R07
ykchos,1,1,R06,1.0,0.0,1.0,1.0,1,0,0,0,G3C,1.0,0.0,1.0,1,A,1.0,0.0,1,nan,1.0,0.0,1,4,1.0,0.0,1,&L,1.0,0.0,1.0,LOW_POWER_TOKEN,LOW_SUPPORT_OR_POLYFUNCTIONAL,LOW,"f67r2.12,&L0",A||4|&L:1/R06
ykchys,1,1,R06,1.0,0.0,1.0,1.0,1,0,0,0,G3C,1.0,0.0,1.0,1,A,1.0,0.0,1,nan,1.0,0.0,1,4,1.0,0.0,1,&L,1.0,0.0,1.0,LOW_POWER_TOKEN,LOW_SUPPORT_OR_POLYFUNCTIONAL,LOW,"f67r2.7,&L0",A||4|&L:1/R06
ykeal,1,1,R06,1.0,0.0,1.0,1.0,1,0,0,0,G3C,1.0,0.0,1.0,1,C,1.0,0.0,1,nan,1.0,0.0,1,4,1.0,0.0,1,radial/ring_text,1.0,0.0,1.0,LOW_POWER_TOKEN,LOW_SUPPORT_OR_POLYFUNCTIONAL,LOW,"f70r1.14,@Ri",C||4|radial/ring_text:1/R06
ykechey,1,1,R00,1.0,0.0,1.0,1.0,1,0,0,0,G3C,1.0,0.0,1.0,1,S,1.0,0.0,1,B,1.0,0.0,1,@,1.0,0.0,1,paragraph_continuation,1.0,0.0,1.0,LOW_POWER_TOKEN,LOW_SUPPORT_OR_POLYFUNCTIONAL,LOW,"f115r.18,+P0",S|B|@|paragraph_continuation:1/R00
ykecho,1,1,R06,1.0,0.0,1.0,1.0,1,0,0,0,G3C,1.0,0.0,1.0,1,A,1.0,0.0,1,nan,1.0,0.0,1,4,1.0,0.0,1,&L,1.0,0.0,1.0,LOW_POWER_TOKEN,LOW_SUPPORT_OR_POLYFUNCTIONAL,LOW,"f67r2.2,&L0",A||4|&L:1/R06
ykeear,1,1,R06,1.0,0.0,1.0,1.0,1,0,0,0,G3C,1.0,0.0,1.0,1,Z,1.0,0.0,1,nan,1.0,0.0,1,4,1.0,0.0,1,&L,1.0,0.0,1.0,LOW_POWER_TOKEN,LOW_SUPPORT_OR_POLYFUNCTIONAL,LOW,"f73v.20,&Lz",Z||4|&L:1/R06
ykeeb,1,1,R06,1.0,0.0,1.0,1.0,1,0,0,0,G3C,1.0,0.0,1.0,1,H,1.0,0.0,1,A,1.0,0.0,1,1,1.0,0.0,1,paragraph_continuation,1.0,0.0,1.0,LOW_POWER_TOKEN,LOW_SUPPORT_OR_POLYFUNCTIONAL,LOW,"f29v.9,+P0",H|A|1|paragraph_continuation:1/R06
ykeedaiin,1,1,R10,1.0,0.0,1.0,1.0,1,0,0,0,G2,1.0,0.0,1.0,1,S,1.0,0.0,1,B,1.0,0.0,1,3,1.0,0.0,1,paragraph_continuation,1.0,0.0,1.0,LOW_POWER_TOKEN,LOW_SUPPORT_OR_POLYFUNCTIONAL,LOW,"f111r.10,+P0",S|B|3|paragraph_continuation:1/R10
ykeedan,1,1,R00,1.0,0.0,1.0,1.0,1,0,0,0,G3C,1.0,0.0,1.0,1,S,1.0,0.0,1,B,1.0,0.0,1,3,1.0,0.0,1,paragraph_continuation,1.0,0.0,1.0,LOW_POWER_TOKEN,LOW_SUPPORT_OR_POLYFUNCTIONAL,LOW,"f112v.41,+P0",S|B|3|paragraph_continuation:1/R00
ykeee,1,1,R06,1.0,0.0,1.0,1.0,1,0,0,0,G3C,1.0,0.0,1.0,1,Z,1.0,0.0,1,nan,1.0,0.0,1,4,1.0,0.0,1,&L,1.0,0.0,1.0,LOW_POWER_TOKEN,LOW_SUPPORT_OR_POLYFUNCTIONAL,LOW,"f73v.29,&Lz",Z||4|&L:1/R06
ykeeepol,1,1,R00,1.0,0.0,1.0,1.0,1,0,0,0,G3C,1.0,0.0,1.0,1,A,1.0,0.0,1,nan,1.0,0.0,1,4,1.0,0.0,1,radial/ring_text,1.0,0.0,1.0,LOW_POWER_TOKEN,LOW_SUPPORT_OR_POLYFUNCTIONAL,LOW,"f68v2.17,@Ro",A||4|radial/ring_text:1/R00
ykeeoldarchody,1,1,R00,1.0,0.0,1.0,1.0,1,0,0,0,G2,1.0,0.0,1.0,1,H,1.0,0.0,1,A,1.0,0.0,1,1,1.0,0.0,1,paragraph_continuation,1.0,0.0,1.0,LOW_POWER_TOKEN,LOW_SUPPORT_OR_POLYFUNCTIONAL,LOW,"f90v2.6,+P0",H|A|1|paragraph_continuation:1/R00
ykeeory,1,1,R00,1.0,0.0,1.0,1.0,1,0,0,0,G3C,1.0,0.0,1.0,1,Z,1.0,0.0,1,nan,1.0,0.0,1,4,1.0,0.0,1,&L,1.0,0.0,1.0,LOW_POWER_TOKEN,LOW_SUPPORT_OR_POLYFUNCTIONAL,LOW,"f73r.12,&Lz",Z||4|&L:1/R00
ykeo,1,1,R06,1.0,0.0,1.0,1.0,1,0,0,0,G2,1.0,0.0,1.0,1,H,1.0,0.0,1,B,1.0,0.0,1,2,1.0,0.0,1,paragraph_continuation,1.0,0.0,1.0,LOW_POWER_TOKEN,LOW_SUPPORT_OR_POLYFUNCTIONAL,LOW,"f34r.13,+P0",H|B|2|paragraph_continuation:1/R06
ykeockhey,1,1,R00,1.0,0.0,1.0,1.0,1,0,0,0,G2,1.0,0.0,1.0,1,P,1.0,0.0,1,A,1.0,0.0,1,1,1.0,0.0,1,paragraph_continuation,1.0,0.0,1.0,LOW_POWER_TOKEN,LOW_SUPPORT_OR_POLYFUNCTIONAL,LOW,"f102r2.17,+P0",P|A|1|paragraph_continuation:1/R00
ykeodar,1,1,R00,1.0,0.0,1.0,1.0,1,0,0,0,G3C,1.0,0.0,1.0,1,A,1.0,0.0,1,nan,1.0,0.0,1,4,1.0,0.0,1,&L,1.0,0.0,1.0,LOW_POWER_TOKEN,LOW_SUPPORT_OR_POLYFUNCTIONAL,LOW,"f67v1.7,&L0",A||4|&L:1/R00
ykeor,1,1,R06,1.0,0.0,1.0,1.0,1,0,0,0,G3C,1.0,0.0,1.0,1,H,1.0,0.0,1,A,1.0,0.0,1,1,1.0,0.0,1,paragraph_continuation,1.0,0.0,1.0,LOW_POWER_TOKEN,LOW_SUPPORT_OR_POLYFUNCTIONAL,LOW,"f17v.13,+P0",H|A|1|paragraph_continuation:1/R06
ykeos,1,1,R06,1.0,0.0,1.0,1.0,1,0,0,0,G3C,1.0,0.0,1.0,1,H,1.0,0.0,1,B,1.0,0.0,1,2,1.0,0.0,1,paragraph_continuation,1.0,0.0,1.0,LOW_POWER_TOKEN,LOW_SUPPORT_OR_POLYFUNCTIONAL,LOW,"f31v.5,+P0",H|B|2|paragraph_continuation:1/R06
ykeoshe,1,1,R00,1.0,0.0,1.0,1.0,1,0,0,0,G1,1.0,0.0,1.0,1,A,1.0,0.0,1,nan,1.0,0.0,1,4,1.0,0.0,1,radial/ring_text,1.0,0.0,1.0,LOW_POWER_TOKEN,LOW_SUPPORT_OR_POLYFUNCTIONAL,LOW,"f68r3.2,@Ri",A||4|radial/ring_text:1/R00
ykeydy,1,1,R00,1.0,0.0,1.0,1.0,1,0,0,0,G3C,1.0,0.0,1.0,1,C,1.0,0.0,1,nan,1.0,0.0,1,4,1.0,0.0,1,radial/ring_text,1.0,0.0,1.0,LOW_POWER_TOKEN,LOW_SUPPORT_OR_POLYFUNCTIONAL,LOW,"f69v.17,@Ri",C||4|radial/ring_text:1/R00
yko,1,1,R06,1.0,0.0,1.0,1.0,1,0,0,0,G3C,1.0,0.0,1.0,1,C,1.0,0.0,1,nan,1.0,0.0,1,4,1.0,0.0,1,circular/diagram_text,1.0,0.0,1.0,LOW_POWER_TOKEN,LOW_SUPPORT_OR_POLYFUNCTIONAL,LOW,"f68v3.14,@Cc",C||4|circular/diagram_text:1/R06
ykocfhy,1,1,R00,1.0,0.0,1.0,1.0,1,0,0,0,G3C,1.0,0.0,1.0,1,P,1.0,0.0,1,A,1.0,0.0,1,1,1.0,0.0,1,label_or_marginal,1.0,0.0,1.0,LOW_POWER_TOKEN,LOW_SUPPORT_OR_POLYFUNCTIONAL,LOW,"f89r1.24,@Lc",P|A|1|label_or_marginal:1/R00
ykolaiin,1,1,R00,1.0,0.0,1.0,1.0,1,0,0,0,G3C,1.0,0.0,1.0,1,Z,1.0,0.0,1,nan,1.0,0.0,1,4,1.0,0.0,1,&L,1.0,0.0,1.0,LOW_POWER_TOKEN,LOW_SUPPORT_OR_POLYFUNCTIONAL,LOW,"f70v2.31,&Lz",Z||4|&L:1/R00
ykolairol,1,1,R00,1.0,0.0,1.0,1.0,1,0,0,0,G3C,1.0,0.0,1.0,1,Z,1.0,0.0,1,nan,1.0,0.0,1,4,1.0,0.0,1,&L,1.0,0.0,1.0,LOW_POWER_TOKEN,LOW_SUPPORT_OR_POLYFUNCTIONAL,LOW,"f72r3.13,&Lz",Z||4|&L:1/R00
ykoldy,1,1,R00,1.0,0.0,1.0,1.0,1,0,0,0,G2,1.0,0.0,1.0,1,H,1.0,0.0,1,B,1.0,0.0,1,3,1.0,0.0,1,paragraph_continuation,1.0,0.0,1.0,LOW_POWER_TOKEN,LOW_SUPPORT_OR_POLYFUNCTIONAL,LOW,"f95r1.9,+P0",H|B|3|paragraph_continuation:1/R00
ykoly,1,1,R06,1.0,0.0,1.0,1.0,1,0,0,0,G2,1.0,0.0,1.0,1,H,1.0,0.0,1,A,1.0,0.0,1,1,1.0,0.0,1,paragraph_continuation,1.0,0.0,1.0,LOW_POWER_TOKEN,LOW_SUPPORT_OR_POLYFUNCTIONAL,LOW,"f13r.9,+P0",H|A|1|paragraph_continuation:1/R06
ykshedy,1,1,R00,1.0,0.0,1.0,1.0,1,0,0,0,G2,1.0,0.0,1.0,1,B,1.0,0.0,1,B,1.0,0.0,1,2,1.0,0.0,1,paragraph_start,1.0,0.0,1.0,LOW_POWER_TOKEN,LOW_SUPPORT_OR_POLYFUNCTIONAL,LOW,"f84r.13,@P0",B|B|2|paragraph_start:1/R00
yksheor,1,1,R00,1.0,0.0,1.0,1.0,1,0,0,0,G2,1.0,0.0,1.0,1,H,1.0,0.0,1,A,1.0,0.0,1,1,1.0,0.0,1,paragraph_continuation,1.0,0.0,1.0,LOW_POWER_TOKEN,LOW_SUPPORT_OR_POLYFUNCTIONAL,LOW,"f45v.8,+P0",H|A|1|paragraph_continuation:1/R00
ykyd,1,1,R06,1.0,0.0,1.0,1.0,1,0,0,0,G3C,1.0,0.0,1.0,1,P,1.0,0.0,1,A,1.0,0.0,1,1,1.0,0.0,1,label_or_marginal,1.0,0.0,1.0,LOW_POWER_TOKEN,LOW_SUPPORT_OR_POLYFUNCTIONAL,LOW,"f89r1.11,@Lc",P|A|1|label_or_marginal:1/R06
ylaiiny,1,1,R00,1.0,0.0,1.0,1.0,1,0,0,0,G2,1.0,0.0,1.0,1,T,1.0,0.0,1,B,1.0,0.0,1,2,1.0,0.0,1,paragraph_continuation,1.0,0.0,1.0,LOW_POWER_TOKEN,LOW_SUPPORT_OR_POLYFUNCTIONAL,LOW,"f76r.29,+P0",T|B|2|paragraph_continuation:1/R00
ylcheey,1,1,R00,1.0,0.0,1.0,1.0,1,0,0,0,G2,1.0,0.0,1.0,1,S,1.0,0.0,1,B,1.0,0.0,1,3,1.0,0.0,1,paragraph_continuation,1.0,0.0,1.0,LOW_POWER_TOKEN,LOW_SUPPORT_OR_POLYFUNCTIONAL,LOW,"f111v.11,+P0",S|B|3|paragraph_continuation:1/R00
yodaiin,1,1,R10,1.0,0.0,1.0,1.0,1,0,0,0,G3C,1.0,0.0,1.0,1,H,1.0,0.0,1,A,1.0,0.0,1,1,1.0,0.0,1,paragraph_continuation,1.0,0.0,1.0,LOW_POWER_TOKEN,LOW_SUPPORT_OR_POLYFUNCTIONAL,LOW,"f6v.13,+P0",H|A|1|paragraph_continuation:1/R10
yoees,1,1,R06,1.0,0.0,1.0,1.0,1,0,0,0,G2,1.0,0.0,1.0,1,H,1.0,0.0,1,A,1.0,0.0,1,1,1.0,0.0,1,paragraph_continuation,1.0,0.0,1.0,LOW_POWER_TOKEN,LOW_SUPPORT_OR_POLYFUNCTIONAL,LOW,"f51r.12,+P0",H|A|1|paragraph_continuation:1/R06
yokee,1,1,R06,1.0,0.0,1.0,1.0,1,0,0,0,G3C,1.0,0.0,1.0,1,H,1.0,0.0,1,A,1.0,0.0,1,1,1.0,0.0,1,paragraph_continuation,1.0,0.0,1.0,LOW_POWER_TOKEN,LOW_SUPPORT_OR_POLYFUNCTIONAL,LOW,"f52v.10,+P0",H|A|1|paragraph_continuation:1/R06
yoky,1,1,R06,1.0,0.0,1.0,1.0,1,0,0,0,G1,1.0,0.0,1.0,1,B,1.0,0.0,1,B,1.0,0.0,1,2,1.0,0.0,1,paragraph_continuation,1.0,0.0,1.0,LOW_POWER_TOKEN,LOW_SUPPORT_OR_POLYFUNCTIONAL,LOW,"f79r.8,+P0",B|B|2|paragraph_continuation:1/R06
yorain,1,1,R06,1.0,0.0,1.0,1.0,1,0,0,0,G3C,1.0,0.0,1.0,1,P,1.0,0.0,1,A,1.0,0.0,1,1,1.0,0.0,1,+L,1.0,0.0,1.0,LOW_POWER_TOKEN,LOW_SUPPORT_OR_POLYFUNCTIONAL,LOW,"f89r2.30,+Lc",P|A|1|+L:1/R06
ypaim,1,1,R06,1.0,0.0,1.0,1.0,1,0,0,0,G3C,1.0,0.0,1.0,1,Z,1.0,0.0,1,nan,1.0,0.0,1,4,1.0,0.0,1,&L,1.0,0.0,1.0,LOW_POWER_TOKEN,LOW_SUPPORT_OR_POLYFUNCTIONAL,LOW,"f72v1.29,&Lz",Z||4|&L:1/R06
ypchdyldo,1,1,R00,1.0,0.0,1.0,1.0,1,0,0,0,G1,1.0,0.0,1.0,1,T,1.0,0.0,1,B,1.0,0.0,1,2,1.0,0.0,1,paragraph_continuation,1.0,0.0,1.0,LOW_POWER_TOKEN,LOW_SUPPORT_OR_POLYFUNCTIONAL,LOW,"f85r1.7,+P0",T|B|2|paragraph_continuation:1/R00
ypchedy,1,1,R00,1.0,0.0,1.0,1.0,1,0,0,0,G3C,1.0,0.0,1.0,1,S,1.0,0.0,1,B,1.0,0.0,1,3,1.0,0.0,1,paragraph_continuation,1.0,0.0,1.0,LOW_POWER_TOKEN,LOW_SUPPORT_OR_POLYFUNCTIONAL,LOW,"f114r.4,+P0",S|B|3|paragraph_continuation:1/R00
ypchy,1,1,R06,1.0,0.0,1.0,1.0,1,0,0,0,G3C,1.0,0.0,1.0,1,A,1.0,0.0,1,nan,1.0,0.0,1,4,1.0,0.0,1,radial/ring_text,1.0,0.0,1.0,LOW_POWER_TOKEN,LOW_SUPPORT_OR_POLYFUNCTIONAL,LOW,"f68v2.17,@Ro",A||4|radial/ring_text:1/R06
ypolol,1,1,R06,1.0,0.0,1.0,1.0,1,0,0,0,G3C,1.0,0.0,1.0,1,C,1.0,0.0,1,nan,1.0,0.0,1,4,1.0,0.0,1,radial/ring_text,1.0,0.0,1.0,LOW_POWER_TOKEN,LOW_SUPPORT_OR_POLYFUNCTIONAL,LOW,"f70r1.17,@Ri",C||4|radial/ring_text:1/R06
yqokain,1,1,R00,1.0,0.0,1.0,1.0,1,0,0,0,G2,1.0,0.0,1.0,1,B,1.0,0.0,1,B,1.0,0.0,1,2,1.0,0.0,1,paragraph_continuation,1.0,0.0,1.0,LOW_POWER_TOKEN,LOW_SUPPORT_OR_POLYFUNCTIONAL,LOW,"f84r.19,+P0",B|B|2|paragraph_continuation:1/R00
ysaikchy,1,1,R00,1.0,0.0,1.0,1.0,1,0,0,0,G3C,1.0,0.0,1.0,1,C,1.0,0.0,1,nan,1.0,0.0,1,4,1.0,0.0,1,radial/ring_text,1.0,0.0,1.0,LOW_POWER_TOKEN,LOW_SUPPORT_OR_POLYFUNCTIONAL,LOW,"f70r1.8,@Ri",C||4|radial/ring_text:1/R00
ysaldal,1,1,R09,1.0,0.0,1.0,1.0,1,0,0,0,G3C,1.0,0.0,1.0,1,A,1.0,0.0,1,nan,1.0,0.0,1,4,1.0,0.0,1,&L,1.0,0.0,1.0,LOW_POWER_TOKEN,LOW_SUPPORT_OR_POLYFUNCTIONAL,LOW,"f67r2.54,&Ls",A||4|&L:1/R09
yshedair,1,1,R00,1.0,0.0,1.0,1.0,1,0,0,0,G3C,1.0,0.0,1.0,1,H,1.0,0.0,1,B,1.0,0.0,1,2,1.0,0.0,1,paragraph_continuation,1.0,0.0,1.0,LOW_POWER_TOKEN,LOW_SUPPORT_OR_POLYFUNCTIONAL,LOW,"f31r.15,+P0",H|B|2|paragraph_continuation:1/R00
ysheedy,1,1,R00,1.0,0.0,1.0,1.0,1,0,0,0,G1,1.0,0.0,1.0,1,S,1.0,0.0,1,B,1.0,0.0,1,3,1.0,0.0,1,paragraph_continuation,1.0,0.0,1.0,LOW_POWER_TOKEN,LOW_SUPPORT_OR_POLYFUNCTIONAL,LOW,"f112r.28,+P0",S|B|3|paragraph_continuation:1/R00
ysheey,1,1,R06,1.0,0.0,1.0,1.0,1,0,0,0,G2,1.0,0.0,1.0,1,B,1.0,0.0,1,B,1.0,0.0,1,2,1.0,0.0,1,paragraph_continuation,1.0,0.0,1.0,LOW_POWER_TOKEN,LOW_SUPPORT_OR_POLYFUNCTIONAL,LOW,"f79v.36,+P0",B|B|2|paragraph_continuation:1/R06
ysheod,1,1,R06,1.0,0.0,1.0,1.0,1,0,0,0,G2,1.0,0.0,1.0,1,P,1.0,0.0,1,A,1.0,0.0,1,1,1.0,0.0,1,paragraph_continuation,1.0,0.0,1.0,LOW_POWER_TOKEN,LOW_SUPPORT_OR_POLYFUNCTIONAL,LOW,"f88v.16,+P0",P|A|1|paragraph_continuation:1/R06
yshesas,1,1,R00,1.0,0.0,1.0,1.0,1,0,0,0,G3C,1.0,0.0,1.0,1,A,1.0,0.0,1,nan,1.0,0.0,1,4,1.0,0.0,1,radial/ring_text,1.0,0.0,1.0,LOW_POWER_TOKEN,LOW_SUPPORT_OR_POLYFUNCTIONAL,LOW,"f68v2.9,@Ro",A||4|radial/ring_text:1/R00
yshor,1,1,R06,1.0,0.0,1.0,1.0,1,0,0,0,G3C,1.0,0.0,1.0,1,H,1.0,0.0,1,A,1.0,0.0,1,1,1.0,0.0,1,paragraph_continuation,1.0,0.0,1.0,LOW_POWER_TOKEN,LOW_SUPPORT_OR_POLYFUNCTIONAL,LOW,"f19r.6,+P0",H|A|1|paragraph_continuation:1/R06
yt,1,1,R06,1.0,0.0,1.0,1.0,1,0,0,0,G3C,1.0,0.0,1.0,1,C,1.0,0.0,1,nan,1.0,0.0,1,4,1.0,0.0,1,&L,1.0,0.0,1.0,LOW_POWER_TOKEN,LOW_SUPPORT_OR_POLYFUNCTIONAL,LOW,"f69r.12,&L0",C||4|&L:1/R06
ytaiir,1,1,R06,1.0,0.0,1.0,1.0,1,0,0,0,G3C,1.0,0.0,1.0,1,C,1.0,0.0,1,nan,1.0,0.0,1,4,1.0,0.0,1,paragraph_continuation,1.0,0.0,1.0,LOW_POWER_TOKEN,LOW_SUPPORT_OR_POLYFUNCTIONAL,LOW,"f70r2.6,+P1",C||4|paragraph_continuation:1/R06
ytairal,1,1,R00,1.0,0.0,1.0,1.0,1,0,0,0,G3C,1.0,0.0,1.0,1,Z,1.0,0.0,1,nan,1.0,0.0,1,4,1.0,0.0,1,&L,1.0,0.0,1.0,LOW_POWER_TOKEN,LOW_SUPPORT_OR_POLYFUNCTIONAL,LOW,"f72r3.16,&Lz",Z||4|&L:1/R00
ytals,1,1,R06,1.0,0.0,1.0,1.0,1,0,0,0,G3C,1.0,0.0,1.0,1,C,1.0,0.0,1,nan,1.0,0.0,1,4,1.0,0.0,1,paragraph_continuation,1.0,0.0,1.0,LOW_POWER_TOKEN,LOW_SUPPORT_OR_POLYFUNCTIONAL,LOW,"f70r2.8,+P1",C||4|paragraph_continuation:1/R06
ytaly,1,1,R06,1.0,0.0,1.0,1.0,1,0,0,0,G3C,1.0,0.0,1.0,1,Z,1.0,0.0,1,nan,1.0,0.0,1,4,1.0,0.0,1,&L,1.0,0.0,1.0,LOW_POWER_TOKEN,LOW_SUPPORT_OR_POLYFUNCTIONAL,LOW,"f72v1.17,&Lz",Z||4|&L:1/R06
ytapy,1,1,R06,1.0,0.0,1.0,1.0,1,0,0,0,G2,1.0,0.0,1.0,1,C,1.0,0.0,1,B,1.0,0.0,1,2,1.0,0.0,1,paragraph_continuation,1.0,0.0,1.0,LOW_POWER_TOKEN,LOW_SUPPORT_OR_POLYFUNCTIONAL,LOW,"f86v3.7,+Pb",C|B|2|paragraph_continuation:1/R06
ytarem,1,1,R06,1.0,0.0,1.0,1.0,1,0,0,0,G3C,1.0,0.0,1.0,1,P,1.0,0.0,1,A,1.0,0.0,1,1,1.0,0.0,1,label_or_marginal,1.0,0.0,1.0,LOW_POWER_TOKEN,LOW_SUPPORT_OR_POLYFUNCTIONAL,LOW,"f89r2.33,@Lf",P|A|1|label_or_marginal:1/R06
ytarody,1,1,R00,1.0,0.0,1.0,1.0,1,0,0,0,G2,1.0,0.0,1.0,1,T,1.0,0.0,1,B,1.0,0.0,1,5,1.0,0.0,1,paragraph_continuation,1.0,0.0,1.0,LOW_POWER_TOKEN,LOW_SUPPORT_OR_POLYFUNCTIONAL,LOW,"f66r.67,+P0",T|B|5|paragraph_continuation:1/R00
ytchdy,1,1,R00,1.0,0.0,1.0,1.0,1,0,0,0,G2,1.0,0.0,1.0,1,C,1.0,0.0,1,B,1.0,0.0,1,2,1.0,0.0,1,paragraph_continuation,1.0,0.0,1.0,LOW_POWER_TOKEN,LOW_SUPPORT_OR_POLYFUNCTIONAL,LOW,"f86v3.22,+P0",C|B|2|paragraph_continuation:1/R00
ytchedy,1,1,R00,1.0,0.0,1.0,1.0,1,0,0,0,G1,1.0,0.0,1.0,1,S,1.0,0.0,1,B,1.0,0.0,1,3,1.0,0.0,1,paragraph_continuation,1.0,0.0,1.0,LOW_POWER_TOKEN,LOW_SUPPORT_OR_POLYFUNCTIONAL,LOW,"f112r.28,+P0",S|B|3|paragraph_continuation:1/R00
ytcheey,1,1,R00,1.0,0.0,1.0,1.0,1,0,0,0,G2,1.0,0.0,1.0,1,H,1.0,0.0,1,A,1.0,0.0,1,1,1.0,0.0,1,paragraph_continuation,1.0,0.0,1.0,LOW_POWER_TOKEN,LOW_SUPPORT_OR_POLYFUNCTIONAL,LOW,"f7r.3,+P0",H|A|1|paragraph_continuation:1/R00
ytcheodar,1,1,R00,1.0,0.0,1.0,1.0,1,0,0,0,G2,1.0,0.0,1.0,1,C,1.0,0.0,1,B,1.0,0.0,1,2,1.0,0.0,1,paragraph_start,1.0,0.0,1.0,LOW_POWER_TOKEN,LOW_SUPPORT_OR_POLYFUNCTIONAL,LOW,"f86v3.29,@Pb",C|B|2|paragraph_start:1/R00
ytcheodytor,1,1,R00,1.0,0.0,1.0,1.0,1,0,0,0,G3C,1.0,0.0,1.0,1,C,1.0,0.0,1,nan,1.0,0.0,1,4,1.0,0.0,1,&L,1.0,0.0,1.0,LOW_POWER_TOKEN,LOW_SUPPORT_OR_POLYFUNCTIONAL,LOW,"f69r.20,&L0",C||4|&L:1/R00
ytcho,1,1,R06,1.0,0.0,1.0,1.0,1,0,0,0,G1,1.0,0.0,1.0,1,H,1.0,0.0,1,A,1.0,0.0,1,1,1.0,0.0,1,paragraph_continuation,1.0,0.0,1.0,LOW_POWER_TOKEN,LOW_SUPPORT_OR_POLYFUNCTIONAL,LOW,"f23r.6,+P0",H|A|1|paragraph_continuation:1/R06
ytchocthol,1,1,R07,1.0,0.0,1.0,1.0,1,0,0,0,G3C,1.0,0.0,1.0,1,H,1.0,0.0,1,A,1.0,0.0,1,1,1.0,0.0,1,paragraph_continuation,1.0,0.0,1.0,LOW_POWER_TOKEN,LOW_SUPPORT_OR_POLYFUNCTIONAL,LOW,"f6v.18,+P0",H|A|1|paragraph_continuation:1/R07
ytchodly,1,1,R00,1.0,0.0,1.0,1.0,1,0,0,0,G3C,1.0,0.0,1.0,1,A,1.0,0.0,1,nan,1.0,0.0,1,4,1.0,0.0,1,&L,1.0,0.0,1.0,LOW_POWER_TOKEN,LOW_SUPPORT_OR_POLYFUNCTIONAL,LOW,"f67r2.59,&Ls",A||4|&L:1/R00
ytchody,1,1,R00,1.0,0.0,1.0,1.0,1,0,0,0,G3C,1.0,0.0,1.0,1,A,1.0,0.0,1,nan,1.0,0.0,1,4,1.0,0.0,1,label_or_marginal,1.0,0.0,1.0,LOW_POWER_TOKEN,LOW_SUPPORT_OR_POLYFUNCTIONAL,LOW,"f68r1.18,@Ls",A||4|label_or_marginal:1/R00
ytchord,1,1,R06,1.0,0.0,1.0,1.0,1,0,0,0,G2,1.0,0.0,1.0,1,H,1.0,0.0,1,A,1.0,0.0,1,1,1.0,0.0,1,paragraph_continuation,1.0,0.0,1.0,LOW_POWER_TOKEN,LOW_SUPPORT_OR_POLYFUNCTIONAL,LOW,"f45v.10,+P0",H|A|1|paragraph_continuation:1/R06
ytchoy,1,1,R06,1.0,0.0,1.0,1.0,1,0,0,0,G2,1.0,0.0,1.0,1,H,1.0,0.0,1,A,1.0,0.0,1,1,1.0,0.0,1,paragraph_continuation,1.0,0.0,1.0,LOW_POWER_TOKEN,LOW_SUPPORT_OR_POLYFUNCTIONAL,LOW,"f4v.6,+P0",H|A|1|paragraph_continuation:1/R06
ytdy,1,1,R00,1.0,0.0,1.0,1.0,1,0,0,0,G2,1.0,0.0,1.0,1,H,1.0,0.0,1,B,1.0,0.0,1,2,1.0,0.0,1,paragraph_continuation,1.0,0.0,1.0,LOW_POWER_TOKEN,LOW_SUPPORT_OR_POLYFUNCTIONAL,LOW,"f43v.9,+P0",H|B|2|paragraph_continuation:1/R00
yteal,1,1,R06,1.0,0.0,1.0,1.0,1,0,0,0,G1,1.0,0.0,1.0,1,H,1.0,0.0,1,A,1.0,0.0,1,1,1.0,0.0,1,paragraph_continuation,1.0,0.0,1.0,LOW_POWER_TOKEN,LOW_SUPPORT_OR_POLYFUNCTIONAL,LOW,"f54v.8,+P0",H|A|1|paragraph_continuation:1/R06
yteeeor,1,1,R00,1.0,0.0,1.0,1.0,1,0,0,0,G3C,1.0,0.0,1.0,1,S,1.0,0.0,1,B,1.0,0.0,1,3,1.0,0.0,1,paragraph_continuation,1.0,0.0,1.0,LOW_POWER_TOKEN,LOW_SUPPORT_OR_POLYFUNCTIONAL,LOW,"f113v.17,+P0",S|B|3|paragraph_continuation:1/R00
yteeey,1,1,R06,1.0,0.0,1.0,1.0,1,0,0,0,G3C,1.0,0.0,1.0,1,A,1.0,0.0,1,nan,1.0,0.0,1,4,1.0,0.0,1,radial/ring_text,1.0,0.0,1.0,LOW_POWER_TOKEN,LOW_SUPPORT_OR_POLYFUNCTIONAL,LOW,"f67v1.17,@Ro",A||4|radial/ring_text:1/R06
yteod,1,1,R06,1.0,0.0,1.0,1.0,1,0,0,0,G3C,1.0,0.0,1.0,1,Z,1.0,0.0,1,nan,1.0,0.0,1,4,1.0,0.0,1,&L,1.0,0.0,1.0,LOW_POWER_TOKEN,LOW_SUPPORT_OR_POLYFUNCTIONAL,LOW,"f72v1.14,&Lz",Z||4|&L:1/R06
yteodam,1,1,R00,1.0,0.0,1.0,1.0,1,0,0,0,G3C,1.0,0.0,1.0,1,H,1.0,0.0,1,A,1.0,0.0,1,1,1.0,0.0,1,paragraph_continuation,1.0,0.0,1.0,LOW_POWER_TOKEN,LOW_SUPPORT_OR_POLYFUNCTIONAL,LOW,"f87r.2,+P0",H|A|1|paragraph_continuation:1/R00
yteol,1,1,R06,1.0,0.0,1.0,1.0,1,0,0,0,G3C,1.0,0.0,1.0,1,H,1.0,0.0,1,A,1.0,0.0,1,1,1.0,0.0,1,paragraph_continuation,1.0,0.0,1.0,LOW_POWER_TOKEN,LOW_SUPPORT_OR_POLYFUNCTIONAL,LOW,"f21r.11,+P0",H|A|1|paragraph_continuation:1/R06
yteold,1,1,R06,1.0,0.0,1.0,1.0,1,0,0,0,G3C,1.0,0.0,1.0,1,P,1.0,0.0,1,A,1.0,0.0,1,1,1.0,0.0,1,label_or_marginal,1.0,0.0,1.0,LOW_POWER_TOKEN,LOW_SUPPORT_OR_POLYFUNCTIONAL,LOW,"f99r.26,@Lf",P|A|1|label_or_marginal:1/R06
yteoldy,1,1,R00,1.0,0.0,1.0,1.0,1,0,0,0,G3C,1.0,0.0,1.0,1,P,1.0,0.0,1,A,1.0,0.0,1,1,1.0,0.0,1,label_or_marginal,1.0,0.0,1.0,LOW_POWER_TOKEN,LOW_SUPPORT_OR_POLYFUNCTIONAL,LOW,"f99r.45,@Lc",P|A|1|label_or_marginal:1/R00
yteoor,1,1,R06,1.0,0.0,1.0,1.0,1,0,0,0,G3C,1.0,0.0,1.0,1,A,1.0,0.0,1,nan,1.0,0.0,1,4,1.0,0.0,1,paragraph_start,1.0,0.0,1.0,LOW_POWER_TOKEN,LOW_SUPPORT_OR_POLYFUNCTIONAL,LOW,"f67r2.26,@Pb",A||4|paragraph_start:1/R06
yteor,1,1,R06,1.0,0.0,1.0,1.0,1,0,0,0,G2,1.0,0.0,1.0,1,P,1.0,0.0,1,A,1.0,0.0,1,1,1.0,0.0,1,paragraph_continuation,1.0,0.0,1.0,LOW_POWER_TOKEN,LOW_SUPPORT_OR_POLYFUNCTIONAL,LOW,"f102r2.5,+P0",P|A|1|paragraph_continuation:1/R06
yteos,1,1,R06,1.0,0.0,1.0,1.0,1,0,0,0,G3C,1.0,0.0,1.0,1,A,1.0,0.0,1,nan,1.0,0.0,1,4,1.0,0.0,1,paragraph_continuation,1.0,0.0,1.0,LOW_POWER_TOKEN,LOW_SUPPORT_OR_POLYFUNCTIONAL,LOW,"f67r2.40,+Pb",A||4|paragraph_continuation:1/R06
ytl,1,1,R06,1.0,0.0,1.0,1.0,1,0,0,0,G3C,1.0,0.0,1.0,1,H,1.0,0.0,1,A,1.0,0.0,1,1,1.0,0.0,1,paragraph_continuation,1.0,0.0,1.0,LOW_POWER_TOKEN,LOW_SUPPORT_OR_POLYFUNCTIONAL,LOW,"f19v.9,+P0",H|A|1|paragraph_continuation:1/R06
yto,1,1,R06,1.0,0.0,1.0,1.0,1,0,0,0,G3C,1.0,0.0,1.0,1,A,1.0,0.0,1,nan,1.0,0.0,1,4,1.0,0.0,1,paragraph_start,1.0,0.0,1.0,LOW_POWER_TOKEN,LOW_SUPPORT_OR_POLYFUNCTIONAL,LOW,"f67r2.26,@Pb",A||4|paragraph_start:1/R06
ytoaiin,1,1,R00,1.0,0.0,1.0,1.0,1,0,0,0,G3C,1.0,0.0,1.0,1,A,1.0,0.0,1,nan,1.0,0.0,1,4,1.0,0.0,1,+L,1.0,0.0,1.0,LOW_POWER_TOKEN,LOW_SUPPORT_OR_POLYFUNCTIONAL,LOW,"f67r2.37,+L0",A||4|+L:1/R00
ytoail,1,1,R06,1.0,0.0,1.0,1.0,1,0,0,0,G3C,1.0,0.0,1.0,1,H,1.0,0.0,1,A,1.0,0.0,1,1,1.0,0.0,1,label_or_marginal,1.0,0.0,1.0,LOW_POWER_TOKEN,LOW_SUPPORT_OR_POLYFUNCTIONAL,LOW,"f2r.14,@Lp",H|A|1|label_or_marginal:1/R06
ytoar,1,1,R06,1.0,0.0,1.0,1.0,1,0,0,0,G3C,1.0,0.0,1.0,1,Z,1.0,0.0,1,nan,1.0,0.0,1,4,1.0,0.0,1,&L,1.0,0.0,1.0,LOW_POWER_TOKEN,LOW_SUPPORT_OR_POLYFUNCTIONAL,LOW,"f72r3.30,&Lz",Z||4|&L:1/R06
ytodaiir,1,1,R00,1.0,0.0,1.0,1.0,1,0,0,0,G3C,1.0,0.0,1.0,1,A,1.0,0.0,1,nan,1.0,0.0,1,4,1.0,0.0,1,radial/ring_text,1.0,0.0,1.0,LOW_POWER_TOKEN,LOW_SUPPORT_OR_POLYFUNCTIONAL,LOW,"f67r1.14,@Ri",A||4|radial/ring_text:1/R00
ytodal,1,1,R09,1.0,0.0,1.0,1.0,1,0,0,0,G3C,1.0,0.0,1.0,1,A,1.0,0.0,1,nan,1.0,0.0,1,4,1.0,0.0,1,&L,1.0,0.0,1.0,LOW_POWER_TOKEN,LOW_SUPPORT_OR_POLYFUNCTIONAL,LOW,"f67r2.55,&Ls",A||4|&L:1/R09
ytoeopchey,1,1,R00,1.0,0.0,1.0,1.0,1,0,0,0,G3C,1.0,0.0,1.0,1,A,1.0,0.0,1,nan,1.0,0.0,1,4,1.0,0.0,1,paragraph_start,1.0,0.0,1.0,LOW_POWER_TOKEN,LOW_SUPPORT_OR_POLYFUNCTIONAL,LOW,"f67r2.41,@Pb",A||4|paragraph_start:1/R00
ytoiiin,1,1,R00,1.0,0.0,1.0,1.0,1,0,0,0,G3C,1.0,0.0,1.0,1,H,1.0,0.0,1,A,1.0,0.0,1,1,1.0,0.0,1,paragraph_start,1.0,0.0,1.0,LOW_POWER_TOKEN,LOW_SUPPORT_OR_POLYFUNCTIONAL,LOW,"f5v.1,@P0",H|A|1|paragraph_start:1/R00
ytokar,1,1,R06,1.0,0.0,1.0,1.0,1,0,0,0,G3C,1.0,0.0,1.0,1,A,1.0,0.0,1,nan,1.0,0.0,1,4,1.0,0.0,1,&L,1.0,0.0,1.0,LOW_POWER_TOKEN,LOW_SUPPORT_OR_POLYFUNCTIONAL,LOW,"f67r2.61,&Ls",A||4|&L:1/R06
ytol,1,1,R06,1.0,0.0,1.0,1.0,1,0,0,0,G1,1.0,0.0,1.0,1,H,1.0,0.0,1,A,1.0,0.0,1,1,1.0,0.0,1,paragraph_continuation,1.0,0.0,1.0,LOW_POWER_TOKEN,LOW_SUPPORT_OR_POLYFUNCTIONAL,LOW,"f96r.2,+P0",H|A|1|paragraph_continuation:1/R06
ytoldy,1,1,R00,1.0,0.0,1.0,1.0,1,0,0,0,G3C,1.0,0.0,1.0,1,H,1.0,0.0,1,A,1.0,0.0,1,1,1.0,0.0,1,paragraph_continuation,1.0,0.0,1.0,LOW_POWER_TOKEN,LOW_SUPPORT_OR_POLYFUNCTIONAL,LOW,"f9v.9,+P0",H|A|1|paragraph_continuation:1/R00
ytshy,1,1,R06,1.0,0.0,1.0,1.0,1,0,0,0,G2,1.0,0.0,1.0,1,H,1.0,0.0,1,A,1.0,0.0,1,1,1.0,0.0,1,paragraph_continuation,1.0,0.0,1.0,LOW_POWER_TOKEN,LOW_SUPPORT_OR_POLYFUNCTIONAL,LOW,"f13r.3,+P0",H|A|1|paragraph_continuation:1/R06
ytychy,1,1,R06,1.0,0.0,1.0,1.0,1,0,0,0,G3C,1.0,0.0,1.0,1,H,1.0,0.0,1,A,1.0,0.0,1,1,1.0,0.0,1,paragraph_continuation,1.0,0.0,1.0,LOW_POWER_TOKEN,LOW_SUPPORT_OR_POLYFUNCTIONAL,LOW,"f14v.4,+P0",H|A|1|paragraph_continuation:1/R06
ytydy,1,1,R00,1.0,0.0,1.0,1.0,1,0,0,0,G3C,1.0,0.0,1.0,1,H,1.0,0.0,1,A,1.0,0.0,1,1,1.0,0.0,1,paragraph_continuation,1.0,0.0,1.0,LOW_POWER_TOKEN,LOW_SUPPORT_OR_POLYFUNCTIONAL,LOW,"f36v.8,+P1",H|A|1|paragraph_continuation:1/R00
