loc,folio,line_order,tokens,neutral_roles,pass20_tier,tier_simple,pass16h_final_status,module_short,semantic_function,meta_I,meta_L,meta_H,line_marker_family,functional_gloss_sequence,functional_pseudotranslation,external_translation_status
"f1r.3,+P0",f1r,3,syaiir sheky or ykaiin shod cthoary cthes daraiin sy,R06 R06 R06 R06 R06 R04 R04 R00 R06,S1_MULTI_TRANSCRIPTION_STRICT_CORE,S1,FORMAL_G3C_NONFRAME_SHORTFORM_HP,G3C,compact label / index / list entry,T,A,1,paragraph_continuation,LABEL-FIELD LABEL-FIELD FUNC-PARTICLE LABEL-FIELD LABEL-FIELD LABEL-FIELD LABEL-FIELD LABEL-FIELD LABEL-FIELD,LABEL-FIELD / LABEL-FIELD / FUNC-PARTICLE / LABEL-FIELD / LABEL-FIELD / LABEL-FIELD / LABEL-FIELD / LABEL-FIELD / LABEL-FIELD,NO_VERIFIED_EXTERNAL_TRANSLATION
"f1r.5,+P0",f1r,5,sairy chear cthaiin cphar cfhaiin,R06 R00 R04 R00 R00,S1_MULTI_TRANSCRIPTION_STRICT_CORE,S1,FORMAL_G3C_NONFRAME_SHORTFORM_HP,G3C,compact label / index / list entry,T,A,1,paragraph_continuation,LABEL-FIELD LABEL-FIELD LABEL-FIELD LABEL-FIELD LABEL-FIELD,LABEL-FIELD / LABEL-FIELD / LABEL-FIELD / LABEL-FIELD / LABEL-FIELD,NO_VERIFIED_EXTERNAL_TRANSLATION
"f1r.6,=Pt",f1r,6,ydaraishy,R00,S1_MULTI_TRANSCRIPTION_STRICT_CORE,S1,FORMAL_G3C_NONFRAME_SHORTFORM_HP,G3C,compact label / index / list entry,T,A,1,paragraph_terminal_or_label,LABEL-FIELD,LABEL-FIELD,NO_VERIFIED_EXTERNAL_TRANSLATION
"f1r.8,+P0",f1r,8,yshey shody okchoy otchol chocthy oschy dain chor kos,R06 R06 R00 R07 R00 R00 R06 R11 R06,S1_MULTI_TRANSCRIPTION_STRICT_CORE,S1,FORMAL_G3C_NONFRAME_SHORTFORM_HP,G3C,compact label / index / list entry,T,A,1,paragraph_continuation,LABEL-FIELD LABEL-FIELD LABEL-FIELD LABEL-FIELD LABEL-FIELD LABEL-FIELD FUNC-PARTICLE LABEL-LEX LABEL-FIELD,LABEL-FIELD / LABEL-FIELD / LABEL-FIELD / LABEL-FIELD / LABEL-FIELD / LABEL-FIELD / FUNC-PARTICLE / LABEL-LEX / LABEL-FIELD,NO_VERIFIED_EXTERNAL_TRANSLATION
"f1r.10,=Pt",f1r,10,dain os teody,R06 R00 R06,S1_MULTI_TRANSCRIPTION_STRICT_CORE,S1,FORMAL_G3C_NONFRAME_SHORTFORM_HP,G3C,compact label / index / list entry,T,A,1,paragraph_terminal_or_label,FUNC-PARTICLE LABEL-FIELD LABEL-FIELD,FUNC-PARTICLE / LABEL-FIELD / LABEL-FIELD,NO_VERIFIED_EXTERNAL_TRANSLATION
"f1r.20,+P0",f1r,20,shok chor chey dain ckhey,R06 R11 R06 R06 R00,S1_MULTI_TRANSCRIPTION_STRICT_CORE,S1,FORMAL_G3C_NONFRAME_SHORTFORM_HP,G3C,compact label / index / list entry,T,A,1,paragraph_continuation,LABEL-FIELD LABEL-LEX FUNC-PARTICLE FUNC-PARTICLE LABEL-FIELD,LABEL-FIELD / LABEL-LEX / FUNC-PARTICLE / FUNC-PARTICLE / LABEL-FIELD,NO_VERIFIED_EXTERNAL_TRANSLATION
"f1r.28,=Pt",f1r,28,dchaiin,R00,S1_MULTI_TRANSCRIPTION_STRICT_CORE,S1,FORMAL_G3C_NONFRAME_SHORTFORM_HP,G3C,compact label / index / list entry,T,A,1,paragraph_terminal_or_label,LABEL-FIELD,LABEL-FIELD,NO_VERIFIED_EXTERNAL_TRANSLATION
"f1v.2,+P0",f1v,30,yteey char or ochy dcho lkody okodar chody,R06 R11 R06 R00 R06 R00 R00 R00,S2_STRONG_BUT_PARTIAL_TRANSCRIPTION_CORE,S2,FORMAL_G3C_NONFRAME_SHORTFORM_HP,G3C,compact label / index / list entry,H,A,1,paragraph_continuation,ARG-LEX LABEL-FIELD FUNC-PARTICLE LABEL-FIELD LABEL-FIELD LABEL-FIELD LABEL-FIELD LABEL-FIELD,ARG-LEX / LABEL-FIELD / FUNC-PARTICLE / LABEL-FIELD / LABEL-FIELD / LABEL-FIELD / LABEL-FIELD / LABEL-FIELD,NO_VERIFIED_EXTERNAL_TRANSLATION
"f1v.3,+P0",f1v,31,dackhy ckhockhy shy dksheey cthy kotchody dal,R06 R00 R06 R00 R04 R00 R09,S2_STRONG_BUT_PARTIAL_TRANSCRIPTION_CORE,S2,FORMAL_G3C_NONFRAME_SHORTFORM_HP,G3C,compact label / index / list entry,H,A,1,paragraph_continuation,LABEL-FIELD LABEL-FIELD FUNC-PARTICLE LABEL-FIELD LABEL-FIELD LABEL-FIELD FUNC-PARTICLE,LABEL-FIELD / LABEL-FIELD / FUNC-PARTICLE / LABEL-FIELD / LABEL-FIELD / LABEL-FIELD / FUNC-PARTICLE,NO_VERIFIED_EXTERNAL_TRANSLATION
"f2r.11,+P0",f2r,49,ychain dal chy dalor shan dan olsaiin sheey ckhor,R06 R09 R00 R09 R06 R06 R00 R06 R00,S1_MULTI_TRANSCRIPTION_STRICT_CORE,S1,FORMAL_G3C_NONFRAME_SHORTFORM_HP,G3C,compact label / index / list entry,H,A,1,paragraph_continuation,LABEL-FIELD FUNC-PARTICLE FUNC-PARTICLE QUAL/TAIL LABEL-FIELD LABEL-FIELD LABEL-FIELD FUNC-PARTICLE LABEL-FIELD,LABEL-FIELD / FUNC-PARTICLE / FUNC-PARTICLE / QUAL/TAIL / LABEL-FIELD / LABEL-FIELD / LABEL-FIELD / FUNC-PARTICLE / LABEL-FIELD,NO_VERIFIED_EXTERNAL_TRANSLATION
"f2r.14,@Lp",f2r,52,ytoail,R06,S2_STRONG_BUT_PARTIAL_TRANSCRIPTION_CORE,S2,FORMAL_G3C_NONFRAME_SHORTFORM_HP,G3C,compact label / index / list entry,H,A,1,label_or_marginal,LABEL-FIELD,LABEL-FIELD,NO_VERIFIED_EXTERNAL_TRANSLATION
"f2r.15,@L0",f2r,53,ios an on,R00 R00 R00,S2_STRONG_BUT_PARTIAL_TRANSCRIPTION_CORE,S2,FORMAL_G3C_NONFRAME_SHORTFORM_HP,G3C,compact label / index / list entry,H,A,1,label_or_marginal,LABEL-FIELD LABEL-FIELD LABEL-FIELD,LABEL-FIELD / LABEL-FIELD / LABEL-FIELD,NO_VERIFIED_EXTERNAL_TRANSLATION
"f3r.5,+P0",f3r,66,qokol chololy s cham cthol,H08 R07 R06 R00 R07,S1_MULTI_TRANSCRIPTION_STRICT_CORE,S1,FORMAL_G1_GLOBAL_FRAME,G1,relational frame / record line,H,A,1,paragraph_continuation,FUNC-PARTICLE ARG/FILL FUNC-PARTICLE ARG/FILL ARG/FILL,FUNC-PARTICLE / ARG/FILL / FUNC-PARTICLE / ARG/FILL / ARG/FILL,NO_VERIFIED_EXTERNAL_TRANSLATION
"f3r.8,+P0",f3r,69,ysheor chor chol oky dago,R06 R11 R07 R00 R06,S1_MULTI_TRANSCRIPTION_STRICT_CORE,S1,FORMAL_G3C_NONFRAME_SHORTFORM_HP,G3C,compact label / index / list entry,H,A,1,paragraph_continuation,LABEL-FIELD LABEL-LEX FUNC-PARTICLE FUNC-PARTICLE LABEL-FIELD,LABEL-FIELD / LABEL-LEX / FUNC-PARTICLE / FUNC-PARTICLE / LABEL-FIELD,NO_VERIFIED_EXTERNAL_TRANSLATION
"f3r.9,+P0",f3r,70,sho vor sheoldam otchody ol,R06 R00 R00 R00 R06,S1_MULTI_TRANSCRIPTION_STRICT_CORE,S1,FORMAL_G3C_NONFRAME_SHORTFORM_HP,G3C,compact label / index / list entry,H,A,1,paragraph_continuation,LABEL-FIELD LABEL-FIELD LABEL-FIELD LABEL-FIELD FUNC-PARTICLE,LABEL-FIELD / LABEL-FIELD / LABEL-FIELD / LABEL-FIELD / FUNC-PARTICLE,NO_VERIFIED_EXTERNAL_TRANSLATION
"f3r.10,+P0",f3r,71,ydar cholcthom,R06 R07,S2_STRONG_BUT_PARTIAL_TRANSCRIPTION_CORE,S2,FORMAL_G3C_NONFRAME_SHORTFORM_HP,G3C,compact label / index / list entry,H,A,1,paragraph_continuation,LABEL-FIELD LABEL-FIELD,LABEL-FIELD / LABEL-FIELD,NO_VERIFIED_EXTERNAL_TRANSLATION
"f3r.20,+P0",f3r,81,ycheor chol odaiin chol s aiin okolor am,R06 R07 R10 R07 R06 R06 R00 R06,S1_MULTI_TRANSCRIPTION_STRICT_CORE,S1,FORMAL_G3C_NONFRAME_SHORTFORM_HP,G3C,compact label / index / list entry,H,A,1,paragraph_continuation,LABEL-FIELD FUNC-PARTICLE LABEL-FIELD FUNC-PARTICLE FUNC-PARTICLE FUNC-PARTICLE LABEL-FIELD LABEL-FIELD,LABEL-FIELD / FUNC-PARTICLE / LABEL-FIELD / FUNC-PARTICLE / FUNC-PARTICLE / FUNC-PARTICLE / LABEL-FIELD / LABEL-FIELD,NO_VERIFIED_EXTERNAL_TRANSLATION
"f3v.5,+P0",f3v,86,ychear otchal chor char ckh,R06 R00 R11 R11 R00,S2_STRONG_BUT_PARTIAL_TRANSCRIPTION_CORE,S2,FORMAL_G3C_NONFRAME_SHORTFORM_HP,G3C,compact label / index / list entry,H,A,1,paragraph_continuation,LABEL-FIELD LABEL-FIELD LABEL-LEX LABEL-FIELD LABEL-FIELD,LABEL-FIELD / LABEL-FIELD / LABEL-LEX / LABEL-FIELD / LABEL-FIELD,NO_VERIFIED_EXTERNAL_TRANSLATION
"f3v.6,+P0",f3v,87,or cheor kor chodaly chom,R06 R00 R06 R00 R00,S1_MULTI_TRANSCRIPTION_STRICT_CORE,S1,FORMAL_G3C_NONFRAME_SHORTFORM_HP,G3C,compact label / index / list entry,H,A,1,paragraph_continuation,FUNC-PARTICLE LABEL-FIELD LABEL-FIELD LABEL-FIELD LABEL-FIELD,FUNC-PARTICLE / LABEL-FIELD / LABEL-FIELD / LABEL-FIELD / LABEL-FIELD,NO_VERIFIED_EXTERNAL_TRANSLATION
"f3v.7,+P0",f3v,88,tchor otcham chor cfham s,R06 R00 R11 R00 R06,S1_MULTI_TRANSCRIPTION_STRICT_CORE,S1,FORMAL_G3C_NONFRAME_SHORTFORM_HP,G3C,compact label / index / list entry,H,A,1,paragraph_continuation,LABEL-FIELD LABEL-FIELD LABEL-LEX LABEL-FIELD FUNC-PARTICLE,LABEL-FIELD / LABEL-FIELD / LABEL-LEX / LABEL-FIELD / FUNC-PARTICLE,NO_VERIFIED_EXTERNAL_TRANSLATION
"f3v.10,+P0",f3v,91,ochos daiin qokshol daiim chol okary,R00 R10 H08 R06 R07 R00,S1_MULTI_TRANSCRIPTION_STRICT_CORE,S1,FORMAL_G1_GLOBAL_FRAME,G1,relational frame / record line,H,A,1,paragraph_continuation,ARG/FILL FUNC-PARTICLE OP/HEAD ARG/FILL FUNC-PARTICLE LABEL-LEX,ARG/FILL / FUNC-PARTICLE / OP/HEAD / ARG/FILL / FUNC-PARTICLE / LABEL-LEX,NO_VERIFIED_EXTERNAL_TRANSLATION
"f3v.11,+P0",f3v,92,sho shockho ckhy tchor chodaiin chom,R06 R00 R00 R06 R00 R00,S1_MULTI_TRANSCRIPTION_STRICT_CORE,S1,FORMAL_G3C_NONFRAME_SHORTFORM_HP,G3C,compact label / index / list entry,H,A,1,paragraph_continuation,LABEL-FIELD LABEL-FIELD LABEL-FIELD LABEL-FIELD LABEL-FIELD LABEL-FIELD,LABEL-FIELD / LABEL-FIELD / LABEL-FIELD / LABEL-FIELD / LABEL-FIELD / LABEL-FIELD,NO_VERIFIED_EXTERNAL_TRANSLATION
"f4r.7,+P0",f4r,102,qotaiin cthol daiin cthom,H13 R07 R10 R04,S1_MULTI_TRANSCRIPTION_STRICT_CORE,S1,FORMAL_G1_GLOBAL_FRAME,G1,relational frame / record line,H,A,1,paragraph_continuation,OPERATOR ARG/FILL FUNC-PARTICLE QUAL/TAIL,OPERATOR / ARG/FILL / FUNC-PARTICLE / QUAL/TAIL,NO_VERIFIED_EXTERNAL_TRANSLATION
"f4r.12,+P0",f4r,107,soiin chaiin chaiin,R06 R00 R00,S1_MULTI_TRANSCRIPTION_STRICT_CORE,S1,FORMAL_G3C_NONFRAME_SHORTFORM_HP,G3C,compact label / index / list entry,H,A,1,paragraph_continuation,LABEL-FIELD LABEL-LEX LABEL-LEX,LABEL-FIELD / LABEL-LEX / LABEL-LEX,NO_VERIFIED_EXTERNAL_TRANSLATION
"f4v.1,@P0",f4v,109,pchooiin ksheo kchoy chopchy dolds dlod,R00 R06 R06 R00 R06 R06,S1_MULTI_TRANSCRIPTION_STRICT_CORE,S1,FORMAL_G2_CORE_LOCAL_KERNEL,G2,zone-local kernel / record line,H,A,1,paragraph_start,ARG/FILL ARG/FILL ARG/FILL ARG/FILL ARG/FILL ARG/FILL,ARG/FILL / ARG/FILL / ARG/FILL / ARG/FILL / ARG/FILL / ARG/FILL,NO_VERIFIED_EXTERNAL_TRANSLATION
"f4v.2,+P0",f4v,110,ol chey chy cthy shkchor sheo cheory choldy,R06 R06 R00 R04 R00 R06 R00 R07,S2_STRONG_BUT_PARTIAL_TRANSCRIPTION_CORE,S2,FORMAL_G2_CORE_LOCAL_KERNEL,G2,zone-local kernel / record line,H,A,1,paragraph_continuation,FUNC-PARTICLE FUNC-PARTICLE FUNC-PARTICLE QUAL/TAIL ARG/FILL ARG-LEX ARG/FILL ARG/FILL,FUNC-PARTICLE / FUNC-PARTICLE / FUNC-PARTICLE / QUAL/TAIL / ARG/FILL / ARG-LEX / ARG/FILL / ARG/FILL,NO_VERIFIED_EXTERNAL_TRANSLATION
"f4v.6,+P0",f4v,114,ytchoy shokchy cphody,R06 R00 R05,S1_MULTI_TRANSCRIPTION_STRICT_CORE,S1,FORMAL_G2_CORE_LOCAL_KERNEL,G2,zone-local kernel / record line,H,A,1,paragraph_continuation,ARG/FILL ARG/FILL ARG/FILL,ARG/FILL / ARG/FILL / ARG/FILL,NO_VERIFIED_EXTERNAL_TRANSLATION
"f4v.7,+P0",f4v,115,torchy sheeor chor chokch cphydy,R06 R06 R11 R00 R00,S1_MULTI_TRANSCRIPTION_STRICT_CORE,S1,FORMAL_G2_CORE_LOCAL_KERNEL,G2,zone-local kernel / record line,H,A,1,paragraph_continuation,ARG/FILL ARG/FILL LABEL-LEX ARG/FILL ARG/FILL,ARG/FILL / ARG/FILL / LABEL-LEX / ARG/FILL / ARG/FILL,NO_VERIFIED_EXTERNAL_TRANSLATION
"f4v.8,+P0",f4v,116,oleeeb chor cthol sho otor cthory,R00 R11 R07 R06 R00 R04,S2_STRONG_BUT_PARTIAL_TRANSCRIPTION_CORE,S2,FORMAL_G2_CORE_LOCAL_KERNEL,G2,zone-local kernel / record line,H,A,1,paragraph_continuation,ARG/FILL LABEL-LEX ARG/FILL ARG/FILL ARG/FILL QUAL/TAIL,ARG/FILL / LABEL-LEX / ARG/FILL / ARG/FILL / ARG/FILL / QUAL/TAIL,NO_VERIFIED_EXTERNAL_TRANSLATION
"f4v.13,+P0",f4v,121,shody s cheor chokody shodaiin qoty,R06 R06 R00 R00 R05 H01,S2_STRONG_BUT_PARTIAL_TRANSCRIPTION_CORE,S2,FORMAL_G2_CORE_LOCAL_KERNEL,G2,zone-local kernel / record line,H,A,1,paragraph_continuation,ARG/FILL FUNC-PARTICLE ARG/FILL ARG/FILL ARG/FILL FUNC-PARTICLE,ARG/FILL / FUNC-PARTICLE / ARG/FILL / ARG/FILL / ARG/FILL / FUNC-PARTICLE,NO_VERIFIED_EXTERNAL_TRANSLATION
"f4v.14,+P0",f4v,122,ochody chykey chtody,R00 R00 R00,S1_MULTI_TRANSCRIPTION_STRICT_CORE,S1,FORMAL_G3C_NONFRAME_SHORTFORM_HP,G3C,compact label / index / list entry,H,A,1,paragraph_continuation,LABEL-FIELD LABEL-FIELD LABEL-FIELD,LABEL-FIELD / LABEL-FIELD / LABEL-FIELD,NO_VERIFIED_EXTERNAL_TRANSLATION
"f5v.1,@P0",f5v,130,kocheor chor ytchey pshod chols chodaiin ytoiiin daiin,R00 R11 R06 R06 R00 R00 R00 R10,S2_STRONG_BUT_PARTIAL_TRANSCRIPTION_CORE,S2,FORMAL_G3C_NONFRAME_SHORTFORM_HP,G3C,compact label / index / list entry,H,A,1,paragraph_start,LABEL-FIELD LABEL-LEX LABEL-FIELD LABEL-FIELD LABEL-FIELD LABEL-FIELD LABEL-FIELD FUNC-PARTICLE,LABEL-FIELD / LABEL-LEX / LABEL-FIELD / LABEL-FIELD / LABEL-FIELD / LABEL-FIELD / LABEL-FIELD / FUNC-PARTICLE,NO_VERIFIED_EXTERNAL_TRANSLATION
"f5v.2,+P0",f5v,131,dchol chol otaiin dain cthor chots ychopordg,R06 R07 R10 R06 R04 R00 R00,S2_STRONG_BUT_PARTIAL_TRANSCRIPTION_CORE,S2,FORMAL_G3C_NONFRAME_SHORTFORM_HP,G3C,compact label / index / list entry,H,A,1,paragraph_continuation,LABEL-FIELD FUNC-PARTICLE FUNC-PARTICLE FUNC-PARTICLE LABEL-FIELD LABEL-FIELD LABEL-FIELD,LABEL-FIELD / FUNC-PARTICLE / FUNC-PARTICLE / FUNC-PARTICLE / LABEL-FIELD / LABEL-FIELD / LABEL-FIELD,NO_VERIFIED_EXTERNAL_TRANSLATION
"f6r.2,+P0",f6r,137,daiin chckhy chor chor kar cthy cthor chotols,R10 R00 R11 R11 R06 R04 R04 R00,S1_MULTI_TRANSCRIPTION_STRICT_CORE,S1,FORMAL_G3C_NONFRAME_SHORTFORM_HP,G3C,compact label / index / list entry,H,A,1,paragraph_continuation,FUNC-PARTICLE FUNC-PARTICLE LABEL-LEX LABEL-LEX LABEL-FIELD LABEL-FIELD LABEL-FIELD LABEL-FIELD,FUNC-PARTICLE / FUNC-PARTICLE / LABEL-LEX / LABEL-LEX / LABEL-FIELD / LABEL-FIELD / LABEL-FIELD / LABEL-FIELD,NO_VERIFIED_EXTERNAL_TRANSLATION
"f6r.6,+P0",f6r,141,or al daiin ckham okom cthaiin ydaiin,R06 R06 R10 R00 R00 R04 R06,S1_MULTI_TRANSCRIPTION_STRICT_CORE,S1,FORMAL_G3C_NONFRAME_SHORTFORM_HP,G3C,compact label / index / list entry,H,A,1,paragraph_continuation,FUNC-PARTICLE FUNC-PARTICLE FUNC-PARTICLE LABEL-FIELD LABEL-FIELD LABEL-FIELD LABEL-FIELD,FUNC-PARTICLE / FUNC-PARTICLE / FUNC-PARTICLE / LABEL-FIELD / LABEL-FIELD / LABEL-FIELD / LABEL-FIELD,NO_VERIFIED_EXTERNAL_TRANSLATION
"f6r.8,+P0",f6r,143,ychol ckhor pchar sheo ckhaiin,R06 R00 R06 R06 R00,S1_MULTI_TRANSCRIPTION_STRICT_CORE,S1,FORMAL_G3C_NONFRAME_SHORTFORM_HP,G3C,compact label / index / list entry,H,A,1,paragraph_continuation,LABEL-FIELD LABEL-FIELD LABEL-FIELD ARG-LEX LABEL-FIELD,LABEL-FIELD / LABEL-FIELD / LABEL-FIELD / ARG-LEX / LABEL-FIELD,NO_VERIFIED_EXTERNAL_TRANSLATION
"f6r.9,+P0",f6r,144,dar sheol skaiiodar otaiin chory,R06 R06 R00 R10 R00,S2_STRONG_BUT_PARTIAL_TRANSCRIPTION_CORE,S2,FORMAL_G3C_NONFRAME_SHORTFORM_HP,G3C,compact label / index / list entry,H,A,1,paragraph_continuation,FUNC-PARTICLE FUNC-PARTICLE LABEL-FIELD FUNC-PARTICLE LABEL-FIELD,FUNC-PARTICLE / FUNC-PARTICLE / LABEL-FIELD / FUNC-PARTICLE / LABEL-FIELD,NO_VERIFIED_EXTERNAL_TRANSLATION
"f6v.6,+P0",f6v,155,tchody shocthol choy s,R06 R00 R00 R06,S2_STRONG_BUT_PARTIAL_TRANSCRIPTION_CORE,S2,FORMAL_G3C_NONFRAME_SHORTFORM_HP,G3C,compact label / index / list entry,H,A,1,paragraph_continuation,LABEL-FIELD LABEL-FIELD LABEL-FIELD FUNC-PARTICLE,LABEL-FIELD / LABEL-FIELD / LABEL-FIELD / FUNC-PARTICLE,NO_VERIFIED_EXTERNAL_TRANSLATION
"f6v.7,+P0",f6v,156,ychos ychol daiin cthol dol,R06 R06 R10 R07 R06,S1_MULTI_TRANSCRIPTION_STRICT_CORE,S1,FORMAL_G3C_NONFRAME_SHORTFORM_HP,G3C,compact label / index / list entry,H,A,1,paragraph_continuation,LABEL-FIELD LABEL-FIELD FUNC-PARTICLE LABEL-FIELD FUNC-PARTICLE,LABEL-FIELD / LABEL-FIELD / FUNC-PARTICLE / LABEL-FIELD / FUNC-PARTICLE,NO_VERIFIED_EXTERNAL_TRANSLATION
"f6v.13,+P0",f6v,162,yodaiin cthy s chor oees or,R10 R04 R06 R11 R00 R06,S1_MULTI_TRANSCRIPTION_STRICT_CORE,S1,FORMAL_G3C_NONFRAME_SHORTFORM_HP,G3C,compact label / index / list entry,H,A,1,paragraph_continuation,LABEL-FIELD LABEL-FIELD FUNC-PARTICLE LABEL-LEX LABEL-FIELD FUNC-PARTICLE,LABEL-FIELD / LABEL-FIELD / FUNC-PARTICLE / LABEL-LEX / LABEL-FIELD / FUNC-PARTICLE,NO_VERIFIED_EXTERNAL_TRANSLATION
"f6v.14,+P0",f6v,163,qokor chol cthol tchalody,H08 R07 R07 R00,S1_MULTI_TRANSCRIPTION_STRICT_CORE,S1,FORMAL_G1_GLOBAL_FRAME,G1,relational frame / record line,H,A,1,paragraph_continuation,OP/HEAD FUNC-PARTICLE ARG/FILL ARG/FILL,OP/HEAD / FUNC-PARTICLE / ARG/FILL / ARG/FILL,NO_VERIFIED_EXTERNAL_TRANSLATION
"f6v.17,+P0",f6v,166,ychaies ckhal cthodam dy,R00 R00 R04 R02,S2_STRONG_BUT_PARTIAL_TRANSCRIPTION_CORE,S2,FORMAL_G3C_NONFRAME_SHORTFORM_HP,G3C,compact label / index / list entry,H,A,1,paragraph_continuation,LABEL-FIELD LABEL-FIELD LABEL-FIELD FUNC-PARTICLE,LABEL-FIELD / LABEL-FIELD / LABEL-FIELD / FUNC-PARTICLE,NO_VERIFIED_EXTERNAL_TRANSLATION
"f6v.18,+P0",f6v,167,ytchocthol ches or,R07 R00 R06,S2_STRONG_BUT_PARTIAL_TRANSCRIPTION_CORE,S2,FORMAL_G3C_NONFRAME_SHORTFORM_HP,G3C,compact label / index / list entry,H,A,1,paragraph_continuation,LABEL-FIELD LABEL-FIELD FUNC-PARTICLE,LABEL-FIELD / LABEL-FIELD / FUNC-PARTICLE,NO_VERIFIED_EXTERNAL_TRANSLATION
"f6v.21,+P0",f6v,170,ycheor chor octham,R06 R11 R00,S1_MULTI_TRANSCRIPTION_STRICT_CORE,S1,FORMAL_G3C_NONFRAME_SHORTFORM_HP,G3C,compact label / index / list entry,H,A,1,paragraph_continuation,LABEL-FIELD LABEL-LEX LABEL-FIELD,LABEL-FIELD / LABEL-LEX / LABEL-FIELD,NO_VERIFIED_EXTERNAL_TRANSLATION
"f7r.1,@P0",f7r,171,fchodaiin shopchey qko shey qoos sheey charochy,R10 R00 R00 R06 H07 R06 R00,S2_STRONG_BUT_PARTIAL_TRANSCRIPTION_CORE,S2,FORMAL_G2_CORE_LOCAL_KERNEL,G2,zone-local kernel / record line,H,A,1,paragraph_start,QUAL/TAIL ARG/FILL ARG/FILL FUNC-PARTICLE OP/HEAD FUNC-PARTICLE ARG/FILL,QUAL/TAIL / ARG/FILL / ARG/FILL / FUNC-PARTICLE / OP/HEAD / FUNC-PARTICLE / ARG/FILL,NO_VERIFIED_EXTERNAL_TRANSLATION
"f7r.3,+P0",f7r,173,oeeees cheodaiin sheey ytcheey qotchy chald,R00 R10 R06 R00 H13 R00,S1_MULTI_TRANSCRIPTION_STRICT_CORE,S1,FORMAL_G2_CORE_LOCAL_KERNEL,G2,zone-local kernel / record line,H,A,1,paragraph_continuation,ARG/FILL QUAL/TAIL FUNC-PARTICLE ARG/FILL OPERATOR ARG/FILL,ARG/FILL / QUAL/TAIL / FUNC-PARTICLE / ARG/FILL / OPERATOR / ARG/FILL,NO_VERIFIED_EXTERNAL_TRANSLATION
"f7r.4,+P0",f7r,174,qokcho cho lochey daiin ychey kchos odaiin,H08 R00 R00 R10 R06 R06 R10,S1_MULTI_TRANSCRIPTION_STRICT_CORE,S1,FORMAL_G2_CORE_LOCAL_KERNEL,G2,zone-local kernel / record line,H,A,1,paragraph_continuation,OP/HEAD ARG/FILL ARG/FILL FUNC-PARTICLE ARG/FILL ARG/FILL QUAL/TAIL,OP/HEAD / ARG/FILL / ARG/FILL / FUNC-PARTICLE / ARG/FILL / ARG/FILL / QUAL/TAIL,NO_VERIFIED_EXTERNAL_TRANSLATION
"f7r.5,+P0",f7r,175,oaiir otaiin,R00 R10,S1_MULTI_TRANSCRIPTION_STRICT_CORE,S1,FORMAL_G3C_NONFRAME_SHORTFORM_HP,G3C,compact label / index / list entry,H,A,1,paragraph_continuation,LABEL-FIELD FUNC-PARTICLE,LABEL-FIELD / FUNC-PARTICLE,NO_VERIFIED_EXTERNAL_TRANSLATION
"f7r.9,+P0",f7r,179,qokechy olchoiin chol cphey shckhy chochy kchod,H08 R00 R07 R00 R06 R00 R06,S1_MULTI_TRANSCRIPTION_STRICT_CORE,S1,FORMAL_G1_GLOBAL_FRAME,G1,relational frame / record line,H,A,1,paragraph_continuation,OP/HEAD ARG/FILL FUNC-PARTICLE ARG/FILL ARG-LEX ARG/FILL ARG/FILL,OP/HEAD / ARG/FILL / FUNC-PARTICLE / ARG/FILL / ARG-LEX / ARG/FILL / ARG/FILL,NO_VERIFIED_EXTERNAL_TRANSLATION
"f7v.9,+P0",f7v,189,sho keeo daiir chokchy dor deol dy doldaiin,R06 R06 R06 R00 R06 R06 R02 R00,S2_STRONG_BUT_PARTIAL_TRANSCRIPTION_CORE,S2,FORMAL_G3C_NONFRAME_SHORTFORM_HP,G3C,compact label / index / list entry,H,A,1,paragraph_continuation,LABEL-FIELD LABEL-FIELD LABEL-FIELD LABEL-FIELD LABEL-FIELD LABEL-FIELD FUNC-PARTICLE LABEL-FIELD,LABEL-FIELD / LABEL-FIELD / LABEL-FIELD / LABEL-FIELD / LABEL-FIELD / LABEL-FIELD / FUNC-PARTICLE / LABEL-FIELD,NO_VERIFIED_EXTERNAL_TRANSLATION
"f8r.1,@P0",f8r,190,pshol chor otshal chopy cphl chody shy cfhodar shor,R06 R11 R00 R00 R00 R00 R06 R00 R06,S1_MULTI_TRANSCRIPTION_STRICT_CORE,S1,FORMAL_G3C_NONFRAME_SHORTFORM_HP,G3C,compact label / index / list entry,H,A,1,paragraph_start,LABEL-FIELD LABEL-LEX LABEL-FIELD LABEL-FIELD LABEL-FIELD LABEL-FIELD FUNC-PARTICLE LABEL-FIELD LABEL-FIELD,LABEL-FIELD / LABEL-LEX / LABEL-FIELD / LABEL-FIELD / LABEL-FIELD / LABEL-FIELD / FUNC-PARTICLE / LABEL-FIELD / LABEL-FIELD,NO_VERIFIED_EXTERNAL_TRANSLATION
"f8r.8,=Pt",f8r,197,dcho dain,R06 R06,S2_STRONG_BUT_PARTIAL_TRANSCRIPTION_CORE,S2,FORMAL_G3C_NONFRAME_SHORTFORM_HP,G3C,compact label / index / list entry,H,A,1,paragraph_terminal_or_label,LABEL-FIELD FUNC-PARTICLE,LABEL-FIELD / FUNC-PARTICLE,NO_VERIFIED_EXTERNAL_TRANSLATION
"f8r.13,=Pt",f8r,202,okokchodg,R00,S2_STRONG_BUT_PARTIAL_TRANSCRIPTION_CORE,S2,FORMAL_G3C_NONFRAME_SHORTFORM_HP,G3C,compact label / index / list entry,H,A,1,paragraph_terminal_or_label,LABEL-FIELD,LABEL-FIELD,NO_VERIFIED_EXTERNAL_TRANSLATION
"f8r.19,+P0",f8r,208,sair cheain cphol dar shol kaiin shol kaiin daikam,R06 R00 R00 R06 R08 R06 R08 R06 R06,S1_MULTI_TRANSCRIPTION_STRICT_CORE,S1,FORMAL_G3C_NONFRAME_SHORTFORM_HP,G3C,compact label / index / list entry,H,A,1,paragraph_continuation,LABEL-FIELD LABEL-FIELD LABEL-FIELD FUNC-PARTICLE FUNC-PARTICLE LABEL-FIELD FUNC-PARTICLE LABEL-FIELD LABEL-FIELD,LABEL-FIELD / LABEL-FIELD / LABEL-FIELD / FUNC-PARTICLE / FUNC-PARTICLE / LABEL-FIELD / FUNC-PARTICLE / LABEL-FIELD / LABEL-FIELD,NO_VERIFIED_EXTERNAL_TRANSLATION
"f8r.21,=Pt",f8r,210,schol saim,R06 R06,S1_MULTI_TRANSCRIPTION_STRICT_CORE,S1,FORMAL_G3C_NONFRAME_SHORTFORM_HP,G3C,compact label / index / list entry,H,A,1,paragraph_terminal_or_label,LABEL-FIELD LABEL-FIELD,LABEL-FIELD / LABEL-FIELD,NO_VERIFIED_EXTERNAL_TRANSLATION
"f8v.5,+P0",f8v,215,chol chol dar otchar etaiin cthol dar,R07 R07 R06 R00 R00 R07 R06,S2_STRONG_BUT_PARTIAL_TRANSCRIPTION_CORE,S2,FORMAL_G3C_NONFRAME_SHORTFORM_HP,G3C,compact label / index / list entry,H,A,1,paragraph_continuation,FUNC-PARTICLE FUNC-PARTICLE FUNC-PARTICLE LABEL-FIELD LABEL-FIELD LABEL-FIELD FUNC-PARTICLE,FUNC-PARTICLE / FUNC-PARTICLE / FUNC-PARTICLE / LABEL-FIELD / LABEL-FIELD / LABEL-FIELD / FUNC-PARTICLE,NO_VERIFIED_EXTERNAL_TRANSLATION
"f8v.7,+P0",f8v,217,sho kchol dar shey cthar chotain ry,R06 R06 R06 R06 R04 R00 R00,S1_MULTI_TRANSCRIPTION_STRICT_CORE,S1,FORMAL_G3C_NONFRAME_SHORTFORM_HP,G3C,compact label / index / list entry,H,A,1,paragraph_continuation,LABEL-FIELD LABEL-FIELD FUNC-PARTICLE FUNC-PARTICLE LABEL-FIELD LABEL-FIELD LABEL-FIELD,LABEL-FIELD / LABEL-FIELD / FUNC-PARTICLE / FUNC-PARTICLE / LABEL-FIELD / LABEL-FIELD / LABEL-FIELD,NO_VERIFIED_EXTERNAL_TRANSLATION
"f8v.10,+P0",f8v,220,scharchy oeesody kchey pchy cpharom,R00 R00 R06 R06 R00,S1_MULTI_TRANSCRIPTION_STRICT_CORE,S1,FORMAL_G3C_NONFRAME_SHORTFORM_HP,G3C,compact label / index / list entry,H,A,1,paragraph_continuation,LABEL-FIELD LABEL-FIELD LABEL-FIELD LABEL-FIELD LABEL-FIELD,LABEL-FIELD / LABEL-FIELD / LABEL-FIELD / LABEL-FIELD / LABEL-FIELD,NO_VERIFIED_EXTERNAL_TRANSLATION
"f8v.11,+P0",f8v,221,sorain,R06,S1_MULTI_TRANSCRIPTION_STRICT_CORE,S1,FORMAL_G3C_NONFRAME_SHORTFORM_HP,G3C,compact label / index / list entry,H,A,1,paragraph_continuation,LABEL-FIELD,LABEL-FIELD,NO_VERIFIED_EXTERNAL_TRANSLATION
"f8v.17,+P0",f8v,227,dain chear daiin,R06 R00 R10,S1_MULTI_TRANSCRIPTION_STRICT_CORE,S1,FORMAL_G3C_NONFRAME_SHORTFORM_HP,G3C,compact label / index / list entry,H,A,1,paragraph_continuation,FUNC-PARTICLE LABEL-FIELD FUNC-PARTICLE,FUNC-PARTICLE / LABEL-FIELD / FUNC-PARTICLE,NO_VERIFIED_EXTERNAL_TRANSLATION
"f9r.1,@P0",f9r,228,tydlo choly cthor orchey s shy odaiin sary shor cthy,R06 R00 R04 R00 R06 R06 R10 R06 R06 R04,S1_MULTI_TRANSCRIPTION_STRICT_CORE,S1,FORMAL_G3C_NONFRAME_SHORTFORM_HP,G3C,compact label / index / list entry,H,A,1,paragraph_start,LABEL-FIELD LABEL-FIELD LABEL-FIELD LABEL-FIELD FUNC-PARTICLE FUNC-PARTICLE LABEL-FIELD LABEL-FIELD LABEL-FIELD LABEL-FIELD,LABEL-FIELD / LABEL-FIELD / LABEL-FIELD / LABEL-FIELD / FUNC-PARTICLE / FUNC-PARTICLE / LABEL-FIELD / LABEL-FIELD / LABEL-FIELD / LABEL-FIELD,NO_VERIFIED_EXTERNAL_TRANSLATION
"f9r.3,+P0",f9r,230,toiin cphy qotod otaiin cthy okor chey cthod ram,R06 R00 H13 R10 R04 R00 R06 R04 R00,S1_MULTI_TRANSCRIPTION_STRICT_CORE,S1,FORMAL_G1_GLOBAL_FRAME,G1,relational frame / record line,H,A,1,paragraph_continuation,ARG/FILL ARG/FILL OP/HEAD FUNC-PARTICLE QUAL/TAIL ARG/FILL FUNC-PARTICLE QUAL/TAIL ARG/FILL,ARG/FILL / ARG/FILL / OP/HEAD / FUNC-PARTICLE / QUAL/TAIL / ARG/FILL / FUNC-PARTICLE / QUAL/TAIL / ARG/FILL,NO_VERIFIED_EXTERNAL_TRANSLATION
"f9v.3,+P0",f9v,240,ykey chor ykaiin daiin cthy otaiin oky oeees daiin,R06 R11 R06 R10 R04 R10 R00 R00 R10,S1_MULTI_TRANSCRIPTION_STRICT_CORE,S1,FORMAL_G3C_NONFRAME_SHORTFORM_HP,G3C,compact label / index / list entry,H,A,1,paragraph_continuation,LABEL-FIELD LABEL-LEX LABEL-FIELD FUNC-PARTICLE LABEL-FIELD FUNC-PARTICLE FUNC-PARTICLE LABEL-FIELD FUNC-PARTICLE,LABEL-FIELD / LABEL-LEX / LABEL-FIELD / FUNC-PARTICLE / LABEL-FIELD / FUNC-PARTICLE / FUNC-PARTICLE / LABEL-FIELD / FUNC-PARTICLE,NO_VERIFIED_EXTERNAL_TRANSLATION
"f9v.9,+P0",f9v,246,daiin chy tor chyty dary ytoldy,R10 R00 R06 R00 R06 R00,S1_MULTI_TRANSCRIPTION_STRICT_CORE,S1,FORMAL_G3C_NONFRAME_SHORTFORM_HP,G3C,compact label / index / list entry,H,A,1,paragraph_continuation,FUNC-PARTICLE FUNC-PARTICLE LABEL-FIELD LABEL-FIELD LABEL-FIELD LABEL-FIELD,FUNC-PARTICLE / FUNC-PARTICLE / LABEL-FIELD / LABEL-FIELD / LABEL-FIELD / LABEL-FIELD,NO_VERIFIED_EXTERNAL_TRANSLATION
"f9v.11,+P0",f9v,248,ychor chshoty okykaiin,R06 R00 R00,S2_STRONG_BUT_PARTIAL_TRANSCRIPTION_CORE,S2,FORMAL_G3C_NONFRAME_SHORTFORM_HP,G3C,compact label / index / list entry,H,A,1,paragraph_continuation,LABEL-FIELD LABEL-FIELD LABEL-FIELD,LABEL-FIELD / LABEL-FIELD / LABEL-FIELD,NO_VERIFIED_EXTERNAL_TRANSLATION
"f9v.12,+P0",f9v,249,chkaiin ckhy chor,R00 R00 R11,S1_MULTI_TRANSCRIPTION_STRICT_CORE,S1,FORMAL_G3C_NONFRAME_SHORTFORM_HP,G3C,compact label / index / list entry,H,A,1,paragraph_continuation,LABEL-FIELD LABEL-FIELD LABEL-LEX,LABEL-FIELD / LABEL-FIELD / LABEL-LEX,NO_VERIFIED_EXTERNAL_TRANSLATION
"f10r.4,+P0",f10r,253,sor chaiin chcthy cthockhy or aiin chtchor do ody,R06 R00 R04 R04 R06 R06 R00 R06 R00,S2_STRONG_BUT_PARTIAL_TRANSCRIPTION_CORE,S2,FORMAL_G3C_NONFRAME_SHORTFORM_HP,G3C,compact label / index / list entry,H,A,1,paragraph_continuation,LABEL-FIELD LABEL-LEX FUNC-PARTICLE LABEL-FIELD FUNC-PARTICLE FUNC-PARTICLE LABEL-FIELD LABEL-FIELD LABEL-FIELD,LABEL-FIELD / LABEL-LEX / FUNC-PARTICLE / LABEL-FIELD / FUNC-PARTICLE / FUNC-PARTICLE / LABEL-FIELD / LABEL-FIELD / LABEL-FIELD,NO_VERIFIED_EXTERNAL_TRANSLATION
"f10r.5,+P0",f10r,254,qokchy qotchol chol cthy,H08 H13 R07 R04,S1_MULTI_TRANSCRIPTION_STRICT_CORE,S1,FORMAL_G1_GLOBAL_FRAME,G1,relational frame / record line,H,A,1,paragraph_continuation,OP/HEAD OP/HEAD FUNC-PARTICLE QUAL/TAIL,OP/HEAD / OP/HEAD / FUNC-PARTICLE / QUAL/TAIL,NO_VERIFIED_EXTERNAL_TRANSLATION
"f10r.9,+P0",f10r,258,oykchor shor chor chy kaiiin dy chodaiin,R00 R06 R11 R00 R06 R02 R00,S1_MULTI_TRANSCRIPTION_STRICT_CORE,S1,FORMAL_G3C_NONFRAME_SHORTFORM_HP,G3C,compact label / index / list entry,H,A,1,paragraph_continuation,LABEL-FIELD LABEL-FIELD LABEL-LEX FUNC-PARTICLE LABEL-FIELD FUNC-PARTICLE LABEL-FIELD,LABEL-FIELD / LABEL-FIELD / LABEL-LEX / FUNC-PARTICLE / LABEL-FIELD / FUNC-PARTICLE / LABEL-FIELD,NO_VERIFIED_EXTERNAL_TRANSLATION
"f10v.2,+P0",f10v,263,dain daiin ckhy chcthor choiin qot chodaiin cthy daiin,R06 R10 R00 R04 R00 H13 R00 R04 R10,S1_MULTI_TRANSCRIPTION_STRICT_CORE,S1,FORMAL_G1_GLOBAL_FRAME,G1,relational frame / record line,H,A,1,paragraph_continuation,FUNC-PARTICLE FUNC-PARTICLE ARG/FILL QUAL/TAIL ARG/FILL OP/HEAD ARG/FILL QUAL/TAIL FUNC-PARTICLE,FUNC-PARTICLE / FUNC-PARTICLE / ARG/FILL / QUAL/TAIL / ARG/FILL / OP/HEAD / ARG/FILL / QUAL/TAIL / FUNC-PARTICLE,NO_VERIFIED_EXTERNAL_TRANSLATION
"f10v.7,+P0",f10v,268,qokol chyky cholcheky daiin dain chckhan,H08 R00 R07 R10 R06 R00,S2_STRONG_BUT_PARTIAL_TRANSCRIPTION_CORE,S2,FORMAL_G1_GLOBAL_FRAME,G1,relational frame / record line,H,A,1,paragraph_continuation,FUNC-PARTICLE ARG/FILL ARG/FILL FUNC-PARTICLE FUNC-PARTICLE ARG/FILL,FUNC-PARTICLE / ARG/FILL / ARG/FILL / FUNC-PARTICLE / FUNC-PARTICLE / ARG/FILL,NO_VERIFIED_EXTERNAL_TRANSLATION
"f11r.1,@P0",f11r,269,tshol schoal cfhy shfydaiin cphy shey tchody shoyty,R06 R06 R00 R10 R00 R06 R06 R06,S2_STRONG_BUT_PARTIAL_TRANSCRIPTION_CORE,S2,FORMAL_G3C_NONFRAME_SHORTFORM_HP,G3C,compact label / index / list entry,H,A,1,paragraph_start,LABEL-FIELD LABEL-FIELD LABEL-FIELD LABEL-FIELD LABEL-FIELD FUNC-PARTICLE LABEL-FIELD LABEL-FIELD,LABEL-FIELD / LABEL-FIELD / LABEL-FIELD / LABEL-FIELD / LABEL-FIELD / FUNC-PARTICLE / LABEL-FIELD / LABEL-FIELD,NO_VERIFIED_EXTERNAL_TRANSLATION
"f11r.7,+P0",f11r,275,qotchy okchol cthy dy,H13 R07 R04 R02,S1_MULTI_TRANSCRIPTION_STRICT_CORE,S1,FORMAL_G1_GLOBAL_FRAME,G1,relational frame / record line,H,A,1,paragraph_continuation,OPERATOR ARG/FILL QUAL/TAIL FUNC-PARTICLE,OPERATOR / ARG/FILL / QUAL/TAIL / FUNC-PARTICLE,NO_VERIFIED_EXTERNAL_TRANSLATION
"f11v.3,+P0",f11v,278,otchor dy kchy tchy ar qokchd oky choldydy,R00 R02 R06 R06 R06 H08 R00 R07,S2_STRONG_BUT_PARTIAL_TRANSCRIPTION_CORE,S2,FORMAL_G1_GLOBAL_FRAME,G1,relational frame / record line,H,A,1,paragraph_continuation,ARG/FILL FUNC-PARTICLE ARG/FILL ARG/FILL FUNC-PARTICLE OP/HEAD FUNC-PARTICLE ARG/FILL,ARG/FILL / FUNC-PARTICLE / ARG/FILL / ARG/FILL / FUNC-PARTICLE / OP/HEAD / FUNC-PARTICLE / ARG/FILL,NO_VERIFIED_EXTERNAL_TRANSLATION
"f11v.5,*L0",f11v,280,dd,R06,S2_STRONG_BUT_PARTIAL_TRANSCRIPTION_CORE,S2,FORMAL_G3C_NONFRAME_SHORTFORM_HP,G3C,compact label / index / list entry,H,A,1,label_or_marginal,LABEL-FIELD,LABEL-FIELD,NO_VERIFIED_EXTERNAL_TRANSLATION
"f13r.1,@P0",f13r,283,torshor opchy shol dy qopchy shol opchor dypchy dchg,R00 R00 R08 R02 H07 R08 R00 R06 R06,S1_MULTI_TRANSCRIPTION_STRICT_CORE,S1,FORMAL_G2_CORE_LOCAL_KERNEL,G2,zone-local kernel / record line,H,A,1,paragraph_start,ARG/FILL ARG/FILL FUNC-PARTICLE FUNC-PARTICLE OP/HEAD FUNC-PARTICLE ARG/FILL ARG/FILL ARG/FILL,ARG/FILL / ARG/FILL / FUNC-PARTICLE / FUNC-PARTICLE / OP/HEAD / FUNC-PARTICLE / ARG/FILL / ARG/FILL / ARG/FILL,NO_VERIFIED_EXTERNAL_TRANSLATION
"f13r.2,+P0",f13r,284,dchol chol dol shkchy ydal shy ykchy qoty daiin s y,R06 R07 R06 R06 R06 R06 R06 H01 R10 R06 R06,S2_STRONG_BUT_PARTIAL_TRANSCRIPTION_CORE,S2,FORMAL_G2_CORE_LOCAL_KERNEL,G2,zone-local kernel / record line,H,A,1,paragraph_continuation,ARG/FILL FUNC-PARTICLE FUNC-PARTICLE ARG/FILL ARG/FILL FUNC-PARTICLE ARG/FILL FUNC-PARTICLE FUNC-PARTICLE FUNC-PARTICLE FUNC-PARTICLE,ARG/FILL / FUNC-PARTICLE / FUNC-PARTICLE / ARG/FILL / ARG/FILL / FUNC-PARTICLE / ARG/FILL / FUNC-PARTICLE / FUNC-PARTICLE / FUNC-PARTICLE / FUNC-PARTICLE,NO_VERIFIED_EXTERNAL_TRANSLATION
"f13r.3,+P0",f13r,285,sy dchor shaiin oeees ykor chor ytshy ykchy kchy dar,R06 R06 R06 R00 R06 R11 R06 R06 R06 R06,S1_MULTI_TRANSCRIPTION_STRICT_CORE,S1,FORMAL_G2_CORE_LOCAL_KERNEL,G2,zone-local kernel / record line,H,A,1,paragraph_continuation,ARG/FILL ARG/FILL ARG/FILL ARG/FILL ARG/FILL LABEL-LEX ARG/FILL ARG/FILL ARG/FILL FUNC-PARTICLE,ARG/FILL / ARG/FILL / ARG/FILL / ARG/FILL / ARG/FILL / LABEL-LEX / ARG/FILL / ARG/FILL / ARG/FILL / FUNC-PARTICLE,NO_VERIFIED_EXTERNAL_TRANSLATION
"f13r.6,+P0",f13r,288,tchor dor daiin qotchol okchy okchoroiin chckhy d,R06 R06 R10 H13 R00 R00 R00 R06,S1_MULTI_TRANSCRIPTION_STRICT_CORE,S1,FORMAL_G2_CORE_LOCAL_KERNEL,G2,zone-local kernel / record line,H,A,1,paragraph_continuation,ARG/FILL ARG/FILL FUNC-PARTICLE OP/HEAD ARG/FILL ARG/FILL FUNC-PARTICLE LABEL-LEX,ARG/FILL / ARG/FILL / FUNC-PARTICLE / OP/HEAD / ARG/FILL / ARG/FILL / FUNC-PARTICLE / LABEL-LEX,NO_VERIFIED_EXTERNAL_TRANSLATION
"f13r.9,+P0",f13r,291,oldy shey chol diin ykoly okchal daldy,R00 R06 R07 R06 R06 R00 R09,S1_MULTI_TRANSCRIPTION_STRICT_CORE,S1,FORMAL_G2_CORE_LOCAL_KERNEL,G2,zone-local kernel / record line,H,A,1,paragraph_continuation,ARG/FILL FUNC-PARTICLE FUNC-PARTICLE ARG/FILL ARG/FILL ARG/FILL QUAL/TAIL,ARG/FILL / FUNC-PARTICLE / FUNC-PARTICLE / ARG/FILL / ARG/FILL / ARG/FILL / QUAL/TAIL,NO_VERIFIED_EXTERNAL_TRANSLATION
"f13r.10,+P0",f13r,292,sotchy kchy okorory,R06 R06 R00,S1_MULTI_TRANSCRIPTION_STRICT_CORE,S1,FORMAL_G2_CORE_LOCAL_KERNEL,G2,zone-local kernel / record line,H,A,1,paragraph_continuation,ARG/FILL ARG/FILL ARG/FILL,ARG/FILL / ARG/FILL / ARG/FILL,NO_VERIFIED_EXTERNAL_TRANSLATION
"f13v.2,+P0",f13v,294,oko qokol chodal otchol cphol choty,R00 H08 R00 R07 R00 R00,S1_MULTI_TRANSCRIPTION_STRICT_CORE,S1,FORMAL_G1_GLOBAL_FRAME,G1,relational frame / record line,H,A,1,paragraph_continuation,ARG/FILL FUNC-PARTICLE ARG/FILL ARG/FILL ARG/FILL ARG/FILL,ARG/FILL / FUNC-PARTICLE / ARG/FILL / ARG/FILL / ARG/FILL / ARG/FILL,NO_VERIFIED_EXTERNAL_TRANSLATION
"f14r.1,@P0",f14r,303,pchodaiin chopol shoiin daiin dain,R10 R00 R06 R10 R06,S1_MULTI_TRANSCRIPTION_STRICT_CORE,S1,FORMAL_G3C_NONFRAME_SHORTFORM_HP,G3C,compact label / index / list entry,H,A,1,paragraph_start,LABEL-FIELD LABEL-FIELD LABEL-FIELD FUNC-PARTICLE FUNC-PARTICLE,LABEL-FIELD / LABEL-FIELD / LABEL-FIELD / FUNC-PARTICLE / FUNC-PARTICLE,NO_VERIFIED_EXTERNAL_TRANSLATION
"f14r.2,+P0",f14r,304,oykeey soiiin chok qokchy da okol,R00 R06 R00 H08 R06 R07,S1_MULTI_TRANSCRIPTION_STRICT_CORE,S1,FORMAL_G1_GLOBAL_FRAME,G1,relational frame / record line,H,A,1,paragraph_continuation,ARG/FILL ARG/FILL ARG/FILL OP/HEAD ARG/FILL FUNC-PARTICLE,ARG/FILL / ARG/FILL / ARG/FILL / OP/HEAD / ARG/FILL / FUNC-PARTICLE,NO_VERIFIED_EXTERNAL_TRANSLATION
"f14r.7,+P0",f14r,309,otcho dain chckhy,R00 R06 R00,S1_MULTI_TRANSCRIPTION_STRICT_CORE,S1,FORMAL_G3C_NONFRAME_SHORTFORM_HP,G3C,compact label / index / list entry,H,A,1,paragraph_continuation,LABEL-FIELD FUNC-PARTICLE FUNC-PARTICLE,LABEL-FIELD / FUNC-PARTICLE / FUNC-PARTICLE,NO_VERIFIED_EXTERNAL_TRANSLATION
"f14r.8,+P0",f14r,310,soshy chol shor cheos ykaiin s,R06 R07 R06 R00 R06 R06,S1_MULTI_TRANSCRIPTION_STRICT_CORE,S1,FORMAL_G3C_NONFRAME_SHORTFORM_HP,G3C,compact label / index / list entry,H,A,1,paragraph_continuation,LABEL-FIELD FUNC-PARTICLE LABEL-FIELD LABEL-FIELD LABEL-FIELD FUNC-PARTICLE,LABEL-FIELD / FUNC-PARTICLE / LABEL-FIELD / LABEL-FIELD / LABEL-FIELD / FUNC-PARTICLE,NO_VERIFIED_EXTERNAL_TRANSLATION
"f14r.13,+P0",f14r,315,sodaiin chy kchy kchy ykeody,R10 R00 R06 R06 R00,S1_MULTI_TRANSCRIPTION_STRICT_CORE,S1,FORMAL_G3C_NONFRAME_SHORTFORM_HP,G3C,compact label / index / list entry,H,A,1,paragraph_continuation,LABEL-FIELD FUNC-PARTICLE LABEL-FIELD LABEL-FIELD LABEL-LEX,LABEL-FIELD / FUNC-PARTICLE / LABEL-FIELD / LABEL-FIELD / LABEL-LEX,NO_VERIFIED_EXTERNAL_TRANSLATION
"f14v.4,+P0",f14v,319,ytychy ksho ykshy shokshor yty darody dyotyds,R06 R06 R06 R00 R06 R06 R00,S1_MULTI_TRANSCRIPTION_STRICT_CORE,S1,FORMAL_G3C_NONFRAME_SHORTFORM_HP,G3C,compact label / index / list entry,H,A,1,paragraph_continuation,LABEL-FIELD LABEL-FIELD LABEL-FIELD LABEL-FIELD LABEL-FIELD LABEL-FIELD LABEL-FIELD,LABEL-FIELD / LABEL-FIELD / LABEL-FIELD / LABEL-FIELD / LABEL-FIELD / LABEL-FIELD / LABEL-FIELD,NO_VERIFIED_EXTERNAL_TRANSLATION
"f14v.5,+P0",f14v,320,okshy daiin okchorchky qotchy daiin cthor oty,R00 R10 R00 H13 R10 R04 R01,S1_MULTI_TRANSCRIPTION_STRICT_CORE,S1,FORMAL_G1_GLOBAL_FRAME,G1,relational frame / record line,H,A,1,paragraph_continuation,ARG/FILL FUNC-PARTICLE ARG/FILL OPERATOR FUNC-PARTICLE QUAL/TAIL QUAL/TAIL,ARG/FILL / FUNC-PARTICLE / ARG/FILL / OPERATOR / FUNC-PARTICLE / QUAL/TAIL / QUAL/TAIL,NO_VERIFIED_EXTERNAL_TRANSLATION
"f14v.8,+P0",f14v,323,chokshor daiin okshody daiin dol dair dam,R00 R10 R00 R10 R06 R06 R06,S1_MULTI_TRANSCRIPTION_STRICT_CORE,S1,FORMAL_G3C_NONFRAME_SHORTFORM_HP,G3C,compact label / index / list entry,H,A,1,paragraph_continuation,LABEL-FIELD FUNC-PARTICLE LABEL-FIELD FUNC-PARTICLE FUNC-PARTICLE LABEL-FIELD FUNC-PARTICLE,LABEL-FIELD / FUNC-PARTICLE / LABEL-FIELD / FUNC-PARTICLE / FUNC-PARTICLE / LABEL-FIELD / FUNC-PARTICLE,NO_VERIFIED_EXTERNAL_TRANSLATION
"f14v.9,+P0",f14v,324,dykchy ctholdg dchckhy,R06 R07 R00,S1_MULTI_TRANSCRIPTION_STRICT_CORE,S1,FORMAL_G3C_NONFRAME_SHORTFORM_HP,G3C,compact label / index / list entry,H,A,1,paragraph_continuation,LABEL-FIELD LABEL-FIELD LABEL-FIELD,LABEL-FIELD / LABEL-FIELD / LABEL-FIELD,NO_VERIFIED_EXTERNAL_TRANSLATION
"f15r.1,@P0",f15r,325,tshor shey tchaly shy chtols shey daiin,R06 R06 R06 R06 R00 R06 R10,S1_MULTI_TRANSCRIPTION_STRICT_CORE,S1,FORMAL_G3C_NONFRAME_SHORTFORM_HP,G3C,compact label / index / list entry,H,A,1,paragraph_start,LABEL-FIELD FUNC-PARTICLE LABEL-FIELD FUNC-PARTICLE LABEL-FIELD FUNC-PARTICLE FUNC-PARTICLE,LABEL-FIELD / FUNC-PARTICLE / LABEL-FIELD / FUNC-PARTICLE / LABEL-FIELD / FUNC-PARTICLE / FUNC-PARTICLE,NO_VERIFIED_EXTERNAL_TRANSLATION
"f15r.4,+P0",f15r,328,scheaiin chodaiin chl sol ckhaiin sal,R00 R00 R00 R06 R00 R06,S1_MULTI_TRANSCRIPTION_STRICT_CORE,S1,FORMAL_G3C_NONFRAME_SHORTFORM_HP,G3C,compact label / index / list entry,H,A,1,paragraph_continuation,LABEL-FIELD LABEL-FIELD LABEL-FIELD FUNC-PARTICLE LABEL-FIELD LABEL-FIELD,LABEL-FIELD / LABEL-FIELD / LABEL-FIELD / FUNC-PARTICLE / LABEL-FIELD / LABEL-FIELD,NO_VERIFIED_EXTERNAL_TRANSLATION
"f15r.6,+P0",f15r,330,dchy kokaiin chdy saiin okear,R06 R00 R02 R06 R00,S2_STRONG_BUT_PARTIAL_TRANSCRIPTION_CORE,S2,FORMAL_G3C_NONFRAME_SHORTFORM_HP,G3C,compact label / index / list entry,H,A,1,paragraph_continuation,LABEL-FIELD LABEL-FIELD FUNC-PARTICLE FUNC-PARTICLE LABEL-FIELD,LABEL-FIELD / LABEL-FIELD / FUNC-PARTICLE / FUNC-PARTICLE / LABEL-FIELD,NO_VERIFIED_EXTERNAL_TRANSLATION
"f15r.7,+P0",f15r,331,daiin shkaiin cthy sho keocthy,R10 R00 R04 R06 R00,S1_MULTI_TRANSCRIPTION_STRICT_CORE,S1,FORMAL_G3C_NONFRAME_SHORTFORM_HP,G3C,compact label / index / list entry,H,A,1,paragraph_continuation,FUNC-PARTICLE LABEL-FIELD LABEL-FIELD LABEL-FIELD LABEL-FIELD,FUNC-PARTICLE / LABEL-FIELD / LABEL-FIELD / LABEL-FIELD / LABEL-FIELD,NO_VERIFIED_EXTERNAL_TRANSLATION
"f15r.11,+P0",f15r,335,okaiin otaiin chl sy chor choross,R10 R10 R00 R06 R11 R00,S1_MULTI_TRANSCRIPTION_STRICT_CORE,S1,FORMAL_G3C_NONFRAME_SHORTFORM_HP,G3C,compact label / index / list entry,H,A,1,paragraph_continuation,FUNC-PARTICLE FUNC-PARTICLE LABEL-FIELD LABEL-FIELD LABEL-LEX LABEL-FIELD,FUNC-PARTICLE / FUNC-PARTICLE / LABEL-FIELD / LABEL-FIELD / LABEL-LEX / LABEL-FIELD,NO_VERIFIED_EXTERNAL_TRANSLATION
"f15r.12,+P0",f15r,336,qotor shor tcheor chy cthaiin shan,H13 R06 R06 R00 R04 R06,S1_MULTI_TRANSCRIPTION_STRICT_CORE,S1,FORMAL_G1_GLOBAL_FRAME,G1,relational frame / record line,H,A,1,paragraph_continuation,OP/HEAD ARG/FILL ARG/FILL FUNC-PARTICLE QUAL/TAIL ARG/FILL,OP/HEAD / ARG/FILL / ARG/FILL / FUNC-PARTICLE / QUAL/TAIL / ARG/FILL,NO_VERIFIED_EXTERNAL_TRANSLATION
"f15v.4,+P0",f15v,343,doiin choky shol qoky qotchod,R06 R00 R08 H01 H13,S1_MULTI_TRANSCRIPTION_STRICT_CORE,S1,FORMAL_G1_GLOBAL_FRAME,G1,relational frame / record line,H,A,1,paragraph_continuation,ARG/FILL ARG/FILL FUNC-PARTICLE FUNC-PARTICLE OP/HEAD,ARG/FILL / ARG/FILL / FUNC-PARTICLE / FUNC-PARTICLE / OP/HEAD,NO_VERIFIED_EXTERNAL_TRANSLATION
"f15v.9,+P0",f15v,348,otcholocthol chol chol chody kan,R07 R07 R07 R00 R06,S1_MULTI_TRANSCRIPTION_STRICT_CORE,S1,FORMAL_G3C_NONFRAME_SHORTFORM_HP,G3C,compact label / index / list entry,H,A,1,paragraph_continuation,LABEL-FIELD FUNC-PARTICLE FUNC-PARTICLE LABEL-FIELD LABEL-FIELD,LABEL-FIELD / FUNC-PARTICLE / FUNC-PARTICLE / LABEL-FIELD / LABEL-FIELD,NO_VERIFIED_EXTERNAL_TRANSLATION
"f16r.4,+Pc",f16r,355,dainod ychealod,R06 R00,S1_MULTI_TRANSCRIPTION_STRICT_CORE,S1,FORMAL_G3C_NONFRAME_SHORTFORM_HP,G3C,compact label / index / list entry,H,A,1,paragraph_continuation,LABEL-FIELD LABEL-FIELD,LABEL-FIELD / LABEL-FIELD,NO_VERIFIED_EXTERNAL_TRANSLATION
"f16r.5,*P0",f16r,356,tchor chor chs ykch shocthy opchy tyky,R06 R11 R00 R06 R00 R00 R06,S1_MULTI_TRANSCRIPTION_STRICT_CORE,S1,FORMAL_G3C_NONFRAME_SHORTFORM_HP,G3C,compact label / index / list entry,H,A,1,section/paragraph_break_start,LABEL-FIELD LABEL-LEX LABEL-FIELD LABEL-FIELD LABEL-FIELD LABEL-FIELD LABEL-FIELD,LABEL-FIELD / LABEL-LEX / LABEL-FIELD / LABEL-FIELD / LABEL-FIELD / LABEL-FIELD / LABEL-FIELD,NO_VERIFIED_EXTERNAL_TRANSLATION
"f16r.9,+P0",f16r,360,saiin ytaiin,R06 R06,S1_MULTI_TRANSCRIPTION_STRICT_CORE,S1,FORMAL_G3C_NONFRAME_SHORTFORM_HP,G3C,compact label / index / list entry,H,A,1,paragraph_continuation,FUNC-PARTICLE LABEL-FIELD,FUNC-PARTICLE / LABEL-FIELD,NO_VERIFIED_EXTERNAL_TRANSLATION
"f16v.5,+P0",f16v,369,ytchy chyty chor chol ytchy dan,R06 R00 R11 R07 R06 R06,S1_MULTI_TRANSCRIPTION_STRICT_CORE,S1,FORMAL_G3C_NONFRAME_SHORTFORM_HP,G3C,compact label / index / list entry,H,A,1,paragraph_continuation,LABEL-FIELD LABEL-FIELD LABEL-LEX FUNC-PARTICLE LABEL-FIELD LABEL-FIELD,LABEL-FIELD / LABEL-FIELD / LABEL-LEX / FUNC-PARTICLE / LABEL-FIELD / LABEL-FIELD,NO_VERIFIED_EXTERNAL_TRANSLATION
"f16v.9,+P0",f16v,373,dshy okaiin okaiin chol chor cthor ty chody,R06 R10 R10 R07 R11 R04 R06 R00,S1_MULTI_TRANSCRIPTION_STRICT_CORE,S1,FORMAL_G3C_NONFRAME_SHORTFORM_HP,G3C,compact label / index / list entry,H,A,1,paragraph_continuation,LABEL-FIELD FUNC-PARTICLE FUNC-PARTICLE FUNC-PARTICLE LABEL-LEX LABEL-FIELD LABEL-FIELD LABEL-FIELD,LABEL-FIELD / FUNC-PARTICLE / FUNC-PARTICLE / FUNC-PARTICLE / LABEL-LEX / LABEL-FIELD / LABEL-FIELD / LABEL-FIELD,NO_VERIFIED_EXTERNAL_TRANSLATION
"f16v.11,+P0",f16v,375,okytaiin chkchy saiin,R00 R00 R06,S1_MULTI_TRANSCRIPTION_STRICT_CORE,S1,FORMAL_G3C_NONFRAME_SHORTFORM_HP,G3C,compact label / index / list entry,H,A,1,paragraph_continuation,LABEL-FIELD LABEL-FIELD FUNC-PARTICLE,LABEL-FIELD / LABEL-FIELD / FUNC-PARTICLE,NO_VERIFIED_EXTERNAL_TRANSLATION
"f16v.13,+P0",f16v,377,sokar oaorar,R06 R00,S1_MULTI_TRANSCRIPTION_STRICT_CORE,S1,FORMAL_G3C_NONFRAME_SHORTFORM_HP,G3C,compact label / index / list entry,H,A,1,paragraph_continuation,LABEL-FIELD LABEL-FIELD,LABEL-FIELD / LABEL-FIELD,NO_VERIFIED_EXTERNAL_TRANSLATION
"f17r.9,+P0",f17r,386,soy chckho o da chypcham,R06 R00 R00 R06 R00,S2_STRONG_BUT_PARTIAL_TRANSCRIPTION_CORE,S2,FORMAL_G3C_NONFRAME_SHORTFORM_HP,G3C,compact label / index / list entry,H,A,1,paragraph_continuation,LABEL-FIELD LABEL-FIELD LABEL-LEX LABEL-FIELD LABEL-FIELD,LABEL-FIELD / LABEL-FIELD / LABEL-LEX / LABEL-FIELD / LABEL-FIELD,NO_VERIFIED_EXTERNAL_TRANSLATION
"f17r.12,+P0",f17r,389,ychody chotom,R00 R00,S1_MULTI_TRANSCRIPTION_STRICT_CORE,S1,FORMAL_G3C_NONFRAME_SHORTFORM_HP,G3C,compact label / index / list entry,H,A,1,paragraph_continuation,LABEL-FIELD LABEL-FIELD,LABEL-FIELD / LABEL-FIELD,NO_VERIFIED_EXTERNAL_TRANSLATION
"f17v.3,+P0",f17v,393,oldaig odaiin okal oldaiin chockhol olol,R00 R10 R07 R10 R00 R00,S2_STRONG_BUT_PARTIAL_TRANSCRIPTION_CORE,S2,FORMAL_G3C_NONFRAME_SHORTFORM_HP,G3C,compact label / index / list entry,H,A,1,paragraph_continuation,LABEL-FIELD LABEL-FIELD FUNC-PARTICLE LABEL-FIELD LABEL-FIELD LABEL-FIELD,LABEL-FIELD / LABEL-FIELD / FUNC-PARTICLE / LABEL-FIELD / LABEL-FIELD / LABEL-FIELD,NO_VERIFIED_EXTERNAL_TRANSLATION
"f17v.4,+P0",f17v,394,kchor fchol cphol olcheol oky,R06 R06 R00 R00 R00,S1_MULTI_TRANSCRIPTION_STRICT_CORE,S1,FORMAL_G3C_NONFRAME_SHORTFORM_HP,G3C,compact label / index / list entry,H,A,1,paragraph_continuation,LABEL-FIELD LABEL-FIELD LABEL-FIELD LABEL-FIELD FUNC-PARTICLE,LABEL-FIELD / LABEL-FIELD / LABEL-FIELD / LABEL-FIELD / FUNC-PARTICLE,NO_VERIFIED_EXTERNAL_TRANSLATION
"f17v.8,+P0",f17v,398,qokeey kchar ol dy choldaiin sy,H08 R06 R06 R02 R07 R06,S1_MULTI_TRANSCRIPTION_STRICT_CORE,S1,FORMAL_G1_GLOBAL_FRAME,G1,relational frame / record line,H,A,1,paragraph_continuation,FUNC-PARTICLE ARG/FILL FUNC-PARTICLE FUNC-PARTICLE ARG/FILL ARG/FILL,FUNC-PARTICLE / ARG/FILL / FUNC-PARTICLE / FUNC-PARTICLE / ARG/FILL / ARG/FILL,NO_VERIFIED_EXTERNAL_TRANSLATION
"f17v.11,+P0",f17v,401,qokcheo qokoiir ctheol chol,H08 H08 R04 R07,S1_MULTI_TRANSCRIPTION_STRICT_CORE,S1,FORMAL_G1_GLOBAL_FRAME,G1,relational frame / record line,H,A,1,paragraph_continuation,OP/HEAD OP/HEAD QUAL/TAIL FUNC-PARTICLE,OP/HEAD / OP/HEAD / QUAL/TAIL / FUNC-PARTICLE,NO_VERIFIED_EXTERNAL_TRANSLATION
"f17v.12,+P0",f17v,402,oy choy keaiin chckhey ol chor,R00 R00 R06 R00 R06 R11,S2_STRONG_BUT_PARTIAL_TRANSCRIPTION_CORE,S2,FORMAL_G3C_NONFRAME_SHORTFORM_HP,G3C,compact label / index / list entry,H,A,1,paragraph_continuation,LABEL-FIELD LABEL-FIELD LABEL-FIELD LABEL-FIELD FUNC-PARTICLE LABEL-LEX,LABEL-FIELD / LABEL-FIELD / LABEL-FIELD / LABEL-FIELD / FUNC-PARTICLE / LABEL-LEX,NO_VERIFIED_EXTERNAL_TRANSLATION
"f17v.13,+P0",f17v,403,ykeor chol chol cthol chkor sheol,R06 R07 R07 R07 R00 R06,S1_MULTI_TRANSCRIPTION_STRICT_CORE,S1,FORMAL_G3C_NONFRAME_SHORTFORM_HP,G3C,compact label / index / list entry,H,A,1,paragraph_continuation,LABEL-FIELD FUNC-PARTICLE FUNC-PARTICLE LABEL-FIELD LABEL-FIELD FUNC-PARTICLE,LABEL-FIELD / FUNC-PARTICLE / FUNC-PARTICLE / LABEL-FIELD / LABEL-FIELD / FUNC-PARTICLE,NO_VERIFIED_EXTERNAL_TRANSLATION
"f17v.14,+P0",f17v,404,olo r okeeol chodaiin okeol tchory,R00 R00 R00 R00 R06 R06,S1_MULTI_TRANSCRIPTION_STRICT_CORE,S1,FORMAL_G3C_NONFRAME_SHORTFORM_HP,G3C,compact label / index / list entry,H,A,1,paragraph_continuation,LABEL-FIELD LABEL-LEX LABEL-FIELD LABEL-FIELD LABEL-FIELD LABEL-FIELD,LABEL-FIELD / LABEL-LEX / LABEL-FIELD / LABEL-FIELD / LABEL-FIELD / LABEL-FIELD,NO_VERIFIED_EXTERNAL_TRANSLATION
"f17v.18,+P0",f17v,408,otor cheeor ol chol dor chr oreees,R00 R00 R06 R07 R06 R00 R00,S2_STRONG_BUT_PARTIAL_TRANSCRIPTION_CORE,S2,FORMAL_G3C_NONFRAME_SHORTFORM_HP,G3C,compact label / index / list entry,H,A,1,paragraph_continuation,LABEL-FIELD LABEL-FIELD FUNC-PARTICLE FUNC-PARTICLE LABEL-FIELD LABEL-FIELD LABEL-FIELD,LABEL-FIELD / LABEL-FIELD / FUNC-PARTICLE / FUNC-PARTICLE / LABEL-FIELD / LABEL-FIELD / LABEL-FIELD,NO_VERIFIED_EXTERNAL_TRANSLATION
"f17v.20,+P0",f17v,410,ykeey okeey cheor chol sho odaiin,R06 R06 R00 R07 R06 R10,S1_MULTI_TRANSCRIPTION_STRICT_CORE,S1,FORMAL_G3C_NONFRAME_SHORTFORM_HP,G3C,compact label / index / list entry,H,A,1,paragraph_continuation,LABEL-FIELD FUNC-PARTICLE LABEL-FIELD FUNC-PARTICLE LABEL-FIELD LABEL-FIELD,LABEL-FIELD / FUNC-PARTICLE / LABEL-FIELD / FUNC-PARTICLE / LABEL-FIELD / LABEL-FIELD,NO_VERIFIED_EXTERNAL_TRANSLATION
"f18r.4,+P0",f18r,417,chor or okeor ykchol okain,R11 R06 R00 R07 R10,S1_MULTI_TRANSCRIPTION_STRICT_CORE,S1,FORMAL_G3C_NONFRAME_SHORTFORM_HP,G3C,compact label / index / list entry,H,A,1,paragraph_continuation,LABEL-LEX FUNC-PARTICLE LABEL-FIELD LABEL-FIELD FUNC-PARTICLE,LABEL-LEX / FUNC-PARTICLE / LABEL-FIELD / LABEL-FIELD / FUNC-PARTICLE,NO_VERIFIED_EXTERNAL_TRANSLATION
"f18r.11,+P0",f18r,424,sotchaiin chokchy chckhol chor g,R00 R00 R00 R11 R00,S2_STRONG_BUT_PARTIAL_TRANSCRIPTION_CORE,S2,FORMAL_G3C_NONFRAME_SHORTFORM_HP,G3C,compact label / index / list entry,H,A,1,paragraph_continuation,LABEL-FIELD LABEL-FIELD LABEL-FIELD LABEL-LEX LABEL-FIELD,LABEL-FIELD / LABEL-FIELD / LABEL-FIELD / LABEL-LEX / LABEL-FIELD,NO_VERIFIED_EXTERNAL_TRANSLATION
"f18r.14,+Pc",f18r,427,ychekchy kchaiin,R00 R00,S1_MULTI_TRANSCRIPTION_STRICT_CORE,S1,FORMAL_G3C_NONFRAME_SHORTFORM_HP,G3C,compact label / index / list entry,H,A,1,paragraph_continuation,LABEL-FIELD LABEL-FIELD,LABEL-FIELD / LABEL-FIELD,NO_VERIFIED_EXTERNAL_TRANSLATION
"f18v.3,+P0",f18v,430,orshy qoky qoky chkchy qokshy qokam,R00 H01 H01 R00 H08 H08,S2_STRONG_BUT_PARTIAL_TRANSCRIPTION_CORE,S2,FORMAL_G1_GLOBAL_FRAME,G1,relational frame / record line,H,A,1,paragraph_continuation,ARG/FILL FUNC-PARTICLE FUNC-PARTICLE ARG/FILL OP/HEAD OP/HEAD,ARG/FILL / FUNC-PARTICLE / FUNC-PARTICLE / ARG/FILL / OP/HEAD / OP/HEAD,NO_VERIFIED_EXTERNAL_TRANSLATION
"f18v.8,+P0",f18v,435,tolol sh cphoy daror ddy ytor ykam,R06 R06 R00 R06 R06 R06 R06,S1_MULTI_TRANSCRIPTION_STRICT_CORE,S1,FORMAL_G3C_NONFRAME_SHORTFORM_HP,G3C,compact label / index / list entry,H,A,1,paragraph_continuation,LABEL-FIELD LABEL-FIELD LABEL-FIELD LABEL-FIELD LABEL-FIELD LABEL-FIELD LABEL-FIELD,LABEL-FIELD / LABEL-FIELD / LABEL-FIELD / LABEL-FIELD / LABEL-FIELD / LABEL-FIELD / LABEL-FIELD,NO_VERIFIED_EXTERNAL_TRANSLATION
"f19r.2,+P0",f19r,439,dshy chor y tchy chol dytchy chordy daiin dyty cho,R06 R11 R06 R06 R07 R06 R00 R10 R06 R00,S2_STRONG_BUT_PARTIAL_TRANSCRIPTION_CORE,S2,FORMAL_G3C_NONFRAME_SHORTFORM_HP,G3C,compact label / index / list entry,H,A,1,paragraph_continuation,LABEL-FIELD LABEL-LEX FUNC-PARTICLE LABEL-FIELD FUNC-PARTICLE LABEL-FIELD LABEL-FIELD FUNC-PARTICLE LABEL-FIELD LABEL-FIELD,LABEL-FIELD / LABEL-LEX / FUNC-PARTICLE / LABEL-FIELD / FUNC-PARTICLE / LABEL-FIELD / LABEL-FIELD / FUNC-PARTICLE / LABEL-FIELD / LABEL-FIELD,NO_VERIFIED_EXTERNAL_TRANSLATION
"f19r.3,+P0",f19r,440,oscheor shy tdaiin chol dor yky,R00 R06 R06 R07 R06 R06,S1_MULTI_TRANSCRIPTION_STRICT_CORE,S1,FORMAL_G3C_NONFRAME_SHORTFORM_HP,G3C,compact label / index / list entry,H,A,1,paragraph_continuation,LABEL-FIELD FUNC-PARTICLE LABEL-FIELD FUNC-PARTICLE LABEL-FIELD LABEL-FIELD,LABEL-FIELD / FUNC-PARTICLE / LABEL-FIELD / FUNC-PARTICLE / LABEL-FIELD / LABEL-FIELD,NO_VERIFIED_EXTERNAL_TRANSLATION
"f19r.6,+P0",f19r,443,yshor shy daiin otytchy daiin,R06 R06 R10 R00 R10,S1_MULTI_TRANSCRIPTION_STRICT_CORE,S1,FORMAL_G3C_NONFRAME_SHORTFORM_HP,G3C,compact label / index / list entry,H,A,1,paragraph_continuation,LABEL-FIELD FUNC-PARTICLE FUNC-PARTICLE LABEL-FIELD FUNC-PARTICLE,LABEL-FIELD / FUNC-PARTICLE / FUNC-PARTICLE / LABEL-FIELD / FUNC-PARTICLE,NO_VERIFIED_EXTERNAL_TRANSLATION
"f19r.13,+P0",f19r,450,osocthor ytchor,R00 R06,S1_MULTI_TRANSCRIPTION_STRICT_CORE,S1,FORMAL_G3C_NONFRAME_SHORTFORM_HP,G3C,compact label / index / list entry,H,A,1,paragraph_continuation,LABEL-FIELD LABEL-FIELD,LABEL-FIELD / LABEL-FIELD,NO_VERIFIED_EXTERNAL_TRANSLATION
"f19v.1,@P0",f19v,451,pochaiin cthor chpcheos opchey pykchy,R00 R04 R00 R00 R06,S2_STRONG_BUT_PARTIAL_TRANSCRIPTION_CORE,S2,FORMAL_G3C_NONFRAME_SHORTFORM_HP,G3C,compact label / index / list entry,H,A,1,paragraph_start,LABEL-FIELD LABEL-FIELD LABEL-FIELD LABEL-FIELD LABEL-FIELD,LABEL-FIELD / LABEL-FIELD / LABEL-FIELD / LABEL-FIELD / LABEL-FIELD,NO_VERIFIED_EXTERNAL_TRANSLATION
"f19v.6,+P0",f19v,456,ychoy kchor cthol chocthy s,R06 R06 R07 R00 R06,S1_MULTI_TRANSCRIPTION_STRICT_CORE,S1,FORMAL_G3C_NONFRAME_SHORTFORM_HP,G3C,compact label / index / list entry,H,A,1,paragraph_continuation,LABEL-FIELD LABEL-FIELD LABEL-FIELD LABEL-FIELD FUNC-PARTICLE,LABEL-FIELD / LABEL-FIELD / LABEL-FIELD / LABEL-FIELD / FUNC-PARTICLE,NO_VERIFIED_EXTERNAL_TRANSLATION
"f19v.7,+P0",f19v,457,ycho chaiin cthor,R06 R00 R04,S1_MULTI_TRANSCRIPTION_STRICT_CORE,S1,FORMAL_G3C_NONFRAME_SHORTFORM_HP,G3C,compact label / index / list entry,H,A,1,paragraph_continuation,LABEL-FIELD LABEL-LEX LABEL-FIELD,LABEL-FIELD / LABEL-LEX / LABEL-FIELD,NO_VERIFIED_EXTERNAL_TRANSLATION
"f19v.9,+P0",f19v,459,ychor oky chor ytl chol okyddor,R06 R00 R11 R06 R07 R00,S2_STRONG_BUT_PARTIAL_TRANSCRIPTION_CORE,S2,FORMAL_G3C_NONFRAME_SHORTFORM_HP,G3C,compact label / index / list entry,H,A,1,paragraph_continuation,LABEL-FIELD FUNC-PARTICLE LABEL-LEX LABEL-FIELD FUNC-PARTICLE LABEL-FIELD,LABEL-FIELD / FUNC-PARTICLE / LABEL-LEX / LABEL-FIELD / FUNC-PARTICLE / LABEL-FIELD,NO_VERIFIED_EXTERNAL_TRANSLATION
"f19v.11,+P0",f19v,461,qotol dr okchor daiin cthor otam,H13 R06 R00 R10 R04 R06,S1_MULTI_TRANSCRIPTION_STRICT_CORE,S1,FORMAL_G1_GLOBAL_FRAME,G1,relational frame / record line,H,A,1,paragraph_continuation,OPERATOR ARG/FILL ARG/FILL FUNC-PARTICLE QUAL/TAIL ARG/FILL,OPERATOR / ARG/FILL / ARG/FILL / FUNC-PARTICLE / QUAL/TAIL / ARG/FILL,NO_VERIFIED_EXTERNAL_TRANSLATION
"f19v.14,+Pr",f19v,464,otcholcheaiin cthol,R07 R07,S1_MULTI_TRANSCRIPTION_STRICT_CORE,S1,FORMAL_G3C_NONFRAME_SHORTFORM_HP,G3C,compact label / index / list entry,H,A,1,paragraph_continuation,LABEL-FIELD LABEL-FIELD,LABEL-FIELD / LABEL-FIELD,NO_VERIFIED_EXTERNAL_TRANSLATION
"f20r.13,+P0",f20r,477,ochaiin chor chorcheey tchey,R00 R11 R00 R06,S2_STRONG_BUT_PARTIAL_TRANSCRIPTION_CORE,S2,FORMAL_G3C_NONFRAME_SHORTFORM_HP,G3C,compact label / index / list entry,H,A,1,paragraph_continuation,LABEL-FIELD LABEL-LEX LABEL-FIELD LABEL-FIELD,LABEL-FIELD / LABEL-LEX / LABEL-FIELD / LABEL-FIELD,NO_VERIFIED_EXTERNAL_TRANSLATION
"f20v.10,+P0",f20v,487,shokaiin chocthy chol daiin chy chor ety,R10 R00 R07 R10 R00 R11 R00,S1_MULTI_TRANSCRIPTION_STRICT_CORE,S1,FORMAL_G3C_NONFRAME_SHORTFORM_HP,G3C,compact label / index / list entry,H,A,1,paragraph_continuation,LABEL-FIELD LABEL-FIELD FUNC-PARTICLE FUNC-PARTICLE FUNC-PARTICLE LABEL-LEX LABEL-FIELD,LABEL-FIELD / LABEL-FIELD / FUNC-PARTICLE / FUNC-PARTICLE / FUNC-PARTICLE / LABEL-LEX / LABEL-FIELD,NO_VERIFIED_EXTERNAL_TRANSLATION
"f21r.6,+P0",f21r,494,dchor y kolyky chol kol qokeol cholol qoteeol dady,R06 R06 R06 R07 R06 H08 R07 H13 R06,S1_MULTI_TRANSCRIPTION_STRICT_CORE,S1,FORMAL_G1_GLOBAL_FRAME,G1,relational frame / record line,H,A,1,paragraph_continuation,ARG/FILL FUNC-PARTICLE ARG/FILL FUNC-PARTICLE ARG/FILL OP/HEAD ARG/FILL OP/HEAD ARG/FILL,ARG/FILL / FUNC-PARTICLE / ARG/FILL / FUNC-PARTICLE / ARG/FILL / OP/HEAD / ARG/FILL / OP/HEAD / ARG/FILL,NO_VERIFIED_EXTERNAL_TRANSLATION
"f21r.11,+P0",f21r,499,shol chol shol tchol chcthy otyky shey yteol shody,R08 R07 R08 R06 R04 R00 R06 R06 R06,S1_MULTI_TRANSCRIPTION_STRICT_CORE,S1,FORMAL_G3C_NONFRAME_SHORTFORM_HP,G3C,compact label / index / list entry,H,A,1,paragraph_continuation,FUNC-PARTICLE FUNC-PARTICLE FUNC-PARTICLE LABEL-FIELD FUNC-PARTICLE LABEL-FIELD FUNC-PARTICLE LABEL-FIELD LABEL-FIELD,FUNC-PARTICLE / FUNC-PARTICLE / FUNC-PARTICLE / LABEL-FIELD / FUNC-PARTICLE / LABEL-FIELD / FUNC-PARTICLE / LABEL-FIELD / LABEL-FIELD,NO_VERIFIED_EXTERNAL_TRANSLATION
"f21v.5,+P0",f21v,505,osho deey ctho l shocthy daiin dait oky,R00 R06 R04 R06 R00 R10 R06 R00,S2_STRONG_BUT_PARTIAL_TRANSCRIPTION_CORE,S2,FORMAL_G3C_NONFRAME_SHORTFORM_HP,G3C,compact label / index / list entry,H,A,1,paragraph_continuation,LABEL-FIELD LABEL-FIELD LABEL-FIELD FUNC-PARTICLE LABEL-FIELD FUNC-PARTICLE LABEL-FIELD FUNC-PARTICLE,LABEL-FIELD / LABEL-FIELD / LABEL-FIELD / FUNC-PARTICLE / LABEL-FIELD / FUNC-PARTICLE / LABEL-FIELD / FUNC-PARTICLE,NO_VERIFIED_EXTERNAL_TRANSLATION
"f21v.8,+P0",f21v,508,cho l kchochaiin,R00 R06 R00,S1_MULTI_TRANSCRIPTION_STRICT_CORE,S1,FORMAL_G3C_NONFRAME_SHORTFORM_HP,G3C,compact label / index / list entry,H,A,1,paragraph_continuation,LABEL-FIELD FUNC-PARTICLE LABEL-FIELD,LABEL-FIELD / FUNC-PARTICLE / LABEL-FIELD,NO_VERIFIED_EXTERNAL_TRANSLATION
"f22r.3,+P0",f22r,511,qokol dykaiin okchy daiin cthol ctholo dar shain,H08 R00 R00 R10 R07 R04 R06 R06,S2_STRONG_BUT_PARTIAL_TRANSCRIPTION_CORE,S2,FORMAL_G1_GLOBAL_FRAME,G1,relational frame / record line,H,A,1,paragraph_continuation,FUNC-PARTICLE ARG/FILL ARG/FILL FUNC-PARTICLE ARG/FILL QUAL/TAIL FUNC-PARTICLE ARG/FILL,FUNC-PARTICLE / ARG/FILL / ARG/FILL / FUNC-PARTICLE / ARG/FILL / QUAL/TAIL / FUNC-PARTICLE / ARG/FILL,NO_VERIFIED_EXTERNAL_TRANSLATION
"f22v.1,@P0",f22v,522,pysaiinor ofchar oky tchy otdy sor shy qod,R00 R00 R00 R06 R00 R06 R06 R00,S1_MULTI_TRANSCRIPTION_STRICT_CORE,S1,FORMAL_G3C_NONFRAME_SHORTFORM_HP,G3C,compact label / index / list entry,H,A,1,paragraph_start,LABEL-FIELD LABEL-FIELD FUNC-PARTICLE LABEL-FIELD LABEL-FIELD LABEL-FIELD FUNC-PARTICLE LABEL-FIELD,LABEL-FIELD / LABEL-FIELD / FUNC-PARTICLE / LABEL-FIELD / LABEL-FIELD / LABEL-FIELD / FUNC-PARTICLE / LABEL-FIELD,NO_VERIFIED_EXTERNAL_TRANSLATION
"f22v.5,+P0",f22v,526,dor ykcheor daiin,R06 R00 R10,S2_STRONG_BUT_PARTIAL_TRANSCRIPTION_CORE,S2,FORMAL_G3C_NONFRAME_SHORTFORM_HP,G3C,compact label / index / list entry,H,A,1,paragraph_continuation,LABEL-FIELD LABEL-FIELD FUNC-PARTICLE,LABEL-FIELD / LABEL-FIELD / FUNC-PARTICLE,NO_VERIFIED_EXTERNAL_TRANSLATION
"f22v.6,+P0",f22v,527,fshor shytchor otaiin,R06 R00 R10,S2_STRONG_BUT_PARTIAL_TRANSCRIPTION_CORE,S2,FORMAL_G3C_NONFRAME_SHORTFORM_HP,G3C,compact label / index / list entry,H,A,1,paragraph_continuation,LABEL-FIELD LABEL-FIELD FUNC-PARTICLE,LABEL-FIELD / LABEL-FIELD / FUNC-PARTICLE,NO_VERIFIED_EXTERNAL_TRANSLATION
"f22v.8,+P0",f22v,529,qotchy cthy qokol daiin dam,H13 R04 H08 R10 R06,S1_MULTI_TRANSCRIPTION_STRICT_CORE,S1,FORMAL_G1_GLOBAL_FRAME,G1,relational frame / record line,H,A,1,paragraph_continuation,OPERATOR QUAL/TAIL FUNC-PARTICLE FUNC-PARTICLE FUNC-PARTICLE,OPERATOR / QUAL/TAIL / FUNC-PARTICLE / FUNC-PARTICLE / FUNC-PARTICLE,NO_VERIFIED_EXTERNAL_TRANSLATION
"f22v.9,+P0",f22v,530,okshor shody chol tchol otaiindaiin,R00 R06 R07 R06 R10,S1_MULTI_TRANSCRIPTION_STRICT_CORE,S1,FORMAL_G3C_NONFRAME_SHORTFORM_HP,G3C,compact label / index / list entry,H,A,1,paragraph_continuation,LABEL-FIELD LABEL-FIELD FUNC-PARTICLE LABEL-FIELD LABEL-FIELD,LABEL-FIELD / LABEL-FIELD / FUNC-PARTICLE / LABEL-FIELD / LABEL-FIELD,NO_VERIFIED_EXTERNAL_TRANSLATION
"f22v.13,+P0",f22v,534,okchain chkoldy shotoly,R00 R00 R00,S1_MULTI_TRANSCRIPTION_STRICT_CORE,S1,FORMAL_G3C_NONFRAME_SHORTFORM_HP,G3C,compact label / index / list entry,H,A,1,paragraph_continuation,LABEL-FIELD LABEL-FIELD LABEL-FIELD,LABEL-FIELD / LABEL-FIELD / LABEL-FIELD,NO_VERIFIED_EXTERNAL_TRANSLATION
"f22v.16,+Pc",f22v,537,saiinchy daldalol,R00 R09,S1_MULTI_TRANSCRIPTION_STRICT_CORE,S1,FORMAL_G3C_NONFRAME_SHORTFORM_HP,G3C,compact label / index / list entry,H,A,1,paragraph_continuation,LABEL-FIELD QUAL/TAIL,LABEL-FIELD / QUAL/TAIL,NO_VERIFIED_EXTERNAL_TRANSLATION
"f23r.3,+P0",f23r,540,dchar ykor ykaiin daiin cth g,R06 R06 R06 R10 R04 R00,S1_MULTI_TRANSCRIPTION_STRICT_CORE,S1,FORMAL_G3C_NONFRAME_SHORTFORM_HP,G3C,compact label / index / list entry,H,A,1,paragraph_continuation,LABEL-FIELD LABEL-FIELD LABEL-FIELD FUNC-PARTICLE LABEL-FIELD LABEL-FIELD,LABEL-FIELD / LABEL-FIELD / LABEL-FIELD / FUNC-PARTICLE / LABEL-FIELD / LABEL-FIELD,NO_VERIFIED_EXTERNAL_TRANSLATION
"f23r.4,+P0",f23r,541,qokoldy okaiir ykaiilg qokeey ofchol dain yfchor olfchor otchald,H11 R00 R00 H08 R07 R06 R06 R00 R00,S2_STRONG_BUT_PARTIAL_TRANSCRIPTION_CORE,S2,FORMAL_G1_GLOBAL_FRAME,G1,relational frame / record line,H,A,1,paragraph_continuation,OP/HEAD ARG/FILL ARG/FILL FUNC-PARTICLE ARG/FILL FUNC-PARTICLE ARG/FILL ARG/FILL ARG/FILL,OP/HEAD / ARG/FILL / ARG/FILL / FUNC-PARTICLE / ARG/FILL / FUNC-PARTICLE / ARG/FILL / ARG/FILL / ARG/FILL,NO_VERIFIED_EXTERNAL_TRANSLATION
"f23r.6,+P0",f23r,543,tshol ykor qokaiin yky dar okol dchey daiidal dam ytcho ldals,R06 R06 H08 R06 R06 R07 R06 R09 R06 R06 R00,S1_MULTI_TRANSCRIPTION_STRICT_CORE,S1,FORMAL_G1_GLOBAL_FRAME,G1,relational frame / record line,H,A,1,paragraph_continuation,ARG/FILL ARG/FILL FUNC-PARTICLE ARG/FILL FUNC-PARTICLE FUNC-PARTICLE ARG/FILL QUAL/TAIL FUNC-PARTICLE ARG/FILL ARG/FILL,ARG/FILL / ARG/FILL / FUNC-PARTICLE / ARG/FILL / FUNC-PARTICLE / FUNC-PARTICLE / ARG/FILL / QUAL/TAIL / FUNC-PARTICLE / ARG/FILL / ARG/FILL,NO_VERIFIED_EXTERNAL_TRANSLATION
"f23v.6,+P0",f23v,554,tshol shor shkshy okol daiin otshor olsar,R06 R06 R06 R07 R10 R00 R00,S1_MULTI_TRANSCRIPTION_STRICT_CORE,S1,FORMAL_G3C_NONFRAME_SHORTFORM_HP,G3C,compact label / index / list entry,H,A,1,paragraph_continuation,LABEL-FIELD LABEL-FIELD LABEL-FIELD FUNC-PARTICLE FUNC-PARTICLE LABEL-FIELD LABEL-FIELD,LABEL-FIELD / LABEL-FIELD / LABEL-FIELD / FUNC-PARTICLE / FUNC-PARTICLE / LABEL-FIELD / LABEL-FIELD,NO_VERIFIED_EXTERNAL_TRANSLATION
"f24r.1,@P0",f24r,561,porory chor opchar she cheol daiin or,R06 R11 R00 R06 R00 R10 R06,S1_MULTI_TRANSCRIPTION_STRICT_CORE,S1,FORMAL_G3C_NONFRAME_SHORTFORM_HP,G3C,compact label / index / list entry,H,A,1,paragraph_start,LABEL-FIELD LABEL-LEX LABEL-FIELD LABEL-FIELD FUNC-PARTICLE FUNC-PARTICLE FUNC-PARTICLE,LABEL-FIELD / LABEL-LEX / LABEL-FIELD / LABEL-FIELD / FUNC-PARTICLE / FUNC-PARTICLE / FUNC-PARTICLE,NO_VERIFIED_EXTERNAL_TRANSLATION
"f24r.4,+P0",f24r,564,or chckhaly cthar eeor chees da,R06 R00 R04 R00 R00 R06,S1_MULTI_TRANSCRIPTION_STRICT_CORE,S1,FORMAL_G3C_NONFRAME_SHORTFORM_HP,G3C,compact label / index / list entry,H,A,1,paragraph_continuation,FUNC-PARTICLE LABEL-FIELD LABEL-FIELD LABEL-FIELD LABEL-FIELD LABEL-FIELD,FUNC-PARTICLE / LABEL-FIELD / LABEL-FIELD / LABEL-FIELD / LABEL-FIELD / LABEL-FIELD,NO_VERIFIED_EXTERNAL_TRANSLATION
"f24r.10,+P0",f24r,570,qor cfhar chor s am chotaiin dy,R00 R00 R11 R06 R06 R10 R02,S1_MULTI_TRANSCRIPTION_STRICT_CORE,S1,FORMAL_G3C_NONFRAME_SHORTFORM_HP,G3C,compact label / index / list entry,H,A,1,paragraph_continuation,LABEL-FIELD LABEL-FIELD LABEL-LEX FUNC-PARTICLE LABEL-FIELD LABEL-FIELD FUNC-PARTICLE,LABEL-FIELD / LABEL-FIELD / LABEL-LEX / FUNC-PARTICLE / LABEL-FIELD / LABEL-FIELD / FUNC-PARTICLE,NO_VERIFIED_EXTERNAL_TRANSLATION
"f24r.15,+P0",f24r,575,ockhoees oeees ol dal s,R00 R00 R06 R09 R06,S1_MULTI_TRANSCRIPTION_STRICT_CORE,S1,FORMAL_G3C_NONFRAME_SHORTFORM_HP,G3C,compact label / index / list entry,H,A,1,paragraph_continuation,LABEL-FIELD LABEL-FIELD FUNC-PARTICLE FUNC-PARTICLE FUNC-PARTICLE,LABEL-FIELD / LABEL-FIELD / FUNC-PARTICLE / FUNC-PARTICLE / FUNC-PARTICLE,NO_VERIFIED_EXTERNAL_TRANSLATION
"f24r.16,+P0",f24r,576,sham okeal dal dam dal,R06 R00 R09 R06 R09,S1_MULTI_TRANSCRIPTION_STRICT_CORE,S1,FORMAL_G3C_NONFRAME_SHORTFORM_HP,G3C,compact label / index / list entry,H,A,1,paragraph_continuation,LABEL-FIELD LABEL-FIELD FUNC-PARTICLE FUNC-PARTICLE FUNC-PARTICLE,LABEL-FIELD / LABEL-FIELD / FUNC-PARTICLE / FUNC-PARTICLE / FUNC-PARTICLE,NO_VERIFIED_EXTERNAL_TRANSLATION
"f24r.17,+P0",f24r,577,sshey otam sham cthoj oky,R06 R06 R06 R04 R00,S1_MULTI_TRANSCRIPTION_STRICT_CORE,S1,FORMAL_G3C_NONFRAME_SHORTFORM_HP,G3C,compact label / index / list entry,H,A,1,paragraph_continuation,LABEL-FIELD LABEL-FIELD LABEL-FIELD LABEL-FIELD FUNC-PARTICLE,LABEL-FIELD / LABEL-FIELD / LABEL-FIELD / LABEL-FIELD / FUNC-PARTICLE,NO_VERIFIED_EXTERNAL_TRANSLATION
"f24r.18,+P0",f24r,578,ycheol chol daiin chol s,R06 R07 R10 R07 R06,S2_STRONG_BUT_PARTIAL_TRANSCRIPTION_CORE,S2,FORMAL_G3C_NONFRAME_SHORTFORM_HP,G3C,compact label / index / list entry,H,A,1,paragraph_continuation,LABEL-FIELD FUNC-PARTICLE FUNC-PARTICLE FUNC-PARTICLE FUNC-PARTICLE,LABEL-FIELD / FUNC-PARTICLE / FUNC-PARTICLE / FUNC-PARTICLE / FUNC-PARTICLE,NO_VERIFIED_EXTERNAL_TRANSLATION
"f24r.19,+P0",f24r,579,yol kol chol shom otacphy,R06 R06 R07 R06 R00,S2_STRONG_BUT_PARTIAL_TRANSCRIPTION_CORE,S2,FORMAL_G3C_NONFRAME_SHORTFORM_HP,G3C,compact label / index / list entry,H,A,1,paragraph_continuation,LABEL-FIELD LABEL-FIELD FUNC-PARTICLE LABEL-FIELD LABEL-FIELD,LABEL-FIELD / LABEL-FIELD / FUNC-PARTICLE / LABEL-FIELD / LABEL-FIELD,NO_VERIFIED_EXTERNAL_TRANSLATION
"f24r.20,+Pc",f24r,580,sam chorly,R06 R00,S2_STRONG_BUT_PARTIAL_TRANSCRIPTION_CORE,S2,FORMAL_G3C_NONFRAME_SHORTFORM_HP,G3C,compact label / index / list entry,H,A,1,paragraph_continuation,LABEL-FIELD LABEL-FIELD,LABEL-FIELD / LABEL-FIELD,NO_VERIFIED_EXTERNAL_TRANSLATION
"f24v.7,+P0",f24v,587,ycheol daid dar olom,R06 R06 R06 R00,S1_MULTI_TRANSCRIPTION_STRICT_CORE,S1,FORMAL_G3C_NONFRAME_SHORTFORM_HP,G3C,compact label / index / list entry,H,A,1,paragraph_continuation,LABEL-FIELD LABEL-FIELD FUNC-PARTICLE LABEL-FIELD,LABEL-FIELD / LABEL-FIELD / FUNC-PARTICLE / LABEL-FIELD,NO_VERIFIED_EXTERNAL_TRANSLATION
"f24v.14,+P0",f24v,594,do cheeodam sho sho dy,R06 R00 R06 R06 R02,S2_STRONG_BUT_PARTIAL_TRANSCRIPTION_CORE,S2,FORMAL_G3C_NONFRAME_SHORTFORM_HP,G3C,compact label / index / list entry,H,A,1,paragraph_continuation,LABEL-FIELD LABEL-FIELD LABEL-FIELD LABEL-FIELD FUNC-PARTICLE,LABEL-FIELD / LABEL-FIELD / LABEL-FIELD / LABEL-FIELD / FUNC-PARTICLE,NO_VERIFIED_EXTERNAL_TRANSLATION
"f24v.15,+P0",f24v,595,dchey kchod dchl ochdy,R06 R06 R06 R00,S1_MULTI_TRANSCRIPTION_STRICT_CORE,S1,FORMAL_G3C_NONFRAME_SHORTFORM_HP,G3C,compact label / index / list entry,H,A,1,paragraph_continuation,LABEL-FIELD LABEL-FIELD LABEL-FIELD LABEL-FIELD,LABEL-FIELD / LABEL-FIELD / LABEL-FIELD / LABEL-FIELD,NO_VERIFIED_EXTERNAL_TRANSLATION
"f24v.16,+P0",f24v,596,otchol odaiim,R07 R00,S1_MULTI_TRANSCRIPTION_STRICT_CORE,S1,FORMAL_G3C_NONFRAME_SHORTFORM_HP,G3C,compact label / index / list entry,H,A,1,paragraph_continuation,LABEL-FIELD LABEL-FIELD,LABEL-FIELD / LABEL-FIELD,NO_VERIFIED_EXTERNAL_TRANSLATION
"f25r.5,+P0",f25r,601,qotcheaiin dchain cthain daiin daiin cthain qotaiin,H13 R06 R04 R10 R10 R04 H13,S1_MULTI_TRANSCRIPTION_STRICT_CORE,S1,FORMAL_G1_GLOBAL_FRAME,G1,relational frame / record line,H,A,1,paragraph_continuation,OP/HEAD ARG/FILL QUAL/TAIL FUNC-PARTICLE FUNC-PARTICLE QUAL/TAIL OPERATOR,OP/HEAD / ARG/FILL / QUAL/TAIL / FUNC-PARTICLE / FUNC-PARTICLE / QUAL/TAIL / OPERATOR,NO_VERIFIED_EXTERNAL_TRANSLATION
"f25r.6,+P0",f25r,602,okal chotaiin,R07 R10,S1_MULTI_TRANSCRIPTION_STRICT_CORE,S1,FORMAL_G3C_NONFRAME_SHORTFORM_HP,G3C,compact label / index / list entry,H,A,1,paragraph_continuation,FUNC-PARTICLE LABEL-FIELD,FUNC-PARTICLE / LABEL-FIELD,NO_VERIFIED_EXTERNAL_TRANSLATION
"f25r.7,=Pt",f25r,603,dair otaiir otosy,R06 R00 R00,S1_MULTI_TRANSCRIPTION_STRICT_CORE,S1,FORMAL_G3C_NONFRAME_SHORTFORM_HP,G3C,compact label / index / list entry,H,A,1,paragraph_terminal_or_label,LABEL-FIELD LABEL-FIELD LABEL-FIELD,LABEL-FIELD / LABEL-FIELD / LABEL-FIELD,NO_VERIFIED_EXTERNAL_TRANSLATION
"f25v.2,+P0",f25v,605,dchor cthor chor daiin s okeeaiin daiin ckhey daiin,R06 R04 R11 R10 R06 R00 R10 R00 R10,S1_MULTI_TRANSCRIPTION_STRICT_CORE,S1,FORMAL_G2_CORE_LOCAL_KERNEL,G2,zone-local kernel / record line,H,A,1,paragraph_continuation,ARG/FILL QUAL/TAIL LABEL-LEX FUNC-PARTICLE FUNC-PARTICLE ARG/FILL FUNC-PARTICLE ARG/FILL FUNC-PARTICLE,ARG/FILL / QUAL/TAIL / LABEL-LEX / FUNC-PARTICLE / FUNC-PARTICLE / ARG/FILL / FUNC-PARTICLE / ARG/FILL / FUNC-PARTICLE,NO_VERIFIED_EXTERNAL_TRANSLATION
"f26r.6,+P0",f26r,616,rchedy qokedy,R00 H12,S1_MULTI_TRANSCRIPTION_STRICT_CORE,S1,FORMAL_G1_GLOBAL_FRAME,G1,relational frame / record line,H,B,2,paragraph_continuation,ARG/FILL FUNC-PARTICLE,ARG/FILL / FUNC-PARTICLE,NO_VERIFIED_EXTERNAL_TRANSLATION
"f26v.5,+P0",f26v,625,deeol cheody qoteedy qokody qotedy qotedy opchedy ofchy chs ar,R06 R00 H01 R00 H17 H17 R00 R00 R00 R06,S1_MULTI_TRANSCRIPTION_STRICT_CORE,S1,FORMAL_G1_GLOBAL_FRAME,G1,relational frame / record line,H,B,2,paragraph_continuation,ARG/FILL FUNC-PARTICLE FUNC-PARTICLE ARG/FILL FUNC-PARTICLE FUNC-PARTICLE ARG/FILL ARG/FILL ARG/FILL FUNC-PARTICLE,ARG/FILL / FUNC-PARTICLE / FUNC-PARTICLE / ARG/FILL / FUNC-PARTICLE / FUNC-PARTICLE / ARG/FILL / ARG/FILL / ARG/FILL / FUNC-PARTICLE,NO_VERIFIED_EXTERNAL_TRANSLATION
"f27v.8,+P0",f27v,650,okshes okchokshy,R00 R00,S2_STRONG_BUT_PARTIAL_TRANSCRIPTION_CORE,S2,FORMAL_G3C_NONFRAME_SHORTFORM_HP,G3C,compact label / index / list entry,H,A,1,paragraph_continuation,LABEL-FIELD LABEL-FIELD,LABEL-FIELD / LABEL-FIELD,NO_VERIFIED_EXTERNAL_TRANSLATION
"f28r.4,+P0",f28r,654,choty chtol otol chotchy cthol otol choky qoty,R00 R00 R01 R01 R07 R01 R00 H01,S1_MULTI_TRANSCRIPTION_STRICT_CORE,S1,FORMAL_G1_GLOBAL_FRAME,G1,relational frame / record line,H,A,1,paragraph_continuation,ARG/FILL ARG/FILL QUAL/TAIL QUAL/TAIL ARG/FILL QUAL/TAIL ARG/FILL FUNC-PARTICLE,ARG/FILL / ARG/FILL / QUAL/TAIL / QUAL/TAIL / ARG/FILL / QUAL/TAIL / ARG/FILL / FUNC-PARTICLE,NO_VERIFIED_EXTERNAL_TRANSLATION
"f28r.8,+P0",f28r,658,oschotshl daiin okchey kol daiin shol dsho otaiin,R00 R10 R00 R06 R10 R08 R06 R10,S1_MULTI_TRANSCRIPTION_STRICT_CORE,S1,FORMAL_G3C_NONFRAME_SHORTFORM_HP,G3C,compact label / index / list entry,H,A,1,paragraph_continuation,LABEL-FIELD FUNC-PARTICLE LABEL-FIELD LABEL-FIELD FUNC-PARTICLE FUNC-PARTICLE LABEL-FIELD FUNC-PARTICLE,LABEL-FIELD / FUNC-PARTICLE / LABEL-FIELD / LABEL-FIELD / FUNC-PARTICLE / FUNC-PARTICLE / LABEL-FIELD / FUNC-PARTICLE,NO_VERIFIED_EXTERNAL_TRANSLATION
"f28v.6,+Pr",f28v,665,daiin chkaiin,R10 R00,S1_MULTI_TRANSCRIPTION_STRICT_CORE,S1,FORMAL_G3C_NONFRAME_SHORTFORM_HP,G3C,compact label / index / list entry,H,A,1,paragraph_continuation,FUNC-PARTICLE LABEL-FIELD,FUNC-PARTICLE / LABEL-FIELD,NO_VERIFIED_EXTERNAL_TRANSLATION
"f29r.1,@P0",f29r,669,posaiin she aiin chepoty chy qotchy qoty cheecthy,R00 R06 R06 R00 R00 H13 H01 R04,S2_STRONG_BUT_PARTIAL_TRANSCRIPTION_CORE,S2,FORMAL_G2_CORE_LOCAL_KERNEL,G2,zone-local kernel / record line,H,A,1,paragraph_start,ARG/FILL ARG/FILL FUNC-PARTICLE ARG/FILL FUNC-PARTICLE OPERATOR FUNC-PARTICLE QUAL/TAIL,ARG/FILL / ARG/FILL / FUNC-PARTICLE / ARG/FILL / FUNC-PARTICLE / OPERATOR / FUNC-PARTICLE / QUAL/TAIL,NO_VERIFIED_EXTERNAL_TRANSLATION
"f29r.3,+P0",f29r,671,qokchy qoty kchaiin shear cthor dchor choly,H08 H01 R00 R06 R04 R06 R00,S1_MULTI_TRANSCRIPTION_STRICT_CORE,S1,FORMAL_G2_CORE_LOCAL_KERNEL,G2,zone-local kernel / record line,H,A,1,paragraph_continuation,OP/HEAD FUNC-PARTICLE ARG/FILL ARG-LEX QUAL/TAIL ARG/FILL ARG/FILL,OP/HEAD / FUNC-PARTICLE / ARG/FILL / ARG-LEX / QUAL/TAIL / ARG/FILL / ARG/FILL,NO_VERIFIED_EXTERNAL_TRANSLATION
"f29r.7,+P0",f29r,675,qokchy chol shokchy qokaiin choety choty kaiin,H08 R07 R00 H08 R00 R00 R06,S2_STRONG_BUT_PARTIAL_TRANSCRIPTION_CORE,S2,FORMAL_G1_GLOBAL_FRAME,G1,relational frame / record line,H,A,1,paragraph_continuation,OP/HEAD FUNC-PARTICLE ARG/FILL FUNC-PARTICLE ARG/FILL ARG/FILL ARG/FILL,OP/HEAD / FUNC-PARTICLE / ARG/FILL / FUNC-PARTICLE / ARG/FILL / ARG/FILL / ARG/FILL,NO_VERIFIED_EXTERNAL_TRANSLATION
"f29r.9,+P0",f29r,677,qokshe qor chey kor cheod ychom,H08 R00 R06 R06 R00 R06,S2_STRONG_BUT_PARTIAL_TRANSCRIPTION_CORE,S2,FORMAL_G2_CORE_LOCAL_KERNEL,G2,zone-local kernel / record line,H,A,1,paragraph_continuation,OP/HEAD ARG/FILL FUNC-PARTICLE ARG/FILL ARG/FILL ARG/FILL,OP/HEAD / ARG/FILL / FUNC-PARTICLE / ARG/FILL / ARG/FILL / ARG/FILL,NO_VERIFIED_EXTERNAL_TRANSLATION
"f29v.2,+P0",f29v,679,qotcheaiin s chol chol cthy chey cthold ytchor dary,H13 R06 R07 R07 R04 R06 R04 R06 R06,S1_MULTI_TRANSCRIPTION_STRICT_CORE,S1,FORMAL_G1_GLOBAL_FRAME,G1,relational frame / record line,H,A,1,paragraph_continuation,OP/HEAD FUNC-PARTICLE FUNC-PARTICLE FUNC-PARTICLE QUAL/TAIL FUNC-PARTICLE QUAL/TAIL ARG/FILL ARG/FILL,OP/HEAD / FUNC-PARTICLE / FUNC-PARTICLE / FUNC-PARTICLE / QUAL/TAIL / FUNC-PARTICLE / QUAL/TAIL / ARG/FILL / ARG/FILL,NO_VERIFIED_EXTERNAL_TRANSLATION
"f29v.9,+P0",f29v,686,sho chokor chor chy ydaiin cho ykeeb oaiin,R06 R00 R11 R00 R06 R00 R06 R00,S2_STRONG_BUT_PARTIAL_TRANSCRIPTION_CORE,S2,FORMAL_G3C_NONFRAME_SHORTFORM_HP,G3C,compact label / index / list entry,H,A,1,paragraph_continuation,LABEL-FIELD LABEL-FIELD LABEL-LEX FUNC-PARTICLE LABEL-FIELD LABEL-FIELD LABEL-FIELD LABEL-FIELD,LABEL-FIELD / LABEL-FIELD / LABEL-LEX / FUNC-PARTICLE / LABEL-FIELD / LABEL-FIELD / LABEL-FIELD / LABEL-FIELD,NO_VERIFIED_EXTERNAL_TRANSLATION
"f30v.5,+P0",f30v,707,dain choty chkol ytor cheoldy,R06 R00 R00 R06 R00,S1_MULTI_TRANSCRIPTION_STRICT_CORE,S1,FORMAL_G3C_NONFRAME_SHORTFORM_HP,G3C,compact label / index / list entry,H,A,1,paragraph_continuation,FUNC-PARTICLE LABEL-FIELD LABEL-FIELD LABEL-FIELD LABEL-FIELD,FUNC-PARTICLE / LABEL-FIELD / LABEL-FIELD / LABEL-FIELD / LABEL-FIELD,NO_VERIFIED_EXTERNAL_TRANSLATION
"f30v.11,+P0",f30v,713,sol chokcheey daiin kchydy,R06 R00 R10 R06,S2_STRONG_BUT_PARTIAL_TRANSCRIPTION_CORE,S2,FORMAL_G3C_NONFRAME_SHORTFORM_HP,G3C,compact label / index / list entry,H,A,1,paragraph_continuation,FUNC-PARTICLE LABEL-FIELD FUNC-PARTICLE LABEL-FIELD,FUNC-PARTICLE / LABEL-FIELD / FUNC-PARTICLE / LABEL-FIELD,NO_VERIFIED_EXTERNAL_TRANSLATION
"f31r.13,+P0",f31r,726,olsheor qoekedy otedy ykedy dals,R00 H21 R01 R00 R09,S1_MULTI_TRANSCRIPTION_STRICT_CORE,S1,FORMAL_G1_GLOBAL_FRAME,G1,relational frame / record line,H,B,2,paragraph_continuation,ARG/FILL OP/HEAD FUNC-PARTICLE ARG/FILL QUAL/TAIL,ARG/FILL / OP/HEAD / FUNC-PARTICLE / ARG/FILL / QUAL/TAIL,NO_VERIFIED_EXTERNAL_TRANSLATION
"f31r.15,+P0",f31r,728,yshedair sheolcheky okedam,R00 R00 R00,S2_STRONG_BUT_PARTIAL_TRANSCRIPTION_CORE,S2,FORMAL_G3C_NONFRAME_SHORTFORM_HP,G3C,compact label / index / list entry,H,B,2,paragraph_continuation,LABEL-FIELD LABEL-FIELD LABEL-FIELD,LABEL-FIELD / LABEL-FIELD / LABEL-FIELD,NO_VERIFIED_EXTERNAL_TRANSLATION
"f31v.5,+P0",f31v,734,ykeos cheeoy oraiin,R06 R00 R10,S2_STRONG_BUT_PARTIAL_TRANSCRIPTION_CORE,S2,FORMAL_G3C_NONFRAME_SHORTFORM_HP,G3C,compact label / index / list entry,H,B,2,paragraph_continuation,LABEL-FIELD LABEL-FIELD LABEL-FIELD,LABEL-FIELD / LABEL-FIELD / LABEL-FIELD,NO_VERIFIED_EXTERNAL_TRANSLATION
"f32r.3,+P0",f32r,743,qokchor chor cthol chol dol dcheodain daiin,H08 R11 R07 R07 R06 R00 R10,S1_MULTI_TRANSCRIPTION_STRICT_CORE,S1,FORMAL_G1_GLOBAL_FRAME,G1,relational frame / record line,H,A,1,paragraph_continuation,OP/HEAD LABEL-LEX ARG/FILL FUNC-PARTICLE FUNC-PARTICLE ARG/FILL FUNC-PARTICLE,OP/HEAD / LABEL-LEX / ARG/FILL / FUNC-PARTICLE / FUNC-PARTICLE / ARG/FILL / FUNC-PARTICLE,NO_VERIFIED_EXTERNAL_TRANSLATION
"f32r.6,+P0",f32r,746,fcho tcheychedy,R06 R00,S2_STRONG_BUT_PARTIAL_TRANSCRIPTION_CORE,S2,FORMAL_G3C_NONFRAME_SHORTFORM_HP,G3C,compact label / index / list entry,H,A,1,paragraph_continuation,LABEL-FIELD LABEL-FIELD,LABEL-FIELD / LABEL-FIELD,NO_VERIFIED_EXTERNAL_TRANSLATION
"f32r.9,+P0",f32r,749,dytchor dary,R00 R06,S1_MULTI_TRANSCRIPTION_STRICT_CORE,S1,FORMAL_G3C_NONFRAME_SHORTFORM_HP,G3C,compact label / index / list entry,H,A,1,paragraph_continuation,LABEL-FIELD LABEL-FIELD,LABEL-FIELD / LABEL-FIELD,NO_VERIFIED_EXTERNAL_TRANSLATION
"f32r.14,+P0",f32r,754,schey qotshey daiin cths,R06 H13 R10 R04,S2_STRONG_BUT_PARTIAL_TRANSCRIPTION_CORE,S2,FORMAL_G1_GLOBAL_FRAME,G1,relational frame / record line,H,A,1,paragraph_continuation,ARG/FILL OP/HEAD FUNC-PARTICLE QUAL/TAIL,ARG/FILL / OP/HEAD / FUNC-PARTICLE / QUAL/TAIL,NO_VERIFIED_EXTERNAL_TRANSLATION
"f32r.17,+P0",f32r,757,chokeol dchoty,R00 R06,S1_MULTI_TRANSCRIPTION_STRICT_CORE,S1,FORMAL_G3C_NONFRAME_SHORTFORM_HP,G3C,compact label / index / list entry,H,A,1,paragraph_continuation,LABEL-FIELD LABEL-FIELD,LABEL-FIELD / LABEL-FIELD,NO_VERIFIED_EXTERNAL_TRANSLATION
"f32r.18,+P0",f32r,758,doiin shoshy,R06 R06,S1_MULTI_TRANSCRIPTION_STRICT_CORE,S1,FORMAL_G3C_NONFRAME_SHORTFORM_HP,G3C,compact label / index / list entry,H,A,1,paragraph_continuation,LABEL-FIELD LABEL-FIELD,LABEL-FIELD / LABEL-FIELD,NO_VERIFIED_EXTERNAL_TRANSLATION
"f32v.6,+P0",f32v,765,okchan cholshal dchcthy,R00 R07 R00,S2_STRONG_BUT_PARTIAL_TRANSCRIPTION_CORE,S2,FORMAL_G3C_NONFRAME_SHORTFORM_HP,G3C,compact label / index / list entry,H,A,1,paragraph_continuation,LABEL-FIELD LABEL-FIELD LABEL-FIELD,LABEL-FIELD / LABEL-FIELD / LABEL-FIELD,NO_VERIFIED_EXTERNAL_TRANSLATION
"f32v.9,+P0",f32v,768,qotchy cfhy skey chocthy daiin cthaiin daiin,H13 R00 R06 R00 R10 R04 R10,S1_MULTI_TRANSCRIPTION_STRICT_CORE,S1,FORMAL_G1_GLOBAL_FRAME,G1,relational frame / record line,H,A,1,paragraph_continuation,OPERATOR ARG/FILL ARG/FILL ARG/FILL FUNC-PARTICLE QUAL/TAIL FUNC-PARTICLE,OPERATOR / ARG/FILL / ARG/FILL / ARG/FILL / FUNC-PARTICLE / QUAL/TAIL / FUNC-PARTICLE,NO_VERIFIED_EXTERNAL_TRANSLATION
"f32v.10,+P0",f32v,769,sho keol chor chol daiin cphol cthol da ar,R06 R06 R11 R07 R10 R00 R07 R06 R06,S1_MULTI_TRANSCRIPTION_STRICT_CORE,S1,FORMAL_G3C_NONFRAME_SHORTFORM_HP,G3C,compact label / index / list entry,H,A,1,paragraph_continuation,LABEL-FIELD LABEL-FIELD LABEL-LEX FUNC-PARTICLE FUNC-PARTICLE LABEL-FIELD LABEL-FIELD LABEL-FIELD FUNC-PARTICLE,LABEL-FIELD / LABEL-FIELD / LABEL-LEX / FUNC-PARTICLE / FUNC-PARTICLE / LABEL-FIELD / LABEL-FIELD / LABEL-FIELD / FUNC-PARTICLE,NO_VERIFIED_EXTERNAL_TRANSLATION
"f32v.11,+P0",f32v,770,ol sho chy,R06 R06 R00,S1_MULTI_TRANSCRIPTION_STRICT_CORE,S1,FORMAL_G3C_NONFRAME_SHORTFORM_HP,G3C,compact label / index / list entry,H,A,1,paragraph_continuation,FUNC-PARTICLE LABEL-FIELD FUNC-PARTICLE,FUNC-PARTICLE / LABEL-FIELD / FUNC-PARTICLE,NO_VERIFIED_EXTERNAL_TRANSLATION
"f33r.3,+P0",f33r,773,laiin y cheky qokedy shedy chdal chechdaiin qokchy ody chekeedy yka,R00 R06 R06 H12 R06 R09 R00 H08 R00 R00 R06,S2_STRONG_BUT_PARTIAL_TRANSCRIPTION_CORE,S2,FORMAL_G1_GLOBAL_FRAME,G1,relational frame / record line,H,B,2,paragraph_continuation,ARG/FILL FUNC-PARTICLE FUNC-PARTICLE FUNC-PARTICLE FUNC-PARTICLE QUAL/TAIL ARG/FILL OP/HEAD ARG/FILL ARG/FILL ARG/FILL,ARG/FILL / FUNC-PARTICLE / FUNC-PARTICLE / FUNC-PARTICLE / FUNC-PARTICLE / QUAL/TAIL / ARG/FILL / OP/HEAD / ARG/FILL / ARG/FILL / ARG/FILL,NO_VERIFIED_EXTERNAL_TRANSLATION
"f33r.4,+P0",f33r,774,taiin chekey or alaiiin saiin okaiin dar cheedy chkeey far aiin s,R06 R00 R06 R00 R06 R10 R06 R06 R00 R06 R06 R06,S1_MULTI_TRANSCRIPTION_STRICT_CORE,S1,FORMAL_G3C_NONFRAME_SHORTFORM_HP,G3C,compact label / index / list entry,H,B,2,paragraph_continuation,LABEL-FIELD LABEL-FIELD FUNC-PARTICLE LABEL-FIELD FUNC-PARTICLE FUNC-PARTICLE FUNC-PARTICLE LABEL-FIELD LABEL-FIELD LABEL-FIELD FUNC-PARTICLE FUNC-PARTICLE,LABEL-FIELD / LABEL-FIELD / FUNC-PARTICLE / LABEL-FIELD / FUNC-PARTICLE / FUNC-PARTICLE / FUNC-PARTICLE / LABEL-FIELD / LABEL-FIELD / LABEL-FIELD / FUNC-PARTICLE / FUNC-PARTICLE,NO_VERIFIED_EXTERNAL_TRANSLATION
"f34r.2,+P0",f34r,790,ytar sheody olam octhedy otedy chdain oltey kchyty,R06 R06 R00 R00 R01 R00 R00 R06,S2_STRONG_BUT_PARTIAL_TRANSCRIPTION_CORE,S2,FORMAL_G2_CORE_LOCAL_KERNEL,G2,zone-local kernel / record line,H,B,2,paragraph_continuation,ARG/FILL ARG/FILL ARG/FILL ARG/FILL FUNC-PARTICLE ARG/FILL ARG/FILL ARG/FILL,ARG/FILL / ARG/FILL / ARG/FILL / ARG/FILL / FUNC-PARTICLE / ARG/FILL / ARG/FILL / ARG/FILL,NO_VERIFIED_EXTERNAL_TRANSLATION
"f34r.4,+P0",f34r,792,ytedy daiin chey aiin shy chckhy oltchedy otedy dam checthy,R00 R10 R06 R06 R06 R00 R00 R01 R06 R00,S1_MULTI_TRANSCRIPTION_STRICT_CORE,S1,FORMAL_G2_CORE_LOCAL_KERNEL,G2,zone-local kernel / record line,H,B,2,paragraph_continuation,ARG/FILL FUNC-PARTICLE FUNC-PARTICLE FUNC-PARTICLE FUNC-PARTICLE FUNC-PARTICLE ARG/FILL FUNC-PARTICLE FUNC-PARTICLE ARG/FILL,ARG/FILL / FUNC-PARTICLE / FUNC-PARTICLE / FUNC-PARTICLE / FUNC-PARTICLE / FUNC-PARTICLE / ARG/FILL / FUNC-PARTICLE / FUNC-PARTICLE / ARG/FILL,NO_VERIFIED_EXTERNAL_TRANSLATION
"f34r.7,+P0",f34r,795,qokedy dal chdy olchy ykch ykedy qokchdy s as oldam,H12 R09 R02 R00 R06 R00 H09 R06 R00 R00,S2_STRONG_BUT_PARTIAL_TRANSCRIPTION_CORE,S2,FORMAL_G2_CORE_LOCAL_KERNEL,G2,zone-local kernel / record line,H,B,2,paragraph_continuation,FUNC-PARTICLE FUNC-PARTICLE FUNC-PARTICLE ARG/FILL ARG/FILL ARG/FILL FUNC-PARTICLE FUNC-PARTICLE ARG/FILL ARG/FILL,FUNC-PARTICLE / FUNC-PARTICLE / FUNC-PARTICLE / ARG/FILL / ARG/FILL / ARG/FILL / FUNC-PARTICLE / FUNC-PARTICLE / ARG/FILL / ARG/FILL,NO_VERIFIED_EXTERNAL_TRANSLATION
"f34r.11,+P0",f34r,799,qokeey sh kaldaiin cheky cthdaly otchedy chty saiin,H08 R06 R00 R06 R09 R00 R00 R06,S2_STRONG_BUT_PARTIAL_TRANSCRIPTION_CORE,S2,FORMAL_G2_CORE_LOCAL_KERNEL,G2,zone-local kernel / record line,H,B,2,paragraph_continuation,FUNC-PARTICLE ARG/FILL ARG/FILL FUNC-PARTICLE QUAL/TAIL ARG/FILL ARG/FILL FUNC-PARTICLE,FUNC-PARTICLE / ARG/FILL / ARG/FILL / FUNC-PARTICLE / QUAL/TAIL / ARG/FILL / ARG/FILL / FUNC-PARTICLE,NO_VERIFIED_EXTERNAL_TRANSLATION
"f34r.13,+P0",f34r,801,ykeo lor ochey oly okaly kechdy qokchdy chor ar aiiin daly,R06 R00 R00 R06 R00 R06 H09 R11 R06 R00 R09,S1_MULTI_TRANSCRIPTION_STRICT_CORE,S1,FORMAL_G2_CORE_LOCAL_KERNEL,G2,zone-local kernel / record line,H,B,2,paragraph_continuation,ARG/FILL ARG-LEX ARG/FILL FUNC-PARTICLE ARG/FILL ARG/FILL FUNC-PARTICLE LABEL-LEX FUNC-PARTICLE ARG/FILL QUAL/TAIL,ARG/FILL / ARG-LEX / ARG/FILL / FUNC-PARTICLE / ARG/FILL / ARG/FILL / FUNC-PARTICLE / LABEL-LEX / FUNC-PARTICLE / ARG/FILL / QUAL/TAIL,NO_VERIFIED_EXTERNAL_TRANSLATION
"f35r.3,+P0",f35r,817,dchaiin cthey qotchey taiin cthory,R00 R04 H13 R06 R04,S1_MULTI_TRANSCRIPTION_STRICT_CORE,S1,FORMAL_G1_GLOBAL_FRAME,G1,relational frame / record line,H,A,1,paragraph_continuation,ARG/FILL QUAL/TAIL OP/HEAD ARG/FILL QUAL/TAIL,ARG/FILL / QUAL/TAIL / OP/HEAD / ARG/FILL / QUAL/TAIL,NO_VERIFIED_EXTERNAL_TRANSLATION
"f35r.6,+P0",f35r,820,schaiin char chan daiin,R00 R11 R00 R10,S1_MULTI_TRANSCRIPTION_STRICT_CORE,S1,FORMAL_G3C_NONFRAME_SHORTFORM_HP,G3C,compact label / index / list entry,H,A,1,paragraph_continuation,LABEL-FIELD LABEL-FIELD LABEL-FIELD FUNC-PARTICLE,LABEL-FIELD / LABEL-FIELD / LABEL-FIELD / FUNC-PARTICLE,NO_VERIFIED_EXTERNAL_TRANSLATION
"f35r.7,+P0",f35r,821,shosaiin tchor choky,R00 R06 R00,S1_MULTI_TRANSCRIPTION_STRICT_CORE,S1,FORMAL_G3C_NONFRAME_SHORTFORM_HP,G3C,compact label / index / list entry,H,A,1,paragraph_continuation,LABEL-FIELD LABEL-FIELD LABEL-FIELD,LABEL-FIELD / LABEL-FIELD / LABEL-FIELD,NO_VERIFIED_EXTERNAL_TRANSLATION
"f35r.12,+P0",f35r,826,olor chy chaiin chy taiin kchey koldy chetchaiin,R00 R00 R00 R00 R06 R06 R06 R00,S1_MULTI_TRANSCRIPTION_STRICT_CORE,S1,FORMAL_G3C_NONFRAME_SHORTFORM_HP,G3C,compact label / index / list entry,H,A,1,paragraph_continuation,LABEL-FIELD FUNC-PARTICLE LABEL-LEX FUNC-PARTICLE LABEL-FIELD LABEL-FIELD LABEL-FIELD LABEL-FIELD,LABEL-FIELD / FUNC-PARTICLE / LABEL-LEX / FUNC-PARTICLE / LABEL-FIELD / LABEL-FIELD / LABEL-FIELD / LABEL-FIELD,NO_VERIFIED_EXTERNAL_TRANSLATION
"f35r.15,+P0",f35r,829,ochor s chiin daiin ytain,R00 R06 R00 R10 R06,S1_MULTI_TRANSCRIPTION_STRICT_CORE,S1,FORMAL_G3C_NONFRAME_SHORTFORM_HP,G3C,compact label / index / list entry,H,A,1,paragraph_continuation,LABEL-FIELD FUNC-PARTICLE LABEL-FIELD FUNC-PARTICLE LABEL-FIELD,LABEL-FIELD / FUNC-PARTICLE / LABEL-FIELD / FUNC-PARTICLE / LABEL-FIELD,NO_VERIFIED_EXTERNAL_TRANSLATION
"f35v.5,+P0",f35v,834,dchokchy chocthy chckhor,R00 R00 R00,S1_MULTI_TRANSCRIPTION_STRICT_CORE,S1,FORMAL_G3C_NONFRAME_SHORTFORM_HP,G3C,compact label / index / list entry,H,A,1,paragraph_continuation,LABEL-FIELD LABEL-FIELD LABEL-FIELD,LABEL-FIELD / LABEL-FIELD / LABEL-FIELD,NO_VERIFIED_EXTERNAL_TRANSLATION
"f35v.13,+P0",f35v,842,ol char od ar chear,R06 R11 R00 R06 R00,S1_MULTI_TRANSCRIPTION_STRICT_CORE,S1,FORMAL_G3C_NONFRAME_SHORTFORM_HP,G3C,compact label / index / list entry,H,A,1,paragraph_continuation,FUNC-PARTICLE LABEL-FIELD LABEL-FIELD FUNC-PARTICLE LABEL-FIELD,FUNC-PARTICLE / LABEL-FIELD / LABEL-FIELD / FUNC-PARTICLE / LABEL-FIELD,NO_VERIFIED_EXTERNAL_TRANSLATION
"f35v.16,+P0",f35v,845,ydaiin okeey daiin,R06 R06 R10,S2_STRONG_BUT_PARTIAL_TRANSCRIPTION_CORE,S2,FORMAL_G3C_NONFRAME_SHORTFORM_HP,G3C,compact label / index / list entry,H,A,1,paragraph_continuation,LABEL-FIELD FUNC-PARTICLE FUNC-PARTICLE,LABEL-FIELD / FUNC-PARTICLE / FUNC-PARTICLE,NO_VERIFIED_EXTERNAL_TRANSLATION
"f35v.19,+P0",f35v,848,schokey ykeol chol daiin,R00 R06 R07 R10,S1_MULTI_TRANSCRIPTION_STRICT_CORE,S1,FORMAL_G3C_NONFRAME_SHORTFORM_HP,G3C,compact label / index / list entry,H,A,1,paragraph_continuation,LABEL-FIELD LABEL-FIELD FUNC-PARTICLE FUNC-PARTICLE,LABEL-FIELD / LABEL-FIELD / FUNC-PARTICLE / FUNC-PARTICLE,NO_VERIFIED_EXTERNAL_TRANSLATION
"f35v.20,+P0",f35v,849,sodaiin shy dchy ckhy dan,R10 R06 R06 R00 R06,S1_MULTI_TRANSCRIPTION_STRICT_CORE,S1,FORMAL_G3C_NONFRAME_SHORTFORM_HP,G3C,compact label / index / list entry,H,A,1,paragraph_continuation,LABEL-FIELD FUNC-PARTICLE LABEL-FIELD LABEL-FIELD LABEL-FIELD,LABEL-FIELD / FUNC-PARTICLE / LABEL-FIELD / LABEL-FIELD / LABEL-FIELD,NO_VERIFIED_EXTERNAL_TRANSLATION
"f36v.8,+P1",f36v,867,ykshy ytchy dol ytydy yky,R06 R06 R06 R00 R06,S2_STRONG_BUT_PARTIAL_TRANSCRIPTION_CORE,S2,FORMAL_G3C_NONFRAME_SHORTFORM_HP,G3C,compact label / index / list entry,H,A,1,paragraph_continuation,LABEL-FIELD LABEL-FIELD FUNC-PARTICLE LABEL-FIELD LABEL-FIELD,LABEL-FIELD / LABEL-FIELD / FUNC-PARTICLE / LABEL-FIELD / LABEL-FIELD,NO_VERIFIED_EXTERNAL_TRANSLATION
"f36v.9,+P1",f36v,868,okaiin ykcholqod chory,R10 R07 R00,S2_STRONG_BUT_PARTIAL_TRANSCRIPTION_CORE,S2,FORMAL_G3C_NONFRAME_SHORTFORM_HP,G3C,compact label / index / list entry,H,A,1,paragraph_continuation,FUNC-PARTICLE LABEL-FIELD LABEL-FIELD,FUNC-PARTICLE / LABEL-FIELD / LABEL-FIELD,NO_VERIFIED_EXTERNAL_TRANSLATION
"f36v.14,+P1",f36v,873,soiin chtain,R06 R00,S1_MULTI_TRANSCRIPTION_STRICT_CORE,S1,FORMAL_G3C_NONFRAME_SHORTFORM_HP,G3C,compact label / index / list entry,H,A,1,paragraph_continuation,LABEL-FIELD LABEL-FIELD,LABEL-FIELD / LABEL-FIELD,NO_VERIFIED_EXTERNAL_TRANSLATION
"f37r.11,+P0",f37r,884,okchor daiin ckhy dain daiin,R00 R10 R00 R06 R10,S2_STRONG_BUT_PARTIAL_TRANSCRIPTION_CORE,S2,FORMAL_G3C_NONFRAME_SHORTFORM_HP,G3C,compact label / index / list entry,H,A,1,paragraph_continuation,LABEL-FIELD FUNC-PARTICLE LABEL-FIELD FUNC-PARTICLE FUNC-PARTICLE,LABEL-FIELD / FUNC-PARTICLE / LABEL-FIELD / FUNC-PARTICLE / FUNC-PARTICLE,NO_VERIFIED_EXTERNAL_TRANSLATION
"f37v.2,+P0",f37v,886,dor chol cthor orchochor daiin,R06 R07 R04 R00 R10,S2_STRONG_BUT_PARTIAL_TRANSCRIPTION_CORE,S2,FORMAL_G3C_NONFRAME_SHORTFORM_HP,G3C,compact label / index / list entry,H,A,1,paragraph_continuation,LABEL-FIELD FUNC-PARTICLE LABEL-FIELD LABEL-FIELD FUNC-PARTICLE,LABEL-FIELD / FUNC-PARTICLE / LABEL-FIELD / LABEL-FIELD / FUNC-PARTICLE,NO_VERIFIED_EXTERNAL_TRANSLATION
"f37v.13,+P0",f37v,897,sotoiiin,R00,S1_MULTI_TRANSCRIPTION_STRICT_CORE,S1,FORMAL_G3C_NONFRAME_SHORTFORM_HP,G3C,compact label / index / list entry,H,A,1,paragraph_continuation,LABEL-FIELD,LABEL-FIELD,NO_VERIFIED_EXTERNAL_TRANSLATION
"f37v.14,+P0",f37v,898,todain cphaiin cphorods,R06 R00 R00,S1_MULTI_TRANSCRIPTION_STRICT_CORE,S1,FORMAL_G3C_NONFRAME_SHORTFORM_HP,G3C,compact label / index / list entry,H,A,1,paragraph_continuation,LABEL-FIELD LABEL-FIELD LABEL-FIELD,LABEL-FIELD / LABEL-FIELD / LABEL-FIELD,NO_VERIFIED_EXTERNAL_TRANSLATION
"f37v.15,+P0",f37v,899,soiiin cheoky daiin dain,R06 R00 R10 R06,S1_MULTI_TRANSCRIPTION_STRICT_CORE,S1,FORMAL_G3C_NONFRAME_SHORTFORM_HP,G3C,compact label / index / list entry,H,A,1,paragraph_continuation,LABEL-FIELD LABEL-FIELD FUNC-PARTICLE FUNC-PARTICLE,LABEL-FIELD / LABEL-FIELD / FUNC-PARTICLE / FUNC-PARTICLE,NO_VERIFIED_EXTERNAL_TRANSLATION
"f37v.18,+P0",f37v,902,oyteey daiin daiinody,R00 R10 R00,S1_MULTI_TRANSCRIPTION_STRICT_CORE,S1,FORMAL_G3C_NONFRAME_SHORTFORM_HP,G3C,compact label / index / list entry,H,A,1,paragraph_continuation,LABEL-FIELD FUNC-PARTICLE LABEL-FIELD,LABEL-FIELD / FUNC-PARTICLE / LABEL-FIELD,NO_VERIFIED_EXTERNAL_TRANSLATION
"f39r.7,+P0",f39r,928,dchdar chedy cholal qokedar chdy chckhdy dar ar al ydy eees aiiin,R06 R02 R07 H08 R02 R00 R06 R06 R06 R06 R00 R00,S2_STRONG_BUT_PARTIAL_TRANSCRIPTION_CORE,S2,FORMAL_G2_CORE_LOCAL_KERNEL,G2,zone-local kernel / record line,H,B,2,paragraph_continuation,ARG/FILL FUNC-PARTICLE ARG/FILL OP/HEAD FUNC-PARTICLE ARG-LEX FUNC-PARTICLE FUNC-PARTICLE FUNC-PARTICLE ARG/FILL ARG/FILL ARG/FILL,ARG/FILL / FUNC-PARTICLE / ARG/FILL / OP/HEAD / FUNC-PARTICLE / ARG-LEX / FUNC-PARTICLE / FUNC-PARTICLE / FUNC-PARTICLE / ARG/FILL / ARG/FILL / ARG/FILL,NO_VERIFIED_EXTERNAL_TRANSLATION
"f39r.11,+P0",f39r,932,dshdy ar aiin y yk chdy ykal olkaiin qokaldar cheol dar aiin,R06 R06 R06 R06 R06 R02 R06 R00 H08 R00 R06 R06,S2_STRONG_BUT_PARTIAL_TRANSCRIPTION_CORE,S2,FORMAL_G2_CORE_LOCAL_KERNEL,G2,zone-local kernel / record line,H,B,2,paragraph_continuation,ARG/FILL FUNC-PARTICLE FUNC-PARTICLE FUNC-PARTICLE ARG/FILL FUNC-PARTICLE ARG/FILL ARG/FILL OP/HEAD FUNC-PARTICLE FUNC-PARTICLE FUNC-PARTICLE,ARG/FILL / FUNC-PARTICLE / FUNC-PARTICLE / FUNC-PARTICLE / ARG/FILL / FUNC-PARTICLE / ARG/FILL / ARG/FILL / OP/HEAD / FUNC-PARTICLE / FUNC-PARTICLE / FUNC-PARTICLE,NO_VERIFIED_EXTERNAL_TRANSLATION
"f39v.9,+P0",f39v,946,tar aiin dal ar ain cheor ydam shody okal shdy kshy or,R06 R06 R09 R06 R06 R00 R06 R06 R07 R06 R06 R06,S1_MULTI_TRANSCRIPTION_STRICT_CORE,S1,FORMAL_G3C_NONFRAME_SHORTFORM_HP,G3C,compact label / index / list entry,H,B,2,paragraph_continuation,LABEL-FIELD FUNC-PARTICLE FUNC-PARTICLE FUNC-PARTICLE LABEL-FIELD LABEL-FIELD LABEL-FIELD LABEL-FIELD FUNC-PARTICLE LABEL-FIELD LABEL-FIELD FUNC-PARTICLE,LABEL-FIELD / FUNC-PARTICLE / FUNC-PARTICLE / FUNC-PARTICLE / LABEL-FIELD / LABEL-FIELD / LABEL-FIELD / LABEL-FIELD / FUNC-PARTICLE / LABEL-FIELD / LABEL-FIELD / FUNC-PARTICLE,NO_VERIFIED_EXTERNAL_TRANSLATION
"f40r.5,+P0",f40r,956,lokar qokar okar okol ol chedy qokchd ar ar or da,R00 R03 R03 R07 R06 R02 H08 R06 R06 R06 R06,S1_MULTI_TRANSCRIPTION_STRICT_CORE,S1,FORMAL_G1_GLOBAL_FRAME,G1,relational frame / record line,H,B,2,paragraph_continuation,ARG/FILL FUNC-PARTICLE FUNC-PARTICLE FUNC-PARTICLE FUNC-PARTICLE FUNC-PARTICLE OP/HEAD FUNC-PARTICLE FUNC-PARTICLE FUNC-PARTICLE ARG/FILL,ARG/FILL / FUNC-PARTICLE / FUNC-PARTICLE / FUNC-PARTICLE / FUNC-PARTICLE / FUNC-PARTICLE / OP/HEAD / FUNC-PARTICLE / FUNC-PARTICLE / FUNC-PARTICLE / ARG/FILL,NO_VERIFIED_EXTERNAL_TRANSLATION
"f40v.1,@P0",f40v,963,pchedain chefaiin oldy,R00 R00 R00,S1_MULTI_TRANSCRIPTION_STRICT_CORE,S1,FORMAL_G3C_NONFRAME_SHORTFORM_HP,G3C,compact label / index / list entry,H,B,2,paragraph_start,LABEL-FIELD LABEL-FIELD LABEL-FIELD,LABEL-FIELD / LABEL-FIELD / LABEL-FIELD,NO_VERIFIED_EXTERNAL_TRANSLATION
"f40v.4,+P0",f40v,966,taraiin okaiin ch,R00 R10 R00,S1_MULTI_TRANSCRIPTION_STRICT_CORE,S1,FORMAL_G3C_NONFRAME_SHORTFORM_HP,G3C,compact label / index / list entry,H,B,2,paragraph_continuation,LABEL-FIELD FUNC-PARTICLE LABEL-FIELD,LABEL-FIELD / FUNC-PARTICLE / LABEL-FIELD,NO_VERIFIED_EXTERNAL_TRANSLATION
"f40v.5,+P0",f40v,967,solaiin okar oly chckhy,R00 R03 R06 R00,S1_MULTI_TRANSCRIPTION_STRICT_CORE,S1,FORMAL_G2_CORE_LOCAL_KERNEL,G2,zone-local kernel / record line,H,B,2,paragraph_continuation,ARG/FILL FUNC-PARTICLE FUNC-PARTICLE FUNC-PARTICLE,ARG/FILL / FUNC-PARTICLE / FUNC-PARTICLE / FUNC-PARTICLE,NO_VERIFIED_EXTERNAL_TRANSLATION
"f40v.12,+P0",f40v,974,ycheekeey daiin okaiin,R00 R10 R10,S1_MULTI_TRANSCRIPTION_STRICT_CORE,S1,FORMAL_G3C_NONFRAME_SHORTFORM_HP,G3C,compact label / index / list entry,H,B,2,paragraph_continuation,LABEL-FIELD FUNC-PARTICLE FUNC-PARTICLE,LABEL-FIELD / FUNC-PARTICLE / FUNC-PARTICLE,NO_VERIFIED_EXTERNAL_TRANSLATION
"f40v.13,+P0",f40v,975,toees chedy kedy olfchedy qokedy daiin chefain,R06 R02 R06 R00 H12 R10 R00,S1_MULTI_TRANSCRIPTION_STRICT_CORE,S1,FORMAL_G2_CORE_LOCAL_KERNEL,G2,zone-local kernel / record line,H,B,2,paragraph_continuation,ARG/FILL FUNC-PARTICLE ARG/FILL ARG/FILL FUNC-PARTICLE FUNC-PARTICLE ARG/FILL,ARG/FILL / FUNC-PARTICLE / ARG/FILL / ARG/FILL / FUNC-PARTICLE / FUNC-PARTICLE / ARG/FILL,NO_VERIFIED_EXTERNAL_TRANSLATION
"f40v.15,+P0",f40v,977,qokchey qody or aiiin okaiin ockhy sheod faimy,H08 H20 R06 R00 R10 R00 R06 R06,S2_STRONG_BUT_PARTIAL_TRANSCRIPTION_CORE,S2,FORMAL_G2_CORE_LOCAL_KERNEL,G2,zone-local kernel / record line,H,B,2,paragraph_continuation,OP/HEAD OP/HEAD FUNC-PARTICLE ARG/FILL FUNC-PARTICLE ARG/FILL ARG/FILL ARG/FILL,OP/HEAD / OP/HEAD / FUNC-PARTICLE / ARG/FILL / FUNC-PARTICLE / ARG/FILL / ARG/FILL / ARG/FILL,NO_VERIFIED_EXTERNAL_TRANSLATION
"f40v.16,+P0",f40v,978,shol kedy lor ar okar qoky kedy r yteey qokam,R08 R06 R00 R06 R03 H01 R06 R00 R06 H08,S1_MULTI_TRANSCRIPTION_STRICT_CORE,S1,FORMAL_G2_CORE_LOCAL_KERNEL,G2,zone-local kernel / record line,H,B,2,paragraph_continuation,FUNC-PARTICLE ARG/FILL ARG-LEX FUNC-PARTICLE FUNC-PARTICLE FUNC-PARTICLE ARG/FILL LABEL-LEX ARG-LEX OP/HEAD,FUNC-PARTICLE / ARG/FILL / ARG-LEX / FUNC-PARTICLE / FUNC-PARTICLE / FUNC-PARTICLE / ARG/FILL / LABEL-LEX / ARG-LEX / OP/HEAD,NO_VERIFIED_EXTERNAL_TRANSLATION
"f40v.17,+P0",f40v,979,tochey qokeedy qokaiin okeos qokar okees ar oy,R06 H01 H08 R00 R03 R00 R06 R00,S1_MULTI_TRANSCRIPTION_STRICT_CORE,S1,FORMAL_G2_CORE_LOCAL_KERNEL,G2,zone-local kernel / record line,H,B,2,paragraph_continuation,ARG/FILL FUNC-PARTICLE FUNC-PARTICLE ARG/FILL FUNC-PARTICLE ARG/FILL FUNC-PARTICLE ARG/FILL,ARG/FILL / FUNC-PARTICLE / FUNC-PARTICLE / ARG/FILL / FUNC-PARTICLE / ARG/FILL / FUNC-PARTICLE / ARG/FILL,NO_VERIFIED_EXTERNAL_TRANSLATION
"f40v.18,+P0",f40v,980,saiin otain chckhy okal okair arol qokey okary,R06 R00 R00 R07 R00 R00 H08 R00,S1_MULTI_TRANSCRIPTION_STRICT_CORE,S1,FORMAL_G2_CORE_LOCAL_KERNEL,G2,zone-local kernel / record line,H,B,2,paragraph_continuation,FUNC-PARTICLE FUNC-PARTICLE FUNC-PARTICLE FUNC-PARTICLE ARG/FILL ARG/FILL FUNC-PARTICLE LABEL-LEX,FUNC-PARTICLE / FUNC-PARTICLE / FUNC-PARTICLE / FUNC-PARTICLE / ARG/FILL / ARG/FILL / FUNC-PARTICLE / LABEL-LEX,NO_VERIFIED_EXTERNAL_TRANSLATION
"f40v.19,+Pc",f40v,981,pchedy chetar ofair arody,R06 R00 R00 R00,S1_MULTI_TRANSCRIPTION_STRICT_CORE,S1,FORMAL_G2_CORE_LOCAL_KERNEL,G2,zone-local kernel / record line,H,B,2,paragraph_continuation,ARG-LEX ARG/FILL ARG/FILL ARG/FILL,ARG-LEX / ARG/FILL / ARG/FILL / ARG/FILL,NO_VERIFIED_EXTERNAL_TRANSLATION
"f41r.7,+P0",f41r,988,parchdy kchey yteedy qokeod okedy chkedy qokedy ched qokedy,R00 R06 R00 H08 R00 R00 H12 R00 H12,S1_MULTI_TRANSCRIPTION_STRICT_CORE,S1,FORMAL_G1_GLOBAL_FRAME,G1,relational frame / record line,H,B,5,paragraph_continuation,ARG/FILL ARG/FILL ARG/FILL OP/HEAD FUNC-PARTICLE ARG/FILL FUNC-PARTICLE ARG/FILL FUNC-PARTICLE,ARG/FILL / ARG/FILL / ARG/FILL / OP/HEAD / FUNC-PARTICLE / ARG/FILL / FUNC-PARTICLE / ARG/FILL / FUNC-PARTICLE,NO_VERIFIED_EXTERNAL_TRANSLATION
"f41r.10,+P0",f41r,991,sshok shedy qekchdy dchdaldy ykedy qokeedy qokedy qokeg,R06 R06 R00 R00 R00 H01 H12 H08,S1_MULTI_TRANSCRIPTION_STRICT_CORE,S1,FORMAL_G1_GLOBAL_FRAME,G1,relational frame / record line,H,B,5,paragraph_continuation,ARG/FILL FUNC-PARTICLE ARG/FILL ARG/FILL ARG/FILL FUNC-PARTICLE FUNC-PARTICLE OP/HEAD,ARG/FILL / FUNC-PARTICLE / ARG/FILL / ARG/FILL / ARG/FILL / FUNC-PARTICLE / FUNC-PARTICLE / OP/HEAD,NO_VERIFIED_EXTERNAL_TRANSLATION
"f42r.3,+P0",f42r,1003,toshy chtshar chotar chain dal,R06 R00 R00 R00 R09,S1_MULTI_TRANSCRIPTION_STRICT_CORE,S1,FORMAL_G3C_NONFRAME_SHORTFORM_HP,G3C,compact label / index / list entry,H,A,1,paragraph_continuation,LABEL-FIELD LABEL-FIELD LABEL-FIELD LABEL-FIELD FUNC-PARTICLE,LABEL-FIELD / LABEL-FIELD / LABEL-FIELD / LABEL-FIELD / FUNC-PARTICLE,NO_VERIFIED_EXTERNAL_TRANSLATION
"f42r.6,+Pc",f42r,1006,dorain ar,R06 R06,S1_MULTI_TRANSCRIPTION_STRICT_CORE,S1,FORMAL_G3C_NONFRAME_SHORTFORM_HP,G3C,compact label / index / list entry,H,A,1,paragraph_continuation,LABEL-FIELD FUNC-PARTICLE,LABEL-FIELD / FUNC-PARTICLE,NO_VERIFIED_EXTERNAL_TRANSLATION
"f42r.9,+P0",f42r,1009,qotchr otchol ctho kchodan chkchory,H13 R07 R04 R00 R00,S1_MULTI_TRANSCRIPTION_STRICT_CORE,S1,FORMAL_G1_GLOBAL_FRAME,G1,relational frame / record line,H,A,1,paragraph_continuation,OP/HEAD ARG/FILL QUAL/TAIL ARG/FILL ARG/FILL,OP/HEAD / ARG/FILL / QUAL/TAIL / ARG/FILL / ARG/FILL,NO_VERIFIED_EXTERNAL_TRANSLATION
"f42r.11,+P0",f42r,1011,qotor cho chody daiin shol ctheey dar chy daiidy,H13 R00 R00 R10 R08 R04 R06 R00 R06,S1_MULTI_TRANSCRIPTION_STRICT_CORE,S1,FORMAL_G1_GLOBAL_FRAME,G1,relational frame / record line,H,A,1,paragraph_continuation,OP/HEAD ARG/FILL ARG/FILL FUNC-PARTICLE FUNC-PARTICLE QUAL/TAIL FUNC-PARTICLE FUNC-PARTICLE ARG/FILL,OP/HEAD / ARG/FILL / ARG/FILL / FUNC-PARTICLE / FUNC-PARTICLE / QUAL/TAIL / FUNC-PARTICLE / FUNC-PARTICLE / ARG/FILL,NO_VERIFIED_EXTERNAL_TRANSLATION
"f42r.15,+Pr",f42r,1015,pchody otshey dodaiin,R06 R00 R10,S1_MULTI_TRANSCRIPTION_STRICT_CORE,S1,FORMAL_G3C_NONFRAME_SHORTFORM_HP,G3C,compact label / index / list entry,H,A,1,paragraph_continuation,LABEL-FIELD LABEL-FIELD LABEL-FIELD,LABEL-FIELD / LABEL-FIELD / LABEL-FIELD,NO_VERIFIED_EXTERNAL_TRANSLATION
"f42r.20,+P0",f42r,1020,shol chol shoky okol sho chol shol chal,R08 R07 R06 R07 R06 R07 R08 R00,S1_MULTI_TRANSCRIPTION_STRICT_CORE,S1,FORMAL_G3C_NONFRAME_SHORTFORM_HP,G3C,compact label / index / list entry,H,A,1,paragraph_continuation,FUNC-PARTICLE FUNC-PARTICLE LABEL-FIELD FUNC-PARTICLE LABEL-FIELD FUNC-PARTICLE FUNC-PARTICLE LABEL-FIELD,FUNC-PARTICLE / FUNC-PARTICLE / LABEL-FIELD / FUNC-PARTICLE / LABEL-FIELD / FUNC-PARTICLE / FUNC-PARTICLE / LABEL-FIELD,NO_VERIFIED_EXTERNAL_TRANSLATION
"f42r.22,+P0",f42r,1022,kchaiin chos ckhaiin choror chaiin,R00 R00 R00 R00 R00,S1_MULTI_TRANSCRIPTION_STRICT_CORE,S1,FORMAL_G3C_NONFRAME_SHORTFORM_HP,G3C,compact label / index / list entry,H,A,1,paragraph_continuation,LABEL-FIELD LABEL-FIELD LABEL-FIELD LABEL-FIELD LABEL-LEX,LABEL-FIELD / LABEL-FIELD / LABEL-FIELD / LABEL-FIELD / LABEL-LEX,NO_VERIFIED_EXTERNAL_TRANSLATION
"f42v.8,+P0",f42v,1031,sodal saiin,R06 R06,S1_MULTI_TRANSCRIPTION_STRICT_CORE,S1,FORMAL_G3C_NONFRAME_SHORTFORM_HP,G3C,compact label / index / list entry,H,A,1,paragraph_continuation,LABEL-FIELD FUNC-PARTICLE,LABEL-FIELD / FUNC-PARTICLE,NO_VERIFIED_EXTERNAL_TRANSLATION
"f42v.15,+P0",f42v,1038,chokey chol okey,R00 R07 R00,S1_MULTI_TRANSCRIPTION_STRICT_CORE,S1,FORMAL_G3C_NONFRAME_SHORTFORM_HP,G3C,compact label / index / list entry,H,A,1,paragraph_continuation,LABEL-FIELD FUNC-PARTICLE LABEL-FIELD,LABEL-FIELD / FUNC-PARTICLE / LABEL-FIELD,NO_VERIFIED_EXTERNAL_TRANSLATION
"f42v.16,=Pt",f42v,1039,okor odeey,R00 R00,S1_MULTI_TRANSCRIPTION_STRICT_CORE,S1,FORMAL_G3C_NONFRAME_SHORTFORM_HP,G3C,compact label / index / list entry,H,A,1,paragraph_terminal_or_label,LABEL-FIELD LABEL-FIELD,LABEL-FIELD / LABEL-FIELD,NO_VERIFIED_EXTERNAL_TRANSLATION
"f43r.3,+P0",f43r,1042,yty yty oty she ody shy olor yteedy kaiin chky qotydy dar aiin ykam,R06 R06 R01 R06 R00 R06 R00 R00 R06 R00 R00 R06 R06 R06,S2_STRONG_BUT_PARTIAL_TRANSCRIPTION_CORE,S2,FORMAL_G2_CORE_LOCAL_KERNEL,G2,zone-local kernel / record line,H,B,2,paragraph_continuation,ARG/FILL ARG/FILL QUAL/TAIL ARG/FILL ARG/FILL FUNC-PARTICLE ARG/FILL ARG/FILL ARG/FILL ARG/FILL ARG/FILL FUNC-PARTICLE FUNC-PARTICLE ARG/FILL,ARG/FILL / ARG/FILL / QUAL/TAIL / ARG/FILL / ARG/FILL / FUNC-PARTICLE / ARG/FILL / ARG/FILL / ARG/FILL / ARG/FILL / ARG/FILL / FUNC-PARTICLE / FUNC-PARTICLE / ARG/FILL,NO_VERIFIED_EXTERNAL_TRANSLATION
"f43r.5,+P0",f43r,1044,ykar chdy shekody qotody qotar okedy dar choetchy dam otain ytam,R06 R02 R00 R00 H13 R00 R06 R00 R06 R00 R06,S2_STRONG_BUT_PARTIAL_TRANSCRIPTION_CORE,S2,FORMAL_G2_CORE_LOCAL_KERNEL,G2,zone-local kernel / record line,H,B,2,paragraph_continuation,ARG/FILL FUNC-PARTICLE ARG/FILL ARG/FILL OP/HEAD FUNC-PARTICLE FUNC-PARTICLE ARG/FILL FUNC-PARTICLE FUNC-PARTICLE ARG/FILL,ARG/FILL / FUNC-PARTICLE / ARG/FILL / ARG/FILL / OP/HEAD / FUNC-PARTICLE / FUNC-PARTICLE / ARG/FILL / FUNC-PARTICLE / FUNC-PARTICLE / ARG/FILL,NO_VERIFIED_EXTERNAL_TRANSLATION
"f43r.9,+P0",f43r,1048,dshedy qotedy dor cheey odain,R06 H17 R06 R06 R00,S1_MULTI_TRANSCRIPTION_STRICT_CORE,S1,FORMAL_G2_CORE_LOCAL_KERNEL,G2,zone-local kernel / record line,H,B,2,paragraph_continuation,ARG/FILL FUNC-PARTICLE ARG/FILL FUNC-PARTICLE ARG/FILL,ARG/FILL / FUNC-PARTICLE / ARG/FILL / FUNC-PARTICLE / ARG/FILL,NO_VERIFIED_EXTERNAL_TRANSLATION
"f43v.3,+P0",f43v,1056,tody teedy qot chocthy chky oky chdy okedy ykaiin chey ody dary,R06 R06 H13 R00 R00 R00 R02 R00 R06 R06 R00 R06,S1_MULTI_TRANSCRIPTION_STRICT_CORE,S1,FORMAL_G2_CORE_LOCAL_KERNEL,G2,zone-local kernel / record line,H,B,2,paragraph_continuation,ARG/FILL ARG/FILL OP/HEAD ARG/FILL ARG/FILL FUNC-PARTICLE FUNC-PARTICLE FUNC-PARTICLE ARG/FILL FUNC-PARTICLE ARG/FILL ARG/FILL,ARG/FILL / ARG/FILL / OP/HEAD / ARG/FILL / ARG/FILL / FUNC-PARTICLE / FUNC-PARTICLE / FUNC-PARTICLE / ARG/FILL / FUNC-PARTICLE / ARG/FILL / ARG/FILL,NO_VERIFIED_EXTERNAL_TRANSLATION
"f43v.5,+P0",f43v,1058,qokchedy oralody otedol chcthdy chtey,H10 R00 R01 R04 R00,S2_STRONG_BUT_PARTIAL_TRANSCRIPTION_CORE,S2,FORMAL_G2_CORE_LOCAL_KERNEL,G2,zone-local kernel / record line,H,B,2,paragraph_continuation,OP/HEAD ARG/FILL QUAL/TAIL QUAL/TAIL ARG/FILL,OP/HEAD / ARG/FILL / QUAL/TAIL / QUAL/TAIL / ARG/FILL,NO_VERIFIED_EXTERNAL_TRANSLATION
"f43v.8,+P0",f43v,1061,shetcheodchs ochedy oteody chedy chody daiin sheody ykar chef,R00 R00 R01 R02 R00 R10 R06 R06 R00,S1_MULTI_TRANSCRIPTION_STRICT_CORE,S1,FORMAL_G2_CORE_LOCAL_KERNEL,G2,zone-local kernel / record line,H,B,2,paragraph_continuation,ARG/FILL ARG/FILL QUAL/TAIL FUNC-PARTICLE ARG/FILL FUNC-PARTICLE ARG/FILL ARG/FILL ARG/FILL,ARG/FILL / ARG/FILL / QUAL/TAIL / FUNC-PARTICLE / ARG/FILL / FUNC-PARTICLE / ARG/FILL / ARG/FILL / ARG/FILL,NO_VERIFIED_EXTERNAL_TRANSLATION
"f43v.9,+P0",f43v,1062,ytdy olos aiin ockhy,R00 R00 R06 R00,S1_MULTI_TRANSCRIPTION_STRICT_CORE,S1,FORMAL_G2_CORE_LOCAL_KERNEL,G2,zone-local kernel / record line,H,B,2,paragraph_continuation,ARG/FILL ARG/FILL FUNC-PARTICLE ARG/FILL,ARG/FILL / ARG/FILL / FUNC-PARTICLE / ARG/FILL,NO_VERIFIED_EXTERNAL_TRANSLATION
"f43v.16,+P0",f43v,1069,ol eees aiin oloaiin oteos qoky chey,R06 R00 R06 R00 R01 H01 R06,S1_MULTI_TRANSCRIPTION_STRICT_CORE,S1,FORMAL_G1_GLOBAL_FRAME,G1,relational frame / record line,H,B,2,paragraph_continuation,FUNC-PARTICLE ARG/FILL FUNC-PARTICLE ARG/FILL QUAL/TAIL FUNC-PARTICLE FUNC-PARTICLE,FUNC-PARTICLE / ARG/FILL / FUNC-PARTICLE / ARG/FILL / QUAL/TAIL / FUNC-PARTICLE / FUNC-PARTICLE,NO_VERIFIED_EXTERNAL_TRANSLATION
"f44r.4,+P0",f44r,1073,ychor ykchey ykchy chody dam,R06 R06 R06 R00 R06,S1_MULTI_TRANSCRIPTION_STRICT_CORE,S1,FORMAL_G3C_NONFRAME_SHORTFORM_HP,G3C,compact label / index / list entry,H,A,1,paragraph_continuation,LABEL-FIELD LABEL-FIELD LABEL-FIELD LABEL-FIELD FUNC-PARTICLE,LABEL-FIELD / LABEL-FIELD / LABEL-FIELD / LABEL-FIELD / FUNC-PARTICLE,NO_VERIFIED_EXTERNAL_TRANSLATION
"f44r.10,+P0",f44r,1079,qokchor okchy qoto ykol choky choky choldam,H08 R00 R00 R06 R00 R00 R07,S2_STRONG_BUT_PARTIAL_TRANSCRIPTION_CORE,S2,FORMAL_G1_GLOBAL_FRAME,G1,relational frame / record line,H,A,1,paragraph_continuation,OP/HEAD ARG/FILL ARG/FILL ARG/FILL ARG/FILL ARG/FILL ARG/FILL,OP/HEAD / ARG/FILL / ARG/FILL / ARG/FILL / ARG/FILL / ARG/FILL / ARG/FILL,NO_VERIFIED_EXTERNAL_TRANSLATION
"f44v.13,+P0",f44v,1093,lchor shol dairl,R00 R08 R06,S1_MULTI_TRANSCRIPTION_STRICT_CORE,S1,FORMAL_G3C_NONFRAME_SHORTFORM_HP,G3C,compact label / index / list entry,H,A,1,paragraph_continuation,LABEL-FIELD FUNC-PARTICLE LABEL-FIELD,LABEL-FIELD / FUNC-PARTICLE / LABEL-FIELD,NO_VERIFIED_EXTERNAL_TRANSLATION
"f45r.2,+P0",f45r,1095,shor cthy qoky qokol qokaiin chol chol ykaiin dar om,R06 R04 H01 H08 H08 R07 R07 R06 R06 R06,S1_MULTI_TRANSCRIPTION_STRICT_CORE,S1,FORMAL_G1_GLOBAL_FRAME,G1,relational frame / record line,H,A,1,paragraph_continuation,ARG/FILL QUAL/TAIL FUNC-PARTICLE FUNC-PARTICLE FUNC-PARTICLE FUNC-PARTICLE FUNC-PARTICLE ARG/FILL FUNC-PARTICLE ARG/FILL,ARG/FILL / QUAL/TAIL / FUNC-PARTICLE / FUNC-PARTICLE / FUNC-PARTICLE / FUNC-PARTICLE / FUNC-PARTICLE / ARG/FILL / FUNC-PARTICLE / ARG/FILL,NO_VERIFIED_EXTERNAL_TRANSLATION
"f45v.4,+P0",f45v,1108,okchy qockhy dain dail dair shy,R00 H07 R06 R06 R06 R06,S1_MULTI_TRANSCRIPTION_STRICT_CORE,S1,FORMAL_G2_CORE_LOCAL_KERNEL,G2,zone-local kernel / record line,H,A,1,paragraph_continuation,ARG/FILL OP/HEAD FUNC-PARTICLE ARG/FILL ARG/FILL FUNC-PARTICLE,ARG/FILL / OP/HEAD / FUNC-PARTICLE / ARG/FILL / ARG/FILL / FUNC-PARTICLE,NO_VERIFIED_EXTERNAL_TRANSLATION
"f45v.8,+P0",f45v,1112,yksheor odal sho dy pchom otor oa,R00 R00 R06 R02 R06 R00 R00,S1_MULTI_TRANSCRIPTION_STRICT_CORE,S1,FORMAL_G2_CORE_LOCAL_KERNEL,G2,zone-local kernel / record line,H,A,1,paragraph_continuation,ARG/FILL ARG/FILL ARG/FILL FUNC-PARTICLE ARG/FILL ARG/FILL ARG/FILL,ARG/FILL / ARG/FILL / ARG/FILL / FUNC-PARTICLE / ARG/FILL / ARG/FILL / ARG/FILL,NO_VERIFIED_EXTERNAL_TRANSLATION
"f45v.9,+P0",f45v,1113,ychor cthy chol qokom sy saykchom,R06 R04 R07 H08 R06 R00,S2_STRONG_BUT_PARTIAL_TRANSCRIPTION_CORE,S2,FORMAL_G2_CORE_LOCAL_KERNEL,G2,zone-local kernel / record line,H,A,1,paragraph_continuation,ARG/FILL QUAL/TAIL FUNC-PARTICLE OP/HEAD ARG/FILL ARG/FILL,ARG/FILL / QUAL/TAIL / FUNC-PARTICLE / OP/HEAD / ARG/FILL / ARG/FILL,NO_VERIFIED_EXTERNAL_TRANSLATION
"f45v.10,+P0",f45v,1114,dshor otshy oky tsholol ytchord,R06 R00 R00 R00 R06,S1_MULTI_TRANSCRIPTION_STRICT_CORE,S1,FORMAL_G2_CORE_LOCAL_KERNEL,G2,zone-local kernel / record line,H,A,1,paragraph_continuation,ARG/FILL ARG/FILL FUNC-PARTICLE ARG/FILL ARG/FILL,ARG/FILL / ARG/FILL / FUNC-PARTICLE / ARG/FILL / ARG/FILL,NO_VERIFIED_EXTERNAL_TRANSLATION
"f46r.12,+P0",f46r,1127,techy daiin sheockhy choky r aiin ches shey kar sheckhy chdy chckham,R06 R10 R00 R00 R00 R06 R00 R06 R06 R00 R02 R00,S1_MULTI_TRANSCRIPTION_STRICT_CORE,S1,FORMAL_G3C_NONFRAME_SHORTFORM_HP,G3C,compact label / index / list entry,H,B,2,paragraph_continuation,LABEL-FIELD FUNC-PARTICLE LABEL-FIELD LABEL-FIELD LABEL-LEX FUNC-PARTICLE LABEL-FIELD FUNC-PARTICLE LABEL-FIELD ARG-LEX FUNC-PARTICLE LABEL-FIELD,LABEL-FIELD / FUNC-PARTICLE / LABEL-FIELD / LABEL-FIELD / LABEL-LEX / FUNC-PARTICLE / LABEL-FIELD / FUNC-PARTICLE / LABEL-FIELD / ARG-LEX / FUNC-PARTICLE / LABEL-FIELD,NO_VERIFIED_EXTERNAL_TRANSLATION
"f46v.3,+P0",f46v,1133,ytchey keody chockhdy chotal okalshdy shy qokar oty qoty shedy chedy dam,R06 R06 R00 R00 R00 R06 R03 R01 H01 R06 R02 R06,S2_STRONG_BUT_PARTIAL_TRANSCRIPTION_CORE,S2,FORMAL_G1_GLOBAL_FRAME,G1,relational frame / record line,H,B,2,paragraph_continuation,ARG/FILL ARG/FILL ARG/FILL ARG/FILL ARG/FILL FUNC-PARTICLE FUNC-PARTICLE QUAL/TAIL FUNC-PARTICLE FUNC-PARTICLE FUNC-PARTICLE FUNC-PARTICLE,ARG/FILL / ARG/FILL / ARG/FILL / ARG/FILL / ARG/FILL / FUNC-PARTICLE / FUNC-PARTICLE / QUAL/TAIL / FUNC-PARTICLE / FUNC-PARTICLE / FUNC-PARTICLE / FUNC-PARTICLE,NO_VERIFIED_EXTERNAL_TRANSLATION
"f46v.13,+P1",f46v,1143,ykar chedy,R06 R02,S1_MULTI_TRANSCRIPTION_STRICT_CORE,S1,FORMAL_G3C_NONFRAME_SHORTFORM_HP,G3C,compact label / index / list entry,H,B,2,paragraph_continuation,LABEL-FIELD FUNC-PARTICLE,LABEL-FIELD / FUNC-PARTICLE,NO_VERIFIED_EXTERNAL_TRANSLATION
"f47r.3,+P0",f47r,1146,dor chol chy chaiin ckhey chol dain okaiin,R06 R07 R00 R00 R00 R07 R06 R10,S1_MULTI_TRANSCRIPTION_STRICT_CORE,S1,FORMAL_G3C_NONFRAME_SHORTFORM_HP,G3C,compact label / index / list entry,H,A,1,paragraph_continuation,LABEL-FIELD FUNC-PARTICLE FUNC-PARTICLE LABEL-LEX LABEL-FIELD FUNC-PARTICLE FUNC-PARTICLE FUNC-PARTICLE,LABEL-FIELD / FUNC-PARTICLE / FUNC-PARTICLE / LABEL-LEX / LABEL-FIELD / FUNC-PARTICLE / FUNC-PARTICLE / FUNC-PARTICLE,NO_VERIFIED_EXTERNAL_TRANSLATION
"f47r.4,+P0",f47r,1147,qokcheo cthey chokain chol daiin kchdal,H08 R04 R00 R07 R10 R06,S1_MULTI_TRANSCRIPTION_STRICT_CORE,S1,FORMAL_G1_GLOBAL_FRAME,G1,relational frame / record line,H,A,1,paragraph_continuation,OP/HEAD QUAL/TAIL ARG/FILL FUNC-PARTICLE FUNC-PARTICLE ARG/FILL,OP/HEAD / QUAL/TAIL / ARG/FILL / FUNC-PARTICLE / FUNC-PARTICLE / ARG/FILL,NO_VERIFIED_EXTERNAL_TRANSLATION
"f47r.5,+P0",f47r,1148,dain olshey chokolg,R06 R00 R00,S1_MULTI_TRANSCRIPTION_STRICT_CORE,S1,FORMAL_G3C_NONFRAME_SHORTFORM_HP,G3C,compact label / index / list entry,H,A,1,paragraph_continuation,FUNC-PARTICLE LABEL-FIELD LABEL-FIELD,FUNC-PARTICLE / LABEL-FIELD / LABEL-FIELD,NO_VERIFIED_EXTERNAL_TRANSLATION
"f47r.11,+P0",f47r,1154,dsho cphy daiin daiiny,R06 R00 R10 R06,S1_MULTI_TRANSCRIPTION_STRICT_CORE,S1,FORMAL_G3C_NONFRAME_SHORTFORM_HP,G3C,compact label / index / list entry,H,A,1,paragraph_continuation,LABEL-FIELD LABEL-FIELD FUNC-PARTICLE LABEL-FIELD,LABEL-FIELD / LABEL-FIELD / FUNC-PARTICLE / LABEL-FIELD,NO_VERIFIED_EXTERNAL_TRANSLATION
"f47v.6,+P0",f47v,1160,chody cheor saiin dochod chol,R00 R00 R06 R06 R07,S1_MULTI_TRANSCRIPTION_STRICT_CORE,S1,FORMAL_G3C_NONFRAME_SHORTFORM_HP,G3C,compact label / index / list entry,H,A,1,paragraph_continuation,LABEL-FIELD LABEL-FIELD FUNC-PARTICLE LABEL-FIELD FUNC-PARTICLE,LABEL-FIELD / LABEL-FIELD / FUNC-PARTICLE / LABEL-FIELD / FUNC-PARTICLE,NO_VERIFIED_EXTERNAL_TRANSLATION
"f47v.7,+P0",f47v,1161,pchodaiin dair dcthy,R10 R06 R06,S1_MULTI_TRANSCRIPTION_STRICT_CORE,S1,FORMAL_G3C_NONFRAME_SHORTFORM_HP,G3C,compact label / index / list entry,H,A,1,paragraph_continuation,LABEL-FIELD LABEL-FIELD LABEL-FIELD,LABEL-FIELD / LABEL-FIELD / LABEL-FIELD,NO_VERIFIED_EXTERNAL_TRANSLATION
"f49r.10,+P0",f49r,1198,sho r choiin shor shorshy,R06 R00 R00 R06 R00,S2_STRONG_BUT_PARTIAL_TRANSCRIPTION_CORE,S2,FORMAL_G3C_NONFRAME_SHORTFORM_HP,G3C,compact label / index / list entry,H,A,1,paragraph_continuation,LABEL-FIELD LABEL-LEX LABEL-FIELD LABEL-FIELD LABEL-FIELD,LABEL-FIELD / LABEL-LEX / LABEL-FIELD / LABEL-FIELD / LABEL-FIELD,NO_VERIFIED_EXTERNAL_TRANSLATION
"f49r.15,+P0",f49r,1203,ochol chol chody dchodaiin daiin,R00 R07 R00 R10 R10,S1_MULTI_TRANSCRIPTION_STRICT_CORE,S1,FORMAL_G3C_NONFRAME_SHORTFORM_HP,G3C,compact label / index / list entry,H,A,1,paragraph_continuation,LABEL-FIELD FUNC-PARTICLE LABEL-FIELD LABEL-FIELD FUNC-PARTICLE,LABEL-FIELD / FUNC-PARTICLE / LABEL-FIELD / LABEL-FIELD / FUNC-PARTICLE,NO_VERIFIED_EXTERNAL_TRANSLATION
"f49v.1,@L0",f49v,1210,f,R06,S1_MULTI_TRANSCRIPTION_STRICT_CORE,S1,FORMAL_G3C_NONFRAME_SHORTFORM_HP,G3C,compact label / index / list entry,H,A,1,label_or_marginal,LABEL-LEX,LABEL-LEX,NO_VERIFIED_EXTERNAL_TRANSLATION
"f49v.3,*L0",f49v,1212,o,R00,S1_MULTI_TRANSCRIPTION_STRICT_CORE,S1,FORMAL_G3C_NONFRAME_SHORTFORM_HP,G3C,compact label / index / list entry,H,A,1,label_or_marginal,LABEL-LEX,LABEL-LEX,NO_VERIFIED_EXTERNAL_TRANSLATION
"f49v.5,*L0",f49v,1214,r,R00,S1_MULTI_TRANSCRIPTION_STRICT_CORE,S1,FORMAL_G3C_NONFRAME_SHORTFORM_HP,G3C,compact label / index / list entry,H,A,1,label_or_marginal,LABEL-LEX,LABEL-LEX,NO_VERIFIED_EXTERNAL_TRANSLATION
"f49v.7,*L0",f49v,1216,y,R06,S1_MULTI_TRANSCRIPTION_STRICT_CORE,S1,FORMAL_G3C_NONFRAME_SHORTFORM_HP,G3C,compact label / index / list entry,H,A,1,label_or_marginal,FUNC-PARTICLE,FUNC-PARTICLE,NO_VERIFIED_EXTERNAL_TRANSLATION
"f49v.8,=P0",f49v,1217,okeodsho chotshol dam,R00 R08 R06,S2_STRONG_BUT_PARTIAL_TRANSCRIPTION_CORE,S2,FORMAL_G3C_NONFRAME_SHORTFORM_HP,G3C,compact label / index / list entry,H,A,1,paragraph_terminal_or_label,LABEL-FIELD ARG/FILL FUNC-PARTICLE,LABEL-FIELD / ARG/FILL / FUNC-PARTICLE,NO_VERIFIED_EXTERNAL_TRANSLATION
"f49v.9,*L0",f49v,1218,e,R00,S1_MULTI_TRANSCRIPTION_STRICT_CORE,S1,FORMAL_G3C_NONFRAME_SHORTFORM_HP,G3C,compact label / index / list entry,H,A,1,label_or_marginal,LABEL-LEX,LABEL-LEX,NO_VERIFIED_EXTERNAL_TRANSLATION
"f49v.13,*L0",f49v,1221,k,R06,S1_MULTI_TRANSCRIPTION_STRICT_CORE,S1,FORMAL_G3C_NONFRAME_SHORTFORM_HP,G3C,compact label / index / list entry,H,A,1,label_or_marginal,LABEL-FIELD,LABEL-FIELD,NO_VERIFIED_EXTERNAL_TRANSLATION
"f49v.15,*L0",f49v,1223,s,R06,S1_MULTI_TRANSCRIPTION_STRICT_CORE,S1,FORMAL_G3C_NONFRAME_SHORTFORM_HP,G3C,compact label / index / list entry,H,A,1,label_or_marginal,FUNC-PARTICLE,FUNC-PARTICLE,NO_VERIFIED_EXTERNAL_TRANSLATION
"f49v.17,*L0",f49v,1225,p,R06,S1_MULTI_TRANSCRIPTION_STRICT_CORE,S1,FORMAL_G3C_NONFRAME_SHORTFORM_HP,G3C,compact label / index / list entry,H,A,1,label_or_marginal,LABEL-FIELD,LABEL-FIELD,NO_VERIFIED_EXTERNAL_TRANSLATION
"f49v.18,=P0",f49v,1226,ochor sheeod ksheodl,R00 R06 R00,S1_MULTI_TRANSCRIPTION_STRICT_CORE,S1,FORMAL_G3C_NONFRAME_SHORTFORM_HP,G3C,compact label / index / list entry,H,A,1,paragraph_terminal_or_label,LABEL-FIELD LABEL-FIELD LABEL-FIELD,LABEL-FIELD / LABEL-FIELD / LABEL-FIELD,NO_VERIFIED_EXTERNAL_TRANSLATION
"f49v.19,*L0",f49v,1227,o,R00,S1_MULTI_TRANSCRIPTION_STRICT_CORE,S1,FORMAL_G3C_NONFRAME_SHORTFORM_HP,G3C,compact label / index / list entry,H,A,1,label_or_marginal,LABEL-LEX,LABEL-LEX,NO_VERIFIED_EXTERNAL_TRANSLATION
"f49v.23,*L0",f49v,1230,y,R06,S1_MULTI_TRANSCRIPTION_STRICT_CORE,S1,FORMAL_G3C_NONFRAME_SHORTFORM_HP,G3C,compact label / index / list entry,H,A,1,label_or_marginal,FUNC-PARTICLE,FUNC-PARTICLE,NO_VERIFIED_EXTERNAL_TRANSLATION
"f49v.25,*L0",f49v,1232,e,R00,S1_MULTI_TRANSCRIPTION_STRICT_CORE,S1,FORMAL_G3C_NONFRAME_SHORTFORM_HP,G3C,compact label / index / list entry,H,A,1,label_or_marginal,LABEL-LEX,LABEL-LEX,NO_VERIFIED_EXTERNAL_TRANSLATION
"f49v.31,*L0",f49v,1236,p,R06,S1_MULTI_TRANSCRIPTION_STRICT_CORE,S1,FORMAL_G3C_NONFRAME_SHORTFORM_HP,G3C,compact label / index / list entry,H,A,1,label_or_marginal,LABEL-FIELD,LABEL-FIELD,NO_VERIFIED_EXTERNAL_TRANSLATION
"f49v.33,*L0",f49v,1238,o,R00,S1_MULTI_TRANSCRIPTION_STRICT_CORE,S1,FORMAL_G3C_NONFRAME_SHORTFORM_HP,G3C,compact label / index / list entry,H,A,1,label_or_marginal,LABEL-LEX,LABEL-LEX,NO_VERIFIED_EXTERNAL_TRANSLATION
"f49v.37,*L0",f49v,1241,y,R06,S1_MULTI_TRANSCRIPTION_STRICT_CORE,S1,FORMAL_G3C_NONFRAME_SHORTFORM_HP,G3C,compact label / index / list entry,H,A,1,label_or_marginal,FUNC-PARTICLE,FUNC-PARTICLE,NO_VERIFIED_EXTERNAL_TRANSLATION
"f49v.39,*L0",f49v,1243,e,R00,S1_MULTI_TRANSCRIPTION_STRICT_CORE,S1,FORMAL_G3C_NONFRAME_SHORTFORM_HP,G3C,compact label / index / list entry,H,A,1,label_or_marginal,LABEL-LEX,LABEL-LEX,NO_VERIFIED_EXTERNAL_TRANSLATION
"f49v.43,*L0",f49v,1246,d,R06,S1_MULTI_TRANSCRIPTION_STRICT_CORE,S1,FORMAL_G3C_NONFRAME_SHORTFORM_HP,G3C,compact label / index / list entry,H,A,1,label_or_marginal,LABEL-LEX,LABEL-LEX,NO_VERIFIED_EXTERNAL_TRANSLATION
"f49v.45,*L0",f49v,1248,y,R06,S1_MULTI_TRANSCRIPTION_STRICT_CORE,S1,FORMAL_G3C_NONFRAME_SHORTFORM_HP,G3C,compact label / index / list entry,H,A,1,label_or_marginal,FUNC-PARTICLE,FUNC-PARTICLE,NO_VERIFIED_EXTERNAL_TRANSLATION
"f49v.47,*L0",f49v,1250,e,R00,S1_MULTI_TRANSCRIPTION_STRICT_CORE,S1,FORMAL_G3C_NONFRAME_SHORTFORM_HP,G3C,compact label / index / list entry,H,A,1,label_or_marginal,LABEL-LEX,LABEL-LEX,NO_VERIFIED_EXTERNAL_TRANSLATION
"f49v.49,*L0",f49v,1252,k,R06,S1_MULTI_TRANSCRIPTION_STRICT_CORE,S1,FORMAL_G3C_NONFRAME_SHORTFORM_HP,G3C,compact label / index / list entry,H,A,1,label_or_marginal,LABEL-FIELD,LABEL-FIELD,NO_VERIFIED_EXTERNAL_TRANSLATION
"f49v.51,*L0",f49v,1254,y,R06,S1_MULTI_TRANSCRIPTION_STRICT_CORE,S1,FORMAL_G3C_NONFRAME_SHORTFORM_HP,G3C,compact label / index / list entry,H,A,1,label_or_marginal,FUNC-PARTICLE,FUNC-PARTICLE,NO_VERIFIED_EXTERNAL_TRANSLATION
"f49v.52,=P0",f49v,1255,ykchokeo r cheey daiin,R00 R00 R06 R10,S1_MULTI_TRANSCRIPTION_STRICT_CORE,S1,FORMAL_G3C_NONFRAME_SHORTFORM_HP,G3C,compact label / index / list entry,H,A,1,paragraph_terminal_or_label,LABEL-FIELD LABEL-LEX FUNC-PARTICLE FUNC-PARTICLE,LABEL-FIELD / LABEL-LEX / FUNC-PARTICLE / FUNC-PARTICLE,NO_VERIFIED_EXTERNAL_TRANSLATION
"f50r.5,+P0",f50r,1260,solkchy chckhy qokchdy qokchdy okar ar y qokchdy kar ar okain,R00 R00 H09 H09 R03 R06 R06 H09 R06 R06 R10,S1_MULTI_TRANSCRIPTION_STRICT_CORE,S1,FORMAL_G1_GLOBAL_FRAME,G1,relational frame / record line,H,B,2,paragraph_continuation,ARG/FILL FUNC-PARTICLE FUNC-PARTICLE FUNC-PARTICLE FUNC-PARTICLE FUNC-PARTICLE FUNC-PARTICLE FUNC-PARTICLE ARG/FILL FUNC-PARTICLE FUNC-PARTICLE,ARG/FILL / FUNC-PARTICLE / FUNC-PARTICLE / FUNC-PARTICLE / FUNC-PARTICLE / FUNC-PARTICLE / FUNC-PARTICLE / FUNC-PARTICLE / ARG/FILL / FUNC-PARTICLE / FUNC-PARTICLE,NO_VERIFIED_EXTERNAL_TRANSLATION
"f50v.2,+P0",f50v,1267,tchodain oeeey okaiin shedy qokaly chdy oky keody cheey okain,R00 R00 R10 R06 H08 R02 R00 R06 R06 R10,S1_MULTI_TRANSCRIPTION_STRICT_CORE,S1,FORMAL_G2_CORE_LOCAL_KERNEL,G2,zone-local kernel / record line,H,B,2,paragraph_continuation,ARG/FILL ARG/FILL FUNC-PARTICLE FUNC-PARTICLE OP/HEAD FUNC-PARTICLE FUNC-PARTICLE ARG/FILL FUNC-PARTICLE FUNC-PARTICLE,ARG/FILL / ARG/FILL / FUNC-PARTICLE / FUNC-PARTICLE / OP/HEAD / FUNC-PARTICLE / FUNC-PARTICLE / ARG/FILL / FUNC-PARTICLE / FUNC-PARTICLE,NO_VERIFIED_EXTERNAL_TRANSLATION
"f50v.8,+P0",f50v,1273,ykar okair otor qokedy ykchol kar chckhy olkaiin okain qod,R06 R00 R00 H12 R07 R06 R00 R00 R10 R00,S2_STRONG_BUT_PARTIAL_TRANSCRIPTION_CORE,S2,FORMAL_G2_CORE_LOCAL_KERNEL,G2,zone-local kernel / record line,H,B,2,paragraph_continuation,ARG/FILL ARG/FILL ARG/FILL FUNC-PARTICLE ARG/FILL ARG/FILL FUNC-PARTICLE ARG/FILL FUNC-PARTICLE ARG/FILL,ARG/FILL / ARG/FILL / ARG/FILL / FUNC-PARTICLE / ARG/FILL / ARG/FILL / FUNC-PARTICLE / ARG/FILL / FUNC-PARTICLE / ARG/FILL,NO_VERIFIED_EXTERNAL_TRANSLATION
"f51r.2,+P0",f51r,1278,dcheodaiin ckheody ckhody chody,R00 R00 R00 R00,S1_MULTI_TRANSCRIPTION_STRICT_CORE,S1,FORMAL_G3C_NONFRAME_SHORTFORM_HP,G3C,compact label / index / list entry,H,A,1,paragraph_continuation,LABEL-FIELD LABEL-FIELD LABEL-FIELD LABEL-FIELD,LABEL-FIELD / LABEL-FIELD / LABEL-FIELD / LABEL-FIELD,NO_VERIFIED_EXTERNAL_TRANSLATION
"f51r.5,+P0",f51r,1281,tcheody qodaiin okeey qockhey taiin,R00 H07 R06 H07 R06,S1_MULTI_TRANSCRIPTION_STRICT_CORE,S1,FORMAL_G2_CORE_LOCAL_KERNEL,G2,zone-local kernel / record line,H,A,1,paragraph_continuation,ARG/FILL OP/HEAD FUNC-PARTICLE OPERATOR ARG/FILL,ARG/FILL / OP/HEAD / FUNC-PARTICLE / OPERATOR / ARG/FILL,NO_VERIFIED_EXTERNAL_TRANSLATION
"f51r.7,+P0",f51r,1283,ychosar eeckhy kcho qokchy qotal,R00 R00 R06 H08 H13,S1_MULTI_TRANSCRIPTION_STRICT_CORE,S1,FORMAL_G2_CORE_LOCAL_KERNEL,G2,zone-local kernel / record line,H,A,1,paragraph_continuation,ARG/FILL ARG/FILL ARG/FILL OP/HEAD OP/HEAD,ARG/FILL / ARG/FILL / ARG/FILL / OP/HEAD / OP/HEAD,NO_VERIFIED_EXTERNAL_TRANSLATION
"f51r.8,+P0",f51r,1284,oshol odaiin y ckheody qokey otydy,R00 R10 R06 R00 H08 R00,S2_STRONG_BUT_PARTIAL_TRANSCRIPTION_CORE,S2,FORMAL_G2_CORE_LOCAL_KERNEL,G2,zone-local kernel / record line,H,A,1,paragraph_continuation,ARG/FILL QUAL/TAIL FUNC-PARTICLE ARG/FILL FUNC-PARTICLE ARG/FILL,ARG/FILL / QUAL/TAIL / FUNC-PARTICLE / ARG/FILL / FUNC-PARTICLE / ARG/FILL,NO_VERIFIED_EXTERNAL_TRANSLATION
"f51r.9,+P0",f51r,1285,tol daiin daim qchodal dal qody qoetam,R06 R10 R06 R09 R09 H20 H07,S2_STRONG_BUT_PARTIAL_TRANSCRIPTION_CORE,S2,FORMAL_G2_CORE_LOCAL_KERNEL,G2,zone-local kernel / record line,H,A,1,paragraph_continuation,ARG/FILL FUNC-PARTICLE ARG/FILL QUAL/TAIL FUNC-PARTICLE OP/HEAD OP/HEAD,ARG/FILL / FUNC-PARTICLE / ARG/FILL / QUAL/TAIL / FUNC-PARTICLE / OP/HEAD / OP/HEAD,NO_VERIFIED_EXTERNAL_TRANSLATION
"f51r.10,+P0",f51r,1286,ykchol dr shey qokeol kchey shol okam,R07 R06 R06 H08 R06 R08 R00,S1_MULTI_TRANSCRIPTION_STRICT_CORE,S1,FORMAL_G2_CORE_LOCAL_KERNEL,G2,zone-local kernel / record line,H,A,1,paragraph_continuation,ARG/FILL ARG/FILL FUNC-PARTICLE OP/HEAD ARG/FILL FUNC-PARTICLE ARG/FILL,ARG/FILL / ARG/FILL / FUNC-PARTICLE / OP/HEAD / ARG/FILL / FUNC-PARTICLE / ARG/FILL,NO_VERIFIED_EXTERNAL_TRANSLATION
"f51r.12,+P0",f51r,1288,yoees ckheey kol cheeal okeor qockhey pchodal,R06 R00 R06 R00 R00 H07 R09,S1_MULTI_TRANSCRIPTION_STRICT_CORE,S1,FORMAL_G2_CORE_LOCAL_KERNEL,G2,zone-local kernel / record line,H,A,1,paragraph_continuation,ARG/FILL ARG/FILL ARG/FILL ARG/FILL ARG/FILL OPERATOR QUAL/TAIL,ARG/FILL / ARG/FILL / ARG/FILL / ARG/FILL / ARG/FILL / OPERATOR / QUAL/TAIL,NO_VERIFIED_EXTERNAL_TRANSLATION
"f51v.12,+P0",f51v,1303,ochockhy daiin chockhey,R00 R10 R00,S1_MULTI_TRANSCRIPTION_STRICT_CORE,S1,FORMAL_G3C_NONFRAME_SHORTFORM_HP,G3C,compact label / index / list entry,H,A,1,paragraph_continuation,LABEL-FIELD FUNC-PARTICLE LABEL-FIELD,LABEL-FIELD / FUNC-PARTICLE / LABEL-FIELD,NO_VERIFIED_EXTERNAL_TRANSLATION
"f51v.13,+P0",f51v,1304,daiin cheol cheodain,R10 R00 R00,S1_MULTI_TRANSCRIPTION_STRICT_CORE,S1,FORMAL_G3C_NONFRAME_SHORTFORM_HP,G3C,compact label / index / list entry,H,A,1,paragraph_continuation,FUNC-PARTICLE FUNC-PARTICLE LABEL-FIELD,FUNC-PARTICLE / FUNC-PARTICLE / LABEL-FIELD,NO_VERIFIED_EXTERNAL_TRANSLATION
"f52v.6,+P0",f52v,1318,qotodaiin cthor oty kcholy,H13 R04 R01 R06,S1_MULTI_TRANSCRIPTION_STRICT_CORE,S1,FORMAL_G1_GLOBAL_FRAME,G1,relational frame / record line,H,A,1,paragraph_continuation,OP/HEAD QUAL/TAIL QUAL/TAIL ARG/FILL,OP/HEAD / QUAL/TAIL / QUAL/TAIL / ARG/FILL,NO_VERIFIED_EXTERNAL_TRANSLATION
"f52v.10,+P0",f52v,1322,yokee qokody chol sols aiin,R06 R00 R07 R06 R06,S1_MULTI_TRANSCRIPTION_STRICT_CORE,S1,FORMAL_G3C_NONFRAME_SHORTFORM_HP,G3C,compact label / index / list entry,H,A,1,paragraph_continuation,LABEL-FIELD LABEL-FIELD FUNC-PARTICLE LABEL-FIELD FUNC-PARTICLE,LABEL-FIELD / LABEL-FIELD / FUNC-PARTICLE / LABEL-FIELD / FUNC-PARTICLE,NO_VERIFIED_EXTERNAL_TRANSLATION
"f52v.14,+P0",f52v,1326,odar cheokor ckheey,R00 R00 R00,S1_MULTI_TRANSCRIPTION_STRICT_CORE,S1,FORMAL_G3C_NONFRAME_SHORTFORM_HP,G3C,compact label / index / list entry,H,A,1,paragraph_continuation,LABEL-FIELD LABEL-FIELD LABEL-FIELD,LABEL-FIELD / LABEL-FIELD / LABEL-FIELD,NO_VERIFIED_EXTERNAL_TRANSLATION
"f53r.3,+P0",f53r,1329,sho chokan ody,R06 R00 R00,S2_STRONG_BUT_PARTIAL_TRANSCRIPTION_CORE,S2,FORMAL_G3C_NONFRAME_SHORTFORM_HP,G3C,compact label / index / list entry,H,A,1,paragraph_continuation,LABEL-FIELD LABEL-FIELD LABEL-FIELD,LABEL-FIELD / LABEL-FIELD / LABEL-FIELD,NO_VERIFIED_EXTERNAL_TRANSLATION
"f53r.7,+P0",f53r,1333,sodar otos qoy tchy otey chos okod ykchody qoky,R06 R00 R00 R06 R01 R00 R00 R00 H01,S1_MULTI_TRANSCRIPTION_STRICT_CORE,S1,FORMAL_G1_GLOBAL_FRAME,G1,relational frame / record line,H,A,1,paragraph_continuation,ARG/FILL ARG/FILL ARG/FILL ARG/FILL QUAL/TAIL ARG/FILL ARG/FILL ARG/FILL FUNC-PARTICLE,ARG/FILL / ARG/FILL / ARG/FILL / ARG/FILL / QUAL/TAIL / ARG/FILL / ARG/FILL / ARG/FILL / FUNC-PARTICLE,NO_VERIFIED_EXTERNAL_TRANSLATION
"f53v.12,+P0",f53v,1347,ycheey kchy oky kody ydam,R06 R06 R00 R06 R06,S1_MULTI_TRANSCRIPTION_STRICT_CORE,S1,FORMAL_G3C_NONFRAME_SHORTFORM_HP,G3C,compact label / index / list entry,H,A,1,paragraph_continuation,LABEL-FIELD LABEL-FIELD FUNC-PARTICLE LABEL-FIELD LABEL-FIELD,LABEL-FIELD / LABEL-FIELD / FUNC-PARTICLE / LABEL-FIELD / LABEL-FIELD,NO_VERIFIED_EXTERNAL_TRANSLATION
"f54r.9,+P0",f54r,1357,oaiin or ol sal qokor chor ckhol s ssho chol daiin,R00 R06 R06 R06 H08 R11 R00 R06 R06 R07 R10,S1_MULTI_TRANSCRIPTION_STRICT_CORE,S1,FORMAL_G1_GLOBAL_FRAME,G1,relational frame / record line,H,A,1,paragraph_continuation,ARG/FILL FUNC-PARTICLE FUNC-PARTICLE ARG/FILL OP/HEAD LABEL-LEX ARG/FILL FUNC-PARTICLE ARG/FILL FUNC-PARTICLE FUNC-PARTICLE,ARG/FILL / FUNC-PARTICLE / FUNC-PARTICLE / ARG/FILL / OP/HEAD / LABEL-LEX / ARG/FILL / FUNC-PARTICLE / ARG/FILL / FUNC-PARTICLE / FUNC-PARTICLE,NO_VERIFIED_EXTERNAL_TRANSLATION
"f54r.11,+P0",f54r,1359,daiin okor or ol ckhol chor cho dam or sho chol dom,R10 R00 R06 R06 R00 R11 R00 R06 R06 R06 R07 R06,S1_MULTI_TRANSCRIPTION_STRICT_CORE,S1,FORMAL_G3C_NONFRAME_SHORTFORM_HP,G3C,compact label / index / list entry,H,A,1,paragraph_continuation,FUNC-PARTICLE LABEL-FIELD FUNC-PARTICLE FUNC-PARTICLE LABEL-FIELD LABEL-LEX LABEL-FIELD FUNC-PARTICLE FUNC-PARTICLE LABEL-FIELD FUNC-PARTICLE LABEL-FIELD,FUNC-PARTICLE / LABEL-FIELD / FUNC-PARTICLE / FUNC-PARTICLE / LABEL-FIELD / LABEL-LEX / LABEL-FIELD / FUNC-PARTICLE / FUNC-PARTICLE / LABEL-FIELD / FUNC-PARTICLE / LABEL-FIELD,NO_VERIFIED_EXTERNAL_TRANSLATION
"f54v.8,+P0",f54v,1368,daiinodaim qokaiin yteal okal om,R10 H08 R06 R07 R06,S2_STRONG_BUT_PARTIAL_TRANSCRIPTION_CORE,S2,FORMAL_G1_GLOBAL_FRAME,G1,relational frame / record line,H,A,1,paragraph_continuation,QUAL/TAIL FUNC-PARTICLE ARG/FILL FUNC-PARTICLE ARG/FILL,QUAL/TAIL / FUNC-PARTICLE / ARG/FILL / FUNC-PARTICLE / ARG/FILL,NO_VERIFIED_EXTERNAL_TRANSLATION
"f55r.2,+P0",f55r,1378,okair or aiin chody ykair y qokar okar ol ykar ar al,R00 R06 R06 R00 R06 R06 R03 R03 R06 R06 R06 R06,S1_MULTI_TRANSCRIPTION_STRICT_CORE,S1,FORMAL_G2_CORE_LOCAL_KERNEL,G2,zone-local kernel / record line,H,B,2,paragraph_continuation,ARG/FILL FUNC-PARTICLE FUNC-PARTICLE ARG/FILL ARG/FILL FUNC-PARTICLE FUNC-PARTICLE FUNC-PARTICLE FUNC-PARTICLE ARG/FILL FUNC-PARTICLE FUNC-PARTICLE,ARG/FILL / FUNC-PARTICLE / FUNC-PARTICLE / ARG/FILL / ARG/FILL / FUNC-PARTICLE / FUNC-PARTICLE / FUNC-PARTICLE / FUNC-PARTICLE / ARG/FILL / FUNC-PARTICLE / FUNC-PARTICLE,NO_VERIFIED_EXTERNAL_TRANSLATION
"f55r.3,+P0",f55r,1379,ykaiir chol chky okar chky chdy qokar okaiin chckhy s aiin,R06 R07 R00 R03 R00 R02 R03 R10 R00 R06 R06,S1_MULTI_TRANSCRIPTION_STRICT_CORE,S1,FORMAL_G2_CORE_LOCAL_KERNEL,G2,zone-local kernel / record line,H,B,2,paragraph_continuation,ARG/FILL FUNC-PARTICLE ARG/FILL FUNC-PARTICLE ARG/FILL FUNC-PARTICLE FUNC-PARTICLE FUNC-PARTICLE FUNC-PARTICLE FUNC-PARTICLE FUNC-PARTICLE,ARG/FILL / FUNC-PARTICLE / ARG/FILL / FUNC-PARTICLE / ARG/FILL / FUNC-PARTICLE / FUNC-PARTICLE / FUNC-PARTICLE / FUNC-PARTICLE / FUNC-PARTICLE / FUNC-PARTICLE,NO_VERIFIED_EXTERNAL_TRANSLATION
"f55r.9,+P0",f55r,1385,dain cheky dar chckhy dal qoko lkeedy dar kaiin dy ka,R06 R06 R06 R00 R09 R00 R00 R06 R06 R02 R06,S2_STRONG_BUT_PARTIAL_TRANSCRIPTION_CORE,S2,FORMAL_G2_CORE_LOCAL_KERNEL,G2,zone-local kernel / record line,H,B,2,paragraph_continuation,FUNC-PARTICLE FUNC-PARTICLE FUNC-PARTICLE FUNC-PARTICLE FUNC-PARTICLE ARG/FILL ARG/FILL FUNC-PARTICLE ARG/FILL FUNC-PARTICLE ARG/FILL,FUNC-PARTICLE / FUNC-PARTICLE / FUNC-PARTICLE / FUNC-PARTICLE / FUNC-PARTICLE / ARG/FILL / ARG/FILL / FUNC-PARTICLE / ARG/FILL / FUNC-PARTICLE / ARG/FILL,NO_VERIFIED_EXTERNAL_TRANSLATION
"f56r.5,+P0",f56r,1406,chochor cho chodaly daiin,R00 R00 R00 R10,S1_MULTI_TRANSCRIPTION_STRICT_CORE,S1,FORMAL_G3C_NONFRAME_SHORTFORM_HP,G3C,compact label / index / list entry,H,A,1,paragraph_continuation,LABEL-FIELD LABEL-FIELD LABEL-FIELD FUNC-PARTICLE,LABEL-FIELD / LABEL-FIELD / LABEL-FIELD / FUNC-PARTICLE,NO_VERIFIED_EXTERNAL_TRANSLATION
"f56r.7,+P0",f56r,1408,sho kchol otchor choky dal,R06 R06 R00 R00 R09,S1_MULTI_TRANSCRIPTION_STRICT_CORE,S1,FORMAL_G3C_NONFRAME_SHORTFORM_HP,G3C,compact label / index / list entry,H,A,1,paragraph_continuation,LABEL-FIELD LABEL-FIELD LABEL-FIELD LABEL-FIELD FUNC-PARTICLE,LABEL-FIELD / LABEL-FIELD / LABEL-FIELD / LABEL-FIELD / FUNC-PARTICLE,NO_VERIFIED_EXTERNAL_TRANSLATION
"f56r.19,+P0",f56r,1420,otchey keol daiin,R00 R06 R10,S1_MULTI_TRANSCRIPTION_STRICT_CORE,S1,FORMAL_G3C_NONFRAME_SHORTFORM_HP,G3C,compact label / index / list entry,H,A,1,paragraph_continuation,LABEL-FIELD LABEL-FIELD FUNC-PARTICLE,LABEL-FIELD / LABEL-FIELD / FUNC-PARTICLE,NO_VERIFIED_EXTERNAL_TRANSLATION
"f56v.6,+P0",f56v,1426,chokchol chor ckhos,R07 R11 R00,S1_MULTI_TRANSCRIPTION_STRICT_CORE,S1,FORMAL_G3C_NONFRAME_SHORTFORM_HP,G3C,compact label / index / list entry,H,A,1,paragraph_continuation,LABEL-FIELD LABEL-LEX LABEL-FIELD,LABEL-FIELD / LABEL-LEX / LABEL-FIELD,NO_VERIFIED_EXTERNAL_TRANSLATION
"f56v.16,+P0",f56v,1436,sokchol chol chol daiin,R00 R07 R07 R10,S1_MULTI_TRANSCRIPTION_STRICT_CORE,S1,FORMAL_G3C_NONFRAME_SHORTFORM_HP,G3C,compact label / index / list entry,H,A,1,paragraph_continuation,LABEL-FIELD FUNC-PARTICLE FUNC-PARTICLE FUNC-PARTICLE,LABEL-FIELD / FUNC-PARTICLE / FUNC-PARTICLE / FUNC-PARTICLE,NO_VERIFIED_EXTERNAL_TRANSLATION
"f57v.1,@L0",f57v,1448,dairal,R06,S1_MULTI_TRANSCRIPTION_STRICT_CORE,S1,FORMAL_G3C_NONFRAME_SHORTFORM_HP,G3C,compact label / index / list entry,C,,1,label_or_marginal,LABEL-FIELD,LABEL-FIELD,NO_VERIFIED_EXTERNAL_TRANSLATION
"f57v.7,@L0",f57v,1454,oparairdly,R00,S1_MULTI_TRANSCRIPTION_STRICT_CORE,S1,FORMAL_G3C_NONFRAME_SHORTFORM_HP,G3C,compact label / index / list entry,C,,1,label_or_marginal,LABEL-FIELD,LABEL-FIELD,NO_VERIFIED_EXTERNAL_TRANSLATION
"f57v.9,@L0",f57v,1456,otardaly,R09,S1_MULTI_TRANSCRIPTION_STRICT_CORE,S1,FORMAL_G3C_NONFRAME_SHORTFORM_HP,G3C,compact label / index / list entry,C,,1,label_or_marginal,QUAL/TAIL,QUAL/TAIL,NO_VERIFIED_EXTERNAL_TRANSLATION
"f57v.12,@Ro",f57v,1459,okeely,R00,S1_MULTI_TRANSCRIPTION_STRICT_CORE,S1,FORMAL_G3C_NONFRAME_SHORTFORM_HP,G3C,compact label / index / list entry,C,,1,radial/ring_text,LABEL-FIELD,LABEL-FIELD,NO_VERIFIED_EXTERNAL_TRANSLATION
"f58v.2,+P0",f58v,1503,dair or aiin tair y qotalody saiin okeody qotair ar alor orky,R06 R06 R06 R06 R06 H16 R06 R00 H13 R06 R00 R00,S2_STRONG_BUT_PARTIAL_TRANSCRIPTION_CORE,S2,FORMAL_G2_CORE_LOCAL_KERNEL,G2,zone-local kernel / record line,S,A,3,paragraph_continuation,ARG/FILL FUNC-PARTICLE FUNC-PARTICLE ARG/FILL FUNC-PARTICLE OP/HEAD FUNC-PARTICLE ARG/FILL OP/HEAD FUNC-PARTICLE ARG/FILL ARG/FILL,ARG/FILL / FUNC-PARTICLE / FUNC-PARTICLE / ARG/FILL / FUNC-PARTICLE / OP/HEAD / FUNC-PARTICLE / ARG/FILL / OP/HEAD / FUNC-PARTICLE / ARG/FILL / ARG/FILL,NO_VERIFIED_EXTERNAL_TRANSLATION
"f58v.6,+P0",f58v,1507,qokair ar aly sho daiin choly dal ykaiin org fchey okaly oky,H08 R06 R00 R06 R10 R00 R09 R06 R00 R06 R00 R00,S2_STRONG_BUT_PARTIAL_TRANSCRIPTION_CORE,S2,FORMAL_G2_CORE_LOCAL_KERNEL,G2,zone-local kernel / record line,S,A,3,paragraph_continuation,OP/HEAD FUNC-PARTICLE ARG/FILL ARG/FILL FUNC-PARTICLE ARG/FILL FUNC-PARTICLE ARG/FILL ARG/FILL ARG/FILL ARG/FILL FUNC-PARTICLE,OP/HEAD / FUNC-PARTICLE / ARG/FILL / ARG/FILL / FUNC-PARTICLE / ARG/FILL / FUNC-PARTICLE / ARG/FILL / ARG/FILL / ARG/FILL / ARG/FILL / FUNC-PARTICLE,NO_VERIFIED_EXTERNAL_TRANSLATION
"f58v.7,+P0",f58v,1508,y daiin qokeey qokar lchedy qokalor sheols oteor aiin cheky,R06 R10 H08 R03 R00 H08 R06 R01 R06 R06,S1_MULTI_TRANSCRIPTION_STRICT_CORE,S1,FORMAL_G2_CORE_LOCAL_KERNEL,G2,zone-local kernel / record line,S,A,3,paragraph_continuation,FUNC-PARTICLE FUNC-PARTICLE FUNC-PARTICLE FUNC-PARTICLE FUNC-PARTICLE OP/HEAD ARG/FILL QUAL/TAIL FUNC-PARTICLE FUNC-PARTICLE,FUNC-PARTICLE / FUNC-PARTICLE / FUNC-PARTICLE / FUNC-PARTICLE / FUNC-PARTICLE / OP/HEAD / ARG/FILL / QUAL/TAIL / FUNC-PARTICLE / FUNC-PARTICLE,NO_VERIFIED_EXTERNAL_TRANSLATION
"f58v.9,+P0",f58v,1510,salal qolaiin chockhey tcholy qokaiin qokaiinos orcheey olaly,R06 H07 R00 R06 H08 H08 R00 R00,S1_MULTI_TRANSCRIPTION_STRICT_CORE,S1,FORMAL_G2_CORE_LOCAL_KERNEL,G2,zone-local kernel / record line,S,A,3,paragraph_continuation,ARG/FILL OP/HEAD ARG/FILL ARG/FILL FUNC-PARTICLE OP/HEAD ARG/FILL ARG/FILL,ARG/FILL / OP/HEAD / ARG/FILL / ARG/FILL / FUNC-PARTICLE / OP/HEAD / ARG/FILL / ARG/FILL,NO_VERIFIED_EXTERNAL_TRANSLATION
"f58v.10,+P0",f58v,1511,ykair shey key ctholy qotalom qokals qokaiin okal okaldy ory,R06 R06 R06 R04 H13 H08 H08 R07 R00 R00,S2_STRONG_BUT_PARTIAL_TRANSCRIPTION_CORE,S2,FORMAL_G1_GLOBAL_FRAME,G1,relational frame / record line,S,A,3,paragraph_continuation,ARG/FILL FUNC-PARTICLE ARG/FILL QUAL/TAIL OP/HEAD OP/HEAD FUNC-PARTICLE FUNC-PARTICLE ARG/FILL ARG/FILL,ARG/FILL / FUNC-PARTICLE / ARG/FILL / QUAL/TAIL / OP/HEAD / OP/HEAD / FUNC-PARTICLE / FUNC-PARTICLE / ARG/FILL / ARG/FILL,NO_VERIFIED_EXTERNAL_TRANSLATION
"f58v.12,+P0",f58v,1513,oreeey cheekey cheal qokey chedal dy tolair opchey poaly cfhy,R00 R00 R00 H08 R00 R02 R06 R00 R06 R00,S1_MULTI_TRANSCRIPTION_STRICT_CORE,S1,FORMAL_G2_CORE_LOCAL_KERNEL,G2,zone-local kernel / record line,S,A,3,paragraph_continuation,ARG/FILL ARG/FILL ARG/FILL FUNC-PARTICLE ARG/FILL FUNC-PARTICLE ARG/FILL ARG/FILL ARG/FILL ARG/FILL,ARG/FILL / ARG/FILL / ARG/FILL / FUNC-PARTICLE / ARG/FILL / FUNC-PARTICLE / ARG/FILL / ARG/FILL / ARG/FILL / ARG/FILL,NO_VERIFIED_EXTERNAL_TRANSLATION
"f58v.14,+P0",f58v,1515,shar air alo chol oeear sho qotal chol talar tar aropam,R06 R00 R00 R07 R00 R06 H13 R07 R06 R06 R00,S1_MULTI_TRANSCRIPTION_STRICT_CORE,S1,FORMAL_G2_CORE_LOCAL_KERNEL,G2,zone-local kernel / record line,S,A,3,paragraph_continuation,ARG/FILL ARG/FILL ARG/FILL FUNC-PARTICLE ARG/FILL ARG/FILL OP/HEAD FUNC-PARTICLE ARG/FILL ARG/FILL ARG/FILL,ARG/FILL / ARG/FILL / ARG/FILL / FUNC-PARTICLE / ARG/FILL / ARG/FILL / OP/HEAD / FUNC-PARTICLE / ARG/FILL / ARG/FILL / ARG/FILL,NO_VERIFIED_EXTERNAL_TRANSLATION
"f58v.15,+P0",f58v,1516,qotoiin okal aral s air qoal talchos okal cho ytam dam,H13 R07 R00 R06 R00 H07 R00 R07 R00 R06 R06,S2_STRONG_BUT_PARTIAL_TRANSCRIPTION_CORE,S2,FORMAL_G2_CORE_LOCAL_KERNEL,G2,zone-local kernel / record line,S,A,3,paragraph_continuation,OP/HEAD FUNC-PARTICLE ARG/FILL FUNC-PARTICLE ARG/FILL OP/HEAD ARG/FILL FUNC-PARTICLE ARG/FILL ARG/FILL FUNC-PARTICLE,OP/HEAD / FUNC-PARTICLE / ARG/FILL / FUNC-PARTICLE / ARG/FILL / OP/HEAD / ARG/FILL / FUNC-PARTICLE / ARG/FILL / ARG/FILL / FUNC-PARTICLE,NO_VERIFIED_EXTERNAL_TRANSLATION
"f58v.18,+P0",f58v,1519,taiin chal sheal qockhy dar aiin ockhey qokeey qoaiin aral,R06 R00 R06 H07 R06 R06 R00 H08 H07 R00,S1_MULTI_TRANSCRIPTION_STRICT_CORE,S1,FORMAL_G2_CORE_LOCAL_KERNEL,G2,zone-local kernel / record line,S,A,3,paragraph_continuation,ARG/FILL ARG/FILL ARG-LEX OP/HEAD FUNC-PARTICLE FUNC-PARTICLE ARG/FILL FUNC-PARTICLE OP/HEAD ARG/FILL,ARG/FILL / ARG/FILL / ARG-LEX / OP/HEAD / FUNC-PARTICLE / FUNC-PARTICLE / ARG/FILL / FUNC-PARTICLE / OP/HEAD / ARG/FILL,NO_VERIFIED_EXTERNAL_TRANSLATION
"f58v.19,+P0",f58v,1520,okain chokal sheoldy qokor olkam cheol dar chokeey okalchy,R10 R00 R00 H08 R00 R00 R06 R00 R00,S1_MULTI_TRANSCRIPTION_STRICT_CORE,S1,FORMAL_G2_CORE_LOCAL_KERNEL,G2,zone-local kernel / record line,S,A,3,paragraph_continuation,FUNC-PARTICLE ARG/FILL ARG/FILL OP/HEAD ARG/FILL FUNC-PARTICLE FUNC-PARTICLE ARG/FILL ARG/FILL,FUNC-PARTICLE / ARG/FILL / ARG/FILL / OP/HEAD / ARG/FILL / FUNC-PARTICLE / FUNC-PARTICLE / ARG/FILL / ARG/FILL,NO_VERIFIED_EXTERNAL_TRANSLATION
"f58v.22,+Pc",f58v,1523,okar sheey shekealy,R03 R06 R00,S1_MULTI_TRANSCRIPTION_STRICT_CORE,S1,FORMAL_G2_CORE_LOCAL_KERNEL,G2,zone-local kernel / record line,S,A,3,paragraph_continuation,FUNC-PARTICLE FUNC-PARTICLE ARG/FILL,FUNC-PARTICLE / FUNC-PARTICLE / ARG/FILL,NO_VERIFIED_EXTERNAL_TRANSLATION
"f58v.23,*P0",f58v,1524,pchshy sheoltey shopalchedy sheolkeal qokar aldaiin qokalar dal,R06 R00 R00 R00 R03 R10 H08 R09,S2_STRONG_BUT_PARTIAL_TRANSCRIPTION_CORE,S2,FORMAL_G2_CORE_LOCAL_KERNEL,G2,zone-local kernel / record line,S,A,3,section/paragraph_break_start,ARG/FILL ARG/FILL ARG/FILL ARG/FILL FUNC-PARTICLE QUAL/TAIL OP/HEAD FUNC-PARTICLE,ARG/FILL / ARG/FILL / ARG/FILL / ARG/FILL / FUNC-PARTICLE / QUAL/TAIL / OP/HEAD / FUNC-PARTICLE,NO_VERIFIED_EXTERNAL_TRANSLATION
"f58v.25,+P0",f58v,1526,qotain okeor sheey qokeol okeoly qokaly qokairortas ykal,H13 R00 R06 H08 R00 H08 H08 R06,S2_STRONG_BUT_PARTIAL_TRANSCRIPTION_CORE,S2,FORMAL_G2_CORE_LOCAL_KERNEL,G2,zone-local kernel / record line,S,A,3,paragraph_continuation,FUNC-PARTICLE ARG/FILL FUNC-PARTICLE OP/HEAD ARG/FILL OP/HEAD OP/HEAD ARG/FILL,FUNC-PARTICLE / ARG/FILL / FUNC-PARTICLE / OP/HEAD / ARG/FILL / OP/HEAD / OP/HEAD / ARG/FILL,NO_VERIFIED_EXTERNAL_TRANSLATION
"f58v.28,+P0",f58v,1529,ycheockhy okey okal otaly okaldy okeor sheey,R00 R00 R07 R00 R00 R00 R06,S2_STRONG_BUT_PARTIAL_TRANSCRIPTION_CORE,S2,FORMAL_G2_CORE_LOCAL_KERNEL,G2,zone-local kernel / record line,S,A,3,paragraph_continuation,ARG/FILL ARG/FILL FUNC-PARTICLE LABEL-LEX ARG/FILL ARG/FILL FUNC-PARTICLE,ARG/FILL / ARG/FILL / FUNC-PARTICLE / LABEL-LEX / ARG/FILL / ARG/FILL / FUNC-PARTICLE,NO_VERIFIED_EXTERNAL_TRANSLATION
"f58v.31,+P0",f58v,1532,tcheor chor kar okal qokeey qokal shol qokain ar oetalchg,R06 R11 R06 R07 H08 H08 R08 H08 R06 R00,S1_MULTI_TRANSCRIPTION_STRICT_CORE,S1,FORMAL_G1_GLOBAL_FRAME,G1,relational frame / record line,S,A,3,paragraph_continuation,ARG/FILL LABEL-LEX ARG/FILL FUNC-PARTICLE FUNC-PARTICLE FUNC-PARTICLE FUNC-PARTICLE FUNC-PARTICLE FUNC-PARTICLE ARG/FILL,ARG/FILL / LABEL-LEX / ARG/FILL / FUNC-PARTICLE / FUNC-PARTICLE / FUNC-PARTICLE / FUNC-PARTICLE / FUNC-PARTICLE / FUNC-PARTICLE / ARG/FILL,NO_VERIFIED_EXTERNAL_TRANSLATION
"f58v.35,+P0",f58v,1536,daiin otain okain chey okeey qokeeos olar sheo daly dalychs,R10 R00 R10 R06 R06 H08 R00 R06 R09 R09,S2_STRONG_BUT_PARTIAL_TRANSCRIPTION_CORE,S2,FORMAL_G2_CORE_LOCAL_KERNEL,G2,zone-local kernel / record line,S,A,3,paragraph_continuation,FUNC-PARTICLE FUNC-PARTICLE FUNC-PARTICLE FUNC-PARTICLE FUNC-PARTICLE OP/HEAD ARG/FILL ARG-LEX QUAL/TAIL QUAL/TAIL,FUNC-PARTICLE / FUNC-PARTICLE / FUNC-PARTICLE / FUNC-PARTICLE / FUNC-PARTICLE / OP/HEAD / ARG/FILL / ARG-LEX / QUAL/TAIL / QUAL/TAIL,NO_VERIFIED_EXTERNAL_TRANSLATION
"f58v.38,+P0",f58v,1539,ykeeody qokar qoky keey qokol okal okor cheky sydy,R00 R03 H01 R06 H08 R07 R00 R06 R06,S2_STRONG_BUT_PARTIAL_TRANSCRIPTION_CORE,S2,FORMAL_G1_GLOBAL_FRAME,G1,relational frame / record line,S,A,3,paragraph_continuation,ARG/FILL FUNC-PARTICLE FUNC-PARTICLE ARG/FILL FUNC-PARTICLE FUNC-PARTICLE ARG/FILL FUNC-PARTICLE ARG/FILL,ARG/FILL / FUNC-PARTICLE / FUNC-PARTICLE / ARG/FILL / FUNC-PARTICLE / FUNC-PARTICLE / ARG/FILL / FUNC-PARTICLE / ARG/FILL,NO_VERIFIED_EXTERNAL_TRANSLATION
"f58v.39,+P0",f58v,1540,oshar qokain okam shear ch sarols,R00 H08 R00 R06 R00 R06,S2_STRONG_BUT_PARTIAL_TRANSCRIPTION_CORE,S2,FORMAL_G2_CORE_LOCAL_KERNEL,G2,zone-local kernel / record line,S,A,3,paragraph_continuation,ARG/FILL FUNC-PARTICLE ARG/FILL ARG-LEX ARG/FILL ARG/FILL,ARG/FILL / FUNC-PARTICLE / ARG/FILL / ARG-LEX / ARG/FILL / ARG/FILL,NO_VERIFIED_EXTERNAL_TRANSLATION
"f66r.1,@L0",f66r,1548,rary,R00,S1_MULTI_TRANSCRIPTION_STRICT_CORE,S1,FORMAL_G3C_NONFRAME_SHORTFORM_HP,G3C,compact label / index / list entry,T,B,5,label_or_marginal,LABEL-FIELD,LABEL-FIELD,NO_VERIFIED_EXTERNAL_TRANSLATION
"f66r.2,+L0",f66r,1549,als,R00,S2_STRONG_BUT_PARTIAL_TRANSCRIPTION_CORE,S2,FORMAL_G3C_NONFRAME_SHORTFORM_HP,G3C,compact label / index / list entry,T,B,5,+L,LABEL-FIELD,LABEL-FIELD,NO_VERIFIED_EXTERNAL_TRANSLATION
"f66r.4,+L0",f66r,1551,dary,R06,S1_MULTI_TRANSCRIPTION_STRICT_CORE,S1,FORMAL_G3C_NONFRAME_SHORTFORM_HP,G3C,compact label / index / list entry,T,B,5,+L,LABEL-FIELD,LABEL-FIELD,NO_VERIFIED_EXTERNAL_TRANSLATION
"f66r.5,+L0",f66r,1552,ykeol,R06,S2_STRONG_BUT_PARTIAL_TRANSCRIPTION_CORE,S2,FORMAL_G3C_NONFRAME_SHORTFORM_HP,G3C,compact label / index / list entry,T,B,5,+L,LABEL-FIELD,LABEL-FIELD,NO_VERIFIED_EXTERNAL_TRANSLATION
"f66r.6,+L0",f66r,1553,saly,R06,S2_STRONG_BUT_PARTIAL_TRANSCRIPTION_CORE,S2,FORMAL_G3C_NONFRAME_SHORTFORM_HP,G3C,compact label / index / list entry,T,B,5,+L,LABEL-FIELD,LABEL-FIELD,NO_VERIFIED_EXTERNAL_TRANSLATION
"f66r.7,+L0",f66r,1554,salf,R06,S1_MULTI_TRANSCRIPTION_STRICT_CORE,S1,FORMAL_G3C_NONFRAME_SHORTFORM_HP,G3C,compact label / index / list entry,T,B,5,+L,LABEL-FIELD,LABEL-FIELD,NO_VERIFIED_EXTERNAL_TRANSLATION
"f66r.8,+L0",f66r,1555,fary,R06,S1_MULTI_TRANSCRIPTION_STRICT_CORE,S1,FORMAL_G3C_NONFRAME_SHORTFORM_HP,G3C,compact label / index / list entry,T,B,5,+L,LABEL-FIELD,LABEL-FIELD,NO_VERIFIED_EXTERNAL_TRANSLATION
"f66r.10,+L0",f66r,1557,ykaly,R06,S1_MULTI_TRANSCRIPTION_STRICT_CORE,S1,FORMAL_G3C_NONFRAME_SHORTFORM_HP,G3C,compact label / index / list entry,T,B,5,+L,LABEL-FIELD,LABEL-FIELD,NO_VERIFIED_EXTERNAL_TRANSLATION
"f66r.11,+L0",f66r,1558,doly,R06,S2_STRONG_BUT_PARTIAL_TRANSCRIPTION_CORE,S2,FORMAL_G3C_NONFRAME_SHORTFORM_HP,G3C,compact label / index / list entry,T,B,5,+L,LABEL-FIELD,LABEL-FIELD,NO_VERIFIED_EXTERNAL_TRANSLATION
"f66r.12,+L0",f66r,1559,saiin,R06,S1_MULTI_TRANSCRIPTION_STRICT_CORE,S1,FORMAL_G3C_NONFRAME_SHORTFORM_HP,G3C,compact label / index / list entry,T,B,5,+L,FUNC-PARTICLE,FUNC-PARTICLE,NO_VERIFIED_EXTERNAL_TRANSLATION
"f66r.15,+L0",f66r,1562,raral,R00,S1_MULTI_TRANSCRIPTION_STRICT_CORE,S1,FORMAL_G3C_NONFRAME_SHORTFORM_HP,G3C,compact label / index / list entry,T,B,5,+L,LABEL-FIELD,LABEL-FIELD,NO_VERIFIED_EXTERNAL_TRANSLATION
"f66r.16,@L0",f66r,1563,y,R06,S1_MULTI_TRANSCRIPTION_STRICT_CORE,S1,FORMAL_G3C_NONFRAME_SHORTFORM_HP,G3C,compact label / index / list entry,T,B,5,label_or_marginal,FUNC-PARTICLE,FUNC-PARTICLE,NO_VERIFIED_EXTERNAL_TRANSLATION
"f66r.17,+L0",f66r,1564,o,R00,S1_MULTI_TRANSCRIPTION_STRICT_CORE,S1,FORMAL_G3C_NONFRAME_SHORTFORM_HP,G3C,compact label / index / list entry,T,B,5,+L,LABEL-LEX,LABEL-LEX,NO_VERIFIED_EXTERNAL_TRANSLATION
"f66r.18,+L0",f66r,1565,s,R06,S1_MULTI_TRANSCRIPTION_STRICT_CORE,S1,FORMAL_G3C_NONFRAME_SHORTFORM_HP,G3C,compact label / index / list entry,T,B,5,+L,FUNC-PARTICLE,FUNC-PARTICLE,NO_VERIFIED_EXTERNAL_TRANSLATION
"f66r.19,+L0",f66r,1566,sh,R06,S1_MULTI_TRANSCRIPTION_STRICT_CORE,S1,FORMAL_G3C_NONFRAME_SHORTFORM_HP,G3C,compact label / index / list entry,T,B,5,+L,LABEL-FIELD,LABEL-FIELD,NO_VERIFIED_EXTERNAL_TRANSLATION
"f66r.20,+L0",f66r,1567,y,R06,S1_MULTI_TRANSCRIPTION_STRICT_CORE,S1,FORMAL_G3C_NONFRAME_SHORTFORM_HP,G3C,compact label / index / list entry,T,B,5,+L,FUNC-PARTICLE,FUNC-PARTICLE,NO_VERIFIED_EXTERNAL_TRANSLATION
"f66r.21,+L0",f66r,1568,d,R06,S1_MULTI_TRANSCRIPTION_STRICT_CORE,S1,FORMAL_G3C_NONFRAME_SHORTFORM_HP,G3C,compact label / index / list entry,T,B,5,+L,LABEL-LEX,LABEL-LEX,NO_VERIFIED_EXTERNAL_TRANSLATION
"f66r.22,+L0",f66r,1569,o,R00,S1_MULTI_TRANSCRIPTION_STRICT_CORE,S1,FORMAL_G3C_NONFRAME_SHORTFORM_HP,G3C,compact label / index / list entry,T,B,5,+L,LABEL-LEX,LABEL-LEX,NO_VERIFIED_EXTERNAL_TRANSLATION
"f66r.23,+L0",f66r,1570,f,R06,S1_MULTI_TRANSCRIPTION_STRICT_CORE,S1,FORMAL_G3C_NONFRAME_SHORTFORM_HP,G3C,compact label / index / list entry,T,B,5,+L,LABEL-LEX,LABEL-LEX,NO_VERIFIED_EXTERNAL_TRANSLATION
"f66r.25,+L0",f66r,1571,x,R00,S1_MULTI_TRANSCRIPTION_STRICT_CORE,S1,FORMAL_G3C_NONFRAME_SHORTFORM_HP,G3C,compact label / index / list entry,T,B,5,+L,LABEL-FIELD,LABEL-FIELD,NO_VERIFIED_EXTERNAL_TRANSLATION
"f66r.26,+L0",f66r,1572,air,R00,S1_MULTI_TRANSCRIPTION_STRICT_CORE,S1,FORMAL_G3C_NONFRAME_SHORTFORM_HP,G3C,compact label / index / list entry,T,B,5,+L,LABEL-FIELD,LABEL-FIELD,NO_VERIFIED_EXTERNAL_TRANSLATION
"f66r.27,+L0",f66r,1573,d,R06,S1_MULTI_TRANSCRIPTION_STRICT_CORE,S1,FORMAL_G3C_NONFRAME_SHORTFORM_HP,G3C,compact label / index / list entry,T,B,5,+L,LABEL-LEX,LABEL-LEX,NO_VERIFIED_EXTERNAL_TRANSLATION
"f66r.28,+L0",f66r,1574,sh,R06,S1_MULTI_TRANSCRIPTION_STRICT_CORE,S1,FORMAL_G3C_NONFRAME_SHORTFORM_HP,G3C,compact label / index / list entry,T,B,5,+L,LABEL-FIELD,LABEL-FIELD,NO_VERIFIED_EXTERNAL_TRANSLATION
"f66r.29,+L0",f66r,1575,y,R06,S1_MULTI_TRANSCRIPTION_STRICT_CORE,S1,FORMAL_G3C_NONFRAME_SHORTFORM_HP,G3C,compact label / index / list entry,T,B,5,+L,FUNC-PARTICLE,FUNC-PARTICLE,NO_VERIFIED_EXTERNAL_TRANSLATION
"f66r.30,+L0",f66r,1576,f,R06,S1_MULTI_TRANSCRIPTION_STRICT_CORE,S1,FORMAL_G3C_NONFRAME_SHORTFORM_HP,G3C,compact label / index / list entry,T,B,5,+L,LABEL-LEX,LABEL-LEX,NO_VERIFIED_EXTERNAL_TRANSLATION
"f66r.31,+L0",f66r,1577,f,R06,S1_MULTI_TRANSCRIPTION_STRICT_CORE,S1,FORMAL_G3C_NONFRAME_SHORTFORM_HP,G3C,compact label / index / list entry,T,B,5,+L,LABEL-LEX,LABEL-LEX,NO_VERIFIED_EXTERNAL_TRANSLATION
"f66r.32,+L0",f66r,1578,y,R06,S1_MULTI_TRANSCRIPTION_STRICT_CORE,S1,FORMAL_G3C_NONFRAME_SHORTFORM_HP,G3C,compact label / index / list entry,T,B,5,+L,FUNC-PARTICLE,FUNC-PARTICLE,NO_VERIFIED_EXTERNAL_TRANSLATION
"f66r.33,+L0",f66r,1579,o,R00,S1_MULTI_TRANSCRIPTION_STRICT_CORE,S1,FORMAL_G3C_NONFRAME_SHORTFORM_HP,G3C,compact label / index / list entry,T,B,5,+L,LABEL-LEX,LABEL-LEX,NO_VERIFIED_EXTERNAL_TRANSLATION
"f66r.34,+L0",f66r,1580,d,R06,S1_MULTI_TRANSCRIPTION_STRICT_CORE,S1,FORMAL_G3C_NONFRAME_SHORTFORM_HP,G3C,compact label / index / list entry,T,B,5,+L,LABEL-LEX,LABEL-LEX,NO_VERIFIED_EXTERNAL_TRANSLATION
"f66r.35,+L0",f66r,1581,s,R06,S1_MULTI_TRANSCRIPTION_STRICT_CORE,S1,FORMAL_G3C_NONFRAME_SHORTFORM_HP,G3C,compact label / index / list entry,T,B,5,+L,FUNC-PARTICLE,FUNC-PARTICLE,NO_VERIFIED_EXTERNAL_TRANSLATION
"f66r.36,+L0",f66r,1582,f,R06,S1_MULTI_TRANSCRIPTION_STRICT_CORE,S1,FORMAL_G3C_NONFRAME_SHORTFORM_HP,G3C,compact label / index / list entry,T,B,5,+L,LABEL-LEX,LABEL-LEX,NO_VERIFIED_EXTERNAL_TRANSLATION
"f66r.37,+L0",f66r,1583,c,R00,S1_MULTI_TRANSCRIPTION_STRICT_CORE,S1,FORMAL_G3C_NONFRAME_SHORTFORM_HP,G3C,compact label / index / list entry,T,B,5,+L,LABEL-FIELD,LABEL-FIELD,NO_VERIFIED_EXTERNAL_TRANSLATION
"f66r.39,+L0",f66r,1584,x,R00,S1_MULTI_TRANSCRIPTION_STRICT_CORE,S1,FORMAL_G3C_NONFRAME_SHORTFORM_HP,G3C,compact label / index / list entry,T,B,5,+L,LABEL-FIELD,LABEL-FIELD,NO_VERIFIED_EXTERNAL_TRANSLATION
"f66r.40,+L0",f66r,1585,t,R06,S1_MULTI_TRANSCRIPTION_STRICT_CORE,S1,FORMAL_G3C_NONFRAME_SHORTFORM_HP,G3C,compact label / index / list entry,T,B,5,+L,LABEL-FIELD,LABEL-FIELD,NO_VERIFIED_EXTERNAL_TRANSLATION
"f66r.41,+L0",f66r,1586,o,R00,S1_MULTI_TRANSCRIPTION_STRICT_CORE,S1,FORMAL_G3C_NONFRAME_SHORTFORM_HP,G3C,compact label / index / list entry,T,B,5,+L,LABEL-LEX,LABEL-LEX,NO_VERIFIED_EXTERNAL_TRANSLATION
"f66r.43,+L0",f66r,1587,l,R06,S1_MULTI_TRANSCRIPTION_STRICT_CORE,S1,FORMAL_G3C_NONFRAME_SHORTFORM_HP,G3C,compact label / index / list entry,T,B,5,+L,FUNC-PARTICLE,FUNC-PARTICLE,NO_VERIFIED_EXTERNAL_TRANSLATION
"f66r.44,+L0",f66r,1588,r,R00,S1_MULTI_TRANSCRIPTION_STRICT_CORE,S1,FORMAL_G3C_NONFRAME_SHORTFORM_HP,G3C,compact label / index / list entry,T,B,5,+L,LABEL-LEX,LABEL-LEX,NO_VERIFIED_EXTERNAL_TRANSLATION
"f66r.45,+L0",f66r,1589,t,R06,S1_MULTI_TRANSCRIPTION_STRICT_CORE,S1,FORMAL_G3C_NONFRAME_SHORTFORM_HP,G3C,compact label / index / list entry,T,B,5,+L,LABEL-FIELD,LABEL-FIELD,NO_VERIFIED_EXTERNAL_TRANSLATION
"f66r.46,+L0",f66r,1590,o,R00,S1_MULTI_TRANSCRIPTION_STRICT_CORE,S1,FORMAL_G3C_NONFRAME_SHORTFORM_HP,G3C,compact label / index / list entry,T,B,5,+L,LABEL-LEX,LABEL-LEX,NO_VERIFIED_EXTERNAL_TRANSLATION
"f66r.47,+L0",f66r,1591,x,R00,S1_MULTI_TRANSCRIPTION_STRICT_CORE,S1,FORMAL_G3C_NONFRAME_SHORTFORM_HP,G3C,compact label / index / list entry,T,B,5,+L,LABEL-FIELD,LABEL-FIELD,NO_VERIFIED_EXTERNAL_TRANSLATION
"f66r.48,+L0",f66r,1592,p,R06,S1_MULTI_TRANSCRIPTION_STRICT_CORE,S1,FORMAL_G3C_NONFRAME_SHORTFORM_HP,G3C,compact label / index / list entry,T,B,5,+L,LABEL-FIELD,LABEL-FIELD,NO_VERIFIED_EXTERNAL_TRANSLATION
"f66r.49,+L0",f66r,1593,d,R06,S1_MULTI_TRANSCRIPTION_STRICT_CORE,S1,FORMAL_G3C_NONFRAME_SHORTFORM_HP,G3C,compact label / index / list entry,T,B,5,+L,LABEL-LEX,LABEL-LEX,NO_VERIFIED_EXTERNAL_TRANSLATION
"f66r.51,+P0",f66r,1595,sair shekey qokeedar okal okedy qokeedy qokal okedy qokshd,R06 R06 H08 R07 R00 H01 H08 R00 H08,S1_MULTI_TRANSCRIPTION_STRICT_CORE,S1,FORMAL_G1_GLOBAL_FRAME,G1,relational frame / record line,T,B,5,paragraph_continuation,ARG/FILL ARG/FILL OP/HEAD FUNC-PARTICLE FUNC-PARTICLE FUNC-PARTICLE FUNC-PARTICLE FUNC-PARTICLE OP/HEAD,ARG/FILL / ARG/FILL / OP/HEAD / FUNC-PARTICLE / FUNC-PARTICLE / FUNC-PARTICLE / FUNC-PARTICLE / FUNC-PARTICLE / OP/HEAD,NO_VERIFIED_EXTERNAL_TRANSLATION
"f66r.54,+P0",f66r,1598,qokeeody qokeody qokeody qokar sheky qokeeody okedy kodary,H11 H11 H11 R03 R06 H11 R00 R06,S1_MULTI_TRANSCRIPTION_STRICT_CORE,S1,FORMAL_G2_CORE_LOCAL_KERNEL,G2,zone-local kernel / record line,T,B,5,paragraph_continuation,OP/HEAD OPERATOR OPERATOR FUNC-PARTICLE ARG/FILL OP/HEAD FUNC-PARTICLE ARG/FILL,OP/HEAD / OPERATOR / OPERATOR / FUNC-PARTICLE / ARG/FILL / OP/HEAD / FUNC-PARTICLE / ARG/FILL,NO_VERIFIED_EXTERNAL_TRANSLATION
"f66r.55,+P0",f66r,1599,ykeeody choekeey okeody chekeody qokeey dyky chctho rotaiin,R00 R00 R00 R00 H08 R06 R04 R00,S2_STRONG_BUT_PARTIAL_TRANSCRIPTION_CORE,S2,FORMAL_G2_CORE_LOCAL_KERNEL,G2,zone-local kernel / record line,T,B,5,paragraph_continuation,ARG/FILL ARG/FILL ARG/FILL ARG/FILL FUNC-PARTICLE ARG/FILL QUAL/TAIL ARG/FILL,ARG/FILL / ARG/FILL / ARG/FILL / ARG/FILL / FUNC-PARTICLE / ARG/FILL / QUAL/TAIL / ARG/FILL,NO_VERIFIED_EXTERNAL_TRANSLATION
"f66r.61,+P0",f66r,1605,qokchey qokaiir cheky daly daiin dalshedy chedy lkar ol okedy,H08 H08 R06 R09 R10 R09 R02 R00 R06 R00,S2_STRONG_BUT_PARTIAL_TRANSCRIPTION_CORE,S2,FORMAL_G2_CORE_LOCAL_KERNEL,G2,zone-local kernel / record line,T,B,5,paragraph_continuation,OP/HEAD OP/HEAD FUNC-PARTICLE QUAL/TAIL FUNC-PARTICLE QUAL/TAIL FUNC-PARTICLE ARG/FILL FUNC-PARTICLE FUNC-PARTICLE,OP/HEAD / OP/HEAD / FUNC-PARTICLE / QUAL/TAIL / FUNC-PARTICLE / QUAL/TAIL / FUNC-PARTICLE / ARG/FILL / FUNC-PARTICLE / FUNC-PARTICLE,NO_VERIFIED_EXTERNAL_TRANSLATION
"f66r.67,+P0",f66r,1611,psheody cfhol shofol okeody qokaldy ytarody shedy shedy dair,R00 R00 R06 R00 H11 R00 R06 R06 R06,S1_MULTI_TRANSCRIPTION_STRICT_CORE,S1,FORMAL_G2_CORE_LOCAL_KERNEL,G2,zone-local kernel / record line,T,B,5,paragraph_continuation,ARG/FILL ARG/FILL ARG/FILL ARG/FILL OP/HEAD ARG/FILL FUNC-PARTICLE FUNC-PARTICLE ARG/FILL,ARG/FILL / ARG/FILL / ARG/FILL / ARG/FILL / OP/HEAD / ARG/FILL / FUNC-PARTICLE / FUNC-PARTICLE / ARG/FILL,NO_VERIFIED_EXTERNAL_TRANSLATION
"f66r.69,+P0",f66r,1613,tosheo qokaldy oky ol kcheeky qoky dary okees oly,R06 H11 R00 R06 R00 H01 R06 R00 R06,S1_MULTI_TRANSCRIPTION_STRICT_CORE,S1,FORMAL_G2_CORE_LOCAL_KERNEL,G2,zone-local kernel / record line,T,B,5,paragraph_continuation,ARG/FILL OP/HEAD FUNC-PARTICLE FUNC-PARTICLE ARG/FILL FUNC-PARTICLE ARG/FILL ARG/FILL FUNC-PARTICLE,ARG/FILL / OP/HEAD / FUNC-PARTICLE / FUNC-PARTICLE / ARG/FILL / FUNC-PARTICLE / ARG/FILL / ARG/FILL / FUNC-PARTICLE,NO_VERIFIED_EXTERNAL_TRANSLATION
"f66r.70,+P0",f66r,1614,todeeey keody chdy keody shedy shekeefy chdy sheol shol kedy daly,R00 R06 R02 R06 R06 R00 R02 R06 R08 R06 R09,S1_MULTI_TRANSCRIPTION_STRICT_CORE,S1,FORMAL_G2_CORE_LOCAL_KERNEL,G2,zone-local kernel / record line,T,B,5,paragraph_continuation,ARG/FILL ARG/FILL FUNC-PARTICLE ARG/FILL FUNC-PARTICLE ARG/FILL FUNC-PARTICLE FUNC-PARTICLE FUNC-PARTICLE ARG/FILL QUAL/TAIL,ARG/FILL / ARG/FILL / FUNC-PARTICLE / ARG/FILL / FUNC-PARTICLE / ARG/FILL / FUNC-PARTICLE / FUNC-PARTICLE / FUNC-PARTICLE / ARG/FILL / QUAL/TAIL,NO_VERIFIED_EXTERNAL_TRANSLATION
"f66r.76,+P0",f66r,1620,daiin sheol qocthedy qokedy lchey qokaly shcthy qotal otchdy,R10 R06 H21 H12 R00 H08 R06 H13 R00,S1_MULTI_TRANSCRIPTION_STRICT_CORE,S1,FORMAL_G2_CORE_LOCAL_KERNEL,G2,zone-local kernel / record line,T,B,5,paragraph_continuation,FUNC-PARTICLE FUNC-PARTICLE OP/HEAD FUNC-PARTICLE ARG/FILL OP/HEAD ARG-LEX OP/HEAD ARG/FILL,FUNC-PARTICLE / FUNC-PARTICLE / OP/HEAD / FUNC-PARTICLE / ARG/FILL / OP/HEAD / ARG-LEX / OP/HEAD / ARG/FILL,NO_VERIFIED_EXTERNAL_TRANSLATION
"f66r.77,+P0",f66r,1621,qokey ar olkeol qokal cheoky ykchdy chody sheody qoky ldy,H08 R06 R00 H08 R00 R00 R00 R06 H01 R00,S1_MULTI_TRANSCRIPTION_STRICT_CORE,S1,FORMAL_G2_CORE_LOCAL_KERNEL,G2,zone-local kernel / record line,T,B,5,paragraph_continuation,FUNC-PARTICLE FUNC-PARTICLE ARG/FILL FUNC-PARTICLE ARG/FILL ARG/FILL ARG/FILL ARG/FILL FUNC-PARTICLE ARG/FILL,FUNC-PARTICLE / FUNC-PARTICLE / ARG/FILL / FUNC-PARTICLE / ARG/FILL / ARG/FILL / ARG/FILL / ARG/FILL / FUNC-PARTICLE / ARG/FILL,NO_VERIFIED_EXTERNAL_TRANSLATION
"f66r.78,+P0",f66r,1622,dor aiin sheeol lshedy lchedy cheedy shekol dalol lodaiin,R06 R06 R06 R00 R00 R06 R06 R06 R10,S1_MULTI_TRANSCRIPTION_STRICT_CORE,S1,FORMAL_G2_CORE_LOCAL_KERNEL,G2,zone-local kernel / record line,T,B,5,paragraph_continuation,ARG/FILL FUNC-PARTICLE ARG/FILL ARG/FILL FUNC-PARTICLE ARG/FILL ARG/FILL ARG/FILL QUAL/TAIL,ARG/FILL / FUNC-PARTICLE / ARG/FILL / ARG/FILL / FUNC-PARTICLE / ARG/FILL / ARG/FILL / ARG/FILL / QUAL/TAIL,NO_VERIFIED_EXTERNAL_TRANSLATION
"f66r.79,+P0",f66r,1623,sheol oteeyldaiin okalchedy pchedy kody qotchedy cphedy,R06 R01 R00 R06 R06 H15 R00,S1_MULTI_TRANSCRIPTION_STRICT_CORE,S1,FORMAL_G2_CORE_LOCAL_KERNEL,G2,zone-local kernel / record line,T,B,5,paragraph_continuation,FUNC-PARTICLE QUAL/TAIL ARG/FILL ARG-LEX ARG/FILL OP/HEAD ARG/FILL,FUNC-PARTICLE / QUAL/TAIL / ARG/FILL / ARG-LEX / ARG/FILL / OP/HEAD / ARG/FILL,NO_VERIFIED_EXTERNAL_TRANSLATION
"f66r.80,+P0",f66r,1624,daiin shey qoteoly raiin sheedy shcthy lkeol qokol dkar,R10 R06 H13 R00 R06 R06 R00 H08 R06,S1_MULTI_TRANSCRIPTION_STRICT_CORE,S1,FORMAL_G2_CORE_LOCAL_KERNEL,G2,zone-local kernel / record line,T,B,5,paragraph_continuation,FUNC-PARTICLE FUNC-PARTICLE OP/HEAD ARG/FILL FUNC-PARTICLE ARG-LEX ARG/FILL FUNC-PARTICLE ARG/FILL,FUNC-PARTICLE / FUNC-PARTICLE / OP/HEAD / ARG/FILL / FUNC-PARTICLE / ARG-LEX / ARG/FILL / FUNC-PARTICLE / ARG/FILL,NO_VERIFIED_EXTERNAL_TRANSLATION
"f66v.8,+P0",f66v,1634,dchekeedy cheody qokchdy qokol keedy cheky chety kody,R00 R00 H09 H08 R06 R06 R00 R06,S2_STRONG_BUT_PARTIAL_TRANSCRIPTION_CORE,S2,FORMAL_G1_GLOBAL_FRAME,G1,relational frame / record line,H,B,5,paragraph_continuation,ARG/FILL FUNC-PARTICLE FUNC-PARTICLE FUNC-PARTICLE ARG/FILL FUNC-PARTICLE ARG/FILL ARG/FILL,ARG/FILL / FUNC-PARTICLE / FUNC-PARTICLE / FUNC-PARTICLE / ARG/FILL / FUNC-PARTICLE / ARG/FILL / ARG/FILL,NO_VERIFIED_EXTERNAL_TRANSLATION
"f67r1.8,@Ri",f67r1,1647,otaldy,R00,S1_MULTI_TRANSCRIPTION_STRICT_CORE,S1,FORMAL_G3C_NONFRAME_SHORTFORM_HP,G3C,compact label / index / list entry,A,,4,radial/ring_text,LABEL-FIELD,LABEL-FIELD,NO_VERIFIED_EXTERNAL_TRANSLATION
"f67r1.9,@Ri",f67r1,1648,otoky,R00,S1_MULTI_TRANSCRIPTION_STRICT_CORE,S1,FORMAL_G3C_NONFRAME_SHORTFORM_HP,G3C,compact label / index / list entry,A,,4,radial/ring_text,LABEL-FIELD,LABEL-FIELD,NO_VERIFIED_EXTERNAL_TRANSLATION
"f67r1.10,@Ri",f67r1,1649,seeaiir,R00,S2_STRONG_BUT_PARTIAL_TRANSCRIPTION_CORE,S2,FORMAL_G3C_NONFRAME_SHORTFORM_HP,G3C,compact label / index / list entry,A,,4,radial/ring_text,LABEL-FIELD,LABEL-FIELD,NO_VERIFIED_EXTERNAL_TRANSLATION
"f67r1.11,@Ri",f67r1,1650,ykees ary,R06 R00,S2_STRONG_BUT_PARTIAL_TRANSCRIPTION_CORE,S2,FORMAL_G3C_NONFRAME_SHORTFORM_HP,G3C,compact label / index / list entry,A,,4,radial/ring_text,LABEL-FIELD LABEL-LEX,LABEL-FIELD / LABEL-LEX,NO_VERIFIED_EXTERNAL_TRANSLATION
"f67r1.12,@Ri",f67r1,1651,sosaiir,R00,S1_MULTI_TRANSCRIPTION_STRICT_CORE,S1,FORMAL_G3C_NONFRAME_SHORTFORM_HP,G3C,compact label / index / list entry,A,,4,radial/ring_text,LABEL-FIELD,LABEL-FIELD,NO_VERIFIED_EXTERNAL_TRANSLATION
"f67r1.14,@Ri",f67r1,1653,ytodaiir,R00,S2_STRONG_BUT_PARTIAL_TRANSCRIPTION_CORE,S2,FORMAL_G3C_NONFRAME_SHORTFORM_HP,G3C,compact label / index / list entry,A,,4,radial/ring_text,LABEL-FIELD,LABEL-FIELD,NO_VERIFIED_EXTERNAL_TRANSLATION
"f67r1.15,@Ri",f67r1,1654,sheosam,R00,S1_MULTI_TRANSCRIPTION_STRICT_CORE,S1,FORMAL_G3C_NONFRAME_SHORTFORM_HP,G3C,compact label / index / list entry,A,,4,radial/ring_text,LABEL-FIELD,LABEL-FIELD,NO_VERIFIED_EXTERNAL_TRANSLATION
"f67r1.16,@Ri",f67r1,1655,ykeeody,R00,S1_MULTI_TRANSCRIPTION_STRICT_CORE,S1,FORMAL_G3C_NONFRAME_SHORTFORM_HP,G3C,compact label / index / list entry,A,,4,radial/ring_text,LABEL-FIELD,LABEL-FIELD,NO_VERIFIED_EXTERNAL_TRANSLATION
"f67r1.17,@Ri",f67r1,1656,okeol sal,R06 R06,S1_MULTI_TRANSCRIPTION_STRICT_CORE,S1,FORMAL_G3C_NONFRAME_SHORTFORM_HP,G3C,compact label / index / list entry,A,,4,radial/ring_text,LABEL-FIELD LABEL-FIELD,LABEL-FIELD / LABEL-FIELD,NO_VERIFIED_EXTERNAL_TRANSLATION
"f67r1.18,@Ri",f67r1,1657,okeey sar,R06 R06,S1_MULTI_TRANSCRIPTION_STRICT_CORE,S1,FORMAL_G3C_NONFRAME_SHORTFORM_HP,G3C,compact label / index / list entry,A,,4,radial/ring_text,FUNC-PARTICLE LABEL-FIELD,FUNC-PARTICLE / LABEL-FIELD,NO_VERIFIED_EXTERNAL_TRANSLATION
"f67r1.19,@Ri",f67r1,1658,dalary,R06,S1_MULTI_TRANSCRIPTION_STRICT_CORE,S1,FORMAL_G3C_NONFRAME_SHORTFORM_HP,G3C,compact label / index / list entry,A,,4,radial/ring_text,LABEL-FIELD,LABEL-FIELD,NO_VERIFIED_EXTERNAL_TRANSLATION
"f67r2.2,&L0",f67r2,1660,ykecho ols eesydy,R06 R00 R00,S2_STRONG_BUT_PARTIAL_TRANSCRIPTION_CORE,S2,FORMAL_G3C_NONFRAME_SHORTFORM_HP,G3C,compact label / index / list entry,A,,4,&L,LABEL-FIELD LABEL-FIELD LABEL-FIELD,LABEL-FIELD / LABEL-FIELD / LABEL-FIELD,NO_VERIFIED_EXTERNAL_TRANSLATION
"f67r2.3,&L0",f67r2,1661,ey shs okar,R00 R06 R03,S2_STRONG_BUT_PARTIAL_TRANSCRIPTION_CORE,S2,FORMAL_G3C_NONFRAME_SHORTFORM_HP,G3C,compact label / index / list entry,A,,4,&L,LABEL-FIELD LABEL-FIELD FUNC-PARTICLE,LABEL-FIELD / LABEL-FIELD / FUNC-PARTICLE,NO_VERIFIED_EXTERNAL_TRANSLATION
"f67r2.4,&L0",f67r2,1662,shekchy sykos,R00 R06,S1_MULTI_TRANSCRIPTION_STRICT_CORE,S1,FORMAL_G3C_NONFRAME_SHORTFORM_HP,G3C,compact label / index / list entry,A,,4,&L,LABEL-FIELD LABEL-FIELD,LABEL-FIELD / LABEL-FIELD,NO_VERIFIED_EXTERNAL_TRANSLATION
"f67r2.5,&L0",f67r2,1663,ykeody okchy,R00 R00,S1_MULTI_TRANSCRIPTION_STRICT_CORE,S1,FORMAL_G3C_NONFRAME_SHORTFORM_HP,G3C,compact label / index / list entry,A,,4,&L,LABEL-LEX LABEL-FIELD,LABEL-LEX / LABEL-FIELD,NO_VERIFIED_EXTERNAL_TRANSLATION
"f67r2.6,&L0",f67r2,1664,dchetay,R00,S2_STRONG_BUT_PARTIAL_TRANSCRIPTION_CORE,S2,FORMAL_G3C_NONFRAME_SHORTFORM_HP,G3C,compact label / index / list entry,A,,4,&L,LABEL-FIELD,LABEL-FIELD,NO_VERIFIED_EXTERNAL_TRANSLATION
"f67r2.7,&L0",f67r2,1665,ykchy kchey ykchys,R06 R06 R06,S2_STRONG_BUT_PARTIAL_TRANSCRIPTION_CORE,S2,FORMAL_G3C_NONFRAME_SHORTFORM_HP,G3C,compact label / index / list entry,A,,4,&L,LABEL-FIELD LABEL-FIELD LABEL-FIELD,LABEL-FIELD / LABEL-FIELD / LABEL-FIELD,NO_VERIFIED_EXTERNAL_TRANSLATION
"f67r2.8,&L0",f67r2,1666,chkchdar,R00,S1_MULTI_TRANSCRIPTION_STRICT_CORE,S1,FORMAL_G3C_NONFRAME_SHORTFORM_HP,G3C,compact label / index / list entry,A,,4,&L,LABEL-FIELD,LABEL-FIELD,NO_VERIFIED_EXTERNAL_TRANSLATION
"f67r2.9,&L0",f67r2,1667,ykar ykaly,R06 R06,S1_MULTI_TRANSCRIPTION_STRICT_CORE,S1,FORMAL_G3C_NONFRAME_SHORTFORM_HP,G3C,compact label / index / list entry,A,,4,&L,LABEL-FIELD LABEL-FIELD,LABEL-FIELD / LABEL-FIELD,NO_VERIFIED_EXTERNAL_TRANSLATION
"f67r2.10,&L0",f67r2,1668,lkshykchy okar,R00 R03,S1_MULTI_TRANSCRIPTION_STRICT_CORE,S1,FORMAL_G3C_NONFRAME_SHORTFORM_HP,G3C,compact label / index / list entry,A,,4,&L,LABEL-FIELD FUNC-PARTICLE,LABEL-FIELD / FUNC-PARTICLE,NO_VERIFIED_EXTERNAL_TRANSLATION
"f67r2.12,&L0",f67r2,1670,ykees ykchos,R06 R06,S2_STRONG_BUT_PARTIAL_TRANSCRIPTION_CORE,S2,FORMAL_G3C_NONFRAME_SHORTFORM_HP,G3C,compact label / index / list entry,A,,4,&L,LABEL-FIELD LABEL-FIELD,LABEL-FIELD / LABEL-FIELD,NO_VERIFIED_EXTERNAL_TRANSLATION
"f67r2.13,@Pb",f67r2,1671,opodchol s ain aldy,R07 R06 R06 R00,S2_STRONG_BUT_PARTIAL_TRANSCRIPTION_CORE,S2,FORMAL_G3C_NONFRAME_SHORTFORM_HP,G3C,compact label / index / list entry,A,,4,paragraph_start,LABEL-FIELD FUNC-PARTICLE LABEL-FIELD LABEL-FIELD,LABEL-FIELD / FUNC-PARTICLE / LABEL-FIELD / LABEL-FIELD,NO_VERIFIED_EXTERNAL_TRANSLATION
"f67r2.14,+Pb",f67r2,1672,soeey doiin oldy,R06 R06 R00,S2_STRONG_BUT_PARTIAL_TRANSCRIPTION_CORE,S2,FORMAL_G3C_NONFRAME_SHORTFORM_HP,G3C,compact label / index / list entry,A,,4,paragraph_continuation,LABEL-FIELD LABEL-FIELD LABEL-FIELD,LABEL-FIELD / LABEL-FIELD / LABEL-FIELD,NO_VERIFIED_EXTERNAL_TRANSLATION
"f67r2.15,+L0",f67r2,1673,dolchsody,R00,S2_STRONG_BUT_PARTIAL_TRANSCRIPTION_CORE,S2,FORMAL_G3C_NONFRAME_SHORTFORM_HP,G3C,compact label / index / list entry,A,,4,+L,LABEL-FIELD,LABEL-FIELD,NO_VERIFIED_EXTERNAL_TRANSLATION
"f67r2.19,@Pb",f67r2,1677,ydchos ain ar amy,R06 R06 R06 R00,S1_MULTI_TRANSCRIPTION_STRICT_CORE,S1,FORMAL_G3C_NONFRAME_SHORTFORM_HP,G3C,compact label / index / list entry,A,,4,paragraph_start,LABEL-FIELD LABEL-FIELD FUNC-PARTICLE LABEL-FIELD,LABEL-FIELD / LABEL-FIELD / FUNC-PARTICLE / LABEL-FIELD,NO_VERIFIED_EXTERNAL_TRANSLATION
"f67r2.20,+Pb",f67r2,1678,chocfhy saral,R00 R06,S1_MULTI_TRANSCRIPTION_STRICT_CORE,S1,FORMAL_G3C_NONFRAME_SHORTFORM_HP,G3C,compact label / index / list entry,A,,4,paragraph_continuation,LABEL-FIELD LABEL-FIELD,LABEL-FIELD / LABEL-FIELD,NO_VERIFIED_EXTERNAL_TRANSLATION
"f67r2.21,+Pb",f67r2,1679,sain am ar,R06 R06 R06,S1_MULTI_TRANSCRIPTION_STRICT_CORE,S1,FORMAL_G3C_NONFRAME_SHORTFORM_HP,G3C,compact label / index / list entry,A,,4,paragraph_continuation,FUNC-PARTICLE LABEL-FIELD FUNC-PARTICLE,FUNC-PARTICLE / LABEL-FIELD / FUNC-PARTICLE,NO_VERIFIED_EXTERNAL_TRANSLATION
"f67r2.22,+L0",f67r2,1680,okal,R07,S1_MULTI_TRANSCRIPTION_STRICT_CORE,S1,FORMAL_G3C_NONFRAME_SHORTFORM_HP,G3C,compact label / index / list entry,A,,4,+L,FUNC-PARTICLE,FUNC-PARTICLE,NO_VERIFIED_EXTERNAL_TRANSLATION
"f67r2.24,+Pb",f67r2,1682,sodar ofar ar,R06 R00 R06,S1_MULTI_TRANSCRIPTION_STRICT_CORE,S1,FORMAL_G3C_NONFRAME_SHORTFORM_HP,G3C,compact label / index / list entry,A,,4,paragraph_continuation,LABEL-FIELD LABEL-FIELD FUNC-PARTICLE,LABEL-FIELD / LABEL-FIELD / FUNC-PARTICLE,NO_VERIFIED_EXTERNAL_TRANSLATION
"f67r2.25,+Pb",f67r2,1683,ydam,R06,S2_STRONG_BUT_PARTIAL_TRANSCRIPTION_CORE,S2,FORMAL_G3C_NONFRAME_SHORTFORM_HP,G3C,compact label / index / list entry,A,,4,paragraph_continuation,LABEL-FIELD,LABEL-FIELD,NO_VERIFIED_EXTERNAL_TRANSLATION
"f67r2.26,@Pb",f67r2,1684,yteoor yto ykor,R06 R06 R06,S1_MULTI_TRANSCRIPTION_STRICT_CORE,S1,FORMAL_G3C_NONFRAME_SHORTFORM_HP,G3C,compact label / index / list entry,A,,4,paragraph_start,LABEL-FIELD LABEL-FIELD LABEL-FIELD,LABEL-FIELD / LABEL-FIELD / LABEL-FIELD,NO_VERIFIED_EXTERNAL_TRANSLATION
"f67r2.27,+Pb",f67r2,1685,okeor aiin am,R00 R06 R06,S1_MULTI_TRANSCRIPTION_STRICT_CORE,S1,FORMAL_G3C_NONFRAME_SHORTFORM_HP,G3C,compact label / index / list entry,A,,4,paragraph_continuation,LABEL-FIELD FUNC-PARTICLE LABEL-FIELD,LABEL-FIELD / FUNC-PARTICLE / LABEL-FIELD,NO_VERIFIED_EXTERNAL_TRANSLATION
"f67r2.28,+L0",f67r2,1686,okain a,R10 R00,S1_MULTI_TRANSCRIPTION_STRICT_CORE,S1,FORMAL_G3C_NONFRAME_SHORTFORM_HP,G3C,compact label / index / list entry,A,,4,+L,FUNC-PARTICLE LABEL-FIELD,FUNC-PARTICLE / LABEL-FIELD,NO_VERIFIED_EXTERNAL_TRANSLATION
"f67r2.29,@Pb",f67r2,1687,ytody saiin,R00 R06,S1_MULTI_TRANSCRIPTION_STRICT_CORE,S1,FORMAL_G3C_NONFRAME_SHORTFORM_HP,G3C,compact label / index / list entry,A,,4,paragraph_start,LABEL-FIELD FUNC-PARTICLE,LABEL-FIELD / FUNC-PARTICLE,NO_VERIFIED_EXTERNAL_TRANSLATION
"f67r2.30,+Pb",f67r2,1688,ochol olol,R00 R00,S1_MULTI_TRANSCRIPTION_STRICT_CORE,S1,FORMAL_G3C_NONFRAME_SHORTFORM_HP,G3C,compact label / index / list entry,A,,4,paragraph_continuation,LABEL-FIELD LABEL-FIELD,LABEL-FIELD / LABEL-FIELD,NO_VERIFIED_EXTERNAL_TRANSLATION
"f67r2.31,+L0",f67r2,1689,opcholdy,R07,S1_MULTI_TRANSCRIPTION_STRICT_CORE,S1,FORMAL_G3C_NONFRAME_SHORTFORM_HP,G3C,compact label / index / list entry,A,,4,+L,LABEL-FIELD,LABEL-FIELD,NO_VERIFIED_EXTERNAL_TRANSLATION
"f67r2.33,+Pb",f67r2,1691,dokan oear odal,R06 R00 R00,S2_STRONG_BUT_PARTIAL_TRANSCRIPTION_CORE,S2,FORMAL_G3C_NONFRAME_SHORTFORM_HP,G3C,compact label / index / list entry,A,,4,paragraph_continuation,LABEL-FIELD LABEL-FIELD LABEL-FIELD,LABEL-FIELD / LABEL-FIELD / LABEL-FIELD,NO_VERIFIED_EXTERNAL_TRANSLATION
"f67r2.34,+L0",f67r2,1692,ofar oeoldan,R00 R00,S2_STRONG_BUT_PARTIAL_TRANSCRIPTION_CORE,S2,FORMAL_G3C_NONFRAME_SHORTFORM_HP,G3C,compact label / index / list entry,A,,4,+L,LABEL-FIELD LABEL-FIELD,LABEL-FIELD / LABEL-FIELD,NO_VERIFIED_EXTERNAL_TRANSLATION
"f67r2.35,@Pb",f67r2,1693,chol iin okol,R07 R00 R07,S1_MULTI_TRANSCRIPTION_STRICT_CORE,S1,FORMAL_G3C_NONFRAME_SHORTFORM_HP,G3C,compact label / index / list entry,A,,4,paragraph_start,FUNC-PARTICLE LABEL-FIELD FUNC-PARTICLE,FUNC-PARTICLE / LABEL-FIELD / FUNC-PARTICLE,NO_VERIFIED_EXTERNAL_TRANSLATION
"f67r2.36,+Pb",f67r2,1694,ytor daiin or,R06 R10 R06,S1_MULTI_TRANSCRIPTION_STRICT_CORE,S1,FORMAL_G3C_NONFRAME_SHORTFORM_HP,G3C,compact label / index / list entry,A,,4,paragraph_continuation,LABEL-FIELD FUNC-PARTICLE FUNC-PARTICLE,LABEL-FIELD / FUNC-PARTICLE / FUNC-PARTICLE,NO_VERIFIED_EXTERNAL_TRANSLATION
"f67r2.37,+L0",f67r2,1695,ytoaiin,R00,S1_MULTI_TRANSCRIPTION_STRICT_CORE,S1,FORMAL_G3C_NONFRAME_SHORTFORM_HP,G3C,compact label / index / list entry,A,,4,+L,LABEL-FIELD,LABEL-FIELD,NO_VERIFIED_EXTERNAL_TRANSLATION
"f67r2.39,+Pb",f67r2,1697,sor chedaiin dy,R06 R00 R02,S1_MULTI_TRANSCRIPTION_STRICT_CORE,S1,FORMAL_G3C_NONFRAME_SHORTFORM_HP,G3C,compact label / index / list entry,A,,4,paragraph_continuation,LABEL-FIELD LABEL-FIELD FUNC-PARTICLE,LABEL-FIELD / LABEL-FIELD / FUNC-PARTICLE,NO_VERIFIED_EXTERNAL_TRANSLATION
"f67r2.40,+Pb",f67r2,1698,yteos oiin og,R06 R00 R00,S1_MULTI_TRANSCRIPTION_STRICT_CORE,S1,FORMAL_G3C_NONFRAME_SHORTFORM_HP,G3C,compact label / index / list entry,A,,4,paragraph_continuation,LABEL-FIELD LABEL-FIELD LABEL-FIELD,LABEL-FIELD / LABEL-FIELD / LABEL-FIELD,NO_VERIFIED_EXTERNAL_TRANSLATION
"f67r2.41,@Pb",f67r2,1699,ytoeopchey chekody,R00 R00,S1_MULTI_TRANSCRIPTION_STRICT_CORE,S1,FORMAL_G3C_NONFRAME_SHORTFORM_HP,G3C,compact label / index / list entry,A,,4,paragraph_start,LABEL-FIELD LABEL-FIELD,LABEL-FIELD / LABEL-FIELD,NO_VERIFIED_EXTERNAL_TRANSLATION
"f67r2.42,+Pb",f67r2,1700,sosho chos ockhy,R06 R00 R00,S2_STRONG_BUT_PARTIAL_TRANSCRIPTION_CORE,S2,FORMAL_G3C_NONFRAME_SHORTFORM_HP,G3C,compact label / index / list entry,A,,4,paragraph_continuation,LABEL-FIELD LABEL-FIELD LABEL-FIELD,LABEL-FIELD / LABEL-FIELD / LABEL-FIELD,NO_VERIFIED_EXTERNAL_TRANSLATION
"f67r2.44,@Pb",f67r2,1702,ofydy sheody aiin,R00 R06 R06,S1_MULTI_TRANSCRIPTION_STRICT_CORE,S1,FORMAL_G3C_NONFRAME_SHORTFORM_HP,G3C,compact label / index / list entry,A,,4,paragraph_start,LABEL-FIELD LABEL-FIELD FUNC-PARTICLE,LABEL-FIELD / LABEL-FIELD / FUNC-PARTICLE,NO_VERIFIED_EXTERNAL_TRANSLATION
"f67r2.45,+Pb",f67r2,1703,ycheody es odaiiin,R00 R00 R00,S2_STRONG_BUT_PARTIAL_TRANSCRIPTION_CORE,S2,FORMAL_G3C_NONFRAME_SHORTFORM_HP,G3C,compact label / index / list entry,A,,4,paragraph_continuation,LABEL-FIELD LABEL-FIELD LABEL-FIELD,LABEL-FIELD / LABEL-FIELD / LABEL-FIELD,NO_VERIFIED_EXTERNAL_TRANSLATION
"f67r2.46,+Pb",f67r2,1704,yekees oraly,R06 R00,S1_MULTI_TRANSCRIPTION_STRICT_CORE,S1,FORMAL_G3C_NONFRAME_SHORTFORM_HP,G3C,compact label / index / list entry,A,,4,paragraph_continuation,LABEL-FIELD LABEL-FIELD,LABEL-FIELD / LABEL-FIELD,NO_VERIFIED_EXTERNAL_TRANSLATION
"f67r2.47,+L0",f67r2,1705,yfain,R06,S1_MULTI_TRANSCRIPTION_STRICT_CORE,S1,FORMAL_G3C_NONFRAME_SHORTFORM_HP,G3C,compact label / index / list entry,A,,4,+L,LABEL-FIELD,LABEL-FIELD,NO_VERIFIED_EXTERNAL_TRANSLATION
"f67r2.49,+Pb",f67r2,1707,oschoer aiin,R00 R06,S2_STRONG_BUT_PARTIAL_TRANSCRIPTION_CORE,S2,FORMAL_G3C_NONFRAME_SHORTFORM_HP,G3C,compact label / index / list entry,A,,4,paragraph_continuation,LABEL-FIELD FUNC-PARTICLE,LABEL-FIELD / FUNC-PARTICLE,NO_VERIFIED_EXTERNAL_TRANSLATION
"f67r2.50,+Pb",f67r2,1708,choee sal,R00 R06,S1_MULTI_TRANSCRIPTION_STRICT_CORE,S1,FORMAL_G3C_NONFRAME_SHORTFORM_HP,G3C,compact label / index / list entry,A,,4,paragraph_continuation,LABEL-FIELD LABEL-FIELD,LABEL-FIELD / LABEL-FIELD,NO_VERIFIED_EXTERNAL_TRANSLATION
"f67r2.54,&Ls",f67r2,1712,ysaldal,R09,S1_MULTI_TRANSCRIPTION_STRICT_CORE,S1,FORMAL_G3C_NONFRAME_SHORTFORM_HP,G3C,compact label / index / list entry,A,,4,&L,QUAL/TAIL,QUAL/TAIL,NO_VERIFIED_EXTERNAL_TRANSLATION
"f67r2.55,&Ls",f67r2,1713,ytodal,R09,S1_MULTI_TRANSCRIPTION_STRICT_CORE,S1,FORMAL_G3C_NONFRAME_SHORTFORM_HP,G3C,compact label / index / list entry,A,,4,&L,QUAL/TAIL,QUAL/TAIL,NO_VERIFIED_EXTERNAL_TRANSLATION
"f67r2.56,&Ls",f67r2,1714,tol daiin,R06 R10,S2_STRONG_BUT_PARTIAL_TRANSCRIPTION_CORE,S2,FORMAL_G3C_NONFRAME_SHORTFORM_HP,G3C,compact label / index / list entry,A,,4,&L,LABEL-FIELD FUNC-PARTICLE,LABEL-FIELD / FUNC-PARTICLE,NO_VERIFIED_EXTERNAL_TRANSLATION
"f67r2.57,&Ls",f67r2,1715,otardy,R00,S1_MULTI_TRANSCRIPTION_STRICT_CORE,S1,FORMAL_G3C_NONFRAME_SHORTFORM_HP,G3C,compact label / index / list entry,A,,4,&L,LABEL-FIELD,LABEL-FIELD,NO_VERIFIED_EXTERNAL_TRANSLATION
"f67r2.59,&Ls",f67r2,1717,ytchodly,R00,S2_STRONG_BUT_PARTIAL_TRANSCRIPTION_CORE,S2,FORMAL_G3C_NONFRAME_SHORTFORM_HP,G3C,compact label / index / list entry,A,,4,&L,LABEL-FIELD,LABEL-FIELD,NO_VERIFIED_EXTERNAL_TRANSLATION
"f67r2.60,&Ls",f67r2,1718,octhys,R00,S1_MULTI_TRANSCRIPTION_STRICT_CORE,S1,FORMAL_G3C_NONFRAME_SHORTFORM_HP,G3C,compact label / index / list entry,A,,4,&L,LABEL-FIELD,LABEL-FIELD,NO_VERIFIED_EXTERNAL_TRANSLATION
"f67r2.61,&Ls",f67r2,1719,ytokar,R06,S1_MULTI_TRANSCRIPTION_STRICT_CORE,S1,FORMAL_G3C_NONFRAME_SHORTFORM_HP,G3C,compact label / index / list entry,A,,4,&L,LABEL-FIELD,LABEL-FIELD,NO_VERIFIED_EXTERNAL_TRANSLATION
"f67r2.64,@L0",f67r2,1722,s air,R06 R00,S1_MULTI_TRANSCRIPTION_STRICT_CORE,S1,FORMAL_G3C_NONFRAME_SHORTFORM_HP,G3C,compact label / index / list entry,A,,4,label_or_marginal,FUNC-PARTICLE LABEL-FIELD,FUNC-PARTICLE / LABEL-FIELD,NO_VERIFIED_EXTERNAL_TRANSLATION
"f67r2.66,&L0",f67r2,1724,cpheey,R00,S1_MULTI_TRANSCRIPTION_STRICT_CORE,S1,FORMAL_G3C_NONFRAME_SHORTFORM_HP,G3C,compact label / index / list entry,A,,4,&L,LABEL-FIELD,LABEL-FIELD,NO_VERIFIED_EXTERNAL_TRANSLATION
"f67r2.68,&L0",f67r2,1726,oepchod,R00,S1_MULTI_TRANSCRIPTION_STRICT_CORE,S1,FORMAL_G3C_NONFRAME_SHORTFORM_HP,G3C,compact label / index / list entry,A,,4,&L,LABEL-FIELD,LABEL-FIELD,NO_VERIFIED_EXTERNAL_TRANSLATION
"f67r2.70,&L0",f67r2,1728,osar,R00,S1_MULTI_TRANSCRIPTION_STRICT_CORE,S1,FORMAL_G3C_NONFRAME_SHORTFORM_HP,G3C,compact label / index / list entry,A,,4,&L,LABEL-FIELD,LABEL-FIELD,NO_VERIFIED_EXTERNAL_TRANSLATION
"f67r2.71,&L0",f67r2,1729,oran,R00,S1_MULTI_TRANSCRIPTION_STRICT_CORE,S1,FORMAL_G3C_NONFRAME_SHORTFORM_HP,G3C,compact label / index / list entry,A,,4,&L,LABEL-FIELD,LABEL-FIELD,NO_VERIFIED_EXTERNAL_TRANSLATION
"f67v2.1,@La",f67v2,1733,otchdy,R00,S2_STRONG_BUT_PARTIAL_TRANSCRIPTION_CORE,S2,FORMAL_G3C_NONFRAME_SHORTFORM_HP,G3C,compact label / index / list entry,C,,4,label_or_marginal,LABEL-FIELD,LABEL-FIELD,NO_VERIFIED_EXTERNAL_TRANSLATION
"f67v2.2,@La",f67v2,1734,otararain,R00,S1_MULTI_TRANSCRIPTION_STRICT_CORE,S1,FORMAL_G3C_NONFRAME_SHORTFORM_HP,G3C,compact label / index / list entry,C,,4,label_or_marginal,LABEL-FIELD,LABEL-FIELD,NO_VERIFIED_EXTERNAL_TRANSLATION
"f67v2.6,+Pb",f67v2,1738,ykaralam olalade odam,R00 R00 R00,S2_STRONG_BUT_PARTIAL_TRANSCRIPTION_CORE,S2,FORMAL_G3C_NONFRAME_SHORTFORM_HP,G3C,compact label / index / list entry,C,,4,paragraph_continuation,LABEL-FIELD LABEL-FIELD LABEL-FIELD,LABEL-FIELD / LABEL-FIELD / LABEL-FIELD,NO_VERIFIED_EXTERNAL_TRANSLATION
"f67v2.8,+Pb",f67v2,1740,solair cphey solal daly,R06 R00 R06 R09,S1_MULTI_TRANSCRIPTION_STRICT_CORE,S1,FORMAL_G3C_NONFRAME_SHORTFORM_HP,G3C,compact label / index / list entry,C,,4,paragraph_continuation,LABEL-FIELD LABEL-FIELD LABEL-FIELD QUAL/TAIL,LABEL-FIELD / LABEL-FIELD / LABEL-FIELD / QUAL/TAIL,NO_VERIFIED_EXTERNAL_TRANSLATION
"f67v2.11,@Ro",f67v2,1743,dcheeor ochepalain,R00 R00,S2_STRONG_BUT_PARTIAL_TRANSCRIPTION_CORE,S2,FORMAL_G3C_NONFRAME_SHORTFORM_HP,G3C,compact label / index / list entry,C,,4,radial/ring_text,LABEL-FIELD LABEL-FIELD,LABEL-FIELD / LABEL-FIELD,NO_VERIFIED_EXTERNAL_TRANSLATION
"f67v2.14,@Ri",f67v2,1746,or ykaly char,R06 R06 R11,S2_STRONG_BUT_PARTIAL_TRANSCRIPTION_CORE,S2,FORMAL_G3C_NONFRAME_SHORTFORM_HP,G3C,compact label / index / list entry,C,,4,radial/ring_text,FUNC-PARTICLE LABEL-FIELD LABEL-FIELD,FUNC-PARTICLE / LABEL-FIELD / LABEL-FIELD,NO_VERIFIED_EXTERNAL_TRANSLATION
"f67v2.16,@Ri",f67v2,1748,okar alet olkao,R03 R00 R00,S2_STRONG_BUT_PARTIAL_TRANSCRIPTION_CORE,S2,FORMAL_G3C_NONFRAME_SHORTFORM_HP,G3C,compact label / index / list entry,C,,4,radial/ring_text,FUNC-PARTICLE LABEL-FIELD LABEL-FIELD,FUNC-PARTICLE / LABEL-FIELD / LABEL-FIELD,NO_VERIFIED_EXTERNAL_TRANSLATION
"f67v2.18,@Ri",f67v2,1750,okeeey oekchdy,R00 R00,S2_STRONG_BUT_PARTIAL_TRANSCRIPTION_CORE,S2,FORMAL_G3C_NONFRAME_SHORTFORM_HP,G3C,compact label / index / list entry,C,,4,radial/ring_text,LABEL-FIELD LABEL-FIELD,LABEL-FIELD / LABEL-FIELD,NO_VERIFIED_EXTERNAL_TRANSLATION
"f67v2.19,@La",f67v2,1751,soaiin dalam,R06 R06,S1_MULTI_TRANSCRIPTION_STRICT_CORE,S1,FORMAL_G3C_NONFRAME_SHORTFORM_HP,G3C,compact label / index / list entry,C,,4,label_or_marginal,LABEL-FIELD LABEL-FIELD,LABEL-FIELD / LABEL-FIELD,NO_VERIFIED_EXTERNAL_TRANSLATION
"f67v2.21,@La",f67v2,1753,oko,R00,S2_STRONG_BUT_PARTIAL_TRANSCRIPTION_CORE,S2,FORMAL_G3C_NONFRAME_SHORTFORM_HP,G3C,compact label / index / list entry,C,,4,label_or_marginal,LABEL-FIELD,LABEL-FIELD,NO_VERIFIED_EXTERNAL_TRANSLATION
"f67v2.22,@La",f67v2,1754,okchosam,R00,S1_MULTI_TRANSCRIPTION_STRICT_CORE,S1,FORMAL_G3C_NONFRAME_SHORTFORM_HP,G3C,compact label / index / list entry,C,,4,label_or_marginal,LABEL-FIELD,LABEL-FIELD,NO_VERIFIED_EXTERNAL_TRANSLATION
"f67v1.1,@L0",f67v1,1755,damamm,R06,S1_MULTI_TRANSCRIPTION_STRICT_CORE,S1,FORMAL_G3C_NONFRAME_SHORTFORM_HP,G3C,compact label / index / list entry,A,,4,label_or_marginal,LABEL-FIELD,LABEL-FIELD,NO_VERIFIED_EXTERNAL_TRANSLATION
"f67v1.2,&L0",f67v1,1756,dairkal,R00,S1_MULTI_TRANSCRIPTION_STRICT_CORE,S1,FORMAL_G3C_NONFRAME_SHORTFORM_HP,G3C,compact label / index / list entry,A,,4,&L,LABEL-FIELD,LABEL-FIELD,NO_VERIFIED_EXTERNAL_TRANSLATION
"f67v1.3,&L0",f67v1,1757,okal ary,R07 R00,S1_MULTI_TRANSCRIPTION_STRICT_CORE,S1,FORMAL_G3C_NONFRAME_SHORTFORM_HP,G3C,compact label / index / list entry,A,,4,&L,FUNC-PARTICLE LABEL-LEX,FUNC-PARTICLE / LABEL-LEX,NO_VERIFIED_EXTERNAL_TRANSLATION
"f67v1.4,&L0",f67v1,1758,dar echkalal,R06 R00,S2_STRONG_BUT_PARTIAL_TRANSCRIPTION_CORE,S2,FORMAL_G3C_NONFRAME_SHORTFORM_HP,G3C,compact label / index / list entry,A,,4,&L,FUNC-PARTICLE LABEL-FIELD,FUNC-PARTICLE / LABEL-FIELD,NO_VERIFIED_EXTERNAL_TRANSLATION
"f67v1.6,&L0",f67v1,1760,dchesykchy,R00,S2_STRONG_BUT_PARTIAL_TRANSCRIPTION_CORE,S2,FORMAL_G3C_NONFRAME_SHORTFORM_HP,G3C,compact label / index / list entry,A,,4,&L,LABEL-FIELD,LABEL-FIELD,NO_VERIFIED_EXTERNAL_TRANSLATION
"f67v1.7,&L0",f67v1,1761,ykeodar,R00,S1_MULTI_TRANSCRIPTION_STRICT_CORE,S1,FORMAL_G3C_NONFRAME_SHORTFORM_HP,G3C,compact label / index / list entry,A,,4,&L,LABEL-FIELD,LABEL-FIELD,NO_VERIFIED_EXTERNAL_TRANSLATION
"f67v1.8,&L0",f67v1,1762,deeeoskol,R00,S2_STRONG_BUT_PARTIAL_TRANSCRIPTION_CORE,S2,FORMAL_G3C_NONFRAME_SHORTFORM_HP,G3C,compact label / index / list entry,A,,4,&L,LABEL-FIELD,LABEL-FIELD,NO_VERIFIED_EXTERNAL_TRANSLATION
"f67v1.9,&L0",f67v1,1763,ockhosam,R00,S1_MULTI_TRANSCRIPTION_STRICT_CORE,S1,FORMAL_G3C_NONFRAME_SHORTFORM_HP,G3C,compact label / index / list entry,A,,4,&L,LABEL-FIELD,LABEL-FIELD,NO_VERIFIED_EXTERNAL_TRANSLATION
"f67v1.10,&L0",f67v1,1764,kochardy,R00,S1_MULTI_TRANSCRIPTION_STRICT_CORE,S1,FORMAL_G3C_NONFRAME_SHORTFORM_HP,G3C,compact label / index / list entry,A,,4,&L,LABEL-FIELD,LABEL-FIELD,NO_VERIFIED_EXTERNAL_TRANSLATION
"f67v1.11,&L0",f67v1,1765,ochodare,R00,S1_MULTI_TRANSCRIPTION_STRICT_CORE,S1,FORMAL_G3C_NONFRAME_SHORTFORM_HP,G3C,compact label / index / list entry,A,,4,&L,LABEL-FIELD,LABEL-FIELD,NO_VERIFIED_EXTERNAL_TRANSLATION
"f67v1.12,&L0",f67v1,1766,olsaiiny,R00,S1_MULTI_TRANSCRIPTION_STRICT_CORE,S1,FORMAL_G3C_NONFRAME_SHORTFORM_HP,G3C,compact label / index / list entry,A,,4,&L,LABEL-FIELD,LABEL-FIELD,NO_VERIFIED_EXTERNAL_TRANSLATION
"f67v1.13,@Ro",f67v1,1767,otorkeol orsheey dary,R00 R00 R06,S2_STRONG_BUT_PARTIAL_TRANSCRIPTION_CORE,S2,FORMAL_G3C_NONFRAME_SHORTFORM_HP,G3C,compact label / index / list entry,A,,4,radial/ring_text,LABEL-FIELD LABEL-FIELD LABEL-FIELD,LABEL-FIELD / LABEL-FIELD / LABEL-FIELD,NO_VERIFIED_EXTERNAL_TRANSLATION
"f67v1.14,@Ro",f67v1,1768,okechey cheody cheky,R00 R00 R06,S2_STRONG_BUT_PARTIAL_TRANSCRIPTION_CORE,S2,FORMAL_G3C_NONFRAME_SHORTFORM_HP,G3C,compact label / index / list entry,A,,4,radial/ring_text,LABEL-FIELD FUNC-PARTICLE FUNC-PARTICLE,LABEL-FIELD / FUNC-PARTICLE / FUNC-PARTICLE,NO_VERIFIED_EXTERNAL_TRANSLATION
"f67v1.16,@Ro",f67v1,1770,chockhey chockhy,R00 R00,S1_MULTI_TRANSCRIPTION_STRICT_CORE,S1,FORMAL_G3C_NONFRAME_SHORTFORM_HP,G3C,compact label / index / list entry,A,,4,radial/ring_text,LABEL-FIELD LABEL-FIELD,LABEL-FIELD / LABEL-FIELD,NO_VERIFIED_EXTERNAL_TRANSLATION
"f67v1.17,@Ro",f67v1,1771,yteeey keeochy dair ockey,R06 R00 R06 R00,S2_STRONG_BUT_PARTIAL_TRANSCRIPTION_CORE,S2,FORMAL_G3C_NONFRAME_SHORTFORM_HP,G3C,compact label / index / list entry,A,,4,radial/ring_text,LABEL-FIELD LABEL-FIELD LABEL-FIELD LABEL-FIELD,LABEL-FIELD / LABEL-FIELD / LABEL-FIELD / LABEL-FIELD,NO_VERIFIED_EXTERNAL_TRANSLATION
"f67v1.18,@Ro",f67v1,1772,keechey chy koldy,R00 R00 R06,S2_STRONG_BUT_PARTIAL_TRANSCRIPTION_CORE,S2,FORMAL_G3C_NONFRAME_SHORTFORM_HP,G3C,compact label / index / list entry,A,,4,radial/ring_text,LABEL-FIELD FUNC-PARTICLE LABEL-FIELD,LABEL-FIELD / FUNC-PARTICLE / LABEL-FIELD,NO_VERIFIED_EXTERNAL_TRANSLATION
"f67v1.22,@Ro",f67v1,1776,opcheey chso cheey chedaly,R00 R00 R06 R00,S1_MULTI_TRANSCRIPTION_STRICT_CORE,S1,FORMAL_G3C_NONFRAME_SHORTFORM_HP,G3C,compact label / index / list entry,A,,4,radial/ring_text,LABEL-FIELD LABEL-FIELD FUNC-PARTICLE LABEL-FIELD,LABEL-FIELD / LABEL-FIELD / FUNC-PARTICLE / LABEL-FIELD,NO_VERIFIED_EXTERNAL_TRANSLATION
"f67v1.24,@Ro",f67v1,1778,osheey keeody cheedals,R00 R06 R09,S2_STRONG_BUT_PARTIAL_TRANSCRIPTION_CORE,S2,FORMAL_G3C_NONFRAME_SHORTFORM_HP,G3C,compact label / index / list entry,A,,4,radial/ring_text,LABEL-FIELD LABEL-FIELD QUAL/TAIL,LABEL-FIELD / LABEL-FIELD / QUAL/TAIL,NO_VERIFIED_EXTERNAL_TRANSLATION
"f67v1.27,@Ro",f67v1,1781,okeeodaiin saii dairal,R00 R06 R06,S2_STRONG_BUT_PARTIAL_TRANSCRIPTION_CORE,S2,FORMAL_G3C_NONFRAME_SHORTFORM_HP,G3C,compact label / index / list entry,A,,4,radial/ring_text,LABEL-FIELD LABEL-FIELD LABEL-FIELD,LABEL-FIELD / LABEL-FIELD / LABEL-FIELD,NO_VERIFIED_EXTERNAL_TRANSLATION
"f67v1.28,@Ro",f67v1,1782,oksheeody or aral,R00 R06 R00,S2_STRONG_BUT_PARTIAL_TRANSCRIPTION_CORE,S2,FORMAL_G3C_NONFRAME_SHORTFORM_HP,G3C,compact label / index / list entry,A,,4,radial/ring_text,LABEL-FIELD FUNC-PARTICLE LABEL-FIELD,LABEL-FIELD / FUNC-PARTICLE / LABEL-FIELD,NO_VERIFIED_EXTERNAL_TRANSLATION
"f67v1.29,@Ro",f67v1,1783,olar aroky,R00 R00,S2_STRONG_BUT_PARTIAL_TRANSCRIPTION_CORE,S2,FORMAL_G3C_NONFRAME_SHORTFORM_HP,G3C,compact label / index / list entry,A,,4,radial/ring_text,LABEL-FIELD LABEL-FIELD,LABEL-FIELD / LABEL-FIELD,NO_VERIFIED_EXTERNAL_TRANSLATION
"f68r1.4,+P0",f68r1,1787,dchor okaiiin,R06 R00,S1_MULTI_TRANSCRIPTION_STRICT_CORE,S1,FORMAL_G3C_NONFRAME_SHORTFORM_HP,G3C,compact label / index / list entry,A,,4,paragraph_continuation,LABEL-FIELD LABEL-FIELD,LABEL-FIELD / LABEL-FIELD,NO_VERIFIED_EXTERNAL_TRANSLATION
"f68r1.5,@Pb",f68r1,1788,yky,R06,S1_MULTI_TRANSCRIPTION_STRICT_CORE,S1,FORMAL_G3C_NONFRAME_SHORTFORM_HP,G3C,compact label / index / list entry,A,,4,paragraph_start,LABEL-FIELD,LABEL-FIELD,NO_VERIFIED_EXTERNAL_TRANSLATION
"f68r1.6,+Pb",f68r1,1789,dary,R06,S1_MULTI_TRANSCRIPTION_STRICT_CORE,S1,FORMAL_G3C_NONFRAME_SHORTFORM_HP,G3C,compact label / index / list entry,A,,4,paragraph_continuation,LABEL-FIELD,LABEL-FIELD,NO_VERIFIED_EXTERNAL_TRANSLATION
"f68r1.7,+Pb",f68r1,1790,chkchykoly,R00,S1_MULTI_TRANSCRIPTION_STRICT_CORE,S1,FORMAL_G3C_NONFRAME_SHORTFORM_HP,G3C,compact label / index / list entry,A,,4,paragraph_continuation,LABEL-FIELD,LABEL-FIELD,NO_VERIFIED_EXTERNAL_TRANSLATION
"f68r1.8,@Ls",f68r1,1791,okodaly,R00,S2_STRONG_BUT_PARTIAL_TRANSCRIPTION_CORE,S2,FORMAL_G3C_NONFRAME_SHORTFORM_HP,G3C,compact label / index / list entry,A,,4,label_or_marginal,LABEL-FIELD,LABEL-FIELD,NO_VERIFIED_EXTERNAL_TRANSLATION
"f68r1.9,@Ls",f68r1,1792,odchecthy,R00,S1_MULTI_TRANSCRIPTION_STRICT_CORE,S1,FORMAL_G3C_NONFRAME_SHORTFORM_HP,G3C,compact label / index / list entry,A,,4,label_or_marginal,LABEL-FIELD,LABEL-FIELD,NO_VERIFIED_EXTERNAL_TRANSLATION
"f68r1.10,@Ls",f68r1,1793,otcheody,R00,S1_MULTI_TRANSCRIPTION_STRICT_CORE,S1,FORMAL_G3C_NONFRAME_SHORTFORM_HP,G3C,compact label / index / list entry,A,,4,label_or_marginal,LABEL-FIELD,LABEL-FIELD,NO_VERIFIED_EXTERNAL_TRANSLATION
"f68r1.11,@Ls",f68r1,1794,okoaly,R00,S1_MULTI_TRANSCRIPTION_STRICT_CORE,S1,FORMAL_G3C_NONFRAME_SHORTFORM_HP,G3C,compact label / index / list entry,A,,4,label_or_marginal,LABEL-FIELD,LABEL-FIELD,NO_VERIFIED_EXTERNAL_TRANSLATION
"f68r1.12,@Ls",f68r1,1795,chocfhy,R00,S1_MULTI_TRANSCRIPTION_STRICT_CORE,S1,FORMAL_G3C_NONFRAME_SHORTFORM_HP,G3C,compact label / index / list entry,A,,4,label_or_marginal,LABEL-FIELD,LABEL-FIELD,NO_VERIFIED_EXTERNAL_TRANSLATION
"f68r1.13,@Ls",f68r1,1796,octhey,R00,S1_MULTI_TRANSCRIPTION_STRICT_CORE,S1,FORMAL_G3C_NONFRAME_SHORTFORM_HP,G3C,compact label / index / list entry,A,,4,label_or_marginal,LABEL-FIELD,LABEL-FIELD,NO_VERIFIED_EXTERNAL_TRANSLATION
"f68r1.14,@Ls",f68r1,1797,otshey,R00,S2_STRONG_BUT_PARTIAL_TRANSCRIPTION_CORE,S2,FORMAL_G3C_NONFRAME_SHORTFORM_HP,G3C,compact label / index / list entry,A,,4,label_or_marginal,LABEL-FIELD,LABEL-FIELD,NO_VERIFIED_EXTERNAL_TRANSLATION
"f68r1.15,@Ls",f68r1,1798,otydy,R00,S1_MULTI_TRANSCRIPTION_STRICT_CORE,S1,FORMAL_G3C_NONFRAME_SHORTFORM_HP,G3C,compact label / index / list entry,A,,4,label_or_marginal,LABEL-FIELD,LABEL-FIELD,NO_VERIFIED_EXTERNAL_TRANSLATION
"f68r1.16,@Ls",f68r1,1799,okear,R00,S1_MULTI_TRANSCRIPTION_STRICT_CORE,S1,FORMAL_G3C_NONFRAME_SHORTFORM_HP,G3C,compact label / index / list entry,A,,4,label_or_marginal,LABEL-FIELD,LABEL-FIELD,NO_VERIFIED_EXTERNAL_TRANSLATION
"f68r1.18,@Ls",f68r1,1801,ytchody,R00,S1_MULTI_TRANSCRIPTION_STRICT_CORE,S1,FORMAL_G3C_NONFRAME_SHORTFORM_HP,G3C,compact label / index / list entry,A,,4,label_or_marginal,LABEL-FIELD,LABEL-FIELD,NO_VERIFIED_EXTERNAL_TRANSLATION
"f68r1.19,@Ls",f68r1,1802,otys,R00,S1_MULTI_TRANSCRIPTION_STRICT_CORE,S1,FORMAL_G3C_NONFRAME_SHORTFORM_HP,G3C,compact label / index / list entry,A,,4,label_or_marginal,LABEL-FIELD,LABEL-FIELD,NO_VERIFIED_EXTERNAL_TRANSLATION
"f68r1.20,@Ls",f68r1,1803,olor,R00,S1_MULTI_TRANSCRIPTION_STRICT_CORE,S1,FORMAL_G3C_NONFRAME_SHORTFORM_HP,G3C,compact label / index / list entry,A,,4,label_or_marginal,LABEL-FIELD,LABEL-FIELD,NO_VERIFIED_EXTERNAL_TRANSLATION
"f68r1.21,@Ls",f68r1,1804,ockhy,R00,S1_MULTI_TRANSCRIPTION_STRICT_CORE,S1,FORMAL_G3C_NONFRAME_SHORTFORM_HP,G3C,compact label / index / list entry,A,,4,label_or_marginal,LABEL-FIELD,LABEL-FIELD,NO_VERIFIED_EXTERNAL_TRANSLATION
"f68r1.22,@Ls",f68r1,1805,ofcheor,R00,S1_MULTI_TRANSCRIPTION_STRICT_CORE,S1,FORMAL_G3C_NONFRAME_SHORTFORM_HP,G3C,compact label / index / list entry,A,,4,label_or_marginal,LABEL-FIELD,LABEL-FIELD,NO_VERIFIED_EXTERNAL_TRANSLATION
"f68r1.24,@Ls",f68r1,1807,otykchs,R00,S1_MULTI_TRANSCRIPTION_STRICT_CORE,S1,FORMAL_G3C_NONFRAME_SHORTFORM_HP,G3C,compact label / index / list entry,A,,4,label_or_marginal,LABEL-FIELD,LABEL-FIELD,NO_VERIFIED_EXTERNAL_TRANSLATION
"f68r1.26,@Ls",f68r1,1809,otor,R00,S1_MULTI_TRANSCRIPTION_STRICT_CORE,S1,FORMAL_G3C_NONFRAME_SHORTFORM_HP,G3C,compact label / index / list entry,A,,4,label_or_marginal,LABEL-FIELD,LABEL-FIELD,NO_VERIFIED_EXTERNAL_TRANSLATION
"f68r1.27,@Ls",f68r1,1810,oiinar,R00,S1_MULTI_TRANSCRIPTION_STRICT_CORE,S1,FORMAL_G3C_NONFRAME_SHORTFORM_HP,G3C,compact label / index / list entry,A,,4,label_or_marginal,LABEL-FIELD,LABEL-FIELD,NO_VERIFIED_EXTERNAL_TRANSLATION
"f68r1.28,@Ls",f68r1,1811,okoldy,R00,S1_MULTI_TRANSCRIPTION_STRICT_CORE,S1,FORMAL_G3C_NONFRAME_SHORTFORM_HP,G3C,compact label / index / list entry,A,,4,label_or_marginal,LABEL-FIELD,LABEL-FIELD,NO_VERIFIED_EXTERNAL_TRANSLATION
"f68r1.29,@Ls",f68r1,1812,ykchdy,R00,S1_MULTI_TRANSCRIPTION_STRICT_CORE,S1,FORMAL_G3C_NONFRAME_SHORTFORM_HP,G3C,compact label / index / list entry,A,,4,label_or_marginal,LABEL-FIELD,LABEL-FIELD,NO_VERIFIED_EXTERNAL_TRANSLATION
"f68r1.31,@Ls",f68r1,1814,ocphy,R00,S1_MULTI_TRANSCRIPTION_STRICT_CORE,S1,FORMAL_G3C_NONFRAME_SHORTFORM_HP,G3C,compact label / index / list entry,A,,4,label_or_marginal,LABEL-FIELD,LABEL-FIELD,NO_VERIFIED_EXTERNAL_TRANSLATION
"f68r1.32,@Ls",f68r1,1815,okeeodal,R00,S1_MULTI_TRANSCRIPTION_STRICT_CORE,S1,FORMAL_G3C_NONFRAME_SHORTFORM_HP,G3C,compact label / index / list entry,A,,4,label_or_marginal,LABEL-FIELD,LABEL-FIELD,NO_VERIFIED_EXTERNAL_TRANSLATION
"f68r1.33,@Ls",f68r1,1816,okshor,R00,S1_MULTI_TRANSCRIPTION_STRICT_CORE,S1,FORMAL_G3C_NONFRAME_SHORTFORM_HP,G3C,compact label / index / list entry,A,,4,label_or_marginal,LABEL-FIELD,LABEL-FIELD,NO_VERIFIED_EXTERNAL_TRANSLATION
"f68r1.34,@Ls",f68r1,1817,osdaiin,R10,S1_MULTI_TRANSCRIPTION_STRICT_CORE,S1,FORMAL_G3C_NONFRAME_SHORTFORM_HP,G3C,compact label / index / list entry,A,,4,label_or_marginal,LABEL-FIELD,LABEL-FIELD,NO_VERIFIED_EXTERNAL_TRANSLATION
"f68r1.35,@Ls",f68r1,1818,otochedy,R00,S1_MULTI_TRANSCRIPTION_STRICT_CORE,S1,FORMAL_G3C_NONFRAME_SHORTFORM_HP,G3C,compact label / index / list entry,A,,4,label_or_marginal,LABEL-FIELD,LABEL-FIELD,NO_VERIFIED_EXTERNAL_TRANSLATION
"f68r1.36,@Ls",f68r1,1819,dolchedy,R00,S1_MULTI_TRANSCRIPTION_STRICT_CORE,S1,FORMAL_G3C_NONFRAME_SHORTFORM_HP,G3C,compact label / index / list entry,A,,4,label_or_marginal,LABEL-FIELD,LABEL-FIELD,NO_VERIFIED_EXTERNAL_TRANSLATION
"f68r1.37,@Cc",f68r1,1820,oky okchdy okardy qear oygy,R00 R00 R03 R00 R00,S2_STRONG_BUT_PARTIAL_TRANSCRIPTION_CORE,S2,FORMAL_G3C_NONFRAME_SHORTFORM_HP,G3C,compact label / index / list entry,A,,4,circular/diagram_text,FUNC-PARTICLE LABEL-LEX ARG/FILL LABEL-FIELD LABEL-FIELD,FUNC-PARTICLE / LABEL-LEX / ARG/FILL / LABEL-FIELD / LABEL-FIELD,NO_VERIFIED_EXTERNAL_TRANSLATION
"f68r2.1,@P0",f68r2,1821,tsheeor chor shealdar opchey oeecthy sheol dokechy otcheoly,R00 R11 R00 R00 R00 R06 R00 R00,S2_STRONG_BUT_PARTIAL_TRANSCRIPTION_CORE,S2,FORMAL_G3C_NONFRAME_SHORTFORM_HP,G3C,compact label / index / list entry,A,,4,paragraph_start,LABEL-FIELD LABEL-LEX LABEL-FIELD LABEL-FIELD LABEL-FIELD FUNC-PARTICLE LABEL-FIELD LABEL-FIELD,LABEL-FIELD / LABEL-LEX / LABEL-FIELD / LABEL-FIELD / LABEL-FIELD / FUNC-PARTICLE / LABEL-FIELD / LABEL-FIELD,NO_VERIFIED_EXTERNAL_TRANSLATION
"f68r2.5,+P0",f68r2,1825,kcheoey cheody sain ykeody chykchy,R00 R00 R06 R00 R00,S1_MULTI_TRANSCRIPTION_STRICT_CORE,S1,FORMAL_G3C_NONFRAME_SHORTFORM_HP,G3C,compact label / index / list entry,A,,4,paragraph_continuation,LABEL-FIELD FUNC-PARTICLE FUNC-PARTICLE LABEL-LEX LABEL-FIELD,LABEL-FIELD / FUNC-PARTICLE / FUNC-PARTICLE / LABEL-LEX / LABEL-FIELD,NO_VERIFIED_EXTERNAL_TRANSLATION
"f68r2.8,@Ls",f68r2,1828,cheorol,R00,S1_MULTI_TRANSCRIPTION_STRICT_CORE,S1,FORMAL_G3C_NONFRAME_SHORTFORM_HP,G3C,compact label / index / list entry,A,,4,label_or_marginal,LABEL-FIELD,LABEL-FIELD,NO_VERIFIED_EXTERNAL_TRANSLATION
"f68r2.9,@Ls",f68r2,1829,odaiin,R10,S1_MULTI_TRANSCRIPTION_STRICT_CORE,S1,FORMAL_G3C_NONFRAME_SHORTFORM_HP,G3C,compact label / index / list entry,A,,4,label_or_marginal,LABEL-FIELD,LABEL-FIELD,NO_VERIFIED_EXTERNAL_TRANSLATION
"f68r2.10,@Ls",f68r2,1830,ochory,R00,S1_MULTI_TRANSCRIPTION_STRICT_CORE,S1,FORMAL_G3C_NONFRAME_SHORTFORM_HP,G3C,compact label / index / list entry,A,,4,label_or_marginal,LABEL-FIELD,LABEL-FIELD,NO_VERIFIED_EXTERNAL_TRANSLATION
"f68r2.11,@Ls",f68r2,1831,shdar,R06,S1_MULTI_TRANSCRIPTION_STRICT_CORE,S1,FORMAL_G3C_NONFRAME_SHORTFORM_HP,G3C,compact label / index / list entry,A,,4,label_or_marginal,LABEL-FIELD,LABEL-FIELD,NO_VERIFIED_EXTERNAL_TRANSLATION
"f68r2.12,@Ls",f68r2,1832,dchol,R06,S1_MULTI_TRANSCRIPTION_STRICT_CORE,S1,FORMAL_G3C_NONFRAME_SHORTFORM_HP,G3C,compact label / index / list entry,A,,4,label_or_marginal,LABEL-FIELD,LABEL-FIELD,NO_VERIFIED_EXTERNAL_TRANSLATION
"f68r2.13,@Ls",f68r2,1833,todaraiily,R00,S1_MULTI_TRANSCRIPTION_STRICT_CORE,S1,FORMAL_G3C_NONFRAME_SHORTFORM_HP,G3C,compact label / index / list entry,A,,4,label_or_marginal,LABEL-FIELD,LABEL-FIELD,NO_VERIFIED_EXTERNAL_TRANSLATION
"f68r2.14,@Ls",f68r2,1834,olcheesey,R00,S1_MULTI_TRANSCRIPTION_STRICT_CORE,S1,FORMAL_G3C_NONFRAME_SHORTFORM_HP,G3C,compact label / index / list entry,A,,4,label_or_marginal,LABEL-FIELD,LABEL-FIELD,NO_VERIFIED_EXTERNAL_TRANSLATION
"f68r2.15,@Ls",f68r2,1835,okchor,R00,S1_MULTI_TRANSCRIPTION_STRICT_CORE,S1,FORMAL_G3C_NONFRAME_SHORTFORM_HP,G3C,compact label / index / list entry,A,,4,label_or_marginal,LABEL-FIELD,LABEL-FIELD,NO_VERIFIED_EXTERNAL_TRANSLATION
"f68r2.17,@Ls",f68r2,1837,oydchy,R00,S2_STRONG_BUT_PARTIAL_TRANSCRIPTION_CORE,S2,FORMAL_G3C_NONFRAME_SHORTFORM_HP,G3C,compact label / index / list entry,A,,4,label_or_marginal,LABEL-FIELD,LABEL-FIELD,NO_VERIFIED_EXTERNAL_TRANSLATION
"f68r2.18,@Ls",f68r2,1838,okeeeody,R00,S1_MULTI_TRANSCRIPTION_STRICT_CORE,S1,FORMAL_G3C_NONFRAME_SHORTFORM_HP,G3C,compact label / index / list entry,A,,4,label_or_marginal,LABEL-FIELD,LABEL-FIELD,NO_VERIFIED_EXTERNAL_TRANSLATION
"f68r2.19,@Ls",f68r2,1839,cholar,R07,S1_MULTI_TRANSCRIPTION_STRICT_CORE,S1,FORMAL_G3C_NONFRAME_SHORTFORM_HP,G3C,compact label / index / list entry,A,,4,label_or_marginal,LABEL-FIELD,LABEL-FIELD,NO_VERIFIED_EXTERNAL_TRANSLATION
"f68r2.20,@Ls",f68r2,1840,dcheoldy,R00,S1_MULTI_TRANSCRIPTION_STRICT_CORE,S1,FORMAL_G3C_NONFRAME_SHORTFORM_HP,G3C,compact label / index / list entry,A,,4,label_or_marginal,LABEL-FIELD,LABEL-FIELD,NO_VERIFIED_EXTERNAL_TRANSLATION
"f68r2.22,@Ls",f68r2,1842,otoeeo,R00,S2_STRONG_BUT_PARTIAL_TRANSCRIPTION_CORE,S2,FORMAL_G3C_NONFRAME_SHORTFORM_HP,G3C,compact label / index / list entry,A,,4,label_or_marginal,LABEL-FIELD,LABEL-FIELD,NO_VERIFIED_EXTERNAL_TRANSLATION
"f68r2.23,@Ls",f68r2,1843,ofcheody,R00,S2_STRONG_BUT_PARTIAL_TRANSCRIPTION_CORE,S2,FORMAL_G3C_NONFRAME_SHORTFORM_HP,G3C,compact label / index / list entry,A,,4,label_or_marginal,LABEL-FIELD,LABEL-FIELD,NO_VERIFIED_EXTERNAL_TRANSLATION
"f68r2.24,@Ls",f68r2,1844,otcheodar,R00,S1_MULTI_TRANSCRIPTION_STRICT_CORE,S1,FORMAL_G3C_NONFRAME_SHORTFORM_HP,G3C,compact label / index / list entry,A,,4,label_or_marginal,LABEL-FIELD,LABEL-FIELD,NO_VERIFIED_EXTERNAL_TRANSLATION
"f68r2.25,@Ls",f68r2,1845,odair chol,R00 R07,S1_MULTI_TRANSCRIPTION_STRICT_CORE,S1,FORMAL_G3C_NONFRAME_SHORTFORM_HP,G3C,compact label / index / list entry,A,,4,label_or_marginal,LABEL-FIELD FUNC-PARTICLE,LABEL-FIELD / FUNC-PARTICLE,NO_VERIFIED_EXTERNAL_TRANSLATION
"f68r2.26,@Ls",f68r2,1846,opocphor,R00,S1_MULTI_TRANSCRIPTION_STRICT_CORE,S1,FORMAL_G3C_NONFRAME_SHORTFORM_HP,G3C,compact label / index / list entry,A,,4,label_or_marginal,LABEL-FIELD,LABEL-FIELD,NO_VERIFIED_EXTERNAL_TRANSLATION
"f68r2.27,@Ls",f68r2,1847,otoshol,R00,S1_MULTI_TRANSCRIPTION_STRICT_CORE,S1,FORMAL_G3C_NONFRAME_SHORTFORM_HP,G3C,compact label / index / list entry,A,,4,label_or_marginal,LABEL-FIELD,LABEL-FIELD,NO_VERIFIED_EXTERNAL_TRANSLATION
"f68r2.28,@Ls",f68r2,1848,chodar,R00,S1_MULTI_TRANSCRIPTION_STRICT_CORE,S1,FORMAL_G3C_NONFRAME_SHORTFORM_HP,G3C,compact label / index / list entry,A,,4,label_or_marginal,LABEL-FIELD,LABEL-FIELD,NO_VERIFIED_EXTERNAL_TRANSLATION
"f68r2.29,@Ls",f68r2,1849,sheey,R06,S1_MULTI_TRANSCRIPTION_STRICT_CORE,S1,FORMAL_G3C_NONFRAME_SHORTFORM_HP,G3C,compact label / index / list entry,A,,4,label_or_marginal,FUNC-PARTICLE,FUNC-PARTICLE,NO_VERIFIED_EXTERNAL_TRANSLATION
"f68r3.2,@Ri",f68r3,1853,toees ykeoshe qokolchey qokchdy,R06 R00 H08 H09,S1_MULTI_TRANSCRIPTION_STRICT_CORE,S1,FORMAL_G1_GLOBAL_FRAME,G1,relational frame / record line,A,,4,radial/ring_text,ARG/FILL ARG/FILL OP/HEAD FUNC-PARTICLE,ARG/FILL / ARG/FILL / OP/HEAD / FUNC-PARTICLE,NO_VERIFIED_EXTERNAL_TRANSLATION
"f68r3.4,@Ri",f68r3,1855,dchykchy daiir chok ockhydar,R00 R06 R00 R00,S2_STRONG_BUT_PARTIAL_TRANSCRIPTION_CORE,S2,FORMAL_G3C_NONFRAME_SHORTFORM_HP,G3C,compact label / index / list entry,A,,4,radial/ring_text,LABEL-FIELD LABEL-FIELD LABEL-FIELD LABEL-FIELD,LABEL-FIELD / LABEL-FIELD / LABEL-FIELD / LABEL-FIELD,NO_VERIFIED_EXTERNAL_TRANSLATION
"f68r3.11,@Ls",f68r3,1862,doaro,R06,S2_STRONG_BUT_PARTIAL_TRANSCRIPTION_CORE,S2,FORMAL_G3C_NONFRAME_SHORTFORM_HP,G3C,compact label / index / list entry,A,,4,label_or_marginal,LABEL-FIELD,LABEL-FIELD,NO_VERIFIED_EXTERNAL_TRANSLATION
"f68r3.12,@La",f68r3,1863,oalcheol,R00,S1_MULTI_TRANSCRIPTION_STRICT_CORE,S1,FORMAL_G3C_NONFRAME_SHORTFORM_HP,G3C,compact label / index / list entry,A,,4,label_or_marginal,LABEL-FIELD,LABEL-FIELD,NO_VERIFIED_EXTERNAL_TRANSLATION
"f68r3.13,@Ls",f68r3,1864,okos,R00,S1_MULTI_TRANSCRIPTION_STRICT_CORE,S1,FORMAL_G3C_NONFRAME_SHORTFORM_HP,G3C,compact label / index / list entry,A,,4,label_or_marginal,LABEL-FIELD,LABEL-FIELD,NO_VERIFIED_EXTERNAL_TRANSLATION
"f68r3.14,=Ls",f68r3,1865,otary,R00,S1_MULTI_TRANSCRIPTION_STRICT_CORE,S1,FORMAL_G3C_NONFRAME_SHORTFORM_HP,G3C,compact label / index / list entry,A,,4,=L,LABEL-FIELD,LABEL-FIELD,NO_VERIFIED_EXTERNAL_TRANSLATION
"f68r3.15,@Ls",f68r3,1866,chky oky,R00 R00,S1_MULTI_TRANSCRIPTION_STRICT_CORE,S1,FORMAL_G3C_NONFRAME_SHORTFORM_HP,G3C,compact label / index / list entry,A,,4,label_or_marginal,LABEL-FIELD FUNC-PARTICLE,LABEL-FIELD / FUNC-PARTICLE,NO_VERIFIED_EXTERNAL_TRANSLATION
"f68r3.16,+Ls",f68r3,1867,e cphy,R00 R00,S2_STRONG_BUT_PARTIAL_TRANSCRIPTION_CORE,S2,FORMAL_G3C_NONFRAME_SHORTFORM_HP,G3C,compact label / index / list entry,A,,4,+L,LABEL-LEX LABEL-FIELD,LABEL-LEX / LABEL-FIELD,NO_VERIFIED_EXTERNAL_TRANSLATION
"f68r3.17,+Ls",f68r3,1868,okolchy,R00,S1_MULTI_TRANSCRIPTION_STRICT_CORE,S1,FORMAL_G3C_NONFRAME_SHORTFORM_HP,G3C,compact label / index / list entry,A,,4,+L,LABEL-FIELD,LABEL-FIELD,NO_VERIFIED_EXTERNAL_TRANSLATION
"f68r3.19,+Ls",f68r3,1870,otydg,R00,S2_STRONG_BUT_PARTIAL_TRANSCRIPTION_CORE,S2,FORMAL_G3C_NONFRAME_SHORTFORM_HP,G3C,compact label / index / list entry,A,,4,+L,LABEL-FIELD,LABEL-FIELD,NO_VERIFIED_EXTERNAL_TRANSLATION
"f68r3.20,=Ls",f68r3,1871,darall,R06,S1_MULTI_TRANSCRIPTION_STRICT_CORE,S1,FORMAL_G3C_NONFRAME_SHORTFORM_HP,G3C,compact label / index / list entry,A,,4,=L,LABEL-FIELD,LABEL-FIELD,NO_VERIFIED_EXTERNAL_TRANSLATION
"f68r3.21,*Ls",f68r3,1872,okchody,R00,S2_STRONG_BUT_PARTIAL_TRANSCRIPTION_CORE,S2,FORMAL_G3C_NONFRAME_SHORTFORM_HP,G3C,compact label / index / list entry,A,,4,label_or_marginal,LABEL-FIELD,LABEL-FIELD,NO_VERIFIED_EXTERNAL_TRANSLATION
"f68r3.22,@Cc",f68r3,1873,otcheody chokchy okol cheol dar cho keol dolaiin okeol oly,R00 R00 R07 R00 R06 R00 R06 R00 R06 R06,S1_MULTI_TRANSCRIPTION_STRICT_CORE,S1,FORMAL_G3C_NONFRAME_SHORTFORM_HP,G3C,compact label / index / list entry,A,,4,circular/diagram_text,LABEL-FIELD LABEL-FIELD FUNC-PARTICLE FUNC-PARTICLE FUNC-PARTICLE LABEL-FIELD LABEL-FIELD LABEL-FIELD LABEL-FIELD FUNC-PARTICLE,LABEL-FIELD / LABEL-FIELD / FUNC-PARTICLE / FUNC-PARTICLE / FUNC-PARTICLE / LABEL-FIELD / LABEL-FIELD / LABEL-FIELD / LABEL-FIELD / FUNC-PARTICLE,NO_VERIFIED_EXTERNAL_TRANSLATION
"f68v3.7,@Ri",f68v3,1880,r al chdail schekol okeody,R00 R06 R00 R00 R00,S1_MULTI_TRANSCRIPTION_STRICT_CORE,S1,FORMAL_G3C_NONFRAME_SHORTFORM_HP,G3C,compact label / index / list entry,C,,4,radial/ring_text,LABEL-LEX FUNC-PARTICLE LABEL-FIELD LABEL-FIELD LABEL-FIELD,LABEL-LEX / FUNC-PARTICLE / LABEL-FIELD / LABEL-FIELD / LABEL-FIELD,NO_VERIFIED_EXTERNAL_TRANSLATION
"f68v3.13,@Ri",f68v3,1886,ydaiil ol chek okchyd,R06 R06 R00 R00,S1_MULTI_TRANSCRIPTION_STRICT_CORE,S1,FORMAL_G3C_NONFRAME_SHORTFORM_HP,G3C,compact label / index / list entry,C,,4,radial/ring_text,LABEL-FIELD FUNC-PARTICLE LABEL-FIELD LABEL-FIELD,LABEL-FIELD / FUNC-PARTICLE / LABEL-FIELD / LABEL-FIELD,NO_VERIFIED_EXTERNAL_TRANSLATION
"f68v3.14,@Cc",f68v3,1887,okosy okchy okol choekey okeoeeey ol yko otairo orol orkeeey olkeeoly ykeeol,R00 R00 R07 R00 R00 R06 R06 R00 R00 R00 R00 R06,S1_MULTI_TRANSCRIPTION_STRICT_CORE,S1,FORMAL_G3C_NONFRAME_SHORTFORM_HP,G3C,compact label / index / list entry,C,,4,circular/diagram_text,LABEL-FIELD LABEL-FIELD FUNC-PARTICLE LABEL-FIELD LABEL-FIELD FUNC-PARTICLE LABEL-FIELD LABEL-FIELD LABEL-FIELD LABEL-FIELD LABEL-FIELD LABEL-FIELD,LABEL-FIELD / LABEL-FIELD / FUNC-PARTICLE / LABEL-FIELD / LABEL-FIELD / FUNC-PARTICLE / LABEL-FIELD / LABEL-FIELD / LABEL-FIELD / LABEL-FIELD / LABEL-FIELD / LABEL-FIELD,NO_VERIFIED_EXTERNAL_TRANSLATION
"f68v3.15,@L0",f68v3,1888,otodol,R00,S1_MULTI_TRANSCRIPTION_STRICT_CORE,S1,FORMAL_G3C_NONFRAME_SHORTFORM_HP,G3C,compact label / index / list entry,C,,4,label_or_marginal,LABEL-FIELD,LABEL-FIELD,NO_VERIFIED_EXTERNAL_TRANSLATION
"f68v3.16,=L0",f68v3,1889,opcholdg,R00,S1_MULTI_TRANSCRIPTION_STRICT_CORE,S1,FORMAL_G3C_NONFRAME_SHORTFORM_HP,G3C,compact label / index / list entry,C,,4,=L,LABEL-FIELD,LABEL-FIELD,NO_VERIFIED_EXTERNAL_TRANSLATION
"f68v2.4,+P0",f68v2,1896,okeey sheoy keol ycheety okeody shey qokey chol chekody,R06 R06 R06 R00 R00 R06 H08 R07 R00,S1_MULTI_TRANSCRIPTION_STRICT_CORE,S1,FORMAL_G1_GLOBAL_FRAME,G1,relational frame / record line,A,,4,paragraph_continuation,FUNC-PARTICLE ARG/FILL ARG/FILL ARG/FILL ARG/FILL FUNC-PARTICLE FUNC-PARTICLE FUNC-PARTICLE ARG/FILL,FUNC-PARTICLE / ARG/FILL / ARG/FILL / ARG/FILL / ARG/FILL / FUNC-PARTICLE / FUNC-PARTICLE / FUNC-PARTICLE / ARG/FILL,NO_VERIFIED_EXTERNAL_TRANSLATION
"f68v2.8,@Ro",f68v2,1900,otosey sary,R00 R06,S1_MULTI_TRANSCRIPTION_STRICT_CORE,S1,FORMAL_G3C_NONFRAME_SHORTFORM_HP,G3C,compact label / index / list entry,A,,4,radial/ring_text,LABEL-FIELD LABEL-FIELD,LABEL-FIELD / LABEL-FIELD,NO_VERIFIED_EXTERNAL_TRANSLATION
"f68v2.9,@Ro",f68v2,1901,yshesas ar shy,R00 R06 R06,S2_STRONG_BUT_PARTIAL_TRANSCRIPTION_CORE,S2,FORMAL_G3C_NONFRAME_SHORTFORM_HP,G3C,compact label / index / list entry,A,,4,radial/ring_text,LABEL-FIELD FUNC-PARTICLE FUNC-PARTICLE,LABEL-FIELD / FUNC-PARTICLE / FUNC-PARTICLE,NO_VERIFIED_EXTERNAL_TRANSLATION
"f68v2.10,@Ro",f68v2,1902,socths chety,R06 R00,S1_MULTI_TRANSCRIPTION_STRICT_CORE,S1,FORMAL_G3C_NONFRAME_SHORTFORM_HP,G3C,compact label / index / list entry,A,,4,radial/ring_text,LABEL-FIELD LABEL-FIELD,LABEL-FIELD / LABEL-FIELD,NO_VERIFIED_EXTERNAL_TRANSLATION
"f68v2.12,@Ro",f68v2,1904,yteody chetey,R00 R00,S1_MULTI_TRANSCRIPTION_STRICT_CORE,S1,FORMAL_G3C_NONFRAME_SHORTFORM_HP,G3C,compact label / index / list entry,A,,4,radial/ring_text,LABEL-FIELD LABEL-FIELD,LABEL-FIELD / LABEL-FIELD,NO_VERIFIED_EXTERNAL_TRANSLATION
"f68v2.14,@Ro",f68v2,1906,otchdy chetal,R00 R00,S1_MULTI_TRANSCRIPTION_STRICT_CORE,S1,FORMAL_G3C_NONFRAME_SHORTFORM_HP,G3C,compact label / index / list entry,A,,4,radial/ring_text,LABEL-FIELD LABEL-FIELD,LABEL-FIELD / LABEL-FIELD,NO_VERIFIED_EXTERNAL_TRANSLATION
"f68v2.15,@Ro",f68v2,1907,adairchdy aiin,R00 R06,S2_STRONG_BUT_PARTIAL_TRANSCRIPTION_CORE,S2,FORMAL_G3C_NONFRAME_SHORTFORM_HP,G3C,compact label / index / list entry,A,,4,radial/ring_text,LABEL-FIELD FUNC-PARTICLE,LABEL-FIELD / FUNC-PARTICLE,NO_VERIFIED_EXTERNAL_TRANSLATION
"f68v2.16,@Ro",f68v2,1908,dchedal daiin,R09 R10,S1_MULTI_TRANSCRIPTION_STRICT_CORE,S1,FORMAL_G3C_NONFRAME_SHORTFORM_HP,G3C,compact label / index / list entry,A,,4,radial/ring_text,QUAL/TAIL FUNC-PARTICLE,QUAL/TAIL / FUNC-PARTICLE,NO_VERIFIED_EXTERNAL_TRANSLATION
"f68v2.17,@Ro",f68v2,1909,ykeeepol ypchy,R00 R06,S1_MULTI_TRANSCRIPTION_STRICT_CORE,S1,FORMAL_G3C_NONFRAME_SHORTFORM_HP,G3C,compact label / index / list entry,A,,4,radial/ring_text,LABEL-FIELD LABEL-FIELD,LABEL-FIELD / LABEL-FIELD,NO_VERIFIED_EXTERNAL_TRANSLATION
"f68v1.6,@Ro",f68v1,1916,okechdaral,R00,S1_MULTI_TRANSCRIPTION_STRICT_CORE,S1,FORMAL_G3C_NONFRAME_SHORTFORM_HP,G3C,compact label / index / list entry,A,,4,radial/ring_text,LABEL-FIELD,LABEL-FIELD,NO_VERIFIED_EXTERNAL_TRANSLATION
"f68v1.8,@Ro",f68v1,1918,okeey chek chekeys,R06 R00 R00,S2_STRONG_BUT_PARTIAL_TRANSCRIPTION_CORE,S2,FORMAL_G3C_NONFRAME_SHORTFORM_HP,G3C,compact label / index / list entry,A,,4,radial/ring_text,FUNC-PARTICLE LABEL-FIELD LABEL-FIELD,FUNC-PARTICLE / LABEL-FIELD / LABEL-FIELD,NO_VERIFIED_EXTERNAL_TRANSLATION
"f68v1.9,@Ro",f68v1,1919,dar shes shokey,R06 R06 R06,S1_MULTI_TRANSCRIPTION_STRICT_CORE,S1,FORMAL_G3C_NONFRAME_SHORTFORM_HP,G3C,compact label / index / list entry,A,,4,radial/ring_text,FUNC-PARTICLE LABEL-FIELD LABEL-FIELD,FUNC-PARTICLE / LABEL-FIELD / LABEL-FIELD,NO_VERIFIED_EXTERNAL_TRANSLATION
"f69r.6,&L0",f69r,1926,ar odair chtaly,R06 R00 R00,S1_MULTI_TRANSCRIPTION_STRICT_CORE,S1,FORMAL_G3C_NONFRAME_SHORTFORM_HP,G3C,compact label / index / list entry,C,,4,&L,FUNC-PARTICLE LABEL-FIELD LABEL-FIELD,FUNC-PARTICLE / LABEL-FIELD / LABEL-FIELD,NO_VERIFIED_EXTERNAL_TRANSLATION
"f69r.7,&L0",f69r,1927,oto dar archol,R00 R06 R07,S1_MULTI_TRANSCRIPTION_STRICT_CORE,S1,FORMAL_G3C_NONFRAME_SHORTFORM_HP,G3C,compact label / index / list entry,C,,4,&L,LABEL-FIELD FUNC-PARTICLE LABEL-FIELD,LABEL-FIELD / FUNC-PARTICLE / LABEL-FIELD,NO_VERIFIED_EXTERNAL_TRANSLATION
"f69r.8,&L0",f69r,1928,okeey cheydy,R06 R00,S2_STRONG_BUT_PARTIAL_TRANSCRIPTION_CORE,S2,FORMAL_G3C_NONFRAME_SHORTFORM_HP,G3C,compact label / index / list entry,C,,4,&L,FUNC-PARTICLE LABEL-FIELD,FUNC-PARTICLE / LABEL-FIELD,NO_VERIFIED_EXTERNAL_TRANSLATION
"f69r.10,&L0",f69r,1930,ytal air al,R06 R00 R06,S1_MULTI_TRANSCRIPTION_STRICT_CORE,S1,FORMAL_G3C_NONFRAME_SHORTFORM_HP,G3C,compact label / index / list entry,C,,4,&L,LABEL-FIELD LABEL-FIELD FUNC-PARTICLE,LABEL-FIELD / LABEL-FIELD / FUNC-PARTICLE,NO_VERIFIED_EXTERNAL_TRANSLATION
"f69r.11,&L0",f69r,1931,shy chtairy,R06 R00,S1_MULTI_TRANSCRIPTION_STRICT_CORE,S1,FORMAL_G3C_NONFRAME_SHORTFORM_HP,G3C,compact label / index / list entry,C,,4,&L,FUNC-PARTICLE LABEL-FIELD,FUNC-PARTICLE / LABEL-FIELD,NO_VERIFIED_EXTERNAL_TRANSLATION
"f69r.12,&L0",f69r,1932,yt oetear,R06 R00,S2_STRONG_BUT_PARTIAL_TRANSCRIPTION_CORE,S2,FORMAL_G3C_NONFRAME_SHORTFORM_HP,G3C,compact label / index / list entry,C,,4,&L,LABEL-FIELD LABEL-FIELD,LABEL-FIELD / LABEL-FIELD,NO_VERIFIED_EXTERNAL_TRANSLATION
"f69r.13,&L0",f69r,1933,ytey cholam,R06 R07,S1_MULTI_TRANSCRIPTION_STRICT_CORE,S1,FORMAL_G3C_NONFRAME_SHORTFORM_HP,G3C,compact label / index / list entry,C,,4,&L,LABEL-FIELD LABEL-FIELD,LABEL-FIELD / LABEL-FIELD,NO_VERIFIED_EXTERNAL_TRANSLATION
"f69r.15,&L0",f69r,1935,okair osair,R00 R00,S1_MULTI_TRANSCRIPTION_STRICT_CORE,S1,FORMAL_G3C_NONFRAME_SHORTFORM_HP,G3C,compact label / index / list entry,C,,4,&L,LABEL-FIELD LABEL-FIELD,LABEL-FIELD / LABEL-FIELD,NO_VERIFIED_EXTERNAL_TRANSLATION
"f69r.16,&L0",f69r,1936,chytos ly,R00 R00,S2_STRONG_BUT_PARTIAL_TRANSCRIPTION_CORE,S2,FORMAL_G3C_NONFRAME_SHORTFORM_HP,G3C,compact label / index / list entry,C,,4,&L,LABEL-FIELD LABEL-FIELD,LABEL-FIELD / LABEL-FIELD,NO_VERIFIED_EXTERNAL_TRANSLATION
"f69r.17,&L0",f69r,1937,chetar araly,R00 R00,S2_STRONG_BUT_PARTIAL_TRANSCRIPTION_CORE,S2,FORMAL_G3C_NONFRAME_SHORTFORM_HP,G3C,compact label / index / list entry,C,,4,&L,LABEL-FIELD LABEL-FIELD,LABEL-FIELD / LABEL-FIELD,NO_VERIFIED_EXTERNAL_TRANSLATION
"f69r.19,&L0",f69r,1939,daldaiin otalam,R09 R00,S2_STRONG_BUT_PARTIAL_TRANSCRIPTION_CORE,S2,FORMAL_G3C_NONFRAME_SHORTFORM_HP,G3C,compact label / index / list entry,C,,4,&L,QUAL/TAIL LABEL-FIELD,QUAL/TAIL / LABEL-FIELD,NO_VERIFIED_EXTERNAL_TRANSLATION
"f69r.20,&L0",f69r,1940,ytcheodytor,R00,S1_MULTI_TRANSCRIPTION_STRICT_CORE,S1,FORMAL_G3C_NONFRAME_SHORTFORM_HP,G3C,compact label / index / list entry,C,,4,&L,LABEL-FIELD,LABEL-FIELD,NO_VERIFIED_EXTERNAL_TRANSLATION
"f69r.21,@Ro",f69r,1941,chodchy chotal,R00 R00,S1_MULTI_TRANSCRIPTION_STRICT_CORE,S1,FORMAL_G3C_NONFRAME_SHORTFORM_HP,G3C,compact label / index / list entry,C,,4,radial/ring_text,LABEL-FIELD LABEL-FIELD,LABEL-FIELD / LABEL-FIELD,NO_VERIFIED_EXTERNAL_TRANSLATION
"f69r.25,@Ro",f69r,1945,ykeey dal oky,R06 R09 R00,S1_MULTI_TRANSCRIPTION_STRICT_CORE,S1,FORMAL_G3C_NONFRAME_SHORTFORM_HP,G3C,compact label / index / list entry,C,,4,radial/ring_text,LABEL-FIELD FUNC-PARTICLE FUNC-PARTICLE,LABEL-FIELD / FUNC-PARTICLE / FUNC-PARTICLE,NO_VERIFIED_EXTERNAL_TRANSLATION
"f69r.27,@Ro",f69r,1947,okchol qokol daly,R07 H08 R09,S1_MULTI_TRANSCRIPTION_STRICT_CORE,S1,FORMAL_G1_GLOBAL_FRAME,G1,relational frame / record line,C,,4,radial/ring_text,ARG/FILL FUNC-PARTICLE QUAL/TAIL,ARG/FILL / FUNC-PARTICLE / QUAL/TAIL,NO_VERIFIED_EXTERNAL_TRANSLATION
"f69r.29,@Ro",f69r,1949,dary dar aloly,R06 R06 R00,S1_MULTI_TRANSCRIPTION_STRICT_CORE,S1,FORMAL_G3C_NONFRAME_SHORTFORM_HP,G3C,compact label / index / list entry,C,,4,radial/ring_text,LABEL-FIELD FUNC-PARTICLE LABEL-FIELD,LABEL-FIELD / FUNC-PARTICLE / LABEL-FIELD,NO_VERIFIED_EXTERNAL_TRANSLATION
"f69r.30,@Ro",f69r,1950,okeeocthy okar ar,R00 R03 R06,S2_STRONG_BUT_PARTIAL_TRANSCRIPTION_CORE,S2,FORMAL_G3C_NONFRAME_SHORTFORM_HP,G3C,compact label / index / list entry,C,,4,radial/ring_text,LABEL-FIELD FUNC-PARTICLE FUNC-PARTICLE,LABEL-FIELD / FUNC-PARTICLE / FUNC-PARTICLE,NO_VERIFIED_EXTERNAL_TRANSLATION
"f69r.32,@Ro",f69r,1952,sair chekey sairam,R06 R00 R06,S1_MULTI_TRANSCRIPTION_STRICT_CORE,S1,FORMAL_G3C_NONFRAME_SHORTFORM_HP,G3C,compact label / index / list entry,C,,4,radial/ring_text,LABEL-FIELD LABEL-FIELD LABEL-FIELD,LABEL-FIELD / LABEL-FIELD / LABEL-FIELD,NO_VERIFIED_EXTERNAL_TRANSLATION
"f69r.33,@Ro",f69r,1953,okeeo dal okar a,R00 R09 R03 R00,S1_MULTI_TRANSCRIPTION_STRICT_CORE,S1,FORMAL_G3C_NONFRAME_SHORTFORM_HP,G3C,compact label / index / list entry,C,,4,radial/ring_text,LABEL-FIELD FUNC-PARTICLE FUNC-PARTICLE LABEL-FIELD,LABEL-FIELD / FUNC-PARTICLE / FUNC-PARTICLE / LABEL-FIELD,NO_VERIFIED_EXTERNAL_TRANSLATION
"f69r.34,@Ro",f69r,1954,sol aiir okeytam,R06 R00 R00,S1_MULTI_TRANSCRIPTION_STRICT_CORE,S1,FORMAL_G3C_NONFRAME_SHORTFORM_HP,G3C,compact label / index / list entry,C,,4,radial/ring_text,FUNC-PARTICLE LABEL-FIELD LABEL-FIELD,FUNC-PARTICLE / LABEL-FIELD / LABEL-FIELD,NO_VERIFIED_EXTERNAL_TRANSLATION
"f69r.36,@Ro",f69r,1956,docheeo kody sar,R00 R06 R06,S1_MULTI_TRANSCRIPTION_STRICT_CORE,S1,FORMAL_G3C_NONFRAME_SHORTFORM_HP,G3C,compact label / index / list entry,C,,4,radial/ring_text,LABEL-FIELD LABEL-FIELD LABEL-FIELD,LABEL-FIELD / LABEL-FIELD / LABEL-FIELD,NO_VERIFIED_EXTERNAL_TRANSLATION
"f69r.37,@Ro",f69r,1957,dchokey shkchodyal,R00 R00,S2_STRONG_BUT_PARTIAL_TRANSCRIPTION_CORE,S2,FORMAL_G3C_NONFRAME_SHORTFORM_HP,G3C,compact label / index / list entry,C,,4,radial/ring_text,LABEL-FIELD LABEL-FIELD,LABEL-FIELD / LABEL-FIELD,NO_VERIFIED_EXTERNAL_TRANSLATION
"f69r.40,@Ro",f69r,1960,okody cheody sar,R00 R00 R06,S1_MULTI_TRANSCRIPTION_STRICT_CORE,S1,FORMAL_G3C_NONFRAME_SHORTFORM_HP,G3C,compact label / index / list entry,C,,4,radial/ring_text,LABEL-LEX FUNC-PARTICLE LABEL-FIELD,LABEL-LEX / FUNC-PARTICLE / LABEL-FIELD,NO_VERIFIED_EXTERNAL_TRANSLATION
"f69r.41,@Ro",f69r,1961,chokeod okeey,R00 R06,S2_STRONG_BUT_PARTIAL_TRANSCRIPTION_CORE,S2,FORMAL_G3C_NONFRAME_SHORTFORM_HP,G3C,compact label / index / list entry,C,,4,radial/ring_text,LABEL-FIELD FUNC-PARTICLE,LABEL-FIELD / FUNC-PARTICLE,NO_VERIFIED_EXTERNAL_TRANSLATION
"f69r.44,@L0",f69r,1964,y,R06,S1_MULTI_TRANSCRIPTION_STRICT_CORE,S1,FORMAL_G3C_NONFRAME_SHORTFORM_HP,G3C,compact label / index / list entry,C,,4,label_or_marginal,FUNC-PARTICLE,FUNC-PARTICLE,NO_VERIFIED_EXTERNAL_TRANSLATION
"f69r.45,@L0",f69r,1965,d,R06,S1_MULTI_TRANSCRIPTION_STRICT_CORE,S1,FORMAL_G3C_NONFRAME_SHORTFORM_HP,G3C,compact label / index / list entry,C,,4,label_or_marginal,LABEL-LEX,LABEL-LEX,NO_VERIFIED_EXTERNAL_TRANSLATION
"f69r.46,@L0",f69r,1966,o,R00,S1_MULTI_TRANSCRIPTION_STRICT_CORE,S1,FORMAL_G3C_NONFRAME_SHORTFORM_HP,G3C,compact label / index / list entry,C,,4,label_or_marginal,LABEL-LEX,LABEL-LEX,NO_VERIFIED_EXTERNAL_TRANSLATION
"f69r.47,@L0",f69r,1967,l,R06,S1_MULTI_TRANSCRIPTION_STRICT_CORE,S1,FORMAL_G3C_NONFRAME_SHORTFORM_HP,G3C,compact label / index / list entry,C,,4,label_or_marginal,FUNC-PARTICLE,FUNC-PARTICLE,NO_VERIFIED_EXTERNAL_TRANSLATION
"f69r.48,@L0",f69r,1968,s,R06,S1_MULTI_TRANSCRIPTION_STRICT_CORE,S1,FORMAL_G3C_NONFRAME_SHORTFORM_HP,G3C,compact label / index / list entry,C,,4,label_or_marginal,FUNC-PARTICLE,FUNC-PARTICLE,NO_VERIFIED_EXTERNAL_TRANSLATION
"f69v.6,@Ri",f69v,1975,ochoyk,R00,S1_MULTI_TRANSCRIPTION_STRICT_CORE,S1,FORMAL_G3C_NONFRAME_SHORTFORM_HP,G3C,compact label / index / list entry,C,,4,radial/ring_text,LABEL-FIELD,LABEL-FIELD,NO_VERIFIED_EXTERNAL_TRANSLATION
"f69v.7,@Ri",f69v,1976,ykeey,R06,S1_MULTI_TRANSCRIPTION_STRICT_CORE,S1,FORMAL_G3C_NONFRAME_SHORTFORM_HP,G3C,compact label / index / list entry,C,,4,radial/ring_text,LABEL-FIELD,LABEL-FIELD,NO_VERIFIED_EXTERNAL_TRANSLATION
"f69v.9,@Ri",f69v,1978,oeesy,R00,S2_STRONG_BUT_PARTIAL_TRANSCRIPTION_CORE,S2,FORMAL_G3C_NONFRAME_SHORTFORM_HP,G3C,compact label / index / list entry,C,,4,radial/ring_text,LABEL-FIELD,LABEL-FIELD,NO_VERIFIED_EXTERNAL_TRANSLATION
"f69v.10,@Ri",f69v,1979,ytody,R00,S1_MULTI_TRANSCRIPTION_STRICT_CORE,S1,FORMAL_G3C_NONFRAME_SHORTFORM_HP,G3C,compact label / index / list entry,C,,4,radial/ring_text,LABEL-FIELD,LABEL-FIELD,NO_VERIFIED_EXTERNAL_TRANSLATION
"f69v.11,@Ri",f69v,1980,okody,R00,S1_MULTI_TRANSCRIPTION_STRICT_CORE,S1,FORMAL_G3C_NONFRAME_SHORTFORM_HP,G3C,compact label / index / list entry,C,,4,radial/ring_text,LABEL-LEX,LABEL-LEX,NO_VERIFIED_EXTERNAL_TRANSLATION
"f69v.12,@Ri",f69v,1981,otody,R00,S1_MULTI_TRANSCRIPTION_STRICT_CORE,S1,FORMAL_G3C_NONFRAME_SHORTFORM_HP,G3C,compact label / index / list entry,C,,4,radial/ring_text,LABEL-FIELD,LABEL-FIELD,NO_VERIFIED_EXTERNAL_TRANSLATION
"f69v.13,@Ri",f69v,1982,okel,R00,S1_MULTI_TRANSCRIPTION_STRICT_CORE,S1,FORMAL_G3C_NONFRAME_SHORTFORM_HP,G3C,compact label / index / list entry,C,,4,radial/ring_text,LABEL-FIELD,LABEL-FIELD,NO_VERIFIED_EXTERNAL_TRANSLATION
"f69v.14,@Ri",f69v,1983,okeod,R00,S1_MULTI_TRANSCRIPTION_STRICT_CORE,S1,FORMAL_G3C_NONFRAME_SHORTFORM_HP,G3C,compact label / index / list entry,C,,4,radial/ring_text,LABEL-FIELD,LABEL-FIELD,NO_VERIFIED_EXTERNAL_TRANSLATION
"f69v.17,@Ri",f69v,1986,ykeydy,R00,S1_MULTI_TRANSCRIPTION_STRICT_CORE,S1,FORMAL_G3C_NONFRAME_SHORTFORM_HP,G3C,compact label / index / list entry,C,,4,radial/ring_text,LABEL-FIELD,LABEL-FIELD,NO_VERIFIED_EXTERNAL_TRANSLATION
"f69v.18,@Ri",f69v,1987,okeod,R00,S1_MULTI_TRANSCRIPTION_STRICT_CORE,S1,FORMAL_G3C_NONFRAME_SHORTFORM_HP,G3C,compact label / index / list entry,C,,4,radial/ring_text,LABEL-FIELD,LABEL-FIELD,NO_VERIFIED_EXTERNAL_TRANSLATION
"f69v.19,@Ri",f69v,1988,saral,R06,S1_MULTI_TRANSCRIPTION_STRICT_CORE,S1,FORMAL_G3C_NONFRAME_SHORTFORM_HP,G3C,compact label / index / list entry,C,,4,radial/ring_text,LABEL-FIELD,LABEL-FIELD,NO_VERIFIED_EXTERNAL_TRANSLATION
"f69v.20,@Ri",f69v,1989,saiir,R06,S1_MULTI_TRANSCRIPTION_STRICT_CORE,S1,FORMAL_G3C_NONFRAME_SHORTFORM_HP,G3C,compact label / index / list entry,C,,4,radial/ring_text,LABEL-FIELD,LABEL-FIELD,NO_VERIFIED_EXTERNAL_TRANSLATION
"f69v.21,@Ri",f69v,1990,okolar,R00,S1_MULTI_TRANSCRIPTION_STRICT_CORE,S1,FORMAL_G3C_NONFRAME_SHORTFORM_HP,G3C,compact label / index / list entry,C,,4,radial/ring_text,LABEL-FIELD,LABEL-FIELD,NO_VERIFIED_EXTERNAL_TRANSLATION
"f69v.22,@Ri",f69v,1991,ykeody,R00,S1_MULTI_TRANSCRIPTION_STRICT_CORE,S1,FORMAL_G3C_NONFRAME_SHORTFORM_HP,G3C,compact label / index / list entry,C,,4,radial/ring_text,LABEL-LEX,LABEL-LEX,NO_VERIFIED_EXTERNAL_TRANSLATION
"f69v.23,@Ri",f69v,1992,sarydy,R06,S1_MULTI_TRANSCRIPTION_STRICT_CORE,S1,FORMAL_G3C_NONFRAME_SHORTFORM_HP,G3C,compact label / index / list entry,C,,4,radial/ring_text,LABEL-FIELD,LABEL-FIELD,NO_VERIFIED_EXTERNAL_TRANSLATION
"f69v.27,@Ri",f69v,1996,okeod,R00,S1_MULTI_TRANSCRIPTION_STRICT_CORE,S1,FORMAL_G3C_NONFRAME_SHORTFORM_HP,G3C,compact label / index / list entry,C,,4,radial/ring_text,LABEL-FIELD,LABEL-FIELD,NO_VERIFIED_EXTERNAL_TRANSLATION
"f69v.28,@Ri",f69v,1997,okodchy,R00,S1_MULTI_TRANSCRIPTION_STRICT_CORE,S1,FORMAL_G3C_NONFRAME_SHORTFORM_HP,G3C,compact label / index / list entry,C,,4,radial/ring_text,LABEL-FIELD,LABEL-FIELD,NO_VERIFIED_EXTERNAL_TRANSLATION
"f69v.29,@Ri",f69v,1998,okeody,R00,S1_MULTI_TRANSCRIPTION_STRICT_CORE,S1,FORMAL_G3C_NONFRAME_SHORTFORM_HP,G3C,compact label / index / list entry,C,,4,radial/ring_text,LABEL-FIELD,LABEL-FIELD,NO_VERIFIED_EXTERNAL_TRANSLATION
"f69v.31,@Ri",f69v,2000,oar alys,R00 R00,S1_MULTI_TRANSCRIPTION_STRICT_CORE,S1,FORMAL_G3C_NONFRAME_SHORTFORM_HP,G3C,compact label / index / list entry,C,,4,radial/ring_text,LABEL-FIELD LABEL-FIELD,LABEL-FIELD / LABEL-FIELD,NO_VERIFIED_EXTERNAL_TRANSLATION
"f70r1.4,@Ri",f70r1,2004,yfcheodly,R00,S1_MULTI_TRANSCRIPTION_STRICT_CORE,S1,FORMAL_G3C_NONFRAME_SHORTFORM_HP,G3C,compact label / index / list entry,C,,4,radial/ring_text,LABEL-FIELD,LABEL-FIELD,NO_VERIFIED_EXTERNAL_TRANSLATION
"f70r1.7,@Ri",f70r1,2007,opar ykchy,R00 R06,S1_MULTI_TRANSCRIPTION_STRICT_CORE,S1,FORMAL_G3C_NONFRAME_SHORTFORM_HP,G3C,compact label / index / list entry,C,,4,radial/ring_text,LABEL-FIELD LABEL-FIELD,LABEL-FIELD / LABEL-FIELD,NO_VERIFIED_EXTERNAL_TRANSLATION
"f70r1.8,@Ri",f70r1,2008,ysaikchy dam,R00 R06,S2_STRONG_BUT_PARTIAL_TRANSCRIPTION_CORE,S2,FORMAL_G3C_NONFRAME_SHORTFORM_HP,G3C,compact label / index / list entry,C,,4,radial/ring_text,LABEL-FIELD FUNC-PARTICLE,LABEL-FIELD / FUNC-PARTICLE,NO_VERIFIED_EXTERNAL_TRANSLATION
"f70r1.10,@Ri",f70r1,2010,dchal daim,R06 R06,S1_MULTI_TRANSCRIPTION_STRICT_CORE,S1,FORMAL_G3C_NONFRAME_SHORTFORM_HP,G3C,compact label / index / list entry,C,,4,radial/ring_text,LABEL-FIELD LABEL-FIELD,LABEL-FIELD / LABEL-FIELD,NO_VERIFIED_EXTERNAL_TRANSLATION
"f70r1.11,@Ri",f70r1,2011,yteody sam,R00 R06,S1_MULTI_TRANSCRIPTION_STRICT_CORE,S1,FORMAL_G3C_NONFRAME_SHORTFORM_HP,G3C,compact label / index / list entry,C,,4,radial/ring_text,LABEL-FIELD LABEL-FIELD,LABEL-FIELD / LABEL-FIELD,NO_VERIFIED_EXTERNAL_TRANSLATION
"f70r1.14,@Ri",f70r1,2014,ykeal,R06,S1_MULTI_TRANSCRIPTION_STRICT_CORE,S1,FORMAL_G3C_NONFRAME_SHORTFORM_HP,G3C,compact label / index / list entry,C,,4,radial/ring_text,LABEL-FIELD,LABEL-FIELD,NO_VERIFIED_EXTERNAL_TRANSLATION
"f70r1.15,@Ri",f70r1,2015,okeody,R00,S1_MULTI_TRANSCRIPTION_STRICT_CORE,S1,FORMAL_G3C_NONFRAME_SHORTFORM_HP,G3C,compact label / index / list entry,C,,4,radial/ring_text,LABEL-FIELD,LABEL-FIELD,NO_VERIFIED_EXTERNAL_TRANSLATION
"f70r1.16,@Ri",f70r1,2016,otody,R00,S1_MULTI_TRANSCRIPTION_STRICT_CORE,S1,FORMAL_G3C_NONFRAME_SHORTFORM_HP,G3C,compact label / index / list entry,C,,4,radial/ring_text,LABEL-FIELD,LABEL-FIELD,NO_VERIFIED_EXTERNAL_TRANSLATION
"f70r1.17,@Ri",f70r1,2017,ypolol,R06,S1_MULTI_TRANSCRIPTION_STRICT_CORE,S1,FORMAL_G3C_NONFRAME_SHORTFORM_HP,G3C,compact label / index / list entry,C,,4,radial/ring_text,LABEL-FIELD,LABEL-FIELD,NO_VERIFIED_EXTERNAL_TRANSLATION
"f70r1.18,@Ri",f70r1,2018,chodal,R00,S1_MULTI_TRANSCRIPTION_STRICT_CORE,S1,FORMAL_G3C_NONFRAME_SHORTFORM_HP,G3C,compact label / index / list entry,C,,4,radial/ring_text,LABEL-FIELD,LABEL-FIELD,NO_VERIFIED_EXTERNAL_TRANSLATION
"f70r2.6,+P1",f70r2,2025,ytar ar al yol al aloees ytaiir otaldal,R06 R06 R06 R06 R06 R00 R06 R09,S1_MULTI_TRANSCRIPTION_STRICT_CORE,S1,FORMAL_G3C_NONFRAME_SHORTFORM_HP,G3C,compact label / index / list entry,C,,4,paragraph_continuation,LABEL-FIELD FUNC-PARTICLE FUNC-PARTICLE LABEL-FIELD FUNC-PARTICLE LABEL-FIELD LABEL-FIELD QUAL/TAIL,LABEL-FIELD / FUNC-PARTICLE / FUNC-PARTICLE / LABEL-FIELD / FUNC-PARTICLE / LABEL-FIELD / LABEL-FIELD / QUAL/TAIL,NO_VERIFIED_EXTERNAL_TRANSLATION
"f70r2.8,+P1",f70r2,2027,ytals alal dalam dal cthol oparam,R06 R00 R06 R09 R07 R00,S2_STRONG_BUT_PARTIAL_TRANSCRIPTION_CORE,S2,FORMAL_G3C_NONFRAME_SHORTFORM_HP,G3C,compact label / index / list entry,C,,4,paragraph_continuation,LABEL-FIELD LABEL-FIELD LABEL-FIELD FUNC-PARTICLE LABEL-FIELD LABEL-FIELD,LABEL-FIELD / LABEL-FIELD / LABEL-FIELD / FUNC-PARTICLE / LABEL-FIELD / LABEL-FIELD,NO_VERIFIED_EXTERNAL_TRANSLATION
"f70r2.11,+P1",f70r2,2030,daiin chotal qokal chol chotals,R10 R00 H08 R07 R00,S1_MULTI_TRANSCRIPTION_STRICT_CORE,S1,FORMAL_G1_GLOBAL_FRAME,G1,relational frame / record line,C,,4,paragraph_continuation,FUNC-PARTICLE ARG/FILL FUNC-PARTICLE FUNC-PARTICLE ARG/FILL,FUNC-PARTICLE / ARG/FILL / FUNC-PARTICLE / FUNC-PARTICLE / ARG/FILL,NO_VERIFIED_EXTERNAL_TRANSLATION
"f70v2.2,@Lz",f70v2,2040,otalalg,R00,S1_MULTI_TRANSCRIPTION_STRICT_CORE,S1,FORMAL_G3C_NONFRAME_SHORTFORM_HP,G3C,compact label / index / list entry,Z,,4,label_or_marginal,LABEL-FIELD,LABEL-FIELD,NO_VERIFIED_EXTERNAL_TRANSLATION
"f70v2.6,&Lz",f70v2,2044,oky ody,R00 R00,S1_MULTI_TRANSCRIPTION_STRICT_CORE,S1,FORMAL_G3C_NONFRAME_SHORTFORM_HP,G3C,compact label / index / list entry,Z,,4,&L,FUNC-PARTICLE LABEL-FIELD,FUNC-PARTICLE / LABEL-FIELD,NO_VERIFIED_EXTERNAL_TRANSLATION
"f70v2.8,&Lz",f70v2,2046,okala,R00,S1_MULTI_TRANSCRIPTION_STRICT_CORE,S1,FORMAL_G3C_NONFRAME_SHORTFORM_HP,G3C,compact label / index / list entry,Z,,4,&L,LABEL-FIELD,LABEL-FIELD,NO_VERIFIED_EXTERNAL_TRANSLATION
"f70v2.9,&Lz",f70v2,2047,otody,R00,S1_MULTI_TRANSCRIPTION_STRICT_CORE,S1,FORMAL_G3C_NONFRAME_SHORTFORM_HP,G3C,compact label / index / list entry,Z,,4,&L,LABEL-FIELD,LABEL-FIELD,NO_VERIFIED_EXTERNAL_TRANSLATION
"f70v2.10,&Lz",f70v2,2048,otald,R00,S1_MULTI_TRANSCRIPTION_STRICT_CORE,S1,FORMAL_G3C_NONFRAME_SHORTFORM_HP,G3C,compact label / index / list entry,Z,,4,&L,LABEL-FIELD,LABEL-FIELD,NO_VERIFIED_EXTERNAL_TRANSLATION
"f70v2.11,&Lz",f70v2,2049,otaldar,R00,S2_STRONG_BUT_PARTIAL_TRANSCRIPTION_CORE,S2,FORMAL_G3C_NONFRAME_SHORTFORM_HP,G3C,compact label / index / list entry,Z,,4,&L,LABEL-FIELD,LABEL-FIELD,NO_VERIFIED_EXTERNAL_TRANSLATION
"f70v2.12,&Lz",f70v2,2050,okody,R00,S1_MULTI_TRANSCRIPTION_STRICT_CORE,S1,FORMAL_G3C_NONFRAME_SHORTFORM_HP,G3C,compact label / index / list entry,Z,,4,&L,LABEL-LEX,LABEL-LEX,NO_VERIFIED_EXTERNAL_TRANSLATION
"f70v2.13,&Lz",f70v2,2051,opysam,R00,S2_STRONG_BUT_PARTIAL_TRANSCRIPTION_CORE,S2,FORMAL_G3C_NONFRAME_SHORTFORM_HP,G3C,compact label / index / list entry,Z,,4,&L,LABEL-FIELD,LABEL-FIELD,NO_VERIFIED_EXTERNAL_TRANSLATION
"f70v2.15,&Lz",f70v2,2053,otaly,R00,S1_MULTI_TRANSCRIPTION_STRICT_CORE,S1,FORMAL_G3C_NONFRAME_SHORTFORM_HP,G3C,compact label / index / list entry,Z,,4,&L,LABEL-LEX,LABEL-LEX,NO_VERIFIED_EXTERNAL_TRANSLATION
"f70v2.17,&Lz",f70v2,2055,otaldy,R00,S2_STRONG_BUT_PARTIAL_TRANSCRIPTION_CORE,S2,FORMAL_G3C_NONFRAME_SHORTFORM_HP,G3C,compact label / index / list entry,Z,,4,&L,LABEL-FIELD,LABEL-FIELD,NO_VERIFIED_EXTERNAL_TRANSLATION
"f70v2.18,&Lz",f70v2,2056,okeoly,R00,S1_MULTI_TRANSCRIPTION_STRICT_CORE,S1,FORMAL_G3C_NONFRAME_SHORTFORM_HP,G3C,compact label / index / list entry,Z,,4,&L,LABEL-FIELD,LABEL-FIELD,NO_VERIFIED_EXTERNAL_TRANSLATION
"f70v2.19,&Lz",f70v2,2057,okydy,R00,S1_MULTI_TRANSCRIPTION_STRICT_CORE,S1,FORMAL_G3C_NONFRAME_SHORTFORM_HP,G3C,compact label / index / list entry,Z,,4,&L,LABEL-FIELD,LABEL-FIELD,NO_VERIFIED_EXTERNAL_TRANSLATION
"f70v2.20,&Lz",f70v2,2058,okee,R00,S1_MULTI_TRANSCRIPTION_STRICT_CORE,S1,FORMAL_G3C_NONFRAME_SHORTFORM_HP,G3C,compact label / index / list entry,Z,,4,&L,LABEL-FIELD,LABEL-FIELD,NO_VERIFIED_EXTERNAL_TRANSLATION
"f70v2.23,&Lz",f70v2,2061,otaral,R00,S1_MULTI_TRANSCRIPTION_STRICT_CORE,S1,FORMAL_G3C_NONFRAME_SHORTFORM_HP,G3C,compact label / index / list entry,Z,,4,&L,LABEL-FIELD,LABEL-FIELD,NO_VERIFIED_EXTERNAL_TRANSLATION
"f70v2.24,&Lz",f70v2,2062,otalar,R00,S1_MULTI_TRANSCRIPTION_STRICT_CORE,S1,FORMAL_G3C_NONFRAME_SHORTFORM_HP,G3C,compact label / index / list entry,Z,,4,&L,LABEL-FIELD,LABEL-FIELD,NO_VERIFIED_EXTERNAL_TRANSLATION
"f70v2.25,&Lz",f70v2,2063,otalam,R00,S1_MULTI_TRANSCRIPTION_STRICT_CORE,S1,FORMAL_G3C_NONFRAME_SHORTFORM_HP,G3C,compact label / index / list entry,Z,,4,&L,LABEL-FIELD,LABEL-FIELD,NO_VERIFIED_EXTERNAL_TRANSLATION
"f70v2.26,&Lz",f70v2,2064,dolaram,R00,S1_MULTI_TRANSCRIPTION_STRICT_CORE,S1,FORMAL_G3C_NONFRAME_SHORTFORM_HP,G3C,compact label / index / list entry,Z,,4,&L,LABEL-FIELD,LABEL-FIELD,NO_VERIFIED_EXTERNAL_TRANSLATION
"f70v2.27,&Lz",f70v2,2065,okaram,R03,S1_MULTI_TRANSCRIPTION_STRICT_CORE,S1,FORMAL_G3C_NONFRAME_SHORTFORM_HP,G3C,compact label / index / list entry,Z,,4,&L,ARG/FILL,ARG/FILL,NO_VERIFIED_EXTERNAL_TRANSLATION
"f70v2.29,&Lz",f70v2,2067,salols,R06,S1_MULTI_TRANSCRIPTION_STRICT_CORE,S1,FORMAL_G3C_NONFRAME_SHORTFORM_HP,G3C,compact label / index / list entry,Z,,4,&L,LABEL-FIELD,LABEL-FIELD,NO_VERIFIED_EXTERNAL_TRANSLATION
"f70v2.30,&Lz",f70v2,2068,okaldal,R09,S1_MULTI_TRANSCRIPTION_STRICT_CORE,S1,FORMAL_G3C_NONFRAME_SHORTFORM_HP,G3C,compact label / index / list entry,Z,,4,&L,QUAL/TAIL,QUAL/TAIL,NO_VERIFIED_EXTERNAL_TRANSLATION
"f70v2.31,&Lz",f70v2,2069,ykolaiin,R00,S1_MULTI_TRANSCRIPTION_STRICT_CORE,S1,FORMAL_G3C_NONFRAME_SHORTFORM_HP,G3C,compact label / index / list entry,Z,,4,&L,LABEL-FIELD,LABEL-FIELD,NO_VERIFIED_EXTERNAL_TRANSLATION
"f70v1.3,&Lz",f70v1,2074,opchey sal,R00 R06,S1_MULTI_TRANSCRIPTION_STRICT_CORE,S1,FORMAL_G3C_NONFRAME_SHORTFORM_HP,G3C,compact label / index / list entry,Z,,4,&L,LABEL-FIELD LABEL-FIELD,LABEL-FIELD / LABEL-FIELD,NO_VERIFIED_EXTERNAL_TRANSLATION
"f70v1.5,&Lz",f70v1,2076,okalal,R00,S1_MULTI_TRANSCRIPTION_STRICT_CORE,S1,FORMAL_G3C_NONFRAME_SHORTFORM_HP,G3C,compact label / index / list entry,Z,,4,&L,LABEL-FIELD,LABEL-FIELD,NO_VERIFIED_EXTERNAL_TRANSLATION
"f70v1.6,&Lz",f70v1,2077,otaly,R00,S2_STRONG_BUT_PARTIAL_TRANSCRIPTION_CORE,S2,FORMAL_G3C_NONFRAME_SHORTFORM_HP,G3C,compact label / index / list entry,Z,,4,&L,LABEL-LEX,LABEL-LEX,NO_VERIFIED_EXTERNAL_TRANSLATION
"f70v1.7,&Lz",f70v1,2078,oalcheg,R00,S1_MULTI_TRANSCRIPTION_STRICT_CORE,S1,FORMAL_G3C_NONFRAME_SHORTFORM_HP,G3C,compact label / index / list entry,Z,,4,&L,LABEL-FIELD,LABEL-FIELD,NO_VERIFIED_EXTERNAL_TRANSLATION
"f70v1.8,&Lz",f70v1,2079,otchodals,R00,S1_MULTI_TRANSCRIPTION_STRICT_CORE,S1,FORMAL_G3C_NONFRAME_SHORTFORM_HP,G3C,compact label / index / list entry,Z,,4,&L,LABEL-FIELD,LABEL-FIELD,NO_VERIFIED_EXTERNAL_TRANSLATION
"f70v1.9,&Lz",f70v1,2080,okolshy,R00,S1_MULTI_TRANSCRIPTION_STRICT_CORE,S1,FORMAL_G3C_NONFRAME_SHORTFORM_HP,G3C,compact label / index / list entry,Z,,4,&L,LABEL-FIELD,LABEL-FIELD,NO_VERIFIED_EXTERNAL_TRANSLATION
"f70v1.10,&Lz",f70v1,2081,otshshdy,R00,S1_MULTI_TRANSCRIPTION_STRICT_CORE,S1,FORMAL_G3C_NONFRAME_SHORTFORM_HP,G3C,compact label / index / list entry,Z,,4,&L,LABEL-FIELD,LABEL-FIELD,NO_VERIFIED_EXTERNAL_TRANSLATION
"f70v1.13,@Lz",f70v1,2084,okoly,R00,S1_MULTI_TRANSCRIPTION_STRICT_CORE,S1,FORMAL_G3C_NONFRAME_SHORTFORM_HP,G3C,compact label / index / list entry,Z,,4,label_or_marginal,LABEL-FIELD,LABEL-FIELD,NO_VERIFIED_EXTERNAL_TRANSLATION
"f70v1.14,&Lz",f70v1,2085,otalaiin,R00,S1_MULTI_TRANSCRIPTION_STRICT_CORE,S1,FORMAL_G3C_NONFRAME_SHORTFORM_HP,G3C,compact label / index / list entry,Z,,4,&L,LABEL-FIELD,LABEL-FIELD,NO_VERIFIED_EXTERNAL_TRANSLATION
"f71r.3,&Lz",f71r,2091,okldam,R00,S1_MULTI_TRANSCRIPTION_STRICT_CORE,S1,FORMAL_G3C_NONFRAME_SHORTFORM_HP,G3C,compact label / index / list entry,Z,,4,&L,LABEL-FIELD,LABEL-FIELD,NO_VERIFIED_EXTERNAL_TRANSLATION
"f71r.6,&Lz",f71r,2094,okeoaly,R00,S1_MULTI_TRANSCRIPTION_STRICT_CORE,S1,FORMAL_G3C_NONFRAME_SHORTFORM_HP,G3C,compact label / index / list entry,Z,,4,&L,LABEL-FIELD,LABEL-FIELD,NO_VERIFIED_EXTERNAL_TRANSLATION
"f71r.7,&Lz",f71r,2095,otaleky,R00,S1_MULTI_TRANSCRIPTION_STRICT_CORE,S1,FORMAL_G3C_NONFRAME_SHORTFORM_HP,G3C,compact label / index / list entry,Z,,4,&L,LABEL-FIELD,LABEL-FIELD,NO_VERIFIED_EXTERNAL_TRANSLATION
"f71r.8,&Lz",f71r,2096,otalsar,R00,S1_MULTI_TRANSCRIPTION_STRICT_CORE,S1,FORMAL_G3C_NONFRAME_SHORTFORM_HP,G3C,compact label / index / list entry,Z,,4,&L,LABEL-FIELD,LABEL-FIELD,NO_VERIFIED_EXTERNAL_TRANSLATION
"f71r.9,&Lz",f71r,2097,cheary,R00,S2_STRONG_BUT_PARTIAL_TRANSCRIPTION_CORE,S2,FORMAL_G3C_NONFRAME_SHORTFORM_HP,G3C,compact label / index / list entry,Z,,4,&L,LABEL-FIELD,LABEL-FIELD,NO_VERIFIED_EXTERNAL_TRANSLATION
"f71r.11,&Lz",f71r,2099,otalaly,R00,S1_MULTI_TRANSCRIPTION_STRICT_CORE,S1,FORMAL_G3C_NONFRAME_SHORTFORM_HP,G3C,compact label / index / list entry,Z,,4,&L,LABEL-FIELD,LABEL-FIELD,NO_VERIFIED_EXTERNAL_TRANSLATION
"f71r.17,&Lz",f71r,2105,otaldar,R00,S2_STRONG_BUT_PARTIAL_TRANSCRIPTION_CORE,S2,FORMAL_G3C_NONFRAME_SHORTFORM_HP,G3C,compact label / index / list entry,Z,,4,&L,LABEL-FIELD,LABEL-FIELD,NO_VERIFIED_EXTERNAL_TRANSLATION
"f71v.2,@Lz",f71v,2108,char arom,R11 R00,S1_MULTI_TRANSCRIPTION_STRICT_CORE,S1,FORMAL_G3C_NONFRAME_SHORTFORM_HP,G3C,compact label / index / list entry,Z,,4,label_or_marginal,LABEL-FIELD LABEL-FIELD,LABEL-FIELD / LABEL-FIELD,NO_VERIFIED_EXTERNAL_TRANSLATION
"f71v.3,&Lz",f71v,2109,chfaly,R00,S1_MULTI_TRANSCRIPTION_STRICT_CORE,S1,FORMAL_G3C_NONFRAME_SHORTFORM_HP,G3C,compact label / index / list entry,Z,,4,&L,LABEL-FIELD,LABEL-FIELD,NO_VERIFIED_EXTERNAL_TRANSLATION
"f71v.4,&Lz",f71v,2110,okolar,R00,S1_MULTI_TRANSCRIPTION_STRICT_CORE,S1,FORMAL_G3C_NONFRAME_SHORTFORM_HP,G3C,compact label / index / list entry,Z,,4,&L,LABEL-FIELD,LABEL-FIELD,NO_VERIFIED_EXTERNAL_TRANSLATION
"f71v.5,&Lz",f71v,2111,otchody,R00,S1_MULTI_TRANSCRIPTION_STRICT_CORE,S1,FORMAL_G3C_NONFRAME_SHORTFORM_HP,G3C,compact label / index / list entry,Z,,4,&L,LABEL-FIELD,LABEL-FIELD,NO_VERIFIED_EXTERNAL_TRANSLATION
"f71v.6,&Lz",f71v,2112,alcphy,R00,S1_MULTI_TRANSCRIPTION_STRICT_CORE,S1,FORMAL_G3C_NONFRAME_SHORTFORM_HP,G3C,compact label / index / list entry,Z,,4,&L,LABEL-FIELD,LABEL-FIELD,NO_VERIFIED_EXTERNAL_TRANSLATION
"f71v.7,&Lz",f71v,2113,otaiin,R10,S1_MULTI_TRANSCRIPTION_STRICT_CORE,S1,FORMAL_G3C_NONFRAME_SHORTFORM_HP,G3C,compact label / index / list entry,Z,,4,&L,FUNC-PARTICLE,FUNC-PARTICLE,NO_VERIFIED_EXTERNAL_TRANSLATION
"f71v.8,&Lz",f71v,2114,okaraiin,R03,S1_MULTI_TRANSCRIPTION_STRICT_CORE,S1,FORMAL_G3C_NONFRAME_SHORTFORM_HP,G3C,compact label / index / list entry,Z,,4,&L,ARG/FILL,ARG/FILL,NO_VERIFIED_EXTERNAL_TRANSLATION
"f71v.10,&Lz",f71v,2116,opalar am dan,R00 R06 R06,S1_MULTI_TRANSCRIPTION_STRICT_CORE,S1,FORMAL_G3C_NONFRAME_SHORTFORM_HP,G3C,compact label / index / list entry,Z,,4,&L,LABEL-FIELD LABEL-FIELD LABEL-FIELD,LABEL-FIELD / LABEL-FIELD / LABEL-FIELD,NO_VERIFIED_EXTERNAL_TRANSLATION
"f71v.11,&Lz",f71v,2117,opalor ar,R00 R06,S1_MULTI_TRANSCRIPTION_STRICT_CORE,S1,FORMAL_G3C_NONFRAME_SHORTFORM_HP,G3C,compact label / index / list entry,Z,,4,&L,LABEL-FIELD FUNC-PARTICLE,LABEL-FIELD / FUNC-PARTICLE,NO_VERIFIED_EXTERNAL_TRANSLATION
"f71v.14,&Lz",f71v,2120,otalody,R00,S1_MULTI_TRANSCRIPTION_STRICT_CORE,S1,FORMAL_G3C_NONFRAME_SHORTFORM_HP,G3C,compact label / index / list entry,Z,,4,&L,LABEL-FIELD,LABEL-FIELD,NO_VERIFIED_EXTERNAL_TRANSLATION
"f71v.15,&Lz",f71v,2121,otalaiin,R00,S1_MULTI_TRANSCRIPTION_STRICT_CORE,S1,FORMAL_G3C_NONFRAME_SHORTFORM_HP,G3C,compact label / index / list entry,Z,,4,&L,LABEL-FIELD,LABEL-FIELD,NO_VERIFIED_EXTERNAL_TRANSLATION
"f72r1.3,&Lz",f72r1,2127,chdaiirdainy,R00,S2_STRONG_BUT_PARTIAL_TRANSCRIPTION_CORE,S2,FORMAL_G3C_NONFRAME_SHORTFORM_HP,G3C,compact label / index / list entry,Z,,4,&L,LABEL-FIELD,LABEL-FIELD,NO_VERIFIED_EXTERNAL_TRANSLATION
"f72r1.5,&Lz",f72r1,2129,okalam,R00,S1_MULTI_TRANSCRIPTION_STRICT_CORE,S1,FORMAL_G3C_NONFRAME_SHORTFORM_HP,G3C,compact label / index / list entry,Z,,4,&L,LABEL-FIELD,LABEL-FIELD,NO_VERIFIED_EXTERNAL_TRANSLATION
"f72r1.7,&Lz",f72r1,2131,char alif,R11 R00,S2_STRONG_BUT_PARTIAL_TRANSCRIPTION_CORE,S2,FORMAL_G3C_NONFRAME_SHORTFORM_HP,G3C,compact label / index / list entry,Z,,4,&L,LABEL-FIELD LABEL-FIELD,LABEL-FIELD / LABEL-FIELD,NO_VERIFIED_EXTERNAL_TRANSLATION
"f72r1.8,&Lz",f72r1,2132,otaraldy,R00,S1_MULTI_TRANSCRIPTION_STRICT_CORE,S1,FORMAL_G3C_NONFRAME_SHORTFORM_HP,G3C,compact label / index / list entry,Z,,4,&L,LABEL-FIELD,LABEL-FIELD,NO_VERIFIED_EXTERNAL_TRANSLATION
"f72r1.9,&Lz",f72r1,2133,otaiin otain,R10 R00,S1_MULTI_TRANSCRIPTION_STRICT_CORE,S1,FORMAL_G3C_NONFRAME_SHORTFORM_HP,G3C,compact label / index / list entry,Z,,4,&L,FUNC-PARTICLE FUNC-PARTICLE,FUNC-PARTICLE / FUNC-PARTICLE,NO_VERIFIED_EXTERNAL_TRANSLATION
"f72r1.11,&Lz",f72r1,2135,ocholsharam,R00,S2_STRONG_BUT_PARTIAL_TRANSCRIPTION_CORE,S2,FORMAL_G3C_NONFRAME_SHORTFORM_HP,G3C,compact label / index / list entry,Z,,4,&L,LABEL-FIELD,LABEL-FIELD,NO_VERIFIED_EXTERNAL_TRANSLATION
"f72r1.13,@Lz",f72r1,2137,ofaralar,R00,S1_MULTI_TRANSCRIPTION_STRICT_CORE,S1,FORMAL_G3C_NONFRAME_SHORTFORM_HP,G3C,compact label / index / list entry,Z,,4,label_or_marginal,LABEL-FIELD,LABEL-FIELD,NO_VERIFIED_EXTERNAL_TRANSLATION
"f72r1.14,&Lz",f72r1,2138,otchoshy,R00,S1_MULTI_TRANSCRIPTION_STRICT_CORE,S1,FORMAL_G3C_NONFRAME_SHORTFORM_HP,G3C,compact label / index / list entry,Z,,4,&L,LABEL-FIELD,LABEL-FIELD,NO_VERIFIED_EXTERNAL_TRANSLATION
"f72r1.15,&Lz",f72r1,2139,otchdal,R09,S1_MULTI_TRANSCRIPTION_STRICT_CORE,S1,FORMAL_G3C_NONFRAME_SHORTFORM_HP,G3C,compact label / index / list entry,Z,,4,&L,QUAL/TAIL,QUAL/TAIL,NO_VERIFIED_EXTERNAL_TRANSLATION
"f72r1.16,&Lz",f72r1,2140,okeey ary,R06 R00,S1_MULTI_TRANSCRIPTION_STRICT_CORE,S1,FORMAL_G3C_NONFRAME_SHORTFORM_HP,G3C,compact label / index / list entry,Z,,4,&L,FUNC-PARTICLE LABEL-LEX,FUNC-PARTICLE / LABEL-LEX,NO_VERIFIED_EXTERNAL_TRANSLATION
"f72r1.17,&Lz",f72r1,2141,otainy,R00,S1_MULTI_TRANSCRIPTION_STRICT_CORE,S1,FORMAL_G3C_NONFRAME_SHORTFORM_HP,G3C,compact label / index / list entry,Z,,4,&L,LABEL-FIELD,LABEL-FIELD,NO_VERIFIED_EXTERNAL_TRANSLATION
"f72r2.2,&Lz",f72r2,2144,oklairdy,R00,S1_MULTI_TRANSCRIPTION_STRICT_CORE,S1,FORMAL_G3C_NONFRAME_SHORTFORM_HP,G3C,compact label / index / list entry,Z,,4,&L,LABEL-FIELD,LABEL-FIELD,NO_VERIFIED_EXTERNAL_TRANSLATION
"f72r2.3,&Lz",f72r2,2145,okaram,R03,S1_MULTI_TRANSCRIPTION_STRICT_CORE,S1,FORMAL_G3C_NONFRAME_SHORTFORM_HP,G3C,compact label / index / list entry,Z,,4,&L,ARG/FILL,ARG/FILL,NO_VERIFIED_EXTERNAL_TRANSLATION
"f72r2.4,&Lz",f72r2,2146,okairy,R00,S1_MULTI_TRANSCRIPTION_STRICT_CORE,S1,FORMAL_G3C_NONFRAME_SHORTFORM_HP,G3C,compact label / index / list entry,Z,,4,&L,LABEL-FIELD,LABEL-FIELD,NO_VERIFIED_EXTERNAL_TRANSLATION
"f72r2.5,&Lz",f72r2,2147,okealar,R00,S2_STRONG_BUT_PARTIAL_TRANSCRIPTION_CORE,S2,FORMAL_G3C_NONFRAME_SHORTFORM_HP,G3C,compact label / index / list entry,Z,,4,&L,LABEL-FIELD,LABEL-FIELD,NO_VERIFIED_EXTERNAL_TRANSLATION
"f72r2.7,@Lz",f72r2,2149,otaraldy,R00,S1_MULTI_TRANSCRIPTION_STRICT_CORE,S1,FORMAL_G3C_NONFRAME_SHORTFORM_HP,G3C,compact label / index / list entry,Z,,4,label_or_marginal,LABEL-FIELD,LABEL-FIELD,NO_VERIFIED_EXTERNAL_TRANSLATION
"f72r2.8,&Lz",f72r2,2150,okalar,R00,S1_MULTI_TRANSCRIPTION_STRICT_CORE,S1,FORMAL_G3C_NONFRAME_SHORTFORM_HP,G3C,compact label / index / list entry,Z,,4,&L,LABEL-FIELD,LABEL-FIELD,NO_VERIFIED_EXTERNAL_TRANSLATION
"f72r2.9,&Lz",f72r2,2151,okal,R07,S1_MULTI_TRANSCRIPTION_STRICT_CORE,S1,FORMAL_G3C_NONFRAME_SHORTFORM_HP,G3C,compact label / index / list entry,Z,,4,&L,FUNC-PARTICLE,FUNC-PARTICLE,NO_VERIFIED_EXTERNAL_TRANSLATION
"f72r2.10,&Lz",f72r2,2152,okaly,R00,S1_MULTI_TRANSCRIPTION_STRICT_CORE,S1,FORMAL_G3C_NONFRAME_SHORTFORM_HP,G3C,compact label / index / list entry,Z,,4,&L,LABEL-FIELD,LABEL-FIELD,NO_VERIFIED_EXTERNAL_TRANSLATION
"f72r2.11,&Lz",f72r2,2153,okal,R07,S1_MULTI_TRANSCRIPTION_STRICT_CORE,S1,FORMAL_G3C_NONFRAME_SHORTFORM_HP,G3C,compact label / index / list entry,Z,,4,&L,FUNC-PARTICLE,FUNC-PARTICLE,NO_VERIFIED_EXTERNAL_TRANSLATION
"f72r2.12,&Lz",f72r2,2154,okeey ary,R06 R00,S1_MULTI_TRANSCRIPTION_STRICT_CORE,S1,FORMAL_G3C_NONFRAME_SHORTFORM_HP,G3C,compact label / index / list entry,Z,,4,&L,FUNC-PARTICLE LABEL-LEX,FUNC-PARTICLE / LABEL-LEX,NO_VERIFIED_EXTERNAL_TRANSLATION
"f72r2.14,&Lz",f72r2,2156,otairdy,R00,S2_STRONG_BUT_PARTIAL_TRANSCRIPTION_CORE,S2,FORMAL_G3C_NONFRAME_SHORTFORM_HP,G3C,compact label / index / list entry,Z,,4,&L,LABEL-FIELD,LABEL-FIELD,NO_VERIFIED_EXTERNAL_TRANSLATION
"f72r2.15,&Lz",f72r2,2157,okaircham,R00,S1_MULTI_TRANSCRIPTION_STRICT_CORE,S1,FORMAL_G3C_NONFRAME_SHORTFORM_HP,G3C,compact label / index / list entry,Z,,4,&L,LABEL-FIELD,LABEL-FIELD,NO_VERIFIED_EXTERNAL_TRANSLATION
"f72r2.16,&Lz",f72r2,2158,okeal,R00,S1_MULTI_TRANSCRIPTION_STRICT_CORE,S1,FORMAL_G3C_NONFRAME_SHORTFORM_HP,G3C,compact label / index / list entry,Z,,4,&L,LABEL-FIELD,LABEL-FIELD,NO_VERIFIED_EXTERNAL_TRANSLATION
"f72r2.18,&Lz",f72r2,2160,okaly,R00,S1_MULTI_TRANSCRIPTION_STRICT_CORE,S1,FORMAL_G3C_NONFRAME_SHORTFORM_HP,G3C,compact label / index / list entry,Z,,4,&L,LABEL-FIELD,LABEL-FIELD,NO_VERIFIED_EXTERNAL_TRANSLATION
"f72r2.19,&Lz",f72r2,2161,orary,R00,S1_MULTI_TRANSCRIPTION_STRICT_CORE,S1,FORMAL_G3C_NONFRAME_SHORTFORM_HP,G3C,compact label / index / list entry,Z,,4,&L,LABEL-FIELD,LABEL-FIELD,NO_VERIFIED_EXTERNAL_TRANSLATION
"f72r2.20,&Lz",f72r2,2162,okyd,R00,S1_MULTI_TRANSCRIPTION_STRICT_CORE,S1,FORMAL_G3C_NONFRAME_SHORTFORM_HP,G3C,compact label / index / list entry,Z,,4,&L,LABEL-FIELD,LABEL-FIELD,NO_VERIFIED_EXTERNAL_TRANSLATION
"f72r2.24,&Lz",f72r2,2166,ralal,R00,S1_MULTI_TRANSCRIPTION_STRICT_CORE,S1,FORMAL_G3C_NONFRAME_SHORTFORM_HP,G3C,compact label / index / list entry,Z,,4,&L,LABEL-FIELD,LABEL-FIELD,NO_VERIFIED_EXTERNAL_TRANSLATION
"f72r2.25,&Lz",f72r2,2167,okam,R00,S1_MULTI_TRANSCRIPTION_STRICT_CORE,S1,FORMAL_G3C_NONFRAME_SHORTFORM_HP,G3C,compact label / index / list entry,Z,,4,&L,LABEL-FIELD,LABEL-FIELD,NO_VERIFIED_EXTERNAL_TRANSLATION
"f72r2.26,&Lz",f72r2,2168,otalshy,R00,S1_MULTI_TRANSCRIPTION_STRICT_CORE,S1,FORMAL_G3C_NONFRAME_SHORTFORM_HP,G3C,compact label / index / list entry,Z,,4,&L,LABEL-FIELD,LABEL-FIELD,NO_VERIFIED_EXTERNAL_TRANSLATION
"f72r2.27,&Lz",f72r2,2169,okaldy,R00,S1_MULTI_TRANSCRIPTION_STRICT_CORE,S1,FORMAL_G3C_NONFRAME_SHORTFORM_HP,G3C,compact label / index / list entry,Z,,4,&L,LABEL-FIELD,LABEL-FIELD,NO_VERIFIED_EXTERNAL_TRANSLATION
"f72r2.28,&Lz",f72r2,2170,chosar,R00,S2_STRONG_BUT_PARTIAL_TRANSCRIPTION_CORE,S2,FORMAL_G3C_NONFRAME_SHORTFORM_HP,G3C,compact label / index / list entry,Z,,4,&L,LABEL-FIELD,LABEL-FIELD,NO_VERIFIED_EXTERNAL_TRANSLATION
"f72r2.29,&Lz",f72r2,2171,otam,R06,S1_MULTI_TRANSCRIPTION_STRICT_CORE,S1,FORMAL_G3C_NONFRAME_SHORTFORM_HP,G3C,compact label / index / list entry,Z,,4,&L,LABEL-FIELD,LABEL-FIELD,NO_VERIFIED_EXTERNAL_TRANSLATION
"f72r2.30,&Lz",f72r2,2172,ainaly,R00,S1_MULTI_TRANSCRIPTION_STRICT_CORE,S1,FORMAL_G3C_NONFRAME_SHORTFORM_HP,G3C,compact label / index / list entry,Z,,4,&L,LABEL-FIELD,LABEL-FIELD,NO_VERIFIED_EXTERNAL_TRANSLATION
"f72r2.31,&Lz",f72r2,2173,okarcham,R03,S2_STRONG_BUT_PARTIAL_TRANSCRIPTION_CORE,S2,FORMAL_G3C_NONFRAME_SHORTFORM_HP,G3C,compact label / index / list entry,Z,,4,&L,ARG/FILL,ARG/FILL,NO_VERIFIED_EXTERNAL_TRANSLATION
"f72r3.2,@Lz",f72r3,2176,olkalaiin,R00,S1_MULTI_TRANSCRIPTION_STRICT_CORE,S1,FORMAL_G3C_NONFRAME_SHORTFORM_HP,G3C,compact label / index / list entry,Z,,4,label_or_marginal,LABEL-FIELD,LABEL-FIELD,NO_VERIFIED_EXTERNAL_TRANSLATION
"f72r3.3,&Lz",f72r3,2177,olalsy,R00,S1_MULTI_TRANSCRIPTION_STRICT_CORE,S1,FORMAL_G3C_NONFRAME_SHORTFORM_HP,G3C,compact label / index / list entry,Z,,4,&L,LABEL-FIELD,LABEL-FIELD,NO_VERIFIED_EXTERNAL_TRANSLATION
"f72r3.5,&Lz",f72r3,2179,osarsheeeo,R00,S2_STRONG_BUT_PARTIAL_TRANSCRIPTION_CORE,S2,FORMAL_G3C_NONFRAME_SHORTFORM_HP,G3C,compact label / index / list entry,Z,,4,&L,LABEL-FIELD,LABEL-FIELD,NO_VERIFIED_EXTERNAL_TRANSLATION
"f72r3.6,&Lz",f72r3,2180,otoaiin,R00,S1_MULTI_TRANSCRIPTION_STRICT_CORE,S1,FORMAL_G3C_NONFRAME_SHORTFORM_HP,G3C,compact label / index / list entry,Z,,4,&L,LABEL-FIELD,LABEL-FIELD,NO_VERIFIED_EXTERNAL_TRANSLATION
"f72r3.8,&Lz",f72r3,2182,ypaiin alaly,R06 R00,S1_MULTI_TRANSCRIPTION_STRICT_CORE,S1,FORMAL_G3C_NONFRAME_SHORTFORM_HP,G3C,compact label / index / list entry,Z,,4,&L,LABEL-FIELD LABEL-FIELD,LABEL-FIELD / LABEL-FIELD,NO_VERIFIED_EXTERNAL_TRANSLATION
"f72r3.10,&Lz",f72r3,2184,oeeodaiin,R10,S2_STRONG_BUT_PARTIAL_TRANSCRIPTION_CORE,S2,FORMAL_G3C_NONFRAME_SHORTFORM_HP,G3C,compact label / index / list entry,Z,,4,&L,LABEL-FIELD,LABEL-FIELD,NO_VERIFIED_EXTERNAL_TRANSLATION
"f72r3.12,&Lz",f72r3,2186,opoeey okaiin,R00 R10,S1_MULTI_TRANSCRIPTION_STRICT_CORE,S1,FORMAL_G3C_NONFRAME_SHORTFORM_HP,G3C,compact label / index / list entry,Z,,4,&L,LABEL-FIELD FUNC-PARTICLE,LABEL-FIELD / FUNC-PARTICLE,NO_VERIFIED_EXTERNAL_TRANSLATION
"f72r3.13,&Lz",f72r3,2187,ykolairol,R00,S2_STRONG_BUT_PARTIAL_TRANSCRIPTION_CORE,S2,FORMAL_G3C_NONFRAME_SHORTFORM_HP,G3C,compact label / index / list entry,Z,,4,&L,LABEL-FIELD,LABEL-FIELD,NO_VERIFIED_EXTERNAL_TRANSLATION
"f72r3.16,&Lz",f72r3,2190,ytairal,R00,S1_MULTI_TRANSCRIPTION_STRICT_CORE,S1,FORMAL_G3C_NONFRAME_SHORTFORM_HP,G3C,compact label / index / list entry,Z,,4,&L,LABEL-FIELD,LABEL-FIELD,NO_VERIFIED_EXTERNAL_TRANSLATION
"f72r3.18,&Lz",f72r3,2192,ory,R00,S1_MULTI_TRANSCRIPTION_STRICT_CORE,S1,FORMAL_G3C_NONFRAME_SHORTFORM_HP,G3C,compact label / index / list entry,Z,,4,&L,LABEL-FIELD,LABEL-FIELD,NO_VERIFIED_EXTERNAL_TRANSLATION
"f72r3.20,&Lz",f72r3,2194,of o eeesaly,R00 R00 R00,S2_STRONG_BUT_PARTIAL_TRANSCRIPTION_CORE,S2,FORMAL_G3C_NONFRAME_SHORTFORM_HP,G3C,compact label / index / list entry,Z,,4,&L,LABEL-FIELD LABEL-LEX LABEL-FIELD,LABEL-FIELD / LABEL-LEX / LABEL-FIELD,NO_VERIFIED_EXTERNAL_TRANSLATION
"f72r3.21,&Lz",f72r3,2195,ykaraiin airal,R00 R00,S2_STRONG_BUT_PARTIAL_TRANSCRIPTION_CORE,S2,FORMAL_G3C_NONFRAME_SHORTFORM_HP,G3C,compact label / index / list entry,Z,,4,&L,LABEL-FIELD LABEL-FIELD,LABEL-FIELD / LABEL-FIELD,NO_VERIFIED_EXTERNAL_TRANSLATION
"f72r3.22,&Lz",f72r3,2196,okalar,R00,S1_MULTI_TRANSCRIPTION_STRICT_CORE,S1,FORMAL_G3C_NONFRAME_SHORTFORM_HP,G3C,compact label / index / list entry,Z,,4,&L,LABEL-FIELD,LABEL-FIELD,NO_VERIFIED_EXTERNAL_TRANSLATION
"f72r3.23,&Lz",f72r3,2197,orara,R00,S1_MULTI_TRANSCRIPTION_STRICT_CORE,S1,FORMAL_G3C_NONFRAME_SHORTFORM_HP,G3C,compact label / index / list entry,Z,,4,&L,LABEL-FIELD,LABEL-FIELD,NO_VERIFIED_EXTERNAL_TRANSLATION
"f72r3.25,&Lz",f72r3,2199,olfsheoral,R00,S1_MULTI_TRANSCRIPTION_STRICT_CORE,S1,FORMAL_G3C_NONFRAME_SHORTFORM_HP,G3C,compact label / index / list entry,Z,,4,&L,LABEL-FIELD,LABEL-FIELD,NO_VERIFIED_EXTERNAL_TRANSLATION
"f72r3.27,@Lz",f72r3,2201,opalal,R00,S1_MULTI_TRANSCRIPTION_STRICT_CORE,S1,FORMAL_G3C_NONFRAME_SHORTFORM_HP,G3C,compact label / index / list entry,Z,,4,label_or_marginal,LABEL-FIELD,LABEL-FIELD,NO_VERIFIED_EXTERNAL_TRANSLATION
"f72r3.28,&Lz",f72r3,2202,yfary,R06,S1_MULTI_TRANSCRIPTION_STRICT_CORE,S1,FORMAL_G3C_NONFRAME_SHORTFORM_HP,G3C,compact label / index / list entry,Z,,4,&L,LABEL-FIELD,LABEL-FIELD,NO_VERIFIED_EXTERNAL_TRANSLATION
"f72r3.30,&Lz",f72r3,2204,ytoar shar,R06 R06,S1_MULTI_TRANSCRIPTION_STRICT_CORE,S1,FORMAL_G3C_NONFRAME_SHORTFORM_HP,G3C,compact label / index / list entry,Z,,4,&L,LABEL-FIELD LABEL-FIELD,LABEL-FIELD / LABEL-FIELD,NO_VERIFIED_EXTERNAL_TRANSLATION
"f72r3.31,&Lz",f72r3,2205,octho,R00,S1_MULTI_TRANSCRIPTION_STRICT_CORE,S1,FORMAL_G3C_NONFRAME_SHORTFORM_HP,G3C,compact label / index / list entry,Z,,4,&L,LABEL-FIELD,LABEL-FIELD,NO_VERIFIED_EXTERNAL_TRANSLATION
"f72r3.32,&Lz",f72r3,2206,aral,R00,S1_MULTI_TRANSCRIPTION_STRICT_CORE,S1,FORMAL_G3C_NONFRAME_SHORTFORM_HP,G3C,compact label / index / list entry,Z,,4,&L,LABEL-FIELD,LABEL-FIELD,NO_VERIFIED_EXTERNAL_TRANSLATION
"f72r3.33,&Lz",f72r3,2207,oletal,R00,S1_MULTI_TRANSCRIPTION_STRICT_CORE,S1,FORMAL_G3C_NONFRAME_SHORTFORM_HP,G3C,compact label / index / list entry,Z,,4,&L,LABEL-FIELD,LABEL-FIELD,NO_VERIFIED_EXTERNAL_TRANSLATION
"f72v3.3,&Lz",f72v3,2211,orchey,R00,S1_MULTI_TRANSCRIPTION_STRICT_CORE,S1,FORMAL_G3C_NONFRAME_SHORTFORM_HP,G3C,compact label / index / list entry,Z,,4,&L,LABEL-FIELD,LABEL-FIELD,NO_VERIFIED_EXTERNAL_TRANSLATION
"f72v3.4,&Lz",f72v3,2212,okam,R00,S1_MULTI_TRANSCRIPTION_STRICT_CORE,S1,FORMAL_G3C_NONFRAME_SHORTFORM_HP,G3C,compact label / index / list entry,Z,,4,&L,LABEL-FIELD,LABEL-FIELD,NO_VERIFIED_EXTERNAL_TRANSLATION
"f72v3.5,&Lz",f72v3,2213,okey,R00,S1_MULTI_TRANSCRIPTION_STRICT_CORE,S1,FORMAL_G3C_NONFRAME_SHORTFORM_HP,G3C,compact label / index / list entry,Z,,4,&L,LABEL-FIELD,LABEL-FIELD,NO_VERIFIED_EXTERNAL_TRANSLATION
"f72v3.6,&Lz",f72v3,2214,otcheody,R00,S2_STRONG_BUT_PARTIAL_TRANSCRIPTION_CORE,S2,FORMAL_G3C_NONFRAME_SHORTFORM_HP,G3C,compact label / index / list entry,Z,,4,&L,LABEL-FIELD,LABEL-FIELD,NO_VERIFIED_EXTERNAL_TRANSLATION
"f72v3.7,&Lz",f72v3,2215,okyeeshy,R00,S1_MULTI_TRANSCRIPTION_STRICT_CORE,S1,FORMAL_G3C_NONFRAME_SHORTFORM_HP,G3C,compact label / index / list entry,Z,,4,&L,LABEL-FIELD,LABEL-FIELD,NO_VERIFIED_EXTERNAL_TRANSLATION
"f72v3.8,&Lz",f72v3,2216,ofaiin,R00,S2_STRONG_BUT_PARTIAL_TRANSCRIPTION_CORE,S2,FORMAL_G3C_NONFRAME_SHORTFORM_HP,G3C,compact label / index / list entry,Z,,4,&L,LABEL-FIELD,LABEL-FIELD,NO_VERIFIED_EXTERNAL_TRANSLATION
"f72v3.9,&Lz",f72v3,2217,okaly,R00,S2_STRONG_BUT_PARTIAL_TRANSCRIPTION_CORE,S2,FORMAL_G3C_NONFRAME_SHORTFORM_HP,G3C,compact label / index / list entry,Z,,4,&L,LABEL-FIELD,LABEL-FIELD,NO_VERIFIED_EXTERNAL_TRANSLATION
"f72v3.10,&Lz",f72v3,2218,otly,R00,S1_MULTI_TRANSCRIPTION_STRICT_CORE,S1,FORMAL_G3C_NONFRAME_SHORTFORM_HP,G3C,compact label / index / list entry,Z,,4,&L,LABEL-FIELD,LABEL-FIELD,NO_VERIFIED_EXTERNAL_TRANSLATION
"f72v3.11,&Lz",f72v3,2219,ofalals,R00,S1_MULTI_TRANSCRIPTION_STRICT_CORE,S1,FORMAL_G3C_NONFRAME_SHORTFORM_HP,G3C,compact label / index / list entry,Z,,4,&L,LABEL-FIELD,LABEL-FIELD,NO_VERIFIED_EXTERNAL_TRANSLATION
"f72v3.15,&Lz",f72v3,2223,chealpy,R00,S2_STRONG_BUT_PARTIAL_TRANSCRIPTION_CORE,S2,FORMAL_G3C_NONFRAME_SHORTFORM_HP,G3C,compact label / index / list entry,Z,,4,&L,LABEL-FIELD,LABEL-FIELD,NO_VERIFIED_EXTERNAL_TRANSLATION
"f72v3.16,&Lz",f72v3,2224,okeeol,R00,S1_MULTI_TRANSCRIPTION_STRICT_CORE,S1,FORMAL_G3C_NONFRAME_SHORTFORM_HP,G3C,compact label / index / list entry,Z,,4,&L,LABEL-FIELD,LABEL-FIELD,NO_VERIFIED_EXTERNAL_TRANSLATION
"f72v3.17,&Lz",f72v3,2225,okaly,R00,S1_MULTI_TRANSCRIPTION_STRICT_CORE,S1,FORMAL_G3C_NONFRAME_SHORTFORM_HP,G3C,compact label / index / list entry,Z,,4,&L,LABEL-FIELD,LABEL-FIELD,NO_VERIFIED_EXTERNAL_TRANSLATION
"f72v3.18,&Lz",f72v3,2226,okaldy,R00,S1_MULTI_TRANSCRIPTION_STRICT_CORE,S1,FORMAL_G3C_NONFRAME_SHORTFORM_HP,G3C,compact label / index / list entry,Z,,4,&L,LABEL-FIELD,LABEL-FIELD,NO_VERIFIED_EXTERNAL_TRANSLATION
"f72v3.19,&Lz",f72v3,2227,okeolyd,R00,S2_STRONG_BUT_PARTIAL_TRANSCRIPTION_CORE,S2,FORMAL_G3C_NONFRAME_SHORTFORM_HP,G3C,compact label / index / list entry,Z,,4,&L,LABEL-FIELD,LABEL-FIELD,NO_VERIFIED_EXTERNAL_TRANSLATION
"f72v3.21,@Lz",f72v3,2229,choleey,R07,S2_STRONG_BUT_PARTIAL_TRANSCRIPTION_CORE,S2,FORMAL_G3C_NONFRAME_SHORTFORM_HP,G3C,compact label / index / list entry,Z,,4,label_or_marginal,LABEL-FIELD,LABEL-FIELD,NO_VERIFIED_EXTERNAL_TRANSLATION
"f72v3.22,&Lz",f72v3,2230,oky,R00,S1_MULTI_TRANSCRIPTION_STRICT_CORE,S1,FORMAL_G3C_NONFRAME_SHORTFORM_HP,G3C,compact label / index / list entry,Z,,4,&L,FUNC-PARTICLE,FUNC-PARTICLE,NO_VERIFIED_EXTERNAL_TRANSLATION
"f72v3.24,&Lz",f72v3,2232,laly,R00,S1_MULTI_TRANSCRIPTION_STRICT_CORE,S1,FORMAL_G3C_NONFRAME_SHORTFORM_HP,G3C,compact label / index / list entry,Z,,4,&L,LABEL-FIELD,LABEL-FIELD,NO_VERIFIED_EXTERNAL_TRANSLATION
"f72v3.25,&Lz",f72v3,2233,oeedy,R00,S2_STRONG_BUT_PARTIAL_TRANSCRIPTION_CORE,S2,FORMAL_G3C_NONFRAME_SHORTFORM_HP,G3C,compact label / index / list entry,Z,,4,&L,LABEL-FIELD,LABEL-FIELD,NO_VERIFIED_EXTERNAL_TRANSLATION
"f72v3.26,&Lz",f72v3,2234,odairan,R00,S1_MULTI_TRANSCRIPTION_STRICT_CORE,S1,FORMAL_G3C_NONFRAME_SHORTFORM_HP,G3C,compact label / index / list entry,Z,,4,&L,LABEL-FIELD,LABEL-FIELD,NO_VERIFIED_EXTERNAL_TRANSLATION
"f72v3.27,&Lz",f72v3,2235,okary,R00,S1_MULTI_TRANSCRIPTION_STRICT_CORE,S1,FORMAL_G3C_NONFRAME_SHORTFORM_HP,G3C,compact label / index / list entry,Z,,4,&L,LABEL-LEX,LABEL-LEX,NO_VERIFIED_EXTERNAL_TRANSLATION
"f72v3.28,&Lz",f72v3,2236,oeesaiin,R00,S2_STRONG_BUT_PARTIAL_TRANSCRIPTION_CORE,S2,FORMAL_G3C_NONFRAME_SHORTFORM_HP,G3C,compact label / index / list entry,Z,,4,&L,LABEL-FIELD,LABEL-FIELD,NO_VERIFIED_EXTERNAL_TRANSLATION
"f72v3.30,&Lz",f72v3,2238,opal,R00,S2_STRONG_BUT_PARTIAL_TRANSCRIPTION_CORE,S2,FORMAL_G3C_NONFRAME_SHORTFORM_HP,G3C,compact label / index / list entry,Z,,4,&L,LABEL-FIELD,LABEL-FIELD,NO_VERIFIED_EXTERNAL_TRANSLATION
"f72v3.31,&Lz",f72v3,2239,otaly,R00,S1_MULTI_TRANSCRIPTION_STRICT_CORE,S1,FORMAL_G3C_NONFRAME_SHORTFORM_HP,G3C,compact label / index / list entry,Z,,4,&L,LABEL-LEX,LABEL-LEX,NO_VERIFIED_EXTERNAL_TRANSLATION
"f72v2.2,@Lz",f72v2,2243,oeedey,R00,S1_MULTI_TRANSCRIPTION_STRICT_CORE,S1,FORMAL_G3C_NONFRAME_SHORTFORM_HP,G3C,compact label / index / list entry,Z,,4,label_or_marginal,LABEL-FIELD,LABEL-FIELD,NO_VERIFIED_EXTERNAL_TRANSLATION
"f72v2.4,&Lz",f72v2,2245,okeoram,R00,S1_MULTI_TRANSCRIPTION_STRICT_CORE,S1,FORMAL_G3C_NONFRAME_SHORTFORM_HP,G3C,compact label / index / list entry,Z,,4,&L,LABEL-FIELD,LABEL-FIELD,NO_VERIFIED_EXTERNAL_TRANSLATION
"f72v2.6,&Lz",f72v2,2247,oshesy,R00,S1_MULTI_TRANSCRIPTION_STRICT_CORE,S1,FORMAL_G3C_NONFRAME_SHORTFORM_HP,G3C,compact label / index / list entry,Z,,4,&L,LABEL-FIELD,LABEL-FIELD,NO_VERIFIED_EXTERNAL_TRANSLATION
"f72v2.9,&Lz",f72v2,2250,cheoly,R00,S2_STRONG_BUT_PARTIAL_TRANSCRIPTION_CORE,S2,FORMAL_G3C_NONFRAME_SHORTFORM_HP,G3C,compact label / index / list entry,Z,,4,&L,LABEL-FIELD,LABEL-FIELD,NO_VERIFIED_EXTERNAL_TRANSLATION
"f72v2.10,&Lz",f72v2,2251,sheoeky,R00,S1_MULTI_TRANSCRIPTION_STRICT_CORE,S1,FORMAL_G3C_NONFRAME_SHORTFORM_HP,G3C,compact label / index / list entry,Z,,4,&L,LABEL-FIELD,LABEL-FIELD,NO_VERIFIED_EXTERNAL_TRANSLATION
"f72v2.12,&Lz",f72v2,2253,ofchdysd,R00,S2_STRONG_BUT_PARTIAL_TRANSCRIPTION_CORE,S2,FORMAL_G3C_NONFRAME_SHORTFORM_HP,G3C,compact label / index / list entry,Z,,4,&L,LABEL-FIELD,LABEL-FIELD,NO_VERIFIED_EXTERNAL_TRANSLATION
"f72v2.14,&Lz",f72v2,2255,yteody,R00,S1_MULTI_TRANSCRIPTION_STRICT_CORE,S1,FORMAL_G3C_NONFRAME_SHORTFORM_HP,G3C,compact label / index / list entry,Z,,4,&L,LABEL-FIELD,LABEL-FIELD,NO_VERIFIED_EXTERNAL_TRANSLATION
"f72v2.15,&Lz",f72v2,2256,okeody,R00,S1_MULTI_TRANSCRIPTION_STRICT_CORE,S1,FORMAL_G3C_NONFRAME_SHORTFORM_HP,G3C,compact label / index / list entry,Z,,4,&L,LABEL-FIELD,LABEL-FIELD,NO_VERIFIED_EXTERNAL_TRANSLATION
"f72v2.16,&Lz",f72v2,2257,okeoldy,R00,S1_MULTI_TRANSCRIPTION_STRICT_CORE,S1,FORMAL_G3C_NONFRAME_SHORTFORM_HP,G3C,compact label / index / list entry,Z,,4,&L,LABEL-FIELD,LABEL-FIELD,NO_VERIFIED_EXTERNAL_TRANSLATION
"f72v2.17,&Lz",f72v2,2258,ykeeor,R06,S1_MULTI_TRANSCRIPTION_STRICT_CORE,S1,FORMAL_G3C_NONFRAME_SHORTFORM_HP,G3C,compact label / index / list entry,Z,,4,&L,LABEL-FIELD,LABEL-FIELD,NO_VERIFIED_EXTERNAL_TRANSLATION
"f72v2.19,&Lz",f72v2,2260,cheoldy,R00,S2_STRONG_BUT_PARTIAL_TRANSCRIPTION_CORE,S2,FORMAL_G3C_NONFRAME_SHORTFORM_HP,G3C,compact label / index / list entry,Z,,4,&L,LABEL-FIELD,LABEL-FIELD,NO_VERIFIED_EXTERNAL_TRANSLATION
"f72v2.21,@Lz",f72v2,2262,okaiin,R10,S1_MULTI_TRANSCRIPTION_STRICT_CORE,S1,FORMAL_G3C_NONFRAME_SHORTFORM_HP,G3C,compact label / index / list entry,Z,,4,label_or_marginal,FUNC-PARTICLE,FUNC-PARTICLE,NO_VERIFIED_EXTERNAL_TRANSLATION
"f72v2.22,&Lz",f72v2,2263,ockhol,R00,S2_STRONG_BUT_PARTIAL_TRANSCRIPTION_CORE,S2,FORMAL_G3C_NONFRAME_SHORTFORM_HP,G3C,compact label / index / list entry,Z,,4,&L,LABEL-FIELD,LABEL-FIELD,NO_VERIFIED_EXTERNAL_TRANSLATION
"f72v2.23,&Lz",f72v2,2264,oeedy,R00,S1_MULTI_TRANSCRIPTION_STRICT_CORE,S1,FORMAL_G3C_NONFRAME_SHORTFORM_HP,G3C,compact label / index / list entry,Z,,4,&L,LABEL-FIELD,LABEL-FIELD,NO_VERIFIED_EXTERNAL_TRANSLATION
"f72v2.24,&Lz",f72v2,2265,opalg,R00,S1_MULTI_TRANSCRIPTION_STRICT_CORE,S1,FORMAL_G3C_NONFRAME_SHORTFORM_HP,G3C,compact label / index / list entry,Z,,4,&L,LABEL-FIELD,LABEL-FIELD,NO_VERIFIED_EXTERNAL_TRANSLATION
"f72v2.25,&Lz",f72v2,2266,okeeom,R00,S1_MULTI_TRANSCRIPTION_STRICT_CORE,S1,FORMAL_G3C_NONFRAME_SHORTFORM_HP,G3C,compact label / index / list entry,Z,,4,&L,LABEL-FIELD,LABEL-FIELD,NO_VERIFIED_EXTERNAL_TRANSLATION
"f72v2.26,&Lz",f72v2,2267,olkar,R00,S1_MULTI_TRANSCRIPTION_STRICT_CORE,S1,FORMAL_G3C_NONFRAME_SHORTFORM_HP,G3C,compact label / index / list entry,Z,,4,&L,LABEL-FIELD,LABEL-FIELD,NO_VERIFIED_EXTERNAL_TRANSLATION
"f72v2.27,&Lz",f72v2,2268,oeedaly,R00,S1_MULTI_TRANSCRIPTION_STRICT_CORE,S1,FORMAL_G3C_NONFRAME_SHORTFORM_HP,G3C,compact label / index / list entry,Z,,4,&L,LABEL-FIELD,LABEL-FIELD,NO_VERIFIED_EXTERNAL_TRANSLATION
"f72v2.28,&Lz",f72v2,2269,cheosy,R00,S2_STRONG_BUT_PARTIAL_TRANSCRIPTION_CORE,S2,FORMAL_G3C_NONFRAME_SHORTFORM_HP,G3C,compact label / index / list entry,Z,,4,&L,LABEL-FIELD,LABEL-FIELD,NO_VERIFIED_EXTERNAL_TRANSLATION
"f72v2.29,&Lz",f72v2,2270,ofcheay,R00,S2_STRONG_BUT_PARTIAL_TRANSCRIPTION_CORE,S2,FORMAL_G3C_NONFRAME_SHORTFORM_HP,G3C,compact label / index / list entry,Z,,4,&L,LABEL-FIELD,LABEL-FIELD,NO_VERIFIED_EXTERNAL_TRANSLATION
"f72v2.30,&Lz",f72v2,2271,yteedy,R00,S1_MULTI_TRANSCRIPTION_STRICT_CORE,S1,FORMAL_G3C_NONFRAME_SHORTFORM_HP,G3C,compact label / index / list entry,Z,,4,&L,LABEL-FIELD,LABEL-FIELD,NO_VERIFIED_EXTERNAL_TRANSLATION
"f72v2.31,&Lz",f72v2,2272,oaiin,R00,S2_STRONG_BUT_PARTIAL_TRANSCRIPTION_CORE,S2,FORMAL_G3C_NONFRAME_SHORTFORM_HP,G3C,compact label / index / list entry,Z,,4,&L,LABEL-FIELD,LABEL-FIELD,NO_VERIFIED_EXTERNAL_TRANSLATION
"f72v2.32,&Lz",f72v2,2273,okeorar,R00,S1_MULTI_TRANSCRIPTION_STRICT_CORE,S1,FORMAL_G3C_NONFRAME_SHORTFORM_HP,G3C,compact label / index / list entry,Z,,4,&L,LABEL-FIELD,LABEL-FIELD,NO_VERIFIED_EXTERNAL_TRANSLATION
"f72v1.2,@Lz",f72v1,2276,oeeoty,R00,S1_MULTI_TRANSCRIPTION_STRICT_CORE,S1,FORMAL_G3C_NONFRAME_SHORTFORM_HP,G3C,compact label / index / list entry,Z,,4,label_or_marginal,LABEL-FIELD,LABEL-FIELD,NO_VERIFIED_EXTERNAL_TRANSLATION
"f72v1.3,&Lz",f72v1,2277,octhy,R00,S1_MULTI_TRANSCRIPTION_STRICT_CORE,S1,FORMAL_G3C_NONFRAME_SHORTFORM_HP,G3C,compact label / index / list entry,Z,,4,&L,LABEL-FIELD,LABEL-FIELD,NO_VERIFIED_EXTERNAL_TRANSLATION
"f72v1.5,&Lz",f72v1,2279,okeoly,R00,S1_MULTI_TRANSCRIPTION_STRICT_CORE,S1,FORMAL_G3C_NONFRAME_SHORTFORM_HP,G3C,compact label / index / list entry,Z,,4,&L,LABEL-FIELD,LABEL-FIELD,NO_VERIFIED_EXTERNAL_TRANSLATION
"f72v1.6,&Lz",f72v1,2280,oeees,R00,S1_MULTI_TRANSCRIPTION_STRICT_CORE,S1,FORMAL_G3C_NONFRAME_SHORTFORM_HP,G3C,compact label / index / list entry,Z,,4,&L,LABEL-FIELD,LABEL-FIELD,NO_VERIFIED_EXTERNAL_TRANSLATION
"f72v1.8,&Lz",f72v1,2282,oees,R00,S1_MULTI_TRANSCRIPTION_STRICT_CORE,S1,FORMAL_G3C_NONFRAME_SHORTFORM_HP,G3C,compact label / index / list entry,Z,,4,&L,LABEL-FIELD,LABEL-FIELD,NO_VERIFIED_EXTERNAL_TRANSLATION
"f72v1.9,&Lz",f72v1,2283,okeeoly,R00,S1_MULTI_TRANSCRIPTION_STRICT_CORE,S1,FORMAL_G3C_NONFRAME_SHORTFORM_HP,G3C,compact label / index / list entry,Z,,4,&L,LABEL-FIELD,LABEL-FIELD,NO_VERIFIED_EXTERNAL_TRANSLATION
"f72v1.10,&Lz",f72v1,2284,odal,R00,S1_MULTI_TRANSCRIPTION_STRICT_CORE,S1,FORMAL_G3C_NONFRAME_SHORTFORM_HP,G3C,compact label / index / list entry,Z,,4,&L,LABEL-FIELD,LABEL-FIELD,NO_VERIFIED_EXTERNAL_TRANSLATION
"f72v1.11,&Lz",f72v1,2285,aiinod,R00,S1_MULTI_TRANSCRIPTION_STRICT_CORE,S1,FORMAL_G3C_NONFRAME_SHORTFORM_HP,G3C,compact label / index / list entry,Z,,4,&L,LABEL-FIELD,LABEL-FIELD,NO_VERIFIED_EXTERNAL_TRANSLATION
"f72v1.14,&Lz",f72v1,2288,yteod,R06,S1_MULTI_TRANSCRIPTION_STRICT_CORE,S1,FORMAL_G3C_NONFRAME_SHORTFORM_HP,G3C,compact label / index / list entry,Z,,4,&L,LABEL-FIELD,LABEL-FIELD,NO_VERIFIED_EXTERNAL_TRANSLATION
"f72v1.15,&Lz",f72v1,2289,okody,R00,S1_MULTI_TRANSCRIPTION_STRICT_CORE,S1,FORMAL_G3C_NONFRAME_SHORTFORM_HP,G3C,compact label / index / list entry,Z,,4,&L,LABEL-LEX,LABEL-LEX,NO_VERIFIED_EXTERNAL_TRANSLATION
"f72v1.17,&Lz",f72v1,2291,ytaly,R06,S1_MULTI_TRANSCRIPTION_STRICT_CORE,S1,FORMAL_G3C_NONFRAME_SHORTFORM_HP,G3C,compact label / index / list entry,Z,,4,&L,LABEL-FIELD,LABEL-FIELD,NO_VERIFIED_EXTERNAL_TRANSLATION
"f72v1.18,&Lz",f72v1,2292,oeeeos,R00,S1_MULTI_TRANSCRIPTION_STRICT_CORE,S1,FORMAL_G3C_NONFRAME_SHORTFORM_HP,G3C,compact label / index / list entry,Z,,4,&L,LABEL-FIELD,LABEL-FIELD,NO_VERIFIED_EXTERNAL_TRANSLATION
"f72v1.20,&Lz",f72v1,2294,cheoepy,R00,S1_MULTI_TRANSCRIPTION_STRICT_CORE,S1,FORMAL_G3C_NONFRAME_SHORTFORM_HP,G3C,compact label / index / list entry,Z,,4,&L,LABEL-FIELD,LABEL-FIELD,NO_VERIFIED_EXTERNAL_TRANSLATION
"f72v1.21,&Lz",f72v1,2295,ykeedy,R00,S1_MULTI_TRANSCRIPTION_STRICT_CORE,S1,FORMAL_G3C_NONFRAME_SHORTFORM_HP,G3C,compact label / index / list entry,Z,,4,&L,LABEL-FIELD,LABEL-FIELD,NO_VERIFIED_EXTERNAL_TRANSLATION
"f72v1.23,@Lz",f72v1,2297,oeeoly,R00,S1_MULTI_TRANSCRIPTION_STRICT_CORE,S1,FORMAL_G3C_NONFRAME_SHORTFORM_HP,G3C,compact label / index / list entry,Z,,4,label_or_marginal,LABEL-FIELD,LABEL-FIELD,NO_VERIFIED_EXTERNAL_TRANSLATION
"f72v1.24,&Lz",f72v1,2298,okydy,R00,S1_MULTI_TRANSCRIPTION_STRICT_CORE,S1,FORMAL_G3C_NONFRAME_SHORTFORM_HP,G3C,compact label / index / list entry,Z,,4,&L,LABEL-FIELD,LABEL-FIELD,NO_VERIFIED_EXTERNAL_TRANSLATION
"f72v1.25,&Lz",f72v1,2299,okeey,R06,S1_MULTI_TRANSCRIPTION_STRICT_CORE,S1,FORMAL_G3C_NONFRAME_SHORTFORM_HP,G3C,compact label / index / list entry,Z,,4,&L,FUNC-PARTICLE,FUNC-PARTICLE,NO_VERIFIED_EXTERNAL_TRANSLATION
"f72v1.26,&Lz",f72v1,2300,oiiny,R00,S1_MULTI_TRANSCRIPTION_STRICT_CORE,S1,FORMAL_G3C_NONFRAME_SHORTFORM_HP,G3C,compact label / index / list entry,Z,,4,&L,LABEL-FIELD,LABEL-FIELD,NO_VERIFIED_EXTERNAL_TRANSLATION
"f72v1.27,&Lz",f72v1,2301,oeey,R00,S1_MULTI_TRANSCRIPTION_STRICT_CORE,S1,FORMAL_G3C_NONFRAME_SHORTFORM_HP,G3C,compact label / index / list entry,Z,,4,&L,LABEL-FIELD,LABEL-FIELD,NO_VERIFIED_EXTERNAL_TRANSLATION
"f72v1.28,&Lz",f72v1,2302,okedy,R00,S1_MULTI_TRANSCRIPTION_STRICT_CORE,S1,FORMAL_G3C_NONFRAME_SHORTFORM_HP,G3C,compact label / index / list entry,Z,,4,&L,FUNC-PARTICLE,FUNC-PARTICLE,NO_VERIFIED_EXTERNAL_TRANSLATION
"f72v1.29,&Lz",f72v1,2303,ypaim,R06,S2_STRONG_BUT_PARTIAL_TRANSCRIPTION_CORE,S2,FORMAL_G3C_NONFRAME_SHORTFORM_HP,G3C,compact label / index / list entry,Z,,4,&L,LABEL-FIELD,LABEL-FIELD,NO_VERIFIED_EXTERNAL_TRANSLATION
"f72v1.30,&Lz",f72v1,2304,okalair,R00,S1_MULTI_TRANSCRIPTION_STRICT_CORE,S1,FORMAL_G3C_NONFRAME_SHORTFORM_HP,G3C,compact label / index / list entry,Z,,4,&L,LABEL-FIELD,LABEL-FIELD,NO_VERIFIED_EXTERNAL_TRANSLATION
"f72v1.31,&Lz",f72v1,2305,oeeody,R00,S1_MULTI_TRANSCRIPTION_STRICT_CORE,S1,FORMAL_G3C_NONFRAME_SHORTFORM_HP,G3C,compact label / index / list entry,Z,,4,&L,LABEL-FIELD,LABEL-FIELD,NO_VERIFIED_EXTERNAL_TRANSLATION
"f72v1.32,&Lz",f72v1,2306,okeol,R06,S1_MULTI_TRANSCRIPTION_STRICT_CORE,S1,FORMAL_G3C_NONFRAME_SHORTFORM_HP,G3C,compact label / index / list entry,Z,,4,&L,LABEL-FIELD,LABEL-FIELD,NO_VERIFIED_EXTERNAL_TRANSLATION
"f73r.1,@Lz",f73r,2308,otaly,R00,S1_MULTI_TRANSCRIPTION_STRICT_CORE,S1,FORMAL_G3C_NONFRAME_SHORTFORM_HP,G3C,compact label / index / list entry,Z,,4,label_or_marginal,LABEL-LEX,LABEL-LEX,NO_VERIFIED_EXTERNAL_TRANSLATION
"f73r.2,&Lz",f73r,2309,chockhy,R00,S1_MULTI_TRANSCRIPTION_STRICT_CORE,S1,FORMAL_G3C_NONFRAME_SHORTFORM_HP,G3C,compact label / index / list entry,Z,,4,&L,LABEL-FIELD,LABEL-FIELD,NO_VERIFIED_EXTERNAL_TRANSLATION
"f73r.4,&Lz",f73r,2311,yteeody,R00,S1_MULTI_TRANSCRIPTION_STRICT_CORE,S1,FORMAL_G3C_NONFRAME_SHORTFORM_HP,G3C,compact label / index / list entry,Z,,4,&L,LABEL-FIELD,LABEL-FIELD,NO_VERIFIED_EXTERNAL_TRANSLATION
"f73r.6,@Lz",f73r,2313,otaly,R00,S1_MULTI_TRANSCRIPTION_STRICT_CORE,S1,FORMAL_G3C_NONFRAME_SHORTFORM_HP,G3C,compact label / index / list entry,Z,,4,label_or_marginal,LABEL-LEX,LABEL-LEX,NO_VERIFIED_EXTERNAL_TRANSLATION
"f73r.7,&Lz",f73r,2314,okeody,R00,S1_MULTI_TRANSCRIPTION_STRICT_CORE,S1,FORMAL_G3C_NONFRAME_SHORTFORM_HP,G3C,compact label / index / list entry,Z,,4,&L,LABEL-FIELD,LABEL-FIELD,NO_VERIFIED_EXTERNAL_TRANSLATION
"f73r.9,&Lz",f73r,2316,keedy,R06,S2_STRONG_BUT_PARTIAL_TRANSCRIPTION_CORE,S2,FORMAL_G3C_NONFRAME_SHORTFORM_HP,G3C,compact label / index / list entry,Z,,4,&L,LABEL-FIELD,LABEL-FIELD,NO_VERIFIED_EXTERNAL_TRANSLATION
"f73r.10,&Lz",f73r,2317,okeey,R06,S1_MULTI_TRANSCRIPTION_STRICT_CORE,S1,FORMAL_G3C_NONFRAME_SHORTFORM_HP,G3C,compact label / index / list entry,Z,,4,&L,FUNC-PARTICLE,FUNC-PARTICLE,NO_VERIFIED_EXTERNAL_TRANSLATION
"f73r.11,&Lz",f73r,2318,okeedy,R00,S2_STRONG_BUT_PARTIAL_TRANSCRIPTION_CORE,S2,FORMAL_G3C_NONFRAME_SHORTFORM_HP,G3C,compact label / index / list entry,Z,,4,&L,FUNC-PARTICLE,FUNC-PARTICLE,NO_VERIFIED_EXTERNAL_TRANSLATION
"f73r.12,&Lz",f73r,2319,ykeeory,R00,S1_MULTI_TRANSCRIPTION_STRICT_CORE,S1,FORMAL_G3C_NONFRAME_SHORTFORM_HP,G3C,compact label / index / list entry,Z,,4,&L,LABEL-FIELD,LABEL-FIELD,NO_VERIFIED_EXTERNAL_TRANSLATION
"f73r.14,&Lz",f73r,2321,shekal,R06,S1_MULTI_TRANSCRIPTION_STRICT_CORE,S1,FORMAL_G3C_NONFRAME_SHORTFORM_HP,G3C,compact label / index / list entry,Z,,4,&L,LABEL-FIELD,LABEL-FIELD,NO_VERIFIED_EXTERNAL_TRANSLATION
"f73r.16,&Lz",f73r,2323,okedl,R00,S1_MULTI_TRANSCRIPTION_STRICT_CORE,S1,FORMAL_G3C_NONFRAME_SHORTFORM_HP,G3C,compact label / index / list entry,Z,,4,&L,LABEL-FIELD,LABEL-FIELD,NO_VERIFIED_EXTERNAL_TRANSLATION
"f73r.17,&Lz",f73r,2324,chdy,R02,S1_MULTI_TRANSCRIPTION_STRICT_CORE,S1,FORMAL_G3C_NONFRAME_SHORTFORM_HP,G3C,compact label / index / list entry,Z,,4,&L,FUNC-PARTICLE,FUNC-PARTICLE,NO_VERIFIED_EXTERNAL_TRANSLATION
"f73r.18,&Lz",f73r,2325,dalshey,R09,S1_MULTI_TRANSCRIPTION_STRICT_CORE,S1,FORMAL_G3C_NONFRAME_SHORTFORM_HP,G3C,compact label / index / list entry,Z,,4,&L,QUAL/TAIL,QUAL/TAIL,NO_VERIFIED_EXTERNAL_TRANSLATION
"f73r.19,&Lz",f73r,2326,opaiin,R00,S1_MULTI_TRANSCRIPTION_STRICT_CORE,S1,FORMAL_G3C_NONFRAME_SHORTFORM_HP,G3C,compact label / index / list entry,Z,,4,&L,LABEL-FIELD,LABEL-FIELD,NO_VERIFIED_EXTERNAL_TRANSLATION
"f73r.20,&Lz",f73r,2327,okeos,R00,S1_MULTI_TRANSCRIPTION_STRICT_CORE,S1,FORMAL_G3C_NONFRAME_SHORTFORM_HP,G3C,compact label / index / list entry,Z,,4,&L,LABEL-FIELD,LABEL-FIELD,NO_VERIFIED_EXTERNAL_TRANSLATION
"f73r.23,@Lz",f73r,2330,okary,R00,S1_MULTI_TRANSCRIPTION_STRICT_CORE,S1,FORMAL_G3C_NONFRAME_SHORTFORM_HP,G3C,compact label / index / list entry,Z,,4,label_or_marginal,LABEL-LEX,LABEL-LEX,NO_VERIFIED_EXTERNAL_TRANSLATION
"f73r.24,&Lz",f73r,2331,okeeody,R00,S2_STRONG_BUT_PARTIAL_TRANSCRIPTION_CORE,S2,FORMAL_G3C_NONFRAME_SHORTFORM_HP,G3C,compact label / index / list entry,Z,,4,&L,LABEL-FIELD,LABEL-FIELD,NO_VERIFIED_EXTERNAL_TRANSLATION
"f73r.25,&Lz",f73r,2332,oyteedy,R00,S2_STRONG_BUT_PARTIAL_TRANSCRIPTION_CORE,S2,FORMAL_G3C_NONFRAME_SHORTFORM_HP,G3C,compact label / index / list entry,Z,,4,&L,LABEL-FIELD,LABEL-FIELD,NO_VERIFIED_EXTERNAL_TRANSLATION
"f73r.26,&Lz",f73r,2333,oky,R00,S1_MULTI_TRANSCRIPTION_STRICT_CORE,S1,FORMAL_G3C_NONFRAME_SHORTFORM_HP,G3C,compact label / index / list entry,Z,,4,&L,FUNC-PARTICLE,FUNC-PARTICLE,NO_VERIFIED_EXTERNAL_TRANSLATION
"f73r.27,&Lz",f73r,2334,chefy,R00,S1_MULTI_TRANSCRIPTION_STRICT_CORE,S1,FORMAL_G3C_NONFRAME_SHORTFORM_HP,G3C,compact label / index / list entry,Z,,4,&L,LABEL-FIELD,LABEL-FIELD,NO_VERIFIED_EXTERNAL_TRANSLATION
"f73r.29,&Lz",f73r,2336,chek,R00,S1_MULTI_TRANSCRIPTION_STRICT_CORE,S1,FORMAL_G3C_NONFRAME_SHORTFORM_HP,G3C,compact label / index / list entry,Z,,4,&L,LABEL-FIELD,LABEL-FIELD,NO_VERIFIED_EXTERNAL_TRANSLATION
"f73r.30,&Lz",f73r,2337,ar,R06,S1_MULTI_TRANSCRIPTION_STRICT_CORE,S1,FORMAL_G3C_NONFRAME_SHORTFORM_HP,G3C,compact label / index / list entry,Z,,4,&L,FUNC-PARTICLE,FUNC-PARTICLE,NO_VERIFIED_EXTERNAL_TRANSLATION
"f73r.31,&Lz",f73r,2338,kar,R06,S1_MULTI_TRANSCRIPTION_STRICT_CORE,S1,FORMAL_G3C_NONFRAME_SHORTFORM_HP,G3C,compact label / index / list entry,Z,,4,&L,LABEL-FIELD,LABEL-FIELD,NO_VERIFIED_EXTERNAL_TRANSLATION
"f73r.32,&Lz",f73r,2339,okeeos,R00,S1_MULTI_TRANSCRIPTION_STRICT_CORE,S1,FORMAL_G3C_NONFRAME_SHORTFORM_HP,G3C,compact label / index / list entry,Z,,4,&L,LABEL-FIELD,LABEL-FIELD,NO_VERIFIED_EXTERNAL_TRANSLATION
"f73v.1,@Lz",f73v,2341,okol,R07,S1_MULTI_TRANSCRIPTION_STRICT_CORE,S1,FORMAL_G3C_NONFRAME_SHORTFORM_HP,G3C,compact label / index / list entry,Z,,4,label_or_marginal,FUNC-PARTICLE,FUNC-PARTICLE,NO_VERIFIED_EXTERNAL_TRANSLATION
"f73v.4,&Lz",f73v,2344,eeeody,R00,S1_MULTI_TRANSCRIPTION_STRICT_CORE,S1,FORMAL_G3C_NONFRAME_SHORTFORM_HP,G3C,compact label / index / list entry,Z,,4,&L,LABEL-FIELD,LABEL-FIELD,NO_VERIFIED_EXTERNAL_TRANSLATION
"f73v.6,@Lz",f73v,2346,okeody,R00,S1_MULTI_TRANSCRIPTION_STRICT_CORE,S1,FORMAL_G3C_NONFRAME_SHORTFORM_HP,G3C,compact label / index / list entry,Z,,4,label_or_marginal,LABEL-FIELD,LABEL-FIELD,NO_VERIFIED_EXTERNAL_TRANSLATION
"f73v.7,&Lz",f73v,2347,sheol,R06,S1_MULTI_TRANSCRIPTION_STRICT_CORE,S1,FORMAL_G3C_NONFRAME_SHORTFORM_HP,G3C,compact label / index / list entry,Z,,4,&L,FUNC-PARTICLE,FUNC-PARTICLE,NO_VERIFIED_EXTERNAL_TRANSLATION
"f73v.8,&Lz",f73v,2348,odees,R00,S1_MULTI_TRANSCRIPTION_STRICT_CORE,S1,FORMAL_G3C_NONFRAME_SHORTFORM_HP,G3C,compact label / index / list entry,Z,,4,&L,LABEL-FIELD,LABEL-FIELD,NO_VERIFIED_EXTERNAL_TRANSLATION
"f73v.10,&Lz",f73v,2350,okeor,R00,S1_MULTI_TRANSCRIPTION_STRICT_CORE,S1,FORMAL_G3C_NONFRAME_SHORTFORM_HP,G3C,compact label / index / list entry,Z,,4,&L,LABEL-FIELD,LABEL-FIELD,NO_VERIFIED_EXTERNAL_TRANSLATION
"f73v.11,&Lz",f73v,2351,ofals,R00,S2_STRONG_BUT_PARTIAL_TRANSCRIPTION_CORE,S2,FORMAL_G3C_NONFRAME_SHORTFORM_HP,G3C,compact label / index / list entry,Z,,4,&L,LABEL-FIELD,LABEL-FIELD,NO_VERIFIED_EXTERNAL_TRANSLATION
"f73v.12,&Lz",f73v,2352,ykeody,R00,S1_MULTI_TRANSCRIPTION_STRICT_CORE,S1,FORMAL_G3C_NONFRAME_SHORTFORM_HP,G3C,compact label / index / list entry,Z,,4,&L,LABEL-LEX,LABEL-LEX,NO_VERIFIED_EXTERNAL_TRANSLATION
"f73v.14,&Lz",f73v,2354,ypaiin,R06,S2_STRONG_BUT_PARTIAL_TRANSCRIPTION_CORE,S2,FORMAL_G3C_NONFRAME_SHORTFORM_HP,G3C,compact label / index / list entry,Z,,4,&L,LABEL-FIELD,LABEL-FIELD,NO_VERIFIED_EXTERNAL_TRANSLATION
"f73v.15,&Lz",f73v,2355,yfaiiny,R00,S2_STRONG_BUT_PARTIAL_TRANSCRIPTION_CORE,S2,FORMAL_G3C_NONFRAME_SHORTFORM_HP,G3C,compact label / index / list entry,Z,,4,&L,LABEL-FIELD,LABEL-FIELD,NO_VERIFIED_EXTERNAL_TRANSLATION
"f73v.16,&Lz",f73v,2356,ofcheesy,R00,S1_MULTI_TRANSCRIPTION_STRICT_CORE,S1,FORMAL_G3C_NONFRAME_SHORTFORM_HP,G3C,compact label / index / list entry,Z,,4,&L,LABEL-FIELD,LABEL-FIELD,NO_VERIFIED_EXTERNAL_TRANSLATION
"f73v.17,&Lz",f73v,2357,oraiiny,R00,S1_MULTI_TRANSCRIPTION_STRICT_CORE,S1,FORMAL_G3C_NONFRAME_SHORTFORM_HP,G3C,compact label / index / list entry,Z,,4,&L,LABEL-FIELD,LABEL-FIELD,NO_VERIFIED_EXTERNAL_TRANSLATION
"f73v.18,&Lz",f73v,2358,ykeeody,R00,S1_MULTI_TRANSCRIPTION_STRICT_CORE,S1,FORMAL_G3C_NONFRAME_SHORTFORM_HP,G3C,compact label / index / list entry,Z,,4,&L,LABEL-FIELD,LABEL-FIELD,NO_VERIFIED_EXTERNAL_TRANSLATION
"f73v.19,&Lz",f73v,2359,okeos,R00,S1_MULTI_TRANSCRIPTION_STRICT_CORE,S1,FORMAL_G3C_NONFRAME_SHORTFORM_HP,G3C,compact label / index / list entry,Z,,4,&L,LABEL-FIELD,LABEL-FIELD,NO_VERIFIED_EXTERNAL_TRANSLATION
"f73v.20,&Lz",f73v,2360,ykeear,R06,S1_MULTI_TRANSCRIPTION_STRICT_CORE,S1,FORMAL_G3C_NONFRAME_SHORTFORM_HP,G3C,compact label / index / list entry,Z,,4,&L,LABEL-FIELD,LABEL-FIELD,NO_VERIFIED_EXTERNAL_TRANSLATION
"f73v.24,&Lz",f73v,2364,eeed,R00,S1_MULTI_TRANSCRIPTION_STRICT_CORE,S1,FORMAL_G3C_NONFRAME_SHORTFORM_HP,G3C,compact label / index / list entry,Z,,4,&L,LABEL-FIELD,LABEL-FIELD,NO_VERIFIED_EXTERNAL_TRANSLATION
"f73v.25,&Lz",f73v,2365,oky,R00,S1_MULTI_TRANSCRIPTION_STRICT_CORE,S1,FORMAL_G3C_NONFRAME_SHORTFORM_HP,G3C,compact label / index / list entry,Z,,4,&L,FUNC-PARTICLE,FUNC-PARTICLE,NO_VERIFIED_EXTERNAL_TRANSLATION
"f73v.27,&Lz",f73v,2367,okal,R07,S1_MULTI_TRANSCRIPTION_STRICT_CORE,S1,FORMAL_G3C_NONFRAME_SHORTFORM_HP,G3C,compact label / index / list entry,Z,,4,&L,FUNC-PARTICLE,FUNC-PARTICLE,NO_VERIFIED_EXTERNAL_TRANSLATION
"f73v.28,&Lz",f73v,2368,ykey,R06,S1_MULTI_TRANSCRIPTION_STRICT_CORE,S1,FORMAL_G3C_NONFRAME_SHORTFORM_HP,G3C,compact label / index / list entry,Z,,4,&L,LABEL-FIELD,LABEL-FIELD,NO_VERIFIED_EXTERNAL_TRANSLATION
"f73v.29,&Lz",f73v,2369,ykeee,R06,S1_MULTI_TRANSCRIPTION_STRICT_CORE,S1,FORMAL_G3C_NONFRAME_SHORTFORM_HP,G3C,compact label / index / list entry,Z,,4,&L,LABEL-FIELD,LABEL-FIELD,NO_VERIFIED_EXTERNAL_TRANSLATION
"f73v.30,&Lz",f73v,2370,okeod,R00,S1_MULTI_TRANSCRIPTION_STRICT_CORE,S1,FORMAL_G3C_NONFRAME_SHORTFORM_HP,G3C,compact label / index / list entry,Z,,4,&L,LABEL-FIELD,LABEL-FIELD,NO_VERIFIED_EXTERNAL_TRANSLATION
"f73v.31,&Lz",f73v,2371,ykey,R06,S1_MULTI_TRANSCRIPTION_STRICT_CORE,S1,FORMAL_G3C_NONFRAME_SHORTFORM_HP,G3C,compact label / index / list entry,Z,,4,&L,LABEL-FIELD,LABEL-FIELD,NO_VERIFIED_EXTERNAL_TRANSLATION
"f73v.32,&Lz",f73v,2372,ypal,R06,S2_STRONG_BUT_PARTIAL_TRANSCRIPTION_CORE,S2,FORMAL_G3C_NONFRAME_SHORTFORM_HP,G3C,compact label / index / list entry,Z,,4,&L,LABEL-FIELD,LABEL-FIELD,NO_VERIFIED_EXTERNAL_TRANSLATION
"f75r.2,+P0",f75r,2375,dain shey ly ssheol qoldy chedykar chekeedy ror,R06 R06 R00 R06 R00 R00 R00 R00,S2_STRONG_BUT_PARTIAL_TRANSCRIPTION_CORE,S2,FORMAL_G2_CORE_LOCAL_KERNEL,G2,zone-local kernel / record line,B,B,2,paragraph_continuation,FUNC-PARTICLE FUNC-PARTICLE ARG/FILL ARG/FILL ARG/FILL ARG/FILL ARG/FILL ARG/FILL,FUNC-PARTICLE / FUNC-PARTICLE / ARG/FILL / ARG/FILL / ARG/FILL / ARG/FILL / ARG/FILL / ARG/FILL,NO_VERIFIED_EXTERNAL_TRANSLATION
"f75r.3,+P0",f75r,2376,qokain chal orchey qey kain sheeky ltain olkar or,H08 R00 R00 R00 R06 R06 R00 R00 R06,S1_MULTI_TRANSCRIPTION_STRICT_CORE,S1,FORMAL_G2_CORE_LOCAL_KERNEL,G2,zone-local kernel / record line,B,B,2,paragraph_continuation,FUNC-PARTICLE ARG/FILL ARG/FILL ARG/FILL ARG/FILL ARG/FILL ARG/FILL ARG/FILL FUNC-PARTICLE,FUNC-PARTICLE / ARG/FILL / ARG/FILL / ARG/FILL / ARG/FILL / ARG/FILL / ARG/FILL / ARG/FILL / FUNC-PARTICLE,NO_VERIFIED_EXTERNAL_TRANSLATION
"f75r.6,+P0",f75r,2379,pcheykeeor olky dar okey qokain chcthy qokeedy qoky,R00 R00 R06 R00 H08 R04 H01 H01,S2_STRONG_BUT_PARTIAL_TRANSCRIPTION_CORE,S2,FORMAL_G1_GLOBAL_FRAME,G1,relational frame / record line,B,B,2,paragraph_continuation,ARG/FILL ARG/FILL FUNC-PARTICLE ARG/FILL FUNC-PARTICLE FUNC-PARTICLE FUNC-PARTICLE FUNC-PARTICLE,ARG/FILL / ARG/FILL / FUNC-PARTICLE / ARG/FILL / FUNC-PARTICLE / FUNC-PARTICLE / FUNC-PARTICLE / FUNC-PARTICLE,NO_VERIFIED_EXTERNAL_TRANSLATION
"f75r.7,+P0",f75r,2380,pchedy qokshdy ytain chedy qokar chy lol chedy qoky,R06 H11 R06 R02 R03 R00 R00 R02 H01,S1_MULTI_TRANSCRIPTION_STRICT_CORE,S1,FORMAL_G2_CORE_LOCAL_KERNEL,G2,zone-local kernel / record line,B,B,2,paragraph_continuation,ARG-LEX OP/HEAD ARG/FILL FUNC-PARTICLE FUNC-PARTICLE FUNC-PARTICLE ARG/FILL FUNC-PARTICLE FUNC-PARTICLE,ARG-LEX / OP/HEAD / ARG/FILL / FUNC-PARTICLE / FUNC-PARTICLE / FUNC-PARTICLE / ARG/FILL / FUNC-PARTICLE / FUNC-PARTICLE,NO_VERIFIED_EXTERNAL_TRANSLATION
"f75r.8,+P0",f75r,2381,sor chey qokardy dsheckhy qokain chckhy lshedy okeedy,R06 R06 R03 R00 H08 R00 R00 R00,S2_STRONG_BUT_PARTIAL_TRANSCRIPTION_CORE,S2,FORMAL_G2_CORE_LOCAL_KERNEL,G2,zone-local kernel / record line,B,B,2,paragraph_continuation,ARG/FILL FUNC-PARTICLE ARG/FILL ARG/FILL FUNC-PARTICLE FUNC-PARTICLE ARG/FILL FUNC-PARTICLE,ARG/FILL / FUNC-PARTICLE / ARG/FILL / ARG/FILL / FUNC-PARTICLE / FUNC-PARTICLE / ARG/FILL / FUNC-PARTICLE,NO_VERIFIED_EXTERNAL_TRANSLATION
"f75r.9,+P0",f75r,2382,qokchdy chcthy lo qokedy qokan checkhy qokar olchedy sal,H09 R04 R00 H12 H08 R00 R03 R00 R06,S1_MULTI_TRANSCRIPTION_STRICT_CORE,S1,FORMAL_G2_CORE_LOCAL_KERNEL,G2,zone-local kernel / record line,B,B,2,paragraph_continuation,FUNC-PARTICLE FUNC-PARTICLE ARG/FILL FUNC-PARTICLE OP/HEAD ARG/FILL FUNC-PARTICLE ARG/FILL ARG/FILL,FUNC-PARTICLE / FUNC-PARTICLE / ARG/FILL / FUNC-PARTICLE / OP/HEAD / ARG/FILL / FUNC-PARTICLE / ARG/FILL / ARG/FILL,NO_VERIFIED_EXTERNAL_TRANSLATION
"f75r.10,+P0",f75r,2383,dshor qotar chdy shey qokain chckhy dy otey tedy lchedy,R06 H13 R02 R06 H08 R00 R02 R01 R06 R00,S1_MULTI_TRANSCRIPTION_STRICT_CORE,S1,FORMAL_G2_CORE_LOCAL_KERNEL,G2,zone-local kernel / record line,B,B,2,paragraph_continuation,ARG/FILL OP/HEAD FUNC-PARTICLE FUNC-PARTICLE FUNC-PARTICLE FUNC-PARTICLE FUNC-PARTICLE QUAL/TAIL ARG/FILL FUNC-PARTICLE,ARG/FILL / OP/HEAD / FUNC-PARTICLE / FUNC-PARTICLE / FUNC-PARTICLE / FUNC-PARTICLE / FUNC-PARTICLE / QUAL/TAIL / ARG/FILL / FUNC-PARTICLE,NO_VERIFIED_EXTERNAL_TRANSLATION
"f75r.11,+P0",f75r,2384,qokeedy qokair oly qokeedy dy qokal okar shedy dor chekam,H01 H08 R06 H01 R02 H08 R03 R06 R06 R00,S1_MULTI_TRANSCRIPTION_STRICT_CORE,S1,FORMAL_G2_CORE_LOCAL_KERNEL,G2,zone-local kernel / record line,B,B,2,paragraph_continuation,FUNC-PARTICLE OP/HEAD FUNC-PARTICLE FUNC-PARTICLE FUNC-PARTICLE FUNC-PARTICLE FUNC-PARTICLE FUNC-PARTICLE ARG/FILL ARG/FILL,FUNC-PARTICLE / OP/HEAD / FUNC-PARTICLE / FUNC-PARTICLE / FUNC-PARTICLE / FUNC-PARTICLE / FUNC-PARTICLE / FUNC-PARTICLE / ARG/FILL / ARG/FILL,NO_VERIFIED_EXTERNAL_TRANSLATION
"f75r.13,+P0",f75r,2386,pchedy keedy qokedy qokedy qokedy qokedy qokain olshedy,R06 R06 H12 H12 H12 H12 H08 R00,S1_MULTI_TRANSCRIPTION_STRICT_CORE,S1,FORMAL_G2_CORE_LOCAL_KERNEL,G2,zone-local kernel / record line,B,B,2,paragraph_continuation,ARG-LEX ARG/FILL FUNC-PARTICLE FUNC-PARTICLE FUNC-PARTICLE FUNC-PARTICLE FUNC-PARTICLE ARG-LEX,ARG-LEX / ARG/FILL / FUNC-PARTICLE / FUNC-PARTICLE / FUNC-PARTICLE / FUNC-PARTICLE / FUNC-PARTICLE / ARG-LEX,NO_VERIFIED_EXTERNAL_TRANSLATION
"f75r.15,+P0",f75r,2388,sain qokain qolkeeoly saiin chedy sol or shedy okchdy qoky,R06 H08 H07 R06 R02 R06 R06 R06 R00 H01,S2_STRONG_BUT_PARTIAL_TRANSCRIPTION_CORE,S2,FORMAL_G2_CORE_LOCAL_KERNEL,G2,zone-local kernel / record line,B,B,2,paragraph_continuation,FUNC-PARTICLE FUNC-PARTICLE OP/HEAD FUNC-PARTICLE FUNC-PARTICLE FUNC-PARTICLE FUNC-PARTICLE FUNC-PARTICLE LABEL-LEX FUNC-PARTICLE,FUNC-PARTICLE / FUNC-PARTICLE / OP/HEAD / FUNC-PARTICLE / FUNC-PARTICLE / FUNC-PARTICLE / FUNC-PARTICLE / FUNC-PARTICLE / LABEL-LEX / FUNC-PARTICLE,NO_VERIFIED_EXTERNAL_TRANSLATION
"f75r.16,+P0",f75r,2389,dshedy qokar sheedy lch shokain chy okshedy qokain chedy,R06 R03 R06 R00 R00 R00 R00 H08 R02,S1_MULTI_TRANSCRIPTION_STRICT_CORE,S1,FORMAL_G2_CORE_LOCAL_KERNEL,G2,zone-local kernel / record line,B,B,2,paragraph_continuation,ARG/FILL FUNC-PARTICLE FUNC-PARTICLE ARG/FILL ARG/FILL FUNC-PARTICLE ARG/FILL FUNC-PARTICLE FUNC-PARTICLE,ARG/FILL / FUNC-PARTICLE / FUNC-PARTICLE / ARG/FILL / ARG/FILL / FUNC-PARTICLE / ARG/FILL / FUNC-PARTICLE / FUNC-PARTICLE,NO_VERIFIED_EXTERNAL_TRANSLATION
"f75r.17,+P0",f75r,2390,pchedar shepchy lshedary dal shal shykol shedy qokam,R00 R00 R00 R09 R06 R06 R06 H08,S2_STRONG_BUT_PARTIAL_TRANSCRIPTION_CORE,S2,FORMAL_G2_CORE_LOCAL_KERNEL,G2,zone-local kernel / record line,B,B,2,paragraph_continuation,ARG/FILL ARG/FILL ARG/FILL FUNC-PARTICLE ARG/FILL ARG/FILL FUNC-PARTICLE OP/HEAD,ARG/FILL / ARG/FILL / ARG/FILL / FUNC-PARTICLE / ARG/FILL / ARG/FILL / FUNC-PARTICLE / OP/HEAD,NO_VERIFIED_EXTERNAL_TRANSLATION
"f75r.18,+P0",f75r,2391,sol sheedy qol shedy qol otain char sar oly,R06 R06 R00 R06 R00 R00 R11 R06 R06,S2_STRONG_BUT_PARTIAL_TRANSCRIPTION_CORE,S2,FORMAL_G2_CORE_LOCAL_KERNEL,G2,zone-local kernel / record line,B,B,2,paragraph_continuation,FUNC-PARTICLE FUNC-PARTICLE FUNC-PARTICLE FUNC-PARTICLE FUNC-PARTICLE FUNC-PARTICLE QUAL/TAIL ARG/FILL FUNC-PARTICLE,FUNC-PARTICLE / FUNC-PARTICLE / FUNC-PARTICLE / FUNC-PARTICLE / FUNC-PARTICLE / FUNC-PARTICLE / QUAL/TAIL / ARG/FILL / FUNC-PARTICLE,NO_VERIFIED_EXTERNAL_TRANSLATION
"f75r.21,+P0",f75r,2394,oqokain chey qckhsy or ysheor ol lor am,R00 R06 R00 R06 R06 R06 R00 R06,S2_STRONG_BUT_PARTIAL_TRANSCRIPTION_CORE,S2,FORMAL_G2_CORE_LOCAL_KERNEL,G2,zone-local kernel / record line,B,B,2,paragraph_continuation,ARG/FILL FUNC-PARTICLE ARG/FILL FUNC-PARTICLE ARG/FILL FUNC-PARTICLE ARG-LEX ARG/FILL,ARG/FILL / FUNC-PARTICLE / ARG/FILL / FUNC-PARTICLE / ARG/FILL / FUNC-PARTICLE / ARG-LEX / ARG/FILL,NO_VERIFIED_EXTERNAL_TRANSLATION
"f75r.24,+P0",f75r,2397,qokain olkeey qolkary sain checthy lor ol,H08 R00 H07 R06 R00 R00 R06,S1_MULTI_TRANSCRIPTION_STRICT_CORE,S1,FORMAL_G2_CORE_LOCAL_KERNEL,G2,zone-local kernel / record line,B,B,2,paragraph_continuation,FUNC-PARTICLE ARG/FILL OP/HEAD FUNC-PARTICLE ARG/FILL ARG-LEX FUNC-PARTICLE,FUNC-PARTICLE / ARG/FILL / OP/HEAD / FUNC-PARTICLE / ARG/FILL / ARG-LEX / FUNC-PARTICLE,NO_VERIFIED_EXTERNAL_TRANSLATION
"f75r.25,+P0",f75r,2398,sain shckhy qokeedy shy dy qokeedy lchedy ram,R06 R06 H01 R06 R02 H01 R00 R00,S1_MULTI_TRANSCRIPTION_STRICT_CORE,S1,FORMAL_G2_CORE_LOCAL_KERNEL,G2,zone-local kernel / record line,B,B,2,paragraph_continuation,FUNC-PARTICLE ARG-LEX FUNC-PARTICLE FUNC-PARTICLE FUNC-PARTICLE FUNC-PARTICLE FUNC-PARTICLE ARG/FILL,FUNC-PARTICLE / ARG-LEX / FUNC-PARTICLE / FUNC-PARTICLE / FUNC-PARTICLE / FUNC-PARTICLE / FUNC-PARTICLE / ARG/FILL,NO_VERIFIED_EXTERNAL_TRANSLATION
"f75r.27,+P0",f75r,2400,pdalshor shtol qoty pshar shedy okaldy dar otar otody dy rol,R00 R06 H01 R06 R06 R00 R06 R01 R00 R02 R00,S1_MULTI_TRANSCRIPTION_STRICT_CORE,S1,FORMAL_G2_CORE_LOCAL_KERNEL,G2,zone-local kernel / record line,B,B,2,paragraph_continuation,ARG/FILL ARG/FILL FUNC-PARTICLE ARG/FILL FUNC-PARTICLE ARG/FILL FUNC-PARTICLE QUAL/TAIL ARG/FILL FUNC-PARTICLE ARG/FILL,ARG/FILL / ARG/FILL / FUNC-PARTICLE / ARG/FILL / FUNC-PARTICLE / ARG/FILL / FUNC-PARTICLE / QUAL/TAIL / ARG/FILL / FUNC-PARTICLE / ARG/FILL,NO_VERIFIED_EXTERNAL_TRANSLATION
"f75r.29,+P0",f75r,2402,dain chkal dy lolkaiin ol okeedyqol dain olchey qokeedy chedy qotan,R06 R00 R02 R00 R06 R00 R06 R00 H01 R02 H13,S1_MULTI_TRANSCRIPTION_STRICT_CORE,S1,FORMAL_G1_GLOBAL_FRAME,G1,relational frame / record line,B,B,2,paragraph_continuation,FUNC-PARTICLE ARG/FILL FUNC-PARTICLE ARG/FILL FUNC-PARTICLE ARG/FILL FUNC-PARTICLE ARG/FILL FUNC-PARTICLE FUNC-PARTICLE OP/HEAD,FUNC-PARTICLE / ARG/FILL / FUNC-PARTICLE / ARG/FILL / FUNC-PARTICLE / ARG/FILL / FUNC-PARTICLE / ARG/FILL / FUNC-PARTICLE / FUNC-PARTICLE / OP/HEAD,NO_VERIFIED_EXTERNAL_TRANSLATION
"f75r.31,+P0",f75r,2404,dshedy qokey chckhy qokar shedy chey qoked qokedy daldy,R06 H08 R00 R03 R06 R06 H08 H12 R09,S2_STRONG_BUT_PARTIAL_TRANSCRIPTION_CORE,S2,FORMAL_G2_CORE_LOCAL_KERNEL,G2,zone-local kernel / record line,B,B,2,paragraph_continuation,ARG/FILL FUNC-PARTICLE FUNC-PARTICLE FUNC-PARTICLE FUNC-PARTICLE FUNC-PARTICLE OP/HEAD FUNC-PARTICLE QUAL/TAIL,ARG/FILL / FUNC-PARTICLE / FUNC-PARTICLE / FUNC-PARTICLE / FUNC-PARTICLE / FUNC-PARTICLE / OP/HEAD / FUNC-PARTICLE / QUAL/TAIL,NO_VERIFIED_EXTERNAL_TRANSLATION
"f75r.33,+P0",f75r,2406,qokeey lshedy qol chedy qokain chcthedy ltedy darom,H08 R00 R00 R02 H08 R04 R00 R06,S1_MULTI_TRANSCRIPTION_STRICT_CORE,S1,FORMAL_G2_CORE_LOCAL_KERNEL,G2,zone-local kernel / record line,B,B,2,paragraph_continuation,FUNC-PARTICLE ARG/FILL FUNC-PARTICLE FUNC-PARTICLE FUNC-PARTICLE QUAL/TAIL ARG/FILL ARG/FILL,FUNC-PARTICLE / ARG/FILL / FUNC-PARTICLE / FUNC-PARTICLE / FUNC-PARTICLE / QUAL/TAIL / ARG/FILL / ARG/FILL,NO_VERIFIED_EXTERNAL_TRANSLATION
"f75r.37,+P0",f75r,2410,qokedy dy sheety qokedy qokeedy qokechdy lol,H12 R02 R06 H12 H01 R00 R00,S1_MULTI_TRANSCRIPTION_STRICT_CORE,S1,FORMAL_G2_CORE_LOCAL_KERNEL,G2,zone-local kernel / record line,B,B,2,paragraph_continuation,FUNC-PARTICLE FUNC-PARTICLE ARG/FILL FUNC-PARTICLE FUNC-PARTICLE ARG/FILL ARG/FILL,FUNC-PARTICLE / FUNC-PARTICLE / ARG/FILL / FUNC-PARTICLE / FUNC-PARTICLE / ARG/FILL / ARG/FILL,NO_VERIFIED_EXTERNAL_TRANSLATION
"f75r.39,+P0",f75r,2412,yshedy qokeedy qokeedy olkeedy otey koldy,R00 H01 H01 R00 R01 R06,S1_MULTI_TRANSCRIPTION_STRICT_CORE,S1,FORMAL_G1_GLOBAL_FRAME,G1,relational frame / record line,B,B,2,paragraph_continuation,ARG/FILL FUNC-PARTICLE FUNC-PARTICLE ARG/FILL QUAL/TAIL ARG/FILL,ARG/FILL / FUNC-PARTICLE / FUNC-PARTICLE / ARG/FILL / QUAL/TAIL / ARG/FILL,NO_VERIFIED_EXTERNAL_TRANSLATION
"f75r.41,+P0",f75r,2414,sokeedy qokeedy oteedy qoky dykeedy sy,R00 H01 R01 H01 R00 R06,S1_MULTI_TRANSCRIPTION_STRICT_CORE,S1,FORMAL_G1_GLOBAL_FRAME,G1,relational frame / record line,B,B,2,paragraph_continuation,ARG/FILL FUNC-PARTICLE FUNC-PARTICLE FUNC-PARTICLE ARG/FILL ARG/FILL,ARG/FILL / FUNC-PARTICLE / FUNC-PARTICLE / FUNC-PARTICLE / ARG/FILL / ARG/FILL,NO_VERIFIED_EXTERNAL_TRANSLATION
"f75r.44,+P0",f75r,2417,dchedy sain okedy qokedy otedy okoldy otar otam olaiin ch dar dy,R06 R06 R00 H12 R01 R00 R01 R06 R10 R00 R06 R02,S2_STRONG_BUT_PARTIAL_TRANSCRIPTION_CORE,S2,FORMAL_G1_GLOBAL_FRAME,G1,relational frame / record line,B,B,2,paragraph_continuation,ARG/FILL FUNC-PARTICLE FUNC-PARTICLE FUNC-PARTICLE FUNC-PARTICLE ARG/FILL QUAL/TAIL ARG/FILL QUAL/TAIL ARG/FILL FUNC-PARTICLE FUNC-PARTICLE,ARG/FILL / FUNC-PARTICLE / FUNC-PARTICLE / FUNC-PARTICLE / FUNC-PARTICLE / ARG/FILL / QUAL/TAIL / ARG/FILL / QUAL/TAIL / ARG/FILL / FUNC-PARTICLE / FUNC-PARTICLE,NO_VERIFIED_EXTERNAL_TRANSLATION
"f75r.47,@Pb",f75r,2420,sal okeedy,R06 R00,S1_MULTI_TRANSCRIPTION_STRICT_CORE,S1,FORMAL_G2_CORE_LOCAL_KERNEL,G2,zone-local kernel / record line,B,B,2,paragraph_start,ARG/FILL FUNC-PARTICLE,ARG/FILL / FUNC-PARTICLE,NO_VERIFIED_EXTERNAL_TRANSLATION
"f75r.49,+Pb",f75r,2422,sols dara,R06 R06,S1_MULTI_TRANSCRIPTION_STRICT_CORE,S1,FORMAL_G3C_NONFRAME_SHORTFORM_HP,G3C,compact label / index / list entry,B,B,2,paragraph_continuation,LABEL-FIELD LABEL-FIELD,LABEL-FIELD / LABEL-FIELD,NO_VERIFIED_EXTERNAL_TRANSLATION
"f75r.50,+Pb",f75r,2423,ychty,R06,S1_MULTI_TRANSCRIPTION_STRICT_CORE,S1,FORMAL_G3C_NONFRAME_SHORTFORM_HP,G3C,compact label / index / list entry,B,B,2,paragraph_continuation,LABEL-FIELD,LABEL-FIELD,NO_VERIFIED_EXTERNAL_TRANSLATION
"f75r.51,+Pb",f75r,2424,saino,R06,S1_MULTI_TRANSCRIPTION_STRICT_CORE,S1,FORMAL_G3C_NONFRAME_SHORTFORM_HP,G3C,compact label / index / list entry,B,B,2,paragraph_continuation,LABEL-FIELD,LABEL-FIELD,NO_VERIFIED_EXTERNAL_TRANSLATION
"f75r.52,+Pb",f75r,2425,saldy,R06,S1_MULTI_TRANSCRIPTION_STRICT_CORE,S1,FORMAL_G3C_NONFRAME_SHORTFORM_HP,G3C,compact label / index / list entry,B,B,2,paragraph_continuation,LABEL-FIELD,LABEL-FIELD,NO_VERIFIED_EXTERNAL_TRANSLATION
"f75r.53,+Pb",f75r,2426,dainy,R06,S1_MULTI_TRANSCRIPTION_STRICT_CORE,S1,FORMAL_G3C_NONFRAME_SHORTFORM_HP,G3C,compact label / index / list entry,B,B,2,paragraph_continuation,LABEL-FIELD,LABEL-FIELD,NO_VERIFIED_EXTERNAL_TRANSLATION
"f75v.2,=L0",f75v,2428,s,R06,S1_MULTI_TRANSCRIPTION_STRICT_CORE,S1,FORMAL_G3C_NONFRAME_SHORTFORM_HP,G3C,compact label / index / list entry,B,B,2,=L,FUNC-PARTICLE,FUNC-PARTICLE,NO_VERIFIED_EXTERNAL_TRANSLATION
"f75v.4,=L0",f75v,2430,l,R06,S1_MULTI_TRANSCRIPTION_STRICT_CORE,S1,FORMAL_G3C_NONFRAME_SHORTFORM_HP,G3C,compact label / index / list entry,B,B,2,=L,FUNC-PARTICLE,FUNC-PARTICLE,NO_VERIFIED_EXTERNAL_TRANSLATION
"f75v.6,=L0",f75v,2432,l,R06,S1_MULTI_TRANSCRIPTION_STRICT_CORE,S1,FORMAL_G3C_NONFRAME_SHORTFORM_HP,G3C,compact label / index / list entry,B,B,2,=L,FUNC-PARTICLE,FUNC-PARTICLE,NO_VERIFIED_EXTERNAL_TRANSLATION
"f75v.8,~L0",f75v,2434,o,R00,S1_MULTI_TRANSCRIPTION_STRICT_CORE,S1,FORMAL_G3C_NONFRAME_SHORTFORM_HP,G3C,compact label / index / list entry,B,B,2,~L,LABEL-LEX,LABEL-LEX,NO_VERIFIED_EXTERNAL_TRANSLATION
"f75v.9,+L0",f75v,2435,r,R00,S1_MULTI_TRANSCRIPTION_STRICT_CORE,S1,FORMAL_G3C_NONFRAME_SHORTFORM_HP,G3C,compact label / index / list entry,B,B,2,+L,LABEL-LEX,LABEL-LEX,NO_VERIFIED_EXTERNAL_TRANSLATION
"f75v.11,=L0",f75v,2437,s,R06,S1_MULTI_TRANSCRIPTION_STRICT_CORE,S1,FORMAL_G3C_NONFRAME_SHORTFORM_HP,G3C,compact label / index / list entry,B,B,2,=L,FUNC-PARTICLE,FUNC-PARTICLE,NO_VERIFIED_EXTERNAL_TRANSLATION
"f75v.13,+P0",f75v,2439,ocheain cheedy qokal dain sheeky qoky sshedy tedy otedy tedy taral,R00 R06 H08 R06 R06 H01 R06 R06 R01 R06 R06,S1_MULTI_TRANSCRIPTION_STRICT_CORE,S1,FORMAL_G1_GLOBAL_FRAME,G1,relational frame / record line,B,B,2,paragraph_continuation,ARG/FILL ARG/FILL FUNC-PARTICLE FUNC-PARTICLE ARG/FILL FUNC-PARTICLE ARG/FILL ARG/FILL FUNC-PARTICLE ARG/FILL ARG/FILL,ARG/FILL / ARG/FILL / FUNC-PARTICLE / FUNC-PARTICLE / ARG/FILL / FUNC-PARTICLE / ARG/FILL / ARG/FILL / FUNC-PARTICLE / ARG/FILL / ARG/FILL,NO_VERIFIED_EXTERNAL_TRANSLATION
"f75v.18,@Ln",f75v,2444,okshy,R00,S1_MULTI_TRANSCRIPTION_STRICT_CORE,S1,FORMAL_G3C_NONFRAME_SHORTFORM_HP,G3C,compact label / index / list entry,B,B,2,label_or_marginal,LABEL-FIELD,LABEL-FIELD,NO_VERIFIED_EXTERNAL_TRANSLATION
"f75v.19,+Ln",f75v,2445,saral,R06,S1_MULTI_TRANSCRIPTION_STRICT_CORE,S1,FORMAL_G3C_NONFRAME_SHORTFORM_HP,G3C,compact label / index / list entry,B,B,2,+L,LABEL-FIELD,LABEL-FIELD,NO_VERIFIED_EXTERNAL_TRANSLATION
"f75v.20,@Ln",f75v,2446,dokal,R06,S1_MULTI_TRANSCRIPTION_STRICT_CORE,S1,FORMAL_G3C_NONFRAME_SHORTFORM_HP,G3C,compact label / index / list entry,B,B,2,label_or_marginal,LABEL-FIELD,LABEL-FIELD,NO_VERIFIED_EXTERNAL_TRANSLATION
"f75v.21,+Ln",f75v,2447,darol,R06,S1_MULTI_TRANSCRIPTION_STRICT_CORE,S1,FORMAL_G3C_NONFRAME_SHORTFORM_HP,G3C,compact label / index / list entry,B,B,2,+L,LABEL-FIELD,LABEL-FIELD,NO_VERIFIED_EXTERNAL_TRANSLATION
"f75v.22,@Ln",f75v,2448,daldy,R09,S2_STRONG_BUT_PARTIAL_TRANSCRIPTION_CORE,S2,FORMAL_G3C_NONFRAME_SHORTFORM_HP,G3C,compact label / index / list entry,B,B,2,label_or_marginal,QUAL/TAIL,QUAL/TAIL,NO_VERIFIED_EXTERNAL_TRANSLATION
"f75v.23,+Ln",f75v,2449,dalshd,R06,S2_STRONG_BUT_PARTIAL_TRANSCRIPTION_CORE,S2,FORMAL_G3C_NONFRAME_SHORTFORM_HP,G3C,compact label / index / list entry,B,B,2,+L,LABEL-FIELD,LABEL-FIELD,NO_VERIFIED_EXTERNAL_TRANSLATION
"f75v.24,@Ln",f75v,2450,dalkar,R06,S1_MULTI_TRANSCRIPTION_STRICT_CORE,S1,FORMAL_G3C_NONFRAME_SHORTFORM_HP,G3C,compact label / index / list entry,B,B,2,label_or_marginal,LABEL-FIELD,LABEL-FIELD,NO_VERIFIED_EXTERNAL_TRANSLATION
"f75v.26,@Ln",f75v,2452,dly,R06,S1_MULTI_TRANSCRIPTION_STRICT_CORE,S1,FORMAL_G3C_NONFRAME_SHORTFORM_HP,G3C,compact label / index / list entry,B,B,2,label_or_marginal,LABEL-FIELD,LABEL-FIELD,NO_VERIFIED_EXTERNAL_TRANSLATION
"f75v.27,+Ln",f75v,2453,ory,R00,S1_MULTI_TRANSCRIPTION_STRICT_CORE,S1,FORMAL_G3C_NONFRAME_SHORTFORM_HP,G3C,compact label / index / list entry,B,B,2,+L,LABEL-FIELD,LABEL-FIELD,NO_VERIFIED_EXTERNAL_TRANSLATION
"f75v.29,+Ln",f75v,2455,lchy,R00,S1_MULTI_TRANSCRIPTION_STRICT_CORE,S1,FORMAL_G3C_NONFRAME_SHORTFORM_HP,G3C,compact label / index / list entry,B,B,2,+L,LABEL-FIELD,LABEL-FIELD,NO_VERIFIED_EXTERNAL_TRANSLATION
"f75v.30,@Ln",f75v,2456,dary,R06,S1_MULTI_TRANSCRIPTION_STRICT_CORE,S1,FORMAL_G3C_NONFRAME_SHORTFORM_HP,G3C,compact label / index / list entry,B,B,2,label_or_marginal,LABEL-FIELD,LABEL-FIELD,NO_VERIFIED_EXTERNAL_TRANSLATION
"f75v.31,+Ln",f75v,2457,dal,R09,S1_MULTI_TRANSCRIPTION_STRICT_CORE,S1,FORMAL_G3C_NONFRAME_SHORTFORM_HP,G3C,compact label / index / list entry,B,B,2,+L,FUNC-PARTICLE,FUNC-PARTICLE,NO_VERIFIED_EXTERNAL_TRANSLATION
"f75v.32,@Ln",f75v,2458,daldy,R09,S1_MULTI_TRANSCRIPTION_STRICT_CORE,S1,FORMAL_G3C_NONFRAME_SHORTFORM_HP,G3C,compact label / index / list entry,B,B,2,label_or_marginal,QUAL/TAIL,QUAL/TAIL,NO_VERIFIED_EXTERNAL_TRANSLATION
"f75v.34,@Ln",f75v,2460,rkal,R00,S1_MULTI_TRANSCRIPTION_STRICT_CORE,S1,FORMAL_G3C_NONFRAME_SHORTFORM_HP,G3C,compact label / index / list entry,B,B,2,label_or_marginal,LABEL-FIELD,LABEL-FIELD,NO_VERIFIED_EXTERNAL_TRANSLATION
"f75v.35,+Ln",f75v,2461,ykedy,R00,S1_MULTI_TRANSCRIPTION_STRICT_CORE,S1,FORMAL_G3C_NONFRAME_SHORTFORM_HP,G3C,compact label / index / list entry,B,B,2,+L,LABEL-FIELD,LABEL-FIELD,NO_VERIFIED_EXTERNAL_TRANSLATION
"f75v.36,@Ln",f75v,2462,olkchy,R00,S1_MULTI_TRANSCRIPTION_STRICT_CORE,S1,FORMAL_G3C_NONFRAME_SHORTFORM_HP,G3C,compact label / index / list entry,B,B,2,label_or_marginal,LABEL-FIELD,LABEL-FIELD,NO_VERIFIED_EXTERNAL_TRANSLATION
"f75v.37,+Ln",f75v,2463,otoly,R00,S1_MULTI_TRANSCRIPTION_STRICT_CORE,S1,FORMAL_G3C_NONFRAME_SHORTFORM_HP,G3C,compact label / index / list entry,B,B,2,+L,LABEL-FIELD,LABEL-FIELD,NO_VERIFIED_EXTERNAL_TRANSLATION
"f75v.45,+P0",f75v,2471,yshey qokar olchedy qor oiin okeedy qokeed qokeey qokeey otey qoky dy,R06 R03 R00 R00 R00 R00 H08 H08 H08 R01 H01 R02,S1_MULTI_TRANSCRIPTION_STRICT_CORE,S1,FORMAL_G1_GLOBAL_FRAME,G1,relational frame / record line,B,B,2,paragraph_continuation,ARG/FILL FUNC-PARTICLE ARG/FILL ARG/FILL ARG/FILL FUNC-PARTICLE OP/HEAD FUNC-PARTICLE FUNC-PARTICLE QUAL/TAIL FUNC-PARTICLE FUNC-PARTICLE,ARG/FILL / FUNC-PARTICLE / ARG/FILL / ARG/FILL / ARG/FILL / FUNC-PARTICLE / OP/HEAD / FUNC-PARTICLE / FUNC-PARTICLE / QUAL/TAIL / FUNC-PARTICLE / FUNC-PARTICLE,NO_VERIFIED_EXTERNAL_TRANSLATION
"f75v.51,=Lt",f75v,2477,okeey lol,R06 R00,S1_MULTI_TRANSCRIPTION_STRICT_CORE,S1,FORMAL_G3C_NONFRAME_SHORTFORM_HP,G3C,compact label / index / list entry,B,B,2,=L,FUNC-PARTICLE LABEL-FIELD,FUNC-PARTICLE / LABEL-FIELD,NO_VERIFIED_EXTERNAL_TRANSLATION
"f75v.52,=Lt",f75v,2478,olol,R00,S1_MULTI_TRANSCRIPTION_STRICT_CORE,S1,FORMAL_G3C_NONFRAME_SHORTFORM_HP,G3C,compact label / index / list entry,B,B,2,=L,LABEL-FIELD,LABEL-FIELD,NO_VERIFIED_EXTERNAL_TRANSLATION
"f75v.53,*Lt",f75v,2479,ytedy,R00,S1_MULTI_TRANSCRIPTION_STRICT_CORE,S1,FORMAL_G3C_NONFRAME_SHORTFORM_HP,G3C,compact label / index / list entry,B,B,2,label_or_marginal,LABEL-FIELD,LABEL-FIELD,NO_VERIFIED_EXTERNAL_TRANSLATION
"f75v.58,+Pb",f75v,2484,salchedy solkedy,R00 R00,S1_MULTI_TRANSCRIPTION_STRICT_CORE,S1,FORMAL_G3C_NONFRAME_SHORTFORM_HP,G3C,compact label / index / list entry,B,B,2,paragraph_continuation,LABEL-FIELD LABEL-FIELD,LABEL-FIELD / LABEL-FIELD,NO_VERIFIED_EXTERNAL_TRANSLATION
"f75v.60,@P1",f75v,2486,kolkedy qokedy qoky lpchdy qotchdy lol,R00 H12 H01 R00 H14 R00,S1_MULTI_TRANSCRIPTION_STRICT_CORE,S1,FORMAL_G1_GLOBAL_FRAME,G1,relational frame / record line,B,B,2,paragraph_start,ARG/FILL FUNC-PARTICLE FUNC-PARTICLE ARG/FILL OP/HEAD ARG/FILL,ARG/FILL / FUNC-PARTICLE / FUNC-PARTICLE / ARG/FILL / OP/HEAD / ARG/FILL,NO_VERIFIED_EXTERNAL_TRANSLATION
"f76r.4,*L0",f76r,2500,s,R06,S1_MULTI_TRANSCRIPTION_STRICT_CORE,S1,FORMAL_G3C_NONFRAME_SHORTFORM_HP,G3C,compact label / index / list entry,T,B,2,label_or_marginal,FUNC-PARTICLE,FUNC-PARTICLE,NO_VERIFIED_EXTERNAL_TRANSLATION
"f76r.6,+P0",f76r,2502,solchedy qokeedy qopchedy qokeeo rol shedy qokedy sheey okees al al chedain dar,R00 H01 R00 H08 R00 R06 H12 R06 R00 R06 R06 R00 R06,S1_MULTI_TRANSCRIPTION_STRICT_CORE,S1,FORMAL_G2_CORE_LOCAL_KERNEL,G2,zone-local kernel / record line,T,B,2,paragraph_continuation,ARG/FILL FUNC-PARTICLE ARG/FILL OP/HEAD ARG/FILL FUNC-PARTICLE FUNC-PARTICLE FUNC-PARTICLE ARG/FILL FUNC-PARTICLE FUNC-PARTICLE ARG/FILL FUNC-PARTICLE,ARG/FILL / FUNC-PARTICLE / ARG/FILL / OP/HEAD / ARG/FILL / FUNC-PARTICLE / FUNC-PARTICLE / FUNC-PARTICLE / ARG/FILL / FUNC-PARTICLE / FUNC-PARTICLE / ARG/FILL / FUNC-PARTICLE,NO_VERIFIED_EXTERNAL_TRANSLATION
"f76r.7,*L0",f76r,2503,d,R06,S1_MULTI_TRANSCRIPTION_STRICT_CORE,S1,FORMAL_G3C_NONFRAME_SHORTFORM_HP,G3C,compact label / index / list entry,T,B,2,label_or_marginal,LABEL-LEX,LABEL-LEX,NO_VERIFIED_EXTERNAL_TRANSLATION
"f76r.8,=P0",f76r,2504,qoaiin ches okeedal qoked qokeey shedy chey lkeedy okey dar aiin chekain oldy,H07 R00 R09 H08 H08 R06 R06 R00 R00 R06 R06 R00 R00,S2_STRONG_BUT_PARTIAL_TRANSCRIPTION_CORE,S2,FORMAL_G2_CORE_LOCAL_KERNEL,G2,zone-local kernel / record line,T,B,2,paragraph_terminal_or_label,OP/HEAD ARG/FILL QUAL/TAIL OP/HEAD FUNC-PARTICLE FUNC-PARTICLE FUNC-PARTICLE ARG/FILL ARG/FILL FUNC-PARTICLE FUNC-PARTICLE ARG/FILL ARG/FILL,OP/HEAD / ARG/FILL / QUAL/TAIL / OP/HEAD / FUNC-PARTICLE / FUNC-PARTICLE / FUNC-PARTICLE / ARG/FILL / ARG/FILL / FUNC-PARTICLE / FUNC-PARTICLE / ARG/FILL / ARG/FILL,NO_VERIFIED_EXTERNAL_TRANSLATION
"f76r.10,*L0",f76r,2506,q,R00,S1_MULTI_TRANSCRIPTION_STRICT_CORE,S1,FORMAL_G3C_NONFRAME_SHORTFORM_HP,G3C,compact label / index / list entry,T,B,2,label_or_marginal,LABEL-FIELD,LABEL-FIELD,NO_VERIFIED_EXTERNAL_TRANSLATION
"f76r.14,*L0",f76r,2510,s,R06,S1_MULTI_TRANSCRIPTION_STRICT_CORE,S1,FORMAL_G3C_NONFRAME_SHORTFORM_HP,G3C,compact label / index / list entry,T,B,2,label_or_marginal,FUNC-PARTICLE,FUNC-PARTICLE,NO_VERIFIED_EXTERNAL_TRANSLATION
"f76r.17,+P0",f76r,2513,chey chckh shey qeeey chol lkain shedy qokeedy okain chedy okeed qokaloro,R06 R00 R06 R00 R07 R00 R06 H01 R10 R02 R00 H08,S1_MULTI_TRANSCRIPTION_STRICT_CORE,S1,FORMAL_G2_CORE_LOCAL_KERNEL,G2,zone-local kernel / record line,T,B,2,paragraph_continuation,FUNC-PARTICLE ARG/FILL FUNC-PARTICLE ARG/FILL FUNC-PARTICLE ARG-LEX FUNC-PARTICLE FUNC-PARTICLE FUNC-PARTICLE FUNC-PARTICLE ARG/FILL OP/HEAD,FUNC-PARTICLE / ARG/FILL / FUNC-PARTICLE / ARG/FILL / FUNC-PARTICLE / ARG-LEX / FUNC-PARTICLE / FUNC-PARTICLE / FUNC-PARTICLE / FUNC-PARTICLE / ARG/FILL / OP/HEAD,NO_VERIFIED_EXTERNAL_TRANSLATION
"f76r.18,*L0",f76r,2514,o,R00,S1_MULTI_TRANSCRIPTION_STRICT_CORE,S1,FORMAL_G3C_NONFRAME_SHORTFORM_HP,G3C,compact label / index / list entry,T,B,2,label_or_marginal,LABEL-LEX,LABEL-LEX,NO_VERIFIED_EXTERNAL_TRANSLATION
"f76r.19,=P0",f76r,2515,dcheedy qolchey qokeey qokeey chedy qokar shedy shedy lshedy qolchedy otedyl,R00 H07 H08 H08 R02 R03 R06 R06 R00 R00 R01,S1_MULTI_TRANSCRIPTION_STRICT_CORE,S1,FORMAL_G2_CORE_LOCAL_KERNEL,G2,zone-local kernel / record line,T,B,2,paragraph_terminal_or_label,ARG/FILL OPERATOR FUNC-PARTICLE FUNC-PARTICLE FUNC-PARTICLE FUNC-PARTICLE FUNC-PARTICLE FUNC-PARTICLE ARG/FILL ARG/FILL QUAL/TAIL,ARG/FILL / OPERATOR / FUNC-PARTICLE / FUNC-PARTICLE / FUNC-PARTICLE / FUNC-PARTICLE / FUNC-PARTICLE / FUNC-PARTICLE / ARG/FILL / ARG/FILL / QUAL/TAIL,NO_VERIFIED_EXTERNAL_TRANSLATION
"f76r.20,+P0",f76r,2516,dshedy qo chedy lchedy qokey qolchey qotain chckhy shckhy lchar okar alchdy,R06 H07 R02 R00 H08 H07 H13 R00 R06 R00 R03 R00,S1_MULTI_TRANSCRIPTION_STRICT_CORE,S1,FORMAL_G2_CORE_LOCAL_KERNEL,G2,zone-local kernel / record line,T,B,2,paragraph_continuation,ARG/FILL OP/HEAD FUNC-PARTICLE FUNC-PARTICLE FUNC-PARTICLE OPERATOR FUNC-PARTICLE FUNC-PARTICLE ARG-LEX ARG/FILL FUNC-PARTICLE ARG/FILL,ARG/FILL / OP/HEAD / FUNC-PARTICLE / FUNC-PARTICLE / FUNC-PARTICLE / OPERATOR / FUNC-PARTICLE / FUNC-PARTICLE / ARG-LEX / ARG/FILL / FUNC-PARTICLE / ARG/FILL,NO_VERIFIED_EXTERNAL_TRANSLATION
"f76r.22,*L0",f76r,2518,l,R06,S1_MULTI_TRANSCRIPTION_STRICT_CORE,S1,FORMAL_G3C_NONFRAME_SHORTFORM_HP,G3C,compact label / index / list entry,T,B,2,label_or_marginal,FUNC-PARTICLE,FUNC-PARTICLE,NO_VERIFIED_EXTERNAL_TRANSLATION
"f76r.24,+P0",f76r,2520,dalshedy qolsheedy qokaldy chepy dain alolor olain chedy shecthy qokey lor,R09 H21 H11 R00 R06 R00 R00 R02 R00 H08 R00,S2_STRONG_BUT_PARTIAL_TRANSCRIPTION_CORE,S2,FORMAL_G2_CORE_LOCAL_KERNEL,G2,zone-local kernel / record line,T,B,2,paragraph_continuation,QUAL/TAIL OP/HEAD OP/HEAD ARG/FILL FUNC-PARTICLE ARG/FILL ARG/FILL FUNC-PARTICLE ARG/FILL FUNC-PARTICLE ARG-LEX,QUAL/TAIL / OP/HEAD / OP/HEAD / ARG/FILL / FUNC-PARTICLE / ARG/FILL / ARG/FILL / FUNC-PARTICLE / ARG/FILL / FUNC-PARTICLE / ARG-LEX,NO_VERIFIED_EXTERNAL_TRANSLATION
"f76r.27,*L0",f76r,2523,k,R06,S1_MULTI_TRANSCRIPTION_STRICT_CORE,S1,FORMAL_G3C_NONFRAME_SHORTFORM_HP,G3C,compact label / index / list entry,T,B,2,label_or_marginal,LABEL-FIELD,LABEL-FIELD,NO_VERIFIED_EXTERNAL_TRANSLATION
"f76r.29,+P0",f76r,2525,qokar shedy shedy qokar shedy qokain dar shey lshcthy okar okain ylaiiny,R03 R06 R06 R03 R06 H08 R06 R06 R00 R03 R10 R00,S2_STRONG_BUT_PARTIAL_TRANSCRIPTION_CORE,S2,FORMAL_G2_CORE_LOCAL_KERNEL,G2,zone-local kernel / record line,T,B,2,paragraph_continuation,FUNC-PARTICLE FUNC-PARTICLE FUNC-PARTICLE FUNC-PARTICLE FUNC-PARTICLE FUNC-PARTICLE FUNC-PARTICLE FUNC-PARTICLE ARG/FILL FUNC-PARTICLE FUNC-PARTICLE ARG/FILL,FUNC-PARTICLE / FUNC-PARTICLE / FUNC-PARTICLE / FUNC-PARTICLE / FUNC-PARTICLE / FUNC-PARTICLE / FUNC-PARTICLE / FUNC-PARTICLE / ARG/FILL / FUNC-PARTICLE / FUNC-PARTICLE / ARG/FILL,NO_VERIFIED_EXTERNAL_TRANSLATION
"f76r.30,+P0",f76r,2526,darchey cheolchey shcthy chedy qo qokey dalaiin sheeky qokain olky sain chy,R00 R00 R06 R02 H07 H08 R09 R06 H08 R00 R06 R00,S2_STRONG_BUT_PARTIAL_TRANSCRIPTION_CORE,S2,FORMAL_G2_CORE_LOCAL_KERNEL,G2,zone-local kernel / record line,T,B,2,paragraph_continuation,ARG/FILL ARG/FILL ARG-LEX FUNC-PARTICLE OP/HEAD FUNC-PARTICLE QUAL/TAIL ARG/FILL FUNC-PARTICLE ARG/FILL FUNC-PARTICLE FUNC-PARTICLE,ARG/FILL / ARG/FILL / ARG-LEX / FUNC-PARTICLE / OP/HEAD / FUNC-PARTICLE / QUAL/TAIL / ARG/FILL / FUNC-PARTICLE / ARG/FILL / FUNC-PARTICLE / FUNC-PARTICLE,NO_VERIFIED_EXTERNAL_TRANSLATION
"f76r.31,*L0",f76r,2527,r,R00,S1_MULTI_TRANSCRIPTION_STRICT_CORE,S1,FORMAL_G3C_NONFRAME_SHORTFORM_HP,G3C,compact label / index / list entry,T,B,2,label_or_marginal,LABEL-LEX,LABEL-LEX,NO_VERIFIED_EXTERNAL_TRANSLATION
"f76r.32,=P0",f76r,2528,cher ain okaiin dain chey dalshedy qokaiin chel shy chedy rain chedy shy,R00 R06 R10 R06 R06 R09 H08 R00 R06 R02 R00 R02 R06,S2_STRONG_BUT_PARTIAL_TRANSCRIPTION_CORE,S2,FORMAL_G2_CORE_LOCAL_KERNEL,G2,zone-local kernel / record line,T,B,2,paragraph_terminal_or_label,ARG/FILL ARG/FILL FUNC-PARTICLE FUNC-PARTICLE FUNC-PARTICLE QUAL/TAIL FUNC-PARTICLE ARG/FILL FUNC-PARTICLE FUNC-PARTICLE ARG/FILL FUNC-PARTICLE FUNC-PARTICLE,ARG/FILL / ARG/FILL / FUNC-PARTICLE / FUNC-PARTICLE / FUNC-PARTICLE / QUAL/TAIL / FUNC-PARTICLE / ARG/FILL / FUNC-PARTICLE / FUNC-PARTICLE / ARG/FILL / FUNC-PARTICLE / FUNC-PARTICLE,NO_VERIFIED_EXTERNAL_TRANSLATION
"f76r.35,+P0",f76r,2531,sain shedy lshey qokal chcthy okeolor cheol otar chedy qol chcthy chckhy,R06 R06 R00 H08 R04 R00 R00 R01 R02 R00 R04 R00,S1_MULTI_TRANSCRIPTION_STRICT_CORE,S1,FORMAL_G2_CORE_LOCAL_KERNEL,G2,zone-local kernel / record line,T,B,2,paragraph_continuation,FUNC-PARTICLE FUNC-PARTICLE ARG-LEX FUNC-PARTICLE FUNC-PARTICLE ARG/FILL FUNC-PARTICLE QUAL/TAIL FUNC-PARTICLE FUNC-PARTICLE FUNC-PARTICLE FUNC-PARTICLE,FUNC-PARTICLE / FUNC-PARTICLE / ARG-LEX / FUNC-PARTICLE / FUNC-PARTICLE / ARG/FILL / FUNC-PARTICLE / QUAL/TAIL / FUNC-PARTICLE / FUNC-PARTICLE / FUNC-PARTICLE / FUNC-PARTICLE,NO_VERIFIED_EXTERNAL_TRANSLATION
"f76r.37,*L0",f76r,2533,s,R06,S1_MULTI_TRANSCRIPTION_STRICT_CORE,S1,FORMAL_G3C_NONFRAME_SHORTFORM_HP,G3C,compact label / index / list entry,T,B,2,label_or_marginal,FUNC-PARTICLE,FUNC-PARTICLE,NO_VERIFIED_EXTERNAL_TRANSLATION
"f76r.40,+P0",f76r,2536,qolchey shckhy qokey lchy opchey dain shdy qokedar olchdy sor oty dy lchedy,H07 R06 H08 R00 R00 R06 R06 H08 R00 R06 R01 R02 R00,S2_STRONG_BUT_PARTIAL_TRANSCRIPTION_CORE,S2,FORMAL_G2_CORE_LOCAL_KERNEL,G2,zone-local kernel / record line,T,B,2,paragraph_continuation,OPERATOR ARG-LEX FUNC-PARTICLE ARG/FILL ARG/FILL FUNC-PARTICLE ARG/FILL OP/HEAD ARG/FILL ARG/FILL QUAL/TAIL FUNC-PARTICLE FUNC-PARTICLE,OPERATOR / ARG-LEX / FUNC-PARTICLE / ARG/FILL / ARG/FILL / FUNC-PARTICLE / ARG/FILL / OP/HEAD / ARG/FILL / ARG/FILL / QUAL/TAIL / FUNC-PARTICLE / FUNC-PARTICLE,NO_VERIFIED_EXTERNAL_TRANSLATION
"f76r.42,+P0",f76r,2538,dain chey lsh daiin chey lchedy qolin qotal shedy dy shecthy otalam,R06 R06 R00 R10 R06 R00 H07 H13 R06 R02 R00 R00,S1_MULTI_TRANSCRIPTION_STRICT_CORE,S1,FORMAL_G2_CORE_LOCAL_KERNEL,G2,zone-local kernel / record line,T,B,2,paragraph_continuation,FUNC-PARTICLE FUNC-PARTICLE ARG/FILL FUNC-PARTICLE FUNC-PARTICLE FUNC-PARTICLE OP/HEAD OP/HEAD FUNC-PARTICLE FUNC-PARTICLE ARG/FILL ARG/FILL,FUNC-PARTICLE / FUNC-PARTICLE / ARG/FILL / FUNC-PARTICLE / FUNC-PARTICLE / FUNC-PARTICLE / OP/HEAD / OP/HEAD / FUNC-PARTICLE / FUNC-PARTICLE / ARG/FILL / ARG/FILL,NO_VERIFIED_EXTERNAL_TRANSLATION
"f76r.43,+P0",f76r,2539,sor shey qokey qokar sheeoldy chol oly chaly lol chdy,R06 R06 H08 R03 R00 R07 R06 R00 R00 R02,S2_STRONG_BUT_PARTIAL_TRANSCRIPTION_CORE,S2,FORMAL_G1_GLOBAL_FRAME,G1,relational frame / record line,T,B,2,paragraph_continuation,ARG/FILL FUNC-PARTICLE FUNC-PARTICLE FUNC-PARTICLE ARG/FILL FUNC-PARTICLE FUNC-PARTICLE ARG/FILL ARG/FILL FUNC-PARTICLE,ARG/FILL / FUNC-PARTICLE / FUNC-PARTICLE / FUNC-PARTICLE / ARG/FILL / FUNC-PARTICLE / FUNC-PARTICLE / ARG/FILL / ARG/FILL / FUNC-PARTICLE,NO_VERIFIED_EXTERNAL_TRANSLATION
"f76r.44,+P0",f76r,2540,poleedaran shckhy qoty ykar alol lkaiin olshedy otain okar opar kolpy,R00 R06 H01 R06 R00 R00 R00 R00 R03 R00 R06,S1_MULTI_TRANSCRIPTION_STRICT_CORE,S1,FORMAL_G2_CORE_LOCAL_KERNEL,G2,zone-local kernel / record line,T,B,2,paragraph_continuation,ARG/FILL ARG-LEX FUNC-PARTICLE ARG/FILL ARG/FILL ARG/FILL ARG-LEX FUNC-PARTICLE FUNC-PARTICLE ARG/FILL ARG/FILL,ARG/FILL / ARG-LEX / FUNC-PARTICLE / ARG/FILL / ARG/FILL / ARG/FILL / ARG-LEX / FUNC-PARTICLE / FUNC-PARTICLE / ARG/FILL / ARG/FILL,NO_VERIFIED_EXTERNAL_TRANSLATION
"f76r.45,+P0",f76r,2541,yshedy qo or okain shey qokaiin okeedy qochy as in sheey chckhy,R00 H07 R06 R10 R06 H08 R00 H07 R00 R00 R06 R00,S2_STRONG_BUT_PARTIAL_TRANSCRIPTION_CORE,S2,FORMAL_G2_CORE_LOCAL_KERNEL,G2,zone-local kernel / record line,T,B,2,paragraph_continuation,ARG/FILL OP/HEAD FUNC-PARTICLE FUNC-PARTICLE FUNC-PARTICLE FUNC-PARTICLE FUNC-PARTICLE OP/HEAD ARG/FILL ARG/FILL FUNC-PARTICLE FUNC-PARTICLE,ARG/FILL / OP/HEAD / FUNC-PARTICLE / FUNC-PARTICLE / FUNC-PARTICLE / FUNC-PARTICLE / FUNC-PARTICLE / OP/HEAD / ARG/FILL / ARG/FILL / FUNC-PARTICLE / FUNC-PARTICLE,NO_VERIFIED_EXTERNAL_TRANSLATION
"f76r.47,+P0",f76r,2543,dain chckhy raiin sheey qockhey olchdar sheey otedy olain oky,R06 R00 R00 R06 H07 R00 R06 R01 R00 R00,S1_MULTI_TRANSCRIPTION_STRICT_CORE,S1,FORMAL_G2_CORE_LOCAL_KERNEL,G2,zone-local kernel / record line,T,B,2,paragraph_continuation,FUNC-PARTICLE FUNC-PARTICLE ARG/FILL FUNC-PARTICLE OPERATOR ARG/FILL FUNC-PARTICLE FUNC-PARTICLE ARG/FILL FUNC-PARTICLE,FUNC-PARTICLE / FUNC-PARTICLE / ARG/FILL / FUNC-PARTICLE / OPERATOR / ARG/FILL / FUNC-PARTICLE / FUNC-PARTICLE / ARG/FILL / FUNC-PARTICLE,NO_VERIFIED_EXTERNAL_TRANSLATION
"f76r.48,+P0",f76r,2544,saiin shckhy lkeedy qoky okain ytain oteedy okedor shedy qokal,R06 R06 R00 H01 R10 R06 R01 R00 R06 H08,S1_MULTI_TRANSCRIPTION_STRICT_CORE,S1,FORMAL_G2_CORE_LOCAL_KERNEL,G2,zone-local kernel / record line,T,B,2,paragraph_continuation,FUNC-PARTICLE ARG-LEX ARG/FILL FUNC-PARTICLE FUNC-PARTICLE ARG/FILL FUNC-PARTICLE ARG/FILL FUNC-PARTICLE FUNC-PARTICLE,FUNC-PARTICLE / ARG-LEX / ARG/FILL / FUNC-PARTICLE / FUNC-PARTICLE / ARG/FILL / FUNC-PARTICLE / ARG/FILL / FUNC-PARTICLE / FUNC-PARTICLE,NO_VERIFIED_EXTERNAL_TRANSLATION
"f76r.52,+P0",f76r,2548,olsheed qokedy qokeedy qokedy lkedy lsheedy okar shedy otain,R00 H12 H01 H12 R00 R00 R03 R06 R00,S2_STRONG_BUT_PARTIAL_TRANSCRIPTION_CORE,S2,FORMAL_G1_GLOBAL_FRAME,G1,relational frame / record line,T,B,2,paragraph_continuation,ARG/FILL FUNC-PARTICLE FUNC-PARTICLE FUNC-PARTICLE ARG/FILL ARG/FILL FUNC-PARTICLE FUNC-PARTICLE FUNC-PARTICLE,ARG/FILL / FUNC-PARTICLE / FUNC-PARTICLE / FUNC-PARTICLE / ARG/FILL / ARG/FILL / FUNC-PARTICLE / FUNC-PARTICLE / FUNC-PARTICLE,NO_VERIFIED_EXTERNAL_TRANSLATION
"f76r.53,+P0",f76r,2549,saiin qol shedy ol chedor chal shed qoteedy dshdy okal chedyl,R06 R00 R06 R06 R00 R00 R06 H01 R06 R07 R00,S1_MULTI_TRANSCRIPTION_STRICT_CORE,S1,FORMAL_G2_CORE_LOCAL_KERNEL,G2,zone-local kernel / record line,T,B,2,paragraph_continuation,FUNC-PARTICLE FUNC-PARTICLE FUNC-PARTICLE FUNC-PARTICLE ARG/FILL ARG/FILL ARG/FILL FUNC-PARTICLE ARG/FILL FUNC-PARTICLE ARG/FILL,FUNC-PARTICLE / FUNC-PARTICLE / FUNC-PARTICLE / FUNC-PARTICLE / ARG/FILL / ARG/FILL / ARG/FILL / FUNC-PARTICLE / ARG/FILL / FUNC-PARTICLE / ARG/FILL,NO_VERIFIED_EXTERNAL_TRANSLATION
"f76r.55,+P0",f76r,2551,sain sheey or ar al solshey okeedy ldaiin checkhey okedalor,R06 R06 R06 R06 R06 R00 R00 R00 R00 R00,S1_MULTI_TRANSCRIPTION_STRICT_CORE,S1,FORMAL_G2_CORE_LOCAL_KERNEL,G2,zone-local kernel / record line,T,B,2,paragraph_continuation,FUNC-PARTICLE FUNC-PARTICLE FUNC-PARTICLE FUNC-PARTICLE FUNC-PARTICLE ARG/FILL FUNC-PARTICLE ARG/FILL ARG/FILL ARG/FILL,FUNC-PARTICLE / FUNC-PARTICLE / FUNC-PARTICLE / FUNC-PARTICLE / FUNC-PARTICLE / ARG/FILL / FUNC-PARTICLE / ARG/FILL / ARG/FILL / ARG/FILL,NO_VERIFIED_EXTERNAL_TRANSLATION
"f76v.11,+P0",f76v,2563,cheor sheedy daiin oekeedy qokeey qokedy oteedy shedy qokedy shedam,R00 R06 R10 R00 H08 H12 R01 R06 H12 R06,S1_MULTI_TRANSCRIPTION_STRICT_CORE,S1,FORMAL_G1_GLOBAL_FRAME,G1,relational frame / record line,B,B,2,paragraph_continuation,ARG/FILL FUNC-PARTICLE FUNC-PARTICLE ARG/FILL FUNC-PARTICLE FUNC-PARTICLE FUNC-PARTICLE FUNC-PARTICLE FUNC-PARTICLE ARG/FILL,ARG/FILL / FUNC-PARTICLE / FUNC-PARTICLE / ARG/FILL / FUNC-PARTICLE / FUNC-PARTICLE / FUNC-PARTICLE / FUNC-PARTICLE / FUNC-PARTICLE / ARG/FILL,NO_VERIFIED_EXTERNAL_TRANSLATION
"f76v.12,+P0",f76v,2564,solsheol sheey lteedy qokeedy qotal chedy checthy otedeey qokol chedy deey,R00 R06 R00 H01 H13 R02 R00 R01 H08 R02 R06,S2_STRONG_BUT_PARTIAL_TRANSCRIPTION_CORE,S2,FORMAL_G1_GLOBAL_FRAME,G1,relational frame / record line,B,B,2,paragraph_continuation,ARG/FILL FUNC-PARTICLE ARG/FILL FUNC-PARTICLE OP/HEAD FUNC-PARTICLE ARG/FILL QUAL/TAIL FUNC-PARTICLE FUNC-PARTICLE ARG/FILL,ARG/FILL / FUNC-PARTICLE / ARG/FILL / FUNC-PARTICLE / OP/HEAD / FUNC-PARTICLE / ARG/FILL / QUAL/TAIL / FUNC-PARTICLE / FUNC-PARTICLE / ARG/FILL,NO_VERIFIED_EXTERNAL_TRANSLATION
"f76v.13,+P0",f76v,2565,saiin sheedy qol sheedy okeeedy qoteedy chedy qotedy oleeedy qoteedy lo,R06 R06 R00 R06 R00 H01 R02 H17 R00 H01 R00,S1_MULTI_TRANSCRIPTION_STRICT_CORE,S1,FORMAL_G1_GLOBAL_FRAME,G1,relational frame / record line,B,B,2,paragraph_continuation,FUNC-PARTICLE FUNC-PARTICLE FUNC-PARTICLE FUNC-PARTICLE ARG/FILL FUNC-PARTICLE FUNC-PARTICLE FUNC-PARTICLE ARG/FILL FUNC-PARTICLE ARG/FILL,FUNC-PARTICLE / FUNC-PARTICLE / FUNC-PARTICLE / FUNC-PARTICLE / ARG/FILL / FUNC-PARTICLE / FUNC-PARTICLE / FUNC-PARTICLE / ARG/FILL / FUNC-PARTICLE / ARG/FILL,NO_VERIFIED_EXTERNAL_TRANSLATION
"f76v.15,+P0",f76v,2567,tchedy lsheedy chedal chedy checthey,R06 R00 R00 R02 R00,S1_MULTI_TRANSCRIPTION_STRICT_CORE,S1,FORMAL_G3C_NONFRAME_SHORTFORM_HP,G3C,compact label / index / list entry,B,B,2,paragraph_continuation,LABEL-FIELD LABEL-FIELD LABEL-FIELD FUNC-PARTICLE LABEL-FIELD,LABEL-FIELD / LABEL-FIELD / LABEL-FIELD / FUNC-PARTICLE / LABEL-FIELD,NO_VERIFIED_EXTERNAL_TRANSLATION
"f76v.17,+P0",f76v,2569,sar olkeey shokaiin sheolol otedy qekchdy qoeeedy qokedy lkedy chdy,R06 R00 R10 R00 R01 R00 H21 H12 R00 R02,S1_MULTI_TRANSCRIPTION_STRICT_CORE,S1,FORMAL_G1_GLOBAL_FRAME,G1,relational frame / record line,B,B,2,paragraph_continuation,ARG/FILL ARG/FILL QUAL/TAIL ARG/FILL FUNC-PARTICLE ARG/FILL OP/HEAD FUNC-PARTICLE ARG/FILL FUNC-PARTICLE,ARG/FILL / ARG/FILL / QUAL/TAIL / ARG/FILL / FUNC-PARTICLE / ARG/FILL / OP/HEAD / FUNC-PARTICLE / ARG/FILL / FUNC-PARTICLE,NO_VERIFIED_EXTERNAL_TRANSLATION
"f76v.18,+P0",f76v,2570,lshey qockhedy qodeey qolkeedy qokedy chol chedchey daiin olkedy,R00 H21 H07 H21 H12 R07 R00 R10 R00,S1_MULTI_TRANSCRIPTION_STRICT_CORE,S1,FORMAL_G1_GLOBAL_FRAME,G1,relational frame / record line,B,B,2,paragraph_continuation,ARG-LEX OP/HEAD OP/HEAD OP/HEAD FUNC-PARTICLE FUNC-PARTICLE ARG/FILL FUNC-PARTICLE ARG/FILL,ARG-LEX / OP/HEAD / OP/HEAD / OP/HEAD / FUNC-PARTICLE / FUNC-PARTICLE / ARG/FILL / FUNC-PARTICLE / ARG/FILL,NO_VERIFIED_EXTERNAL_TRANSLATION
"f77r.1,@Ln",f77r,2594,darchdar,R00,S1_MULTI_TRANSCRIPTION_STRICT_CORE,S1,FORMAL_G3C_NONFRAME_SHORTFORM_HP,G3C,compact label / index / list entry,B,B,2,label_or_marginal,LABEL-FIELD,LABEL-FIELD,NO_VERIFIED_EXTERNAL_TRANSLATION
"f77r.2,+Lt",f77r,2595,olkchs,R00,S1_MULTI_TRANSCRIPTION_STRICT_CORE,S1,FORMAL_G3C_NONFRAME_SHORTFORM_HP,G3C,compact label / index / list entry,B,B,2,+L,LABEL-FIELD,LABEL-FIELD,NO_VERIFIED_EXTERNAL_TRANSLATION
"f77r.4,~Lt",f77r,2597,otork,R00,S1_MULTI_TRANSCRIPTION_STRICT_CORE,S1,FORMAL_G3C_NONFRAME_SHORTFORM_HP,G3C,compact label / index / list entry,B,B,2,~L,LABEL-FIELD,LABEL-FIELD,NO_VERIFIED_EXTERNAL_TRANSLATION
"f77r.6,~Lt",f77r,2599,dchdy,R06,S1_MULTI_TRANSCRIPTION_STRICT_CORE,S1,FORMAL_G3C_NONFRAME_SHORTFORM_HP,G3C,compact label / index / list entry,B,B,2,~L,LABEL-FIELD,LABEL-FIELD,NO_VERIFIED_EXTERNAL_TRANSLATION
"f77r.7,~Lt",f77r,2600,soral,R06,S1_MULTI_TRANSCRIPTION_STRICT_CORE,S1,FORMAL_G3C_NONFRAME_SHORTFORM_HP,G3C,compact label / index / list entry,B,B,2,~L,LABEL-FIELD,LABEL-FIELD,NO_VERIFIED_EXTERNAL_TRANSLATION
"f77r.8,~Ln",f77r,2601,dotedy,R06,S1_MULTI_TRANSCRIPTION_STRICT_CORE,S1,FORMAL_G3C_NONFRAME_SHORTFORM_HP,G3C,compact label / index / list entry,B,B,2,~L,LABEL-FIELD,LABEL-FIELD,NO_VERIFIED_EXTERNAL_TRANSLATION
"f77r.11,+P0",f77r,2604,qoteedy qokaiin shedy chol shedy shcthey qokeedy oteedy cham,H01 H08 R06 R07 R06 R04 H01 R01 R00,S1_MULTI_TRANSCRIPTION_STRICT_CORE,S1,FORMAL_G1_GLOBAL_FRAME,G1,relational frame / record line,B,B,2,paragraph_continuation,FUNC-PARTICLE FUNC-PARTICLE FUNC-PARTICLE FUNC-PARTICLE FUNC-PARTICLE QUAL/TAIL FUNC-PARTICLE FUNC-PARTICLE ARG/FILL,FUNC-PARTICLE / FUNC-PARTICLE / FUNC-PARTICLE / FUNC-PARTICLE / FUNC-PARTICLE / QUAL/TAIL / FUNC-PARTICLE / FUNC-PARTICLE / ARG/FILL,NO_VERIFIED_EXTERNAL_TRANSLATION
"f77r.14,+P0",f77r,2607,sokcheey sain sheeol qoteedy qokaiin shedy qokeedy qotedy,R00 R06 R06 H01 H08 R06 H01 H17,S1_MULTI_TRANSCRIPTION_STRICT_CORE,S1,FORMAL_G1_GLOBAL_FRAME,G1,relational frame / record line,B,B,2,paragraph_continuation,ARG/FILL FUNC-PARTICLE ARG/FILL FUNC-PARTICLE FUNC-PARTICLE FUNC-PARTICLE FUNC-PARTICLE FUNC-PARTICLE,ARG/FILL / FUNC-PARTICLE / ARG/FILL / FUNC-PARTICLE / FUNC-PARTICLE / FUNC-PARTICLE / FUNC-PARTICLE / FUNC-PARTICLE,NO_VERIFIED_EXTERNAL_TRANSLATION
"f77r.15,+P0",f77r,2608,qokeedy shedy qotol shedy qokaiin sheety qokeedy lchedylol,H01 R06 H13 R06 H08 R06 H01 R00,S2_STRONG_BUT_PARTIAL_TRANSCRIPTION_CORE,S2,FORMAL_G1_GLOBAL_FRAME,G1,relational frame / record line,B,B,2,paragraph_continuation,FUNC-PARTICLE FUNC-PARTICLE OPERATOR FUNC-PARTICLE FUNC-PARTICLE ARG/FILL FUNC-PARTICLE ARG/FILL,FUNC-PARTICLE / FUNC-PARTICLE / OPERATOR / FUNC-PARTICLE / FUNC-PARTICLE / ARG/FILL / FUNC-PARTICLE / ARG/FILL,NO_VERIFIED_EXTERNAL_TRANSLATION
"f77r.16,+P0",f77r,2609,sshedy qotaiin chedy qokaiin shedy qolcheedy qokeedy lol,R06 H13 R02 H08 R06 H21 H01 R00,S1_MULTI_TRANSCRIPTION_STRICT_CORE,S1,FORMAL_G1_GLOBAL_FRAME,G1,relational frame / record line,B,B,2,paragraph_continuation,ARG/FILL OPERATOR FUNC-PARTICLE FUNC-PARTICLE FUNC-PARTICLE OP/HEAD FUNC-PARTICLE ARG/FILL,ARG/FILL / OPERATOR / FUNC-PARTICLE / FUNC-PARTICLE / FUNC-PARTICLE / OP/HEAD / FUNC-PARTICLE / ARG/FILL,NO_VERIFIED_EXTERNAL_TRANSLATION
"f77r.21,+P0",f77r,2614,chedaiin shedy qokeedy qokedy qokeey chedy shear olaiiny,R00 R06 H01 H12 H08 R02 R06 R00,S1_MULTI_TRANSCRIPTION_STRICT_CORE,S1,FORMAL_G1_GLOBAL_FRAME,G1,relational frame / record line,B,B,2,paragraph_continuation,ARG/FILL FUNC-PARTICLE FUNC-PARTICLE FUNC-PARTICLE FUNC-PARTICLE FUNC-PARTICLE ARG-LEX ARG/FILL,ARG/FILL / FUNC-PARTICLE / FUNC-PARTICLE / FUNC-PARTICLE / FUNC-PARTICLE / FUNC-PARTICLE / ARG-LEX / ARG/FILL,NO_VERIFIED_EXTERNAL_TRANSLATION
"f77r.27,+P0",f77r,2620,solchedy qokain okaiin shedy qokeedy qotedy,R00 H08 R10 R06 H01 H17,S1_MULTI_TRANSCRIPTION_STRICT_CORE,S1,FORMAL_G1_GLOBAL_FRAME,G1,relational frame / record line,B,B,2,paragraph_continuation,ARG/FILL FUNC-PARTICLE FUNC-PARTICLE FUNC-PARTICLE FUNC-PARTICLE FUNC-PARTICLE,ARG/FILL / FUNC-PARTICLE / FUNC-PARTICLE / FUNC-PARTICLE / FUNC-PARTICLE / FUNC-PARTICLE,NO_VERIFIED_EXTERNAL_TRANSLATION
"f77r.29,+P0",f77r,2622,saiin cheeol qokeedy qokeedy qotal,R06 R00 H01 H01 H13,S1_MULTI_TRANSCRIPTION_STRICT_CORE,S1,FORMAL_G1_GLOBAL_FRAME,G1,relational frame / record line,B,B,2,paragraph_continuation,FUNC-PARTICLE ARG/FILL FUNC-PARTICLE FUNC-PARTICLE OP/HEAD,FUNC-PARTICLE / ARG/FILL / FUNC-PARTICLE / FUNC-PARTICLE / OP/HEAD,NO_VERIFIED_EXTERNAL_TRANSLATION
"f77r.37,+P0",f77r,2630,teeolain chey qoteedy qokain cheedy cheey lchedy,R00 R06 H01 H08 R06 R06 R00,S1_MULTI_TRANSCRIPTION_STRICT_CORE,S1,FORMAL_G1_GLOBAL_FRAME,G1,relational frame / record line,B,B,2,paragraph_continuation,ARG/FILL FUNC-PARTICLE FUNC-PARTICLE FUNC-PARTICLE ARG/FILL FUNC-PARTICLE FUNC-PARTICLE,ARG/FILL / FUNC-PARTICLE / FUNC-PARTICLE / FUNC-PARTICLE / ARG/FILL / FUNC-PARTICLE / FUNC-PARTICLE,NO_VERIFIED_EXTERNAL_TRANSLATION
"f77r.48,+P0",f77r,2641,sodar oloky,R06 R00,S1_MULTI_TRANSCRIPTION_STRICT_CORE,S1,FORMAL_G3C_NONFRAME_SHORTFORM_HP,G3C,compact label / index / list entry,B,B,2,paragraph_continuation,LABEL-FIELD LABEL-FIELD,LABEL-FIELD / LABEL-FIELD,NO_VERIFIED_EXTERNAL_TRANSLATION
"f77r.49,@Ln",f77r,2642,otchdy,R00,S1_MULTI_TRANSCRIPTION_STRICT_CORE,S1,FORMAL_G3C_NONFRAME_SHORTFORM_HP,G3C,compact label / index / list entry,B,B,2,label_or_marginal,LABEL-FIELD,LABEL-FIELD,NO_VERIFIED_EXTERNAL_TRANSLATION
"f77v.3,=Lt",f77v,2646,olkeedal,R00,S1_MULTI_TRANSCRIPTION_STRICT_CORE,S1,FORMAL_G3C_NONFRAME_SHORTFORM_HP,G3C,compact label / index / list entry,B,B,2,=L,LABEL-FIELD,LABEL-FIELD,NO_VERIFIED_EXTERNAL_TRANSLATION
"f77v.6,@P0",f77v,2649,qetedy shedy qotol odal chal dar qopshedy qotedy qotedy qokedy dal,R00 R06 H13 R00 R00 R06 H21 H17 H17 H12 R09,S2_STRONG_BUT_PARTIAL_TRANSCRIPTION_CORE,S2,FORMAL_G1_GLOBAL_FRAME,G1,relational frame / record line,B,B,2,paragraph_start,ARG/FILL FUNC-PARTICLE OPERATOR ARG/FILL ARG/FILL FUNC-PARTICLE OP/HEAD FUNC-PARTICLE FUNC-PARTICLE FUNC-PARTICLE FUNC-PARTICLE,ARG/FILL / FUNC-PARTICLE / OPERATOR / ARG/FILL / ARG/FILL / FUNC-PARTICLE / OP/HEAD / FUNC-PARTICLE / FUNC-PARTICLE / FUNC-PARTICLE / FUNC-PARTICLE,NO_VERIFIED_EXTERNAL_TRANSLATION
"f77v.24,+P0",f77v,2667,daiin sheekey qokeedy daiin dail qokedy qokedy ol,R10 R00 H01 R10 R06 H12 H12 R06,S1_MULTI_TRANSCRIPTION_STRICT_CORE,S1,FORMAL_G1_GLOBAL_FRAME,G1,relational frame / record line,B,B,2,paragraph_continuation,FUNC-PARTICLE ARG/FILL FUNC-PARTICLE FUNC-PARTICLE ARG/FILL FUNC-PARTICLE FUNC-PARTICLE FUNC-PARTICLE,FUNC-PARTICLE / ARG/FILL / FUNC-PARTICLE / FUNC-PARTICLE / ARG/FILL / FUNC-PARTICLE / FUNC-PARTICLE / FUNC-PARTICLE,NO_VERIFIED_EXTERNAL_TRANSLATION
"f77v.25,+P0",f77v,2668,lchor oiiin shedy qokaiin saiin dal sheedy qokeedy al,R00 R00 R06 H08 R06 R09 R06 H01 R06,S1_MULTI_TRANSCRIPTION_STRICT_CORE,S1,FORMAL_G1_GLOBAL_FRAME,G1,relational frame / record line,B,B,2,paragraph_continuation,ARG/FILL ARG/FILL FUNC-PARTICLE FUNC-PARTICLE FUNC-PARTICLE FUNC-PARTICLE FUNC-PARTICLE FUNC-PARTICLE FUNC-PARTICLE,ARG/FILL / ARG/FILL / FUNC-PARTICLE / FUNC-PARTICLE / FUNC-PARTICLE / FUNC-PARTICLE / FUNC-PARTICLE / FUNC-PARTICLE / FUNC-PARTICLE,NO_VERIFIED_EXTERNAL_TRANSLATION
"f77v.26,+P0",f77v,2669,dairol shedy rchy sheor qokedy qoky chckhy qokchy ldol,R06 R06 R00 R06 H12 H01 R00 H08 R00,S2_STRONG_BUT_PARTIAL_TRANSCRIPTION_CORE,S2,FORMAL_G1_GLOBAL_FRAME,G1,relational frame / record line,B,B,2,paragraph_continuation,ARG/FILL FUNC-PARTICLE ARG/FILL ARG/FILL FUNC-PARTICLE FUNC-PARTICLE FUNC-PARTICLE OP/HEAD ARG/FILL,ARG/FILL / FUNC-PARTICLE / ARG/FILL / ARG/FILL / FUNC-PARTICLE / FUNC-PARTICLE / FUNC-PARTICLE / OP/HEAD / ARG/FILL,NO_VERIFIED_EXTERNAL_TRANSLATION
"f77v.42,+P0",f77v,2685,tcheey qokeey qokal lchedy cheolkaiin okol,R06 H08 H08 R00 R00 R07,S2_STRONG_BUT_PARTIAL_TRANSCRIPTION_CORE,S2,FORMAL_G1_GLOBAL_FRAME,G1,relational frame / record line,B,B,2,paragraph_continuation,ARG/FILL FUNC-PARTICLE FUNC-PARTICLE FUNC-PARTICLE ARG/FILL FUNC-PARTICLE,ARG/FILL / FUNC-PARTICLE / FUNC-PARTICLE / FUNC-PARTICLE / ARG/FILL / FUNC-PARTICLE,NO_VERIFIED_EXTERNAL_TRANSLATION
"f77v.44,@Lt",f77v,2687,okalo,R00,S1_MULTI_TRANSCRIPTION_STRICT_CORE,S1,FORMAL_G3C_NONFRAME_SHORTFORM_HP,G3C,compact label / index / list entry,B,B,2,label_or_marginal,LABEL-FIELD,LABEL-FIELD,NO_VERIFIED_EXTERNAL_TRANSLATION
"f78r.1,@Lt",f78r,2689,okchdldlo,R00,S1_MULTI_TRANSCRIPTION_STRICT_CORE,S1,FORMAL_G3C_NONFRAME_SHORTFORM_HP,G3C,compact label / index / list entry,B,B,2,label_or_marginal,LABEL-FIELD,LABEL-FIELD,NO_VERIFIED_EXTERNAL_TRANSLATION
"f78r.2,@Lt",f78r,2690,okchdy,R00,S1_MULTI_TRANSCRIPTION_STRICT_CORE,S1,FORMAL_G3C_NONFRAME_SHORTFORM_HP,G3C,compact label / index / list entry,B,B,2,label_or_marginal,LABEL-LEX,LABEL-LEX,NO_VERIFIED_EXTERNAL_TRANSLATION
"f78r.5,+P0",f78r,2693,qckhedy cheky dol chedy qokedy qokain olkedy,R00 R06 R06 R02 H12 H08 R00,S2_STRONG_BUT_PARTIAL_TRANSCRIPTION_CORE,S2,FORMAL_G1_GLOBAL_FRAME,G1,relational frame / record line,B,B,2,paragraph_continuation,ARG/FILL FUNC-PARTICLE FUNC-PARTICLE FUNC-PARTICLE FUNC-PARTICLE FUNC-PARTICLE ARG/FILL,ARG/FILL / FUNC-PARTICLE / FUNC-PARTICLE / FUNC-PARTICLE / FUNC-PARTICLE / FUNC-PARTICLE / ARG/FILL,NO_VERIFIED_EXTERNAL_TRANSLATION
"f78r.14,+P0",f78r,2702,sor checkhy or chckhdy dol kedy qokededy qokan ol,R06 R00 R06 R00 R06 R06 H12 H08 R06,S1_MULTI_TRANSCRIPTION_STRICT_CORE,S1,FORMAL_G1_GLOBAL_FRAME,G1,relational frame / record line,B,B,2,paragraph_continuation,ARG/FILL ARG/FILL FUNC-PARTICLE ARG-LEX FUNC-PARTICLE ARG/FILL OP/HEAD OP/HEAD FUNC-PARTICLE,ARG/FILL / ARG/FILL / FUNC-PARTICLE / ARG-LEX / FUNC-PARTICLE / ARG/FILL / OP/HEAD / OP/HEAD / FUNC-PARTICLE,NO_VERIFIED_EXTERNAL_TRANSLATION
"f78r.45,@Lt",f78r,2733,dchedaly,R09,S1_MULTI_TRANSCRIPTION_STRICT_CORE,S1,FORMAL_G3C_NONFRAME_SHORTFORM_HP,G3C,compact label / index / list entry,B,B,2,label_or_marginal,QUAL/TAIL,QUAL/TAIL,NO_VERIFIED_EXTERNAL_TRANSLATION
"f78r.47,@Lt",f78r,2735,okaral,R03,S1_MULTI_TRANSCRIPTION_STRICT_CORE,S1,FORMAL_G3C_NONFRAME_SHORTFORM_HP,G3C,compact label / index / list entry,B,B,2,label_or_marginal,ARG/FILL,ARG/FILL,NO_VERIFIED_EXTERNAL_TRANSLATION
"f78v.7,+P0",f78v,2742,otor yshedy otedy shedy qokeedy qokedy otar otedy,R00 R00 R01 R06 H01 H12 R01 R01,S2_STRONG_BUT_PARTIAL_TRANSCRIPTION_CORE,S2,FORMAL_G1_GLOBAL_FRAME,G1,relational frame / record line,B,B,2,paragraph_continuation,ARG/FILL ARG/FILL FUNC-PARTICLE FUNC-PARTICLE FUNC-PARTICLE FUNC-PARTICLE QUAL/TAIL FUNC-PARTICLE,ARG/FILL / ARG/FILL / FUNC-PARTICLE / FUNC-PARTICLE / FUNC-PARTICLE / FUNC-PARTICLE / QUAL/TAIL / FUNC-PARTICLE,NO_VERIFIED_EXTERNAL_TRANSLATION
"f78v.29,+P0",f78v,2764,lchedy otchey qol chedy lr al s aiiin ol shedy ary,R00 R00 R00 R02 R00 R06 R06 R00 R06 R06 R00,S2_STRONG_BUT_PARTIAL_TRANSCRIPTION_CORE,S2,FORMAL_G3C_NONFRAME_SHORTFORM_HP,G3C,compact label / index / list entry,B,B,2,paragraph_continuation,FUNC-PARTICLE LABEL-FIELD FUNC-PARTICLE FUNC-PARTICLE LABEL-FIELD FUNC-PARTICLE FUNC-PARTICLE LABEL-FIELD FUNC-PARTICLE FUNC-PARTICLE LABEL-LEX,FUNC-PARTICLE / LABEL-FIELD / FUNC-PARTICLE / FUNC-PARTICLE / LABEL-FIELD / FUNC-PARTICLE / FUNC-PARTICLE / LABEL-FIELD / FUNC-PARTICLE / FUNC-PARTICLE / LABEL-LEX,NO_VERIFIED_EXTERNAL_TRANSLATION
"f79r.8,+P0",f79r,2775,qokol cheedy qokal shed ykchedy chcthy yoky qokal cholo,H08 R06 H08 R06 R00 R04 R06 H08 R00,S1_MULTI_TRANSCRIPTION_STRICT_CORE,S1,FORMAL_G1_GLOBAL_FRAME,G1,relational frame / record line,B,B,2,paragraph_continuation,FUNC-PARTICLE ARG/FILL FUNC-PARTICLE ARG/FILL ARG/FILL FUNC-PARTICLE ARG/FILL FUNC-PARTICLE ARG/FILL,FUNC-PARTICLE / ARG/FILL / FUNC-PARTICLE / ARG/FILL / ARG/FILL / FUNC-PARTICLE / ARG/FILL / FUNC-PARTICLE / ARG/FILL,NO_VERIFIED_EXTERNAL_TRANSLATION
"f79r.9,+P0",f79r,2776,saiin shedy psheedy qokar sheol qolchey qoty qokal qokam,R06 R06 R00 R03 R06 H07 H01 H08 H08,S1_MULTI_TRANSCRIPTION_STRICT_CORE,S1,FORMAL_G1_GLOBAL_FRAME,G1,relational frame / record line,B,B,2,paragraph_continuation,FUNC-PARTICLE FUNC-PARTICLE ARG/FILL FUNC-PARTICLE FUNC-PARTICLE OPERATOR FUNC-PARTICLE FUNC-PARTICLE OP/HEAD,FUNC-PARTICLE / FUNC-PARTICLE / ARG/FILL / FUNC-PARTICLE / FUNC-PARTICLE / OPERATOR / FUNC-PARTICLE / FUNC-PARTICLE / OP/HEAD,NO_VERIFIED_EXTERNAL_TRANSLATION
"f79r.10,+P0",f79r,2777,qokshedy qokain cheor okol sheeol qotey choty otechys,H12 H08 R00 R07 R06 H13 R00 R01,S1_MULTI_TRANSCRIPTION_STRICT_CORE,S1,FORMAL_G1_GLOBAL_FRAME,G1,relational frame / record line,B,B,2,paragraph_continuation,OP/HEAD FUNC-PARTICLE ARG/FILL FUNC-PARTICLE ARG/FILL OP/HEAD ARG/FILL QUAL/TAIL,OP/HEAD / FUNC-PARTICLE / ARG/FILL / FUNC-PARTICLE / ARG/FILL / OP/HEAD / ARG/FILL / QUAL/TAIL,NO_VERIFIED_EXTERNAL_TRANSLATION
"f79r.15,+P0",f79r,2782,qokl shey qokal chedy okol dyty r aiin ol sheol lchey,R00 R06 H08 R02 R07 R06 R00 R06 R06 R06 R00,S2_STRONG_BUT_PARTIAL_TRANSCRIPTION_CORE,S2,FORMAL_G1_GLOBAL_FRAME,G1,relational frame / record line,B,B,2,paragraph_continuation,ARG/FILL FUNC-PARTICLE FUNC-PARTICLE FUNC-PARTICLE FUNC-PARTICLE ARG/FILL LABEL-LEX FUNC-PARTICLE FUNC-PARTICLE FUNC-PARTICLE ARG/FILL,ARG/FILL / FUNC-PARTICLE / FUNC-PARTICLE / FUNC-PARTICLE / FUNC-PARTICLE / ARG/FILL / LABEL-LEX / FUNC-PARTICLE / FUNC-PARTICLE / FUNC-PARTICLE / ARG/FILL,NO_VERIFIED_EXTERNAL_TRANSLATION
"f79r.16,+P0",f79r,2783,shain shckhy qoly kshedy otal sheey qokain shey qokam,R06 R06 H07 R06 R01 R06 H08 R06 H08,S2_STRONG_BUT_PARTIAL_TRANSCRIPTION_CORE,S2,FORMAL_G1_GLOBAL_FRAME,G1,relational frame / record line,B,B,2,paragraph_continuation,ARG/FILL ARG-LEX OP/HEAD ARG/FILL QUAL/TAIL FUNC-PARTICLE FUNC-PARTICLE FUNC-PARTICLE OP/HEAD,ARG/FILL / ARG-LEX / OP/HEAD / ARG/FILL / QUAL/TAIL / FUNC-PARTICLE / FUNC-PARTICLE / FUNC-PARTICLE / OP/HEAD,NO_VERIFIED_EXTERNAL_TRANSLATION
"f79r.42,+P0",f79r,2809,sain okio chedy lkchedy aiin okain oly cheedy,R06 R00 R02 R00 R06 R10 R06 R06,S1_MULTI_TRANSCRIPTION_STRICT_CORE,S1,FORMAL_G3C_NONFRAME_SHORTFORM_HP,G3C,compact label / index / list entry,B,B,2,paragraph_continuation,FUNC-PARTICLE LABEL-FIELD FUNC-PARTICLE LABEL-FIELD FUNC-PARTICLE FUNC-PARTICLE FUNC-PARTICLE LABEL-FIELD,FUNC-PARTICLE / LABEL-FIELD / FUNC-PARTICLE / LABEL-FIELD / FUNC-PARTICLE / FUNC-PARTICLE / FUNC-PARTICLE / LABEL-FIELD,NO_VERIFIED_EXTERNAL_TRANSLATION
"f79v.2,+P0",f79v,2813,qoteedy qokchey qoty lshey qokain shey qorchedy,H01 H08 H01 R00 H08 R06 R00,S2_STRONG_BUT_PARTIAL_TRANSCRIPTION_CORE,S2,FORMAL_G2_CORE_LOCAL_KERNEL,G2,zone-local kernel / record line,B,B,2,paragraph_continuation,FUNC-PARTICLE OP/HEAD FUNC-PARTICLE ARG-LEX FUNC-PARTICLE FUNC-PARTICLE ARG/FILL,FUNC-PARTICLE / OP/HEAD / FUNC-PARTICLE / ARG-LEX / FUNC-PARTICLE / FUNC-PARTICLE / ARG/FILL,NO_VERIFIED_EXTERNAL_TRANSLATION
"f79v.4,+P0",f79v,2815,qokeedy qokeedy qotain sol chedy rchey qoky lchedy,H01 H01 H13 R06 R02 R00 H01 R00,S1_MULTI_TRANSCRIPTION_STRICT_CORE,S1,FORMAL_G2_CORE_LOCAL_KERNEL,G2,zone-local kernel / record line,B,B,2,paragraph_continuation,FUNC-PARTICLE FUNC-PARTICLE FUNC-PARTICLE FUNC-PARTICLE FUNC-PARTICLE ARG/FILL FUNC-PARTICLE FUNC-PARTICLE,FUNC-PARTICLE / FUNC-PARTICLE / FUNC-PARTICLE / FUNC-PARTICLE / FUNC-PARTICLE / ARG/FILL / FUNC-PARTICLE / FUNC-PARTICLE,NO_VERIFIED_EXTERNAL_TRANSLATION
"f79v.5,+P0",f79v,2816,qolkeedy qokedy qotal saiin ory qokedy oteedy lcheam,H21 H12 H13 R06 R00 H12 R01 R00,S2_STRONG_BUT_PARTIAL_TRANSCRIPTION_CORE,S2,FORMAL_G2_CORE_LOCAL_KERNEL,G2,zone-local kernel / record line,B,B,2,paragraph_continuation,OP/HEAD FUNC-PARTICLE OP/HEAD FUNC-PARTICLE ARG/FILL FUNC-PARTICLE FUNC-PARTICLE ARG/FILL,OP/HEAD / FUNC-PARTICLE / OP/HEAD / FUNC-PARTICLE / ARG/FILL / FUNC-PARTICLE / FUNC-PARTICLE / ARG/FILL,NO_VERIFIED_EXTERNAL_TRANSLATION
"f79v.8,+P0",f79v,2819,ychedy qotey okedy tedyol sheedy qokeey qoteedy lol,R00 H13 R00 R06 R06 H08 H01 R00,S2_STRONG_BUT_PARTIAL_TRANSCRIPTION_CORE,S2,FORMAL_G2_CORE_LOCAL_KERNEL,G2,zone-local kernel / record line,B,B,2,paragraph_continuation,ARG/FILL OP/HEAD FUNC-PARTICLE ARG/FILL FUNC-PARTICLE FUNC-PARTICLE FUNC-PARTICLE ARG/FILL,ARG/FILL / OP/HEAD / FUNC-PARTICLE / ARG/FILL / FUNC-PARTICLE / FUNC-PARTICLE / FUNC-PARTICLE / ARG/FILL,NO_VERIFIED_EXTERNAL_TRANSLATION
"f79v.9,+P0",f79v,2820,sar ol sheey qokeedy qokechey qol,R06 R06 R06 H01 H08 R00,S1_MULTI_TRANSCRIPTION_STRICT_CORE,S1,FORMAL_G2_CORE_LOCAL_KERNEL,G2,zone-local kernel / record line,B,B,2,paragraph_continuation,ARG/FILL FUNC-PARTICLE FUNC-PARTICLE FUNC-PARTICLE OP/HEAD FUNC-PARTICLE,ARG/FILL / FUNC-PARTICLE / FUNC-PARTICLE / FUNC-PARTICLE / OP/HEAD / FUNC-PARTICLE,NO_VERIFIED_EXTERNAL_TRANSLATION
"f79v.11,+P0",f79v,2822,olcheey lchedy qolkeedy qokain chckhy otar olkam,R00 R00 H21 H08 R00 R01 R00,S2_STRONG_BUT_PARTIAL_TRANSCRIPTION_CORE,S2,FORMAL_G1_GLOBAL_FRAME,G1,relational frame / record line,B,B,2,paragraph_continuation,ARG/FILL FUNC-PARTICLE OP/HEAD FUNC-PARTICLE FUNC-PARTICLE QUAL/TAIL ARG/FILL,ARG/FILL / FUNC-PARTICLE / OP/HEAD / FUNC-PARTICLE / FUNC-PARTICLE / QUAL/TAIL / ARG/FILL,NO_VERIFIED_EXTERNAL_TRANSLATION
"f79v.12,+P0",f79v,2823,pshdy ofchdy qokedy qoteedy qokedy qoltedy qotedy oky,R06 R00 H12 H01 H12 H21 H17 R00,S2_STRONG_BUT_PARTIAL_TRANSCRIPTION_CORE,S2,FORMAL_G1_GLOBAL_FRAME,G1,relational frame / record line,B,B,2,paragraph_continuation,ARG/FILL ARG/FILL FUNC-PARTICLE FUNC-PARTICLE FUNC-PARTICLE OP/HEAD FUNC-PARTICLE FUNC-PARTICLE,ARG/FILL / ARG/FILL / FUNC-PARTICLE / FUNC-PARTICLE / FUNC-PARTICLE / OP/HEAD / FUNC-PARTICLE / FUNC-PARTICLE,NO_VERIFIED_EXTERNAL_TRANSLATION
"f79v.13,+P0",f79v,2824,dain ar olshey dytain qokain checthy okeedy qokeedy ror,R06 R06 R00 R06 H08 R00 R00 H01 R00,S1_MULTI_TRANSCRIPTION_STRICT_CORE,S1,FORMAL_G2_CORE_LOCAL_KERNEL,G2,zone-local kernel / record line,B,B,2,paragraph_continuation,FUNC-PARTICLE FUNC-PARTICLE ARG/FILL ARG/FILL FUNC-PARTICLE ARG/FILL FUNC-PARTICLE FUNC-PARTICLE ARG/FILL,FUNC-PARTICLE / FUNC-PARTICLE / ARG/FILL / ARG/FILL / FUNC-PARTICLE / ARG/FILL / FUNC-PARTICLE / FUNC-PARTICLE / ARG/FILL,NO_VERIFIED_EXTERNAL_TRANSLATION
"f79v.16,+P0",f79v,2827,dol sheey qol olkshey qokeedy olkeedy qol okaiin oly,R06 R06 R00 R00 H01 R00 R00 R10 R06,S1_MULTI_TRANSCRIPTION_STRICT_CORE,S1,FORMAL_G2_CORE_LOCAL_KERNEL,G2,zone-local kernel / record line,B,B,2,paragraph_continuation,FUNC-PARTICLE FUNC-PARTICLE FUNC-PARTICLE ARG/FILL FUNC-PARTICLE ARG/FILL FUNC-PARTICLE FUNC-PARTICLE FUNC-PARTICLE,FUNC-PARTICLE / FUNC-PARTICLE / FUNC-PARTICLE / ARG/FILL / FUNC-PARTICLE / ARG/FILL / FUNC-PARTICLE / FUNC-PARTICLE / FUNC-PARTICLE,NO_VERIFIED_EXTERNAL_TRANSLATION
"f79v.17,+P0",f79v,2828,qol sheey chol ol dar qokaiin cheekey qoky otain oram,R00 R06 R07 R06 R06 H08 R00 H01 R00 R00,S1_MULTI_TRANSCRIPTION_STRICT_CORE,S1,FORMAL_G2_CORE_LOCAL_KERNEL,G2,zone-local kernel / record line,B,B,2,paragraph_continuation,FUNC-PARTICLE FUNC-PARTICLE FUNC-PARTICLE FUNC-PARTICLE FUNC-PARTICLE FUNC-PARTICLE ARG/FILL FUNC-PARTICLE FUNC-PARTICLE ARG/FILL,FUNC-PARTICLE / FUNC-PARTICLE / FUNC-PARTICLE / FUNC-PARTICLE / FUNC-PARTICLE / FUNC-PARTICLE / ARG/FILL / FUNC-PARTICLE / FUNC-PARTICLE / ARG/FILL,NO_VERIFIED_EXTERNAL_TRANSLATION
"f79v.18,+P0",f79v,2829,qokain sheey qokeey teey oteey lcheey qokeey olkeedy rchey,H08 R06 H08 R06 R01 R00 H08 R00 R00,S1_MULTI_TRANSCRIPTION_STRICT_CORE,S1,FORMAL_G2_CORE_LOCAL_KERNEL,G2,zone-local kernel / record line,B,B,2,paragraph_continuation,FUNC-PARTICLE FUNC-PARTICLE FUNC-PARTICLE ARG/FILL QUALIFIER ARG/FILL FUNC-PARTICLE ARG/FILL ARG/FILL,FUNC-PARTICLE / FUNC-PARTICLE / FUNC-PARTICLE / ARG/FILL / QUALIFIER / ARG/FILL / FUNC-PARTICLE / ARG/FILL / ARG/FILL,NO_VERIFIED_EXTERNAL_TRANSLATION
"f79v.21,+P0",f79v,2832,dshey qokal sheedy sheky orain otshdy dain cther aror,R06 H08 R06 R06 R00 R00 R06 R04 R00,S1_MULTI_TRANSCRIPTION_STRICT_CORE,S1,FORMAL_G2_CORE_LOCAL_KERNEL,G2,zone-local kernel / record line,B,B,2,paragraph_continuation,ARG/FILL FUNC-PARTICLE FUNC-PARTICLE ARG/FILL ARG/FILL ARG/FILL FUNC-PARTICLE QUAL/TAIL ARG/FILL,ARG/FILL / FUNC-PARTICLE / FUNC-PARTICLE / ARG/FILL / ARG/FILL / ARG/FILL / FUNC-PARTICLE / QUAL/TAIL / ARG/FILL,NO_VERIFIED_EXTERNAL_TRANSLATION
"f79v.23,+P0",f79v,2834,tolkey okar ol okaiin otylor qokol okeedy dalary,R06 R03 R06 R10 R00 H08 R00 R06,S2_STRONG_BUT_PARTIAL_TRANSCRIPTION_CORE,S2,FORMAL_G2_CORE_LOCAL_KERNEL,G2,zone-local kernel / record line,B,B,2,paragraph_continuation,ARG/FILL FUNC-PARTICLE FUNC-PARTICLE FUNC-PARTICLE ARG/FILL FUNC-PARTICLE FUNC-PARTICLE ARG/FILL,ARG/FILL / FUNC-PARTICLE / FUNC-PARTICLE / FUNC-PARTICLE / ARG/FILL / FUNC-PARTICLE / FUNC-PARTICLE / ARG/FILL,NO_VERIFIED_EXTERNAL_TRANSLATION
"f79v.25,+P0",f79v,2836,qokeey ol olshdy qotain oteedy olkain otshey sain ol,H08 R06 R00 H13 R01 R00 R00 R06 R06,S1_MULTI_TRANSCRIPTION_STRICT_CORE,S1,FORMAL_G2_CORE_LOCAL_KERNEL,G2,zone-local kernel / record line,B,B,2,paragraph_continuation,FUNC-PARTICLE FUNC-PARTICLE ARG/FILL FUNC-PARTICLE FUNC-PARTICLE ARG/FILL ARG/FILL FUNC-PARTICLE FUNC-PARTICLE,FUNC-PARTICLE / FUNC-PARTICLE / ARG/FILL / FUNC-PARTICLE / FUNC-PARTICLE / ARG/FILL / ARG/FILL / FUNC-PARTICLE / FUNC-PARTICLE,NO_VERIFIED_EXTERNAL_TRANSLATION
"f79v.27,+P0",f79v,2838,odchey kar akain opar otain olkey,R00 R06 R00 R00 R00 R00,S1_MULTI_TRANSCRIPTION_STRICT_CORE,S1,FORMAL_G2_CORE_LOCAL_KERNEL,G2,zone-local kernel / record line,B,B,2,paragraph_continuation,ARG/FILL ARG/FILL ARG/FILL ARG/FILL FUNC-PARTICLE ARG/FILL,ARG/FILL / ARG/FILL / ARG/FILL / ARG/FILL / FUNC-PARTICLE / ARG/FILL,NO_VERIFIED_EXTERNAL_TRANSLATION
"f79v.28,+P0",f79v,2839,pchey ksheol qokain ofchedy otalshdy olkair otaiin okeedy,R06 R06 H08 R00 R00 R00 R10 R00,S1_MULTI_TRANSCRIPTION_STRICT_CORE,S1,FORMAL_G2_CORE_LOCAL_KERNEL,G2,zone-local kernel / record line,B,B,2,paragraph_continuation,ARG/FILL ARG/FILL FUNC-PARTICLE ARG/FILL ARG/FILL ARG/FILL FUNC-PARTICLE FUNC-PARTICLE,ARG/FILL / ARG/FILL / FUNC-PARTICLE / ARG/FILL / ARG/FILL / ARG/FILL / FUNC-PARTICLE / FUNC-PARTICLE,NO_VERIFIED_EXTERNAL_TRANSLATION
"f79v.29,+P0",f79v,2840,dain sheyteedy lk opchedy qotedy otey tal dain oteey oty,R06 R00 R00 R00 H17 R01 R06 R06 R01 R01,S1_MULTI_TRANSCRIPTION_STRICT_CORE,S1,FORMAL_G1_GLOBAL_FRAME,G1,relational frame / record line,B,B,2,paragraph_continuation,FUNC-PARTICLE ARG/FILL ARG/FILL ARG/FILL FUNC-PARTICLE QUAL/TAIL ARG/FILL FUNC-PARTICLE QUALIFIER QUAL/TAIL,FUNC-PARTICLE / ARG/FILL / ARG/FILL / ARG/FILL / FUNC-PARTICLE / QUAL/TAIL / ARG/FILL / FUNC-PARTICLE / QUALIFIER / QUAL/TAIL,NO_VERIFIED_EXTERNAL_TRANSLATION
"f79v.34,+P0",f79v,2845,ykeeey qokeey lshey qokytchedy orsheedy otain sheor oly,R06 H08 R00 H10 R00 R00 R06 R06,S2_STRONG_BUT_PARTIAL_TRANSCRIPTION_CORE,S2,FORMAL_G2_CORE_LOCAL_KERNEL,G2,zone-local kernel / record line,B,B,2,paragraph_continuation,ARG/FILL FUNC-PARTICLE ARG-LEX OP/HEAD ARG/FILL FUNC-PARTICLE ARG/FILL FUNC-PARTICLE,ARG/FILL / FUNC-PARTICLE / ARG-LEX / OP/HEAD / ARG/FILL / FUNC-PARTICLE / ARG/FILL / FUNC-PARTICLE,NO_VERIFIED_EXTERNAL_TRANSLATION
"f79v.35,+P0",f79v,2846,qor cheey kain chl ol otol dain otain ol oteedy qokan,R00 R06 R06 R00 R06 R01 R06 R00 R06 R01 H08,S1_MULTI_TRANSCRIPTION_STRICT_CORE,S1,FORMAL_G2_CORE_LOCAL_KERNEL,G2,zone-local kernel / record line,B,B,2,paragraph_continuation,ARG/FILL FUNC-PARTICLE ARG/FILL ARG/FILL FUNC-PARTICLE QUAL/TAIL FUNC-PARTICLE FUNC-PARTICLE FUNC-PARTICLE FUNC-PARTICLE OP/HEAD,ARG/FILL / FUNC-PARTICLE / ARG/FILL / ARG/FILL / FUNC-PARTICLE / QUAL/TAIL / FUNC-PARTICLE / FUNC-PARTICLE / FUNC-PARTICLE / FUNC-PARTICLE / OP/HEAD,NO_VERIFIED_EXTERNAL_TRANSLATION
"f79v.36,+P0",f79v,2847,ysheey olshey oltshsey sheepshey,R06 R00 R00 R00,S1_MULTI_TRANSCRIPTION_STRICT_CORE,S1,FORMAL_G2_CORE_LOCAL_KERNEL,G2,zone-local kernel / record line,B,B,2,paragraph_continuation,ARG/FILL ARG/FILL ARG/FILL ARG/FILL,ARG/FILL / ARG/FILL / ARG/FILL / ARG/FILL,NO_VERIFIED_EXTERNAL_TRANSLATION
"f79v.38,+P0",f79v,2849,olkeeey qokeey okeedy shedy qokeey okain sheckhdy dag,R00 H08 R00 R06 H08 R10 R00 R06,S1_MULTI_TRANSCRIPTION_STRICT_CORE,S1,FORMAL_G2_CORE_LOCAL_KERNEL,G2,zone-local kernel / record line,B,B,2,paragraph_continuation,ARG/FILL FUNC-PARTICLE FUNC-PARTICLE FUNC-PARTICLE FUNC-PARTICLE FUNC-PARTICLE ARG/FILL ARG/FILL,ARG/FILL / FUNC-PARTICLE / FUNC-PARTICLE / FUNC-PARTICLE / FUNC-PARTICLE / FUNC-PARTICLE / ARG/FILL / ARG/FILL,NO_VERIFIED_EXTERNAL_TRANSLATION
"f79v.40,+P0",f79v,2851,qokees aiin okain ol oiin qokoin sheky qokeedy qokar ol,H08 R06 R10 R06 R00 H08 R06 H01 R03 R06,S1_MULTI_TRANSCRIPTION_STRICT_CORE,S1,FORMAL_G2_CORE_LOCAL_KERNEL,G2,zone-local kernel / record line,B,B,2,paragraph_continuation,OP/HEAD FUNC-PARTICLE FUNC-PARTICLE FUNC-PARTICLE ARG/FILL OP/HEAD ARG/FILL FUNC-PARTICLE FUNC-PARTICLE FUNC-PARTICLE,OP/HEAD / FUNC-PARTICLE / FUNC-PARTICLE / FUNC-PARTICLE / ARG/FILL / OP/HEAD / ARG/FILL / FUNC-PARTICLE / FUNC-PARTICLE / FUNC-PARTICLE,NO_VERIFIED_EXTERNAL_TRANSLATION
"f80r.2,=Ln",f80r,2855,olchdy,R00,S1_MULTI_TRANSCRIPTION_STRICT_CORE,S1,FORMAL_G3C_NONFRAME_SHORTFORM_HP,G3C,compact label / index / list entry,B,B,2,=L,LABEL-FIELD,LABEL-FIELD,NO_VERIFIED_EXTERNAL_TRANSLATION
"f80r.3,=Ln",f80r,2856,okaly,R00,S1_MULTI_TRANSCRIPTION_STRICT_CORE,S1,FORMAL_G3C_NONFRAME_SHORTFORM_HP,G3C,compact label / index / list entry,B,B,2,=L,LABEL-FIELD,LABEL-FIELD,NO_VERIFIED_EXTERNAL_TRANSLATION
"f80r.4,=Ln",f80r,2857,okolo,R00,S1_MULTI_TRANSCRIPTION_STRICT_CORE,S1,FORMAL_G3C_NONFRAME_SHORTFORM_HP,G3C,compact label / index / list entry,B,B,2,=L,LABEL-FIELD,LABEL-FIELD,NO_VERIFIED_EXTERNAL_TRANSLATION
"f80r.5,=Ln",f80r,2858,okary,R00,S1_MULTI_TRANSCRIPTION_STRICT_CORE,S1,FORMAL_G3C_NONFRAME_SHORTFORM_HP,G3C,compact label / index / list entry,B,B,2,=L,LABEL-LEX,LABEL-LEX,NO_VERIFIED_EXTERNAL_TRANSLATION
"f80r.6,=Ln",f80r,2859,opor,R00,S1_MULTI_TRANSCRIPTION_STRICT_CORE,S1,FORMAL_G3C_NONFRAME_SHORTFORM_HP,G3C,compact label / index / list entry,B,B,2,=L,LABEL-FIELD,LABEL-FIELD,NO_VERIFIED_EXTERNAL_TRANSLATION
"f80r.7,~Ln",f80r,2860,olky,R00,S1_MULTI_TRANSCRIPTION_STRICT_CORE,S1,FORMAL_G3C_NONFRAME_SHORTFORM_HP,G3C,compact label / index / list entry,B,B,2,~L,LABEL-FIELD,LABEL-FIELD,NO_VERIFIED_EXTERNAL_TRANSLATION
"f80r.8,=Ln",f80r,2861,otalshedy,R00,S1_MULTI_TRANSCRIPTION_STRICT_CORE,S1,FORMAL_G3C_NONFRAME_SHORTFORM_HP,G3C,compact label / index / list entry,B,B,2,=L,LABEL-FIELD,LABEL-FIELD,NO_VERIFIED_EXTERNAL_TRANSLATION
"f80r.9,~Ln",f80r,2862,okar,R03,S1_MULTI_TRANSCRIPTION_STRICT_CORE,S1,FORMAL_G3C_NONFRAME_SHORTFORM_HP,G3C,compact label / index / list entry,B,B,2,~L,FUNC-PARTICLE,FUNC-PARTICLE,NO_VERIFIED_EXTERNAL_TRANSLATION
"f80r.10,+Ln",f80r,2863,okan,R00,S2_STRONG_BUT_PARTIAL_TRANSCRIPTION_CORE,S2,FORMAL_G3C_NONFRAME_SHORTFORM_HP,G3C,compact label / index / list entry,B,B,2,+L,LABEL-FIELD,LABEL-FIELD,NO_VERIFIED_EXTERNAL_TRANSLATION
"f80r.12,+P0",f80r,2865,dykshy olotchedy qokain qotain chckhey qokain okal qotain okedy qolr,R06 R00 H08 H13 R00 H08 R07 H13 R00 H07,S2_STRONG_BUT_PARTIAL_TRANSCRIPTION_CORE,S2,FORMAL_G1_GLOBAL_FRAME,G1,relational frame / record line,B,B,2,paragraph_continuation,ARG/FILL ARG/FILL FUNC-PARTICLE FUNC-PARTICLE ARG/FILL FUNC-PARTICLE FUNC-PARTICLE FUNC-PARTICLE FUNC-PARTICLE OP/HEAD,ARG/FILL / ARG/FILL / FUNC-PARTICLE / FUNC-PARTICLE / ARG/FILL / FUNC-PARTICLE / FUNC-PARTICLE / FUNC-PARTICLE / FUNC-PARTICLE / OP/HEAD,NO_VERIFIED_EXTERNAL_TRANSLATION
"f80r.14,+P0",f80r,2867,solkain shl lky chcthy qokain qotchy qotal dy chckhy lchey qotar otal,R00 R06 R00 R04 H08 H13 H13 R02 R00 R00 H13 R01,S1_MULTI_TRANSCRIPTION_STRICT_CORE,S1,FORMAL_G1_GLOBAL_FRAME,G1,relational frame / record line,B,B,2,paragraph_continuation,ARG/FILL ARG/FILL ARG/FILL FUNC-PARTICLE FUNC-PARTICLE OPERATOR OP/HEAD FUNC-PARTICLE FUNC-PARTICLE ARG/FILL OP/HEAD QUAL/TAIL,ARG/FILL / ARG/FILL / ARG/FILL / FUNC-PARTICLE / FUNC-PARTICLE / OPERATOR / OP/HEAD / FUNC-PARTICLE / FUNC-PARTICLE / ARG/FILL / OP/HEAD / QUAL/TAIL,NO_VERIFIED_EXTERNAL_TRANSLATION
"f80r.21,+P0",f80r,2874,shedy qokey shckhey qotar chckhy otol teol sheol qotal oltain chcthy,R06 H08 R00 H13 R00 R01 R06 R06 H13 R00 R04,S1_MULTI_TRANSCRIPTION_STRICT_CORE,S1,FORMAL_G1_GLOBAL_FRAME,G1,relational frame / record line,B,B,2,paragraph_continuation,FUNC-PARTICLE FUNC-PARTICLE ARG/FILL OP/HEAD FUNC-PARTICLE QUAL/TAIL ARG/FILL FUNC-PARTICLE OP/HEAD ARG/FILL FUNC-PARTICLE,FUNC-PARTICLE / FUNC-PARTICLE / ARG/FILL / OP/HEAD / FUNC-PARTICLE / QUAL/TAIL / ARG/FILL / FUNC-PARTICLE / OP/HEAD / ARG/FILL / FUNC-PARTICLE,NO_VERIFIED_EXTERNAL_TRANSLATION
"f80r.25,+P0",f80r,2878,dar sheal cheeky okain sol lshedy dol checthy orol eeesal olo teol ory,R06 R06 R00 R10 R06 R00 R06 R00 R00 R00 R00 R06 R00,S1_MULTI_TRANSCRIPTION_STRICT_CORE,S1,FORMAL_G3C_NONFRAME_SHORTFORM_HP,G3C,compact label / index / list entry,B,B,2,paragraph_continuation,FUNC-PARTICLE ARG-LEX LABEL-FIELD FUNC-PARTICLE FUNC-PARTICLE LABEL-FIELD FUNC-PARTICLE LABEL-FIELD LABEL-FIELD LABEL-FIELD LABEL-FIELD LABEL-FIELD LABEL-FIELD,FUNC-PARTICLE / ARG-LEX / LABEL-FIELD / FUNC-PARTICLE / FUNC-PARTICLE / LABEL-FIELD / FUNC-PARTICLE / LABEL-FIELD / LABEL-FIELD / LABEL-FIELD / LABEL-FIELD / LABEL-FIELD / LABEL-FIELD,NO_VERIFIED_EXTERNAL_TRANSLATION
"f80r.35,+P0",f80r,2888,olkeey lsheol qokeey shedy qol shedy qokain shey qoty qokain qokady,R00 R00 H08 R06 R00 R06 H08 R06 H01 H08 R00,S1_MULTI_TRANSCRIPTION_STRICT_CORE,S1,FORMAL_G1_GLOBAL_FRAME,G1,relational frame / record line,B,B,2,paragraph_continuation,ARG/FILL ARG/FILL FUNC-PARTICLE FUNC-PARTICLE FUNC-PARTICLE FUNC-PARTICLE FUNC-PARTICLE FUNC-PARTICLE FUNC-PARTICLE FUNC-PARTICLE ARG/FILL,ARG/FILL / ARG/FILL / FUNC-PARTICLE / FUNC-PARTICLE / FUNC-PARTICLE / FUNC-PARTICLE / FUNC-PARTICLE / FUNC-PARTICLE / FUNC-PARTICLE / FUNC-PARTICLE / ARG/FILL,NO_VERIFIED_EXTERNAL_TRANSLATION
"f80r.40,+P0",f80r,2893,torolshsdy opchey shepchy qotain shcthy qokedy daly,R00 R00 R00 H13 R06 H12 R09,S2_STRONG_BUT_PARTIAL_TRANSCRIPTION_CORE,S2,FORMAL_G1_GLOBAL_FRAME,G1,relational frame / record line,B,B,2,paragraph_continuation,ARG/FILL ARG/FILL ARG/FILL FUNC-PARTICLE ARG-LEX FUNC-PARTICLE QUAL/TAIL,ARG/FILL / ARG/FILL / ARG/FILL / FUNC-PARTICLE / ARG-LEX / FUNC-PARTICLE / QUAL/TAIL,NO_VERIFIED_EXTERNAL_TRANSLATION
"f80v.8,+P0",f80v,2914,olteedy qokaiin shedy qokain sheol qokchdy qokchdy qotydy,R00 H08 R06 H08 R06 H09 H09 R00,S2_STRONG_BUT_PARTIAL_TRANSCRIPTION_CORE,S2,FORMAL_G1_GLOBAL_FRAME,G1,relational frame / record line,B,B,2,paragraph_continuation,ARG/FILL FUNC-PARTICLE FUNC-PARTICLE FUNC-PARTICLE FUNC-PARTICLE FUNC-PARTICLE FUNC-PARTICLE ARG/FILL,ARG/FILL / FUNC-PARTICLE / FUNC-PARTICLE / FUNC-PARTICLE / FUNC-PARTICLE / FUNC-PARTICLE / FUNC-PARTICLE / ARG/FILL,NO_VERIFIED_EXTERNAL_TRANSLATION
"f80v.18,+P0",f80v,2924,ychedy qol okaiin olkedy or okain,R00 R00 R10 R00 R06 R10,S1_MULTI_TRANSCRIPTION_STRICT_CORE,S1,FORMAL_G3C_NONFRAME_SHORTFORM_HP,G3C,compact label / index / list entry,B,B,2,paragraph_continuation,LABEL-FIELD FUNC-PARTICLE FUNC-PARTICLE LABEL-FIELD FUNC-PARTICLE FUNC-PARTICLE,LABEL-FIELD / FUNC-PARTICLE / FUNC-PARTICLE / LABEL-FIELD / FUNC-PARTICLE / FUNC-PARTICLE,NO_VERIFIED_EXTERNAL_TRANSLATION
"f80v.22,+P0",f80v,2928,dchedy qokal ol chey dal or shedy lshedy,R06 H08 R06 R06 R09 R06 R06 R00,S1_MULTI_TRANSCRIPTION_STRICT_CORE,S1,FORMAL_G1_GLOBAL_FRAME,G1,relational frame / record line,B,B,2,paragraph_continuation,ARG/FILL FUNC-PARTICLE FUNC-PARTICLE FUNC-PARTICLE FUNC-PARTICLE FUNC-PARTICLE FUNC-PARTICLE ARG/FILL,ARG/FILL / FUNC-PARTICLE / FUNC-PARTICLE / FUNC-PARTICLE / FUNC-PARTICLE / FUNC-PARTICLE / FUNC-PARTICLE / ARG/FILL,NO_VERIFIED_EXTERNAL_TRANSLATION
"f80v.23,+P0",f80v,2929,polteshol opy shey qopshedy qoteedy qotol shy kolshd qoky,R00 R00 R06 H21 H01 H13 R06 R06 H01,S1_MULTI_TRANSCRIPTION_STRICT_CORE,S1,FORMAL_G1_GLOBAL_FRAME,G1,relational frame / record line,B,B,2,paragraph_continuation,ARG/FILL ARG/FILL FUNC-PARTICLE OP/HEAD FUNC-PARTICLE OPERATOR FUNC-PARTICLE ARG/FILL FUNC-PARTICLE,ARG/FILL / ARG/FILL / FUNC-PARTICLE / OP/HEAD / FUNC-PARTICLE / OPERATOR / FUNC-PARTICLE / ARG/FILL / FUNC-PARTICLE,NO_VERIFIED_EXTERNAL_TRANSLATION
"f80v.24,+P0",f80v,2930,yshedy qokeey qokey qoty qotol otaiin ol chedy qoky daiin,R00 H08 H08 H01 H13 R10 R06 R02 H01 R10,S1_MULTI_TRANSCRIPTION_STRICT_CORE,S1,FORMAL_G1_GLOBAL_FRAME,G1,relational frame / record line,B,B,2,paragraph_continuation,ARG/FILL FUNC-PARTICLE FUNC-PARTICLE FUNC-PARTICLE OPERATOR FUNC-PARTICLE FUNC-PARTICLE FUNC-PARTICLE FUNC-PARTICLE FUNC-PARTICLE,ARG/FILL / FUNC-PARTICLE / FUNC-PARTICLE / FUNC-PARTICLE / OPERATOR / FUNC-PARTICLE / FUNC-PARTICLE / FUNC-PARTICLE / FUNC-PARTICLE / FUNC-PARTICLE,NO_VERIFIED_EXTERNAL_TRANSLATION
"f80v.27,+P0",f80v,2933,pshol kain olkar shey qokain dal oltaiin okain shal qoty,R06 R06 R00 R06 H08 R09 R00 R10 R06 H01,S2_STRONG_BUT_PARTIAL_TRANSCRIPTION_CORE,S2,FORMAL_G1_GLOBAL_FRAME,G1,relational frame / record line,B,B,2,paragraph_continuation,ARG/FILL ARG/FILL ARG/FILL FUNC-PARTICLE FUNC-PARTICLE FUNC-PARTICLE ARG/FILL FUNC-PARTICLE ARG/FILL FUNC-PARTICLE,ARG/FILL / ARG/FILL / ARG/FILL / FUNC-PARTICLE / FUNC-PARTICLE / FUNC-PARTICLE / ARG/FILL / FUNC-PARTICLE / ARG/FILL / FUNC-PARTICLE,NO_VERIFIED_EXTERNAL_TRANSLATION
"f80v.38,+P0",f80v,2944,polkedy lsheckhy olky ot olkchy rchey qcthy rchey ral,R00 R00 R00 R00 R00 R00 R00 R00 R00,S2_STRONG_BUT_PARTIAL_TRANSCRIPTION_CORE,S2,FORMAL_G3C_NONFRAME_SHORTFORM_HP,G3C,compact label / index / list entry,B,B,2,paragraph_continuation,LABEL-FIELD LABEL-FIELD LABEL-FIELD LABEL-FIELD LABEL-FIELD LABEL-FIELD LABEL-FIELD LABEL-FIELD LABEL-FIELD,LABEL-FIELD / LABEL-FIELD / LABEL-FIELD / LABEL-FIELD / LABEL-FIELD / LABEL-FIELD / LABEL-FIELD / LABEL-FIELD / LABEL-FIELD,NO_VERIFIED_EXTERNAL_TRANSLATION
"f80v.43,+P0",f80v,2949,sor ain shkain shar okshey dalar shokal dy,R06 R06 R06 R06 R00 R06 R06 R02,S1_MULTI_TRANSCRIPTION_STRICT_CORE,S1,FORMAL_G3C_NONFRAME_SHORTFORM_HP,G3C,compact label / index / list entry,B,B,2,paragraph_continuation,LABEL-FIELD LABEL-FIELD LABEL-FIELD LABEL-FIELD LABEL-FIELD LABEL-FIELD LABEL-FIELD FUNC-PARTICLE,LABEL-FIELD / LABEL-FIELD / LABEL-FIELD / LABEL-FIELD / LABEL-FIELD / LABEL-FIELD / LABEL-FIELD / FUNC-PARTICLE,NO_VERIFIED_EXTERNAL_TRANSLATION
"f81r.7,+P0",f81r,2957,dshees okain chcthy otey okain,R06 R10 R04 R01 R10,S1_MULTI_TRANSCRIPTION_STRICT_CORE,S1,FORMAL_G2_CORE_LOCAL_KERNEL,G2,zone-local kernel / record line,B,B,2,paragraph_continuation,ARG/FILL FUNC-PARTICLE FUNC-PARTICLE QUAL/TAIL FUNC-PARTICLE,ARG/FILL / FUNC-PARTICLE / FUNC-PARTICLE / QUAL/TAIL / FUNC-PARTICLE,NO_VERIFIED_EXTERNAL_TRANSLATION
"f81r.8,+P0",f81r,2958,pchedy qokeey oty qotey oteey oly,R06 H08 R01 H13 R01 R06,S1_MULTI_TRANSCRIPTION_STRICT_CORE,S1,FORMAL_G2_CORE_LOCAL_KERNEL,G2,zone-local kernel / record line,B,B,2,paragraph_continuation,ARG-LEX FUNC-PARTICLE QUAL/TAIL OP/HEAD QUALIFIER FUNC-PARTICLE,ARG-LEX / FUNC-PARTICLE / QUAL/TAIL / OP/HEAD / QUALIFIER / FUNC-PARTICLE,NO_VERIFIED_EXTERNAL_TRANSLATION
"f81r.10,+P0",f81r,2960,chol dain otedy cheey qotain ly,R07 R06 R01 R06 H13 R00,S1_MULTI_TRANSCRIPTION_STRICT_CORE,S1,FORMAL_G2_CORE_LOCAL_KERNEL,G2,zone-local kernel / record line,B,B,2,paragraph_continuation,FUNC-PARTICLE FUNC-PARTICLE FUNC-PARTICLE FUNC-PARTICLE FUNC-PARTICLE ARG/FILL,FUNC-PARTICLE / FUNC-PARTICLE / FUNC-PARTICLE / FUNC-PARTICLE / FUNC-PARTICLE / ARG/FILL,NO_VERIFIED_EXTERNAL_TRANSLATION
"f81r.12,+P0",f81r,2962,ychedy tedy ol sheedy qokeey loly,R00 R06 R06 R06 H08 R00,S1_MULTI_TRANSCRIPTION_STRICT_CORE,S1,FORMAL_G2_CORE_LOCAL_KERNEL,G2,zone-local kernel / record line,B,B,2,paragraph_continuation,ARG/FILL ARG/FILL FUNC-PARTICLE FUNC-PARTICLE FUNC-PARTICLE ARG/FILL,ARG/FILL / ARG/FILL / FUNC-PARTICLE / FUNC-PARTICLE / FUNC-PARTICLE / ARG/FILL,NO_VERIFIED_EXTERNAL_TRANSLATION
"f81r.13,+P0",f81r,2963,dchol shedy qotedy qol chedy chetyry,R06 R06 H17 R00 R02 R00,S1_MULTI_TRANSCRIPTION_STRICT_CORE,S1,FORMAL_G2_CORE_LOCAL_KERNEL,G2,zone-local kernel / record line,B,B,2,paragraph_continuation,ARG/FILL FUNC-PARTICLE FUNC-PARTICLE FUNC-PARTICLE FUNC-PARTICLE ARG/FILL,ARG/FILL / FUNC-PARTICLE / FUNC-PARTICLE / FUNC-PARTICLE / FUNC-PARTICLE / ARG/FILL,NO_VERIFIED_EXTERNAL_TRANSLATION
"f81r.15,+P0",f81r,2965,sain ol cheedy qokeedy otedy,R06 R06 R06 H01 R01,S1_MULTI_TRANSCRIPTION_STRICT_CORE,S1,FORMAL_G2_CORE_LOCAL_KERNEL,G2,zone-local kernel / record line,B,B,2,paragraph_continuation,FUNC-PARTICLE FUNC-PARTICLE ARG/FILL FUNC-PARTICLE FUNC-PARTICLE,FUNC-PARTICLE / FUNC-PARTICLE / ARG/FILL / FUNC-PARTICLE / FUNC-PARTICLE,NO_VERIFIED_EXTERNAL_TRANSLATION
"f81r.17,+P0",f81r,2967,ychecthy okeedy shey qokedy ol ochedar,R04 R00 R06 H12 R06 R00,S2_STRONG_BUT_PARTIAL_TRANSCRIPTION_CORE,S2,FORMAL_G2_CORE_LOCAL_KERNEL,G2,zone-local kernel / record line,B,B,2,paragraph_continuation,QUAL/TAIL FUNC-PARTICLE FUNC-PARTICLE FUNC-PARTICLE FUNC-PARTICLE ARG/FILL,QUAL/TAIL / FUNC-PARTICLE / FUNC-PARTICLE / FUNC-PARTICLE / FUNC-PARTICLE / ARG/FILL,NO_VERIFIED_EXTERNAL_TRANSLATION
"f81r.18,+P0",f81r,2968,osheedy shedy ol shedy okeedy oror,R00 R06 R06 R06 R00 R00,S1_MULTI_TRANSCRIPTION_STRICT_CORE,S1,FORMAL_G2_CORE_LOCAL_KERNEL,G2,zone-local kernel / record line,B,B,2,paragraph_continuation,ARG/FILL FUNC-PARTICLE FUNC-PARTICLE FUNC-PARTICLE FUNC-PARTICLE ARG/FILL,ARG/FILL / FUNC-PARTICLE / FUNC-PARTICLE / FUNC-PARTICLE / FUNC-PARTICLE / ARG/FILL,NO_VERIFIED_EXTERNAL_TRANSLATION
"f81r.19,+P0",f81r,2969,qokedy sheedy chedy qoteedy olam,H12 R06 R02 H01 R00,S1_MULTI_TRANSCRIPTION_STRICT_CORE,S1,FORMAL_G2_CORE_LOCAL_KERNEL,G2,zone-local kernel / record line,B,B,2,paragraph_continuation,FUNC-PARTICLE FUNC-PARTICLE FUNC-PARTICLE FUNC-PARTICLE ARG/FILL,FUNC-PARTICLE / FUNC-PARTICLE / FUNC-PARTICLE / FUNC-PARTICLE / ARG/FILL,NO_VERIFIED_EXTERNAL_TRANSLATION
"f81r.26,+P0",f81r,2976,pchedy qokey oteol qol sheor shedy qcthdys,R06 H08 R01 R00 R06 R06 R00,S1_MULTI_TRANSCRIPTION_STRICT_CORE,S1,FORMAL_G2_CORE_LOCAL_KERNEL,G2,zone-local kernel / record line,B,B,2,paragraph_continuation,ARG-LEX FUNC-PARTICLE QUAL/TAIL FUNC-PARTICLE ARG/FILL FUNC-PARTICLE ARG/FILL,ARG-LEX / FUNC-PARTICLE / QUAL/TAIL / FUNC-PARTICLE / ARG/FILL / FUNC-PARTICLE / ARG/FILL,NO_VERIFIED_EXTERNAL_TRANSLATION
"f81r.27,+P0",f81r,2977,sol chedy qokedy olkedy dol qokchedy,R06 R02 H12 R00 R06 H10,S1_MULTI_TRANSCRIPTION_STRICT_CORE,S1,FORMAL_G2_CORE_LOCAL_KERNEL,G2,zone-local kernel / record line,B,B,2,paragraph_continuation,FUNC-PARTICLE FUNC-PARTICLE FUNC-PARTICLE ARG/FILL FUNC-PARTICLE OP/HEAD,FUNC-PARTICLE / FUNC-PARTICLE / FUNC-PARTICLE / ARG/FILL / FUNC-PARTICLE / OP/HEAD,NO_VERIFIED_EXTERNAL_TRANSLATION
"f81r.28,+P0",f81r,2978,qokesdy chedy qokar chey taiin otey lchl,H11 R02 R03 R06 R06 R01 R00,S1_MULTI_TRANSCRIPTION_STRICT_CORE,S1,FORMAL_G2_CORE_LOCAL_KERNEL,G2,zone-local kernel / record line,B,B,2,paragraph_continuation,OP/HEAD FUNC-PARTICLE FUNC-PARTICLE FUNC-PARTICLE ARG/FILL QUAL/TAIL ARG/FILL,OP/HEAD / FUNC-PARTICLE / FUNC-PARTICLE / FUNC-PARTICLE / ARG/FILL / QUAL/TAIL / ARG/FILL,NO_VERIFIED_EXTERNAL_TRANSLATION
"f81r.30,+P0",f81r,2980,l shedy qokedy sor olkar olkaiin olkshdy,R06 R06 H12 R06 R00 R00 R00,S2_STRONG_BUT_PARTIAL_TRANSCRIPTION_CORE,S2,FORMAL_G2_CORE_LOCAL_KERNEL,G2,zone-local kernel / record line,B,B,2,paragraph_continuation,FUNC-PARTICLE FUNC-PARTICLE FUNC-PARTICLE ARG/FILL ARG/FILL ARG/FILL ARG/FILL,FUNC-PARTICLE / FUNC-PARTICLE / FUNC-PARTICLE / ARG/FILL / ARG/FILL / ARG/FILL / ARG/FILL,NO_VERIFIED_EXTERNAL_TRANSLATION
"f81v.2,+P0",f81v,2983,qokedy okaiin kair okal sar ol kain olkain al ol rol dl,H12 R10 R06 R07 R06 R06 R06 R00 R06 R06 R00 R06,S1_MULTI_TRANSCRIPTION_STRICT_CORE,S1,FORMAL_G2_CORE_LOCAL_KERNEL,G2,zone-local kernel / record line,B,B,2,paragraph_continuation,FUNC-PARTICLE FUNC-PARTICLE ARG/FILL FUNC-PARTICLE ARG/FILL FUNC-PARTICLE ARG/FILL ARG/FILL FUNC-PARTICLE FUNC-PARTICLE ARG/FILL ARG/FILL,FUNC-PARTICLE / FUNC-PARTICLE / ARG/FILL / FUNC-PARTICLE / ARG/FILL / FUNC-PARTICLE / ARG/FILL / ARG/FILL / FUNC-PARTICLE / FUNC-PARTICLE / ARG/FILL / ARG/FILL,NO_VERIFIED_EXTERNAL_TRANSLATION
"f81v.3,+P0",f81v,2984,saiin daiin olkeedy okedy dykain shek chdy dalal oldy,R06 R10 R00 R00 R06 R06 R02 R06 R00,S1_MULTI_TRANSCRIPTION_STRICT_CORE,S1,FORMAL_G2_CORE_LOCAL_KERNEL,G2,zone-local kernel / record line,B,B,2,paragraph_continuation,FUNC-PARTICLE FUNC-PARTICLE ARG/FILL FUNC-PARTICLE ARG/FILL ARG/FILL FUNC-PARTICLE ARG/FILL ARG/FILL,FUNC-PARTICLE / FUNC-PARTICLE / ARG/FILL / FUNC-PARTICLE / ARG/FILL / ARG/FILL / FUNC-PARTICLE / ARG/FILL / ARG/FILL,NO_VERIFIED_EXTERNAL_TRANSLATION
"f81v.5,+P0",f81v,2986,okaiin daiin otain chckhy okeedy qoky kar daiin okar,R10 R10 R00 R00 R00 H01 R06 R10 R03,S1_MULTI_TRANSCRIPTION_STRICT_CORE,S1,FORMAL_G2_CORE_LOCAL_KERNEL,G2,zone-local kernel / record line,B,B,2,paragraph_continuation,FUNC-PARTICLE FUNC-PARTICLE FUNC-PARTICLE FUNC-PARTICLE FUNC-PARTICLE FUNC-PARTICLE ARG/FILL FUNC-PARTICLE FUNC-PARTICLE,FUNC-PARTICLE / FUNC-PARTICLE / FUNC-PARTICLE / FUNC-PARTICLE / FUNC-PARTICLE / FUNC-PARTICLE / ARG/FILL / FUNC-PARTICLE / FUNC-PARTICLE,NO_VERIFIED_EXTERNAL_TRANSLATION
"f81v.12,+P0",f81v,2993,qol ol chdy shedy qokedy ytedy chetedy lkedey ytedy,R00 R06 R02 R06 H12 R00 R00 R00 R00,S1_MULTI_TRANSCRIPTION_STRICT_CORE,S1,FORMAL_G2_CORE_LOCAL_KERNEL,G2,zone-local kernel / record line,B,B,2,paragraph_continuation,FUNC-PARTICLE FUNC-PARTICLE FUNC-PARTICLE FUNC-PARTICLE FUNC-PARTICLE ARG/FILL ARG/FILL ARG/FILL ARG/FILL,FUNC-PARTICLE / FUNC-PARTICLE / FUNC-PARTICLE / FUNC-PARTICLE / FUNC-PARTICLE / ARG/FILL / ARG/FILL / ARG/FILL / ARG/FILL,NO_VERIFIED_EXTERNAL_TRANSLATION
"f81v.14,+P0",f81v,2995,dshedy ykeedy sheeky daiin okedy qokeed qokedy lchpchdy,R06 R00 R06 R10 R00 H08 H12 R00,S2_STRONG_BUT_PARTIAL_TRANSCRIPTION_CORE,S2,FORMAL_G2_CORE_LOCAL_KERNEL,G2,zone-local kernel / record line,B,B,2,paragraph_continuation,ARG/FILL ARG/FILL ARG/FILL FUNC-PARTICLE FUNC-PARTICLE OP/HEAD FUNC-PARTICLE ARG/FILL,ARG/FILL / ARG/FILL / ARG/FILL / FUNC-PARTICLE / FUNC-PARTICLE / OP/HEAD / FUNC-PARTICLE / ARG/FILL,NO_VERIFIED_EXTERNAL_TRANSLATION
"f81v.15,+P0",f81v,2996,qokal chedy ol sheey salshcthdy qofchedy r chedy ltary,H08 R02 R06 R06 R00 R00 R00 R02 R00,S1_MULTI_TRANSCRIPTION_STRICT_CORE,S1,FORMAL_G2_CORE_LOCAL_KERNEL,G2,zone-local kernel / record line,B,B,2,paragraph_continuation,FUNC-PARTICLE FUNC-PARTICLE FUNC-PARTICLE FUNC-PARTICLE ARG/FILL ARG/FILL LABEL-LEX FUNC-PARTICLE ARG/FILL,FUNC-PARTICLE / FUNC-PARTICLE / FUNC-PARTICLE / FUNC-PARTICLE / ARG/FILL / ARG/FILL / LABEL-LEX / FUNC-PARTICLE / ARG/FILL,NO_VERIFIED_EXTERNAL_TRANSLATION
"f81v.16,+P0",f81v,2997,lor shedy qoeedy ol chy rshdy lshedy dar chdy pchdy,R00 R06 R00 R06 R00 R00 R00 R06 R02 R06,S2_STRONG_BUT_PARTIAL_TRANSCRIPTION_CORE,S2,FORMAL_G2_CORE_LOCAL_KERNEL,G2,zone-local kernel / record line,B,B,2,paragraph_continuation,ARG-LEX FUNC-PARTICLE ARG/FILL FUNC-PARTICLE FUNC-PARTICLE ARG/FILL ARG/FILL FUNC-PARTICLE FUNC-PARTICLE ARG/FILL,ARG-LEX / FUNC-PARTICLE / ARG/FILL / FUNC-PARTICLE / FUNC-PARTICLE / ARG/FILL / ARG/FILL / FUNC-PARTICLE / FUNC-PARTICLE / ARG/FILL,NO_VERIFIED_EXTERNAL_TRANSLATION
"f81v.17,+P0",f81v,2998,sshkchdy chedy ol shedy qolchedy qokain ckhy dl ral,R00 R02 R06 R06 R00 H08 R00 R06 R00,S1_MULTI_TRANSCRIPTION_STRICT_CORE,S1,FORMAL_G2_CORE_LOCAL_KERNEL,G2,zone-local kernel / record line,B,B,2,paragraph_continuation,ARG/FILL FUNC-PARTICLE FUNC-PARTICLE FUNC-PARTICLE ARG/FILL FUNC-PARTICLE ARG/FILL ARG/FILL ARG/FILL,ARG/FILL / FUNC-PARTICLE / FUNC-PARTICLE / FUNC-PARTICLE / ARG/FILL / FUNC-PARTICLE / ARG/FILL / ARG/FILL / ARG/FILL,NO_VERIFIED_EXTERNAL_TRANSLATION
"f81v.18,+P0",f81v,2999,qokchdy chey ol cheky ol shedy qokedy qokedy chckhy qoky,H09 R06 R06 R06 R06 R06 H12 H12 R00 H01,S1_MULTI_TRANSCRIPTION_STRICT_CORE,S1,FORMAL_G2_CORE_LOCAL_KERNEL,G2,zone-local kernel / record line,B,B,2,paragraph_continuation,FUNC-PARTICLE FUNC-PARTICLE FUNC-PARTICLE FUNC-PARTICLE FUNC-PARTICLE FUNC-PARTICLE FUNC-PARTICLE FUNC-PARTICLE FUNC-PARTICLE FUNC-PARTICLE,FUNC-PARTICLE / FUNC-PARTICLE / FUNC-PARTICLE / FUNC-PARTICLE / FUNC-PARTICLE / FUNC-PARTICLE / FUNC-PARTICLE / FUNC-PARTICLE / FUNC-PARTICLE / FUNC-PARTICLE,NO_VERIFIED_EXTERNAL_TRANSLATION
"f81v.23,+P0",f81v,3004,shol qechy ykaiin olkain shedy qoky dchedy rol olcthdy,R08 R00 R06 R00 R06 H01 R06 R00 R04,S2_STRONG_BUT_PARTIAL_TRANSCRIPTION_CORE,S2,FORMAL_G2_CORE_LOCAL_KERNEL,G2,zone-local kernel / record line,B,B,2,paragraph_continuation,FUNC-PARTICLE ARG/FILL ARG/FILL ARG/FILL FUNC-PARTICLE FUNC-PARTICLE ARG/FILL ARG/FILL QUAL/TAIL,FUNC-PARTICLE / ARG/FILL / ARG/FILL / ARG/FILL / FUNC-PARTICLE / FUNC-PARTICLE / ARG/FILL / ARG/FILL / QUAL/TAIL,NO_VERIFIED_EXTERNAL_TRANSLATION
"f81v.24,+P0",f81v,3005,ytey okchedy qokal okeey qol cheedy sal teol dchdy ly,R06 R00 H08 R06 R00 R06 R06 R06 R06 R00,S1_MULTI_TRANSCRIPTION_STRICT_CORE,S1,FORMAL_G2_CORE_LOCAL_KERNEL,G2,zone-local kernel / record line,B,B,2,paragraph_continuation,ARG/FILL ARG/FILL FUNC-PARTICLE FUNC-PARTICLE FUNC-PARTICLE ARG/FILL ARG/FILL ARG/FILL ARG/FILL ARG/FILL,ARG/FILL / ARG/FILL / FUNC-PARTICLE / FUNC-PARTICLE / FUNC-PARTICLE / ARG/FILL / ARG/FILL / ARG/FILL / ARG/FILL / ARG/FILL,NO_VERIFIED_EXTERNAL_TRANSLATION
"f81v.26,+P0",f81v,3007,ol checholtar oiin okedy dal shey olkeol olkeedy okeol,R06 R00 R00 R00 R09 R06 R00 R00 R06,S2_STRONG_BUT_PARTIAL_TRANSCRIPTION_CORE,S2,FORMAL_G2_CORE_LOCAL_KERNEL,G2,zone-local kernel / record line,B,B,2,paragraph_continuation,FUNC-PARTICLE ARG/FILL ARG/FILL FUNC-PARTICLE FUNC-PARTICLE FUNC-PARTICLE ARG/FILL ARG/FILL ARG/FILL,FUNC-PARTICLE / ARG/FILL / ARG/FILL / FUNC-PARTICLE / FUNC-PARTICLE / FUNC-PARTICLE / ARG/FILL / ARG/FILL / ARG/FILL,NO_VERIFIED_EXTERNAL_TRANSLATION
"f81v.27,+P0",f81v,3008,dsheol oiiin olkeedy tedy cheky shckhedy chal,R06 R00 R00 R06 R06 R00 R00,S1_MULTI_TRANSCRIPTION_STRICT_CORE,S1,FORMAL_G2_CORE_LOCAL_KERNEL,G2,zone-local kernel / record line,B,B,2,paragraph_continuation,ARG/FILL ARG/FILL ARG/FILL ARG/FILL FUNC-PARTICLE ARG/FILL ARG/FILL,ARG/FILL / ARG/FILL / ARG/FILL / ARG/FILL / FUNC-PARTICLE / ARG/FILL / ARG/FILL,NO_VERIFIED_EXTERNAL_TRANSLATION
"f82r.2,+P0",f82r,3011,dchedy qolchedy qokain dy qokeedy qokal lcheckhy lched,R06 R00 H08 R02 H01 H08 R00 R00,S1_MULTI_TRANSCRIPTION_STRICT_CORE,S1,FORMAL_G1_GLOBAL_FRAME,G1,relational frame / record line,B,B,2,paragraph_continuation,ARG/FILL ARG/FILL FUNC-PARTICLE FUNC-PARTICLE FUNC-PARTICLE FUNC-PARTICLE ARG/FILL ARG/FILL,ARG/FILL / ARG/FILL / FUNC-PARTICLE / FUNC-PARTICLE / FUNC-PARTICLE / FUNC-PARTICLE / ARG/FILL / ARG/FILL,NO_VERIFIED_EXTERNAL_TRANSLATION
"f82r.5,+P0",f82r,3014,sol lkchedy qokeedy qokal cthol chedy qoteedy qokal,R06 R00 H01 H08 R07 R02 H01 H08,S1_MULTI_TRANSCRIPTION_STRICT_CORE,S1,FORMAL_G1_GLOBAL_FRAME,G1,relational frame / record line,B,B,2,paragraph_continuation,FUNC-PARTICLE ARG/FILL FUNC-PARTICLE FUNC-PARTICLE ARG/FILL FUNC-PARTICLE FUNC-PARTICLE FUNC-PARTICLE,FUNC-PARTICLE / ARG/FILL / FUNC-PARTICLE / FUNC-PARTICLE / ARG/FILL / FUNC-PARTICLE / FUNC-PARTICLE / FUNC-PARTICLE,NO_VERIFIED_EXTERNAL_TRANSLATION
"f82r.27,+P0",f82r,3036,pchedy rsheal daldy qokeedy rshedy qoteedy qokeedy lochedy,R06 R00 R09 H01 R00 H01 H01 R00,S1_MULTI_TRANSCRIPTION_STRICT_CORE,S1,FORMAL_G1_GLOBAL_FRAME,G1,relational frame / record line,B,B,2,paragraph_continuation,ARG-LEX ARG/FILL QUAL/TAIL FUNC-PARTICLE ARG/FILL FUNC-PARTICLE FUNC-PARTICLE ARG/FILL,ARG-LEX / ARG/FILL / QUAL/TAIL / FUNC-PARTICLE / ARG/FILL / FUNC-PARTICLE / FUNC-PARTICLE / ARG/FILL,NO_VERIFIED_EXTERNAL_TRANSLATION
"f82r.30,+P0",f82r,3039,qoteey raiin cheol qoteey shedy qokeey lshedy qokeedy rag,H13 R00 R00 H13 R06 H08 R00 H01 R00,S1_MULTI_TRANSCRIPTION_STRICT_CORE,S1,FORMAL_G1_GLOBAL_FRAME,G1,relational frame / record line,B,B,2,paragraph_continuation,OPERATOR ARG/FILL FUNC-PARTICLE OPERATOR FUNC-PARTICLE FUNC-PARTICLE ARG/FILL FUNC-PARTICLE ARG/FILL,OPERATOR / ARG/FILL / FUNC-PARTICLE / OPERATOR / FUNC-PARTICLE / FUNC-PARTICLE / ARG/FILL / FUNC-PARTICLE / ARG/FILL,NO_VERIFIED_EXTERNAL_TRANSLATION
"f82r.34,@Ln",f82r,3043,okor,R00,S1_MULTI_TRANSCRIPTION_STRICT_CORE,S1,FORMAL_G3C_NONFRAME_SHORTFORM_HP,G3C,compact label / index / list entry,B,B,2,label_or_marginal,LABEL-FIELD,LABEL-FIELD,NO_VERIFIED_EXTERNAL_TRANSLATION
"f82r.35,@Lt",f82r,3044,darol,R06,S1_MULTI_TRANSCRIPTION_STRICT_CORE,S1,FORMAL_G3C_NONFRAME_SHORTFORM_HP,G3C,compact label / index / list entry,B,B,2,label_or_marginal,LABEL-FIELD,LABEL-FIELD,NO_VERIFIED_EXTERNAL_TRANSLATION
"f82r.36,@Ln",f82r,3045,okal,R07,S1_MULTI_TRANSCRIPTION_STRICT_CORE,S1,FORMAL_G3C_NONFRAME_SHORTFORM_HP,G3C,compact label / index / list entry,B,B,2,label_or_marginal,FUNC-PARTICLE,FUNC-PARTICLE,NO_VERIFIED_EXTERNAL_TRANSLATION
"f82r.37,@Ln",f82r,3046,okaldy,R00,S1_MULTI_TRANSCRIPTION_STRICT_CORE,S1,FORMAL_G3C_NONFRAME_SHORTFORM_HP,G3C,compact label / index / list entry,B,B,2,label_or_marginal,LABEL-FIELD,LABEL-FIELD,NO_VERIFIED_EXTERNAL_TRANSLATION
"f82r.40,*Ln",f82r,3049,sororl,R06,S1_MULTI_TRANSCRIPTION_STRICT_CORE,S1,FORMAL_G3C_NONFRAME_SHORTFORM_HP,G3C,compact label / index / list entry,B,B,2,label_or_marginal,LABEL-FIELD,LABEL-FIELD,NO_VERIFIED_EXTERNAL_TRANSLATION
"f82r.42,=Ln",f82r,3051,sokoly,R06,S1_MULTI_TRANSCRIPTION_STRICT_CORE,S1,FORMAL_G3C_NONFRAME_SHORTFORM_HP,G3C,compact label / index / list entry,B,B,2,=L,LABEL-FIELD,LABEL-FIELD,NO_VERIFIED_EXTERNAL_TRANSLATION
"f82r.43,=Ln",f82r,3052,dolol,R06,S1_MULTI_TRANSCRIPTION_STRICT_CORE,S1,FORMAL_G3C_NONFRAME_SHORTFORM_HP,G3C,compact label / index / list entry,B,B,2,=L,LABEL-FIELD,LABEL-FIELD,NO_VERIFIED_EXTERNAL_TRANSLATION
"f82r.44,=Ln",f82r,3053,olaiin,R10,S1_MULTI_TRANSCRIPTION_STRICT_CORE,S1,FORMAL_G3C_NONFRAME_SHORTFORM_HP,G3C,compact label / index / list entry,B,B,2,=L,LABEL-FIELD,LABEL-FIELD,NO_VERIFIED_EXTERNAL_TRANSLATION
"f82r.45,=Ln",f82r,3054,okeear,R00,S1_MULTI_TRANSCRIPTION_STRICT_CORE,S1,FORMAL_G3C_NONFRAME_SHORTFORM_HP,G3C,compact label / index / list entry,B,B,2,=L,LABEL-FIELD,LABEL-FIELD,NO_VERIFIED_EXTERNAL_TRANSLATION
"f82v.3,@Lt",f82v,3057,daiinoty,R10,S2_STRONG_BUT_PARTIAL_TRANSCRIPTION_CORE,S2,FORMAL_G3C_NONFRAME_SHORTFORM_HP,G3C,compact label / index / list entry,B,B,2,label_or_marginal,LABEL-FIELD,LABEL-FIELD,NO_VERIFIED_EXTERNAL_TRANSLATION
"f82v.4,@Lt",f82v,3058,otedal,R09,S1_MULTI_TRANSCRIPTION_STRICT_CORE,S1,FORMAL_G3C_NONFRAME_SHORTFORM_HP,G3C,compact label / index / list entry,B,B,2,label_or_marginal,QUAL/TAIL,QUAL/TAIL,NO_VERIFIED_EXTERNAL_TRANSLATION
"f82v.9,+P0",f82v,3063,solshedy lchedy dolshedy qokal sheckhy shey teeol oteedy qokedy,R00 R00 R00 H08 R00 R06 R06 R01 H12,S1_MULTI_TRANSCRIPTION_STRICT_CORE,S1,FORMAL_G1_GLOBAL_FRAME,G1,relational frame / record line,B,B,2,paragraph_continuation,ARG/FILL FUNC-PARTICLE ARG/FILL FUNC-PARTICLE ARG-LEX FUNC-PARTICLE ARG/FILL FUNC-PARTICLE FUNC-PARTICLE,ARG/FILL / FUNC-PARTICLE / ARG/FILL / FUNC-PARTICLE / ARG-LEX / FUNC-PARTICLE / ARG/FILL / FUNC-PARTICLE / FUNC-PARTICLE,NO_VERIFIED_EXTERNAL_TRANSLATION
"f82v.13,+P0",f82v,3067,tchedy qocthes qokar chckhy qokain cholkaiin chckhdy qokoldy,R06 H07 R03 R00 H08 R07 R00 H11,S1_MULTI_TRANSCRIPTION_STRICT_CORE,S1,FORMAL_G1_GLOBAL_FRAME,G1,relational frame / record line,B,B,2,paragraph_continuation,ARG/FILL OP/HEAD FUNC-PARTICLE FUNC-PARTICLE FUNC-PARTICLE ARG/FILL ARG-LEX OP/HEAD,ARG/FILL / OP/HEAD / FUNC-PARTICLE / FUNC-PARTICLE / FUNC-PARTICLE / ARG/FILL / ARG-LEX / OP/HEAD,NO_VERIFIED_EXTERNAL_TRANSLATION
"f82v.16,+P0",f82v,3070,qokedy lchey cheey raiin shes qokchey qokain okal dy lchedam,H12 R00 R06 R00 R06 H08 H08 R07 R02 R00,S1_MULTI_TRANSCRIPTION_STRICT_CORE,S1,FORMAL_G1_GLOBAL_FRAME,G1,relational frame / record line,B,B,2,paragraph_continuation,FUNC-PARTICLE ARG/FILL FUNC-PARTICLE ARG/FILL ARG/FILL OP/HEAD FUNC-PARTICLE FUNC-PARTICLE FUNC-PARTICLE ARG/FILL,FUNC-PARTICLE / ARG/FILL / FUNC-PARTICLE / ARG/FILL / ARG/FILL / OP/HEAD / FUNC-PARTICLE / FUNC-PARTICLE / FUNC-PARTICLE / ARG/FILL,NO_VERIFIED_EXTERNAL_TRANSLATION
"f82v.26,+P0",f82v,3080,saiin shey qokol chol qol sheedy qokal shedy qokaiin,R06 R06 H08 R07 R00 R06 H08 R06 H08,S1_MULTI_TRANSCRIPTION_STRICT_CORE,S1,FORMAL_G1_GLOBAL_FRAME,G1,relational frame / record line,B,B,2,paragraph_continuation,FUNC-PARTICLE FUNC-PARTICLE FUNC-PARTICLE FUNC-PARTICLE FUNC-PARTICLE FUNC-PARTICLE FUNC-PARTICLE FUNC-PARTICLE FUNC-PARTICLE,FUNC-PARTICLE / FUNC-PARTICLE / FUNC-PARTICLE / FUNC-PARTICLE / FUNC-PARTICLE / FUNC-PARTICLE / FUNC-PARTICLE / FUNC-PARTICLE / FUNC-PARTICLE,NO_VERIFIED_EXTERNAL_TRANSLATION
"f82v.39,@Ln",f82v,3093,olkeedy,R00,S1_MULTI_TRANSCRIPTION_STRICT_CORE,S1,FORMAL_G3C_NONFRAME_SHORTFORM_HP,G3C,compact label / index / list entry,B,B,2,label_or_marginal,LABEL-FIELD,LABEL-FIELD,NO_VERIFIED_EXTERNAL_TRANSLATION
"f82v.40,@Ln",f82v,3094,okalchy,R00,S1_MULTI_TRANSCRIPTION_STRICT_CORE,S1,FORMAL_G3C_NONFRAME_SHORTFORM_HP,G3C,compact label / index / list entry,B,B,2,label_or_marginal,LABEL-FIELD,LABEL-FIELD,NO_VERIFIED_EXTERNAL_TRANSLATION
"f82v.41,@Ln",f82v,3095,okain,R10,S1_MULTI_TRANSCRIPTION_STRICT_CORE,S1,FORMAL_G3C_NONFRAME_SHORTFORM_HP,G3C,compact label / index / list entry,B,B,2,label_or_marginal,FUNC-PARTICLE,FUNC-PARTICLE,NO_VERIFIED_EXTERNAL_TRANSLATION
"f82v.43,~Lt",f82v,3097,okedor,R00,S1_MULTI_TRANSCRIPTION_STRICT_CORE,S1,FORMAL_G3C_NONFRAME_SHORTFORM_HP,G3C,compact label / index / list entry,B,B,2,~L,LABEL-FIELD,LABEL-FIELD,NO_VERIFIED_EXTERNAL_TRANSLATION
"f82v.44,~Ln",f82v,3098,okol,R07,S1_MULTI_TRANSCRIPTION_STRICT_CORE,S1,FORMAL_G3C_NONFRAME_SHORTFORM_HP,G3C,compact label / index / list entry,B,B,2,~L,FUNC-PARTICLE,FUNC-PARTICLE,NO_VERIFIED_EXTERNAL_TRANSLATION
"f82v.45,@Lt",f82v,3099,okoldy,R00,S1_MULTI_TRANSCRIPTION_STRICT_CORE,S1,FORMAL_G3C_NONFRAME_SHORTFORM_HP,G3C,compact label / index / list entry,B,B,2,label_or_marginal,LABEL-FIELD,LABEL-FIELD,NO_VERIFIED_EXTERNAL_TRANSLATION
"f82v.46,@Lt",f82v,3100,olkol,R00,S1_MULTI_TRANSCRIPTION_STRICT_CORE,S1,FORMAL_G3C_NONFRAME_SHORTFORM_HP,G3C,compact label / index / list entry,B,B,2,label_or_marginal,LABEL-FIELD,LABEL-FIELD,NO_VERIFIED_EXTERNAL_TRANSLATION
"f83r.6,+P0",f83r,3108,schedy chedchy qokal olchedy qokaiin chedy qokeedy lchedy qoky,R06 R00 H08 R00 H08 R02 H01 R00 H01,S1_MULTI_TRANSCRIPTION_STRICT_CORE,S1,FORMAL_G1_GLOBAL_FRAME,G1,relational frame / record line,B,B,2,paragraph_continuation,ARG/FILL ARG/FILL FUNC-PARTICLE ARG/FILL FUNC-PARTICLE FUNC-PARTICLE FUNC-PARTICLE FUNC-PARTICLE FUNC-PARTICLE,ARG/FILL / ARG/FILL / FUNC-PARTICLE / ARG/FILL / FUNC-PARTICLE / FUNC-PARTICLE / FUNC-PARTICLE / FUNC-PARTICLE / FUNC-PARTICLE,NO_VERIFIED_EXTERNAL_TRANSLATION
"f83r.7,+P0",f83r,3109,solshed lsheedy qeeedy qoky oqol rsheedy qokedy qoteedy qoteedy,R00 R00 R00 H01 R00 R00 H12 H01 H01,S2_STRONG_BUT_PARTIAL_TRANSCRIPTION_CORE,S2,FORMAL_G1_GLOBAL_FRAME,G1,relational frame / record line,B,B,2,paragraph_continuation,ARG/FILL ARG/FILL ARG/FILL FUNC-PARTICLE ARG/FILL ARG/FILL FUNC-PARTICLE FUNC-PARTICLE FUNC-PARTICLE,ARG/FILL / ARG/FILL / ARG/FILL / FUNC-PARTICLE / ARG/FILL / ARG/FILL / FUNC-PARTICLE / FUNC-PARTICLE / FUNC-PARTICLE,NO_VERIFIED_EXTERNAL_TRANSLATION
"f83r.20,+P0",f83r,3122,solkeedy qoteedy qokeey qokedy sol cheeety qokedy qoky saiin,R00 H01 H08 H12 R06 R00 H12 H01 R06,S1_MULTI_TRANSCRIPTION_STRICT_CORE,S1,FORMAL_G1_GLOBAL_FRAME,G1,relational frame / record line,B,B,2,paragraph_continuation,ARG/FILL FUNC-PARTICLE FUNC-PARTICLE FUNC-PARTICLE FUNC-PARTICLE ARG/FILL FUNC-PARTICLE FUNC-PARTICLE FUNC-PARTICLE,ARG/FILL / FUNC-PARTICLE / FUNC-PARTICLE / FUNC-PARTICLE / FUNC-PARTICLE / ARG/FILL / FUNC-PARTICLE / FUNC-PARTICLE / FUNC-PARTICLE,NO_VERIFIED_EXTERNAL_TRANSLATION
"f83r.21,+P0",f83r,3123,solkeedy qokedy otedy solchedy lkedy qokchedy qokedy chckhdy sar,R00 H12 R01 R00 R00 H10 H12 R00 R06,S2_STRONG_BUT_PARTIAL_TRANSCRIPTION_CORE,S2,FORMAL_G1_GLOBAL_FRAME,G1,relational frame / record line,B,B,2,paragraph_continuation,ARG/FILL FUNC-PARTICLE FUNC-PARTICLE ARG/FILL ARG/FILL OP/HEAD FUNC-PARTICLE ARG-LEX ARG/FILL,ARG/FILL / FUNC-PARTICLE / FUNC-PARTICLE / ARG/FILL / ARG/FILL / OP/HEAD / FUNC-PARTICLE / ARG-LEX / ARG/FILL,NO_VERIFIED_EXTERNAL_TRANSLATION
"f83r.26,+P1",f83r,3128,otchey qokeey qoky tol shedy qokylddy,R00 H08 H01 R06 R06 H11,S1_MULTI_TRANSCRIPTION_STRICT_CORE,S1,FORMAL_G1_GLOBAL_FRAME,G1,relational frame / record line,B,B,2,paragraph_continuation,ARG/FILL FUNC-PARTICLE FUNC-PARTICLE ARG/FILL FUNC-PARTICLE OP/HEAD,ARG/FILL / FUNC-PARTICLE / FUNC-PARTICLE / ARG/FILL / FUNC-PARTICLE / OP/HEAD,NO_VERIFIED_EXTERNAL_TRANSLATION
"f83r.30,+P1",f83r,3132,sokeedy qokeedy qoky saii,R00 H01 H01 R06,S2_STRONG_BUT_PARTIAL_TRANSCRIPTION_CORE,S2,FORMAL_G1_GLOBAL_FRAME,G1,relational frame / record line,B,B,2,paragraph_continuation,ARG/FILL FUNC-PARTICLE FUNC-PARTICLE ARG/FILL,ARG/FILL / FUNC-PARTICLE / FUNC-PARTICLE / ARG/FILL,NO_VERIFIED_EXTERNAL_TRANSLATION
"f83r.35,+P1",f83r,3137,saiin cheky okeeol okain chdy,R06 R06 R00 R10 R02,S1_MULTI_TRANSCRIPTION_STRICT_CORE,S1,FORMAL_G3C_NONFRAME_SHORTFORM_HP,G3C,compact label / index / list entry,B,B,2,paragraph_continuation,FUNC-PARTICLE FUNC-PARTICLE LABEL-FIELD FUNC-PARTICLE FUNC-PARTICLE,FUNC-PARTICLE / FUNC-PARTICLE / LABEL-FIELD / FUNC-PARTICLE / FUNC-PARTICLE,NO_VERIFIED_EXTERNAL_TRANSLATION
"f83r.45,@Lt",f83r,3147,chtorol,R00,S1_MULTI_TRANSCRIPTION_STRICT_CORE,S1,FORMAL_G3C_NONFRAME_SHORTFORM_HP,G3C,compact label / index / list entry,B,B,2,label_or_marginal,LABEL-FIELD,LABEL-FIELD,NO_VERIFIED_EXTERNAL_TRANSLATION
"f83r.46,=Lt",f83r,3148,olsaiin,R00,S1_MULTI_TRANSCRIPTION_STRICT_CORE,S1,FORMAL_G3C_NONFRAME_SHORTFORM_HP,G3C,compact label / index / list entry,B,B,2,=L,LABEL-FIELD,LABEL-FIELD,NO_VERIFIED_EXTERNAL_TRANSLATION
"f83r.47,@Pb",f83r,3149,otchdy qokchdy shedal,R00 H09 R06,S1_MULTI_TRANSCRIPTION_STRICT_CORE,S1,FORMAL_G1_GLOBAL_FRAME,G1,relational frame / record line,B,B,2,paragraph_start,ARG/FILL FUNC-PARTICLE ARG/FILL,ARG/FILL / FUNC-PARTICLE / ARG/FILL,NO_VERIFIED_EXTERNAL_TRANSLATION
"f83r.48,+Pb",f83r,3150,dal cheol lol chdal aiin,R09 R00 R00 R09 R06,S1_MULTI_TRANSCRIPTION_STRICT_CORE,S1,FORMAL_G3C_NONFRAME_SHORTFORM_HP,G3C,compact label / index / list entry,B,B,2,paragraph_continuation,FUNC-PARTICLE FUNC-PARTICLE LABEL-FIELD QUAL/TAIL FUNC-PARTICLE,FUNC-PARTICLE / FUNC-PARTICLE / LABEL-FIELD / QUAL/TAIL / FUNC-PARTICLE,NO_VERIFIED_EXTERNAL_TRANSLATION
"f83r.51,+Lt",f83r,3153,darolsy,R00,S1_MULTI_TRANSCRIPTION_STRICT_CORE,S1,FORMAL_G3C_NONFRAME_SHORTFORM_HP,G3C,compact label / index / list entry,B,B,2,+L,LABEL-FIELD,LABEL-FIELD,NO_VERIFIED_EXTERNAL_TRANSLATION
"f83v.9,@Lt",f83v,3166,ololary,R00,S1_MULTI_TRANSCRIPTION_STRICT_CORE,S1,FORMAL_G3C_NONFRAME_SHORTFORM_HP,G3C,compact label / index / list entry,B,B,2,label_or_marginal,LABEL-FIELD,LABEL-FIELD,NO_VERIFIED_EXTERNAL_TRANSLATION
"f83v.10,@Lt",f83v,3167,okarchy,R03,S1_MULTI_TRANSCRIPTION_STRICT_CORE,S1,FORMAL_G3C_NONFRAME_SHORTFORM_HP,G3C,compact label / index / list entry,B,B,2,label_or_marginal,ARG/FILL,ARG/FILL,NO_VERIFIED_EXTERNAL_TRANSLATION
"f83v.18,+P0",f83v,3175,solkeedy qokeedy qokeedy saiin okaiin chedy qokeedy qolkeedy,R00 H01 H01 R06 R10 R02 H01 H21,S2_STRONG_BUT_PARTIAL_TRANSCRIPTION_CORE,S2,FORMAL_G1_GLOBAL_FRAME,G1,relational frame / record line,B,B,2,paragraph_continuation,ARG/FILL FUNC-PARTICLE FUNC-PARTICLE FUNC-PARTICLE FUNC-PARTICLE FUNC-PARTICLE FUNC-PARTICLE OP/HEAD,ARG/FILL / FUNC-PARTICLE / FUNC-PARTICLE / FUNC-PARTICLE / FUNC-PARTICLE / FUNC-PARTICLE / FUNC-PARTICLE / OP/HEAD,NO_VERIFIED_EXTERNAL_TRANSLATION
"f83v.19,+P0",f83v,3176,qolchedy qolteedy qokeedy qokal okaiin chear checkhy dal checkhdy,R00 H21 H01 H08 R10 R00 R00 R09 R00,S1_MULTI_TRANSCRIPTION_STRICT_CORE,S1,FORMAL_G1_GLOBAL_FRAME,G1,relational frame / record line,B,B,2,paragraph_continuation,ARG/FILL OP/HEAD FUNC-PARTICLE FUNC-PARTICLE FUNC-PARTICLE ARG/FILL ARG/FILL FUNC-PARTICLE ARG/FILL,ARG/FILL / OP/HEAD / FUNC-PARTICLE / FUNC-PARTICLE / FUNC-PARTICLE / ARG/FILL / ARG/FILL / FUNC-PARTICLE / ARG/FILL,NO_VERIFIED_EXTERNAL_TRANSLATION
"f83v.33,+P0",f83v,3190,shey opchey cthey oly,R06 R00 R04 R06,S2_STRONG_BUT_PARTIAL_TRANSCRIPTION_CORE,S2,FORMAL_G3C_NONFRAME_SHORTFORM_HP,G3C,compact label / index / list entry,B,B,2,paragraph_continuation,FUNC-PARTICLE LABEL-FIELD LABEL-FIELD FUNC-PARTICLE,FUNC-PARTICLE / LABEL-FIELD / LABEL-FIELD / FUNC-PARTICLE,NO_VERIFIED_EXTERNAL_TRANSLATION
"f83v.34,@Ln",f83v,3191,okchdy,R00,S1_MULTI_TRANSCRIPTION_STRICT_CORE,S1,FORMAL_G3C_NONFRAME_SHORTFORM_HP,G3C,compact label / index / list entry,B,B,2,label_or_marginal,LABEL-LEX,LABEL-LEX,NO_VERIFIED_EXTERNAL_TRANSLATION
"f83v.35,@Lt",f83v,3192,okaiin,R10,S1_MULTI_TRANSCRIPTION_STRICT_CORE,S1,FORMAL_G3C_NONFRAME_SHORTFORM_HP,G3C,compact label / index / list entry,B,B,2,label_or_marginal,FUNC-PARTICLE,FUNC-PARTICLE,NO_VERIFIED_EXTERNAL_TRANSLATION
"f84r.1,@Lt",f84r,3193,ololal,R00,S2_STRONG_BUT_PARTIAL_TRANSCRIPTION_CORE,S2,FORMAL_G3C_NONFRAME_SHORTFORM_HP,G3C,compact label / index / list entry,B,B,2,label_or_marginal,LABEL-FIELD,LABEL-FIELD,NO_VERIFIED_EXTERNAL_TRANSLATION
"f84r.3,+Ln",f84r,3195,ydy,R06,S1_MULTI_TRANSCRIPTION_STRICT_CORE,S1,FORMAL_G3C_NONFRAME_SHORTFORM_HP,G3C,compact label / index / list entry,B,B,2,+L,LABEL-FIELD,LABEL-FIELD,NO_VERIFIED_EXTERNAL_TRANSLATION
"f84r.4,@Ln",f84r,3196,okedy,R00,S1_MULTI_TRANSCRIPTION_STRICT_CORE,S1,FORMAL_G3C_NONFRAME_SHORTFORM_HP,G3C,compact label / index / list entry,B,B,2,label_or_marginal,FUNC-PARTICLE,FUNC-PARTICLE,NO_VERIFIED_EXTERNAL_TRANSLATION
"f84r.5,=Ln",f84r,3197,loly,R00,S1_MULTI_TRANSCRIPTION_STRICT_CORE,S1,FORMAL_G3C_NONFRAME_SHORTFORM_HP,G3C,compact label / index / list entry,B,B,2,=L,LABEL-FIELD,LABEL-FIELD,NO_VERIFIED_EXTERNAL_TRANSLATION
"f84r.6,@Ln",f84r,3198,doiir,R06,S2_STRONG_BUT_PARTIAL_TRANSCRIPTION_CORE,S2,FORMAL_G3C_NONFRAME_SHORTFORM_HP,G3C,compact label / index / list entry,B,B,2,label_or_marginal,LABEL-FIELD,LABEL-FIELD,NO_VERIFIED_EXTERNAL_TRANSLATION
"f84r.7,=Ln",f84r,3199,olshy,R00,S2_STRONG_BUT_PARTIAL_TRANSCRIPTION_CORE,S2,FORMAL_G3C_NONFRAME_SHORTFORM_HP,G3C,compact label / index / list entry,B,B,2,=L,LABEL-FIELD,LABEL-FIELD,NO_VERIFIED_EXTERNAL_TRANSLATION
"f84r.8,@Ln",f84r,3200,otedy,R01,S1_MULTI_TRANSCRIPTION_STRICT_CORE,S1,FORMAL_G2_CORE_LOCAL_KERNEL,G2,zone-local kernel / record line,B,B,2,label_or_marginal,FUNC-PARTICLE,FUNC-PARTICLE,NO_VERIFIED_EXTERNAL_TRANSLATION
"f84r.9,=Ln",f84r,3201,lkol,R00,S1_MULTI_TRANSCRIPTION_STRICT_CORE,S1,FORMAL_G3C_NONFRAME_SHORTFORM_HP,G3C,compact label / index / list entry,B,B,2,=L,LABEL-FIELD,LABEL-FIELD,NO_VERIFIED_EXTERNAL_TRANSLATION
"f84r.10,@Ln",f84r,3202,okolshy,R00,S1_MULTI_TRANSCRIPTION_STRICT_CORE,S1,FORMAL_G3C_NONFRAME_SHORTFORM_HP,G3C,compact label / index / list entry,B,B,2,label_or_marginal,LABEL-FIELD,LABEL-FIELD,NO_VERIFIED_EXTERNAL_TRANSLATION
"f84r.11,@Ln",f84r,3203,otoly,R00,S1_MULTI_TRANSCRIPTION_STRICT_CORE,S1,FORMAL_G3C_NONFRAME_SHORTFORM_HP,G3C,compact label / index / list entry,B,B,2,label_or_marginal,LABEL-FIELD,LABEL-FIELD,NO_VERIFIED_EXTERNAL_TRANSLATION
"f84r.12,@Ln",f84r,3204,dshedy,R06,S1_MULTI_TRANSCRIPTION_STRICT_CORE,S1,FORMAL_G3C_NONFRAME_SHORTFORM_HP,G3C,compact label / index / list entry,B,B,2,label_or_marginal,LABEL-FIELD,LABEL-FIELD,NO_VERIFIED_EXTERNAL_TRANSLATION
"f84r.13,@P0",f84r,3205,kol chedy qokeey otedy dytedy okeedy olshed opshed ykshedy qotedy opoly,R06 R02 H08 R01 R06 R00 R00 R00 R00 H17 R00,S2_STRONG_BUT_PARTIAL_TRANSCRIPTION_CORE,S2,FORMAL_G2_CORE_LOCAL_KERNEL,G2,zone-local kernel / record line,B,B,2,paragraph_start,ARG/FILL FUNC-PARTICLE FUNC-PARTICLE FUNC-PARTICLE ARG/FILL FUNC-PARTICLE ARG/FILL ARG/FILL ARG/FILL FUNC-PARTICLE ARG/FILL,ARG/FILL / FUNC-PARTICLE / FUNC-PARTICLE / FUNC-PARTICLE / ARG/FILL / FUNC-PARTICLE / ARG/FILL / ARG/FILL / ARG/FILL / FUNC-PARTICLE / ARG/FILL,NO_VERIFIED_EXTERNAL_TRANSLATION
"f84r.16,+P0",f84r,3208,tor shedytedy ol olcheol shedy shckhy qokal olkedy,R06 R00 R06 R00 R06 R06 H08 R00,S2_STRONG_BUT_PARTIAL_TRANSCRIPTION_CORE,S2,FORMAL_G2_CORE_LOCAL_KERNEL,G2,zone-local kernel / record line,B,B,2,paragraph_continuation,ARG/FILL ARG/FILL FUNC-PARTICLE ARG/FILL FUNC-PARTICLE ARG-LEX FUNC-PARTICLE ARG/FILL,ARG/FILL / ARG/FILL / FUNC-PARTICLE / ARG/FILL / FUNC-PARTICLE / ARG-LEX / FUNC-PARTICLE / ARG/FILL,NO_VERIFIED_EXTERNAL_TRANSLATION
"f84r.18,+P0",f84r,3210,otchy olshedy qokedy shedy okedy shckhy chckhy olchey schey dal chckhy ral,R01 R00 H12 R06 R00 R06 R00 R00 R06 R09 R00 R00,S2_STRONG_BUT_PARTIAL_TRANSCRIPTION_CORE,S2,FORMAL_G2_CORE_LOCAL_KERNEL,G2,zone-local kernel / record line,B,B,2,paragraph_continuation,QUAL/TAIL ARG-LEX FUNC-PARTICLE FUNC-PARTICLE FUNC-PARTICLE ARG-LEX FUNC-PARTICLE ARG/FILL ARG/FILL FUNC-PARTICLE FUNC-PARTICLE ARG/FILL,QUAL/TAIL / ARG-LEX / FUNC-PARTICLE / FUNC-PARTICLE / FUNC-PARTICLE / ARG-LEX / FUNC-PARTICLE / ARG/FILL / ARG/FILL / FUNC-PARTICLE / FUNC-PARTICLE / ARG/FILL,NO_VERIFIED_EXTERNAL_TRANSLATION
"f84r.19,+P0",f84r,3211,qokey sol yqokain qolkeey qotedy qokain shedy salchedy,H08 R06 R00 H07 H17 H08 R06 R00,S2_STRONG_BUT_PARTIAL_TRANSCRIPTION_CORE,S2,FORMAL_G2_CORE_LOCAL_KERNEL,G2,zone-local kernel / record line,B,B,2,paragraph_continuation,FUNC-PARTICLE FUNC-PARTICLE ARG/FILL OP/HEAD FUNC-PARTICLE FUNC-PARTICLE FUNC-PARTICLE ARG/FILL,FUNC-PARTICLE / FUNC-PARTICLE / ARG/FILL / OP/HEAD / FUNC-PARTICLE / FUNC-PARTICLE / FUNC-PARTICLE / ARG/FILL,NO_VERIFIED_EXTERNAL_TRANSLATION
"f84r.29,+P0",f84r,3221,qokeedy okeey dar olchedy qsolkeedy rar checkhy otar chedy olchcthy lor,H01 R06 R06 R00 R00 R00 R00 R01 R02 R04 R00,S1_MULTI_TRANSCRIPTION_STRICT_CORE,S1,FORMAL_G2_CORE_LOCAL_KERNEL,G2,zone-local kernel / record line,B,B,2,paragraph_continuation,FUNC-PARTICLE FUNC-PARTICLE FUNC-PARTICLE ARG/FILL ARG/FILL ARG-LEX ARG/FILL QUAL/TAIL FUNC-PARTICLE QUAL/TAIL ARG-LEX,FUNC-PARTICLE / FUNC-PARTICLE / FUNC-PARTICLE / ARG/FILL / ARG/FILL / ARG-LEX / ARG/FILL / QUAL/TAIL / FUNC-PARTICLE / QUAL/TAIL / ARG-LEX,NO_VERIFIED_EXTERNAL_TRANSLATION
"f84r.31,+P0",f84r,3223,ykchdar or arar shedy qokal daiin shedy olkedy qokedy qoky chedy daiin,R00 R06 R00 R06 H08 R10 R06 R00 H12 H01 R02 R10,S1_MULTI_TRANSCRIPTION_STRICT_CORE,S1,FORMAL_G1_GLOBAL_FRAME,G1,relational frame / record line,B,B,2,paragraph_continuation,ARG/FILL FUNC-PARTICLE ARG/FILL FUNC-PARTICLE FUNC-PARTICLE FUNC-PARTICLE FUNC-PARTICLE ARG/FILL FUNC-PARTICLE FUNC-PARTICLE FUNC-PARTICLE FUNC-PARTICLE,ARG/FILL / FUNC-PARTICLE / ARG/FILL / FUNC-PARTICLE / FUNC-PARTICLE / FUNC-PARTICLE / FUNC-PARTICLE / ARG/FILL / FUNC-PARTICLE / FUNC-PARTICLE / FUNC-PARTICLE / FUNC-PARTICLE,NO_VERIFIED_EXTERNAL_TRANSLATION
"f84r.42,+P1",f84r,3234,okaiin otchdy qokain shedy qokeey qotedy,R10 R00 H08 R06 H08 H17,S2_STRONG_BUT_PARTIAL_TRANSCRIPTION_CORE,S2,FORMAL_G1_GLOBAL_FRAME,G1,relational frame / record line,B,B,2,paragraph_continuation,FUNC-PARTICLE ARG/FILL FUNC-PARTICLE FUNC-PARTICLE FUNC-PARTICLE FUNC-PARTICLE,FUNC-PARTICLE / ARG/FILL / FUNC-PARTICLE / FUNC-PARTICLE / FUNC-PARTICLE / FUNC-PARTICLE,NO_VERIFIED_EXTERNAL_TRANSLATION
"f84r.43,+P1",f84r,3235,qokain otchedy skeey rcheky dal okeedy,H08 R00 R06 R00 R09 R00,S1_MULTI_TRANSCRIPTION_STRICT_CORE,S1,FORMAL_G2_CORE_LOCAL_KERNEL,G2,zone-local kernel / record line,B,B,2,paragraph_continuation,FUNC-PARTICLE ARG/FILL ARG/FILL ARG/FILL FUNC-PARTICLE FUNC-PARTICLE,FUNC-PARTICLE / ARG/FILL / ARG/FILL / ARG/FILL / FUNC-PARTICLE / FUNC-PARTICLE,NO_VERIFIED_EXTERNAL_TRANSLATION
"f84r.44,+P1",f84r,3236,ykedy qotedy chcthy olchcthy dar arory,R00 H17 R04 R04 R06 R00,S2_STRONG_BUT_PARTIAL_TRANSCRIPTION_CORE,S2,FORMAL_G2_CORE_LOCAL_KERNEL,G2,zone-local kernel / record line,B,B,2,paragraph_continuation,ARG/FILL FUNC-PARTICLE FUNC-PARTICLE QUAL/TAIL FUNC-PARTICLE ARG/FILL,ARG/FILL / FUNC-PARTICLE / FUNC-PARTICLE / QUAL/TAIL / FUNC-PARTICLE / ARG/FILL,NO_VERIFIED_EXTERNAL_TRANSLATION
"f84r.46,+P1",f84r,3238,dedy qokedy ar oror okedy okedy,R06 H12 R06 R00 R00 R00,S2_STRONG_BUT_PARTIAL_TRANSCRIPTION_CORE,S2,FORMAL_G2_CORE_LOCAL_KERNEL,G2,zone-local kernel / record line,B,B,2,paragraph_continuation,ARG/FILL FUNC-PARTICLE FUNC-PARTICLE ARG/FILL FUNC-PARTICLE FUNC-PARTICLE,ARG/FILL / FUNC-PARTICLE / FUNC-PARTICLE / ARG/FILL / FUNC-PARTICLE / FUNC-PARTICLE,NO_VERIFIED_EXTERNAL_TRANSLATION
"f84r.47,@Lt",f84r,3239,otaly,R00,S1_MULTI_TRANSCRIPTION_STRICT_CORE,S1,FORMAL_G3C_NONFRAME_SHORTFORM_HP,G3C,compact label / index / list entry,B,B,2,label_or_marginal,LABEL-LEX,LABEL-LEX,NO_VERIFIED_EXTERNAL_TRANSLATION
"f84v.2,+P1",f84v,3241,soiin okeeey sol okaly,R06 R00 R06 R00,S1_MULTI_TRANSCRIPTION_STRICT_CORE,S1,FORMAL_G2_CORE_LOCAL_KERNEL,G2,zone-local kernel / record line,B,B,2,paragraph_continuation,ARG/FILL ARG/FILL FUNC-PARTICLE ARG/FILL,ARG/FILL / ARG/FILL / FUNC-PARTICLE / ARG/FILL,NO_VERIFIED_EXTERNAL_TRANSLATION
"f84v.6,+P0",f84v,3245,ykeedy qoeedy olkeey sheky qokeey,R00 R00 R00 R06 H08,S1_MULTI_TRANSCRIPTION_STRICT_CORE,S1,FORMAL_G2_CORE_LOCAL_KERNEL,G2,zone-local kernel / record line,B,B,2,paragraph_continuation,ARG/FILL ARG/FILL ARG/FILL ARG/FILL FUNC-PARTICLE,ARG/FILL / ARG/FILL / ARG/FILL / ARG/FILL / FUNC-PARTICLE,NO_VERIFIED_EXTERNAL_TRANSLATION
"f84v.7,+P0",f84v,3246,poiin olkedy okedy qoky okdy qokey,R06 R00 R00 H01 R00 H08,S1_MULTI_TRANSCRIPTION_STRICT_CORE,S1,FORMAL_G2_CORE_LOCAL_KERNEL,G2,zone-local kernel / record line,B,B,2,paragraph_continuation,ARG/FILL ARG/FILL FUNC-PARTICLE FUNC-PARTICLE ARG/FILL FUNC-PARTICLE,ARG/FILL / ARG/FILL / FUNC-PARTICLE / FUNC-PARTICLE / ARG/FILL / FUNC-PARTICLE,NO_VERIFIED_EXTERNAL_TRANSLATION
"f84v.8,+P0",f84v,3247,qokedy okedy qokeedy okeedy shedy qoky,H12 R00 H01 R00 R06 H01,S1_MULTI_TRANSCRIPTION_STRICT_CORE,S1,FORMAL_G2_CORE_LOCAL_KERNEL,G2,zone-local kernel / record line,B,B,2,paragraph_continuation,FUNC-PARTICLE FUNC-PARTICLE FUNC-PARTICLE FUNC-PARTICLE FUNC-PARTICLE FUNC-PARTICLE,FUNC-PARTICLE / FUNC-PARTICLE / FUNC-PARTICLE / FUNC-PARTICLE / FUNC-PARTICLE / FUNC-PARTICLE,NO_VERIFIED_EXTERNAL_TRANSLATION
"f84v.9,+P0",f84v,3248,eol qolchey okeedy saiin okeedy chkeedy,R00 H07 R00 R06 R00 R00,S2_STRONG_BUT_PARTIAL_TRANSCRIPTION_CORE,S2,FORMAL_G2_CORE_LOCAL_KERNEL,G2,zone-local kernel / record line,B,B,2,paragraph_continuation,ARG/FILL OPERATOR FUNC-PARTICLE FUNC-PARTICLE FUNC-PARTICLE ARG/FILL,ARG/FILL / OPERATOR / FUNC-PARTICLE / FUNC-PARTICLE / FUNC-PARTICLE / ARG/FILL,NO_VERIFIED_EXTERNAL_TRANSLATION
"f84v.10,+P0",f84v,3249,qoteed otedy sheedy qokeedy qoeedy okeedy dam,H13 R01 R06 H01 R00 R00 R06,S2_STRONG_BUT_PARTIAL_TRANSCRIPTION_CORE,S2,FORMAL_G2_CORE_LOCAL_KERNEL,G2,zone-local kernel / record line,B,B,2,paragraph_continuation,OP/HEAD FUNC-PARTICLE FUNC-PARTICLE FUNC-PARTICLE ARG/FILL FUNC-PARTICLE FUNC-PARTICLE,OP/HEAD / FUNC-PARTICLE / FUNC-PARTICLE / FUNC-PARTICLE / ARG/FILL / FUNC-PARTICLE / FUNC-PARTICLE,NO_VERIFIED_EXTERNAL_TRANSLATION
"f84v.12,+P0",f84v,3251,qokees qokedy otedy shedy qokedy dol olkeedy dol teedam,H08 H12 R01 R06 H12 R06 R00 R06 R06,S1_MULTI_TRANSCRIPTION_STRICT_CORE,S1,FORMAL_G2_CORE_LOCAL_KERNEL,G2,zone-local kernel / record line,B,B,2,paragraph_continuation,OP/HEAD FUNC-PARTICLE FUNC-PARTICLE FUNC-PARTICLE FUNC-PARTICLE FUNC-PARTICLE ARG/FILL FUNC-PARTICLE ARG/FILL,OP/HEAD / FUNC-PARTICLE / FUNC-PARTICLE / FUNC-PARTICLE / FUNC-PARTICLE / FUNC-PARTICLE / ARG/FILL / FUNC-PARTICLE / ARG/FILL,NO_VERIFIED_EXTERNAL_TRANSLATION
"f84v.13,+P0",f84v,3252,shedol chedy okedy otal chckhedy qotedy dokedy dol lkeey qokydy,R06 R02 R00 R01 R00 H17 R06 R06 R00 R00,S1_MULTI_TRANSCRIPTION_STRICT_CORE,S1,FORMAL_G2_CORE_LOCAL_KERNEL,G2,zone-local kernel / record line,B,B,2,paragraph_continuation,ARG/FILL FUNC-PARTICLE FUNC-PARTICLE QUAL/TAIL ARG/FILL FUNC-PARTICLE ARG/FILL FUNC-PARTICLE ARG/FILL ARG/FILL,ARG/FILL / FUNC-PARTICLE / FUNC-PARTICLE / QUAL/TAIL / ARG/FILL / FUNC-PARTICLE / ARG/FILL / FUNC-PARTICLE / ARG/FILL / ARG/FILL,NO_VERIFIED_EXTERNAL_TRANSLATION
"f84v.14,+P0",f84v,3253,dshey olkeey dol ol otedy okedy okedy qokedy dal dar ol chedy sain,R06 R00 R06 R06 R01 R00 R00 H12 R09 R06 R06 R02 R06,S1_MULTI_TRANSCRIPTION_STRICT_CORE,S1,FORMAL_G1_GLOBAL_FRAME,G1,relational frame / record line,B,B,2,paragraph_continuation,ARG/FILL ARG/FILL FUNC-PARTICLE FUNC-PARTICLE FUNC-PARTICLE FUNC-PARTICLE FUNC-PARTICLE FUNC-PARTICLE FUNC-PARTICLE FUNC-PARTICLE FUNC-PARTICLE FUNC-PARTICLE FUNC-PARTICLE,ARG/FILL / ARG/FILL / FUNC-PARTICLE / FUNC-PARTICLE / FUNC-PARTICLE / FUNC-PARTICLE / FUNC-PARTICLE / FUNC-PARTICLE / FUNC-PARTICLE / FUNC-PARTICLE / FUNC-PARTICLE / FUNC-PARTICLE / FUNC-PARTICLE,NO_VERIFIED_EXTERNAL_TRANSLATION
"f84v.17,+P0",f84v,3256,qokeey otol chedy daiin dol sheedy chedy okedy rkchdy kol koldy,H08 R01 R02 R10 R06 R06 R02 R00 R00 R06 R06,S2_STRONG_BUT_PARTIAL_TRANSCRIPTION_CORE,S2,FORMAL_G2_CORE_LOCAL_KERNEL,G2,zone-local kernel / record line,B,B,2,paragraph_continuation,FUNC-PARTICLE QUAL/TAIL FUNC-PARTICLE FUNC-PARTICLE FUNC-PARTICLE FUNC-PARTICLE FUNC-PARTICLE FUNC-PARTICLE ARG/FILL ARG/FILL ARG/FILL,FUNC-PARTICLE / QUAL/TAIL / FUNC-PARTICLE / FUNC-PARTICLE / FUNC-PARTICLE / FUNC-PARTICLE / FUNC-PARTICLE / FUNC-PARTICLE / ARG/FILL / ARG/FILL / ARG/FILL,NO_VERIFIED_EXTERNAL_TRANSLATION
"f84v.18,+P0",f84v,3257,dsheey qokeedy ykedy qokor shedy qoky dol shckhy qokain ol koldy,R06 H01 R00 H08 R06 H01 R06 R06 H08 R06 R06,S1_MULTI_TRANSCRIPTION_STRICT_CORE,S1,FORMAL_G2_CORE_LOCAL_KERNEL,G2,zone-local kernel / record line,B,B,2,paragraph_continuation,ARG/FILL FUNC-PARTICLE ARG/FILL OP/HEAD FUNC-PARTICLE FUNC-PARTICLE FUNC-PARTICLE ARG-LEX FUNC-PARTICLE FUNC-PARTICLE ARG/FILL,ARG/FILL / FUNC-PARTICLE / ARG/FILL / OP/HEAD / FUNC-PARTICLE / FUNC-PARTICLE / FUNC-PARTICLE / ARG-LEX / FUNC-PARTICLE / FUNC-PARTICLE / ARG/FILL,NO_VERIFIED_EXTERNAL_TRANSLATION
"f84v.22,+P0",f84v,3261,oshey tedy okain shey qokedy kchdy okedy okey dy okedy olshdy,R00 R06 R10 R06 H12 R06 R00 R00 R02 R00 R00,S1_MULTI_TRANSCRIPTION_STRICT_CORE,S1,FORMAL_G2_CORE_LOCAL_KERNEL,G2,zone-local kernel / record line,B,B,2,paragraph_continuation,ARG/FILL ARG/FILL FUNC-PARTICLE FUNC-PARTICLE FUNC-PARTICLE ARG/FILL FUNC-PARTICLE ARG/FILL FUNC-PARTICLE FUNC-PARTICLE ARG/FILL,ARG/FILL / ARG/FILL / FUNC-PARTICLE / FUNC-PARTICLE / FUNC-PARTICLE / ARG/FILL / FUNC-PARTICLE / ARG/FILL / FUNC-PARTICLE / FUNC-PARTICLE / ARG/FILL,NO_VERIFIED_EXTERNAL_TRANSLATION
"f84v.24,+P0",f84v,3263,ycheey okeedy olkain olchey saiin oly,R06 R00 R00 R00 R06 R06,S1_MULTI_TRANSCRIPTION_STRICT_CORE,S1,FORMAL_G2_CORE_LOCAL_KERNEL,G2,zone-local kernel / record line,B,B,2,paragraph_continuation,ARG/FILL FUNC-PARTICLE ARG/FILL ARG/FILL FUNC-PARTICLE FUNC-PARTICLE,ARG/FILL / FUNC-PARTICLE / ARG/FILL / ARG/FILL / FUNC-PARTICLE / FUNC-PARTICLE,NO_VERIFIED_EXTERNAL_TRANSLATION
"f84v.26,+P0",f84v,3265,ol qokar shdy qol otedy olchedy,R06 R03 R06 R00 R01 R00,S1_MULTI_TRANSCRIPTION_STRICT_CORE,S1,FORMAL_G2_CORE_LOCAL_KERNEL,G2,zone-local kernel / record line,B,B,2,paragraph_continuation,FUNC-PARTICLE FUNC-PARTICLE ARG/FILL FUNC-PARTICLE FUNC-PARTICLE ARG/FILL,FUNC-PARTICLE / FUNC-PARTICLE / ARG/FILL / FUNC-PARTICLE / FUNC-PARTICLE / ARG/FILL,NO_VERIFIED_EXTERNAL_TRANSLATION
"f84v.27,+P0",f84v,3266,y or shedy qolkeedy olchedy olkal,R06 R06 R06 H21 R00 R00,S1_MULTI_TRANSCRIPTION_STRICT_CORE,S1,FORMAL_G2_CORE_LOCAL_KERNEL,G2,zone-local kernel / record line,B,B,2,paragraph_continuation,FUNC-PARTICLE FUNC-PARTICLE FUNC-PARTICLE OP/HEAD ARG/FILL ARG/FILL,FUNC-PARTICLE / FUNC-PARTICLE / FUNC-PARTICLE / OP/HEAD / ARG/FILL / ARG/FILL,NO_VERIFIED_EXTERNAL_TRANSLATION
"f84v.28,+P0",f84v,3267,dal shedy qokedy shedy dain daiin,R09 R06 H12 R06 R06 R10,S1_MULTI_TRANSCRIPTION_STRICT_CORE,S1,FORMAL_G2_CORE_LOCAL_KERNEL,G2,zone-local kernel / record line,B,B,2,paragraph_continuation,FUNC-PARTICLE FUNC-PARTICLE FUNC-PARTICLE FUNC-PARTICLE FUNC-PARTICLE FUNC-PARTICLE,FUNC-PARTICLE / FUNC-PARTICLE / FUNC-PARTICLE / FUNC-PARTICLE / FUNC-PARTICLE / FUNC-PARTICLE,NO_VERIFIED_EXTERNAL_TRANSLATION
"f84v.29,+P0",f84v,3268,sain shedy qokeey daiin okedy oldy,R06 R06 H08 R10 R00 R00,S1_MULTI_TRANSCRIPTION_STRICT_CORE,S1,FORMAL_G2_CORE_LOCAL_KERNEL,G2,zone-local kernel / record line,B,B,2,paragraph_continuation,FUNC-PARTICLE FUNC-PARTICLE FUNC-PARTICLE FUNC-PARTICLE FUNC-PARTICLE ARG/FILL,FUNC-PARTICLE / FUNC-PARTICLE / FUNC-PARTICLE / FUNC-PARTICLE / FUNC-PARTICLE / ARG/FILL,NO_VERIFIED_EXTERNAL_TRANSLATION
"f84v.31,+P0",f84v,3270,chal daiin otal chdy otal chckhor aly,R00 R10 R01 R02 R01 R00 R00,S2_STRONG_BUT_PARTIAL_TRANSCRIPTION_CORE,S2,FORMAL_G2_CORE_LOCAL_KERNEL,G2,zone-local kernel / record line,B,B,2,paragraph_continuation,ARG/FILL FUNC-PARTICLE QUAL/TAIL FUNC-PARTICLE QUAL/TAIL ARG/FILL ARG/FILL,ARG/FILL / FUNC-PARTICLE / QUAL/TAIL / FUNC-PARTICLE / QUAL/TAIL / ARG/FILL / ARG/FILL,NO_VERIFIED_EXTERNAL_TRANSLATION
"f84v.32,+P0",f84v,3271,qokedy shey kal okedy yfchedy tedy lolor,H12 R06 R06 R00 R00 R06 R00,S1_MULTI_TRANSCRIPTION_STRICT_CORE,S1,FORMAL_G2_CORE_LOCAL_KERNEL,G2,zone-local kernel / record line,B,B,2,paragraph_continuation,FUNC-PARTICLE FUNC-PARTICLE ARG/FILL FUNC-PARTICLE ARG/FILL ARG/FILL ARG/FILL,FUNC-PARTICLE / FUNC-PARTICLE / ARG/FILL / FUNC-PARTICLE / ARG/FILL / ARG/FILL / ARG/FILL,NO_VERIFIED_EXTERNAL_TRANSLATION
"f84v.33,+P0",f84v,3272,shedy qokey qokedy chey dar okey okeshy olchy,R06 H08 H12 R06 R06 R00 R00 R00,S1_MULTI_TRANSCRIPTION_STRICT_CORE,S1,FORMAL_G2_CORE_LOCAL_KERNEL,G2,zone-local kernel / record line,B,B,2,paragraph_continuation,FUNC-PARTICLE FUNC-PARTICLE FUNC-PARTICLE FUNC-PARTICLE FUNC-PARTICLE ARG/FILL ARG/FILL ARG/FILL,FUNC-PARTICLE / FUNC-PARTICLE / FUNC-PARTICLE / FUNC-PARTICLE / FUNC-PARTICLE / ARG/FILL / ARG/FILL / ARG/FILL,NO_VERIFIED_EXTERNAL_TRANSLATION
"f84v.34,+P0",f84v,3273,qokain ol chedy alchey sal or chdy dchey okey lchy,H08 R06 R02 R00 R06 R06 R02 R06 R00 R00,S2_STRONG_BUT_PARTIAL_TRANSCRIPTION_CORE,S2,FORMAL_G2_CORE_LOCAL_KERNEL,G2,zone-local kernel / record line,B,B,2,paragraph_continuation,FUNC-PARTICLE FUNC-PARTICLE FUNC-PARTICLE ARG/FILL ARG/FILL FUNC-PARTICLE FUNC-PARTICLE ARG/FILL ARG/FILL ARG/FILL,FUNC-PARTICLE / FUNC-PARTICLE / FUNC-PARTICLE / ARG/FILL / ARG/FILL / FUNC-PARTICLE / FUNC-PARTICLE / ARG/FILL / ARG/FILL / ARG/FILL,NO_VERIFIED_EXTERNAL_TRANSLATION
"f84v.38,+P0",f84v,3277,qokchey qokeedy okedy dolor ol chedy oteol olol,H08 H01 R00 R06 R06 R02 R01 R00,S1_MULTI_TRANSCRIPTION_STRICT_CORE,S1,FORMAL_G2_CORE_LOCAL_KERNEL,G2,zone-local kernel / record line,B,B,2,paragraph_continuation,OP/HEAD FUNC-PARTICLE FUNC-PARTICLE ARG/FILL FUNC-PARTICLE FUNC-PARTICLE QUAL/TAIL ARG/FILL,OP/HEAD / FUNC-PARTICLE / FUNC-PARTICLE / ARG/FILL / FUNC-PARTICLE / FUNC-PARTICLE / QUAL/TAIL / ARG/FILL,NO_VERIFIED_EXTERNAL_TRANSLATION
"f84v.39,+P0",f84v,3278,lshedy qol aiin okey olchey lchey olshedy shckhy soly,R00 R00 R06 R00 R00 R00 R00 R06 R06,S1_MULTI_TRANSCRIPTION_STRICT_CORE,S1,FORMAL_G2_CORE_LOCAL_KERNEL,G2,zone-local kernel / record line,B,B,2,paragraph_continuation,ARG/FILL FUNC-PARTICLE FUNC-PARTICLE ARG/FILL ARG/FILL ARG/FILL ARG-LEX ARG-LEX ARG/FILL,ARG/FILL / FUNC-PARTICLE / FUNC-PARTICLE / ARG/FILL / ARG/FILL / ARG/FILL / ARG-LEX / ARG-LEX / ARG/FILL,NO_VERIFIED_EXTERNAL_TRANSLATION
"f84v.43,+Pb",f84v,3282,ydairol,R00,S1_MULTI_TRANSCRIPTION_STRICT_CORE,S1,FORMAL_G3C_NONFRAME_SHORTFORM_HP,G3C,compact label / index / list entry,B,B,2,paragraph_continuation,LABEL-FIELD,LABEL-FIELD,NO_VERIFIED_EXTERNAL_TRANSLATION
"f84v.44,+Pb",f84v,3283,ychckhy,R00,S1_MULTI_TRANSCRIPTION_STRICT_CORE,S1,FORMAL_G3C_NONFRAME_SHORTFORM_HP,G3C,compact label / index / list entry,B,B,2,paragraph_continuation,LABEL-FIELD,LABEL-FIELD,NO_VERIFIED_EXTERNAL_TRANSLATION
"f84v.45,+Pb",f84v,3284,dshedy,R06,S1_MULTI_TRANSCRIPTION_STRICT_CORE,S1,FORMAL_G3C_NONFRAME_SHORTFORM_HP,G3C,compact label / index / list entry,B,B,2,paragraph_continuation,LABEL-FIELD,LABEL-FIELD,NO_VERIFIED_EXTERNAL_TRANSLATION
"f84v.46,@Pb",f84v,3285,okchdy,R00,S1_MULTI_TRANSCRIPTION_STRICT_CORE,S1,FORMAL_G3C_NONFRAME_SHORTFORM_HP,G3C,compact label / index / list entry,B,B,2,paragraph_start,LABEL-LEX,LABEL-LEX,NO_VERIFIED_EXTERNAL_TRANSLATION
"f84v.47,+Pb",f84v,3286,solchey,R00,S1_MULTI_TRANSCRIPTION_STRICT_CORE,S1,FORMAL_G3C_NONFRAME_SHORTFORM_HP,G3C,compact label / index / list entry,B,B,2,paragraph_continuation,LABEL-FIELD,LABEL-FIELD,NO_VERIFIED_EXTERNAL_TRANSLATION
"f84v.49,+Pb",f84v,3288,darchy,R06,S1_MULTI_TRANSCRIPTION_STRICT_CORE,S1,FORMAL_G3C_NONFRAME_SHORTFORM_HP,G3C,compact label / index / list entry,B,B,2,paragraph_continuation,LABEL-FIELD,LABEL-FIELD,NO_VERIFIED_EXTERNAL_TRANSLATION
"f84v.51,+Pb",f84v,3290,ochedy,R00,S1_MULTI_TRANSCRIPTION_STRICT_CORE,S1,FORMAL_G3C_NONFRAME_SHORTFORM_HP,G3C,compact label / index / list entry,B,B,2,paragraph_continuation,LABEL-FIELD,LABEL-FIELD,NO_VERIFIED_EXTERNAL_TRANSLATION
"f85r1.7,+P0",f85r1,3297,pchedy oraiin shefchdy qopar sheedy qokedy qotchedy kchdar ypchdyldo,R06 R10 R00 H07 R06 H12 H15 R06 R00,S2_STRONG_BUT_PARTIAL_TRANSCRIPTION_CORE,S2,FORMAL_G1_GLOBAL_FRAME,G1,relational frame / record line,T,B,2,paragraph_continuation,ARG-LEX QUAL/TAIL ARG/FILL OP/HEAD FUNC-PARTICLE FUNC-PARTICLE OP/HEAD ARG/FILL ARG/FILL,ARG-LEX / QUAL/TAIL / ARG/FILL / OP/HEAD / FUNC-PARTICLE / FUNC-PARTICLE / OP/HEAD / ARG/FILL / ARG/FILL,NO_VERIFIED_EXTERNAL_TRANSLATION
"f85r1.8,+P0",f85r1,3298,daiin chckhdy qotchdy opchsd qokchdy otchy qodal daiin dal shdar oram,R10 R00 H14 R00 H09 R01 R09 R10 R09 R06 R00,S1_MULTI_TRANSCRIPTION_STRICT_CORE,S1,FORMAL_G1_GLOBAL_FRAME,G1,relational frame / record line,T,B,2,paragraph_continuation,FUNC-PARTICLE ARG-LEX OP/HEAD ARG/FILL FUNC-PARTICLE QUAL/TAIL QUAL/TAIL FUNC-PARTICLE FUNC-PARTICLE ARG/FILL ARG/FILL,FUNC-PARTICLE / ARG-LEX / OP/HEAD / ARG/FILL / FUNC-PARTICLE / QUAL/TAIL / QUAL/TAIL / FUNC-PARTICLE / FUNC-PARTICLE / ARG/FILL / ARG/FILL,NO_VERIFIED_EXTERNAL_TRANSLATION
"f85r1.19,+Pr",f85r1,3309,okchy okchdy otchedy dam lam,R00 R00 R00 R06 R00,S1_MULTI_TRANSCRIPTION_STRICT_CORE,S1,FORMAL_G3C_NONFRAME_SHORTFORM_HP,G3C,compact label / index / list entry,T,B,2,paragraph_continuation,LABEL-FIELD LABEL-LEX LABEL-FIELD FUNC-PARTICLE LABEL-FIELD,LABEL-FIELD / LABEL-LEX / LABEL-FIELD / FUNC-PARTICLE / LABEL-FIELD,NO_VERIFIED_EXTERNAL_TRANSLATION
"f85r2.7,@Pb",f85r2,3332,pchedeey olkey qokedy sheos fcheey,R00 R00 H12 R06 R06,S1_MULTI_TRANSCRIPTION_STRICT_CORE,S1,FORMAL_G1_GLOBAL_FRAME,G1,relational frame / record line,C,B,2,paragraph_start,ARG/FILL ARG/FILL FUNC-PARTICLE ARG/FILL ARG/FILL,ARG/FILL / ARG/FILL / FUNC-PARTICLE / ARG/FILL / ARG/FILL,NO_VERIFIED_EXTERNAL_TRANSLATION
"f85r2.23,+Pb",f85r2,3348,ol lcheol chol ol sheoly,R06 R00 R07 R06 R06,S1_MULTI_TRANSCRIPTION_STRICT_CORE,S1,FORMAL_G3C_NONFRAME_SHORTFORM_HP,G3C,compact label / index / list entry,C,B,2,paragraph_continuation,FUNC-PARTICLE LABEL-FIELD FUNC-PARTICLE FUNC-PARTICLE LABEL-FIELD,FUNC-PARTICLE / LABEL-FIELD / FUNC-PARTICLE / FUNC-PARTICLE / LABEL-FIELD,NO_VERIFIED_EXTERNAL_TRANSLATION
"fRos.1,@L0",fRos,3350,saeeasa,R00,S2_STRONG_BUT_PARTIAL_TRANSCRIPTION_CORE,S2,FORMAL_G3C_NONFRAME_SHORTFORM_HP,G3C,compact label / index / list entry,C,B,4,label_or_marginal,LABEL-FIELD,LABEL-FIELD,NO_VERIFIED_EXTERNAL_TRANSLATION
"fRos.3,@L0",fRos,3352,ofainain,R00,S2_STRONG_BUT_PARTIAL_TRANSCRIPTION_CORE,S2,FORMAL_G3C_NONFRAME_SHORTFORM_HP,G3C,compact label / index / list entry,C,B,4,label_or_marginal,LABEL-FIELD,LABEL-FIELD,NO_VERIFIED_EXTERNAL_TRANSLATION
"fRos.4,+L0",fRos,3353,ychais,R06,S2_STRONG_BUT_PARTIAL_TRANSCRIPTION_CORE,S2,FORMAL_G3C_NONFRAME_SHORTFORM_HP,G3C,compact label / index / list entry,C,B,4,+L,LABEL-FIELD,LABEL-FIELD,NO_VERIFIED_EXTERNAL_TRANSLATION
"fRos.5,+L0",fRos,3354,ydekam,R06,S2_STRONG_BUT_PARTIAL_TRANSCRIPTION_CORE,S2,FORMAL_G3C_NONFRAME_SHORTFORM_HP,G3C,compact label / index / list entry,C,B,4,+L,LABEL-FIELD,LABEL-FIELD,NO_VERIFIED_EXTERNAL_TRANSLATION
"fRos.6,+L0",fRos,3355,darchedy,R00,S2_STRONG_BUT_PARTIAL_TRANSCRIPTION_CORE,S2,FORMAL_G3C_NONFRAME_SHORTFORM_HP,G3C,compact label / index / list entry,C,B,4,+L,LABEL-FIELD,LABEL-FIELD,NO_VERIFIED_EXTERNAL_TRANSLATION
"fRos.7,+L0",fRos,3356,otochedysy,R00,S2_STRONG_BUT_PARTIAL_TRANSCRIPTION_CORE,S2,FORMAL_G3C_NONFRAME_SHORTFORM_HP,G3C,compact label / index / list entry,C,B,4,+L,LABEL-FIELD,LABEL-FIELD,NO_VERIFIED_EXTERNAL_TRANSLATION
"fRos.8,+L0",fRos,3357,soeedoy olal,R00 R00,S2_STRONG_BUT_PARTIAL_TRANSCRIPTION_CORE,S2,FORMAL_G3C_NONFRAME_SHORTFORM_HP,G3C,compact label / index / list entry,C,B,4,+L,LABEL-FIELD LABEL-FIELD,LABEL-FIELD / LABEL-FIELD,NO_VERIFIED_EXTERNAL_TRANSLATION
"fRos.9,+L0",fRos,3358,dchor orary,R06 R00,S2_STRONG_BUT_PARTIAL_TRANSCRIPTION_CORE,S2,FORMAL_G3C_NONFRAME_SHORTFORM_HP,G3C,compact label / index / list entry,C,B,4,+L,LABEL-FIELD LABEL-FIELD,LABEL-FIELD / LABEL-FIELD,NO_VERIFIED_EXTERNAL_TRANSLATION
"fRos.11,@L0",fRos,3360,okchdarar,R00,S2_STRONG_BUT_PARTIAL_TRANSCRIPTION_CORE,S2,FORMAL_G3C_NONFRAME_SHORTFORM_HP,G3C,compact label / index / list entry,C,B,4,label_or_marginal,LABEL-FIELD,LABEL-FIELD,NO_VERIFIED_EXTERNAL_TRANSLATION
"fRos.12,@L0",fRos,3361,soiindy,R00,S2_STRONG_BUT_PARTIAL_TRANSCRIPTION_CORE,S2,FORMAL_G3C_NONFRAME_SHORTFORM_HP,G3C,compact label / index / list entry,C,B,4,label_or_marginal,LABEL-FIELD,LABEL-FIELD,NO_VERIFIED_EXTERNAL_TRANSLATION
"fRos.13,@L0",fRos,3362,ytedar,R06,S2_STRONG_BUT_PARTIAL_TRANSCRIPTION_CORE,S2,FORMAL_G3C_NONFRAME_SHORTFORM_HP,G3C,compact label / index / list entry,C,B,4,label_or_marginal,LABEL-FIELD,LABEL-FIELD,NO_VERIFIED_EXTERNAL_TRANSLATION
"fRos.15,@L0",fRos,3364,daldar,R06,S2_STRONG_BUT_PARTIAL_TRANSCRIPTION_CORE,S2,FORMAL_G3C_NONFRAME_SHORTFORM_HP,G3C,compact label / index / list entry,C,B,4,label_or_marginal,LABEL-FIELD,LABEL-FIELD,NO_VERIFIED_EXTERNAL_TRANSLATION
"fRos.16,@L0",fRos,3365,ofardy,R00,S2_STRONG_BUT_PARTIAL_TRANSCRIPTION_CORE,S2,FORMAL_G3C_NONFRAME_SHORTFORM_HP,G3C,compact label / index / list entry,C,B,4,label_or_marginal,LABEL-FIELD,LABEL-FIELD,NO_VERIFIED_EXTERNAL_TRANSLATION
"fRos.17,@L0",fRos,3366,orarol,R00,S2_STRONG_BUT_PARTIAL_TRANSCRIPTION_CORE,S2,FORMAL_G3C_NONFRAME_SHORTFORM_HP,G3C,compact label / index / list entry,C,B,4,label_or_marginal,LABEL-FIELD,LABEL-FIELD,NO_VERIFIED_EXTERNAL_TRANSLATION
"fRos.18,@L0",fRos,3367,daldal,R06,S2_STRONG_BUT_PARTIAL_TRANSCRIPTION_CORE,S2,FORMAL_G3C_NONFRAME_SHORTFORM_HP,G3C,compact label / index / list entry,C,B,4,label_or_marginal,LABEL-FIELD,LABEL-FIELD,NO_VERIFIED_EXTERNAL_TRANSLATION
"fRos.19,@L0",fRos,3368,daaldy,R06,S2_STRONG_BUT_PARTIAL_TRANSCRIPTION_CORE,S2,FORMAL_G3C_NONFRAME_SHORTFORM_HP,G3C,compact label / index / list entry,C,B,4,label_or_marginal,LABEL-FIELD,LABEL-FIELD,NO_VERIFIED_EXTERNAL_TRANSLATION
"fRos.21,@L0",fRos,3370,oko,R00,S2_STRONG_BUT_PARTIAL_TRANSCRIPTION_CORE,S2,FORMAL_G3C_NONFRAME_SHORTFORM_HP,G3C,compact label / index / list entry,C,B,4,label_or_marginal,LABEL-FIELD,LABEL-FIELD,NO_VERIFIED_EXTERNAL_TRANSLATION
"fRos.22,@L0",fRos,3371,daiiny,R06,S2_STRONG_BUT_PARTIAL_TRANSCRIPTION_CORE,S2,FORMAL_G3C_NONFRAME_SHORTFORM_HP,G3C,compact label / index / list entry,C,B,4,label_or_marginal,LABEL-FIELD,LABEL-FIELD,NO_VERIFIED_EXTERNAL_TRANSLATION
"fRos.24,@L0",fRos,3373,okedy,R00,S2_STRONG_BUT_PARTIAL_TRANSCRIPTION_CORE,S2,FORMAL_G3C_NONFRAME_SHORTFORM_HP,G3C,compact label / index / list entry,C,B,4,label_or_marginal,FUNC-PARTICLE,FUNC-PARTICLE,NO_VERIFIED_EXTERNAL_TRANSLATION
"fRos.25,@L0",fRos,3374,oary,R00,S2_STRONG_BUT_PARTIAL_TRANSCRIPTION_CORE,S2,FORMAL_G3C_NONFRAME_SHORTFORM_HP,G3C,compact label / index / list entry,C,B,4,label_or_marginal,LABEL-FIELD,LABEL-FIELD,NO_VERIFIED_EXTERNAL_TRANSLATION
"fRos.27,@L0",fRos,3376,opar,R00,S2_STRONG_BUT_PARTIAL_TRANSCRIPTION_CORE,S2,FORMAL_G3C_NONFRAME_SHORTFORM_HP,G3C,compact label / index / list entry,C,B,4,label_or_marginal,LABEL-FIELD,LABEL-FIELD,NO_VERIFIED_EXTERNAL_TRANSLATION
"fRos.29,@L0",fRos,3378,dxar,R06,S2_STRONG_BUT_PARTIAL_TRANSCRIPTION_CORE,S2,FORMAL_G3C_NONFRAME_SHORTFORM_HP,G3C,compact label / index / list entry,C,B,4,label_or_marginal,LABEL-FIELD,LABEL-FIELD,NO_VERIFIED_EXTERNAL_TRANSLATION
"fRos.30,@L0",fRos,3379,okory,R00,S2_STRONG_BUT_PARTIAL_TRANSCRIPTION_CORE,S2,FORMAL_G3C_NONFRAME_SHORTFORM_HP,G3C,compact label / index / list entry,C,B,4,label_or_marginal,LABEL-FIELD,LABEL-FIELD,NO_VERIFIED_EXTERNAL_TRANSLATION
"fRos.32,@L0",fRos,3381,adashgasain,R00,S2_STRONG_BUT_PARTIAL_TRANSCRIPTION_CORE,S2,FORMAL_G3C_NONFRAME_SHORTFORM_HP,G3C,compact label / index / list entry,C,B,4,label_or_marginal,LABEL-FIELD,LABEL-FIELD,NO_VERIFIED_EXTERNAL_TRANSLATION
"fRos.34,@L0",fRos,3383,okody,R00,S2_STRONG_BUT_PARTIAL_TRANSCRIPTION_CORE,S2,FORMAL_G3C_NONFRAME_SHORTFORM_HP,G3C,compact label / index / list entry,C,B,4,label_or_marginal,LABEL-LEX,LABEL-LEX,NO_VERIFIED_EXTERNAL_TRANSLATION
"fRos.38,@L0",fRos,3387,okas oedady,R00 R00,S2_STRONG_BUT_PARTIAL_TRANSCRIPTION_CORE,S2,FORMAL_G3C_NONFRAME_SHORTFORM_HP,G3C,compact label / index / list entry,C,B,4,label_or_marginal,LABEL-FIELD LABEL-FIELD,LABEL-FIELD / LABEL-FIELD,NO_VERIFIED_EXTERNAL_TRANSLATION
"fRos.41,@L0",fRos,3390,oal,R00,S2_STRONG_BUT_PARTIAL_TRANSCRIPTION_CORE,S2,FORMAL_G3C_NONFRAME_SHORTFORM_HP,G3C,compact label / index / list entry,C,B,4,label_or_marginal,LABEL-FIELD,LABEL-FIELD,NO_VERIFIED_EXTERNAL_TRANSLATION
"fRos.43,@L0",fRos,3392,okor,R00,S2_STRONG_BUT_PARTIAL_TRANSCRIPTION_CORE,S2,FORMAL_G3C_NONFRAME_SHORTFORM_HP,G3C,compact label / index / list entry,C,B,4,label_or_marginal,LABEL-FIELD,LABEL-FIELD,NO_VERIFIED_EXTERNAL_TRANSLATION
"fRos.44,@L0",fRos,3393,sarchcphdy,R00,S2_STRONG_BUT_PARTIAL_TRANSCRIPTION_CORE,S2,FORMAL_G3C_NONFRAME_SHORTFORM_HP,G3C,compact label / index / list entry,C,B,4,label_or_marginal,LABEL-FIELD,LABEL-FIELD,NO_VERIFIED_EXTERNAL_TRANSLATION
"fRos.46,@L0",fRos,3395,ofchedaiin,R00,S2_STRONG_BUT_PARTIAL_TRANSCRIPTION_CORE,S2,FORMAL_G3C_NONFRAME_SHORTFORM_HP,G3C,compact label / index / list entry,C,B,4,label_or_marginal,LABEL-FIELD,LABEL-FIELD,NO_VERIFIED_EXTERNAL_TRANSLATION
"fRos.48,@L0",fRos,3397,otedal,R09,S2_STRONG_BUT_PARTIAL_TRANSCRIPTION_CORE,S2,FORMAL_G3C_NONFRAME_SHORTFORM_HP,G3C,compact label / index / list entry,C,B,4,label_or_marginal,QUAL/TAIL,QUAL/TAIL,NO_VERIFIED_EXTERNAL_TRANSLATION
"fRos.49,@L0",fRos,3398,opaiino,R00,S2_STRONG_BUT_PARTIAL_TRANSCRIPTION_CORE,S2,FORMAL_G3C_NONFRAME_SHORTFORM_HP,G3C,compact label / index / list entry,C,B,4,label_or_marginal,LABEL-FIELD,LABEL-FIELD,NO_VERIFIED_EXTERNAL_TRANSLATION
"fRos.50,@L0",fRos,3399,otchdy,R00,S2_STRONG_BUT_PARTIAL_TRANSCRIPTION_CORE,S2,FORMAL_G3C_NONFRAME_SHORTFORM_HP,G3C,compact label / index / list entry,C,B,4,label_or_marginal,LABEL-FIELD,LABEL-FIELD,NO_VERIFIED_EXTERNAL_TRANSLATION
"fRos.51,@L0",fRos,3400,okchy,R00,S2_STRONG_BUT_PARTIAL_TRANSCRIPTION_CORE,S2,FORMAL_G3C_NONFRAME_SHORTFORM_HP,G3C,compact label / index / list entry,C,B,4,label_or_marginal,LABEL-FIELD,LABEL-FIELD,NO_VERIFIED_EXTERNAL_TRANSLATION
"fRos.52,@L0",fRos,3401,chkeedy,R00,S2_STRONG_BUT_PARTIAL_TRANSCRIPTION_CORE,S2,FORMAL_G3C_NONFRAME_SHORTFORM_HP,G3C,compact label / index / list entry,C,B,4,label_or_marginal,LABEL-FIELD,LABEL-FIELD,NO_VERIFIED_EXTERNAL_TRANSLATION
"fRos.54,@L0",fRos,3403,odeey,R00,S2_STRONG_BUT_PARTIAL_TRANSCRIPTION_CORE,S2,FORMAL_G3C_NONFRAME_SHORTFORM_HP,G3C,compact label / index / list entry,C,B,4,label_or_marginal,LABEL-FIELD,LABEL-FIELD,NO_VERIFIED_EXTERNAL_TRANSLATION
"fRos.56,@L0",fRos,3405,depcheky,R00,S2_STRONG_BUT_PARTIAL_TRANSCRIPTION_CORE,S2,FORMAL_G3C_NONFRAME_SHORTFORM_HP,G3C,compact label / index / list entry,C,B,4,label_or_marginal,LABEL-FIELD,LABEL-FIELD,NO_VERIFIED_EXTERNAL_TRANSLATION
"fRos.57,@L0",fRos,3406,ot,R00,S2_STRONG_BUT_PARTIAL_TRANSCRIPTION_CORE,S2,FORMAL_G3C_NONFRAME_SHORTFORM_HP,G3C,compact label / index / list entry,C,B,4,label_or_marginal,LABEL-FIELD,LABEL-FIELD,NO_VERIFIED_EXTERNAL_TRANSLATION
"fRos.58,@L0",fRos,3407,osy,R00,S2_STRONG_BUT_PARTIAL_TRANSCRIPTION_CORE,S2,FORMAL_G3C_NONFRAME_SHORTFORM_HP,G3C,compact label / index / list entry,C,B,4,label_or_marginal,LABEL-FIELD,LABEL-FIELD,NO_VERIFIED_EXTERNAL_TRANSLATION
"fRos.59,@L0",fRos,3408,dl,R06,S2_STRONG_BUT_PARTIAL_TRANSCRIPTION_CORE,S2,FORMAL_G3C_NONFRAME_SHORTFORM_HP,G3C,compact label / index / list entry,C,B,4,label_or_marginal,LABEL-FIELD,LABEL-FIELD,NO_VERIFIED_EXTERNAL_TRANSLATION
"fRos.60,@L0",fRos,3409,ddy,R06,S2_STRONG_BUT_PARTIAL_TRANSCRIPTION_CORE,S2,FORMAL_G3C_NONFRAME_SHORTFORM_HP,G3C,compact label / index / list entry,C,B,4,label_or_marginal,LABEL-FIELD,LABEL-FIELD,NO_VERIFIED_EXTERNAL_TRANSLATION
"fRos.64,@L0",fRos,3413,opy,R00,S2_STRONG_BUT_PARTIAL_TRANSCRIPTION_CORE,S2,FORMAL_G3C_NONFRAME_SHORTFORM_HP,G3C,compact label / index / list entry,C,B,4,label_or_marginal,LABEL-FIELD,LABEL-FIELD,NO_VERIFIED_EXTERNAL_TRANSLATION
"fRos.65,@L0",fRos,3414,odal,R00,S2_STRONG_BUT_PARTIAL_TRANSCRIPTION_CORE,S2,FORMAL_G3C_NONFRAME_SHORTFORM_HP,G3C,compact label / index / list entry,C,B,4,label_or_marginal,LABEL-FIELD,LABEL-FIELD,NO_VERIFIED_EXTERNAL_TRANSLATION
"fRos.66,@L0",fRos,3415,shdy,R06,S2_STRONG_BUT_PARTIAL_TRANSCRIPTION_CORE,S2,FORMAL_G3C_NONFRAME_SHORTFORM_HP,G3C,compact label / index / list entry,C,B,4,label_or_marginal,LABEL-FIELD,LABEL-FIELD,NO_VERIFIED_EXTERNAL_TRANSLATION
"fRos.67,@L0",fRos,3416,opchees,R00,S2_STRONG_BUT_PARTIAL_TRANSCRIPTION_CORE,S2,FORMAL_G3C_NONFRAME_SHORTFORM_HP,G3C,compact label / index / list entry,C,B,4,label_or_marginal,LABEL-FIELD,LABEL-FIELD,NO_VERIFIED_EXTERNAL_TRANSLATION
"fRos.68,@L0",fRos,3417,opar,R00,S2_STRONG_BUT_PARTIAL_TRANSCRIPTION_CORE,S2,FORMAL_G3C_NONFRAME_SHORTFORM_HP,G3C,compact label / index / list entry,C,B,4,label_or_marginal,LABEL-FIELD,LABEL-FIELD,NO_VERIFIED_EXTERNAL_TRANSLATION
"fRos.69,@L0",fRos,3418,daral,R06,S2_STRONG_BUT_PARTIAL_TRANSCRIPTION_CORE,S2,FORMAL_G3C_NONFRAME_SHORTFORM_HP,G3C,compact label / index / list entry,C,B,4,label_or_marginal,LABEL-FIELD,LABEL-FIELD,NO_VERIFIED_EXTERNAL_TRANSLATION
"fRos.73,@L0",fRos,3422,ytedar ary,R06 R00,S2_STRONG_BUT_PARTIAL_TRANSCRIPTION_CORE,S2,FORMAL_G3C_NONFRAME_SHORTFORM_HP,G3C,compact label / index / list entry,C,B,4,label_or_marginal,LABEL-FIELD LABEL-LEX,LABEL-FIELD / LABEL-LEX,NO_VERIFIED_EXTERNAL_TRANSLATION
"fRos.74,@L0",fRos,3423,opcheda,R00,S2_STRONG_BUT_PARTIAL_TRANSCRIPTION_CORE,S2,FORMAL_G3C_NONFRAME_SHORTFORM_HP,G3C,compact label / index / list entry,C,B,4,label_or_marginal,LABEL-FIELD,LABEL-FIELD,NO_VERIFIED_EXTERNAL_TRANSLATION
"fRos.75,@L0",fRos,3424,ols,R00,S2_STRONG_BUT_PARTIAL_TRANSCRIPTION_CORE,S2,FORMAL_G3C_NONFRAME_SHORTFORM_HP,G3C,compact label / index / list entry,C,B,4,label_or_marginal,LABEL-FIELD,LABEL-FIELD,NO_VERIFIED_EXTERNAL_TRANSLATION
"fRos.76,@L0",fRos,3425,ypal,R06,S2_STRONG_BUT_PARTIAL_TRANSCRIPTION_CORE,S2,FORMAL_G3C_NONFRAME_SHORTFORM_HP,G3C,compact label / index / list entry,C,B,4,label_or_marginal,LABEL-FIELD,LABEL-FIELD,NO_VERIFIED_EXTERNAL_TRANSLATION
"fRos.77,@L0",fRos,3426,opydsh,R00,S2_STRONG_BUT_PARTIAL_TRANSCRIPTION_CORE,S2,FORMAL_G3C_NONFRAME_SHORTFORM_HP,G3C,compact label / index / list entry,C,B,4,label_or_marginal,LABEL-FIELD,LABEL-FIELD,NO_VERIFIED_EXTERNAL_TRANSLATION
"fRos.79,@L0",fRos,3428,olz,R00,S2_STRONG_BUT_PARTIAL_TRANSCRIPTION_CORE,S2,FORMAL_G3C_NONFRAME_SHORTFORM_HP,G3C,compact label / index / list entry,C,B,4,label_or_marginal,LABEL-FIELD,LABEL-FIELD,NO_VERIFIED_EXTERNAL_TRANSLATION
"fRos.80,@L0",fRos,3429,dtedg,R06,S2_STRONG_BUT_PARTIAL_TRANSCRIPTION_CORE,S2,FORMAL_G3C_NONFRAME_SHORTFORM_HP,G3C,compact label / index / list entry,C,B,4,label_or_marginal,LABEL-FIELD,LABEL-FIELD,NO_VERIFIED_EXTERNAL_TRANSLATION
"fRos.81,@L0",fRos,3430,opy,R00,S2_STRONG_BUT_PARTIAL_TRANSCRIPTION_CORE,S2,FORMAL_G3C_NONFRAME_SHORTFORM_HP,G3C,compact label / index / list entry,C,B,4,label_or_marginal,LABEL-FIELD,LABEL-FIELD,NO_VERIFIED_EXTERNAL_TRANSLATION
"fRos.83,@L0",fRos,3432,ddary,R06,S2_STRONG_BUT_PARTIAL_TRANSCRIPTION_CORE,S2,FORMAL_G3C_NONFRAME_SHORTFORM_HP,G3C,compact label / index / list entry,C,B,4,label_or_marginal,LABEL-FIELD,LABEL-FIELD,NO_VERIFIED_EXTERNAL_TRANSLATION
"fRos.84,@L0",fRos,3433,otdy,R00,S2_STRONG_BUT_PARTIAL_TRANSCRIPTION_CORE,S2,FORMAL_G3C_NONFRAME_SHORTFORM_HP,G3C,compact label / index / list entry,C,B,4,label_or_marginal,LABEL-FIELD,LABEL-FIELD,NO_VERIFIED_EXTERNAL_TRANSLATION
"fRos.85,@L0",fRos,3434,dairdy,R06,S2_STRONG_BUT_PARTIAL_TRANSCRIPTION_CORE,S2,FORMAL_G3C_NONFRAME_SHORTFORM_HP,G3C,compact label / index / list entry,C,B,4,label_or_marginal,LABEL-FIELD,LABEL-FIELD,NO_VERIFIED_EXTERNAL_TRANSLATION
"fRos.86,@L0",fRos,3435,rody,R00,S2_STRONG_BUT_PARTIAL_TRANSCRIPTION_CORE,S2,FORMAL_G3C_NONFRAME_SHORTFORM_HP,G3C,compact label / index / list entry,C,B,4,label_or_marginal,LABEL-FIELD,LABEL-FIELD,NO_VERIFIED_EXTERNAL_TRANSLATION
"fRos.88,@L0",fRos,3437,ofary,R00,S2_STRONG_BUT_PARTIAL_TRANSCRIPTION_CORE,S2,FORMAL_G3C_NONFRAME_SHORTFORM_HP,G3C,compact label / index / list entry,C,B,4,label_or_marginal,LABEL-FIELD,LABEL-FIELD,NO_VERIFIED_EXTERNAL_TRANSLATION
"fRos.90,@L0",fRos,3439,okchdy kary,R00 R06,S2_STRONG_BUT_PARTIAL_TRANSCRIPTION_CORE,S2,FORMAL_G3C_NONFRAME_SHORTFORM_HP,G3C,compact label / index / list entry,C,B,4,label_or_marginal,LABEL-LEX LABEL-FIELD,LABEL-LEX / LABEL-FIELD,NO_VERIFIED_EXTERNAL_TRANSLATION
"fRos.96,@L0",fRos,3445,opchdy,R00,S2_STRONG_BUT_PARTIAL_TRANSCRIPTION_CORE,S2,FORMAL_G3C_NONFRAME_SHORTFORM_HP,G3C,compact label / index / list entry,C,B,4,label_or_marginal,LABEL-FIELD,LABEL-FIELD,NO_VERIFIED_EXTERNAL_TRANSLATION
"fRos.98,@L0",fRos,3447,oda,R00,S2_STRONG_BUT_PARTIAL_TRANSCRIPTION_CORE,S2,FORMAL_G3C_NONFRAME_SHORTFORM_HP,G3C,compact label / index / list entry,C,B,4,label_or_marginal,LABEL-FIELD,LABEL-FIELD,NO_VERIFIED_EXTERNAL_TRANSLATION
"fRos.99,@L0",fRos,3448,ofchdar,R00,S2_STRONG_BUT_PARTIAL_TRANSCRIPTION_CORE,S2,FORMAL_G3C_NONFRAME_SHORTFORM_HP,G3C,compact label / index / list entry,C,B,4,label_or_marginal,LABEL-FIELD,LABEL-FIELD,NO_VERIFIED_EXTERNAL_TRANSLATION
"fRos.101,@L0",fRos,3450,lokedshs,R00,S2_STRONG_BUT_PARTIAL_TRANSCRIPTION_CORE,S2,FORMAL_G3C_NONFRAME_SHORTFORM_HP,G3C,compact label / index / list entry,C,B,4,label_or_marginal,LABEL-FIELD,LABEL-FIELD,NO_VERIFIED_EXTERNAL_TRANSLATION
"fRos.102,@L0",fRos,3451,otodar,R00,S2_STRONG_BUT_PARTIAL_TRANSCRIPTION_CORE,S2,FORMAL_G3C_NONFRAME_SHORTFORM_HP,G3C,compact label / index / list entry,C,B,4,label_or_marginal,LABEL-FIELD,LABEL-FIELD,NO_VERIFIED_EXTERNAL_TRANSLATION
"fRos.104,@L0",fRos,3453,okedy,R00,S2_STRONG_BUT_PARTIAL_TRANSCRIPTION_CORE,S2,FORMAL_G3C_NONFRAME_SHORTFORM_HP,G3C,compact label / index / list entry,C,B,4,label_or_marginal,FUNC-PARTICLE,FUNC-PARTICLE,NO_VERIFIED_EXTERNAL_TRANSLATION
"fRos.108,@L0",fRos,3457,otdy,R00,S2_STRONG_BUT_PARTIAL_TRANSCRIPTION_CORE,S2,FORMAL_G3C_NONFRAME_SHORTFORM_HP,G3C,compact label / index / list entry,C,B,4,label_or_marginal,LABEL-FIELD,LABEL-FIELD,NO_VERIFIED_EXTERNAL_TRANSLATION
"fRos.109,+L0",fRos,3458,otody,R00,S2_STRONG_BUT_PARTIAL_TRANSCRIPTION_CORE,S2,FORMAL_G3C_NONFRAME_SHORTFORM_HP,G3C,compact label / index / list entry,C,B,4,+L,LABEL-FIELD,LABEL-FIELD,NO_VERIFIED_EXTERNAL_TRANSLATION
"fRos.110,/L0",fRos,3459,chdain,R00,S2_STRONG_BUT_PARTIAL_TRANSCRIPTION_CORE,S2,FORMAL_G3C_NONFRAME_SHORTFORM_HP,G3C,compact label / index / list entry,C,B,4,/L,LABEL-FIELD,LABEL-FIELD,NO_VERIFIED_EXTERNAL_TRANSLATION
"fRos.118,@L0",fRos,3467,otodey,R00,S2_STRONG_BUT_PARTIAL_TRANSCRIPTION_CORE,S2,FORMAL_G3C_NONFRAME_SHORTFORM_HP,G3C,compact label / index / list entry,C,B,4,label_or_marginal,LABEL-FIELD,LABEL-FIELD,NO_VERIFIED_EXTERNAL_TRANSLATION
"fRos.119,@L0",fRos,3468,otodedy,R00,S2_STRONG_BUT_PARTIAL_TRANSCRIPTION_CORE,S2,FORMAL_G3C_NONFRAME_SHORTFORM_HP,G3C,compact label / index / list entry,C,B,4,label_or_marginal,LABEL-FIELD,LABEL-FIELD,NO_VERIFIED_EXTERNAL_TRANSLATION
"fRos.120,@L0",fRos,3469,opchdain,R00,S2_STRONG_BUT_PARTIAL_TRANSCRIPTION_CORE,S2,FORMAL_G3C_NONFRAME_SHORTFORM_HP,G3C,compact label / index / list entry,C,B,4,label_or_marginal,LABEL-FIELD,LABEL-FIELD,NO_VERIFIED_EXTERNAL_TRANSLATION
"fRos.121,@L0",fRos,3470,otdar shed,R00 R06,S2_STRONG_BUT_PARTIAL_TRANSCRIPTION_CORE,S2,FORMAL_G3C_NONFRAME_SHORTFORM_HP,G3C,compact label / index / list entry,C,B,4,label_or_marginal,LABEL-FIELD LABEL-FIELD,LABEL-FIELD / LABEL-FIELD,NO_VERIFIED_EXTERNAL_TRANSLATION
"fRos.123,@L0",fRos,3472,ofaraiin,R00,S2_STRONG_BUT_PARTIAL_TRANSCRIPTION_CORE,S2,FORMAL_G3C_NONFRAME_SHORTFORM_HP,G3C,compact label / index / list entry,C,B,4,label_or_marginal,LABEL-FIELD,LABEL-FIELD,NO_VERIFIED_EXTERNAL_TRANSLATION
"fRos.124,@L0",fRos,3473,okolar,R00,S2_STRONG_BUT_PARTIAL_TRANSCRIPTION_CORE,S2,FORMAL_G3C_NONFRAME_SHORTFORM_HP,G3C,compact label / index / list entry,C,B,4,label_or_marginal,LABEL-FIELD,LABEL-FIELD,NO_VERIFIED_EXTERNAL_TRANSLATION
"fRos.125,@L0",fRos,3474,okchdy,R00,S2_STRONG_BUT_PARTIAL_TRANSCRIPTION_CORE,S2,FORMAL_G3C_NONFRAME_SHORTFORM_HP,G3C,compact label / index / list entry,C,B,4,label_or_marginal,LABEL-LEX,LABEL-LEX,NO_VERIFIED_EXTERNAL_TRANSLATION
"fRos.126,@L0",fRos,3475,ykedy,R00,S2_STRONG_BUT_PARTIAL_TRANSCRIPTION_CORE,S2,FORMAL_G3C_NONFRAME_SHORTFORM_HP,G3C,compact label / index / list entry,C,B,4,label_or_marginal,LABEL-FIELD,LABEL-FIELD,NO_VERIFIED_EXTERNAL_TRANSLATION
"fRos.128,@L0",fRos,3477,otosaiin,R00,S2_STRONG_BUT_PARTIAL_TRANSCRIPTION_CORE,S2,FORMAL_G3C_NONFRAME_SHORTFORM_HP,G3C,compact label / index / list entry,C,B,4,label_or_marginal,LABEL-FIELD,LABEL-FIELD,NO_VERIFIED_EXTERNAL_TRANSLATION
"fRos.129,@L0",fRos,3478,otchdam,R00,S2_STRONG_BUT_PARTIAL_TRANSCRIPTION_CORE,S2,FORMAL_G3C_NONFRAME_SHORTFORM_HP,G3C,compact label / index / list entry,C,B,4,label_or_marginal,LABEL-FIELD,LABEL-FIELD,NO_VERIFIED_EXTERNAL_TRANSLATION
"fRos.130,@L0",fRos,3479,tedy,R06,S2_STRONG_BUT_PARTIAL_TRANSCRIPTION_CORE,S2,FORMAL_G3C_NONFRAME_SHORTFORM_HP,G3C,compact label / index / list entry,C,B,4,label_or_marginal,LABEL-FIELD,LABEL-FIELD,NO_VERIFIED_EXTERNAL_TRANSLATION
"fRos.131,@L0",fRos,3480,okar,R03,S2_STRONG_BUT_PARTIAL_TRANSCRIPTION_CORE,S2,FORMAL_G3C_NONFRAME_SHORTFORM_HP,G3C,compact label / index / list entry,C,B,4,label_or_marginal,FUNC-PARTICLE,FUNC-PARTICLE,NO_VERIFIED_EXTERNAL_TRANSLATION
"fRos.132,@L0",fRos,3481,lashalg,R00,S2_STRONG_BUT_PARTIAL_TRANSCRIPTION_CORE,S2,FORMAL_G3C_NONFRAME_SHORTFORM_HP,G3C,compact label / index / list entry,C,B,4,label_or_marginal,LABEL-FIELD,LABEL-FIELD,NO_VERIFIED_EXTERNAL_TRANSLATION
"fRos.135,@L0",fRos,3484,osaram,R00,S2_STRONG_BUT_PARTIAL_TRANSCRIPTION_CORE,S2,FORMAL_G3C_NONFRAME_SHORTFORM_HP,G3C,compact label / index / list entry,C,B,4,label_or_marginal,LABEL-FIELD,LABEL-FIELD,NO_VERIFIED_EXTERNAL_TRANSLATION
"fRos.136,@L0",fRos,3485,oparodam,R00,S2_STRONG_BUT_PARTIAL_TRANSCRIPTION_CORE,S2,FORMAL_G3C_NONFRAME_SHORTFORM_HP,G3C,compact label / index / list entry,C,B,4,label_or_marginal,LABEL-FIELD,LABEL-FIELD,NO_VERIFIED_EXTERNAL_TRANSLATION
"fRos.140,+Pb",fRos,3489,okchy qokedy qokedy,R00 H12 H12,S2_STRONG_BUT_PARTIAL_TRANSCRIPTION_CORE,S2,FORMAL_G1_GLOBAL_FRAME,G1,relational frame / record line,C,B,4,paragraph_continuation,ARG/FILL FUNC-PARTICLE FUNC-PARTICLE,ARG/FILL / FUNC-PARTICLE / FUNC-PARTICLE,NO_VERIFIED_EXTERNAL_TRANSLATION
"fRos.142,@Pb",fRos,3491,okar olchey daiin,R03 R00 R10,S2_STRONG_BUT_PARTIAL_TRANSCRIPTION_CORE,S2,FORMAL_G3C_NONFRAME_SHORTFORM_HP,G3C,compact label / index / list entry,C,B,4,paragraph_start,FUNC-PARTICLE LABEL-FIELD FUNC-PARTICLE,FUNC-PARTICLE / LABEL-FIELD / FUNC-PARTICLE,NO_VERIFIED_EXTERNAL_TRANSLATION
"fRos.146,@L0",fRos,3495,dor,R06,S2_STRONG_BUT_PARTIAL_TRANSCRIPTION_CORE,S2,FORMAL_G3C_NONFRAME_SHORTFORM_HP,G3C,compact label / index / list entry,C,B,4,label_or_marginal,LABEL-FIELD,LABEL-FIELD,NO_VERIFIED_EXTERNAL_TRANSLATION
"fRos.147,+L0",fRos,3496,oky,R00,S2_STRONG_BUT_PARTIAL_TRANSCRIPTION_CORE,S2,FORMAL_G3C_NONFRAME_SHORTFORM_HP,G3C,compact label / index / list entry,C,B,4,+L,FUNC-PARTICLE,FUNC-PARTICLE,NO_VERIFIED_EXTERNAL_TRANSLATION
"fRos.150,+L0",fRos,3499,ardas,R00,S2_STRONG_BUT_PARTIAL_TRANSCRIPTION_CORE,S2,FORMAL_G3C_NONFRAME_SHORTFORM_HP,G3C,compact label / index / list entry,C,B,4,+L,LABEL-FIELD,LABEL-FIELD,NO_VERIFIED_EXTERNAL_TRANSLATION
"fRos.152,@L0",fRos,3501,oparod,R00,S2_STRONG_BUT_PARTIAL_TRANSCRIPTION_CORE,S2,FORMAL_G3C_NONFRAME_SHORTFORM_HP,G3C,compact label / index / list entry,C,B,4,label_or_marginal,LABEL-FIELD,LABEL-FIELD,NO_VERIFIED_EXTERNAL_TRANSLATION
"fRos.153,+L0",fRos,3502,shckhdy,R00,S2_STRONG_BUT_PARTIAL_TRANSCRIPTION_CORE,S2,FORMAL_G3C_NONFRAME_SHORTFORM_HP,G3C,compact label / index / list entry,C,B,4,+L,LABEL-FIELD,LABEL-FIELD,NO_VERIFIED_EXTERNAL_TRANSLATION
"fRos.154,+L0",fRos,3503,tshda,R06,S2_STRONG_BUT_PARTIAL_TRANSCRIPTION_CORE,S2,FORMAL_G3C_NONFRAME_SHORTFORM_HP,G3C,compact label / index / list entry,C,B,4,+L,LABEL-FIELD,LABEL-FIELD,NO_VERIFIED_EXTERNAL_TRANSLATION
"fRos.155,@L0",fRos,3504,opchd,R00,S2_STRONG_BUT_PARTIAL_TRANSCRIPTION_CORE,S2,FORMAL_G3C_NONFRAME_SHORTFORM_HP,G3C,compact label / index / list entry,C,B,4,label_or_marginal,LABEL-FIELD,LABEL-FIELD,NO_VERIFIED_EXTERNAL_TRANSLATION
"fRos.156,+L0",fRos,3505,opchdy,R00,S2_STRONG_BUT_PARTIAL_TRANSCRIPTION_CORE,S2,FORMAL_G3C_NONFRAME_SHORTFORM_HP,G3C,compact label / index / list entry,C,B,4,+L,LABEL-FIELD,LABEL-FIELD,NO_VERIFIED_EXTERNAL_TRANSLATION
"fRos.158,@L0",fRos,3507,shet,R06,S2_STRONG_BUT_PARTIAL_TRANSCRIPTION_CORE,S2,FORMAL_G3C_NONFRAME_SHORTFORM_HP,G3C,compact label / index / list entry,C,B,4,label_or_marginal,LABEL-FIELD,LABEL-FIELD,NO_VERIFIED_EXTERNAL_TRANSLATION
"fRos.159,+L0",fRos,3508,opchsy,R00,S2_STRONG_BUT_PARTIAL_TRANSCRIPTION_CORE,S2,FORMAL_G3C_NONFRAME_SHORTFORM_HP,G3C,compact label / index / list entry,C,B,4,+L,LABEL-FIELD,LABEL-FIELD,NO_VERIFIED_EXTERNAL_TRANSLATION
"fRos.160,+L0",fRos,3509,cheky,R06,S2_STRONG_BUT_PARTIAL_TRANSCRIPTION_CORE,S2,FORMAL_G3C_NONFRAME_SHORTFORM_HP,G3C,compact label / index / list entry,C,B,4,+L,FUNC-PARTICLE,FUNC-PARTICLE,NO_VERIFIED_EXTERNAL_TRANSLATION
"f86v6.19,+P0",f86v6,3537,pol sheopchey pchecfhey or aiiin qokaiin cholkar,R06 R00 R00 R06 R00 H08 R07,S1_MULTI_TRANSCRIPTION_STRICT_CORE,S1,FORMAL_G1_GLOBAL_FRAME,G1,relational frame / record line,T,B,2,paragraph_continuation,ARG/FILL ARG/FILL ARG/FILL FUNC-PARTICLE ARG/FILL FUNC-PARTICLE ARG/FILL,ARG/FILL / ARG/FILL / ARG/FILL / FUNC-PARTICLE / ARG/FILL / FUNC-PARTICLE / ARG/FILL,NO_VERIFIED_EXTERNAL_TRANSLATION
"f86v6.28,+P0",f86v6,3546,qokaiin qokar okar qotar lor qokchdy dar shey dytshedy qotol dytshy dy,H08 R03 R03 H13 R00 H09 R06 R06 R00 H13 R06 R02,S2_STRONG_BUT_PARTIAL_TRANSCRIPTION_CORE,S2,FORMAL_G1_GLOBAL_FRAME,G1,relational frame / record line,T,B,2,paragraph_continuation,FUNC-PARTICLE FUNC-PARTICLE FUNC-PARTICLE OP/HEAD ARG-LEX FUNC-PARTICLE FUNC-PARTICLE FUNC-PARTICLE ARG/FILL OPERATOR ARG/FILL FUNC-PARTICLE,FUNC-PARTICLE / FUNC-PARTICLE / FUNC-PARTICLE / OP/HEAD / ARG-LEX / FUNC-PARTICLE / FUNC-PARTICLE / FUNC-PARTICLE / ARG/FILL / OPERATOR / ARG/FILL / FUNC-PARTICLE,NO_VERIFIED_EXTERNAL_TRANSLATION
"f86v3.1,@Pb",f86v3,3603,tchedy qokeedy qoedy qopchy raiin olpchey qokaiin,R06 H01 R00 H07 R00 R00 H08,S2_STRONG_BUT_PARTIAL_TRANSCRIPTION_CORE,S2,FORMAL_G2_CORE_LOCAL_KERNEL,G2,zone-local kernel / record line,C,B,2,paragraph_start,ARG/FILL FUNC-PARTICLE ARG/FILL OP/HEAD ARG/FILL ARG/FILL FUNC-PARTICLE,ARG/FILL / FUNC-PARTICLE / ARG/FILL / OP/HEAD / ARG/FILL / ARG/FILL / FUNC-PARTICLE,NO_VERIFIED_EXTERNAL_TRANSLATION
"f86v3.7,+Pb",f86v3,3609,sain ytaiin ytapy odeeey dal dair ytam,R06 R06 R06 R00 R09 R06 R06,S1_MULTI_TRANSCRIPTION_STRICT_CORE,S1,FORMAL_G2_CORE_LOCAL_KERNEL,G2,zone-local kernel / record line,C,B,2,paragraph_continuation,FUNC-PARTICLE ARG/FILL ARG/FILL ARG/FILL FUNC-PARTICLE ARG/FILL ARG/FILL,FUNC-PARTICLE / ARG/FILL / ARG/FILL / ARG/FILL / FUNC-PARTICLE / ARG/FILL / ARG/FILL,NO_VERIFIED_EXTERNAL_TRANSLATION
"f86v3.10,+Pb",f86v3,3612,ychey olkeeey qotchedy qokeey qotchedar sheedy qokaiin qokedy ykaiin qotaiior am,R06 R00 H15 H08 H13 R06 H08 H12 R06 H13 R06,S2_STRONG_BUT_PARTIAL_TRANSCRIPTION_CORE,S2,FORMAL_G1_GLOBAL_FRAME,G1,relational frame / record line,C,B,2,paragraph_continuation,ARG/FILL ARG/FILL OP/HEAD FUNC-PARTICLE OP/HEAD FUNC-PARTICLE FUNC-PARTICLE FUNC-PARTICLE ARG/FILL OP/HEAD ARG/FILL,ARG/FILL / ARG/FILL / OP/HEAD / FUNC-PARTICLE / OP/HEAD / FUNC-PARTICLE / FUNC-PARTICLE / FUNC-PARTICLE / ARG/FILL / OP/HEAD / ARG/FILL,NO_VERIFIED_EXTERNAL_TRANSLATION
"f86v3.14,+Pb",f86v3,3616,ar aiin shodain shor chalkar shekshol okchor,R06 R06 R05 R06 R00 R08 R00,S1_MULTI_TRANSCRIPTION_STRICT_CORE,S1,FORMAL_G2_CORE_LOCAL_KERNEL,G2,zone-local kernel / record line,C,B,2,paragraph_continuation,FUNC-PARTICLE FUNC-PARTICLE ARG/FILL ARG/FILL ARG/FILL ARG/FILL ARG/FILL,FUNC-PARTICLE / FUNC-PARTICLE / ARG/FILL / ARG/FILL / ARG/FILL / ARG/FILL / ARG/FILL,NO_VERIFIED_EXTERNAL_TRANSLATION
"f86v3.17,+P0",f86v3,3619,dsheody qokchey dal or odaiin sar,R00 H08 R09 R06 R10 R06,S1_MULTI_TRANSCRIPTION_STRICT_CORE,S1,FORMAL_G2_CORE_LOCAL_KERNEL,G2,zone-local kernel / record line,C,B,2,paragraph_continuation,ARG/FILL OP/HEAD FUNC-PARTICLE FUNC-PARTICLE QUAL/TAIL ARG/FILL,ARG/FILL / OP/HEAD / FUNC-PARTICLE / FUNC-PARTICLE / QUAL/TAIL / ARG/FILL,NO_VERIFIED_EXTERNAL_TRANSLATION
"f86v3.20,+P0",f86v3,3622,lshodair ykcho dar chody ykeeody qochey chckhey lkarary,R00 R06 R06 R00 R00 H07 R00 R00,S2_STRONG_BUT_PARTIAL_TRANSCRIPTION_CORE,S2,FORMAL_G2_CORE_LOCAL_KERNEL,G2,zone-local kernel / record line,C,B,2,paragraph_continuation,ARG/FILL ARG/FILL FUNC-PARTICLE ARG/FILL ARG/FILL OP/HEAD ARG/FILL ARG/FILL,ARG/FILL / ARG/FILL / FUNC-PARTICLE / ARG/FILL / ARG/FILL / OP/HEAD / ARG/FILL / ARG/FILL,NO_VERIFIED_EXTERNAL_TRANSLATION
"f86v3.21,+P0",f86v3,3623,dshedy kshey tchdy shdy ralkchedy ytchol qoty okshy tam,R06 R06 R06 R06 R00 R06 H01 R00 R06,S1_MULTI_TRANSCRIPTION_STRICT_CORE,S1,FORMAL_G2_CORE_LOCAL_KERNEL,G2,zone-local kernel / record line,C,B,2,paragraph_continuation,ARG/FILL ARG/FILL ARG/FILL ARG/FILL ARG/FILL ARG/FILL FUNC-PARTICLE ARG/FILL ARG/FILL,ARG/FILL / ARG/FILL / ARG/FILL / ARG/FILL / ARG/FILL / ARG/FILL / FUNC-PARTICLE / ARG/FILL / ARG/FILL,NO_VERIFIED_EXTERNAL_TRANSLATION
"f86v3.22,+P0",f86v3,3624,ytchdy dar sholor alor,R00 R06 R06 R00,S2_STRONG_BUT_PARTIAL_TRANSCRIPTION_CORE,S2,FORMAL_G2_CORE_LOCAL_KERNEL,G2,zone-local kernel / record line,C,B,2,paragraph_continuation,ARG/FILL FUNC-PARTICLE ARG/FILL ARG/FILL,ARG/FILL / FUNC-PARTICLE / ARG/FILL / ARG/FILL,NO_VERIFIED_EXTERNAL_TRANSLATION
"f86v3.23,@Pb",f86v3,3625,tshedal ypchey shdy qopcheeody opchdy olfchey ypchey qotaiin,R09 R06 R06 H20 R00 R00 R06 H13,S1_MULTI_TRANSCRIPTION_STRICT_CORE,S1,FORMAL_G2_CORE_LOCAL_KERNEL,G2,zone-local kernel / record line,C,B,2,paragraph_start,QUAL/TAIL ARG/FILL ARG/FILL OP/HEAD ARG/FILL ARG/FILL ARG/FILL OPERATOR,QUAL/TAIL / ARG/FILL / ARG/FILL / OP/HEAD / ARG/FILL / ARG/FILL / ARG/FILL / OPERATOR,NO_VERIFIED_EXTERNAL_TRANSLATION
"f86v3.24,+Pb",f86v3,3626,dshedy qokeey qotee shedy qokaiin chdy otar otaiin ykaiin,R06 H08 H13 R06 H08 R02 R01 R10 R06,S1_MULTI_TRANSCRIPTION_STRICT_CORE,S1,FORMAL_G1_GLOBAL_FRAME,G1,relational frame / record line,C,B,2,paragraph_continuation,ARG/FILL FUNC-PARTICLE OP/HEAD FUNC-PARTICLE FUNC-PARTICLE FUNC-PARTICLE QUAL/TAIL FUNC-PARTICLE ARG/FILL,ARG/FILL / FUNC-PARTICLE / OP/HEAD / FUNC-PARTICLE / FUNC-PARTICLE / FUNC-PARTICLE / QUAL/TAIL / FUNC-PARTICLE / ARG/FILL,NO_VERIFIED_EXTERNAL_TRANSLATION
"f86v3.26,+Pb",f86v3,3628,shor yteey oteedy shedaiin sheey otaiin ytaiin otodar aiin,R06 R06 R01 R00 R06 R10 R06 R00 R06,S1_MULTI_TRANSCRIPTION_STRICT_CORE,S1,FORMAL_G2_CORE_LOCAL_KERNEL,G2,zone-local kernel / record line,C,B,2,paragraph_continuation,ARG/FILL ARG-LEX FUNC-PARTICLE ARG/FILL FUNC-PARTICLE FUNC-PARTICLE ARG/FILL ARG/FILL FUNC-PARTICLE,ARG/FILL / ARG-LEX / FUNC-PARTICLE / ARG/FILL / FUNC-PARTICLE / FUNC-PARTICLE / ARG/FILL / ARG/FILL / FUNC-PARTICLE,NO_VERIFIED_EXTERNAL_TRANSLATION
"f86v3.27,+Pb",f86v3,3629,teeos aiin yteey qoteey otchey qoteeody cheeor cheedaiin,R06 R06 R06 H13 R00 H16 R00 R10,S1_MULTI_TRANSCRIPTION_STRICT_CORE,S1,FORMAL_G2_CORE_LOCAL_KERNEL,G2,zone-local kernel / record line,C,B,2,paragraph_continuation,ARG/FILL FUNC-PARTICLE ARG-LEX OPERATOR ARG/FILL OP/HEAD ARG/FILL QUAL/TAIL,ARG/FILL / FUNC-PARTICLE / ARG-LEX / OPERATOR / ARG/FILL / OP/HEAD / ARG/FILL / QUAL/TAIL,NO_VERIFIED_EXTERNAL_TRANSLATION
"f86v3.28,+Pb",f86v3,3630,ycheeody daii oteey qoedy oteey olteey,R00 R06 R01 R00 R01 R00,S2_STRONG_BUT_PARTIAL_TRANSCRIPTION_CORE,S2,FORMAL_G2_CORE_LOCAL_KERNEL,G2,zone-local kernel / record line,C,B,2,paragraph_continuation,ARG/FILL ARG/FILL QUALIFIER ARG/FILL QUALIFIER ARG/FILL,ARG/FILL / ARG/FILL / QUALIFIER / ARG/FILL / QUALIFIER / ARG/FILL,NO_VERIFIED_EXTERNAL_TRANSLATION
"f86v3.29,@Pb",f86v3,3631,toeeedchy okchey qokchedy shedy ytcheodar,R00 R00 H10 R06 R00,S1_MULTI_TRANSCRIPTION_STRICT_CORE,S1,FORMAL_G2_CORE_LOCAL_KERNEL,G2,zone-local kernel / record line,C,B,2,paragraph_start,ARG/FILL ARG/FILL OP/HEAD FUNC-PARTICLE ARG/FILL,ARG/FILL / ARG/FILL / OP/HEAD / FUNC-PARTICLE / ARG/FILL,NO_VERIFIED_EXTERNAL_TRANSLATION
"f86v3.31,+Pb",f86v3,3633,tchedy chy tchey otchedy qokal oeedy lkam,R06 R00 R06 R00 H08 R00 R00,S1_MULTI_TRANSCRIPTION_STRICT_CORE,S1,FORMAL_G2_CORE_LOCAL_KERNEL,G2,zone-local kernel / record line,C,B,2,paragraph_continuation,ARG/FILL FUNC-PARTICLE ARG/FILL ARG/FILL FUNC-PARTICLE ARG/FILL ARG/FILL,ARG/FILL / FUNC-PARTICLE / ARG/FILL / ARG/FILL / FUNC-PARTICLE / ARG/FILL / ARG/FILL,NO_VERIFIED_EXTERNAL_TRANSLATION
"f86v3.33,+Pb",f86v3,3635,ytchey otaiin kshd qotar chear oram,R06 R10 R06 H13 R00 R00,S2_STRONG_BUT_PARTIAL_TRANSCRIPTION_CORE,S2,FORMAL_G2_CORE_LOCAL_KERNEL,G2,zone-local kernel / record line,C,B,2,paragraph_continuation,ARG/FILL FUNC-PARTICLE ARG/FILL OP/HEAD ARG/FILL ARG/FILL,ARG/FILL / FUNC-PARTICLE / ARG/FILL / OP/HEAD / ARG/FILL / ARG/FILL,NO_VERIFIED_EXTERNAL_TRANSLATION
"f87r.2,+P0",f87r,3640,dcheeckhos chety cthodal yteodam cphecthy syty,R00 R00 R04 R00 R04 R06,S1_MULTI_TRANSCRIPTION_STRICT_CORE,S1,FORMAL_G3C_NONFRAME_SHORTFORM_HP,G3C,compact label / index / list entry,H,A,1,paragraph_continuation,LABEL-FIELD LABEL-FIELD LABEL-FIELD LABEL-FIELD LABEL-FIELD LABEL-FIELD,LABEL-FIELD / LABEL-FIELD / LABEL-FIELD / LABEL-FIELD / LABEL-FIELD / LABEL-FIELD,NO_VERIFIED_EXTERNAL_TRANSLATION
"f87v.7,+P0",f87v,3661,qotechoep cheos cthey qokeod qokeog,H13 R00 R04 H08 H08,S1_MULTI_TRANSCRIPTION_STRICT_CORE,S1,FORMAL_G1_GLOBAL_FRAME,G1,relational frame / record line,H,A,1,paragraph_continuation,OP/HEAD ARG/FILL QUAL/TAIL OP/HEAD OP/HEAD,OP/HEAD / ARG/FILL / QUAL/TAIL / OP/HEAD / OP/HEAD,NO_VERIFIED_EXTERNAL_TRANSLATION
"f88r.1,@Lc",f88r,3671,otorchety,R00,S1_MULTI_TRANSCRIPTION_STRICT_CORE,S1,FORMAL_G3C_NONFRAME_SHORTFORM_HP,G3C,compact label / index / list entry,P,A,1,label_or_marginal,LABEL-FIELD,LABEL-FIELD,NO_VERIFIED_EXTERNAL_TRANSLATION
"f88r.2,@Lf",f88r,3672,osal,R00,S1_MULTI_TRANSCRIPTION_STRICT_CORE,S1,FORMAL_G3C_NONFRAME_SHORTFORM_HP,G3C,compact label / index / list entry,P,A,1,label_or_marginal,LABEL-FIELD,LABEL-FIELD,NO_VERIFIED_EXTERNAL_TRANSLATION
"f88r.3,@Lf",f88r,3673,orald,R00,S1_MULTI_TRANSCRIPTION_STRICT_CORE,S1,FORMAL_G3C_NONFRAME_SHORTFORM_HP,G3C,compact label / index / list entry,P,A,1,label_or_marginal,LABEL-FIELD,LABEL-FIELD,NO_VERIFIED_EXTERNAL_TRANSLATION
"f88r.4,@Lf",f88r,3674,oldar,R00,S1_MULTI_TRANSCRIPTION_STRICT_CORE,S1,FORMAL_G3C_NONFRAME_SHORTFORM_HP,G3C,compact label / index / list entry,P,A,1,label_or_marginal,LABEL-FIELD,LABEL-FIELD,NO_VERIFIED_EXTERNAL_TRANSLATION
"f88r.5,@Lf",f88r,3675,otoky,R00,S1_MULTI_TRANSCRIPTION_STRICT_CORE,S1,FORMAL_G3C_NONFRAME_SHORTFORM_HP,G3C,compact label / index / list entry,P,A,1,label_or_marginal,LABEL-FIELD,LABEL-FIELD,NO_VERIFIED_EXTERNAL_TRANSLATION
"f88r.6,@Lf",f88r,3676,otaly,R00,S1_MULTI_TRANSCRIPTION_STRICT_CORE,S1,FORMAL_G3C_NONFRAME_SHORTFORM_HP,G3C,compact label / index / list entry,P,A,1,label_or_marginal,LABEL-LEX,LABEL-LEX,NO_VERIFIED_EXTERNAL_TRANSLATION
"f88r.12,@Lc",f88r,3682,otaldy,R00,S1_MULTI_TRANSCRIPTION_STRICT_CORE,S1,FORMAL_G3C_NONFRAME_SHORTFORM_HP,G3C,compact label / index / list entry,P,A,1,label_or_marginal,LABEL-FIELD,LABEL-FIELD,NO_VERIFIED_EXTERNAL_TRANSLATION
"f88r.13,@Lf",f88r,3683,oram,R00,S1_MULTI_TRANSCRIPTION_STRICT_CORE,S1,FORMAL_G3C_NONFRAME_SHORTFORM_HP,G3C,compact label / index / list entry,P,A,1,label_or_marginal,LABEL-FIELD,LABEL-FIELD,NO_VERIFIED_EXTERNAL_TRANSLATION
"f88r.14,@Lf",f88r,3684,dary,R06,S1_MULTI_TRANSCRIPTION_STRICT_CORE,S1,FORMAL_G3C_NONFRAME_SHORTFORM_HP,G3C,compact label / index / list entry,P,A,1,label_or_marginal,LABEL-FIELD,LABEL-FIELD,NO_VERIFIED_EXTERNAL_TRANSLATION
"f88r.15,@Lf",f88r,3685,okol,R07,S1_MULTI_TRANSCRIPTION_STRICT_CORE,S1,FORMAL_G3C_NONFRAME_SHORTFORM_HP,G3C,compact label / index / list entry,P,A,1,label_or_marginal,FUNC-PARTICLE,FUNC-PARTICLE,NO_VERIFIED_EXTERNAL_TRANSLATION
"f88r.16,@Lf",f88r,3686,sorory,R06,S1_MULTI_TRANSCRIPTION_STRICT_CORE,S1,FORMAL_G3C_NONFRAME_SHORTFORM_HP,G3C,compact label / index / list entry,P,A,1,label_or_marginal,LABEL-FIELD,LABEL-FIELD,NO_VERIFIED_EXTERNAL_TRANSLATION
"f88r.17,@Lf",f88r,3687,otyda,R00,S1_MULTI_TRANSCRIPTION_STRICT_CORE,S1,FORMAL_G3C_NONFRAME_SHORTFORM_HP,G3C,compact label / index / list entry,P,A,1,label_or_marginal,LABEL-FIELD,LABEL-FIELD,NO_VERIFIED_EXTERNAL_TRANSLATION
"f88r.22,+P0",f88r,3692,ychey okaiin chol cheor ol chorcholsal,R06 R10 R07 R00 R06 R07,S1_MULTI_TRANSCRIPTION_STRICT_CORE,S1,FORMAL_G3C_NONFRAME_SHORTFORM_HP,G3C,compact label / index / list entry,P,A,1,paragraph_continuation,LABEL-FIELD FUNC-PARTICLE FUNC-PARTICLE LABEL-FIELD FUNC-PARTICLE LABEL-FIELD,LABEL-FIELD / FUNC-PARTICLE / FUNC-PARTICLE / LABEL-FIELD / FUNC-PARTICLE / LABEL-FIELD,NO_VERIFIED_EXTERNAL_TRANSLATION
"f88r.23,@Lc",f88r,3693,ofyskydal,R09,S1_MULTI_TRANSCRIPTION_STRICT_CORE,S1,FORMAL_G3C_NONFRAME_SHORTFORM_HP,G3C,compact label / index / list entry,P,A,1,label_or_marginal,QUAL/TAIL,QUAL/TAIL,NO_VERIFIED_EXTERNAL_TRANSLATION
"f88r.24,@Lf",f88r,3694,otoram,R00,S2_STRONG_BUT_PARTIAL_TRANSCRIPTION_CORE,S2,FORMAL_G3C_NONFRAME_SHORTFORM_HP,G3C,compact label / index / list entry,P,A,1,label_or_marginal,LABEL-FIELD,LABEL-FIELD,NO_VERIFIED_EXTERNAL_TRANSLATION
"f88r.25,@Lf",f88r,3695,ofaldo,R00,S1_MULTI_TRANSCRIPTION_STRICT_CORE,S1,FORMAL_G3C_NONFRAME_SHORTFORM_HP,G3C,compact label / index / list entry,P,A,1,label_or_marginal,LABEL-FIELD,LABEL-FIELD,NO_VERIFIED_EXTERNAL_TRANSLATION
"f88r.27,+P0",f88r,3697,qokol chol qokol qokol chol cheey or aiin oldal,H08 R07 H08 H08 R07 R06 R06 R06 R09,S1_MULTI_TRANSCRIPTION_STRICT_CORE,S1,FORMAL_G1_GLOBAL_FRAME,G1,relational frame / record line,P,A,1,paragraph_continuation,FUNC-PARTICLE FUNC-PARTICLE FUNC-PARTICLE FUNC-PARTICLE FUNC-PARTICLE FUNC-PARTICLE FUNC-PARTICLE FUNC-PARTICLE QUAL/TAIL,FUNC-PARTICLE / FUNC-PARTICLE / FUNC-PARTICLE / FUNC-PARTICLE / FUNC-PARTICLE / FUNC-PARTICLE / FUNC-PARTICLE / FUNC-PARTICLE / QUAL/TAIL,NO_VERIFIED_EXTERNAL_TRANSLATION
"f88v.3,@Lf",f88v,3704,cpheor,R00,S1_MULTI_TRANSCRIPTION_STRICT_CORE,S1,FORMAL_G3C_NONFRAME_SHORTFORM_HP,G3C,compact label / index / list entry,P,A,1,label_or_marginal,LABEL-FIELD,LABEL-FIELD,NO_VERIFIED_EXTERNAL_TRANSLATION
"f88v.5,@Lf",f88v,3706,otokol,R00,S1_MULTI_TRANSCRIPTION_STRICT_CORE,S1,FORMAL_G3C_NONFRAME_SHORTFORM_HP,G3C,compact label / index / list entry,P,A,1,label_or_marginal,LABEL-FIELD,LABEL-FIELD,NO_VERIFIED_EXTERNAL_TRANSLATION
"f88v.7,+P0",f88v,3708,dshor shor qokeody qokeolchey chkeor qokeey daiin qokeom,R06 R06 H11 H08 R00 H08 R10 H08,S1_MULTI_TRANSCRIPTION_STRICT_CORE,S1,FORMAL_G2_CORE_LOCAL_KERNEL,G2,zone-local kernel / record line,P,A,1,paragraph_continuation,ARG/FILL ARG/FILL OPERATOR OP/HEAD ARG/FILL FUNC-PARTICLE FUNC-PARTICLE OP/HEAD,ARG/FILL / ARG/FILL / OPERATOR / OP/HEAD / ARG/FILL / FUNC-PARTICLE / FUNC-PARTICLE / OP/HEAD,NO_VERIFIED_EXTERNAL_TRANSLATION
"f88v.8,+P0",f88v,3709,qoaiin cheoy olcheody qoekeol cho chckhy qoeey key cheokam,H07 R00 R00 H07 R00 R00 H07 R06 R00,S1_MULTI_TRANSCRIPTION_STRICT_CORE,S1,FORMAL_G2_CORE_LOCAL_KERNEL,G2,zone-local kernel / record line,P,A,1,paragraph_continuation,OP/HEAD ARG/FILL ARG/FILL OP/HEAD ARG/FILL FUNC-PARTICLE OPERATOR ARG/FILL ARG/FILL,OP/HEAD / ARG/FILL / ARG/FILL / OP/HEAD / ARG/FILL / FUNC-PARTICLE / OPERATOR / ARG/FILL / ARG/FILL,NO_VERIFIED_EXTERNAL_TRANSLATION
"f88v.11,@Lc",f88v,3712,otoram,R00,S1_MULTI_TRANSCRIPTION_STRICT_CORE,S1,FORMAL_G3C_NONFRAME_SHORTFORM_HP,G3C,compact label / index / list entry,P,A,1,label_or_marginal,LABEL-FIELD,LABEL-FIELD,NO_VERIFIED_EXTERNAL_TRANSLATION
"f88v.12,@Lf",f88v,3713,otor,R00,S1_MULTI_TRANSCRIPTION_STRICT_CORE,S1,FORMAL_G3C_NONFRAME_SHORTFORM_HP,G3C,compact label / index / list entry,P,A,1,label_or_marginal,LABEL-FIELD,LABEL-FIELD,NO_VERIFIED_EXTERNAL_TRANSLATION
"f88v.13,@Lf",f88v,3714,cheosdy,R00,S1_MULTI_TRANSCRIPTION_STRICT_CORE,S1,FORMAL_G3C_NONFRAME_SHORTFORM_HP,G3C,compact label / index / list entry,P,A,1,label_or_marginal,LABEL-FIELD,LABEL-FIELD,NO_VERIFIED_EXTERNAL_TRANSLATION
"f88v.16,+P0",f88v,3717,ysheod sheo sheody qokeody qoky chees cheody qokeody dal,R06 R06 R06 H11 H01 R00 R00 H11 R09,S1_MULTI_TRANSCRIPTION_STRICT_CORE,S1,FORMAL_G2_CORE_LOCAL_KERNEL,G2,zone-local kernel / record line,P,A,1,paragraph_continuation,ARG/FILL ARG-LEX ARG/FILL OPERATOR FUNC-PARTICLE ARG/FILL FUNC-PARTICLE OPERATOR FUNC-PARTICLE,ARG/FILL / ARG-LEX / ARG/FILL / OPERATOR / FUNC-PARTICLE / ARG/FILL / FUNC-PARTICLE / OPERATOR / FUNC-PARTICLE,NO_VERIFIED_EXTERNAL_TRANSLATION
"f88v.17,+P0",f88v,3718,qokeey qokeody chor oteody qockhol okol cheedy qokody,H08 H11 R11 R01 H07 R07 R06 R00,S2_STRONG_BUT_PARTIAL_TRANSCRIPTION_CORE,S2,FORMAL_G2_CORE_LOCAL_KERNEL,G2,zone-local kernel / record line,P,A,1,paragraph_continuation,FUNC-PARTICLE OPERATOR LABEL-LEX QUAL/TAIL OP/HEAD FUNC-PARTICLE ARG/FILL ARG/FILL,FUNC-PARTICLE / OPERATOR / LABEL-LEX / QUAL/TAIL / OP/HEAD / FUNC-PARTICLE / ARG/FILL / ARG/FILL,NO_VERIFIED_EXTERNAL_TRANSLATION
"f88v.18,+P0",f88v,3719,ykeeor chockhy otol cheeol cheody qotody soteol chtam,R06 R00 R01 R00 R00 R00 R06 R00,S1_MULTI_TRANSCRIPTION_STRICT_CORE,S1,FORMAL_G2_CORE_LOCAL_KERNEL,G2,zone-local kernel / record line,P,A,1,paragraph_continuation,ARG/FILL ARG/FILL QUAL/TAIL ARG/FILL FUNC-PARTICLE ARG/FILL ARG/FILL ARG/FILL,ARG/FILL / ARG/FILL / QUAL/TAIL / ARG/FILL / FUNC-PARTICLE / ARG/FILL / ARG/FILL / ARG/FILL,NO_VERIFIED_EXTERNAL_TRANSLATION
"f88v.25,+P0",f88v,3726,ykeey sheor tos checkhy dain cheos cheockhy saldy,R06 R06 R06 R00 R06 R00 R00 R06,S2_STRONG_BUT_PARTIAL_TRANSCRIPTION_CORE,S2,FORMAL_G2_CORE_LOCAL_KERNEL,G2,zone-local kernel / record line,P,A,1,paragraph_continuation,ARG/FILL ARG/FILL ARG/FILL ARG/FILL FUNC-PARTICLE ARG/FILL ARG/FILL ARG/FILL,ARG/FILL / ARG/FILL / ARG/FILL / ARG/FILL / FUNC-PARTICLE / ARG/FILL / ARG/FILL / ARG/FILL,NO_VERIFIED_EXTERNAL_TRANSLATION
"f88v.26,+P0",f88v,3727,saiin choky cheor shy,R06 R00 R00 R06,S1_MULTI_TRANSCRIPTION_STRICT_CORE,S1,FORMAL_G2_CORE_LOCAL_KERNEL,G2,zone-local kernel / record line,P,A,1,paragraph_continuation,FUNC-PARTICLE ARG/FILL ARG/FILL FUNC-PARTICLE,FUNC-PARTICLE / ARG/FILL / ARG/FILL / FUNC-PARTICLE,NO_VERIFIED_EXTERNAL_TRANSLATION
"f88v.27,@Lc",f88v,3728,daramdal,R00,S1_MULTI_TRANSCRIPTION_STRICT_CORE,S1,FORMAL_G3C_NONFRAME_SHORTFORM_HP,G3C,compact label / index / list entry,P,A,1,label_or_marginal,LABEL-FIELD,LABEL-FIELD,NO_VERIFIED_EXTERNAL_TRANSLATION
"f88v.28,@Lf",f88v,3729,otydary,R00,S1_MULTI_TRANSCRIPTION_STRICT_CORE,S1,FORMAL_G3C_NONFRAME_SHORTFORM_HP,G3C,compact label / index / list entry,P,A,1,label_or_marginal,LABEL-FIELD,LABEL-FIELD,NO_VERIFIED_EXTERNAL_TRANSLATION
"f88v.29,@Lf",f88v,3730,otdordy,R00,S1_MULTI_TRANSCRIPTION_STRICT_CORE,S1,FORMAL_G3C_NONFRAME_SHORTFORM_HP,G3C,compact label / index / list entry,P,A,1,label_or_marginal,LABEL-FIELD,LABEL-FIELD,NO_VERIFIED_EXTERNAL_TRANSLATION
"f88v.30,@Lf",f88v,3731,dararda,R00,S2_STRONG_BUT_PARTIAL_TRANSCRIPTION_CORE,S2,FORMAL_G3C_NONFRAME_SHORTFORM_HP,G3C,compact label / index / list entry,P,A,1,label_or_marginal,LABEL-FIELD,LABEL-FIELD,NO_VERIFIED_EXTERNAL_TRANSLATION
"f89r1.1,@Lc",f89r1,3732,okchshy,R00,S1_MULTI_TRANSCRIPTION_STRICT_CORE,S1,FORMAL_G3C_NONFRAME_SHORTFORM_HP,G3C,compact label / index / list entry,P,A,1,label_or_marginal,LABEL-FIELD,LABEL-FIELD,NO_VERIFIED_EXTERNAL_TRANSLATION
"f89r1.2,@Lf",f89r1,3733,qkol,R00,S1_MULTI_TRANSCRIPTION_STRICT_CORE,S1,FORMAL_G3C_NONFRAME_SHORTFORM_HP,G3C,compact label / index / list entry,P,A,1,label_or_marginal,LABEL-FIELD,LABEL-FIELD,NO_VERIFIED_EXTERNAL_TRANSLATION
"f89r1.3,@Lf",f89r1,3734,oldam,R00,S1_MULTI_TRANSCRIPTION_STRICT_CORE,S1,FORMAL_G3C_NONFRAME_SHORTFORM_HP,G3C,compact label / index / list entry,P,A,1,label_or_marginal,LABEL-FIELD,LABEL-FIELD,NO_VERIFIED_EXTERNAL_TRANSLATION
"f89r1.5,@Lf",f89r1,3736,ararchodaiin,R00,S1_MULTI_TRANSCRIPTION_STRICT_CORE,S1,FORMAL_G3C_NONFRAME_SHORTFORM_HP,G3C,compact label / index / list entry,P,A,1,label_or_marginal,LABEL-FIELD,LABEL-FIELD,NO_VERIFIED_EXTERNAL_TRANSLATION
"f89r1.8,+P0",f89r1,3739,qokeol chol qodaiin chol cheody qokechy daiin ctheody dam,H08 R07 H07 R07 R00 H08 R10 R04 R06,S1_MULTI_TRANSCRIPTION_STRICT_CORE,S1,FORMAL_G1_GLOBAL_FRAME,G1,relational frame / record line,P,A,1,paragraph_continuation,OP/HEAD FUNC-PARTICLE OP/HEAD FUNC-PARTICLE FUNC-PARTICLE OP/HEAD FUNC-PARTICLE QUAL/TAIL FUNC-PARTICLE,OP/HEAD / FUNC-PARTICLE / OP/HEAD / FUNC-PARTICLE / FUNC-PARTICLE / OP/HEAD / FUNC-PARTICLE / QUAL/TAIL / FUNC-PARTICLE,NO_VERIFIED_EXTERNAL_TRANSLATION
"f89r1.11,@Lc",f89r1,3742,ykyd,R06,S1_MULTI_TRANSCRIPTION_STRICT_CORE,S1,FORMAL_G3C_NONFRAME_SHORTFORM_HP,G3C,compact label / index / list entry,P,A,1,label_or_marginal,LABEL-FIELD,LABEL-FIELD,NO_VERIFIED_EXTERNAL_TRANSLATION
"f89r1.13,@Lf",f89r1,3744,otorain,R00,S1_MULTI_TRANSCRIPTION_STRICT_CORE,S1,FORMAL_G3C_NONFRAME_SHORTFORM_HP,G3C,compact label / index / list entry,P,A,1,label_or_marginal,LABEL-FIELD,LABEL-FIELD,NO_VERIFIED_EXTERNAL_TRANSLATION
"f89r1.24,@Lc",f89r1,3755,ykocfhy,R00,S1_MULTI_TRANSCRIPTION_STRICT_CORE,S1,FORMAL_G3C_NONFRAME_SHORTFORM_HP,G3C,compact label / index / list entry,P,A,1,label_or_marginal,LABEL-FIELD,LABEL-FIELD,NO_VERIFIED_EXTERNAL_TRANSLATION
"f89r1.25,@Lf",f89r1,3756,saldam,R06,S1_MULTI_TRANSCRIPTION_STRICT_CORE,S1,FORMAL_G3C_NONFRAME_SHORTFORM_HP,G3C,compact label / index / list entry,P,A,1,label_or_marginal,LABEL-FIELD,LABEL-FIELD,NO_VERIFIED_EXTERNAL_TRANSLATION
"f89r2.1,@Lc",f89r2,3759,odory,R00,S1_MULTI_TRANSCRIPTION_STRICT_CORE,S1,FORMAL_G3C_NONFRAME_SHORTFORM_HP,G3C,compact label / index / list entry,P,A,1,label_or_marginal,LABEL-FIELD,LABEL-FIELD,NO_VERIFIED_EXTERNAL_TRANSLATION
"f89r2.2,@Lf",f89r2,3760,doly,R06,S1_MULTI_TRANSCRIPTION_STRICT_CORE,S1,FORMAL_G3C_NONFRAME_SHORTFORM_HP,G3C,compact label / index / list entry,P,A,1,label_or_marginal,LABEL-FIELD,LABEL-FIELD,NO_VERIFIED_EXTERNAL_TRANSLATION
"f89r2.3,@Lf",f89r2,3761,opchosam,R00,S1_MULTI_TRANSCRIPTION_STRICT_CORE,S1,FORMAL_G3C_NONFRAME_SHORTFORM_HP,G3C,compact label / index / list entry,P,A,1,label_or_marginal,LABEL-FIELD,LABEL-FIELD,NO_VERIFIED_EXTERNAL_TRANSLATION
"f89r2.4,@Lf",f89r2,3762,saloiinsheol,R00,S2_STRONG_BUT_PARTIAL_TRANSCRIPTION_CORE,S2,FORMAL_G3C_NONFRAME_SHORTFORM_HP,G3C,compact label / index / list entry,P,A,1,label_or_marginal,LABEL-FIELD,LABEL-FIELD,NO_VERIFIED_EXTERNAL_TRANSLATION
"f89r2.5,@Lf",f89r2,3763,opcheor,R00,S2_STRONG_BUT_PARTIAL_TRANSCRIPTION_CORE,S2,FORMAL_G3C_NONFRAME_SHORTFORM_HP,G3C,compact label / index / list entry,P,A,1,label_or_marginal,LABEL-FIELD,LABEL-FIELD,NO_VERIFIED_EXTERNAL_TRANSLATION
"f89r2.9,@Lc",f89r2,3767,otold,R00,S1_MULTI_TRANSCRIPTION_STRICT_CORE,S1,FORMAL_G3C_NONFRAME_SHORTFORM_HP,G3C,compact label / index / list entry,P,A,1,label_or_marginal,LABEL-FIELD,LABEL-FIELD,NO_VERIFIED_EXTERNAL_TRANSLATION
"f89r2.16,@Lc",f89r2,3774,korainy,R00,S2_STRONG_BUT_PARTIAL_TRANSCRIPTION_CORE,S2,FORMAL_G3C_NONFRAME_SHORTFORM_HP,G3C,compact label / index / list entry,P,A,1,label_or_marginal,LABEL-FIELD,LABEL-FIELD,NO_VERIFIED_EXTERNAL_TRANSLATION
"f89r2.17,@Lf",f89r2,3775,sodar,R06,S1_MULTI_TRANSCRIPTION_STRICT_CORE,S1,FORMAL_G3C_NONFRAME_SHORTFORM_HP,G3C,compact label / index / list entry,P,A,1,label_or_marginal,LABEL-FIELD,LABEL-FIELD,NO_VERIFIED_EXTERNAL_TRANSLATION
"f89r2.18,@Lf",f89r2,3776,cheys,R00,S1_MULTI_TRANSCRIPTION_STRICT_CORE,S1,FORMAL_G3C_NONFRAME_SHORTFORM_HP,G3C,compact label / index / list entry,P,A,1,label_or_marginal,LABEL-FIELD,LABEL-FIELD,NO_VERIFIED_EXTERNAL_TRANSLATION
"f89r2.19,@Lf",f89r2,3777,cheody,R00,S1_MULTI_TRANSCRIPTION_STRICT_CORE,S1,FORMAL_G3C_NONFRAME_SHORTFORM_HP,G3C,compact label / index / list entry,P,A,1,label_or_marginal,FUNC-PARTICLE,FUNC-PARTICLE,NO_VERIFIED_EXTERNAL_TRANSLATION
"f89r2.21,@Lf",f89r2,3779,okshdchos,R00,S1_MULTI_TRANSCRIPTION_STRICT_CORE,S1,FORMAL_G3C_NONFRAME_SHORTFORM_HP,G3C,compact label / index / list entry,P,A,1,label_or_marginal,LABEL-FIELD,LABEL-FIELD,NO_VERIFIED_EXTERNAL_TRANSLATION
"f89r2.29,@Lc",f89r2,3787,okain,R10,S1_MULTI_TRANSCRIPTION_STRICT_CORE,S1,FORMAL_G3C_NONFRAME_SHORTFORM_HP,G3C,compact label / index / list entry,P,A,1,label_or_marginal,FUNC-PARTICLE,FUNC-PARTICLE,NO_VERIFIED_EXTERNAL_TRANSLATION
"f89r2.30,+Lc",f89r2,3788,yorain,R06,S1_MULTI_TRANSCRIPTION_STRICT_CORE,S1,FORMAL_G3C_NONFRAME_SHORTFORM_HP,G3C,compact label / index / list entry,P,A,1,+L,LABEL-FIELD,LABEL-FIELD,NO_VERIFIED_EXTERNAL_TRANSLATION
"f89r2.31,@Lf",f89r2,3789,ofakal,R00,S1_MULTI_TRANSCRIPTION_STRICT_CORE,S1,FORMAL_G3C_NONFRAME_SHORTFORM_HP,G3C,compact label / index / list entry,P,A,1,label_or_marginal,LABEL-FIELD,LABEL-FIELD,NO_VERIFIED_EXTERNAL_TRANSLATION
"f89r2.32,@Lf",f89r2,3790,otalsy,R00,S1_MULTI_TRANSCRIPTION_STRICT_CORE,S1,FORMAL_G3C_NONFRAME_SHORTFORM_HP,G3C,compact label / index / list entry,P,A,1,label_or_marginal,LABEL-FIELD,LABEL-FIELD,NO_VERIFIED_EXTERNAL_TRANSLATION
"f89r2.33,@Lf",f89r2,3791,ytarem,R06,S2_STRONG_BUT_PARTIAL_TRANSCRIPTION_CORE,S2,FORMAL_G3C_NONFRAME_SHORTFORM_HP,G3C,compact label / index / list entry,P,A,1,label_or_marginal,LABEL-FIELD,LABEL-FIELD,NO_VERIFIED_EXTERNAL_TRANSLATION
"f89v2.1,@Lc",f89v2,3793,choeesy,R00,S1_MULTI_TRANSCRIPTION_STRICT_CORE,S1,FORMAL_G3C_NONFRAME_SHORTFORM_HP,G3C,compact label / index / list entry,P,A,1,label_or_marginal,LABEL-FIELD,LABEL-FIELD,NO_VERIFIED_EXTERNAL_TRANSLATION
"f89v2.2,@Lf",f89v2,3794,okam,R00,S1_MULTI_TRANSCRIPTION_STRICT_CORE,S1,FORMAL_G3C_NONFRAME_SHORTFORM_HP,G3C,compact label / index / list entry,P,A,1,label_or_marginal,LABEL-FIELD,LABEL-FIELD,NO_VERIFIED_EXTERNAL_TRANSLATION
"f89v2.3,@Lf",f89v2,3795,darcheor,R00,S2_STRONG_BUT_PARTIAL_TRANSCRIPTION_CORE,S2,FORMAL_G3C_NONFRAME_SHORTFORM_HP,G3C,compact label / index / list entry,P,A,1,label_or_marginal,LABEL-FIELD,LABEL-FIELD,NO_VERIFIED_EXTERNAL_TRANSLATION
"f89v2.4,@Lf",f89v2,3796,chokaro,R00,S1_MULTI_TRANSCRIPTION_STRICT_CORE,S1,FORMAL_G3C_NONFRAME_SHORTFORM_HP,G3C,compact label / index / list entry,P,A,1,label_or_marginal,LABEL-FIELD,LABEL-FIELD,NO_VERIFIED_EXTERNAL_TRANSLATION
"f89v2.5,@Lf",f89v2,3797,sheol,R06,S1_MULTI_TRANSCRIPTION_STRICT_CORE,S1,FORMAL_G3C_NONFRAME_SHORTFORM_HP,G3C,compact label / index / list entry,P,A,1,label_or_marginal,FUNC-PARTICLE,FUNC-PARTICLE,NO_VERIFIED_EXTERNAL_TRANSLATION
"f89v2.6,@Lf",f89v2,3798,chokam,R00,S1_MULTI_TRANSCRIPTION_STRICT_CORE,S1,FORMAL_G3C_NONFRAME_SHORTFORM_HP,G3C,compact label / index / list entry,P,A,1,label_or_marginal,LABEL-FIELD,LABEL-FIELD,NO_VERIFIED_EXTERNAL_TRANSLATION
"f89v2.11,@Lc",f89v2,3803,otory,R00,S1_MULTI_TRANSCRIPTION_STRICT_CORE,S1,FORMAL_G3C_NONFRAME_SHORTFORM_HP,G3C,compact label / index / list entry,P,A,1,label_or_marginal,LABEL-FIELD,LABEL-FIELD,NO_VERIFIED_EXTERNAL_TRANSLATION
"f89v2.12,@Lf",f89v2,3804,otair chody,R00 R00,S1_MULTI_TRANSCRIPTION_STRICT_CORE,S1,FORMAL_G3C_NONFRAME_SHORTFORM_HP,G3C,compact label / index / list entry,P,A,1,label_or_marginal,LABEL-FIELD LABEL-FIELD,LABEL-FIELD / LABEL-FIELD,NO_VERIFIED_EXTERNAL_TRANSLATION
"f89v2.13,@Lf",f89v2,3805,dykaran,R00,S2_STRONG_BUT_PARTIAL_TRANSCRIPTION_CORE,S2,FORMAL_G3C_NONFRAME_SHORTFORM_HP,G3C,compact label / index / list entry,P,A,1,label_or_marginal,LABEL-FIELD,LABEL-FIELD,NO_VERIFIED_EXTERNAL_TRANSLATION
"f89v2.14,@Lf",f89v2,3806,opcheedey,R00,S2_STRONG_BUT_PARTIAL_TRANSCRIPTION_CORE,S2,FORMAL_G3C_NONFRAME_SHORTFORM_HP,G3C,compact label / index / list entry,P,A,1,label_or_marginal,LABEL-FIELD,LABEL-FIELD,NO_VERIFIED_EXTERNAL_TRANSLATION
"f89v2.23,@Lc",f89v2,3815,opaloiiry,R00,S1_MULTI_TRANSCRIPTION_STRICT_CORE,S1,FORMAL_G3C_NONFRAME_SHORTFORM_HP,G3C,compact label / index / list entry,P,A,1,label_or_marginal,LABEL-FIELD,LABEL-FIELD,NO_VERIFIED_EXTERNAL_TRANSLATION
"f89v2.24,@Lf",f89v2,3816,otaram,R00,S1_MULTI_TRANSCRIPTION_STRICT_CORE,S1,FORMAL_G3C_NONFRAME_SHORTFORM_HP,G3C,compact label / index / list entry,P,A,1,label_or_marginal,LABEL-FIELD,LABEL-FIELD,NO_VERIFIED_EXTERNAL_TRANSLATION
"f89v2.25,@Lf",f89v2,3817,chtchy,R00,S1_MULTI_TRANSCRIPTION_STRICT_CORE,S1,FORMAL_G3C_NONFRAME_SHORTFORM_HP,G3C,compact label / index / list entry,P,A,1,label_or_marginal,LABEL-FIELD,LABEL-FIELD,NO_VERIFIED_EXTERNAL_TRANSLATION
"f89v1.1,@Lc",f89v1,3820,okoraldy,R00,S1_MULTI_TRANSCRIPTION_STRICT_CORE,S1,FORMAL_G3C_NONFRAME_SHORTFORM_HP,G3C,compact label / index / list entry,P,A,1,label_or_marginal,LABEL-FIELD,LABEL-FIELD,NO_VERIFIED_EXTERNAL_TRANSLATION
"f89v1.3,@Lf",f89v1,3822,otchar,R00,S1_MULTI_TRANSCRIPTION_STRICT_CORE,S1,FORMAL_G3C_NONFRAME_SHORTFORM_HP,G3C,compact label / index / list entry,P,A,1,label_or_marginal,LABEL-FIELD,LABEL-FIELD,NO_VERIFIED_EXTERNAL_TRANSLATION
"f89v1.4,@Lf",f89v1,3823,darshody,R00,S1_MULTI_TRANSCRIPTION_STRICT_CORE,S1,FORMAL_G3C_NONFRAME_SHORTFORM_HP,G3C,compact label / index / list entry,P,A,1,label_or_marginal,LABEL-FIELD,LABEL-FIELD,NO_VERIFIED_EXTERNAL_TRANSLATION
"f89v1.10,+P0",f89v1,3829,tor sheor cheeor cthey qokol daiin chekal dals chear qotam,R06 R06 R00 R04 H08 R10 R00 R09 R00 H13,S2_STRONG_BUT_PARTIAL_TRANSCRIPTION_CORE,S2,FORMAL_G1_GLOBAL_FRAME,G1,relational frame / record line,P,A,1,paragraph_continuation,ARG/FILL ARG/FILL ARG/FILL QUAL/TAIL FUNC-PARTICLE FUNC-PARTICLE ARG/FILL QUAL/TAIL ARG/FILL OP/HEAD,ARG/FILL / ARG/FILL / ARG/FILL / QUAL/TAIL / FUNC-PARTICLE / FUNC-PARTICLE / ARG/FILL / QUAL/TAIL / ARG/FILL / OP/HEAD,NO_VERIFIED_EXTERNAL_TRANSLATION
"f89v1.16,+P0",f89v1,3835,qokaiin ykchol qockhy okaldy okal dal chodar okaiin dalg,H08 R07 H07 R00 R07 R09 R00 R10 R09,S2_STRONG_BUT_PARTIAL_TRANSCRIPTION_CORE,S2,FORMAL_G1_GLOBAL_FRAME,G1,relational frame / record line,P,A,1,paragraph_continuation,FUNC-PARTICLE ARG/FILL OP/HEAD ARG/FILL FUNC-PARTICLE FUNC-PARTICLE ARG/FILL FUNC-PARTICLE QUAL/TAIL,FUNC-PARTICLE / ARG/FILL / OP/HEAD / ARG/FILL / FUNC-PARTICLE / FUNC-PARTICLE / ARG/FILL / FUNC-PARTICLE / QUAL/TAIL,NO_VERIFIED_EXTERNAL_TRANSLATION
"f89v1.19,+P0",f89v1,3838,sar a da ckhy qotchy okol ycheo cthody okol olkaycthy,R06 R00 R06 R00 H13 R07 R06 R04 R07 R00,S2_STRONG_BUT_PARTIAL_TRANSCRIPTION_CORE,S2,FORMAL_G1_GLOBAL_FRAME,G1,relational frame / record line,P,A,1,paragraph_continuation,ARG/FILL ARG/FILL ARG/FILL ARG/FILL OPERATOR FUNC-PARTICLE ARG/FILL QUAL/TAIL FUNC-PARTICLE ARG/FILL,ARG/FILL / ARG/FILL / ARG/FILL / ARG/FILL / OPERATOR / FUNC-PARTICLE / ARG/FILL / QUAL/TAIL / FUNC-PARTICLE / ARG/FILL,NO_VERIFIED_EXTERNAL_TRANSLATION
"f89v1.21,@Lc",f89v1,3840,koeeorain,R00,S1_MULTI_TRANSCRIPTION_STRICT_CORE,S1,FORMAL_G3C_NONFRAME_SHORTFORM_HP,G3C,compact label / index / list entry,P,A,1,label_or_marginal,LABEL-FIELD,LABEL-FIELD,NO_VERIFIED_EXTERNAL_TRANSLATION
"f89v1.22,@Lf",f89v1,3841,otorshos,R00,S1_MULTI_TRANSCRIPTION_STRICT_CORE,S1,FORMAL_G3C_NONFRAME_SHORTFORM_HP,G3C,compact label / index / list entry,P,A,1,label_or_marginal,LABEL-FIELD,LABEL-FIELD,NO_VERIFIED_EXTERNAL_TRANSLATION
"f89v1.24,@Lf",f89v1,3843,opaldaiin,R10,S2_STRONG_BUT_PARTIAL_TRANSCRIPTION_CORE,S2,FORMAL_G3C_NONFRAME_SHORTFORM_HP,G3C,compact label / index / list entry,P,A,1,label_or_marginal,LABEL-FIELD,LABEL-FIELD,NO_VERIFIED_EXTERNAL_TRANSLATION
"f90r1.8,+P0",f90r1,3851,kor sheol qodar oko ykeey qokeey qodar qokeed s choky,R06 R06 H07 R00 R06 H08 H07 H08 R06 R00,S1_MULTI_TRANSCRIPTION_STRICT_CORE,S1,FORMAL_G2_CORE_LOCAL_KERNEL,G2,zone-local kernel / record line,H,A,1,paragraph_continuation,ARG/FILL FUNC-PARTICLE OP/HEAD ARG/FILL ARG/FILL FUNC-PARTICLE OP/HEAD OP/HEAD FUNC-PARTICLE ARG/FILL,ARG/FILL / FUNC-PARTICLE / OP/HEAD / ARG/FILL / ARG/FILL / FUNC-PARTICLE / OP/HEAD / OP/HEAD / FUNC-PARTICLE / ARG/FILL,NO_VERIFIED_EXTERNAL_TRANSLATION
"f90r2.1,@P0",f90r2,3853,toealchs shakol sheo qoekeey soeeol qoteody,R00 R06 R06 H07 R06 H16,S1_MULTI_TRANSCRIPTION_STRICT_CORE,S1,FORMAL_G2_CORE_LOCAL_KERNEL,G2,zone-local kernel / record line,H,A,1,paragraph_start,ARG/FILL ARG/FILL ARG-LEX OP/HEAD ARG/FILL OP/HEAD,ARG/FILL / ARG/FILL / ARG-LEX / OP/HEAD / ARG/FILL / OP/HEAD,NO_VERIFIED_EXTERNAL_TRANSLATION
"f90r2.2,+P0",f90r2,3854,saiin ckheo saiin qockhey s ykeeody scheey chos ckhs,R06 R00 R06 H07 R06 R00 R06 R00 R00,S2_STRONG_BUT_PARTIAL_TRANSCRIPTION_CORE,S2,FORMAL_G2_CORE_LOCAL_KERNEL,G2,zone-local kernel / record line,H,A,1,paragraph_continuation,FUNC-PARTICLE ARG/FILL FUNC-PARTICLE OPERATOR FUNC-PARTICLE ARG/FILL ARG/FILL ARG/FILL ARG/FILL,FUNC-PARTICLE / ARG/FILL / FUNC-PARTICLE / OPERATOR / FUNC-PARTICLE / ARG/FILL / ARG/FILL / ARG/FILL / ARG/FILL,NO_VERIFIED_EXTERNAL_TRANSLATION
"f90v2.5,+P0",f90v2,3863,tcheody cpheal qoar cheol chosolols dshcheal sheol qodar,R00 R00 H07 R00 R00 R00 R06 H07,S1_MULTI_TRANSCRIPTION_STRICT_CORE,S1,FORMAL_G2_CORE_LOCAL_KERNEL,G2,zone-local kernel / record line,H,A,1,paragraph_continuation,ARG/FILL ARG/FILL OP/HEAD FUNC-PARTICLE ARG/FILL ARG/FILL FUNC-PARTICLE OP/HEAD,ARG/FILL / ARG/FILL / OP/HEAD / FUNC-PARTICLE / ARG/FILL / ARG/FILL / FUNC-PARTICLE / OP/HEAD,NO_VERIFIED_EXTERNAL_TRANSLATION
"f90v2.6,+P0",f90v2,3864,sal sheol shey qokeey qokeol cheody s ykeeoldarchody y,R06 R06 R06 H08 H08 R00 R06 R00 R06,S2_STRONG_BUT_PARTIAL_TRANSCRIPTION_CORE,S2,FORMAL_G2_CORE_LOCAL_KERNEL,G2,zone-local kernel / record line,H,A,1,paragraph_continuation,ARG/FILL FUNC-PARTICLE FUNC-PARTICLE FUNC-PARTICLE OP/HEAD FUNC-PARTICLE FUNC-PARTICLE ARG/FILL FUNC-PARTICLE,ARG/FILL / FUNC-PARTICLE / FUNC-PARTICLE / FUNC-PARTICLE / OP/HEAD / FUNC-PARTICLE / FUNC-PARTICLE / ARG/FILL / FUNC-PARTICLE,NO_VERIFIED_EXTERNAL_TRANSLATION
"f90v1.4,+P0",f90v1,3870,kos sheor chockhor qekeody cheody sy s olcheey y qoky,R06 R06 R00 R00 R00 R06 R06 R00 R06 H01,S2_STRONG_BUT_PARTIAL_TRANSCRIPTION_CORE,S2,FORMAL_G1_GLOBAL_FRAME,G1,relational frame / record line,H,A,1,paragraph_continuation,ARG/FILL ARG/FILL ARG/FILL ARG/FILL FUNC-PARTICLE ARG/FILL FUNC-PARTICLE ARG/FILL FUNC-PARTICLE FUNC-PARTICLE,ARG/FILL / ARG/FILL / ARG/FILL / ARG/FILL / FUNC-PARTICLE / ARG/FILL / FUNC-PARTICLE / ARG/FILL / FUNC-PARTICLE / FUNC-PARTICLE,NO_VERIFIED_EXTERNAL_TRANSLATION
"f93r.30,+P0",f93r,3907,shodaiin qokcho cthol,R05 H08 R07,S1_MULTI_TRANSCRIPTION_STRICT_CORE,S1,FORMAL_G1_GLOBAL_FRAME,G1,relational frame / record line,H,A,1,paragraph_continuation,ARG/FILL OP/HEAD ARG/FILL,ARG/FILL / OP/HEAD / ARG/FILL,NO_VERIFIED_EXTERNAL_TRANSLATION
"f93v.8,+P0",f93v,3917,dcho chody teol sheol cheeoldair okchey cthey dsheog okeey dama,R06 R00 R06 R06 R00 R00 R04 R06 R06 R06,S1_MULTI_TRANSCRIPTION_STRICT_CORE,S1,FORMAL_G2_CORE_LOCAL_KERNEL,G2,zone-local kernel / record line,H,A,1,paragraph_continuation,ARG/FILL ARG/FILL ARG/FILL FUNC-PARTICLE ARG/FILL ARG/FILL QUAL/TAIL ARG/FILL FUNC-PARTICLE ARG/FILL,ARG/FILL / ARG/FILL / ARG/FILL / FUNC-PARTICLE / ARG/FILL / ARG/FILL / QUAL/TAIL / ARG/FILL / FUNC-PARTICLE / ARG/FILL,NO_VERIFIED_EXTERNAL_TRANSLATION
"f93v.9,+P0",f93v,3918,odeeeodl cheodar oksho chody okchey cthol oly ytchol sar dar,R00 R00 R00 R00 R00 R07 R06 R06 R06 R06,S2_STRONG_BUT_PARTIAL_TRANSCRIPTION_CORE,S2,FORMAL_G2_CORE_LOCAL_KERNEL,G2,zone-local kernel / record line,H,A,1,paragraph_continuation,ARG/FILL ARG/FILL ARG/FILL ARG/FILL ARG/FILL ARG/FILL FUNC-PARTICLE ARG/FILL ARG/FILL FUNC-PARTICLE,ARG/FILL / ARG/FILL / ARG/FILL / ARG/FILL / ARG/FILL / ARG/FILL / FUNC-PARTICLE / ARG/FILL / ARG/FILL / FUNC-PARTICLE,NO_VERIFIED_EXTERNAL_TRANSLATION
"f93v.10,+P0",f93v,3919,ychol chs ckhy scheeol,R06 R00 R00 R00,S2_STRONG_BUT_PARTIAL_TRANSCRIPTION_CORE,S2,FORMAL_G2_CORE_LOCAL_KERNEL,G2,zone-local kernel / record line,H,A,1,paragraph_continuation,ARG/FILL ARG/FILL ARG/FILL ARG/FILL,ARG/FILL / ARG/FILL / ARG/FILL / ARG/FILL,NO_VERIFIED_EXTERNAL_TRANSLATION
"f94r.3,+P0",f94r,3922,todal cholky qokal shdy qoky otody qokolchey qokair opary,R06 R07 H08 R06 H01 R00 H08 H08 R00,S2_STRONG_BUT_PARTIAL_TRANSCRIPTION_CORE,S2,FORMAL_G1_GLOBAL_FRAME,G1,relational frame / record line,H,B,3,paragraph_continuation,ARG/FILL ARG/FILL FUNC-PARTICLE ARG/FILL FUNC-PARTICLE ARG/FILL OP/HEAD OP/HEAD ARG/FILL,ARG/FILL / ARG/FILL / FUNC-PARTICLE / ARG/FILL / FUNC-PARTICLE / ARG/FILL / OP/HEAD / OP/HEAD / ARG/FILL,NO_VERIFIED_EXTERNAL_TRANSLATION
"f94v.6,+P0",f94v,3934,ycheeo lkeol otor opchdy qotar aral otor otchy tody oty,R06 R00 R00 R00 H13 R00 R00 R01 R06 R01,S2_STRONG_BUT_PARTIAL_TRANSCRIPTION_CORE,S2,FORMAL_G2_CORE_LOCAL_KERNEL,G2,zone-local kernel / record line,H,B,3,paragraph_continuation,ARG/FILL ARG/FILL ARG/FILL ARG/FILL OP/HEAD ARG/FILL ARG/FILL QUAL/TAIL ARG/FILL QUAL/TAIL,ARG/FILL / ARG/FILL / ARG/FILL / ARG/FILL / OP/HEAD / ARG/FILL / ARG/FILL / QUAL/TAIL / ARG/FILL / QUAL/TAIL,NO_VERIFIED_EXTERNAL_TRANSLATION
"f95r1.9,+P0",f95r1,3949,tchdy tchor chol tar chdy okol ykoldy olkeedy qotaiin or,R06 R06 R07 R06 R02 R07 R00 R00 H13 R06,S1_MULTI_TRANSCRIPTION_STRICT_CORE,S1,FORMAL_G2_CORE_LOCAL_KERNEL,G2,zone-local kernel / record line,H,B,3,paragraph_continuation,ARG/FILL ARG/FILL FUNC-PARTICLE ARG/FILL FUNC-PARTICLE FUNC-PARTICLE ARG/FILL ARG/FILL OPERATOR FUNC-PARTICLE,ARG/FILL / ARG/FILL / FUNC-PARTICLE / ARG/FILL / FUNC-PARTICLE / FUNC-PARTICLE / ARG/FILL / ARG/FILL / OPERATOR / FUNC-PARTICLE,NO_VERIFIED_EXTERNAL_TRANSLATION
"f95r2.1,@P0",f95r2,3952,kshedy or chdy dalfchy qodaiin chckhyfchy daraiin dalal,R06 R06 R02 R09 H07 R00 R00 R06,S1_MULTI_TRANSCRIPTION_STRICT_CORE,S1,FORMAL_G2_CORE_LOCAL_KERNEL,G2,zone-local kernel / record line,H,B,3,paragraph_start,ARG/FILL FUNC-PARTICLE FUNC-PARTICLE QUAL/TAIL OP/HEAD ARG/FILL ARG/FILL ARG/FILL,ARG/FILL / FUNC-PARTICLE / FUNC-PARTICLE / QUAL/TAIL / OP/HEAD / ARG/FILL / ARG/FILL / ARG/FILL,NO_VERIFIED_EXTERNAL_TRANSLATION
"f95r2.5,+P0",f95r2,3956,tshod qokal ody chcfhol okal chedy dalshdy qopchdy kary,R06 H08 R00 R00 R07 R02 R09 R00 R06,S1_MULTI_TRANSCRIPTION_STRICT_CORE,S1,FORMAL_G1_GLOBAL_FRAME,G1,relational frame / record line,H,B,3,paragraph_continuation,ARG/FILL FUNC-PARTICLE ARG/FILL ARG/FILL FUNC-PARTICLE FUNC-PARTICLE QUAL/TAIL ARG/FILL ARG/FILL,ARG/FILL / FUNC-PARTICLE / ARG/FILL / ARG/FILL / FUNC-PARTICLE / FUNC-PARTICLE / QUAL/TAIL / ARG/FILL / ARG/FILL,NO_VERIFIED_EXTERNAL_TRANSLATION
"f96r.2,+P0",f96r,3982,ytol oteeor sheol oteey qokeody qokeeody cthey,R06 R01 R06 R01 H11 H11 R04,S1_MULTI_TRANSCRIPTION_STRICT_CORE,S1,FORMAL_G1_GLOBAL_FRAME,G1,relational frame / record line,H,A,1,paragraph_continuation,ARG/FILL QUAL/TAIL FUNC-PARTICLE QUALIFIER OPERATOR OP/HEAD QUAL/TAIL,ARG/FILL / QUAL/TAIL / FUNC-PARTICLE / QUALIFIER / OPERATOR / OP/HEAD / QUAL/TAIL,NO_VERIFIED_EXTERNAL_TRANSLATION
"f96r.5,+P0",f96r,3985,daiin chodaiin cthey tol sheor qokeol okol,R10 R00 R04 R06 R06 H08 R07,S1_MULTI_TRANSCRIPTION_STRICT_CORE,S1,FORMAL_G1_GLOBAL_FRAME,G1,relational frame / record line,H,A,1,paragraph_continuation,FUNC-PARTICLE ARG/FILL QUAL/TAIL ARG/FILL ARG/FILL OP/HEAD FUNC-PARTICLE,FUNC-PARTICLE / ARG/FILL / QUAL/TAIL / ARG/FILL / ARG/FILL / OP/HEAD / FUNC-PARTICLE,NO_VERIFIED_EXTERNAL_TRANSLATION
"f96r.7,+P0",f96r,3987,oiir or ckhor chkey ckhocthy or chockhy,R00 R06 R00 R00 R04 R06 R00,S1_MULTI_TRANSCRIPTION_STRICT_CORE,S1,FORMAL_G3C_NONFRAME_SHORTFORM_HP,G3C,compact label / index / list entry,H,A,1,paragraph_continuation,LABEL-FIELD FUNC-PARTICLE LABEL-FIELD LABEL-FIELD LABEL-FIELD FUNC-PARTICLE LABEL-FIELD,LABEL-FIELD / FUNC-PARTICLE / LABEL-FIELD / LABEL-FIELD / LABEL-FIELD / FUNC-PARTICLE / LABEL-FIELD,NO_VERIFIED_EXTERNAL_TRANSLATION
"f96v.13,+P0",f96v,4006,soysar cheor,R06 R00,S1_MULTI_TRANSCRIPTION_STRICT_CORE,S1,FORMAL_G3C_NONFRAME_SHORTFORM_HP,G3C,compact label / index / list entry,H,A,1,paragraph_continuation,LABEL-FIELD LABEL-FIELD,LABEL-FIELD / LABEL-FIELD,NO_VERIFIED_EXTERNAL_TRANSLATION
"f99r.2,@Lf",f99r,4008,okary,R00,S1_MULTI_TRANSCRIPTION_STRICT_CORE,S1,FORMAL_G3C_NONFRAME_SHORTFORM_HP,G3C,compact label / index / list entry,P,A,1,label_or_marginal,LABEL-LEX,LABEL-LEX,NO_VERIFIED_EXTERNAL_TRANSLATION
"f99r.3,@Lf",f99r,4009,darar,R06,S1_MULTI_TRANSCRIPTION_STRICT_CORE,S1,FORMAL_G3C_NONFRAME_SHORTFORM_HP,G3C,compact label / index / list entry,P,A,1,label_or_marginal,LABEL-FIELD,LABEL-FIELD,NO_VERIFIED_EXTERNAL_TRANSLATION
"f99r.4,@Lf",f99r,4010,oky,R00,S1_MULTI_TRANSCRIPTION_STRICT_CORE,S1,FORMAL_G3C_NONFRAME_SHORTFORM_HP,G3C,compact label / index / list entry,P,A,1,label_or_marginal,FUNC-PARTICLE,FUNC-PARTICLE,NO_VERIFIED_EXTERNAL_TRANSLATION
"f99r.5,@Lf",f99r,4011,salo,R06,S1_MULTI_TRANSCRIPTION_STRICT_CORE,S1,FORMAL_G3C_NONFRAME_SHORTFORM_HP,G3C,compact label / index / list entry,P,A,1,label_or_marginal,LABEL-FIELD,LABEL-FIELD,NO_VERIFIED_EXTERNAL_TRANSLATION
"f99r.6,@Lf",f99r,4012,aro,R00,S1_MULTI_TRANSCRIPTION_STRICT_CORE,S1,FORMAL_G3C_NONFRAME_SHORTFORM_HP,G3C,compact label / index / list entry,P,A,1,label_or_marginal,LABEL-FIELD,LABEL-FIELD,NO_VERIFIED_EXTERNAL_TRANSLATION
"f99r.7,+Lf",f99r,4013,ain,R06,S1_MULTI_TRANSCRIPTION_STRICT_CORE,S1,FORMAL_G3C_NONFRAME_SHORTFORM_HP,G3C,compact label / index / list entry,P,A,1,+L,LABEL-FIELD,LABEL-FIELD,NO_VERIFIED_EXTERNAL_TRANSLATION
"f99r.8,@Lf",f99r,4014,okor,R00,S1_MULTI_TRANSCRIPTION_STRICT_CORE,S1,FORMAL_G3C_NONFRAME_SHORTFORM_HP,G3C,compact label / index / list entry,P,A,1,label_or_marginal,LABEL-FIELD,LABEL-FIELD,NO_VERIFIED_EXTERNAL_TRANSLATION
"f99r.9,@Lf",f99r,4015,ralol,R00,S1_MULTI_TRANSCRIPTION_STRICT_CORE,S1,FORMAL_G3C_NONFRAME_SHORTFORM_HP,G3C,compact label / index / list entry,P,A,1,label_or_marginal,LABEL-FIELD,LABEL-FIELD,NO_VERIFIED_EXTERNAL_TRANSLATION
"f99r.10,@Lf",f99r,4016,skeeal,R06,S1_MULTI_TRANSCRIPTION_STRICT_CORE,S1,FORMAL_G3C_NONFRAME_SHORTFORM_HP,G3C,compact label / index / list entry,P,A,1,label_or_marginal,LABEL-FIELD,LABEL-FIELD,NO_VERIFIED_EXTERNAL_TRANSLATION
"f99r.11,@Lf",f99r,4017,okary,R00,S1_MULTI_TRANSCRIPTION_STRICT_CORE,S1,FORMAL_G3C_NONFRAME_SHORTFORM_HP,G3C,compact label / index / list entry,P,A,1,label_or_marginal,LABEL-LEX,LABEL-LEX,NO_VERIFIED_EXTERNAL_TRANSLATION
"f99r.12,@Lf",f99r,4018,okolo,R00,S1_MULTI_TRANSCRIPTION_STRICT_CORE,S1,FORMAL_G3C_NONFRAME_SHORTFORM_HP,G3C,compact label / index / list entry,P,A,1,label_or_marginal,LABEL-FIELD,LABEL-FIELD,NO_VERIFIED_EXTERNAL_TRANSLATION
"f99r.13,@Lf",f99r,4019,otalam,R00,S1_MULTI_TRANSCRIPTION_STRICT_CORE,S1,FORMAL_G3C_NONFRAME_SHORTFORM_HP,G3C,compact label / index / list entry,P,A,1,label_or_marginal,LABEL-FIELD,LABEL-FIELD,NO_VERIFIED_EXTERNAL_TRANSLATION
"f99r.18,+P0",f99r,4024,qokeor chol ykol cheey chody ckhol daiin okeoly daiin ckhy,H08 R07 R06 R06 R00 R00 R10 R00 R10 R00,S1_MULTI_TRANSCRIPTION_STRICT_CORE,S1,FORMAL_G1_GLOBAL_FRAME,G1,relational frame / record line,P,A,1,paragraph_continuation,OP/HEAD FUNC-PARTICLE ARG/FILL FUNC-PARTICLE ARG/FILL ARG/FILL FUNC-PARTICLE ARG/FILL FUNC-PARTICLE ARG/FILL,OP/HEAD / FUNC-PARTICLE / ARG/FILL / FUNC-PARTICLE / ARG/FILL / ARG/FILL / FUNC-PARTICLE / ARG/FILL / FUNC-PARTICLE / ARG/FILL,NO_VERIFIED_EXTERNAL_TRANSLATION
"f99r.19,@Lc",f99r,4025,oparal,R00,S1_MULTI_TRANSCRIPTION_STRICT_CORE,S1,FORMAL_G3C_NONFRAME_SHORTFORM_HP,G3C,compact label / index / list entry,P,A,1,label_or_marginal,LABEL-FIELD,LABEL-FIELD,NO_VERIFIED_EXTERNAL_TRANSLATION
"f99r.20,@Lf",f99r,4026,oaro,R00,S1_MULTI_TRANSCRIPTION_STRICT_CORE,S1,FORMAL_G3C_NONFRAME_SHORTFORM_HP,G3C,compact label / index / list entry,P,A,1,label_or_marginal,LABEL-FIELD,LABEL-FIELD,NO_VERIFIED_EXTERNAL_TRANSLATION
"f99r.21,@Lf",f99r,4027,aloly,R00,S1_MULTI_TRANSCRIPTION_STRICT_CORE,S1,FORMAL_G3C_NONFRAME_SHORTFORM_HP,G3C,compact label / index / list entry,P,A,1,label_or_marginal,LABEL-FIELD,LABEL-FIELD,NO_VERIFIED_EXTERNAL_TRANSLATION
"f99r.23,@Lf",f99r,4029,choky,R00,S1_MULTI_TRANSCRIPTION_STRICT_CORE,S1,FORMAL_G3C_NONFRAME_SHORTFORM_HP,G3C,compact label / index / list entry,P,A,1,label_or_marginal,LABEL-FIELD,LABEL-FIELD,NO_VERIFIED_EXTERNAL_TRANSLATION
"f99r.24,@Lf",f99r,4030,oky,R00,S1_MULTI_TRANSCRIPTION_STRICT_CORE,S1,FORMAL_G3C_NONFRAME_SHORTFORM_HP,G3C,compact label / index / list entry,P,A,1,label_or_marginal,FUNC-PARTICLE,FUNC-PARTICLE,NO_VERIFIED_EXTERNAL_TRANSLATION
"f99r.25,@Lf",f99r,4031,okeoly,R00,S1_MULTI_TRANSCRIPTION_STRICT_CORE,S1,FORMAL_G3C_NONFRAME_SHORTFORM_HP,G3C,compact label / index / list entry,P,A,1,label_or_marginal,LABEL-FIELD,LABEL-FIELD,NO_VERIFIED_EXTERNAL_TRANSLATION
"f99r.26,@Lf",f99r,4032,yteold,R06,S1_MULTI_TRANSCRIPTION_STRICT_CORE,S1,FORMAL_G3C_NONFRAME_SHORTFORM_HP,G3C,compact label / index / list entry,P,A,1,label_or_marginal,LABEL-FIELD,LABEL-FIELD,NO_VERIFIED_EXTERNAL_TRANSLATION
"f99r.27,@Lf",f99r,4033,cheotchy,R00,S1_MULTI_TRANSCRIPTION_STRICT_CORE,S1,FORMAL_G3C_NONFRAME_SHORTFORM_HP,G3C,compact label / index / list entry,P,A,1,label_or_marginal,LABEL-FIELD,LABEL-FIELD,NO_VERIFIED_EXTERNAL_TRANSLATION
"f99r.32,@Lc",f99r,4038,tsholdy,R00,S1_MULTI_TRANSCRIPTION_STRICT_CORE,S1,FORMAL_G3C_NONFRAME_SHORTFORM_HP,G3C,compact label / index / list entry,P,A,1,label_or_marginal,LABEL-FIELD,LABEL-FIELD,NO_VERIFIED_EXTERNAL_TRANSLATION
"f99r.33,@Lf",f99r,4039,okos,R00,S1_MULTI_TRANSCRIPTION_STRICT_CORE,S1,FORMAL_G3C_NONFRAME_SHORTFORM_HP,G3C,compact label / index / list entry,P,A,1,label_or_marginal,LABEL-FIELD,LABEL-FIELD,NO_VERIFIED_EXTERNAL_TRANSLATION
"f99r.34,@Lf",f99r,4040,oekey,R00,S1_MULTI_TRANSCRIPTION_STRICT_CORE,S1,FORMAL_G3C_NONFRAME_SHORTFORM_HP,G3C,compact label / index / list entry,P,A,1,label_or_marginal,LABEL-FIELD,LABEL-FIELD,NO_VERIFIED_EXTERNAL_TRANSLATION
"f99r.35,@Lf",f99r,4041,dar,R06,S1_MULTI_TRANSCRIPTION_STRICT_CORE,S1,FORMAL_G3C_NONFRAME_SHORTFORM_HP,G3C,compact label / index / list entry,P,A,1,label_or_marginal,FUNC-PARTICLE,FUNC-PARTICLE,NO_VERIFIED_EXTERNAL_TRANSLATION
"f99r.37,@Lf",f99r,4043,rcheyet,R00,S2_STRONG_BUT_PARTIAL_TRANSCRIPTION_CORE,S2,FORMAL_G3C_NONFRAME_SHORTFORM_HP,G3C,compact label / index / list entry,P,A,1,label_or_marginal,LABEL-FIELD,LABEL-FIELD,NO_VERIFIED_EXTERNAL_TRANSLATION
"f99r.38,@Lf",f99r,4044,saiiny,R06,S1_MULTI_TRANSCRIPTION_STRICT_CORE,S1,FORMAL_G3C_NONFRAME_SHORTFORM_HP,G3C,compact label / index / list entry,P,A,1,label_or_marginal,LABEL-FIELD,LABEL-FIELD,NO_VERIFIED_EXTERNAL_TRANSLATION
"f99r.39,@Lf",f99r,4045,sory,R06,S1_MULTI_TRANSCRIPTION_STRICT_CORE,S1,FORMAL_G3C_NONFRAME_SHORTFORM_HP,G3C,compact label / index / list entry,P,A,1,label_or_marginal,LABEL-FIELD,LABEL-FIELD,NO_VERIFIED_EXTERNAL_TRANSLATION
"f99r.40,@Lf",f99r,4046,dam,R06,S1_MULTI_TRANSCRIPTION_STRICT_CORE,S1,FORMAL_G3C_NONFRAME_SHORTFORM_HP,G3C,compact label / index / list entry,P,A,1,label_or_marginal,FUNC-PARTICLE,FUNC-PARTICLE,NO_VERIFIED_EXTERNAL_TRANSLATION
"f99r.45,@Lc",f99r,4051,yteoldy,R00,S1_MULTI_TRANSCRIPTION_STRICT_CORE,S1,FORMAL_G3C_NONFRAME_SHORTFORM_HP,G3C,compact label / index / list entry,P,A,1,label_or_marginal,LABEL-FIELD,LABEL-FIELD,NO_VERIFIED_EXTERNAL_TRANSLATION
"f99r.46,@Lf",f99r,4052,tolsasy,R00,S1_MULTI_TRANSCRIPTION_STRICT_CORE,S1,FORMAL_G3C_NONFRAME_SHORTFORM_HP,G3C,compact label / index / list entry,P,A,1,label_or_marginal,LABEL-FIELD,LABEL-FIELD,NO_VERIFIED_EXTERNAL_TRANSLATION
"f99v.3,@Lf",f99v,4061,otor chy,R00 R00,S1_MULTI_TRANSCRIPTION_STRICT_CORE,S1,FORMAL_G3C_NONFRAME_SHORTFORM_HP,G3C,compact label / index / list entry,P,A,1,label_or_marginal,LABEL-FIELD FUNC-PARTICLE,LABEL-FIELD / FUNC-PARTICLE,NO_VERIFIED_EXTERNAL_TRANSLATION
"f99v.4,@Lf",f99v,4062,oldy,R00,S1_MULTI_TRANSCRIPTION_STRICT_CORE,S1,FORMAL_G3C_NONFRAME_SHORTFORM_HP,G3C,compact label / index / list entry,P,A,1,label_or_marginal,LABEL-FIELD,LABEL-FIELD,NO_VERIFIED_EXTERNAL_TRANSLATION
"f99v.5,@Lf",f99v,4063,dar ary,R06 R00,S2_STRONG_BUT_PARTIAL_TRANSCRIPTION_CORE,S2,FORMAL_G3C_NONFRAME_SHORTFORM_HP,G3C,compact label / index / list entry,P,A,1,label_or_marginal,FUNC-PARTICLE LABEL-LEX,FUNC-PARTICLE / LABEL-LEX,NO_VERIFIED_EXTERNAL_TRANSLATION
"f99v.6,@Lf",f99v,4064,otaly,R00,S1_MULTI_TRANSCRIPTION_STRICT_CORE,S1,FORMAL_G3C_NONFRAME_SHORTFORM_HP,G3C,compact label / index / list entry,P,A,1,label_or_marginal,LABEL-LEX,LABEL-LEX,NO_VERIFIED_EXTERNAL_TRANSLATION
"f99v.7,@Lf",f99v,4065,olsy,R00,S1_MULTI_TRANSCRIPTION_STRICT_CORE,S1,FORMAL_G3C_NONFRAME_SHORTFORM_HP,G3C,compact label / index / list entry,P,A,1,label_or_marginal,LABEL-FIELD,LABEL-FIELD,NO_VERIFIED_EXTERNAL_TRANSLATION
"f99v.8,@Lf",f99v,4066,arol,R00,S1_MULTI_TRANSCRIPTION_STRICT_CORE,S1,FORMAL_G3C_NONFRAME_SHORTFORM_HP,G3C,compact label / index / list entry,P,A,1,label_or_marginal,LABEL-FIELD,LABEL-FIELD,NO_VERIFIED_EXTERNAL_TRANSLATION
"f99v.9,@Lf",f99v,4067,otoky,R00,S1_MULTI_TRANSCRIPTION_STRICT_CORE,S1,FORMAL_G3C_NONFRAME_SHORTFORM_HP,G3C,compact label / index / list entry,P,A,1,label_or_marginal,LABEL-FIELD,LABEL-FIELD,NO_VERIFIED_EXTERNAL_TRANSLATION
"f99v.14,@Lc",f99v,4072,okoldody,R00,S2_STRONG_BUT_PARTIAL_TRANSCRIPTION_CORE,S2,FORMAL_G3C_NONFRAME_SHORTFORM_HP,G3C,compact label / index / list entry,P,A,1,label_or_marginal,LABEL-FIELD,LABEL-FIELD,NO_VERIFIED_EXTERNAL_TRANSLATION
"f99v.15,@Lf",f99v,4073,oeeesary,R00,S1_MULTI_TRANSCRIPTION_STRICT_CORE,S1,FORMAL_G3C_NONFRAME_SHORTFORM_HP,G3C,compact label / index / list entry,P,A,1,label_or_marginal,LABEL-FIELD,LABEL-FIELD,NO_VERIFIED_EXTERNAL_TRANSLATION
"f99v.17,@Lf",f99v,4075,sary,R06,S1_MULTI_TRANSCRIPTION_STRICT_CORE,S1,FORMAL_G3C_NONFRAME_SHORTFORM_HP,G3C,compact label / index / list entry,P,A,1,label_or_marginal,LABEL-FIELD,LABEL-FIELD,NO_VERIFIED_EXTERNAL_TRANSLATION
"f99v.18,@Lf",f99v,4076,saiino,R06,S2_STRONG_BUT_PARTIAL_TRANSCRIPTION_CORE,S2,FORMAL_G3C_NONFRAME_SHORTFORM_HP,G3C,compact label / index / list entry,P,A,1,label_or_marginal,LABEL-FIELD,LABEL-FIELD,NO_VERIFIED_EXTERNAL_TRANSLATION
"f99v.20,@Lf",f99v,4078,osary,R00,S1_MULTI_TRANSCRIPTION_STRICT_CORE,S1,FORMAL_G3C_NONFRAME_SHORTFORM_HP,G3C,compact label / index / list entry,P,A,1,label_or_marginal,LABEL-FIELD,LABEL-FIELD,NO_VERIFIED_EXTERNAL_TRANSLATION
"f99v.23,+P0",f99v,4081,qokeey chol okeoldy qokol qokeolo lchol okeol sheodol qokeechom,H08 R07 R00 H08 H08 R00 R06 R00 H08,S1_MULTI_TRANSCRIPTION_STRICT_CORE,S1,FORMAL_G1_GLOBAL_FRAME,G1,relational frame / record line,P,A,1,paragraph_continuation,FUNC-PARTICLE FUNC-PARTICLE ARG/FILL FUNC-PARTICLE OP/HEAD ARG/FILL ARG/FILL ARG/FILL OP/HEAD,FUNC-PARTICLE / FUNC-PARTICLE / ARG/FILL / FUNC-PARTICLE / OP/HEAD / ARG/FILL / ARG/FILL / ARG/FILL / OP/HEAD,NO_VERIFIED_EXTERNAL_TRANSLATION
"f99v.25,@Lc",f99v,4083,darolaly,R00,S1_MULTI_TRANSCRIPTION_STRICT_CORE,S1,FORMAL_G3C_NONFRAME_SHORTFORM_HP,G3C,compact label / index / list entry,P,A,1,label_or_marginal,LABEL-FIELD,LABEL-FIELD,NO_VERIFIED_EXTERNAL_TRANSLATION
"f99v.26,@Lf",f99v,4084,okechy,R00,S1_MULTI_TRANSCRIPTION_STRICT_CORE,S1,FORMAL_G3C_NONFRAME_SHORTFORM_HP,G3C,compact label / index / list entry,P,A,1,label_or_marginal,LABEL-FIELD,LABEL-FIELD,NO_VERIFIED_EXTERNAL_TRANSLATION
"f99v.28,@Lf",f99v,4086,chor olekor,R11 R00,S1_MULTI_TRANSCRIPTION_STRICT_CORE,S1,FORMAL_G3C_NONFRAME_SHORTFORM_HP,G3C,compact label / index / list entry,P,A,1,label_or_marginal,LABEL-LEX LABEL-FIELD,LABEL-LEX / LABEL-FIELD,NO_VERIFIED_EXTERNAL_TRANSLATION
"f99v.29,@Lf",f99v,4087,okeodor,R00,S1_MULTI_TRANSCRIPTION_STRICT_CORE,S1,FORMAL_G3C_NONFRAME_SHORTFORM_HP,G3C,compact label / index / list entry,P,A,1,label_or_marginal,LABEL-FIELD,LABEL-FIELD,NO_VERIFIED_EXTERNAL_TRANSLATION
"f99v.30,@Lf",f99v,4088,olky,R00,S1_MULTI_TRANSCRIPTION_STRICT_CORE,S1,FORMAL_G3C_NONFRAME_SHORTFORM_HP,G3C,compact label / index / list entry,P,A,1,label_or_marginal,LABEL-FIELD,LABEL-FIELD,NO_VERIFIED_EXTERNAL_TRANSLATION
"f99v.31,@Lf",f99v,4089,doldam,R06,S1_MULTI_TRANSCRIPTION_STRICT_CORE,S1,FORMAL_G3C_NONFRAME_SHORTFORM_HP,G3C,compact label / index / list entry,P,A,1,label_or_marginal,LABEL-FIELD,LABEL-FIELD,NO_VERIFIED_EXTERNAL_TRANSLATION
"f99v.36,@Lc",f99v,4094,oralas,R00,S2_STRONG_BUT_PARTIAL_TRANSCRIPTION_CORE,S2,FORMAL_G3C_NONFRAME_SHORTFORM_HP,G3C,compact label / index / list entry,P,A,1,label_or_marginal,LABEL-FIELD,LABEL-FIELD,NO_VERIFIED_EXTERNAL_TRANSLATION
"f99v.44,@Lf",f99v,4102,koleearol,R00,S1_MULTI_TRANSCRIPTION_STRICT_CORE,S1,FORMAL_G3C_NONFRAME_SHORTFORM_HP,G3C,compact label / index / list entry,P,A,1,label_or_marginal,LABEL-FIELD,LABEL-FIELD,NO_VERIFIED_EXTERNAL_TRANSLATION
"f100r.1,@Lf",f100r,4103,chosaroshol,R00,S1_MULTI_TRANSCRIPTION_STRICT_CORE,S1,FORMAL_G3C_NONFRAME_SHORTFORM_HP,G3C,compact label / index / list entry,P,A,1,label_or_marginal,LABEL-FIELD,LABEL-FIELD,NO_VERIFIED_EXTERNAL_TRANSLATION
"f100r.2,@Lf",f100r,4104,sochorcfhy,R00,S1_MULTI_TRANSCRIPTION_STRICT_CORE,S1,FORMAL_G3C_NONFRAME_SHORTFORM_HP,G3C,compact label / index / list entry,P,A,1,label_or_marginal,LABEL-FIELD,LABEL-FIELD,NO_VERIFIED_EXTERNAL_TRANSLATION
"f100r.5,@Lf",f100r,4107,sarchar daiindy,R00 R10,S2_STRONG_BUT_PARTIAL_TRANSCRIPTION_CORE,S2,FORMAL_G3C_NONFRAME_SHORTFORM_HP,G3C,compact label / index / list entry,P,A,1,label_or_marginal,LABEL-FIELD LABEL-FIELD,LABEL-FIELD / LABEL-FIELD,NO_VERIFIED_EXTERNAL_TRANSLATION
"f100r.6,@Lf",f100r,4108,oaro,R00,S2_STRONG_BUT_PARTIAL_TRANSCRIPTION_CORE,S2,FORMAL_G3C_NONFRAME_SHORTFORM_HP,G3C,compact label / index / list entry,P,A,1,label_or_marginal,LABEL-FIELD,LABEL-FIELD,NO_VERIFIED_EXTERNAL_TRANSLATION
"f100r.7,@Lf",f100r,4109,chalsain,R00,S2_STRONG_BUT_PARTIAL_TRANSCRIPTION_CORE,S2,FORMAL_G3C_NONFRAME_SHORTFORM_HP,G3C,compact label / index / list entry,P,A,1,label_or_marginal,LABEL-FIELD,LABEL-FIELD,NO_VERIFIED_EXTERNAL_TRANSLATION
"f100r.8,@Lf",f100r,4110,soity,R06,S1_MULTI_TRANSCRIPTION_STRICT_CORE,S1,FORMAL_G3C_NONFRAME_SHORTFORM_HP,G3C,compact label / index / list entry,P,A,1,label_or_marginal,LABEL-FIELD,LABEL-FIELD,NO_VERIFIED_EXTERNAL_TRANSLATION
"f100r.9,@Lf",f100r,4111,sosam,R06,S1_MULTI_TRANSCRIPTION_STRICT_CORE,S1,FORMAL_G3C_NONFRAME_SHORTFORM_HP,G3C,compact label / index / list entry,P,A,1,label_or_marginal,LABEL-FIELD,LABEL-FIELD,NO_VERIFIED_EXTERNAL_TRANSLATION
"f100r.16,@Lf",f100r,4118,okeeos,R00,S1_MULTI_TRANSCRIPTION_STRICT_CORE,S1,FORMAL_G3C_NONFRAME_SHORTFORM_HP,G3C,compact label / index / list entry,P,A,1,label_or_marginal,LABEL-FIELD,LABEL-FIELD,NO_VERIFIED_EXTERNAL_TRANSLATION
"f100r.17,@Lf",f100r,4119,shockhey,R00,S1_MULTI_TRANSCRIPTION_STRICT_CORE,S1,FORMAL_G3C_NONFRAME_SHORTFORM_HP,G3C,compact label / index / list entry,P,A,1,label_or_marginal,LABEL-FIELD,LABEL-FIELD,NO_VERIFIED_EXTERNAL_TRANSLATION
"f100r.18,@Lf",f100r,4120,orol,R00,S1_MULTI_TRANSCRIPTION_STRICT_CORE,S1,FORMAL_G3C_NONFRAME_SHORTFORM_HP,G3C,compact label / index / list entry,P,A,1,label_or_marginal,LABEL-FIELD,LABEL-FIELD,NO_VERIFIED_EXTERNAL_TRANSLATION
"f100r.19,@Lf",f100r,4121,olcheom,R00,S1_MULTI_TRANSCRIPTION_STRICT_CORE,S1,FORMAL_G3C_NONFRAME_SHORTFORM_HP,G3C,compact label / index / list entry,P,A,1,label_or_marginal,LABEL-FIELD,LABEL-FIELD,NO_VERIFIED_EXTERNAL_TRANSLATION
"f100r.21,@Lf",f100r,4123,okols,R00,S2_STRONG_BUT_PARTIAL_TRANSCRIPTION_CORE,S2,FORMAL_G3C_NONFRAME_SHORTFORM_HP,G3C,compact label / index / list entry,P,A,1,label_or_marginal,LABEL-FIELD,LABEL-FIELD,NO_VERIFIED_EXTERNAL_TRANSLATION
"f100v.1,@Lf",f100v,4130,tolchd,R06,S1_MULTI_TRANSCRIPTION_STRICT_CORE,S1,FORMAL_G3C_NONFRAME_SHORTFORM_HP,G3C,compact label / index / list entry,P,A,1,label_or_marginal,LABEL-FIELD,LABEL-FIELD,NO_VERIFIED_EXTERNAL_TRANSLATION
"f100v.2,@Lf",f100v,4131,chols,R00,S1_MULTI_TRANSCRIPTION_STRICT_CORE,S1,FORMAL_G3C_NONFRAME_SHORTFORM_HP,G3C,compact label / index / list entry,P,A,1,label_or_marginal,LABEL-FIELD,LABEL-FIELD,NO_VERIFIED_EXTERNAL_TRANSLATION
"f100v.3,@Lf",f100v,4132,opchor,R00,S1_MULTI_TRANSCRIPTION_STRICT_CORE,S1,FORMAL_G3C_NONFRAME_SHORTFORM_HP,G3C,compact label / index / list entry,P,A,1,label_or_marginal,LABEL-FIELD,LABEL-FIELD,NO_VERIFIED_EXTERNAL_TRANSLATION
"f100v.4,@Lf",f100v,4133,solsy,R06,S2_STRONG_BUT_PARTIAL_TRANSCRIPTION_CORE,S2,FORMAL_G3C_NONFRAME_SHORTFORM_HP,G3C,compact label / index / list entry,P,A,1,label_or_marginal,LABEL-FIELD,LABEL-FIELD,NO_VERIFIED_EXTERNAL_TRANSLATION
"f100v.5,@Lf",f100v,4134,soleesos,R00,S2_STRONG_BUT_PARTIAL_TRANSCRIPTION_CORE,S2,FORMAL_G3C_NONFRAME_SHORTFORM_HP,G3C,compact label / index / list entry,P,A,1,label_or_marginal,LABEL-FIELD,LABEL-FIELD,NO_VERIFIED_EXTERNAL_TRANSLATION
"f100v.6,@Lf",f100v,4135,ykchochdy,R00,S1_MULTI_TRANSCRIPTION_STRICT_CORE,S1,FORMAL_G3C_NONFRAME_SHORTFORM_HP,G3C,compact label / index / list entry,P,A,1,label_or_marginal,LABEL-FIELD,LABEL-FIELD,NO_VERIFIED_EXTERNAL_TRANSLATION
"f100v.7,@Lf",f100v,4136,ykchdy,R00,S1_MULTI_TRANSCRIPTION_STRICT_CORE,S1,FORMAL_G3C_NONFRAME_SHORTFORM_HP,G3C,compact label / index / list entry,P,A,1,label_or_marginal,LABEL-FIELD,LABEL-FIELD,NO_VERIFIED_EXTERNAL_TRANSLATION
"f100v.8,@Lf",f100v,4137,dchdy,R06,S1_MULTI_TRANSCRIPTION_STRICT_CORE,S1,FORMAL_G3C_NONFRAME_SHORTFORM_HP,G3C,compact label / index / list entry,P,A,1,label_or_marginal,LABEL-FIELD,LABEL-FIELD,NO_VERIFIED_EXTERNAL_TRANSLATION
"f100v.9,@Lf",f100v,4138,dalsy,R06,S1_MULTI_TRANSCRIPTION_STRICT_CORE,S1,FORMAL_G3C_NONFRAME_SHORTFORM_HP,G3C,compact label / index / list entry,P,A,1,label_or_marginal,LABEL-FIELD,LABEL-FIELD,NO_VERIFIED_EXTERNAL_TRANSLATION
"f100v.10,@Lf",f100v,4139,okcheor,R00,S1_MULTI_TRANSCRIPTION_STRICT_CORE,S1,FORMAL_G3C_NONFRAME_SHORTFORM_HP,G3C,compact label / index / list entry,P,A,1,label_or_marginal,LABEL-FIELD,LABEL-FIELD,NO_VERIFIED_EXTERNAL_TRANSLATION
"f100v.11,@Lf",f100v,4140,ytchol,R06,S1_MULTI_TRANSCRIPTION_STRICT_CORE,S1,FORMAL_G3C_NONFRAME_SHORTFORM_HP,G3C,compact label / index / list entry,P,A,1,label_or_marginal,LABEL-FIELD,LABEL-FIELD,NO_VERIFIED_EXTERNAL_TRANSLATION
"f100v.12,@Lf",f100v,4141,dykchal,R00,S1_MULTI_TRANSCRIPTION_STRICT_CORE,S1,FORMAL_G3C_NONFRAME_SHORTFORM_HP,G3C,compact label / index / list entry,P,A,1,label_or_marginal,LABEL-FIELD,LABEL-FIELD,NO_VERIFIED_EXTERNAL_TRANSLATION
"f100v.17,+P0",f100v,4146,chockhey sholkcheol qokeol okol chol chotor chso solcthy,R00 R08 H08 R07 R07 R00 R00 R00,S2_STRONG_BUT_PARTIAL_TRANSCRIPTION_CORE,S2,FORMAL_G1_GLOBAL_FRAME,G1,relational frame / record line,P,A,1,paragraph_continuation,ARG/FILL ARG/FILL OP/HEAD FUNC-PARTICLE FUNC-PARTICLE ARG/FILL ARG/FILL ARG/FILL,ARG/FILL / ARG/FILL / OP/HEAD / FUNC-PARTICLE / FUNC-PARTICLE / ARG/FILL / ARG/FILL / ARG/FILL,NO_VERIFIED_EXTERNAL_TRANSLATION
"f101v.2,@Lf",f101v,4163,otaldy,R00,S1_MULTI_TRANSCRIPTION_STRICT_CORE,S1,FORMAL_G3C_NONFRAME_SHORTFORM_HP,G3C,compact label / index / list entry,P,A,1,label_or_marginal,LABEL-FIELD,LABEL-FIELD,NO_VERIFIED_EXTERNAL_TRANSLATION
"f101v.4,@Lf",f101v,4165,ytal,R06,S1_MULTI_TRANSCRIPTION_STRICT_CORE,S1,FORMAL_G3C_NONFRAME_SHORTFORM_HP,G3C,compact label / index / list entry,P,A,1,label_or_marginal,LABEL-FIELD,LABEL-FIELD,NO_VERIFIED_EXTERNAL_TRANSLATION
"f101v.5,@Lf",f101v,4166,dokor,R06,S1_MULTI_TRANSCRIPTION_STRICT_CORE,S1,FORMAL_G3C_NONFRAME_SHORTFORM_HP,G3C,compact label / index / list entry,P,A,1,label_or_marginal,LABEL-FIELD,LABEL-FIELD,NO_VERIFIED_EXTERNAL_TRANSLATION
"f101v.6,@Lf",f101v,4167,orar,R00,S1_MULTI_TRANSCRIPTION_STRICT_CORE,S1,FORMAL_G3C_NONFRAME_SHORTFORM_HP,G3C,compact label / index / list entry,P,A,1,label_or_marginal,LABEL-FIELD,LABEL-FIELD,NO_VERIFIED_EXTERNAL_TRANSLATION
"f101v.7,@Lf",f101v,4168,otarar,R00,S1_MULTI_TRANSCRIPTION_STRICT_CORE,S1,FORMAL_G3C_NONFRAME_SHORTFORM_HP,G3C,compact label / index / list entry,P,A,1,label_or_marginal,LABEL-FIELD,LABEL-FIELD,NO_VERIFIED_EXTERNAL_TRANSLATION
"f101v.8,@Lf",f101v,4169,otly,R00,S2_STRONG_BUT_PARTIAL_TRANSCRIPTION_CORE,S2,FORMAL_G3C_NONFRAME_SHORTFORM_HP,G3C,compact label / index / list entry,P,A,1,label_or_marginal,LABEL-FIELD,LABEL-FIELD,NO_VERIFIED_EXTERNAL_TRANSLATION
"f101v.9,@Lf",f101v,4170,soraly,R06,S1_MULTI_TRANSCRIPTION_STRICT_CORE,S1,FORMAL_G3C_NONFRAME_SHORTFORM_HP,G3C,compact label / index / list entry,P,A,1,label_or_marginal,LABEL-FIELD,LABEL-FIELD,NO_VERIFIED_EXTERNAL_TRANSLATION
"f101v.10,@Lf",f101v,4171,okol,R07,S1_MULTI_TRANSCRIPTION_STRICT_CORE,S1,FORMAL_G3C_NONFRAME_SHORTFORM_HP,G3C,compact label / index / list entry,P,A,1,label_or_marginal,FUNC-PARTICLE,FUNC-PARTICLE,NO_VERIFIED_EXTERNAL_TRANSLATION
"f101v.11,@Lf",f101v,4172,arom,R00,S1_MULTI_TRANSCRIPTION_STRICT_CORE,S1,FORMAL_G3C_NONFRAME_SHORTFORM_HP,G3C,compact label / index / list entry,P,A,1,label_or_marginal,LABEL-FIELD,LABEL-FIELD,NO_VERIFIED_EXTERNAL_TRANSLATION
"f101v.12,@Lf",f101v,4173,oraram,R00,S2_STRONG_BUT_PARTIAL_TRANSCRIPTION_CORE,S2,FORMAL_G3C_NONFRAME_SHORTFORM_HP,G3C,compact label / index / list entry,P,A,1,label_or_marginal,LABEL-FIELD,LABEL-FIELD,NO_VERIFIED_EXTERNAL_TRANSLATION
"f101v.13,@Lf",f101v,4174,oraeep,R00,S2_STRONG_BUT_PARTIAL_TRANSCRIPTION_CORE,S2,FORMAL_G3C_NONFRAME_SHORTFORM_HP,G3C,compact label / index / list entry,P,A,1,label_or_marginal,LABEL-FIELD,LABEL-FIELD,NO_VERIFIED_EXTERNAL_TRANSLATION
"f101v.14,@Lf",f101v,4175,dytolg,R06,S2_STRONG_BUT_PARTIAL_TRANSCRIPTION_CORE,S2,FORMAL_G3C_NONFRAME_SHORTFORM_HP,G3C,compact label / index / list entry,P,A,1,label_or_marginal,LABEL-FIELD,LABEL-FIELD,NO_VERIFIED_EXTERNAL_TRANSLATION
"f101v.15,@Lf",f101v,4176,olkor,R00,S1_MULTI_TRANSCRIPTION_STRICT_CORE,S1,FORMAL_G3C_NONFRAME_SHORTFORM_HP,G3C,compact label / index / list entry,P,A,1,label_or_marginal,LABEL-FIELD,LABEL-FIELD,NO_VERIFIED_EXTERNAL_TRANSLATION
"f101v.16,@Lf",f101v,4177,dolary,R06,S1_MULTI_TRANSCRIPTION_STRICT_CORE,S1,FORMAL_G3C_NONFRAME_SHORTFORM_HP,G3C,compact label / index / list entry,P,A,1,label_or_marginal,LABEL-FIELD,LABEL-FIELD,NO_VERIFIED_EXTERNAL_TRANSLATION
"f101v.17,@Lf",f101v,4178,odor,R00,S1_MULTI_TRANSCRIPTION_STRICT_CORE,S1,FORMAL_G3C_NONFRAME_SHORTFORM_HP,G3C,compact label / index / list entry,P,A,1,label_or_marginal,LABEL-FIELD,LABEL-FIELD,NO_VERIFIED_EXTERNAL_TRANSLATION
"f101v.18,@Lf",f101v,4179,olaran,R00,S1_MULTI_TRANSCRIPTION_STRICT_CORE,S1,FORMAL_G3C_NONFRAME_SHORTFORM_HP,G3C,compact label / index / list entry,P,A,1,label_or_marginal,LABEL-FIELD,LABEL-FIELD,NO_VERIFIED_EXTERNAL_TRANSLATION
"f101v.26,+P0",f101v,4187,olaiin okeol cheo kol ches sheey qoor qokeody cheor okeo oiin cheey cthey ory ctheey qokeey shol ody cheol oralar shey qokarary,R10 R06 R00 R06 R00 R06 H07 H11 R00 R00 R00 R06 R04 R00 R04 H08 R08 R00 R00 R00 R06 R03,S2_STRONG_BUT_PARTIAL_TRANSCRIPTION_CORE,S2,FORMAL_G1_GLOBAL_FRAME,G1,relational frame / record line,P,A,1,paragraph_continuation,QUAL/TAIL ARG/FILL ARG/FILL ARG/FILL ARG/FILL FUNC-PARTICLE OP/HEAD OPERATOR ARG/FILL ARG/FILL ARG/FILL FUNC-PARTICLE QUAL/TAIL ARG/FILL QUAL/TAIL FUNC-PARTICLE FUNC-PARTICLE ARG/FILL FUNC-PARTICLE ARG/FILL FUNC-PARTICLE ARG/FILL,QUAL/TAIL / ARG/FILL / ARG/FILL / ARG/FILL / ARG/FILL / FUNC-PARTICLE / OP/HEAD / OPERATOR / ARG/FILL / ARG/FILL / ARG/FILL / FUNC-PARTICLE / QUAL/TAIL / ARG/FILL / QUAL/TAIL / FUNC-PARTICLE / FUNC-PARTICLE / ARG/FILL / FUNC-PARTICLE / ARG/FILL / FUNC-PARTICLE / ARG/FILL,NO_VERIFIED_EXTERNAL_TRANSLATION
"f102r1.2,@Lf",f102r1,4191,otodeeodor,R00,S1_MULTI_TRANSCRIPTION_STRICT_CORE,S1,FORMAL_G3C_NONFRAME_SHORTFORM_HP,G3C,compact label / index / list entry,P,A,1,label_or_marginal,LABEL-FIELD,LABEL-FIELD,NO_VERIFIED_EXTERNAL_TRANSLATION
"f102r1.3,@P0",f102r1,4192,polaiin shocthy qoteol loiiin oteeor cpheodar sholdaiin,R00 R00 H13 R00 R01 R00 R10,S1_MULTI_TRANSCRIPTION_STRICT_CORE,S1,FORMAL_G2_CORE_LOCAL_KERNEL,G2,zone-local kernel / record line,P,A,1,paragraph_start,ARG/FILL ARG/FILL OP/HEAD ARG/FILL QUAL/TAIL ARG/FILL QUAL/TAIL,ARG/FILL / ARG/FILL / OP/HEAD / ARG/FILL / QUAL/TAIL / ARG/FILL / QUAL/TAIL,NO_VERIFIED_EXTERNAL_TRANSLATION
"f102r1.4,+P0",f102r1,4193,dsheody okeeoy kod chkeeody daraiiin ctheoly qokcheololain,R00 R00 R06 R00 R00 R04 H08,S2_STRONG_BUT_PARTIAL_TRANSCRIPTION_CORE,S2,FORMAL_G2_CORE_LOCAL_KERNEL,G2,zone-local kernel / record line,P,A,1,paragraph_continuation,ARG/FILL ARG/FILL ARG/FILL ARG/FILL ARG/FILL QUAL/TAIL OP/HEAD,ARG/FILL / ARG/FILL / ARG/FILL / ARG/FILL / ARG/FILL / QUAL/TAIL / OP/HEAD,NO_VERIFIED_EXTERNAL_TRANSLATION
"f102r1.7,@Lc",f102r1,4196,okolaly,R00,S2_STRONG_BUT_PARTIAL_TRANSCRIPTION_CORE,S2,FORMAL_G3C_NONFRAME_SHORTFORM_HP,G3C,compact label / index / list entry,P,A,1,label_or_marginal,LABEL-FIELD,LABEL-FIELD,NO_VERIFIED_EXTERNAL_TRANSLATION
"f102r1.14,+P0",f102r1,4203,doeey keeol qokeo daor shey qoteol okol chos s or oeeaiin,R06 R06 H08 R06 R06 H13 R07 R00 R06 R06 R00,S1_MULTI_TRANSCRIPTION_STRICT_CORE,S1,FORMAL_G2_CORE_LOCAL_KERNEL,G2,zone-local kernel / record line,P,A,1,paragraph_continuation,ARG/FILL ARG/FILL OP/HEAD ARG/FILL FUNC-PARTICLE OP/HEAD FUNC-PARTICLE ARG/FILL FUNC-PARTICLE FUNC-PARTICLE ARG/FILL,ARG/FILL / ARG/FILL / OP/HEAD / ARG/FILL / FUNC-PARTICLE / OP/HEAD / FUNC-PARTICLE / ARG/FILL / FUNC-PARTICLE / FUNC-PARTICLE / ARG/FILL,NO_VERIFIED_EXTERNAL_TRANSLATION
"f102r2.5,+P0",f102r2,4211,tor sheo or chey qoor yteor chol choky,R06 R06 R06 R06 H07 R06 R07 R00,S1_MULTI_TRANSCRIPTION_STRICT_CORE,S1,FORMAL_G2_CORE_LOCAL_KERNEL,G2,zone-local kernel / record line,P,A,1,paragraph_continuation,ARG/FILL ARG-LEX FUNC-PARTICLE FUNC-PARTICLE OP/HEAD ARG/FILL FUNC-PARTICLE ARG/FILL,ARG/FILL / ARG-LEX / FUNC-PARTICLE / FUNC-PARTICLE / OP/HEAD / ARG/FILL / FUNC-PARTICLE / ARG/FILL,NO_VERIFIED_EXTERNAL_TRANSLATION
"f102r2.10,+P0",f102r2,4216,shockhy qockhey sol eeey dol cheol doaiin qkeeey cthey,R00 H07 R06 R00 R06 R00 R06 R00 R04,S1_MULTI_TRANSCRIPTION_STRICT_CORE,S1,FORMAL_G2_CORE_LOCAL_KERNEL,G2,zone-local kernel / record line,P,A,1,paragraph_continuation,ARG/FILL OPERATOR FUNC-PARTICLE ARG/FILL FUNC-PARTICLE FUNC-PARTICLE ARG/FILL ARG/FILL QUAL/TAIL,ARG/FILL / OPERATOR / FUNC-PARTICLE / ARG/FILL / FUNC-PARTICLE / FUNC-PARTICLE / ARG/FILL / ARG/FILL / QUAL/TAIL,NO_VERIFIED_EXTERNAL_TRANSLATION
"f102r2.12,+P0",f102r2,4218,ytchy olockhy okeey cheody saiin dol ockhy okeady,R06 R00 R06 R00 R06 R06 R00 R00,S1_MULTI_TRANSCRIPTION_STRICT_CORE,S1,FORMAL_G2_CORE_LOCAL_KERNEL,G2,zone-local kernel / record line,P,A,1,paragraph_continuation,ARG/FILL ARG/FILL FUNC-PARTICLE FUNC-PARTICLE FUNC-PARTICLE FUNC-PARTICLE ARG/FILL ARG/FILL,ARG/FILL / ARG/FILL / FUNC-PARTICLE / FUNC-PARTICLE / FUNC-PARTICLE / FUNC-PARTICLE / ARG/FILL / ARG/FILL,NO_VERIFIED_EXTERNAL_TRANSLATION
"f102r2.14,+Lc",f102r2,4220,osheal,R00,S1_MULTI_TRANSCRIPTION_STRICT_CORE,S1,FORMAL_G3C_NONFRAME_SHORTFORM_HP,G3C,compact label / index / list entry,P,A,1,+L,LABEL-FIELD,LABEL-FIELD,NO_VERIFIED_EXTERNAL_TRANSLATION
"f102r2.17,+P0",f102r2,4223,ykeockhey okey qokeeo ckhey qokey desey qyoeey dol chkey choky,R00 R00 H08 R00 H08 R06 R00 R06 R00 R00,S1_MULTI_TRANSCRIPTION_STRICT_CORE,S1,FORMAL_G2_CORE_LOCAL_KERNEL,G2,zone-local kernel / record line,P,A,1,paragraph_continuation,ARG/FILL ARG/FILL OP/HEAD ARG/FILL FUNC-PARTICLE ARG/FILL ARG/FILL FUNC-PARTICLE ARG/FILL ARG/FILL,ARG/FILL / ARG/FILL / OP/HEAD / ARG/FILL / FUNC-PARTICLE / ARG/FILL / ARG/FILL / FUNC-PARTICLE / ARG/FILL / ARG/FILL,NO_VERIFIED_EXTERNAL_TRANSLATION
"f102r2.21,@Lf",f102r2,4227,koldarod,R00,S1_MULTI_TRANSCRIPTION_STRICT_CORE,S1,FORMAL_G3C_NONFRAME_SHORTFORM_HP,G3C,compact label / index / list entry,P,A,1,label_or_marginal,LABEL-FIELD,LABEL-FIELD,NO_VERIFIED_EXTERNAL_TRANSLATION
"f102r2.22,@Lf",f102r2,4228,odalydary,R00,S2_STRONG_BUT_PARTIAL_TRANSCRIPTION_CORE,S2,FORMAL_G3C_NONFRAME_SHORTFORM_HP,G3C,compact label / index / list entry,P,A,1,label_or_marginal,LABEL-FIELD,LABEL-FIELD,NO_VERIFIED_EXTERNAL_TRANSLATION
"f102v2.1,@Lc",f102v2,4229,porshols,R00,S1_MULTI_TRANSCRIPTION_STRICT_CORE,S1,FORMAL_G3C_NONFRAME_SHORTFORM_HP,G3C,compact label / index / list entry,P,A,1,label_or_marginal,LABEL-FIELD,LABEL-FIELD,NO_VERIFIED_EXTERNAL_TRANSLATION
"f102v2.3,@Lf",f102v2,4231,oror,R00,S1_MULTI_TRANSCRIPTION_STRICT_CORE,S1,FORMAL_G3C_NONFRAME_SHORTFORM_HP,G3C,compact label / index / list entry,P,A,1,label_or_marginal,LABEL-FIELD,LABEL-FIELD,NO_VERIFIED_EXTERNAL_TRANSLATION
"f102v2.4,@Lf",f102v2,4232,chor,R11,S1_MULTI_TRANSCRIPTION_STRICT_CORE,S1,FORMAL_G3C_NONFRAME_SHORTFORM_HP,G3C,compact label / index / list entry,P,A,1,label_or_marginal,LABEL-LEX,LABEL-LEX,NO_VERIFIED_EXTERNAL_TRANSLATION
"f102v2.5,@Lf",f102v2,4233,sachy,R06,S1_MULTI_TRANSCRIPTION_STRICT_CORE,S1,FORMAL_G3C_NONFRAME_SHORTFORM_HP,G3C,compact label / index / list entry,P,A,1,label_or_marginal,LABEL-FIELD,LABEL-FIELD,NO_VERIFIED_EXTERNAL_TRANSLATION
"f102v2.6,@Lf",f102v2,4234,okeo,R00,S1_MULTI_TRANSCRIPTION_STRICT_CORE,S1,FORMAL_G3C_NONFRAME_SHORTFORM_HP,G3C,compact label / index / list entry,P,A,1,label_or_marginal,LABEL-FIELD,LABEL-FIELD,NO_VERIFIED_EXTERNAL_TRANSLATION
"f102v2.7,@Lf",f102v2,4235,okol,R07,S1_MULTI_TRANSCRIPTION_STRICT_CORE,S1,FORMAL_G3C_NONFRAME_SHORTFORM_HP,G3C,compact label / index / list entry,P,A,1,label_or_marginal,FUNC-PARTICLE,FUNC-PARTICLE,NO_VERIFIED_EXTERNAL_TRANSLATION
"f102v2.8,@Lf",f102v2,4236,otory,R00,S1_MULTI_TRANSCRIPTION_STRICT_CORE,S1,FORMAL_G3C_NONFRAME_SHORTFORM_HP,G3C,compact label / index / list entry,P,A,1,label_or_marginal,LABEL-FIELD,LABEL-FIELD,NO_VERIFIED_EXTERNAL_TRANSLATION
"f102v2.9,@Lf",f102v2,4237,ok,R00,S1_MULTI_TRANSCRIPTION_STRICT_CORE,S1,FORMAL_G3C_NONFRAME_SHORTFORM_HP,G3C,compact label / index / list entry,P,A,1,label_or_marginal,LABEL-FIELD,LABEL-FIELD,NO_VERIFIED_EXTERNAL_TRANSLATION
"f102v2.10,@Lf",f102v2,4238,okody,R00,S1_MULTI_TRANSCRIPTION_STRICT_CORE,S1,FORMAL_G3C_NONFRAME_SHORTFORM_HP,G3C,compact label / index / list entry,P,A,1,label_or_marginal,LABEL-LEX,LABEL-LEX,NO_VERIFIED_EXTERNAL_TRANSLATION
"f102v2.11,@Lf",f102v2,4239,cheor,R00,S1_MULTI_TRANSCRIPTION_STRICT_CORE,S1,FORMAL_G3C_NONFRAME_SHORTFORM_HP,G3C,compact label / index / list entry,P,A,1,label_or_marginal,LABEL-FIELD,LABEL-FIELD,NO_VERIFIED_EXTERNAL_TRANSLATION
"f102v2.12,@Lf",f102v2,4240,okoroeey,R00,S1_MULTI_TRANSCRIPTION_STRICT_CORE,S1,FORMAL_G3C_NONFRAME_SHORTFORM_HP,G3C,compact label / index / list entry,P,A,1,label_or_marginal,LABEL-FIELD,LABEL-FIELD,NO_VERIFIED_EXTERNAL_TRANSLATION
"f102v2.13,@Lf",f102v2,4241,opchy,R00,S1_MULTI_TRANSCRIPTION_STRICT_CORE,S1,FORMAL_G3C_NONFRAME_SHORTFORM_HP,G3C,compact label / index / list entry,P,A,1,label_or_marginal,LABEL-FIELD,LABEL-FIELD,NO_VERIFIED_EXTERNAL_TRANSLATION
"f102v2.14,@Lf",f102v2,4242,sarol,R06,S1_MULTI_TRANSCRIPTION_STRICT_CORE,S1,FORMAL_G3C_NONFRAME_SHORTFORM_HP,G3C,compact label / index / list entry,P,A,1,label_or_marginal,LABEL-FIELD,LABEL-FIELD,NO_VERIFIED_EXTERNAL_TRANSLATION
"f102v2.15,@Lf",f102v2,4243,olrodar,R00,S1_MULTI_TRANSCRIPTION_STRICT_CORE,S1,FORMAL_G3C_NONFRAME_SHORTFORM_HP,G3C,compact label / index / list entry,P,A,1,label_or_marginal,LABEL-FIELD,LABEL-FIELD,NO_VERIFIED_EXTERNAL_TRANSLATION
"f102v2.16,@Lf",f102v2,4244,to,R06,S1_MULTI_TRANSCRIPTION_STRICT_CORE,S1,FORMAL_G3C_NONFRAME_SHORTFORM_HP,G3C,compact label / index / list entry,P,A,1,label_or_marginal,LABEL-FIELD,LABEL-FIELD,NO_VERIFIED_EXTERNAL_TRANSLATION
"f102v2.24,@Lc",f102v2,4252,okolky,R00,S2_STRONG_BUT_PARTIAL_TRANSCRIPTION_CORE,S2,FORMAL_G3C_NONFRAME_SHORTFORM_HP,G3C,compact label / index / list entry,P,A,1,label_or_marginal,LABEL-FIELD,LABEL-FIELD,NO_VERIFIED_EXTERNAL_TRANSLATION
"f102v2.25,@Lf",f102v2,4253,osain,R00,S1_MULTI_TRANSCRIPTION_STRICT_CORE,S1,FORMAL_G3C_NONFRAME_SHORTFORM_HP,G3C,compact label / index / list entry,P,A,1,label_or_marginal,LABEL-FIELD,LABEL-FIELD,NO_VERIFIED_EXTERNAL_TRANSLATION
"f102v2.26,@Lf",f102v2,4254,aiky,R00,S2_STRONG_BUT_PARTIAL_TRANSCRIPTION_CORE,S2,FORMAL_G3C_NONFRAME_SHORTFORM_HP,G3C,compact label / index / list entry,P,A,1,label_or_marginal,LABEL-FIELD,LABEL-FIELD,NO_VERIFIED_EXTERNAL_TRANSLATION
"f102v2.27,@Lf",f102v2,4255,okeeoraiin,R00,S1_MULTI_TRANSCRIPTION_STRICT_CORE,S1,FORMAL_G3C_NONFRAME_SHORTFORM_HP,G3C,compact label / index / list entry,P,A,1,label_or_marginal,LABEL-FIELD,LABEL-FIELD,NO_VERIFIED_EXTERNAL_TRANSLATION
"f102v2.28,@Lf",f102v2,4256,okockhy,R00,S1_MULTI_TRANSCRIPTION_STRICT_CORE,S1,FORMAL_G3C_NONFRAME_SHORTFORM_HP,G3C,compact label / index / list entry,P,A,1,label_or_marginal,LABEL-FIELD,LABEL-FIELD,NO_VERIFIED_EXTERNAL_TRANSLATION
"f102v2.29,@Lf",f102v2,4257,os,R00,S2_STRONG_BUT_PARTIAL_TRANSCRIPTION_CORE,S2,FORMAL_G3C_NONFRAME_SHORTFORM_HP,G3C,compact label / index / list entry,P,A,1,label_or_marginal,LABEL-FIELD,LABEL-FIELD,NO_VERIFIED_EXTERNAL_TRANSLATION
"f102v1.1,@Lc",f102v1,4268,keoraiiin,R00,S2_STRONG_BUT_PARTIAL_TRANSCRIPTION_CORE,S2,FORMAL_G3C_NONFRAME_SHORTFORM_HP,G3C,compact label / index / list entry,P,A,1,label_or_marginal,LABEL-FIELD,LABEL-FIELD,NO_VERIFIED_EXTERNAL_TRANSLATION
"f102v1.2,@Lf",f102v1,4269,okeody,R00,S1_MULTI_TRANSCRIPTION_STRICT_CORE,S1,FORMAL_G3C_NONFRAME_SHORTFORM_HP,G3C,compact label / index / list entry,P,A,1,label_or_marginal,LABEL-FIELD,LABEL-FIELD,NO_VERIFIED_EXTERNAL_TRANSLATION
"f102v1.3,@Lf",f102v1,4270,okeody,R00,S1_MULTI_TRANSCRIPTION_STRICT_CORE,S1,FORMAL_G3C_NONFRAME_SHORTFORM_HP,G3C,compact label / index / list entry,P,A,1,label_or_marginal,LABEL-FIELD,LABEL-FIELD,NO_VERIFIED_EXTERNAL_TRANSLATION
"f102v1.4,@Lf",f102v1,4271,daiisaly,R00,S2_STRONG_BUT_PARTIAL_TRANSCRIPTION_CORE,S2,FORMAL_G3C_NONFRAME_SHORTFORM_HP,G3C,compact label / index / list entry,P,A,1,label_or_marginal,LABEL-FIELD,LABEL-FIELD,NO_VERIFIED_EXTERNAL_TRANSLATION
"f102v1.10,+P0",f102v1,4277,kochor ol ydaiin choraiin sheey ykeey korshey qokey dy,R06 R06 R06 R00 R06 R06 R00 H08 R02,S2_STRONG_BUT_PARTIAL_TRANSCRIPTION_CORE,S2,FORMAL_G2_CORE_LOCAL_KERNEL,G2,zone-local kernel / record line,P,A,1,paragraph_continuation,ARG/FILL FUNC-PARTICLE ARG/FILL ARG/FILL FUNC-PARTICLE ARG/FILL ARG/FILL FUNC-PARTICLE FUNC-PARTICLE,ARG/FILL / FUNC-PARTICLE / ARG/FILL / ARG/FILL / FUNC-PARTICLE / ARG/FILL / ARG/FILL / FUNC-PARTICLE / FUNC-PARTICLE,NO_VERIFIED_EXTERNAL_TRANSLATION
"f102v1.15,@Lc",f102v1,4282,dindy,R06,S2_STRONG_BUT_PARTIAL_TRANSCRIPTION_CORE,S2,FORMAL_G3C_NONFRAME_SHORTFORM_HP,G3C,compact label / index / list entry,P,A,1,label_or_marginal,LABEL-FIELD,LABEL-FIELD,NO_VERIFIED_EXTERNAL_TRANSLATION
"f102v1.17,@Lf",f102v1,4284,loralody,R00,S2_STRONG_BUT_PARTIAL_TRANSCRIPTION_CORE,S2,FORMAL_G3C_NONFRAME_SHORTFORM_HP,G3C,compact label / index / list entry,P,A,1,label_or_marginal,LABEL-FIELD,LABEL-FIELD,NO_VERIFIED_EXTERNAL_TRANSLATION
"f102v1.18,@Lf",f102v1,4285,opchdard,R00,S1_MULTI_TRANSCRIPTION_STRICT_CORE,S1,FORMAL_G3C_NONFRAME_SHORTFORM_HP,G3C,compact label / index / list entry,P,A,1,label_or_marginal,LABEL-FIELD,LABEL-FIELD,NO_VERIFIED_EXTERNAL_TRANSLATION
"f102v1.23,+P0",f102v1,4290,ksheody sho qokey sheody qockhey olcheor odain okchody,R00 R06 H08 R06 H07 R00 R00 R00,S2_STRONG_BUT_PARTIAL_TRANSCRIPTION_CORE,S2,FORMAL_G2_CORE_LOCAL_KERNEL,G2,zone-local kernel / record line,P,A,1,paragraph_continuation,ARG/FILL ARG/FILL FUNC-PARTICLE ARG/FILL OPERATOR ARG/FILL ARG/FILL ARG/FILL,ARG/FILL / ARG/FILL / FUNC-PARTICLE / ARG/FILL / OPERATOR / ARG/FILL / ARG/FILL / ARG/FILL,NO_VERIFIED_EXTERNAL_TRANSLATION
"f103r.33,+P0",f103r,4324,qokeey chechy qokey shckhy choldy qokal y shedy yteedy qotail shedy,H08 R00 H08 R06 R07 H08 R06 R06 R00 H13 R06,S1_MULTI_TRANSCRIPTION_STRICT_CORE,S1,FORMAL_G1_GLOBAL_FRAME,G1,relational frame / record line,S,B,3,paragraph_continuation,FUNC-PARTICLE ARG/FILL FUNC-PARTICLE ARG-LEX ARG/FILL FUNC-PARTICLE FUNC-PARTICLE FUNC-PARTICLE ARG/FILL OP/HEAD FUNC-PARTICLE,FUNC-PARTICLE / ARG/FILL / FUNC-PARTICLE / ARG-LEX / ARG/FILL / FUNC-PARTICLE / FUNC-PARTICLE / FUNC-PARTICLE / ARG/FILL / OP/HEAD / FUNC-PARTICLE,NO_VERIFIED_EXTERNAL_TRANSLATION
"f103r.36,+P0",f103r,4327,okool chedy okeedy qokeedy qokeey shdy otey qokeey,R00 R02 R00 H01 H08 R06 R01 H08,S1_MULTI_TRANSCRIPTION_STRICT_CORE,S1,FORMAL_G1_GLOBAL_FRAME,G1,relational frame / record line,S,B,3,paragraph_continuation,ARG/FILL FUNC-PARTICLE FUNC-PARTICLE FUNC-PARTICLE FUNC-PARTICLE ARG/FILL QUAL/TAIL FUNC-PARTICLE,ARG/FILL / FUNC-PARTICLE / FUNC-PARTICLE / FUNC-PARTICLE / FUNC-PARTICLE / ARG/FILL / QUAL/TAIL / FUNC-PARTICLE,NO_VERIFIED_EXTERNAL_TRANSLATION
"f103r.53,+P0",f103r,4344,sshey qokedy qokaiin shdy qokeey chedy qokeey qokeey lchedy loty,R06 H12 H08 R06 H08 R02 H08 H08 R00 R00,S1_MULTI_TRANSCRIPTION_STRICT_CORE,S1,FORMAL_G1_GLOBAL_FRAME,G1,relational frame / record line,S,B,3,paragraph_continuation,ARG/FILL FUNC-PARTICLE FUNC-PARTICLE ARG/FILL FUNC-PARTICLE FUNC-PARTICLE FUNC-PARTICLE FUNC-PARTICLE FUNC-PARTICLE ARG/FILL,ARG/FILL / FUNC-PARTICLE / FUNC-PARTICLE / ARG/FILL / FUNC-PARTICLE / FUNC-PARTICLE / FUNC-PARTICLE / FUNC-PARTICLE / FUNC-PARTICLE / ARG/FILL,NO_VERIFIED_EXTERNAL_TRANSLATION
"f103r.54,+P0",f103r,4345,dsheey qoteeey darchedy qokey qoty,R06 R00 R00 H08 H01,S2_STRONG_BUT_PARTIAL_TRANSCRIPTION_CORE,S2,FORMAL_G1_GLOBAL_FRAME,G1,relational frame / record line,S,B,3,paragraph_continuation,ARG/FILL ARG/FILL ARG/FILL FUNC-PARTICLE FUNC-PARTICLE,ARG/FILL / ARG/FILL / ARG/FILL / FUNC-PARTICLE / FUNC-PARTICLE,NO_VERIFIED_EXTERNAL_TRANSLATION
"f103v.5,+P0",f103v,4350,pcheor olkeey cheky qokshdy qokaiin okechdy qopchdy qotedy qokaiin oly,R06 R00 R06 H11 H08 R00 R00 H17 H08 R06,S1_MULTI_TRANSCRIPTION_STRICT_CORE,S1,FORMAL_G1_GLOBAL_FRAME,G1,relational frame / record line,S,B,3,paragraph_continuation,ARG/FILL ARG/FILL FUNC-PARTICLE OP/HEAD FUNC-PARTICLE ARG/FILL ARG/FILL FUNC-PARTICLE FUNC-PARTICLE FUNC-PARTICLE,ARG/FILL / ARG/FILL / FUNC-PARTICLE / OP/HEAD / FUNC-PARTICLE / ARG/FILL / ARG/FILL / FUNC-PARTICLE / FUNC-PARTICLE / FUNC-PARTICLE,NO_VERIFIED_EXTERNAL_TRANSLATION
"f103v.6,+P0",f103v,4351,dain shey qokeedy cheol qoeeor lshor qoky shedy qokaiin chedy qokam,R06 R06 H01 R00 H07 R00 H01 R06 H08 R02 H08,S2_STRONG_BUT_PARTIAL_TRANSCRIPTION_CORE,S2,FORMAL_G2_CORE_LOCAL_KERNEL,G2,zone-local kernel / record line,S,B,3,paragraph_continuation,FUNC-PARTICLE FUNC-PARTICLE FUNC-PARTICLE FUNC-PARTICLE OP/HEAD ARG/FILL FUNC-PARTICLE FUNC-PARTICLE FUNC-PARTICLE FUNC-PARTICLE OP/HEAD,FUNC-PARTICLE / FUNC-PARTICLE / FUNC-PARTICLE / FUNC-PARTICLE / OP/HEAD / ARG/FILL / FUNC-PARTICLE / FUNC-PARTICLE / FUNC-PARTICLE / FUNC-PARTICLE / OP/HEAD,NO_VERIFIED_EXTERNAL_TRANSLATION
"f103v.7,+P0",f103v,4352,daiin shey chol chey oteey lkeeor okaiin shedy shedy qokaiin ol chedydy,R10 R06 R07 R06 R01 R00 R10 R06 R06 H08 R06 R00,S1_MULTI_TRANSCRIPTION_STRICT_CORE,S1,FORMAL_G2_CORE_LOCAL_KERNEL,G2,zone-local kernel / record line,S,B,3,paragraph_continuation,FUNC-PARTICLE FUNC-PARTICLE FUNC-PARTICLE FUNC-PARTICLE QUALIFIER ARG/FILL FUNC-PARTICLE FUNC-PARTICLE FUNC-PARTICLE FUNC-PARTICLE FUNC-PARTICLE ARG/FILL,FUNC-PARTICLE / FUNC-PARTICLE / FUNC-PARTICLE / FUNC-PARTICLE / QUALIFIER / ARG/FILL / FUNC-PARTICLE / FUNC-PARTICLE / FUNC-PARTICLE / FUNC-PARTICLE / FUNC-PARTICLE / ARG/FILL,NO_VERIFIED_EXTERNAL_TRANSLATION
"f103v.15,+P0",f103v,4360,tchedal shey lcheey lchdy char olchey lcheody tedy otain otain otay,R09 R06 R00 R00 R11 R00 R00 R06 R00 R00 R00,S2_STRONG_BUT_PARTIAL_TRANSCRIPTION_CORE,S2,FORMAL_G2_CORE_LOCAL_KERNEL,G2,zone-local kernel / record line,S,B,3,paragraph_continuation,QUAL/TAIL FUNC-PARTICLE ARG/FILL ARG/FILL QUAL/TAIL ARG/FILL ARG/FILL ARG/FILL FUNC-PARTICLE FUNC-PARTICLE ARG/FILL,QUAL/TAIL / FUNC-PARTICLE / ARG/FILL / ARG/FILL / QUAL/TAIL / ARG/FILL / ARG/FILL / ARG/FILL / FUNC-PARTICLE / FUNC-PARTICLE / ARG/FILL,NO_VERIFIED_EXTERNAL_TRANSLATION
"f103v.25,+P0",f103v,4370,sain olkeeey qokan oteedy qotain otal oty opar aram oteeam,R06 R00 H08 R01 H13 R01 R01 R00 R00 R01,S1_MULTI_TRANSCRIPTION_STRICT_CORE,S1,FORMAL_G2_CORE_LOCAL_KERNEL,G2,zone-local kernel / record line,S,B,3,paragraph_continuation,FUNC-PARTICLE ARG/FILL OP/HEAD FUNC-PARTICLE FUNC-PARTICLE QUAL/TAIL QUAL/TAIL ARG/FILL ARG/FILL QUAL/TAIL,FUNC-PARTICLE / ARG/FILL / OP/HEAD / FUNC-PARTICLE / FUNC-PARTICLE / QUAL/TAIL / QUAL/TAIL / ARG/FILL / ARG/FILL / QUAL/TAIL,NO_VERIFIED_EXTERNAL_TRANSLATION
"f103v.26,+P0",f103v,4371,yteey qokeey sheety oteey lshedy oteaiin,R06 H08 R06 R01 R00 R01,S1_MULTI_TRANSCRIPTION_STRICT_CORE,S1,FORMAL_G2_CORE_LOCAL_KERNEL,G2,zone-local kernel / record line,S,B,3,paragraph_continuation,ARG-LEX FUNC-PARTICLE ARG/FILL QUALIFIER ARG/FILL QUAL/TAIL,ARG-LEX / FUNC-PARTICLE / ARG/FILL / QUALIFIER / ARG/FILL / QUAL/TAIL,NO_VERIFIED_EXTERNAL_TRANSLATION
"f103v.30,+P0",f103v,4375,pchear okain opchedy pchol fchedy otedy poly lchedy fchedey rar,R06 R10 R00 R06 R06 R01 R06 R00 R00 R00,S1_MULTI_TRANSCRIPTION_STRICT_CORE,S1,FORMAL_G2_CORE_LOCAL_KERNEL,G2,zone-local kernel / record line,S,B,3,paragraph_continuation,ARG/FILL FUNC-PARTICLE ARG/FILL ARG/FILL ARG/FILL FUNC-PARTICLE ARG/FILL FUNC-PARTICLE ARG/FILL ARG-LEX,ARG/FILL / FUNC-PARTICLE / ARG/FILL / ARG/FILL / ARG/FILL / FUNC-PARTICLE / ARG/FILL / FUNC-PARTICLE / ARG/FILL / ARG-LEX,NO_VERIFIED_EXTERNAL_TRANSLATION
"f103v.31,+P0",f103v,4376,okeey l chey qokeey oqokeey chedy qekchy daiin chckhy sar olainy,R06 R06 R06 H08 R00 R02 R00 R10 R00 R06 R00,S2_STRONG_BUT_PARTIAL_TRANSCRIPTION_CORE,S2,FORMAL_G2_CORE_LOCAL_KERNEL,G2,zone-local kernel / record line,S,B,3,paragraph_continuation,FUNC-PARTICLE FUNC-PARTICLE FUNC-PARTICLE FUNC-PARTICLE ARG/FILL FUNC-PARTICLE ARG/FILL FUNC-PARTICLE FUNC-PARTICLE ARG/FILL ARG/FILL,FUNC-PARTICLE / FUNC-PARTICLE / FUNC-PARTICLE / FUNC-PARTICLE / ARG/FILL / FUNC-PARTICLE / ARG/FILL / FUNC-PARTICLE / FUNC-PARTICLE / ARG/FILL / ARG/FILL,NO_VERIFIED_EXTERNAL_TRANSLATION
"f103v.32,+P0",f103v,4377,qokeeey chey qotey chokaiin shal chedy olkam,H08 R06 H13 R10 R06 R02 R00,S1_MULTI_TRANSCRIPTION_STRICT_CORE,S1,FORMAL_G2_CORE_LOCAL_KERNEL,G2,zone-local kernel / record line,S,B,3,paragraph_continuation,OP/HEAD FUNC-PARTICLE OP/HEAD QUAL/TAIL ARG/FILL FUNC-PARTICLE ARG/FILL,OP/HEAD / FUNC-PARTICLE / OP/HEAD / QUAL/TAIL / ARG/FILL / FUNC-PARTICLE / ARG/FILL,NO_VERIFIED_EXTERNAL_TRANSLATION
"f103v.34,+P0",f103v,4379,daiin sheey ol chey qokshey qokaiin checkhy otedy lshey lchdy,R10 R06 R06 R06 H08 H08 R00 R01 R00 R00,S1_MULTI_TRANSCRIPTION_STRICT_CORE,S1,FORMAL_G2_CORE_LOCAL_KERNEL,G2,zone-local kernel / record line,S,B,3,paragraph_continuation,FUNC-PARTICLE FUNC-PARTICLE FUNC-PARTICLE FUNC-PARTICLE OP/HEAD FUNC-PARTICLE ARG/FILL FUNC-PARTICLE ARG-LEX ARG/FILL,FUNC-PARTICLE / FUNC-PARTICLE / FUNC-PARTICLE / FUNC-PARTICLE / OP/HEAD / FUNC-PARTICLE / ARG/FILL / FUNC-PARTICLE / ARG-LEX / ARG/FILL,NO_VERIFIED_EXTERNAL_TRANSLATION
"f103v.36,+P0",f103v,4381,saiin shey qokeey oshey olshedy,R06 R06 H08 R00 R00,S1_MULTI_TRANSCRIPTION_STRICT_CORE,S1,FORMAL_G2_CORE_LOCAL_KERNEL,G2,zone-local kernel / record line,S,B,3,paragraph_continuation,FUNC-PARTICLE FUNC-PARTICLE FUNC-PARTICLE ARG/FILL ARG-LEX,FUNC-PARTICLE / FUNC-PARTICLE / FUNC-PARTICLE / ARG/FILL / ARG-LEX,NO_VERIFIED_EXTERNAL_TRANSLATION
"f103v.38,+P0",f103v,4383,oteey l chees ol chey chey cholkeechy,R01 R06 R00 R06 R06 R06 R07,S1_MULTI_TRANSCRIPTION_STRICT_CORE,S1,FORMAL_G2_CORE_LOCAL_KERNEL,G2,zone-local kernel / record line,S,B,3,paragraph_continuation,QUALIFIER FUNC-PARTICLE ARG/FILL FUNC-PARTICLE FUNC-PARTICLE FUNC-PARTICLE ARG/FILL,QUALIFIER / FUNC-PARTICLE / ARG/FILL / FUNC-PARTICLE / FUNC-PARTICLE / FUNC-PARTICLE / ARG/FILL,NO_VERIFIED_EXTERNAL_TRANSLATION
"f103v.40,+P0",f103v,4385,yteey sheal shey qoain ol keey qokaiin shckhy lchedy rain,R06 R06 R06 H07 R06 R06 H08 R06 R00 R00,S1_MULTI_TRANSCRIPTION_STRICT_CORE,S1,FORMAL_G2_CORE_LOCAL_KERNEL,G2,zone-local kernel / record line,S,B,3,paragraph_continuation,ARG-LEX ARG-LEX FUNC-PARTICLE OP/HEAD FUNC-PARTICLE ARG/FILL FUNC-PARTICLE ARG-LEX FUNC-PARTICLE ARG/FILL,ARG-LEX / ARG-LEX / FUNC-PARTICLE / OP/HEAD / FUNC-PARTICLE / ARG/FILL / FUNC-PARTICLE / ARG-LEX / FUNC-PARTICLE / ARG/FILL,NO_VERIFIED_EXTERNAL_TRANSLATION
"f103v.42,+P0",f103v,4387,yshey sheykain chey rar arol chsaly,R06 R00 R06 R00 R00 R00,S2_STRONG_BUT_PARTIAL_TRANSCRIPTION_CORE,S2,FORMAL_G2_CORE_LOCAL_KERNEL,G2,zone-local kernel / record line,S,B,3,paragraph_continuation,ARG/FILL ARG/FILL FUNC-PARTICLE ARG-LEX ARG/FILL ARG/FILL,ARG/FILL / ARG/FILL / FUNC-PARTICLE / ARG-LEX / ARG/FILL / ARG/FILL,NO_VERIFIED_EXTERNAL_TRANSLATION
"f103v.44,+P0",f103v,4389,qkain shey ar ar oky rain chckhy shedy qokeory lteedy ro,R00 R06 R06 R06 R00 R00 R00 R06 H08 R00 R00,S1_MULTI_TRANSCRIPTION_STRICT_CORE,S1,FORMAL_G2_CORE_LOCAL_KERNEL,G2,zone-local kernel / record line,S,B,3,paragraph_continuation,ARG/FILL FUNC-PARTICLE FUNC-PARTICLE FUNC-PARTICLE FUNC-PARTICLE ARG/FILL FUNC-PARTICLE FUNC-PARTICLE OP/HEAD ARG/FILL ARG/FILL,ARG/FILL / FUNC-PARTICLE / FUNC-PARTICLE / FUNC-PARTICLE / FUNC-PARTICLE / ARG/FILL / FUNC-PARTICLE / FUNC-PARTICLE / OP/HEAD / ARG/FILL / ARG/FILL,NO_VERIFIED_EXTERNAL_TRANSLATION
"f103v.46,+P0",f103v,4391,tain shol qokain chckhy rorol chdy raly osaiin chary,R06 R08 H08 R00 R00 R02 R00 R00 R00,S1_MULTI_TRANSCRIPTION_STRICT_CORE,S1,FORMAL_G2_CORE_LOCAL_KERNEL,G2,zone-local kernel / record line,S,B,3,paragraph_continuation,ARG/FILL FUNC-PARTICLE FUNC-PARTICLE FUNC-PARTICLE ARG/FILL FUNC-PARTICLE ARG/FILL ARG/FILL ARG/FILL,ARG/FILL / FUNC-PARTICLE / FUNC-PARTICLE / FUNC-PARTICLE / ARG/FILL / FUNC-PARTICLE / ARG/FILL / ARG/FILL / ARG/FILL,NO_VERIFIED_EXTERNAL_TRANSLATION
"f104r.6,+P0",f104r,4397,ycheeody aiin lkar cheeo dain ockhedy qokeedy qotain otchdy otain chedam,R00 R06 R00 R00 R06 R00 H01 H13 R00 R00 R00,S1_MULTI_TRANSCRIPTION_STRICT_CORE,S1,FORMAL_G1_GLOBAL_FRAME,G1,relational frame / record line,S,B,3,paragraph_continuation,ARG/FILL FUNC-PARTICLE ARG/FILL ARG/FILL FUNC-PARTICLE ARG/FILL FUNC-PARTICLE FUNC-PARTICLE ARG/FILL FUNC-PARTICLE ARG/FILL,ARG/FILL / FUNC-PARTICLE / ARG/FILL / ARG/FILL / FUNC-PARTICLE / ARG/FILL / FUNC-PARTICLE / FUNC-PARTICLE / ARG/FILL / FUNC-PARTICLE / ARG/FILL,NO_VERIFIED_EXTERNAL_TRANSLATION
"f104r.20,+P0",f104r,4411,dsheoy qocthey qokchdy qokaiin chol rar cheody cheeekan ar ain ar alam,R06 H07 H09 H08 R07 R00 R00 R00 R06 R06 R06 R00,S2_STRONG_BUT_PARTIAL_TRANSCRIPTION_CORE,S2,FORMAL_G1_GLOBAL_FRAME,G1,relational frame / record line,S,B,3,paragraph_continuation,ARG/FILL OP/HEAD FUNC-PARTICLE FUNC-PARTICLE FUNC-PARTICLE ARG-LEX FUNC-PARTICLE ARG/FILL FUNC-PARTICLE ARG/FILL FUNC-PARTICLE ARG/FILL,ARG/FILL / OP/HEAD / FUNC-PARTICLE / FUNC-PARTICLE / FUNC-PARTICLE / ARG-LEX / FUNC-PARTICLE / ARG/FILL / FUNC-PARTICLE / ARG/FILL / FUNC-PARTICLE / ARG/FILL,NO_VERIFIED_EXTERNAL_TRANSLATION
"f104r.22,+P0",f104r,4413,tshedar chllo rl shed kchedy chokor cheedy opchar cheor chckhey taiin dam,R00 R00 R00 R06 R06 R00 R06 R00 R00 R00 R06 R06,S1_MULTI_TRANSCRIPTION_STRICT_CORE,S1,FORMAL_G3C_NONFRAME_SHORTFORM_HP,G3C,compact label / index / list entry,S,B,3,paragraph_continuation,LABEL-FIELD LABEL-FIELD LABEL-FIELD LABEL-FIELD LABEL-FIELD LABEL-FIELD LABEL-FIELD LABEL-FIELD LABEL-FIELD LABEL-FIELD LABEL-FIELD FUNC-PARTICLE,LABEL-FIELD / LABEL-FIELD / LABEL-FIELD / LABEL-FIELD / LABEL-FIELD / LABEL-FIELD / LABEL-FIELD / LABEL-FIELD / LABEL-FIELD / LABEL-FIELD / LABEL-FIELD / FUNC-PARTICLE,NO_VERIFIED_EXTERNAL_TRANSLATION
"f104r.33,+P0",f104r,4424,okchechy qokcheedy okchdal qokal char olkeeey olcheo lkaiin chey raly,R00 H12 R09 H08 R11 R00 R00 R00 R06 R00,S1_MULTI_TRANSCRIPTION_STRICT_CORE,S1,FORMAL_G1_GLOBAL_FRAME,G1,relational frame / record line,S,B,3,paragraph_continuation,ARG/FILL OP/HEAD QUAL/TAIL FUNC-PARTICLE QUAL/TAIL ARG/FILL ARG/FILL ARG/FILL FUNC-PARTICLE ARG/FILL,ARG/FILL / OP/HEAD / QUAL/TAIL / FUNC-PARTICLE / QUAL/TAIL / ARG/FILL / ARG/FILL / ARG/FILL / FUNC-PARTICLE / ARG/FILL,NO_VERIFIED_EXTERNAL_TRANSLATION
"f104r.37,+P0",f104r,4428,okaiin cheodal qoaiin okar oraiin okar oteody qokaiin okal qotir,R10 R09 H07 R03 R10 R03 R01 H08 R07 H13,S1_MULTI_TRANSCRIPTION_STRICT_CORE,S1,FORMAL_G1_GLOBAL_FRAME,G1,relational frame / record line,S,B,3,paragraph_continuation,FUNC-PARTICLE QUAL/TAIL OP/HEAD FUNC-PARTICLE QUAL/TAIL FUNC-PARTICLE QUAL/TAIL FUNC-PARTICLE FUNC-PARTICLE OP/HEAD,FUNC-PARTICLE / QUAL/TAIL / OP/HEAD / FUNC-PARTICLE / QUAL/TAIL / FUNC-PARTICLE / QUAL/TAIL / FUNC-PARTICLE / FUNC-PARTICLE / OP/HEAD,NO_VERIFIED_EXTERNAL_TRANSLATION
"f104r.39,+P0",f104r,4430,pcholor ar aiin alkchdy qotal chol qoar aiin qopcheedy qotair ofaiino,R00 R06 R06 R00 H13 R07 H07 R06 H21 H13 R00,S2_STRONG_BUT_PARTIAL_TRANSCRIPTION_CORE,S2,FORMAL_G1_GLOBAL_FRAME,G1,relational frame / record line,S,B,3,paragraph_continuation,ARG/FILL FUNC-PARTICLE FUNC-PARTICLE ARG/FILL OP/HEAD FUNC-PARTICLE OP/HEAD FUNC-PARTICLE OP/HEAD OP/HEAD ARG/FILL,ARG/FILL / FUNC-PARTICLE / FUNC-PARTICLE / ARG/FILL / OP/HEAD / FUNC-PARTICLE / OP/HEAD / FUNC-PARTICLE / OP/HEAD / OP/HEAD / ARG/FILL,NO_VERIFIED_EXTERNAL_TRANSLATION
"f104v.1,@P0",f104v,4437,pchdoiin opcheedy orar oltcheey opchedy ol ear aiiraly cheodaiin cheekain dam,R00 R00 R00 R00 R00 R06 R00 R00 R10 R00 R06,S2_STRONG_BUT_PARTIAL_TRANSCRIPTION_CORE,S2,FORMAL_G3C_NONFRAME_SHORTFORM_HP,G3C,compact label / index / list entry,S,B,3,paragraph_start,LABEL-FIELD LABEL-FIELD LABEL-FIELD LABEL-FIELD LABEL-FIELD FUNC-PARTICLE LABEL-FIELD LABEL-FIELD LABEL-FIELD LABEL-FIELD FUNC-PARTICLE,LABEL-FIELD / LABEL-FIELD / LABEL-FIELD / LABEL-FIELD / LABEL-FIELD / FUNC-PARTICLE / LABEL-FIELD / LABEL-FIELD / LABEL-FIELD / LABEL-FIELD / FUNC-PARTICLE,NO_VERIFIED_EXTERNAL_TRANSLATION
"f104v.19,+P0",f104v,4455,pcheor chol chpcheor cholkshedy qotol sheedy qokchy qotched sho fchor ols aiin chekal,R06 R07 R00 R07 H13 R06 H08 H13 R06 R06 R00 R06 R00,S1_MULTI_TRANSCRIPTION_STRICT_CORE,S1,FORMAL_G1_GLOBAL_FRAME,G1,relational frame / record line,S,B,3,paragraph_continuation,ARG/FILL FUNC-PARTICLE ARG/FILL ARG/FILL OPERATOR FUNC-PARTICLE OP/HEAD OP/HEAD ARG/FILL ARG/FILL ARG/FILL FUNC-PARTICLE ARG/FILL,ARG/FILL / FUNC-PARTICLE / ARG/FILL / ARG/FILL / OPERATOR / FUNC-PARTICLE / OP/HEAD / OP/HEAD / ARG/FILL / ARG/FILL / ARG/FILL / FUNC-PARTICLE / ARG/FILL,NO_VERIFIED_EXTERNAL_TRANSLATION
"f104v.20,+P0",f104v,4456,or sheeo lcheedy qokeey qochey qotcheedy qotchedy qokol chor chorol chdar otam,R06 R06 R00 H08 H07 H17 H15 H08 R11 R00 R00 R06,S1_MULTI_TRANSCRIPTION_STRICT_CORE,S1,FORMAL_G1_GLOBAL_FRAME,G1,relational frame / record line,S,B,3,paragraph_continuation,FUNC-PARTICLE ARG/FILL ARG/FILL FUNC-PARTICLE OP/HEAD OP/HEAD OP/HEAD FUNC-PARTICLE LABEL-LEX ARG/FILL ARG/FILL ARG/FILL,FUNC-PARTICLE / ARG/FILL / ARG/FILL / FUNC-PARTICLE / OP/HEAD / OP/HEAD / OP/HEAD / FUNC-PARTICLE / LABEL-LEX / ARG/FILL / ARG/FILL / ARG/FILL,NO_VERIFIED_EXTERNAL_TRANSLATION
"f104v.31,+P0",f104v,4467,ycheoraiin cthey chol sheody qokair qoeey cheey lkeedy,R00 R04 R07 R06 H08 H07 R06 R00,S2_STRONG_BUT_PARTIAL_TRANSCRIPTION_CORE,S2,FORMAL_G1_GLOBAL_FRAME,G1,relational frame / record line,S,B,3,paragraph_continuation,ARG/FILL QUAL/TAIL FUNC-PARTICLE ARG/FILL OP/HEAD OPERATOR FUNC-PARTICLE ARG/FILL,ARG/FILL / QUAL/TAIL / FUNC-PARTICLE / ARG/FILL / OP/HEAD / OPERATOR / FUNC-PARTICLE / ARG/FILL,NO_VERIFIED_EXTERNAL_TRANSLATION
"f105r.10,+Pr",f105r,4490,sairy ore daiindy ytam,R06 R00 R10 R06,S1_MULTI_TRANSCRIPTION_STRICT_CORE,S1,FORMAL_G3C_NONFRAME_SHORTFORM_HP,G3C,compact label / index / list entry,S,B,3,paragraph_continuation,LABEL-FIELD LABEL-FIELD LABEL-FIELD LABEL-FIELD,LABEL-FIELD / LABEL-FIELD / LABEL-FIELD / LABEL-FIELD,NO_VERIFIED_EXTERNAL_TRANSLATION
"f105r.21,+P0",f105r,4501,ycheo lkedy qoeey qokedy qokedal saiin otol shody chedy okaiin chekaim,R06 R00 H07 H12 H08 R06 R01 R06 R02 R10 R00,S2_STRONG_BUT_PARTIAL_TRANSCRIPTION_CORE,S2,FORMAL_G1_GLOBAL_FRAME,G1,relational frame / record line,S,B,3,paragraph_continuation,ARG/FILL ARG/FILL OPERATOR FUNC-PARTICLE OP/HEAD FUNC-PARTICLE QUAL/TAIL ARG/FILL FUNC-PARTICLE FUNC-PARTICLE ARG/FILL,ARG/FILL / ARG/FILL / OPERATOR / FUNC-PARTICLE / OP/HEAD / FUNC-PARTICLE / QUAL/TAIL / ARG/FILL / FUNC-PARTICLE / FUNC-PARTICLE / ARG/FILL,NO_VERIFIED_EXTERNAL_TRANSLATION
"f105r.28,+P0",f105r,4508,pchsed sheefy opchey qoteedy qoeey qokeedy laiiin odaiin aiir opair kechedy,R06 R06 R00 H01 H07 H01 R00 R10 R00 R00 R00,S2_STRONG_BUT_PARTIAL_TRANSCRIPTION_CORE,S2,FORMAL_G1_GLOBAL_FRAME,G1,relational frame / record line,S,B,3,paragraph_continuation,ARG/FILL ARG/FILL ARG/FILL FUNC-PARTICLE OPERATOR FUNC-PARTICLE ARG/FILL QUAL/TAIL ARG/FILL ARG/FILL ARG/FILL,ARG/FILL / ARG/FILL / ARG/FILL / FUNC-PARTICLE / OPERATOR / FUNC-PARTICLE / ARG/FILL / QUAL/TAIL / ARG/FILL / ARG/FILL / ARG/FILL,NO_VERIFIED_EXTERNAL_TRANSLATION
"f106r.1,@P0",f106r,4556,pshdar shoefy yteedy shl korchy sheky otchedy okshed qotedy qoted yteeody,R06 R06 R00 R06 R06 R06 R00 R00 H17 H13 R00,S1_MULTI_TRANSCRIPTION_STRICT_CORE,S1,FORMAL_G1_GLOBAL_FRAME,G1,relational frame / record line,S,B,3,paragraph_start,ARG/FILL ARG/FILL ARG/FILL ARG/FILL ARG/FILL ARG/FILL ARG/FILL ARG/FILL FUNC-PARTICLE OP/HEAD ARG/FILL,ARG/FILL / ARG/FILL / ARG/FILL / ARG/FILL / ARG/FILL / ARG/FILL / ARG/FILL / ARG/FILL / FUNC-PARTICLE / OP/HEAD / ARG/FILL,NO_VERIFIED_EXTERNAL_TRANSLATION
"f106r.11,+P0",f106r,4566,sar aiin cheol aiin cheokey raiin chokar cholky okeees aiin okeey lchg,R06 R06 R00 R06 R00 R00 R03 R07 R00 R06 R06 R00,S1_MULTI_TRANSCRIPTION_STRICT_CORE,S1,FORMAL_G3C_NONFRAME_SHORTFORM_HP,G3C,compact label / index / list entry,S,B,3,paragraph_continuation,LABEL-FIELD FUNC-PARTICLE FUNC-PARTICLE FUNC-PARTICLE LABEL-FIELD LABEL-FIELD ARG/FILL LABEL-FIELD LABEL-FIELD FUNC-PARTICLE FUNC-PARTICLE LABEL-FIELD,LABEL-FIELD / FUNC-PARTICLE / FUNC-PARTICLE / FUNC-PARTICLE / LABEL-FIELD / LABEL-FIELD / ARG/FILL / LABEL-FIELD / LABEL-FIELD / FUNC-PARTICLE / FUNC-PARTICLE / LABEL-FIELD,NO_VERIFIED_EXTERNAL_TRANSLATION
"f106r.26,+P0",f106r,4581,ycheeo lkeey,R06 R00,S1_MULTI_TRANSCRIPTION_STRICT_CORE,S1,FORMAL_G3C_NONFRAME_SHORTFORM_HP,G3C,compact label / index / list entry,S,B,3,paragraph_continuation,LABEL-FIELD LABEL-FIELD,LABEL-FIELD / LABEL-FIELD,NO_VERIFIED_EXTERNAL_TRANSLATION
"f106v.36,+P0",f106v,4638,sol sheedy qokaiin cholkaiin,R06 R06 H08 R07,S1_MULTI_TRANSCRIPTION_STRICT_CORE,S1,FORMAL_G1_GLOBAL_FRAME,G1,relational frame / record line,S,B,3,paragraph_continuation,FUNC-PARTICLE FUNC-PARTICLE FUNC-PARTICLE ARG/FILL,FUNC-PARTICLE / FUNC-PARTICLE / FUNC-PARTICLE / ARG/FILL,NO_VERIFIED_EXTERNAL_TRANSLATION
"f106v.47,+P0",f106v,4649,dcheoaiin shky,R00 R06,S2_STRONG_BUT_PARTIAL_TRANSCRIPTION_CORE,S2,FORMAL_G3C_NONFRAME_SHORTFORM_HP,G3C,compact label / index / list entry,S,B,3,paragraph_continuation,LABEL-FIELD LABEL-FIELD,LABEL-FIELD / LABEL-FIELD,NO_VERIFIED_EXTERNAL_TRANSLATION
"f107r.1,@P0",f107r,4650,pchdlar sheolor ykeeol qokchy otor okeesodar tarair oteey otaiin ytar,R00 R00 R06 H08 R00 R00 R06 R01 R10 R06,S2_STRONG_BUT_PARTIAL_TRANSCRIPTION_CORE,S2,FORMAL_G2_CORE_LOCAL_KERNEL,G2,zone-local kernel / record line,S,B,3,paragraph_start,ARG/FILL ARG/FILL ARG/FILL OP/HEAD ARG/FILL ARG/FILL ARG/FILL QUALIFIER FUNC-PARTICLE ARG/FILL,ARG/FILL / ARG/FILL / ARG/FILL / OP/HEAD / ARG/FILL / ARG/FILL / ARG/FILL / QUALIFIER / FUNC-PARTICLE / ARG/FILL,NO_VERIFIED_EXTERNAL_TRANSLATION
"f107r.2,+P0",f107r,4651,dchey qoteos aiin shedy oteed qor aiin cheockhy olkeey qotain chey qeeey lor,R06 H13 R06 R06 R01 R00 R06 R00 R00 H13 R06 R00 R00,S1_MULTI_TRANSCRIPTION_STRICT_CORE,S1,FORMAL_G2_CORE_LOCAL_KERNEL,G2,zone-local kernel / record line,S,B,3,paragraph_continuation,ARG/FILL OP/HEAD FUNC-PARTICLE FUNC-PARTICLE QUAL/TAIL ARG/FILL FUNC-PARTICLE ARG/FILL ARG/FILL FUNC-PARTICLE FUNC-PARTICLE ARG/FILL ARG-LEX,ARG/FILL / OP/HEAD / FUNC-PARTICLE / FUNC-PARTICLE / QUAL/TAIL / ARG/FILL / FUNC-PARTICLE / ARG/FILL / ARG/FILL / FUNC-PARTICLE / FUNC-PARTICLE / ARG/FILL / ARG-LEX,NO_VERIFIED_EXTERNAL_TRANSLATION
"f107r.3,+P0",f107r,4652,olcheey cheos qokeeey ycheedy qotain ykain okeey raiin,R00 R00 H08 R00 H13 R06 R06 R00,S1_MULTI_TRANSCRIPTION_STRICT_CORE,S1,FORMAL_G2_CORE_LOCAL_KERNEL,G2,zone-local kernel / record line,S,B,3,paragraph_continuation,ARG/FILL ARG/FILL OP/HEAD ARG/FILL FUNC-PARTICLE ARG/FILL FUNC-PARTICLE ARG/FILL,ARG/FILL / ARG/FILL / OP/HEAD / ARG/FILL / FUNC-PARTICLE / ARG/FILL / FUNC-PARTICLE / ARG/FILL,NO_VERIFIED_EXTERNAL_TRANSLATION
"f107r.5,+P0",f107r,4654,olkchedy tedy oteeey okchedy qokeed qokear chedy chokchedy qokain ar,R00 R06 R01 R00 H08 H08 R02 R00 H08 R06,S1_MULTI_TRANSCRIPTION_STRICT_CORE,S1,FORMAL_G2_CORE_LOCAL_KERNEL,G2,zone-local kernel / record line,S,B,3,paragraph_continuation,ARG/FILL ARG/FILL QUAL/TAIL ARG/FILL OP/HEAD OP/HEAD FUNC-PARTICLE ARG/FILL FUNC-PARTICLE FUNC-PARTICLE,ARG/FILL / ARG/FILL / QUAL/TAIL / ARG/FILL / OP/HEAD / OP/HEAD / FUNC-PARTICLE / ARG/FILL / FUNC-PARTICLE / FUNC-PARTICLE,NO_VERIFIED_EXTERNAL_TRANSLATION
"f107r.6,+P0",f107r,4655,okcheey qokeedy chotchedy daiinar oteey lteey chedaiin oky otaiin am,R00 H01 R00 R10 R01 R00 R00 R00 R10 R06,S2_STRONG_BUT_PARTIAL_TRANSCRIPTION_CORE,S2,FORMAL_G2_CORE_LOCAL_KERNEL,G2,zone-local kernel / record line,S,B,3,paragraph_continuation,ARG/FILL FUNC-PARTICLE ARG/FILL QUAL/TAIL QUALIFIER ARG/FILL ARG/FILL FUNC-PARTICLE FUNC-PARTICLE ARG/FILL,ARG/FILL / FUNC-PARTICLE / ARG/FILL / QUAL/TAIL / QUALIFIER / ARG/FILL / ARG/FILL / FUNC-PARTICLE / FUNC-PARTICLE / ARG/FILL,NO_VERIFIED_EXTERNAL_TRANSLATION
"f107r.7,+P0",f107r,4656,ytaiin cheotchey okaiin chckhy okeedy otcheey,R06 R00 R10 R00 R00 R00,S1_MULTI_TRANSCRIPTION_STRICT_CORE,S1,FORMAL_G2_CORE_LOCAL_KERNEL,G2,zone-local kernel / record line,S,B,3,paragraph_continuation,ARG/FILL ARG/FILL FUNC-PARTICLE FUNC-PARTICLE FUNC-PARTICLE ARG/FILL,ARG/FILL / ARG/FILL / FUNC-PARTICLE / FUNC-PARTICLE / FUNC-PARTICLE / ARG/FILL,NO_VERIFIED_EXTERNAL_TRANSLATION
"f107r.10,+P0",f107r,4659,yteedy qokeedy okeol lchedy qokal lor sheal cheedaiin chey sair alom,R00 H01 R06 R00 H08 R00 R06 R10 R06 R06 R00,S1_MULTI_TRANSCRIPTION_STRICT_CORE,S1,FORMAL_G2_CORE_LOCAL_KERNEL,G2,zone-local kernel / record line,S,B,3,paragraph_continuation,ARG/FILL FUNC-PARTICLE ARG/FILL FUNC-PARTICLE FUNC-PARTICLE ARG-LEX ARG-LEX QUAL/TAIL FUNC-PARTICLE ARG/FILL ARG/FILL,ARG/FILL / FUNC-PARTICLE / ARG/FILL / FUNC-PARTICLE / FUNC-PARTICLE / ARG-LEX / ARG-LEX / QUAL/TAIL / FUNC-PARTICLE / ARG/FILL / ARG/FILL,NO_VERIFIED_EXTERNAL_TRANSLATION
"f107r.12,+P0",f107r,4661,ychol chol loraiir aiinal,R06 R07 R00 R00,S2_STRONG_BUT_PARTIAL_TRANSCRIPTION_CORE,S2,FORMAL_G2_CORE_LOCAL_KERNEL,G2,zone-local kernel / record line,S,B,3,paragraph_continuation,ARG/FILL FUNC-PARTICLE ARG/FILL ARG/FILL,ARG/FILL / FUNC-PARTICLE / ARG/FILL / ARG/FILL,NO_VERIFIED_EXTERNAL_TRANSLATION
"f107r.15,+P0",f107r,4664,ychol oiin chey qockhal al otaraiin sheky okeeey raiin airal,R06 R00 R06 H07 R06 R00 R06 R00 R00 R00,S2_STRONG_BUT_PARTIAL_TRANSCRIPTION_CORE,S2,FORMAL_G2_CORE_LOCAL_KERNEL,G2,zone-local kernel / record line,S,B,3,paragraph_continuation,ARG/FILL ARG/FILL FUNC-PARTICLE OP/HEAD FUNC-PARTICLE ARG/FILL ARG/FILL ARG/FILL ARG/FILL ARG/FILL,ARG/FILL / ARG/FILL / FUNC-PARTICLE / OP/HEAD / FUNC-PARTICLE / ARG/FILL / ARG/FILL / ARG/FILL / ARG/FILL / ARG/FILL,NO_VERIFIED_EXTERNAL_TRANSLATION
"f107r.17,+P0",f107r,4666,sair chey losaiin chey,R06 R06 R00 R06,S1_MULTI_TRANSCRIPTION_STRICT_CORE,S1,FORMAL_G2_CORE_LOCAL_KERNEL,G2,zone-local kernel / record line,S,B,3,paragraph_continuation,ARG/FILL FUNC-PARTICLE ARG/FILL FUNC-PARTICLE,ARG/FILL / FUNC-PARTICLE / ARG/FILL / FUNC-PARTICLE,NO_VERIFIED_EXTERNAL_TRANSLATION
"f107r.20,+P0",f107r,4669,tcheol kcheedy,R06 R00,S2_STRONG_BUT_PARTIAL_TRANSCRIPTION_CORE,S2,FORMAL_G2_CORE_LOCAL_KERNEL,G2,zone-local kernel / record line,S,B,3,paragraph_continuation,ARG/FILL ARG/FILL,ARG/FILL / ARG/FILL,NO_VERIFIED_EXTERNAL_TRANSLATION
"f107r.23,+P0",f107r,4672,chodaiin shar chodaiin,R00 R06 R00,S1_MULTI_TRANSCRIPTION_STRICT_CORE,S1,FORMAL_G2_CORE_LOCAL_KERNEL,G2,zone-local kernel / record line,S,B,3,paragraph_continuation,ARG/FILL ARG/FILL ARG/FILL,ARG/FILL / ARG/FILL / ARG/FILL,NO_VERIFIED_EXTERNAL_TRANSLATION
"f107r.25,+P0",f107r,4674,ycheain chal kal chedy qokaiin chody qokchdy qokal char chdalal om,R00 R00 R06 R02 H08 R00 H09 H08 R11 R09 R06,S1_MULTI_TRANSCRIPTION_STRICT_CORE,S1,FORMAL_G1_GLOBAL_FRAME,G1,relational frame / record line,S,B,3,paragraph_continuation,ARG/FILL ARG/FILL ARG/FILL FUNC-PARTICLE FUNC-PARTICLE ARG/FILL FUNC-PARTICLE FUNC-PARTICLE QUAL/TAIL QUAL/TAIL ARG/FILL,ARG/FILL / ARG/FILL / ARG/FILL / FUNC-PARTICLE / FUNC-PARTICLE / ARG/FILL / FUNC-PARTICLE / FUNC-PARTICLE / QUAL/TAIL / QUAL/TAIL / ARG/FILL,NO_VERIFIED_EXTERNAL_TRANSLATION
"f107r.26,+P0",f107r,4675,olcheor shey cheey olcheol kaiin otair okal cheody,R00 R06 R06 R00 R06 R00 R07 R00,S1_MULTI_TRANSCRIPTION_STRICT_CORE,S1,FORMAL_G2_CORE_LOCAL_KERNEL,G2,zone-local kernel / record line,S,B,3,paragraph_continuation,ARG/FILL FUNC-PARTICLE FUNC-PARTICLE ARG/FILL ARG/FILL ARG/FILL FUNC-PARTICLE FUNC-PARTICLE,ARG/FILL / FUNC-PARTICLE / FUNC-PARTICLE / ARG/FILL / ARG/FILL / ARG/FILL / FUNC-PARTICLE / FUNC-PARTICLE,NO_VERIFIED_EXTERNAL_TRANSLATION
"f107r.28,+P0",f107r,4677,kar aiin chl cholor sheees aiin cheey otchy lkaiin ykaiin ykalkal,R06 R06 R00 R07 R06 R06 R06 R01 R00 R06 R00,S2_STRONG_BUT_PARTIAL_TRANSCRIPTION_CORE,S2,FORMAL_G2_CORE_LOCAL_KERNEL,G2,zone-local kernel / record line,S,B,3,paragraph_continuation,ARG/FILL FUNC-PARTICLE ARG/FILL ARG/FILL ARG/FILL FUNC-PARTICLE FUNC-PARTICLE QUAL/TAIL ARG/FILL ARG/FILL ARG/FILL,ARG/FILL / FUNC-PARTICLE / ARG/FILL / ARG/FILL / ARG/FILL / FUNC-PARTICLE / FUNC-PARTICLE / QUAL/TAIL / ARG/FILL / ARG/FILL / ARG/FILL,NO_VERIFIED_EXTERNAL_TRANSLATION
"f107r.29,+P0",f107r,4678,olkeeolkeeo ar shol,R00 R06 R08,S1_MULTI_TRANSCRIPTION_STRICT_CORE,S1,FORMAL_G2_CORE_LOCAL_KERNEL,G2,zone-local kernel / record line,S,B,3,paragraph_continuation,ARG/FILL FUNC-PARTICLE FUNC-PARTICLE,ARG/FILL / FUNC-PARTICLE / FUNC-PARTICLE,NO_VERIFIED_EXTERNAL_TRANSLATION
"f107r.32,+P0",f107r,4681,salxarshy qokaiin okal qockhedy okr aiin otar qocthy rolky,R00 H08 R07 H21 R00 R06 R01 H07 R00,S2_STRONG_BUT_PARTIAL_TRANSCRIPTION_CORE,S2,FORMAL_G1_GLOBAL_FRAME,G1,relational frame / record line,S,B,3,paragraph_continuation,ARG/FILL FUNC-PARTICLE FUNC-PARTICLE OP/HEAD ARG/FILL FUNC-PARTICLE QUAL/TAIL OP/HEAD ARG/FILL,ARG/FILL / FUNC-PARTICLE / FUNC-PARTICLE / OP/HEAD / ARG/FILL / FUNC-PARTICLE / QUAL/TAIL / OP/HEAD / ARG/FILL,NO_VERIFIED_EXTERNAL_TRANSLATION
"f107r.33,+P0",f107r,4682,yaiin chekain cheo kaiin chey qol kaiiin chky lcheel lkar okal,R06 R00 R00 R06 R06 R00 R06 R00 R00 R00 R07,S1_MULTI_TRANSCRIPTION_STRICT_CORE,S1,FORMAL_G2_CORE_LOCAL_KERNEL,G2,zone-local kernel / record line,S,B,3,paragraph_continuation,ARG/FILL ARG/FILL ARG/FILL ARG/FILL FUNC-PARTICLE FUNC-PARTICLE ARG/FILL ARG/FILL ARG/FILL ARG/FILL FUNC-PARTICLE,ARG/FILL / ARG/FILL / ARG/FILL / ARG/FILL / FUNC-PARTICLE / FUNC-PARTICLE / ARG/FILL / ARG/FILL / ARG/FILL / ARG/FILL / FUNC-PARTICLE,NO_VERIFIED_EXTERNAL_TRANSLATION
"f107r.35,+P0",f107r,4684,daiin shl lkeeol lchedy qokor lkaiin chedy qotaiin al ol kaldaim,R10 R06 R00 R00 H08 R00 R02 H13 R06 R06 R00,S2_STRONG_BUT_PARTIAL_TRANSCRIPTION_CORE,S2,FORMAL_G2_CORE_LOCAL_KERNEL,G2,zone-local kernel / record line,S,B,3,paragraph_continuation,FUNC-PARTICLE ARG/FILL ARG/FILL FUNC-PARTICLE OP/HEAD ARG/FILL FUNC-PARTICLE OPERATOR FUNC-PARTICLE FUNC-PARTICLE ARG/FILL,FUNC-PARTICLE / ARG/FILL / ARG/FILL / FUNC-PARTICLE / OP/HEAD / ARG/FILL / FUNC-PARTICLE / OPERATOR / FUNC-PARTICLE / FUNC-PARTICLE / ARG/FILL,NO_VERIFIED_EXTERNAL_TRANSLATION
"f107r.36,+P0",f107r,4685,dar alchor kcheo rkeey chaiin al dal qokchey qokl chey lkaiin lkar,R06 R00 R06 R00 R00 R06 R09 H08 R00 R06 R00 R00,S1_MULTI_TRANSCRIPTION_STRICT_CORE,S1,FORMAL_G2_CORE_LOCAL_KERNEL,G2,zone-local kernel / record line,S,B,3,paragraph_continuation,FUNC-PARTICLE ARG/FILL ARG/FILL ARG/FILL LABEL-LEX FUNC-PARTICLE FUNC-PARTICLE OP/HEAD ARG/FILL FUNC-PARTICLE ARG/FILL ARG/FILL,FUNC-PARTICLE / ARG/FILL / ARG/FILL / ARG/FILL / LABEL-LEX / FUNC-PARTICLE / FUNC-PARTICLE / OP/HEAD / ARG/FILL / FUNC-PARTICLE / ARG/FILL / ARG/FILL,NO_VERIFIED_EXTERNAL_TRANSLATION
"f107r.39,+P0",f107r,4688,tair cheol cheol kchekain cheear l oiin cho lkain al oeedy chey,R06 R00 R00 R00 R00 R06 R00 R00 R00 R06 R00 R06,S1_MULTI_TRANSCRIPTION_STRICT_CORE,S1,FORMAL_G2_CORE_LOCAL_KERNEL,G2,zone-local kernel / record line,S,B,3,paragraph_continuation,ARG/FILL FUNC-PARTICLE FUNC-PARTICLE ARG/FILL ARG/FILL FUNC-PARTICLE ARG/FILL ARG/FILL ARG-LEX FUNC-PARTICLE ARG/FILL FUNC-PARTICLE,ARG/FILL / FUNC-PARTICLE / FUNC-PARTICLE / ARG/FILL / ARG/FILL / FUNC-PARTICLE / ARG/FILL / ARG/FILL / ARG-LEX / FUNC-PARTICLE / ARG/FILL / FUNC-PARTICLE,NO_VERIFIED_EXTERNAL_TRANSLATION
"f107r.40,+P0",f107r,4689,lolkaiin chey qokaiin chal aiin okaiin olkar otair okal okal,R00 R06 H08 R00 R06 R10 R00 R00 R07 R07,S2_STRONG_BUT_PARTIAL_TRANSCRIPTION_CORE,S2,FORMAL_G1_GLOBAL_FRAME,G1,relational frame / record line,S,B,3,paragraph_continuation,ARG/FILL FUNC-PARTICLE FUNC-PARTICLE ARG/FILL FUNC-PARTICLE FUNC-PARTICLE ARG/FILL ARG/FILL FUNC-PARTICLE FUNC-PARTICLE,ARG/FILL / FUNC-PARTICLE / FUNC-PARTICLE / ARG/FILL / FUNC-PARTICLE / FUNC-PARTICLE / ARG/FILL / ARG/FILL / FUNC-PARTICLE / FUNC-PARTICLE,NO_VERIFIED_EXTERNAL_TRANSLATION
"f107r.41,+P0",f107r,4690,qokaiin ar ockhey qokal otal otam,H08 R06 R00 H08 R01 R06,S1_MULTI_TRANSCRIPTION_STRICT_CORE,S1,FORMAL_G2_CORE_LOCAL_KERNEL,G2,zone-local kernel / record line,S,B,3,paragraph_continuation,FUNC-PARTICLE FUNC-PARTICLE ARG/FILL FUNC-PARTICLE QUAL/TAIL ARG/FILL,FUNC-PARTICLE / FUNC-PARTICLE / ARG/FILL / FUNC-PARTICLE / QUAL/TAIL / ARG/FILL,NO_VERIFIED_EXTERNAL_TRANSLATION
"f107r.42,+P0",f107r,4691,pcholky sokeey aiin oteey ykchey paichy okeey tain ar arodl kairam,R00 R06 R06 R01 R06 R06 R06 R06 R06 R00 R06,S1_MULTI_TRANSCRIPTION_STRICT_CORE,S1,FORMAL_G2_CORE_LOCAL_KERNEL,G2,zone-local kernel / record line,S,B,3,paragraph_continuation,ARG/FILL ARG/FILL FUNC-PARTICLE QUALIFIER ARG/FILL ARG/FILL FUNC-PARTICLE ARG/FILL FUNC-PARTICLE ARG/FILL ARG/FILL,ARG/FILL / ARG/FILL / FUNC-PARTICLE / QUALIFIER / ARG/FILL / ARG/FILL / FUNC-PARTICLE / ARG/FILL / FUNC-PARTICLE / ARG/FILL / ARG/FILL,NO_VERIFIED_EXTERNAL_TRANSLATION
"f107r.47,+P0",f107r,4696,okain cheey lol loeey iinal,R10 R06 R00 R00 R00,S2_STRONG_BUT_PARTIAL_TRANSCRIPTION_CORE,S2,FORMAL_G2_CORE_LOCAL_KERNEL,G2,zone-local kernel / record line,S,B,3,paragraph_continuation,FUNC-PARTICLE FUNC-PARTICLE ARG/FILL ARG/FILL ARG/FILL,FUNC-PARTICLE / FUNC-PARTICLE / ARG/FILL / ARG/FILL / ARG/FILL,NO_VERIFIED_EXTERNAL_TRANSLATION
"f107v.2,+P0",f107v,4702,daiin dckhy oldaiin chkal qokedy otal chedy oteos aiin otar alkain ol,R10 R06 R10 R00 H12 R01 R02 R01 R06 R01 R00 R06,S1_MULTI_TRANSCRIPTION_STRICT_CORE,S1,FORMAL_G1_GLOBAL_FRAME,G1,relational frame / record line,S,B,3,paragraph_continuation,FUNC-PARTICLE ARG/FILL QUAL/TAIL ARG/FILL FUNC-PARTICLE QUAL/TAIL FUNC-PARTICLE QUAL/TAIL FUNC-PARTICLE QUAL/TAIL ARG/FILL FUNC-PARTICLE,FUNC-PARTICLE / ARG/FILL / QUAL/TAIL / ARG/FILL / FUNC-PARTICLE / QUAL/TAIL / FUNC-PARTICLE / QUAL/TAIL / FUNC-PARTICLE / QUAL/TAIL / ARG/FILL / FUNC-PARTICLE,NO_VERIFIED_EXTERNAL_TRANSLATION
"f107v.11,+P0",f107v,4711,tshedy okal shedy qokchey chky qokeey qotaiin otol qoteedy qopchcfhy,R06 R07 R06 H08 R00 H08 H13 R01 H01 H07,S1_MULTI_TRANSCRIPTION_STRICT_CORE,S1,FORMAL_G1_GLOBAL_FRAME,G1,relational frame / record line,S,B,3,paragraph_continuation,ARG/FILL FUNC-PARTICLE FUNC-PARTICLE OP/HEAD ARG/FILL FUNC-PARTICLE OPERATOR QUAL/TAIL FUNC-PARTICLE OP/HEAD,ARG/FILL / FUNC-PARTICLE / FUNC-PARTICLE / OP/HEAD / ARG/FILL / FUNC-PARTICLE / OPERATOR / QUAL/TAIL / FUNC-PARTICLE / OP/HEAD,NO_VERIFIED_EXTERNAL_TRANSLATION
"f107v.18,+P0",f107v,4718,qokain qokchey qekchdy okaiin lkl chol raiin otaiin alkaiin dal,H08 H08 R00 R10 R00 R07 R00 R10 R00 R09,S1_MULTI_TRANSCRIPTION_STRICT_CORE,S1,FORMAL_G1_GLOBAL_FRAME,G1,relational frame / record line,S,B,3,paragraph_continuation,FUNC-PARTICLE OP/HEAD ARG/FILL FUNC-PARTICLE ARG/FILL FUNC-PARTICLE ARG/FILL FUNC-PARTICLE ARG/FILL FUNC-PARTICLE,FUNC-PARTICLE / OP/HEAD / ARG/FILL / FUNC-PARTICLE / ARG/FILL / FUNC-PARTICLE / ARG/FILL / FUNC-PARTICLE / ARG/FILL / FUNC-PARTICLE,NO_VERIFIED_EXTERNAL_TRANSLATION
"f107v.30,+P0",f107v,4730,okain ol okaiin lkeody otaiin chol lkaiin lkeeey qokaiin chey qoky,R10 R06 R10 R00 R10 R07 R00 R00 H08 R06 H01,S1_MULTI_TRANSCRIPTION_STRICT_CORE,S1,FORMAL_G1_GLOBAL_FRAME,G1,relational frame / record line,S,B,3,paragraph_continuation,FUNC-PARTICLE FUNC-PARTICLE FUNC-PARTICLE ARG/FILL FUNC-PARTICLE FUNC-PARTICLE ARG/FILL ARG/FILL FUNC-PARTICLE FUNC-PARTICLE FUNC-PARTICLE,FUNC-PARTICLE / FUNC-PARTICLE / FUNC-PARTICLE / ARG/FILL / FUNC-PARTICLE / FUNC-PARTICLE / ARG/FILL / ARG/FILL / FUNC-PARTICLE / FUNC-PARTICLE / FUNC-PARTICLE,NO_VERIFIED_EXTERNAL_TRANSLATION
"f108r.8,+P0",f108r,4757,pochedy shy shokeedar al kedal chokchy qokar ch okeey qaiin okeedy qetam,R00 R06 R00 R06 R06 R00 R03 R00 R06 R00 R00 R00,S1_MULTI_TRANSCRIPTION_STRICT_CORE,S1,FORMAL_G3C_NONFRAME_SHORTFORM_HP,G3C,compact label / index / list entry,S,B,3,paragraph_continuation,LABEL-FIELD FUNC-PARTICLE LABEL-FIELD FUNC-PARTICLE LABEL-FIELD LABEL-FIELD FUNC-PARTICLE LABEL-FIELD FUNC-PARTICLE LABEL-FIELD FUNC-PARTICLE LABEL-FIELD,LABEL-FIELD / FUNC-PARTICLE / LABEL-FIELD / FUNC-PARTICLE / LABEL-FIELD / LABEL-FIELD / FUNC-PARTICLE / LABEL-FIELD / FUNC-PARTICLE / LABEL-FIELD / FUNC-PARTICLE / LABEL-FIELD,NO_VERIFIED_EXTERNAL_TRANSLATION
"f108r.12,+P0",f108r,4761,tshey okchey dain aloiin ocheey qokaiin chlam okaiin okal kain alam,R06 R00 R06 R00 R00 H08 R00 R10 R07 R06 R00,S2_STRONG_BUT_PARTIAL_TRANSCRIPTION_CORE,S2,FORMAL_G1_GLOBAL_FRAME,G1,relational frame / record line,S,B,3,paragraph_continuation,ARG/FILL ARG/FILL FUNC-PARTICLE ARG/FILL ARG/FILL FUNC-PARTICLE ARG/FILL FUNC-PARTICLE FUNC-PARTICLE ARG/FILL ARG/FILL,ARG/FILL / ARG/FILL / FUNC-PARTICLE / ARG/FILL / ARG/FILL / FUNC-PARTICLE / ARG/FILL / FUNC-PARTICLE / FUNC-PARTICLE / ARG/FILL / ARG/FILL,NO_VERIFIED_EXTERNAL_TRANSLATION
"f108r.38,+P0",f108r,4787,dcheeody cheedy qokeedy otedy qeeey chey,R00 R06 H01 R01 R00 R06,S1_MULTI_TRANSCRIPTION_STRICT_CORE,S1,FORMAL_G1_GLOBAL_FRAME,G1,relational frame / record line,S,B,3,paragraph_continuation,ARG/FILL ARG/FILL FUNC-PARTICLE FUNC-PARTICLE ARG/FILL FUNC-PARTICLE,ARG/FILL / ARG/FILL / FUNC-PARTICLE / FUNC-PARTICLE / ARG/FILL / FUNC-PARTICLE,NO_VERIFIED_EXTERNAL_TRANSLATION
"f108r.45,+P0",f108r,4794,dain sheckhy okeey keey lchedy okeey qokedy chedy dalkedy qokedy dal,R06 R00 R06 R06 R00 R06 H12 R02 R09 H12 R09,S1_MULTI_TRANSCRIPTION_STRICT_CORE,S1,FORMAL_G1_GLOBAL_FRAME,G1,relational frame / record line,S,B,3,paragraph_continuation,FUNC-PARTICLE ARG-LEX FUNC-PARTICLE ARG/FILL FUNC-PARTICLE FUNC-PARTICLE FUNC-PARTICLE FUNC-PARTICLE QUAL/TAIL FUNC-PARTICLE FUNC-PARTICLE,FUNC-PARTICLE / ARG-LEX / FUNC-PARTICLE / ARG/FILL / FUNC-PARTICLE / FUNC-PARTICLE / FUNC-PARTICLE / FUNC-PARTICLE / QUAL/TAIL / FUNC-PARTICLE / FUNC-PARTICLE,NO_VERIFIED_EXTERNAL_TRANSLATION
"f108r.46,+P0",f108r,4795,yteedy qokeedy qokey otedy okedy qokaiin cheodar cheey qokedy al,R00 H01 H08 R01 R00 H08 R00 R06 H12 R06,S2_STRONG_BUT_PARTIAL_TRANSCRIPTION_CORE,S2,FORMAL_G1_GLOBAL_FRAME,G1,relational frame / record line,S,B,3,paragraph_continuation,ARG/FILL FUNC-PARTICLE FUNC-PARTICLE FUNC-PARTICLE FUNC-PARTICLE FUNC-PARTICLE ARG/FILL FUNC-PARTICLE FUNC-PARTICLE FUNC-PARTICLE,ARG/FILL / FUNC-PARTICLE / FUNC-PARTICLE / FUNC-PARTICLE / FUNC-PARTICLE / FUNC-PARTICLE / ARG/FILL / FUNC-PARTICLE / FUNC-PARTICLE / FUNC-PARTICLE,NO_VERIFIED_EXTERNAL_TRANSLATION
"f108r.48,+P0",f108r,4797,pcheedy qokeo l okeol keol dain ar otedy qokedy qokeedy qokeedy lchdy,R00 H08 R06 R06 R06 R06 R06 R01 H12 H01 H01 R00,S1_MULTI_TRANSCRIPTION_STRICT_CORE,S1,FORMAL_G1_GLOBAL_FRAME,G1,relational frame / record line,S,B,3,paragraph_continuation,ARG/FILL OP/HEAD FUNC-PARTICLE ARG/FILL ARG/FILL FUNC-PARTICLE FUNC-PARTICLE FUNC-PARTICLE FUNC-PARTICLE FUNC-PARTICLE FUNC-PARTICLE ARG/FILL,ARG/FILL / OP/HEAD / FUNC-PARTICLE / ARG/FILL / ARG/FILL / FUNC-PARTICLE / FUNC-PARTICLE / FUNC-PARTICLE / FUNC-PARTICLE / FUNC-PARTICLE / FUNC-PARTICLE / ARG/FILL,NO_VERIFIED_EXTERNAL_TRANSLATION
"f108v.6,+P0",f108v,4805,oeeedain chey lokeey lchedy loety qokeedy qokeey qokar okeedy kedarxy,R00 R06 R00 R00 R00 H01 H08 R03 R00 R00,S1_MULTI_TRANSCRIPTION_STRICT_CORE,S1,FORMAL_G1_GLOBAL_FRAME,G1,relational frame / record line,S,B,3,paragraph_continuation,ARG/FILL FUNC-PARTICLE ARG/FILL FUNC-PARTICLE ARG/FILL FUNC-PARTICLE FUNC-PARTICLE FUNC-PARTICLE FUNC-PARTICLE ARG/FILL,ARG/FILL / FUNC-PARTICLE / ARG/FILL / FUNC-PARTICLE / ARG/FILL / FUNC-PARTICLE / FUNC-PARTICLE / FUNC-PARTICLE / FUNC-PARTICLE / ARG/FILL,NO_VERIFIED_EXTERNAL_TRANSLATION
"f108v.12,+P0",f108v,4811,tshedky sheckhy akey sheey teeody qokedy qokeedy shokar aiin okeey tedam,R00 R00 R00 R06 R06 H12 H01 R06 R06 R06 R06,S1_MULTI_TRANSCRIPTION_STRICT_CORE,S1,FORMAL_G1_GLOBAL_FRAME,G1,relational frame / record line,S,B,3,paragraph_continuation,ARG/FILL ARG-LEX ARG/FILL FUNC-PARTICLE ARG/FILL FUNC-PARTICLE FUNC-PARTICLE ARG/FILL FUNC-PARTICLE FUNC-PARTICLE ARG/FILL,ARG/FILL / ARG-LEX / ARG/FILL / FUNC-PARTICLE / ARG/FILL / FUNC-PARTICLE / FUNC-PARTICLE / ARG/FILL / FUNC-PARTICLE / FUNC-PARTICLE / ARG/FILL,NO_VERIFIED_EXTERNAL_TRANSLATION
"f108v.13,+P0",f108v,4812,daiin cheol qokeey qokeedy qokeey raiin chckhy okeey qokeedy okedain ald,R10 R00 H08 H01 H08 R00 R00 R06 H01 R00 R00,S1_MULTI_TRANSCRIPTION_STRICT_CORE,S1,FORMAL_G1_GLOBAL_FRAME,G1,relational frame / record line,S,B,3,paragraph_continuation,FUNC-PARTICLE FUNC-PARTICLE FUNC-PARTICLE FUNC-PARTICLE FUNC-PARTICLE ARG/FILL FUNC-PARTICLE FUNC-PARTICLE FUNC-PARTICLE ARG/FILL ARG/FILL,FUNC-PARTICLE / FUNC-PARTICLE / FUNC-PARTICLE / FUNC-PARTICLE / FUNC-PARTICLE / ARG/FILL / FUNC-PARTICLE / FUNC-PARTICLE / FUNC-PARTICLE / ARG/FILL / ARG/FILL,NO_VERIFIED_EXTERNAL_TRANSLATION
"f108v.18,+P0",f108v,4817,okeey lkeedy okeal okey cheykedy qoeedy lo rair cheey ol lsaiin am,R06 R00 R00 R00 R00 R00 R00 R00 R06 R06 R00 R06,S1_MULTI_TRANSCRIPTION_STRICT_CORE,S1,FORMAL_G3C_NONFRAME_SHORTFORM_HP,G3C,compact label / index / list entry,S,B,3,paragraph_continuation,FUNC-PARTICLE LABEL-FIELD LABEL-FIELD LABEL-FIELD LABEL-FIELD LABEL-FIELD LABEL-FIELD LABEL-FIELD FUNC-PARTICLE FUNC-PARTICLE LABEL-FIELD LABEL-FIELD,FUNC-PARTICLE / LABEL-FIELD / LABEL-FIELD / LABEL-FIELD / LABEL-FIELD / LABEL-FIELD / LABEL-FIELD / LABEL-FIELD / FUNC-PARTICLE / FUNC-PARTICLE / LABEL-FIELD / LABEL-FIELD,NO_VERIFIED_EXTERNAL_TRANSLATION
"f108v.21,+P0",f108v,4820,daiin shol olkeeey lky chedar cheykechey qotedy otedy oteedain cheody llod,R10 R08 R00 R00 R00 R00 H17 R01 R01 R00 R00,S1_MULTI_TRANSCRIPTION_STRICT_CORE,S1,FORMAL_G1_GLOBAL_FRAME,G1,relational frame / record line,S,B,3,paragraph_continuation,FUNC-PARTICLE FUNC-PARTICLE ARG/FILL ARG/FILL ARG/FILL ARG/FILL FUNC-PARTICLE FUNC-PARTICLE QUAL/TAIL FUNC-PARTICLE ARG/FILL,FUNC-PARTICLE / FUNC-PARTICLE / ARG/FILL / ARG/FILL / ARG/FILL / ARG/FILL / FUNC-PARTICLE / FUNC-PARTICLE / QUAL/TAIL / FUNC-PARTICLE / ARG/FILL,NO_VERIFIED_EXTERNAL_TRANSLATION
"f108v.26,+P0",f108v,4825,sair okeaiin cheol shedy qokeeey dlaiin ar or lkar char aiin okal ldyr ls,R06 R00 R00 R06 H08 R06 R06 R06 R00 R11 R06 R07 R00 R00,S1_MULTI_TRANSCRIPTION_STRICT_CORE,S1,FORMAL_G1_GLOBAL_FRAME,G1,relational frame / record line,S,B,3,paragraph_continuation,ARG/FILL ARG/FILL FUNC-PARTICLE FUNC-PARTICLE OP/HEAD ARG/FILL FUNC-PARTICLE FUNC-PARTICLE ARG/FILL QUAL/TAIL FUNC-PARTICLE FUNC-PARTICLE ARG/FILL ARG/FILL,ARG/FILL / ARG/FILL / FUNC-PARTICLE / FUNC-PARTICLE / OP/HEAD / ARG/FILL / FUNC-PARTICLE / FUNC-PARTICLE / ARG/FILL / QUAL/TAIL / FUNC-PARTICLE / FUNC-PARTICLE / ARG/FILL / ARG/FILL,NO_VERIFIED_EXTERNAL_TRANSLATION
"f108v.35,+P0",f108v,4834,daiin chedy lchedy sholkeedy qokeedy chey qokeey qokeedy oteedy lchedam,R10 R02 R00 R08 H01 R06 H08 H01 R01 R00,S2_STRONG_BUT_PARTIAL_TRANSCRIPTION_CORE,S2,FORMAL_G1_GLOBAL_FRAME,G1,relational frame / record line,S,B,3,paragraph_continuation,FUNC-PARTICLE FUNC-PARTICLE FUNC-PARTICLE ARG/FILL FUNC-PARTICLE FUNC-PARTICLE FUNC-PARTICLE FUNC-PARTICLE FUNC-PARTICLE ARG/FILL,FUNC-PARTICLE / FUNC-PARTICLE / FUNC-PARTICLE / ARG/FILL / FUNC-PARTICLE / FUNC-PARTICLE / FUNC-PARTICLE / FUNC-PARTICLE / FUNC-PARTICLE / ARG/FILL,NO_VERIFIED_EXTERNAL_TRANSLATION
"f108v.49,+P0",f108v,4848,saiin okain cheey lkaiin cheal cheol keear qokeedy qokeey checkhedy qokal oam,R06 R10 R06 R00 R00 R00 R06 H01 H08 R00 H08 R00,S1_MULTI_TRANSCRIPTION_STRICT_CORE,S1,FORMAL_G1_GLOBAL_FRAME,G1,relational frame / record line,S,B,3,paragraph_continuation,FUNC-PARTICLE FUNC-PARTICLE FUNC-PARTICLE ARG/FILL ARG/FILL FUNC-PARTICLE ARG/FILL FUNC-PARTICLE FUNC-PARTICLE ARG/FILL FUNC-PARTICLE ARG/FILL,FUNC-PARTICLE / FUNC-PARTICLE / FUNC-PARTICLE / ARG/FILL / ARG/FILL / FUNC-PARTICLE / ARG/FILL / FUNC-PARTICLE / FUNC-PARTICLE / ARG/FILL / FUNC-PARTICLE / ARG/FILL,NO_VERIFIED_EXTERNAL_TRANSLATION
"f108v.52,+P0",f108v,4851,saiin cheol qokeedy qokeedy chedy qokeey cheal llchey daiin okeey qokeey,R06 R00 H01 H01 R02 H08 R00 R00 R10 R06 H08,S1_MULTI_TRANSCRIPTION_STRICT_CORE,S1,FORMAL_G1_GLOBAL_FRAME,G1,relational frame / record line,S,B,3,paragraph_continuation,FUNC-PARTICLE FUNC-PARTICLE FUNC-PARTICLE FUNC-PARTICLE FUNC-PARTICLE FUNC-PARTICLE ARG/FILL ARG/FILL FUNC-PARTICLE FUNC-PARTICLE FUNC-PARTICLE,FUNC-PARTICLE / FUNC-PARTICLE / FUNC-PARTICLE / FUNC-PARTICLE / FUNC-PARTICLE / FUNC-PARTICLE / ARG/FILL / ARG/FILL / FUNC-PARTICLE / FUNC-PARTICLE / FUNC-PARTICLE,NO_VERIFIED_EXTERNAL_TRANSLATION
"f111r.1,@P0",f111r,4853,kcholchdar shar aiip chepchedy chetalshy sheek shear shey ror am shey,R00 R06 R00 R00 R00 R06 R06 R06 R00 R06 R06,S2_STRONG_BUT_PARTIAL_TRANSCRIPTION_CORE,S2,FORMAL_G2_CORE_LOCAL_KERNEL,G2,zone-local kernel / record line,S,B,3,paragraph_start,ARG/FILL ARG/FILL ARG/FILL ARG/FILL ARG/FILL ARG/FILL ARG-LEX FUNC-PARTICLE ARG/FILL ARG/FILL FUNC-PARTICLE,ARG/FILL / ARG/FILL / ARG/FILL / ARG/FILL / ARG/FILL / ARG/FILL / ARG-LEX / FUNC-PARTICLE / ARG/FILL / ARG/FILL / FUNC-PARTICLE,NO_VERIFIED_EXTERNAL_TRANSLATION
"f111r.3,+P0",f111r,4855,dsheedy lkeedy chckhy lchedy qokeey qokear chal qokeear cheokedy sal lokam,R00 R00 R00 R00 H08 H08 R00 H08 R00 R06 R00,S1_MULTI_TRANSCRIPTION_STRICT_CORE,S1,FORMAL_G2_CORE_LOCAL_KERNEL,G2,zone-local kernel / record line,S,B,3,paragraph_continuation,ARG/FILL ARG/FILL FUNC-PARTICLE FUNC-PARTICLE FUNC-PARTICLE OP/HEAD ARG/FILL OP/HEAD ARG/FILL ARG/FILL ARG/FILL,ARG/FILL / ARG/FILL / FUNC-PARTICLE / FUNC-PARTICLE / FUNC-PARTICLE / OP/HEAD / ARG/FILL / OP/HEAD / ARG/FILL / ARG/FILL / ARG/FILL,NO_VERIFIED_EXTERNAL_TRANSLATION
"f111r.6,+P0",f111r,4858,dain shedy qoky chedy qok shed olchedy qokeedy teedy chdy keedy qotchedy dary,R06 R06 H01 R02 H08 R06 R00 H01 R06 R02 R06 H15 R06,S1_MULTI_TRANSCRIPTION_STRICT_CORE,S1,FORMAL_G2_CORE_LOCAL_KERNEL,G2,zone-local kernel / record line,S,B,3,paragraph_continuation,FUNC-PARTICLE FUNC-PARTICLE FUNC-PARTICLE FUNC-PARTICLE OP/HEAD ARG/FILL ARG/FILL FUNC-PARTICLE ARG/FILL FUNC-PARTICLE ARG/FILL OP/HEAD ARG/FILL,FUNC-PARTICLE / FUNC-PARTICLE / FUNC-PARTICLE / FUNC-PARTICLE / OP/HEAD / ARG/FILL / ARG/FILL / FUNC-PARTICLE / ARG/FILL / FUNC-PARTICLE / ARG/FILL / OP/HEAD / ARG/FILL,NO_VERIFIED_EXTERNAL_TRANSLATION
"f111r.10,+P0",f111r,4862,ykeedaiin shekain shedy qokear ochey reeey qokeey olaiiin chedy lkeeody oraiin oty,R10 R00 R06 H08 R00 R00 H08 R00 R02 R00 R10 R01,S2_STRONG_BUT_PARTIAL_TRANSCRIPTION_CORE,S2,FORMAL_G2_CORE_LOCAL_KERNEL,G2,zone-local kernel / record line,S,B,3,paragraph_continuation,QUAL/TAIL ARG/FILL FUNC-PARTICLE OP/HEAD ARG/FILL ARG/FILL FUNC-PARTICLE ARG/FILL FUNC-PARTICLE ARG/FILL QUAL/TAIL QUAL/TAIL,QUAL/TAIL / ARG/FILL / FUNC-PARTICLE / OP/HEAD / ARG/FILL / ARG/FILL / FUNC-PARTICLE / ARG/FILL / FUNC-PARTICLE / ARG/FILL / QUAL/TAIL / QUAL/TAIL,NO_VERIFIED_EXTERNAL_TRANSLATION
"f111r.12,+P0",f111r,4864,dsheeo qokeedy otchedey lshey lkeedy oteey qokeedy oteolair ar shedam cheam,R06 H01 R00 R00 R00 R01 H01 R01 R06 R06 R00,S1_MULTI_TRANSCRIPTION_STRICT_CORE,S1,FORMAL_G2_CORE_LOCAL_KERNEL,G2,zone-local kernel / record line,S,B,3,paragraph_continuation,ARG/FILL FUNC-PARTICLE ARG/FILL ARG-LEX ARG/FILL QUALIFIER FUNC-PARTICLE QUAL/TAIL FUNC-PARTICLE ARG/FILL ARG/FILL,ARG/FILL / FUNC-PARTICLE / ARG/FILL / ARG-LEX / ARG/FILL / QUALIFIER / FUNC-PARTICLE / QUAL/TAIL / FUNC-PARTICLE / ARG/FILL / ARG/FILL,NO_VERIFIED_EXTERNAL_TRANSLATION
"f111r.17,+P0",f111r,4869,otes lchey lshedy qoteedy olcheody qokeey chey kal chekeedy oteed keedy otam,R01 R00 R00 H01 R00 H08 R06 R06 R00 R01 R06 R06,S1_MULTI_TRANSCRIPTION_STRICT_CORE,S1,FORMAL_G2_CORE_LOCAL_KERNEL,G2,zone-local kernel / record line,S,B,3,paragraph_continuation,QUAL/TAIL ARG/FILL ARG/FILL FUNC-PARTICLE ARG/FILL FUNC-PARTICLE FUNC-PARTICLE ARG/FILL ARG/FILL QUAL/TAIL ARG/FILL ARG/FILL,QUAL/TAIL / ARG/FILL / ARG/FILL / FUNC-PARTICLE / ARG/FILL / FUNC-PARTICLE / FUNC-PARTICLE / ARG/FILL / ARG/FILL / QUAL/TAIL / ARG/FILL / ARG/FILL,NO_VERIFIED_EXTERNAL_TRANSLATION
"f111r.18,+P0",f111r,4870,daiin shecthey oteody qochey qokeey chey teey qokeedy qokeedy cheol lokeedy lched,R10 R00 R01 H07 H08 R06 R06 H01 H01 R00 R00 R00,S1_MULTI_TRANSCRIPTION_STRICT_CORE,S1,FORMAL_G1_GLOBAL_FRAME,G1,relational frame / record line,S,B,3,paragraph_continuation,FUNC-PARTICLE ARG/FILL QUAL/TAIL OP/HEAD FUNC-PARTICLE FUNC-PARTICLE ARG/FILL FUNC-PARTICLE FUNC-PARTICLE FUNC-PARTICLE ARG/FILL ARG/FILL,FUNC-PARTICLE / ARG/FILL / QUAL/TAIL / OP/HEAD / FUNC-PARTICLE / FUNC-PARTICLE / ARG/FILL / FUNC-PARTICLE / FUNC-PARTICLE / FUNC-PARTICLE / ARG/FILL / ARG/FILL,NO_VERIFIED_EXTERNAL_TRANSLATION
"f111r.23,+P0",f111r,4875,dshey sheeckhy qokeshey keeshody qokeey qokedy okain shekal okechedy qokechedy,R06 R00 H08 R00 H08 H12 R10 R06 R00 R00,S1_MULTI_TRANSCRIPTION_STRICT_CORE,S1,FORMAL_G2_CORE_LOCAL_KERNEL,G2,zone-local kernel / record line,S,B,3,paragraph_continuation,ARG/FILL ARG/FILL OP/HEAD ARG/FILL FUNC-PARTICLE FUNC-PARTICLE FUNC-PARTICLE ARG/FILL ARG/FILL ARG/FILL,ARG/FILL / ARG/FILL / OP/HEAD / ARG/FILL / FUNC-PARTICLE / FUNC-PARTICLE / FUNC-PARTICLE / ARG/FILL / ARG/FILL / ARG/FILL,NO_VERIFIED_EXTERNAL_TRANSLATION
"f111r.26,+P0",f111r,4878,soaiin shecthy oteodaiin chedy otedar airykeey shedain l chedy qokeedy qoteedaiin,R06 R00 R01 R02 R01 R00 R00 R06 R02 H01 H13,S2_STRONG_BUT_PARTIAL_TRANSCRIPTION_CORE,S2,FORMAL_G1_GLOBAL_FRAME,G1,relational frame / record line,S,B,3,paragraph_continuation,ARG/FILL ARG/FILL QUAL/TAIL FUNC-PARTICLE QUAL/TAIL ARG/FILL ARG/FILL FUNC-PARTICLE FUNC-PARTICLE FUNC-PARTICLE OP/HEAD,ARG/FILL / ARG/FILL / QUAL/TAIL / FUNC-PARTICLE / QUAL/TAIL / ARG/FILL / ARG/FILL / FUNC-PARTICLE / FUNC-PARTICLE / FUNC-PARTICLE / OP/HEAD,NO_VERIFIED_EXTERNAL_TRANSLATION
"f111r.29,+P0",f111r,4881,salkeedy lkeedy chckhy rky chey okeeo chr al ar qokeedy qokedy qoteedy qod,R00 R00 R00 R00 R06 R00 R00 R06 R06 H01 H12 H01 R00,S1_MULTI_TRANSCRIPTION_STRICT_CORE,S1,FORMAL_G1_GLOBAL_FRAME,G1,relational frame / record line,S,B,3,paragraph_continuation,ARG/FILL ARG/FILL FUNC-PARTICLE ARG/FILL FUNC-PARTICLE ARG/FILL ARG/FILL FUNC-PARTICLE FUNC-PARTICLE FUNC-PARTICLE FUNC-PARTICLE FUNC-PARTICLE ARG/FILL,ARG/FILL / ARG/FILL / FUNC-PARTICLE / ARG/FILL / FUNC-PARTICLE / ARG/FILL / ARG/FILL / FUNC-PARTICLE / FUNC-PARTICLE / FUNC-PARTICLE / FUNC-PARTICLE / FUNC-PARTICLE / ARG/FILL,NO_VERIFIED_EXTERNAL_TRANSLATION
"f111r.34,+P0",f111r,4886,teo olkeeo al lkeeey olain ar akeom qokain al qokeeod lkedlkey teedar,R06 R00 R06 R00 R00 R06 R00 H08 R06 H08 R00 R06,S2_STRONG_BUT_PARTIAL_TRANSCRIPTION_CORE,S2,FORMAL_G2_CORE_LOCAL_KERNEL,G2,zone-local kernel / record line,S,B,3,paragraph_continuation,ARG/FILL ARG/FILL FUNC-PARTICLE ARG/FILL ARG/FILL FUNC-PARTICLE ARG/FILL FUNC-PARTICLE FUNC-PARTICLE OP/HEAD ARG/FILL ARG/FILL,ARG/FILL / ARG/FILL / FUNC-PARTICLE / ARG/FILL / ARG/FILL / FUNC-PARTICLE / ARG/FILL / FUNC-PARTICLE / FUNC-PARTICLE / OP/HEAD / ARG/FILL / ARG/FILL,NO_VERIFIED_EXTERNAL_TRANSLATION
"f111r.38,+P0",f111r,4890,dched daiin al okeey kechedy chcthedy chedain otedy qokeedykey l ltain,R06 R10 R06 R06 R00 R04 R00 R01 H08 R06 R00,S2_STRONG_BUT_PARTIAL_TRANSCRIPTION_CORE,S2,FORMAL_G2_CORE_LOCAL_KERNEL,G2,zone-local kernel / record line,S,B,3,paragraph_continuation,ARG/FILL FUNC-PARTICLE FUNC-PARTICLE FUNC-PARTICLE ARG/FILL QUAL/TAIL ARG/FILL FUNC-PARTICLE OP/HEAD FUNC-PARTICLE ARG/FILL,ARG/FILL / FUNC-PARTICLE / FUNC-PARTICLE / FUNC-PARTICLE / ARG/FILL / QUAL/TAIL / ARG/FILL / FUNC-PARTICLE / OP/HEAD / FUNC-PARTICLE / ARG/FILL,NO_VERIFIED_EXTERNAL_TRANSLATION
"f111r.41,+P0",f111r,4893,ycheey raiin cheody qokechy qokeey okedy lchedy qokeeal daiin otaral,R06 R00 R00 H08 H08 R00 R00 H08 R10 R00,S1_MULTI_TRANSCRIPTION_STRICT_CORE,S1,FORMAL_G2_CORE_LOCAL_KERNEL,G2,zone-local kernel / record line,S,B,3,paragraph_continuation,ARG/FILL ARG/FILL FUNC-PARTICLE OP/HEAD FUNC-PARTICLE FUNC-PARTICLE FUNC-PARTICLE OP/HEAD FUNC-PARTICLE ARG/FILL,ARG/FILL / ARG/FILL / FUNC-PARTICLE / OP/HEAD / FUNC-PARTICLE / FUNC-PARTICLE / FUNC-PARTICLE / OP/HEAD / FUNC-PARTICLE / ARG/FILL,NO_VERIFIED_EXTERNAL_TRANSLATION
"f111r.43,+P0",f111r,4895,okeedy lkeedy lkedar okeedy chedy,R00 R00 R00 R00 R02,S1_MULTI_TRANSCRIPTION_STRICT_CORE,S1,FORMAL_G3C_NONFRAME_SHORTFORM_HP,G3C,compact label / index / list entry,S,B,3,paragraph_continuation,FUNC-PARTICLE LABEL-FIELD LABEL-FIELD FUNC-PARTICLE FUNC-PARTICLE,FUNC-PARTICLE / LABEL-FIELD / LABEL-FIELD / FUNC-PARTICLE / FUNC-PARTICLE,NO_VERIFIED_EXTERNAL_TRANSLATION
"f111r.45,+P0",f111r,4897,oain ain keeey teed checkhed iir okeey lkeeey okeeolkeey lkeey lkeedy qoky,R00 R06 R06 R06 R00 R00 R06 R00 R00 R00 R00 H01,S1_MULTI_TRANSCRIPTION_STRICT_CORE,S1,FORMAL_G1_GLOBAL_FRAME,G1,relational frame / record line,S,B,3,paragraph_continuation,ARG/FILL ARG/FILL ARG/FILL ARG/FILL ARG/FILL ARG/FILL FUNC-PARTICLE ARG/FILL ARG/FILL ARG/FILL ARG/FILL FUNC-PARTICLE,ARG/FILL / ARG/FILL / ARG/FILL / ARG/FILL / ARG/FILL / ARG/FILL / FUNC-PARTICLE / ARG/FILL / ARG/FILL / ARG/FILL / ARG/FILL / FUNC-PARTICLE,NO_VERIFIED_EXTERNAL_TRANSLATION
"f111r.47,+P0",f111r,4899,sheedy qokeey sheey qoteedy qeear al chedy okeey chedy,R06 H08 R06 H01 R00 R06 R02 R06 R02,S1_MULTI_TRANSCRIPTION_STRICT_CORE,S1,FORMAL_G2_CORE_LOCAL_KERNEL,G2,zone-local kernel / record line,S,B,3,paragraph_continuation,FUNC-PARTICLE FUNC-PARTICLE FUNC-PARTICLE FUNC-PARTICLE ARG/FILL FUNC-PARTICLE FUNC-PARTICLE FUNC-PARTICLE FUNC-PARTICLE,FUNC-PARTICLE / FUNC-PARTICLE / FUNC-PARTICLE / FUNC-PARTICLE / ARG/FILL / FUNC-PARTICLE / FUNC-PARTICLE / FUNC-PARTICLE / FUNC-PARTICLE,NO_VERIFIED_EXTERNAL_TRANSLATION
"f111r.48,+P0",f111r,4900,poeokeey lkeedy tedain shecthy qokeedy chckhy lfchy cheal chepcham daim,R00 R00 R06 R00 H01 R00 R00 R00 R00 R06,S1_MULTI_TRANSCRIPTION_STRICT_CORE,S1,FORMAL_G2_CORE_LOCAL_KERNEL,G2,zone-local kernel / record line,S,B,3,paragraph_continuation,ARG/FILL ARG/FILL ARG/FILL ARG/FILL FUNC-PARTICLE FUNC-PARTICLE ARG/FILL ARG/FILL ARG/FILL ARG/FILL,ARG/FILL / ARG/FILL / ARG/FILL / ARG/FILL / FUNC-PARTICLE / FUNC-PARTICLE / ARG/FILL / ARG/FILL / ARG/FILL / ARG/FILL,NO_VERIFIED_EXTERNAL_TRANSLATION
"f111r.49,+P0",f111r,4901,dcheey keeey qockhey qokeey lchedykeeor okeey lkeedy lkeey qokaiin ol,R06 R06 H07 H08 R00 R06 R00 R00 H08 R06,S2_STRONG_BUT_PARTIAL_TRANSCRIPTION_CORE,S2,FORMAL_G2_CORE_LOCAL_KERNEL,G2,zone-local kernel / record line,S,B,3,paragraph_continuation,ARG/FILL ARG/FILL OPERATOR FUNC-PARTICLE ARG/FILL FUNC-PARTICLE ARG/FILL ARG/FILL FUNC-PARTICLE FUNC-PARTICLE,ARG/FILL / ARG/FILL / OPERATOR / FUNC-PARTICLE / ARG/FILL / FUNC-PARTICLE / ARG/FILL / ARG/FILL / FUNC-PARTICLE / FUNC-PARTICLE,NO_VERIFIED_EXTERNAL_TRANSLATION
"f111r.54,+P0",f111r,4906,tair chckhaiin dair qokal otain okal,R06 R00 R06 H08 R00 R07,S1_MULTI_TRANSCRIPTION_STRICT_CORE,S1,FORMAL_G1_GLOBAL_FRAME,G1,relational frame / record line,S,B,3,paragraph_continuation,ARG/FILL ARG/FILL ARG/FILL FUNC-PARTICLE FUNC-PARTICLE FUNC-PARTICLE,ARG/FILL / ARG/FILL / ARG/FILL / FUNC-PARTICLE / FUNC-PARTICLE / FUNC-PARTICLE,NO_VERIFIED_EXTERNAL_TRANSLATION
"f111v.3,+P0",f111v,4909,dain chedy shedal otedy otee chedy qokeey dain chcthar otar qotain otaim,R06 R02 R06 R01 R01 R02 H08 R06 R04 R01 H13 R00,S1_MULTI_TRANSCRIPTION_STRICT_CORE,S1,FORMAL_G2_CORE_LOCAL_KERNEL,G2,zone-local kernel / record line,S,B,3,paragraph_continuation,FUNC-PARTICLE FUNC-PARTICLE ARG/FILL FUNC-PARTICLE QUAL/TAIL FUNC-PARTICLE FUNC-PARTICLE FUNC-PARTICLE QUAL/TAIL QUAL/TAIL FUNC-PARTICLE ARG/FILL,FUNC-PARTICLE / FUNC-PARTICLE / ARG/FILL / FUNC-PARTICLE / QUAL/TAIL / FUNC-PARTICLE / FUNC-PARTICLE / FUNC-PARTICLE / QUAL/TAIL / QUAL/TAIL / FUNC-PARTICLE / ARG/FILL,NO_VERIFIED_EXTERNAL_TRANSLATION
"f111v.4,+P0",f111v,4910,daiin chey chokedair air alolshedy qotedy qokedar oteedy okedy chedy lkam,R10 R06 R00 R00 R00 H17 H08 R01 R00 R02 R00,S2_STRONG_BUT_PARTIAL_TRANSCRIPTION_CORE,S2,FORMAL_G1_GLOBAL_FRAME,G1,relational frame / record line,S,B,3,paragraph_continuation,FUNC-PARTICLE FUNC-PARTICLE ARG/FILL ARG/FILL ARG/FILL FUNC-PARTICLE OP/HEAD FUNC-PARTICLE FUNC-PARTICLE FUNC-PARTICLE ARG/FILL,FUNC-PARTICLE / FUNC-PARTICLE / ARG/FILL / ARG/FILL / ARG/FILL / FUNC-PARTICLE / OP/HEAD / FUNC-PARTICLE / FUNC-PARTICLE / FUNC-PARTICLE / ARG/FILL,NO_VERIFIED_EXTERNAL_TRANSLATION
"f111v.5,+P0",f111v,4911,qokeed o aiin otedy qokedy chedy qokeey qokeedy qokeol shedy qotedal lol,H08 R00 R06 R01 H12 R02 H08 H01 H08 R06 H13 R00,S1_MULTI_TRANSCRIPTION_STRICT_CORE,S1,FORMAL_G2_CORE_LOCAL_KERNEL,G2,zone-local kernel / record line,S,B,3,paragraph_continuation,OP/HEAD LABEL-LEX FUNC-PARTICLE FUNC-PARTICLE FUNC-PARTICLE FUNC-PARTICLE FUNC-PARTICLE FUNC-PARTICLE OP/HEAD FUNC-PARTICLE OP/HEAD ARG/FILL,OP/HEAD / LABEL-LEX / FUNC-PARTICLE / FUNC-PARTICLE / FUNC-PARTICLE / FUNC-PARTICLE / FUNC-PARTICLE / FUNC-PARTICLE / OP/HEAD / FUNC-PARTICLE / OP/HEAD / ARG/FILL,NO_VERIFIED_EXTERNAL_TRANSLATION
"f111v.9,+P0",f111v,4915,lshey shedal okear lkedy cheolkeey lkey okeey qokeey qokey qokain am,R00 R06 R00 R00 R00 R00 R06 H08 H08 H08 R06,S2_STRONG_BUT_PARTIAL_TRANSCRIPTION_CORE,S2,FORMAL_G2_CORE_LOCAL_KERNEL,G2,zone-local kernel / record line,S,B,3,paragraph_continuation,ARG-LEX ARG/FILL ARG/FILL ARG/FILL ARG/FILL ARG/FILL FUNC-PARTICLE FUNC-PARTICLE FUNC-PARTICLE FUNC-PARTICLE ARG/FILL,ARG-LEX / ARG/FILL / ARG/FILL / ARG/FILL / ARG/FILL / ARG/FILL / FUNC-PARTICLE / FUNC-PARTICLE / FUNC-PARTICLE / FUNC-PARTICLE / ARG/FILL,NO_VERIFIED_EXTERNAL_TRANSLATION
"f111v.10,+P0",f111v,4916,soiin shed qoksheo lor cheo lolaiin shey qokain chear qoteol shcthy ldy,R06 R06 H08 R00 R00 R00 R06 H08 R00 H13 R06 R00,S1_MULTI_TRANSCRIPTION_STRICT_CORE,S1,FORMAL_G2_CORE_LOCAL_KERNEL,G2,zone-local kernel / record line,S,B,3,paragraph_continuation,ARG/FILL ARG/FILL OP/HEAD ARG-LEX ARG/FILL ARG/FILL FUNC-PARTICLE FUNC-PARTICLE ARG/FILL OP/HEAD ARG-LEX ARG/FILL,ARG/FILL / ARG/FILL / OP/HEAD / ARG-LEX / ARG/FILL / ARG/FILL / FUNC-PARTICLE / FUNC-PARTICLE / ARG/FILL / OP/HEAD / ARG-LEX / ARG/FILL,NO_VERIFIED_EXTERNAL_TRANSLATION
"f111v.11,+P0",f111v,4917,ylcheey shear aiin sheer otain otedy qokain chedkain shedaitain shalg,R00 R06 R06 R06 R00 R01 H08 R00 R00 R06,S2_STRONG_BUT_PARTIAL_TRANSCRIPTION_CORE,S2,FORMAL_G2_CORE_LOCAL_KERNEL,G2,zone-local kernel / record line,S,B,3,paragraph_continuation,ARG/FILL ARG-LEX FUNC-PARTICLE ARG/FILL FUNC-PARTICLE FUNC-PARTICLE FUNC-PARTICLE ARG/FILL ARG/FILL ARG/FILL,ARG/FILL / ARG-LEX / FUNC-PARTICLE / ARG/FILL / FUNC-PARTICLE / FUNC-PARTICLE / FUNC-PARTICLE / ARG/FILL / ARG/FILL / ARG/FILL,NO_VERIFIED_EXTERNAL_TRANSLATION
"f111v.17,+P0",f111v,4923,solkain shey okaiin sheey qokain chkal chckhy saiin ar lchal she otain,R00 R06 R10 R06 H08 R00 R00 R06 R06 R00 R06 R00,S1_MULTI_TRANSCRIPTION_STRICT_CORE,S1,FORMAL_G2_CORE_LOCAL_KERNEL,G2,zone-local kernel / record line,S,B,3,paragraph_continuation,ARG/FILL FUNC-PARTICLE FUNC-PARTICLE FUNC-PARTICLE FUNC-PARTICLE ARG/FILL FUNC-PARTICLE FUNC-PARTICLE FUNC-PARTICLE ARG/FILL ARG/FILL FUNC-PARTICLE,ARG/FILL / FUNC-PARTICLE / FUNC-PARTICLE / FUNC-PARTICLE / FUNC-PARTICLE / ARG/FILL / FUNC-PARTICLE / FUNC-PARTICLE / FUNC-PARTICLE / ARG/FILL / ARG/FILL / FUNC-PARTICLE,NO_VERIFIED_EXTERNAL_TRANSLATION
"f111v.21,+P0",f111v,4927,sair air ain qol rar ain cheey lkeey lkain cheokain sheo qo qokain chear alam,R06 R00 R06 R00 R00 R06 R06 R00 R00 R00 R06 H07 H08 R00 R00,S1_MULTI_TRANSCRIPTION_STRICT_CORE,S1,FORMAL_G2_CORE_LOCAL_KERNEL,G2,zone-local kernel / record line,S,B,3,paragraph_continuation,ARG/FILL ARG/FILL ARG/FILL FUNC-PARTICLE ARG-LEX ARG/FILL FUNC-PARTICLE ARG/FILL ARG-LEX ARG/FILL ARG-LEX OP/HEAD FUNC-PARTICLE ARG/FILL ARG/FILL,ARG/FILL / ARG/FILL / ARG/FILL / FUNC-PARTICLE / ARG-LEX / ARG/FILL / FUNC-PARTICLE / ARG/FILL / ARG-LEX / ARG/FILL / ARG-LEX / OP/HEAD / FUNC-PARTICLE / ARG/FILL / ARG/FILL,NO_VERIFIED_EXTERNAL_TRANSLATION
"f111v.22,+P0",f111v,4928,saiin ychear olsheey chetain chedy qokain okain al chan okalchey lkeeey,R06 R06 R00 R00 R02 H08 R10 R06 R00 R00 R00,S2_STRONG_BUT_PARTIAL_TRANSCRIPTION_CORE,S2,FORMAL_G2_CORE_LOCAL_KERNEL,G2,zone-local kernel / record line,S,B,3,paragraph_continuation,FUNC-PARTICLE ARG/FILL ARG/FILL ARG/FILL FUNC-PARTICLE FUNC-PARTICLE FUNC-PARTICLE FUNC-PARTICLE ARG/FILL ARG/FILL ARG/FILL,FUNC-PARTICLE / ARG/FILL / ARG/FILL / ARG/FILL / FUNC-PARTICLE / FUNC-PARTICLE / FUNC-PARTICLE / FUNC-PARTICLE / ARG/FILL / ARG/FILL / ARG/FILL,NO_VERIFIED_EXTERNAL_TRANSLATION
"f111v.24,+P0",f111v,4930,cheodain qokar otain chedy lkain chey shckhy qokl chedy qokar chctham,R00 R03 R00 R02 R00 R06 R06 R00 R02 R03 R04,S1_MULTI_TRANSCRIPTION_STRICT_CORE,S1,FORMAL_G2_CORE_LOCAL_KERNEL,G2,zone-local kernel / record line,S,B,3,paragraph_continuation,ARG/FILL FUNC-PARTICLE FUNC-PARTICLE FUNC-PARTICLE ARG-LEX FUNC-PARTICLE ARG-LEX ARG/FILL FUNC-PARTICLE FUNC-PARTICLE QUAL/TAIL,ARG/FILL / FUNC-PARTICLE / FUNC-PARTICLE / FUNC-PARTICLE / ARG-LEX / FUNC-PARTICLE / ARG-LEX / ARG/FILL / FUNC-PARTICLE / FUNC-PARTICLE / QUAL/TAIL,NO_VERIFIED_EXTERNAL_TRANSLATION
"f111v.25,+P0",f111v,4931,tair alchedar shykaiin chd,R06 R00 R00 R00,S2_STRONG_BUT_PARTIAL_TRANSCRIPTION_CORE,S2,FORMAL_G2_CORE_LOCAL_KERNEL,G2,zone-local kernel / record line,S,B,3,paragraph_continuation,ARG/FILL ARG/FILL ARG/FILL ARG/FILL,ARG/FILL / ARG/FILL / ARG/FILL / ARG/FILL,NO_VERIFIED_EXTERNAL_TRANSLATION
"f111v.29,+P0",f111v,4935,polkiin cheopaiin otain shedy pchedy opcheedy qokain chcfhey otcheylldy,R00 R00 R00 R06 R06 R00 H08 R00 R00,S2_STRONG_BUT_PARTIAL_TRANSCRIPTION_CORE,S2,FORMAL_G2_CORE_LOCAL_KERNEL,G2,zone-local kernel / record line,S,B,3,paragraph_continuation,ARG/FILL ARG/FILL FUNC-PARTICLE FUNC-PARTICLE ARG-LEX ARG/FILL FUNC-PARTICLE ARG/FILL ARG/FILL,ARG/FILL / ARG/FILL / FUNC-PARTICLE / FUNC-PARTICLE / ARG-LEX / ARG/FILL / FUNC-PARTICLE / ARG/FILL / ARG/FILL,NO_VERIFIED_EXTERNAL_TRANSLATION
"f111v.30,+P0",f111v,4936,shokar okeokain sheekain qokain chechey qokeey qetain otain ar lkain lky,R06 R00 R00 H08 R00 H08 R00 R00 R06 R00 R00,S1_MULTI_TRANSCRIPTION_STRICT_CORE,S1,FORMAL_G2_CORE_LOCAL_KERNEL,G2,zone-local kernel / record line,S,B,3,paragraph_continuation,ARG/FILL ARG/FILL ARG/FILL FUNC-PARTICLE ARG/FILL FUNC-PARTICLE ARG/FILL FUNC-PARTICLE FUNC-PARTICLE ARG-LEX ARG/FILL,ARG/FILL / ARG/FILL / ARG/FILL / FUNC-PARTICLE / ARG/FILL / FUNC-PARTICLE / ARG/FILL / FUNC-PARTICLE / FUNC-PARTICLE / ARG-LEX / ARG/FILL,NO_VERIFIED_EXTERNAL_TRANSLATION
"f111v.31,+P0",f111v,4937,pochey oteain chekain cheal lain chey qokain chey lkain chal ldy llm,R06 R01 R00 R00 R00 R06 H08 R06 R00 R00 R00 R00,S1_MULTI_TRANSCRIPTION_STRICT_CORE,S1,FORMAL_G2_CORE_LOCAL_KERNEL,G2,zone-local kernel / record line,S,B,3,paragraph_continuation,ARG/FILL QUAL/TAIL ARG/FILL ARG/FILL ARG/FILL FUNC-PARTICLE FUNC-PARTICLE FUNC-PARTICLE ARG-LEX ARG/FILL ARG/FILL ARG/FILL,ARG/FILL / QUAL/TAIL / ARG/FILL / ARG/FILL / ARG/FILL / FUNC-PARTICLE / FUNC-PARTICLE / FUNC-PARTICLE / ARG-LEX / ARG/FILL / ARG/FILL / ARG/FILL,NO_VERIFIED_EXTERNAL_TRANSLATION
"f111v.34,+P0",f111v,4940,polar okar teody qokain talol tarol opchedy qotar otar chtalsam,R06 R03 R06 H08 R06 R06 R00 H13 R01 R00,S2_STRONG_BUT_PARTIAL_TRANSCRIPTION_CORE,S2,FORMAL_G2_CORE_LOCAL_KERNEL,G2,zone-local kernel / record line,S,B,3,paragraph_continuation,ARG/FILL FUNC-PARTICLE ARG/FILL FUNC-PARTICLE ARG/FILL ARG/FILL ARG/FILL OP/HEAD QUAL/TAIL ARG/FILL,ARG/FILL / FUNC-PARTICLE / ARG/FILL / FUNC-PARTICLE / ARG/FILL / ARG/FILL / ARG/FILL / OP/HEAD / QUAL/TAIL / ARG/FILL,NO_VERIFIED_EXTERNAL_TRANSLATION
"f111v.35,+P0",f111v,4941,oain okaiin chcthy lkain lchey lshekain qotal shedy chkeey lkeeed lkain y,R00 R10 R04 R00 R00 R00 H13 R06 R00 R00 R00 R06,S1_MULTI_TRANSCRIPTION_STRICT_CORE,S1,FORMAL_G2_CORE_LOCAL_KERNEL,G2,zone-local kernel / record line,S,B,3,paragraph_continuation,ARG/FILL FUNC-PARTICLE FUNC-PARTICLE ARG-LEX ARG/FILL ARG/FILL OP/HEAD FUNC-PARTICLE ARG/FILL ARG/FILL ARG-LEX FUNC-PARTICLE,ARG/FILL / FUNC-PARTICLE / FUNC-PARTICLE / ARG-LEX / ARG/FILL / ARG/FILL / OP/HEAD / FUNC-PARTICLE / ARG/FILL / ARG/FILL / ARG-LEX / FUNC-PARTICLE,NO_VERIFIED_EXTERNAL_TRANSLATION
"f111v.36,+P0",f111v,4942,shain okaiin chey qokar ar ar ain olr ar olor,R06 R10 R06 R03 R06 R06 R06 R00 R06 R00,S2_STRONG_BUT_PARTIAL_TRANSCRIPTION_CORE,S2,FORMAL_G2_CORE_LOCAL_KERNEL,G2,zone-local kernel / record line,S,B,3,paragraph_continuation,ARG/FILL FUNC-PARTICLE FUNC-PARTICLE FUNC-PARTICLE FUNC-PARTICLE FUNC-PARTICLE ARG/FILL ARG/FILL FUNC-PARTICLE ARG/FILL,ARG/FILL / FUNC-PARTICLE / FUNC-PARTICLE / FUNC-PARTICLE / FUNC-PARTICLE / FUNC-PARTICLE / ARG/FILL / ARG/FILL / FUNC-PARTICLE / ARG/FILL,NO_VERIFIED_EXTERNAL_TRANSLATION
"f111v.38,+P0",f111v,4944,ycheey oaiin checkhey otain qotl chear chedy qokeey okeedy lkeey,R06 R00 R00 R00 R00 R00 R02 H08 R00 R00,S2_STRONG_BUT_PARTIAL_TRANSCRIPTION_CORE,S2,FORMAL_G2_CORE_LOCAL_KERNEL,G2,zone-local kernel / record line,S,B,3,paragraph_continuation,ARG/FILL ARG/FILL ARG/FILL FUNC-PARTICLE ARG/FILL ARG/FILL FUNC-PARTICLE FUNC-PARTICLE FUNC-PARTICLE ARG/FILL,ARG/FILL / ARG/FILL / ARG/FILL / FUNC-PARTICLE / ARG/FILL / ARG/FILL / FUNC-PARTICLE / FUNC-PARTICLE / FUNC-PARTICLE / ARG/FILL,NO_VERIFIED_EXTERNAL_TRANSLATION
"f111v.39,+P0",f111v,4945,dsheey qokal chedy chcthy qokain chedy lkeey shey qokain chedy lchdy,R06 H08 R02 R04 H08 R02 R00 R06 H08 R02 R00,S1_MULTI_TRANSCRIPTION_STRICT_CORE,S1,FORMAL_G2_CORE_LOCAL_KERNEL,G2,zone-local kernel / record line,S,B,3,paragraph_continuation,ARG/FILL FUNC-PARTICLE FUNC-PARTICLE FUNC-PARTICLE FUNC-PARTICLE FUNC-PARTICLE ARG/FILL FUNC-PARTICLE FUNC-PARTICLE FUNC-PARTICLE ARG/FILL,ARG/FILL / FUNC-PARTICLE / FUNC-PARTICLE / FUNC-PARTICLE / FUNC-PARTICLE / FUNC-PARTICLE / ARG/FILL / FUNC-PARTICLE / FUNC-PARTICLE / FUNC-PARTICLE / ARG/FILL,NO_VERIFIED_EXTERNAL_TRANSLATION
"f111v.40,+P0",f111v,4946,ykeeey lkain chckhy chokain chckhal sheckhedy qokeey qokeedy lchsl,R06 R00 R00 R00 R00 R00 H08 H01 R00,S1_MULTI_TRANSCRIPTION_STRICT_CORE,S1,FORMAL_G2_CORE_LOCAL_KERNEL,G2,zone-local kernel / record line,S,B,3,paragraph_continuation,ARG/FILL ARG-LEX FUNC-PARTICLE ARG/FILL ARG/FILL ARG/FILL FUNC-PARTICLE FUNC-PARTICLE ARG/FILL,ARG/FILL / ARG-LEX / FUNC-PARTICLE / ARG/FILL / ARG/FILL / ARG/FILL / FUNC-PARTICLE / FUNC-PARTICLE / ARG/FILL,NO_VERIFIED_EXTERNAL_TRANSLATION
"f111v.44,+P0",f111v,4950,dain teeodain cheeal olaiin or,R06 R00 R00 R10 R06,S1_MULTI_TRANSCRIPTION_STRICT_CORE,S1,FORMAL_G2_CORE_LOCAL_KERNEL,G2,zone-local kernel / record line,S,B,3,paragraph_continuation,FUNC-PARTICLE ARG/FILL ARG/FILL QUAL/TAIL FUNC-PARTICLE,FUNC-PARTICLE / ARG/FILL / ARG/FILL / QUAL/TAIL / FUNC-PARTICLE,NO_VERIFIED_EXTERNAL_TRANSLATION
"f111v.45,+P0",f111v,4951,pollaiin okain sheal pchedain opchey polshy okshey opchedy qopchair alky,R00 R10 R06 R00 R00 R06 R00 R00 H07 R00,S2_STRONG_BUT_PARTIAL_TRANSCRIPTION_CORE,S2,FORMAL_G2_CORE_LOCAL_KERNEL,G2,zone-local kernel / record line,S,B,3,paragraph_continuation,ARG/FILL FUNC-PARTICLE ARG-LEX ARG/FILL ARG/FILL ARG/FILL ARG/FILL ARG/FILL OP/HEAD ARG/FILL,ARG/FILL / FUNC-PARTICLE / ARG-LEX / ARG/FILL / ARG/FILL / ARG/FILL / ARG/FILL / ARG/FILL / OP/HEAD / ARG/FILL,NO_VERIFIED_EXTERNAL_TRANSLATION
"f111v.50,+P0",f111v,4956,shaiin qoiiin okain chey qokeeey okain chees ar ol loeees otain or,R06 H07 R10 R06 H08 R10 R00 R06 R06 R00 R00 R06,S1_MULTI_TRANSCRIPTION_STRICT_CORE,S1,FORMAL_G2_CORE_LOCAL_KERNEL,G2,zone-local kernel / record line,S,B,3,paragraph_continuation,ARG/FILL OP/HEAD FUNC-PARTICLE FUNC-PARTICLE OP/HEAD FUNC-PARTICLE ARG/FILL FUNC-PARTICLE FUNC-PARTICLE ARG/FILL FUNC-PARTICLE FUNC-PARTICLE,ARG/FILL / OP/HEAD / FUNC-PARTICLE / FUNC-PARTICLE / OP/HEAD / FUNC-PARTICLE / ARG/FILL / FUNC-PARTICLE / FUNC-PARTICLE / ARG/FILL / FUNC-PARTICLE / FUNC-PARTICLE,NO_VERIFIED_EXTERNAL_TRANSLATION
"f111v.51,+P0",f111v,4957,sain cheal chckhy okain okalaiin choty chckhy,R06 R00 R00 R10 R00 R00 R00,S1_MULTI_TRANSCRIPTION_STRICT_CORE,S1,FORMAL_G2_CORE_LOCAL_KERNEL,G2,zone-local kernel / record line,S,B,3,paragraph_continuation,FUNC-PARTICLE ARG/FILL FUNC-PARTICLE FUNC-PARTICLE ARG/FILL ARG/FILL FUNC-PARTICLE,FUNC-PARTICLE / ARG/FILL / FUNC-PARTICLE / FUNC-PARTICLE / ARG/FILL / ARG/FILL / FUNC-PARTICLE,NO_VERIFIED_EXTERNAL_TRANSLATION
"f112r.11,+P0",f112r,4968,tchedy qoteey qeol qokeey otey qokeey qokedy chotyr,R06 H13 R00 H08 R01 H08 H12 R00,S1_MULTI_TRANSCRIPTION_STRICT_CORE,S1,FORMAL_G1_GLOBAL_FRAME,G1,relational frame / record line,S,B,3,paragraph_continuation,ARG/FILL OPERATOR ARG/FILL FUNC-PARTICLE QUAL/TAIL FUNC-PARTICLE FUNC-PARTICLE ARG/FILL,ARG/FILL / OPERATOR / ARG/FILL / FUNC-PARTICLE / QUAL/TAIL / FUNC-PARTICLE / FUNC-PARTICLE / ARG/FILL,NO_VERIFIED_EXTERNAL_TRANSLATION
"f112r.24,+P0",f112r,4981,cheeteey qokeeey lkeey okeedykey lkedy qokedy otedy otedy lo,R00 H08 R00 R00 R00 H12 R01 R01 R00,S2_STRONG_BUT_PARTIAL_TRANSCRIPTION_CORE,S2,FORMAL_G1_GLOBAL_FRAME,G1,relational frame / record line,S,B,3,paragraph_continuation,ARG/FILL OP/HEAD ARG/FILL ARG/FILL ARG/FILL FUNC-PARTICLE FUNC-PARTICLE FUNC-PARTICLE ARG/FILL,ARG/FILL / OP/HEAD / ARG/FILL / ARG/FILL / ARG/FILL / FUNC-PARTICLE / FUNC-PARTICLE / FUNC-PARTICLE / ARG/FILL,NO_VERIFIED_EXTERNAL_TRANSLATION
"f112r.25,+P0",f112r,4982,tedain shedy ochor okchd ykedy kedy chor aiin cheety chcthy okey,R06 R06 R00 R00 R00 R06 R11 R06 R00 R04 R00,S1_MULTI_TRANSCRIPTION_STRICT_CORE,S1,FORMAL_G3C_NONFRAME_SHORTFORM_HP,G3C,compact label / index / list entry,S,B,3,paragraph_continuation,LABEL-FIELD FUNC-PARTICLE LABEL-FIELD LABEL-FIELD LABEL-FIELD LABEL-FIELD LABEL-LEX FUNC-PARTICLE LABEL-FIELD FUNC-PARTICLE LABEL-FIELD,LABEL-FIELD / FUNC-PARTICLE / LABEL-FIELD / LABEL-FIELD / LABEL-FIELD / LABEL-FIELD / LABEL-LEX / FUNC-PARTICLE / LABEL-FIELD / FUNC-PARTICLE / LABEL-FIELD,NO_VERIFIED_EXTERNAL_TRANSLATION
"f112r.26,+P0",f112r,4983,tockhy chedy chedam,R06 R02 R00,S1_MULTI_TRANSCRIPTION_STRICT_CORE,S1,FORMAL_G3C_NONFRAME_SHORTFORM_HP,G3C,compact label / index / list entry,S,B,3,paragraph_continuation,LABEL-FIELD FUNC-PARTICLE LABEL-FIELD,LABEL-FIELD / FUNC-PARTICLE / LABEL-FIELD,NO_VERIFIED_EXTERNAL_TRANSLATION
"f112r.27,+P0",f112r,4984,pcholkeedy okchoiiin aky opchedy kolfchdy opchedy lky shty,R00 R00 R00 R00 R00 R00 R00 R06,S2_STRONG_BUT_PARTIAL_TRANSCRIPTION_CORE,S2,FORMAL_G3C_NONFRAME_SHORTFORM_HP,G3C,compact label / index / list entry,S,B,3,paragraph_continuation,LABEL-FIELD LABEL-FIELD LABEL-FIELD LABEL-FIELD LABEL-FIELD LABEL-FIELD LABEL-FIELD LABEL-FIELD,LABEL-FIELD / LABEL-FIELD / LABEL-FIELD / LABEL-FIELD / LABEL-FIELD / LABEL-FIELD / LABEL-FIELD / LABEL-FIELD,NO_VERIFIED_EXTERNAL_TRANSLATION
"f112r.28,+P0",f112r,4985,ysheedy sheokeedy qokeedy qokain oteedy chckhy ytchedy shara,R00 R00 H01 H08 R01 R00 R00 R06,S1_MULTI_TRANSCRIPTION_STRICT_CORE,S1,FORMAL_G1_GLOBAL_FRAME,G1,relational frame / record line,S,B,3,paragraph_continuation,ARG/FILL ARG/FILL FUNC-PARTICLE FUNC-PARTICLE FUNC-PARTICLE FUNC-PARTICLE ARG/FILL ARG/FILL,ARG/FILL / ARG/FILL / FUNC-PARTICLE / FUNC-PARTICLE / FUNC-PARTICLE / FUNC-PARTICLE / ARG/FILL / ARG/FILL,NO_VERIFIED_EXTERNAL_TRANSLATION
"f112r.36,+P0",f112r,4993,sain ol checkhy olchain okeey olam,R06 R06 R00 R00 R06 R00,S1_MULTI_TRANSCRIPTION_STRICT_CORE,S1,FORMAL_G3C_NONFRAME_SHORTFORM_HP,G3C,compact label / index / list entry,S,B,3,paragraph_continuation,FUNC-PARTICLE FUNC-PARTICLE LABEL-FIELD LABEL-FIELD FUNC-PARTICLE LABEL-FIELD,FUNC-PARTICLE / FUNC-PARTICLE / LABEL-FIELD / LABEL-FIELD / FUNC-PARTICLE / LABEL-FIELD,NO_VERIFIED_EXTERNAL_TRANSLATION
"f112v.10,+P0",f112v,5012,dain sheey okchedyoror,R06 R06 R00,S2_STRONG_BUT_PARTIAL_TRANSCRIPTION_CORE,S2,FORMAL_G3C_NONFRAME_SHORTFORM_HP,G3C,compact label / index / list entry,S,B,3,paragraph_continuation,FUNC-PARTICLE FUNC-PARTICLE LABEL-FIELD,FUNC-PARTICLE / FUNC-PARTICLE / LABEL-FIELD,NO_VERIFIED_EXTERNAL_TRANSLATION
"f112v.20,+P0",f112v,5022,pchoraiin ar alchedy olkeedy qokedy qotaiin chocthedy saisal,R00 R06 R00 R00 H12 H13 R00 R06,S1_MULTI_TRANSCRIPTION_STRICT_CORE,S1,FORMAL_G1_GLOBAL_FRAME,G1,relational frame / record line,S,B,3,paragraph_continuation,ARG/FILL FUNC-PARTICLE ARG/FILL ARG/FILL FUNC-PARTICLE OPERATOR ARG/FILL ARG/FILL,ARG/FILL / FUNC-PARTICLE / ARG/FILL / ARG/FILL / FUNC-PARTICLE / OPERATOR / ARG/FILL / ARG/FILL,NO_VERIFIED_EXTERNAL_TRANSLATION
"f112v.21,+P0",f112v,5023,saiin chekain cheol qoeedy chol keedy qokaiin shedy qokeol kain,R06 R00 R00 R00 R07 R06 H08 R06 H08 R06,S2_STRONG_BUT_PARTIAL_TRANSCRIPTION_CORE,S2,FORMAL_G1_GLOBAL_FRAME,G1,relational frame / record line,S,B,3,paragraph_continuation,FUNC-PARTICLE ARG/FILL FUNC-PARTICLE ARG/FILL FUNC-PARTICLE ARG/FILL FUNC-PARTICLE FUNC-PARTICLE OP/HEAD ARG/FILL,FUNC-PARTICLE / ARG/FILL / FUNC-PARTICLE / ARG/FILL / FUNC-PARTICLE / ARG/FILL / FUNC-PARTICLE / FUNC-PARTICLE / OP/HEAD / ARG/FILL,NO_VERIFIED_EXTERNAL_TRANSLATION
"f112v.27,+P0",f112v,5029,pchodain aiin teeedy qoeey okeedy qokeear al okedal olkeedy qotedy,R00 R06 R06 H07 R00 H08 R06 R00 R00 H17,S2_STRONG_BUT_PARTIAL_TRANSCRIPTION_CORE,S2,FORMAL_G1_GLOBAL_FRAME,G1,relational frame / record line,S,B,3,paragraph_continuation,ARG/FILL FUNC-PARTICLE ARG/FILL OPERATOR FUNC-PARTICLE OP/HEAD FUNC-PARTICLE ARG/FILL ARG/FILL FUNC-PARTICLE,ARG/FILL / FUNC-PARTICLE / ARG/FILL / OPERATOR / FUNC-PARTICLE / OP/HEAD / FUNC-PARTICLE / ARG/FILL / ARG/FILL / FUNC-PARTICLE,NO_VERIFIED_EXTERNAL_TRANSLATION
"f112v.33,+P0",f112v,5035,or cheeor okeedy qokedy qokeedy chedaiin okeeedy otaiin cheekey chol,R06 R00 R00 H12 H01 R00 R00 R10 R00 R07,S1_MULTI_TRANSCRIPTION_STRICT_CORE,S1,FORMAL_G1_GLOBAL_FRAME,G1,relational frame / record line,S,B,3,paragraph_continuation,FUNC-PARTICLE ARG/FILL FUNC-PARTICLE FUNC-PARTICLE FUNC-PARTICLE ARG/FILL ARG/FILL FUNC-PARTICLE ARG/FILL FUNC-PARTICLE,FUNC-PARTICLE / ARG/FILL / FUNC-PARTICLE / FUNC-PARTICLE / FUNC-PARTICLE / ARG/FILL / ARG/FILL / FUNC-PARTICLE / ARG/FILL / FUNC-PARTICLE,NO_VERIFIED_EXTERNAL_TRANSLATION
"f112v.39,+P0",f112v,5041,teodarody opcheed okaiin chaiin otam oteedy qoteey qotain chcthd,R00 R00 R10 R00 R06 R01 H13 H13 R04,S2_STRONG_BUT_PARTIAL_TRANSCRIPTION_CORE,S2,FORMAL_G1_GLOBAL_FRAME,G1,relational frame / record line,S,B,3,paragraph_continuation,ARG/FILL ARG/FILL FUNC-PARTICLE LABEL-LEX ARG/FILL FUNC-PARTICLE OPERATOR FUNC-PARTICLE QUAL/TAIL,ARG/FILL / ARG/FILL / FUNC-PARTICLE / LABEL-LEX / ARG/FILL / FUNC-PARTICLE / OPERATOR / FUNC-PARTICLE / QUAL/TAIL,NO_VERIFIED_EXTERNAL_TRANSLATION
"f112v.40,+P0",f112v,5042,ycheol lchedy chckhy cheolchal shchy daiin cheolor okain chedy daiin,R06 R00 R00 R00 R06 R10 R00 R10 R02 R10,S1_MULTI_TRANSCRIPTION_STRICT_CORE,S1,FORMAL_G3C_NONFRAME_SHORTFORM_HP,G3C,compact label / index / list entry,S,B,3,paragraph_continuation,LABEL-FIELD FUNC-PARTICLE FUNC-PARTICLE LABEL-FIELD LABEL-FIELD FUNC-PARTICLE LABEL-FIELD FUNC-PARTICLE FUNC-PARTICLE FUNC-PARTICLE,LABEL-FIELD / FUNC-PARTICLE / FUNC-PARTICLE / LABEL-FIELD / LABEL-FIELD / FUNC-PARTICLE / LABEL-FIELD / FUNC-PARTICLE / FUNC-PARTICLE / FUNC-PARTICLE,NO_VERIFIED_EXTERNAL_TRANSLATION
"f112v.41,+P0",f112v,5043,ykeedan checkhey oain chol,R00 R00 R00 R07,S1_MULTI_TRANSCRIPTION_STRICT_CORE,S1,FORMAL_G3C_NONFRAME_SHORTFORM_HP,G3C,compact label / index / list entry,S,B,3,paragraph_continuation,LABEL-FIELD LABEL-FIELD LABEL-FIELD FUNC-PARTICLE,LABEL-FIELD / LABEL-FIELD / LABEL-FIELD / FUNC-PARTICLE,NO_VERIFIED_EXTERNAL_TRANSLATION
"f113r.15,+P0",f113r,5064,chol chs saiin chaiiin,R07 R00 R06 R00,S1_MULTI_TRANSCRIPTION_STRICT_CORE,S1,FORMAL_G3C_NONFRAME_SHORTFORM_HP,G3C,compact label / index / list entry,S,B,3,paragraph_continuation,FUNC-PARTICLE LABEL-FIELD FUNC-PARTICLE LABEL-FIELD,FUNC-PARTICLE / LABEL-FIELD / FUNC-PARTICLE / LABEL-FIELD,NO_VERIFIED_EXTERNAL_TRANSLATION
"f113r.19,+P0",f113r,5068,yhal cheeo rlaiin chckhey cheol,R06 R00 R00 R00 R00,S1_MULTI_TRANSCRIPTION_STRICT_CORE,S1,FORMAL_G3C_NONFRAME_SHORTFORM_HP,G3C,compact label / index / list entry,S,B,3,paragraph_continuation,LABEL-FIELD LABEL-FIELD LABEL-FIELD LABEL-FIELD FUNC-PARTICLE,LABEL-FIELD / LABEL-FIELD / LABEL-FIELD / LABEL-FIELD / FUNC-PARTICLE,NO_VERIFIED_EXTERNAL_TRANSLATION
"f113r.24,+P0",f113r,5073,dair chor chopchey araiin or ral arody,R06 R11 R00 R00 R06 R00 R00,S1_MULTI_TRANSCRIPTION_STRICT_CORE,S1,FORMAL_G3C_NONFRAME_SHORTFORM_HP,G3C,compact label / index / list entry,S,B,3,paragraph_continuation,LABEL-FIELD LABEL-LEX LABEL-FIELD LABEL-FIELD FUNC-PARTICLE LABEL-FIELD LABEL-FIELD,LABEL-FIELD / LABEL-LEX / LABEL-FIELD / LABEL-FIELD / FUNC-PARTICLE / LABEL-FIELD / LABEL-FIELD,NO_VERIFIED_EXTERNAL_TRANSLATION
"f113r.28,+P0",f113r,5077,sar al chal os akchy daiin cheeeorain otain chol lcholkaiin cheokedy loda,R06 R06 R00 R00 R00 R10 R00 R00 R07 R00 R00 R00,S2_STRONG_BUT_PARTIAL_TRANSCRIPTION_CORE,S2,FORMAL_G3C_NONFRAME_SHORTFORM_HP,G3C,compact label / index / list entry,S,B,3,paragraph_continuation,LABEL-FIELD FUNC-PARTICLE LABEL-FIELD LABEL-FIELD LABEL-FIELD FUNC-PARTICLE LABEL-FIELD FUNC-PARTICLE FUNC-PARTICLE LABEL-FIELD LABEL-FIELD LABEL-FIELD,LABEL-FIELD / FUNC-PARTICLE / LABEL-FIELD / LABEL-FIELD / LABEL-FIELD / FUNC-PARTICLE / LABEL-FIELD / FUNC-PARTICLE / FUNC-PARTICLE / LABEL-FIELD / LABEL-FIELD / LABEL-FIELD,NO_VERIFIED_EXTERNAL_TRANSLATION
"f113r.33,+P0",f113r,5082,ykeeor chear okain chear chockhy,R06 R00 R10 R00 R00,S1_MULTI_TRANSCRIPTION_STRICT_CORE,S1,FORMAL_G3C_NONFRAME_SHORTFORM_HP,G3C,compact label / index / list entry,S,B,3,paragraph_continuation,LABEL-FIELD LABEL-FIELD FUNC-PARTICLE LABEL-FIELD LABEL-FIELD,LABEL-FIELD / LABEL-FIELD / FUNC-PARTICLE / LABEL-FIELD / LABEL-FIELD,NO_VERIFIED_EXTERNAL_TRANSLATION
"f113r.36,+P0",f113r,5085,dcheey sheody shedain,R06 R06 R00,S1_MULTI_TRANSCRIPTION_STRICT_CORE,S1,FORMAL_G3C_NONFRAME_SHORTFORM_HP,G3C,compact label / index / list entry,S,B,3,paragraph_continuation,LABEL-FIELD LABEL-FIELD LABEL-FIELD,LABEL-FIELD / LABEL-FIELD / LABEL-FIELD,NO_VERIFIED_EXTERNAL_TRANSLATION
"f113r.44,+P0",f113r,5093,cheeky lkedy chedy lkaiin,R00 R00 R02 R00,S1_MULTI_TRANSCRIPTION_STRICT_CORE,S1,FORMAL_G3C_NONFRAME_SHORTFORM_HP,G3C,compact label / index / list entry,S,B,3,paragraph_continuation,LABEL-FIELD LABEL-FIELD FUNC-PARTICLE LABEL-FIELD,LABEL-FIELD / LABEL-FIELD / FUNC-PARTICLE / LABEL-FIELD,NO_VERIFIED_EXTERNAL_TRANSLATION
"f113v.8,+P0",f113v,5108,ycheody qokeeor choltar olkam chokam odal sheckhy qokchedy otor otar toky,R00 H08 R07 R00 R00 R00 R00 H10 R00 R01 R06,S1_MULTI_TRANSCRIPTION_STRICT_CORE,S1,FORMAL_G1_GLOBAL_FRAME,G1,relational frame / record line,S,B,3,paragraph_continuation,ARG/FILL OP/HEAD ARG/FILL ARG/FILL ARG/FILL ARG/FILL ARG-LEX OP/HEAD ARG/FILL QUAL/TAIL ARG/FILL,ARG/FILL / OP/HEAD / ARG/FILL / ARG/FILL / ARG/FILL / ARG/FILL / ARG-LEX / OP/HEAD / ARG/FILL / QUAL/TAIL / ARG/FILL,NO_VERIFIED_EXTERNAL_TRANSLATION
"f113v.9,+P0",f113v,5109,dair ar okaiin chokaiin checkhol cholkaiin olchy,R06 R06 R10 R10 R00 R07 R00,S1_MULTI_TRANSCRIPTION_STRICT_CORE,S1,FORMAL_G3C_NONFRAME_SHORTFORM_HP,G3C,compact label / index / list entry,S,B,3,paragraph_continuation,LABEL-FIELD FUNC-PARTICLE FUNC-PARTICLE LABEL-FIELD LABEL-FIELD LABEL-FIELD LABEL-FIELD,LABEL-FIELD / FUNC-PARTICLE / FUNC-PARTICLE / LABEL-FIELD / LABEL-FIELD / LABEL-FIELD / LABEL-FIELD,NO_VERIFIED_EXTERNAL_TRANSLATION
"f113v.12,+P0",f113v,5112,solchedy otsheody arl olchey oror,R00 R00 R00 R00 R00,S2_STRONG_BUT_PARTIAL_TRANSCRIPTION_CORE,S2,FORMAL_G3C_NONFRAME_SHORTFORM_HP,G3C,compact label / index / list entry,S,B,3,paragraph_continuation,LABEL-FIELD LABEL-FIELD LABEL-FIELD LABEL-FIELD LABEL-FIELD,LABEL-FIELD / LABEL-FIELD / LABEL-FIELD / LABEL-FIELD / LABEL-FIELD,NO_VERIFIED_EXTERNAL_TRANSLATION
"f113v.14,+P0",f113v,5114,dar al sheey qotaiin chor cthol okeshos olchedy qokaiin okal okaiin olo,R06 R06 R06 H13 R11 R07 R00 R00 H08 R07 R10 R00,S1_MULTI_TRANSCRIPTION_STRICT_CORE,S1,FORMAL_G1_GLOBAL_FRAME,G1,relational frame / record line,S,B,3,paragraph_continuation,FUNC-PARTICLE FUNC-PARTICLE FUNC-PARTICLE OPERATOR LABEL-LEX ARG/FILL ARG/FILL ARG/FILL FUNC-PARTICLE FUNC-PARTICLE FUNC-PARTICLE ARG/FILL,FUNC-PARTICLE / FUNC-PARTICLE / FUNC-PARTICLE / OPERATOR / LABEL-LEX / ARG/FILL / ARG/FILL / ARG/FILL / FUNC-PARTICLE / FUNC-PARTICLE / FUNC-PARTICLE / ARG/FILL,NO_VERIFIED_EXTERNAL_TRANSLATION
"f113v.17,+P0",f113v,5117,saraiin shedy lcheey olkar okaiin cthororaiin yteeeor,R00 R06 R00 R00 R10 R04 R00,S2_STRONG_BUT_PARTIAL_TRANSCRIPTION_CORE,S2,FORMAL_G3C_NONFRAME_SHORTFORM_HP,G3C,compact label / index / list entry,S,B,3,paragraph_continuation,LABEL-FIELD FUNC-PARTICLE LABEL-FIELD LABEL-FIELD FUNC-PARTICLE LABEL-FIELD LABEL-FIELD,LABEL-FIELD / FUNC-PARTICLE / LABEL-FIELD / LABEL-FIELD / FUNC-PARTICLE / LABEL-FIELD / LABEL-FIELD,NO_VERIFIED_EXTERNAL_TRANSLATION
"f113v.24,+P0",f113v,5124,olkeey lcheey loar cheos,R00 R00 R00 R00,S1_MULTI_TRANSCRIPTION_STRICT_CORE,S1,FORMAL_G3C_NONFRAME_SHORTFORM_HP,G3C,compact label / index / list entry,S,B,3,paragraph_continuation,LABEL-FIELD LABEL-FIELD LABEL-FIELD LABEL-FIELD,LABEL-FIELD / LABEL-FIELD / LABEL-FIELD / LABEL-FIELD,NO_VERIFIED_EXTERNAL_TRANSLATION
"f113v.27,+P0",f113v,5127,ycheeolcheeo alkeedy,R00 R00,S2_STRONG_BUT_PARTIAL_TRANSCRIPTION_CORE,S2,FORMAL_G3C_NONFRAME_SHORTFORM_HP,G3C,compact label / index / list entry,S,B,3,paragraph_continuation,LABEL-FIELD LABEL-FIELD,LABEL-FIELD / LABEL-FIELD,NO_VERIFIED_EXTERNAL_TRANSLATION
"f113v.31,+P0",f113v,5131,daiiin cheol teeoar shek lchedy okaiin chckhaiin otaiin otaiin araral,R06 R00 R06 R06 R00 R10 R00 R10 R10 R00,S1_MULTI_TRANSCRIPTION_STRICT_CORE,S1,FORMAL_G3C_NONFRAME_SHORTFORM_HP,G3C,compact label / index / list entry,S,B,3,paragraph_continuation,LABEL-FIELD FUNC-PARTICLE LABEL-FIELD LABEL-FIELD FUNC-PARTICLE FUNC-PARTICLE LABEL-FIELD FUNC-PARTICLE FUNC-PARTICLE LABEL-FIELD,LABEL-FIELD / FUNC-PARTICLE / LABEL-FIELD / LABEL-FIELD / FUNC-PARTICLE / FUNC-PARTICLE / LABEL-FIELD / FUNC-PARTICLE / FUNC-PARTICLE / LABEL-FIELD,NO_VERIFIED_EXTERNAL_TRANSLATION
"f113v.46,+P0",f113v,5146,olkaiin cheey lain al cheey,R00 R06 R00 R06 R06,S1_MULTI_TRANSCRIPTION_STRICT_CORE,S1,FORMAL_G3C_NONFRAME_SHORTFORM_HP,G3C,compact label / index / list entry,S,B,3,paragraph_continuation,LABEL-FIELD FUNC-PARTICLE LABEL-FIELD FUNC-PARTICLE FUNC-PARTICLE,LABEL-FIELD / FUNC-PARTICLE / LABEL-FIELD / FUNC-PARTICLE / FUNC-PARTICLE,NO_VERIFIED_EXTERNAL_TRANSLATION
"f114r.3,+P0",f114r,5152,ycheod,R06,S1_MULTI_TRANSCRIPTION_STRICT_CORE,S1,FORMAL_G3C_NONFRAME_SHORTFORM_HP,G3C,compact label / index / list entry,S,B,3,paragraph_continuation,LABEL-FIELD,LABEL-FIELD,NO_VERIFIED_EXTERNAL_TRANSLATION
"f114r.4,+P0",f114r,5153,fdeechdy opchedaiin ypchedy odaly chedy qop cheokaiin shedy podair ochedal,R00 R00 R00 R00 R02 R00 R00 R06 R06 R09,S1_MULTI_TRANSCRIPTION_STRICT_CORE,S1,FORMAL_G3C_NONFRAME_SHORTFORM_HP,G3C,compact label / index / list entry,S,B,3,paragraph_continuation,LABEL-FIELD LABEL-FIELD LABEL-FIELD LABEL-FIELD FUNC-PARTICLE LABEL-FIELD LABEL-FIELD FUNC-PARTICLE LABEL-FIELD QUAL/TAIL,LABEL-FIELD / LABEL-FIELD / LABEL-FIELD / LABEL-FIELD / FUNC-PARTICLE / LABEL-FIELD / LABEL-FIELD / FUNC-PARTICLE / LABEL-FIELD / QUAL/TAIL,NO_VERIFIED_EXTERNAL_TRANSLATION
"f114r.21,+P0",f114r,5170,lcheey lchedo lcheo dkair,R00 R00 R00 R06,S1_MULTI_TRANSCRIPTION_STRICT_CORE,S1,FORMAL_G3C_NONFRAME_SHORTFORM_HP,G3C,compact label / index / list entry,S,B,3,paragraph_continuation,LABEL-FIELD LABEL-FIELD LABEL-FIELD LABEL-FIELD,LABEL-FIELD / LABEL-FIELD / LABEL-FIELD / LABEL-FIELD,NO_VERIFIED_EXTERNAL_TRANSLATION
"f114r.34,+Pr",f114r,5183,ytain olkaiin ykar chdar alkam,R06 R00 R06 R00 R00,S1_MULTI_TRANSCRIPTION_STRICT_CORE,S1,FORMAL_G3C_NONFRAME_SHORTFORM_HP,G3C,compact label / index / list entry,S,B,3,paragraph_continuation,LABEL-FIELD LABEL-FIELD LABEL-FIELD LABEL-FIELD LABEL-FIELD,LABEL-FIELD / LABEL-FIELD / LABEL-FIELD / LABEL-FIELD / LABEL-FIELD,NO_VERIFIED_EXTERNAL_TRANSLATION
"f114r.44,+P0",f114r,5193,ydaiin chedy qoal cheey qokair okeedy chotal chol okain ar da opaiin,R06 R02 H07 R06 H08 R00 R00 R07 R10 R06 R06 R00,S2_STRONG_BUT_PARTIAL_TRANSCRIPTION_CORE,S2,FORMAL_G1_GLOBAL_FRAME,G1,relational frame / record line,S,B,3,paragraph_continuation,ARG/FILL FUNC-PARTICLE OP/HEAD FUNC-PARTICLE OP/HEAD FUNC-PARTICLE ARG/FILL FUNC-PARTICLE FUNC-PARTICLE FUNC-PARTICLE ARG/FILL ARG/FILL,ARG/FILL / FUNC-PARTICLE / OP/HEAD / FUNC-PARTICLE / OP/HEAD / FUNC-PARTICLE / ARG/FILL / FUNC-PARTICLE / FUNC-PARTICLE / FUNC-PARTICLE / ARG/FILL / ARG/FILL,NO_VERIFIED_EXTERNAL_TRANSLATION
"f114r.45,+P0",f114r,5194,dain ched chodaiin otain chdar chedy chocthy,R06 R00 R00 R00 R00 R02 R00,S1_MULTI_TRANSCRIPTION_STRICT_CORE,S1,FORMAL_G3C_NONFRAME_SHORTFORM_HP,G3C,compact label / index / list entry,S,B,3,paragraph_continuation,FUNC-PARTICLE LABEL-FIELD LABEL-FIELD FUNC-PARTICLE LABEL-FIELD FUNC-PARTICLE LABEL-FIELD,FUNC-PARTICLE / LABEL-FIELD / LABEL-FIELD / FUNC-PARTICLE / LABEL-FIELD / FUNC-PARTICLE / LABEL-FIELD,NO_VERIFIED_EXTERNAL_TRANSLATION
"f114v.4,+P0",f114v,5198,qokedy cheocthedy qoted qotedol chedar qotedy okeedy daiin chedaiin oky,H12 R04 H13 H13 R00 H17 R00 R10 R00 R00,S1_MULTI_TRANSCRIPTION_STRICT_CORE,S1,FORMAL_G1_GLOBAL_FRAME,G1,relational frame / record line,S,B,3,paragraph_continuation,FUNC-PARTICLE QUAL/TAIL OP/HEAD OP/HEAD ARG/FILL FUNC-PARTICLE FUNC-PARTICLE FUNC-PARTICLE ARG/FILL FUNC-PARTICLE,FUNC-PARTICLE / QUAL/TAIL / OP/HEAD / OP/HEAD / ARG/FILL / FUNC-PARTICLE / FUNC-PARTICLE / FUNC-PARTICLE / ARG/FILL / FUNC-PARTICLE,NO_VERIFIED_EXTERNAL_TRANSLATION
"f114v.8,+P0",f114v,5202,pchedchdy qoteedy qokedain chdaiin qokedy chedain qoeedy qotey qotaiin,R00 H01 H08 R10 H12 R00 R00 H13 H13,S1_MULTI_TRANSCRIPTION_STRICT_CORE,S1,FORMAL_G1_GLOBAL_FRAME,G1,relational frame / record line,S,B,3,paragraph_continuation,ARG/FILL FUNC-PARTICLE OP/HEAD QUAL/TAIL FUNC-PARTICLE ARG/FILL ARG/FILL OP/HEAD OPERATOR,ARG/FILL / FUNC-PARTICLE / OP/HEAD / QUAL/TAIL / FUNC-PARTICLE / ARG/FILL / ARG/FILL / OP/HEAD / OPERATOR,NO_VERIFIED_EXTERNAL_TRANSLATION
"f114v.9,+P0",f114v,5203,soes oeeos aiin olkeey keol qotcheedy qockhed skaiin sheedy qotal chedy,R06 R00 R06 R00 R06 H17 H07 R06 R06 H13 R02,S1_MULTI_TRANSCRIPTION_STRICT_CORE,S1,FORMAL_G1_GLOBAL_FRAME,G1,relational frame / record line,S,B,3,paragraph_continuation,ARG/FILL ARG/FILL FUNC-PARTICLE ARG/FILL ARG/FILL OP/HEAD OP/HEAD ARG/FILL FUNC-PARTICLE OP/HEAD FUNC-PARTICLE,ARG/FILL / ARG/FILL / FUNC-PARTICLE / ARG/FILL / ARG/FILL / OP/HEAD / OP/HEAD / ARG/FILL / FUNC-PARTICLE / OP/HEAD / FUNC-PARTICLE,NO_VERIFIED_EXTERNAL_TRANSLATION
"f114v.10,+P0",f114v,5204,olkees chedaiin qotaiin olchedaiin chedain dain chcthdy,R00 R00 H13 R00 R00 R06 R04,S1_MULTI_TRANSCRIPTION_STRICT_CORE,S1,FORMAL_G1_GLOBAL_FRAME,G1,relational frame / record line,S,B,3,paragraph_continuation,ARG/FILL ARG/FILL OPERATOR ARG/FILL ARG/FILL FUNC-PARTICLE QUAL/TAIL,ARG/FILL / ARG/FILL / OPERATOR / ARG/FILL / ARG/FILL / FUNC-PARTICLE / QUAL/TAIL,NO_VERIFIED_EXTERNAL_TRANSLATION
"f114v.13,+P0",f114v,5207,sheedy qoteeosoiiin chcthain,R06 H13 R04,S2_STRONG_BUT_PARTIAL_TRANSCRIPTION_CORE,S2,FORMAL_G1_GLOBAL_FRAME,G1,relational frame / record line,S,B,3,paragraph_continuation,FUNC-PARTICLE OP/HEAD QUAL/TAIL,FUNC-PARTICLE / OP/HEAD / QUAL/TAIL,NO_VERIFIED_EXTERNAL_TRANSLATION
"f114v.17,+P0",f114v,5211,sheoal chos oaiiralchedy chcphedy okary,R06 R00 R00 R00 R00,S1_MULTI_TRANSCRIPTION_STRICT_CORE,S1,FORMAL_G3C_NONFRAME_SHORTFORM_HP,G3C,compact label / index / list entry,S,B,3,paragraph_continuation,LABEL-FIELD LABEL-FIELD LABEL-FIELD LABEL-FIELD LABEL-LEX,LABEL-FIELD / LABEL-FIELD / LABEL-FIELD / LABEL-FIELD / LABEL-LEX,NO_VERIFIED_EXTERNAL_TRANSLATION
"f114v.25,+P0",f114v,5219,sor aiin otchedy otaiin alkain okeedy,R06 R06 R00 R10 R00 R00,S1_MULTI_TRANSCRIPTION_STRICT_CORE,S1,FORMAL_G3C_NONFRAME_SHORTFORM_HP,G3C,compact label / index / list entry,S,B,3,paragraph_continuation,LABEL-FIELD FUNC-PARTICLE LABEL-FIELD FUNC-PARTICLE LABEL-FIELD FUNC-PARTICLE,LABEL-FIELD / FUNC-PARTICLE / LABEL-FIELD / FUNC-PARTICLE / LABEL-FIELD / FUNC-PARTICLE,NO_VERIFIED_EXTERNAL_TRANSLATION
"f114v.32,+P0",f114v,5226,ycheol oleey cheoaiin chetaiin sheeodain,R06 R00 R00 R00 R00,S1_MULTI_TRANSCRIPTION_STRICT_CORE,S1,FORMAL_G3C_NONFRAME_SHORTFORM_HP,G3C,compact label / index / list entry,S,B,3,paragraph_continuation,LABEL-FIELD LABEL-FIELD LABEL-FIELD LABEL-FIELD LABEL-FIELD,LABEL-FIELD / LABEL-FIELD / LABEL-FIELD / LABEL-FIELD / LABEL-FIELD,NO_VERIFIED_EXTERNAL_TRANSLATION
"f115r.4,+P0",f115r,5239,dchedain qokeedy olkeechdy chor chey kchor orchedar otar sheod qoteedy dardyr,R00 H01 R00 R11 R06 R06 R00 R01 R06 H01 R06,S1_MULTI_TRANSCRIPTION_STRICT_CORE,S1,FORMAL_G1_GLOBAL_FRAME,G1,relational frame / record line,S,B,@,paragraph_continuation,ARG/FILL FUNC-PARTICLE ARG/FILL LABEL-LEX FUNC-PARTICLE ARG/FILL ARG/FILL QUAL/TAIL ARG/FILL FUNC-PARTICLE ARG/FILL,ARG/FILL / FUNC-PARTICLE / ARG/FILL / LABEL-LEX / FUNC-PARTICLE / ARG/FILL / ARG/FILL / QUAL/TAIL / ARG/FILL / FUNC-PARTICLE / ARG/FILL,NO_VERIFIED_EXTERNAL_TRANSLATION
"f115r.5,+P0",f115r,5240,ycheedy chedar olkees sheed qodain qoteedy qokedy qokeed lchedar qotchedy ro,R00 R00 R00 R06 H07 H01 H12 H08 R00 H15 R00,S1_MULTI_TRANSCRIPTION_STRICT_CORE,S1,FORMAL_G1_GLOBAL_FRAME,G1,relational frame / record line,S,B,@,paragraph_continuation,ARG/FILL ARG/FILL ARG/FILL ARG/FILL OP/HEAD FUNC-PARTICLE FUNC-PARTICLE OP/HEAD ARG/FILL OP/HEAD ARG/FILL,ARG/FILL / ARG/FILL / ARG/FILL / ARG/FILL / OP/HEAD / FUNC-PARTICLE / FUNC-PARTICLE / OP/HEAD / ARG/FILL / OP/HEAD / ARG/FILL,NO_VERIFIED_EXTERNAL_TRANSLATION
"f115r.11,+P0",f115r,5246,daiin chedy chol chedy qokiin qokcheedy qototeeey rain cheo chkain cho lory,R10 R02 R07 R02 H08 H12 H13 R00 R00 R00 R00 R00,S1_MULTI_TRANSCRIPTION_STRICT_CORE,S1,FORMAL_G1_GLOBAL_FRAME,G1,relational frame / record line,S,B,@,paragraph_continuation,FUNC-PARTICLE FUNC-PARTICLE FUNC-PARTICLE FUNC-PARTICLE OP/HEAD OP/HEAD OP/HEAD ARG/FILL ARG/FILL ARG/FILL ARG/FILL ARG/FILL,FUNC-PARTICLE / FUNC-PARTICLE / FUNC-PARTICLE / FUNC-PARTICLE / OP/HEAD / OP/HEAD / OP/HEAD / ARG/FILL / ARG/FILL / ARG/FILL / ARG/FILL / ARG/FILL,NO_VERIFIED_EXTERNAL_TRANSLATION
"f115r.16,+P0",f115r,5251,dshedy qotshedy dar oltedy qotar chodar cheocthy chdy qotor otchdy qotolchd,R06 H17 R06 R00 H13 R00 R04 R02 H13 R00 H13,S1_MULTI_TRANSCRIPTION_STRICT_CORE,S1,FORMAL_G1_GLOBAL_FRAME,G1,relational frame / record line,S,B,@,paragraph_continuation,ARG/FILL OP/HEAD FUNC-PARTICLE ARG/FILL OP/HEAD ARG/FILL QUAL/TAIL FUNC-PARTICLE OP/HEAD ARG/FILL OP/HEAD,ARG/FILL / OP/HEAD / FUNC-PARTICLE / ARG/FILL / OP/HEAD / ARG/FILL / QUAL/TAIL / FUNC-PARTICLE / OP/HEAD / ARG/FILL / OP/HEAD,NO_VERIFIED_EXTERNAL_TRANSLATION
"f115r.17,+P0",f115r,5252,qol cheey qotchy daiin daiin cheocthy dolkeedy qotaiin chol oteeedchey okeedain,R00 R06 H13 R10 R10 R04 R00 H13 R07 R01 R00,S1_MULTI_TRANSCRIPTION_STRICT_CORE,S1,FORMAL_G1_GLOBAL_FRAME,G1,relational frame / record line,S,B,@,paragraph_continuation,FUNC-PARTICLE FUNC-PARTICLE OPERATOR FUNC-PARTICLE FUNC-PARTICLE QUAL/TAIL ARG/FILL OPERATOR FUNC-PARTICLE QUAL/TAIL ARG/FILL,FUNC-PARTICLE / FUNC-PARTICLE / OPERATOR / FUNC-PARTICLE / FUNC-PARTICLE / QUAL/TAIL / ARG/FILL / OPERATOR / FUNC-PARTICLE / QUAL/TAIL / ARG/FILL,NO_VERIFIED_EXTERNAL_TRANSLATION
"f115r.18,+P0",f115r,5253,cheol lcheey okcho keedor ykechey chchdy,R00 R00 R00 R06 R00 R00,S2_STRONG_BUT_PARTIAL_TRANSCRIPTION_CORE,S2,FORMAL_G3C_NONFRAME_SHORTFORM_HP,G3C,compact label / index / list entry,S,B,@,paragraph_continuation,FUNC-PARTICLE LABEL-FIELD LABEL-FIELD LABEL-FIELD LABEL-FIELD LABEL-FIELD,FUNC-PARTICLE / LABEL-FIELD / LABEL-FIELD / LABEL-FIELD / LABEL-FIELD / LABEL-FIELD,NO_VERIFIED_EXTERNAL_TRANSLATION
"f115r.28,+P0",f115r,5263,cheo chos al saiin cheody llsan arorochees,R00 R00 R06 R06 R00 R00 R00,S1_MULTI_TRANSCRIPTION_STRICT_CORE,S1,FORMAL_G3C_NONFRAME_SHORTFORM_HP,G3C,compact label / index / list entry,S,B,@,paragraph_continuation,LABEL-FIELD LABEL-FIELD FUNC-PARTICLE FUNC-PARTICLE FUNC-PARTICLE LABEL-FIELD LABEL-FIELD,LABEL-FIELD / LABEL-FIELD / FUNC-PARTICLE / FUNC-PARTICLE / FUNC-PARTICLE / LABEL-FIELD / LABEL-FIELD,NO_VERIFIED_EXTERNAL_TRANSLATION
"f115r.34,+P0",f115r,5269,cheeo lkeeey okeey raiin cheky,R00 R00 R06 R00 R06,S1_MULTI_TRANSCRIPTION_STRICT_CORE,S1,FORMAL_G3C_NONFRAME_SHORTFORM_HP,G3C,compact label / index / list entry,S,B,@,paragraph_continuation,LABEL-FIELD LABEL-FIELD FUNC-PARTICLE LABEL-FIELD FUNC-PARTICLE,LABEL-FIELD / LABEL-FIELD / FUNC-PARTICLE / LABEL-FIELD / FUNC-PARTICLE,NO_VERIFIED_EXTERNAL_TRANSLATION
"f115r.38,+P0",f115r,5273,dor cheol chot qotchy qokchy sol raiin shey kchedy daiin shedy qoty,R06 R00 R00 H13 H08 R06 R00 R06 R06 R10 R06 H01,S2_STRONG_BUT_PARTIAL_TRANSCRIPTION_CORE,S2,FORMAL_G1_GLOBAL_FRAME,G1,relational frame / record line,S,B,@,paragraph_continuation,ARG/FILL FUNC-PARTICLE ARG/FILL OPERATOR OP/HEAD FUNC-PARTICLE ARG/FILL FUNC-PARTICLE ARG/FILL FUNC-PARTICLE FUNC-PARTICLE FUNC-PARTICLE,ARG/FILL / FUNC-PARTICLE / ARG/FILL / OPERATOR / OP/HEAD / FUNC-PARTICLE / ARG/FILL / FUNC-PARTICLE / ARG/FILL / FUNC-PARTICLE / FUNC-PARTICLE / FUNC-PARTICLE,NO_VERIFIED_EXTERNAL_TRANSLATION
"f115v.14,+P0",f115v,5294,okeeokaiin lkeeey lkor sheedy chockhy qockheedy qokechy lkeey ldaiin,R10 R00 R00 R06 R00 H21 H08 R00 R00,S2_STRONG_BUT_PARTIAL_TRANSCRIPTION_CORE,S2,FORMAL_G1_GLOBAL_FRAME,G1,relational frame / record line,S,B,3,paragraph_continuation,QUAL/TAIL ARG/FILL ARG/FILL FUNC-PARTICLE ARG/FILL OP/HEAD OP/HEAD ARG/FILL ARG/FILL,QUAL/TAIL / ARG/FILL / ARG/FILL / FUNC-PARTICLE / ARG/FILL / OP/HEAD / OP/HEAD / ARG/FILL / ARG/FILL,NO_VERIFIED_EXTERNAL_TRANSLATION
"f115v.30,+P0",f115v,5310,ycheedaiin ol chlor lkchedy rchedar oteedal ar lky,R00 R06 R00 R00 R00 R01 R06 R00,S1_MULTI_TRANSCRIPTION_STRICT_CORE,S1,FORMAL_G3B_R01_MICRO_CORE,G3B,R01-dense longform microtext,S,B,3,paragraph_continuation,ARG/FILL FUNC-PARTICLE ARG/FILL ARG/FILL ARG/FILL QUAL/TAIL FUNC-PARTICLE ARG/FILL,ARG/FILL / FUNC-PARTICLE / ARG/FILL / ARG/FILL / ARG/FILL / QUAL/TAIL / FUNC-PARTICLE / ARG/FILL,NO_VERIFIED_EXTERNAL_TRANSLATION
"f115v.32,+P0",f115v,5312,ykchedy okar chedar rolsheedy lkchdy chddy chedy cheey teeodaiin,R00 R03 R00 R00 R00 R00 R02 R06 R10,S1_MULTI_TRANSCRIPTION_STRICT_CORE,S1,FORMAL_G3C_NONFRAME_SHORTFORM_HP,G3C,compact label / index / list entry,S,B,3,paragraph_continuation,LABEL-FIELD FUNC-PARTICLE LABEL-FIELD LABEL-FIELD LABEL-FIELD LABEL-FIELD FUNC-PARTICLE FUNC-PARTICLE LABEL-FIELD,LABEL-FIELD / FUNC-PARTICLE / LABEL-FIELD / LABEL-FIELD / LABEL-FIELD / LABEL-FIELD / FUNC-PARTICLE / FUNC-PARTICLE / LABEL-FIELD,NO_VERIFIED_EXTERNAL_TRANSLATION
"f115v.33,+P0",f115v,5313,ychedal qotchy chcthy chdal lchedy,R09 H13 R04 R09 R00,S1_MULTI_TRANSCRIPTION_STRICT_CORE,S1,FORMAL_G1_GLOBAL_FRAME,G1,relational frame / record line,S,B,3,paragraph_continuation,QUAL/TAIL OPERATOR FUNC-PARTICLE QUAL/TAIL FUNC-PARTICLE,QUAL/TAIL / OPERATOR / FUNC-PARTICLE / QUAL/TAIL / FUNC-PARTICLE,NO_VERIFIED_EXTERNAL_TRANSLATION
"f115v.39,+P0",f115v,5319,dairal chain ykeedy qokedy qokain lkaiin lkchey lkain lror,R06 R00 R00 H12 H08 R00 R00 R00 R00,S1_MULTI_TRANSCRIPTION_STRICT_CORE,S1,FORMAL_G1_GLOBAL_FRAME,G1,relational frame / record line,S,B,3,paragraph_continuation,ARG/FILL ARG/FILL ARG/FILL FUNC-PARTICLE FUNC-PARTICLE ARG/FILL ARG/FILL ARG-LEX ARG/FILL,ARG/FILL / ARG/FILL / ARG/FILL / FUNC-PARTICLE / FUNC-PARTICLE / ARG/FILL / ARG/FILL / ARG-LEX / ARG/FILL,NO_VERIFIED_EXTERNAL_TRANSLATION
"f116r.14,+P0",f116r,5339,sain cheychear ain chll s oleedy,R06 R00 R06 R00 R06 R00,S1_MULTI_TRANSCRIPTION_STRICT_CORE,S1,FORMAL_G3C_NONFRAME_SHORTFORM_HP,G3C,compact label / index / list entry,S,B,3,paragraph_continuation,FUNC-PARTICLE LABEL-FIELD LABEL-FIELD LABEL-FIELD FUNC-PARTICLE LABEL-FIELD,FUNC-PARTICLE / LABEL-FIELD / LABEL-FIELD / LABEL-FIELD / FUNC-PARTICLE / LABEL-FIELD,NO_VERIFIED_EXTERNAL_TRANSLATION
"f116r.15,+P0",f116r,5340,pchoetal otedal otal oteedy olr daiin okeedy qoky dar al keedy shdy,R00 R09 R01 R01 R00 R10 R00 H01 R06 R06 R06 R06,S2_STRONG_BUT_PARTIAL_TRANSCRIPTION_CORE,S2,FORMAL_G1_GLOBAL_FRAME,G1,relational frame / record line,S,B,3,paragraph_continuation,ARG/FILL QUAL/TAIL QUAL/TAIL FUNC-PARTICLE ARG/FILL FUNC-PARTICLE FUNC-PARTICLE FUNC-PARTICLE FUNC-PARTICLE FUNC-PARTICLE ARG/FILL ARG/FILL,ARG/FILL / QUAL/TAIL / QUAL/TAIL / FUNC-PARTICLE / ARG/FILL / FUNC-PARTICLE / FUNC-PARTICLE / FUNC-PARTICLE / FUNC-PARTICLE / FUNC-PARTICLE / ARG/FILL / ARG/FILL,NO_VERIFIED_EXTERNAL_TRANSLATION
"f116r.19,+P0",f116r,5344,porchey sheedy qotain chetar qotar ar arody chcthy rain otey oty dain,R00 R06 H13 R00 H13 R06 R00 R04 R00 R01 R01 R06,S2_STRONG_BUT_PARTIAL_TRANSCRIPTION_CORE,S2,FORMAL_G1_GLOBAL_FRAME,G1,relational frame / record line,S,B,3,paragraph_continuation,ARG/FILL FUNC-PARTICLE FUNC-PARTICLE ARG/FILL OP/HEAD FUNC-PARTICLE ARG/FILL FUNC-PARTICLE ARG/FILL QUAL/TAIL QUAL/TAIL FUNC-PARTICLE,ARG/FILL / FUNC-PARTICLE / FUNC-PARTICLE / ARG/FILL / OP/HEAD / FUNC-PARTICLE / ARG/FILL / FUNC-PARTICLE / ARG/FILL / QUAL/TAIL / QUAL/TAIL / FUNC-PARTICLE,NO_VERIFIED_EXTERNAL_TRANSLATION
"f116r.29,+P0",f116r,5354,cthan cheey lkeeal lshey chll lkain chear aiin chl l keedy raraiin ory,R04 R06 R00 R00 R00 R00 R00 R06 R00 R06 R06 R00 R00,S1_MULTI_TRANSCRIPTION_STRICT_CORE,S1,FORMAL_G3C_NONFRAME_SHORTFORM_HP,G3C,compact label / index / list entry,S,B,3,paragraph_continuation,LABEL-FIELD FUNC-PARTICLE LABEL-FIELD ARG-LEX LABEL-FIELD ARG-LEX LABEL-FIELD FUNC-PARTICLE LABEL-FIELD FUNC-PARTICLE LABEL-FIELD LABEL-FIELD LABEL-FIELD,LABEL-FIELD / FUNC-PARTICLE / LABEL-FIELD / ARG-LEX / LABEL-FIELD / ARG-LEX / LABEL-FIELD / FUNC-PARTICLE / LABEL-FIELD / FUNC-PARTICLE / LABEL-FIELD / LABEL-FIELD / LABEL-FIELD,NO_VERIFIED_EXTERNAL_TRANSLATION
"f116r.47,+P0",f116r,5372,osain shky qorain chckhey qokey lkechy okeey okal chedkaly,R00 R06 H07 R00 H08 R00 R06 R07 R00,S2_STRONG_BUT_PARTIAL_TRANSCRIPTION_CORE,S2,FORMAL_G1_GLOBAL_FRAME,G1,relational frame / record line,S,B,3,paragraph_continuation,ARG/FILL ARG/FILL OP/HEAD ARG/FILL FUNC-PARTICLE ARG/FILL FUNC-PARTICLE FUNC-PARTICLE ARG/FILL,ARG/FILL / ARG/FILL / OP/HEAD / ARG/FILL / FUNC-PARTICLE / ARG/FILL / FUNC-PARTICLE / FUNC-PARTICLE / ARG/FILL,NO_VERIFIED_EXTERNAL_TRANSLATION
"f116v.1,@Lx",f116v,5376,oror sheey,R00 R06,S2_STRONG_BUT_PARTIAL_TRANSCRIPTION_CORE,S2,FORMAL_G3C_NONFRAME_SHORTFORM_HP,G3C,compact label / index / list entry,T,,3,label_or_marginal,LABEL-FIELD FUNC-PARTICLE,LABEL-FIELD / FUNC-PARTICLE,NO_VERIFIED_EXTERNAL_TRANSLATION
